<?xml version="1.0" encoding="UTF-8"?>
<!-- track-length = 172916 filtered ascend = 629 plain-ascend = -137 cost=172916 energy=2.1kwh time=3h 50m 33s -->
<gpx 
 xmlns="http://www.topografix.com/GPX/1/1" 
 xmlns:xsi="http://www.w3.org/2001/XMLSchema-instance" 
 xsi:schemaLocation="http://www.topografix.com/GPX/1/1 http://www.topografix.com/GPX/1/1/gpx.xsd" 
 version="1.1" 
 creator="BRouter-Web 0.18.1">
 <trk>
  <name>Beňovy - Zdice</name>
  <trkseg>
   <trkpt lat="49.401286" lon="13.273735"><ele>395.25</ele></trkpt>
   <trkpt lat="49.401698" lon="13.275893"><ele>395.75</ele></trkpt>
   <trkpt lat="49.401895" lon="13.276847"><ele>395.5</ele></trkpt>
   <trkpt lat="49.401964" lon="13.277077"><ele>395.75</ele></trkpt>
   <trkpt lat="49.402033" lon="13.277335"><ele>396</ele></trkpt>
   <trkpt lat="49.402125" lon="13.277653"><ele>395.75</ele></trkpt>
   <trkpt lat="49.402178" lon="13.278013"><ele>395.5</ele></trkpt>
   <trkpt lat="49.40226" lon="13.278573"><ele>395.25</ele></trkpt>
   <trkpt lat="49.402301" lon="13.278906"><ele>395.25</ele></trkpt>
   <trkpt lat="49.402318" lon="13.279144"><ele>395.25</ele></trkpt>
   <trkpt lat="49.402324" lon="13.279326"><ele>395</ele></trkpt>
   <trkpt lat="49.402324" lon="13.279521"><ele>394.75</ele></trkpt>
   <trkpt lat="49.402311" lon="13.279799"><ele>394.5</ele></trkpt>
   <trkpt lat="49.402291" lon="13.280053"><ele>394</ele></trkpt>
   <trkpt lat="49.402258" lon="13.28032"><ele>393.5</ele></trkpt>
   <trkpt lat="49.402205" lon="13.280604"><ele>393</ele></trkpt>
   <trkpt lat="49.402171" lon="13.280766"><ele>392.75</ele></trkpt>
   <trkpt lat="49.402042" lon="13.281218"><ele>393</ele></trkpt>
   <trkpt lat="49.401893" lon="13.281575"><ele>393.25</ele></trkpt>
   <trkpt lat="49.401803" lon="13.281759"><ele>393.5</ele></trkpt>
   <trkpt lat="49.401688" lon="13.281949"><ele>393.25</ele></trkpt>
   <trkpt lat="49.401553" lon="13.282162"><ele>392.5</ele></trkpt>
   <trkpt lat="49.401407" lon="13.28234"><ele>392</ele></trkpt>
   <trkpt lat="49.401251" lon="13.282509"><ele>391.5</ele></trkpt>
   <trkpt lat="49.401132" lon="13.282614"><ele>391.5</ele></trkpt>
   <trkpt lat="49.400967" lon="13.282738"><ele>391.5</ele></trkpt>
   <trkpt lat="49.400865" lon="13.282809"><ele>391.75</ele></trkpt>
   <trkpt lat="49.400736" lon="13.282875"><ele>392</ele></trkpt>
   <trkpt lat="49.400543" lon="13.282954"><ele>392.75</ele></trkpt>
   <trkpt lat="49.40017" lon="13.283048"><ele>393.75</ele></trkpt>
   <trkpt lat="49.398825" lon="13.283305"><ele>396.75</ele></trkpt>
   <trkpt lat="49.39676" lon="13.283714"><ele>402.25</ele></trkpt>
   <trkpt lat="49.39672" lon="13.283721"><ele>402.25</ele></trkpt>
   <trkpt lat="49.396682" lon="13.283729"><ele>402.25</ele></trkpt>
   <trkpt lat="49.39471" lon="13.284118"><ele>401.25</ele></trkpt>
   <trkpt lat="49.394457" lon="13.284173"><ele>401.5</ele></trkpt>
   <trkpt lat="49.394333" lon="13.284198"><ele>401.5</ele></trkpt>
   <trkpt lat="49.394271" lon="13.28421"><ele>401.5</ele></trkpt>
   <trkpt lat="49.393684" lon="13.284326"><ele>402.5</ele></trkpt>
   <trkpt lat="49.39343" lon="13.284389"><ele>403</ele></trkpt>
   <trkpt lat="49.393167" lon="13.284474"><ele>403.75</ele></trkpt>
   <trkpt lat="49.392927" lon="13.284571"><ele>404.25</ele></trkpt>
   <trkpt lat="49.392651" lon="13.284706"><ele>404.5</ele></trkpt>
   <trkpt lat="49.39244" lon="13.284827"><ele>404.75</ele></trkpt>
   <trkpt lat="49.392238" lon="13.284956"><ele>405.25</ele></trkpt>
   <trkpt lat="49.391838" lon="13.285257"><ele>406.25</ele></trkpt>
   <trkpt lat="49.391566" lon="13.285504"><ele>406.25</ele></trkpt>
   <trkpt lat="49.391353" lon="13.285715"><ele>405.75</ele></trkpt>
   <trkpt lat="49.391187" lon="13.285898"><ele>405.25</ele></trkpt>
   <trkpt lat="49.390982" lon="13.286146"><ele>405</ele></trkpt>
   <trkpt lat="49.3908" lon="13.286393"><ele>404.5</ele></trkpt>
   <trkpt lat="49.390593" lon="13.28669"><ele>403.5</ele></trkpt>
   <trkpt lat="49.389821" lon="13.287895"><ele>402.5</ele></trkpt>
   <trkpt lat="49.389787" lon="13.287948"><ele>402.5</ele></trkpt>
   <trkpt lat="49.388959" lon="13.289234"><ele>404</ele></trkpt>
   <trkpt lat="49.388908" lon="13.289314"><ele>404</ele></trkpt>
   <trkpt lat="49.388879" lon="13.289359"><ele>404</ele></trkpt>
   <trkpt lat="49.388733" lon="13.289588"><ele>404.25</ele></trkpt>
   <trkpt lat="49.387505" lon="13.291511"><ele>405.75</ele></trkpt>
   <trkpt lat="49.387326" lon="13.291834"><ele>404.5</ele></trkpt>
   <trkpt lat="49.387138" lon="13.29226"><ele>403.5</ele></trkpt>
   <trkpt lat="49.386678" lon="13.293447"><ele>402.75</ele></trkpt>
   <trkpt lat="49.38644" lon="13.294084"><ele>402</ele></trkpt>
   <trkpt lat="49.385418" lon="13.296743"><ele>400.25</ele></trkpt>
   <trkpt lat="49.385351" lon="13.296915"><ele>400.25</ele></trkpt>
   <trkpt lat="49.385326" lon="13.29698"><ele>400.25</ele></trkpt>
   <trkpt lat="49.38531" lon="13.297022"><ele>400.25</ele></trkpt>
   <trkpt lat="49.384918" lon="13.298033"><ele>401.25</ele></trkpt>
   <trkpt lat="49.384726" lon="13.298474"><ele>401.5</ele></trkpt>
   <trkpt lat="49.384541" lon="13.298814"><ele>401.25</ele></trkpt>
   <trkpt lat="49.384403" lon="13.299046"><ele>401.25</ele></trkpt>
   <trkpt lat="49.384213" lon="13.299309"><ele>401</ele></trkpt>
   <trkpt lat="49.384072" lon="13.299488"><ele>401</ele></trkpt>
   <trkpt lat="49.383938" lon="13.299643"><ele>401</ele></trkpt>
   <trkpt lat="49.383759" lon="13.299833"><ele>401</ele></trkpt>
   <trkpt lat="49.381584" lon="13.301872"><ele>404.25</ele></trkpt>
   <trkpt lat="49.380975" lon="13.302433"><ele>405.5</ele></trkpt>
   <trkpt lat="49.380832" lon="13.302567"><ele>405.75</ele></trkpt>
   <trkpt lat="49.379652" lon="13.303662"><ele>402</ele></trkpt>
   <trkpt lat="49.379458" lon="13.303829"><ele>402</ele></trkpt>
   <trkpt lat="49.379286" lon="13.303965"><ele>402.25</ele></trkpt>
   <trkpt lat="49.378965" lon="13.304183"><ele>403</ele></trkpt>
   <trkpt lat="49.378756" lon="13.304308"><ele>403.5</ele></trkpt>
   <trkpt lat="49.378552" lon="13.304415"><ele>404.25</ele></trkpt>
   <trkpt lat="49.378357" lon="13.3045"><ele>404.75</ele></trkpt>
   <trkpt lat="49.378187" lon="13.304567"><ele>405</ele></trkpt>
   <trkpt lat="49.377989" lon="13.30463"><ele>405</ele></trkpt>
   <trkpt lat="49.377761" lon="13.304688"><ele>404.75</ele></trkpt>
   <trkpt lat="49.377308" lon="13.304767"><ele>404.5</ele></trkpt>
   <trkpt lat="49.37711" lon="13.30478"><ele>404.5</ele></trkpt>
   <trkpt lat="49.376864" lon="13.304783"><ele>404.5</ele></trkpt>
   <trkpt lat="49.375824" lon="13.304725"><ele>406</ele></trkpt>
   <trkpt lat="49.375744" lon="13.30472"><ele>406</ele></trkpt>
   <trkpt lat="49.374564" lon="13.304649"><ele>407.5</ele></trkpt>
   <trkpt lat="49.374322" lon="13.30465"><ele>408.25</ele></trkpt>
   <trkpt lat="49.374118" lon="13.304666"><ele>408.75</ele></trkpt>
   <trkpt lat="49.373989" lon="13.304693"><ele>408.75</ele></trkpt>
   <trkpt lat="49.373668" lon="13.304795"><ele>408.75</ele></trkpt>
   <trkpt lat="49.3735" lon="13.304876"><ele>408.75</ele></trkpt>
   <trkpt lat="49.373346" lon="13.304967"><ele>408.75</ele></trkpt>
   <trkpt lat="49.373201" lon="13.305071"><ele>409</ele></trkpt>
   <trkpt lat="49.373074" lon="13.305174"><ele>409.5</ele></trkpt>
   <trkpt lat="49.372939" lon="13.305298"><ele>409.75</ele></trkpt>
   <trkpt lat="49.372807" lon="13.305439"><ele>410</ele></trkpt>
   <trkpt lat="49.372685" lon="13.305586"><ele>410</ele></trkpt>
   <trkpt lat="49.372483" lon="13.305874"><ele>409.75</ele></trkpt>
   <trkpt lat="49.372386" lon="13.306026"><ele>409.5</ele></trkpt>
   <trkpt lat="49.372298" lon="13.306188"><ele>409.25</ele></trkpt>
   <trkpt lat="49.372244" lon="13.306291"><ele>409.25</ele></trkpt>
   <trkpt lat="49.371457" lon="13.307916"><ele>407.5</ele></trkpt>
   <trkpt lat="49.371316" lon="13.308194"><ele>407.75</ele></trkpt>
   <trkpt lat="49.371166" lon="13.308459"><ele>408</ele></trkpt>
   <trkpt lat="49.371036" lon="13.308661"><ele>407.75</ele></trkpt>
   <trkpt lat="49.370896" lon="13.308848"><ele>407.25</ele></trkpt>
   <trkpt lat="49.370773" lon="13.308996"><ele>407</ele></trkpt>
   <trkpt lat="49.370611" lon="13.309164"><ele>407</ele></trkpt>
   <trkpt lat="49.370471" lon="13.309284"><ele>407</ele></trkpt>
   <trkpt lat="49.370308" lon="13.309407"><ele>407.25</ele></trkpt>
   <trkpt lat="49.370117" lon="13.309527"><ele>407.25</ele></trkpt>
   <trkpt lat="49.369948" lon="13.309612"><ele>407.5</ele></trkpt>
   <trkpt lat="49.369832" lon="13.309658"><ele>407.25</ele></trkpt>
   <trkpt lat="49.3697" lon="13.309701"><ele>407.25</ele></trkpt>
   <trkpt lat="49.369532" lon="13.309745"><ele>407.25</ele></trkpt>
   <trkpt lat="49.369397" lon="13.309762"><ele>407</ele></trkpt>
   <trkpt lat="49.36922" lon="13.309772"><ele>407</ele></trkpt>
   <trkpt lat="49.369044" lon="13.309768"><ele>407</ele></trkpt>
   <trkpt lat="49.368856" lon="13.309738"><ele>407.25</ele></trkpt>
   <trkpt lat="49.368678" lon="13.309696"><ele>407.25</ele></trkpt>
   <trkpt lat="49.368518" lon="13.309638"><ele>407.25</ele></trkpt>
   <trkpt lat="49.368369" lon="13.309573"><ele>407.25</ele></trkpt>
   <trkpt lat="49.368201" lon="13.309479"><ele>407.75</ele></trkpt>
   <trkpt lat="49.368031" lon="13.309362"><ele>408</ele></trkpt>
   <trkpt lat="49.367883" lon="13.309243"><ele>408.25</ele></trkpt>
   <trkpt lat="49.367736" lon="13.309115"><ele>408.25</ele></trkpt>
   <trkpt lat="49.367201" lon="13.308571"><ele>410.75</ele></trkpt>
   <trkpt lat="49.366734" lon="13.308073"><ele>412.25</ele></trkpt>
   <trkpt lat="49.364797" lon="13.306044"><ele>418.5</ele></trkpt>
   <trkpt lat="49.362984" lon="13.304151"><ele>416.25</ele></trkpt>
   <trkpt lat="49.362786" lon="13.303955"><ele>416.25</ele></trkpt>
   <trkpt lat="49.362599" lon="13.303791"><ele>415.75</ele></trkpt>
   <trkpt lat="49.362394" lon="13.303627"><ele>414.75</ele></trkpt>
   <trkpt lat="49.360967" lon="13.302584"><ele>418.25</ele></trkpt>
   <trkpt lat="49.358386" lon="13.300709"><ele>417.25</ele></trkpt>
   <trkpt lat="49.3582" lon="13.300586"><ele>417.75</ele></trkpt>
   <trkpt lat="49.358029" lon="13.300493"><ele>418.5</ele></trkpt>
   <trkpt lat="49.357841" lon="13.300415"><ele>419</ele></trkpt>
   <trkpt lat="49.357637" lon="13.300353"><ele>419.5</ele></trkpt>
   <trkpt lat="49.357434" lon="13.300317"><ele>420</ele></trkpt>
   <trkpt lat="49.357241" lon="13.3003"><ele>420.5</ele></trkpt>
   <trkpt lat="49.357063" lon="13.300311"><ele>421</ele></trkpt>
   <trkpt lat="49.356849" lon="13.300346"><ele>422</ele></trkpt>
   <trkpt lat="49.356321" lon="13.300512"><ele>422.75</ele></trkpt>
   <trkpt lat="49.355799" lon="13.3007"><ele>421</ele></trkpt>
   <trkpt lat="49.355583" lon="13.300764"><ele>420.5</ele></trkpt>
   <trkpt lat="49.355345" lon="13.300812"><ele>420</ele></trkpt>
   <trkpt lat="49.355154" lon="13.300833"><ele>419.5</ele></trkpt>
   <trkpt lat="49.354981" lon="13.300847"><ele>419</ele></trkpt>
   <trkpt lat="49.3548" lon="13.300836"><ele>419</ele></trkpt>
   <trkpt lat="49.354582" lon="13.30081"><ele>418.75</ele></trkpt>
   <trkpt lat="49.354401" lon="13.300774"><ele>418.75</ele></trkpt>
   <trkpt lat="49.354233" lon="13.300721"><ele>418.5</ele></trkpt>
   <trkpt lat="49.354063" lon="13.300657"><ele>419</ele></trkpt>
   <trkpt lat="49.353841" lon="13.30056"><ele>420.25</ele></trkpt>
   <trkpt lat="49.353088" lon="13.300171"><ele>422.25</ele></trkpt>
   <trkpt lat="49.352871" lon="13.300084"><ele>422.25</ele></trkpt>
   <trkpt lat="49.352662" lon="13.300013"><ele>422.5</ele></trkpt>
   <trkpt lat="49.352329" lon="13.299932"><ele>422.5</ele></trkpt>
   <trkpt lat="49.351948" lon="13.299889"><ele>422.25</ele></trkpt>
   <trkpt lat="49.349399" lon="13.299806"><ele>424.5</ele></trkpt>
   <trkpt lat="49.348766" lon="13.299786"><ele>423.25</ele></trkpt>
   <trkpt lat="49.348654" lon="13.299781"><ele>423</ele></trkpt>
   <trkpt lat="49.347603" lon="13.299751"><ele>422.25</ele></trkpt>
   <trkpt lat="49.347393" lon="13.299752"><ele>422.5</ele></trkpt>
   <trkpt lat="49.347182" lon="13.299772"><ele>423.25</ele></trkpt>
   <trkpt lat="49.347" lon="13.299801"><ele>424</ele></trkpt>
   <trkpt lat="49.346785" lon="13.299874"><ele>425</ele></trkpt>
   <trkpt lat="49.346598" lon="13.29996"><ele>425.5</ele></trkpt>
   <trkpt lat="49.346408" lon="13.300067"><ele>426.25</ele></trkpt>
   <trkpt lat="49.346247" lon="13.300179"><ele>427</ele></trkpt>
   <trkpt lat="49.346086" lon="13.30031"><ele>428</ele></trkpt>
   <trkpt lat="49.345935" lon="13.300449"><ele>428.75</ele></trkpt>
   <trkpt lat="49.345668" lon="13.300767"><ele>430.25</ele></trkpt>
   <trkpt lat="49.345546" lon="13.300935"><ele>431.5</ele></trkpt>
   <trkpt lat="49.34545" lon="13.301081"><ele>432.5</ele></trkpt>
   <trkpt lat="49.344815" lon="13.302289"><ele>430.75</ele></trkpt>
   <trkpt lat="49.344477" lon="13.30295"><ele>428.5</ele></trkpt>
   <trkpt lat="49.344183" lon="13.30349"><ele>426.25</ele></trkpt>
   <trkpt lat="49.343928" lon="13.303877"><ele>426.5</ele></trkpt>
   <trkpt lat="49.343765" lon="13.304078"><ele>426.75</ele></trkpt>
   <trkpt lat="49.343614" lon="13.304232"><ele>427</ele></trkpt>
   <trkpt lat="49.343441" lon="13.304387"><ele>427</ele></trkpt>
   <trkpt lat="49.343288" lon="13.304507"><ele>427.25</ele></trkpt>
   <trkpt lat="49.3431" lon="13.304626"><ele>428</ele></trkpt>
   <trkpt lat="49.342953" lon="13.304703"><ele>428.5</ele></trkpt>
   <trkpt lat="49.342797" lon="13.304766"><ele>429</ele></trkpt>
   <trkpt lat="49.342648" lon="13.304813"><ele>429.5</ele></trkpt>
   <trkpt lat="49.342466" lon="13.304854"><ele>430.25</ele></trkpt>
   <trkpt lat="49.342295" lon="13.304875"><ele>430.75</ele></trkpt>
   <trkpt lat="49.342106" lon="13.304878"><ele>431</ele></trkpt>
   <trkpt lat="49.341944" lon="13.304866"><ele>431.25</ele></trkpt>
   <trkpt lat="49.341779" lon="13.304836"><ele>431.25</ele></trkpt>
   <trkpt lat="49.341612" lon="13.304792"><ele>431.25</ele></trkpt>
   <trkpt lat="49.341431" lon="13.304724"><ele>430.75</ele></trkpt>
   <trkpt lat="49.341271" lon="13.304642"><ele>430.25</ele></trkpt>
   <trkpt lat="49.340976" lon="13.304451"><ele>429.5</ele></trkpt>
   <trkpt lat="49.340838" lon="13.304338"><ele>429.5</ele></trkpt>
   <trkpt lat="49.340673" lon="13.304181"><ele>429</ele></trkpt>
   <trkpt lat="49.340498" lon="13.303988"><ele>428.5</ele></trkpt>
   <trkpt lat="49.340327" lon="13.303752"><ele>427.75</ele></trkpt>
   <trkpt lat="49.340167" lon="13.303511"><ele>427.25</ele></trkpt>
   <trkpt lat="49.34009" lon="13.303379"><ele>426.75</ele></trkpt>
   <trkpt lat="49.339639" lon="13.302579"><ele>426.5</ele></trkpt>
   <trkpt lat="49.339536" lon="13.302398"><ele>426.75</ele></trkpt>
   <trkpt lat="49.339359" lon="13.302136"><ele>428</ele></trkpt>
   <trkpt lat="49.339194" lon="13.301933"><ele>429</ele></trkpt>
   <trkpt lat="49.338939" lon="13.301666"><ele>430.5</ele></trkpt>
   <trkpt lat="49.338793" lon="13.301543"><ele>432</ele></trkpt>
   <trkpt lat="49.338647" lon="13.301436"><ele>433.5</ele></trkpt>
   <trkpt lat="49.338323" lon="13.301257"><ele>435.75</ele></trkpt>
   <trkpt lat="49.338126" lon="13.30118"><ele>436.75</ele></trkpt>
   <trkpt lat="49.337925" lon="13.301131"><ele>437.25</ele></trkpt>
   <trkpt lat="49.337686" lon="13.301092"><ele>437.75</ele></trkpt>
   <trkpt lat="49.33677" lon="13.301012"><ele>438</ele></trkpt>
   <trkpt lat="49.336521" lon="13.300978"><ele>437.75</ele></trkpt>
   <trkpt lat="49.336307" lon="13.300934"><ele>437.5</ele></trkpt>
   <trkpt lat="49.336072" lon="13.300873"><ele>437.25</ele></trkpt>
   <trkpt lat="49.335845" lon="13.300798"><ele>437</ele></trkpt>
   <trkpt lat="49.33562" lon="13.300703"><ele>437.25</ele></trkpt>
   <trkpt lat="49.335215" lon="13.300499"><ele>437.75</ele></trkpt>
   <trkpt lat="49.335063" lon="13.300407"><ele>438</ele></trkpt>
   <trkpt lat="49.334676" lon="13.30014"><ele>439</ele></trkpt>
   <trkpt lat="49.333679" lon="13.299393"><ele>440.25</ele></trkpt>
   <trkpt lat="49.333477" lon="13.299253"><ele>440.25</ele></trkpt>
   <trkpt lat="49.333291" lon="13.29914"><ele>440</ele></trkpt>
   <trkpt lat="49.332919" lon="13.298968"><ele>440.75</ele></trkpt>
   <trkpt lat="49.332735" lon="13.298906"><ele>441</ele></trkpt>
   <trkpt lat="49.332495" lon="13.298845"><ele>441</ele></trkpt>
   <trkpt lat="49.332299" lon="13.298811"><ele>442</ele></trkpt>
   <trkpt lat="49.332165" lon="13.298802"><ele>442.75</ele></trkpt>
   <trkpt lat="49.331968" lon="13.298804"><ele>443.75</ele></trkpt>
   <trkpt lat="49.331757" lon="13.298827"><ele>444.75</ele></trkpt>
   <trkpt lat="49.331555" lon="13.298864"><ele>445</ele></trkpt>
   <trkpt lat="49.331352" lon="13.298919"><ele>444.75</ele></trkpt>
   <trkpt lat="49.331137" lon="13.298994"><ele>444.25</ele></trkpt>
   <trkpt lat="49.330946" lon="13.299077"><ele>444</ele></trkpt>
   <trkpt lat="49.329573" lon="13.299775"><ele>447.25</ele></trkpt>
   <trkpt lat="49.329334" lon="13.299873"><ele>448.25</ele></trkpt>
   <trkpt lat="49.329122" lon="13.299941"><ele>449</ele></trkpt>
   <trkpt lat="49.328923" lon="13.299981"><ele>449</ele></trkpt>
   <trkpt lat="49.328736" lon="13.299997"><ele>449</ele></trkpt>
   <trkpt lat="49.328535" lon="13.299993"><ele>449</ele></trkpt>
   <trkpt lat="49.328361" lon="13.299973"><ele>449</ele></trkpt>
   <trkpt lat="49.32816" lon="13.299924"><ele>448.75</ele></trkpt>
   <trkpt lat="49.327763" lon="13.299764"><ele>448.25</ele></trkpt>
   <trkpt lat="49.327272" lon="13.299533"><ele>448</ele></trkpt>
   <trkpt lat="49.327148" lon="13.299488"><ele>448.25</ele></trkpt>
   <trkpt lat="49.326876" lon="13.29942"><ele>448.75</ele></trkpt>
   <trkpt lat="49.326675" lon="13.299399"><ele>448.75</ele></trkpt>
   <trkpt lat="49.326476" lon="13.299396"><ele>450.25</ele></trkpt>
   <trkpt lat="49.326287" lon="13.299418"><ele>451.75</ele></trkpt>
   <trkpt lat="49.326088" lon="13.299459"><ele>453</ele></trkpt>
   <trkpt lat="49.325118" lon="13.299777"><ele>455.75</ele></trkpt>
   <trkpt lat="49.324912" lon="13.299832"><ele>455.25</ele></trkpt>
   <trkpt lat="49.32473" lon="13.299858"><ele>454.25</ele></trkpt>
   <trkpt lat="49.324548" lon="13.299866"><ele>453.5</ele></trkpt>
   <trkpt lat="49.324353" lon="13.299854"><ele>453</ele></trkpt>
   <trkpt lat="49.324172" lon="13.299823"><ele>453</ele></trkpt>
   <trkpt lat="49.32399" lon="13.299772"><ele>454</ele></trkpt>
   <trkpt lat="49.323835" lon="13.299711"><ele>455</ele></trkpt>
   <trkpt lat="49.323687" lon="13.299642"><ele>456</ele></trkpt>
   <trkpt lat="49.323526" lon="13.299548"><ele>457</ele></trkpt>
   <trkpt lat="49.323392" lon="13.299456"><ele>458</ele></trkpt>
   <trkpt lat="49.323171" lon="13.299278"><ele>458.25</ele></trkpt>
   <trkpt lat="49.322829" lon="13.29898"><ele>457.25</ele></trkpt>
   <trkpt lat="49.322658" lon="13.298839"><ele>456</ele></trkpt>
   <trkpt lat="49.322514" lon="13.298732"><ele>454.75</ele></trkpt>
   <trkpt lat="49.322348" lon="13.298636"><ele>454.25</ele></trkpt>
   <trkpt lat="49.322205" lon="13.298565"><ele>454.25</ele></trkpt>
   <trkpt lat="49.322059" lon="13.298506"><ele>454</ele></trkpt>
   <trkpt lat="49.321916" lon="13.298462"><ele>453.75</ele></trkpt>
   <trkpt lat="49.321824" lon="13.298445"><ele>453.75</ele></trkpt>
   <trkpt lat="49.321644" lon="13.298407"><ele>453.5</ele></trkpt>
   <trkpt lat="49.321459" lon="13.298394"><ele>454.5</ele></trkpt>
   <trkpt lat="49.321052" lon="13.298412"><ele>456.5</ele></trkpt>
   <trkpt lat="49.320749" lon="13.298407"><ele>458</ele></trkpt>
   <trkpt lat="49.320576" lon="13.298389"><ele>459.5</ele></trkpt>
   <trkpt lat="49.320216" lon="13.298298"><ele>462.5</ele></trkpt>
   <trkpt lat="49.320029" lon="13.298218"><ele>464.25</ele></trkpt>
   <trkpt lat="49.319866" lon="13.298131"><ele>463.75</ele></trkpt>
   <trkpt lat="49.319248" lon="13.297751"><ele>460.5</ele></trkpt>
   <trkpt lat="49.319087" lon="13.297665"><ele>460</ele></trkpt>
   <trkpt lat="49.318912" lon="13.297586"><ele>460</ele></trkpt>
   <trkpt lat="49.318733" lon="13.297535"><ele>459.75</ele></trkpt>
   <trkpt lat="49.318641" lon="13.297515"><ele>459.5</ele></trkpt>
   <trkpt lat="49.318476" lon="13.297488"><ele>459.25</ele></trkpt>
   <trkpt lat="49.318115" lon="13.297484"><ele>459.5</ele></trkpt>
   <trkpt lat="49.317469" lon="13.297567"><ele>460.75</ele></trkpt>
   <trkpt lat="49.317152" lon="13.297581"><ele>462.25</ele></trkpt>
   <trkpt lat="49.317003" lon="13.297569"><ele>463.25</ele></trkpt>
   <trkpt lat="49.316876" lon="13.297549"><ele>464.25</ele></trkpt>
   <trkpt lat="49.316709" lon="13.297508"><ele>465.5</ele></trkpt>
   <trkpt lat="49.316542" lon="13.29745"><ele>466</ele></trkpt>
   <trkpt lat="49.316256" lon="13.297315"><ele>466.75</ele></trkpt>
   <trkpt lat="49.316073" lon="13.297198"><ele>467.5</ele></trkpt>
   <trkpt lat="49.315905" lon="13.297071"><ele>468.5</ele></trkpt>
   <trkpt lat="49.315783" lon="13.296954"><ele>469</ele></trkpt>
   <trkpt lat="49.315649" lon="13.296823"><ele>468.75</ele></trkpt>
   <trkpt lat="49.315537" lon="13.296691"><ele>468.5</ele></trkpt>
   <trkpt lat="49.315291" lon="13.296347"><ele>468.25</ele></trkpt>
   <trkpt lat="49.314999" lon="13.295836"><ele>467.75</ele></trkpt>
   <trkpt lat="49.314479" lon="13.294861"><ele>471.5</ele></trkpt>
   <trkpt lat="49.314311" lon="13.294595"><ele>471.5</ele></trkpt>
   <trkpt lat="49.314153" lon="13.294379"><ele>470.5</ele></trkpt>
   <trkpt lat="49.313975" lon="13.294178"><ele>470.5</ele></trkpt>
   <trkpt lat="49.313787" lon="13.293996"><ele>470</ele></trkpt>
   <trkpt lat="49.313591" lon="13.293844"><ele>469.25</ele></trkpt>
   <trkpt lat="49.313385" lon="13.293711"><ele>468</ele></trkpt>
   <trkpt lat="49.313204" lon="13.293617"><ele>468.25</ele></trkpt>
   <trkpt lat="49.312997" lon="13.293544"><ele>469</ele></trkpt>
   <trkpt lat="49.312754" lon="13.29348"><ele>469.75</ele></trkpt>
   <trkpt lat="49.312628" lon="13.293464"><ele>470.25</ele></trkpt>
   <trkpt lat="49.312359" lon="13.293458"><ele>471.25</ele></trkpt>
   <trkpt lat="49.31215" lon="13.29348"><ele>472.5</ele></trkpt>
   <trkpt lat="49.311891" lon="13.293541"><ele>474</ele></trkpt>
   <trkpt lat="49.311726" lon="13.2936"><ele>475.25</ele></trkpt>
   <trkpt lat="49.31136" lon="13.293799"><ele>477.75</ele></trkpt>
   <trkpt lat="49.311171" lon="13.293933"><ele>478.75</ele></trkpt>
   <trkpt lat="49.311037" lon="13.294048"><ele>478.75</ele></trkpt>
   <trkpt lat="49.310718" lon="13.294404"><ele>478</ele></trkpt>
   <trkpt lat="49.310575" lon="13.294607"><ele>477</ele></trkpt>
   <trkpt lat="49.310439" lon="13.294837"><ele>475.75</ele></trkpt>
   <trkpt lat="49.310308" lon="13.295076"><ele>474.25</ele></trkpt>
   <trkpt lat="49.30958" lon="13.296619"><ele>474</ele></trkpt>
   <trkpt lat="49.309522" lon="13.296743"><ele>474.5</ele></trkpt>
   <trkpt lat="49.309268" lon="13.297283"><ele>476.75</ele></trkpt>
   <trkpt lat="49.308764" lon="13.298348"><ele>481.25</ele></trkpt>
   <trkpt lat="49.308584" lon="13.298677"><ele>483</ele></trkpt>
   <trkpt lat="49.308413" lon="13.298959"><ele>484</ele></trkpt>
   <trkpt lat="49.308206" lon="13.299272"><ele>483.75</ele></trkpt>
   <trkpt lat="49.307983" lon="13.299566"><ele>483</ele></trkpt>
   <trkpt lat="49.307387" lon="13.300278"><ele>482.75</ele></trkpt>
   <trkpt lat="49.307183" lon="13.30051"><ele>483.25</ele></trkpt>
   <trkpt lat="49.306974" lon="13.300755"><ele>483.75</ele></trkpt>
   <trkpt lat="49.304784" lon="13.303318"><ele>487.25</ele></trkpt>
   <trkpt lat="49.304214" lon="13.303987"><ele>486</ele></trkpt>
   <trkpt lat="49.303869" lon="13.304365"><ele>484.5</ele></trkpt>
   <trkpt lat="49.303663" lon="13.304574"><ele>484</ele></trkpt>
   <trkpt lat="49.303288" lon="13.304969"><ele>483.25</ele></trkpt>
   <trkpt lat="49.303177" lon="13.305071"><ele>482.75</ele></trkpt>
   <trkpt lat="49.302947" lon="13.305251"><ele>482.25</ele></trkpt>
   <trkpt lat="49.302815" lon="13.305332"><ele>482</ele></trkpt>
   <trkpt lat="49.302697" lon="13.305399"><ele>481.75</ele></trkpt>
   <trkpt lat="49.302423" lon="13.305506"><ele>481.75</ele></trkpt>
   <trkpt lat="49.302198" lon="13.305563"><ele>482.5</ele></trkpt>
   <trkpt lat="49.302012" lon="13.305594"><ele>483</ele></trkpt>
   <trkpt lat="49.299909" lon="13.305825"><ele>488.25</ele></trkpt>
   <trkpt lat="49.299063" lon="13.305914"><ele>489.25</ele></trkpt>
   <trkpt lat="49.298698" lon="13.305963"><ele>489.5</ele></trkpt>
   <trkpt lat="49.298438" lon="13.306028"><ele>489.5</ele></trkpt>
   <trkpt lat="49.298202" lon="13.306126"><ele>489.5</ele></trkpt>
   <trkpt lat="49.297977" lon="13.30625"><ele>489.25</ele></trkpt>
   <trkpt lat="49.297812" lon="13.30637"><ele>489</ele></trkpt>
   <trkpt lat="49.297634" lon="13.306515"><ele>488.5</ele></trkpt>
   <trkpt lat="49.297511" lon="13.30664"><ele>488</ele></trkpt>
   <trkpt lat="49.297439" lon="13.306713"><ele>488</ele></trkpt>
   <trkpt lat="49.297233" lon="13.306953"><ele>489</ele></trkpt>
   <trkpt lat="49.296452" lon="13.307922"><ele>495.25</ele></trkpt>
   <trkpt lat="49.296078" lon="13.308297"><ele>497.75</ele></trkpt>
   <trkpt lat="49.295899" lon="13.308453"><ele>498.5</ele></trkpt>
   <trkpt lat="49.295739" lon="13.308551"><ele>499</ele></trkpt>
   <trkpt lat="49.295574" lon="13.308634"><ele>499.25</ele></trkpt>
   <trkpt lat="49.295366" lon="13.308709"><ele>499.5</ele></trkpt>
   <trkpt lat="49.295081" lon="13.308782"><ele>500.25</ele></trkpt>
   <trkpt lat="49.29449" lon="13.308887"><ele>499.75</ele></trkpt>
   <trkpt lat="49.294273" lon="13.308951"><ele>499</ele></trkpt>
   <trkpt lat="49.294034" lon="13.309053"><ele>497.75</ele></trkpt>
   <trkpt lat="49.29387" lon="13.309149"><ele>496.75</ele></trkpt>
   <trkpt lat="49.29371" lon="13.309267"><ele>495.75</ele></trkpt>
   <trkpt lat="49.293559" lon="13.309395"><ele>494.75</ele></trkpt>
   <trkpt lat="49.293407" lon="13.309556"><ele>494</ele></trkpt>
   <trkpt lat="49.293274" lon="13.309722"><ele>493.5</ele></trkpt>
   <trkpt lat="49.293154" lon="13.309897"><ele>493.25</ele></trkpt>
   <trkpt lat="49.29304" lon="13.310085"><ele>493.25</ele></trkpt>
   <trkpt lat="49.292932" lon="13.310295"><ele>493.75</ele></trkpt>
   <trkpt lat="49.292844" lon="13.310498"><ele>494.25</ele></trkpt>
   <trkpt lat="49.292755" lon="13.310735"><ele>495</ele></trkpt>
   <trkpt lat="49.29267" lon="13.311012"><ele>496</ele></trkpt>
   <trkpt lat="49.292603" lon="13.311312"><ele>497.25</ele></trkpt>
   <trkpt lat="49.292556" lon="13.311599"><ele>498.25</ele></trkpt>
   <trkpt lat="49.292526" lon="13.311865"><ele>499.25</ele></trkpt>
   <trkpt lat="49.292511" lon="13.312124"><ele>500.5</ele></trkpt>
   <trkpt lat="49.292511" lon="13.312431"><ele>501.5</ele></trkpt>
   <trkpt lat="49.292529" lon="13.312718"><ele>502.75</ele></trkpt>
   <trkpt lat="49.292558" lon="13.312995"><ele>503.75</ele></trkpt>
   <trkpt lat="49.292599" lon="13.313239"><ele>504.25</ele></trkpt>
   <trkpt lat="49.292662" lon="13.313537"><ele>505.5</ele></trkpt>
   <trkpt lat="49.29273" lon="13.31377"><ele>506.25</ele></trkpt>
   <trkpt lat="49.292811" lon="13.314006"><ele>506.75</ele></trkpt>
   <trkpt lat="49.292974" lon="13.31442"><ele>506.5</ele></trkpt>
   <trkpt lat="49.293092" lon="13.314697"><ele>506</ele></trkpt>
   <trkpt lat="49.293547" lon="13.315784"><ele>504.5</ele></trkpt>
   <trkpt lat="49.293652" lon="13.316069"><ele>504.75</ele></trkpt>
   <trkpt lat="49.293738" lon="13.316359"><ele>505</ele></trkpt>
   <trkpt lat="49.293804" lon="13.316628"><ele>505</ele></trkpt>
   <trkpt lat="49.293875" lon="13.317015"><ele>504.75</ele></trkpt>
   <trkpt lat="49.293918" lon="13.317355"><ele>504.5</ele></trkpt>
   <trkpt lat="49.293937" lon="13.317658"><ele>504.5</ele></trkpt>
   <trkpt lat="49.293947" lon="13.317942"><ele>504.5</ele></trkpt>
   <trkpt lat="49.293935" lon="13.319462"><ele>506.25</ele></trkpt>
   <trkpt lat="49.293918" lon="13.320173"><ele>506.75</ele></trkpt>
   <trkpt lat="49.293896" lon="13.3205"><ele>507.5</ele></trkpt>
   <trkpt lat="49.29386" lon="13.320841"><ele>508.5</ele></trkpt>
   <trkpt lat="49.293812" lon="13.321185"><ele>510.25</ele></trkpt>
   <trkpt lat="49.293758" lon="13.321511"><ele>512.75</ele></trkpt>
   <trkpt lat="49.293692" lon="13.321847"><ele>514.75</ele></trkpt>
   <trkpt lat="49.293573" lon="13.322311"><ele>517.5</ele></trkpt>
   <trkpt lat="49.2934" lon="13.322862"><ele>517.75</ele></trkpt>
   <trkpt lat="49.293224" lon="13.323279"><ele>517.75</ele></trkpt>
   <trkpt lat="49.293033" lon="13.323657"><ele>520.5</ele></trkpt>
   <trkpt lat="49.292814" lon="13.324063"><ele>523</ele></trkpt>
   <trkpt lat="49.292595" lon="13.324418"><ele>523.75</ele></trkpt>
   <trkpt lat="49.292328" lon="13.324788"><ele>523.75</ele></trkpt>
   <trkpt lat="49.29188" lon="13.325307"><ele>526</ele></trkpt>
   <trkpt lat="49.291328" lon="13.325875"><ele>522.5</ele></trkpt>
   <trkpt lat="49.290909" lon="13.326261"><ele>522</ele></trkpt>
   <trkpt lat="49.289577" lon="13.327425"><ele>517.75</ele></trkpt>
   <trkpt lat="49.288664" lon="13.32822"><ele>518</ele></trkpt>
   <trkpt lat="49.28863" lon="13.328251"><ele>518</ele></trkpt>
   <trkpt lat="49.288204" lon="13.328635"><ele>518.5</ele></trkpt>
   <trkpt lat="49.287791" lon="13.328984"><ele>519.5</ele></trkpt>
   <trkpt lat="49.286326" lon="13.330268"><ele>523.5</ele></trkpt>
   <trkpt lat="49.284846" lon="13.331558"><ele>526.5</ele></trkpt>
   <trkpt lat="49.284627" lon="13.331752"><ele>527.75</ele></trkpt>
   <trkpt lat="49.284298" lon="13.332063"><ele>528.5</ele></trkpt>
   <trkpt lat="49.284037" lon="13.332361"><ele>528.75</ele></trkpt>
   <trkpt lat="49.2838" lon="13.332664"><ele>529.25</ele></trkpt>
   <trkpt lat="49.283627" lon="13.332906"><ele>529.25</ele></trkpt>
   <trkpt lat="49.283376" lon="13.333294"><ele>528.75</ele></trkpt>
   <trkpt lat="49.283119" lon="13.33375"><ele>531.25</ele></trkpt>
   <trkpt lat="49.281491" lon="13.33714"><ele>534</ele></trkpt>
   <trkpt lat="49.279066" lon="13.342187"><ele>540.25</ele></trkpt>
   <trkpt lat="49.278892" lon="13.342577"><ele>542</ele></trkpt>
   <trkpt lat="49.27874" lon="13.342968"><ele>542.5</ele></trkpt>
   <trkpt lat="49.278665" lon="13.343221"><ele>542.75</ele></trkpt>
   <trkpt lat="49.27859" lon="13.343519"><ele>543.5</ele></trkpt>
   <trkpt lat="49.278537" lon="13.34384"><ele>544.75</ele></trkpt>
   <trkpt lat="49.278506" lon="13.344092"><ele>545.75</ele></trkpt>
   <trkpt lat="49.278494" lon="13.344329"><ele>546.25</ele></trkpt>
   <trkpt lat="49.278494" lon="13.344638"><ele>546.75</ele></trkpt>
   <trkpt lat="49.27851" lon="13.345012"><ele>547.25</ele></trkpt>
   <trkpt lat="49.27855" lon="13.345313"><ele>547</ele></trkpt>
   <trkpt lat="49.278596" lon="13.345559"><ele>546.5</ele></trkpt>
   <trkpt lat="49.278669" lon="13.345866"><ele>545.75</ele></trkpt>
   <trkpt lat="49.278772" lon="13.346183"><ele>544.5</ele></trkpt>
   <trkpt lat="49.278894" lon="13.346478"><ele>543.5</ele></trkpt>
   <trkpt lat="49.279037" lon="13.346759"><ele>543</ele></trkpt>
   <trkpt lat="49.27919" lon="13.347008"><ele>543.5</ele></trkpt>
   <trkpt lat="49.279349" lon="13.347218"><ele>544.75</ele></trkpt>
   <trkpt lat="49.279543" lon="13.347425"><ele>545.75</ele></trkpt>
   <trkpt lat="49.279722" lon="13.347575"><ele>545.75</ele></trkpt>
   <trkpt lat="49.279914" lon="13.347712"><ele>545</ele></trkpt>
   <trkpt lat="49.280137" lon="13.347827"><ele>543.75</ele></trkpt>
   <trkpt lat="49.280301" lon="13.347889"><ele>543</ele></trkpt>
   <trkpt lat="49.280487" lon="13.347932"><ele>542.5</ele></trkpt>
   <trkpt lat="49.280683" lon="13.347953"><ele>542</ele></trkpt>
   <trkpt lat="49.280899" lon="13.347947"><ele>542</ele></trkpt>
   <trkpt lat="49.281084" lon="13.347915"><ele>543.25</ele></trkpt>
   <trkpt lat="49.281277" lon="13.347854"><ele>544.5</ele></trkpt>
   <trkpt lat="49.28146" lon="13.347782"><ele>545.75</ele></trkpt>
   <trkpt lat="49.281647" lon="13.347667"><ele>546.5</ele></trkpt>
   <trkpt lat="49.281823" lon="13.347532"><ele>547</ele></trkpt>
   <trkpt lat="49.28197" lon="13.347395"><ele>547</ele></trkpt>
   <trkpt lat="49.282114" lon="13.34724"><ele>546.75</ele></trkpt>
   <trkpt lat="49.282782" lon="13.346453"><ele>547.5</ele></trkpt>
   <trkpt lat="49.283114" lon="13.346062"><ele>547.5</ele></trkpt>
   <trkpt lat="49.283254" lon="13.345901"><ele>547.5</ele></trkpt>
   <trkpt lat="49.283832" lon="13.345201"><ele>547.75</ele></trkpt>
   <trkpt lat="49.284709" lon="13.344109"><ele>549.75</ele></trkpt>
   <trkpt lat="49.284735" lon="13.344076"><ele>549.75</ele></trkpt>
   <trkpt lat="49.285532" lon="13.343089"><ele>550.25</ele></trkpt>
   <trkpt lat="49.285839" lon="13.342734"><ele>550.25</ele></trkpt>
   <trkpt lat="49.28605" lon="13.342513"><ele>551</ele></trkpt>
   <trkpt lat="49.286616" lon="13.341987"><ele>550.25</ele></trkpt>
   <trkpt lat="49.288159" lon="13.340558"><ele>555.25</ele></trkpt>
   <trkpt lat="49.288591" lon="13.340162"><ele>557.5</ele></trkpt>
   <trkpt lat="49.28998" lon="13.338874"><ele>555.75</ele></trkpt>
   <trkpt lat="49.292996" lon="13.336082"><ele>567</ele></trkpt>
   <trkpt lat="49.293561" lon="13.335564"><ele>570.5</ele></trkpt>
   <trkpt lat="49.293806" lon="13.335359"><ele>572.75</ele></trkpt>
   <trkpt lat="49.294027" lon="13.335213"><ele>575.25</ele></trkpt>
   <trkpt lat="49.294253" lon="13.335101"><ele>576.5</ele></trkpt>
   <trkpt lat="49.294472" lon="13.335047"><ele>576</ele></trkpt>
   <trkpt lat="49.294723" lon="13.335018"><ele>576</ele></trkpt>
   <trkpt lat="49.294967" lon="13.335021"><ele>576.25</ele></trkpt>
   <trkpt lat="49.295171" lon="13.335057"><ele>574.25</ele></trkpt>
   <trkpt lat="49.295389" lon="13.33513"><ele>572.25</ele></trkpt>
   <trkpt lat="49.295618" lon="13.335268"><ele>571.5</ele></trkpt>
   <trkpt lat="49.295782" lon="13.335379"><ele>571.25</ele></trkpt>
   <trkpt lat="49.295963" lon="13.335529"><ele>571.75</ele></trkpt>
   <trkpt lat="49.296121" lon="13.335689"><ele>572.5</ele></trkpt>
   <trkpt lat="49.296417" lon="13.336025"><ele>574.5</ele></trkpt>
   <trkpt lat="49.296696" lon="13.33638"><ele>577.25</ele></trkpt>
   <trkpt lat="49.296931" lon="13.336705"><ele>577.75</ele></trkpt>
   <trkpt lat="49.29711" lon="13.336989"><ele>578.25</ele></trkpt>
   <trkpt lat="49.297248" lon="13.337265"><ele>579</ele></trkpt>
   <trkpt lat="49.297369" lon="13.337543"><ele>579.25</ele></trkpt>
   <trkpt lat="49.297475" lon="13.337838"><ele>577.75</ele></trkpt>
   <trkpt lat="49.297553" lon="13.338112"><ele>577</ele></trkpt>
   <trkpt lat="49.297624" lon="13.338404"><ele>576.5</ele></trkpt>
   <trkpt lat="49.29768" lon="13.33871"><ele>576.5</ele></trkpt>
   <trkpt lat="49.29772" lon="13.339007"><ele>577</ele></trkpt>
   <trkpt lat="49.297742" lon="13.339293"><ele>577.5</ele></trkpt>
   <trkpt lat="49.297754" lon="13.339625"><ele>576.75</ele></trkpt>
   <trkpt lat="49.297751" lon="13.339956"><ele>576.75</ele></trkpt>
   <trkpt lat="49.297668" lon="13.34108"><ele>583.75</ele></trkpt>
   <trkpt lat="49.297653" lon="13.341408"><ele>587</ele></trkpt>
   <trkpt lat="49.297651" lon="13.341654"><ele>589.25</ele></trkpt>
   <trkpt lat="49.297664" lon="13.341933"><ele>590.5</ele></trkpt>
   <trkpt lat="49.297693" lon="13.342221"><ele>591.5</ele></trkpt>
   <trkpt lat="49.297733" lon="13.342502"><ele>592</ele></trkpt>
   <trkpt lat="49.297785" lon="13.342796"><ele>591.5</ele></trkpt>
   <trkpt lat="49.297858" lon="13.343102"><ele>590</ele></trkpt>
   <trkpt lat="49.298021" lon="13.3437"><ele>586.75</ele></trkpt>
   <trkpt lat="49.298195" lon="13.344355"><ele>585.5</ele></trkpt>
   <trkpt lat="49.298268" lon="13.344692"><ele>586.5</ele></trkpt>
   <trkpt lat="49.298312" lon="13.344946"><ele>588</ele></trkpt>
   <trkpt lat="49.298344" lon="13.345267"><ele>586.75</ele></trkpt>
   <trkpt lat="49.298365" lon="13.345645"><ele>584.75</ele></trkpt>
   <trkpt lat="49.298364" lon="13.345999"><ele>583</ele></trkpt>
   <trkpt lat="49.298351" lon="13.346303"><ele>581.25</ele></trkpt>
   <trkpt lat="49.298318" lon="13.346599"><ele>580</ele></trkpt>
   <trkpt lat="49.298279" lon="13.34687"><ele>580.75</ele></trkpt>
   <trkpt lat="49.29822" lon="13.347151"><ele>583</ele></trkpt>
   <trkpt lat="49.298142" lon="13.347456"><ele>586</ele></trkpt>
   <trkpt lat="49.298055" lon="13.347751"><ele>588.25</ele></trkpt>
   <trkpt lat="49.297795" lon="13.348462"><ele>593.25</ele></trkpt>
   <trkpt lat="49.297668" lon="13.348868"><ele>594.5</ele></trkpt>
   <trkpt lat="49.297585" lon="13.349207"><ele>594.25</ele></trkpt>
   <trkpt lat="49.297532" lon="13.349546"><ele>593.25</ele></trkpt>
   <trkpt lat="49.297489" lon="13.349956"><ele>591.5</ele></trkpt>
   <trkpt lat="49.297465" lon="13.350339"><ele>588.25</ele></trkpt>
   <trkpt lat="49.297455" lon="13.350652"><ele>585.25</ele></trkpt>
   <trkpt lat="49.297451" lon="13.352526"><ele>582</ele></trkpt>
   <trkpt lat="49.297448" lon="13.354609"><ele>580.5</ele></trkpt>
   <trkpt lat="49.297456" lon="13.354978"><ele>579.5</ele></trkpt>
   <trkpt lat="49.29748" lon="13.355386"><ele>579.75</ele></trkpt>
   <trkpt lat="49.29754" lon="13.355788"><ele>579.5</ele></trkpt>
   <trkpt lat="49.297602" lon="13.356075"><ele>580.25</ele></trkpt>
   <trkpt lat="49.297683" lon="13.356387"><ele>581</ele></trkpt>
   <trkpt lat="49.297765" lon="13.35665"><ele>581.75</ele></trkpt>
   <trkpt lat="49.297877" lon="13.356976"><ele>583.25</ele></trkpt>
   <trkpt lat="49.298569" lon="13.358817"><ele>585.75</ele></trkpt>
   <trkpt lat="49.298814" lon="13.35949"><ele>584.75</ele></trkpt>
   <trkpt lat="49.2989" lon="13.359753"><ele>584.5</ele></trkpt>
   <trkpt lat="49.298951" lon="13.359921"><ele>584.25</ele></trkpt>
   <trkpt lat="49.29904" lon="13.360292"><ele>584</ele></trkpt>
   <trkpt lat="49.299096" lon="13.360563"><ele>584</ele></trkpt>
   <trkpt lat="49.299143" lon="13.36085"><ele>584</ele></trkpt>
   <trkpt lat="49.299175" lon="13.361106"><ele>585.25</ele></trkpt>
   <trkpt lat="49.299205" lon="13.361402"><ele>586.5</ele></trkpt>
   <trkpt lat="49.299221" lon="13.361735"><ele>587.75</ele></trkpt>
   <trkpt lat="49.299232" lon="13.362518"><ele>589.75</ele></trkpt>
   <trkpt lat="49.299234" lon="13.363175"><ele>590.5</ele></trkpt>
   <trkpt lat="49.299246" lon="13.367111"><ele>590</ele></trkpt>
   <trkpt lat="49.299248" lon="13.369626"><ele>593.25</ele></trkpt>
   <trkpt lat="49.299243" lon="13.369874"><ele>593.75</ele></trkpt>
   <trkpt lat="49.299226" lon="13.370144"><ele>593.75</ele></trkpt>
   <trkpt lat="49.299198" lon="13.370423"><ele>593.25</ele></trkpt>
   <trkpt lat="49.299158" lon="13.370695"><ele>593.25</ele></trkpt>
   <trkpt lat="49.299107" lon="13.370954"><ele>593.5</ele></trkpt>
   <trkpt lat="49.299049" lon="13.371207"><ele>593.75</ele></trkpt>
   <trkpt lat="49.298963" lon="13.371499"><ele>593.75</ele></trkpt>
   <trkpt lat="49.298864" lon="13.371772"><ele>593.5</ele></trkpt>
   <trkpt lat="49.29877" lon="13.371992"><ele>593.25</ele></trkpt>
   <trkpt lat="49.298664" lon="13.372213"><ele>592.5</ele></trkpt>
   <trkpt lat="49.298533" lon="13.372445"><ele>591.75</ele></trkpt>
   <trkpt lat="49.298381" lon="13.372684"><ele>591.25</ele></trkpt>
   <trkpt lat="49.298231" lon="13.372879"><ele>590.75</ele></trkpt>
   <trkpt lat="49.298058" lon="13.373074"><ele>589.75</ele></trkpt>
   <trkpt lat="49.297904" lon="13.373221"><ele>589</ele></trkpt>
   <trkpt lat="49.297754" lon="13.373349"><ele>588.5</ele></trkpt>
   <trkpt lat="49.296994" lon="13.373903"><ele>586.5</ele></trkpt>
   <trkpt lat="49.296789" lon="13.374051"><ele>586.25</ele></trkpt>
   <trkpt lat="49.296076" lon="13.37457"><ele>584.75</ele></trkpt>
   <trkpt lat="49.295709" lon="13.374912"><ele>584.5</ele></trkpt>
   <trkpt lat="49.295556" lon="13.37508"><ele>584</ele></trkpt>
   <trkpt lat="49.295408" lon="13.375265"><ele>583.25</ele></trkpt>
   <trkpt lat="49.295275" lon="13.375447"><ele>582.5</ele></trkpt>
   <trkpt lat="49.29515" lon="13.375634"><ele>581.75</ele></trkpt>
   <trkpt lat="49.295121" lon="13.375681"><ele>581.5</ele></trkpt>
   <trkpt lat="49.294991" lon="13.375909"><ele>580.75</ele></trkpt>
   <trkpt lat="49.294899" lon="13.376086"><ele>581.25</ele></trkpt>
   <trkpt lat="49.294754" lon="13.376398"><ele>581.75</ele></trkpt>
   <trkpt lat="49.294658" lon="13.376628"><ele>582</ele></trkpt>
   <trkpt lat="49.294494" lon="13.377117"><ele>580.75</ele></trkpt>
   <trkpt lat="49.294411" lon="13.377411"><ele>579.5</ele></trkpt>
   <trkpt lat="49.294345" lon="13.377681"><ele>578.75</ele></trkpt>
   <trkpt lat="49.293223" lon="13.382722"><ele>575.5</ele></trkpt>
   <trkpt lat="49.292629" lon="13.385421"><ele>572.75</ele></trkpt>
   <trkpt lat="49.292571" lon="13.385745"><ele>572.75</ele></trkpt>
   <trkpt lat="49.292529" lon="13.386063"><ele>572.25</ele></trkpt>
   <trkpt lat="49.292507" lon="13.386333"><ele>571.75</ele></trkpt>
   <trkpt lat="49.292499" lon="13.386585"><ele>571</ele></trkpt>
   <trkpt lat="49.292498" lon="13.386858"><ele>571</ele></trkpt>
   <trkpt lat="49.292513" lon="13.387148"><ele>570.75</ele></trkpt>
   <trkpt lat="49.292541" lon="13.387422"><ele>570.75</ele></trkpt>
   <trkpt lat="49.292579" lon="13.387702"><ele>570.25</ele></trkpt>
   <trkpt lat="49.292627" lon="13.38799"><ele>569.75</ele></trkpt>
   <trkpt lat="49.292816" lon="13.388973"><ele>568.25</ele></trkpt>
   <trkpt lat="49.292933" lon="13.389597"><ele>567.75</ele></trkpt>
   <trkpt lat="49.293014" lon="13.390168"><ele>568</ele></trkpt>
   <trkpt lat="49.293023" lon="13.390253"><ele>568</ele></trkpt>
   <trkpt lat="49.293041" lon="13.390458"><ele>568.5</ele></trkpt>
   <trkpt lat="49.293053" lon="13.390721"><ele>569</ele></trkpt>
   <trkpt lat="49.293051" lon="13.390995"><ele>569.25</ele></trkpt>
   <trkpt lat="49.29304" lon="13.391233"><ele>569.25</ele></trkpt>
   <trkpt lat="49.293012" lon="13.391509"><ele>569.5</ele></trkpt>
   <trkpt lat="49.292975" lon="13.391793"><ele>569.25</ele></trkpt>
   <trkpt lat="49.292923" lon="13.39207"><ele>569</ele></trkpt>
   <trkpt lat="49.292866" lon="13.392315"><ele>568.5</ele></trkpt>
   <trkpt lat="49.292795" lon="13.392565"><ele>568.25</ele></trkpt>
   <trkpt lat="49.292705" lon="13.392834"><ele>567.75</ele></trkpt>
   <trkpt lat="49.292323" lon="13.39381"><ele>566</ele></trkpt>
   <trkpt lat="49.292251" lon="13.394029"><ele>565.75</ele></trkpt>
   <trkpt lat="49.292168" lon="13.39431"><ele>565.5</ele></trkpt>
   <trkpt lat="49.29211" lon="13.394563"><ele>565</ele></trkpt>
   <trkpt lat="49.292064" lon="13.394798"><ele>564.75</ele></trkpt>
   <trkpt lat="49.292025" lon="13.395058"><ele>564.25</ele></trkpt>
   <trkpt lat="49.291995" lon="13.395346"><ele>563.5</ele></trkpt>
   <trkpt lat="49.291977" lon="13.395628"><ele>562.75</ele></trkpt>
   <trkpt lat="49.291974" lon="13.395891"><ele>562.25</ele></trkpt>
   <trkpt lat="49.291988" lon="13.39632"><ele>562</ele></trkpt>
   <trkpt lat="49.291999" lon="13.396439"><ele>562</ele></trkpt>
   <trkpt lat="49.29207" lon="13.396952"><ele>563</ele></trkpt>
   <trkpt lat="49.292094" lon="13.397085"><ele>563.5</ele></trkpt>
   <trkpt lat="49.292279" lon="13.397842"><ele>568</ele></trkpt>
   <trkpt lat="49.292592" lon="13.399054"><ele>573</ele></trkpt>
   <trkpt lat="49.292944" lon="13.400461"><ele>568</ele></trkpt>
   <trkpt lat="49.293002" lon="13.400749"><ele>566</ele></trkpt>
   <trkpt lat="49.29305" lon="13.401057"><ele>564.25</ele></trkpt>
   <trkpt lat="49.293094" lon="13.401354"><ele>562.75</ele></trkpt>
   <trkpt lat="49.293126" lon="13.40167"><ele>561.5</ele></trkpt>
   <trkpt lat="49.293148" lon="13.401956"><ele>560.75</ele></trkpt>
   <trkpt lat="49.293165" lon="13.402289"><ele>560</ele></trkpt>
   <trkpt lat="49.293172" lon="13.402908"><ele>559</ele></trkpt>
   <trkpt lat="49.293155" lon="13.404005"><ele>557</ele></trkpt>
   <trkpt lat="49.293144" lon="13.4046"><ele>557.75</ele></trkpt>
   <trkpt lat="49.293143" lon="13.405247"><ele>558.5</ele></trkpt>
   <trkpt lat="49.293136" lon="13.40568"><ele>558.25</ele></trkpt>
   <trkpt lat="49.293123" lon="13.406009"><ele>558</ele></trkpt>
   <trkpt lat="49.293095" lon="13.406365"><ele>557</ele></trkpt>
   <trkpt lat="49.293054" lon="13.406689"><ele>556.5</ele></trkpt>
   <trkpt lat="49.292993" lon="13.406994"><ele>556</ele></trkpt>
   <trkpt lat="49.292921" lon="13.407275"><ele>555.25</ele></trkpt>
   <trkpt lat="49.292814" lon="13.407612"><ele>554.75</ele></trkpt>
   <trkpt lat="49.292715" lon="13.407891"><ele>554.25</ele></trkpt>
   <trkpt lat="49.292311" lon="13.408911"><ele>553.75</ele></trkpt>
   <trkpt lat="49.291959" lon="13.40982"><ele>552.75</ele></trkpt>
   <trkpt lat="49.289676" lon="13.415579"><ele>548</ele></trkpt>
   <trkpt lat="49.289655" lon="13.415632"><ele>548</ele></trkpt>
   <trkpt lat="49.289309" lon="13.416517"><ele>546.75</ele></trkpt>
   <trkpt lat="49.289157" lon="13.416961"><ele>546.25</ele></trkpt>
   <trkpt lat="49.289053" lon="13.417306"><ele>545.75</ele></trkpt>
   <trkpt lat="49.288979" lon="13.417604"><ele>545.5</ele></trkpt>
   <trkpt lat="49.288914" lon="13.417903"><ele>545.5</ele></trkpt>
   <trkpt lat="49.288855" lon="13.41822"><ele>545.25</ele></trkpt>
   <trkpt lat="49.288812" lon="13.418513"><ele>545</ele></trkpt>
   <trkpt lat="49.288774" lon="13.418843"><ele>544.75</ele></trkpt>
   <trkpt lat="49.288745" lon="13.419177"><ele>544.25</ele></trkpt>
   <trkpt lat="49.28874" lon="13.419255"><ele>544.25</ele></trkpt>
   <trkpt lat="49.288724" lon="13.419709"><ele>544.5</ele></trkpt>
   <trkpt lat="49.288704" lon="13.421594"><ele>547.75</ele></trkpt>
   <trkpt lat="49.288709" lon="13.42193"><ele>548.75</ele></trkpt>
   <trkpt lat="49.288748" lon="13.422396"><ele>550</ele></trkpt>
   <trkpt lat="49.288783" lon="13.422661"><ele>550</ele></trkpt>
   <trkpt lat="49.288833" lon="13.422943"><ele>549.75</ele></trkpt>
   <trkpt lat="49.288868" lon="13.423094"><ele>549.75</ele></trkpt>
   <trkpt lat="49.288929" lon="13.42331"><ele>549.75</ele></trkpt>
   <trkpt lat="49.288999" lon="13.423528"><ele>549.5</ele></trkpt>
   <trkpt lat="49.289078" lon="13.423752"><ele>549</ele></trkpt>
   <trkpt lat="49.289166" lon="13.423968"><ele>548.5</ele></trkpt>
   <trkpt lat="49.289258" lon="13.424164"><ele>548.25</ele></trkpt>
   <trkpt lat="49.289312" lon="13.424272"><ele>548.75</ele></trkpt>
   <trkpt lat="49.289409" lon="13.424445"><ele>549</ele></trkpt>
   <trkpt lat="49.289534" lon="13.42464"><ele>549.5</ele></trkpt>
   <trkpt lat="49.289689" lon="13.424854"><ele>549.75</ele></trkpt>
   <trkpt lat="49.289845" lon="13.425041"><ele>549.75</ele></trkpt>
   <trkpt lat="49.290001" lon="13.425205"><ele>550.25</ele></trkpt>
   <trkpt lat="49.290577" lon="13.425701"><ele>546.5</ele></trkpt>
   <trkpt lat="49.290766" lon="13.425875"><ele>544.75</ele></trkpt>
   <trkpt lat="49.290951" lon="13.426065"><ele>544.75</ele></trkpt>
   <trkpt lat="49.291091" lon="13.426223"><ele>545.25</ele></trkpt>
   <trkpt lat="49.291375" lon="13.42659"><ele>545.5</ele></trkpt>
   <trkpt lat="49.291616" lon="13.42695"><ele>545.25</ele></trkpt>
   <trkpt lat="49.291866" lon="13.427393"><ele>544.75</ele></trkpt>
   <trkpt lat="49.292607" lon="13.428857"><ele>542.5</ele></trkpt>
   <trkpt lat="49.292629" lon="13.428899"><ele>542.5</ele></trkpt>
   <trkpt lat="49.293097" lon="13.429836"><ele>541</ele></trkpt>
   <trkpt lat="49.293874" lon="13.431366"><ele>539.5</ele></trkpt>
   <trkpt lat="49.293998" lon="13.431627"><ele>539.25</ele></trkpt>
   <trkpt lat="49.294129" lon="13.431946"><ele>539.25</ele></trkpt>
   <trkpt lat="49.294254" lon="13.43229"><ele>540</ele></trkpt>
   <trkpt lat="49.294369" lon="13.432657"><ele>540.5</ele></trkpt>
   <trkpt lat="49.294458" lon="13.432983"><ele>540.5</ele></trkpt>
   <trkpt lat="49.294548" lon="13.433359"><ele>540.5</ele></trkpt>
   <trkpt lat="49.294685" lon="13.433899"><ele>540</ele></trkpt>
   <trkpt lat="49.295172" lon="13.435812"><ele>537.5</ele></trkpt>
   <trkpt lat="49.295175" lon="13.435826"><ele>537.5</ele></trkpt>
   <trkpt lat="49.295997" lon="13.439065"><ele>540.25</ele></trkpt>
   <trkpt lat="49.296108" lon="13.439553"><ele>540</ele></trkpt>
   <trkpt lat="49.29619" lon="13.439935"><ele>539.25</ele></trkpt>
   <trkpt lat="49.296313" lon="13.440485"><ele>539.5</ele></trkpt>
   <trkpt lat="49.296395" lon="13.44095"><ele>539</ele></trkpt>
   <trkpt lat="49.296422" lon="13.441208"><ele>537.75</ele></trkpt>
   <trkpt lat="49.296436" lon="13.441546"><ele>536.5</ele></trkpt>
   <trkpt lat="49.296428" lon="13.441937"><ele>535.75</ele></trkpt>
   <trkpt lat="49.296394" lon="13.442294"><ele>535.5</ele></trkpt>
   <trkpt lat="49.296335" lon="13.442627"><ele>535.75</ele></trkpt>
   <trkpt lat="49.296266" lon="13.442936"><ele>536</ele></trkpt>
   <trkpt lat="49.296182" lon="13.443229"><ele>536.25</ele></trkpt>
   <trkpt lat="49.296086" lon="13.44348"><ele>536.25</ele></trkpt>
   <trkpt lat="49.295962" lon="13.443737"><ele>535.5</ele></trkpt>
   <trkpt lat="49.295816" lon="13.444005"><ele>534.25</ele></trkpt>
   <trkpt lat="49.295643" lon="13.444249"><ele>534.25</ele></trkpt>
   <trkpt lat="49.295496" lon="13.444416"><ele>534.25</ele></trkpt>
   <trkpt lat="49.295321" lon="13.444601"><ele>533.75</ele></trkpt>
   <trkpt lat="49.295104" lon="13.444771"><ele>532.5</ele></trkpt>
   <trkpt lat="49.29474" lon="13.445038"><ele>534.25</ele></trkpt>
   <trkpt lat="49.293502" lon="13.445916"><ele>537.5</ele></trkpt>
   <trkpt lat="49.293031" lon="13.446351"><ele>541.25</ele></trkpt>
   <trkpt lat="49.292855" lon="13.446566"><ele>541.5</ele></trkpt>
   <trkpt lat="49.292667" lon="13.446824"><ele>542.25</ele></trkpt>
   <trkpt lat="49.29248" lon="13.447116"><ele>542</ele></trkpt>
   <trkpt lat="49.291351" lon="13.44922"><ele>546.25</ele></trkpt>
   <trkpt lat="49.290293" lon="13.45091"><ele>537.75</ele></trkpt>
   <trkpt lat="49.29017" lon="13.451141"><ele>537.5</ele></trkpt>
   <trkpt lat="49.29004" lon="13.45141"><ele>536.5</ele></trkpt>
   <trkpt lat="49.289899" lon="13.451758"><ele>536.25</ele></trkpt>
   <trkpt lat="49.289838" lon="13.451941"><ele>537.25</ele></trkpt>
   <trkpt lat="49.289804" lon="13.452056"><ele>538</ele></trkpt>
   <trkpt lat="49.289727" lon="13.452345"><ele>539</ele></trkpt>
   <trkpt lat="49.289629" lon="13.452891"><ele>541</ele></trkpt>
   <trkpt lat="49.289593" lon="13.453284"><ele>542.5</ele></trkpt>
   <trkpt lat="49.289592" lon="13.453639"><ele>542.75</ele></trkpt>
   <trkpt lat="49.289644" lon="13.455232"><ele>536.75</ele></trkpt>
   <trkpt lat="49.289631" lon="13.455721"><ele>534.75</ele></trkpt>
   <trkpt lat="49.289604" lon="13.456033"><ele>534</ele></trkpt>
   <trkpt lat="49.28955" lon="13.456387"><ele>533.75</ele></trkpt>
   <trkpt lat="49.289478" lon="13.456701"><ele>533.75</ele></trkpt>
   <trkpt lat="49.289366" lon="13.457074"><ele>532.25</ele></trkpt>
   <trkpt lat="49.289236" lon="13.457415"><ele>530</ele></trkpt>
   <trkpt lat="49.289088" lon="13.457717"><ele>528.25</ele></trkpt>
   <trkpt lat="49.28897" lon="13.457901"><ele>527</ele></trkpt>
   <trkpt lat="49.288824" lon="13.458111"><ele>525.75</ele></trkpt>
   <trkpt lat="49.288656" lon="13.458311"><ele>524.25</ele></trkpt>
   <trkpt lat="49.288473" lon="13.458473"><ele>524.25</ele></trkpt>
   <trkpt lat="49.288306" lon="13.458605"><ele>524.25</ele></trkpt>
   <trkpt lat="49.288105" lon="13.458721"><ele>522.75</ele></trkpt>
   <trkpt lat="49.287893" lon="13.458819"><ele>521.75</ele></trkpt>
   <trkpt lat="49.287701" lon="13.458869"><ele>520.75</ele></trkpt>
   <trkpt lat="49.287489" lon="13.458893"><ele>520.25</ele></trkpt>
   <trkpt lat="49.287245" lon="13.4589"><ele>521</ele></trkpt>
   <trkpt lat="49.286959" lon="13.458898"><ele>522</ele></trkpt>
   <trkpt lat="49.286637" lon="13.458883"><ele>523.25</ele></trkpt>
   <trkpt lat="49.286346" lon="13.45885"><ele>524</ele></trkpt>
   <trkpt lat="49.286094" lon="13.458799"><ele>524.75</ele></trkpt>
   <trkpt lat="49.285802" lon="13.458712"><ele>525.5</ele></trkpt>
   <trkpt lat="49.285582" lon="13.458628"><ele>525.25</ele></trkpt>
   <trkpt lat="49.285346" lon="13.458515"><ele>525</ele></trkpt>
   <trkpt lat="49.285147" lon="13.458403"><ele>524.5</ele></trkpt>
   <trkpt lat="49.284924" lon="13.458256"><ele>524</ele></trkpt>
   <trkpt lat="49.284686" lon="13.458073"><ele>524.5</ele></trkpt>
   <trkpt lat="49.284478" lon="13.457897"><ele>524.25</ele></trkpt>
   <trkpt lat="49.283532" lon="13.45702"><ele>524.25</ele></trkpt>
   <trkpt lat="49.283317" lon="13.45684"><ele>523.5</ele></trkpt>
   <trkpt lat="49.283112" lon="13.4567"><ele>522.5</ele></trkpt>
   <trkpt lat="49.282896" lon="13.456581"><ele>523</ele></trkpt>
   <trkpt lat="49.282618" lon="13.456458"><ele>524</ele></trkpt>
   <trkpt lat="49.282385" lon="13.456382"><ele>524.5</ele></trkpt>
   <trkpt lat="49.282181" lon="13.456334"><ele>524.5</ele></trkpt>
   <trkpt lat="49.281962" lon="13.456299"><ele>524</ele></trkpt>
   <trkpt lat="49.281693" lon="13.456285"><ele>523</ele></trkpt>
   <trkpt lat="49.281414" lon="13.456286"><ele>522.75</ele></trkpt>
   <trkpt lat="49.281136" lon="13.456291"><ele>522.5</ele></trkpt>
   <trkpt lat="49.28093" lon="13.456321"><ele>522</ele></trkpt>
   <trkpt lat="49.280705" lon="13.45637"><ele>521.75</ele></trkpt>
   <trkpt lat="49.280507" lon="13.456441"><ele>521.25</ele></trkpt>
   <trkpt lat="49.28028" lon="13.456554"><ele>520</ele></trkpt>
   <trkpt lat="49.279914" lon="13.456799"><ele>517.75</ele></trkpt>
   <trkpt lat="49.279699" lon="13.456999"><ele>516.75</ele></trkpt>
   <trkpt lat="49.279514" lon="13.457202"><ele>515.25</ele></trkpt>
   <trkpt lat="49.279317" lon="13.457458"><ele>513.5</ele></trkpt>
   <trkpt lat="49.27862" lon="13.458455"><ele>513.5</ele></trkpt>
   <trkpt lat="49.278456" lon="13.458674"><ele>513.5</ele></trkpt>
   <trkpt lat="49.278322" lon="13.458837"><ele>513</ele></trkpt>
   <trkpt lat="49.278142" lon="13.459018"><ele>511.75</ele></trkpt>
   <trkpt lat="49.277766" lon="13.459324"><ele>510.25</ele></trkpt>
   <trkpt lat="49.277057" lon="13.459803"><ele>510.5</ele></trkpt>
   <trkpt lat="49.277028" lon="13.459824"><ele>510.5</ele></trkpt>
   <trkpt lat="49.276606" lon="13.460122"><ele>511.5</ele></trkpt>
   <trkpt lat="49.276448" lon="13.460249"><ele>511</ele></trkpt>
   <trkpt lat="49.276164" lon="13.460529"><ele>510.25</ele></trkpt>
   <trkpt lat="49.276109" lon="13.460598"><ele>510.25</ele></trkpt>
   <trkpt lat="49.275915" lon="13.460856"><ele>509.75</ele></trkpt>
   <trkpt lat="49.275803" lon="13.461038"><ele>509</ele></trkpt>
   <trkpt lat="49.275669" lon="13.461283"><ele>508</ele></trkpt>
   <trkpt lat="49.275547" lon="13.461535"><ele>507.25</ele></trkpt>
   <trkpt lat="49.275443" lon="13.461789"><ele>507</ele></trkpt>
   <trkpt lat="49.275337" lon="13.462098"><ele>506.75</ele></trkpt>
   <trkpt lat="49.275267" lon="13.46235"><ele>506.5</ele></trkpt>
   <trkpt lat="49.275168" lon="13.462831"><ele>506.25</ele></trkpt>
   <trkpt lat="49.275125" lon="13.463133"><ele>506.25</ele></trkpt>
   <trkpt lat="49.275101" lon="13.463366"><ele>506.5</ele></trkpt>
   <trkpt lat="49.275082" lon="13.463717"><ele>506.5</ele></trkpt>
   <trkpt lat="49.275083" lon="13.463801"><ele>506.5</ele></trkpt>
   <trkpt lat="49.275088" lon="13.464067"><ele>506.5</ele></trkpt>
   <trkpt lat="49.275104" lon="13.464338"><ele>506.25</ele></trkpt>
   <trkpt lat="49.275131" lon="13.464602"><ele>506</ele></trkpt>
   <trkpt lat="49.27517" lon="13.464898"><ele>505.75</ele></trkpt>
   <trkpt lat="49.27522" lon="13.465197"><ele>506</ele></trkpt>
   <trkpt lat="49.275328" lon="13.465825"><ele>506.25</ele></trkpt>
   <trkpt lat="49.275377" lon="13.466155"><ele>506.75</ele></trkpt>
   <trkpt lat="49.275405" lon="13.466432"><ele>507</ele></trkpt>
   <trkpt lat="49.275422" lon="13.466721"><ele>507.5</ele></trkpt>
   <trkpt lat="49.275425" lon="13.467068"><ele>509.5</ele></trkpt>
   <trkpt lat="49.275419" lon="13.467409"><ele>511.25</ele></trkpt>
   <trkpt lat="49.275393" lon="13.467699"><ele>512.75</ele></trkpt>
   <trkpt lat="49.27535" lon="13.467983"><ele>513.75</ele></trkpt>
   <trkpt lat="49.27521" lon="13.468669"><ele>515</ele></trkpt>
   <trkpt lat="49.274905" lon="13.469853"><ele>514.5</ele></trkpt>
   <trkpt lat="49.274821" lon="13.470149"><ele>514.5</ele></trkpt>
   <trkpt lat="49.274709" lon="13.470482"><ele>514.25</ele></trkpt>
   <trkpt lat="49.274612" lon="13.470735"><ele>513.75</ele></trkpt>
   <trkpt lat="49.274509" lon="13.470972"><ele>512.5</ele></trkpt>
   <trkpt lat="49.274391" lon="13.47122"><ele>511</ele></trkpt>
   <trkpt lat="49.27425" lon="13.471477"><ele>509.25</ele></trkpt>
   <trkpt lat="49.27414" lon="13.471663"><ele>508</ele></trkpt>
   <trkpt lat="49.27401" lon="13.471854"><ele>507</ele></trkpt>
   <trkpt lat="49.273871" lon="13.472039"><ele>506.25</ele></trkpt>
   <trkpt lat="49.273723" lon="13.472219"><ele>505.5</ele></trkpt>
   <trkpt lat="49.273593" lon="13.472361"><ele>505</ele></trkpt>
   <trkpt lat="49.273437" lon="13.472511"><ele>504.5</ele></trkpt>
   <trkpt lat="49.273277" lon="13.472657"><ele>504</ele></trkpt>
   <trkpt lat="49.273076" lon="13.472814"><ele>503.75</ele></trkpt>
   <trkpt lat="49.272907" lon="13.472922"><ele>504</ele></trkpt>
   <trkpt lat="49.272723" lon="13.473022"><ele>504</ele></trkpt>
   <trkpt lat="49.272558" lon="13.473107"><ele>504</ele></trkpt>
   <trkpt lat="49.271808" lon="13.47341"><ele>511.25</ele></trkpt>
   <trkpt lat="49.271413" lon="13.473608"><ele>510</ele></trkpt>
   <trkpt lat="49.271232" lon="13.473725"><ele>508</ele></trkpt>
   <trkpt lat="49.271033" lon="13.47387"><ele>506.25</ele></trkpt>
   <trkpt lat="49.270845" lon="13.47403"><ele>505</ele></trkpt>
   <trkpt lat="49.270684" lon="13.474194"><ele>504.25</ele></trkpt>
   <trkpt lat="49.270519" lon="13.474374"><ele>502.75</ele></trkpt>
   <trkpt lat="49.270374" lon="13.474556"><ele>501.75</ele></trkpt>
   <trkpt lat="49.270228" lon="13.474755"><ele>500.75</ele></trkpt>
   <trkpt lat="49.270081" lon="13.474977"><ele>500</ele></trkpt>
   <trkpt lat="49.269909" lon="13.475283"><ele>498.5</ele></trkpt>
   <trkpt lat="49.26978" lon="13.475542"><ele>497.75</ele></trkpt>
   <trkpt lat="49.269653" lon="13.475826"><ele>497.5</ele></trkpt>
   <trkpt lat="49.269556" lon="13.476079"><ele>499</ele></trkpt>
   <trkpt lat="49.26942" lon="13.476505"><ele>503</ele></trkpt>
   <trkpt lat="49.269302" lon="13.476954"><ele>507</ele></trkpt>
   <trkpt lat="49.26908" lon="13.477931"><ele>508.75</ele></trkpt>
   <trkpt lat="49.269002" lon="13.478233"><ele>507.25</ele></trkpt>
   <trkpt lat="49.268915" lon="13.478535"><ele>505.5</ele></trkpt>
   <trkpt lat="49.268811" lon="13.478854"><ele>503</ele></trkpt>
   <trkpt lat="49.268652" lon="13.479288"><ele>498.75</ele></trkpt>
   <trkpt lat="49.2672" lon="13.482918"><ele>493.25</ele></trkpt>
   <trkpt lat="49.267165" lon="13.483016"><ele>493.5</ele></trkpt>
   <trkpt lat="49.267083" lon="13.483218"><ele>494.25</ele></trkpt>
   <trkpt lat="49.266701" lon="13.484178"><ele>494</ele></trkpt>
   <trkpt lat="49.266505" lon="13.48466"><ele>494.75</ele></trkpt>
   <trkpt lat="49.2662" lon="13.485306"><ele>494.25</ele></trkpt>
   <trkpt lat="49.266052" lon="13.485662"><ele>492.75</ele></trkpt>
   <trkpt lat="49.265758" lon="13.48626"><ele>491.5</ele></trkpt>
   <trkpt lat="49.265468" lon="13.486754"><ele>491.75</ele></trkpt>
   <trkpt lat="49.265319" lon="13.486981"><ele>491.5</ele></trkpt>
   <trkpt lat="49.265006" lon="13.487399"><ele>489.5</ele></trkpt>
   <trkpt lat="49.263935" lon="13.488584"><ele>490.25</ele></trkpt>
   <trkpt lat="49.262959" lon="13.489674"><ele>490.75</ele></trkpt>
   <trkpt lat="49.261338" lon="13.491466"><ele>489.75</ele></trkpt>
   <trkpt lat="49.261163" lon="13.491687"><ele>489.5</ele></trkpt>
   <trkpt lat="49.261006" lon="13.491909"><ele>489.25</ele></trkpt>
   <trkpt lat="49.260277" lon="13.49273"><ele>488.5</ele></trkpt>
   <trkpt lat="49.260109" lon="13.492939"><ele>488.25</ele></trkpt>
   <trkpt lat="49.259834" lon="13.493377"><ele>487.5</ele></trkpt>
   <trkpt lat="49.258912" lon="13.495097"><ele>489</ele></trkpt>
   <trkpt lat="49.258832" lon="13.495242"><ele>489.25</ele></trkpt>
   <trkpt lat="49.25877" lon="13.495354"><ele>489.25</ele></trkpt>
   <trkpt lat="49.258488" lon="13.495889"><ele>488.75</ele></trkpt>
   <trkpt lat="49.258288" lon="13.496333"><ele>489.5</ele></trkpt>
   <trkpt lat="49.258178" lon="13.496625"><ele>489.75</ele></trkpt>
   <trkpt lat="49.258085" lon="13.496899"><ele>490</ele></trkpt>
   <trkpt lat="49.257987" lon="13.497254"><ele>490.25</ele></trkpt>
   <trkpt lat="49.257893" lon="13.497674"><ele>490</ele></trkpt>
   <trkpt lat="49.257823" lon="13.498071"><ele>489</ele></trkpt>
   <trkpt lat="49.257713" lon="13.498809"><ele>486.5</ele></trkpt>
   <trkpt lat="49.257617" lon="13.499477"><ele>484.75</ele></trkpt>
   <trkpt lat="49.256762" lon="13.505404"><ele>484.25</ele></trkpt>
   <trkpt lat="49.25648" lon="13.507385"><ele>482.75</ele></trkpt>
   <trkpt lat="49.25643" lon="13.50781"><ele>483.75</ele></trkpt>
   <trkpt lat="49.256394" lon="13.508142"><ele>484.5</ele></trkpt>
   <trkpt lat="49.256356" lon="13.508585"><ele>484.5</ele></trkpt>
   <trkpt lat="49.256308" lon="13.50938"><ele>483.25</ele></trkpt>
   <trkpt lat="49.256292" lon="13.510196"><ele>483.75</ele></trkpt>
   <trkpt lat="49.25632" lon="13.511192"><ele>484.5</ele></trkpt>
   <trkpt lat="49.256481" lon="13.514119"><ele>481.75</ele></trkpt>
   <trkpt lat="49.256781" lon="13.519493"><ele>479</ele></trkpt>
   <trkpt lat="49.25679" lon="13.519656"><ele>478.5</ele></trkpt>
   <trkpt lat="49.25679" lon="13.519956"><ele>478</ele></trkpt>
   <trkpt lat="49.256781" lon="13.520328"><ele>477.75</ele></trkpt>
   <trkpt lat="49.256761" lon="13.520739"><ele>477.75</ele></trkpt>
   <trkpt lat="49.256725" lon="13.521107"><ele>477.75</ele></trkpt>
   <trkpt lat="49.256679" lon="13.521513"><ele>477.75</ele></trkpt>
   <trkpt lat="49.256624" lon="13.521886"><ele>478.25</ele></trkpt>
   <trkpt lat="49.256566" lon="13.522219"><ele>478.75</ele></trkpt>
   <trkpt lat="49.25649" lon="13.522569"><ele>479.5</ele></trkpt>
   <trkpt lat="49.256427" lon="13.522851"><ele>479.75</ele></trkpt>
   <trkpt lat="49.256287" lon="13.52339"><ele>479.5</ele></trkpt>
   <trkpt lat="49.256044" lon="13.524281"><ele>478.25</ele></trkpt>
   <trkpt lat="49.255934" lon="13.52462"><ele>478.5</ele></trkpt>
   <trkpt lat="49.255848" lon="13.524845"><ele>478.75</ele></trkpt>
   <trkpt lat="49.255737" lon="13.5251"><ele>479.25</ele></trkpt>
   <trkpt lat="49.255609" lon="13.525354"><ele>478.5</ele></trkpt>
   <trkpt lat="49.255491" lon="13.525554"><ele>477.5</ele></trkpt>
   <trkpt lat="49.255367" lon="13.525738"><ele>476.25</ele></trkpt>
   <trkpt lat="49.255256" lon="13.525883"><ele>475.25</ele></trkpt>
   <trkpt lat="49.255127" lon="13.526035"><ele>474.5</ele></trkpt>
   <trkpt lat="49.25499" lon="13.526175"><ele>473.75</ele></trkpt>
   <trkpt lat="49.25482" lon="13.526327"><ele>473.5</ele></trkpt>
   <trkpt lat="49.251759" lon="13.528826"><ele>479.5</ele></trkpt>
   <trkpt lat="49.251301" lon="13.529185"><ele>473</ele></trkpt>
   <trkpt lat="49.251018" lon="13.529358"><ele>471.5</ele></trkpt>
   <trkpt lat="49.250958" lon="13.529391"><ele>471.25</ele></trkpt>
   <trkpt lat="49.250665" lon="13.529553"><ele>471.25</ele></trkpt>
   <trkpt lat="49.250174" lon="13.52985"><ele>471</ele></trkpt>
   <trkpt lat="49.250002" lon="13.529972"><ele>470</ele></trkpt>
   <trkpt lat="49.249854" lon="13.53009"><ele>470.25</ele></trkpt>
   <trkpt lat="49.249707" lon="13.530233"><ele>470.5</ele></trkpt>
   <trkpt lat="49.249509" lon="13.530464"><ele>470.25</ele></trkpt>
   <trkpt lat="49.249233" lon="13.530865"><ele>468.5</ele></trkpt>
   <trkpt lat="49.249096" lon="13.531109"><ele>468.5</ele></trkpt>
   <trkpt lat="49.248999" lon="13.531308"><ele>468.25</ele></trkpt>
   <trkpt lat="49.248891" lon="13.53157"><ele>467.75</ele></trkpt>
   <trkpt lat="49.248796" lon="13.531845"><ele>467.75</ele></trkpt>
   <trkpt lat="49.24869" lon="13.532193"><ele>468</ele></trkpt>
   <trkpt lat="49.248461" lon="13.53305"><ele>466.75</ele></trkpt>
   <trkpt lat="49.248391" lon="13.533284"><ele>466.25</ele></trkpt>
   <trkpt lat="49.248315" lon="13.533516"><ele>466.25</ele></trkpt>
   <trkpt lat="49.24822" lon="13.533758"><ele>467.75</ele></trkpt>
   <trkpt lat="49.248188" lon="13.533836"><ele>468.25</ele></trkpt>
   <trkpt lat="49.248092" lon="13.534044"><ele>469.75</ele></trkpt>
   <trkpt lat="49.247873" lon="13.534436"><ele>471.75</ele></trkpt>
   <trkpt lat="49.247629" lon="13.534775"><ele>472.25</ele></trkpt>
   <trkpt lat="49.24711" lon="13.535365"><ele>471.25</ele></trkpt>
   <trkpt lat="49.246993" lon="13.535518"><ele>470.25</ele></trkpt>
   <trkpt lat="49.246906" lon="13.535645"><ele>469.25</ele></trkpt>
   <trkpt lat="49.246794" lon="13.535834"><ele>467.5</ele></trkpt>
   <trkpt lat="49.246696" lon="13.536028"><ele>467.25</ele></trkpt>
   <trkpt lat="49.246614" lon="13.536209"><ele>467</ele></trkpt>
   <trkpt lat="49.246493" lon="13.536545"><ele>466.25</ele></trkpt>
   <trkpt lat="49.246418" lon="13.536818"><ele>465.75</ele></trkpt>
   <trkpt lat="49.246342" lon="13.537274"><ele>465.5</ele></trkpt>
   <trkpt lat="49.24629" lon="13.538024"><ele>465.25</ele></trkpt>
   <trkpt lat="49.246283" lon="13.538318"><ele>465</ele></trkpt>
   <trkpt lat="49.246296" lon="13.538589"><ele>464.5</ele></trkpt>
   <trkpt lat="49.246344" lon="13.538992"><ele>463.75</ele></trkpt>
   <trkpt lat="49.246379" lon="13.539219"><ele>463.5</ele></trkpt>
   <trkpt lat="49.247504" lon="13.546191"><ele>461.75</ele></trkpt>
   <trkpt lat="49.247563" lon="13.54664"><ele>461.75</ele></trkpt>
   <trkpt lat="49.247596" lon="13.547013"><ele>461.75</ele></trkpt>
   <trkpt lat="49.24763" lon="13.547243"><ele>461.75</ele></trkpt>
   <trkpt lat="49.247776" lon="13.548152"><ele>464</ele></trkpt>
   <trkpt lat="49.247859" lon="13.548631"><ele>466.25</ele></trkpt>
   <trkpt lat="49.24791" lon="13.548859"><ele>467.5</ele></trkpt>
   <trkpt lat="49.247961" lon="13.549055"><ele>468</ele></trkpt>
   <trkpt lat="49.248042" lon="13.549313"><ele>468.5</ele></trkpt>
   <trkpt lat="49.248126" lon="13.549549"><ele>469</ele></trkpt>
   <trkpt lat="49.248477" lon="13.550405"><ele>469.75</ele></trkpt>
   <trkpt lat="49.248753" lon="13.551123"><ele>468.75</ele></trkpt>
   <trkpt lat="49.248893" lon="13.551524"><ele>467.5</ele></trkpt>
   <trkpt lat="49.249004" lon="13.551869"><ele>466.75</ele></trkpt>
   <trkpt lat="49.249576" lon="13.553824"><ele>465.25</ele></trkpt>
   <trkpt lat="49.24997" lon="13.555167"><ele>465</ele></trkpt>
   <trkpt lat="49.250296" lon="13.556294"><ele>463.5</ele></trkpt>
   <trkpt lat="49.250339" lon="13.556433"><ele>463.25</ele></trkpt>
   <trkpt lat="49.25042" lon="13.556696"><ele>463</ele></trkpt>
   <trkpt lat="49.250534" lon="13.557034"><ele>464.5</ele></trkpt>
   <trkpt lat="49.250633" lon="13.557266"><ele>465</ele></trkpt>
   <trkpt lat="49.250764" lon="13.557538"><ele>465.75</ele></trkpt>
   <trkpt lat="49.250908" lon="13.557784"><ele>467.5</ele></trkpt>
   <trkpt lat="49.251075" lon="13.558033"><ele>469</ele></trkpt>
   <trkpt lat="49.251251" lon="13.558245"><ele>469.75</ele></trkpt>
   <trkpt lat="49.251439" lon="13.558438"><ele>470</ele></trkpt>
   <trkpt lat="49.251651" lon="13.558623"><ele>469.75</ele></trkpt>
   <trkpt lat="49.252869" lon="13.559567"><ele>469.75</ele></trkpt>
   <trkpt lat="49.253072" lon="13.559739"><ele>470.25</ele></trkpt>
   <trkpt lat="49.253249" lon="13.559922"><ele>470.75</ele></trkpt>
   <trkpt lat="49.253402" lon="13.560109"><ele>471.5</ele></trkpt>
   <trkpt lat="49.253579" lon="13.560349"><ele>472</ele></trkpt>
   <trkpt lat="49.253726" lon="13.560585"><ele>472.25</ele></trkpt>
   <trkpt lat="49.253849" lon="13.560809"><ele>472.25</ele></trkpt>
   <trkpt lat="49.254148" lon="13.56148"><ele>471.5</ele></trkpt>
   <trkpt lat="49.254274" lon="13.561802"><ele>471.5</ele></trkpt>
   <trkpt lat="49.255223" lon="13.564675"><ele>466.5</ele></trkpt>
   <trkpt lat="49.255527" lon="13.565661"><ele>464.75</ele></trkpt>
   <trkpt lat="49.255638" lon="13.566116"><ele>463.75</ele></trkpt>
   <trkpt lat="49.255737" lon="13.56656"><ele>462.75</ele></trkpt>
   <trkpt lat="49.255829" lon="13.567057"><ele>462</ele></trkpt>
   <trkpt lat="49.255896" lon="13.567476"><ele>461.25</ele></trkpt>
   <trkpt lat="49.255973" lon="13.56805"><ele>461.5</ele></trkpt>
   <trkpt lat="49.256015" lon="13.568505"><ele>461.5</ele></trkpt>
   <trkpt lat="49.256057" lon="13.569268"><ele>460.25</ele></trkpt>
   <trkpt lat="49.256069" lon="13.570046"><ele>458.75</ele></trkpt>
   <trkpt lat="49.256047" lon="13.571589"><ele>459.25</ele></trkpt>
   <trkpt lat="49.256064" lon="13.57202"><ele>459.25</ele></trkpt>
   <trkpt lat="49.256099" lon="13.572362"><ele>459.25</ele></trkpt>
   <trkpt lat="49.256156" lon="13.572727"><ele>459.25</ele></trkpt>
   <trkpt lat="49.256223" lon="13.573041"><ele>459.25</ele></trkpt>
   <trkpt lat="49.256314" lon="13.573346"><ele>459.25</ele></trkpt>
   <trkpt lat="49.256398" lon="13.573596"><ele>459.25</ele></trkpt>
   <trkpt lat="49.256451" lon="13.573722"><ele>459.25</ele></trkpt>
   <trkpt lat="49.256542" lon="13.573936"><ele>459.25</ele></trkpt>
   <trkpt lat="49.256634" lon="13.574127"><ele>459</ele></trkpt>
   <trkpt lat="49.257431" lon="13.575622"><ele>456.75</ele></trkpt>
   <trkpt lat="49.257659" lon="13.576064"><ele>456.75</ele></trkpt>
   <trkpt lat="49.257829" lon="13.576444"><ele>456.75</ele></trkpt>
   <trkpt lat="49.25796" lon="13.576769"><ele>456.25</ele></trkpt>
   <trkpt lat="49.258104" lon="13.577167"><ele>455.5</ele></trkpt>
   <trkpt lat="49.258238" lon="13.577596"><ele>454.75</ele></trkpt>
   <trkpt lat="49.258331" lon="13.577953"><ele>455</ele></trkpt>
   <trkpt lat="49.258418" lon="13.57833"><ele>455.25</ele></trkpt>
   <trkpt lat="49.258497" lon="13.57874"><ele>454.75</ele></trkpt>
   <trkpt lat="49.258557" lon="13.57911"><ele>454.5</ele></trkpt>
   <trkpt lat="49.258802" lon="13.580849"><ele>453.75</ele></trkpt>
   <trkpt lat="49.25934" lon="13.584781"><ele>456.5</ele></trkpt>
   <trkpt lat="49.259435" lon="13.585378"><ele>457</ele></trkpt>
   <trkpt lat="49.259496" lon="13.585691"><ele>457.25</ele></trkpt>
   <trkpt lat="49.259588" lon="13.586067"><ele>459.5</ele></trkpt>
   <trkpt lat="49.259624" lon="13.586211"><ele>460.5</ele></trkpt>
   <trkpt lat="49.259693" lon="13.586419"><ele>461.5</ele></trkpt>
   <trkpt lat="49.259912" lon="13.586985"><ele>465</ele></trkpt>
   <trkpt lat="49.260112" lon="13.587403"><ele>468</ele></trkpt>
   <trkpt lat="49.261706" lon="13.590525"><ele>462.5</ele></trkpt>
   <trkpt lat="49.262546" lon="13.592187"><ele>458.5</ele></trkpt>
   <trkpt lat="49.262723" lon="13.592488"><ele>459</ele></trkpt>
   <trkpt lat="49.262907" lon="13.592762"><ele>459.5</ele></trkpt>
   <trkpt lat="49.263129" lon="13.593068"><ele>458</ele></trkpt>
   <trkpt lat="49.263475" lon="13.59351"><ele>457.5</ele></trkpt>
   <trkpt lat="49.264877" lon="13.595218"><ele>459.5</ele></trkpt>
   <trkpt lat="49.265103" lon="13.595531"><ele>460</ele></trkpt>
   <trkpt lat="49.265423" lon="13.596023"><ele>461</ele></trkpt>
   <trkpt lat="49.265601" lon="13.596341"><ele>459.5</ele></trkpt>
   <trkpt lat="49.265728" lon="13.596604"><ele>457.25</ele></trkpt>
   <trkpt lat="49.265848" lon="13.596917"><ele>455.25</ele></trkpt>
   <trkpt lat="49.265951" lon="13.597245"><ele>456.5</ele></trkpt>
   <trkpt lat="49.266026" lon="13.597566"><ele>457.25</ele></trkpt>
   <trkpt lat="49.266078" lon="13.597875"><ele>457.25</ele></trkpt>
   <trkpt lat="49.266125" lon="13.598193"><ele>457</ele></trkpt>
   <trkpt lat="49.266148" lon="13.598572"><ele>456.5</ele></trkpt>
   <trkpt lat="49.266155" lon="13.598916"><ele>455.75</ele></trkpt>
   <trkpt lat="49.266149" lon="13.599215"><ele>455</ele></trkpt>
   <trkpt lat="49.266131" lon="13.599421"><ele>454.75</ele></trkpt>
   <trkpt lat="49.266089" lon="13.599749"><ele>454.25</ele></trkpt>
   <trkpt lat="49.266038" lon="13.600045"><ele>454</ele></trkpt>
   <trkpt lat="49.265969" lon="13.600395"><ele>453.75</ele></trkpt>
   <trkpt lat="49.265384" lon="13.602978"><ele>453.25</ele></trkpt>
   <trkpt lat="49.265292" lon="13.603399"><ele>453.5</ele></trkpt>
   <trkpt lat="49.265225" lon="13.603768"><ele>453.5</ele></trkpt>
   <trkpt lat="49.265168" lon="13.604186"><ele>453.25</ele></trkpt>
   <trkpt lat="49.265137" lon="13.604582"><ele>454.25</ele></trkpt>
   <trkpt lat="49.265129" lon="13.604912"><ele>455</ele></trkpt>
   <trkpt lat="49.265141" lon="13.605223"><ele>456</ele></trkpt>
   <trkpt lat="49.26517" lon="13.605526"><ele>456.75</ele></trkpt>
   <trkpt lat="49.265215" lon="13.605865"><ele>457.5</ele></trkpt>
   <trkpt lat="49.265273" lon="13.606169"><ele>459.25</ele></trkpt>
   <trkpt lat="49.265355" lon="13.606502"><ele>460.5</ele></trkpt>
   <trkpt lat="49.265458" lon="13.606837"><ele>460</ele></trkpt>
   <trkpt lat="49.265676" lon="13.607464"><ele>455.75</ele></trkpt>
   <trkpt lat="49.266405" lon="13.609659"><ele>451.25</ele></trkpt>
   <trkpt lat="49.266746" lon="13.610664"><ele>450.75</ele></trkpt>
   <trkpt lat="49.266927" lon="13.611239"><ele>450.25</ele></trkpt>
   <trkpt lat="49.26702" lon="13.61158"><ele>449.75</ele></trkpt>
   <trkpt lat="49.267076" lon="13.611855"><ele>449.75</ele></trkpt>
   <trkpt lat="49.267136" lon="13.612231"><ele>449.75</ele></trkpt>
   <trkpt lat="49.267407" lon="13.614601"><ele>447.5</ele></trkpt>
   <trkpt lat="49.267433" lon="13.615224"><ele>449</ele></trkpt>
   <trkpt lat="49.26767" lon="13.617335"><ele>450.5</ele></trkpt>
   <trkpt lat="49.267839" lon="13.618842"><ele>450.25</ele></trkpt>
   <trkpt lat="49.267941" lon="13.61948"><ele>448.5</ele></trkpt>
   <trkpt lat="49.267987" lon="13.619868"><ele>447.5</ele></trkpt>
   <trkpt lat="49.268537" lon="13.624727"><ele>446.5</ele></trkpt>
   <trkpt lat="49.268636" lon="13.625531"><ele>443</ele></trkpt>
   <trkpt lat="49.268663" lon="13.6257"><ele>442</ele></trkpt>
   <trkpt lat="49.268712" lon="13.625965"><ele>441.75</ele></trkpt>
   <trkpt lat="49.268746" lon="13.62612"><ele>442</ele></trkpt>
   <trkpt lat="49.268821" lon="13.626401"><ele>442.75</ele></trkpt>
   <trkpt lat="49.268923" lon="13.62673"><ele>443.75</ele></trkpt>
   <trkpt lat="49.269024" lon="13.626994"><ele>444.25</ele></trkpt>
   <trkpt lat="49.269409" lon="13.627931"><ele>445</ele></trkpt>
   <trkpt lat="49.269485" lon="13.62811"><ele>445</ele></trkpt>
   <trkpt lat="49.270149" lon="13.629684"><ele>444.75</ele></trkpt>
   <trkpt lat="49.270297" lon="13.630067"><ele>444.5</ele></trkpt>
   <trkpt lat="49.270407" lon="13.630408"><ele>444.75</ele></trkpt>
   <trkpt lat="49.270511" lon="13.630774"><ele>444.5</ele></trkpt>
   <trkpt lat="49.270602" lon="13.63113"><ele>444</ele></trkpt>
   <trkpt lat="49.270699" lon="13.631587"><ele>443</ele></trkpt>
   <trkpt lat="49.271085" lon="13.63358"><ele>443.25</ele></trkpt>
   <trkpt lat="49.271252" lon="13.634434"><ele>442.75</ele></trkpt>
   <trkpt lat="49.271344" lon="13.634823"><ele>443</ele></trkpt>
   <trkpt lat="49.271424" lon="13.635101"><ele>443.25</ele></trkpt>
   <trkpt lat="49.271536" lon="13.635437"><ele>443</ele></trkpt>
   <trkpt lat="49.271645" lon="13.63572"><ele>443</ele></trkpt>
   <trkpt lat="49.271811" lon="13.636093"><ele>442.25</ele></trkpt>
   <trkpt lat="49.271992" lon="13.636423"><ele>442.25</ele></trkpt>
   <trkpt lat="49.272164" lon="13.636702"><ele>442.25</ele></trkpt>
   <trkpt lat="49.272587" lon="13.637271"><ele>442.25</ele></trkpt>
   <trkpt lat="49.275336" lon="13.640604"><ele>447.25</ele></trkpt>
   <trkpt lat="49.275491" lon="13.640764"><ele>445.75</ele></trkpt>
   <trkpt lat="49.275679" lon="13.640927"><ele>443.25</ele></trkpt>
   <trkpt lat="49.27585" lon="13.641058"><ele>441.5</ele></trkpt>
   <trkpt lat="49.276048" lon="13.641187"><ele>441.25</ele></trkpt>
   <trkpt lat="49.276295" lon="13.641318"><ele>440.75</ele></trkpt>
   <trkpt lat="49.276543" lon="13.641417"><ele>439.5</ele></trkpt>
   <trkpt lat="49.276849" lon="13.641521"><ele>438.25</ele></trkpt>
   <trkpt lat="49.277953" lon="13.641877"><ele>439</ele></trkpt>
   <trkpt lat="49.278048" lon="13.641908"><ele>439.75</ele></trkpt>
   <trkpt lat="49.281161" lon="13.642913"><ele>443.25</ele></trkpt>
   <trkpt lat="49.286229" lon="13.644537"><ele>445</ele></trkpt>
   <trkpt lat="49.28632" lon="13.644566"><ele>445.5</ele></trkpt>
   <trkpt lat="49.28686" lon="13.644746"><ele>446.5</ele></trkpt>
   <trkpt lat="49.287437" lon="13.644985"><ele>442.5</ele></trkpt>
   <trkpt lat="49.288026" lon="13.645292"><ele>440.5</ele></trkpt>
   <trkpt lat="49.288349" lon="13.645498"><ele>437.75</ele></trkpt>
   <trkpt lat="49.28879" lon="13.645813"><ele>437.75</ele></trkpt>
   <trkpt lat="49.289034" lon="13.646003"><ele>437.75</ele></trkpt>
   <trkpt lat="49.290725" lon="13.647503"><ele>434.5</ele></trkpt>
   <trkpt lat="49.29078" lon="13.647552"><ele>434.25</ele></trkpt>
   <trkpt lat="49.293818" lon="13.650265"><ele>433.5</ele></trkpt>
   <trkpt lat="49.293884" lon="13.650324"><ele>433.25</ele></trkpt>
   <trkpt lat="49.294528" lon="13.650911"><ele>433</ele></trkpt>
   <trkpt lat="49.294716" lon="13.651108"><ele>433.5</ele></trkpt>
   <trkpt lat="49.294979" lon="13.651403"><ele>433.5</ele></trkpt>
   <trkpt lat="49.295179" lon="13.65166"><ele>434.75</ele></trkpt>
   <trkpt lat="49.295369" lon="13.651924"><ele>436</ele></trkpt>
   <trkpt lat="49.295561" lon="13.652229"><ele>437</ele></trkpt>
   <trkpt lat="49.295761" lon="13.652568"><ele>437.75</ele></trkpt>
   <trkpt lat="49.295939" lon="13.652909"><ele>437.75</ele></trkpt>
   <trkpt lat="49.296099" lon="13.653258"><ele>437.5</ele></trkpt>
   <trkpt lat="49.296287" lon="13.653712"><ele>436.25</ele></trkpt>
   <trkpt lat="49.296421" lon="13.654099"><ele>435.25</ele></trkpt>
   <trkpt lat="49.296509" lon="13.654348"><ele>434.75</ele></trkpt>
   <trkpt lat="49.296662" lon="13.654907"><ele>434</ele></trkpt>
   <trkpt lat="49.296794" lon="13.65551"><ele>432.75</ele></trkpt>
   <trkpt lat="49.29689" lon="13.656079"><ele>432.25</ele></trkpt>
   <trkpt lat="49.29703" lon="13.656664"><ele>432.5</ele></trkpt>
   <trkpt lat="49.297125" lon="13.657035"><ele>433.25</ele></trkpt>
   <trkpt lat="49.297202" lon="13.657372"><ele>433.5</ele></trkpt>
   <trkpt lat="49.297263" lon="13.657678"><ele>433.25</ele></trkpt>
   <trkpt lat="49.297422" lon="13.658608"><ele>431</ele></trkpt>
   <trkpt lat="49.297794" lon="13.661095"><ele>429.75</ele></trkpt>
   <trkpt lat="49.297904" lon="13.661614"><ele>429.5</ele></trkpt>
   <trkpt lat="49.297974" lon="13.661892"><ele>429.25</ele></trkpt>
   <trkpt lat="49.298169" lon="13.662494"><ele>428.75</ele></trkpt>
   <trkpt lat="49.298695" lon="13.663972"><ele>430.25</ele></trkpt>
   <trkpt lat="49.298774" lon="13.664247"><ele>430.5</ele></trkpt>
   <trkpt lat="49.298892" lon="13.664703"><ele>430.5</ele></trkpt>
   <trkpt lat="49.298955" lon="13.66494"><ele>430.25</ele></trkpt>
   <trkpt lat="49.299049" lon="13.665289"><ele>430</ele></trkpt>
   <trkpt lat="49.299115" lon="13.665474"><ele>429.5</ele></trkpt>
   <trkpt lat="49.299252" lon="13.665854"><ele>429</ele></trkpt>
   <trkpt lat="49.299344" lon="13.666084"><ele>429.5</ele></trkpt>
   <trkpt lat="49.299462" lon="13.666322"><ele>429.75</ele></trkpt>
   <trkpt lat="49.299595" lon="13.666576"><ele>430.25</ele></trkpt>
   <trkpt lat="49.299738" lon="13.666789"><ele>430.5</ele></trkpt>
   <trkpt lat="49.299892" lon="13.666997"><ele>430.5</ele></trkpt>
   <trkpt lat="49.300039" lon="13.667166"><ele>430.5</ele></trkpt>
   <trkpt lat="49.300246" lon="13.667361"><ele>430</ele></trkpt>
   <trkpt lat="49.30042" lon="13.667509"><ele>429.75</ele></trkpt>
   <trkpt lat="49.303278" lon="13.669745"><ele>434.25</ele></trkpt>
   <trkpt lat="49.304248" lon="13.67049"><ele>427.25</ele></trkpt>
   <trkpt lat="49.305746" lon="13.671658"><ele>426</ele></trkpt>
   <trkpt lat="49.308726" lon="13.673983"><ele>427.5</ele></trkpt>
   <trkpt lat="49.308985" lon="13.674211"><ele>427.75</ele></trkpt>
   <trkpt lat="49.309062" lon="13.674288"><ele>428.75</ele></trkpt>
   <trkpt lat="49.309551" lon="13.674808"><ele>431.75</ele></trkpt>
   <trkpt lat="49.309738" lon="13.675055"><ele>432.25</ele></trkpt>
   <trkpt lat="49.309911" lon="13.675306"><ele>433</ele></trkpt>
   <trkpt lat="49.310763" lon="13.676683"><ele>435</ele></trkpt>
   <trkpt lat="49.310955" lon="13.676949"><ele>436.75</ele></trkpt>
   <trkpt lat="49.311169" lon="13.677198"><ele>437.5</ele></trkpt>
   <trkpt lat="49.311493" lon="13.677493"><ele>436.75</ele></trkpt>
   <trkpt lat="49.311903" lon="13.677818"><ele>438.75</ele></trkpt>
   <trkpt lat="49.313508" lon="13.679115"><ele>442</ele></trkpt>
   <trkpt lat="49.313753" lon="13.679289"><ele>443.75</ele></trkpt>
   <trkpt lat="49.314024" lon="13.679404"><ele>444</ele></trkpt>
   <trkpt lat="49.314262" lon="13.679482"><ele>444.5</ele></trkpt>
   <trkpt lat="49.314426" lon="13.679518"><ele>445</ele></trkpt>
   <trkpt lat="49.314618" lon="13.679545"><ele>445.25</ele></trkpt>
   <trkpt lat="49.315328" lon="13.679563"><ele>443.75</ele></trkpt>
   <trkpt lat="49.315558" lon="13.679592"><ele>444</ele></trkpt>
   <trkpt lat="49.315796" lon="13.679653"><ele>445</ele></trkpt>
   <trkpt lat="49.316008" lon="13.679724"><ele>444.5</ele></trkpt>
   <trkpt lat="49.316217" lon="13.679811"><ele>443.5</ele></trkpt>
   <trkpt lat="49.316526" lon="13.679969"><ele>440.5</ele></trkpt>
   <trkpt lat="49.316817" lon="13.680146"><ele>441.75</ele></trkpt>
   <trkpt lat="49.317093" lon="13.680328"><ele>443.25</ele></trkpt>
   <trkpt lat="49.317341" lon="13.680508"><ele>443.25</ele></trkpt>
   <trkpt lat="49.317601" lon="13.680743"><ele>442.25</ele></trkpt>
   <trkpt lat="49.317825" lon="13.680981"><ele>442</ele></trkpt>
   <trkpt lat="49.318014" lon="13.681217"><ele>441.25</ele></trkpt>
   <trkpt lat="49.318181" lon="13.681483"><ele>439.25</ele></trkpt>
   <trkpt lat="49.318306" lon="13.681728"><ele>437</ele></trkpt>
   <trkpt lat="49.318432" lon="13.682016"><ele>438.25</ele></trkpt>
   <trkpt lat="49.318542" lon="13.682364"><ele>440</ele></trkpt>
   <trkpt lat="49.318618" lon="13.682639"><ele>439.75</ele></trkpt>
   <trkpt lat="49.318698" lon="13.683004"><ele>438.5</ele></trkpt>
   <trkpt lat="49.318785" lon="13.683477"><ele>436.25</ele></trkpt>
   <trkpt lat="49.319365" lon="13.687103"><ele>424.75</ele></trkpt>
   <trkpt lat="49.319569" lon="13.688356"><ele>424</ele></trkpt>
   <trkpt lat="49.319634" lon="13.688789"><ele>423.5</ele></trkpt>
   <trkpt lat="49.319695" lon="13.689265"><ele>422.75</ele></trkpt>
   <trkpt lat="49.31974" lon="13.689718"><ele>422.75</ele></trkpt>
   <trkpt lat="49.319786" lon="13.690437"><ele>423.25</ele></trkpt>
   <trkpt lat="49.319791" lon="13.690572"><ele>423.5</ele></trkpt>
   <trkpt lat="49.319793" lon="13.691378"><ele>424</ele></trkpt>
   <trkpt lat="49.319762" lon="13.692102"><ele>424.75</ele></trkpt>
   <trkpt lat="49.319733" lon="13.692547"><ele>425.5</ele></trkpt>
   <trkpt lat="49.319687" lon="13.693008"><ele>425.25</ele></trkpt>
   <trkpt lat="49.31962" lon="13.693512"><ele>425.25</ele></trkpt>
   <trkpt lat="49.319544" lon="13.693985"><ele>425.5</ele></trkpt>
   <trkpt lat="49.319487" lon="13.694298"><ele>425.5</ele></trkpt>
   <trkpt lat="49.319342" lon="13.694947"><ele>425.25</ele></trkpt>
   <trkpt lat="49.319252" lon="13.695291"><ele>425.5</ele></trkpt>
   <trkpt lat="49.319133" lon="13.695698"><ele>426.25</ele></trkpt>
   <trkpt lat="49.319009" lon="13.69609"><ele>426.75</ele></trkpt>
   <trkpt lat="49.31852" lon="13.697552"><ele>429</ele></trkpt>
   <trkpt lat="49.318271" lon="13.698323"><ele>430.5</ele></trkpt>
   <trkpt lat="49.318182" lon="13.698644"><ele>430.5</ele></trkpt>
   <trkpt lat="49.318112" lon="13.698961"><ele>430.5</ele></trkpt>
   <trkpt lat="49.318063" lon="13.699259"><ele>430.5</ele></trkpt>
   <trkpt lat="49.318031" lon="13.699554"><ele>430.25</ele></trkpt>
   <trkpt lat="49.318016" lon="13.699843"><ele>429.75</ele></trkpt>
   <trkpt lat="49.318011" lon="13.700134"><ele>429</ele></trkpt>
   <trkpt lat="49.31802" lon="13.700397"><ele>428.5</ele></trkpt>
   <trkpt lat="49.318036" lon="13.700638"><ele>427.75</ele></trkpt>
   <trkpt lat="49.318066" lon="13.700905"><ele>426.75</ele></trkpt>
   <trkpt lat="49.318102" lon="13.701154"><ele>426.5</ele></trkpt>
   <trkpt lat="49.318168" lon="13.70147"><ele>426.5</ele></trkpt>
   <trkpt lat="49.318248" lon="13.70179"><ele>426.25</ele></trkpt>
   <trkpt lat="49.318605" lon="13.702944"><ele>426</ele></trkpt>
   <trkpt lat="49.319793" lon="13.70676"><ele>426</ele></trkpt>
   <trkpt lat="49.319929" lon="13.707186"><ele>424.75</ele></trkpt>
   <trkpt lat="49.320028" lon="13.707463"><ele>424</ele></trkpt>
   <trkpt lat="49.320063" lon="13.707561"><ele>424</ele></trkpt>
   <trkpt lat="49.320097" lon="13.707654"><ele>423.75</ele></trkpt>
   <trkpt lat="49.320232" lon="13.708023"><ele>423.25</ele></trkpt>
   <trkpt lat="49.320371" lon="13.708376"><ele>423.25</ele></trkpt>
   <trkpt lat="49.320945" lon="13.709875"><ele>423.25</ele></trkpt>
   <trkpt lat="49.320967" lon="13.709934"><ele>423</ele></trkpt>
   <trkpt lat="49.321145" lon="13.710402"><ele>423.75</ele></trkpt>
   <trkpt lat="49.32195" lon="13.712517"><ele>423.75</ele></trkpt>
   <trkpt lat="49.322966" lon="13.715323"><ele>424.25</ele></trkpt>
   <trkpt lat="49.323586" lon="13.716951"><ele>427</ele></trkpt>
   <trkpt lat="49.32371" lon="13.717292"><ele>427.25</ele></trkpt>
   <trkpt lat="49.32487" lon="13.720323"><ele>426.25</ele></trkpt>
   <trkpt lat="49.324917" lon="13.72045"><ele>426.5</ele></trkpt>
   <trkpt lat="49.326307" lon="13.724108"><ele>427.5</ele></trkpt>
   <trkpt lat="49.326348" lon="13.724217"><ele>427.5</ele></trkpt>
   <trkpt lat="49.327371" lon="13.726903"><ele>430</ele></trkpt>
   <trkpt lat="49.327487" lon="13.727199"><ele>430.5</ele></trkpt>
   <trkpt lat="49.327603" lon="13.727469"><ele>431.25</ele></trkpt>
   <trkpt lat="49.327712" lon="13.72769"><ele>431.75</ele></trkpt>
   <trkpt lat="49.327854" lon="13.727942"><ele>432.75</ele></trkpt>
   <trkpt lat="49.327985" lon="13.72815"><ele>433.5</ele></trkpt>
   <trkpt lat="49.328124" lon="13.728346"><ele>434</ele></trkpt>
   <trkpt lat="49.32826" lon="13.728515"><ele>434.75</ele></trkpt>
   <trkpt lat="49.328414" lon="13.728682"><ele>435</ele></trkpt>
   <trkpt lat="49.328606" lon="13.728873"><ele>435.75</ele></trkpt>
   <trkpt lat="49.328941" lon="13.729124"><ele>437</ele></trkpt>
   <trkpt lat="49.329226" lon="13.729282"><ele>437.75</ele></trkpt>
   <trkpt lat="49.329373" lon="13.72935"><ele>437.75</ele></trkpt>
   <trkpt lat="49.329532" lon="13.729405"><ele>437.5</ele></trkpt>
   <trkpt lat="49.329718" lon="13.729455"><ele>437.5</ele></trkpt>
   <trkpt lat="49.329904" lon="13.729492"><ele>437.25</ele></trkpt>
   <trkpt lat="49.330605" lon="13.729597"><ele>439.75</ele></trkpt>
   <trkpt lat="49.330813" lon="13.729657"><ele>440.5</ele></trkpt>
   <trkpt lat="49.330998" lon="13.729728"><ele>440.25</ele></trkpt>
   <trkpt lat="49.331131" lon="13.729799"><ele>440</ele></trkpt>
   <trkpt lat="49.331301" lon="13.729902"><ele>439.5</ele></trkpt>
   <trkpt lat="49.331577" lon="13.73012"><ele>438.5</ele></trkpt>
   <trkpt lat="49.331851" lon="13.730442"><ele>436.75</ele></trkpt>
   <trkpt lat="49.332006" lon="13.730672"><ele>435.75</ele></trkpt>
   <trkpt lat="49.332128" lon="13.730878"><ele>434.5</ele></trkpt>
   <trkpt lat="49.33229" lon="13.731238"><ele>432.25</ele></trkpt>
   <trkpt lat="49.33238" lon="13.731504"><ele>430.25</ele></trkpt>
   <trkpt lat="49.332447" lon="13.731726"><ele>429.25</ele></trkpt>
   <trkpt lat="49.332507" lon="13.732004"><ele>429</ele></trkpt>
   <trkpt lat="49.33256" lon="13.732296"><ele>429</ele></trkpt>
   <trkpt lat="49.332601" lon="13.732581"><ele>428.75</ele></trkpt>
   <trkpt lat="49.332622" lon="13.732862"><ele>428.75</ele></trkpt>
   <trkpt lat="49.33263" lon="13.733168"><ele>428.75</ele></trkpt>
   <trkpt lat="49.332626" lon="13.733306"><ele>428.5</ele></trkpt>
   <trkpt lat="49.332622" lon="13.733418"><ele>428.5</ele></trkpt>
   <trkpt lat="49.332584" lon="13.733862"><ele>428.5</ele></trkpt>
   <trkpt lat="49.332547" lon="13.734113"><ele>428.5</ele></trkpt>
   <trkpt lat="49.332316" lon="13.735336"><ele>429</ele></trkpt>
   <trkpt lat="49.332158" lon="13.735916"><ele>429</ele></trkpt>
   <trkpt lat="49.33196" lon="13.736519"><ele>429.5</ele></trkpt>
   <trkpt lat="49.331722" lon="13.737321"><ele>429.75</ele></trkpt>
   <trkpt lat="49.33106" lon="13.739627"><ele>430.5</ele></trkpt>
   <trkpt lat="49.330877" lon="13.740284"><ele>429.75</ele></trkpt>
   <trkpt lat="49.330673" lon="13.740981"><ele>430</ele></trkpt>
   <trkpt lat="49.330376" lon="13.742151"><ele>431</ele></trkpt>
   <trkpt lat="49.330227" lon="13.742648"><ele>431</ele></trkpt>
   <trkpt lat="49.330035" lon="13.743285"><ele>430</ele></trkpt>
   <trkpt lat="49.329948" lon="13.743541"><ele>430</ele></trkpt>
   <trkpt lat="49.329793" lon="13.743941"><ele>430.5</ele></trkpt>
   <trkpt lat="49.329617" lon="13.744321"><ele>431.75</ele></trkpt>
   <trkpt lat="49.329417" lon="13.744727"><ele>433</ele></trkpt>
   <trkpt lat="49.329096" lon="13.745327"><ele>435.75</ele></trkpt>
   <trkpt lat="49.328655" lon="13.74608"><ele>440.25</ele></trkpt>
   <trkpt lat="49.327951" lon="13.747239"><ele>442</ele></trkpt>
   <trkpt lat="49.326769" lon="13.749177"><ele>433</ele></trkpt>
   <trkpt lat="49.324159" lon="13.753476"><ele>425.25</ele></trkpt>
   <trkpt lat="49.324116" lon="13.753547"><ele>425.75</ele></trkpt>
   <trkpt lat="49.318133" lon="13.763379"><ele>428.5</ele></trkpt>
   <trkpt lat="49.316096" lon="13.766737"><ele>421</ele></trkpt>
   <trkpt lat="49.315702" lon="13.767358"><ele>420.5</ele></trkpt>
   <trkpt lat="49.315533" lon="13.767596"><ele>421.25</ele></trkpt>
   <trkpt lat="49.315309" lon="13.7679"><ele>423.25</ele></trkpt>
   <trkpt lat="49.315104" lon="13.768164"><ele>425</ele></trkpt>
   <trkpt lat="49.31466" lon="13.768677"><ele>426</ele></trkpt>
   <trkpt lat="49.314427" lon="13.768916"><ele>425.5</ele></trkpt>
   <trkpt lat="49.313992" lon="13.769323"><ele>424.75</ele></trkpt>
   <trkpt lat="49.313484" lon="13.76973"><ele>423.75</ele></trkpt>
   <trkpt lat="49.311273" lon="13.771311"><ele>416</ele></trkpt>
   <trkpt lat="49.311081" lon="13.771448"><ele>416.25</ele></trkpt>
   <trkpt lat="49.309612" lon="13.772493"><ele>423.25</ele></trkpt>
   <trkpt lat="49.309341" lon="13.772703"><ele>423.25</ele></trkpt>
   <trkpt lat="49.308927" lon="13.773059"><ele>421.5</ele></trkpt>
   <trkpt lat="49.308733" lon="13.773238"><ele>420.75</ele></trkpt>
   <trkpt lat="49.30824" lon="13.773729"><ele>420</ele></trkpt>
   <trkpt lat="49.307898" lon="13.774112"><ele>420.25</ele></trkpt>
   <trkpt lat="49.307561" lon="13.774527"><ele>420</ele></trkpt>
   <trkpt lat="49.307172" lon="13.775032"><ele>417.75</ele></trkpt>
   <trkpt lat="49.306841" lon="13.775514"><ele>417.5</ele></trkpt>
   <trkpt lat="49.306529" lon="13.776016"><ele>417.75</ele></trkpt>
   <trkpt lat="49.306244" lon="13.776527"><ele>418</ele></trkpt>
   <trkpt lat="49.305797" lon="13.777432"><ele>417.25</ele></trkpt>
   <trkpt lat="49.30565" lon="13.777757"><ele>417.5</ele></trkpt>
   <trkpt lat="49.305365" lon="13.778428"><ele>417.75</ele></trkpt>
   <trkpt lat="49.305169" lon="13.778933"><ele>417.5</ele></trkpt>
   <trkpt lat="49.304933" lon="13.779603"><ele>417.25</ele></trkpt>
   <trkpt lat="49.304668" lon="13.780443"><ele>417.25</ele></trkpt>
   <trkpt lat="49.304429" lon="13.781294"><ele>416.25</ele></trkpt>
   <trkpt lat="49.302777" lon="13.787453"><ele>416.5</ele></trkpt>
   <trkpt lat="49.302586" lon="13.788179"><ele>416.75</ele></trkpt>
   <trkpt lat="49.302385" lon="13.788879"><ele>416</ele></trkpt>
   <trkpt lat="49.302161" lon="13.789573"><ele>416.25</ele></trkpt>
   <trkpt lat="49.301996" lon="13.790026"><ele>416.75</ele></trkpt>
   <trkpt lat="49.301634" lon="13.790872"><ele>417</ele></trkpt>
   <trkpt lat="49.301479" lon="13.791168"><ele>416.75</ele></trkpt>
   <trkpt lat="49.301145" lon="13.791747"><ele>416.5</ele></trkpt>
   <trkpt lat="49.30096" lon="13.792034"><ele>416.5</ele></trkpt>
   <trkpt lat="49.300598" lon="13.792542"><ele>416</ele></trkpt>
   <trkpt lat="49.300408" lon="13.79278"><ele>415.75</ele></trkpt>
   <trkpt lat="49.300193" lon="13.793026"><ele>415.5</ele></trkpt>
   <trkpt lat="49.299775" lon="13.793465"><ele>415.25</ele></trkpt>
   <trkpt lat="49.29545" lon="13.797333"><ele>410</ele></trkpt>
   <trkpt lat="49.295361" lon="13.797412"><ele>410</ele></trkpt>
   <trkpt lat="49.293432" lon="13.799133"><ele>416.25</ele></trkpt>
   <trkpt lat="49.292992" lon="13.799505"><ele>417.25</ele></trkpt>
   <trkpt lat="49.292528" lon="13.79982"><ele>418.25</ele></trkpt>
   <trkpt lat="49.292263" lon="13.799964"><ele>418.25</ele></trkpt>
   <trkpt lat="49.292004" lon="13.800074"><ele>418.5</ele></trkpt>
   <trkpt lat="49.291681" lon="13.800189"><ele>418.75</ele></trkpt>
   <trkpt lat="49.291333" lon="13.800274"><ele>416.75</ele></trkpt>
   <trkpt lat="49.290787" lon="13.800384"><ele>413.5</ele></trkpt>
   <trkpt lat="49.288854" lon="13.800742"><ele>410.75</ele></trkpt>
   <trkpt lat="49.288288" lon="13.800858"><ele>409.75</ele></trkpt>
   <trkpt lat="49.287465" lon="13.801016"><ele>408.5</ele></trkpt>
   <trkpt lat="49.286766" lon="13.801175"><ele>407.5</ele></trkpt>
   <trkpt lat="49.286488" lon="13.801253"><ele>407.25</ele></trkpt>
   <trkpt lat="49.285601" lon="13.801559"><ele>404.75</ele></trkpt>
   <trkpt lat="49.285161" lon="13.801748"><ele>402.75</ele></trkpt>
   <trkpt lat="49.285074" lon="13.801787"><ele>402.25</ele></trkpt>
   <trkpt lat="49.282541" lon="13.80285"><ele>404</ele></trkpt>
   <trkpt lat="49.282444" lon="13.802891"><ele>404</ele></trkpt>
   <trkpt lat="49.281666" lon="13.803221"><ele>403.25</ele></trkpt>
   <trkpt lat="49.28106" lon="13.803481"><ele>401.75</ele></trkpt>
   <trkpt lat="49.280259" lon="13.803821"><ele>404.5</ele></trkpt>
   <trkpt lat="49.279925" lon="13.803985"><ele>406.75</ele></trkpt>
   <trkpt lat="49.279538" lon="13.804217"><ele>408</ele></trkpt>
   <trkpt lat="49.279174" lon="13.804496"><ele>408.75</ele></trkpt>
   <trkpt lat="49.27901" lon="13.804646"><ele>410.5</ele></trkpt>
   <trkpt lat="49.278836" lon="13.804821"><ele>412</ele></trkpt>
   <trkpt lat="49.278499" lon="13.805186"><ele>413.75</ele></trkpt>
   <trkpt lat="49.278183" lon="13.805645"><ele>414.75</ele></trkpt>
   <trkpt lat="49.278041" lon="13.805873"><ele>415.25</ele></trkpt>
   <trkpt lat="49.277891" lon="13.80614"><ele>415.25</ele></trkpt>
   <trkpt lat="49.277748" lon="13.806428"><ele>414.5</ele></trkpt>
   <trkpt lat="49.277624" lon="13.806703"><ele>413.25</ele></trkpt>
   <trkpt lat="49.277514" lon="13.80698"><ele>413.75</ele></trkpt>
   <trkpt lat="49.277307" lon="13.80758"><ele>413.5</ele></trkpt>
   <trkpt lat="49.277223" lon="13.807861"><ele>412.5</ele></trkpt>
   <trkpt lat="49.277051" lon="13.808551"><ele>410.75</ele></trkpt>
   <trkpt lat="49.276499" lon="13.811175"><ele>411.75</ele></trkpt>
   <trkpt lat="49.276409" lon="13.811541"><ele>412.75</ele></trkpt>
   <trkpt lat="49.276201" lon="13.812293"><ele>413.25</ele></trkpt>
   <trkpt lat="49.276075" lon="13.812688"><ele>413</ele></trkpt>
   <trkpt lat="49.275749" lon="13.813585"><ele>408.75</ele></trkpt>
   <trkpt lat="49.275142" lon="13.815178"><ele>409.75</ele></trkpt>
   <trkpt lat="49.275118" lon="13.815243"><ele>410.25</ele></trkpt>
   <trkpt lat="49.274353" lon="13.817259"><ele>412.5</ele></trkpt>
   <trkpt lat="49.274051" lon="13.818022"><ele>410.5</ele></trkpt>
   <trkpt lat="49.273917" lon="13.818334"><ele>410</ele></trkpt>
   <trkpt lat="49.273764" lon="13.818665"><ele>409.5</ele></trkpt>
   <trkpt lat="49.27362" lon="13.818957"><ele>408.75</ele></trkpt>
   <trkpt lat="49.273455" lon="13.81926"><ele>408</ele></trkpt>
   <trkpt lat="49.273295" lon="13.819531"><ele>407.75</ele></trkpt>
   <trkpt lat="49.273116" lon="13.819811"><ele>407.5</ele></trkpt>
   <trkpt lat="49.272944" lon="13.820061"><ele>407.5</ele></trkpt>
   <trkpt lat="49.272756" lon="13.82032"><ele>407.75</ele></trkpt>
   <trkpt lat="49.272566" lon="13.820556"><ele>408</ele></trkpt>
   <trkpt lat="49.272357" lon="13.820794"><ele>408.5</ele></trkpt>
   <trkpt lat="49.272181" lon="13.820981"><ele>408.5</ele></trkpt>
   <trkpt lat="49.271937" lon="13.821221"><ele>408.25</ele></trkpt>
   <trkpt lat="49.271468" lon="13.82165"><ele>409</ele></trkpt>
   <trkpt lat="49.271027" lon="13.82203"><ele>409</ele></trkpt>
   <trkpt lat="49.270766" lon="13.822252"><ele>408.5</ele></trkpt>
   <trkpt lat="49.269397" lon="13.82344"><ele>408.75</ele></trkpt>
   <trkpt lat="49.268498" lon="13.824224"><ele>408.25</ele></trkpt>
   <trkpt lat="49.268287" lon="13.824404"><ele>408</ele></trkpt>
   <trkpt lat="49.267794" lon="13.824843"><ele>408</ele></trkpt>
   <trkpt lat="49.267419" lon="13.825216"><ele>408.25</ele></trkpt>
   <trkpt lat="49.26727" lon="13.825385"><ele>408.25</ele></trkpt>
   <trkpt lat="49.267109" lon="13.825589"><ele>408.25</ele></trkpt>
   <trkpt lat="49.266964" lon="13.825791"><ele>408.5</ele></trkpt>
   <trkpt lat="49.266687" lon="13.826229"><ele>409.75</ele></trkpt>
   <trkpt lat="49.266554" lon="13.826464"><ele>410</ele></trkpt>
   <trkpt lat="49.266437" lon="13.826694"><ele>410</ele></trkpt>
   <trkpt lat="49.266314" lon="13.826959"><ele>409.75</ele></trkpt>
   <trkpt lat="49.266107" lon="13.827467"><ele>409.5</ele></trkpt>
   <trkpt lat="49.265747" lon="13.82843"><ele>408.25</ele></trkpt>
   <trkpt lat="49.265604" lon="13.828811"><ele>406.25</ele></trkpt>
   <trkpt lat="49.265014" lon="13.830433"><ele>402.75</ele></trkpt>
   <trkpt lat="49.264917" lon="13.830695"><ele>403.75</ele></trkpt>
   <trkpt lat="49.264614" lon="13.831524"><ele>406.25</ele></trkpt>
   <trkpt lat="49.260828" lon="13.841885"><ele>404</ele></trkpt>
   <trkpt lat="49.260002" lon="13.844147"><ele>402</ele></trkpt>
   <trkpt lat="49.259957" lon="13.844271"><ele>402</ele></trkpt>
   <trkpt lat="49.259199" lon="13.846333"><ele>405.75</ele></trkpt>
   <trkpt lat="49.258201" lon="13.849076"><ele>405.75</ele></trkpt>
   <trkpt lat="49.258007" lon="13.849635"><ele>406</ele></trkpt>
   <trkpt lat="49.257885" lon="13.850038"><ele>406.75</ele></trkpt>
   <trkpt lat="49.257761" lon="13.850528"><ele>406.75</ele></trkpt>
   <trkpt lat="49.257679" lon="13.850926"><ele>406.5</ele></trkpt>
   <trkpt lat="49.257625" lon="13.851234"><ele>406</ele></trkpt>
   <trkpt lat="49.257579" lon="13.851561"><ele>405.5</ele></trkpt>
   <trkpt lat="49.257544" lon="13.851878"><ele>405.5</ele></trkpt>
   <trkpt lat="49.257511" lon="13.85223"><ele>405.75</ele></trkpt>
   <trkpt lat="49.257485" lon="13.852904"><ele>405</ele></trkpt>
   <trkpt lat="49.257485" lon="13.853258"><ele>404.25</ele></trkpt>
   <trkpt lat="49.257502" lon="13.853702"><ele>404.25</ele></trkpt>
   <trkpt lat="49.257525" lon="13.854087"><ele>404.5</ele></trkpt>
   <trkpt lat="49.257544" lon="13.854306"><ele>404.5</ele></trkpt>
   <trkpt lat="49.257734" lon="13.856372"><ele>405.75</ele></trkpt>
   <trkpt lat="49.258052" lon="13.85972"><ele>407</ele></trkpt>
   <trkpt lat="49.258188" lon="13.861249"><ele>407.75</ele></trkpt>
   <trkpt lat="49.258222" lon="13.861876"><ele>407</ele></trkpt>
   <trkpt lat="49.258238" lon="13.86253"><ele>402.25</ele></trkpt>
   <trkpt lat="49.258238" lon="13.862959"><ele>403.25</ele></trkpt>
   <trkpt lat="49.258229" lon="13.863395"><ele>404.25</ele></trkpt>
   <trkpt lat="49.258208" lon="13.863869"><ele>405</ele></trkpt>
   <trkpt lat="49.258138" lon="13.864701"><ele>404.75</ele></trkpt>
   <trkpt lat="49.258093" lon="13.865113"><ele>404.25</ele></trkpt>
   <trkpt lat="49.258035" lon="13.865549"><ele>403.5</ele></trkpt>
   <trkpt lat="49.25797" lon="13.865953"><ele>403</ele></trkpt>
   <trkpt lat="49.257892" lon="13.866387"><ele>402.25</ele></trkpt>
   <trkpt lat="49.257812" lon="13.866773"><ele>401.75</ele></trkpt>
   <trkpt lat="49.25772" lon="13.867177"><ele>402</ele></trkpt>
   <trkpt lat="49.257616" lon="13.867581"><ele>402</ele></trkpt>
   <trkpt lat="49.257385" lon="13.868411"><ele>401.25</ele></trkpt>
   <trkpt lat="49.256072" lon="13.872908"><ele>398.75</ele></trkpt>
   <trkpt lat="49.255887" lon="13.873584"><ele>400.5</ele></trkpt>
   <trkpt lat="49.255803" lon="13.873914"><ele>401</ele></trkpt>
   <trkpt lat="49.255707" lon="13.874345"><ele>401.5</ele></trkpt>
   <trkpt lat="49.255625" lon="13.874749"><ele>401.75</ele></trkpt>
   <trkpt lat="49.255549" lon="13.875163"><ele>402</ele></trkpt>
   <trkpt lat="49.255487" lon="13.875577"><ele>401.75</ele></trkpt>
   <trkpt lat="49.255419" lon="13.876088"><ele>403</ele></trkpt>
   <trkpt lat="49.255364" lon="13.876576"><ele>405.5</ele></trkpt>
   <trkpt lat="49.255321" lon="13.877153"><ele>406.25</ele></trkpt>
   <trkpt lat="49.255293" lon="13.877725"><ele>406.75</ele></trkpt>
   <trkpt lat="49.255279" lon="13.878397"><ele>407.75</ele></trkpt>
   <trkpt lat="49.25529" lon="13.878966"><ele>406.5</ele></trkpt>
   <trkpt lat="49.255309" lon="13.879405"><ele>405.5</ele></trkpt>
   <trkpt lat="49.255333" lon="13.879802"><ele>404.25</ele></trkpt>
   <trkpt lat="49.255365" lon="13.880191"><ele>403.25</ele></trkpt>
   <trkpt lat="49.255448" lon="13.880938"><ele>402.25</ele></trkpt>
   <trkpt lat="49.255498" lon="13.881297"><ele>401.75</ele></trkpt>
   <trkpt lat="49.255633" lon="13.882104"><ele>400.5</ele></trkpt>
   <trkpt lat="49.256431" lon="13.886338"><ele>399.25</ele></trkpt>
   <trkpt lat="49.256452" lon="13.886451"><ele>399.25</ele></trkpt>
   <trkpt lat="49.256738" lon="13.88794"><ele>404</ele></trkpt>
   <trkpt lat="49.257021" lon="13.889466"><ele>408</ele></trkpt>
   <trkpt lat="49.257505" lon="13.891973"><ele>409</ele></trkpt>
   <trkpt lat="49.25767" lon="13.892973"><ele>409.5</ele></trkpt>
   <trkpt lat="49.25774" lon="13.893431"><ele>409.25</ele></trkpt>
   <trkpt lat="49.257796" lon="13.893866"><ele>409</ele></trkpt>
   <trkpt lat="49.257821" lon="13.894174"><ele>409</ele></trkpt>
   <trkpt lat="49.257829" lon="13.894507"><ele>408.25</ele></trkpt>
   <trkpt lat="49.257817" lon="13.894856"><ele>408.25</ele></trkpt>
   <trkpt lat="49.257801" lon="13.895108"><ele>408.25</ele></trkpt>
   <trkpt lat="49.257769" lon="13.895403"><ele>408.75</ele></trkpt>
   <trkpt lat="49.257734" lon="13.895659"><ele>409</ele></trkpt>
   <trkpt lat="49.257687" lon="13.895917"><ele>409.25</ele></trkpt>
   <trkpt lat="49.257624" lon="13.8962"><ele>409</ele></trkpt>
   <trkpt lat="49.257543" lon="13.896506"><ele>409</ele></trkpt>
   <trkpt lat="49.257444" lon="13.896821"><ele>408.75</ele></trkpt>
   <trkpt lat="49.257322" lon="13.897171"><ele>408.5</ele></trkpt>
   <trkpt lat="49.255972" lon="13.90081"><ele>393.25</ele></trkpt>
   <trkpt lat="49.255876" lon="13.901068"><ele>392.5</ele></trkpt>
   <trkpt lat="49.255562" lon="13.901911"><ele>392.25</ele></trkpt>
   <trkpt lat="49.255494" lon="13.902096"><ele>392.75</ele></trkpt>
   <trkpt lat="49.255239" lon="13.902784"><ele>394</ele></trkpt>
   <trkpt lat="49.254983" lon="13.903475"><ele>393.75</ele></trkpt>
   <trkpt lat="49.25481" lon="13.903958"><ele>393.5</ele></trkpt>
   <trkpt lat="49.254705" lon="13.90429"><ele>394</ele></trkpt>
   <trkpt lat="49.254606" lon="13.904634"><ele>395.25</ele></trkpt>
   <trkpt lat="49.254469" lon="13.905157"><ele>396</ele></trkpt>
   <trkpt lat="49.254342" lon="13.905744"><ele>396.25</ele></trkpt>
   <trkpt lat="49.254273" lon="13.906104"><ele>395.25</ele></trkpt>
   <trkpt lat="49.254219" lon="13.90644"><ele>394.25</ele></trkpt>
   <trkpt lat="49.254176" lon="13.906756"><ele>394</ele></trkpt>
   <trkpt lat="49.254138" lon="13.907102"><ele>394.5</ele></trkpt>
   <trkpt lat="49.254103" lon="13.907488"><ele>395</ele></trkpt>
   <trkpt lat="49.254079" lon="13.907855"><ele>394.5</ele></trkpt>
   <trkpt lat="49.25406" lon="13.908297"><ele>394.25</ele></trkpt>
   <trkpt lat="49.254058" lon="13.909103"><ele>392.5</ele></trkpt>
   <trkpt lat="49.254068" lon="13.909414"><ele>392.5</ele></trkpt>
   <trkpt lat="49.254088" lon="13.909784"><ele>393</ele></trkpt>
   <trkpt lat="49.254116" lon="13.910139"><ele>393.25</ele></trkpt>
   <trkpt lat="49.254196" lon="13.910832"><ele>394</ele></trkpt>
   <trkpt lat="49.254245" lon="13.911173"><ele>393.75</ele></trkpt>
   <trkpt lat="49.254339" lon="13.911717"><ele>393.5</ele></trkpt>
   <trkpt lat="49.254726" lon="13.913838"><ele>394.5</ele></trkpt>
   <trkpt lat="49.25481" lon="13.914296"><ele>394.25</ele></trkpt>
   <trkpt lat="49.254816" lon="13.914333"><ele>394.25</ele></trkpt>
   <trkpt lat="49.254924" lon="13.914898"><ele>394.75</ele></trkpt>
   <trkpt lat="49.255895" lon="13.920176"><ele>397</ele></trkpt>
   <trkpt lat="49.256574" lon="13.923863"><ele>397</ele></trkpt>
   <trkpt lat="49.256464" lon="13.923021"><ele>398.75</ele></trkpt>
   <trkpt lat="49.256527" lon="13.923338"><ele>398</ele></trkpt>
   <trkpt lat="49.256601" lon="13.923665"><ele>397</ele></trkpt>
   <trkpt lat="49.256654" lon="13.923845"><ele>396.5</ele></trkpt>
   <trkpt lat="49.256749" lon="13.924125"><ele>396.5</ele></trkpt>
   <trkpt lat="49.256823" lon="13.924304"><ele>397</ele></trkpt>
   <trkpt lat="49.25691" lon="13.924487"><ele>397.5</ele></trkpt>
   <trkpt lat="49.257053" lon="13.924734"><ele>398</ele></trkpt>
   <trkpt lat="49.257202" lon="13.924954"><ele>398.25</ele></trkpt>
   <trkpt lat="49.257377" lon="13.92517"><ele>398.5</ele></trkpt>
   <trkpt lat="49.257602" lon="13.925381"><ele>398.5</ele></trkpt>
   <trkpt lat="49.257691" lon="13.925449"><ele>398.75</ele></trkpt>
   <trkpt lat="49.257877" lon="13.925571"><ele>398.75</ele></trkpt>
   <trkpt lat="49.258082" lon="13.92568"><ele>399</ele></trkpt>
   <trkpt lat="49.258317" lon="13.925759"><ele>399</ele></trkpt>
   <trkpt lat="49.258528" lon="13.925811"><ele>398.25</ele></trkpt>
   <trkpt lat="49.258743" lon="13.925819"><ele>397.5</ele></trkpt>
   <trkpt lat="49.25895" lon="13.925801"><ele>396.75</ele></trkpt>
   <trkpt lat="49.25918" lon="13.925748"><ele>396.25</ele></trkpt>
   <trkpt lat="49.259437" lon="13.925629"><ele>396.5</ele></trkpt>
   <trkpt lat="49.259682" lon="13.925469"><ele>396.75</ele></trkpt>
   <trkpt lat="49.259924" lon="13.925249"><ele>396.75</ele></trkpt>
   <trkpt lat="49.260115" lon="13.925029"><ele>395.75</ele></trkpt>
   <trkpt lat="49.260265" lon="13.924822"><ele>394.75</ele></trkpt>
   <trkpt lat="49.260432" lon="13.92453"><ele>394.25</ele></trkpt>
   <trkpt lat="49.261906" lon="13.921528"><ele>391.5</ele></trkpt>
   <trkpt lat="49.262045" lon="13.92127"><ele>392.25</ele></trkpt>
   <trkpt lat="49.262167" lon="13.921062"><ele>392.5</ele></trkpt>
   <trkpt lat="49.262313" lon="13.920851"><ele>392.25</ele></trkpt>
   <trkpt lat="49.262474" lon="13.920671"><ele>391</ele></trkpt>
   <trkpt lat="49.262622" lon="13.920539"><ele>390.5</ele></trkpt>
   <trkpt lat="49.262889" lon="13.920358"><ele>389.75</ele></trkpt>
   <trkpt lat="49.263195" lon="13.920235"><ele>389</ele></trkpt>
   <trkpt lat="49.263385" lon="13.920198"><ele>388.75</ele></trkpt>
   <trkpt lat="49.26356" lon="13.920192"><ele>388.75</ele></trkpt>
   <trkpt lat="49.263746" lon="13.920211"><ele>389</ele></trkpt>
   <trkpt lat="49.263956" lon="13.920256"><ele>389.25</ele></trkpt>
   <trkpt lat="49.264155" lon="13.920323"><ele>389.75</ele></trkpt>
   <trkpt lat="49.264297" lon="13.920384"><ele>389.5</ele></trkpt>
   <trkpt lat="49.265427" lon="13.920861"><ele>388.25</ele></trkpt>
   <trkpt lat="49.268841" lon="13.922308"><ele>390.25</ele></trkpt>
   <trkpt lat="49.269707" lon="13.922671"><ele>391</ele></trkpt>
   <trkpt lat="49.26998" lon="13.922745"><ele>391.5</ele></trkpt>
   <trkpt lat="49.270262" lon="13.922777"><ele>392.5</ele></trkpt>
   <trkpt lat="49.270524" lon="13.922766"><ele>393.25</ele></trkpt>
   <trkpt lat="49.27074" lon="13.922725"><ele>394</ele></trkpt>
   <trkpt lat="49.270995" lon="13.922645"><ele>394.5</ele></trkpt>
   <trkpt lat="49.271211" lon="13.922543"><ele>394.75</ele></trkpt>
   <trkpt lat="49.271434" lon="13.922405"><ele>395</ele></trkpt>
   <trkpt lat="49.271599" lon="13.922277"><ele>395.25</ele></trkpt>
   <trkpt lat="49.271755" lon="13.922152"><ele>395.5</ele></trkpt>
   <trkpt lat="49.271905" lon="13.921983"><ele>395.75</ele></trkpt>
   <trkpt lat="49.2721" lon="13.921743"><ele>395.75</ele></trkpt>
   <trkpt lat="49.272262" lon="13.9215"><ele>395.75</ele></trkpt>
   <trkpt lat="49.272403" lon="13.921259"><ele>395.5</ele></trkpt>
   <trkpt lat="49.272808" lon="13.920489"><ele>395.5</ele></trkpt>
   <trkpt lat="49.274918" lon="13.916473"><ele>398</ele></trkpt>
   <trkpt lat="49.275081" lon="13.916208"><ele>398.75</ele></trkpt>
   <trkpt lat="49.275245" lon="13.915984"><ele>399.5</ele></trkpt>
   <trkpt lat="49.275421" lon="13.915779"><ele>399.5</ele></trkpt>
   <trkpt lat="49.275636" lon="13.915567"><ele>399.5</ele></trkpt>
   <trkpt lat="49.275819" lon="13.91543"><ele>399</ele></trkpt>
   <trkpt lat="49.276062" lon="13.915271"><ele>399.25</ele></trkpt>
   <trkpt lat="49.276695" lon="13.914876"><ele>400.25</ele></trkpt>
   <trkpt lat="49.276726" lon="13.914855"><ele>400.5</ele></trkpt>
   <trkpt lat="49.278107" lon="13.913992"><ele>402.5</ele></trkpt>
   <trkpt lat="49.278499" lon="13.913757"><ele>402.5</ele></trkpt>
   <trkpt lat="49.278735" lon="13.913583"><ele>402</ele></trkpt>
   <trkpt lat="49.278969" lon="13.913361"><ele>401.75</ele></trkpt>
   <trkpt lat="49.279128" lon="13.913155"><ele>402</ele></trkpt>
   <trkpt lat="49.279259" lon="13.912954"><ele>402.25</ele></trkpt>
   <trkpt lat="49.27937" lon="13.912737"><ele>402.25</ele></trkpt>
   <trkpt lat="49.279903" lon="13.911635"><ele>403</ele></trkpt>
   <trkpt lat="49.280048" lon="13.911358"><ele>403.5</ele></trkpt>
   <trkpt lat="49.280179" lon="13.911142"><ele>404.25</ele></trkpt>
   <trkpt lat="49.280344" lon="13.91092"><ele>404</ele></trkpt>
   <trkpt lat="49.280431" lon="13.910823"><ele>403.75</ele></trkpt>
   <trkpt lat="49.280623" lon="13.910648"><ele>403.25</ele></trkpt>
   <trkpt lat="49.280814" lon="13.910518"><ele>402.25</ele></trkpt>
   <trkpt lat="49.280984" lon="13.910441"><ele>402.5</ele></trkpt>
   <trkpt lat="49.28133" lon="13.910347"><ele>403</ele></trkpt>
   <trkpt lat="49.28381" lon="13.909982"><ele>408.25</ele></trkpt>
   <trkpt lat="49.284639" lon="13.909872"><ele>406.5</ele></trkpt>
   <trkpt lat="49.284887" lon="13.90985"><ele>406.5</ele></trkpt>
   <trkpt lat="49.28509" lon="13.909863"><ele>406.5</ele></trkpt>
   <trkpt lat="49.285278" lon="13.909902"><ele>407</ele></trkpt>
   <trkpt lat="49.285479" lon="13.90997"><ele>407.25</ele></trkpt>
   <trkpt lat="49.285697" lon="13.910079"><ele>407.5</ele></trkpt>
   <trkpt lat="49.285924" lon="13.910242"><ele>408.25</ele></trkpt>
   <trkpt lat="49.286185" lon="13.910444"><ele>409.5</ele></trkpt>
   <trkpt lat="49.287294" lon="13.911354"><ele>411</ele></trkpt>
   <trkpt lat="49.287347" lon="13.911397"><ele>411</ele></trkpt>
   <trkpt lat="49.287381" lon="13.911424"><ele>411</ele></trkpt>
   <trkpt lat="49.287747" lon="13.911714"><ele>411.5</ele></trkpt>
   <trkpt lat="49.287994" lon="13.911888"><ele>412.25</ele></trkpt>
   <trkpt lat="49.288172" lon="13.911974"><ele>413.25</ele></trkpt>
   <trkpt lat="49.288366" lon="13.912046"><ele>414</ele></trkpt>
   <trkpt lat="49.288559" lon="13.9121"><ele>414</ele></trkpt>
   <trkpt lat="49.288781" lon="13.912144"><ele>414.25</ele></trkpt>
   <trkpt lat="49.289554" lon="13.912217"><ele>413.75</ele></trkpt>
   <trkpt lat="49.289767" lon="13.912241"><ele>413.25</ele></trkpt>
   <trkpt lat="49.289828" lon="13.912253"><ele>413</ele></trkpt>
   <trkpt lat="49.290017" lon="13.912306"><ele>412.75</ele></trkpt>
   <trkpt lat="49.290182" lon="13.912372"><ele>415</ele></trkpt>
   <trkpt lat="49.290407" lon="13.912497"><ele>417.75</ele></trkpt>
   <trkpt lat="49.290807" lon="13.912766"><ele>420.75</ele></trkpt>
   <trkpt lat="49.291019" lon="13.912884"><ele>420.5</ele></trkpt>
   <trkpt lat="49.291221" lon="13.912965"><ele>420.25</ele></trkpt>
   <trkpt lat="49.29145" lon="13.913003"><ele>420.75</ele></trkpt>
   <trkpt lat="49.291655" lon="13.913002"><ele>421.5</ele></trkpt>
   <trkpt lat="49.291856" lon="13.91297"><ele>421</ele></trkpt>
   <trkpt lat="49.292039" lon="13.912907"><ele>421</ele></trkpt>
   <trkpt lat="49.292215" lon="13.912813"><ele>421</ele></trkpt>
   <trkpt lat="49.2924" lon="13.912676"><ele>420.75</ele></trkpt>
   <trkpt lat="49.292553" lon="13.912544"><ele>420</ele></trkpt>
   <trkpt lat="49.292723" lon="13.912352"><ele>420.5</ele></trkpt>
   <trkpt lat="49.294199" lon="13.910534"><ele>414.25</ele></trkpt>
   <trkpt lat="49.294825" lon="13.909782"><ele>415.25</ele></trkpt>
   <trkpt lat="49.295078" lon="13.909543"><ele>414.25</ele></trkpt>
   <trkpt lat="49.295279" lon="13.909406"><ele>414</ele></trkpt>
   <trkpt lat="49.295507" lon="13.909291"><ele>414</ele></trkpt>
   <trkpt lat="49.295702" lon="13.909228"><ele>414</ele></trkpt>
   <trkpt lat="49.295767" lon="13.909209"><ele>414</ele></trkpt>
   <trkpt lat="49.295971" lon="13.909172"><ele>413.75</ele></trkpt>
   <trkpt lat="49.296197" lon="13.90917"><ele>413.75</ele></trkpt>
   <trkpt lat="49.296394" lon="13.909192"><ele>413.75</ele></trkpt>
   <trkpt lat="49.296606" lon="13.909247"><ele>413.5</ele></trkpt>
   <trkpt lat="49.296844" lon="13.909358"><ele>413.75</ele></trkpt>
   <trkpt lat="49.297056" lon="13.909489"><ele>414.25</ele></trkpt>
   <trkpt lat="49.297276" lon="13.909664"><ele>414.75</ele></trkpt>
   <trkpt lat="49.297466" lon="13.909863"><ele>415.75</ele></trkpt>
   <trkpt lat="49.297637" lon="13.910087"><ele>416.25</ele></trkpt>
   <trkpt lat="49.297767" lon="13.910296"><ele>416.25</ele></trkpt>
   <trkpt lat="49.297885" lon="13.910503"><ele>416</ele></trkpt>
   <trkpt lat="49.298003" lon="13.910758"><ele>415.75</ele></trkpt>
   <trkpt lat="49.298116" lon="13.911078"><ele>415</ele></trkpt>
   <trkpt lat="49.298241" lon="13.911485"><ele>413.5</ele></trkpt>
   <trkpt lat="49.298596" lon="13.912719"><ele>419.75</ele></trkpt>
   <trkpt lat="49.298648" lon="13.912901"><ele>421.75</ele></trkpt>
   <trkpt lat="49.298769" lon="13.913278"><ele>424.5</ele></trkpt>
   <trkpt lat="49.298895" lon="13.913598"><ele>425</ele></trkpt>
   <trkpt lat="49.299003" lon="13.913835"><ele>425</ele></trkpt>
   <trkpt lat="49.299168" lon="13.914105"><ele>424.5</ele></trkpt>
   <trkpt lat="49.299495" lon="13.914554"><ele>422.25</ele></trkpt>
   <trkpt lat="49.299708" lon="13.914823"><ele>421.25</ele></trkpt>
   <trkpt lat="49.299829" lon="13.914955"><ele>421</ele></trkpt>
   <trkpt lat="49.29989" lon="13.915017"><ele>421</ele></trkpt>
   <trkpt lat="49.299928" lon="13.915053"><ele>420.75</ele></trkpt>
   <trkpt lat="49.300023" lon="13.915143"><ele>420.5</ele></trkpt>
   <trkpt lat="49.300631" lon="13.915629"><ele>419.5</ele></trkpt>
   <trkpt lat="49.300818" lon="13.915779"><ele>418.75</ele></trkpt>
   <trkpt lat="49.303726" lon="13.918055"><ele>424.75</ele></trkpt>
   <trkpt lat="49.305647" lon="13.919564"><ele>426.25</ele></trkpt>
   <trkpt lat="49.305845" lon="13.919742"><ele>427</ele></trkpt>
   <trkpt lat="49.306042" lon="13.919963"><ele>427.5</ele></trkpt>
   <trkpt lat="49.30618" lon="13.920176"><ele>427.5</ele></trkpt>
   <trkpt lat="49.306298" lon="13.920403"><ele>427.75</ele></trkpt>
   <trkpt lat="49.306417" lon="13.920684"><ele>428.5</ele></trkpt>
   <trkpt lat="49.306511" lon="13.920989"><ele>429.5</ele></trkpt>
   <trkpt lat="49.306574" lon="13.921258"><ele>431</ele></trkpt>
   <trkpt lat="49.306603" lon="13.921506"><ele>432.25</ele></trkpt>
   <trkpt lat="49.306715" lon="13.922679"><ele>435.25</ele></trkpt>
   <trkpt lat="49.306765" lon="13.922981"><ele>434.75</ele></trkpt>
   <trkpt lat="49.306843" lon="13.923306"><ele>434.25</ele></trkpt>
   <trkpt lat="49.306922" lon="13.923543"><ele>433.5</ele></trkpt>
   <trkpt lat="49.307059" lon="13.923852"><ele>432.25</ele></trkpt>
   <trkpt lat="49.307167" lon="13.924049"><ele>431.75</ele></trkpt>
   <trkpt lat="49.307344" lon="13.924306"><ele>431.25</ele></trkpt>
   <trkpt lat="49.307463" lon="13.92444"><ele>431</ele></trkpt>
   <trkpt lat="49.30759" lon="13.924563"><ele>431.5</ele></trkpt>
   <trkpt lat="49.307796" lon="13.924718"><ele>433</ele></trkpt>
   <trkpt lat="49.307966" lon="13.924806"><ele>434</ele></trkpt>
   <trkpt lat="49.3082" lon="13.924892"><ele>435.5</ele></trkpt>
   <trkpt lat="49.308652" lon="13.925028"><ele>436.75</ele></trkpt>
   <trkpt lat="49.308917" lon="13.925119"><ele>437.25</ele></trkpt>
   <trkpt lat="49.309112" lon="13.925217"><ele>438.25</ele></trkpt>
   <trkpt lat="49.309298" lon="13.925327"><ele>439</ele></trkpt>
   <trkpt lat="49.309837" lon="13.925712"><ele>440.5</ele></trkpt>
   <trkpt lat="49.310054" lon="13.925896"><ele>441</ele></trkpt>
   <trkpt lat="49.310252" lon="13.926106"><ele>441</ele></trkpt>
   <trkpt lat="49.310424" lon="13.92632"><ele>441</ele></trkpt>
   <trkpt lat="49.3106" lon="13.926586"><ele>441.25</ele></trkpt>
   <trkpt lat="49.310835" lon="13.927027"><ele>441.25</ele></trkpt>
   <trkpt lat="49.310946" lon="13.927295"><ele>441.75</ele></trkpt>
   <trkpt lat="49.311044" lon="13.927574"><ele>442.75</ele></trkpt>
   <trkpt lat="49.312001" lon="13.930714"><ele>447.25</ele></trkpt>
   <trkpt lat="49.312098" lon="13.931006"><ele>447.5</ele></trkpt>
   <trkpt lat="49.312175" lon="13.931209"><ele>447.75</ele></trkpt>
   <trkpt lat="49.312231" lon="13.931329"><ele>448</ele></trkpt>
   <trkpt lat="49.312353" lon="13.931579"><ele>448.5</ele></trkpt>
   <trkpt lat="49.312486" lon="13.931803"><ele>449.25</ele></trkpt>
   <trkpt lat="49.312709" lon="13.93211"><ele>450.5</ele></trkpt>
   <trkpt lat="49.312857" lon="13.932267"><ele>450.75</ele></trkpt>
   <trkpt lat="49.313023" lon="13.932412"><ele>451</ele></trkpt>
   <trkpt lat="49.313191" lon="13.932541"><ele>451</ele></trkpt>
   <trkpt lat="49.313376" lon="13.932652"><ele>451</ele></trkpt>
   <trkpt lat="49.313875" lon="13.932901"><ele>452.25</ele></trkpt>
   <trkpt lat="49.314601" lon="13.933279"><ele>453.75</ele></trkpt>
   <trkpt lat="49.314749" lon="13.93336"><ele>454</ele></trkpt>
   <trkpt lat="49.314951" lon="13.933488"><ele>454.75</ele></trkpt>
   <trkpt lat="49.315107" lon="13.933622"><ele>455.5</ele></trkpt>
   <trkpt lat="49.315265" lon="13.933783"><ele>456</ele></trkpt>
   <trkpt lat="49.315418" lon="13.933988"><ele>456.5</ele></trkpt>
   <trkpt lat="49.315548" lon="13.934206"><ele>457</ele></trkpt>
   <trkpt lat="49.315646" lon="13.934405"><ele>457.75</ele></trkpt>
   <trkpt lat="49.31575" lon="13.934668"><ele>458.75</ele></trkpt>
   <trkpt lat="49.315859" lon="13.934988"><ele>459.75</ele></trkpt>
   <trkpt lat="49.315944" lon="13.935275"><ele>460.25</ele></trkpt>
   <trkpt lat="49.317274" lon="13.939623"><ele>461.5</ele></trkpt>
   <trkpt lat="49.317842" lon="13.941493"><ele>462</ele></trkpt>
   <trkpt lat="49.318309" lon="13.943005"><ele>461</ele></trkpt>
   <trkpt lat="49.318448" lon="13.943425"><ele>461</ele></trkpt>
   <trkpt lat="49.318555" lon="13.943732"><ele>461</ele></trkpt>
   <trkpt lat="49.31868" lon="13.944044"><ele>461</ele></trkpt>
   <trkpt lat="49.319417" lon="13.945804"><ele>461.75</ele></trkpt>
   <trkpt lat="49.319447" lon="13.945879"><ele>462</ele></trkpt>
   <trkpt lat="49.319613" lon="13.94629"><ele>462</ele></trkpt>
   <trkpt lat="49.319747" lon="13.946675"><ele>461.75</ele></trkpt>
   <trkpt lat="49.31984" lon="13.946981"><ele>461.75</ele></trkpt>
   <trkpt lat="49.320026" lon="13.947718"><ele>462.25</ele></trkpt>
   <trkpt lat="49.320087" lon="13.947951"><ele>462.5</ele></trkpt>
   <trkpt lat="49.320283" lon="13.948796"><ele>463</ele></trkpt>
   <trkpt lat="49.320719" lon="13.950594"><ele>461.25</ele></trkpt>
   <trkpt lat="49.32078" lon="13.950859"><ele>460.75</ele></trkpt>
   <trkpt lat="49.321744" lon="13.954886"><ele>462</ele></trkpt>
   <trkpt lat="49.3227" lon="13.958176"><ele>459.25</ele></trkpt>
   <trkpt lat="49.322842" lon="13.958636"><ele>459</ele></trkpt>
   <trkpt lat="49.322953" lon="13.958939"><ele>458.75</ele></trkpt>
   <trkpt lat="49.323111" lon="13.959296"><ele>458.25</ele></trkpt>
   <trkpt lat="49.323259" lon="13.959582"><ele>457.5</ele></trkpt>
   <trkpt lat="49.323417" lon="13.959851"><ele>456.5</ele></trkpt>
   <trkpt lat="49.32367" lon="13.960185"><ele>456</ele></trkpt>
   <trkpt lat="49.323799" lon="13.960347"><ele>455.75</ele></trkpt>
   <trkpt lat="49.324003" lon="13.960555"><ele>455.5</ele></trkpt>
   <trkpt lat="49.324216" lon="13.960734"><ele>455.25</ele></trkpt>
   <trkpt lat="49.324431" lon="13.960879"><ele>455.5</ele></trkpt>
   <trkpt lat="49.324653" lon="13.961007"><ele>455.5</ele></trkpt>
   <trkpt lat="49.324892" lon="13.961114"><ele>455.75</ele></trkpt>
   <trkpt lat="49.32513" lon="13.961185"><ele>455.75</ele></trkpt>
   <trkpt lat="49.325359" lon="13.961227"><ele>455.75</ele></trkpt>
   <trkpt lat="49.32563" lon="13.96125"><ele>456.25</ele></trkpt>
   <trkpt lat="49.325894" lon="13.961225"><ele>456.25</ele></trkpt>
   <trkpt lat="49.326097" lon="13.961191"><ele>455.75</ele></trkpt>
   <trkpt lat="49.326368" lon="13.961118"><ele>455.5</ele></trkpt>
   <trkpt lat="49.326593" lon="13.961017"><ele>455.25</ele></trkpt>
   <trkpt lat="49.326785" lon="13.960914"><ele>455.25</ele></trkpt>
   <trkpt lat="49.326991" lon="13.960778"><ele>455.25</ele></trkpt>
   <trkpt lat="49.327223" lon="13.960587"><ele>455.75</ele></trkpt>
   <trkpt lat="49.327564" lon="13.960243"><ele>456.25</ele></trkpt>
   <trkpt lat="49.328452" lon="13.959224"><ele>453.25</ele></trkpt>
   <trkpt lat="49.328607" lon="13.959069"><ele>453.25</ele></trkpt>
   <trkpt lat="49.328748" lon="13.95895"><ele>452.75</ele></trkpt>
   <trkpt lat="49.328901" lon="13.958848"><ele>452.25</ele></trkpt>
   <trkpt lat="49.329085" lon="13.958755"><ele>451.25</ele></trkpt>
   <trkpt lat="49.329232" lon="13.958712"><ele>450.5</ele></trkpt>
   <trkpt lat="49.32941" lon="13.958678"><ele>449.75</ele></trkpt>
   <trkpt lat="49.329564" lon="13.95867"><ele>449</ele></trkpt>
   <trkpt lat="49.329807" lon="13.958696"><ele>447.75</ele></trkpt>
   <trkpt lat="49.329995" lon="13.958757"><ele>447</ele></trkpt>
   <trkpt lat="49.330173" lon="13.958845"><ele>447.5</ele></trkpt>
   <trkpt lat="49.330341" lon="13.95896"><ele>448.25</ele></trkpt>
   <trkpt lat="49.330532" lon="13.959134"><ele>448.75</ele></trkpt>
   <trkpt lat="49.330685" lon="13.959294"><ele>449.25</ele></trkpt>
   <trkpt lat="49.330974" lon="13.959636"><ele>450.25</ele></trkpt>
   <trkpt lat="49.331339" lon="13.960067"><ele>452.5</ele></trkpt>
   <trkpt lat="49.331501" lon="13.960226"><ele>453.25</ele></trkpt>
   <trkpt lat="49.331655" lon="13.960353"><ele>454</ele></trkpt>
   <trkpt lat="49.33186" lon="13.960478"><ele>454</ele></trkpt>
   <trkpt lat="49.332023" lon="13.960552"><ele>454</ele></trkpt>
   <trkpt lat="49.332203" lon="13.960599"><ele>454</ele></trkpt>
   <trkpt lat="49.332401" lon="13.960613"><ele>454.25</ele></trkpt>
   <trkpt lat="49.332613" lon="13.960607"><ele>454</ele></trkpt>
   <trkpt lat="49.332779" lon="13.960566"><ele>453.5</ele></trkpt>
   <trkpt lat="49.333002" lon="13.960476"><ele>453</ele></trkpt>
   <trkpt lat="49.333376" lon="13.960237"><ele>452</ele></trkpt>
   <trkpt lat="49.335126" lon="13.959106"><ele>451.75</ele></trkpt>
   <trkpt lat="49.335423" lon="13.958903"><ele>451.75</ele></trkpt>
   <trkpt lat="49.335633" lon="13.958714"><ele>451.5</ele></trkpt>
   <trkpt lat="49.335732" lon="13.958612"><ele>451.5</ele></trkpt>
   <trkpt lat="49.335932" lon="13.958395"><ele>451.5</ele></trkpt>
   <trkpt lat="49.33611" lon="13.958159"><ele>452.25</ele></trkpt>
   <trkpt lat="49.336298" lon="13.957893"><ele>453</ele></trkpt>
   <trkpt lat="49.336451" lon="13.957638"><ele>453.75</ele></trkpt>
   <trkpt lat="49.336562" lon="13.957432"><ele>454</ele></trkpt>
   <trkpt lat="49.336675" lon="13.957196"><ele>453.75</ele></trkpt>
   <trkpt lat="49.336925" lon="13.956628"><ele>453.25</ele></trkpt>
   <trkpt lat="49.337488" lon="13.955331"><ele>452</ele></trkpt>
   <trkpt lat="49.337629" lon="13.955021"><ele>451.5</ele></trkpt>
   <trkpt lat="49.337801" lon="13.95465"><ele>451.25</ele></trkpt>
   <trkpt lat="49.337959" lon="13.954345"><ele>451.5</ele></trkpt>
   <trkpt lat="49.33811" lon="13.954094"><ele>451.5</ele></trkpt>
   <trkpt lat="49.338343" lon="13.953746"><ele>451.25</ele></trkpt>
   <trkpt lat="49.338525" lon="13.953506"><ele>451.25</ele></trkpt>
   <trkpt lat="49.338698" lon="13.953292"><ele>451</ele></trkpt>
   <trkpt lat="49.338905" lon="13.953071"><ele>451.25</ele></trkpt>
   <trkpt lat="49.339349" lon="13.952682"><ele>451.75</ele></trkpt>
   <trkpt lat="49.340353" lon="13.95195"><ele>452</ele></trkpt>
   <trkpt lat="49.340948" lon="13.951504"><ele>452</ele></trkpt>
   <trkpt lat="49.341269" lon="13.951282"><ele>452</ele></trkpt>
   <trkpt lat="49.341477" lon="13.951166"><ele>452</ele></trkpt>
   <trkpt lat="49.341727" lon="13.951056"><ele>452</ele></trkpt>
   <trkpt lat="49.341996" lon="13.950962"><ele>452.25</ele></trkpt>
   <trkpt lat="49.34224" lon="13.950908"><ele>452.5</ele></trkpt>
   <trkpt lat="49.342468" lon="13.950881"><ele>452.75</ele></trkpt>
   <trkpt lat="49.342742" lon="13.950875"><ele>453</ele></trkpt>
   <trkpt lat="49.342977" lon="13.950904"><ele>453.25</ele></trkpt>
   <trkpt lat="49.343267" lon="13.950958"><ele>453.25</ele></trkpt>
   <trkpt lat="49.343667" lon="13.951104"><ele>451.75</ele></trkpt>
   <trkpt lat="49.344026" lon="13.951246"><ele>450.75</ele></trkpt>
   <trkpt lat="49.344293" lon="13.951345"><ele>450.75</ele></trkpt>
   <trkpt lat="49.345204" lon="13.951714"><ele>453.75</ele></trkpt>
   <trkpt lat="49.345441" lon="13.951773"><ele>453.75</ele></trkpt>
   <trkpt lat="49.345646" lon="13.951799"><ele>453.5</ele></trkpt>
   <trkpt lat="49.345907" lon="13.951794"><ele>453.5</ele></trkpt>
   <trkpt lat="49.346102" lon="13.951768"><ele>454.25</ele></trkpt>
   <trkpt lat="49.346347" lon="13.951711"><ele>455.25</ele></trkpt>
   <trkpt lat="49.346559" lon="13.951625"><ele>456.5</ele></trkpt>
   <trkpt lat="49.346756" lon="13.951507"><ele>457.5</ele></trkpt>
   <trkpt lat="49.347243" lon="13.951155"><ele>458.25</ele></trkpt>
   <trkpt lat="49.347952" lon="13.950588"><ele>459.25</ele></trkpt>
   <trkpt lat="49.348335" lon="13.950281"><ele>460</ele></trkpt>
   <trkpt lat="49.348507" lon="13.95016"><ele>460.5</ele></trkpt>
   <trkpt lat="49.348717" lon="13.950047"><ele>461.25</ele></trkpt>
   <trkpt lat="49.348887" lon="13.94998"><ele>462</ele></trkpt>
   <trkpt lat="49.349118" lon="13.949939"><ele>462.75</ele></trkpt>
   <trkpt lat="49.349326" lon="13.949932"><ele>463</ele></trkpt>
   <trkpt lat="49.349542" lon="13.949968"><ele>463</ele></trkpt>
   <trkpt lat="49.349764" lon="13.950037"><ele>463</ele></trkpt>
   <trkpt lat="49.349979" lon="13.950151"><ele>463</ele></trkpt>
   <trkpt lat="49.350166" lon="13.950284"><ele>463.25</ele></trkpt>
   <trkpt lat="49.350388" lon="13.950487"><ele>463.25</ele></trkpt>
   <trkpt lat="49.350653" lon="13.950761"><ele>463</ele></trkpt>
   <trkpt lat="49.352428" lon="13.952637"><ele>463</ele></trkpt>
   <trkpt lat="49.352621" lon="13.952822"><ele>463.75</ele></trkpt>
   <trkpt lat="49.352833" lon="13.952981"><ele>464.25</ele></trkpt>
   <trkpt lat="49.353032" lon="13.953107"><ele>464.75</ele></trkpt>
   <trkpt lat="49.353525" lon="13.953336"><ele>464.75</ele></trkpt>
   <trkpt lat="49.354055" lon="13.953597"><ele>463.5</ele></trkpt>
   <trkpt lat="49.356887" lon="13.955167"><ele>463.75</ele></trkpt>
   <trkpt lat="49.358565" lon="13.956101"><ele>463.5</ele></trkpt>
   <trkpt lat="49.358642" lon="13.956144"><ele>463.5</ele></trkpt>
   <trkpt lat="49.359516" lon="13.956628"><ele>465</ele></trkpt>
   <trkpt lat="49.3599" lon="13.956842"><ele>466.5</ele></trkpt>
   <trkpt lat="49.360008" lon="13.956902"><ele>466.75</ele></trkpt>
   <trkpt lat="49.361554" lon="13.957758"><ele>468</ele></trkpt>
   <trkpt lat="49.361829" lon="13.957894"><ele>468</ele></trkpt>
   <trkpt lat="49.362047" lon="13.957977"><ele>468</ele></trkpt>
   <trkpt lat="49.362305" lon="13.95805"><ele>468.25</ele></trkpt>
   <trkpt lat="49.362578" lon="13.958091"><ele>468.25</ele></trkpt>
   <trkpt lat="49.362854" lon="13.958099"><ele>469</ele></trkpt>
   <trkpt lat="49.363099" lon="13.958082"><ele>469.5</ele></trkpt>
   <trkpt lat="49.363378" lon="13.95803"><ele>470.25</ele></trkpt>
   <trkpt lat="49.36361" lon="13.957959"><ele>470.5</ele></trkpt>
   <trkpt lat="49.363866" lon="13.957858"><ele>470.75</ele></trkpt>
   <trkpt lat="49.364139" lon="13.957701"><ele>470.75</ele></trkpt>
   <trkpt lat="49.364365" lon="13.957553"><ele>471.25</ele></trkpt>
   <trkpt lat="49.364749" lon="13.957217"><ele>473</ele></trkpt>
   <trkpt lat="49.36496" lon="13.956985"><ele>474</ele></trkpt>
   <trkpt lat="49.365749" lon="13.956001"><ele>476.5</ele></trkpt>
   <trkpt lat="49.366478" lon="13.955078"><ele>478</ele></trkpt>
   <trkpt lat="49.366672" lon="13.954859"><ele>478</ele></trkpt>
   <trkpt lat="49.366827" lon="13.954707"><ele>478.25</ele></trkpt>
   <trkpt lat="49.367026" lon="13.954547"><ele>478.25</ele></trkpt>
   <trkpt lat="49.367235" lon="13.954425"><ele>478</ele></trkpt>
   <trkpt lat="49.36741" lon="13.954346"><ele>478</ele></trkpt>
   <trkpt lat="49.367648" lon="13.954279"><ele>478</ele></trkpt>
   <trkpt lat="49.36789" lon="13.954245"><ele>478.25</ele></trkpt>
   <trkpt lat="49.368174" lon="13.954266"><ele>478.5</ele></trkpt>
   <trkpt lat="49.368397" lon="13.954318"><ele>478.75</ele></trkpt>
   <trkpt lat="49.369353" lon="13.954616"><ele>481.75</ele></trkpt>
   <trkpt lat="49.369581" lon="13.95466"><ele>482</ele></trkpt>
   <trkpt lat="49.369762" lon="13.954668"><ele>482</ele></trkpt>
   <trkpt lat="49.369994" lon="13.954641"><ele>482.25</ele></trkpt>
   <trkpt lat="49.370211" lon="13.954579"><ele>482.5</ele></trkpt>
   <trkpt lat="49.370442" lon="13.954464"><ele>482.75</ele></trkpt>
   <trkpt lat="49.370628" lon="13.95434"><ele>483</ele></trkpt>
   <trkpt lat="49.370795" lon="13.95419"><ele>483.75</ele></trkpt>
   <trkpt lat="49.370972" lon="13.953992"><ele>483.75</ele></trkpt>
   <trkpt lat="49.37111" lon="13.953812"><ele>483.75</ele></trkpt>
   <trkpt lat="49.371251" lon="13.953573"><ele>483.75</ele></trkpt>
   <trkpt lat="49.371371" lon="13.953328"><ele>484</ele></trkpt>
   <trkpt lat="49.373082" lon="13.949229"><ele>492</ele></trkpt>
   <trkpt lat="49.373221" lon="13.948928"><ele>492.25</ele></trkpt>
   <trkpt lat="49.373373" lon="13.948646"><ele>492.25</ele></trkpt>
   <trkpt lat="49.373525" lon="13.948403"><ele>492.25</ele></trkpt>
   <trkpt lat="49.373668" lon="13.948202"><ele>492.75</ele></trkpt>
   <trkpt lat="49.37387" lon="13.947956"><ele>493.5</ele></trkpt>
   <trkpt lat="49.374053" lon="13.947769"><ele>493.75</ele></trkpt>
   <trkpt lat="49.374174" lon="13.947657"><ele>494</ele></trkpt>
   <trkpt lat="49.374346" lon="13.947523"><ele>494</ele></trkpt>
   <trkpt lat="49.374536" lon="13.947394"><ele>493.5</ele></trkpt>
   <trkpt lat="49.374715" lon="13.947289"><ele>493.25</ele></trkpt>
   <trkpt lat="49.375048" lon="13.947149"><ele>492.75</ele></trkpt>
   <trkpt lat="49.375322" lon="13.947078"><ele>493.5</ele></trkpt>
   <trkpt lat="49.375519" lon="13.947045"><ele>494</ele></trkpt>
   <trkpt lat="49.37624" lon="13.94692"><ele>496</ele></trkpt>
   <trkpt lat="49.376547" lon="13.946861"><ele>497.5</ele></trkpt>
   <trkpt lat="49.376709" lon="13.946817"><ele>498</ele></trkpt>
   <trkpt lat="49.376881" lon="13.946747"><ele>498</ele></trkpt>
   <trkpt lat="49.37701" lon="13.94668"><ele>498</ele></trkpt>
   <trkpt lat="49.37716" lon="13.946584"><ele>498</ele></trkpt>
   <trkpt lat="49.377442" lon="13.946312"><ele>498.75</ele></trkpt>
   <trkpt lat="49.377586" lon="13.946142"><ele>499.25</ele></trkpt>
   <trkpt lat="49.37769" lon="13.945994"><ele>499.5</ele></trkpt>
   <trkpt lat="49.377807" lon="13.945798"><ele>499.75</ele></trkpt>
   <trkpt lat="49.377911" lon="13.945584"><ele>500</ele></trkpt>
   <trkpt lat="49.377997" lon="13.945372"><ele>500</ele></trkpt>
   <trkpt lat="49.378097" lon="13.945061"><ele>500.25</ele></trkpt>
   <trkpt lat="49.378161" lon="13.944803"><ele>500.5</ele></trkpt>
   <trkpt lat="49.378212" lon="13.944519"><ele>500.75</ele></trkpt>
   <trkpt lat="49.378247" lon="13.944198"><ele>501.5</ele></trkpt>
   <trkpt lat="49.378322" lon="13.943067"><ele>503.5</ele></trkpt>
   <trkpt lat="49.378353" lon="13.942698"><ele>504.25</ele></trkpt>
   <trkpt lat="49.378398" lon="13.942393"><ele>504.75</ele></trkpt>
   <trkpt lat="49.378475" lon="13.94205"><ele>505.5</ele></trkpt>
   <trkpt lat="49.37855" lon="13.941798"><ele>505.5</ele></trkpt>
   <trkpt lat="49.37864" lon="13.941535"><ele>505</ele></trkpt>
   <trkpt lat="49.378762" lon="13.941265"><ele>504</ele></trkpt>
   <trkpt lat="49.378886" lon="13.941031"><ele>503</ele></trkpt>
   <trkpt lat="49.379018" lon="13.940819"><ele>502.25</ele></trkpt>
   <trkpt lat="49.379084" lon="13.940727"><ele>502</ele></trkpt>
   <trkpt lat="49.379132" lon="13.94066"><ele>502</ele></trkpt>
   <trkpt lat="49.379286" lon="13.940487"><ele>502.5</ele></trkpt>
   <trkpt lat="49.379418" lon="13.940355"><ele>503.25</ele></trkpt>
   <trkpt lat="49.379605" lon="13.940205"><ele>504.25</ele></trkpt>
   <trkpt lat="49.379781" lon="13.940093"><ele>505</ele></trkpt>
   <trkpt lat="49.379991" lon="13.939983"><ele>506</ele></trkpt>
   <trkpt lat="49.380212" lon="13.93991"><ele>506.75</ele></trkpt>
   <trkpt lat="49.380386" lon="13.93988"><ele>507.25</ele></trkpt>
   <trkpt lat="49.38059" lon="13.939872"><ele>507.75</ele></trkpt>
   <trkpt lat="49.380807" lon="13.939887"><ele>508</ele></trkpt>
   <trkpt lat="49.380979" lon="13.939923"><ele>508.75</ele></trkpt>
   <trkpt lat="49.382" lon="13.940245"><ele>512.5</ele></trkpt>
   <trkpt lat="49.382192" lon="13.940303"><ele>513</ele></trkpt>
   <trkpt lat="49.382523" lon="13.940334"><ele>514</ele></trkpt>
   <trkpt lat="49.382709" lon="13.940329"><ele>514.5</ele></trkpt>
   <trkpt lat="49.38288" lon="13.940287"><ele>514.75</ele></trkpt>
   <trkpt lat="49.383103" lon="13.940187"><ele>515.25</ele></trkpt>
   <trkpt lat="49.383294" lon="13.940088"><ele>515.75</ele></trkpt>
   <trkpt lat="49.383425" lon="13.939991"><ele>515.75</ele></trkpt>
   <trkpt lat="49.38358" lon="13.939848"><ele>516</ele></trkpt>
   <trkpt lat="49.383724" lon="13.939688"><ele>516</ele></trkpt>
   <trkpt lat="49.383905" lon="13.939436"><ele>516</ele></trkpt>
   <trkpt lat="49.384013" lon="13.939258"><ele>516</ele></trkpt>
   <trkpt lat="49.384119" lon="13.939041"><ele>516.25</ele></trkpt>
   <trkpt lat="49.38422" lon="13.938796"><ele>516.25</ele></trkpt>
   <trkpt lat="49.384318" lon="13.938501"><ele>516.5</ele></trkpt>
   <trkpt lat="49.384381" lon="13.938238"><ele>516.75</ele></trkpt>
   <trkpt lat="49.384439" lon="13.937883"><ele>517</ele></trkpt>
   <trkpt lat="49.38449" lon="13.937478"><ele>517.5</ele></trkpt>
   <trkpt lat="49.384509" lon="13.937311"><ele>517.75</ele></trkpt>
   <trkpt lat="49.384522" lon="13.936916"><ele>518.25</ele></trkpt>
   <trkpt lat="49.384541" lon="13.936605"><ele>518.5</ele></trkpt>
   <trkpt lat="49.384711" lon="13.93514"><ele>517.75</ele></trkpt>
   <trkpt lat="49.384829" lon="13.934487"><ele>515.75</ele></trkpt>
   <trkpt lat="49.384919" lon="13.933685"><ele>515.5</ele></trkpt>
   <trkpt lat="49.384991" lon="13.933222"><ele>516</ele></trkpt>
   <trkpt lat="49.385059" lon="13.932917"><ele>516</ele></trkpt>
   <trkpt lat="49.385163" lon="13.932578"><ele>515.75</ele></trkpt>
   <trkpt lat="49.385273" lon="13.932285"><ele>515.25</ele></trkpt>
   <trkpt lat="49.385424" lon="13.931974"><ele>514.25</ele></trkpt>
   <trkpt lat="49.385555" lon="13.931757"><ele>513.75</ele></trkpt>
   <trkpt lat="49.385728" lon="13.931518"><ele>513.75</ele></trkpt>
   <trkpt lat="49.385893" lon="13.931325"><ele>514</ele></trkpt>
   <trkpt lat="49.38603" lon="13.931196"><ele>514.25</ele></trkpt>
   <trkpt lat="49.386235" lon="13.931039"><ele>514.5</ele></trkpt>
   <trkpt lat="49.386423" lon="13.930924"><ele>514.25</ele></trkpt>
   <trkpt lat="49.38658" lon="13.930853"><ele>514</ele></trkpt>
   <trkpt lat="49.386834" lon="13.93078"><ele>514</ele></trkpt>
   <trkpt lat="49.387038" lon="13.930749"><ele>514</ele></trkpt>
   <trkpt lat="49.387208" lon="13.930745"><ele>514</ele></trkpt>
   <trkpt lat="49.387428" lon="13.930773"><ele>514</ele></trkpt>
   <trkpt lat="49.387631" lon="13.930828"><ele>513.5</ele></trkpt>
   <trkpt lat="49.387851" lon="13.93092"><ele>512.5</ele></trkpt>
   <trkpt lat="49.3893" lon="13.931675"><ele>509.75</ele></trkpt>
   <trkpt lat="49.389474" lon="13.931744"><ele>509.75</ele></trkpt>
   <trkpt lat="49.389641" lon="13.931792"><ele>509.5</ele></trkpt>
   <trkpt lat="49.389858" lon="13.931806"><ele>509.75</ele></trkpt>
   <trkpt lat="49.390037" lon="13.931786"><ele>509.75</ele></trkpt>
   <trkpt lat="49.390239" lon="13.931738"><ele>509.25</ele></trkpt>
   <trkpt lat="49.390413" lon="13.931666"><ele>509</ele></trkpt>
   <trkpt lat="49.390605" lon="13.931544"><ele>508.5</ele></trkpt>
   <trkpt lat="49.390773" lon="13.931408"><ele>508</ele></trkpt>
   <trkpt lat="49.390949" lon="13.931216"><ele>507</ele></trkpt>
   <trkpt lat="49.391094" lon="13.931028"><ele>506.25</ele></trkpt>
   <trkpt lat="49.391217" lon="13.930817"><ele>505.5</ele></trkpt>
   <trkpt lat="49.391316" lon="13.930626"><ele>505.25</ele></trkpt>
   <trkpt lat="49.391407" lon="13.930388"><ele>505.25</ele></trkpt>
   <trkpt lat="49.391483" lon="13.930161"><ele>505</ele></trkpt>
   <trkpt lat="49.391559" lon="13.929871"><ele>504.5</ele></trkpt>
   <trkpt lat="49.391595" lon="13.929643"><ele>504</ele></trkpt>
   <trkpt lat="49.391636" lon="13.929245"><ele>503.25</ele></trkpt>
   <trkpt lat="49.391871" lon="13.924082"><ele>500.25</ele></trkpt>
   <trkpt lat="49.391903" lon="13.923664"><ele>500.25</ele></trkpt>
   <trkpt lat="49.391945" lon="13.9233"><ele>500</ele></trkpt>
   <trkpt lat="49.391991" lon="13.922978"><ele>500.25</ele></trkpt>
   <trkpt lat="49.392088" lon="13.922503"><ele>500.25</ele></trkpt>
   <trkpt lat="49.392178" lon="13.922112"><ele>501.25</ele></trkpt>
   <trkpt lat="49.392291" lon="13.921717"><ele>502.25</ele></trkpt>
   <trkpt lat="49.392406" lon="13.921378"><ele>503.25</ele></trkpt>
   <trkpt lat="49.392578" lon="13.920939"><ele>504.25</ele></trkpt>
   <trkpt lat="49.39272" lon="13.920617"><ele>504</ele></trkpt>
   <trkpt lat="49.392913" lon="13.920209"><ele>503.75</ele></trkpt>
   <trkpt lat="49.392962" lon="13.920107"><ele>503.5</ele></trkpt>
   <trkpt lat="49.392994" lon="13.920042"><ele>503.5</ele></trkpt>
   <trkpt lat="49.393621" lon="13.918734"><ele>501.25</ele></trkpt>
   <trkpt lat="49.393735" lon="13.918474"><ele>500.75</ele></trkpt>
   <trkpt lat="49.393849" lon="13.918139"><ele>500</ele></trkpt>
   <trkpt lat="49.39394" lon="13.917798"><ele>498.5</ele></trkpt>
   <trkpt lat="49.394" lon="13.917484"><ele>497.25</ele></trkpt>
   <trkpt lat="49.394041" lon="13.917166"><ele>498.5</ele></trkpt>
   <trkpt lat="49.394085" lon="13.916366"><ele>503.5</ele></trkpt>
   <trkpt lat="49.394117" lon="13.915994"><ele>506.5</ele></trkpt>
   <trkpt lat="49.394179" lon="13.915574"><ele>508.75</ele></trkpt>
   <trkpt lat="49.394246" lon="13.91519"><ele>510.5</ele></trkpt>
   <trkpt lat="49.394337" lon="13.914773"><ele>510.5</ele></trkpt>
   <trkpt lat="49.394407" lon="13.914451"><ele>509.5</ele></trkpt>
   <trkpt lat="49.394804" lon="13.912807"><ele>507</ele></trkpt>
   <trkpt lat="49.395192" lon="13.911238"><ele>498.75</ele></trkpt>
   <trkpt lat="49.395306" lon="13.910781"><ele>495.5</ele></trkpt>
   <trkpt lat="49.395443" lon="13.910311"><ele>491.25</ele></trkpt>
   <trkpt lat="49.395557" lon="13.909972"><ele>488.5</ele></trkpt>
   <trkpt lat="49.395687" lon="13.909671"><ele>486.5</ele></trkpt>
   <trkpt lat="49.395876" lon="13.909284"><ele>484.75</ele></trkpt>
   <trkpt lat="49.396303" lon="13.908531"><ele>485.5</ele></trkpt>
   <trkpt lat="49.396462" lon="13.908233"><ele>485.75</ele></trkpt>
   <trkpt lat="49.396602" lon="13.907935"><ele>485.75</ele></trkpt>
   <trkpt lat="49.396747" lon="13.907578"><ele>485.75</ele></trkpt>
   <trkpt lat="49.396884" lon="13.907161"><ele>485.25</ele></trkpt>
   <trkpt lat="49.396983" lon="13.906799"><ele>485</ele></trkpt>
   <trkpt lat="49.397063" lon="13.906416"><ele>484</ele></trkpt>
   <trkpt lat="49.397108" lon="13.906164"><ele>483</ele></trkpt>
   <trkpt lat="49.39782" lon="13.900752"><ele>476.5</ele></trkpt>
   <trkpt lat="49.398021" lon="13.899176"><ele>473.25</ele></trkpt>
   <trkpt lat="49.398051" lon="13.898867"><ele>473.5</ele></trkpt>
   <trkpt lat="49.398072" lon="13.898506"><ele>474.25</ele></trkpt>
   <trkpt lat="49.398085" lon="13.898094"><ele>474.75</ele></trkpt>
   <trkpt lat="49.398078" lon="13.897643"><ele>475.25</ele></trkpt>
   <trkpt lat="49.398026" lon="13.896682"><ele>476</ele></trkpt>
   <trkpt lat="49.398014" lon="13.896332"><ele>476.5</ele></trkpt>
   <trkpt lat="49.398026" lon="13.895976"><ele>477</ele></trkpt>
   <trkpt lat="49.39805" lon="13.895692"><ele>477</ele></trkpt>
   <trkpt lat="49.398086" lon="13.89542"><ele>476.75</ele></trkpt>
   <trkpt lat="49.398123" lon="13.895202"><ele>476.5</ele></trkpt>
   <trkpt lat="49.398196" lon="13.894907"><ele>475.75</ele></trkpt>
   <trkpt lat="49.398285" lon="13.894588"><ele>475.25</ele></trkpt>
   <trkpt lat="49.398451" lon="13.894128"><ele>475.5</ele></trkpt>
   <trkpt lat="49.401448" lon="13.886195"><ele>460</ele></trkpt>
   <trkpt lat="49.401682" lon="13.885583"><ele>459.5</ele></trkpt>
   <trkpt lat="49.401808" lon="13.885298"><ele>459.5</ele></trkpt>
   <trkpt lat="49.401945" lon="13.885013"><ele>459.25</ele></trkpt>
   <trkpt lat="49.402781" lon="13.883422"><ele>457.25</ele></trkpt>
   <trkpt lat="49.402947" lon="13.883068"><ele>457</ele></trkpt>
   <trkpt lat="49.403097" lon="13.882714"><ele>456.25</ele></trkpt>
   <trkpt lat="49.403252" lon="13.882308"><ele>454.5</ele></trkpt>
   <trkpt lat="49.403385" lon="13.881902"><ele>453.5</ele></trkpt>
   <trkpt lat="49.403495" lon="13.881526"><ele>454</ele></trkpt>
   <trkpt lat="49.403607" lon="13.881096"><ele>454.75</ele></trkpt>
   <trkpt lat="49.403688" lon="13.880723"><ele>455.5</ele></trkpt>
   <trkpt lat="49.403772" lon="13.880282"><ele>457</ele></trkpt>
   <trkpt lat="49.404213" lon="13.877572"><ele>451.5</ele></trkpt>
   <trkpt lat="49.404273" lon="13.87725"><ele>450</ele></trkpt>
   <trkpt lat="49.40431" lon="13.877119"><ele>449.25</ele></trkpt>
   <trkpt lat="49.404385" lon="13.876898"><ele>447.75</ele></trkpt>
   <trkpt lat="49.404476" lon="13.876668"><ele>446.5</ele></trkpt>
   <trkpt lat="49.40458" lon="13.876456"><ele>445.5</ele></trkpt>
   <trkpt lat="49.404702" lon="13.87625"><ele>444.75</ele></trkpt>
   <trkpt lat="49.404817" lon="13.876096"><ele>444.25</ele></trkpt>
   <trkpt lat="49.40498" lon="13.87591"><ele>444</ele></trkpt>
   <trkpt lat="49.405112" lon="13.875785"><ele>443.75</ele></trkpt>
   <trkpt lat="49.405263" lon="13.875675"><ele>443.75</ele></trkpt>
   <trkpt lat="49.405419" lon="13.875593"><ele>444</ele></trkpt>
   <trkpt lat="49.405567" lon="13.875528"><ele>444</ele></trkpt>
   <trkpt lat="49.405733" lon="13.875482"><ele>444.25</ele></trkpt>
   <trkpt lat="49.406042" lon="13.875444"><ele>444.5</ele></trkpt>
   <trkpt lat="49.406307" lon="13.875431"><ele>444.5</ele></trkpt>
   <trkpt lat="49.406726" lon="13.875359"><ele>444.75</ele></trkpt>
   <trkpt lat="49.406939" lon="13.875294"><ele>443.75</ele></trkpt>
   <trkpt lat="49.407121" lon="13.875225"><ele>443</ele></trkpt>
   <trkpt lat="49.407447" lon="13.875005"><ele>442.25</ele></trkpt>
   <trkpt lat="49.40759" lon="13.87488"><ele>442.25</ele></trkpt>
   <trkpt lat="49.407694" lon="13.874781"><ele>442.25</ele></trkpt>
   <trkpt lat="49.407947" lon="13.874492"><ele>442.75</ele></trkpt>
   <trkpt lat="49.408075" lon="13.874303"><ele>442.75</ele></trkpt>
   <trkpt lat="49.408172" lon="13.874132"><ele>443</ele></trkpt>
   <trkpt lat="49.408489" lon="13.873523"><ele>442.25</ele></trkpt>
   <trkpt lat="49.408961" lon="13.872584"><ele>441</ele></trkpt>
   <trkpt lat="49.40917" lon="13.87222"><ele>441.75</ele></trkpt>
   <trkpt lat="49.40928" lon="13.872063"><ele>442</ele></trkpt>
   <trkpt lat="49.409414" lon="13.871914"><ele>441.5</ele></trkpt>
   <trkpt lat="49.409501" lon="13.871832"><ele>441</ele></trkpt>
   <trkpt lat="49.4097" lon="13.871661"><ele>439.5</ele></trkpt>
   <trkpt lat="49.409856" lon="13.87156"><ele>438</ele></trkpt>
   <trkpt lat="49.409989" lon="13.871492"><ele>436.5</ele></trkpt>
   <trkpt lat="49.410177" lon="13.871414"><ele>436.25</ele></trkpt>
   <trkpt lat="49.41037" lon="13.871369"><ele>435.75</ele></trkpt>
   <trkpt lat="49.410598" lon="13.871361"><ele>435.25</ele></trkpt>
   <trkpt lat="49.410746" lon="13.871368"><ele>435</ele></trkpt>
   <trkpt lat="49.410992" lon="13.871428"><ele>435</ele></trkpt>
   <trkpt lat="49.411184" lon="13.87151"><ele>435</ele></trkpt>
   <trkpt lat="49.411235" lon="13.871537"><ele>435</ele></trkpt>
   <trkpt lat="49.41145" lon="13.871671"><ele>434.75</ele></trkpt>
   <trkpt lat="49.412065" lon="13.872149"><ele>436.5</ele></trkpt>
   <trkpt lat="49.412275" lon="13.872279"><ele>437</ele></trkpt>
   <trkpt lat="49.412443" lon="13.872357"><ele>437.25</ele></trkpt>
   <trkpt lat="49.412558" lon="13.872395"><ele>437.5</ele></trkpt>
   <trkpt lat="49.412869" lon="13.872446"><ele>438.5</ele></trkpt>
   <trkpt lat="49.413061" lon="13.872441"><ele>439</ele></trkpt>
   <trkpt lat="49.41334" lon="13.872386"><ele>440.25</ele></trkpt>
   <trkpt lat="49.413679" lon="13.872259"><ele>438.75</ele></trkpt>
   <trkpt lat="49.41572" lon="13.871436"><ele>434.75</ele></trkpt>
   <trkpt lat="49.415826" lon="13.871393"><ele>434.75</ele></trkpt>
   <trkpt lat="49.417273" lon="13.870811"><ele>435.5</ele></trkpt>
   <trkpt lat="49.418452" lon="13.870337"><ele>437</ele></trkpt>
   <trkpt lat="49.418496" lon="13.870319"><ele>437.25</ele></trkpt>
   <trkpt lat="49.418698" lon="13.870239"><ele>438</ele></trkpt>
   <trkpt lat="49.419607" lon="13.869872"><ele>441.5</ele></trkpt>
   <trkpt lat="49.424104" lon="13.868067"><ele>440.5</ele></trkpt>
   <trkpt lat="49.424659" lon="13.867848"><ele>440</ele></trkpt>
   <trkpt lat="49.424743" lon="13.867814"><ele>439.75</ele></trkpt>
   <trkpt lat="49.425319" lon="13.867583"><ele>440.25</ele></trkpt>
   <trkpt lat="49.425505" lon="13.867521"><ele>440.75</ele></trkpt>
   <trkpt lat="49.425838" lon="13.867457"><ele>441.75</ele></trkpt>
   <trkpt lat="49.426019" lon="13.867438"><ele>441.75</ele></trkpt>
   <trkpt lat="49.426223" lon="13.86744"><ele>441.75</ele></trkpt>
   <trkpt lat="49.426537" lon="13.867473"><ele>441.75</ele></trkpt>
   <trkpt lat="49.426715" lon="13.867513"><ele>441.75</ele></trkpt>
   <trkpt lat="49.427002" lon="13.867598"><ele>440.75</ele></trkpt>
   <trkpt lat="49.427068" lon="13.867624"><ele>440.5</ele></trkpt>
   <trkpt lat="49.427325" lon="13.86775"><ele>439.75</ele></trkpt>
   <trkpt lat="49.427501" lon="13.867851"><ele>439.25</ele></trkpt>
   <trkpt lat="49.427642" lon="13.867947"><ele>439.25</ele></trkpt>
   <trkpt lat="49.427818" lon="13.868081"><ele>439</ele></trkpt>
   <trkpt lat="49.428075" lon="13.868306"><ele>438.5</ele></trkpt>
   <trkpt lat="49.428368" lon="13.868626"><ele>437.75</ele></trkpt>
   <trkpt lat="49.428515" lon="13.868818"><ele>437.75</ele></trkpt>
   <trkpt lat="49.428658" lon="13.869022"><ele>437.75</ele></trkpt>
   <trkpt lat="49.429007" lon="13.869581"><ele>438.75</ele></trkpt>
   <trkpt lat="49.429167" lon="13.869837"><ele>439.5</ele></trkpt>
   <trkpt lat="49.429341" lon="13.87011"><ele>440.25</ele></trkpt>
   <trkpt lat="49.429519" lon="13.870399"><ele>441</ele></trkpt>
   <trkpt lat="49.430578" lon="13.87211"><ele>444.25</ele></trkpt>
   <trkpt lat="49.431015" lon="13.872808"><ele>444</ele></trkpt>
   <trkpt lat="49.431201" lon="13.873114"><ele>443.5</ele></trkpt>
   <trkpt lat="49.43147" lon="13.873556"><ele>443.5</ele></trkpt>
   <trkpt lat="49.43166" lon="13.873926"><ele>443.5</ele></trkpt>
   <trkpt lat="49.431947" lon="13.874399"><ele>444</ele></trkpt>
   <trkpt lat="49.43214" lon="13.874688"><ele>443.75</ele></trkpt>
   <trkpt lat="49.432313" lon="13.87493"><ele>443.25</ele></trkpt>
   <trkpt lat="49.432427" lon="13.875065"><ele>443.25</ele></trkpt>
   <trkpt lat="49.432584" lon="13.875213"><ele>443.25</ele></trkpt>
   <trkpt lat="49.432738" lon="13.875341"><ele>443.75</ele></trkpt>
   <trkpt lat="49.432979" lon="13.875474"><ele>444.25</ele></trkpt>
   <trkpt lat="49.433063" lon="13.875513"><ele>444.5</ele></trkpt>
   <trkpt lat="49.433152" lon="13.875545"><ele>444.5</ele></trkpt>
   <trkpt lat="49.433284" lon="13.875576"><ele>444.75</ele></trkpt>
   <trkpt lat="49.433431" lon="13.875596"><ele>445.25</ele></trkpt>
   <trkpt lat="49.434092" lon="13.87562"><ele>447.25</ele></trkpt>
   <trkpt lat="49.434312" lon="13.875658"><ele>446.5</ele></trkpt>
   <trkpt lat="49.434481" lon="13.875713"><ele>445.5</ele></trkpt>
   <trkpt lat="49.434607" lon="13.875768"><ele>445</ele></trkpt>
   <trkpt lat="49.434792" lon="13.875875"><ele>443.75</ele></trkpt>
   <trkpt lat="49.435293" lon="13.876216"><ele>443.75</ele></trkpt>
   <trkpt lat="49.435428" lon="13.876301"><ele>444.25</ele></trkpt>
   <trkpt lat="49.435629" lon="13.876398"><ele>445</ele></trkpt>
   <trkpt lat="49.435917" lon="13.876498"><ele>446</ele></trkpt>
   <trkpt lat="49.436808" lon="13.876741"><ele>448.75</ele></trkpt>
   <trkpt lat="49.436977" lon="13.876804"><ele>448.25</ele></trkpt>
   <trkpt lat="49.437144" lon="13.876897"><ele>447.75</ele></trkpt>
   <trkpt lat="49.43737" lon="13.877052"><ele>446.75</ele></trkpt>
   <trkpt lat="49.437628" lon="13.877261"><ele>446</ele></trkpt>
   <trkpt lat="49.437846" lon="13.87747"><ele>445.75</ele></trkpt>
   <trkpt lat="49.439728" lon="13.879454"><ele>448</ele></trkpt>
   <trkpt lat="49.440231" lon="13.879995"><ele>449</ele></trkpt>
   <trkpt lat="49.440432" lon="13.880173"><ele>449.75</ele></trkpt>
   <trkpt lat="49.4406" lon="13.88029"><ele>450.25</ele></trkpt>
   <trkpt lat="49.44082" lon="13.880404"><ele>450.75</ele></trkpt>
   <trkpt lat="49.440998" lon="13.880456"><ele>451</ele></trkpt>
   <trkpt lat="49.441162" lon="13.880487"><ele>451</ele></trkpt>
   <trkpt lat="49.441321" lon="13.880487"><ele>451.25</ele></trkpt>
   <trkpt lat="49.441482" lon="13.880474"><ele>451.5</ele></trkpt>
   <trkpt lat="49.441701" lon="13.880411"><ele>451.75</ele></trkpt>
   <trkpt lat="49.441859" lon="13.880337"><ele>451.25</ele></trkpt>
   <trkpt lat="49.442039" lon="13.880226"><ele>450.75</ele></trkpt>
   <trkpt lat="49.44221" lon="13.880089"><ele>450.25</ele></trkpt>
   <trkpt lat="49.442315" lon="13.879984"><ele>449.75</ele></trkpt>
   <trkpt lat="49.44241" lon="13.879867"><ele>449.75</ele></trkpt>
   <trkpt lat="49.442657" lon="13.879523"><ele>450</ele></trkpt>
   <trkpt lat="49.442841" lon="13.879244"><ele>450.25</ele></trkpt>
   <trkpt lat="49.442872" lon="13.879197"><ele>450.5</ele></trkpt>
   <trkpt lat="49.443516" lon="13.878213"><ele>451</ele></trkpt>
   <trkpt lat="49.443911" lon="13.877617"><ele>451.5</ele></trkpt>
   <trkpt lat="49.444111" lon="13.877297"><ele>451.5</ele></trkpt>
   <trkpt lat="49.444277" lon="13.876998"><ele>451.75</ele></trkpt>
   <trkpt lat="49.44443" lon="13.876695"><ele>452.25</ele></trkpt>
   <trkpt lat="49.444662" lon="13.876266"><ele>452.75</ele></trkpt>
   <trkpt lat="49.444846" lon="13.875998"><ele>452.75</ele></trkpt>
   <trkpt lat="49.44499" lon="13.875814"><ele>453</ele></trkpt>
   <trkpt lat="49.445439" lon="13.875262"><ele>452.25</ele></trkpt>
   <trkpt lat="49.445625" lon="13.875"><ele>451.5</ele></trkpt>
   <trkpt lat="49.446103" lon="13.874279"><ele>452</ele></trkpt>
   <trkpt lat="49.4471" lon="13.872758"><ele>459.75</ele></trkpt>
   <trkpt lat="49.448741" lon="13.87027"><ele>460.75</ele></trkpt>
   <trkpt lat="49.449026" lon="13.869849"><ele>461.5</ele></trkpt>
   <trkpt lat="49.449327" lon="13.869431"><ele>461</ele></trkpt>
   <trkpt lat="49.449529" lon="13.869207"><ele>460</ele></trkpt>
   <trkpt lat="49.449725" lon="13.869012"><ele>459.25</ele></trkpt>
   <trkpt lat="49.450026" lon="13.86874"><ele>459</ele></trkpt>
   <trkpt lat="49.450159" lon="13.868636"><ele>459.25</ele></trkpt>
   <trkpt lat="49.450403" lon="13.868476"><ele>460</ele></trkpt>
   <trkpt lat="49.45084" lon="13.868251"><ele>461.75</ele></trkpt>
   <trkpt lat="49.451176" lon="13.868137"><ele>461.75</ele></trkpt>
   <trkpt lat="49.451898" lon="13.867938"><ele>460.5</ele></trkpt>
   <trkpt lat="49.452939" lon="13.867661"><ele>461.25</ele></trkpt>
   <trkpt lat="49.453673" lon="13.867483"><ele>466</ele></trkpt>
   <trkpt lat="49.455349" lon="13.867077"><ele>464.5</ele></trkpt>
   <trkpt lat="49.456164" lon="13.866921"><ele>465.75</ele></trkpt>
   <trkpt lat="49.457152" lon="13.866635"><ele>472.25</ele></trkpt>
   <trkpt lat="49.457301" lon="13.86659"><ele>473.25</ele></trkpt>
   <trkpt lat="49.457979" lon="13.866417"><ele>475</ele></trkpt>
   <trkpt lat="49.458696" lon="13.866249"><ele>475</ele></trkpt>
   <trkpt lat="49.459829" lon="13.865974"><ele>474.5</ele></trkpt>
   <trkpt lat="49.461342" lon="13.865619"><ele>479.75</ele></trkpt>
   <trkpt lat="49.461611" lon="13.865571"><ele>480</ele></trkpt>
   <trkpt lat="49.461868" lon="13.865559"><ele>479.75</ele></trkpt>
   <trkpt lat="49.462157" lon="13.865552"><ele>479</ele></trkpt>
   <trkpt lat="49.462451" lon="13.86557"><ele>478.25</ele></trkpt>
   <trkpt lat="49.462732" lon="13.865623"><ele>479.5</ele></trkpt>
   <trkpt lat="49.462992" lon="13.865685"><ele>481</ele></trkpt>
   <trkpt lat="49.463404" lon="13.865839"><ele>482.5</ele></trkpt>
   <trkpt lat="49.463678" lon="13.86591"><ele>484.5</ele></trkpt>
   <trkpt lat="49.463919" lon="13.86595"><ele>486.25</ele></trkpt>
   <trkpt lat="49.464152" lon="13.865947"><ele>488.25</ele></trkpt>
   <trkpt lat="49.464291" lon="13.865929"><ele>488.5</ele></trkpt>
   <trkpt lat="49.46467" lon="13.865835"><ele>488.75</ele></trkpt>
   <trkpt lat="49.464971" lon="13.865699"><ele>489.5</ele></trkpt>
   <trkpt lat="49.465133" lon="13.8656"><ele>489.75</ele></trkpt>
   <trkpt lat="49.465273" lon="13.865495"><ele>490</ele></trkpt>
   <trkpt lat="49.465452" lon="13.865346"><ele>490</ele></trkpt>
   <trkpt lat="49.466187" lon="13.864618"><ele>485.25</ele></trkpt>
   <trkpt lat="49.466447" lon="13.864389"><ele>481.5</ele></trkpt>
   <trkpt lat="49.466642" lon="13.864239"><ele>478.25</ele></trkpt>
   <trkpt lat="49.46714" lon="13.86398"><ele>477.25</ele></trkpt>
   <trkpt lat="49.467263" lon="13.863939"><ele>477.25</ele></trkpt>
   <trkpt lat="49.467418" lon="13.863896"><ele>477.25</ele></trkpt>
   <trkpt lat="49.467639" lon="13.863857"><ele>476.75</ele></trkpt>
   <trkpt lat="49.467863" lon="13.863842"><ele>475.75</ele></trkpt>
   <trkpt lat="49.468038" lon="13.863849"><ele>475</ele></trkpt>
   <trkpt lat="49.468263" lon="13.863874"><ele>473.75</ele></trkpt>
   <trkpt lat="49.468474" lon="13.863921"><ele>474</ele></trkpt>
   <trkpt lat="49.46864" lon="13.863978"><ele>474.75</ele></trkpt>
   <trkpt lat="49.46884" lon="13.864063"><ele>475.25</ele></trkpt>
   <trkpt lat="49.47044" lon="13.864896"><ele>479.5</ele></trkpt>
   <trkpt lat="49.470615" lon="13.864961"><ele>478.75</ele></trkpt>
   <trkpt lat="49.470778" lon="13.865004"><ele>478.25</ele></trkpt>
   <trkpt lat="49.470994" lon="13.865048"><ele>476.75</ele></trkpt>
   <trkpt lat="49.471178" lon="13.865065"><ele>475.5</ele></trkpt>
   <trkpt lat="49.471367" lon="13.865068"><ele>474</ele></trkpt>
   <trkpt lat="49.471613" lon="13.865044"><ele>472.25</ele></trkpt>
   <trkpt lat="49.471853" lon="13.864992"><ele>471</ele></trkpt>
   <trkpt lat="49.472061" lon="13.864926"><ele>470</ele></trkpt>
   <trkpt lat="49.472277" lon="13.864826"><ele>469.5</ele></trkpt>
   <trkpt lat="49.47248" lon="13.864695"><ele>469.5</ele></trkpt>
   <trkpt lat="49.472783" lon="13.864469"><ele>471.5</ele></trkpt>
   <trkpt lat="49.473398" lon="13.863991"><ele>475.5</ele></trkpt>
   <trkpt lat="49.4736" lon="13.863846"><ele>477</ele></trkpt>
   <trkpt lat="49.473735" lon="13.863767"><ele>478.25</ele></trkpt>
   <trkpt lat="49.473912" lon="13.863692"><ele>479.75</ele></trkpt>
   <trkpt lat="49.474086" lon="13.863639"><ele>481.25</ele></trkpt>
   <trkpt lat="49.474247" lon="13.863613"><ele>481.75</ele></trkpt>
   <trkpt lat="49.474391" lon="13.863613"><ele>481.75</ele></trkpt>
   <trkpt lat="49.474571" lon="13.863632"><ele>481.75</ele></trkpt>
   <trkpt lat="49.474756" lon="13.863688"><ele>481.5</ele></trkpt>
   <trkpt lat="49.474909" lon="13.863756"><ele>481.5</ele></trkpt>
   <trkpt lat="49.475055" lon="13.863844"><ele>481.25</ele></trkpt>
   <trkpt lat="49.475192" lon="13.863947"><ele>480.75</ele></trkpt>
   <trkpt lat="49.475276" lon="13.864019"><ele>480.75</ele></trkpt>
   <trkpt lat="49.475339" lon="13.864082"><ele>480.75</ele></trkpt>
   <trkpt lat="49.475448" lon="13.86421"><ele>481</ele></trkpt>
   <trkpt lat="49.475594" lon="13.864404"><ele>481.25</ele></trkpt>
   <trkpt lat="49.477177" lon="13.86686"><ele>484.5</ele></trkpt>
   <trkpt lat="49.47804" lon="13.868201"><ele>485.25</ele></trkpt>
   <trkpt lat="49.478284" lon="13.868516"><ele>484.5</ele></trkpt>
   <trkpt lat="49.478539" lon="13.868804"><ele>483.5</ele></trkpt>
   <trkpt lat="49.478834" lon="13.869088"><ele>481.75</ele></trkpt>
   <trkpt lat="49.478954" lon="13.869189"><ele>480.75</ele></trkpt>
   <trkpt lat="49.479527" lon="13.869654"><ele>478.5</ele></trkpt>
   <trkpt lat="49.479764" lon="13.869824"><ele>478.25</ele></trkpt>
   <trkpt lat="49.479986" lon="13.869966"><ele>478.75</ele></trkpt>
   <trkpt lat="49.480191" lon="13.87008"><ele>480.5</ele></trkpt>
   <trkpt lat="49.480435" lon="13.870194"><ele>482.5</ele></trkpt>
   <trkpt lat="49.480654" lon="13.870284"><ele>483.5</ele></trkpt>
   <trkpt lat="49.480875" lon="13.870363"><ele>484.25</ele></trkpt>
   <trkpt lat="49.481378" lon="13.870551"><ele>483.5</ele></trkpt>
   <trkpt lat="49.481552" lon="13.87064"><ele>482.5</ele></trkpt>
   <trkpt lat="49.481808" lon="13.870837"><ele>482</ele></trkpt>
   <trkpt lat="49.48204" lon="13.871102"><ele>483</ele></trkpt>
   <trkpt lat="49.482181" lon="13.871297"><ele>482.75</ele></trkpt>
   <trkpt lat="49.482298" lon="13.871508"><ele>482</ele></trkpt>
   <trkpt lat="49.482413" lon="13.871763"><ele>481</ele></trkpt>
   <trkpt lat="49.482507" lon="13.872017"><ele>480.75</ele></trkpt>
   <trkpt lat="49.482564" lon="13.872267"><ele>481</ele></trkpt>
   <trkpt lat="49.482614" lon="13.872501"><ele>481.25</ele></trkpt>
   <trkpt lat="49.48265" lon="13.872745"><ele>481</ele></trkpt>
   <trkpt lat="49.482677" lon="13.873233"><ele>480.25</ele></trkpt>
   <trkpt lat="49.482667" lon="13.873477"><ele>480.25</ele></trkpt>
   <trkpt lat="49.482651" lon="13.873674"><ele>480</ele></trkpt>
   <trkpt lat="49.482612" lon="13.873919"><ele>479.75</ele></trkpt>
   <trkpt lat="49.482563" lon="13.874154"><ele>479.75</ele></trkpt>
   <trkpt lat="49.482502" lon="13.87439"><ele>479.75</ele></trkpt>
   <trkpt lat="49.482416" lon="13.874633"><ele>480.5</ele></trkpt>
   <trkpt lat="49.482279" lon="13.874949"><ele>481.5</ele></trkpt>
   <trkpt lat="49.481951" lon="13.875661"><ele>483.25</ele></trkpt>
   <trkpt lat="49.481824" lon="13.875955"><ele>483.75</ele></trkpt>
   <trkpt lat="49.481736" lon="13.876207"><ele>484</ele></trkpt>
   <trkpt lat="49.481678" lon="13.876434"><ele>484</ele></trkpt>
   <trkpt lat="49.481633" lon="13.876645"><ele>484.5</ele></trkpt>
   <trkpt lat="49.481591" lon="13.876935"><ele>485</ele></trkpt>
   <trkpt lat="49.48157" lon="13.877231"><ele>485.25</ele></trkpt>
   <trkpt lat="49.481567" lon="13.877471"><ele>485</ele></trkpt>
   <trkpt lat="49.481587" lon="13.877762"><ele>485.25</ele></trkpt>
   <trkpt lat="49.481622" lon="13.878035"><ele>485.5</ele></trkpt>
   <trkpt lat="49.481683" lon="13.878335"><ele>485.75</ele></trkpt>
   <trkpt lat="49.48175" lon="13.878588"><ele>485.25</ele></trkpt>
   <trkpt lat="49.481855" lon="13.878856"><ele>484.75</ele></trkpt>
   <trkpt lat="49.481949" lon="13.879066"><ele>484.75</ele></trkpt>
   <trkpt lat="49.482073" lon="13.879292"><ele>485.25</ele></trkpt>
   <trkpt lat="49.482196" lon="13.879463"><ele>486.5</ele></trkpt>
   <trkpt lat="49.482329" lon="13.879618"><ele>487.75</ele></trkpt>
   <trkpt lat="49.482482" lon="13.879777"><ele>489.5</ele></trkpt>
   <trkpt lat="49.482648" lon="13.879908"><ele>490.5</ele></trkpt>
   <trkpt lat="49.482774" lon="13.879986"><ele>491</ele></trkpt>
   <trkpt lat="49.482916" lon="13.880053"><ele>491.75</ele></trkpt>
   <trkpt lat="49.483047" lon="13.880092"><ele>492</ele></trkpt>
   <trkpt lat="49.483209" lon="13.880112"><ele>492.25</ele></trkpt>
   <trkpt lat="49.483559" lon="13.880114"><ele>492.75</ele></trkpt>
   <trkpt lat="49.48481" lon="13.879967"><ele>495.75</ele></trkpt>
   <trkpt lat="49.485102" lon="13.87995"><ele>496.25</ele></trkpt>
   <trkpt lat="49.485316" lon="13.879955"><ele>495.75</ele></trkpt>
   <trkpt lat="49.48574" lon="13.880027"><ele>495.25</ele></trkpt>
   <trkpt lat="49.486155" lon="13.880183"><ele>495.25</ele></trkpt>
   <trkpt lat="49.486392" lon="13.880308"><ele>495</ele></trkpt>
   <trkpt lat="49.486636" lon="13.880463"><ele>494.75</ele></trkpt>
   <trkpt lat="49.486853" lon="13.880643"><ele>495</ele></trkpt>
   <trkpt lat="49.487069" lon="13.880839"><ele>495.5</ele></trkpt>
   <trkpt lat="49.48726" lon="13.881052"><ele>496</ele></trkpt>
   <trkpt lat="49.487421" lon="13.88125"><ele>496.75</ele></trkpt>
   <trkpt lat="49.487589" lon="13.881486"><ele>497.5</ele></trkpt>
   <trkpt lat="49.487796" lon="13.881809"><ele>497.75</ele></trkpt>
   <trkpt lat="49.488041" lon="13.882279"><ele>497</ele></trkpt>
   <trkpt lat="49.488136" lon="13.8825"><ele>496.5</ele></trkpt>
   <trkpt lat="49.488249" lon="13.882794"><ele>496.75</ele></trkpt>
   <trkpt lat="49.488328" lon="13.883029"><ele>496.75</ele></trkpt>
   <trkpt lat="49.488414" lon="13.883318"><ele>497.5</ele></trkpt>
   <trkpt lat="49.488474" lon="13.883569"><ele>499.25</ele></trkpt>
   <trkpt lat="49.488582" lon="13.884092"><ele>502.75</ele></trkpt>
   <trkpt lat="49.488625" lon="13.884393"><ele>503.75</ele></trkpt>
   <trkpt lat="49.488892" lon="13.887246"><ele>507.75</ele></trkpt>
   <trkpt lat="49.488951" lon="13.88782"><ele>508.5</ele></trkpt>
   <trkpt lat="49.489008" lon="13.888122"><ele>508.5</ele></trkpt>
   <trkpt lat="49.489077" lon="13.888399"><ele>508.25</ele></trkpt>
   <trkpt lat="49.489156" lon="13.888621"><ele>507.5</ele></trkpt>
   <trkpt lat="49.489256" lon="13.888853"><ele>507.25</ele></trkpt>
   <trkpt lat="49.489339" lon="13.889021"><ele>507.25</ele></trkpt>
   <trkpt lat="49.489459" lon="13.889209"><ele>507.25</ele></trkpt>
   <trkpt lat="49.489589" lon="13.889387"><ele>507.25</ele></trkpt>
   <trkpt lat="49.489751" lon="13.889564"><ele>507.25</ele></trkpt>
   <trkpt lat="49.489919" lon="13.889705"><ele>507.25</ele></trkpt>
   <trkpt lat="49.490037" lon="13.889788"><ele>507.5</ele></trkpt>
   <trkpt lat="49.490187" lon="13.889866"><ele>508</ele></trkpt>
   <trkpt lat="49.490321" lon="13.889918"><ele>508.5</ele></trkpt>
   <trkpt lat="49.490461" lon="13.88996"><ele>509</ele></trkpt>
   <trkpt lat="49.490596" lon="13.889973"><ele>509.25</ele></trkpt>
   <trkpt lat="49.490665" lon="13.88998"><ele>509.5</ele></trkpt>
   <trkpt lat="49.490786" lon="13.889975"><ele>509.75</ele></trkpt>
   <trkpt lat="49.49096" lon="13.889948"><ele>510.25</ele></trkpt>
   <trkpt lat="49.491118" lon="13.889906"><ele>510.5</ele></trkpt>
   <trkpt lat="49.491287" lon="13.889827"><ele>511</ele></trkpt>
   <trkpt lat="49.491409" lon="13.88975"><ele>511.25</ele></trkpt>
   <trkpt lat="49.49158" lon="13.889622"><ele>511.75</ele></trkpt>
   <trkpt lat="49.491729" lon="13.889474"><ele>512.5</ele></trkpt>
   <trkpt lat="49.491866" lon="13.889307"><ele>513.5</ele></trkpt>
   <trkpt lat="49.491976" lon="13.889155"><ele>514.5</ele></trkpt>
   <trkpt lat="49.4922" lon="13.888739"><ele>516.25</ele></trkpt>
   <trkpt lat="49.492303" lon="13.888475"><ele>517.25</ele></trkpt>
   <trkpt lat="49.492764" lon="13.887218"><ele>516.75</ele></trkpt>
   <trkpt lat="49.493294" lon="13.885799"><ele>514.75</ele></trkpt>
   <trkpt lat="49.493407" lon="13.885547"><ele>515</ele></trkpt>
   <trkpt lat="49.49353" lon="13.885313"><ele>515.75</ele></trkpt>
   <trkpt lat="49.493649" lon="13.885127"><ele>516.25</ele></trkpt>
   <trkpt lat="49.493779" lon="13.884945"><ele>517</ele></trkpt>
   <trkpt lat="49.493941" lon="13.884758"><ele>517.5</ele></trkpt>
   <trkpt lat="49.494117" lon="13.884597"><ele>518</ele></trkpt>
   <trkpt lat="49.494306" lon="13.88445"><ele>518.5</ele></trkpt>
   <trkpt lat="49.494479" lon="13.88435"><ele>518.75</ele></trkpt>
   <trkpt lat="49.494671" lon="13.884265"><ele>519</ele></trkpt>
   <trkpt lat="49.494869" lon="13.884202"><ele>519.5</ele></trkpt>
   <trkpt lat="49.495048" lon="13.884176"><ele>520</ele></trkpt>
   <trkpt lat="49.495257" lon="13.884164"><ele>520.5</ele></trkpt>
   <trkpt lat="49.495382" lon="13.884177"><ele>520.75</ele></trkpt>
   <trkpt lat="49.495571" lon="13.884214"><ele>521.5</ele></trkpt>
   <trkpt lat="49.495772" lon="13.884275"><ele>522.25</ele></trkpt>
   <trkpt lat="49.497061" lon="13.884789"><ele>524.75</ele></trkpt>
   <trkpt lat="49.497201" lon="13.884836"><ele>524.75</ele></trkpt>
   <trkpt lat="49.497369" lon="13.884878"><ele>524.5</ele></trkpt>
   <trkpt lat="49.497504" lon="13.884894"><ele>524.5</ele></trkpt>
   <trkpt lat="49.497666" lon="13.884894"><ele>525.5</ele></trkpt>
   <trkpt lat="49.497839" lon="13.884874"><ele>526.25</ele></trkpt>
   <trkpt lat="49.497995" lon="13.884825"><ele>527</ele></trkpt>
   <trkpt lat="49.498169" lon="13.884741"><ele>527.5</ele></trkpt>
   <trkpt lat="49.498343" lon="13.884631"><ele>527.75</ele></trkpt>
   <trkpt lat="49.498578" lon="13.884415"><ele>529.5</ele></trkpt>
   <trkpt lat="49.498734" lon="13.884228"><ele>530.25</ele></trkpt>
   <trkpt lat="49.498993" lon="13.883854"><ele>530.25</ele></trkpt>
   <trkpt lat="49.49912" lon="13.883683"><ele>530.25</ele></trkpt>
   <trkpt lat="49.499255" lon="13.883525"><ele>530</ele></trkpt>
   <trkpt lat="49.499379" lon="13.883406"><ele>530</ele></trkpt>
   <trkpt lat="49.499507" lon="13.8833"><ele>530.25</ele></trkpt>
   <trkpt lat="49.499638" lon="13.883214"><ele>530.75</ele></trkpt>
   <trkpt lat="49.499788" lon="13.883132"><ele>531.5</ele></trkpt>
   <trkpt lat="49.499938" lon="13.88307"><ele>532.5</ele></trkpt>
   <trkpt lat="49.500084" lon="13.883037"><ele>533</ele></trkpt>
   <trkpt lat="49.50025" lon="13.883022"><ele>533</ele></trkpt>
   <trkpt lat="49.500421" lon="13.883033"><ele>533.25</ele></trkpt>
   <trkpt lat="49.500579" lon="13.88306"><ele>533.25</ele></trkpt>
   <trkpt lat="49.500861" lon="13.883171"><ele>533.5</ele></trkpt>
   <trkpt lat="49.501009" lon="13.88326"><ele>532.75</ele></trkpt>
   <trkpt lat="49.501345" lon="13.883528"><ele>531.5</ele></trkpt>
   <trkpt lat="49.502678" lon="13.884745"><ele>537</ele></trkpt>
   <trkpt lat="49.503538" lon="13.885512"><ele>540.75</ele></trkpt>
   <trkpt lat="49.503778" lon="13.885724"><ele>541.25</ele></trkpt>
   <trkpt lat="49.504105" lon="13.885945"><ele>541.75</ele></trkpt>
   <trkpt lat="49.504293" lon="13.886115"><ele>541.5</ele></trkpt>
   <trkpt lat="49.504947" lon="13.886703"><ele>540</ele></trkpt>
   <trkpt lat="49.505291" lon="13.887094"><ele>539.75</ele></trkpt>
   <trkpt lat="49.5056" lon="13.887377"><ele>539.5</ele></trkpt>
   <trkpt lat="49.505809" lon="13.887536"><ele>539</ele></trkpt>
   <trkpt lat="49.506094" lon="13.887698"><ele>537.75</ele></trkpt>
   <trkpt lat="49.50625" lon="13.887758"><ele>537</ele></trkpt>
   <trkpt lat="49.506423" lon="13.887805"><ele>536.25</ele></trkpt>
   <trkpt lat="49.506696" lon="13.887838"><ele>535</ele></trkpt>
   <trkpt lat="49.506873" lon="13.887827"><ele>535</ele></trkpt>
   <trkpt lat="49.507076" lon="13.887802"><ele>535</ele></trkpt>
   <trkpt lat="49.507453" lon="13.887729"><ele>535</ele></trkpt>
   <trkpt lat="49.507628" lon="13.887707"><ele>535.25</ele></trkpt>
   <trkpt lat="49.507841" lon="13.887711"><ele>535</ele></trkpt>
   <trkpt lat="49.508044" lon="13.887745"><ele>535</ele></trkpt>
   <trkpt lat="49.508239" lon="13.887806"><ele>534.75</ele></trkpt>
   <trkpt lat="49.508438" lon="13.887897"><ele>534.25</ele></trkpt>
   <trkpt lat="49.508621" lon="13.888002"><ele>533.5</ele></trkpt>
   <trkpt lat="49.508785" lon="13.88813"><ele>532.75</ele></trkpt>
   <trkpt lat="49.509034" lon="13.888367"><ele>532</ele></trkpt>
   <trkpt lat="49.509183" lon="13.888553"><ele>531.25</ele></trkpt>
   <trkpt lat="49.509322" lon="13.888759"><ele>530.75</ele></trkpt>
   <trkpt lat="49.509454" lon="13.888985"><ele>530.5</ele></trkpt>
   <trkpt lat="49.509551" lon="13.889182"><ele>530.25</ele></trkpt>
   <trkpt lat="49.509651" lon="13.889435"><ele>530.25</ele></trkpt>
   <trkpt lat="49.509863" lon="13.890124"><ele>529.5</ele></trkpt>
   <trkpt lat="49.510173" lon="13.891205"><ele>528.5</ele></trkpt>
   <trkpt lat="49.511679" lon="13.896512"><ele>533</ele></trkpt>
   <trkpt lat="49.512307" lon="13.898744"><ele>537</ele></trkpt>
   <trkpt lat="49.512587" lon="13.899681"><ele>535</ele></trkpt>
   <trkpt lat="49.512675" lon="13.899933"><ele>534.75</ele></trkpt>
   <trkpt lat="49.51278" lon="13.900183"><ele>534.75</ele></trkpt>
   <trkpt lat="49.512937" lon="13.900448"><ele>535</ele></trkpt>
   <trkpt lat="49.513082" lon="13.900655"><ele>535.25</ele></trkpt>
   <trkpt lat="49.513253" lon="13.90084"><ele>536</ele></trkpt>
   <trkpt lat="49.513411" lon="13.900972"><ele>536.25</ele></trkpt>
   <trkpt lat="49.51358" lon="13.901083"><ele>536</ele></trkpt>
   <trkpt lat="49.513733" lon="13.901159"><ele>535.5</ele></trkpt>
   <trkpt lat="49.513899" lon="13.901224"><ele>535.25</ele></trkpt>
   <trkpt lat="49.514086" lon="13.901255"><ele>535.25</ele></trkpt>
   <trkpt lat="49.514246" lon="13.901258"><ele>535.25</ele></trkpt>
   <trkpt lat="49.514456" lon="13.901232"><ele>535</ele></trkpt>
   <trkpt lat="49.514623" lon="13.901184"><ele>535</ele></trkpt>
   <trkpt lat="49.514778" lon="13.901111"><ele>535</ele></trkpt>
   <trkpt lat="49.514938" lon="13.90102"><ele>535</ele></trkpt>
   <trkpt lat="49.515096" lon="13.9009"><ele>535.25</ele></trkpt>
   <trkpt lat="49.517202" lon="13.899179"><ele>542</ele></trkpt>
   <trkpt lat="49.51742" lon="13.898993"><ele>545.75</ele></trkpt>
   <trkpt lat="49.517837" lon="13.89858"><ele>551.5</ele></trkpt>
   <trkpt lat="49.518022" lon="13.898382"><ele>553.75</ele></trkpt>
   <trkpt lat="49.518327" lon="13.898002"><ele>556.75</ele></trkpt>
   <trkpt lat="49.518534" lon="13.897714"><ele>557.5</ele></trkpt>
   <trkpt lat="49.518713" lon="13.897435"><ele>557.75</ele></trkpt>
   <trkpt lat="49.519072" lon="13.89681"><ele>557</ele></trkpt>
   <trkpt lat="49.519245" lon="13.896467"><ele>556.5</ele></trkpt>
   <trkpt lat="49.519596" lon="13.895716"><ele>553.75</ele></trkpt>
   <trkpt lat="49.519793" lon="13.895369"><ele>551</ele></trkpt>
   <trkpt lat="49.519902" lon="13.895206"><ele>549.75</ele></trkpt>
   <trkpt lat="49.520191" lon="13.894862"><ele>547.5</ele></trkpt>
   <trkpt lat="49.520346" lon="13.894719"><ele>546.5</ele></trkpt>
   <trkpt lat="49.520514" lon="13.894601"><ele>545.5</ele></trkpt>
   <trkpt lat="49.52068" lon="13.894503"><ele>544.5</ele></trkpt>
   <trkpt lat="49.520828" lon="13.894434"><ele>543.5</ele></trkpt>
   <trkpt lat="49.521015" lon="13.894375"><ele>543.25</ele></trkpt>
   <trkpt lat="49.521201" lon="13.894334"><ele>543.25</ele></trkpt>
   <trkpt lat="49.521391" lon="13.89432"><ele>543</ele></trkpt>
   <trkpt lat="49.521581" lon="13.894334"><ele>542.5</ele></trkpt>
   <trkpt lat="49.521804" lon="13.89437"><ele>542</ele></trkpt>
   <trkpt lat="49.522022" lon="13.89444"><ele>541.75</ele></trkpt>
   <trkpt lat="49.522236" lon="13.894539"><ele>541.5</ele></trkpt>
   <trkpt lat="49.522609" lon="13.894765"><ele>542</ele></trkpt>
   <trkpt lat="49.52319" lon="13.895175"><ele>540.75</ele></trkpt>
   <trkpt lat="49.523313" lon="13.895258"><ele>540.5</ele></trkpt>
   <trkpt lat="49.523966" lon="13.895671"><ele>541.5</ele></trkpt>
   <trkpt lat="49.524589" lon="13.896083"><ele>541.5</ele></trkpt>
   <trkpt lat="49.524773" lon="13.896239"><ele>542</ele></trkpt>
   <trkpt lat="49.524933" lon="13.896392"><ele>542.25</ele></trkpt>
   <trkpt lat="49.525093" lon="13.89658"><ele>542.5</ele></trkpt>
   <trkpt lat="49.525227" lon="13.896751"><ele>542.75</ele></trkpt>
   <trkpt lat="49.525368" lon="13.896972"><ele>543.75</ele></trkpt>
   <trkpt lat="49.525524" lon="13.897297"><ele>545.5</ele></trkpt>
   <trkpt lat="49.525666" lon="13.897657"><ele>546</ele></trkpt>
   <trkpt lat="49.525779" lon="13.897986"><ele>545.5</ele></trkpt>
   <trkpt lat="49.525907" lon="13.898444"><ele>544.75</ele></trkpt>
   <trkpt lat="49.52601" lon="13.898954"><ele>546.25</ele></trkpt>
   <trkpt lat="49.526098" lon="13.899553"><ele>548.5</ele></trkpt>
   <trkpt lat="49.526365" lon="13.901765"><ele>552.25</ele></trkpt>
   <trkpt lat="49.526611" lon="13.903873"><ele>544.75</ele></trkpt>
   <trkpt lat="49.526663" lon="13.904408"><ele>546.75</ele></trkpt>
   <trkpt lat="49.526693" lon="13.904822"><ele>547.5</ele></trkpt>
   <trkpt lat="49.52671" lon="13.905308"><ele>547.5</ele></trkpt>
   <trkpt lat="49.526738" lon="13.907735"><ele>537.25</ele></trkpt>
   <trkpt lat="49.526742" lon="13.908967"><ele>526.25</ele></trkpt>
   <trkpt lat="49.526753" lon="13.909342"><ele>525</ele></trkpt>
   <trkpt lat="49.526777" lon="13.909719"><ele>524.75</ele></trkpt>
   <trkpt lat="49.526817" lon="13.910088"><ele>524.25</ele></trkpt>
   <trkpt lat="49.526863" lon="13.910415"><ele>524</ele></trkpt>
   <trkpt lat="49.526919" lon="13.910746"><ele>523.75</ele></trkpt>
   <trkpt lat="49.526985" lon="13.911069"><ele>523.25</ele></trkpt>
   <trkpt lat="49.527066" lon="13.911406"><ele>522.5</ele></trkpt>
   <trkpt lat="49.52714" lon="13.911668"><ele>522</ele></trkpt>
   <trkpt lat="49.527233" lon="13.911963"><ele>521.25</ele></trkpt>
   <trkpt lat="49.527266" lon="13.912065"><ele>521</ele></trkpt>
   <trkpt lat="49.527495" lon="13.912653"><ele>519</ele></trkpt>
   <trkpt lat="49.528167" lon="13.914097"><ele>516.75</ele></trkpt>
   <trkpt lat="49.528251" lon="13.91429"><ele>516.5</ele></trkpt>
   <trkpt lat="49.528337" lon="13.914533"><ele>516.25</ele></trkpt>
   <trkpt lat="49.528406" lon="13.914756"><ele>516</ele></trkpt>
   <trkpt lat="49.528468" lon="13.915021"><ele>516</ele></trkpt>
   <trkpt lat="49.528509" lon="13.915277"><ele>515.5</ele></trkpt>
   <trkpt lat="49.528539" lon="13.915544"><ele>515.5</ele></trkpt>
   <trkpt lat="49.52855" lon="13.915836"><ele>515.25</ele></trkpt>
   <trkpt lat="49.528551" lon="13.916175"><ele>515</ele></trkpt>
   <trkpt lat="49.528526" lon="13.91728"><ele>515</ele></trkpt>
   <trkpt lat="49.528525" lon="13.917333"><ele>515</ele></trkpt>
   <trkpt lat="49.528515" lon="13.917767"><ele>515</ele></trkpt>
   <trkpt lat="49.528411" lon="13.922373"><ele>512.25</ele></trkpt>
   <trkpt lat="49.528395" lon="13.922679"><ele>511.5</ele></trkpt>
   <trkpt lat="49.528369" lon="13.923013"><ele>510.75</ele></trkpt>
   <trkpt lat="49.528285" lon="13.923673"><ele>510.5</ele></trkpt>
   <trkpt lat="49.528228" lon="13.923988"><ele>511.25</ele></trkpt>
   <trkpt lat="49.528171" lon="13.92424"><ele>511.5</ele></trkpt>
   <trkpt lat="49.527971" lon="13.925032"><ele>511</ele></trkpt>
   <trkpt lat="49.527887" lon="13.925342"><ele>510</ele></trkpt>
   <trkpt lat="49.527859" lon="13.925445"><ele>509.5</ele></trkpt>
   <trkpt lat="49.527752" lon="13.925843"><ele>508.25</ele></trkpt>
   <trkpt lat="49.527666" lon="13.926192"><ele>508.25</ele></trkpt>
   <trkpt lat="49.527599" lon="13.926519"><ele>508.25</ele></trkpt>
   <trkpt lat="49.527558" lon="13.926764"><ele>508.25</ele></trkpt>
   <trkpt lat="49.527532" lon="13.927045"><ele>507.75</ele></trkpt>
   <trkpt lat="49.527521" lon="13.927374"><ele>507</ele></trkpt>
   <trkpt lat="49.527533" lon="13.927661"><ele>506.5</ele></trkpt>
   <trkpt lat="49.527567" lon="13.928002"><ele>506</ele></trkpt>
   <trkpt lat="49.527606" lon="13.928231"><ele>505.75</ele></trkpt>
   <trkpt lat="49.527675" lon="13.928523"><ele>505.75</ele></trkpt>
   <trkpt lat="49.527741" lon="13.928741"><ele>505.75</ele></trkpt>
   <trkpt lat="49.527847" lon="13.92903"><ele>506</ele></trkpt>
   <trkpt lat="49.52794" lon="13.929241"><ele>505.75</ele></trkpt>
   <trkpt lat="49.528047" lon="13.929429"><ele>505.5</ele></trkpt>
   <trkpt lat="49.528187" lon="13.929648"><ele>505.25</ele></trkpt>
   <trkpt lat="49.529029" lon="13.93083"><ele>503.25</ele></trkpt>
   <trkpt lat="49.529196" lon="13.931087"><ele>503.5</ele></trkpt>
   <trkpt lat="49.5293" lon="13.931279"><ele>503.75</ele></trkpt>
   <trkpt lat="49.529385" lon="13.931458"><ele>503.75</ele></trkpt>
   <trkpt lat="49.529489" lon="13.931703"><ele>504</ele></trkpt>
   <trkpt lat="49.529576" lon="13.931943"><ele>504.75</ele></trkpt>
   <trkpt lat="49.529654" lon="13.932203"><ele>505</ele></trkpt>
   <trkpt lat="49.529723" lon="13.93251"><ele>505.25</ele></trkpt>
   <trkpt lat="49.529768" lon="13.93274"><ele>505.25</ele></trkpt>
   <trkpt lat="49.529801" lon="13.93307"><ele>506</ele></trkpt>
   <trkpt lat="49.529817" lon="13.933409"><ele>507</ele></trkpt>
   <trkpt lat="49.52981" lon="13.933795"><ele>508</ele></trkpt>
   <trkpt lat="49.529709" lon="13.935553"><ele>510.5</ele></trkpt>
   <trkpt lat="49.529688" lon="13.936088"><ele>508.5</ele></trkpt>
   <trkpt lat="49.52969" lon="13.936286"><ele>506.75</ele></trkpt>
   <trkpt lat="49.529704" lon="13.936505"><ele>504.75</ele></trkpt>
   <trkpt lat="49.529734" lon="13.936755"><ele>502</ele></trkpt>
   <trkpt lat="49.529783" lon="13.937056"><ele>498.75</ele></trkpt>
   <trkpt lat="49.52985" lon="13.937358"><ele>495.5</ele></trkpt>
   <trkpt lat="49.529925" lon="13.937627"><ele>493</ele></trkpt>
   <trkpt lat="49.530019" lon="13.937891"><ele>491.75</ele></trkpt>
   <trkpt lat="49.53011" lon="13.938103"><ele>492</ele></trkpt>
   <trkpt lat="49.530221" lon="13.938335"><ele>492</ele></trkpt>
   <trkpt lat="49.530364" lon="13.938584"><ele>492</ele></trkpt>
   <trkpt lat="49.530456" lon="13.93873"><ele>491.75</ele></trkpt>
   <trkpt lat="49.53071" lon="13.939052"><ele>490.5</ele></trkpt>
   <trkpt lat="49.530914" lon="13.939252"><ele>490.25</ele></trkpt>
   <trkpt lat="49.532086" lon="13.94031"><ele>490.75</ele></trkpt>
   <trkpt lat="49.532749" lon="13.940869"><ele>490.25</ele></trkpt>
   <trkpt lat="49.532875" lon="13.940962"><ele>490.25</ele></trkpt>
   <trkpt lat="49.533012" lon="13.941039"><ele>490.25</ele></trkpt>
   <trkpt lat="49.533219" lon="13.941115"><ele>490</ele></trkpt>
   <trkpt lat="49.533371" lon="13.941149"><ele>489.75</ele></trkpt>
   <trkpt lat="49.533535" lon="13.941158"><ele>489.25</ele></trkpt>
   <trkpt lat="49.533701" lon="13.941147"><ele>489</ele></trkpt>
   <trkpt lat="49.533877" lon="13.941107"><ele>488.75</ele></trkpt>
   <trkpt lat="49.534174" lon="13.940978"><ele>489</ele></trkpt>
   <trkpt lat="49.534319" lon="13.940878"><ele>489.25</ele></trkpt>
   <trkpt lat="49.534469" lon="13.940747"><ele>489.25</ele></trkpt>
   <trkpt lat="49.534576" lon="13.94064"><ele>489.25</ele></trkpt>
   <trkpt lat="49.534703" lon="13.940485"><ele>489</ele></trkpt>
   <trkpt lat="49.534826" lon="13.9403"><ele>488.5</ele></trkpt>
   <trkpt lat="49.535026" lon="13.939922"><ele>488</ele></trkpt>
   <trkpt lat="49.535372" lon="13.938985"><ele>488.5</ele></trkpt>
   <trkpt lat="49.53577" lon="13.937865"><ele>487.5</ele></trkpt>
   <trkpt lat="49.536116" lon="13.936883"><ele>485.5</ele></trkpt>
   <trkpt lat="49.536248" lon="13.936557"><ele>485</ele></trkpt>
   <trkpt lat="49.536366" lon="13.936314"><ele>485</ele></trkpt>
   <trkpt lat="49.536457" lon="13.936163"><ele>485</ele></trkpt>
   <trkpt lat="49.536499" lon="13.936106"><ele>485</ele></trkpt>
   <trkpt lat="49.536557" lon="13.936027"><ele>485</ele></trkpt>
   <trkpt lat="49.53665" lon="13.935897"><ele>484.75</ele></trkpt>
   <trkpt lat="49.536791" lon="13.935743"><ele>485</ele></trkpt>
   <trkpt lat="49.536931" lon="13.935631"><ele>485</ele></trkpt>
   <trkpt lat="49.53707" lon="13.935542"><ele>485.25</ele></trkpt>
   <trkpt lat="49.537236" lon="13.935457"><ele>485.25</ele></trkpt>
   <trkpt lat="49.537421" lon="13.935383"><ele>485.25</ele></trkpt>
   <trkpt lat="49.537594" lon="13.935359"><ele>485.25</ele></trkpt>
   <trkpt lat="49.537697" lon="13.935352"><ele>485.25</ele></trkpt>
   <trkpt lat="49.537829" lon="13.93535"><ele>485.25</ele></trkpt>
   <trkpt lat="49.538026" lon="13.935381"><ele>485.25</ele></trkpt>
   <trkpt lat="49.538247" lon="13.93546"><ele>485.5</ele></trkpt>
   <trkpt lat="49.538469" lon="13.935587"><ele>485.5</ele></trkpt>
   <trkpt lat="49.538649" lon="13.935713"><ele>485.75</ele></trkpt>
   <trkpt lat="49.538796" lon="13.935862"><ele>486</ele></trkpt>
   <trkpt lat="49.539029" lon="13.936157"><ele>487</ele></trkpt>
   <trkpt lat="49.539733" lon="13.937115"><ele>488</ele></trkpt>
   <trkpt lat="49.540761" lon="13.938485"><ele>487.75</ele></trkpt>
   <trkpt lat="49.541276" lon="13.939183"><ele>490.5</ele></trkpt>
   <trkpt lat="49.541328" lon="13.939257"><ele>490.5</ele></trkpt>
   <trkpt lat="49.541524" lon="13.939542"><ele>491.25</ele></trkpt>
   <trkpt lat="49.541669" lon="13.939792"><ele>492.25</ele></trkpt>
   <trkpt lat="49.541761" lon="13.939978"><ele>493</ele></trkpt>
   <trkpt lat="49.541856" lon="13.940202"><ele>493.25</ele></trkpt>
   <trkpt lat="49.541958" lon="13.940474"><ele>493.75</ele></trkpt>
   <trkpt lat="49.542053" lon="13.940797"><ele>494.25</ele></trkpt>
   <trkpt lat="49.542135" lon="13.941124"><ele>494.5</ele></trkpt>
   <trkpt lat="49.542191" lon="13.941453"><ele>494.5</ele></trkpt>
   <trkpt lat="49.542232" lon="13.941792"><ele>494.5</ele></trkpt>
   <trkpt lat="49.542258" lon="13.942137"><ele>494.5</ele></trkpt>
   <trkpt lat="49.542719" lon="13.950031"><ele>492</ele></trkpt>
   <trkpt lat="49.542748" lon="13.950373"><ele>490</ele></trkpt>
   <trkpt lat="49.542786" lon="13.950673"><ele>488.25</ele></trkpt>
   <trkpt lat="49.54283" lon="13.950911"><ele>487.25</ele></trkpt>
   <trkpt lat="49.54289" lon="13.95114"><ele>486.25</ele></trkpt>
   <trkpt lat="49.542968" lon="13.951377"><ele>485.25</ele></trkpt>
   <trkpt lat="49.543036" lon="13.951546"><ele>484.5</ele></trkpt>
   <trkpt lat="49.543157" lon="13.951782"><ele>483.25</ele></trkpt>
   <trkpt lat="49.543283" lon="13.951981"><ele>482.25</ele></trkpt>
   <trkpt lat="49.543409" lon="13.95215"><ele>482</ele></trkpt>
   <trkpt lat="49.543563" lon="13.952319"><ele>482.25</ele></trkpt>
   <trkpt lat="49.543755" lon="13.95248"><ele>482.5</ele></trkpt>
   <trkpt lat="49.544481" lon="13.95295"><ele>481.5</ele></trkpt>
   <trkpt lat="49.544644" lon="13.953067"><ele>481</ele></trkpt>
   <trkpt lat="49.54483" lon="13.953222"><ele>480.25</ele></trkpt>
   <trkpt lat="49.544961" lon="13.953352"><ele>479.75</ele></trkpt>
   <trkpt lat="49.545082" lon="13.9535"><ele>480.25</ele></trkpt>
   <trkpt lat="49.545214" lon="13.95368"><ele>480.75</ele></trkpt>
   <trkpt lat="49.545351" lon="13.953906"><ele>481.25</ele></trkpt>
   <trkpt lat="49.545472" lon="13.954134"><ele>481.5</ele></trkpt>
   <trkpt lat="49.545579" lon="13.954393"><ele>481.25</ele></trkpt>
   <trkpt lat="49.545673" lon="13.95467"><ele>481</ele></trkpt>
   <trkpt lat="49.54576" lon="13.954991"><ele>480.5</ele></trkpt>
   <trkpt lat="49.545794" lon="13.955139"><ele>480.25</ele></trkpt>
   <trkpt lat="49.545839" lon="13.955416"><ele>480</ele></trkpt>
   <trkpt lat="49.545874" lon="13.955701"><ele>479.5</ele></trkpt>
   <trkpt lat="49.545933" lon="13.956514"><ele>477.75</ele></trkpt>
   <trkpt lat="49.546025" lon="13.957986"><ele>475.5</ele></trkpt>
   <trkpt lat="49.546062" lon="13.958442"><ele>475</ele></trkpt>
   <trkpt lat="49.546108" lon="13.958875"><ele>474</ele></trkpt>
   <trkpt lat="49.54612" lon="13.958959"><ele>473.75</ele></trkpt>
   <trkpt lat="49.546128" lon="13.959015"><ele>473.75</ele></trkpt>
   <trkpt lat="49.546167" lon="13.959319"><ele>473.5</ele></trkpt>
   <trkpt lat="49.546305" lon="13.960141"><ele>474</ele></trkpt>
   <trkpt lat="49.547278" lon="13.965541"><ele>462.25</ele></trkpt>
   <trkpt lat="49.547338" lon="13.965826"><ele>461</ele></trkpt>
   <trkpt lat="49.54742" lon="13.96617"><ele>460.25</ele></trkpt>
   <trkpt lat="49.547503" lon="13.966469"><ele>459.25</ele></trkpt>
   <trkpt lat="49.547583" lon="13.966736"><ele>458.5</ele></trkpt>
   <trkpt lat="49.547684" lon="13.967035"><ele>457.75</ele></trkpt>
   <trkpt lat="49.547879" lon="13.96757"><ele>456.25</ele></trkpt>
   <trkpt lat="49.548032" lon="13.967997"><ele>456</ele></trkpt>
   <trkpt lat="49.548495" lon="13.969268"><ele>457.75</ele></trkpt>
   <trkpt lat="49.54866" lon="13.969697"><ele>458.75</ele></trkpt>
   <trkpt lat="49.548735" lon="13.969878"><ele>459.75</ele></trkpt>
   <trkpt lat="49.548856" lon="13.970108"><ele>461.25</ele></trkpt>
   <trkpt lat="49.548966" lon="13.970296"><ele>462.25</ele></trkpt>
   <trkpt lat="49.549078" lon="13.970451"><ele>463.25</ele></trkpt>
   <trkpt lat="49.549252" lon="13.970648"><ele>465</ele></trkpt>
   <trkpt lat="49.54945" lon="13.970818"><ele>466.75</ele></trkpt>
   <trkpt lat="49.549602" lon="13.970921"><ele>468.25</ele></trkpt>
   <trkpt lat="49.549739" lon="13.970984"><ele>469.25</ele></trkpt>
   <trkpt lat="49.549898" lon="13.971031"><ele>470.5</ele></trkpt>
   <trkpt lat="49.550047" lon="13.971059"><ele>471.5</ele></trkpt>
   <trkpt lat="49.550196" lon="13.97107"><ele>472.25</ele></trkpt>
   <trkpt lat="49.550384" lon="13.971043"><ele>473.5</ele></trkpt>
   <trkpt lat="49.550539" lon="13.970993"><ele>474.5</ele></trkpt>
   <trkpt lat="49.550764" lon="13.970904"><ele>476.25</ele></trkpt>
   <trkpt lat="49.550995" lon="13.970799"><ele>476.75</ele></trkpt>
   <trkpt lat="49.552375" lon="13.970054"><ele>473.5</ele></trkpt>
   <trkpt lat="49.55571" lon="13.968177"><ele>479.25</ele></trkpt>
   <trkpt lat="49.555923" lon="13.968047"><ele>480.25</ele></trkpt>
   <trkpt lat="49.556081" lon="13.967932"><ele>480.5</ele></trkpt>
   <trkpt lat="49.556243" lon="13.967796"><ele>481.25</ele></trkpt>
   <trkpt lat="49.556407" lon="13.967628"><ele>481.75</ele></trkpt>
   <trkpt lat="49.556572" lon="13.967419"><ele>482.75</ele></trkpt>
   <trkpt lat="49.556759" lon="13.967122"><ele>484</ele></trkpt>
   <trkpt lat="49.556979" lon="13.966703"><ele>484.75</ele></trkpt>
   <trkpt lat="49.557509" lon="13.965625"><ele>484</ele></trkpt>
   <trkpt lat="49.55762" lon="13.965399"><ele>484</ele></trkpt>
   <trkpt lat="49.558162" lon="13.964305"><ele>482.75</ele></trkpt>
   <trkpt lat="49.558308" lon="13.963969"><ele>482</ele></trkpt>
   <trkpt lat="49.558516" lon="13.963476"><ele>482.25</ele></trkpt>
   <trkpt lat="49.559069" lon="13.962373"><ele>482.5</ele></trkpt>
   <trkpt lat="49.559177" lon="13.962176"><ele>482.5</ele></trkpt>
   <trkpt lat="49.559439" lon="13.961723"><ele>482.5</ele></trkpt>
   <trkpt lat="49.560001" lon="13.960588"><ele>482.25</ele></trkpt>
   <trkpt lat="49.560275" lon="13.960055"><ele>481.75</ele></trkpt>
   <trkpt lat="49.560427" lon="13.959828"><ele>481.5</ele></trkpt>
   <trkpt lat="49.56065" lon="13.959379"><ele>481</ele></trkpt>
   <trkpt lat="49.560806" lon="13.959067"><ele>480.75</ele></trkpt>
   <trkpt lat="49.561022" lon="13.958636"><ele>480.5</ele></trkpt>
   <trkpt lat="49.561223" lon="13.958271"><ele>480.5</ele></trkpt>
   <trkpt lat="49.561362" lon="13.958051"><ele>480.25</ele></trkpt>
   <trkpt lat="49.561652" lon="13.957646"><ele>479.5</ele></trkpt>
   <trkpt lat="49.561921" lon="13.957339"><ele>479.5</ele></trkpt>
   <trkpt lat="49.562052" lon="13.957216"><ele>479.75</ele></trkpt>
   <trkpt lat="49.562188" lon="13.957093"><ele>480.25</ele></trkpt>
   <trkpt lat="49.562434" lon="13.956912"><ele>481</ele></trkpt>
   <trkpt lat="49.56263" lon="13.956793"><ele>481.75</ele></trkpt>
   <trkpt lat="49.562858" lon="13.956683"><ele>482.75</ele></trkpt>
   <trkpt lat="49.563055" lon="13.956614"><ele>483.5</ele></trkpt>
   <trkpt lat="49.563261" lon="13.956565"><ele>484.25</ele></trkpt>
   <trkpt lat="49.563428" lon="13.95654"><ele>484.5</ele></trkpt>
   <trkpt lat="49.563767" lon="13.956513"><ele>484</ele></trkpt>
   <trkpt lat="49.565139" lon="13.956536"><ele>478.5</ele></trkpt>
   <trkpt lat="49.565366" lon="13.956514"><ele>477.75</ele></trkpt>
   <trkpt lat="49.565554" lon="13.956477"><ele>477.25</ele></trkpt>
   <trkpt lat="49.565762" lon="13.956424"><ele>476.75</ele></trkpt>
   <trkpt lat="49.565875" lon="13.956381"><ele>476.5</ele></trkpt>
   <trkpt lat="49.566063" lon="13.956304"><ele>476.5</ele></trkpt>
   <trkpt lat="49.566279" lon="13.956195"><ele>476.5</ele></trkpt>
   <trkpt lat="49.566654" lon="13.955951"><ele>476.75</ele></trkpt>
   <trkpt lat="49.571557" lon="13.952387"><ele>481.25</ele></trkpt>
   <trkpt lat="49.571819" lon="13.952216"><ele>481.25</ele></trkpt>
   <trkpt lat="49.572011" lon="13.952102"><ele>481.5</ele></trkpt>
   <trkpt lat="49.572217" lon="13.951994"><ele>481.75</ele></trkpt>
   <trkpt lat="49.572468" lon="13.951888"><ele>481.75</ele></trkpt>
   <trkpt lat="49.572705" lon="13.951811"><ele>482.25</ele></trkpt>
   <trkpt lat="49.572946" lon="13.951752"><ele>482.75</ele></trkpt>
   <trkpt lat="49.573178" lon="13.95172"><ele>483.5</ele></trkpt>
   <trkpt lat="49.573421" lon="13.951698"><ele>483.75</ele></trkpt>
   <trkpt lat="49.573683" lon="13.951704"><ele>483.5</ele></trkpt>
   <trkpt lat="49.57389" lon="13.951722"><ele>483.25</ele></trkpt>
   <trkpt lat="49.574087" lon="13.951752"><ele>483.25</ele></trkpt>
   <trkpt lat="49.574493" lon="13.951859"><ele>483.75</ele></trkpt>
   <trkpt lat="49.575685" lon="13.952276"><ele>484</ele></trkpt>
   <trkpt lat="49.576402" lon="13.952533"><ele>484</ele></trkpt>
   <trkpt lat="49.576479" lon="13.952561"><ele>484</ele></trkpt>
   <trkpt lat="49.577106" lon="13.952782"><ele>485.25</ele></trkpt>
   <trkpt lat="49.577712" lon="13.953009"><ele>486.25</ele></trkpt>
   <trkpt lat="49.578003" lon="13.953151"><ele>487</ele></trkpt>
   <trkpt lat="49.57823" lon="13.953299"><ele>487.75</ele></trkpt>
   <trkpt lat="49.578409" lon="13.953436"><ele>487.75</ele></trkpt>
   <trkpt lat="49.578575" lon="13.953578"><ele>487.75</ele></trkpt>
   <trkpt lat="49.578741" lon="13.953737"><ele>487.75</ele></trkpt>
   <trkpt lat="49.578918" lon="13.953931"><ele>488.25</ele></trkpt>
   <trkpt lat="49.579065" lon="13.954112"><ele>488.75</ele></trkpt>
   <trkpt lat="49.579333" lon="13.954502"><ele>490.5</ele></trkpt>
   <trkpt lat="49.579578" lon="13.954939"><ele>492.5</ele></trkpt>
   <trkpt lat="49.579694" lon="13.95519"><ele>493.5</ele></trkpt>
   <trkpt lat="49.579808" lon="13.95546"><ele>494</ele></trkpt>
   <trkpt lat="49.579915" lon="13.955761"><ele>495</ele></trkpt>
   <trkpt lat="49.580029" lon="13.956125"><ele>494.5</ele></trkpt>
   <trkpt lat="49.580124" lon="13.956503"><ele>494</ele></trkpt>
   <trkpt lat="49.580203" lon="13.956862"><ele>493.5</ele></trkpt>
   <trkpt lat="49.580245" lon="13.957115"><ele>493</ele></trkpt>
   <trkpt lat="49.581149" lon="13.963494"><ele>484.5</ele></trkpt>
   <trkpt lat="49.581189" lon="13.963734"><ele>484.5</ele></trkpt>
   <trkpt lat="49.581306" lon="13.964379"><ele>485</ele></trkpt>
   <trkpt lat="49.581429" lon="13.964947"><ele>485.5</ele></trkpt>
   <trkpt lat="49.581583" lon="13.96558"><ele>486.5</ele></trkpt>
   <trkpt lat="49.582077" lon="13.967421"><ele>484</ele></trkpt>
   <trkpt lat="49.582844" lon="13.970296"><ele>483.5</ele></trkpt>
   <trkpt lat="49.583725" lon="13.973593"><ele>481</ele></trkpt>
   <trkpt lat="49.583751" lon="13.973687"><ele>481</ele></trkpt>
   <trkpt lat="49.584786" lon="13.977534"><ele>482</ele></trkpt>
   <trkpt lat="49.584984" lon="13.9782"><ele>482.75</ele></trkpt>
   <trkpt lat="49.585137" lon="13.978637"><ele>483.25</ele></trkpt>
   <trkpt lat="49.585391" lon="13.979301"><ele>484.25</ele></trkpt>
   <trkpt lat="49.587644" lon="13.985009"><ele>485</ele></trkpt>
   <trkpt lat="49.587745" lon="13.98526"><ele>485.25</ele></trkpt>
   <trkpt lat="49.588435" lon="13.987003"><ele>487.5</ele></trkpt>
   <trkpt lat="49.588767" lon="13.98784"><ele>487.25</ele></trkpt>
   <trkpt lat="49.590268" lon="13.991647"><ele>486</ele></trkpt>
   <trkpt lat="49.590408" lon="13.991992"><ele>485.75</ele></trkpt>
   <trkpt lat="49.590532" lon="13.99226"><ele>485.5</ele></trkpt>
   <trkpt lat="49.590682" lon="13.992549"><ele>485.75</ele></trkpt>
   <trkpt lat="49.590831" lon="13.992799"><ele>485.5</ele></trkpt>
   <trkpt lat="49.591032" lon="13.993089"><ele>485.25</ele></trkpt>
   <trkpt lat="49.591174" lon="13.993264"><ele>485</ele></trkpt>
   <trkpt lat="49.591543" lon="13.993659"><ele>485</ele></trkpt>
   <trkpt lat="49.591737" lon="13.993825"><ele>485</ele></trkpt>
   <trkpt lat="49.591954" lon="13.993987"><ele>485.25</ele></trkpt>
   <trkpt lat="49.59219" lon="13.994123"><ele>485</ele></trkpt>
   <trkpt lat="49.592454" lon="13.994251"><ele>484.75</ele></trkpt>
   <trkpt lat="49.592896" lon="13.994381"><ele>485.25</ele></trkpt>
   <trkpt lat="49.593063" lon="13.9944"><ele>485.5</ele></trkpt>
   <trkpt lat="49.593174" lon="13.994406"><ele>485.75</ele></trkpt>
   <trkpt lat="49.594996" lon="13.994426"><ele>488.5</ele></trkpt>
   <trkpt lat="49.598163" lon="13.994466"><ele>490.5</ele></trkpt>
   <trkpt lat="49.598646" lon="13.994472"><ele>490.5</ele></trkpt>
   <trkpt lat="49.600306" lon="13.994502"><ele>494.75</ele></trkpt>
   <trkpt lat="49.600591" lon="13.994518"><ele>494.75</ele></trkpt>
   <trkpt lat="49.600778" lon="13.994535"><ele>495</ele></trkpt>
   <trkpt lat="49.600986" lon="13.994572"><ele>494.5</ele></trkpt>
   <trkpt lat="49.601153" lon="13.994618"><ele>493.75</ele></trkpt>
   <trkpt lat="49.60129" lon="13.994664"><ele>493.25</ele></trkpt>
   <trkpt lat="49.601557" lon="13.994767"><ele>491.5</ele></trkpt>
   <trkpt lat="49.601781" lon="13.994871"><ele>491.25</ele></trkpt>
   <trkpt lat="49.602039" lon="13.995016"><ele>492.25</ele></trkpt>
   <trkpt lat="49.603156" lon="13.995683"><ele>496.25</ele></trkpt>
   <trkpt lat="49.604921" lon="13.996753"><ele>497.5</ele></trkpt>
   <trkpt lat="49.608401" lon="13.998873"><ele>501</ele></trkpt>
   <trkpt lat="49.608642" lon="13.999054"><ele>500.75</ele></trkpt>
   <trkpt lat="49.60886" lon="13.999248"><ele>500.5</ele></trkpt>
   <trkpt lat="49.609248" lon="13.999672"><ele>501.5</ele></trkpt>
   <trkpt lat="49.609413" lon="13.999911"><ele>502.5</ele></trkpt>
   <trkpt lat="49.609569" lon="14.000161"><ele>503.25</ele></trkpt>
   <trkpt lat="49.609673" lon="14.000343"><ele>503.75</ele></trkpt>
   <trkpt lat="49.60978" lon="14.000544"><ele>504.5</ele></trkpt>
   <trkpt lat="49.611008" lon="14.002929"><ele>514.5</ele></trkpt>
   <trkpt lat="49.612903" lon="14.00665"><ele>509.75</ele></trkpt>
   <trkpt lat="49.613157" lon="14.007104"><ele>509.75</ele></trkpt>
   <trkpt lat="49.613388" lon="14.007461"><ele>510.25</ele></trkpt>
   <trkpt lat="49.613618" lon="14.007752"><ele>511.25</ele></trkpt>
   <trkpt lat="49.613974" lon="14.008123"><ele>513.5</ele></trkpt>
   <trkpt lat="49.614243" lon="14.008337"><ele>515</ele></trkpt>
   <trkpt lat="49.614517" lon="14.0085"><ele>515.5</ele></trkpt>
   <trkpt lat="49.614759" lon="14.008627"><ele>516</ele></trkpt>
   <trkpt lat="49.615055" lon="14.008762"><ele>516.5</ele></trkpt>
   <trkpt lat="49.615312" lon="14.008866"><ele>516.5</ele></trkpt>
   <trkpt lat="49.617581" lon="14.0098"><ele>519</ele></trkpt>
   <trkpt lat="49.617849" lon="14.009927"><ele>517.75</ele></trkpt>
   <trkpt lat="49.618018" lon="14.01002"><ele>517.25</ele></trkpt>
   <trkpt lat="49.618102" lon="14.010069"><ele>517.25</ele></trkpt>
   <trkpt lat="49.618502" lon="14.010367"><ele>516.5</ele></trkpt>
   <trkpt lat="49.618677" lon="14.010538"><ele>516.5</ele></trkpt>
   <trkpt lat="49.618995" lon="14.010914"><ele>518</ele></trkpt>
   <trkpt lat="49.619219" lon="14.011226"><ele>519.5</ele></trkpt>
   <trkpt lat="49.620904" lon="14.013658"><ele>521.5</ele></trkpt>
   <trkpt lat="49.620953" lon="14.013729"><ele>521.75</ele></trkpt>
   <trkpt lat="49.621276" lon="14.014202"><ele>523</ele></trkpt>
   <trkpt lat="49.622076" lon="14.015371"><ele>526.25</ele></trkpt>
   <trkpt lat="49.622572" lon="14.016076"><ele>525.5</ele></trkpt>
   <trkpt lat="49.623025" lon="14.016751"><ele>525.5</ele></trkpt>
   <trkpt lat="49.623236" lon="14.01709"><ele>525.25</ele></trkpt>
   <trkpt lat="49.623459" lon="14.017479"><ele>526</ele></trkpt>
   <trkpt lat="49.623661" lon="14.017863"><ele>527.5</ele></trkpt>
   <trkpt lat="49.624515" lon="14.019615"><ele>531.5</ele></trkpt>
   <trkpt lat="49.62526" lon="14.021125"><ele>533.25</ele></trkpt>
   <trkpt lat="49.625943" lon="14.022544"><ele>534.75</ele></trkpt>
   <trkpt lat="49.626141" lon="14.022986"><ele>535.75</ele></trkpt>
   <trkpt lat="49.62625" lon="14.023283"><ele>536.25</ele></trkpt>
   <trkpt lat="49.62635" lon="14.023591"><ele>536.75</ele></trkpt>
   <trkpt lat="49.62643" lon="14.023885"><ele>537.25</ele></trkpt>
   <trkpt lat="49.626506" lon="14.02421"><ele>538</ele></trkpt>
   <trkpt lat="49.626586" lon="14.024609"><ele>537.75</ele></trkpt>
   <trkpt lat="49.626831" lon="14.025992"><ele>539</ele></trkpt>
   <trkpt lat="49.626903" lon="14.026349"><ele>540.75</ele></trkpt>
   <trkpt lat="49.626996" lon="14.026725"><ele>542.25</ele></trkpt>
   <trkpt lat="49.62709" lon="14.027044"><ele>544</ele></trkpt>
   <trkpt lat="49.627196" lon="14.02732"><ele>544.75</ele></trkpt>
   <trkpt lat="49.627328" lon="14.027624"><ele>545.25</ele></trkpt>
   <trkpt lat="49.62746" lon="14.02787"><ele>546</ele></trkpt>
   <trkpt lat="49.62762" lon="14.028104"><ele>546.5</ele></trkpt>
   <trkpt lat="49.6278" lon="14.028329"><ele>546</ele></trkpt>
   <trkpt lat="49.627971" lon="14.028513"><ele>545.75</ele></trkpt>
   <trkpt lat="49.628186" lon="14.028711"><ele>545</ele></trkpt>
   <trkpt lat="49.628375" lon="14.028851"><ele>544.5</ele></trkpt>
   <trkpt lat="49.628536" lon="14.02895"><ele>545</ele></trkpt>
   <trkpt lat="49.628759" lon="14.029058"><ele>545.5</ele></trkpt>
   <trkpt lat="49.628923" lon="14.029123"><ele>545.5</ele></trkpt>
   <trkpt lat="49.62903" lon="14.029146"><ele>545.25</ele></trkpt>
   <trkpt lat="49.62922" lon="14.029178"><ele>544.75</ele></trkpt>
   <trkpt lat="49.629475" lon="14.029196"><ele>544.25</ele></trkpt>
   <trkpt lat="49.629682" lon="14.029181"><ele>543.75</ele></trkpt>
   <trkpt lat="49.6299" lon="14.029142"><ele>543</ele></trkpt>
   <trkpt lat="49.63014" lon="14.029054"><ele>543</ele></trkpt>
   <trkpt lat="49.630255" lon="14.029007"><ele>543</ele></trkpt>
   <trkpt lat="49.630404" lon="14.028927"><ele>543.25</ele></trkpt>
   <trkpt lat="49.630611" lon="14.02879"><ele>543.5</ele></trkpt>
   <trkpt lat="49.630807" lon="14.028639"><ele>543.75</ele></trkpt>
   <trkpt lat="49.630993" lon="14.028455"><ele>544.75</ele></trkpt>
   <trkpt lat="49.631142" lon="14.028283"><ele>545.25</ele></trkpt>
   <trkpt lat="49.631274" lon="14.028104"><ele>545.75</ele></trkpt>
   <trkpt lat="49.631423" lon="14.027881"><ele>546.5</ele></trkpt>
   <trkpt lat="49.631567" lon="14.027631"><ele>547.25</ele></trkpt>
   <trkpt lat="49.631705" lon="14.027341"><ele>547.75</ele></trkpt>
   <trkpt lat="49.631825" lon="14.027038"><ele>548</ele></trkpt>
   <trkpt lat="49.631928" lon="14.026718"><ele>548.5</ele></trkpt>
   <trkpt lat="49.632004" lon="14.026393"><ele>548.25</ele></trkpt>
   <trkpt lat="49.632066" lon="14.026089"><ele>548</ele></trkpt>
   <trkpt lat="49.632114" lon="14.025699"><ele>547.5</ele></trkpt>
   <trkpt lat="49.63217" lon="14.024998"><ele>547.75</ele></trkpt>
   <trkpt lat="49.632211" lon="14.024379"><ele>546.5</ele></trkpt>
   <trkpt lat="49.632385" lon="14.021691"><ele>547.5</ele></trkpt>
   <trkpt lat="49.632664" lon="14.017568"><ele>548.75</ele></trkpt>
   <trkpt lat="49.632693" lon="14.017164"><ele>549</ele></trkpt>
   <trkpt lat="49.63277" lon="14.016087"><ele>548.75</ele></trkpt>
   <trkpt lat="49.632834" lon="14.015602"><ele>548.5</ele></trkpt>
   <trkpt lat="49.632922" lon="14.015181"><ele>548.5</ele></trkpt>
   <trkpt lat="49.633052" lon="14.014712"><ele>549.25</ele></trkpt>
   <trkpt lat="49.63315" lon="14.014407"><ele>550</ele></trkpt>
   <trkpt lat="49.633262" lon="14.014141"><ele>551.25</ele></trkpt>
   <trkpt lat="49.633393" lon="14.013864"><ele>551.75</ele></trkpt>
   <trkpt lat="49.633571" lon="14.013557"><ele>552.75</ele></trkpt>
   <trkpt lat="49.63377" lon="14.013277"><ele>554</ele></trkpt>
   <trkpt lat="49.633942" lon="14.013073"><ele>555.25</ele></trkpt>
   <trkpt lat="49.634194" lon="14.012841"><ele>557.5</ele></trkpt>
   <trkpt lat="49.634416" lon="14.012673"><ele>558.25</ele></trkpt>
   <trkpt lat="49.634656" lon="14.012526"><ele>559</ele></trkpt>
   <trkpt lat="49.634896" lon="14.012428"><ele>560</ele></trkpt>
   <trkpt lat="49.635153" lon="14.012362"><ele>561.25</ele></trkpt>
   <trkpt lat="49.635396" lon="14.012324"><ele>562.75</ele></trkpt>
   <trkpt lat="49.635606" lon="14.012324"><ele>563.75</ele></trkpt>
   <trkpt lat="49.635829" lon="14.01236"><ele>564.5</ele></trkpt>
   <trkpt lat="49.636086" lon="14.01243"><ele>565.5</ele></trkpt>
   <trkpt lat="49.636289" lon="14.012517"><ele>566.25</ele></trkpt>
   <trkpt lat="49.63665" lon="14.012713"><ele>569.5</ele></trkpt>
   <trkpt lat="49.638118" lon="14.013696"><ele>579.25</ele></trkpt>
   <trkpt lat="49.638418" lon="14.013868"><ele>579.25</ele></trkpt>
   <trkpt lat="49.638719" lon="14.013993"><ele>575.5</ele></trkpt>
   <trkpt lat="49.638936" lon="14.014061"><ele>573.5</ele></trkpt>
   <trkpt lat="49.639167" lon="14.014114"><ele>571.5</ele></trkpt>
   <trkpt lat="49.639431" lon="14.014152"><ele>566.75</ele></trkpt>
   <trkpt lat="49.640604" lon="14.014249"><ele>553</ele></trkpt>
   <trkpt lat="49.640671" lon="14.014255"><ele>552.5</ele></trkpt>
   <trkpt lat="49.642455" lon="14.014404"><ele>555.25</ele></trkpt>
   <trkpt lat="49.642755" lon="14.014439"><ele>554</ele></trkpt>
   <trkpt lat="49.644637" lon="14.014605"><ele>547.25</ele></trkpt>
   <trkpt lat="49.644719" lon="14.014611"><ele>547.5</ele></trkpt>
   <trkpt lat="49.64515" lon="14.014635"><ele>547.75</ele></trkpt>
   <trkpt lat="49.645396" lon="14.014626"><ele>548.25</ele></trkpt>
   <trkpt lat="49.645602" lon="14.014608"><ele>548.5</ele></trkpt>
   <trkpt lat="49.646042" lon="14.01453"><ele>548.5</ele></trkpt>
   <trkpt lat="49.64627" lon="14.014467"><ele>548</ele></trkpt>
   <trkpt lat="49.646472" lon="14.014397"><ele>547.75</ele></trkpt>
   <trkpt lat="49.646708" lon="14.0143"><ele>547.25</ele></trkpt>
   <trkpt lat="49.647137" lon="14.014071"><ele>545.5</ele></trkpt>
   <trkpt lat="49.64733" lon="14.013949"><ele>545</ele></trkpt>
   <trkpt lat="49.647656" lon="14.01371"><ele>544.75</ele></trkpt>
   <trkpt lat="49.647821" lon="14.013576"><ele>544.5</ele></trkpt>
   <trkpt lat="49.648" lon="14.013412"><ele>544</ele></trkpt>
   <trkpt lat="49.648199" lon="14.013214"><ele>543.5</ele></trkpt>
   <trkpt lat="49.648408" lon="14.012999"><ele>543</ele></trkpt>
   <trkpt lat="49.648808" lon="14.012561"><ele>543.25</ele></trkpt>
   <trkpt lat="49.650397" lon="14.010807"><ele>539</ele></trkpt>
   <trkpt lat="49.650561" lon="14.010644"><ele>538</ele></trkpt>
   <trkpt lat="49.650628" lon="14.01058"><ele>537.75</ele></trkpt>
   <trkpt lat="49.650768" lon="14.010455"><ele>537.25</ele></trkpt>
   <trkpt lat="49.650959" lon="14.010306"><ele>536.5</ele></trkpt>
   <trkpt lat="49.651148" lon="14.01019"><ele>536</ele></trkpt>
   <trkpt lat="49.651347" lon="14.010093"><ele>535.5</ele></trkpt>
   <trkpt lat="49.651511" lon="14.010028"><ele>535.25</ele></trkpt>
   <trkpt lat="49.651696" lon="14.009975"><ele>535</ele></trkpt>
   <trkpt lat="49.651887" lon="14.009944"><ele>535.5</ele></trkpt>
   <trkpt lat="49.652072" lon="14.009936"><ele>536</ele></trkpt>
   <trkpt lat="49.652258" lon="14.009946"><ele>536.5</ele></trkpt>
   <trkpt lat="49.6525" lon="14.009993"><ele>537</ele></trkpt>
   <trkpt lat="49.652669" lon="14.01004"><ele>537</ele></trkpt>
   <trkpt lat="49.652858" lon="14.01012"><ele>537</ele></trkpt>
   <trkpt lat="49.653052" lon="14.010219"><ele>537.25</ele></trkpt>
   <trkpt lat="49.653444" lon="14.010471"><ele>537.25</ele></trkpt>
   <trkpt lat="49.653909" lon="14.010813"><ele>537</ele></trkpt>
   <trkpt lat="49.654132" lon="14.010965"><ele>536.5</ele></trkpt>
   <trkpt lat="49.654342" lon="14.011092"><ele>535.75</ele></trkpt>
   <trkpt lat="49.654521" lon="14.011186"><ele>535.25</ele></trkpt>
   <trkpt lat="49.654719" lon="14.011267"><ele>534.5</ele></trkpt>
   <trkpt lat="49.6549" lon="14.011327"><ele>534</ele></trkpt>
   <trkpt lat="49.655066" lon="14.01137"><ele>533.5</ele></trkpt>
   <trkpt lat="49.655265" lon="14.011402"><ele>533.5</ele></trkpt>
   <trkpt lat="49.655651" lon="14.01143"><ele>533.5</ele></trkpt>
   <trkpt lat="49.656292" lon="14.011421"><ele>531.75</ele></trkpt>
   <trkpt lat="49.656933" lon="14.011412"><ele>529.75</ele></trkpt>
   <trkpt lat="49.659883" lon="14.011365"><ele>528.25</ele></trkpt>
   <trkpt lat="49.66051" lon="14.011346"><ele>527.75</ele></trkpt>
   <trkpt lat="49.660702" lon="14.01133"><ele>527.5</ele></trkpt>
   <trkpt lat="49.660999" lon="14.01128"><ele>526.75</ele></trkpt>
   <trkpt lat="49.661194" lon="14.011224"><ele>526.25</ele></trkpt>
   <trkpt lat="49.661383" lon="14.011153"><ele>526</ele></trkpt>
   <trkpt lat="49.661575" lon="14.011067"><ele>525.5</ele></trkpt>
   <trkpt lat="49.661759" lon="14.010966"><ele>525.25</ele></trkpt>
   <trkpt lat="49.661962" lon="14.010837"><ele>524.75</ele></trkpt>
   <trkpt lat="49.662139" lon="14.010709"><ele>524.5</ele></trkpt>
   <trkpt lat="49.662335" lon="14.010539"><ele>524.25</ele></trkpt>
   <trkpt lat="49.6625" lon="14.010372"><ele>524</ele></trkpt>
   <trkpt lat="49.662666" lon="14.010189"><ele>523.75</ele></trkpt>
   <trkpt lat="49.66281" lon="14.01001"><ele>523.25</ele></trkpt>
   <trkpt lat="49.66296" lon="14.009798"><ele>523.25</ele></trkpt>
   <trkpt lat="49.663106" lon="14.00957"><ele>523.25</ele></trkpt>
   <trkpt lat="49.663352" lon="14.009108"><ele>523</ele></trkpt>
   <trkpt lat="49.66345" lon="14.008886"><ele>522.75</ele></trkpt>
   <trkpt lat="49.663581" lon="14.008563"><ele>522.75</ele></trkpt>
   <trkpt lat="49.663733" lon="14.008147"><ele>523</ele></trkpt>
   <trkpt lat="49.664334" lon="14.006415"><ele>524.5</ele></trkpt>
   <trkpt lat="49.665108" lon="14.004215"><ele>524</ele></trkpt>
   <trkpt lat="49.665367" lon="14.003593"><ele>523.75</ele></trkpt>
   <trkpt lat="49.6655" lon="14.003336"><ele>523.5</ele></trkpt>
   <trkpt lat="49.665656" lon="14.00307"><ele>523.25</ele></trkpt>
   <trkpt lat="49.665823" lon="14.002829"><ele>523.25</ele></trkpt>
   <trkpt lat="49.666036" lon="14.002565"><ele>523.25</ele></trkpt>
   <trkpt lat="49.666217" lon="14.002382"><ele>523.5</ele></trkpt>
   <trkpt lat="49.666415" lon="14.002211"><ele>523.75</ele></trkpt>
   <trkpt lat="49.666476" lon="14.002161"><ele>523.75</ele></trkpt>
   <trkpt lat="49.666729" lon="14.001978"><ele>523.25</ele></trkpt>
   <trkpt lat="49.669259" lon="14.000344"><ele>515</ele></trkpt>
   <trkpt lat="49.6699" lon="13.999953"><ele>512.25</ele></trkpt>
   <trkpt lat="49.670144" lon="13.999822"><ele>511.25</ele></trkpt>
   <trkpt lat="49.670296" lon="13.999759"><ele>510.75</ele></trkpt>
   <trkpt lat="49.670512" lon="13.999685"><ele>510</ele></trkpt>
   <trkpt lat="49.670677" lon="13.999647"><ele>509.75</ele></trkpt>
   <trkpt lat="49.670865" lon="13.999615"><ele>509.25</ele></trkpt>
   <trkpt lat="49.671044" lon="13.999598"><ele>509.75</ele></trkpt>
   <trkpt lat="49.671355" lon="13.9996"><ele>510.5</ele></trkpt>
   <trkpt lat="49.671595" lon="13.999634"><ele>511.25</ele></trkpt>
   <trkpt lat="49.671649" lon="13.999646"><ele>511.25</ele></trkpt>
   <trkpt lat="49.671827" lon="13.999688"><ele>511.5</ele></trkpt>
   <trkpt lat="49.671851" lon="13.999695"><ele>511.5</ele></trkpt>
   <trkpt lat="49.67195" lon="13.999722"><ele>511.75</ele></trkpt>
   <trkpt lat="49.672113" lon="13.999788"><ele>511.75</ele></trkpt>
   <trkpt lat="49.672322" lon="13.99989"><ele>511.5</ele></trkpt>
   <trkpt lat="49.672556" lon="14.000023"><ele>510.75</ele></trkpt>
   <trkpt lat="49.672731" lon="14.000133"><ele>510.5</ele></trkpt>
   <trkpt lat="49.674062" lon="14.00107"><ele>508.5</ele></trkpt>
   <trkpt lat="49.67485" lon="14.001612"><ele>506</ele></trkpt>
   <trkpt lat="49.675258" lon="14.001851"><ele>504</ele></trkpt>
   <trkpt lat="49.675683" lon="14.00207"><ele>502.75</ele></trkpt>
   <trkpt lat="49.676992" lon="14.002668"><ele>499.75</ele></trkpt>
   <trkpt lat="49.677243" lon="14.002784"><ele>499.5</ele></trkpt>
   <trkpt lat="49.679978" lon="14.004044"><ele>493</ele></trkpt>
   <trkpt lat="49.680496" lon="14.00427"><ele>492.75</ele></trkpt>
   <trkpt lat="49.680816" lon="14.004388"><ele>492.25</ele></trkpt>
   <trkpt lat="49.681154" lon="14.004493"><ele>492.25</ele></trkpt>
   <trkpt lat="49.681435" lon="14.004565"><ele>492</ele></trkpt>
   <trkpt lat="49.681738" lon="14.00463"><ele>491.75</ele></trkpt>
   <trkpt lat="49.682252" lon="14.004747"><ele>492</ele></trkpt>
   <trkpt lat="49.684088" lon="14.005154"><ele>491.25</ele></trkpt>
   <trkpt lat="49.684809" lon="14.005316"><ele>489.75</ele></trkpt>
   <trkpt lat="49.684942" lon="14.005346"><ele>489.5</ele></trkpt>
   <trkpt lat="49.685362" lon="14.00544"><ele>488.75</ele></trkpt>
   <trkpt lat="49.685697" lon="14.005482"><ele>488.5</ele></trkpt>
   <trkpt lat="49.68601" lon="14.005474"><ele>488.25</ele></trkpt>
   <trkpt lat="49.686328" lon="14.005409"><ele>488.25</ele></trkpt>
   <trkpt lat="49.686465" lon="14.005364"><ele>488.5</ele></trkpt>
   <trkpt lat="49.686766" lon="14.005237"><ele>489.25</ele></trkpt>
   <trkpt lat="49.687027" lon="14.005085"><ele>490</ele></trkpt>
   <trkpt lat="49.68716" lon="14.004988"><ele>490.25</ele></trkpt>
   <trkpt lat="49.687424" lon="14.004763"><ele>490.5</ele></trkpt>
   <trkpt lat="49.68767" lon="14.004517"><ele>490.75</ele></trkpt>
   <trkpt lat="49.688817" lon="14.003339"><ele>491</ele></trkpt>
   <trkpt lat="49.688834" lon="14.003321"><ele>487.75</ele></trkpt>
   <trkpt lat="49.690847" lon="14.001259"><ele>487.75</ele></trkpt>
   <trkpt lat="49.691232" lon="14.000878"><ele>489</ele></trkpt>
   <trkpt lat="49.691502" lon="14.000643"><ele>489.5</ele></trkpt>
   <trkpt lat="49.691998" lon="14.000236"><ele>490.25</ele></trkpt>
   <trkpt lat="49.692164" lon="14.000132"><ele>490.25</ele></trkpt>
   <trkpt lat="49.692351" lon="14.000042"><ele>490</ele></trkpt>
   <trkpt lat="49.692526" lon="13.999971"><ele>489.75</ele></trkpt>
   <trkpt lat="49.692714" lon="13.999921"><ele>489.25</ele></trkpt>
   <trkpt lat="49.69291" lon="13.999897"><ele>488.75</ele></trkpt>
   <trkpt lat="49.693113" lon="13.999888"><ele>488</ele></trkpt>
   <trkpt lat="49.693292" lon="13.999905"><ele>487.25</ele></trkpt>
   <trkpt lat="49.693433" lon="13.99993"><ele>487</ele></trkpt>
   <trkpt lat="49.693609" lon="13.999974"><ele>486.75</ele></trkpt>
   <trkpt lat="49.693765" lon="14.000032"><ele>486.25</ele></trkpt>
   <trkpt lat="49.694115" lon="14.000199"><ele>485.75</ele></trkpt>
   <trkpt lat="49.696133" lon="14.00122"><ele>481.25</ele></trkpt>
   <trkpt lat="49.696364" lon="14.001313"><ele>481.25</ele></trkpt>
   <trkpt lat="49.696525" lon="14.00137"><ele>481.25</ele></trkpt>
   <trkpt lat="49.69676" lon="14.001434"><ele>480.75</ele></trkpt>
   <trkpt lat="49.696988" lon="14.001476"><ele>480</ele></trkpt>
   <trkpt lat="49.697176" lon="14.001496"><ele>479.5</ele></trkpt>
   <trkpt lat="49.697424" lon="14.001498"><ele>478.75</ele></trkpt>
   <trkpt lat="49.697704" lon="14.001481"><ele>478.25</ele></trkpt>
   <trkpt lat="49.697896" lon="14.001444"><ele>478</ele></trkpt>
   <trkpt lat="49.698148" lon="14.001377"><ele>478</ele></trkpt>
   <trkpt lat="49.698562" lon="14.001208"><ele>477</ele></trkpt>
   <trkpt lat="49.6988" lon="14.001079"><ele>475.75</ele></trkpt>
   <trkpt lat="49.69906" lon="14.000903"><ele>473.75</ele></trkpt>
   <trkpt lat="49.699394" lon="14.000654"><ele>474</ele></trkpt>
   <trkpt lat="49.70066" lon="13.999628"><ele>475.5</ele></trkpt>
   <trkpt lat="49.700724" lon="13.999576"><ele>475.25</ele></trkpt>
   <trkpt lat="49.702127" lon="13.99843"><ele>476.25</ele></trkpt>
   <trkpt lat="49.702739" lon="13.997947"><ele>477</ele></trkpt>
   <trkpt lat="49.703062" lon="13.997747"><ele>475.75</ele></trkpt>
   <trkpt lat="49.703218" lon="13.997669"><ele>475.25</ele></trkpt>
   <trkpt lat="49.703388" lon="13.997607"><ele>474.5</ele></trkpt>
   <trkpt lat="49.703546" lon="13.997564"><ele>474</ele></trkpt>
   <trkpt lat="49.703718" lon="13.997531"><ele>473.5</ele></trkpt>
   <trkpt lat="49.703959" lon="13.997519"><ele>472.5</ele></trkpt>
   <trkpt lat="49.704149" lon="13.997527"><ele>471.75</ele></trkpt>
   <trkpt lat="49.704338" lon="13.997559"><ele>471</ele></trkpt>
   <trkpt lat="49.70468" lon="13.997674"><ele>469.25</ele></trkpt>
   <trkpt lat="49.704948" lon="13.997816"><ele>468</ele></trkpt>
   <trkpt lat="49.70514" lon="13.997946"><ele>467.5</ele></trkpt>
   <trkpt lat="49.705321" lon="13.998102"><ele>467</ele></trkpt>
   <trkpt lat="49.705485" lon="13.998271"><ele>466.75</ele></trkpt>
   <trkpt lat="49.705632" lon="13.998446"><ele>466.25</ele></trkpt>
   <trkpt lat="49.705792" lon="13.998656"><ele>465.5</ele></trkpt>
   <trkpt lat="49.705948" lon="13.998898"><ele>465.25</ele></trkpt>
   <trkpt lat="49.706062" lon="13.999107"><ele>465</ele></trkpt>
   <trkpt lat="49.706248" lon="13.999528"><ele>464.5</ele></trkpt>
   <trkpt lat="49.706275" lon="13.999603"><ele>464.25</ele></trkpt>
   <trkpt lat="49.706392" lon="13.999944"><ele>464</ele></trkpt>
   <trkpt lat="49.706455" lon="14.000182"><ele>463.75</ele></trkpt>
   <trkpt lat="49.706562" lon="14.000717"><ele>463</ele></trkpt>
   <trkpt lat="49.706624" lon="14.001133"><ele>462.75</ele></trkpt>
   <trkpt lat="49.70676" lon="14.002221"><ele>463</ele></trkpt>
   <trkpt lat="49.70683" lon="14.002688"><ele>463</ele></trkpt>
   <trkpt lat="49.706864" lon="14.002868"><ele>463</ele></trkpt>
   <trkpt lat="49.706906" lon="14.00305"><ele>463</ele></trkpt>
   <trkpt lat="49.706982" lon="14.003328"><ele>463</ele></trkpt>
   <trkpt lat="49.707065" lon="14.003585"><ele>462.5</ele></trkpt>
   <trkpt lat="49.707181" lon="14.003886"><ele>461.75</ele></trkpt>
   <trkpt lat="49.707312" lon="14.004166"><ele>461</ele></trkpt>
   <trkpt lat="49.707451" lon="14.004405"><ele>461</ele></trkpt>
   <trkpt lat="49.707588" lon="14.004621"><ele>460.75</ele></trkpt>
   <trkpt lat="49.707738" lon="14.004818"><ele>460.5</ele></trkpt>
   <trkpt lat="49.707895" lon="14.004997"><ele>460</ele></trkpt>
   <trkpt lat="49.708055" lon="14.005162"><ele>459.5</ele></trkpt>
   <trkpt lat="49.70826" lon="14.005351"><ele>458.75</ele></trkpt>
   <trkpt lat="49.710296" lon="14.007182"><ele>453.25</ele></trkpt>
   <trkpt lat="49.710747" lon="14.007595"><ele>454.25</ele></trkpt>
   <trkpt lat="49.712472" lon="14.009158"><ele>460.75</ele></trkpt>
   <trkpt lat="49.71286" lon="14.009495"><ele>460.25</ele></trkpt>
   <trkpt lat="49.713035" lon="14.009622"><ele>460</ele></trkpt>
   <trkpt lat="49.713282" lon="14.009779"><ele>459.75</ele></trkpt>
   <trkpt lat="49.713454" lon="14.009873"><ele>459.25</ele></trkpt>
   <trkpt lat="49.71366" lon="14.00996"><ele>459</ele></trkpt>
   <trkpt lat="49.713906" lon="14.010042"><ele>458.75</ele></trkpt>
   <trkpt lat="49.714098" lon="14.010083"><ele>458.5</ele></trkpt>
   <trkpt lat="49.714339" lon="14.01012"><ele>458</ele></trkpt>
   <trkpt lat="49.714559" lon="14.010127"><ele>457.5</ele></trkpt>
   <trkpt lat="49.714733" lon="14.010121"><ele>457.25</ele></trkpt>
   <trkpt lat="49.714937" lon="14.010096"><ele>456.75</ele></trkpt>
   <trkpt lat="49.715141" lon="14.01005"><ele>456</ele></trkpt>
   <trkpt lat="49.715482" lon="14.009953"><ele>454.75</ele></trkpt>
   <trkpt lat="49.71686" lon="14.009511"><ele>452.25</ele></trkpt>
   <trkpt lat="49.716904" lon="14.009497"><ele>452.25</ele></trkpt>
   <trkpt lat="49.719593" lon="14.008639"><ele>448.75</ele></trkpt>
   <trkpt lat="49.721434" lon="14.008049"><ele>450</ele></trkpt>
   <trkpt lat="49.722327" lon="14.007761"><ele>449.25</ele></trkpt>
   <trkpt lat="49.722647" lon="14.007669"><ele>448.5</ele></trkpt>
   <trkpt lat="49.723201" lon="14.007547"><ele>447.25</ele></trkpt>
   <trkpt lat="49.723476" lon="14.007503"><ele>446.5</ele></trkpt>
   <trkpt lat="49.723752" lon="14.007471"><ele>446</ele></trkpt>
   <trkpt lat="49.726576" lon="14.007307"><ele>443.25</ele></trkpt>
   <trkpt lat="49.73077" lon="14.007054"><ele>436.5</ele></trkpt>
   <trkpt lat="49.731209" lon="14.007035"><ele>437.25</ele></trkpt>
   <trkpt lat="49.731337" lon="14.007029"><ele>437.5</ele></trkpt>
   <trkpt lat="49.731891" lon="14.006964"><ele>438.5</ele></trkpt>
   <trkpt lat="49.732131" lon="14.00691"><ele>439</ele></trkpt>
   <trkpt lat="49.732556" lon="14.006776"><ele>439.5</ele></trkpt>
   <trkpt lat="49.732759" lon="14.006695"><ele>438.5</ele></trkpt>
   <trkpt lat="49.733013" lon="14.006569"><ele>437.75</ele></trkpt>
   <trkpt lat="49.733193" lon="14.006468"><ele>437.5</ele></trkpt>
   <trkpt lat="49.734433" lon="14.005677"><ele>434.5</ele></trkpt>
   <trkpt lat="49.734477" lon="14.005649"><ele>434.5</ele></trkpt>
   <trkpt lat="49.735596" lon="14.004922"><ele>434.75</ele></trkpt>
   <trkpt lat="49.73736" lon="14.003781"><ele>432.25</ele></trkpt>
   <trkpt lat="49.738496" lon="14.003049"><ele>433.25</ele></trkpt>
   <trkpt lat="49.738593" lon="14.002986"><ele>433.25</ele></trkpt>
   <trkpt lat="49.738821" lon="14.002841"><ele>433</ele></trkpt>
   <trkpt lat="49.74102" lon="14.001413"><ele>434</ele></trkpt>
   <trkpt lat="49.741528" lon="14.001095"><ele>433.5</ele></trkpt>
   <trkpt lat="49.741909" lon="14.000867"><ele>433.75</ele></trkpt>
   <trkpt lat="49.742223" lon="14.000725"><ele>434.25</ele></trkpt>
   <trkpt lat="49.74367" lon="14.000172"><ele>433.75</ele></trkpt>
   <trkpt lat="49.743734" lon="14.000147"><ele>433.75</ele></trkpt>
   <trkpt lat="49.744593" lon="13.999811"><ele>433.25</ele></trkpt>
   <trkpt lat="49.744649" lon="13.999789"><ele>433.25</ele></trkpt>
   <trkpt lat="49.747611" lon="13.998632"><ele>432.75</ele></trkpt>
   <trkpt lat="49.747646" lon="13.998619"><ele>432.75</ele></trkpt>
   <trkpt lat="49.74771" lon="13.998596"><ele>432.5</ele></trkpt>
   <trkpt lat="49.749674" lon="13.997829"><ele>432.75</ele></trkpt>
   <trkpt lat="49.750102" lon="13.997669"><ele>432</ele></trkpt>
   <trkpt lat="49.750388" lon="13.997583"><ele>432</ele></trkpt>
   <trkpt lat="49.750566" lon="13.997548"><ele>431.75</ele></trkpt>
   <trkpt lat="49.751" lon="13.997508"><ele>431.5</ele></trkpt>
   <trkpt lat="49.7512" lon="13.997515"><ele>431.25</ele></trkpt>
   <trkpt lat="49.751416" lon="13.997537"><ele>430.75</ele></trkpt>
   <trkpt lat="49.751625" lon="13.99758"><ele>430.25</ele></trkpt>
   <trkpt lat="49.751727" lon="13.997605"><ele>430.25</ele></trkpt>
   <trkpt lat="49.751918" lon="13.997665"><ele>430.25</ele></trkpt>
   <trkpt lat="49.752099" lon="13.997733"><ele>430.25</ele></trkpt>
   <trkpt lat="49.752335" lon="13.99785"><ele>429.75</ele></trkpt>
   <trkpt lat="49.752547" lon="13.997973"><ele>429</ele></trkpt>
   <trkpt lat="49.752785" lon="13.998124"><ele>428.5</ele></trkpt>
   <trkpt lat="49.753544" lon="13.99863"><ele>427</ele></trkpt>
   <trkpt lat="49.753626" lon="13.99868"><ele>427</ele></trkpt>
   <trkpt lat="49.753846" lon="13.998807"><ele>427.5</ele></trkpt>
   <trkpt lat="49.754039" lon="13.998901"><ele>428.25</ele></trkpt>
   <trkpt lat="49.754236" lon="13.998979"><ele>429</ele></trkpt>
   <trkpt lat="49.754582" lon="13.999085"><ele>430.25</ele></trkpt>
   <trkpt lat="49.754914" lon="13.999131"><ele>431.75</ele></trkpt>
   <trkpt lat="49.755256" lon="13.999163"><ele>432.25</ele></trkpt>
   <trkpt lat="49.755801" lon="13.999193"><ele>432.5</ele></trkpt>
   <trkpt lat="49.756313" lon="13.999267"><ele>433.5</ele></trkpt>
   <trkpt lat="49.756491" lon="13.999322"><ele>433.5</ele></trkpt>
   <trkpt lat="49.75673" lon="13.999407"><ele>433.75</ele></trkpt>
   <trkpt lat="49.757047" lon="13.999572"><ele>435.75</ele></trkpt>
   <trkpt lat="49.75729" lon="13.999735"><ele>436.25</ele></trkpt>
   <trkpt lat="49.757516" lon="13.999933"><ele>435.5</ele></trkpt>
   <trkpt lat="49.757649" lon="14.00007"><ele>435.75</ele></trkpt>
   <trkpt lat="49.757788" lon="14.000221"><ele>436</ele></trkpt>
   <trkpt lat="49.757932" lon="14.000408"><ele>435.25</ele></trkpt>
   <trkpt lat="49.758083" lon="14.000639"><ele>434</ele></trkpt>
   <trkpt lat="49.75825" lon="14.000916"><ele>432</ele></trkpt>
   <trkpt lat="49.758393" lon="14.001208"><ele>430.25</ele></trkpt>
   <trkpt lat="49.758984" lon="14.002524"><ele>427.5</ele></trkpt>
   <trkpt lat="49.759296" lon="14.003198"><ele>424</ele></trkpt>
   <trkpt lat="49.759421" lon="14.003423"><ele>423.25</ele></trkpt>
   <trkpt lat="49.759569" lon="14.003673"><ele>423</ele></trkpt>
   <trkpt lat="49.759713" lon="14.003881"><ele>422.75</ele></trkpt>
   <trkpt lat="49.759937" lon="14.004159"><ele>422</ele></trkpt>
   <trkpt lat="49.760165" lon="14.004388"><ele>423</ele></trkpt>
   <trkpt lat="49.760416" lon="14.004592"><ele>423.5</ele></trkpt>
   <trkpt lat="49.760669" lon="14.004763"><ele>423.5</ele></trkpt>
   <trkpt lat="49.76086" lon="14.004855"><ele>423.5</ele></trkpt>
   <trkpt lat="49.761042" lon="14.00493"><ele>422.75</ele></trkpt>
   <trkpt lat="49.761246" lon="14.005"><ele>421.75</ele></trkpt>
   <trkpt lat="49.761466" lon="14.005045"><ele>421.75</ele></trkpt>
   <trkpt lat="49.761664" lon="14.005067"><ele>422</ele></trkpt>
   <trkpt lat="49.761901" lon="14.005068"><ele>421.75</ele></trkpt>
   <trkpt lat="49.762126" lon="14.005042"><ele>421.75</ele></trkpt>
   <trkpt lat="49.762481" lon="14.004949"><ele>422.75</ele></trkpt>
   <trkpt lat="49.762895" lon="14.004788"><ele>423</ele></trkpt>
   <trkpt lat="49.764308" lon="14.004191"><ele>423.75</ele></trkpt>
   <trkpt lat="49.764661" lon="14.004055"><ele>424.25</ele></trkpt>
   <trkpt lat="49.764978" lon="14.003968"><ele>424.5</ele></trkpt>
   <trkpt lat="49.765311" lon="14.00392"><ele>425</ele></trkpt>
   <trkpt lat="49.765562" lon="14.003913"><ele>424.75</ele></trkpt>
   <trkpt lat="49.765883" lon="14.003954"><ele>423.75</ele></trkpt>
   <trkpt lat="49.766191" lon="14.004045"><ele>422.5</ele></trkpt>
   <trkpt lat="49.766464" lon="14.004148"><ele>420.75</ele></trkpt>
   <trkpt lat="49.766738" lon="14.004287"><ele>419.5</ele></trkpt>
   <trkpt lat="49.767745" lon="14.004909"><ele>416.5</ele></trkpt>
   <trkpt lat="49.767987" lon="14.005044"><ele>415.75</ele></trkpt>
   <trkpt lat="49.768196" lon="14.005142"><ele>415.5</ele></trkpt>
   <trkpt lat="49.76852" lon="14.005242"><ele>414.75</ele></trkpt>
   <trkpt lat="49.768844" lon="14.005301"><ele>413.75</ele></trkpt>
   <trkpt lat="49.768995" lon="14.005312"><ele>413.75</ele></trkpt>
   <trkpt lat="49.769389" lon="14.005301"><ele>413</ele></trkpt>
   <trkpt lat="49.769638" lon="14.005255"><ele>413</ele></trkpt>
   <trkpt lat="49.769974" lon="14.005153"><ele>414</ele></trkpt>
   <trkpt lat="49.771364" lon="14.004618"><ele>418.5</ele></trkpt>
   <trkpt lat="49.771594" lon="14.004541"><ele>418.75</ele></trkpt>
   <trkpt lat="49.77182" lon="14.004481"><ele>417.75</ele></trkpt>
   <trkpt lat="49.772007" lon="14.004449"><ele>416.25</ele></trkpt>
   <trkpt lat="49.77222" lon="14.004426"><ele>414</ele></trkpt>
   <trkpt lat="49.772956" lon="14.004429"><ele>407</ele></trkpt>
   <trkpt lat="49.773134" lon="14.004436"><ele>405.75</ele></trkpt>
   <trkpt lat="49.773866" lon="14.004442"><ele>404</ele></trkpt>
   <trkpt lat="49.774277" lon="14.004428"><ele>403.75</ele></trkpt>
   <trkpt lat="49.774482" lon="14.004397"><ele>403.25</ele></trkpt>
   <trkpt lat="49.774677" lon="14.004343"><ele>403</ele></trkpt>
   <trkpt lat="49.774855" lon="14.004279"><ele>402.75</ele></trkpt>
   <trkpt lat="49.775225" lon="14.004075"><ele>402.25</ele></trkpt>
   <trkpt lat="49.775384" lon="14.003953"><ele>402</ele></trkpt>
   <trkpt lat="49.775679" lon="14.003675"><ele>401.75</ele></trkpt>
   <trkpt lat="49.775841" lon="14.003498"><ele>401.75</ele></trkpt>
   <trkpt lat="49.776184" lon="14.002998"><ele>401</ele></trkpt>
   <trkpt lat="49.777013" lon="14.001679"><ele>397.25</ele></trkpt>
   <trkpt lat="49.777328" lon="14.001139"><ele>396.75</ele></trkpt>
   <trkpt lat="49.777453" lon="14.00087"><ele>397.25</ele></trkpt>
   <trkpt lat="49.77763" lon="14.000418"><ele>398</ele></trkpt>
   <trkpt lat="49.777717" lon="14.00013"><ele>398.25</ele></trkpt>
   <trkpt lat="49.777789" lon="13.999845"><ele>398</ele></trkpt>
   <trkpt lat="49.777916" lon="13.99928"><ele>396</ele></trkpt>
   <trkpt lat="49.778121" lon="13.998313"><ele>395.75</ele></trkpt>
   <trkpt lat="49.778202" lon="13.998002"><ele>395.5</ele></trkpt>
   <trkpt lat="49.778291" lon="13.997694"><ele>395</ele></trkpt>
   <trkpt lat="49.778403" lon="13.99736"><ele>394.5</ele></trkpt>
   <trkpt lat="49.77855" lon="13.996974"><ele>394</ele></trkpt>
   <trkpt lat="49.780201" lon="13.992862"><ele>391</ele></trkpt>
   <trkpt lat="49.780347" lon="13.992371"><ele>391.75</ele></trkpt>
   <trkpt lat="49.780691" lon="13.991493"><ele>392.25</ele></trkpt>
   <trkpt lat="49.781056" lon="13.990449"><ele>392</ele></trkpt>
   <trkpt lat="49.781859" lon="13.98814"><ele>387.5</ele></trkpt>
   <trkpt lat="49.782091" lon="13.987457"><ele>388</ele></trkpt>
   <trkpt lat="49.782954" lon="13.984967"><ele>386</ele></trkpt>
   <trkpt lat="49.783166" lon="13.984499"><ele>384.75</ele></trkpt>
   <trkpt lat="49.783249" lon="13.984283"><ele>384.25</ele></trkpt>
   <trkpt lat="49.783288" lon="13.984177"><ele>384.25</ele></trkpt>
   <trkpt lat="49.783464" lon="13.98364"><ele>385</ele></trkpt>
   <trkpt lat="49.783643" lon="13.983137"><ele>385.5</ele></trkpt>
   <trkpt lat="49.783778" lon="13.982817"><ele>385.5</ele></trkpt>
   <trkpt lat="49.783867" lon="13.982628"><ele>385.5</ele></trkpt>
   <trkpt lat="49.784099" lon="13.982209"><ele>386.5</ele></trkpt>
   <trkpt lat="49.784277" lon="13.981931"><ele>387.5</ele></trkpt>
   <trkpt lat="49.784458" lon="13.98169"><ele>388</ele></trkpt>
   <trkpt lat="49.784669" lon="13.981434"><ele>388.5</ele></trkpt>
   <trkpt lat="49.784856" lon="13.981254"><ele>388.75</ele></trkpt>
   <trkpt lat="49.785022" lon="13.981107"><ele>388.75</ele></trkpt>
   <trkpt lat="49.785278" lon="13.980905"><ele>387.75</ele></trkpt>
   <trkpt lat="49.786253" lon="13.980192"><ele>381.5</ele></trkpt>
   <trkpt lat="49.786367" lon="13.980108"><ele>380.5</ele></trkpt>
   <trkpt lat="49.786711" lon="13.979915"><ele>378.25</ele></trkpt>
   <trkpt lat="49.786876" lon="13.979842"><ele>378.25</ele></trkpt>
   <trkpt lat="49.787052" lon="13.979782"><ele>378</ele></trkpt>
   <trkpt lat="49.787269" lon="13.979731"><ele>377.25</ele></trkpt>
   <trkpt lat="49.787476" lon="13.979704"><ele>376.75</ele></trkpt>
   <trkpt lat="49.787631" lon="13.979701"><ele>376.25</ele></trkpt>
   <trkpt lat="49.787765" lon="13.979703"><ele>376</ele></trkpt>
   <trkpt lat="49.788094" lon="13.979758"><ele>375</ele></trkpt>
   <trkpt lat="49.788243" lon="13.979798"><ele>374.75</ele></trkpt>
   <trkpt lat="49.788458" lon="13.979878"><ele>374.5</ele></trkpt>
   <trkpt lat="49.788627" lon="13.979953"><ele>374</ele></trkpt>
   <trkpt lat="49.788859" lon="13.980087"><ele>374</ele></trkpt>
   <trkpt lat="49.78913" lon="13.98024"><ele>374.25</ele></trkpt>
   <trkpt lat="49.789383" lon="13.980397"><ele>375</ele></trkpt>
   <trkpt lat="49.789757" lon="13.98063"><ele>377.25</ele></trkpt>
   <trkpt lat="49.790081" lon="13.98081"><ele>379.25</ele></trkpt>
   <trkpt lat="49.790423" lon="13.98098"><ele>382.75</ele></trkpt>
   <trkpt lat="49.790804" lon="13.981135"><ele>385.25</ele></trkpt>
   <trkpt lat="49.791529" lon="13.981372"><ele>382</ele></trkpt>
   <trkpt lat="49.791864" lon="13.981509"><ele>380.5</ele></trkpt>
   <trkpt lat="49.792365" lon="13.981749"><ele>377.5</ele></trkpt>
   <trkpt lat="49.793402" lon="13.982316"><ele>371.5</ele></trkpt>
   <trkpt lat="49.793567" lon="13.982381"><ele>371.75</ele></trkpt>
   <trkpt lat="49.793792" lon="13.982445"><ele>372</ele></trkpt>
   <trkpt lat="49.793989" lon="13.982483"><ele>372</ele></trkpt>
   <trkpt lat="49.794176" lon="13.9825"><ele>372</ele></trkpt>
   <trkpt lat="49.79437" lon="13.982484"><ele>372.25</ele></trkpt>
   <trkpt lat="49.794504" lon="13.98246"><ele>372.25</ele></trkpt>
   <trkpt lat="49.794627" lon="13.982439"><ele>372.5</ele></trkpt>
   <trkpt lat="49.7948" lon="13.982382"><ele>372.25</ele></trkpt>
   <trkpt lat="49.795004" lon="13.982297"><ele>372</ele></trkpt>
   <trkpt lat="49.795224" lon="13.982174"><ele>372.5</ele></trkpt>
   <trkpt lat="49.795413" lon="13.982039"><ele>372.25</ele></trkpt>
   <trkpt lat="49.795605" lon="13.981871"><ele>371.75</ele></trkpt>
   <trkpt lat="49.79575" lon="13.981722"><ele>371</ele></trkpt>
   <trkpt lat="49.795867" lon="13.981589"><ele>370.75</ele></trkpt>
   <trkpt lat="49.796053" lon="13.981359"><ele>371.75</ele></trkpt>
   <trkpt lat="49.796961" lon="13.980152"><ele>371.5</ele></trkpt>
   <trkpt lat="49.797786" lon="13.979068"><ele>370.75</ele></trkpt>
   <trkpt lat="49.79834" lon="13.978242"><ele>370.25</ele></trkpt>
   <trkpt lat="49.799957" lon="13.975748"><ele>366.25</ele></trkpt>
   <trkpt lat="49.800249" lon="13.975269"><ele>368.25</ele></trkpt>
   <trkpt lat="49.800471" lon="13.974875"><ele>368</ele></trkpt>
   <trkpt lat="49.800876" lon="13.974096"><ele>366</ele></trkpt>
   <trkpt lat="49.801188" lon="13.973526"><ele>364.75</ele></trkpt>
   <trkpt lat="49.801333" lon="13.973306"><ele>364.25</ele></trkpt>
   <trkpt lat="49.801577" lon="13.972958"><ele>363.5</ele></trkpt>
   <trkpt lat="49.801786" lon="13.972714"><ele>363.25</ele></trkpt>
   <trkpt lat="49.80198" lon="13.97251"><ele>363.25</ele></trkpt>
   <trkpt lat="49.804304" lon="13.970218"><ele>356.75</ele></trkpt>
   <trkpt lat="49.804443" lon="13.970111"><ele>356</ele></trkpt>
   <trkpt lat="49.804572" lon="13.970025"><ele>355.5</ele></trkpt>
   <trkpt lat="49.804865" lon="13.969861"><ele>355.75</ele></trkpt>
   <trkpt lat="49.805086" lon="13.969782"><ele>355.75</ele></trkpt>
   <trkpt lat="49.805299" lon="13.969733"><ele>355.25</ele></trkpt>
   <trkpt lat="49.805521" lon="13.969711"><ele>355</ele></trkpt>
   <trkpt lat="49.805775" lon="13.969724"><ele>354.5</ele></trkpt>
   <trkpt lat="49.806136" lon="13.969791"><ele>354.25</ele></trkpt>
   <trkpt lat="49.806841" lon="13.969974"><ele>353.5</ele></trkpt>
   <trkpt lat="49.807188" lon="13.970064"><ele>353.75</ele></trkpt>
   <trkpt lat="49.808383" lon="13.970387"><ele>352.75</ele></trkpt>
   <trkpt lat="49.808494" lon="13.970417"><ele>352.75</ele></trkpt>
   <trkpt lat="49.808742" lon="13.970484"><ele>353.25</ele></trkpt>
   <trkpt lat="49.809106" lon="13.970587"><ele>354.25</ele></trkpt>
   <trkpt lat="49.809892" lon="13.970794"><ele>356.25</ele></trkpt>
   <trkpt lat="49.810192" lon="13.970862"><ele>356.75</ele></trkpt>
   <trkpt lat="49.810454" lon="13.970903"><ele>356.5</ele></trkpt>
   <trkpt lat="49.810701" lon="13.970927"><ele>356.25</ele></trkpt>
   <trkpt lat="49.810901" lon="13.970919"><ele>356</ele></trkpt>
   <trkpt lat="49.811152" lon="13.970885"><ele>356.25</ele></trkpt>
   <trkpt lat="49.81137" lon="13.970834"><ele>355.75</ele></trkpt>
   <trkpt lat="49.811628" lon="13.970753"><ele>355.75</ele></trkpt>
   <trkpt lat="49.812089" lon="13.970592"><ele>358.25</ele></trkpt>
   <trkpt lat="49.812336" lon="13.970482"><ele>358.5</ele></trkpt>
   <trkpt lat="49.812744" lon="13.970272"><ele>358.75</ele></trkpt>
   <trkpt lat="49.812943" lon="13.970144"><ele>358.75</ele></trkpt>
   <trkpt lat="49.813159" lon="13.969964"><ele>358</ele></trkpt>
   <trkpt lat="49.813349" lon="13.969777"><ele>357.5</ele></trkpt>
   <trkpt lat="49.813517" lon="13.969593"><ele>356.5</ele></trkpt>
   <trkpt lat="49.813887" lon="13.969143"><ele>353</ele></trkpt>
   <trkpt lat="49.814232" lon="13.968803"><ele>351.5</ele></trkpt>
   <trkpt lat="49.81439" lon="13.968657"><ele>350.25</ele></trkpt>
   <trkpt lat="49.814584" lon="13.968502"><ele>348.75</ele></trkpt>
   <trkpt lat="49.814779" lon="13.968396"><ele>348</ele></trkpt>
   <trkpt lat="49.814991" lon="13.968318"><ele>347.75</ele></trkpt>
   <trkpt lat="49.815217" lon="13.96826"><ele>347.5</ele></trkpt>
   <trkpt lat="49.81542" lon="13.968224"><ele>347.25</ele></trkpt>
   <trkpt lat="49.81615" lon="13.968163"><ele>347.25</ele></trkpt>
   <trkpt lat="49.816428" lon="13.968135"><ele>347.25</ele></trkpt>
   <trkpt lat="49.81683" lon="13.968125"><ele>346.75</ele></trkpt>
   <trkpt lat="49.817107" lon="13.968144"><ele>345.75</ele></trkpt>
   <trkpt lat="49.817403" lon="13.968201"><ele>344.75</ele></trkpt>
   <trkpt lat="49.817651" lon="13.968272"><ele>344</ele></trkpt>
   <trkpt lat="49.817887" lon="13.968357"><ele>344</ele></trkpt>
   <trkpt lat="49.818132" lon="13.968473"><ele>345</ele></trkpt>
   <trkpt lat="49.818354" lon="13.968596"><ele>346</ele></trkpt>
   <trkpt lat="49.81858" lon="13.968743"><ele>346</ele></trkpt>
   <trkpt lat="49.818837" lon="13.968942"><ele>345.5</ele></trkpt>
   <trkpt lat="49.819059" lon="13.969135"><ele>344.25</ele></trkpt>
   <trkpt lat="49.819251" lon="13.969326"><ele>344.75</ele></trkpt>
   <trkpt lat="49.819451" lon="13.969551"><ele>345.75</ele></trkpt>
   <trkpt lat="49.81967" lon="13.969815"><ele>345.5</ele></trkpt>
   <trkpt lat="49.820337" lon="13.970806"><ele>349.75</ele></trkpt>
   <trkpt lat="49.822611" lon="13.974239"><ele>342.25</ele></trkpt>
   <trkpt lat="49.823234" lon="13.975105"><ele>343.75</ele></trkpt>
   <trkpt lat="49.823538" lon="13.975474"><ele>348.5</ele></trkpt>
   <trkpt lat="49.823762" lon="13.975719"><ele>349</ele></trkpt>
   <trkpt lat="49.823976" lon="13.975896"><ele>347</ele></trkpt>
   <trkpt lat="49.82429" lon="13.976108"><ele>346.75</ele></trkpt>
   <trkpt lat="49.824649" lon="13.976331"><ele>347</ele></trkpt>
   <trkpt lat="49.824932" lon="13.976466"><ele>345</ele></trkpt>
   <trkpt lat="49.825126" lon="13.97654"><ele>344.5</ele></trkpt>
   <trkpt lat="49.825344" lon="13.976585"><ele>344</ele></trkpt>
   <trkpt lat="49.825549" lon="13.97658"><ele>343</ele></trkpt>
   <trkpt lat="49.825773" lon="13.976557"><ele>342</ele></trkpt>
   <trkpt lat="49.826022" lon="13.976488"><ele>341.25</ele></trkpt>
   <trkpt lat="49.826264" lon="13.976391"><ele>340.5</ele></trkpt>
   <trkpt lat="49.826462" lon="13.976282"><ele>339.5</ele></trkpt>
   <trkpt lat="49.826612" lon="13.976173"><ele>338.5</ele></trkpt>
   <trkpt lat="49.826807" lon="13.976015"><ele>339.5</ele></trkpt>
   <trkpt lat="49.82707" lon="13.975754"><ele>341.5</ele></trkpt>
   <trkpt lat="49.827255" lon="13.975511"><ele>342.5</ele></trkpt>
   <trkpt lat="49.827401" lon="13.975295"><ele>341.75</ele></trkpt>
   <trkpt lat="49.827695" lon="13.974728"><ele>342.75</ele></trkpt>
   <trkpt lat="49.827818" lon="13.974431"><ele>343.5</ele></trkpt>
   <trkpt lat="49.828066" lon="13.973722"><ele>342.25</ele></trkpt>
   <trkpt lat="49.8282" lon="13.973373"><ele>340.75</ele></trkpt>
   <trkpt lat="49.828347" lon="13.973058"><ele>339.5</ele></trkpt>
   <trkpt lat="49.828472" lon="13.972822"><ele>338.25</ele></trkpt>
   <trkpt lat="49.828677" lon="13.972515"><ele>336.25</ele></trkpt>
   <trkpt lat="49.828839" lon="13.972305"><ele>335</ele></trkpt>
   <trkpt lat="49.829017" lon="13.972106"><ele>334</ele></trkpt>
   <trkpt lat="49.829224" lon="13.971921"><ele>332.5</ele></trkpt>
   <trkpt lat="49.829347" lon="13.971822"><ele>331</ele></trkpt>
   <trkpt lat="49.829723" lon="13.971616"><ele>328.5</ele></trkpt>
   <trkpt lat="49.830025" lon="13.971514"><ele>328</ele></trkpt>
   <trkpt lat="49.830498" lon="13.971446"><ele>328</ele></trkpt>
   <trkpt lat="49.835129" lon="13.971065"><ele>323.75</ele></trkpt>
   <trkpt lat="49.835636" lon="13.971024"><ele>319.25</ele></trkpt>
   <trkpt lat="49.836641" lon="13.970936"><ele>316.75</ele></trkpt>
   <trkpt lat="49.836725" lon="13.970929"><ele>316.75</ele></trkpt>
   <trkpt lat="49.837441" lon="13.970872"><ele>315.75</ele></trkpt>
   <trkpt lat="49.837535" lon="13.970875"><ele>316</ele></trkpt>
   <trkpt lat="49.837761" lon="13.970877"><ele>316.75</ele></trkpt>
   <trkpt lat="49.838021" lon="13.970909"><ele>317.5</ele></trkpt>
   <trkpt lat="49.838254" lon="13.970969"><ele>317.75</ele></trkpt>
   <trkpt lat="49.838568" lon="13.97109"><ele>320.25</ele></trkpt>
   <trkpt lat="49.838739" lon="13.971182"><ele>321.5</ele></trkpt>
   <trkpt lat="49.838918" lon="13.971289"><ele>322.25</ele></trkpt>
   <trkpt lat="49.839478" lon="13.971665"><ele>322.5</ele></trkpt>
   <trkpt lat="49.840064" lon="13.972076"><ele>322.75</ele></trkpt>
   <trkpt lat="49.84194" lon="13.97335"><ele>316</ele></trkpt>
   <trkpt lat="49.842156" lon="13.973474"><ele>315.75</ele></trkpt>
   <trkpt lat="49.842377" lon="13.973585"><ele>315.5</ele></trkpt>
   <trkpt lat="49.842813" lon="13.97372"><ele>315</ele></trkpt>
   <trkpt lat="49.843086" lon="13.973769"><ele>314.75</ele></trkpt>
   <trkpt lat="49.843209" lon="13.973792"><ele>314.75</ele></trkpt>
   <trkpt lat="49.843316" lon="13.973808"><ele>314.75</ele></trkpt>
   <trkpt lat="49.843807" lon="13.973886"><ele>316.25</ele></trkpt>
   <trkpt lat="49.844038" lon="13.973924"><ele>317</ele></trkpt>
   <trkpt lat="49.846328" lon="13.974299"><ele>320.25</ele></trkpt>
   <trkpt lat="49.846428" lon="13.974316"><ele>320.25</ele></trkpt>
   <trkpt lat="49.848292" lon="13.974614"><ele>319.75</ele></trkpt>
   <trkpt lat="49.848543" lon="13.974654"><ele>320</ele></trkpt>
   <trkpt lat="49.848697" lon="13.974678"><ele>320</ele></trkpt>
   <trkpt lat="49.849018" lon="13.974725"><ele>320</ele></trkpt>
   <trkpt lat="49.84917" lon="13.974736"><ele>320.25</ele></trkpt>
   <trkpt lat="49.849335" lon="13.974735"><ele>320</ele></trkpt>
   <trkpt lat="49.849585" lon="13.97471"><ele>319.5</ele></trkpt>
   <trkpt lat="49.849703" lon="13.974686"><ele>319.5</ele></trkpt>
   <trkpt lat="49.850894" lon="13.974399"><ele>315.25</ele></trkpt>
   <trkpt lat="49.851233" lon="13.97433"><ele>314.25</ele></trkpt>
   <trkpt lat="49.85154" lon="13.974294"><ele>313</ele></trkpt>
   <trkpt lat="49.851621" lon="13.974293"><ele>312.75</ele></trkpt>
   <trkpt lat="49.851843" lon="13.974301"><ele>312.5</ele></trkpt>
   <trkpt lat="49.852037" lon="13.974321"><ele>312.5</ele></trkpt>
   <trkpt lat="49.85227" lon="13.974373"><ele>312.5</ele></trkpt>
   <trkpt lat="49.852352" lon="13.974398"><ele>312.5</ele></trkpt>
   <trkpt lat="49.852606" lon="13.974491"><ele>312.75</ele></trkpt>
   <trkpt lat="49.852804" lon="13.974585"><ele>313.25</ele></trkpt>
   <trkpt lat="49.852985" lon="13.974687"><ele>313.75</ele></trkpt>
   <trkpt lat="49.853317" lon="13.974925"><ele>314</ele></trkpt>
   <trkpt lat="49.853491" lon="13.975073"><ele>314.5</ele></trkpt>
   <trkpt lat="49.853638" lon="13.975219"><ele>314.75</ele></trkpt>
   <trkpt lat="49.856928" lon="13.978575"><ele>311.25</ele></trkpt>
   <trkpt lat="49.857173" lon="13.978799"><ele>311.25</ele></trkpt>
   <trkpt lat="49.857442" lon="13.979015"><ele>310.25</ele></trkpt>
   <trkpt lat="49.857638" lon="13.979155"><ele>310</ele></trkpt>
   <trkpt lat="49.85786" lon="13.979296"><ele>310.25</ele></trkpt>
   <trkpt lat="49.858083" lon="13.97942"><ele>310.25</ele></trkpt>
   <trkpt lat="49.858327" lon="13.97954"><ele>310</ele></trkpt>
   <trkpt lat="49.863241" lon="13.981725"><ele>298.75</ele></trkpt>
   <trkpt lat="49.863614" lon="13.98191"><ele>298.75</ele></trkpt>
   <trkpt lat="49.863802" lon="13.982018"><ele>298.5</ele></trkpt>
   <trkpt lat="49.864001" lon="13.982152"><ele>298.25</ele></trkpt>
   <trkpt lat="49.864185" lon="13.982289"><ele>297.75</ele></trkpt>
   <trkpt lat="49.864338" lon="13.982415"><ele>299</ele></trkpt>
   <trkpt lat="49.864524" lon="13.982588"><ele>300.5</ele></trkpt>
   <trkpt lat="49.864824" lon="13.982908"><ele>301.5</ele></trkpt>
   <trkpt lat="49.864988" lon="13.983109"><ele>301.25</ele></trkpt>
   <trkpt lat="49.865156" lon="13.983337"><ele>302.75</ele></trkpt>
   <trkpt lat="49.86529" lon="13.983534"><ele>304.75</ele></trkpt>
   <trkpt lat="49.865436" lon="13.983766"><ele>306</ele></trkpt>
   <trkpt lat="49.86566" lon="13.984161"><ele>306</ele></trkpt>
   <trkpt lat="49.866334" lon="13.985416"><ele>302.5</ele></trkpt>
   <trkpt lat="49.866458" lon="13.985631"><ele>301.75</ele></trkpt>
   <trkpt lat="49.866586" lon="13.985829"><ele>301</ele></trkpt>
   <trkpt lat="49.866718" lon="13.986011"><ele>301</ele></trkpt>
   <trkpt lat="49.866842" lon="13.986172"><ele>301.25</ele></trkpt>
   <trkpt lat="49.866974" lon="13.986322"><ele>301.75</ele></trkpt>
   <trkpt lat="49.867115" lon="13.986471"><ele>302</ele></trkpt>
   <trkpt lat="49.867258" lon="13.986603"><ele>302.25</ele></trkpt>
   <trkpt lat="49.867995" lon="13.987235"><ele>301.25</ele></trkpt>
   <trkpt lat="49.86951" lon="13.988513"><ele>292.25</ele></trkpt>
   <trkpt lat="49.869548" lon="13.988545"><ele>292</ele></trkpt>
   <trkpt lat="49.87307" lon="13.991511"><ele>291.25</ele></trkpt>
   <trkpt lat="49.873319" lon="13.991685"><ele>291.5</ele></trkpt>
   <trkpt lat="49.873488" lon="13.991791"><ele>290.75</ele></trkpt>
   <trkpt lat="49.873672" lon="13.991886"><ele>289.75</ele></trkpt>
   <trkpt lat="49.874001" lon="13.991996"><ele>288.75</ele></trkpt>
   <trkpt lat="49.874356" lon="13.99206"><ele>287.5</ele></trkpt>
   <trkpt lat="49.874526" lon="13.992076"><ele>286.75</ele></trkpt>
   <trkpt lat="49.874889" lon="13.992067"><ele>285.25</ele></trkpt>
   <trkpt lat="49.875055" lon="13.992044"><ele>284.75</ele></trkpt>
   <trkpt lat="49.87528" lon="13.991997"><ele>284</ele></trkpt>
   <trkpt lat="49.875421" lon="13.991955"><ele>283.5</ele></trkpt>
   <trkpt lat="49.875572" lon="13.991896"><ele>283</ele></trkpt>
   <trkpt lat="49.875736" lon="13.991822"><ele>282.25</ele></trkpt>
   <trkpt lat="49.875921" lon="13.991723"><ele>281.75</ele></trkpt>
   <trkpt lat="49.876135" lon="13.99158"><ele>282</ele></trkpt>
   <trkpt lat="49.876337" lon="13.991431"><ele>282.5</ele></trkpt>
   <trkpt lat="49.876535" lon="13.991253"><ele>282.5</ele></trkpt>
   <trkpt lat="49.87683" lon="13.990937"><ele>282.5</ele></trkpt>
   <trkpt lat="49.87696" lon="13.990768"><ele>282.5</ele></trkpt>
   <trkpt lat="49.87709" lon="13.99059"><ele>282.25</ele></trkpt>
   <trkpt lat="49.877241" lon="13.990361"><ele>282</ele></trkpt>
   <trkpt lat="49.877365" lon="13.990151"><ele>281.5</ele></trkpt>
   <trkpt lat="49.877479" lon="13.989938"><ele>281</ele></trkpt>
   <trkpt lat="49.877714" lon="13.989414"><ele>281.5</ele></trkpt>
   <trkpt lat="49.879371" lon="13.985202"><ele>278.75</ele></trkpt>
   <trkpt lat="49.879914" lon="13.98382"><ele>277.25</ele></trkpt>
   <trkpt lat="49.879943" lon="13.983746"><ele>277</ele></trkpt>
   <trkpt lat="49.880945" lon="13.981195"><ele>276.5</ele></trkpt>
   <trkpt lat="49.881143" lon="13.980712"><ele>276</ele></trkpt>
   <trkpt lat="49.881285" lon="13.980391"><ele>275.75</ele></trkpt>
   <trkpt lat="49.881406" lon="13.980142"><ele>275.75</ele></trkpt>
   <trkpt lat="49.881665" lon="13.979648"><ele>275.75</ele></trkpt>
   <trkpt lat="49.881805" lon="13.979399"><ele>275.75</ele></trkpt>
   <trkpt lat="49.881966" lon="13.97914"><ele>275.75</ele></trkpt>
   <trkpt lat="49.882111" lon="13.978914"><ele>275.75</ele></trkpt>
   <trkpt lat="49.88241" lon="13.978493"><ele>275</ele></trkpt>
   <trkpt lat="49.882703" lon="13.97812"><ele>275</ele></trkpt>
   <trkpt lat="49.883037" lon="13.977746"><ele>275.25</ele></trkpt>
   <trkpt lat="49.88335" lon="13.977422"><ele>275</ele></trkpt>
   <trkpt lat="49.883616" lon="13.977185"><ele>275.25</ele></trkpt>
   <trkpt lat="49.883966" lon="13.976902"><ele>275</ele></trkpt>
   <trkpt lat="49.884191" lon="13.976739"><ele>274.75</ele></trkpt>
   <trkpt lat="49.884394" lon="13.976605"><ele>274.75</ele></trkpt>
   <trkpt lat="49.884822" lon="13.97636"><ele>275.25</ele></trkpt>
   <trkpt lat="49.885043" lon="13.976249"><ele>275.25</ele></trkpt>
   <trkpt lat="49.885351" lon="13.976119"><ele>275.5</ele></trkpt>
   <trkpt lat="49.885654" lon="13.976012"><ele>275.5</ele></trkpt>
   <trkpt lat="49.886417" lon="13.975769"><ele>274.75</ele></trkpt>
   <trkpt lat="49.892352" lon="13.973923"><ele>271</ele></trkpt>
   <trkpt lat="49.892707" lon="13.973836"><ele>270.5</ele></trkpt>
   <trkpt lat="49.893148" lon="13.973753"><ele>269.75</ele></trkpt>
   <trkpt lat="49.893467" lon="13.973715"><ele>269.25</ele></trkpt>
   <trkpt lat="49.893877" lon="13.973695"><ele>268.75</ele></trkpt>
   <trkpt lat="49.894181" lon="13.973693"><ele>268.5</ele></trkpt>
   <trkpt lat="49.894508" lon="13.973704"><ele>268.75</ele></trkpt>
   <trkpt lat="49.89455" lon="13.973705"><ele>269</ele></trkpt>
   <trkpt lat="49.897527" lon="13.973772"><ele>268.25</ele></trkpt>
   <trkpt lat="49.899627" lon="13.97382"><ele>267</ele></trkpt>
   <trkpt lat="49.900008" lon="13.973815"><ele>267.25</ele></trkpt>
   <trkpt lat="49.900138" lon="13.973807"><ele>267.25</ele></trkpt>
   <trkpt lat="49.90028" lon="13.973784"><ele>267.5</ele></trkpt>
   <trkpt lat="49.900647" lon="13.97368"><ele>268.5</ele></trkpt>
   <trkpt lat="49.900812" lon="13.973608"><ele>269.25</ele></trkpt>
   <trkpt lat="49.900951" lon="13.973526"><ele>269.5</ele></trkpt>
   <trkpt lat="49.901354" lon="13.973189"><ele>271.5</ele></trkpt>
   <trkpt lat="49.901746" lon="13.972776"><ele>276.75</ele></trkpt>
   <trkpt lat="49.902133" lon="13.972346"><ele>276.75</ele></trkpt>
   <trkpt lat="49.902291" lon="13.972188"><ele>275.75</ele></trkpt>
   <trkpt lat="49.902412" lon="13.972064"><ele>274.75</ele></trkpt>
   <trkpt lat="49.90265" lon="13.971868"><ele>273</ele></trkpt>
   <trkpt lat="49.902804" lon="13.971767"><ele>271.5</ele></trkpt>
   <trkpt lat="49.902907" lon="13.971713"><ele>270.25</ele></trkpt>
   <trkpt lat="49.903121" lon="13.971618"><ele>267.75</ele></trkpt>
   <trkpt lat="49.903374" lon="13.97156"><ele>265</ele></trkpt>
   <trkpt lat="49.903523" lon="13.971547"><ele>264.75</ele></trkpt>
   <trkpt lat="49.90379" lon="13.971551"><ele>264.5</ele></trkpt>
   <trkpt lat="49.904104" lon="13.971608"><ele>264</ele></trkpt>
   <trkpt lat="49.904279" lon="13.971662"><ele>263.75</ele></trkpt>
   <trkpt lat="49.904441" lon="13.971726"><ele>263.5</ele></trkpt>
   <trkpt lat="49.904681" lon="13.971847"><ele>263</ele></trkpt>
   <trkpt lat="49.904878" lon="13.972001"><ele>262.5</ele></trkpt>
   <trkpt lat="49.904952" lon="13.972062"><ele>262.5</ele></trkpt>
   <trkpt lat="49.905052" lon="13.972166"><ele>262.25</ele></trkpt>
   <trkpt lat="49.905187" lon="13.972323"><ele>261.75</ele></trkpt>
   <trkpt lat="49.905287" lon="13.972451"><ele>261.5</ele></trkpt>
   <trkpt lat="49.905395" lon="13.972616"><ele>261.5</ele></trkpt>
   <trkpt lat="49.905555" lon="13.972883"><ele>261.25</ele></trkpt>
   <trkpt lat="49.905623" lon="13.973016"><ele>261.25</ele></trkpt>
   <trkpt lat="49.905751" lon="13.973308"><ele>261</ele></trkpt>
   <trkpt lat="49.905937" lon="13.97378"><ele>260.75</ele></trkpt>
   <trkpt lat="49.906018" lon="13.974005"><ele>260.5</ele></trkpt>
   <trkpt lat="49.906223" lon="13.974644"><ele>261</ele></trkpt>
   <trkpt lat="49.906333" lon="13.975013"><ele>261.25</ele></trkpt>
   <trkpt lat="49.906453" lon="13.975416"><ele>260.75</ele></trkpt>
   <trkpt lat="49.906547" lon="13.975767"><ele>260.25</ele></trkpt>
   <trkpt lat="49.906581" lon="13.975928"><ele>260</ele></trkpt>
   <trkpt lat="49.906659" lon="13.976232"><ele>259.5</ele></trkpt>
   <trkpt lat="49.906826" lon="13.976778"><ele>258.5</ele></trkpt>
   <trkpt lat="49.907036" lon="13.977463"><ele>258.5</ele></trkpt>
   <trkpt lat="49.907732" lon="13.979728"><ele>257.75</ele></trkpt>
   <trkpt lat="49.908136" lon="13.981042"><ele>257.25</ele></trkpt>
   <trkpt lat="49.908196" lon="13.981239"><ele>257</ele></trkpt>
  </trkseg>
 </trk>
</gpx>