<?xml version="1.0" encoding="UTF-8"?>
<!-- track-length = 197067 filtered ascend = 668 plain-ascend = 121 cost=197131 energy=2.4kwh time=4h 22m 45s -->
<gpx 
 xmlns="http://www.topografix.com/GPX/1/1" 
 xmlns:xsi="http://www.w3.org/2001/XMLSchema-instance" 
 xsi:schemaLocation="http://www.topografix.com/GPX/1/1 http://www.topografix.com/GPX/1/1/gpx.xsd" 
 version="1.1" 
 creator="BRouter-Web 0.18.1">
 <trk>
  <name>dresdenpraha2</name>
  <trkseg>
   <trkpt lat="51.040159" lon="13.731074"><ele>123.25</ele></trkpt>
   <trkpt lat="51.040096" lon="13.731272"><ele>123.75</ele></trkpt>
   <trkpt lat="51.039783" lon="13.732228"><ele>122.5</ele></trkpt>
   <trkpt lat="51.039696" lon="13.732501"><ele>121.5</ele></trkpt>
   <trkpt lat="51.039685" lon="13.732543"><ele>121.25</ele></trkpt>
   <trkpt lat="51.039594" lon="13.732841"><ele>120</ele></trkpt>
   <trkpt lat="51.03958" lon="13.732903"><ele>120</ele></trkpt>
   <trkpt lat="51.039349" lon="13.733915"><ele>118</ele></trkpt>
   <trkpt lat="51.039298" lon="13.734134"><ele>118</ele></trkpt>
   <trkpt lat="51.039204" lon="13.734545"><ele>117.5</ele></trkpt>
   <trkpt lat="51.038994" lon="13.735286"><ele>117</ele></trkpt>
   <trkpt lat="51.038828" lon="13.736015"><ele>117</ele></trkpt>
   <trkpt lat="51.03882" lon="13.736049"><ele>117</ele></trkpt>
   <trkpt lat="51.03871" lon="13.736529"><ele>117</ele></trkpt>
   <trkpt lat="51.038632" lon="13.736875"><ele>116.75</ele></trkpt>
   <trkpt lat="51.038587" lon="13.737064"><ele>116.5</ele></trkpt>
   <trkpt lat="51.038491" lon="13.737435"><ele>116</ele></trkpt>
   <trkpt lat="51.0384" lon="13.737762"><ele>115.5</ele></trkpt>
   <trkpt lat="51.038357" lon="13.737918"><ele>115.25</ele></trkpt>
   <trkpt lat="51.038152" lon="13.73862"><ele>114.75</ele></trkpt>
   <trkpt lat="51.038018" lon="13.739036"><ele>114.5</ele></trkpt>
   <trkpt lat="51.037957" lon="13.739205"><ele>114.5</ele></trkpt>
   <trkpt lat="51.037815" lon="13.739637"><ele>114.75</ele></trkpt>
   <trkpt lat="51.037749" lon="13.73984"><ele>115</ele></trkpt>
   <trkpt lat="51.037591" lon="13.740345"><ele>115.25</ele></trkpt>
   <trkpt lat="51.037404" lon="13.741014"><ele>116.25</ele></trkpt>
   <trkpt lat="51.037181" lon="13.741709"><ele>117.25</ele></trkpt>
   <trkpt lat="51.03695" lon="13.742411"><ele>117.5</ele></trkpt>
   <trkpt lat="51.036774" lon="13.743083"><ele>117.25</ele></trkpt>
   <trkpt lat="51.036493" lon="13.743946"><ele>116.75</ele></trkpt>
   <trkpt lat="51.036447" lon="13.744089"><ele>116.5</ele></trkpt>
   <trkpt lat="51.036344" lon="13.744396"><ele>116.25</ele></trkpt>
   <trkpt lat="51.036286" lon="13.744582"><ele>116</ele></trkpt>
   <trkpt lat="51.036194" lon="13.744868"><ele>115.5</ele></trkpt>
   <trkpt lat="51.036023" lon="13.745382"><ele>115.5</ele></trkpt>
   <trkpt lat="51.035067" lon="13.748303"><ele>117.75</ele></trkpt>
   <trkpt lat="51.034806" lon="13.749111"><ele>118</ele></trkpt>
   <trkpt lat="51.034658" lon="13.749573"><ele>117.75</ele></trkpt>
   <trkpt lat="51.032811" lon="13.755216"><ele>120.25</ele></trkpt>
   <trkpt lat="51.032189" lon="13.757125"><ele>120.75</ele></trkpt>
   <trkpt lat="51.032087" lon="13.757431"><ele>121</ele></trkpt>
   <trkpt lat="51.030984" lon="13.760818"><ele>120</ele></trkpt>
   <trkpt lat="51.030949" lon="13.760927"><ele>120</ele></trkpt>
   <trkpt lat="51.030869" lon="13.761172"><ele>120</ele></trkpt>
   <trkpt lat="51.030161" lon="13.763324"><ele>119.25</ele></trkpt>
   <trkpt lat="51.029706" lon="13.764718"><ele>119.5</ele></trkpt>
   <trkpt lat="51.028764" lon="13.767598"><ele>119.5</ele></trkpt>
   <trkpt lat="51.028247" lon="13.769179"><ele>119.75</ele></trkpt>
   <trkpt lat="51.028047" lon="13.769791"><ele>119</ele></trkpt>
   <trkpt lat="51.024557" lon="13.780467"><ele>118</ele></trkpt>
   <trkpt lat="51.023212" lon="13.784583"><ele>115.75</ele></trkpt>
   <trkpt lat="51.023149" lon="13.784776"><ele>115.5</ele></trkpt>
   <trkpt lat="51.022803" lon="13.785833"><ele>116.25</ele></trkpt>
   <trkpt lat="51.021885" lon="13.788636"><ele>118</ele></trkpt>
   <trkpt lat="51.021567" lon="13.7896"><ele>117.75</ele></trkpt>
   <trkpt lat="51.021285" lon="13.790382"><ele>117.5</ele></trkpt>
   <trkpt lat="51.021231" lon="13.79053"><ele>117.25</ele></trkpt>
   <trkpt lat="51.021093" lon="13.790904"><ele>117.25</ele></trkpt>
   <trkpt lat="51.02102" lon="13.791096"><ele>117</ele></trkpt>
   <trkpt lat="51.020802" lon="13.791666"><ele>117</ele></trkpt>
   <trkpt lat="51.020479" lon="13.792466"><ele>117.75</ele></trkpt>
   <trkpt lat="51.020144" lon="13.793259"><ele>119.5</ele></trkpt>
   <trkpt lat="51.019858" lon="13.793904"><ele>120</ele></trkpt>
   <trkpt lat="51.019712" lon="13.794251"><ele>120</ele></trkpt>
   <trkpt lat="51.018727" lon="13.79641"><ele>119.25</ele></trkpt>
   <trkpt lat="51.018341" lon="13.797205"><ele>119</ele></trkpt>
   <trkpt lat="51.017942" lon="13.797981"><ele>119.25</ele></trkpt>
   <trkpt lat="51.017518" lon="13.798751"><ele>119.75</ele></trkpt>
   <trkpt lat="51.017095" lon="13.799484"><ele>119.5</ele></trkpt>
   <trkpt lat="51.016857" lon="13.799881"><ele>119.25</ele></trkpt>
   <trkpt lat="51.01649" lon="13.800493"><ele>118.5</ele></trkpt>
   <trkpt lat="51.016308" lon="13.800793"><ele>118.25</ele></trkpt>
   <trkpt lat="51.012405" lon="13.807267"><ele>118</ele></trkpt>
   <trkpt lat="51.011789" lon="13.808288"><ele>118.5</ele></trkpt>
   <trkpt lat="51.011472" lon="13.808809"><ele>118.5</ele></trkpt>
   <trkpt lat="51.011329" lon="13.809045"><ele>118.25</ele></trkpt>
   <trkpt lat="51.009958" lon="13.811322"><ele>120</ele></trkpt>
   <trkpt lat="51.009933" lon="13.811362"><ele>120</ele></trkpt>
   <trkpt lat="51.009151" lon="13.812658"><ele>119.75</ele></trkpt>
   <trkpt lat="51.007059" lon="13.816122"><ele>116.5</ele></trkpt>
   <trkpt lat="51.00373" lon="13.821647"><ele>120.25</ele></trkpt>
   <trkpt lat="51.003616" lon="13.821832"><ele>120.5</ele></trkpt>
   <trkpt lat="51.003466" lon="13.822083"><ele>121</ele></trkpt>
   <trkpt lat="50.999837" lon="13.828098"><ele>121.25</ele></trkpt>
   <trkpt lat="50.999431" lon="13.828772"><ele>120.5</ele></trkpt>
   <trkpt lat="50.999393" lon="13.828833"><ele>120.5</ele></trkpt>
   <trkpt lat="50.999194" lon="13.829164"><ele>120</ele></trkpt>
   <trkpt lat="50.999071" lon="13.829364"><ele>119.75</ele></trkpt>
   <trkpt lat="50.99889" lon="13.829664"><ele>119.5</ele></trkpt>
   <trkpt lat="50.995859" lon="13.834684"><ele>119.5</ele></trkpt>
   <trkpt lat="50.991267" lon="13.842282"><ele>117.75</ele></trkpt>
   <trkpt lat="50.989844" lon="13.844658"><ele>117.75</ele></trkpt>
   <trkpt lat="50.989511" lon="13.845209"><ele>117.5</ele></trkpt>
   <trkpt lat="50.98931" lon="13.845532"><ele>117.75</ele></trkpt>
   <trkpt lat="50.989229" lon="13.845665"><ele>117.75</ele></trkpt>
   <trkpt lat="50.989184" lon="13.845739"><ele>117.75</ele></trkpt>
   <trkpt lat="50.987618" lon="13.848335"><ele>117</ele></trkpt>
   <trkpt lat="50.987203" lon="13.84901"><ele>117.25</ele></trkpt>
   <trkpt lat="50.985552" lon="13.851747"><ele>119.5</ele></trkpt>
   <trkpt lat="50.985324" lon="13.852216"><ele>119.5</ele></trkpt>
   <trkpt lat="50.985058" lon="13.852788"><ele>119</ele></trkpt>
   <trkpt lat="50.984831" lon="13.853226"><ele>118.75</ele></trkpt>
   <trkpt lat="50.984542" lon="13.853753"><ele>118.25</ele></trkpt>
   <trkpt lat="50.984261" lon="13.854247"><ele>118</ele></trkpt>
   <trkpt lat="50.983722" lon="13.855139"><ele>119</ele></trkpt>
   <trkpt lat="50.983252" lon="13.855925"><ele>118.75</ele></trkpt>
   <trkpt lat="50.98234" lon="13.857435"><ele>118</ele></trkpt>
   <trkpt lat="50.982155" lon="13.857738"><ele>118.5</ele></trkpt>
   <trkpt lat="50.981934" lon="13.858098"><ele>119.25</ele></trkpt>
   <trkpt lat="50.981757" lon="13.858387"><ele>119.75</ele></trkpt>
   <trkpt lat="50.981493" lon="13.858793"><ele>120</ele></trkpt>
   <trkpt lat="50.981006" lon="13.859477"><ele>119.5</ele></trkpt>
   <trkpt lat="50.980845" lon="13.859696"><ele>119.25</ele></trkpt>
   <trkpt lat="50.980499" lon="13.86021"><ele>119.25</ele></trkpt>
   <trkpt lat="50.980369" lon="13.860412"><ele>119.5</ele></trkpt>
   <trkpt lat="50.980119" lon="13.860815"><ele>119.75</ele></trkpt>
   <trkpt lat="50.978731" lon="13.863061"><ele>120.5</ele></trkpt>
   <trkpt lat="50.975677" lon="13.868104"><ele>119.75</ele></trkpt>
   <trkpt lat="50.975417" lon="13.868544"><ele>119</ele></trkpt>
   <trkpt lat="50.975247" lon="13.868826"><ele>118.5</ele></trkpt>
   <trkpt lat="50.974686" lon="13.86976"><ele>117.5</ele></trkpt>
   <trkpt lat="50.974298" lon="13.870408"><ele>117.75</ele></trkpt>
   <trkpt lat="50.973772" lon="13.871281"><ele>118</ele></trkpt>
   <trkpt lat="50.973291" lon="13.872129"><ele>118</ele></trkpt>
   <trkpt lat="50.973169" lon="13.872347"><ele>118</ele></trkpt>
   <trkpt lat="50.972924" lon="13.872781"><ele>118.25</ele></trkpt>
   <trkpt lat="50.972003" lon="13.87432"><ele>118</ele></trkpt>
   <trkpt lat="50.97015" lon="13.87739"><ele>118.75</ele></trkpt>
   <trkpt lat="50.969911" lon="13.877761"><ele>118.5</ele></trkpt>
   <trkpt lat="50.969704" lon="13.878097"><ele>118.5</ele></trkpt>
   <trkpt lat="50.968787" lon="13.879529"><ele>118.75</ele></trkpt>
   <trkpt lat="50.968117" lon="13.880619"><ele>118.25</ele></trkpt>
   <trkpt lat="50.964664" lon="13.886333"><ele>116.75</ele></trkpt>
   <trkpt lat="50.963683" lon="13.887972"><ele>116.25</ele></trkpt>
   <trkpt lat="50.963287" lon="13.888673"><ele>117</ele></trkpt>
   <trkpt lat="50.962875" lon="13.889468"><ele>116.75</ele></trkpt>
   <trkpt lat="50.962502" lon="13.890265"><ele>116</ele></trkpt>
   <trkpt lat="50.96216" lon="13.891068"><ele>116.75</ele></trkpt>
   <trkpt lat="50.961977" lon="13.891531"><ele>116.5</ele></trkpt>
   <trkpt lat="50.961842" lon="13.891903"><ele>116.5</ele></trkpt>
   <trkpt lat="50.961304" lon="13.893451"><ele>118</ele></trkpt>
   <trkpt lat="50.961179" lon="13.893839"><ele>118.25</ele></trkpt>
   <trkpt lat="50.961027" lon="13.894317"><ele>118.25</ele></trkpt>
   <trkpt lat="50.960678" lon="13.895531"><ele>117.75</ele></trkpt>
   <trkpt lat="50.960444" lon="13.896434"><ele>118.25</ele></trkpt>
   <trkpt lat="50.960349" lon="13.896832"><ele>118.25</ele></trkpt>
   <trkpt lat="50.960235" lon="13.897366"><ele>118</ele></trkpt>
   <trkpt lat="50.960084" lon="13.898131"><ele>117.75</ele></trkpt>
   <trkpt lat="50.959879" lon="13.899263"><ele>117.75</ele></trkpt>
   <trkpt lat="50.959747" lon="13.900092"><ele>117</ele></trkpt>
   <trkpt lat="50.959624" lon="13.90104"><ele>117</ele></trkpt>
   <trkpt lat="50.959498" lon="13.902111"><ele>117.25</ele></trkpt>
   <trkpt lat="50.959422" lon="13.902938"><ele>117.25</ele></trkpt>
   <trkpt lat="50.959331" lon="13.904207"><ele>117.25</ele></trkpt>
   <trkpt lat="50.95932" lon="13.904491"><ele>117.25</ele></trkpt>
   <trkpt lat="50.959292" lon="13.905015"><ele>117</ele></trkpt>
   <trkpt lat="50.959275" lon="13.905828"><ele>117</ele></trkpt>
   <trkpt lat="50.95927" lon="13.906593"><ele>116.25</ele></trkpt>
   <trkpt lat="50.959276" lon="13.906987"><ele>116.5</ele></trkpt>
   <trkpt lat="50.959311" lon="13.90782"><ele>117.25</ele></trkpt>
   <trkpt lat="50.959387" lon="13.908935"><ele>117.5</ele></trkpt>
   <trkpt lat="50.959542" lon="13.910444"><ele>116.5</ele></trkpt>
   <trkpt lat="50.95979" lon="13.912655"><ele>117</ele></trkpt>
   <trkpt lat="50.959923" lon="13.913737"><ele>116</ele></trkpt>
   <trkpt lat="50.960053" lon="13.914561"><ele>116</ele></trkpt>
   <trkpt lat="50.960603" lon="13.917544"><ele>117</ele></trkpt>
   <trkpt lat="50.961357" lon="13.92165"><ele>116.75</ele></trkpt>
   <trkpt lat="50.961492" lon="13.922398"><ele>117</ele></trkpt>
   <trkpt lat="50.961499" lon="13.922435"><ele>117</ele></trkpt>
   <trkpt lat="50.961746" lon="13.923748"><ele>117</ele></trkpt>
   <trkpt lat="50.961964" lon="13.924814"><ele>116.5</ele></trkpt>
   <trkpt lat="50.962076" lon="13.925374"><ele>116.5</ele></trkpt>
   <trkpt lat="50.962157" lon="13.925856"><ele>116.25</ele></trkpt>
   <trkpt lat="50.962253" lon="13.926672"><ele>117</ele></trkpt>
   <trkpt lat="50.962316" lon="13.927101"><ele>117</ele></trkpt>
   <trkpt lat="50.962399" lon="13.927545"><ele>117</ele></trkpt>
   <trkpt lat="50.962519" lon="13.928205"><ele>117.75</ele></trkpt>
   <trkpt lat="50.962559" lon="13.928423"><ele>117.75</ele></trkpt>
   <trkpt lat="50.962773" lon="13.929623"><ele>117.5</ele></trkpt>
   <trkpt lat="50.962871" lon="13.930131"><ele>117.5</ele></trkpt>
   <trkpt lat="50.963078" lon="13.93123"><ele>117.25</ele></trkpt>
   <trkpt lat="50.963215" lon="13.932012"><ele>116.75</ele></trkpt>
   <trkpt lat="50.963247" lon="13.932242"><ele>116.75</ele></trkpt>
   <trkpt lat="50.963282" lon="13.932525"><ele>116.75</ele></trkpt>
   <trkpt lat="50.963358" lon="13.933068"><ele>116.75</ele></trkpt>
   <trkpt lat="50.963549" lon="13.934143"><ele>116.5</ele></trkpt>
   <trkpt lat="50.963666" lon="13.935071"><ele>117.25</ele></trkpt>
   <trkpt lat="50.963734" lon="13.935512"><ele>117.25</ele></trkpt>
   <trkpt lat="50.963844" lon="13.936297"><ele>117.5</ele></trkpt>
   <trkpt lat="50.963909" lon="13.936879"><ele>117.75</ele></trkpt>
   <trkpt lat="50.963931" lon="13.937134"><ele>117.75</ele></trkpt>
   <trkpt lat="50.963962" lon="13.937533"><ele>117.5</ele></trkpt>
   <trkpt lat="50.964001" lon="13.938334"><ele>117.25</ele></trkpt>
   <trkpt lat="50.964033" lon="13.939669"><ele>118</ele></trkpt>
   <trkpt lat="50.964031" lon="13.939926"><ele>118.25</ele></trkpt>
   <trkpt lat="50.963995" lon="13.941575"><ele>118.25</ele></trkpt>
   <trkpt lat="50.963993" lon="13.9418"><ele>118.25</ele></trkpt>
   <trkpt lat="50.963993" lon="13.941906"><ele>118.25</ele></trkpt>
   <trkpt lat="50.963922" lon="13.945219"><ele>117</ele></trkpt>
   <trkpt lat="50.963919" lon="13.945379"><ele>117</ele></trkpt>
   <trkpt lat="50.963916" lon="13.945564"><ele>117</ele></trkpt>
   <trkpt lat="50.963907" lon="13.946444"><ele>116.5</ele></trkpt>
   <trkpt lat="50.96387" lon="13.948227"><ele>117.75</ele></trkpt>
   <trkpt lat="50.963863" lon="13.948427"><ele>117.5</ele></trkpt>
   <trkpt lat="50.963815" lon="13.949276"><ele>115.25</ele></trkpt>
   <trkpt lat="50.96377" lon="13.949851"><ele>113.75</ele></trkpt>
   <trkpt lat="50.963723" lon="13.950349"><ele>113.5</ele></trkpt>
   <trkpt lat="50.963684" lon="13.950699"><ele>114</ele></trkpt>
   <trkpt lat="50.963613" lon="13.951215"><ele>114.25</ele></trkpt>
   <trkpt lat="50.963547" lon="13.951647"><ele>114.25</ele></trkpt>
   <trkpt lat="50.962864" lon="13.955651"><ele>117.5</ele></trkpt>
   <trkpt lat="50.962704" lon="13.956608"><ele>116.75</ele></trkpt>
   <trkpt lat="50.962498" lon="13.957843"><ele>117.5</ele></trkpt>
   <trkpt lat="50.962466" lon="13.958033"><ele>118.5</ele></trkpt>
   <trkpt lat="50.961986" lon="13.960867"><ele>126</ele></trkpt>
   <trkpt lat="50.961625" lon="13.962929"><ele>125.75</ele></trkpt>
   <trkpt lat="50.961548" lon="13.96333"><ele>126.5</ele></trkpt>
   <trkpt lat="50.96143" lon="13.963879"><ele>129</ele></trkpt>
   <trkpt lat="50.961309" lon="13.9644"><ele>130.75</ele></trkpt>
   <trkpt lat="50.960961" lon="13.96575"><ele>131.5</ele></trkpt>
   <trkpt lat="50.960695" lon="13.966654"><ele>128.5</ele></trkpt>
   <trkpt lat="50.960548" lon="13.967101"><ele>130.5</ele></trkpt>
   <trkpt lat="50.960405" lon="13.967511"><ele>131.75</ele></trkpt>
   <trkpt lat="50.960078" lon="13.968412"><ele>129.75</ele></trkpt>
   <trkpt lat="50.959827" lon="13.969074"><ele>130.75</ele></trkpt>
   <trkpt lat="50.9595" lon="13.969923"><ele>133.25</ele></trkpt>
   <trkpt lat="50.959019" lon="13.971144"><ele>134</ele></trkpt>
   <trkpt lat="50.958806" lon="13.971638"><ele>136.25</ele></trkpt>
   <trkpt lat="50.958437" lon="13.972441"><ele>139.5</ele></trkpt>
   <trkpt lat="50.958085" lon="13.973178"><ele>139.5</ele></trkpt>
   <trkpt lat="50.957584" lon="13.97418"><ele>142</ele></trkpt>
   <trkpt lat="50.95729" lon="13.974715"><ele>139.75</ele></trkpt>
   <trkpt lat="50.956893" lon="13.975412"><ele>142</ele></trkpt>
   <trkpt lat="50.956166" lon="13.976559"><ele>140.25</ele></trkpt>
   <trkpt lat="50.955887" lon="13.976963"><ele>140.75</ele></trkpt>
   <trkpt lat="50.954266" lon="13.979195"><ele>142.5</ele></trkpt>
   <trkpt lat="50.953456" lon="13.980365"><ele>140.75</ele></trkpt>
   <trkpt lat="50.953048" lon="13.981004"><ele>137.75</ele></trkpt>
   <trkpt lat="50.953005" lon="13.981078"><ele>137.25</ele></trkpt>
   <trkpt lat="50.952697" lon="13.981621"><ele>132.25</ele></trkpt>
   <trkpt lat="50.95252" lon="13.981962"><ele>132</ele></trkpt>
   <trkpt lat="50.95231" lon="13.982394"><ele>133</ele></trkpt>
   <trkpt lat="50.95201" lon="13.983064"><ele>129</ele></trkpt>
   <trkpt lat="50.951787" lon="13.983611"><ele>125.75</ele></trkpt>
   <trkpt lat="50.95144" lon="13.984561"><ele>124.25</ele></trkpt>
   <trkpt lat="50.951099" lon="13.985624"><ele>121</ele></trkpt>
   <trkpt lat="50.950845" lon="13.986563"><ele>117.5</ele></trkpt>
   <trkpt lat="50.950765" lon="13.986823"><ele>117.5</ele></trkpt>
   <trkpt lat="50.950105" lon="13.988967"><ele>119.75</ele></trkpt>
   <trkpt lat="50.95003" lon="13.989196"><ele>120.5</ele></trkpt>
   <trkpt lat="50.949728" lon="13.990157"><ele>132.5</ele></trkpt>
   <trkpt lat="50.949682" lon="13.990302"><ele>133.75</ele></trkpt>
   <trkpt lat="50.949184" lon="13.991911"><ele>137</ele></trkpt>
   <trkpt lat="50.94897" lon="13.992544"><ele>137.5</ele></trkpt>
   <trkpt lat="50.948911" lon="13.992701"><ele>138</ele></trkpt>
   <trkpt lat="50.948745" lon="13.993121"><ele>138.75</ele></trkpt>
   <trkpt lat="50.948612" lon="13.993425"><ele>139.75</ele></trkpt>
   <trkpt lat="50.948293" lon="13.994077"><ele>139.5</ele></trkpt>
   <trkpt lat="50.948115" lon="13.994418"><ele>140.25</ele></trkpt>
   <trkpt lat="50.947643" lon="13.995274"><ele>143.25</ele></trkpt>
   <trkpt lat="50.947229" lon="13.996"><ele>143.25</ele></trkpt>
   <trkpt lat="50.945761" lon="13.998535"><ele>143.5</ele></trkpt>
   <trkpt lat="50.945464" lon="13.999127"><ele>146.25</ele></trkpt>
   <trkpt lat="50.945349" lon="13.999389"><ele>144.5</ele></trkpt>
   <trkpt lat="50.945086" lon="14.000016"><ele>136.25</ele></trkpt>
   <trkpt lat="50.94488" lon="14.000582"><ele>140.25</ele></trkpt>
   <trkpt lat="50.944786" lon="14.000877"><ele>142.75</ele></trkpt>
   <trkpt lat="50.944599" lon="14.001541"><ele>144</ele></trkpt>
   <trkpt lat="50.944513" lon="14.001892"><ele>144.5</ele></trkpt>
   <trkpt lat="50.944308" lon="14.002844"><ele>141.75</ele></trkpt>
   <trkpt lat="50.944149" lon="14.003555"><ele>138</ele></trkpt>
   <trkpt lat="50.944024" lon="14.004315"><ele>139.5</ele></trkpt>
   <trkpt lat="50.943971" lon="14.0047"><ele>139.75</ele></trkpt>
   <trkpt lat="50.943927" lon="14.005088"><ele>139.75</ele></trkpt>
   <trkpt lat="50.943859" lon="14.005938"><ele>141.5</ele></trkpt>
   <trkpt lat="50.943827" lon="14.006794"><ele>140</ele></trkpt>
   <trkpt lat="50.943828" lon="14.007181"><ele>140</ele></trkpt>
   <trkpt lat="50.943843" lon="14.007605"><ele>139.25</ele></trkpt>
   <trkpt lat="50.943866" lon="14.008035"><ele>138</ele></trkpt>
   <trkpt lat="50.9439" lon="14.008457"><ele>136.25</ele></trkpt>
   <trkpt lat="50.943935" lon="14.008805"><ele>134.75</ele></trkpt>
   <trkpt lat="50.943999" lon="14.00928"><ele>131.75</ele></trkpt>
   <trkpt lat="50.944064" lon="14.009697"><ele>128.25</ele></trkpt>
   <trkpt lat="50.944163" lon="14.010219"><ele>124.25</ele></trkpt>
   <trkpt lat="50.944248" lon="14.010614"><ele>126.5</ele></trkpt>
   <trkpt lat="50.944278" lon="14.010737"><ele>127</ele></trkpt>
   <trkpt lat="50.944319" lon="14.010907"><ele>127.5</ele></trkpt>
   <trkpt lat="50.944542" lon="14.01171"><ele>127.75</ele></trkpt>
   <trkpt lat="50.944711" lon="14.01223"><ele>130</ele></trkpt>
   <trkpt lat="50.944773" lon="14.0124"><ele>129.75</ele></trkpt>
   <trkpt lat="50.945064" lon="14.013118"><ele>127.5</ele></trkpt>
   <trkpt lat="50.945163" lon="14.013346"><ele>127.75</ele></trkpt>
   <trkpt lat="50.945365" lon="14.013754"><ele>131</ele></trkpt>
   <trkpt lat="50.945552" lon="14.0141"><ele>131.25</ele></trkpt>
   <trkpt lat="50.945725" lon="14.014401"><ele>129.75</ele></trkpt>
   <trkpt lat="50.946094" lon="14.014939"><ele>126.5</ele></trkpt>
   <trkpt lat="50.948763" lon="14.018533"><ele>128.75</ele></trkpt>
   <trkpt lat="50.949457" lon="14.019488"><ele>130</ele></trkpt>
   <trkpt lat="50.949701" lon="14.01986"><ele>127.75</ele></trkpt>
   <trkpt lat="50.94984" lon="14.020088"><ele>126.75</ele></trkpt>
   <trkpt lat="50.950164" lon="14.020654"><ele>131</ele></trkpt>
   <trkpt lat="50.950297" lon="14.020906"><ele>132.25</ele></trkpt>
   <trkpt lat="50.951026" lon="14.022404"><ele>133.25</ele></trkpt>
   <trkpt lat="50.951344" lon="14.023085"><ele>133</ele></trkpt>
   <trkpt lat="50.95167" lon="14.023827"><ele>130</ele></trkpt>
   <trkpt lat="50.951794" lon="14.024128"><ele>132</ele></trkpt>
   <trkpt lat="50.951895" lon="14.024392"><ele>133.25</ele></trkpt>
   <trkpt lat="50.952132" lon="14.025066"><ele>132.75</ele></trkpt>
   <trkpt lat="50.952367" lon="14.025791"><ele>131.25</ele></trkpt>
   <trkpt lat="50.952532" lon="14.026378"><ele>129.5</ele></trkpt>
   <trkpt lat="50.952737" lon="14.027212"><ele>133</ele></trkpt>
   <trkpt lat="50.952836" lon="14.027676"><ele>133.75</ele></trkpt>
   <trkpt lat="50.952942" lon="14.028231"><ele>133.75</ele></trkpt>
   <trkpt lat="50.953452" lon="14.030975"><ele>132</ele></trkpt>
   <trkpt lat="50.953474" lon="14.031093"><ele>132.5</ele></trkpt>
   <trkpt lat="50.953618" lon="14.031758"><ele>134.75</ele></trkpt>
   <trkpt lat="50.953709" lon="14.032134"><ele>135.75</ele></trkpt>
   <trkpt lat="50.953948" lon="14.033001"><ele>134</ele></trkpt>
   <trkpt lat="50.954027" lon="14.033269"><ele>132.25</ele></trkpt>
   <trkpt lat="50.954287" lon="14.034147"><ele>129.5</ele></trkpt>
   <trkpt lat="50.954719" lon="14.035661"><ele>127</ele></trkpt>
   <trkpt lat="50.955" lon="14.036615"><ele>121.75</ele></trkpt>
   <trkpt lat="50.955535" lon="14.038461"><ele>123.5</ele></trkpt>
   <trkpt lat="50.955583" lon="14.038627"><ele>123.75</ele></trkpt>
   <trkpt lat="50.956035" lon="14.04017"><ele>128.75</ele></trkpt>
   <trkpt lat="50.956246" lon="14.040957"><ele>133.5</ele></trkpt>
   <trkpt lat="50.956352" lon="14.041375"><ele>134.75</ele></trkpt>
   <trkpt lat="50.956438" lon="14.041756"><ele>135</ele></trkpt>
   <trkpt lat="50.956619" lon="14.042646"><ele>133.25</ele></trkpt>
   <trkpt lat="50.956775" lon="14.043585"><ele>133.75</ele></trkpt>
   <trkpt lat="50.956842" lon="14.044077"><ele>135</ele></trkpt>
   <trkpt lat="50.956887" lon="14.044486"><ele>135.75</ele></trkpt>
   <trkpt lat="50.956931" lon="14.045012"><ele>136.75</ele></trkpt>
   <trkpt lat="50.956997" lon="14.046029"><ele>139.25</ele></trkpt>
   <trkpt lat="50.957009" lon="14.046489"><ele>141.25</ele></trkpt>
   <trkpt lat="50.957011" lon="14.046613"><ele>141.75</ele></trkpt>
   <trkpt lat="50.957013" lon="14.047449"><ele>140</ele></trkpt>
   <trkpt lat="50.957002" lon="14.047802"><ele>139.25</ele></trkpt>
   <trkpt lat="50.956975" lon="14.04844"><ele>138.5</ele></trkpt>
   <trkpt lat="50.956894" lon="14.04955"><ele>137</ele></trkpt>
   <trkpt lat="50.956787" lon="14.050869"><ele>136.25</ele></trkpt>
   <trkpt lat="50.956721" lon="14.051979"><ele>136.5</ele></trkpt>
   <trkpt lat="50.956697" lon="14.053019"><ele>137.75</ele></trkpt>
   <trkpt lat="50.956699" lon="14.053327"><ele>138</ele></trkpt>
   <trkpt lat="50.956717" lon="14.054503"><ele>137</ele></trkpt>
   <trkpt lat="50.956759" lon="14.055461"><ele>135.75</ele></trkpt>
   <trkpt lat="50.956822" lon="14.056411"><ele>135</ele></trkpt>
   <trkpt lat="50.956892" lon="14.057253"><ele>135.25</ele></trkpt>
   <trkpt lat="50.956993" lon="14.058215"><ele>135.25</ele></trkpt>
   <trkpt lat="50.957052" lon="14.058829"><ele>136</ele></trkpt>
   <trkpt lat="50.95715" lon="14.059728"><ele>136.25</ele></trkpt>
   <trkpt lat="50.957189" lon="14.06013"><ele>136.25</ele></trkpt>
   <trkpt lat="50.957215" lon="14.060722"><ele>137</ele></trkpt>
   <trkpt lat="50.957277" lon="14.061353"><ele>136</ele></trkpt>
   <trkpt lat="50.957306" lon="14.061917"><ele>136.75</ele></trkpt>
   <trkpt lat="50.957331" lon="14.062245"><ele>136.5</ele></trkpt>
   <trkpt lat="50.957377" lon="14.062702"><ele>135.75</ele></trkpt>
   <trkpt lat="50.957611" lon="14.065062"><ele>133.25</ele></trkpt>
   <trkpt lat="50.957738" lon="14.066271"><ele>129</ele></trkpt>
   <trkpt lat="50.957801" lon="14.067086"><ele>127.25</ele></trkpt>
   <trkpt lat="50.957821" lon="14.067461"><ele>127</ele></trkpt>
   <trkpt lat="50.957836" lon="14.067927"><ele>126.5</ele></trkpt>
   <trkpt lat="50.957842" lon="14.068389"><ele>126.25</ele></trkpt>
   <trkpt lat="50.957838" lon="14.068841"><ele>126.5</ele></trkpt>
   <trkpt lat="50.957824" lon="14.069294"><ele>126.75</ele></trkpt>
   <trkpt lat="50.957801" lon="14.069754"><ele>127</ele></trkpt>
   <trkpt lat="50.957769" lon="14.070224"><ele>127</ele></trkpt>
   <trkpt lat="50.957719" lon="14.0708"><ele>126.75</ele></trkpt>
   <trkpt lat="50.957676" lon="14.071134"><ele>126.75</ele></trkpt>
   <trkpt lat="50.957451" lon="14.072863"><ele>126.25</ele></trkpt>
   <trkpt lat="50.957361" lon="14.073292"><ele>127</ele></trkpt>
   <trkpt lat="50.957287" lon="14.073608"><ele>128</ele></trkpt>
   <trkpt lat="50.957273" lon="14.073668"><ele>128.25</ele></trkpt>
   <trkpt lat="50.957219" lon="14.073897"><ele>128.75</ele></trkpt>
   <trkpt lat="50.957101" lon="14.074328"><ele>129</ele></trkpt>
   <trkpt lat="50.957008" lon="14.074654"><ele>128.25</ele></trkpt>
   <trkpt lat="50.956796" lon="14.075326"><ele>127.25</ele></trkpt>
   <trkpt lat="50.95645" lon="14.076266"><ele>127.5</ele></trkpt>
   <trkpt lat="50.956362" lon="14.076483"><ele>127</ele></trkpt>
   <trkpt lat="50.956343" lon="14.076526"><ele>127</ele></trkpt>
   <trkpt lat="50.956334" lon="14.076548"><ele>127</ele></trkpt>
   <trkpt lat="50.956302" lon="14.076626"><ele>126.75</ele></trkpt>
   <trkpt lat="50.956258" lon="14.076724"><ele>126.5</ele></trkpt>
   <trkpt lat="50.955974" lon="14.077337"><ele>127</ele></trkpt>
   <trkpt lat="50.955749" lon="14.077769"><ele>127.5</ele></trkpt>
   <trkpt lat="50.955487" lon="14.078232"><ele>127</ele></trkpt>
   <trkpt lat="50.955146" lon="14.078758"><ele>126.5</ele></trkpt>
   <trkpt lat="50.954571" lon="14.079527"><ele>126.75</ele></trkpt>
   <trkpt lat="50.954014" lon="14.080136"><ele>125.75</ele></trkpt>
   <trkpt lat="50.953705" lon="14.080428"><ele>125.5</ele></trkpt>
   <trkpt lat="50.953334" lon="14.080749"><ele>125</ele></trkpt>
   <trkpt lat="50.95282" lon="14.081124"><ele>126.75</ele></trkpt>
   <trkpt lat="50.952618" lon="14.081255"><ele>127.25</ele></trkpt>
   <trkpt lat="50.952079" lon="14.081571"><ele>127</ele></trkpt>
   <trkpt lat="50.951917" lon="14.081659"><ele>126.75</ele></trkpt>
   <trkpt lat="50.951724" lon="14.081749"><ele>126.5</ele></trkpt>
   <trkpt lat="50.951288" lon="14.08194"><ele>126.75</ele></trkpt>
   <trkpt lat="50.951036" lon="14.082029"><ele>126.75</ele></trkpt>
   <trkpt lat="50.950574" lon="14.082182"><ele>127.5</ele></trkpt>
   <trkpt lat="50.950254" lon="14.082263"><ele>128.25</ele></trkpt>
   <trkpt lat="50.950007" lon="14.082309"><ele>129</ele></trkpt>
   <trkpt lat="50.949568" lon="14.082374"><ele>129.25</ele></trkpt>
   <trkpt lat="50.949374" lon="14.082394"><ele>129.25</ele></trkpt>
   <trkpt lat="50.948954" lon="14.08242"><ele>129.5</ele></trkpt>
   <trkpt lat="50.948632" lon="14.082421"><ele>129.5</ele></trkpt>
   <trkpt lat="50.948473" lon="14.08241"><ele>129.5</ele></trkpt>
   <trkpt lat="50.948197" lon="14.082392"><ele>129</ele></trkpt>
   <trkpt lat="50.947846" lon="14.082348"><ele>127.5</ele></trkpt>
   <trkpt lat="50.947591" lon="14.082305"><ele>126.25</ele></trkpt>
   <trkpt lat="50.947217" lon="14.08222"><ele>125.25</ele></trkpt>
   <trkpt lat="50.946854" lon="14.082111"><ele>124.5</ele></trkpt>
   <trkpt lat="50.946327" lon="14.081909"><ele>123.75</ele></trkpt>
   <trkpt lat="50.946053" lon="14.081785"><ele>123.25</ele></trkpt>
   <trkpt lat="50.945764" lon="14.081641"><ele>122.75</ele></trkpt>
   <trkpt lat="50.945521" lon="14.081505"><ele>122.5</ele></trkpt>
   <trkpt lat="50.94503" lon="14.081174"><ele>121.5</ele></trkpt>
   <trkpt lat="50.944697" lon="14.080932"><ele>121.75</ele></trkpt>
   <trkpt lat="50.944218" lon="14.080528"><ele>122</ele></trkpt>
   <trkpt lat="50.943994" lon="14.080321"><ele>122.25</ele></trkpt>
   <trkpt lat="50.943747" lon="14.080076"><ele>122.25</ele></trkpt>
   <trkpt lat="50.943504" lon="14.079815"><ele>123</ele></trkpt>
   <trkpt lat="50.943262" lon="14.079548"><ele>123.75</ele></trkpt>
   <trkpt lat="50.94275" lon="14.078886"><ele>123</ele></trkpt>
   <trkpt lat="50.942695" lon="14.078817"><ele>122.75</ele></trkpt>
   <trkpt lat="50.942489" lon="14.078515"><ele>121.5</ele></trkpt>
   <trkpt lat="50.942166" lon="14.078012"><ele>122.5</ele></trkpt>
   <trkpt lat="50.941104" lon="14.07626"><ele>124</ele></trkpt>
   <trkpt lat="50.941068" lon="14.076205"><ele>124.25</ele></trkpt>
   <trkpt lat="50.940824" lon="14.07579"><ele>124</ele></trkpt>
   <trkpt lat="50.940438" lon="14.075111"><ele>122.75</ele></trkpt>
   <trkpt lat="50.940117" lon="14.074505"><ele>122.75</ele></trkpt>
   <trkpt lat="50.939854" lon="14.073973"><ele>123.25</ele></trkpt>
   <trkpt lat="50.939708" lon="14.073657"><ele>124</ele></trkpt>
   <trkpt lat="50.939657" lon="14.073549"><ele>124.25</ele></trkpt>
   <trkpt lat="50.939602" lon="14.073435"><ele>124.25</ele></trkpt>
   <trkpt lat="50.939283" lon="14.072704"><ele>128.75</ele></trkpt>
   <trkpt lat="50.938906" lon="14.071773"><ele>131</ele></trkpt>
   <trkpt lat="50.938748" lon="14.071351"><ele>135.25</ele></trkpt>
   <trkpt lat="50.938621" lon="14.070985"><ele>138</ele></trkpt>
   <trkpt lat="50.937782" lon="14.068556"><ele>134.5</ele></trkpt>
   <trkpt lat="50.937541" lon="14.067855"><ele>131</ele></trkpt>
   <trkpt lat="50.93725" lon="14.067009"><ele>132.25</ele></trkpt>
   <trkpt lat="50.936993" lon="14.06638"><ele>131.25</ele></trkpt>
   <trkpt lat="50.936764" lon="14.065727"><ele>128.75</ele></trkpt>
   <trkpt lat="50.93603" lon="14.063602"><ele>129.25</ele></trkpt>
   <trkpt lat="50.935983" lon="14.063463"><ele>128.25</ele></trkpt>
   <trkpt lat="50.935973" lon="14.063434"><ele>128</ele></trkpt>
   <trkpt lat="50.935967" lon="14.063417"><ele>128</ele></trkpt>
   <trkpt lat="50.935961" lon="14.063398"><ele>127.75</ele></trkpt>
   <trkpt lat="50.93568" lon="14.062579"><ele>132</ele></trkpt>
   <trkpt lat="50.935536" lon="14.062166"><ele>133.25</ele></trkpt>
   <trkpt lat="50.935479" lon="14.061989"><ele>133.25</ele></trkpt>
   <trkpt lat="50.935258" lon="14.061386"><ele>133.25</ele></trkpt>
   <trkpt lat="50.935087" lon="14.060948"><ele>134</ele></trkpt>
   <trkpt lat="50.935045" lon="14.060849"><ele>133.75</ele></trkpt>
   <trkpt lat="50.934869" lon="14.060456"><ele>135.25</ele></trkpt>
   <trkpt lat="50.934656" lon="14.060025"><ele>134.25</ele></trkpt>
   <trkpt lat="50.934489" lon="14.059723"><ele>137</ele></trkpt>
   <trkpt lat="50.934273" lon="14.059368"><ele>139.5</ele></trkpt>
   <trkpt lat="50.934146" lon="14.059175"><ele>140.25</ele></trkpt>
   <trkpt lat="50.934036" lon="14.059014"><ele>142</ele></trkpt>
   <trkpt lat="50.933754" lon="14.058646"><ele>142.25</ele></trkpt>
   <trkpt lat="50.93356" lon="14.058412"><ele>139</ele></trkpt>
   <trkpt lat="50.93337" lon="14.058204"><ele>138</ele></trkpt>
   <trkpt lat="50.932879" lon="14.057758"><ele>144.75</ele></trkpt>
   <trkpt lat="50.932528" lon="14.057481"><ele>145.25</ele></trkpt>
   <trkpt lat="50.932306" lon="14.057326"><ele>145.5</ele></trkpt>
   <trkpt lat="50.93127" lon="14.056644"><ele>133.5</ele></trkpt>
   <trkpt lat="50.931205" lon="14.056598"><ele>133.5</ele></trkpt>
   <trkpt lat="50.930749" lon="14.056286"><ele>133.25</ele></trkpt>
   <trkpt lat="50.930207" lon="14.055945"><ele>132.25</ele></trkpt>
   <trkpt lat="50.929942" lon="14.055801"><ele>129.75</ele></trkpt>
   <trkpt lat="50.929748" lon="14.055711"><ele>128.5</ele></trkpt>
   <trkpt lat="50.92951" lon="14.055616"><ele>126.5</ele></trkpt>
   <trkpt lat="50.929186" lon="14.055528"><ele>122.25</ele></trkpt>
   <trkpt lat="50.928992" lon="14.055488"><ele>122</ele></trkpt>
   <trkpt lat="50.928882" lon="14.055471"><ele>121.75</ele></trkpt>
   <trkpt lat="50.928677" lon="14.055452"><ele>121.75</ele></trkpt>
   <trkpt lat="50.928255" lon="14.055461"><ele>122.25</ele></trkpt>
   <trkpt lat="50.928059" lon="14.055487"><ele>124.75</ele></trkpt>
   <trkpt lat="50.92763" lon="14.055579"><ele>129.25</ele></trkpt>
   <trkpt lat="50.927473" lon="14.055634"><ele>130.75</ele></trkpt>
   <trkpt lat="50.927397" lon="14.055661"><ele>131.5</ele></trkpt>
   <trkpt lat="50.927112" lon="14.055774"><ele>134</ele></trkpt>
   <trkpt lat="50.92693" lon="14.055861"><ele>134.75</ele></trkpt>
   <trkpt lat="50.92649" lon="14.056105"><ele>135.25</ele></trkpt>
   <trkpt lat="50.926279" lon="14.056254"><ele>135</ele></trkpt>
   <trkpt lat="50.92611" lon="14.056386"><ele>134</ele></trkpt>
   <trkpt lat="50.92586" lon="14.05662"><ele>131</ele></trkpt>
   <trkpt lat="50.925711" lon="14.056769"><ele>132.75</ele></trkpt>
   <trkpt lat="50.925422" lon="14.057092"><ele>136.5</ele></trkpt>
   <trkpt lat="50.925098" lon="14.057528"><ele>134.75</ele></trkpt>
   <trkpt lat="50.924725" lon="14.058093"><ele>132.5</ele></trkpt>
   <trkpt lat="50.924611" lon="14.058265"><ele>131.75</ele></trkpt>
   <trkpt lat="50.924383" lon="14.058643"><ele>133.75</ele></trkpt>
   <trkpt lat="50.923462" lon="14.060051"><ele>130.75</ele></trkpt>
   <trkpt lat="50.922049" lon="14.062273"><ele>133.5</ele></trkpt>
   <trkpt lat="50.921882" lon="14.062555"><ele>133.5</ele></trkpt>
   <trkpt lat="50.921703" lon="14.062889"><ele>129.25</ele></trkpt>
   <trkpt lat="50.921536" lon="14.063226"><ele>127.5</ele></trkpt>
   <trkpt lat="50.921392" lon="14.06354"><ele>131</ele></trkpt>
   <trkpt lat="50.921262" lon="14.063859"><ele>134.25</ele></trkpt>
   <trkpt lat="50.921124" lon="14.064222"><ele>135</ele></trkpt>
   <trkpt lat="50.921014" lon="14.064539"><ele>133.25</ele></trkpt>
   <trkpt lat="50.920917" lon="14.064855"><ele>129.5</ele></trkpt>
   <trkpt lat="50.9209" lon="14.064906"><ele>129</ele></trkpt>
   <trkpt lat="50.920895" lon="14.064924"><ele>128.5</ele></trkpt>
   <trkpt lat="50.920853" lon="14.065069"><ele>127.25</ele></trkpt>
   <trkpt lat="50.920781" lon="14.065347"><ele>127.25</ele></trkpt>
   <trkpt lat="50.920627" lon="14.066027"><ele>126</ele></trkpt>
   <trkpt lat="50.920536" lon="14.066495"><ele>123.25</ele></trkpt>
   <trkpt lat="50.920249" lon="14.068084"><ele>119.5</ele></trkpt>
   <trkpt lat="50.920225" lon="14.068216"><ele>119</ele></trkpt>
   <trkpt lat="50.920206" lon="14.068327"><ele>118.5</ele></trkpt>
   <trkpt lat="50.920192" lon="14.068404"><ele>118.25</ele></trkpt>
   <trkpt lat="50.919909" lon="14.069931"><ele>118.25</ele></trkpt>
   <trkpt lat="50.919747" lon="14.070905"><ele>119.5</ele></trkpt>
   <trkpt lat="50.919543" lon="14.072045"><ele>118.75</ele></trkpt>
   <trkpt lat="50.919386" lon="14.072999"><ele>118.25</ele></trkpt>
   <trkpt lat="50.919336" lon="14.073378"><ele>118</ele></trkpt>
   <trkpt lat="50.919298" lon="14.073725"><ele>118</ele></trkpt>
   <trkpt lat="50.91926" lon="14.074157"><ele>118</ele></trkpt>
   <trkpt lat="50.919238" lon="14.074505"><ele>118.25</ele></trkpt>
   <trkpt lat="50.919216" lon="14.074968"><ele>120</ele></trkpt>
   <trkpt lat="50.919206" lon="14.075344"><ele>121.25</ele></trkpt>
   <trkpt lat="50.919206" lon="14.075709"><ele>122.75</ele></trkpt>
   <trkpt lat="50.919217" lon="14.07618"><ele>124.5</ele></trkpt>
   <trkpt lat="50.919227" lon="14.076478"><ele>125.75</ele></trkpt>
   <trkpt lat="50.919259" lon="14.076984"><ele>127.75</ele></trkpt>
   <trkpt lat="50.919265" lon="14.077054"><ele>127.75</ele></trkpt>
   <trkpt lat="50.919324" lon="14.077661"><ele>130.25</ele></trkpt>
   <trkpt lat="50.919449" lon="14.078778"><ele>132.25</ele></trkpt>
   <trkpt lat="50.919491" lon="14.079146"><ele>132</ele></trkpt>
   <trkpt lat="50.91974" lon="14.08141"><ele>128.75</ele></trkpt>
   <trkpt lat="50.919784" lon="14.081763"><ele>127.75</ele></trkpt>
   <trkpt lat="50.919812" lon="14.081982"><ele>128</ele></trkpt>
   <trkpt lat="50.919871" lon="14.082389"><ele>127.75</ele></trkpt>
   <trkpt lat="50.919944" lon="14.082833"><ele>127.75</ele></trkpt>
   <trkpt lat="50.920016" lon="14.083214"><ele>127.75</ele></trkpt>
   <trkpt lat="50.920095" lon="14.083604"><ele>129.5</ele></trkpt>
   <trkpt lat="50.920194" lon="14.084038"><ele>130.5</ele></trkpt>
   <trkpt lat="50.920307" lon="14.084481"><ele>131</ele></trkpt>
   <trkpt lat="50.920413" lon="14.084873"><ele>130.75</ele></trkpt>
   <trkpt lat="50.920543" lon="14.085316"><ele>131.5</ele></trkpt>
   <trkpt lat="50.920644" lon="14.085629"><ele>131.5</ele></trkpt>
   <trkpt lat="50.920733" lon="14.085894"><ele>131.25</ele></trkpt>
   <trkpt lat="50.920887" lon="14.086319"><ele>131</ele></trkpt>
   <trkpt lat="50.921061" lon="14.08677"><ele>131.25</ele></trkpt>
   <trkpt lat="50.921342" lon="14.087418"><ele>130.5</ele></trkpt>
   <trkpt lat="50.921468" lon="14.087684"><ele>129.25</ele></trkpt>
   <trkpt lat="50.921703" lon="14.088156"><ele>126.5</ele></trkpt>
   <trkpt lat="50.921945" lon="14.088603"><ele>128.75</ele></trkpt>
   <trkpt lat="50.922461" lon="14.089469"><ele>127.75</ele></trkpt>
   <trkpt lat="50.923165" lon="14.09063"><ele>125.75</ele></trkpt>
   <trkpt lat="50.923698" lon="14.091506"><ele>124.25</ele></trkpt>
   <trkpt lat="50.924775" lon="14.09328"><ele>123.25</ele></trkpt>
   <trkpt lat="50.924787" lon="14.0933"><ele>123.25</ele></trkpt>
   <trkpt lat="50.92493" lon="14.09354"><ele>123.5</ele></trkpt>
   <trkpt lat="50.925062" lon="14.093757"><ele>123.5</ele></trkpt>
   <trkpt lat="50.925404" lon="14.094355"><ele>124</ele></trkpt>
   <trkpt lat="50.925648" lon="14.094811"><ele>124</ele></trkpt>
   <trkpt lat="50.925769" lon="14.09505"><ele>123.75</ele></trkpt>
   <trkpt lat="50.926047" lon="14.095634"><ele>124.5</ele></trkpt>
   <trkpt lat="50.926363" lon="14.09638"><ele>125.5</ele></trkpt>
   <trkpt lat="50.926533" lon="14.096815"><ele>125.75</ele></trkpt>
   <trkpt lat="50.926932" lon="14.097913"><ele>126.25</ele></trkpt>
   <trkpt lat="50.927266" lon="14.09886"><ele>127.75</ele></trkpt>
   <trkpt lat="50.927705" lon="14.10009"><ele>128.25</ele></trkpt>
   <trkpt lat="50.927849" lon="14.100531"><ele>130.5</ele></trkpt>
   <trkpt lat="50.928023" lon="14.101122"><ele>132</ele></trkpt>
   <trkpt lat="50.928144" lon="14.101595"><ele>131.75</ele></trkpt>
   <trkpt lat="50.928207" lon="14.101882"><ele>132.25</ele></trkpt>
   <trkpt lat="50.928227" lon="14.10198"><ele>132.25</ele></trkpt>
   <trkpt lat="50.928292" lon="14.102306"><ele>132.75</ele></trkpt>
   <trkpt lat="50.928413" lon="14.103032"><ele>135.5</ele></trkpt>
   <trkpt lat="50.928458" lon="14.10338"><ele>137</ele></trkpt>
   <trkpt lat="50.928528" lon="14.104118"><ele>139</ele></trkpt>
   <trkpt lat="50.928562" lon="14.104752"><ele>141.25</ele></trkpt>
   <trkpt lat="50.928568" lon="14.105011"><ele>142.25</ele></trkpt>
   <trkpt lat="50.928567" lon="14.105456"><ele>142</ele></trkpt>
   <trkpt lat="50.92854" lon="14.106288"><ele>142</ele></trkpt>
   <trkpt lat="50.928524" lon="14.106549"><ele>142</ele></trkpt>
   <trkpt lat="50.928474" lon="14.107107"><ele>140.25</ele></trkpt>
   <trkpt lat="50.928446" lon="14.107365"><ele>139</ele></trkpt>
   <trkpt lat="50.928378" lon="14.107884"><ele>136.25</ele></trkpt>
   <trkpt lat="50.928227" lon="14.108741"><ele>136</ele></trkpt>
   <trkpt lat="50.928167" lon="14.109045"><ele>137</ele></trkpt>
   <trkpt lat="50.92807" lon="14.109484"><ele>138</ele></trkpt>
   <trkpt lat="50.927902" lon="14.110151"><ele>139.25</ele></trkpt>
   <trkpt lat="50.927737" lon="14.11073"><ele>139.75</ele></trkpt>
   <trkpt lat="50.927577" lon="14.111216"><ele>138.5</ele></trkpt>
   <trkpt lat="50.927389" lon="14.111743"><ele>140</ele></trkpt>
   <trkpt lat="50.926623" lon="14.113733"><ele>140.75</ele></trkpt>
   <trkpt lat="50.926203" lon="14.114845"><ele>142.75</ele></trkpt>
   <trkpt lat="50.925744" lon="14.116026"><ele>139.25</ele></trkpt>
   <trkpt lat="50.925645" lon="14.116286"><ele>139</ele></trkpt>
   <trkpt lat="50.925613" lon="14.116372"><ele>138.75</ele></trkpt>
   <trkpt lat="50.925119" lon="14.117669"><ele>138</ele></trkpt>
   <trkpt lat="50.925006" lon="14.117962"><ele>135.5</ele></trkpt>
   <trkpt lat="50.924719" lon="14.118699"><ele>138.25</ele></trkpt>
   <trkpt lat="50.923912" lon="14.120814"><ele>140.5</ele></trkpt>
   <trkpt lat="50.923888" lon="14.120879"><ele>140.5</ele></trkpt>
   <trkpt lat="50.923619" lon="14.121614"><ele>140.25</ele></trkpt>
   <trkpt lat="50.923405" lon="14.122277"><ele>139.75</ele></trkpt>
   <trkpt lat="50.923302" lon="14.122627"><ele>138.75</ele></trkpt>
   <trkpt lat="50.923127" lon="14.123284"><ele>138.5</ele></trkpt>
   <trkpt lat="50.922754" lon="14.124678"><ele>139.75</ele></trkpt>
   <trkpt lat="50.922713" lon="14.124831"><ele>139</ele></trkpt>
   <trkpt lat="50.922508" lon="14.12559"><ele>135.75</ele></trkpt>
   <trkpt lat="50.922392" lon="14.126036"><ele>134.25</ele></trkpt>
   <trkpt lat="50.922378" lon="14.126089"><ele>134</ele></trkpt>
   <trkpt lat="50.921918" lon="14.127501"><ele>134.25</ele></trkpt>
   <trkpt lat="50.921831" lon="14.127816"><ele>133.75</ele></trkpt>
   <trkpt lat="50.921762" lon="14.128065"><ele>133.25</ele></trkpt>
   <trkpt lat="50.92134" lon="14.129599"><ele>141.5</ele></trkpt>
   <trkpt lat="50.921177" lon="14.130233"><ele>143.25</ele></trkpt>
   <trkpt lat="50.920813" lon="14.131551"><ele>135</ele></trkpt>
   <trkpt lat="50.920658" lon="14.132129"><ele>139.5</ele></trkpt>
   <trkpt lat="50.92026" lon="14.133641"><ele>140.75</ele></trkpt>
   <trkpt lat="50.919611" lon="14.136175"><ele>140.75</ele></trkpt>
   <trkpt lat="50.919338" lon="14.137216"><ele>138.5</ele></trkpt>
   <trkpt lat="50.919184" lon="14.137788"><ele>136.75</ele></trkpt>
   <trkpt lat="50.918769" lon="14.139364"><ele>140.75</ele></trkpt>
   <trkpt lat="50.918531" lon="14.140273"><ele>138.5</ele></trkpt>
   <trkpt lat="50.918492" lon="14.140422"><ele>138.25</ele></trkpt>
   <trkpt lat="50.918053" lon="14.142095"><ele>140.25</ele></trkpt>
   <trkpt lat="50.917853" lon="14.142862"><ele>142.75</ele></trkpt>
   <trkpt lat="50.917658" lon="14.143585"><ele>142.75</ele></trkpt>
   <trkpt lat="50.917445" lon="14.144413"><ele>141</ele></trkpt>
   <trkpt lat="50.917227" lon="14.145222"><ele>144.5</ele></trkpt>
   <trkpt lat="50.917044" lon="14.145921"><ele>145.5</ele></trkpt>
   <trkpt lat="50.916744" lon="14.146975"><ele>141</ele></trkpt>
   <trkpt lat="50.916613" lon="14.147409"><ele>140.75</ele></trkpt>
   <trkpt lat="50.916442" lon="14.147979"><ele>142.25</ele></trkpt>
   <trkpt lat="50.916244" lon="14.148603"><ele>144</ele></trkpt>
   <trkpt lat="50.916035" lon="14.149281"><ele>142</ele></trkpt>
   <trkpt lat="50.915102" lon="14.152318"><ele>137</ele></trkpt>
   <trkpt lat="50.915067" lon="14.152428"><ele>136.5</ele></trkpt>
   <trkpt lat="50.914623" lon="14.153871"><ele>139</ele></trkpt>
   <trkpt lat="50.914619" lon="14.153885"><ele>139</ele></trkpt>
   <trkpt lat="50.914354" lon="14.154776"><ele>139.5</ele></trkpt>
   <trkpt lat="50.914317" lon="14.154913"><ele>138.75</ele></trkpt>
   <trkpt lat="50.91409" lon="14.155782"><ele>138.75</ele></trkpt>
   <trkpt lat="50.91405" lon="14.155965"><ele>139</ele></trkpt>
   <trkpt lat="50.913739" lon="14.157376"><ele>139.25</ele></trkpt>
   <trkpt lat="50.913714" lon="14.157492"><ele>138.75</ele></trkpt>
   <trkpt lat="50.913699" lon="14.157559"><ele>138.5</ele></trkpt>
   <trkpt lat="50.913054" lon="14.160513"><ele>131.25</ele></trkpt>
   <trkpt lat="50.912924" lon="14.161103"><ele>131</ele></trkpt>
   <trkpt lat="50.912717" lon="14.162046"><ele>128.75</ele></trkpt>
   <trkpt lat="50.91248" lon="14.16312"><ele>126</ele></trkpt>
   <trkpt lat="50.912465" lon="14.163193"><ele>126</ele></trkpt>
   <trkpt lat="50.912016" lon="14.165259"><ele>129.5</ele></trkpt>
   <trkpt lat="50.911986" lon="14.165393"><ele>129.25</ele></trkpt>
   <trkpt lat="50.911894" lon="14.165817"><ele>128.5</ele></trkpt>
   <trkpt lat="50.911648" lon="14.166953"><ele>125.75</ele></trkpt>
   <trkpt lat="50.911594" lon="14.167201"><ele>126.25</ele></trkpt>
   <trkpt lat="50.911532" lon="14.167491"><ele>126.25</ele></trkpt>
   <trkpt lat="50.911486" lon="14.167693"><ele>126</ele></trkpt>
   <trkpt lat="50.911293" lon="14.16857"><ele>124.75</ele></trkpt>
   <trkpt lat="50.911228" lon="14.168869"><ele>125</ele></trkpt>
   <trkpt lat="50.911147" lon="14.16924"><ele>125.25</ele></trkpt>
   <trkpt lat="50.911088" lon="14.169507"><ele>125.5</ele></trkpt>
   <trkpt lat="50.910858" lon="14.170563"><ele>126</ele></trkpt>
   <trkpt lat="50.910818" lon="14.170746"><ele>126.75</ele></trkpt>
   <trkpt lat="50.910803" lon="14.170809"><ele>127.25</ele></trkpt>
   <trkpt lat="50.910741" lon="14.171077"><ele>129.25</ele></trkpt>
   <trkpt lat="50.910719" lon="14.171168"><ele>129.75</ele></trkpt>
   <trkpt lat="50.910582" lon="14.171757"><ele>133</ele></trkpt>
   <trkpt lat="50.91009" lon="14.173861"><ele>132</ele></trkpt>
   <trkpt lat="50.91001" lon="14.174203"><ele>131.5</ele></trkpt>
   <trkpt lat="50.909987" lon="14.174302"><ele>131.75</ele></trkpt>
   <trkpt lat="50.909697" lon="14.175558"><ele>139.25</ele></trkpt>
   <trkpt lat="50.90944" lon="14.176712"><ele>140.75</ele></trkpt>
   <trkpt lat="50.90908" lon="14.178374"><ele>138.5</ele></trkpt>
   <trkpt lat="50.908951" lon="14.178991"><ele>141.5</ele></trkpt>
   <trkpt lat="50.908807" lon="14.179731"><ele>143.75</ele></trkpt>
   <trkpt lat="50.908675" lon="14.180459"><ele>146</ele></trkpt>
   <trkpt lat="50.90821" lon="14.183214"><ele>141.25</ele></trkpt>
   <trkpt lat="50.907782" lon="14.185823"><ele>146.5</ele></trkpt>
   <trkpt lat="50.90755" lon="14.187189"><ele>141</ele></trkpt>
   <trkpt lat="50.907427" lon="14.187902"><ele>138.5</ele></trkpt>
   <trkpt lat="50.907186" lon="14.189275"><ele>142.25</ele></trkpt>
   <trkpt lat="50.907054" lon="14.190029"><ele>144.75</ele></trkpt>
   <trkpt lat="50.907012" lon="14.190271"><ele>145</ele></trkpt>
   <trkpt lat="50.906987" lon="14.190403"><ele>145.25</ele></trkpt>
   <trkpt lat="50.906983" lon="14.190428"><ele>145.25</ele></trkpt>
   <trkpt lat="50.906729" lon="14.19187"><ele>142.25</ele></trkpt>
   <trkpt lat="50.906379" lon="14.193871"><ele>146.25</ele></trkpt>
   <trkpt lat="50.906166" lon="14.195025"><ele>148</ele></trkpt>
   <trkpt lat="50.906076" lon="14.195481"><ele>148.25</ele></trkpt>
   <trkpt lat="50.905859" lon="14.196575"><ele>143.5</ele></trkpt>
   <trkpt lat="50.905665" lon="14.197489"><ele>146.25</ele></trkpt>
   <trkpt lat="50.905524" lon="14.198122"><ele>147.25</ele></trkpt>
   <trkpt lat="50.905487" lon="14.198285"><ele>147.25</ele></trkpt>
   <trkpt lat="50.905462" lon="14.198397"><ele>147.25</ele></trkpt>
   <trkpt lat="50.905193" lon="14.199503"><ele>145.75</ele></trkpt>
   <trkpt lat="50.90486" lon="14.200803"><ele>145</ele></trkpt>
   <trkpt lat="50.904577" lon="14.201845"><ele>147.25</ele></trkpt>
   <trkpt lat="50.904547" lon="14.201954"><ele>147.5</ele></trkpt>
   <trkpt lat="50.904318" lon="14.202748"><ele>145.75</ele></trkpt>
   <trkpt lat="50.904106" lon="14.203456"><ele>143.25</ele></trkpt>
   <trkpt lat="50.903818" lon="14.204381"><ele>145.75</ele></trkpt>
   <trkpt lat="50.90357" lon="14.20515"><ele>144</ele></trkpt>
   <trkpt lat="50.903327" lon="14.205869"><ele>138.5</ele></trkpt>
   <trkpt lat="50.90299" lon="14.206871"><ele>141.75</ele></trkpt>
   <trkpt lat="50.902526" lon="14.208231"><ele>145.25</ele></trkpt>
   <trkpt lat="50.901975" lon="14.209872"><ele>141.25</ele></trkpt>
   <trkpt lat="50.901064" lon="14.212559"><ele>142.25</ele></trkpt>
   <trkpt lat="50.901016" lon="14.2127"><ele>142.5</ele></trkpt>
   <trkpt lat="50.900901" lon="14.213033"><ele>141.75</ele></trkpt>
   <trkpt lat="50.9006" lon="14.213901"><ele>142.25</ele></trkpt>
   <trkpt lat="50.900507" lon="14.214151"><ele>142.75</ele></trkpt>
   <trkpt lat="50.900206" lon="14.214924"><ele>141.5</ele></trkpt>
   <trkpt lat="50.899896" lon="14.215654"><ele>141.25</ele></trkpt>
   <trkpt lat="50.899761" lon="14.21596"><ele>141.5</ele></trkpt>
   <trkpt lat="50.899698" lon="14.216101"><ele>141.5</ele></trkpt>
   <trkpt lat="50.899514" lon="14.216504"><ele>140.75</ele></trkpt>
   <trkpt lat="50.899045" lon="14.217419"><ele>141.25</ele></trkpt>
   <trkpt lat="50.898818" lon="14.217836"><ele>141.25</ele></trkpt>
   <trkpt lat="50.898593" lon="14.218232"><ele>139.5</ele></trkpt>
   <trkpt lat="50.898361" lon="14.218627"><ele>140</ele></trkpt>
   <trkpt lat="50.898005" lon="14.219198"><ele>144.5</ele></trkpt>
   <trkpt lat="50.897955" lon="14.219276"><ele>144.75</ele></trkpt>
   <trkpt lat="50.897508" lon="14.219994"><ele>140.75</ele></trkpt>
   <trkpt lat="50.89731" lon="14.220311"><ele>145</ele></trkpt>
   <trkpt lat="50.897241" lon="14.220421"><ele>146</ele></trkpt>
   <trkpt lat="50.896736" lon="14.221224"><ele>144.5</ele></trkpt>
   <trkpt lat="50.896335" lon="14.221806"><ele>140.75</ele></trkpt>
   <trkpt lat="50.896307" lon="14.221843"><ele>141</ele></trkpt>
   <trkpt lat="50.895916" lon="14.222347"><ele>141</ele></trkpt>
   <trkpt lat="50.895728" lon="14.222566"><ele>141</ele></trkpt>
   <trkpt lat="50.895401" lon="14.222925"><ele>141.25</ele></trkpt>
   <trkpt lat="50.894765" lon="14.223566"><ele>141.5</ele></trkpt>
   <trkpt lat="50.894589" lon="14.223738"><ele>141.5</ele></trkpt>
   <trkpt lat="50.893042" lon="14.225256"><ele>148</ele></trkpt>
   <trkpt lat="50.891942" lon="14.226335"><ele>149.25</ele></trkpt>
   <trkpt lat="50.891286" lon="14.227007"><ele>149.75</ele></trkpt>
   <trkpt lat="50.890802" lon="14.227515"><ele>149.5</ele></trkpt>
   <trkpt lat="50.890271" lon="14.228072"><ele>144.5</ele></trkpt>
   <trkpt lat="50.890265" lon="14.228078"><ele>144.25</ele></trkpt>
   <trkpt lat="50.890168" lon="14.228181"><ele>142.5</ele></trkpt>
   <trkpt lat="50.890147" lon="14.228203"><ele>142</ele></trkpt>
   <trkpt lat="50.890041" lon="14.228314"><ele>139.75</ele></trkpt>
   <trkpt lat="50.889582" lon="14.228797"><ele>148.25</ele></trkpt>
   <trkpt lat="50.888941" lon="14.229465"><ele>148.25</ele></trkpt>
   <trkpt lat="50.888811" lon="14.229603"><ele>147.25</ele></trkpt>
   <trkpt lat="50.887477" lon="14.231002"><ele>145</ele></trkpt>
   <trkpt lat="50.886924" lon="14.231545"><ele>140.25</ele></trkpt>
   <trkpt lat="50.886559" lon="14.231875"><ele>141</ele></trkpt>
   <trkpt lat="50.886082" lon="14.232275"><ele>143</ele></trkpt>
   <trkpt lat="50.885604" lon="14.232656"><ele>142.5</ele></trkpt>
   <trkpt lat="50.885451" lon="14.232764"><ele>142.25</ele></trkpt>
   <trkpt lat="50.885361" lon="14.23283"><ele>141.75</ele></trkpt>
   <trkpt lat="50.885325" lon="14.232853"><ele>141.75</ele></trkpt>
   <trkpt lat="50.88478" lon="14.233199"><ele>138.75</ele></trkpt>
   <trkpt lat="50.884164" lon="14.233556"><ele>139.25</ele></trkpt>
   <trkpt lat="50.883844" lon="14.233727"><ele>142</ele></trkpt>
   <trkpt lat="50.883445" lon="14.233924"><ele>143.75</ele></trkpt>
   <trkpt lat="50.88334" lon="14.23397"><ele>144</ele></trkpt>
   <trkpt lat="50.882108" lon="14.234492"><ele>146.75</ele></trkpt>
   <trkpt lat="50.881423" lon="14.234735"><ele>144.75</ele></trkpt>
   <trkpt lat="50.881108" lon="14.234833"><ele>144.25</ele></trkpt>
   <trkpt lat="50.880592" lon="14.234966"><ele>144.5</ele></trkpt>
   <trkpt lat="50.880279" lon="14.235028"><ele>145.75</ele></trkpt>
   <trkpt lat="50.879833" lon="14.235102"><ele>147.75</ele></trkpt>
   <trkpt lat="50.879746" lon="14.23511"><ele>148</ele></trkpt>
   <trkpt lat="50.879117" lon="14.235157"><ele>148.75</ele></trkpt>
   <trkpt lat="50.878834" lon="14.235157"><ele>147.25</ele></trkpt>
   <trkpt lat="50.878585" lon="14.235157"><ele>145.75</ele></trkpt>
   <trkpt lat="50.878263" lon="14.235137"><ele>144.5</ele></trkpt>
   <trkpt lat="50.878193" lon="14.235133"><ele>144.25</ele></trkpt>
   <trkpt lat="50.877781" lon="14.235146"><ele>142.25</ele></trkpt>
   <trkpt lat="50.877475" lon="14.235102"><ele>141.5</ele></trkpt>
   <trkpt lat="50.876904" lon="14.234993"><ele>140.25</ele></trkpt>
   <trkpt lat="50.876846" lon="14.234979"><ele>140.75</ele></trkpt>
   <trkpt lat="50.876514" lon="14.234895"><ele>141.25</ele></trkpt>
   <trkpt lat="50.876117" lon="14.234784"><ele>140.5</ele></trkpt>
   <trkpt lat="50.87578" lon="14.23467"><ele>141</ele></trkpt>
   <trkpt lat="50.875307" lon="14.234476"><ele>144.25</ele></trkpt>
   <trkpt lat="50.875242" lon="14.234446"><ele>144.75</ele></trkpt>
   <trkpt lat="50.875211" lon="14.23443"><ele>145</ele></trkpt>
   <trkpt lat="50.874855" lon="14.234264"><ele>147.25</ele></trkpt>
   <trkpt lat="50.87443" lon="14.23404"><ele>147.5</ele></trkpt>
   <trkpt lat="50.873996" lon="14.233795"><ele>145.75</ele></trkpt>
   <trkpt lat="50.873584" lon="14.233509"><ele>142.25</ele></trkpt>
   <trkpt lat="50.873184" lon="14.233274"><ele>137.75</ele></trkpt>
   <trkpt lat="50.872446" lon="14.232877"><ele>142.25</ele></trkpt>
   <trkpt lat="50.871397" lon="14.232283"><ele>148.5</ele></trkpt>
   <trkpt lat="50.870715" lon="14.231868"><ele>142.5</ele></trkpt>
   <trkpt lat="50.870234" lon="14.231537"><ele>141.5</ele></trkpt>
   <trkpt lat="50.869668" lon="14.231093"><ele>150.25</ele></trkpt>
   <trkpt lat="50.868965" lon="14.230478"><ele>154.25</ele></trkpt>
   <trkpt lat="50.868487" lon="14.23003"><ele>145.5</ele></trkpt>
   <trkpt lat="50.868429" lon="14.229979"><ele>144.25</ele></trkpt>
   <trkpt lat="50.867229" lon="14.228908"><ele>146.75</ele></trkpt>
   <trkpt lat="50.867176" lon="14.22886"><ele>146.5</ele></trkpt>
   <trkpt lat="50.864617" lon="14.226568"><ele>143.25</ele></trkpt>
   <trkpt lat="50.864544" lon="14.226503"><ele>144</ele></trkpt>
   <trkpt lat="50.862113" lon="14.224339"><ele>155.5</ele></trkpt>
   <trkpt lat="50.861788" lon="14.22404"><ele>155.75</ele></trkpt>
   <trkpt lat="50.861147" lon="14.223518"><ele>152.5</ele></trkpt>
   <trkpt lat="50.86063" lon="14.223111"><ele>148.25</ele></trkpt>
   <trkpt lat="50.860617" lon="14.223102"><ele>148</ele></trkpt>
   <trkpt lat="50.859666" lon="14.22239"><ele>142</ele></trkpt>
   <trkpt lat="50.859655" lon="14.222382"><ele>142</ele></trkpt>
   <trkpt lat="50.859532" lon="14.222292"><ele>141.5</ele></trkpt>
   <trkpt lat="50.859489" lon="14.22226"><ele>140.75</ele></trkpt>
   <trkpt lat="50.859455" lon="14.222235"><ele>140</ele></trkpt>
   <trkpt lat="50.8594" lon="14.222193"><ele>139.25</ele></trkpt>
   <trkpt lat="50.859287" lon="14.222111"><ele>139.25</ele></trkpt>
   <trkpt lat="50.858908" lon="14.22183"><ele>136.75</ele></trkpt>
   <trkpt lat="50.858406" lon="14.221458"><ele>142.25</ele></trkpt>
   <trkpt lat="50.857478" lon="14.220805"><ele>153.5</ele></trkpt>
   <trkpt lat="50.856523" lon="14.220158"><ele>148</ele></trkpt>
   <trkpt lat="50.85605" lon="14.219817"><ele>147.5</ele></trkpt>
   <trkpt lat="50.855589" lon="14.219466"><ele>150.75</ele></trkpt>
   <trkpt lat="50.854883" lon="14.218928"><ele>149.5</ele></trkpt>
   <trkpt lat="50.85479" lon="14.218859"><ele>149.25</ele></trkpt>
   <trkpt lat="50.854154" lon="14.218373"><ele>142.25</ele></trkpt>
   <trkpt lat="50.853571" lon="14.217931"><ele>147.5</ele></trkpt>
   <trkpt lat="50.853426" lon="14.217821"><ele>148</ele></trkpt>
   <trkpt lat="50.853279" lon="14.217708"><ele>148.75</ele></trkpt>
   <trkpt lat="50.852692" lon="14.217258"><ele>148.75</ele></trkpt>
   <trkpt lat="50.852206" lon="14.216885"><ele>146.5</ele></trkpt>
   <trkpt lat="50.851681" lon="14.216478"><ele>147</ele></trkpt>
   <trkpt lat="50.851195" lon="14.216119"><ele>153</ele></trkpt>
   <trkpt lat="50.850734" lon="14.215806"><ele>155</ele></trkpt>
   <trkpt lat="50.850533" lon="14.215682"><ele>154.75</ele></trkpt>
   <trkpt lat="50.850306" lon="14.21556"><ele>153.25</ele></trkpt>
   <trkpt lat="50.849884" lon="14.215354"><ele>149.75</ele></trkpt>
   <trkpt lat="50.849643" lon="14.215257"><ele>148.5</ele></trkpt>
   <trkpt lat="50.849396" lon="14.215173"><ele>146.5</ele></trkpt>
   <trkpt lat="50.848978" lon="14.215058"><ele>144.25</ele></trkpt>
   <trkpt lat="50.84877" lon="14.215015"><ele>144.25</ele></trkpt>
   <trkpt lat="50.848232" lon="14.214946"><ele>145.25</ele></trkpt>
   <trkpt lat="50.847853" lon="14.214933"><ele>144.25</ele></trkpt>
   <trkpt lat="50.847769" lon="14.214936"><ele>143.75</ele></trkpt>
   <trkpt lat="50.847326" lon="14.214949"><ele>141.75</ele></trkpt>
   <trkpt lat="50.846893" lon="14.215016"><ele>138.25</ele></trkpt>
   <trkpt lat="50.846658" lon="14.215065"><ele>137.5</ele></trkpt>
   <trkpt lat="50.846479" lon="14.215118"><ele>138</ele></trkpt>
   <trkpt lat="50.846299" lon="14.215185"><ele>138.5</ele></trkpt>
   <trkpt lat="50.845841" lon="14.215381"><ele>139.25</ele></trkpt>
   <trkpt lat="50.844726" lon="14.215938"><ele>145</ele></trkpt>
   <trkpt lat="50.844189" lon="14.216208"><ele>140</ele></trkpt>
   <trkpt lat="50.844009" lon="14.216302"><ele>138.25</ele></trkpt>
   <trkpt lat="50.843895" lon="14.216357"><ele>137.5</ele></trkpt>
   <trkpt lat="50.843687" lon="14.216465"><ele>135</ele></trkpt>
   <trkpt lat="50.843673" lon="14.216471"><ele>135</ele></trkpt>
   <trkpt lat="50.843277" lon="14.216679"><ele>133.25</ele></trkpt>
   <trkpt lat="50.843256" lon="14.216689"><ele>133</ele></trkpt>
   <trkpt lat="50.842981" lon="14.21683"><ele>132</ele></trkpt>
   <trkpt lat="50.842784" lon="14.216928"><ele>132</ele></trkpt>
   <trkpt lat="50.842548" lon="14.21705"><ele>132.5</ele></trkpt>
   <trkpt lat="50.842306" lon="14.217188"><ele>133.75</ele></trkpt>
   <trkpt lat="50.842042" lon="14.217359"><ele>135.25</ele></trkpt>
   <trkpt lat="50.841672" lon="14.217639"><ele>136.25</ele></trkpt>
   <trkpt lat="50.841348" lon="14.217926"><ele>140.5</ele></trkpt>
   <trkpt lat="50.841151" lon="14.21812"><ele>142</ele></trkpt>
   <trkpt lat="50.840977" lon="14.218314"><ele>142.25</ele></trkpt>
   <trkpt lat="50.840638" lon="14.218713"><ele>146.5</ele></trkpt>
   <trkpt lat="50.840284" lon="14.219179"><ele>147.5</ele></trkpt>
   <trkpt lat="50.83913" lon="14.22077"><ele>138.5</ele></trkpt>
   <trkpt lat="50.838807" lon="14.221214"><ele>137.5</ele></trkpt>
   <trkpt lat="50.838713" lon="14.221343"><ele>137</ele></trkpt>
   <trkpt lat="50.837853" lon="14.22253"><ele>139</ele></trkpt>
   <trkpt lat="50.837292" lon="14.223306"><ele>136.25</ele></trkpt>
   <trkpt lat="50.837241" lon="14.22338"><ele>136</ele></trkpt>
   <trkpt lat="50.837072" lon="14.22361"><ele>135.75</ele></trkpt>
   <trkpt lat="50.836669" lon="14.224132"><ele>134.25</ele></trkpt>
   <trkpt lat="50.836495" lon="14.224334"><ele>134</ele></trkpt>
   <trkpt lat="50.836305" lon="14.224534"><ele>133.75</ele></trkpt>
   <trkpt lat="50.836232" lon="14.2246"><ele>133.5</ele></trkpt>
   <trkpt lat="50.836109" lon="14.224709"><ele>133.5</ele></trkpt>
   <trkpt lat="50.835951" lon="14.224852"><ele>133</ele></trkpt>
   <trkpt lat="50.83556" lon="14.225147"><ele>134.5</ele></trkpt>
   <trkpt lat="50.835121" lon="14.225412"><ele>137.5</ele></trkpt>
   <trkpt lat="50.834608" lon="14.225681"><ele>142</ele></trkpt>
   <trkpt lat="50.833682" lon="14.226121"><ele>144.25</ele></trkpt>
   <trkpt lat="50.833288" lon="14.226257"><ele>145.5</ele></trkpt>
   <trkpt lat="50.832905" lon="14.22634"><ele>145</ele></trkpt>
   <trkpt lat="50.832502" lon="14.226361"><ele>146.25</ele></trkpt>
   <trkpt lat="50.832086" lon="14.226334"><ele>142.75</ele></trkpt>
   <trkpt lat="50.831711" lon="14.226254"><ele>142.25</ele></trkpt>
   <trkpt lat="50.831335" lon="14.226131"><ele>145.5</ele></trkpt>
   <trkpt lat="50.830945" lon="14.225946"><ele>150.5</ele></trkpt>
   <trkpt lat="50.830258" lon="14.225557"><ele>155.5</ele></trkpt>
   <trkpt lat="50.83013" lon="14.225485"><ele>155.75</ele></trkpt>
   <trkpt lat="50.829458" lon="14.225107"><ele>154</ele></trkpt>
   <trkpt lat="50.828906" lon="14.224783"><ele>156.25</ele></trkpt>
   <trkpt lat="50.828876" lon="14.224769"><ele>156.5</ele></trkpt>
   <trkpt lat="50.82842" lon="14.224519"><ele>159.25</ele></trkpt>
   <trkpt lat="50.827873" lon="14.22427"><ele>158.5</ele></trkpt>
   <trkpt lat="50.827729" lon="14.224213"><ele>157.75</ele></trkpt>
   <trkpt lat="50.827305" lon="14.224049"><ele>156.75</ele></trkpt>
   <trkpt lat="50.827161" lon="14.223995"><ele>156.75</ele></trkpt>
   <trkpt lat="50.826897" lon="14.223897"><ele>156.25</ele></trkpt>
   <trkpt lat="50.824515" lon="14.223014"><ele>147.75</ele></trkpt>
   <trkpt lat="50.824021" lon="14.222818"><ele>148.5</ele></trkpt>
   <trkpt lat="50.82351" lon="14.222629"><ele>151.25</ele></trkpt>
   <trkpt lat="50.823325" lon="14.222568"><ele>152</ele></trkpt>
   <trkpt lat="50.822962" lon="14.222451"><ele>154.25</ele></trkpt>
   <trkpt lat="50.820614" lon="14.221763"><ele>149.5</ele></trkpt>
   <trkpt lat="50.819456" lon="14.221425"><ele>148.25</ele></trkpt>
   <trkpt lat="50.819329" lon="14.221388"><ele>148.75</ele></trkpt>
   <trkpt lat="50.818866" lon="14.221274"><ele>150</ele></trkpt>
   <trkpt lat="50.818631" lon="14.221239"><ele>149.75</ele></trkpt>
   <trkpt lat="50.818381" lon="14.221219"><ele>148.75</ele></trkpt>
   <trkpt lat="50.817835" lon="14.221265"><ele>147.25</ele></trkpt>
   <trkpt lat="50.817467" lon="14.221344"><ele>144.5</ele></trkpt>
   <trkpt lat="50.817045" lon="14.221461"><ele>140.75</ele></trkpt>
   <trkpt lat="50.816681" lon="14.22158"><ele>137.5</ele></trkpt>
   <trkpt lat="50.816501" lon="14.221638"><ele>135.75</ele></trkpt>
   <trkpt lat="50.815898" lon="14.221819"><ele>134.5</ele></trkpt>
   <trkpt lat="50.815414" lon="14.222"><ele>139.75</ele></trkpt>
   <trkpt lat="50.81518" lon="14.222102"><ele>141.75</ele></trkpt>
   <trkpt lat="50.814932" lon="14.222216"><ele>143.5</ele></trkpt>
   <trkpt lat="50.814474" lon="14.222469"><ele>145.25</ele></trkpt>
   <trkpt lat="50.814305" lon="14.222582"><ele>144.75</ele></trkpt>
   <trkpt lat="50.814065" lon="14.22275"><ele>143.75</ele></trkpt>
   <trkpt lat="50.813619" lon="14.223097"><ele>141.25</ele></trkpt>
   <trkpt lat="50.813342" lon="14.223348"><ele>138.5</ele></trkpt>
   <trkpt lat="50.813318" lon="14.223367"><ele>139.25</ele></trkpt>
   <trkpt lat="50.813167" lon="14.223506"><ele>143.75</ele></trkpt>
   <trkpt lat="50.812767" lon="14.223936"><ele>150</ele></trkpt>
   <trkpt lat="50.812353" lon="14.224429"><ele>148.5</ele></trkpt>
   <trkpt lat="50.81105" lon="14.226113"><ele>138.25</ele></trkpt>
   <trkpt lat="50.810744" lon="14.226511"><ele>134.5</ele></trkpt>
   <trkpt lat="50.810622" lon="14.226662"><ele>133.5</ele></trkpt>
   <trkpt lat="50.809954" lon="14.227529"><ele>135.25</ele></trkpt>
   <trkpt lat="50.809845" lon="14.227668"><ele>135.25</ele></trkpt>
   <trkpt lat="50.809604" lon="14.227973"><ele>135</ele></trkpt>
   <trkpt lat="50.808861" lon="14.228929"><ele>136</ele></trkpt>
   <trkpt lat="50.808775" lon="14.229042"><ele>136</ele></trkpt>
   <trkpt lat="50.808262" lon="14.229706"><ele>134</ele></trkpt>
   <trkpt lat="50.807557" lon="14.230627"><ele>137.75</ele></trkpt>
   <trkpt lat="50.807322" lon="14.230919"><ele>138.25</ele></trkpt>
   <trkpt lat="50.807068" lon="14.231208"><ele>137.75</ele></trkpt>
   <trkpt lat="50.80682" lon="14.231479"><ele>136.5</ele></trkpt>
   <trkpt lat="50.806344" lon="14.231966"><ele>135.75</ele></trkpt>
   <trkpt lat="50.805877" lon="14.23238"><ele>135.75</ele></trkpt>
   <trkpt lat="50.805426" lon="14.23274"><ele>136.5</ele></trkpt>
   <trkpt lat="50.804894" lon="14.23311"><ele>136.25</ele></trkpt>
   <trkpt lat="50.804318" lon="14.233454"><ele>138.25</ele></trkpt>
   <trkpt lat="50.80381" lon="14.23371"><ele>139.25</ele></trkpt>
   <trkpt lat="50.803276" lon="14.233935"><ele>139.25</ele></trkpt>
   <trkpt lat="50.802983" lon="14.234045"><ele>139.25</ele></trkpt>
   <trkpt lat="50.802697" lon="14.234139"><ele>139.25</ele></trkpt>
   <trkpt lat="50.80231" lon="14.234251"><ele>139</ele></trkpt>
   <trkpt lat="50.802006" lon="14.234329"><ele>138.25</ele></trkpt>
   <trkpt lat="50.801821" lon="14.234367"><ele>138</ele></trkpt>
   <trkpt lat="50.80124" lon="14.234471"><ele>138</ele></trkpt>
   <trkpt lat="50.80099" lon="14.2345"><ele>138.25</ele></trkpt>
   <trkpt lat="50.800576" lon="14.234528"><ele>138.5</ele></trkpt>
   <trkpt lat="50.800212" lon="14.234532"><ele>138.5</ele></trkpt>
   <trkpt lat="50.799951" lon="14.23452"><ele>139</ele></trkpt>
   <trkpt lat="50.799191" lon="14.234386"><ele>140.5</ele></trkpt>
   <trkpt lat="50.798633" lon="14.234208"><ele>141.25</ele></trkpt>
   <trkpt lat="50.798134" lon="14.234007"><ele>142</ele></trkpt>
   <trkpt lat="50.797548" lon="14.233797"><ele>141.25</ele></trkpt>
   <trkpt lat="50.797307" lon="14.23369"><ele>141.25</ele></trkpt>
   <trkpt lat="50.797097" lon="14.233584"><ele>141.25</ele></trkpt>
   <trkpt lat="50.796864" lon="14.233458"><ele>141</ele></trkpt>
   <trkpt lat="50.796636" lon="14.233322"><ele>141</ele></trkpt>
   <trkpt lat="50.796413" lon="14.233171"><ele>142</ele></trkpt>
   <trkpt lat="50.795947" lon="14.232826"><ele>143.25</ele></trkpt>
   <trkpt lat="50.795725" lon="14.232641"><ele>143.5</ele></trkpt>
   <trkpt lat="50.795516" lon="14.232449"><ele>143.75</ele></trkpt>
   <trkpt lat="50.79509" lon="14.232026"><ele>142.25</ele></trkpt>
   <trkpt lat="50.794239" lon="14.231075"><ele>142.75</ele></trkpt>
   <trkpt lat="50.793524" lon="14.230292"><ele>140.5</ele></trkpt>
   <trkpt lat="50.793353" lon="14.230114"><ele>138.5</ele></trkpt>
   <trkpt lat="50.792972" lon="14.229774"><ele>140</ele></trkpt>
   <trkpt lat="50.792609" lon="14.229458"><ele>140.75</ele></trkpt>
   <trkpt lat="50.792189" lon="14.229059"><ele>140.75</ele></trkpt>
   <trkpt lat="50.791867" lon="14.22872"><ele>140</ele></trkpt>
   <trkpt lat="50.791549" lon="14.22841"><ele>138.25</ele></trkpt>
   <trkpt lat="50.791273" lon="14.228161"><ele>137.75</ele></trkpt>
   <trkpt lat="50.791149" lon="14.228035"><ele>137.75</ele></trkpt>
   <trkpt lat="50.790943" lon="14.227816"><ele>138.25</ele></trkpt>
   <trkpt lat="50.790327" lon="14.227146"><ele>138</ele></trkpt>
   <trkpt lat="50.790209" lon="14.227009"><ele>137.75</ele></trkpt>
   <trkpt lat="50.790091" lon="14.226869"><ele>137.5</ele></trkpt>
   <trkpt lat="50.789937" lon="14.226662"><ele>137</ele></trkpt>
   <trkpt lat="50.789786" lon="14.226441"><ele>140</ele></trkpt>
   <trkpt lat="50.789602" lon="14.226174"><ele>142</ele></trkpt>
   <trkpt lat="50.789455" lon="14.225917"><ele>143</ele></trkpt>
   <trkpt lat="50.789303" lon="14.225632"><ele>142.5</ele></trkpt>
   <trkpt lat="50.789074" lon="14.225134"><ele>141</ele></trkpt>
   <trkpt lat="50.788964" lon="14.224868"><ele>141.5</ele></trkpt>
   <trkpt lat="50.788848" lon="14.224562"><ele>142.5</ele></trkpt>
   <trkpt lat="50.788737" lon="14.224231"><ele>143.25</ele></trkpt>
   <trkpt lat="50.788635" lon="14.223898"><ele>143.25</ele></trkpt>
   <trkpt lat="50.788539" lon="14.223509"><ele>143.5</ele></trkpt>
   <trkpt lat="50.788467" lon="14.223188"><ele>143.75</ele></trkpt>
   <trkpt lat="50.788225" lon="14.222044"><ele>147.25</ele></trkpt>
   <trkpt lat="50.787555" lon="14.218839"><ele>149.5</ele></trkpt>
   <trkpt lat="50.787053" lon="14.216455"><ele>154.5</ele></trkpt>
   <trkpt lat="50.786912" lon="14.215754"><ele>152.25</ele></trkpt>
   <trkpt lat="50.786756" lon="14.215038"><ele>149</ele></trkpt>
   <trkpt lat="50.786462" lon="14.213624"><ele>146.75</ele></trkpt>
   <trkpt lat="50.786234" lon="14.212506"><ele>149.75</ele></trkpt>
   <trkpt lat="50.78606" lon="14.211853"><ele>147.75</ele></trkpt>
   <trkpt lat="50.785932" lon="14.211446"><ele>146</ele></trkpt>
   <trkpt lat="50.785776" lon="14.211009"><ele>145.5</ele></trkpt>
   <trkpt lat="50.785606" lon="14.210588"><ele>146.25</ele></trkpt>
   <trkpt lat="50.785411" lon="14.210134"><ele>145.5</ele></trkpt>
   <trkpt lat="50.785265" lon="14.209846"><ele>144.5</ele></trkpt>
   <trkpt lat="50.784961" lon="14.209308"><ele>144.25</ele></trkpt>
   <trkpt lat="50.78469" lon="14.208905"><ele>146.5</ele></trkpt>
   <trkpt lat="50.784356" lon="14.208472"><ele>147.75</ele></trkpt>
   <trkpt lat="50.784196" lon="14.208291"><ele>149</ele></trkpt>
   <trkpt lat="50.784008" lon="14.208094"><ele>152.5</ele></trkpt>
   <trkpt lat="50.783837" lon="14.207929"><ele>154.75</ele></trkpt>
   <trkpt lat="50.783467" lon="14.207602"><ele>158.25</ele></trkpt>
   <trkpt lat="50.783308" lon="14.20748"><ele>159.25</ele></trkpt>
   <trkpt lat="50.783144" lon="14.207354"><ele>161</ele></trkpt>
   <trkpt lat="50.781944" lon="14.206438"><ele>147.25</ele></trkpt>
   <trkpt lat="50.781461" lon="14.206058"><ele>140.25</ele></trkpt>
   <trkpt lat="50.780688" lon="14.205452"><ele>147.5</ele></trkpt>
   <trkpt lat="50.780481" lon="14.205294"><ele>148</ele></trkpt>
   <trkpt lat="50.77993" lon="14.204877"><ele>150</ele></trkpt>
   <trkpt lat="50.778206" lon="14.203534"><ele>155.75</ele></trkpt>
   <trkpt lat="50.777848" lon="14.203252"><ele>155.75</ele></trkpt>
   <trkpt lat="50.777619" lon="14.203085"><ele>147.25</ele></trkpt>
   <trkpt lat="50.777526" lon="14.203019"><ele>144</ele></trkpt>
   <trkpt lat="50.777436" lon="14.202949"><ele>143.25</ele></trkpt>
   <trkpt lat="50.77711" lon="14.202721"><ele>141.25</ele></trkpt>
   <trkpt lat="50.776979" lon="14.202629"><ele>139.75</ele></trkpt>
   <trkpt lat="50.776759" lon="14.202519"><ele>136</ele></trkpt>
   <trkpt lat="50.776479" lon="14.202402"><ele>134.5</ele></trkpt>
   <trkpt lat="50.776345" lon="14.202344"><ele>134.75</ele></trkpt>
   <trkpt lat="50.775946" lon="14.202109"><ele>135</ele></trkpt>
   <trkpt lat="50.775869" lon="14.202075"><ele>135</ele></trkpt>
   <trkpt lat="50.774811" lon="14.201618"><ele>135.5</ele></trkpt>
   <trkpt lat="50.774655" lon="14.20155"><ele>135.5</ele></trkpt>
   <trkpt lat="50.773551" lon="14.201073"><ele>135.25</ele></trkpt>
   <trkpt lat="50.771694" lon="14.200277"><ele>130.75</ele></trkpt>
   <trkpt lat="50.771552" lon="14.200217"><ele>130.75</ele></trkpt>
   <trkpt lat="50.771149" lon="14.200048"><ele>132</ele></trkpt>
   <trkpt lat="50.770604" lon="14.199811"><ele>133.25</ele></trkpt>
   <trkpt lat="50.770395" lon="14.19972"><ele>133.5</ele></trkpt>
   <trkpt lat="50.770065" lon="14.199577"><ele>134.25</ele></trkpt>
   <trkpt lat="50.769699" lon="14.199431"><ele>134.75</ele></trkpt>
   <trkpt lat="50.768358" lon="14.198843"><ele>135</ele></trkpt>
   <trkpt lat="50.767895" lon="14.198644"><ele>135.25</ele></trkpt>
   <trkpt lat="50.76771" lon="14.198565"><ele>135.5</ele></trkpt>
   <trkpt lat="50.766518" lon="14.198052"><ele>135.5</ele></trkpt>
   <trkpt lat="50.766341" lon="14.197974"><ele>135.5</ele></trkpt>
   <trkpt lat="50.766029" lon="14.197842"><ele>135.75</ele></trkpt>
   <trkpt lat="50.765709" lon="14.197705"><ele>135.75</ele></trkpt>
   <trkpt lat="50.765345" lon="14.197467"><ele>135.25</ele></trkpt>
   <trkpt lat="50.760858" lon="14.195536"><ele>136</ele></trkpt>
   <trkpt lat="50.760559" lon="14.195425"><ele>136</ele></trkpt>
   <trkpt lat="50.760104" lon="14.195133"><ele>136</ele></trkpt>
   <trkpt lat="50.75998" lon="14.195048"><ele>136</ele></trkpt>
   <trkpt lat="50.759726" lon="14.194858"><ele>136</ele></trkpt>
   <trkpt lat="50.75935" lon="14.194632"><ele>136.25</ele></trkpt>
   <trkpt lat="50.75917" lon="14.194495"><ele>136.5</ele></trkpt>
   <trkpt lat="50.758807" lon="14.194149"><ele>135.5</ele></trkpt>
   <trkpt lat="50.758538" lon="14.193914"><ele>135.5</ele></trkpt>
   <trkpt lat="50.758401" lon="14.193789"><ele>135.5</ele></trkpt>
   <trkpt lat="50.758278" lon="14.193643"><ele>135.75</ele></trkpt>
   <trkpt lat="50.75801" lon="14.193322"><ele>135.75</ele></trkpt>
   <trkpt lat="50.757696" lon="14.192903"><ele>137</ele></trkpt>
   <trkpt lat="50.757488" lon="14.192606"><ele>137.25</ele></trkpt>
   <trkpt lat="50.757153" lon="14.192074"><ele>136.25</ele></trkpt>
   <trkpt lat="50.756828" lon="14.191507"><ele>134.75</ele></trkpt>
   <trkpt lat="50.756652" lon="14.191183"><ele>133.5</ele></trkpt>
   <trkpt lat="50.756155" lon="14.190267"><ele>132</ele></trkpt>
   <trkpt lat="50.756036" lon="14.190048"><ele>131.75</ele></trkpt>
   <trkpt lat="50.756003" lon="14.189987"><ele>131.75</ele></trkpt>
   <trkpt lat="50.755697" lon="14.189425"><ele>133.75</ele></trkpt>
   <trkpt lat="50.755053" lon="14.188255"><ele>134.75</ele></trkpt>
   <trkpt lat="50.75468" lon="14.187612"><ele>136</ele></trkpt>
   <trkpt lat="50.754288" lon="14.186969"><ele>135.25</ele></trkpt>
   <trkpt lat="50.753968" lon="14.186479"><ele>135</ele></trkpt>
   <trkpt lat="50.75378" lon="14.186209"><ele>135.5</ele></trkpt>
   <trkpt lat="50.753613" lon="14.185968"><ele>135.75</ele></trkpt>
   <trkpt lat="50.753327" lon="14.185571"><ele>135.5</ele></trkpt>
   <trkpt lat="50.752882" lon="14.185008"><ele>134.75</ele></trkpt>
   <trkpt lat="50.75267" lon="14.184758"><ele>134.75</ele></trkpt>
   <trkpt lat="50.752292" lon="14.18433"><ele>134.5</ele></trkpt>
   <trkpt lat="50.751955" lon="14.183979"><ele>134.25</ele></trkpt>
   <trkpt lat="50.751699" lon="14.18373"><ele>133.5</ele></trkpt>
   <trkpt lat="50.75158" lon="14.183611"><ele>133.5</ele></trkpt>
   <trkpt lat="50.75134" lon="14.183388"><ele>133.75</ele></trkpt>
   <trkpt lat="50.751118" lon="14.183197"><ele>135</ele></trkpt>
   <trkpt lat="50.750891" lon="14.182999"><ele>136.25</ele></trkpt>
   <trkpt lat="50.75047" lon="14.182668"><ele>135.75</ele></trkpt>
   <trkpt lat="50.750223" lon="14.182484"><ele>135.5</ele></trkpt>
   <trkpt lat="50.749986" lon="14.182315"><ele>135.5</ele></trkpt>
   <trkpt lat="50.749495" lon="14.181998"><ele>136.5</ele></trkpt>
   <trkpt lat="50.74898" lon="14.181696"><ele>136</ele></trkpt>
   <trkpt lat="50.748647" lon="14.181526"><ele>136</ele></trkpt>
   <trkpt lat="50.747968" lon="14.181227"><ele>136.5</ele></trkpt>
   <trkpt lat="50.747673" lon="14.181119"><ele>137</ele></trkpt>
   <trkpt lat="50.74711" lon="14.18093"><ele>136.25</ele></trkpt>
   <trkpt lat="50.746578" lon="14.180787"><ele>135</ele></trkpt>
   <trkpt lat="50.746062" lon="14.18068"><ele>133.75</ele></trkpt>
   <trkpt lat="50.745822" lon="14.180636"><ele>133.25</ele></trkpt>
   <trkpt lat="50.745559" lon="14.1806"><ele>133.5</ele></trkpt>
   <trkpt lat="50.745292" lon="14.180568"><ele>133.75</ele></trkpt>
   <trkpt lat="50.744176" lon="14.180463"><ele>133</ele></trkpt>
   <trkpt lat="50.739333" lon="14.180063"><ele>133.75</ele></trkpt>
   <trkpt lat="50.738775" lon="14.180015"><ele>134.25</ele></trkpt>
   <trkpt lat="50.737916" lon="14.179951"><ele>135.5</ele></trkpt>
   <trkpt lat="50.737365" lon="14.179922"><ele>135.25</ele></trkpt>
   <trkpt lat="50.737105" lon="14.179917"><ele>135.25</ele></trkpt>
   <trkpt lat="50.736663" lon="14.179926"><ele>135.25</ele></trkpt>
   <trkpt lat="50.73634" lon="14.179949"><ele>135.25</ele></trkpt>
   <trkpt lat="50.736143" lon="14.179968"><ele>135</ele></trkpt>
   <trkpt lat="50.735701" lon="14.180037"><ele>135.25</ele></trkpt>
   <trkpt lat="50.735247" lon="14.180141"><ele>136</ele></trkpt>
   <trkpt lat="50.734791" lon="14.180288"><ele>137</ele></trkpt>
   <trkpt lat="50.734551" lon="14.180378"><ele>137.25</ele></trkpt>
   <trkpt lat="50.734131" lon="14.18056"><ele>137.5</ele></trkpt>
   <trkpt lat="50.733839" lon="14.180706"><ele>136.5</ele></trkpt>
   <trkpt lat="50.733544" lon="14.180866"><ele>135.25</ele></trkpt>
   <trkpt lat="50.733297" lon="14.181015"><ele>134</ele></trkpt>
   <trkpt lat="50.732931" lon="14.181252"><ele>134.75</ele></trkpt>
   <trkpt lat="50.732543" lon="14.18153"><ele>135.75</ele></trkpt>
   <trkpt lat="50.732161" lon="14.181819"><ele>136.75</ele></trkpt>
   <trkpt lat="50.731941" lon="14.181983"><ele>137</ele></trkpt>
   <trkpt lat="50.731584" lon="14.182242"><ele>137</ele></trkpt>
   <trkpt lat="50.730177" lon="14.183296"><ele>134.5</ele></trkpt>
   <trkpt lat="50.729826" lon="14.183561"><ele>134.75</ele></trkpt>
   <trkpt lat="50.728849" lon="14.184295"><ele>134.5</ele></trkpt>
   <trkpt lat="50.728404" lon="14.18462"><ele>134.25</ele></trkpt>
   <trkpt lat="50.728102" lon="14.184831"><ele>136.25</ele></trkpt>
   <trkpt lat="50.727835" lon="14.184989"><ele>138.5</ele></trkpt>
   <trkpt lat="50.727631" lon="14.185096"><ele>140.25</ele></trkpt>
   <trkpt lat="50.727229" lon="14.185258"><ele>143.25</ele></trkpt>
   <trkpt lat="50.726814" lon="14.185381"><ele>145.5</ele></trkpt>
   <trkpt lat="50.72433" lon="14.186009"><ele>151.75</ele></trkpt>
   <trkpt lat="50.723979" lon="14.186115"><ele>151.75</ele></trkpt>
   <trkpt lat="50.723475" lon="14.186302"><ele>149.75</ele></trkpt>
   <trkpt lat="50.722984" lon="14.18654"><ele>143.75</ele></trkpt>
   <trkpt lat="50.722747" lon="14.186671"><ele>140</ele></trkpt>
   <trkpt lat="50.722497" lon="14.186823"><ele>139.5</ele></trkpt>
   <trkpt lat="50.722265" lon="14.186974"><ele>139.25</ele></trkpt>
   <trkpt lat="50.721767" lon="14.187327"><ele>140</ele></trkpt>
   <trkpt lat="50.719" lon="14.189308"><ele>139</ele></trkpt>
   <trkpt lat="50.717471" lon="14.190394"><ele>139</ele></trkpt>
   <trkpt lat="50.715679" lon="14.191682"><ele>139</ele></trkpt>
   <trkpt lat="50.714784" lon="14.192315"><ele>139.5</ele></trkpt>
   <trkpt lat="50.714394" lon="14.19258"><ele>140.5</ele></trkpt>
   <trkpt lat="50.714136" lon="14.192741"><ele>140.5</ele></trkpt>
   <trkpt lat="50.713859" lon="14.192905"><ele>140.75</ele></trkpt>
   <trkpt lat="50.713592" lon="14.193046"><ele>140.5</ele></trkpt>
   <trkpt lat="50.713317" lon="14.193169"><ele>139.75</ele></trkpt>
   <trkpt lat="50.712832" lon="14.193363"><ele>137.75</ele></trkpt>
   <trkpt lat="50.712388" lon="14.193502"><ele>137.75</ele></trkpt>
   <trkpt lat="50.711869" lon="14.193633"><ele>139</ele></trkpt>
   <trkpt lat="50.708111" lon="14.194482"><ele>161.5</ele></trkpt>
   <trkpt lat="50.706598" lon="14.194813"><ele>155.25</ele></trkpt>
   <trkpt lat="50.70526" lon="14.195123"><ele>141</ele></trkpt>
   <trkpt lat="50.705016" lon="14.195174"><ele>139.5</ele></trkpt>
   <trkpt lat="50.704917" lon="14.195196"><ele>140</ele></trkpt>
   <trkpt lat="50.704512" lon="14.195286"><ele>143.25</ele></trkpt>
   <trkpt lat="50.703736" lon="14.195469"><ele>150.25</ele></trkpt>
   <trkpt lat="50.703472" lon="14.19554"><ele>152</ele></trkpt>
   <trkpt lat="50.703216" lon="14.195624"><ele>151.75</ele></trkpt>
   <trkpt lat="50.702961" lon="14.195721"><ele>150</ele></trkpt>
   <trkpt lat="50.70272" lon="14.195824"><ele>147.75</ele></trkpt>
   <trkpt lat="50.702161" lon="14.196094"><ele>145</ele></trkpt>
   <trkpt lat="50.701398" lon="14.196505"><ele>143.25</ele></trkpt>
   <trkpt lat="50.701155" lon="14.196636"><ele>142</ele></trkpt>
   <trkpt lat="50.699397" lon="14.197573"><ele>149.25</ele></trkpt>
   <trkpt lat="50.69896" lon="14.197795"><ele>150</ele></trkpt>
   <trkpt lat="50.698528" lon="14.197987"><ele>149.25</ele></trkpt>
   <trkpt lat="50.698093" lon="14.198129"><ele>148.75</ele></trkpt>
   <trkpt lat="50.697661" lon="14.19822"><ele>148.5</ele></trkpt>
   <trkpt lat="50.697445" lon="14.198249"><ele>148.25</ele></trkpt>
   <trkpt lat="50.697217" lon="14.198267"><ele>147.5</ele></trkpt>
   <trkpt lat="50.69699" lon="14.198273"><ele>147.25</ele></trkpt>
   <trkpt lat="50.696259" lon="14.198253"><ele>148.5</ele></trkpt>
   <trkpt lat="50.695746" lon="14.19822"><ele>149.5</ele></trkpt>
   <trkpt lat="50.695478" lon="14.198204"><ele>148.75</ele></trkpt>
   <trkpt lat="50.695233" lon="14.198178"><ele>148.25</ele></trkpt>
   <trkpt lat="50.695025" lon="14.198144"><ele>148.5</ele></trkpt>
   <trkpt lat="50.694827" lon="14.198109"><ele>148.5</ele></trkpt>
   <trkpt lat="50.694638" lon="14.198058"><ele>149</ele></trkpt>
   <trkpt lat="50.694455" lon="14.197999"><ele>149.75</ele></trkpt>
   <trkpt lat="50.694265" lon="14.197923"><ele>151.25</ele></trkpt>
   <trkpt lat="50.693904" lon="14.197739"><ele>153.25</ele></trkpt>
   <trkpt lat="50.693728" lon="14.197627"><ele>154.25</ele></trkpt>
   <trkpt lat="50.693551" lon="14.197499"><ele>155</ele></trkpt>
   <trkpt lat="50.693216" lon="14.197219"><ele>155.25</ele></trkpt>
   <trkpt lat="50.692904" lon="14.196899"><ele>153.5</ele></trkpt>
   <trkpt lat="50.692603" lon="14.19653"><ele>152</ele></trkpt>
   <trkpt lat="50.692295" lon="14.196101"><ele>156.25</ele></trkpt>
   <trkpt lat="50.691818" lon="14.19538"><ele>158.75</ele></trkpt>
   <trkpt lat="50.691429" lon="14.19483"><ele>158.5</ele></trkpt>
   <trkpt lat="50.689836" lon="14.192665"><ele>159.75</ele></trkpt>
   <trkpt lat="50.689625" lon="14.192349"><ele>160.25</ele></trkpt>
   <trkpt lat="50.689459" lon="14.192084"><ele>159.25</ele></trkpt>
   <trkpt lat="50.689092" lon="14.191464"><ele>156.75</ele></trkpt>
   <trkpt lat="50.688737" lon="14.19079"><ele>160.75</ele></trkpt>
   <trkpt lat="50.688419" lon="14.190102"><ele>157.25</ele></trkpt>
   <trkpt lat="50.688261" lon="14.189743"><ele>155</ele></trkpt>
   <trkpt lat="50.687982" lon="14.189043"><ele>153</ele></trkpt>
   <trkpt lat="50.687852" lon="14.18868"><ele>151.25</ele></trkpt>
   <trkpt lat="50.687653" lon="14.188076"><ele>149</ele></trkpt>
   <trkpt lat="50.687546" lon="14.187726"><ele>149</ele></trkpt>
   <trkpt lat="50.687421" lon="14.187298"><ele>150</ele></trkpt>
   <trkpt lat="50.68724" lon="14.186591"><ele>151.75</ele></trkpt>
   <trkpt lat="50.68706" lon="14.185783"><ele>154.25</ele></trkpt>
   <trkpt lat="50.686983" lon="14.185381"><ele>154.5</ele></trkpt>
   <trkpt lat="50.686844" lon="14.184551"><ele>154</ele></trkpt>
   <trkpt lat="50.686786" lon="14.184132"><ele>154.25</ele></trkpt>
   <trkpt lat="50.686458" lon="14.181329"><ele>151.75</ele></trkpt>
   <trkpt lat="50.686385" lon="14.180824"><ele>151.25</ele></trkpt>
   <trkpt lat="50.686328" lon="14.180483"><ele>151</ele></trkpt>
   <trkpt lat="50.686174" lon="14.179747"><ele>150.25</ele></trkpt>
   <trkpt lat="50.686079" lon="14.179368"><ele>150</ele></trkpt>
   <trkpt lat="50.685984" lon="14.179022"><ele>150</ele></trkpt>
   <trkpt lat="50.685883" lon="14.178686"><ele>150.25</ele></trkpt>
   <trkpt lat="50.685771" lon="14.178349"><ele>150</ele></trkpt>
   <trkpt lat="50.685544" lon="14.177739"><ele>157.25</ele></trkpt>
   <trkpt lat="50.684975" lon="14.176307"><ele>156</ele></trkpt>
   <trkpt lat="50.684811" lon="14.175868"><ele>158</ele></trkpt>
   <trkpt lat="50.684639" lon="14.175355"><ele>158</ele></trkpt>
   <trkpt lat="50.684416" lon="14.174598"><ele>157.5</ele></trkpt>
   <trkpt lat="50.683648" lon="14.171856"><ele>163.75</ele></trkpt>
   <trkpt lat="50.683458" lon="14.171225"><ele>163.25</ele></trkpt>
   <trkpt lat="50.68328" lon="14.170735"><ele>161.5</ele></trkpt>
   <trkpt lat="50.683077" lon="14.170271"><ele>160</ele></trkpt>
   <trkpt lat="50.682959" lon="14.170034"><ele>157.5</ele></trkpt>
   <trkpt lat="50.682835" lon="14.169808"><ele>157</ele></trkpt>
   <trkpt lat="50.682701" lon="14.169583"><ele>157.5</ele></trkpt>
   <trkpt lat="50.682573" lon="14.16939"><ele>158</ele></trkpt>
   <trkpt lat="50.682291" lon="14.169014"><ele>161</ele></trkpt>
   <trkpt lat="50.68213" lon="14.168825"><ele>161</ele></trkpt>
   <trkpt lat="50.68181" lon="14.168485"><ele>157.75</ele></trkpt>
   <trkpt lat="50.680903" lon="14.167593"><ele>156.5</ele></trkpt>
   <trkpt lat="50.679997" lon="14.166726"><ele>157.75</ele></trkpt>
   <trkpt lat="50.679415" lon="14.166184"><ele>158.5</ele></trkpt>
   <trkpt lat="50.679212" lon="14.166011"><ele>158.5</ele></trkpt>
   <trkpt lat="50.678828" lon="14.165728"><ele>161</ele></trkpt>
   <trkpt lat="50.678601" lon="14.165583"><ele>161</ele></trkpt>
   <trkpt lat="50.678385" lon="14.165458"><ele>160.25</ele></trkpt>
   <trkpt lat="50.677945" lon="14.165245"><ele>156.25</ele></trkpt>
   <trkpt lat="50.677718" lon="14.165152"><ele>153</ele></trkpt>
   <trkpt lat="50.677021" lon="14.164895"><ele>148.75</ele></trkpt>
   <trkpt lat="50.675562" lon="14.16438"><ele>147</ele></trkpt>
   <trkpt lat="50.675266" lon="14.164268"><ele>147.25</ele></trkpt>
   <trkpt lat="50.67499" lon="14.164152"><ele>147</ele></trkpt>
   <trkpt lat="50.674593" lon="14.163952"><ele>145</ele></trkpt>
   <trkpt lat="50.674432" lon="14.163848"><ele>144</ele></trkpt>
   <trkpt lat="50.674101" lon="14.163618"><ele>141.75</ele></trkpt>
   <trkpt lat="50.673788" lon="14.163369"><ele>141.5</ele></trkpt>
   <trkpt lat="50.67346" lon="14.163068"><ele>141.25</ele></trkpt>
   <trkpt lat="50.673254" lon="14.162854"><ele>141.5</ele></trkpt>
   <trkpt lat="50.673236" lon="14.162832"><ele>141.5</ele></trkpt>
   <trkpt lat="50.673035" lon="14.16261"><ele>141.75</ele></trkpt>
   <trkpt lat="50.672892" lon="14.162436"><ele>142</ele></trkpt>
   <trkpt lat="50.672745" lon="14.162237"><ele>142</ele></trkpt>
   <trkpt lat="50.67258" lon="14.161977"><ele>142.25</ele></trkpt>
   <trkpt lat="50.672301" lon="14.161483"><ele>142.75</ele></trkpt>
   <trkpt lat="50.67214" lon="14.1612"><ele>143</ele></trkpt>
   <trkpt lat="50.671919" lon="14.160763"><ele>143.25</ele></trkpt>
   <trkpt lat="50.671767" lon="14.160378"><ele>143.5</ele></trkpt>
   <trkpt lat="50.671682" lon="14.160145"><ele>143.5</ele></trkpt>
   <trkpt lat="50.671409" lon="14.159367"><ele>145.75</ele></trkpt>
   <trkpt lat="50.671202" lon="14.158706"><ele>147</ele></trkpt>
   <trkpt lat="50.67085" lon="14.157513"><ele>145</ele></trkpt>
   <trkpt lat="50.670657" lon="14.156821"><ele>144.5</ele></trkpt>
   <trkpt lat="50.670355" lon="14.155694"><ele>145.25</ele></trkpt>
   <trkpt lat="50.669776" lon="14.153711"><ele>144</ele></trkpt>
   <trkpt lat="50.669575" lon="14.15298"><ele>143.75</ele></trkpt>
   <trkpt lat="50.669393" lon="14.152176"><ele>143.5</ele></trkpt>
   <trkpt lat="50.669244" lon="14.151357"><ele>143.5</ele></trkpt>
   <trkpt lat="50.669182" lon="14.15094"><ele>143.75</ele></trkpt>
   <trkpt lat="50.669039" lon="14.149826"><ele>143.5</ele></trkpt>
   <trkpt lat="50.668981" lon="14.149301"><ele>143.5</ele></trkpt>
   <trkpt lat="50.66895" lon="14.148635"><ele>143.25</ele></trkpt>
   <trkpt lat="50.668938" lon="14.148062"><ele>143</ele></trkpt>
   <trkpt lat="50.668917" lon="14.147557"><ele>142.75</ele></trkpt>
   <trkpt lat="50.668905" lon="14.146959"><ele>141.75</ele></trkpt>
   <trkpt lat="50.668934" lon="14.14626"><ele>141.75</ele></trkpt>
   <trkpt lat="50.668974" lon="14.145637"><ele>142</ele></trkpt>
   <trkpt lat="50.669016" lon="14.145147"><ele>142.25</ele></trkpt>
   <trkpt lat="50.669083" lon="14.144495"><ele>142.75</ele></trkpt>
   <trkpt lat="50.669107" lon="14.144312"><ele>143</ele></trkpt>
   <trkpt lat="50.669158" lon="14.143919"><ele>143.75</ele></trkpt>
   <trkpt lat="50.66926" lon="14.143272"><ele>145.5</ele></trkpt>
   <trkpt lat="50.669366" lon="14.14271"><ele>145</ele></trkpt>
   <trkpt lat="50.669467" lon="14.142244"><ele>145</ele></trkpt>
   <trkpt lat="50.669672" lon="14.141463"><ele>144.5</ele></trkpt>
   <trkpt lat="50.669806" lon="14.141023"><ele>143.5</ele></trkpt>
   <trkpt lat="50.670008" lon="14.140417"><ele>142</ele></trkpt>
   <trkpt lat="50.670232" lon="14.139834"><ele>141.75</ele></trkpt>
   <trkpt lat="50.670495" lon="14.139209"><ele>141.75</ele></trkpt>
   <trkpt lat="50.670635" lon="14.138908"><ele>142</ele></trkpt>
   <trkpt lat="50.670924" lon="14.138331"><ele>142.5</ele></trkpt>
   <trkpt lat="50.671083" lon="14.138038"><ele>143.25</ele></trkpt>
   <trkpt lat="50.671368" lon="14.13755"><ele>144.25</ele></trkpt>
   <trkpt lat="50.671533" lon="14.137293"><ele>145</ele></trkpt>
   <trkpt lat="50.67187" lon="14.136816"><ele>145.5</ele></trkpt>
   <trkpt lat="50.672223" lon="14.136375"><ele>145.25</ele></trkpt>
   <trkpt lat="50.672778" lon="14.135753"><ele>148</ele></trkpt>
   <trkpt lat="50.672869" lon="14.135656"><ele>149</ele></trkpt>
   <trkpt lat="50.675526" lon="14.132792"><ele>151.75</ele></trkpt>
   <trkpt lat="50.676088" lon="14.132154"><ele>146.5</ele></trkpt>
   <trkpt lat="50.676445" lon="14.131691"><ele>140.25</ele></trkpt>
   <trkpt lat="50.676619" lon="14.131435"><ele>140.75</ele></trkpt>
   <trkpt lat="50.676946" lon="14.130912"><ele>142.25</ele></trkpt>
   <trkpt lat="50.677098" lon="14.130643"><ele>142.5</ele></trkpt>
   <trkpt lat="50.677395" lon="14.13006"><ele>142.5</ele></trkpt>
   <trkpt lat="50.677529" lon="14.129767"><ele>142.5</ele></trkpt>
   <trkpt lat="50.677659" lon="14.129462"><ele>143</ele></trkpt>
   <trkpt lat="50.677908" lon="14.128804"><ele>143.75</ele></trkpt>
   <trkpt lat="50.678117" lon="14.128146"><ele>143.75</ele></trkpt>
   <trkpt lat="50.678219" lon="14.127779"><ele>143.25</ele></trkpt>
   <trkpt lat="50.678371" lon="14.127165"><ele>142.25</ele></trkpt>
   <trkpt lat="50.67844" lon="14.126837"><ele>142</ele></trkpt>
   <trkpt lat="50.678505" lon="14.126489"><ele>142</ele></trkpt>
   <trkpt lat="50.678564" lon="14.126131"><ele>142.25</ele></trkpt>
   <trkpt lat="50.678618" lon="14.125754"><ele>142</ele></trkpt>
   <trkpt lat="50.67866" lon="14.125398"><ele>141.75</ele></trkpt>
   <trkpt lat="50.678695" lon="14.125032"><ele>141.5</ele></trkpt>
   <trkpt lat="50.678722" lon="14.12466"><ele>141.25</ele></trkpt>
   <trkpt lat="50.678743" lon="14.124261"><ele>141</ele></trkpt>
   <trkpt lat="50.678755" lon="14.123855"><ele>140.75</ele></trkpt>
   <trkpt lat="50.678751" lon="14.123265"><ele>140.25</ele></trkpt>
   <trkpt lat="50.678737" lon="14.122875"><ele>139.75</ele></trkpt>
   <trkpt lat="50.678717" lon="14.122515"><ele>139.25</ele></trkpt>
   <trkpt lat="50.678685" lon="14.122128"><ele>138.75</ele></trkpt>
   <trkpt lat="50.678612" lon="14.121425"><ele>138.5</ele></trkpt>
   <trkpt lat="50.678509" lon="14.120578"><ele>139.25</ele></trkpt>
   <trkpt lat="50.678469" lon="14.120254"><ele>139.25</ele></trkpt>
   <trkpt lat="50.678196" lon="14.118049"><ele>139.25</ele></trkpt>
   <trkpt lat="50.678146" lon="14.1177"><ele>139.75</ele></trkpt>
   <trkpt lat="50.678089" lon="14.117319"><ele>140.25</ele></trkpt>
   <trkpt lat="50.678018" lon="14.11691"><ele>141</ele></trkpt>
   <trkpt lat="50.677919" lon="14.116439"><ele>141.75</ele></trkpt>
   <trkpt lat="50.677801" lon="14.115958"><ele>142.5</ele></trkpt>
   <trkpt lat="50.677728" lon="14.115674"><ele>142.75</ele></trkpt>
   <trkpt lat="50.677642" lon="14.115379"><ele>143.25</ele></trkpt>
   <trkpt lat="50.677542" lon="14.115068"><ele>143.75</ele></trkpt>
   <trkpt lat="50.677324" lon="14.11446"><ele>145.75</ele></trkpt>
   <trkpt lat="50.677193" lon="14.114128"><ele>146</ele></trkpt>
   <trkpt lat="50.67706" lon="14.113828"><ele>145.75</ele></trkpt>
   <trkpt lat="50.676916" lon="14.11352"><ele>144.5</ele></trkpt>
   <trkpt lat="50.676776" lon="14.113242"><ele>143.5</ele></trkpt>
   <trkpt lat="50.676631" lon="14.112967"><ele>144</ele></trkpt>
   <trkpt lat="50.676325" lon="14.112449"><ele>145.5</ele></trkpt>
   <trkpt lat="50.675161" lon="14.110721"><ele>144</ele></trkpt>
   <trkpt lat="50.674239" lon="14.109348"><ele>143.5</ele></trkpt>
   <trkpt lat="50.672701" lon="14.107099"><ele>144.5</ele></trkpt>
   <trkpt lat="50.672188" lon="14.106416"><ele>144</ele></trkpt>
   <trkpt lat="50.671659" lon="14.105811"><ele>144</ele></trkpt>
   <trkpt lat="50.671296" lon="14.105428"><ele>143.5</ele></trkpt>
   <trkpt lat="50.670341" lon="14.104517"><ele>142.5</ele></trkpt>
   <trkpt lat="50.670162" lon="14.104346"><ele>142.75</ele></trkpt>
   <trkpt lat="50.669389" lon="14.103614"><ele>142.25</ele></trkpt>
   <trkpt lat="50.669003" lon="14.103247"><ele>142</ele></trkpt>
   <trkpt lat="50.668788" lon="14.103031"><ele>143</ele></trkpt>
   <trkpt lat="50.668551" lon="14.102773"><ele>144.25</ele></trkpt>
   <trkpt lat="50.668386" lon="14.10258"><ele>145.25</ele></trkpt>
   <trkpt lat="50.668223" lon="14.102371"><ele>146</ele></trkpt>
   <trkpt lat="50.668066" lon="14.102149"><ele>145.75</ele></trkpt>
   <trkpt lat="50.667772" lon="14.101681"><ele>144.5</ele></trkpt>
   <trkpt lat="50.667499" lon="14.101177"><ele>145</ele></trkpt>
   <trkpt lat="50.667257" lon="14.100635"><ele>146.25</ele></trkpt>
   <trkpt lat="50.667139" lon="14.100348"><ele>146.25</ele></trkpt>
   <trkpt lat="50.667032" lon="14.100055"><ele>146.25</ele></trkpt>
   <trkpt lat="50.666809" lon="14.09938"><ele>144.25</ele></trkpt>
   <trkpt lat="50.666577" lon="14.098618"><ele>141.75</ele></trkpt>
   <trkpt lat="50.666484" lon="14.098308"><ele>141.25</ele></trkpt>
   <trkpt lat="50.665118" lon="14.093804"><ele>145</ele></trkpt>
   <trkpt lat="50.664968" lon="14.093288"><ele>144.75</ele></trkpt>
   <trkpt lat="50.664833" lon="14.092755"><ele>146.25</ele></trkpt>
   <trkpt lat="50.664704" lon="14.092163"><ele>146.75</ele></trkpt>
   <trkpt lat="50.664603" lon="14.091571"><ele>146</ele></trkpt>
   <trkpt lat="50.664561" lon="14.091258"><ele>144.75</ele></trkpt>
   <trkpt lat="50.664524" lon="14.090928"><ele>143.75</ele></trkpt>
   <trkpt lat="50.664475" lon="14.090283"><ele>143</ele></trkpt>
   <trkpt lat="50.664441" lon="14.089577"><ele>142</ele></trkpt>
   <trkpt lat="50.664389" lon="14.087842"><ele>140.75</ele></trkpt>
   <trkpt lat="50.664379" lon="14.08751"><ele>141.25</ele></trkpt>
   <trkpt lat="50.664292" lon="14.084606"><ele>143</ele></trkpt>
   <trkpt lat="50.664275" lon="14.083929"><ele>143</ele></trkpt>
   <trkpt lat="50.664251" lon="14.083141"><ele>142.75</ele></trkpt>
   <trkpt lat="50.664152" lon="14.079811"><ele>143.5</ele></trkpt>
   <trkpt lat="50.664146" lon="14.079635"><ele>143.5</ele></trkpt>
   <trkpt lat="50.664123" lon="14.078754"><ele>143</ele></trkpt>
   <trkpt lat="50.66407" lon="14.077604"><ele>143.5</ele></trkpt>
   <trkpt lat="50.664006" lon="14.076955"><ele>143.5</ele></trkpt>
   <trkpt lat="50.663977" lon="14.076613"><ele>143.5</ele></trkpt>
   <trkpt lat="50.663963" lon="14.07639"><ele>143.25</ele></trkpt>
   <trkpt lat="50.663822" lon="14.071593"><ele>141.5</ele></trkpt>
   <trkpt lat="50.663811" lon="14.071188"><ele>141.5</ele></trkpt>
   <trkpt lat="50.663658" lon="14.066041"><ele>141.25</ele></trkpt>
   <trkpt lat="50.663629" lon="14.065057"><ele>141.25</ele></trkpt>
   <trkpt lat="50.663628" lon="14.064982"><ele>141.25</ele></trkpt>
   <trkpt lat="50.663618" lon="14.064653"><ele>141.25</ele></trkpt>
   <trkpt lat="50.663611" lon="14.064436"><ele>141.5</ele></trkpt>
   <trkpt lat="50.663605" lon="14.063842"><ele>141.75</ele></trkpt>
   <trkpt lat="50.663594" lon="14.06352"><ele>141.75</ele></trkpt>
   <trkpt lat="50.663552" lon="14.063029"><ele>142</ele></trkpt>
   <trkpt lat="50.663477" lon="14.062367"><ele>142.75</ele></trkpt>
   <trkpt lat="50.663378" lon="14.061664"><ele>143.25</ele></trkpt>
   <trkpt lat="50.663267" lon="14.060829"><ele>143.5</ele></trkpt>
   <trkpt lat="50.663184" lon="14.060453"><ele>142.75</ele></trkpt>
   <trkpt lat="50.66306" lon="14.059956"><ele>142</ele></trkpt>
   <trkpt lat="50.662971" lon="14.059634"><ele>142.75</ele></trkpt>
   <trkpt lat="50.662801" lon="14.05906"><ele>142.75</ele></trkpt>
   <trkpt lat="50.662592" lon="14.058381"><ele>141.25</ele></trkpt>
   <trkpt lat="50.662408" lon="14.057804"><ele>143</ele></trkpt>
   <trkpt lat="50.662357" lon="14.05764"><ele>143.5</ele></trkpt>
   <trkpt lat="50.6623" lon="14.057416"><ele>144.5</ele></trkpt>
   <trkpt lat="50.662194" lon="14.056965"><ele>145.75</ele></trkpt>
   <trkpt lat="50.661944" lon="14.056085"><ele>149</ele></trkpt>
   <trkpt lat="50.661853" lon="14.055709"><ele>149.5</ele></trkpt>
   <trkpt lat="50.661754" lon="14.05527"><ele>149</ele></trkpt>
   <trkpt lat="50.661669" lon="14.054841"><ele>147.5</ele></trkpt>
   <trkpt lat="50.661621" lon="14.054544"><ele>147.5</ele></trkpt>
   <trkpt lat="50.661588" lon="14.054229"><ele>147.5</ele></trkpt>
   <trkpt lat="50.661569" lon="14.053972"><ele>147.75</ele></trkpt>
   <trkpt lat="50.661508" lon="14.053371"><ele>147.25</ele></trkpt>
   <trkpt lat="50.661447" lon="14.052664"><ele>147</ele></trkpt>
   <trkpt lat="50.661352" lon="14.051319"><ele>174.5</ele></trkpt>
   <trkpt lat="50.661308" lon="14.050953"><ele>176</ele></trkpt>
   <trkpt lat="50.661264" lon="14.050663"><ele>174.75</ele></trkpt>
   <trkpt lat="50.661173" lon="14.04995"><ele>170.25</ele></trkpt>
   <trkpt lat="50.661103" lon="14.049351"><ele>162.75</ele></trkpt>
   <trkpt lat="50.661026" lon="14.048839"><ele>156</ele></trkpt>
   <trkpt lat="50.660937" lon="14.048376"><ele>151.25</ele></trkpt>
   <trkpt lat="50.660843" lon="14.047938"><ele>146.75</ele></trkpt>
   <trkpt lat="50.660732" lon="14.047507"><ele>142.25</ele></trkpt>
   <trkpt lat="50.660714" lon="14.047435"><ele>142.5</ele></trkpt>
   <trkpt lat="50.660637" lon="14.047104"><ele>142</ele></trkpt>
   <trkpt lat="50.660571" lon="14.04685"><ele>141.75</ele></trkpt>
   <trkpt lat="50.660489" lon="14.046587"><ele>141.5</ele></trkpt>
   <trkpt lat="50.660346" lon="14.046211"><ele>141.5</ele></trkpt>
   <trkpt lat="50.660242" lon="14.045986"><ele>141.5</ele></trkpt>
   <trkpt lat="50.660226" lon="14.045953"><ele>141.5</ele></trkpt>
   <trkpt lat="50.660132" lon="14.045752"><ele>141.75</ele></trkpt>
   <trkpt lat="50.65994" lon="14.045358"><ele>142</ele></trkpt>
   <trkpt lat="50.659779" lon="14.045061"><ele>143</ele></trkpt>
   <trkpt lat="50.659495" lon="14.044575"><ele>144.5</ele></trkpt>
   <trkpt lat="50.659322" lon="14.044276"><ele>143.5</ele></trkpt>
   <trkpt lat="50.658909" lon="14.043564"><ele>143.5</ele></trkpt>
   <trkpt lat="50.658809" lon="14.043404"><ele>143.25</ele></trkpt>
   <trkpt lat="50.658575" lon="14.042967"><ele>143</ele></trkpt>
   <trkpt lat="50.658391" lon="14.042758"><ele>142.75</ele></trkpt>
   <trkpt lat="50.658224" lon="14.042589"><ele>141.5</ele></trkpt>
   <trkpt lat="50.658024" lon="14.042421"><ele>140.25</ele></trkpt>
   <trkpt lat="50.657958" lon="14.04237"><ele>140</ele></trkpt>
   <trkpt lat="50.657561" lon="14.042089"><ele>138</ele></trkpt>
   <trkpt lat="50.657225" lon="14.041928"><ele>138</ele></trkpt>
   <trkpt lat="50.656862" lon="14.04178"><ele>141</ele></trkpt>
   <trkpt lat="50.656636" lon="14.041705"><ele>142.75</ele></trkpt>
   <trkpt lat="50.656488" lon="14.041658"><ele>144</ele></trkpt>
   <trkpt lat="50.655954" lon="14.041493"><ele>149.25</ele></trkpt>
   <trkpt lat="50.655756" lon="14.041449"><ele>151</ele></trkpt>
   <trkpt lat="50.655225" lon="14.041348"><ele>155.5</ele></trkpt>
   <trkpt lat="50.654603" lon="14.04126"><ele>157.5</ele></trkpt>
   <trkpt lat="50.653367" lon="14.040975"><ele>161.25</ele></trkpt>
   <trkpt lat="50.65307" lon="14.040934"><ele>161.25</ele></trkpt>
   <trkpt lat="50.652853" lon="14.040925"><ele>160.75</ele></trkpt>
   <trkpt lat="50.652582" lon="14.040924"><ele>159.75</ele></trkpt>
   <trkpt lat="50.652215" lon="14.04096"><ele>159.5</ele></trkpt>
   <trkpt lat="50.651919" lon="14.041028"><ele>159</ele></trkpt>
   <trkpt lat="50.651661" lon="14.041104"><ele>158</ele></trkpt>
   <trkpt lat="50.651222" lon="14.041258"><ele>153.75</ele></trkpt>
   <trkpt lat="50.65089" lon="14.041377"><ele>150.5</ele></trkpt>
   <trkpt lat="50.650449" lon="14.041598"><ele>145.75</ele></trkpt>
   <trkpt lat="50.650169" lon="14.041697"><ele>144.5</ele></trkpt>
   <trkpt lat="50.649704" lon="14.041798"><ele>146</ele></trkpt>
   <trkpt lat="50.649559" lon="14.041848"><ele>146.75</ele></trkpt>
   <trkpt lat="50.648126" lon="14.042357"><ele>151.5</ele></trkpt>
   <trkpt lat="50.647515" lon="14.042575"><ele>153.75</ele></trkpt>
   <trkpt lat="50.647388" lon="14.042621"><ele>153.75</ele></trkpt>
   <trkpt lat="50.64287" lon="14.044235"><ele>150.25</ele></trkpt>
   <trkpt lat="50.642696" lon="14.044297"><ele>149.75</ele></trkpt>
   <trkpt lat="50.642055" lon="14.044524"><ele>148.75</ele></trkpt>
   <trkpt lat="50.640755" lon="14.044992"><ele>148.25</ele></trkpt>
   <trkpt lat="50.640723" lon="14.045004"><ele>148.25</ele></trkpt>
   <trkpt lat="50.639837" lon="14.045318"><ele>147.75</ele></trkpt>
   <trkpt lat="50.639339" lon="14.045482"><ele>146.5</ele></trkpt>
   <trkpt lat="50.638935" lon="14.045605"><ele>147.5</ele></trkpt>
   <trkpt lat="50.638591" lon="14.045699"><ele>149.75</ele></trkpt>
   <trkpt lat="50.63676" lon="14.046207"><ele>151.75</ele></trkpt>
   <trkpt lat="50.636651" lon="14.046239"><ele>151.5</ele></trkpt>
   <trkpt lat="50.633923" lon="14.046989"><ele>148.75</ele></trkpt>
   <trkpt lat="50.633799" lon="14.047024"><ele>148.75</ele></trkpt>
   <trkpt lat="50.633415" lon="14.047132"><ele>149</ele></trkpt>
   <trkpt lat="50.632975" lon="14.047277"><ele>150.5</ele></trkpt>
   <trkpt lat="50.632769" lon="14.047355"><ele>151.25</ele></trkpt>
   <trkpt lat="50.632559" lon="14.047448"><ele>152</ele></trkpt>
   <trkpt lat="50.632357" lon="14.047553"><ele>153</ele></trkpt>
   <trkpt lat="50.632151" lon="14.047685"><ele>153.5</ele></trkpt>
   <trkpt lat="50.631769" lon="14.04795"><ele>152.5</ele></trkpt>
   <trkpt lat="50.631539" lon="14.04815"><ele>150.75</ele></trkpt>
   <trkpt lat="50.631335" lon="14.04834"><ele>148.25</ele></trkpt>
   <trkpt lat="50.631171" lon="14.04852"><ele>149</ele></trkpt>
   <trkpt lat="50.630725" lon="14.049082"><ele>149.75</ele></trkpt>
   <trkpt lat="50.630403" lon="14.04954"><ele>149.5</ele></trkpt>
   <trkpt lat="50.630203" lon="14.0498"><ele>149</ele></trkpt>
   <trkpt lat="50.630068" lon="14.049962"><ele>148.75</ele></trkpt>
   <trkpt lat="50.629936" lon="14.0501"><ele>149.5</ele></trkpt>
   <trkpt lat="50.629737" lon="14.050287"><ele>151</ele></trkpt>
   <trkpt lat="50.629444" lon="14.050508"><ele>151.75</ele></trkpt>
   <trkpt lat="50.629274" lon="14.050612"><ele>151.75</ele></trkpt>
   <trkpt lat="50.628935" lon="14.050777"><ele>151.5</ele></trkpt>
   <trkpt lat="50.628485" lon="14.05097"><ele>150.75</ele></trkpt>
   <trkpt lat="50.62821" lon="14.051105"><ele>149.75</ele></trkpt>
   <trkpt lat="50.627976" lon="14.051244"><ele>149.75</ele></trkpt>
   <trkpt lat="50.627755" lon="14.05139"><ele>150</ele></trkpt>
   <trkpt lat="50.627533" lon="14.051562"><ele>150.75</ele></trkpt>
   <trkpt lat="50.627305" lon="14.051754"><ele>150.25</ele></trkpt>
   <trkpt lat="50.626885" lon="14.05218"><ele>149.25</ele></trkpt>
   <trkpt lat="50.626747" lon="14.052344"><ele>148.75</ele></trkpt>
   <trkpt lat="50.626385" lon="14.052806"><ele>149.75</ele></trkpt>
   <trkpt lat="50.626045" lon="14.053313"><ele>149.25</ele></trkpt>
   <trkpt lat="50.625812" lon="14.053693"><ele>151</ele></trkpt>
   <trkpt lat="50.625539" lon="14.054168"><ele>153</ele></trkpt>
   <trkpt lat="50.625337" lon="14.05457"><ele>153.25</ele></trkpt>
   <trkpt lat="50.625184" lon="14.054914"><ele>152.5</ele></trkpt>
   <trkpt lat="50.625056" lon="14.055226"><ele>152.5</ele></trkpt>
   <trkpt lat="50.624935" lon="14.055548"><ele>153</ele></trkpt>
   <trkpt lat="50.624818" lon="14.055878"><ele>153.5</ele></trkpt>
   <trkpt lat="50.624706" lon="14.056221"><ele>153.5</ele></trkpt>
   <trkpt lat="50.624506" lon="14.05694"><ele>153</ele></trkpt>
   <trkpt lat="50.624343" lon="14.057651"><ele>152.25</ele></trkpt>
   <trkpt lat="50.624217" lon="14.058371"><ele>150.5</ele></trkpt>
   <trkpt lat="50.624178" lon="14.058633"><ele>150.5</ele></trkpt>
   <trkpt lat="50.624147" lon="14.05887"><ele>150.5</ele></trkpt>
   <trkpt lat="50.624118" lon="14.059101"><ele>150.75</ele></trkpt>
   <trkpt lat="50.624031" lon="14.05993"><ele>150.5</ele></trkpt>
   <trkpt lat="50.623757" lon="14.062697"><ele>150.25</ele></trkpt>
   <trkpt lat="50.623387" lon="14.06642"><ele>145.75</ele></trkpt>
   <trkpt lat="50.623341" lon="14.066856"><ele>145.75</ele></trkpt>
   <trkpt lat="50.623303" lon="14.067214"><ele>146.5</ele></trkpt>
   <trkpt lat="50.62321" lon="14.067857"><ele>148</ele></trkpt>
   <trkpt lat="50.623158" lon="14.068136"><ele>148.75</ele></trkpt>
   <trkpt lat="50.623094" lon="14.068421"><ele>149</ele></trkpt>
   <trkpt lat="50.623023" lon="14.068693"><ele>149</ele></trkpt>
   <trkpt lat="50.62295" lon="14.068954"><ele>149.25</ele></trkpt>
   <trkpt lat="50.62287" lon="14.069201"><ele>149.5</ele></trkpt>
   <trkpt lat="50.622772" lon="14.069472"><ele>149.75</ele></trkpt>
   <trkpt lat="50.622668" lon="14.069736"><ele>150.25</ele></trkpt>
   <trkpt lat="50.622546" lon="14.070009"><ele>151</ele></trkpt>
   <trkpt lat="50.622421" lon="14.070267"><ele>151.5</ele></trkpt>
   <trkpt lat="50.622269" lon="14.070544"><ele>152.75</ele></trkpt>
   <trkpt lat="50.622145" lon="14.070753"><ele>153.75</ele></trkpt>
   <trkpt lat="50.621973" lon="14.071011"><ele>155</ele></trkpt>
   <trkpt lat="50.621839" lon="14.071198"><ele>156</ele></trkpt>
   <trkpt lat="50.621693" lon="14.071382"><ele>157</ele></trkpt>
   <trkpt lat="50.621546" lon="14.071548"><ele>158.5</ele></trkpt>
   <trkpt lat="50.621388" lon="14.071717"><ele>159.75</ele></trkpt>
   <trkpt lat="50.621057" lon="14.072001"><ele>162</ele></trkpt>
   <trkpt lat="50.620883" lon="14.072126"><ele>162.5</ele></trkpt>
   <trkpt lat="50.620532" lon="14.072355"><ele>162.5</ele></trkpt>
   <trkpt lat="50.617731" lon="14.073956"><ele>166</ele></trkpt>
   <trkpt lat="50.617262" lon="14.074206"><ele>163.25</ele></trkpt>
   <trkpt lat="50.616776" lon="14.07442"><ele>162.75</ele></trkpt>
   <trkpt lat="50.616296" lon="14.074565"><ele>162.75</ele></trkpt>
   <trkpt lat="50.615901" lon="14.074644"><ele>163.25</ele></trkpt>
   <trkpt lat="50.61548" lon="14.074688"><ele>163.25</ele></trkpt>
   <trkpt lat="50.615047" lon="14.074685"><ele>164.25</ele></trkpt>
   <trkpt lat="50.614613" lon="14.074645"><ele>165.25</ele></trkpt>
   <trkpt lat="50.614161" lon="14.074568"><ele>166.75</ele></trkpt>
   <trkpt lat="50.610911" lon="14.073895"><ele>160</ele></trkpt>
   <trkpt lat="50.610394" lon="14.073766"><ele>160.25</ele></trkpt>
   <trkpt lat="50.610119" lon="14.073677"><ele>160.25</ele></trkpt>
   <trkpt lat="50.609855" lon="14.073586"><ele>159.75</ele></trkpt>
   <trkpt lat="50.609343" lon="14.073365"><ele>157.5</ele></trkpt>
   <trkpt lat="50.60908" lon="14.073235"><ele>157.5</ele></trkpt>
   <trkpt lat="50.608825" lon="14.073096"><ele>158.75</ele></trkpt>
   <trkpt lat="50.608334" lon="14.072793"><ele>161.25</ele></trkpt>
   <trkpt lat="50.606933" lon="14.071885"><ele>161.75</ele></trkpt>
   <trkpt lat="50.606522" lon="14.071663"><ele>159.75</ele></trkpt>
   <trkpt lat="50.606073" lon="14.071476"><ele>162.75</ele></trkpt>
   <trkpt lat="50.605626" lon="14.071336"><ele>165.25</ele></trkpt>
   <trkpt lat="50.605189" lon="14.071247"><ele>166.75</ele></trkpt>
   <trkpt lat="50.604523" lon="14.071163"><ele>161.75</ele></trkpt>
   <trkpt lat="50.604455" lon="14.071155"><ele>161</ele></trkpt>
   <trkpt lat="50.603839" lon="14.071078"><ele>161.5</ele></trkpt>
   <trkpt lat="50.603439" lon="14.070998"><ele>166.25</ele></trkpt>
   <trkpt lat="50.603241" lon="14.070946"><ele>167</ele></trkpt>
   <trkpt lat="50.603044" lon="14.070873"><ele>166.5</ele></trkpt>
   <trkpt lat="50.602695" lon="14.070724"><ele>165.5</ele></trkpt>
   <trkpt lat="50.602276" lon="14.070496"><ele>164.75</ele></trkpt>
   <trkpt lat="50.599659" lon="14.068853"><ele>157.5</ele></trkpt>
   <trkpt lat="50.599314" lon="14.068605"><ele>155.5</ele></trkpt>
   <trkpt lat="50.59896" lon="14.068295"><ele>154.25</ele></trkpt>
   <trkpt lat="50.598782" lon="14.068118"><ele>154.75</ele></trkpt>
   <trkpt lat="50.598626" lon="14.067952"><ele>154.5</ele></trkpt>
   <trkpt lat="50.598408" lon="14.067695"><ele>153.5</ele></trkpt>
   <trkpt lat="50.598278" lon="14.067517"><ele>153</ele></trkpt>
   <trkpt lat="50.598107" lon="14.067272"><ele>152.75</ele></trkpt>
   <trkpt lat="50.597836" lon="14.066832"><ele>152.5</ele></trkpt>
   <trkpt lat="50.597703" lon="14.066571"><ele>153</ele></trkpt>
   <trkpt lat="50.597466" lon="14.066063"><ele>154</ele></trkpt>
   <trkpt lat="50.597256" lon="14.065515"><ele>155</ele></trkpt>
   <trkpt lat="50.597156" lon="14.065215"><ele>155.25</ele></trkpt>
   <trkpt lat="50.597066" lon="14.064908"><ele>155.5</ele></trkpt>
   <trkpt lat="50.596991" lon="14.064611"><ele>155.25</ele></trkpt>
   <trkpt lat="50.596921" lon="14.064299"><ele>154.75</ele></trkpt>
   <trkpt lat="50.596841" lon="14.063879"><ele>154</ele></trkpt>
   <trkpt lat="50.596818" lon="14.063744"><ele>153.5</ele></trkpt>
   <trkpt lat="50.596766" lon="14.063347"><ele>152.75</ele></trkpt>
   <trkpt lat="50.596731" lon="14.06302"><ele>152.75</ele></trkpt>
   <trkpt lat="50.596706" lon="14.06269"><ele>152.75</ele></trkpt>
   <trkpt lat="50.596691" lon="14.06236"><ele>153</ele></trkpt>
   <trkpt lat="50.596681" lon="14.061666"><ele>153.5</ele></trkpt>
   <trkpt lat="50.596689" lon="14.060952"><ele>152.75</ele></trkpt>
   <trkpt lat="50.596829" lon="14.051139"><ele>155.75</ele></trkpt>
   <trkpt lat="50.596836" lon="14.050848"><ele>154.5</ele></trkpt>
   <trkpt lat="50.596867" lon="14.04837"><ele>154</ele></trkpt>
   <trkpt lat="50.596932" lon="14.044179"><ele>150</ele></trkpt>
   <trkpt lat="50.596935" lon="14.043532"><ele>150</ele></trkpt>
   <trkpt lat="50.596933" lon="14.043174"><ele>150.25</ele></trkpt>
   <trkpt lat="50.596898" lon="14.042497"><ele>150.75</ele></trkpt>
   <trkpt lat="50.596834" lon="14.041864"><ele>150.25</ele></trkpt>
   <trkpt lat="50.596785" lon="14.041524"><ele>150.25</ele></trkpt>
   <trkpt lat="50.596729" lon="14.041205"><ele>150.5</ele></trkpt>
   <trkpt lat="50.596588" lon="14.040556"><ele>151.5</ele></trkpt>
   <trkpt lat="50.596496" lon="14.040209"><ele>151.75</ele></trkpt>
   <trkpt lat="50.596414" lon="14.039929"><ele>152</ele></trkpt>
   <trkpt lat="50.596318" lon="14.039642"><ele>152.75</ele></trkpt>
   <trkpt lat="50.59621" lon="14.039345"><ele>153.25</ele></trkpt>
   <trkpt lat="50.596095" lon="14.039059"><ele>153.25</ele></trkpt>
   <trkpt lat="50.595971" lon="14.038776"><ele>153</ele></trkpt>
   <trkpt lat="50.595765" lon="14.038361"><ele>152.25</ele></trkpt>
   <trkpt lat="50.595682" lon="14.038206"><ele>153.5</ele></trkpt>
   <trkpt lat="50.595484" lon="14.037851"><ele>155</ele></trkpt>
   <trkpt lat="50.593763" lon="14.03486"><ele>149.25</ele></trkpt>
   <trkpt lat="50.593645" lon="14.034653"><ele>151</ele></trkpt>
   <trkpt lat="50.592719" lon="14.033034"><ele>156.25</ele></trkpt>
   <trkpt lat="50.592385" lon="14.032466"><ele>158.25</ele></trkpt>
   <trkpt lat="50.592235" lon="14.032225"><ele>158.25</ele></trkpt>
   <trkpt lat="50.591937" lon="14.031792"><ele>154.75</ele></trkpt>
   <trkpt lat="50.591716" lon="14.03151"><ele>152.75</ele></trkpt>
   <trkpt lat="50.591499" lon="14.031273"><ele>154.75</ele></trkpt>
   <trkpt lat="50.591306" lon="14.031076"><ele>156.25</ele></trkpt>
   <trkpt lat="50.591141" lon="14.030926"><ele>156.25</ele></trkpt>
   <trkpt lat="50.590797" lon="14.030644"><ele>154.5</ele></trkpt>
   <trkpt lat="50.590441" lon="14.030415"><ele>154.75</ele></trkpt>
   <trkpt lat="50.59023" lon="14.030298"><ele>154.75</ele></trkpt>
   <trkpt lat="50.590011" lon="14.030195"><ele>154.75</ele></trkpt>
   <trkpt lat="50.589611" lon="14.030041"><ele>154.25</ele></trkpt>
   <trkpt lat="50.58935" lon="14.029957"><ele>153.75</ele></trkpt>
   <trkpt lat="50.589268" lon="14.02993"><ele>153.75</ele></trkpt>
   <trkpt lat="50.589069" lon="14.029866"><ele>154.25</ele></trkpt>
   <trkpt lat="50.588566" lon="14.029741"><ele>156.5</ele></trkpt>
   <trkpt lat="50.588012" lon="14.029621"><ele>160</ele></trkpt>
   <trkpt lat="50.58744" lon="14.029558"><ele>162.5</ele></trkpt>
   <trkpt lat="50.5872" lon="14.029555"><ele>163</ele></trkpt>
   <trkpt lat="50.587023" lon="14.029553"><ele>163.25</ele></trkpt>
   <trkpt lat="50.586498" lon="14.029599"><ele>162.5</ele></trkpt>
   <trkpt lat="50.586004" lon="14.029685"><ele>160</ele></trkpt>
   <trkpt lat="50.585763" lon="14.029749"><ele>158</ele></trkpt>
   <trkpt lat="50.585248" lon="14.029933"><ele>152.5</ele></trkpt>
   <trkpt lat="50.585002" lon="14.030036"><ele>150.5</ele></trkpt>
   <trkpt lat="50.584772" lon="14.030152"><ele>151.75</ele></trkpt>
   <trkpt lat="50.584504" lon="14.030301"><ele>152.75</ele></trkpt>
   <trkpt lat="50.584147" lon="14.030526"><ele>153.5</ele></trkpt>
   <trkpt lat="50.583745" lon="14.030813"><ele>151</ele></trkpt>
   <trkpt lat="50.582476" lon="14.031743"><ele>147.75</ele></trkpt>
   <trkpt lat="50.581293" lon="14.03261"><ele>150</ele></trkpt>
   <trkpt lat="50.581163" lon="14.032706"><ele>150</ele></trkpt>
   <trkpt lat="50.579524" lon="14.033902"><ele>148.25</ele></trkpt>
   <trkpt lat="50.579414" lon="14.033978"><ele>148</ele></trkpt>
   <trkpt lat="50.578982" lon="14.034278"><ele>147.75</ele></trkpt>
   <trkpt lat="50.578724" lon="14.034493"><ele>148.75</ele></trkpt>
   <trkpt lat="50.578482" lon="14.03467"><ele>150</ele></trkpt>
   <trkpt lat="50.578134" lon="14.034891"><ele>150.25</ele></trkpt>
   <trkpt lat="50.577681" lon="14.035096"><ele>150</ele></trkpt>
   <trkpt lat="50.577179" lon="14.035379"><ele>149.75</ele></trkpt>
   <trkpt lat="50.57676" lon="14.035552"><ele>150</ele></trkpt>
   <trkpt lat="50.576442" lon="14.035709"><ele>149.75</ele></trkpt>
   <trkpt lat="50.576067" lon="14.035885"><ele>149.25</ele></trkpt>
   <trkpt lat="50.575974" lon="14.035921"><ele>149.25</ele></trkpt>
   <trkpt lat="50.575867" lon="14.035959"><ele>149</ele></trkpt>
   <trkpt lat="50.575669" lon="14.036031"><ele>149.25</ele></trkpt>
   <trkpt lat="50.575417" lon="14.036105"><ele>149.5</ele></trkpt>
   <trkpt lat="50.574829" lon="14.036231"><ele>150</ele></trkpt>
   <trkpt lat="50.574398" lon="14.036293"><ele>150</ele></trkpt>
   <trkpt lat="50.574016" lon="14.036326"><ele>149.75</ele></trkpt>
   <trkpt lat="50.573657" lon="14.036342"><ele>150</ele></trkpt>
   <trkpt lat="50.573248" lon="14.036345"><ele>150</ele></trkpt>
   <trkpt lat="50.572683" lon="14.036319"><ele>149.5</ele></trkpt>
   <trkpt lat="50.572358" lon="14.036297"><ele>149.5</ele></trkpt>
   <trkpt lat="50.571838" lon="14.036235"><ele>150</ele></trkpt>
   <trkpt lat="50.571719" lon="14.036219"><ele>150</ele></trkpt>
   <trkpt lat="50.571538" lon="14.03618"><ele>150.25</ele></trkpt>
   <trkpt lat="50.571198" lon="14.036086"><ele>150.25</ele></trkpt>
   <trkpt lat="50.570843" lon="14.035948"><ele>151</ele></trkpt>
   <trkpt lat="50.570401" lon="14.035728"><ele>151.25</ele></trkpt>
   <trkpt lat="50.569922" lon="14.035511"><ele>152</ele></trkpt>
   <trkpt lat="50.569512" lon="14.035276"><ele>152.25</ele></trkpt>
   <trkpt lat="50.569008" lon="14.035039"><ele>151.5</ele></trkpt>
   <trkpt lat="50.568726" lon="14.034869"><ele>151.5</ele></trkpt>
   <trkpt lat="50.568566" lon="14.034765"><ele>151.5</ele></trkpt>
   <trkpt lat="50.568334" lon="14.034619"><ele>151.5</ele></trkpt>
   <trkpt lat="50.567231" lon="14.033903"><ele>150.5</ele></trkpt>
   <trkpt lat="50.566816" lon="14.033655"><ele>150.5</ele></trkpt>
   <trkpt lat="50.566403" lon="14.033471"><ele>150.25</ele></trkpt>
   <trkpt lat="50.566217" lon="14.03341"><ele>150.25</ele></trkpt>
   <trkpt lat="50.566024" lon="14.03336"><ele>150.25</ele></trkpt>
   <trkpt lat="50.565804" lon="14.033316"><ele>150</ele></trkpt>
   <trkpt lat="50.565562" lon="14.033286"><ele>150.75</ele></trkpt>
   <trkpt lat="50.565136" lon="14.033259"><ele>151.5</ele></trkpt>
   <trkpt lat="50.562978" lon="14.03327"><ele>153</ele></trkpt>
   <trkpt lat="50.559601" lon="14.033299"><ele>150.75</ele></trkpt>
   <trkpt lat="50.559016" lon="14.033332"><ele>150</ele></trkpt>
   <trkpt lat="50.55881" lon="14.033363"><ele>150.25</ele></trkpt>
   <trkpt lat="50.558569" lon="14.03341"><ele>150.25</ele></trkpt>
   <trkpt lat="50.558317" lon="14.033478"><ele>150.25</ele></trkpt>
   <trkpt lat="50.558174" lon="14.033526"><ele>150.25</ele></trkpt>
   <trkpt lat="50.558023" lon="14.033584"><ele>150</ele></trkpt>
   <trkpt lat="50.55786" lon="14.033643"><ele>150</ele></trkpt>
   <trkpt lat="50.557459" lon="14.033828"><ele>149.75</ele></trkpt>
   <trkpt lat="50.556963" lon="14.034086"><ele>150.5</ele></trkpt>
   <trkpt lat="50.556313" lon="14.034444"><ele>152.5</ele></trkpt>
   <trkpt lat="50.556143" lon="14.034534"><ele>153.5</ele></trkpt>
   <trkpt lat="50.555682" lon="14.034814"><ele>156.75</ele></trkpt>
   <trkpt lat="50.555228" lon="14.035138"><ele>160.75</ele></trkpt>
   <trkpt lat="50.554547" lon="14.035734"><ele>165.5</ele></trkpt>
   <trkpt lat="50.552603" lon="14.037511"><ele>163.75</ele></trkpt>
   <trkpt lat="50.552268" lon="14.037793"><ele>162.5</ele></trkpt>
   <trkpt lat="50.552084" lon="14.037928"><ele>162.5</ele></trkpt>
   <trkpt lat="50.551732" lon="14.038138"><ele>163</ele></trkpt>
   <trkpt lat="50.551307" lon="14.038316"><ele>162.25</ele></trkpt>
   <trkpt lat="50.551095" lon="14.038372"><ele>163.75</ele></trkpt>
   <trkpt lat="50.550881" lon="14.038417"><ele>166</ele></trkpt>
   <trkpt lat="50.550669" lon="14.038447"><ele>167</ele></trkpt>
   <trkpt lat="50.549072" lon="14.038614"><ele>175.5</ele></trkpt>
   <trkpt lat="50.548639" lon="14.038676"><ele>177</ele></trkpt>
   <trkpt lat="50.548203" lon="14.038796"><ele>177.25</ele></trkpt>
   <trkpt lat="50.547792" lon="14.038971"><ele>177</ele></trkpt>
   <trkpt lat="50.547431" lon="14.039172"><ele>174</ele></trkpt>
   <trkpt lat="50.547219" lon="14.039315"><ele>173</ele></trkpt>
   <trkpt lat="50.547009" lon="14.039476"><ele>171.25</ele></trkpt>
   <trkpt lat="50.546626" lon="14.039837"><ele>166.75</ele></trkpt>
   <trkpt lat="50.546265" lon="14.040242"><ele>167</ele></trkpt>
   <trkpt lat="50.545912" lon="14.04072"><ele>167.25</ele></trkpt>
   <trkpt lat="50.545618" lon="14.041196"><ele>169.25</ele></trkpt>
   <trkpt lat="50.545332" lon="14.041742"><ele>170</ele></trkpt>
   <trkpt lat="50.545079" lon="14.04232"><ele>169.75</ele></trkpt>
   <trkpt lat="50.544969" lon="14.042615"><ele>168.25</ele></trkpt>
   <trkpt lat="50.544865" lon="14.042921"><ele>167</ele></trkpt>
   <trkpt lat="50.544766" lon="14.043231"><ele>165.5</ele></trkpt>
   <trkpt lat="50.544674" lon="14.043567"><ele>165.25</ele></trkpt>
   <trkpt lat="50.544498" lon="14.04429"><ele>164.75</ele></trkpt>
   <trkpt lat="50.543822" lon="14.047302"><ele>158.25</ele></trkpt>
   <trkpt lat="50.543731" lon="14.047704"><ele>159.25</ele></trkpt>
   <trkpt lat="50.543301" lon="14.049605"><ele>158.75</ele></trkpt>
   <trkpt lat="50.543113" lon="14.050409"><ele>159.25</ele></trkpt>
   <trkpt lat="50.542939" lon="14.05106"><ele>159.25</ele></trkpt>
   <trkpt lat="50.542843" lon="14.051379"><ele>159.25</ele></trkpt>
   <trkpt lat="50.542741" lon="14.051673"><ele>159</ele></trkpt>
   <trkpt lat="50.542624" lon="14.051975"><ele>159</ele></trkpt>
   <trkpt lat="50.542501" lon="14.052267"><ele>158.5</ele></trkpt>
   <trkpt lat="50.542371" lon="14.052547"><ele>159</ele></trkpt>
   <trkpt lat="50.542225" lon="14.052836"><ele>159.25</ele></trkpt>
   <trkpt lat="50.542075" lon="14.053107"><ele>159.25</ele></trkpt>
   <trkpt lat="50.541917" lon="14.053366"><ele>159.25</ele></trkpt>
   <trkpt lat="50.541749" lon="14.053615"><ele>160.25</ele></trkpt>
   <trkpt lat="50.541578" lon="14.053848"><ele>160.5</ele></trkpt>
   <trkpt lat="50.5414" lon="14.054075"><ele>160</ele></trkpt>
   <trkpt lat="50.541214" lon="14.054283"><ele>159.25</ele></trkpt>
   <trkpt lat="50.54083" lon="14.054654"><ele>156.75</ele></trkpt>
   <trkpt lat="50.540428" lon="14.054988"><ele>154</ele></trkpt>
   <trkpt lat="50.538468" lon="14.056407"><ele>151.5</ele></trkpt>
   <trkpt lat="50.538053" lon="14.05671"><ele>150</ele></trkpt>
   <trkpt lat="50.537776" lon="14.056896"><ele>150</ele></trkpt>
   <trkpt lat="50.537491" lon="14.057074"><ele>150</ele></trkpt>
   <trkpt lat="50.53732" lon="14.057175"><ele>149.5</ele></trkpt>
   <trkpt lat="50.537112" lon="14.057274"><ele>149.25</ele></trkpt>
   <trkpt lat="50.536917" lon="14.057344"><ele>149</ele></trkpt>
   <trkpt lat="50.536564" lon="14.057444"><ele>149</ele></trkpt>
   <trkpt lat="50.536408" lon="14.057469"><ele>149</ele></trkpt>
   <trkpt lat="50.53616" lon="14.057491"><ele>149.25</ele></trkpt>
   <trkpt lat="50.536029" lon="14.057495"><ele>149.5</ele></trkpt>
   <trkpt lat="50.535902" lon="14.057487"><ele>149.75</ele></trkpt>
   <trkpt lat="50.535675" lon="14.057464"><ele>150.25</ele></trkpt>
   <trkpt lat="50.535461" lon="14.057422"><ele>150.75</ele></trkpt>
   <trkpt lat="50.53514" lon="14.057315"><ele>150.75</ele></trkpt>
   <trkpt lat="50.535028" lon="14.057265"><ele>151.25</ele></trkpt>
   <trkpt lat="50.534939" lon="14.057224"><ele>151.25</ele></trkpt>
   <trkpt lat="50.534766" lon="14.057143"><ele>151</ele></trkpt>
   <trkpt lat="50.534453" lon="14.056942"><ele>150.75</ele></trkpt>
   <trkpt lat="50.53411" lon="14.056676"><ele>150.5</ele></trkpt>
   <trkpt lat="50.533986" lon="14.056571"><ele>150.5</ele></trkpt>
   <trkpt lat="50.531268" lon="14.054115"><ele>151.75</ele></trkpt>
   <trkpt lat="50.529958" lon="14.052921"><ele>150.25</ele></trkpt>
   <trkpt lat="50.529761" lon="14.052745"><ele>150.5</ele></trkpt>
   <trkpt lat="50.526235" lon="14.049545"><ele>153</ele></trkpt>
   <trkpt lat="50.525196" lon="14.048614"><ele>153.75</ele></trkpt>
   <trkpt lat="50.524925" lon="14.048374"><ele>154.25</ele></trkpt>
   <trkpt lat="50.524721" lon="14.04818"><ele>154.75</ele></trkpt>
   <trkpt lat="50.524198" lon="14.047706"><ele>155.5</ele></trkpt>
   <trkpt lat="50.521726" lon="14.045494"><ele>153.25</ele></trkpt>
   <trkpt lat="50.521405" lon="14.045208"><ele>152.75</ele></trkpt>
   <trkpt lat="50.521031" lon="14.044894"><ele>153</ele></trkpt>
   <trkpt lat="50.520825" lon="14.044738"><ele>152.75</ele></trkpt>
   <trkpt lat="50.520565" lon="14.04456"><ele>152.5</ele></trkpt>
   <trkpt lat="50.520289" lon="14.044392"><ele>152</ele></trkpt>
   <trkpt lat="50.519999" lon="14.044236"><ele>151</ele></trkpt>
   <trkpt lat="50.519675" lon="14.044087"><ele>150.75</ele></trkpt>
   <trkpt lat="50.519188" lon="14.043912"><ele>150.75</ele></trkpt>
   <trkpt lat="50.518705" lon="14.043793"><ele>151</ele></trkpt>
   <trkpt lat="50.518203" lon="14.043729"><ele>151.25</ele></trkpt>
   <trkpt lat="50.517826" lon="14.043721"><ele>151</ele></trkpt>
   <trkpt lat="50.517455" lon="14.043747"><ele>151</ele></trkpt>
   <trkpt lat="50.517034" lon="14.043806"><ele>151.25</ele></trkpt>
   <trkpt lat="50.516627" lon="14.043902"><ele>151.5</ele></trkpt>
   <trkpt lat="50.516353" lon="14.043994"><ele>152</ele></trkpt>
   <trkpt lat="50.51576" lon="14.044257"><ele>153</ele></trkpt>
   <trkpt lat="50.515382" lon="14.044473"><ele>153</ele></trkpt>
   <trkpt lat="50.514852" lon="14.044854"><ele>152.25</ele></trkpt>
   <trkpt lat="50.514664" lon="14.045019"><ele>152.25</ele></trkpt>
   <trkpt lat="50.514343" lon="14.045305"><ele>152.75</ele></trkpt>
   <trkpt lat="50.514068" lon="14.045588"><ele>153</ele></trkpt>
   <trkpt lat="50.513695" lon="14.046022"><ele>153.25</ele></trkpt>
   <trkpt lat="50.51334" lon="14.046508"><ele>153</ele></trkpt>
   <trkpt lat="50.512916" lon="14.047156"><ele>152.25</ele></trkpt>
   <trkpt lat="50.512712" lon="14.047488"><ele>152.25</ele></trkpt>
   <trkpt lat="50.512516" lon="14.047838"><ele>152.25</ele></trkpt>
   <trkpt lat="50.512348" lon="14.048171"><ele>152.5</ele></trkpt>
   <trkpt lat="50.512164" lon="14.048577"><ele>152.5</ele></trkpt>
   <trkpt lat="50.512007" lon="14.04899"><ele>152.25</ele></trkpt>
   <trkpt lat="50.511852" lon="14.049435"><ele>152.25</ele></trkpt>
   <trkpt lat="50.51177" lon="14.049718"><ele>152.5</ele></trkpt>
   <trkpt lat="50.51162" lon="14.050302"><ele>153.25</ele></trkpt>
   <trkpt lat="50.511416" lon="14.051235"><ele>154.5</ele></trkpt>
   <trkpt lat="50.510831" lon="14.054091"><ele>152.75</ele></trkpt>
   <trkpt lat="50.510766" lon="14.054427"><ele>153.25</ele></trkpt>
   <trkpt lat="50.510548" lon="14.055487"><ele>153.25</ele></trkpt>
   <trkpt lat="50.510067" lon="14.057831"><ele>153.75</ele></trkpt>
   <trkpt lat="50.50971" lon="14.059584"><ele>155</ele></trkpt>
   <trkpt lat="50.509194" lon="14.062081"><ele>153</ele></trkpt>
   <trkpt lat="50.508833" lon="14.063857"><ele>152.75</ele></trkpt>
   <trkpt lat="50.508652" lon="14.064727"><ele>153</ele></trkpt>
   <trkpt lat="50.508583" lon="14.065078"><ele>152.75</ele></trkpt>
   <trkpt lat="50.508207" lon="14.066925"><ele>151.25</ele></trkpt>
   <trkpt lat="50.508105" lon="14.067412"><ele>151.5</ele></trkpt>
   <trkpt lat="50.507581" lon="14.069971"><ele>149.75</ele></trkpt>
   <trkpt lat="50.505731" lon="14.079033"><ele>148.25</ele></trkpt>
   <trkpt lat="50.505433" lon="14.08046"><ele>147.5</ele></trkpt>
   <trkpt lat="50.50538" lon="14.080753"><ele>147.5</ele></trkpt>
   <trkpt lat="50.504837" lon="14.083442"><ele>147.25</ele></trkpt>
   <trkpt lat="50.504606" lon="14.084566"><ele>147.5</ele></trkpt>
   <trkpt lat="50.504364" lon="14.085693"><ele>148.25</ele></trkpt>
   <trkpt lat="50.504331" lon="14.085867"><ele>148.25</ele></trkpt>
   <trkpt lat="50.504253" lon="14.086262"><ele>148.5</ele></trkpt>
   <trkpt lat="50.504169" lon="14.086696"><ele>148.75</ele></trkpt>
   <trkpt lat="50.503286" lon="14.090982"><ele>148</ele></trkpt>
   <trkpt lat="50.503151" lon="14.091641"><ele>148</ele></trkpt>
   <trkpt lat="50.50279" lon="14.093405"><ele>148.5</ele></trkpt>
   <trkpt lat="50.499068" lon="14.1116"><ele>149.75</ele></trkpt>
   <trkpt lat="50.497469" lon="14.119382"><ele>148.75</ele></trkpt>
   <trkpt lat="50.497305" lon="14.120191"><ele>149</ele></trkpt>
   <trkpt lat="50.495596" lon="14.128546"><ele>149</ele></trkpt>
   <trkpt lat="50.49554" lon="14.128822"><ele>149</ele></trkpt>
   <trkpt lat="50.494347" lon="14.134657"><ele>150.25</ele></trkpt>
   <trkpt lat="50.49427" lon="14.135035"><ele>150.75</ele></trkpt>
   <trkpt lat="50.493951" lon="14.136617"><ele>151.25</ele></trkpt>
   <trkpt lat="50.49362" lon="14.138213"><ele>150</ele></trkpt>
   <trkpt lat="50.493499" lon="14.138804"><ele>150</ele></trkpt>
   <trkpt lat="50.493347" lon="14.139558"><ele>150.25</ele></trkpt>
   <trkpt lat="50.493223" lon="14.140314"><ele>150.5</ele></trkpt>
   <trkpt lat="50.493195" lon="14.140508"><ele>150.5</ele></trkpt>
   <trkpt lat="50.493154" lon="14.140715"><ele>150.75</ele></trkpt>
   <trkpt lat="50.493077" lon="14.141093"><ele>150.75</ele></trkpt>
   <trkpt lat="50.492333" lon="14.144697"><ele>152.5</ele></trkpt>
   <trkpt lat="50.492223" lon="14.145455"><ele>152.75</ele></trkpt>
   <trkpt lat="50.492152" lon="14.145814"><ele>152.75</ele></trkpt>
   <trkpt lat="50.492103" lon="14.146051"><ele>153</ele></trkpt>
   <trkpt lat="50.492012" lon="14.146499"><ele>153.25</ele></trkpt>
   <trkpt lat="50.491453" lon="14.149194"><ele>154.5</ele></trkpt>
   <trkpt lat="50.491394" lon="14.149493"><ele>154.75</ele></trkpt>
   <trkpt lat="50.491304" lon="14.14993"><ele>154.75</ele></trkpt>
   <trkpt lat="50.49122" lon="14.150346"><ele>154.75</ele></trkpt>
   <trkpt lat="50.491062" lon="14.151129"><ele>154</ele></trkpt>
   <trkpt lat="50.490997" lon="14.151393"><ele>153.5</ele></trkpt>
   <trkpt lat="50.490869" lon="14.151834"><ele>152.75</ele></trkpt>
   <trkpt lat="50.490687" lon="14.152501"><ele>152</ele></trkpt>
   <trkpt lat="50.490668" lon="14.152582"><ele>152</ele></trkpt>
   <trkpt lat="50.490492" lon="14.153444"><ele>151.5</ele></trkpt>
   <trkpt lat="50.490354" lon="14.154129"><ele>151</ele></trkpt>
   <trkpt lat="50.490253" lon="14.154632"><ele>150.75</ele></trkpt>
   <trkpt lat="50.49003" lon="14.155495"><ele>151.5</ele></trkpt>
   <trkpt lat="50.490009" lon="14.15559"><ele>151.5</ele></trkpt>
   <trkpt lat="50.489565" lon="14.157741"><ele>156.25</ele></trkpt>
   <trkpt lat="50.487997" lon="14.165391"><ele>150.75</ele></trkpt>
   <trkpt lat="50.487798" lon="14.166267"><ele>151</ele></trkpt>
   <trkpt lat="50.487729" lon="14.166558"><ele>151.25</ele></trkpt>
   <trkpt lat="50.487591" lon="14.167123"><ele>151.25</ele></trkpt>
   <trkpt lat="50.487396" lon="14.167816"><ele>150.5</ele></trkpt>
   <trkpt lat="50.487162" lon="14.168581"><ele>150.25</ele></trkpt>
   <trkpt lat="50.486919" lon="14.16936"><ele>150.75</ele></trkpt>
   <trkpt lat="50.48651" lon="14.170518"><ele>152.25</ele></trkpt>
   <trkpt lat="50.486359" lon="14.170933"><ele>153</ele></trkpt>
   <trkpt lat="50.485027" lon="14.17452"><ele>158.5</ele></trkpt>
   <trkpt lat="50.482982" lon="14.180021"><ele>161.75</ele></trkpt>
   <trkpt lat="50.482938" lon="14.180139"><ele>162</ele></trkpt>
   <trkpt lat="50.480198" lon="14.187507"><ele>165</ele></trkpt>
   <trkpt lat="50.477968" lon="14.19353"><ele>158.25</ele></trkpt>
   <trkpt lat="50.47773" lon="14.194163"><ele>158.5</ele></trkpt>
   <trkpt lat="50.475315" lon="14.20067"><ele>157.75</ele></trkpt>
   <trkpt lat="50.473975" lon="14.204265"><ele>158.25</ele></trkpt>
   <trkpt lat="50.47388" lon="14.204522"><ele>158.25</ele></trkpt>
   <trkpt lat="50.470786" lon="14.212851"><ele>158.75</ele></trkpt>
   <trkpt lat="50.470704" lon="14.213074"><ele>159</ele></trkpt>
   <trkpt lat="50.469371" lon="14.216651"><ele>158.25</ele></trkpt>
   <trkpt lat="50.469312" lon="14.21681"><ele>158.25</ele></trkpt>
   <trkpt lat="50.468573" lon="14.218794"><ele>157</ele></trkpt>
   <trkpt lat="50.468037" lon="14.220233"><ele>156.75</ele></trkpt>
   <trkpt lat="50.467768" lon="14.22093"><ele>158.25</ele></trkpt>
   <trkpt lat="50.467481" lon="14.221613"><ele>159</ele></trkpt>
   <trkpt lat="50.467163" lon="14.222304"><ele>160.75</ele></trkpt>
   <trkpt lat="50.466823" lon="14.222962"><ele>163.25</ele></trkpt>
   <trkpt lat="50.466462" lon="14.223591"><ele>164.5</ele></trkpt>
   <trkpt lat="50.466095" lon="14.224175"><ele>163</ele></trkpt>
   <trkpt lat="50.465773" lon="14.22463"><ele>161</ele></trkpt>
   <trkpt lat="50.465426" lon="14.225087"><ele>160.5</ele></trkpt>
   <trkpt lat="50.465145" lon="14.22544"><ele>161.5</ele></trkpt>
   <trkpt lat="50.464863" lon="14.225757"><ele>161.25</ele></trkpt>
   <trkpt lat="50.464515" lon="14.226114"><ele>159.75</ele></trkpt>
   <trkpt lat="50.463866" lon="14.226712"><ele>157.5</ele></trkpt>
   <trkpt lat="50.463421" lon="14.22707"><ele>157</ele></trkpt>
   <trkpt lat="50.463243" lon="14.227197"><ele>157</ele></trkpt>
   <trkpt lat="50.46284" lon="14.227476"><ele>157</ele></trkpt>
   <trkpt lat="50.462468" lon="14.227703"><ele>157</ele></trkpt>
   <trkpt lat="50.462113" lon="14.227905"><ele>157.5</ele></trkpt>
   <trkpt lat="50.461023" lon="14.228448"><ele>157.75</ele></trkpt>
   <trkpt lat="50.460524" lon="14.228678"><ele>157.5</ele></trkpt>
   <trkpt lat="50.460116" lon="14.228869"><ele>157.25</ele></trkpt>
   <trkpt lat="50.459667" lon="14.22913"><ele>157</ele></trkpt>
   <trkpt lat="50.459148" lon="14.229352"><ele>156.5</ele></trkpt>
   <trkpt lat="50.458709" lon="14.229611"><ele>156</ele></trkpt>
   <trkpt lat="50.458411" lon="14.229741"><ele>156</ele></trkpt>
   <trkpt lat="50.458043" lon="14.229896"><ele>156</ele></trkpt>
   <trkpt lat="50.455564" lon="14.230951"><ele>153.75</ele></trkpt>
   <trkpt lat="50.453002" lon="14.23201"><ele>154</ele></trkpt>
   <trkpt lat="50.452537" lon="14.232183"><ele>153.75</ele></trkpt>
   <trkpt lat="50.452118" lon="14.232311"><ele>153.75</ele></trkpt>
   <trkpt lat="50.451581" lon="14.232526"><ele>154</ele></trkpt>
   <trkpt lat="50.450994" lon="14.232775"><ele>154</ele></trkpt>
   <trkpt lat="50.450858" lon="14.232826"><ele>154</ele></trkpt>
   <trkpt lat="50.450072" lon="14.233151"><ele>153</ele></trkpt>
   <trkpt lat="50.447456" lon="14.234266"><ele>152.75</ele></trkpt>
   <trkpt lat="50.447294" lon="14.234337"><ele>152.75</ele></trkpt>
   <trkpt lat="50.444508" lon="14.23553"><ele>156.75</ele></trkpt>
   <trkpt lat="50.444241" lon="14.235643"><ele>156.75</ele></trkpt>
   <trkpt lat="50.439782" lon="14.237545"><ele>164</ele></trkpt>
   <trkpt lat="50.438966" lon="14.23791"><ele>162</ele></trkpt>
   <trkpt lat="50.438501" lon="14.238133"><ele>161</ele></trkpt>
   <trkpt lat="50.438042" lon="14.238365"><ele>162.25</ele></trkpt>
   <trkpt lat="50.437458" lon="14.238674"><ele>165.5</ele></trkpt>
   <trkpt lat="50.436928" lon="14.238977"><ele>164.5</ele></trkpt>
   <trkpt lat="50.436356" lon="14.239327"><ele>162.5</ele></trkpt>
   <trkpt lat="50.435801" lon="14.239698"><ele>161.25</ele></trkpt>
   <trkpt lat="50.435296" lon="14.240068"><ele>162</ele></trkpt>
   <trkpt lat="50.434796" lon="14.240463"><ele>162.5</ele></trkpt>
   <trkpt lat="50.434115" lon="14.241047"><ele>159.25</ele></trkpt>
   <trkpt lat="50.433589" lon="14.241535"><ele>157.5</ele></trkpt>
   <trkpt lat="50.433302" lon="14.241823"><ele>158</ele></trkpt>
   <trkpt lat="50.433231" lon="14.241894"><ele>159</ele></trkpt>
   <trkpt lat="50.433082" lon="14.242043"><ele>160.75</ele></trkpt>
   <trkpt lat="50.432599" lon="14.242586"><ele>162.75</ele></trkpt>
   <trkpt lat="50.432145" lon="14.243141"><ele>161.75</ele></trkpt>
   <trkpt lat="50.431721" lon="14.243715"><ele>164</ele></trkpt>
   <trkpt lat="50.431505" lon="14.244026"><ele>164.5</ele></trkpt>
   <trkpt lat="50.431291" lon="14.244353"><ele>164.5</ele></trkpt>
   <trkpt lat="50.430849" lon="14.245082"><ele>162.25</ele></trkpt>
   <trkpt lat="50.430783" lon="14.245196"><ele>162.75</ele></trkpt>
   <trkpt lat="50.430168" lon="14.246274"><ele>163.5</ele></trkpt>
   <trkpt lat="50.429792" lon="14.246969"><ele>163.5</ele></trkpt>
   <trkpt lat="50.42945" lon="14.247631"><ele>164.5</ele></trkpt>
   <trkpt lat="50.429126" lon="14.248346"><ele>161.75</ele></trkpt>
   <trkpt lat="50.429" lon="14.248659"><ele>162.5</ele></trkpt>
   <trkpt lat="50.428852" lon="14.249054"><ele>163</ele></trkpt>
   <trkpt lat="50.428594" lon="14.24981"><ele>163.25</ele></trkpt>
   <trkpt lat="50.428391" lon="14.250517"><ele>162.75</ele></trkpt>
   <trkpt lat="50.428288" lon="14.250919"><ele>161.75</ele></trkpt>
   <trkpt lat="50.428188" lon="14.251348"><ele>159.5</ele></trkpt>
   <trkpt lat="50.42807" lon="14.251925"><ele>157.75</ele></trkpt>
   <trkpt lat="50.428029" lon="14.252142"><ele>157.75</ele></trkpt>
   <trkpt lat="50.427877" lon="14.253009"><ele>157.75</ele></trkpt>
   <trkpt lat="50.427847" lon="14.2532"><ele>157.5</ele></trkpt>
   <trkpt lat="50.427685" lon="14.254211"><ele>158.25</ele></trkpt>
   <trkpt lat="50.427654" lon="14.254402"><ele>158</ele></trkpt>
   <trkpt lat="50.427494" lon="14.255374"><ele>157</ele></trkpt>
   <trkpt lat="50.427419" lon="14.255818"><ele>156.5</ele></trkpt>
   <trkpt lat="50.427296" lon="14.256595"><ele>155.75</ele></trkpt>
   <trkpt lat="50.427188" lon="14.257386"><ele>155</ele></trkpt>
   <trkpt lat="50.427048" lon="14.258619"><ele>154</ele></trkpt>
   <trkpt lat="50.426935" lon="14.259726"><ele>154</ele></trkpt>
   <trkpt lat="50.426884" lon="14.26022"><ele>154</ele></trkpt>
   <trkpt lat="50.426792" lon="14.26125"><ele>154.25</ele></trkpt>
   <trkpt lat="50.426769" lon="14.262039"><ele>153.75</ele></trkpt>
   <trkpt lat="50.426752" lon="14.262699"><ele>152.75</ele></trkpt>
   <trkpt lat="50.426728" lon="14.263113"><ele>152</ele></trkpt>
   <trkpt lat="50.426592" lon="14.26491"><ele>155</ele></trkpt>
   <trkpt lat="50.426564" lon="14.265384"><ele>155.25</ele></trkpt>
   <trkpt lat="50.426541" lon="14.265919"><ele>155.5</ele></trkpt>
   <trkpt lat="50.426515" lon="14.266681"><ele>156</ele></trkpt>
   <trkpt lat="50.426503" lon="14.267444"><ele>156.5</ele></trkpt>
   <trkpt lat="50.426504" lon="14.268191"><ele>157.5</ele></trkpt>
   <trkpt lat="50.426519" lon="14.268994"><ele>157.25</ele></trkpt>
   <trkpt lat="50.426555" lon="14.269767"><ele>156</ele></trkpt>
   <trkpt lat="50.426604" lon="14.270459"><ele>155</ele></trkpt>
   <trkpt lat="50.42664" lon="14.270794"><ele>154.25</ele></trkpt>
   <trkpt lat="50.426862" lon="14.2723"><ele>154.5</ele></trkpt>
   <trkpt lat="50.42701" lon="14.273221"><ele>154.25</ele></trkpt>
   <trkpt lat="50.427127" lon="14.274092"><ele>154.25</ele></trkpt>
   <trkpt lat="50.427335" lon="14.275231"><ele>155</ele></trkpt>
   <trkpt lat="50.427442" lon="14.275811"><ele>155.5</ele></trkpt>
   <trkpt lat="50.427574" lon="14.276756"><ele>156.25</ele></trkpt>
   <trkpt lat="50.427652" lon="14.277179"><ele>156.5</ele></trkpt>
   <trkpt lat="50.427906" lon="14.278551"><ele>157.75</ele></trkpt>
   <trkpt lat="50.428075" lon="14.27943"><ele>158.25</ele></trkpt>
   <trkpt lat="50.42824" lon="14.280205"><ele>158.5</ele></trkpt>
   <trkpt lat="50.428412" lon="14.28096"><ele>157.25</ele></trkpt>
   <trkpt lat="50.428624" lon="14.281829"><ele>157</ele></trkpt>
   <trkpt lat="50.42879" lon="14.282524"><ele>157.25</ele></trkpt>
   <trkpt lat="50.428945" lon="14.283111"><ele>157.25</ele></trkpt>
   <trkpt lat="50.429138" lon="14.283748"><ele>157</ele></trkpt>
   <trkpt lat="50.429258" lon="14.28408"><ele>157</ele></trkpt>
   <trkpt lat="50.429368" lon="14.284366"><ele>157</ele></trkpt>
   <trkpt lat="50.429497" lon="14.284668"><ele>157</ele></trkpt>
   <trkpt lat="50.429618" lon="14.284927"><ele>156.75</ele></trkpt>
   <trkpt lat="50.429758" lon="14.285203"><ele>156.75</ele></trkpt>
   <trkpt lat="50.429901" lon="14.285464"><ele>156.75</ele></trkpt>
   <trkpt lat="50.430222" lon="14.285995"><ele>157</ele></trkpt>
   <trkpt lat="50.430604" lon="14.286577"><ele>157</ele></trkpt>
   <trkpt lat="50.431326" lon="14.287646"><ele>157</ele></trkpt>
   <trkpt lat="50.431419" lon="14.287781"><ele>157</ele></trkpt>
   <trkpt lat="50.432693" lon="14.289677"><ele>157.5</ele></trkpt>
   <trkpt lat="50.436656" lon="14.29556"><ele>156</ele></trkpt>
   <trkpt lat="50.436742" lon="14.295694"><ele>156</ele></trkpt>
   <trkpt lat="50.436949" lon="14.295999"><ele>156.25</ele></trkpt>
   <trkpt lat="50.437728" lon="14.297156"><ele>156.5</ele></trkpt>
   <trkpt lat="50.438" lon="14.297562"><ele>156.25</ele></trkpt>
   <trkpt lat="50.445307" lon="14.308413"><ele>159.5</ele></trkpt>
   <trkpt lat="50.448419" lon="14.313052"><ele>161.75</ele></trkpt>
   <trkpt lat="50.450648" lon="14.316372"><ele>163</ele></trkpt>
   <trkpt lat="50.451528" lon="14.31767"><ele>166.5</ele></trkpt>
   <trkpt lat="50.453301" lon="14.320313"><ele>164.75</ele></trkpt>
   <trkpt lat="50.455435" lon="14.323477"><ele>158.75</ele></trkpt>
   <trkpt lat="50.456859" lon="14.325608"><ele>159</ele></trkpt>
   <trkpt lat="50.457036" lon="14.325862"><ele>158.75</ele></trkpt>
   <trkpt lat="50.459313" lon="14.329249"><ele>159</ele></trkpt>
   <trkpt lat="50.460774" lon="14.331421"><ele>157.75</ele></trkpt>
   <trkpt lat="50.461203" lon="14.332093"><ele>157.75</ele></trkpt>
   <trkpt lat="50.461389" lon="14.33239"><ele>157.75</ele></trkpt>
   <trkpt lat="50.461726" lon="14.333008"><ele>158.5</ele></trkpt>
   <trkpt lat="50.46188" lon="14.333308"><ele>158.75</ele></trkpt>
   <trkpt lat="50.462041" lon="14.333652"><ele>159</ele></trkpt>
   <trkpt lat="50.462342" lon="14.334354"><ele>158.75</ele></trkpt>
   <trkpt lat="50.462617" lon="14.335095"><ele>157.75</ele></trkpt>
   <trkpt lat="50.462731" lon="14.335432"><ele>157.75</ele></trkpt>
   <trkpt lat="50.46284" lon="14.335791"><ele>158</ele></trkpt>
   <trkpt lat="50.463036" lon="14.336511"><ele>158.5</ele></trkpt>
   <trkpt lat="50.463154" lon="14.337019"><ele>158.25</ele></trkpt>
   <trkpt lat="50.463263" lon="14.337535"><ele>158</ele></trkpt>
   <trkpt lat="50.463405" lon="14.338335"><ele>158.5</ele></trkpt>
   <trkpt lat="50.463818" lon="14.340963"><ele>158.75</ele></trkpt>
   <trkpt lat="50.463921" lon="14.341706"><ele>158.25</ele></trkpt>
   <trkpt lat="50.463969" lon="14.342117"><ele>158</ele></trkpt>
   <trkpt lat="50.464042" lon="14.342903"><ele>157.75</ele></trkpt>
   <trkpt lat="50.464063" lon="14.343235"><ele>157.75</ele></trkpt>
   <trkpt lat="50.464087" lon="14.34379"><ele>157.75</ele></trkpt>
   <trkpt lat="50.464092" lon="14.344506"><ele>157.5</ele></trkpt>
   <trkpt lat="50.464085" lon="14.345021"><ele>156.75</ele></trkpt>
   <trkpt lat="50.464056" lon="14.345689"><ele>156.75</ele></trkpt>
   <trkpt lat="50.464027" lon="14.346078"><ele>157</ele></trkpt>
   <trkpt lat="50.463976" lon="14.346635"><ele>157.5</ele></trkpt>
   <trkpt lat="50.463927" lon="14.347064"><ele>157.25</ele></trkpt>
   <trkpt lat="50.463809" lon="14.347832"><ele>156.75</ele></trkpt>
   <trkpt lat="50.463696" lon="14.348469"><ele>157</ele></trkpt>
   <trkpt lat="50.463554" lon="14.349108"><ele>157</ele></trkpt>
   <trkpt lat="50.46347" lon="14.349441"><ele>157.25</ele></trkpt>
   <trkpt lat="50.463321" lon="14.349996"><ele>158</ele></trkpt>
   <trkpt lat="50.46309" lon="14.350772"><ele>157.5</ele></trkpt>
   <trkpt lat="50.462571" lon="14.352437"><ele>157.75</ele></trkpt>
   <trkpt lat="50.462325" lon="14.353197"><ele>157.5</ele></trkpt>
   <trkpt lat="50.462081" lon="14.353878"><ele>156.75</ele></trkpt>
   <trkpt lat="50.461845" lon="14.35445"><ele>157.25</ele></trkpt>
   <trkpt lat="50.461672" lon="14.354816"><ele>158.5</ele></trkpt>
   <trkpt lat="50.461495" lon="14.355158"><ele>158.75</ele></trkpt>
   <trkpt lat="50.461182" lon="14.355709"><ele>158.5</ele></trkpt>
   <trkpt lat="50.460961" lon="14.356052"><ele>158.75</ele></trkpt>
   <trkpt lat="50.4608" lon="14.356287"><ele>158.75</ele></trkpt>
   <trkpt lat="50.460367" lon="14.356844"><ele>158.25</ele></trkpt>
   <trkpt lat="50.460154" lon="14.357081"><ele>158</ele></trkpt>
   <trkpt lat="50.459919" lon="14.357321"><ele>157.75</ele></trkpt>
   <trkpt lat="50.459686" lon="14.357542"><ele>158</ele></trkpt>
   <trkpt lat="50.45944" lon="14.357751"><ele>158.25</ele></trkpt>
   <trkpt lat="50.459175" lon="14.357962"><ele>158.5</ele></trkpt>
   <trkpt lat="50.458904" lon="14.358148"><ele>158.25</ele></trkpt>
   <trkpt lat="50.458563" lon="14.358366"><ele>158.25</ele></trkpt>
   <trkpt lat="50.457611" lon="14.358893"><ele>157</ele></trkpt>
   <trkpt lat="50.457054" lon="14.359206"><ele>158</ele></trkpt>
   <trkpt lat="50.456907" lon="14.359288"><ele>158.5</ele></trkpt>
   <trkpt lat="50.456824" lon="14.359335"><ele>158.75</ele></trkpt>
   <trkpt lat="50.456559" lon="14.359471"><ele>158.75</ele></trkpt>
   <trkpt lat="50.455994" lon="14.359799"><ele>159.75</ele></trkpt>
   <trkpt lat="50.454266" lon="14.360757"><ele>159</ele></trkpt>
   <trkpt lat="50.452673" lon="14.361641"><ele>161</ele></trkpt>
   <trkpt lat="50.451703" lon="14.362173"><ele>161</ele></trkpt>
   <trkpt lat="50.449354" lon="14.363486"><ele>157.75</ele></trkpt>
   <trkpt lat="50.448768" lon="14.363803"><ele>158</ele></trkpt>
   <trkpt lat="50.44821" lon="14.36412"><ele>158</ele></trkpt>
   <trkpt lat="50.447605" lon="14.364517"><ele>158.25</ele></trkpt>
   <trkpt lat="50.447059" lon="14.364828"><ele>159.25</ele></trkpt>
   <trkpt lat="50.446685" lon="14.36504"><ele>159.75</ele></trkpt>
   <trkpt lat="50.445206" lon="14.365858"><ele>159.75</ele></trkpt>
   <trkpt lat="50.445049" lon="14.365947"><ele>159.75</ele></trkpt>
   <trkpt lat="50.438532" lon="14.369563"><ele>160</ele></trkpt>
   <trkpt lat="50.437987" lon="14.369866"><ele>160.75</ele></trkpt>
   <trkpt lat="50.430938" lon="14.373786"><ele>159</ele></trkpt>
   <trkpt lat="50.430479" lon="14.374057"><ele>159</ele></trkpt>
   <trkpt lat="50.429876" lon="14.374457"><ele>158.5</ele></trkpt>
   <trkpt lat="50.429669" lon="14.374614"><ele>158.25</ele></trkpt>
   <trkpt lat="50.42923" lon="14.374981"><ele>158</ele></trkpt>
   <trkpt lat="50.428846" lon="14.375347"><ele>158</ele></trkpt>
   <trkpt lat="50.42844" lon="14.375781"><ele>158</ele></trkpt>
   <trkpt lat="50.428255" lon="14.375996"><ele>158</ele></trkpt>
   <trkpt lat="50.427887" lon="14.376471"><ele>159</ele></trkpt>
   <trkpt lat="50.427535" lon="14.376979"><ele>159.75</ele></trkpt>
   <trkpt lat="50.427374" lon="14.377225"><ele>159.75</ele></trkpt>
   <trkpt lat="50.427207" lon="14.377504"><ele>159.5</ele></trkpt>
   <trkpt lat="50.427045" lon="14.377782"><ele>159.25</ele></trkpt>
   <trkpt lat="50.426868" lon="14.378109"><ele>159.5</ele></trkpt>
   <trkpt lat="50.426481" lon="14.378854"><ele>160</ele></trkpt>
   <trkpt lat="50.426396" lon="14.37904"><ele>160</ele></trkpt>
   <trkpt lat="50.422785" lon="14.386386"><ele>160.25</ele></trkpt>
   <trkpt lat="50.422672" lon="14.386618"><ele>160</ele></trkpt>
   <trkpt lat="50.420437" lon="14.391171"><ele>158.75</ele></trkpt>
   <trkpt lat="50.420293" lon="14.39146"><ele>159</ele></trkpt>
   <trkpt lat="50.411756" lon="14.40884"><ele>158.5</ele></trkpt>
   <trkpt lat="50.406825" lon="14.41888"><ele>161</ele></trkpt>
   <trkpt lat="50.406314" lon="14.419914"><ele>160.5</ele></trkpt>
   <trkpt lat="50.405978" lon="14.420533"><ele>160</ele></trkpt>
   <trkpt lat="50.405819" lon="14.42081"><ele>160</ele></trkpt>
   <trkpt lat="50.405644" lon="14.42109"><ele>160.25</ele></trkpt>
   <trkpt lat="50.405297" lon="14.421605"><ele>160.25</ele></trkpt>
   <trkpt lat="50.40494" lon="14.422074"><ele>160</ele></trkpt>
   <trkpt lat="50.404733" lon="14.42233"><ele>160</ele></trkpt>
   <trkpt lat="50.404512" lon="14.422585"><ele>159.75</ele></trkpt>
   <trkpt lat="50.404107" lon="14.423017"><ele>159.75</ele></trkpt>
   <trkpt lat="50.403516" lon="14.423566"><ele>159</ele></trkpt>
   <trkpt lat="50.402301" lon="14.424661"><ele>160</ele></trkpt>
   <trkpt lat="50.401483" lon="14.425377"><ele>159.75</ele></trkpt>
   <trkpt lat="50.39722" lon="14.429187"><ele>161</ele></trkpt>
   <trkpt lat="50.396791" lon="14.429556"><ele>161</ele></trkpt>
   <trkpt lat="50.395521" lon="14.430665"><ele>161</ele></trkpt>
   <trkpt lat="50.395005" lon="14.431119"><ele>161</ele></trkpt>
   <trkpt lat="50.392841" lon="14.433008"><ele>161</ele></trkpt>
   <trkpt lat="50.390413" lon="14.435185"><ele>161.75</ele></trkpt>
   <trkpt lat="50.389169" lon="14.436297"><ele>162.5</ele></trkpt>
   <trkpt lat="50.388786" lon="14.436636"><ele>162.75</ele></trkpt>
   <trkpt lat="50.388289" lon="14.437088"><ele>162.75</ele></trkpt>
   <trkpt lat="50.387945" lon="14.437396"><ele>162.5</ele></trkpt>
   <trkpt lat="50.387671" lon="14.437635"><ele>162.25</ele></trkpt>
   <trkpt lat="50.387277" lon="14.437919"><ele>162</ele></trkpt>
   <trkpt lat="50.386844" lon="14.438304"><ele>162</ele></trkpt>
   <trkpt lat="50.386555" lon="14.438551"><ele>162</ele></trkpt>
   <trkpt lat="50.38645" lon="14.438638"><ele>162</ele></trkpt>
   <trkpt lat="50.386331" lon="14.438736"><ele>162</ele></trkpt>
   <trkpt lat="50.385922" lon="14.439035"><ele>162</ele></trkpt>
   <trkpt lat="50.385714" lon="14.439173"><ele>161.75</ele></trkpt>
   <trkpt lat="50.385489" lon="14.439299"><ele>161.5</ele></trkpt>
   <trkpt lat="50.385304" lon="14.439391"><ele>161.5</ele></trkpt>
   <trkpt lat="50.384904" lon="14.43957"><ele>161.5</ele></trkpt>
   <trkpt lat="50.384678" lon="14.439653"><ele>161.75</ele></trkpt>
   <trkpt lat="50.38423" lon="14.439785"><ele>162.5</ele></trkpt>
   <trkpt lat="50.383825" lon="14.439861"><ele>162.25</ele></trkpt>
   <trkpt lat="50.383531" lon="14.439888"><ele>162</ele></trkpt>
   <trkpt lat="50.383411" lon="14.439899"><ele>161.75</ele></trkpt>
   <trkpt lat="50.383092" lon="14.439899"><ele>161.5</ele></trkpt>
   <trkpt lat="50.382978" lon="14.439899"><ele>161.5</ele></trkpt>
   <trkpt lat="50.38255" lon="14.439856"><ele>161</ele></trkpt>
   <trkpt lat="50.382105" lon="14.439767"><ele>161.25</ele></trkpt>
   <trkpt lat="50.381709" lon="14.439643"><ele>161.5</ele></trkpt>
   <trkpt lat="50.381278" lon="14.439473"><ele>161.25</ele></trkpt>
   <trkpt lat="50.38086" lon="14.439267"><ele>161.75</ele></trkpt>
   <trkpt lat="50.380435" lon="14.438999"><ele>161.5</ele></trkpt>
   <trkpt lat="50.380043" lon="14.438706"><ele>161</ele></trkpt>
   <trkpt lat="50.379584" lon="14.438304"><ele>162.25</ele></trkpt>
   <trkpt lat="50.379475" lon="14.438194"><ele>162.75</ele></trkpt>
   <trkpt lat="50.379304" lon="14.438015"><ele>163.25</ele></trkpt>
   <trkpt lat="50.378943" lon="14.437608"><ele>162.75</ele></trkpt>
   <trkpt lat="50.378604" lon="14.437163"><ele>162.5</ele></trkpt>
   <trkpt lat="50.378262" lon="14.436674"><ele>162.75</ele></trkpt>
   <trkpt lat="50.37787" lon="14.436083"><ele>162.5</ele></trkpt>
   <trkpt lat="50.376498" lon="14.434012"><ele>162.75</ele></trkpt>
   <trkpt lat="50.376401" lon="14.433869"><ele>162.75</ele></trkpt>
   <trkpt lat="50.366999" lon="14.419689"><ele>164.75</ele></trkpt>
   <trkpt lat="50.366237" lon="14.418538"><ele>165</ele></trkpt>
   <trkpt lat="50.366116" lon="14.418366"><ele>165</ele></trkpt>
   <trkpt lat="50.353655" lon="14.399588"><ele>169.25</ele></trkpt>
   <trkpt lat="50.352137" lon="14.397301"><ele>168</ele></trkpt>
   <trkpt lat="50.352064" lon="14.397191"><ele>168</ele></trkpt>
   <trkpt lat="50.350975" lon="14.395549"><ele>167.75</ele></trkpt>
   <trkpt lat="50.350844" lon="14.395356"><ele>167.75</ele></trkpt>
   <trkpt lat="50.342588" lon="14.382925"><ele>171.5</ele></trkpt>
   <trkpt lat="50.34009" lon="14.379164"><ele>172</ele></trkpt>
   <trkpt lat="50.338501" lon="14.376739"><ele>174.75</ele></trkpt>
   <trkpt lat="50.338243" lon="14.376343"><ele>175</ele></trkpt>
   <trkpt lat="50.338004" lon="14.375973"><ele>175</ele></trkpt>
   <trkpt lat="50.337787" lon="14.375645"><ele>175</ele></trkpt>
   <trkpt lat="50.337534" lon="14.375248"><ele>174.75</ele></trkpt>
   <trkpt lat="50.337181" lon="14.37471"><ele>175.5</ele></trkpt>
   <trkpt lat="50.335872" lon="14.372702"><ele>176</ele></trkpt>
   <trkpt lat="50.33483" lon="14.371129"><ele>176</ele></trkpt>
   <trkpt lat="50.332194" lon="14.367174"><ele>176</ele></trkpt>
   <trkpt lat="50.331488" lon="14.366144"><ele>176</ele></trkpt>
   <trkpt lat="50.331418" lon="14.366041"><ele>176</ele></trkpt>
   <trkpt lat="50.331267" lon="14.365817"><ele>176.25</ele></trkpt>
   <trkpt lat="50.331103" lon="14.365574"><ele>176.5</ele></trkpt>
   <trkpt lat="50.331019" lon="14.365452"><ele>176.75</ele></trkpt>
   <trkpt lat="50.330814" lon="14.365156"><ele>177</ele></trkpt>
   <trkpt lat="50.330597" lon="14.364841"><ele>176.75</ele></trkpt>
   <trkpt lat="50.330227" lon="14.36439"><ele>176.75</ele></trkpt>
   <trkpt lat="50.330094" lon="14.364195"><ele>176.75</ele></trkpt>
   <trkpt lat="50.329522" lon="14.363355"><ele>176.25</ele></trkpt>
   <trkpt lat="50.328238" lon="14.361413"><ele>175.5</ele></trkpt>
   <trkpt lat="50.320566" lon="14.34988"><ele>174.75</ele></trkpt>
   <trkpt lat="50.319971" lon="14.348986"><ele>174.75</ele></trkpt>
   <trkpt lat="50.319053" lon="14.34758"><ele>176.5</ele></trkpt>
   <trkpt lat="50.318699" lon="14.34698"><ele>176.5</ele></trkpt>
   <trkpt lat="50.318431" lon="14.346477"><ele>176.25</ele></trkpt>
   <trkpt lat="50.3182" lon="14.345993"><ele>175.5</ele></trkpt>
   <trkpt lat="50.317913" lon="14.345353"><ele>175.25</ele></trkpt>
   <trkpt lat="50.31765" lon="14.344687"><ele>175.75</ele></trkpt>
   <trkpt lat="50.317414" lon="14.343999"><ele>176.25</ele></trkpt>
   <trkpt lat="50.317201" lon="14.343295"><ele>175.5</ele></trkpt>
   <trkpt lat="50.316656" lon="14.341301"><ele>172.5</ele></trkpt>
   <trkpt lat="50.316576" lon="14.341017"><ele>173.25</ele></trkpt>
   <trkpt lat="50.31643" lon="14.340469"><ele>173.75</ele></trkpt>
   <trkpt lat="50.316313" lon="14.340085"><ele>173.5</ele></trkpt>
   <trkpt lat="50.315902" lon="14.338788"><ele>174.5</ele></trkpt>
   <trkpt lat="50.31569" lon="14.338162"><ele>175.5</ele></trkpt>
   <trkpt lat="50.314593" lon="14.335098"><ele>178.25</ele></trkpt>
   <trkpt lat="50.313752" lon="14.332723"><ele>180.75</ele></trkpt>
   <trkpt lat="50.31346" lon="14.331926"><ele>179.5</ele></trkpt>
   <trkpt lat="50.313043" lon="14.330856"><ele>178</ele></trkpt>
   <trkpt lat="50.312661" lon="14.329964"><ele>177</ele></trkpt>
   <trkpt lat="50.311076" lon="14.326434"><ele>172.5</ele></trkpt>
   <trkpt lat="50.310082" lon="14.324271"><ele>172.5</ele></trkpt>
   <trkpt lat="50.309854" lon="14.323775"><ele>171.75</ele></trkpt>
   <trkpt lat="50.309497" lon="14.32302"><ele>172.5</ele></trkpt>
   <trkpt lat="50.309222" lon="14.322479"><ele>172</ele></trkpt>
   <trkpt lat="50.308973" lon="14.322032"><ele>172</ele></trkpt>
   <trkpt lat="50.308649" lon="14.321499"><ele>171.75</ele></trkpt>
   <trkpt lat="50.308462" lon="14.321218"><ele>171.75</ele></trkpt>
   <trkpt lat="50.308075" lon="14.320683"><ele>173</ele></trkpt>
   <trkpt lat="50.307502" lon="14.320007"><ele>175</ele></trkpt>
   <trkpt lat="50.307334" lon="14.319828"><ele>174.75</ele></trkpt>
   <trkpt lat="50.306974" lon="14.319478"><ele>175</ele></trkpt>
   <trkpt lat="50.30675" lon="14.319276"><ele>175</ele></trkpt>
   <trkpt lat="50.306526" lon="14.319089"><ele>175.5</ele></trkpt>
   <trkpt lat="50.306076" lon="14.318748"><ele>176.75</ele></trkpt>
   <trkpt lat="50.30585" lon="14.318596"><ele>177.5</ele></trkpt>
   <trkpt lat="50.305422" lon="14.318334"><ele>179.25</ele></trkpt>
   <trkpt lat="50.305014" lon="14.318124"><ele>180.75</ele></trkpt>
   <trkpt lat="50.304592" lon="14.317932"><ele>180</ele></trkpt>
   <trkpt lat="50.302945" lon="14.317218"><ele>176.5</ele></trkpt>
   <trkpt lat="50.302793" lon="14.317155"><ele>176</ele></trkpt>
   <trkpt lat="50.302567" lon="14.317057"><ele>175</ele></trkpt>
   <trkpt lat="50.30071" lon="14.316262"><ele>170.75</ele></trkpt>
   <trkpt lat="50.300524" lon="14.316183"><ele>170.5</ele></trkpt>
   <trkpt lat="50.294967" lon="14.3138"><ele>169</ele></trkpt>
   <trkpt lat="50.294405" lon="14.313552"><ele>169</ele></trkpt>
   <trkpt lat="50.292304" lon="14.312661"><ele>169.75</ele></trkpt>
   <trkpt lat="50.29026" lon="14.311784"><ele>172.5</ele></trkpt>
   <trkpt lat="50.288034" lon="14.310828"><ele>171.25</ele></trkpt>
   <trkpt lat="50.287051" lon="14.310384"><ele>172</ele></trkpt>
   <trkpt lat="50.286658" lon="14.310211"><ele>172</ele></trkpt>
   <trkpt lat="50.286496" lon="14.31014"><ele>172</ele></trkpt>
   <trkpt lat="50.286302" lon="14.310055"><ele>172.25</ele></trkpt>
   <trkpt lat="50.286246" lon="14.310029"><ele>172.5</ele></trkpt>
   <trkpt lat="50.285791" lon="14.309892"><ele>173</ele></trkpt>
   <trkpt lat="50.283613" lon="14.308941"><ele>173</ele></trkpt>
   <trkpt lat="50.283486" lon="14.308887"><ele>173.25</ele></trkpt>
   <trkpt lat="50.283248" lon="14.308783"><ele>173.25</ele></trkpt>
   <trkpt lat="50.282927" lon="14.308646"><ele>173</ele></trkpt>
   <trkpt lat="50.282628" lon="14.308519"><ele>172.75</ele></trkpt>
   <trkpt lat="50.281641" lon="14.308099"><ele>173</ele></trkpt>
   <trkpt lat="50.281368" lon="14.307981"><ele>172.75</ele></trkpt>
   <trkpt lat="50.281209" lon="14.307913"><ele>172.5</ele></trkpt>
   <trkpt lat="50.280069" lon="14.307431"><ele>172.75</ele></trkpt>
   <trkpt lat="50.279341" lon="14.307175"><ele>173</ele></trkpt>
   <trkpt lat="50.278652" lon="14.306894"><ele>173</ele></trkpt>
   <trkpt lat="50.278155" lon="14.30674"><ele>173</ele></trkpt>
   <trkpt lat="50.277171" lon="14.306446"><ele>174.75</ele></trkpt>
   <trkpt lat="50.276708" lon="14.306296"><ele>175.25</ele></trkpt>
   <trkpt lat="50.275708" lon="14.306004"><ele>175.5</ele></trkpt>
   <trkpt lat="50.274138" lon="14.305573"><ele>176.5</ele></trkpt>
   <trkpt lat="50.272172" lon="14.305044"><ele>174.5</ele></trkpt>
   <trkpt lat="50.271095" lon="14.304761"><ele>176</ele></trkpt>
   <trkpt lat="50.26774" lon="14.303844"><ele>178.75</ele></trkpt>
   <trkpt lat="50.264715" lon="14.30303"><ele>185</ele></trkpt>
   <trkpt lat="50.263648" lon="14.302744"><ele>182</ele></trkpt>
   <trkpt lat="50.262589" lon="14.302452"><ele>179.5</ele></trkpt>
   <trkpt lat="50.262208" lon="14.302365"><ele>178.75</ele></trkpt>
   <trkpt lat="50.261969" lon="14.302319"><ele>178.5</ele></trkpt>
   <trkpt lat="50.261775" lon="14.302293"><ele>178.25</ele></trkpt>
   <trkpt lat="50.261428" lon="14.302279"><ele>179.75</ele></trkpt>
   <trkpt lat="50.260539" lon="14.302245"><ele>185.5</ele></trkpt>
   <trkpt lat="50.260162" lon="14.302194"><ele>186.75</ele></trkpt>
   <trkpt lat="50.259952" lon="14.302147"><ele>187.75</ele></trkpt>
   <trkpt lat="50.259734" lon="14.302082"><ele>188.25</ele></trkpt>
   <trkpt lat="50.258648" lon="14.301736"><ele>190</ele></trkpt>
   <trkpt lat="50.258356" lon="14.30167"><ele>190</ele></trkpt>
   <trkpt lat="50.258154" lon="14.301636"><ele>190.75</ele></trkpt>
   <trkpt lat="50.257975" lon="14.301615"><ele>191.5</ele></trkpt>
   <trkpt lat="50.257761" lon="14.301607"><ele>192</ele></trkpt>
   <trkpt lat="50.257283" lon="14.301635"><ele>191.25</ele></trkpt>
   <trkpt lat="50.254711" lon="14.301927"><ele>192.5</ele></trkpt>
   <trkpt lat="50.253389" lon="14.302087"><ele>194.5</ele></trkpt>
   <trkpt lat="50.251556" lon="14.3023"><ele>197.5</ele></trkpt>
   <trkpt lat="50.250785" lon="14.30239"><ele>198.75</ele></trkpt>
   <trkpt lat="50.250529" lon="14.30242"><ele>198.75</ele></trkpt>
   <trkpt lat="50.250249" lon="14.302453"><ele>197.5</ele></trkpt>
   <trkpt lat="50.250051" lon="14.302476"><ele>196.5</ele></trkpt>
   <trkpt lat="50.249829" lon="14.302502"><ele>195.5</ele></trkpt>
   <trkpt lat="50.249515" lon="14.302522"><ele>194.25</ele></trkpt>
   <trkpt lat="50.248939" lon="14.302623"><ele>192.25</ele></trkpt>
   <trkpt lat="50.248692" lon="14.302697"><ele>192</ele></trkpt>
   <trkpt lat="50.248184" lon="14.302879"><ele>191</ele></trkpt>
   <trkpt lat="50.247562" lon="14.303187"><ele>188.25</ele></trkpt>
   <trkpt lat="50.246205" lon="14.303905"><ele>182.5</ele></trkpt>
   <trkpt lat="50.245947" lon="14.30404"><ele>180.25</ele></trkpt>
   <trkpt lat="50.245249" lon="14.304408"><ele>177.75</ele></trkpt>
   <trkpt lat="50.244888" lon="14.30462"><ele>178</ele></trkpt>
   <trkpt lat="50.244683" lon="14.304753"><ele>179</ele></trkpt>
   <trkpt lat="50.244476" lon="14.304902"><ele>179.5</ele></trkpt>
   <trkpt lat="50.243869" lon="14.305417"><ele>185.5</ele></trkpt>
   <trkpt lat="50.243055" lon="14.306128"><ele>188.25</ele></trkpt>
   <trkpt lat="50.242534" lon="14.306603"><ele>183.25</ele></trkpt>
   <trkpt lat="50.2424" lon="14.306716"><ele>182</ele></trkpt>
   <trkpt lat="50.242161" lon="14.306917"><ele>182</ele></trkpt>
   <trkpt lat="50.241956" lon="14.307105"><ele>181.75</ele></trkpt>
   <trkpt lat="50.241465" lon="14.307553"><ele>179.5</ele></trkpt>
   <trkpt lat="50.241321" lon="14.307695"><ele>178.25</ele></trkpt>
   <trkpt lat="50.241254" lon="14.307764"><ele>177.5</ele></trkpt>
   <trkpt lat="50.241077" lon="14.307946"><ele>176.25</ele></trkpt>
   <trkpt lat="50.240602" lon="14.308529"><ele>176.5</ele></trkpt>
   <trkpt lat="50.240346" lon="14.308895"><ele>176.5</ele></trkpt>
   <trkpt lat="50.240169" lon="14.309175"><ele>176.75</ele></trkpt>
   <trkpt lat="50.239983" lon="14.309544"><ele>177</ele></trkpt>
   <trkpt lat="50.23968" lon="14.310194"><ele>177</ele></trkpt>
   <trkpt lat="50.239484" lon="14.310732"><ele>177</ele></trkpt>
   <trkpt lat="50.239248" lon="14.311401"><ele>177</ele></trkpt>
   <trkpt lat="50.239164" lon="14.311675"><ele>177</ele></trkpt>
   <trkpt lat="50.23888" lon="14.312768"><ele>178.5</ele></trkpt>
   <trkpt lat="50.23851" lon="14.314382"><ele>178</ele></trkpt>
   <trkpt lat="50.238168" lon="14.315914"><ele>179.5</ele></trkpt>
   <trkpt lat="50.238116" lon="14.316151"><ele>180</ele></trkpt>
   <trkpt lat="50.238018" lon="14.316472"><ele>180.5</ele></trkpt>
   <trkpt lat="50.237917" lon="14.316807"><ele>180.5</ele></trkpt>
   <trkpt lat="50.237764" lon="14.317305"><ele>180.5</ele></trkpt>
   <trkpt lat="50.237566" lon="14.317963"><ele>179</ele></trkpt>
   <trkpt lat="50.237469" lon="14.318383"><ele>178.5</ele></trkpt>
   <trkpt lat="50.237268" lon="14.319079"><ele>181</ele></trkpt>
   <trkpt lat="50.237189" lon="14.319428"><ele>180.25</ele></trkpt>
   <trkpt lat="50.236332" lon="14.323254"><ele>178.25</ele></trkpt>
   <trkpt lat="50.235406" lon="14.32734"><ele>180</ele></trkpt>
   <trkpt lat="50.235236" lon="14.328026"><ele>180.5</ele></trkpt>
   <trkpt lat="50.23503" lon="14.32873"><ele>180.25</ele></trkpt>
   <trkpt lat="50.23492" lon="14.329081"><ele>183</ele></trkpt>
   <trkpt lat="50.234557" lon="14.330152"><ele>192</ele></trkpt>
   <trkpt lat="50.234326" lon="14.33083"><ele>191.25</ele></trkpt>
   <trkpt lat="50.234085" lon="14.331389"><ele>189.5</ele></trkpt>
   <trkpt lat="50.233863" lon="14.332044"><ele>189.75</ele></trkpt>
   <trkpt lat="50.233786" lon="14.332257"><ele>190</ele></trkpt>
   <trkpt lat="50.233661" lon="14.332573"><ele>190</ele></trkpt>
   <trkpt lat="50.233583" lon="14.33273"><ele>190</ele></trkpt>
   <trkpt lat="50.233368" lon="14.333121"><ele>189.5</ele></trkpt>
   <trkpt lat="50.233234" lon="14.333367"><ele>189.5</ele></trkpt>
   <trkpt lat="50.233106" lon="14.33358"><ele>191.25</ele></trkpt>
   <trkpt lat="50.23291" lon="14.333878"><ele>192.5</ele></trkpt>
   <trkpt lat="50.232577" lon="14.334266"><ele>192</ele></trkpt>
   <trkpt lat="50.23209" lon="14.334774"><ele>190.5</ele></trkpt>
   <trkpt lat="50.231631" lon="14.335253"><ele>191</ele></trkpt>
   <trkpt lat="50.231275" lon="14.33566"><ele>191.75</ele></trkpt>
   <trkpt lat="50.230946" lon="14.336096"><ele>190</ele></trkpt>
   <trkpt lat="50.230661" lon="14.336544"><ele>187.75</ele></trkpt>
   <trkpt lat="50.2304" lon="14.337037"><ele>188.75</ele></trkpt>
   <trkpt lat="50.230151" lon="14.337573"><ele>188</ele></trkpt>
   <trkpt lat="50.229283" lon="14.339575"><ele>185.75</ele></trkpt>
   <trkpt lat="50.229038" lon="14.340159"><ele>184</ele></trkpt>
   <trkpt lat="50.228888" lon="14.340505"><ele>185</ele></trkpt>
   <trkpt lat="50.227499" lon="14.343729"><ele>180.5</ele></trkpt>
   <trkpt lat="50.227296" lon="14.344198"><ele>181.75</ele></trkpt>
   <trkpt lat="50.226936" lon="14.345037"><ele>181.25</ele></trkpt>
   <trkpt lat="50.226888" lon="14.34514"><ele>181</ele></trkpt>
   <trkpt lat="50.226719" lon="14.345507"><ele>180.75</ele></trkpt>
   <trkpt lat="50.22644" lon="14.34606"><ele>179.75</ele></trkpt>
   <trkpt lat="50.22611" lon="14.34664"><ele>178.25</ele></trkpt>
   <trkpt lat="50.22575" lon="14.347212"><ele>178</ele></trkpt>
   <trkpt lat="50.225366" lon="14.347743"><ele>178.25</ele></trkpt>
   <trkpt lat="50.225178" lon="14.347977"><ele>178.5</ele></trkpt>
   <trkpt lat="50.224976" lon="14.348223"><ele>178.25</ele></trkpt>
   <trkpt lat="50.224593" lon="14.348635"><ele>178.25</ele></trkpt>
   <trkpt lat="50.224208" lon="14.348997"><ele>179</ele></trkpt>
   <trkpt lat="50.223969" lon="14.349198"><ele>179</ele></trkpt>
   <trkpt lat="50.223807" lon="14.349323"><ele>178.75</ele></trkpt>
   <trkpt lat="50.223385" lon="14.349615"><ele>178.25</ele></trkpt>
   <trkpt lat="50.223182" lon="14.349735"><ele>178.25</ele></trkpt>
   <trkpt lat="50.222949" lon="14.349857"><ele>178.5</ele></trkpt>
   <trkpt lat="50.222493" lon="14.350053"><ele>178.75</ele></trkpt>
   <trkpt lat="50.221848" lon="14.350294"><ele>180.75</ele></trkpt>
   <trkpt lat="50.221645" lon="14.350365"><ele>181.25</ele></trkpt>
   <trkpt lat="50.218872" lon="14.351384"><ele>181</ele></trkpt>
   <trkpt lat="50.218428" lon="14.351541"><ele>181</ele></trkpt>
   <trkpt lat="50.218317" lon="14.351576"><ele>181</ele></trkpt>
   <trkpt lat="50.218077" lon="14.351653"><ele>181.75</ele></trkpt>
   <trkpt lat="50.217672" lon="14.351749"><ele>184.75</ele></trkpt>
   <trkpt lat="50.21731" lon="14.351793"><ele>186.75</ele></trkpt>
   <trkpt lat="50.217094" lon="14.35181"><ele>187.25</ele></trkpt>
   <trkpt lat="50.216865" lon="14.35181"><ele>188.25</ele></trkpt>
   <trkpt lat="50.216428" lon="14.351771"><ele>189</ele></trkpt>
   <trkpt lat="50.215558" lon="14.351633"><ele>188.5</ele></trkpt>
   <trkpt lat="50.215154" lon="14.35153"><ele>189.75</ele></trkpt>
   <trkpt lat="50.214976" lon="14.351475"><ele>190.5</ele></trkpt>
   <trkpt lat="50.214735" lon="14.351379"><ele>190.75</ele></trkpt>
   <trkpt lat="50.214334" lon="14.351179"><ele>191.25</ele></trkpt>
   <trkpt lat="50.21363" lon="14.35075"><ele>189.25</ele></trkpt>
   <trkpt lat="50.2133" lon="14.350566"><ele>186</ele></trkpt>
   <trkpt lat="50.2129" lon="14.350404"><ele>185.25</ele></trkpt>
   <trkpt lat="50.2126" lon="14.350314"><ele>183.75</ele></trkpt>
   <trkpt lat="50.212262" lon="14.350264"><ele>184.75</ele></trkpt>
   <trkpt lat="50.21209" lon="14.350255"><ele>185.75</ele></trkpt>
   <trkpt lat="50.211902" lon="14.350263"><ele>187</ele></trkpt>
   <trkpt lat="50.211563" lon="14.350307"><ele>188.25</ele></trkpt>
   <trkpt lat="50.211378" lon="14.350349"><ele>188</ele></trkpt>
   <trkpt lat="50.211172" lon="14.350414"><ele>187.75</ele></trkpt>
   <trkpt lat="50.21081" lon="14.350557"><ele>187</ele></trkpt>
   <trkpt lat="50.210474" lon="14.350742"><ele>188</ele></trkpt>
   <trkpt lat="50.210269" lon="14.350878"><ele>188</ele></trkpt>
   <trkpt lat="50.21006" lon="14.351032"><ele>187.75</ele></trkpt>
   <trkpt lat="50.209867" lon="14.351197"><ele>187.5</ele></trkpt>
   <trkpt lat="50.209708" lon="14.351357"><ele>187</ele></trkpt>
   <trkpt lat="50.209444" lon="14.351649"><ele>184.75</ele></trkpt>
   <trkpt lat="50.209205" lon="14.351961"><ele>184.5</ele></trkpt>
   <trkpt lat="50.20889" lon="14.352456"><ele>185</ele></trkpt>
   <trkpt lat="50.208785" lon="14.35264"><ele>184.5</ele></trkpt>
   <trkpt lat="50.208693" lon="14.352827"><ele>184</ele></trkpt>
   <trkpt lat="50.208609" lon="14.35301"><ele>183.25</ele></trkpt>
   <trkpt lat="50.208501" lon="14.353255"><ele>182</ele></trkpt>
   <trkpt lat="50.208397" lon="14.353518"><ele>181.25</ele></trkpt>
   <trkpt lat="50.208245" lon="14.353969"><ele>181.25</ele></trkpt>
   <trkpt lat="50.208072" lon="14.354558"><ele>180.25</ele></trkpt>
   <trkpt lat="50.207793" lon="14.355585"><ele>179.75</ele></trkpt>
   <trkpt lat="50.207076" lon="14.358216"><ele>178.75</ele></trkpt>
   <trkpt lat="50.206972" lon="14.358598"><ele>178.5</ele></trkpt>
   <trkpt lat="50.206907" lon="14.35883"><ele>178.5</ele></trkpt>
   <trkpt lat="50.206744" lon="14.35936"><ele>178.5</ele></trkpt>
   <trkpt lat="50.206575" lon="14.359838"><ele>179.5</ele></trkpt>
   <trkpt lat="50.206374" lon="14.360304"><ele>181.75</ele></trkpt>
   <trkpt lat="50.20628" lon="14.360506"><ele>182.5</ele></trkpt>
   <trkpt lat="50.206186" lon="14.360678"><ele>183</ele></trkpt>
   <trkpt lat="50.206072" lon="14.360885"><ele>182.75</ele></trkpt>
   <trkpt lat="50.20587" lon="14.361227"><ele>181</ele></trkpt>
   <trkpt lat="50.205738" lon="14.361429"><ele>182.25</ele></trkpt>
   <trkpt lat="50.205581" lon="14.361646"><ele>184.75</ele></trkpt>
   <trkpt lat="50.205349" lon="14.361938"><ele>189</ele></trkpt>
   <trkpt lat="50.20522" lon="14.362081"><ele>191</ele></trkpt>
   <trkpt lat="50.205077" lon="14.36222"><ele>192.5</ele></trkpt>
   <trkpt lat="50.204813" lon="14.36245"><ele>193.25</ele></trkpt>
   <trkpt lat="50.204549" lon="14.362639"><ele>193</ele></trkpt>
   <trkpt lat="50.204212" lon="14.362822"><ele>192</ele></trkpt>
   <trkpt lat="50.203882" lon="14.362951"><ele>188.75</ele></trkpt>
   <trkpt lat="50.203589" lon="14.363026"><ele>186.25</ele></trkpt>
   <trkpt lat="50.203311" lon="14.36306"><ele>184.5</ele></trkpt>
   <trkpt lat="50.202692" lon="14.363083"><ele>179</ele></trkpt>
   <trkpt lat="50.20242" lon="14.363132"><ele>176.75</ele></trkpt>
   <trkpt lat="50.202068" lon="14.363172"><ele>176</ele></trkpt>
   <trkpt lat="50.201851" lon="14.363209"><ele>175.5</ele></trkpt>
   <trkpt lat="50.201697" lon="14.363238"><ele>175.25</ele></trkpt>
   <trkpt lat="50.201375" lon="14.363329"><ele>175.5</ele></trkpt>
   <trkpt lat="50.201193" lon="14.363407"><ele>176</ele></trkpt>
   <trkpt lat="50.200889" lon="14.363563"><ele>176.5</ele></trkpt>
   <trkpt lat="50.200707" lon="14.363672"><ele>177.5</ele></trkpt>
   <trkpt lat="50.200494" lon="14.363831"><ele>179.25</ele></trkpt>
   <trkpt lat="50.200335" lon="14.363968"><ele>180.25</ele></trkpt>
   <trkpt lat="50.200189" lon="14.364099"><ele>181.25</ele></trkpt>
   <trkpt lat="50.200032" lon="14.364264"><ele>182.5</ele></trkpt>
   <trkpt lat="50.19976" lon="14.364582"><ele>183</ele></trkpt>
   <trkpt lat="50.199465" lon="14.364987"><ele>183.25</ele></trkpt>
   <trkpt lat="50.199267" lon="14.365286"><ele>183.25</ele></trkpt>
   <trkpt lat="50.199024" lon="14.365735"><ele>183.25</ele></trkpt>
   <trkpt lat="50.19833" lon="14.367076"><ele>181</ele></trkpt>
   <trkpt lat="50.197884" lon="14.36792"><ele>182.5</ele></trkpt>
   <trkpt lat="50.197524" lon="14.368626"><ele>182.75</ele></trkpt>
   <trkpt lat="50.197433" lon="14.368796"><ele>183.25</ele></trkpt>
   <trkpt lat="50.197051" lon="14.369433"><ele>183.75</ele></trkpt>
   <trkpt lat="50.196906" lon="14.369708"><ele>183.5</ele></trkpt>
   <trkpt lat="50.196746" lon="14.369959"><ele>183</ele></trkpt>
   <trkpt lat="50.19661" lon="14.370277"><ele>183.25</ele></trkpt>
   <trkpt lat="50.196466" lon="14.370559"><ele>183.5</ele></trkpt>
   <trkpt lat="50.196418" lon="14.370648"><ele>183.75</ele></trkpt>
   <trkpt lat="50.19636" lon="14.370767"><ele>183.75</ele></trkpt>
   <trkpt lat="50.196102" lon="14.371215"><ele>183.25</ele></trkpt>
   <trkpt lat="50.195889" lon="14.371532"><ele>182.5</ele></trkpt>
   <trkpt lat="50.195659" lon="14.371826"><ele>182.25</ele></trkpt>
   <trkpt lat="50.195373" lon="14.372128"><ele>182.75</ele></trkpt>
   <trkpt lat="50.195103" lon="14.372361"><ele>183</ele></trkpt>
   <trkpt lat="50.19468" lon="14.372647"><ele>182.5</ele></trkpt>
   <trkpt lat="50.1943" lon="14.372897"><ele>181.5</ele></trkpt>
   <trkpt lat="50.193822" lon="14.373139"><ele>180.75</ele></trkpt>
   <trkpt lat="50.193598" lon="14.373237"><ele>180.25</ele></trkpt>
   <trkpt lat="50.193359" lon="14.373331"><ele>180</ele></trkpt>
   <trkpt lat="50.192946" lon="14.373448"><ele>180.25</ele></trkpt>
   <trkpt lat="50.192493" lon="14.373525"><ele>180.5</ele></trkpt>
   <trkpt lat="50.192049" lon="14.373551"><ele>181</ele></trkpt>
   <trkpt lat="50.19163" lon="14.373529"><ele>181.5</ele></trkpt>
   <trkpt lat="50.191306" lon="14.373479"><ele>181.25</ele></trkpt>
   <trkpt lat="50.190908" lon="14.373383"><ele>181</ele></trkpt>
   <trkpt lat="50.190388" lon="14.37319"><ele>181.25</ele></trkpt>
   <trkpt lat="50.189927" lon="14.372981"><ele>182</ele></trkpt>
   <trkpt lat="50.188637" lon="14.372358"><ele>183.25</ele></trkpt>
   <trkpt lat="50.187913" lon="14.372007"><ele>182.25</ele></trkpt>
   <trkpt lat="50.187425" lon="14.37175"><ele>181.25</ele></trkpt>
   <trkpt lat="50.18694" lon="14.371437"><ele>180.25</ele></trkpt>
   <trkpt lat="50.186495" lon="14.371102"><ele>180.5</ele></trkpt>
   <trkpt lat="50.18605" lon="14.370724"><ele>181</ele></trkpt>
   <trkpt lat="50.185622" lon="14.370302"><ele>180.75</ele></trkpt>
   <trkpt lat="50.185281" lon="14.369923"><ele>180.5</ele></trkpt>
   <trkpt lat="50.185201" lon="14.36983"><ele>180.75</ele></trkpt>
   <trkpt lat="50.184812" lon="14.369335"><ele>182.25</ele></trkpt>
   <trkpt lat="50.184439" lon="14.3688"><ele>182.25</ele></trkpt>
   <trkpt lat="50.184086" lon="14.368234"><ele>182</ele></trkpt>
   <trkpt lat="50.183526" lon="14.367248"><ele>186</ele></trkpt>
   <trkpt lat="50.183454" lon="14.367119"><ele>185.75</ele></trkpt>
   <trkpt lat="50.182698" lon="14.365777"><ele>188.25</ele></trkpt>
   <trkpt lat="50.182384" lon="14.365185"><ele>187</ele></trkpt>
   <trkpt lat="50.182083" lon="14.364562"><ele>189.75</ele></trkpt>
   <trkpt lat="50.181822" lon="14.363935"><ele>189</ele></trkpt>
   <trkpt lat="50.18158" lon="14.363259"><ele>186.25</ele></trkpt>
   <trkpt lat="50.181373" lon="14.362581"><ele>191.75</ele></trkpt>
   <trkpt lat="50.181197" lon="14.361875"><ele>193</ele></trkpt>
   <trkpt lat="50.181046" lon="14.36118"><ele>192.5</ele></trkpt>
   <trkpt lat="50.18081" lon="14.359857"><ele>192.75</ele></trkpt>
   <trkpt lat="50.180683" lon="14.359221"><ele>198.75</ele></trkpt>
   <trkpt lat="50.180535" lon="14.358594"><ele>200.5</ele></trkpt>
   <trkpt lat="50.180358" lon="14.357994"><ele>200.5</ele></trkpt>
   <trkpt lat="50.180166" lon="14.357421"><ele>198.5</ele></trkpt>
   <trkpt lat="50.179942" lon="14.356866"><ele>194.25</ele></trkpt>
   <trkpt lat="50.179687" lon="14.356311"><ele>197.25</ele></trkpt>
   <trkpt lat="50.179549" lon="14.356053"><ele>198.25</ele></trkpt>
   <trkpt lat="50.179399" lon="14.35578"><ele>197.5</ele></trkpt>
   <trkpt lat="50.179044" lon="14.355177"><ele>193.5</ele></trkpt>
   <trkpt lat="50.17805" lon="14.353541"><ele>200.25</ele></trkpt>
   <trkpt lat="50.177733" lon="14.353045"><ele>200</ele></trkpt>
   <trkpt lat="50.177407" lon="14.3526"><ele>202.5</ele></trkpt>
   <trkpt lat="50.177083" lon="14.35221"><ele>204.75</ele></trkpt>
   <trkpt lat="50.176849" lon="14.351967"><ele>202</ele></trkpt>
   <trkpt lat="50.176729" lon="14.351854"><ele>199.5</ele></trkpt>
   <trkpt lat="50.176384" lon="14.351568"><ele>198</ele></trkpt>
   <trkpt lat="50.176025" lon="14.351315"><ele>200.25</ele></trkpt>
   <trkpt lat="50.175663" lon="14.351112"><ele>201</ele></trkpt>
   <trkpt lat="50.175285" lon="14.350948"><ele>200.25</ele></trkpt>
   <trkpt lat="50.174899" lon="14.350826"><ele>198.75</ele></trkpt>
   <trkpt lat="50.173951" lon="14.350625"><ele>201</ele></trkpt>
   <trkpt lat="50.173455" lon="14.350535"><ele>202.25</ele></trkpt>
   <trkpt lat="50.173214" lon="14.350503"><ele>202.75</ele></trkpt>
   <trkpt lat="50.173064" lon="14.350496"><ele>203.25</ele></trkpt>
   <trkpt lat="50.172843" lon="14.350489"><ele>203.75</ele></trkpt>
   <trkpt lat="50.172641" lon="14.350497"><ele>203.75</ele></trkpt>
   <trkpt lat="50.17224" lon="14.350565"><ele>203.5</ele></trkpt>
   <trkpt lat="50.171827" lon="14.350688"><ele>202.5</ele></trkpt>
   <trkpt lat="50.171638" lon="14.350756"><ele>201.5</ele></trkpt>
   <trkpt lat="50.171417" lon="14.350861"><ele>197</ele></trkpt>
   <trkpt lat="50.171131" lon="14.35103"><ele>191.25</ele></trkpt>
   <trkpt lat="50.170836" lon="14.351228"><ele>186.75</ele></trkpt>
   <trkpt lat="50.17066" lon="14.351369"><ele>187.75</ele></trkpt>
   <trkpt lat="50.170518" lon="14.351496"><ele>189.25</ele></trkpt>
   <trkpt lat="50.17029" lon="14.351719"><ele>192.25</ele></trkpt>
   <trkpt lat="50.169916" lon="14.35213"><ele>196.5</ele></trkpt>
   <trkpt lat="50.169524" lon="14.352631"><ele>202</ele></trkpt>
   <trkpt lat="50.169129" lon="14.353192"><ele>199.25</ele></trkpt>
   <trkpt lat="50.16878" lon="14.353771"><ele>205.25</ele></trkpt>
   <trkpt lat="50.16849" lon="14.354311"><ele>203.75</ele></trkpt>
   <trkpt lat="50.168247" lon="14.354856"><ele>198</ele></trkpt>
   <trkpt lat="50.168031" lon="14.355428"><ele>203.25</ele></trkpt>
   <trkpt lat="50.167864" lon="14.355973"><ele>205</ele></trkpt>
   <trkpt lat="50.167822" lon="14.356134"><ele>204.5</ele></trkpt>
   <trkpt lat="50.167707" lon="14.356639"><ele>200.25</ele></trkpt>
   <trkpt lat="50.16765" lon="14.356933"><ele>200</ele></trkpt>
   <trkpt lat="50.167601" lon="14.357233"><ele>199.75</ele></trkpt>
   <trkpt lat="50.167554" lon="14.357561"><ele>199</ele></trkpt>
   <trkpt lat="50.167518" lon="14.357896"><ele>197.5</ele></trkpt>
   <trkpt lat="50.167484" lon="14.358224"><ele>196.5</ele></trkpt>
   <trkpt lat="50.167464" lon="14.358534"><ele>196.75</ele></trkpt>
   <trkpt lat="50.167463" lon="14.358877"><ele>196.25</ele></trkpt>
   <trkpt lat="50.167479" lon="14.359974"><ele>194</ele></trkpt>
   <trkpt lat="50.167546" lon="14.361643"><ele>192</ele></trkpt>
   <trkpt lat="50.167594" lon="14.362373"><ele>191.25</ele></trkpt>
   <trkpt lat="50.167667" lon="14.363027"><ele>189.75</ele></trkpt>
   <trkpt lat="50.167793" lon="14.363838"><ele>190.25</ele></trkpt>
   <trkpt lat="50.167857" lon="14.364134"><ele>190.5</ele></trkpt>
   <trkpt lat="50.167997" lon="14.364716"><ele>190.5</ele></trkpt>
   <trkpt lat="50.16809" lon="14.36504"><ele>189.75</ele></trkpt>
   <trkpt lat="50.168282" lon="14.36563"><ele>186.75</ele></trkpt>
   <trkpt lat="50.169823" lon="14.369781"><ele>186.5</ele></trkpt>
   <trkpt lat="50.170206" lon="14.370888"><ele>187.5</ele></trkpt>
   <trkpt lat="50.170282" lon="14.371131"><ele>188</ele></trkpt>
   <trkpt lat="50.170502" lon="14.371988"><ele>189</ele></trkpt>
   <trkpt lat="50.170586" lon="14.372365"><ele>189.5</ele></trkpt>
   <trkpt lat="50.170722" lon="14.373091"><ele>189.5</ele></trkpt>
   <trkpt lat="50.170784" lon="14.373455"><ele>188.5</ele></trkpt>
   <trkpt lat="50.170841" lon="14.37387"><ele>187</ele></trkpt>
   <trkpt lat="50.170882" lon="14.374246"><ele>187.25</ele></trkpt>
   <trkpt lat="50.170917" lon="14.37464"><ele>187.5</ele></trkpt>
   <trkpt lat="50.17094" lon="14.374977"><ele>187.75</ele></trkpt>
   <trkpt lat="50.170962" lon="14.375696"><ele>186.25</ele></trkpt>
   <trkpt lat="50.170966" lon="14.37658"><ele>183.75</ele></trkpt>
   <trkpt lat="50.170967" lon="14.376836"><ele>183.75</ele></trkpt>
   <trkpt lat="50.170969" lon="14.377191"><ele>184</ele></trkpt>
   <trkpt lat="50.170957" lon="14.378076"><ele>185.5</ele></trkpt>
   <trkpt lat="50.170954" lon="14.378925"><ele>187.75</ele></trkpt>
   <trkpt lat="50.17094" lon="14.379809"><ele>191.5</ele></trkpt>
   <trkpt lat="50.170938" lon="14.380688"><ele>191.5</ele></trkpt>
   <trkpt lat="50.170926" lon="14.381564"><ele>190</ele></trkpt>
   <trkpt lat="50.170907" lon="14.384205"><ele>187.75</ele></trkpt>
   <trkpt lat="50.170915" lon="14.385113"><ele>189.75</ele></trkpt>
   <trkpt lat="50.170936" lon="14.385889"><ele>191</ele></trkpt>
   <trkpt lat="50.171153" lon="14.390745"><ele>195.25</ele></trkpt>
   <trkpt lat="50.171253" lon="14.392843"><ele>191.25</ele></trkpt>
   <trkpt lat="50.17128" lon="14.393605"><ele>190</ele></trkpt>
   <trkpt lat="50.171281" lon="14.393927"><ele>188.75</ele></trkpt>
   <trkpt lat="50.171274" lon="14.394258"><ele>187.75</ele></trkpt>
   <trkpt lat="50.171239" lon="14.394829"><ele>185.75</ele></trkpt>
   <trkpt lat="50.171211" lon="14.395108"><ele>185.25</ele></trkpt>
   <trkpt lat="50.171141" lon="14.395649"><ele>185</ele></trkpt>
   <trkpt lat="50.171089" lon="14.395946"><ele>184.75</ele></trkpt>
   <trkpt lat="50.17103" lon="14.396227"><ele>184.25</ele></trkpt>
   <trkpt lat="50.170892" lon="14.396776"><ele>183.25</ele></trkpt>
   <trkpt lat="50.170719" lon="14.397335"><ele>184.25</ele></trkpt>
   <trkpt lat="50.170619" lon="14.39761"><ele>184.75</ele></trkpt>
   <trkpt lat="50.170518" lon="14.397863"><ele>185</ele></trkpt>
   <trkpt lat="50.170276" lon="14.39838"><ele>185</ele></trkpt>
   <trkpt lat="50.170206" lon="14.398514"><ele>185.25</ele></trkpt>
   <trkpt lat="50.170021" lon="14.39884"><ele>185.25</ele></trkpt>
   <trkpt lat="50.169882" lon="14.399067"><ele>186.5</ele></trkpt>
   <trkpt lat="50.169724" lon="14.399288"><ele>187.75</ele></trkpt>
   <trkpt lat="50.169578" lon="14.399484"><ele>188.5</ele></trkpt>
   <trkpt lat="50.169416" lon="14.399684"><ele>188.75</ele></trkpt>
   <trkpt lat="50.169093" lon="14.400035"><ele>189.25</ele></trkpt>
   <trkpt lat="50.168748" lon="14.400338"><ele>192.75</ele></trkpt>
   <trkpt lat="50.168555" lon="14.400496"><ele>193.75</ele></trkpt>
   <trkpt lat="50.168364" lon="14.400629"><ele>194.75</ele></trkpt>
   <trkpt lat="50.168175" lon="14.400748"><ele>194.5</ele></trkpt>
   <trkpt lat="50.167924" lon="14.40088"><ele>194</ele></trkpt>
   <trkpt lat="50.167802" lon="14.400942"><ele>193.75</ele></trkpt>
   <trkpt lat="50.167457" lon="14.401073"><ele>193.5</ele></trkpt>
   <trkpt lat="50.167113" lon="14.401161"><ele>193</ele></trkpt>
   <trkpt lat="50.166941" lon="14.401185"><ele>193.25</ele></trkpt>
   <trkpt lat="50.166752" lon="14.401193"><ele>193.75</ele></trkpt>
   <trkpt lat="50.166391" lon="14.401165"><ele>194.25</ele></trkpt>
   <trkpt lat="50.166216" lon="14.40113"><ele>194.75</ele></trkpt>
   <trkpt lat="50.166033" lon="14.401087"><ele>195.25</ele></trkpt>
   <trkpt lat="50.165844" lon="14.401027"><ele>196.25</ele></trkpt>
   <trkpt lat="50.16567" lon="14.400947"><ele>196.5</ele></trkpt>
   <trkpt lat="50.165497" lon="14.400857"><ele>196.75</ele></trkpt>
   <trkpt lat="50.165177" lon="14.400647"><ele>196.75</ele></trkpt>
   <trkpt lat="50.164766" lon="14.40031"><ele>195.5</ele></trkpt>
   <trkpt lat="50.164299" lon="14.399865"><ele>192</ele></trkpt>
   <trkpt lat="50.164031" lon="14.399631"><ele>192.5</ele></trkpt>
   <trkpt lat="50.163877" lon="14.399513"><ele>193.25</ele></trkpt>
   <trkpt lat="50.163581" lon="14.399318"><ele>193.75</ele></trkpt>
   <trkpt lat="50.163277" lon="14.399166"><ele>193.5</ele></trkpt>
   <trkpt lat="50.163117" lon="14.399104"><ele>194</ele></trkpt>
   <trkpt lat="50.162948" lon="14.399051"><ele>193.75</ele></trkpt>
   <trkpt lat="50.162759" lon="14.399001"><ele>193.5</ele></trkpt>
   <trkpt lat="50.162385" lon="14.398929"><ele>192.25</ele></trkpt>
   <trkpt lat="50.162352" lon="14.398923"><ele>192.25</ele></trkpt>
   <trkpt lat="50.162262" lon="14.398906"><ele>192</ele></trkpt>
   <trkpt lat="50.162116" lon="14.39888"><ele>191.25</ele></trkpt>
   <trkpt lat="50.161676" lon="14.398801"><ele>189.25</ele></trkpt>
   <trkpt lat="50.161567" lon="14.398781"><ele>188.75</ele></trkpt>
   <trkpt lat="50.160973" lon="14.398682"><ele>185.75</ele></trkpt>
   <trkpt lat="50.160746" lon="14.398652"><ele>185</ele></trkpt>
   <trkpt lat="50.16037" lon="14.398601"><ele>184.75</ele></trkpt>
   <trkpt lat="50.158886" lon="14.398389"><ele>186</ele></trkpt>
   <trkpt lat="50.158349" lon="14.398328"><ele>185</ele></trkpt>
   <trkpt lat="50.157556" lon="14.398236"><ele>184</ele></trkpt>
   <trkpt lat="50.156767" lon="14.398131"><ele>182.75</ele></trkpt>
   <trkpt lat="50.155461" lon="14.397961"><ele>183</ele></trkpt>
   <trkpt lat="50.154665" lon="14.397846"><ele>183.75</ele></trkpt>
   <trkpt lat="50.153622" lon="14.397707"><ele>186.25</ele></trkpt>
   <trkpt lat="50.15291" lon="14.397609"><ele>189.25</ele></trkpt>
   <trkpt lat="50.152732" lon="14.397585"><ele>190</ele></trkpt>
   <trkpt lat="50.151989" lon="14.397485"><ele>191.5</ele></trkpt>
   <trkpt lat="50.149167" lon="14.397091"><ele>187.25</ele></trkpt>
   <trkpt lat="50.14356" lon="14.396335"><ele>190</ele></trkpt>
   <trkpt lat="50.142939" lon="14.396229"><ele>192.25</ele></trkpt>
   <trkpt lat="50.142509" lon="14.396121"><ele>194.75</ele></trkpt>
   <trkpt lat="50.142073" lon="14.395967"><ele>196.5</ele></trkpt>
   <trkpt lat="50.141728" lon="14.395811"><ele>198.5</ele></trkpt>
   <trkpt lat="50.141368" lon="14.395608"><ele>198.5</ele></trkpt>
   <trkpt lat="50.141012" lon="14.395386"><ele>197</ele></trkpt>
   <trkpt lat="50.14059" lon="14.395081"><ele>194</ele></trkpt>
   <trkpt lat="50.140172" lon="14.394726"><ele>196</ele></trkpt>
   <trkpt lat="50.139996" lon="14.394561"><ele>198</ele></trkpt>
   <trkpt lat="50.139759" lon="14.394319"><ele>200.75</ele></trkpt>
   <trkpt lat="50.139408" lon="14.393927"><ele>201.75</ele></trkpt>
   <trkpt lat="50.139094" lon="14.393506"><ele>200.25</ele></trkpt>
   <trkpt lat="50.138804" lon="14.39306"><ele>201.25</ele></trkpt>
   <trkpt lat="50.138563" lon="14.392671"><ele>202.75</ele></trkpt>
   <trkpt lat="50.138286" lon="14.392274"><ele>202.5</ele></trkpt>
   <trkpt lat="50.138053" lon="14.391991"><ele>202</ele></trkpt>
   <trkpt lat="50.137793" lon="14.391725"><ele>198.75</ele></trkpt>
   <trkpt lat="50.137486" lon="14.391468"><ele>198.25</ele></trkpt>
   <trkpt lat="50.137204" lon="14.391287"><ele>203</ele></trkpt>
   <trkpt lat="50.136934" lon="14.391153"><ele>205.75</ele></trkpt>
   <trkpt lat="50.136696" lon="14.391066"><ele>207</ele></trkpt>
   <trkpt lat="50.136469" lon="14.391001"><ele>206.25</ele></trkpt>
   <trkpt lat="50.136279" lon="14.390964"><ele>204.75</ele></trkpt>
   <trkpt lat="50.136062" lon="14.390935"><ele>202.5</ele></trkpt>
   <trkpt lat="50.135746" lon="14.390929"><ele>198.5</ele></trkpt>
   <trkpt lat="50.135396" lon="14.390965"><ele>194.25</ele></trkpt>
   <trkpt lat="50.135087" lon="14.391041"><ele>189.75</ele></trkpt>
   <trkpt lat="50.134862" lon="14.391119"><ele>188.25</ele></trkpt>
   <trkpt lat="50.134587" lon="14.391233"><ele>187.25</ele></trkpt>
   <trkpt lat="50.134398" lon="14.391338"><ele>186</ele></trkpt>
   <trkpt lat="50.134164" lon="14.391488"><ele>184.75</ele></trkpt>
   <trkpt lat="50.133918" lon="14.391668"><ele>184.25</ele></trkpt>
   <trkpt lat="50.133691" lon="14.391862"><ele>185.75</ele></trkpt>
   <trkpt lat="50.133543" lon="14.392007"><ele>186.5</ele></trkpt>
   <trkpt lat="50.133428" lon="14.392133"><ele>186.75</ele></trkpt>
   <trkpt lat="50.133196" lon="14.392415"><ele>187.5</ele></trkpt>
   <trkpt lat="50.132993" lon="14.392686"><ele>187.5</ele></trkpt>
   <trkpt lat="50.1327" lon="14.393161"><ele>186</ele></trkpt>
   <trkpt lat="50.1324" lon="14.393698"><ele>185.5</ele></trkpt>
   <trkpt lat="50.131627" lon="14.395123"><ele>186</ele></trkpt>
   <trkpt lat="50.131265" lon="14.395761"><ele>187.5</ele></trkpt>
   <trkpt lat="50.131051" lon="14.396102"><ele>187.75</ele></trkpt>
   <trkpt lat="50.130795" lon="14.396455"><ele>187.75</ele></trkpt>
   <trkpt lat="50.130576" lon="14.396724"><ele>187.75</ele></trkpt>
   <trkpt lat="50.130327" lon="14.396998"><ele>188</ele></trkpt>
   <trkpt lat="50.130083" lon="14.39723"><ele>188.25</ele></trkpt>
   <trkpt lat="50.129861" lon="14.39742"><ele>188.5</ele></trkpt>
   <trkpt lat="50.129613" lon="14.397614"><ele>188.5</ele></trkpt>
   <trkpt lat="50.129349" lon="14.397787"><ele>188.5</ele></trkpt>
   <trkpt lat="50.129079" lon="14.397931"><ele>188.75</ele></trkpt>
   <trkpt lat="50.128838" lon="14.398048"><ele>189.25</ele></trkpt>
   <trkpt lat="50.128605" lon="14.398137"><ele>189.75</ele></trkpt>
   <trkpt lat="50.128371" lon="14.398208"><ele>190.25</ele></trkpt>
   <trkpt lat="50.128047" lon="14.398288"><ele>191</ele></trkpt>
   <trkpt lat="50.127838" lon="14.398311"><ele>191.75</ele></trkpt>
   <trkpt lat="50.127355" lon="14.39833"><ele>193</ele></trkpt>
   <trkpt lat="50.127119" lon="14.398321"><ele>193</ele></trkpt>
   <trkpt lat="50.126675" lon="14.398248"><ele>193.25</ele></trkpt>
   <trkpt lat="50.126442" lon="14.398186"><ele>192.75</ele></trkpt>
   <trkpt lat="50.126241" lon="14.398121"><ele>192.75</ele></trkpt>
   <trkpt lat="50.125995" lon="14.398021"><ele>193.25</ele></trkpt>
   <trkpt lat="50.125717" lon="14.397883"><ele>194.5</ele></trkpt>
   <trkpt lat="50.125453" lon="14.397717"><ele>195.5</ele></trkpt>
   <trkpt lat="50.125153" lon="14.397492"><ele>196.75</ele></trkpt>
   <trkpt lat="50.124827" lon="14.39722"><ele>196</ele></trkpt>
   <trkpt lat="50.124513" lon="14.396911"><ele>193.5</ele></trkpt>
   <trkpt lat="50.124292" lon="14.396652"><ele>191.25</ele></trkpt>
   <trkpt lat="50.124112" lon="14.396414"><ele>192</ele></trkpt>
   <trkpt lat="50.123972" lon="14.396206"><ele>193</ele></trkpt>
   <trkpt lat="50.123664" lon="14.395689"><ele>192.75</ele></trkpt>
   <trkpt lat="50.123362" lon="14.395158"><ele>189</ele></trkpt>
   <trkpt lat="50.12319" lon="14.394883"><ele>188.5</ele></trkpt>
   <trkpt lat="50.122978" lon="14.394579"><ele>188.75</ele></trkpt>
   <trkpt lat="50.122748" lon="14.394296"><ele>187.25</ele></trkpt>
   <trkpt lat="50.122539" lon="14.394059"><ele>184.5</ele></trkpt>
   <trkpt lat="50.122151" lon="14.393695"><ele>185.5</ele></trkpt>
   <trkpt lat="50.12185" lon="14.393466"><ele>186.5</ele></trkpt>
   <trkpt lat="50.121641" lon="14.393327"><ele>187.25</ele></trkpt>
   <trkpt lat="50.121429" lon="14.39321"><ele>187.25</ele></trkpt>
   <trkpt lat="50.121203" lon="14.3931"><ele>189.75</ele></trkpt>
   <trkpt lat="50.118155" lon="14.391821"><ele>200.25</ele></trkpt>
   <trkpt lat="50.117874" lon="14.391716"><ele>198.25</ele></trkpt>
   <trkpt lat="50.117628" lon="14.391646"><ele>196.25</ele></trkpt>
   <trkpt lat="50.117449" lon="14.391606"><ele>195.5</ele></trkpt>
   <trkpt lat="50.117219" lon="14.391577"><ele>195</ele></trkpt>
   <trkpt lat="50.116993" lon="14.391566"><ele>194.25</ele></trkpt>
   <trkpt lat="50.116701" lon="14.391584"><ele>192.25</ele></trkpt>
   <trkpt lat="50.11644" lon="14.391629"><ele>190.25</ele></trkpt>
   <trkpt lat="50.116136" lon="14.391713"><ele>188.5</ele></trkpt>
   <trkpt lat="50.11577" lon="14.39185"><ele>187.25</ele></trkpt>
   <trkpt lat="50.115411" lon="14.392011"><ele>186.25</ele></trkpt>
   <trkpt lat="50.115202" lon="14.392126"><ele>186</ele></trkpt>
   <trkpt lat="50.114901" lon="14.392308"><ele>185.5</ele></trkpt>
   <trkpt lat="50.114599" lon="14.392522"><ele>185.75</ele></trkpt>
   <trkpt lat="50.11444" lon="14.392647"><ele>185.75</ele></trkpt>
   <trkpt lat="50.114232" lon="14.392831"><ele>186</ele></trkpt>
   <trkpt lat="50.113979" lon="14.393078"><ele>186.25</ele></trkpt>
   <trkpt lat="50.113687" lon="14.393413"><ele>186.25</ele></trkpt>
   <trkpt lat="50.113444" lon="14.393728"><ele>186.25</ele></trkpt>
   <trkpt lat="50.113211" lon="14.39408"><ele>186.5</ele></trkpt>
   <trkpt lat="50.113062" lon="14.394324"><ele>186.5</ele></trkpt>
   <trkpt lat="50.113028" lon="14.394382"><ele>186.75</ele></trkpt>
   <trkpt lat="50.112889" lon="14.394634"><ele>186.75</ele></trkpt>
   <trkpt lat="50.112359" lon="14.395604"><ele>187.25</ele></trkpt>
   <trkpt lat="50.111592" lon="14.397002"><ele>187</ele></trkpt>
   <trkpt lat="50.111548" lon="14.397081"><ele>187</ele></trkpt>
   <trkpt lat="50.111411" lon="14.397359"><ele>187.5</ele></trkpt>
   <trkpt lat="50.11118" lon="14.397857"><ele>188</ele></trkpt>
   <trkpt lat="50.111163" lon="14.397889"><ele>188.25</ele></trkpt>
   <trkpt lat="50.109146" lon="14.401616"><ele>191.25</ele></trkpt>
   <trkpt lat="50.108327" lon="14.403156"><ele>188.75</ele></trkpt>
   <trkpt lat="50.108177" lon="14.403434"><ele>188.75</ele></trkpt>
   <trkpt lat="50.107749" lon="14.40423"><ele>191</ele></trkpt>
   <trkpt lat="50.107507" lon="14.404705"><ele>191.75</ele></trkpt>
   <trkpt lat="50.107357" lon="14.405018"><ele>192.5</ele></trkpt>
   <trkpt lat="50.107235" lon="14.405286"><ele>193</ele></trkpt>
   <trkpt lat="50.107076" lon="14.40567"><ele>193.5</ele></trkpt>
   <trkpt lat="50.106956" lon="14.406013"><ele>193.5</ele></trkpt>
   <trkpt lat="50.106879" lon="14.406292"><ele>193.25</ele></trkpt>
   <trkpt lat="50.106842" lon="14.406447"><ele>192.5</ele></trkpt>
   <trkpt lat="50.106802" lon="14.406623"><ele>192</ele></trkpt>
   <trkpt lat="50.106743" lon="14.406893"><ele>191</ele></trkpt>
   <trkpt lat="50.106623" lon="14.407515"><ele>191</ele></trkpt>
   <trkpt lat="50.106553" lon="14.408062"><ele>189.5</ele></trkpt>
   <trkpt lat="50.106534" lon="14.408415"><ele>189</ele></trkpt>
   <trkpt lat="50.106526" lon="14.408811"><ele>189.25</ele></trkpt>
   <trkpt lat="50.106529" lon="14.409108"><ele>189.75</ele></trkpt>
   <trkpt lat="50.10654" lon="14.40941"><ele>190</ele></trkpt>
   <trkpt lat="50.106561" lon="14.409702"><ele>190.25</ele></trkpt>
   <trkpt lat="50.106577" lon="14.409895"><ele>190.5</ele></trkpt>
   <trkpt lat="50.106634" lon="14.410367"><ele>190.75</ele></trkpt>
   <trkpt lat="50.106704" lon="14.410758"><ele>190.75</ele></trkpt>
   <trkpt lat="50.106794" lon="14.411161"><ele>190.25</ele></trkpt>
   <trkpt lat="50.10694" lon="14.411666"><ele>190</ele></trkpt>
   <trkpt lat="50.107024" lon="14.41192"><ele>189.75</ele></trkpt>
   <trkpt lat="50.107327" lon="14.412711"><ele>190.5</ele></trkpt>
   <trkpt lat="50.107548" lon="14.413292"><ele>191.5</ele></trkpt>
   <trkpt lat="50.107742" lon="14.413817"><ele>191</ele></trkpt>
   <trkpt lat="50.109023" lon="14.417434"><ele>189.75</ele></trkpt>
   <trkpt lat="50.1092" lon="14.417956"><ele>191.25</ele></trkpt>
   <trkpt lat="50.109338" lon="14.418384"><ele>192</ele></trkpt>
   <trkpt lat="50.109422" lon="14.418656"><ele>191.5</ele></trkpt>
   <trkpt lat="50.109537" lon="14.419064"><ele>190.5</ele></trkpt>
   <trkpt lat="50.109662" lon="14.419534"><ele>190</ele></trkpt>
   <trkpt lat="50.10982" lon="14.420231"><ele>189</ele></trkpt>
   <trkpt lat="50.109964" lon="14.420997"><ele>187.75</ele></trkpt>
   <trkpt lat="50.110093" lon="14.421872"><ele>186.75</ele></trkpt>
   <trkpt lat="50.110138" lon="14.422213"><ele>186.5</ele></trkpt>
   <trkpt lat="50.110176" lon="14.422602"><ele>186.5</ele></trkpt>
   <trkpt lat="50.110204" lon="14.422971"><ele>186.75</ele></trkpt>
   <trkpt lat="50.110224" lon="14.423304"><ele>186.75</ele></trkpt>
   <trkpt lat="50.110253" lon="14.424122"><ele>186.75</ele></trkpt>
   <trkpt lat="50.11026" lon="14.424439"><ele>186.5</ele></trkpt>
   <trkpt lat="50.110293" lon="14.425748"><ele>185.25</ele></trkpt>
   <trkpt lat="50.110314" lon="14.426576"><ele>183.5</ele></trkpt>
   <trkpt lat="50.110345" lon="14.427817"><ele>184.25</ele></trkpt>
   <trkpt lat="50.110347" lon="14.427918"><ele>184.5</ele></trkpt>
   <trkpt lat="50.110356" lon="14.42811"><ele>184.5</ele></trkpt>
   <trkpt lat="50.110421" lon="14.429029"><ele>184</ele></trkpt>
   <trkpt lat="50.110425" lon="14.429205"><ele>183.75</ele></trkpt>
   <trkpt lat="50.110432" lon="14.429497"><ele>183.5</ele></trkpt>
   <trkpt lat="50.110443" lon="14.429955"><ele>183.25</ele></trkpt>
   <trkpt lat="50.110446" lon="14.43007"><ele>183.25</ele></trkpt>
   <trkpt lat="50.110471" lon="14.431065"><ele>181.5</ele></trkpt>
   <trkpt lat="50.110483" lon="14.431372"><ele>181</ele></trkpt>
   <trkpt lat="50.110538" lon="14.432098"><ele>181.25</ele></trkpt>
   <trkpt lat="50.110561" lon="14.432617"><ele>182.5</ele></trkpt>
   <trkpt lat="50.110561" lon="14.43267"><ele>182.75</ele></trkpt>
   <trkpt lat="50.110562" lon="14.435959"><ele>186.25</ele></trkpt>
   <trkpt lat="50.110564" lon="14.436267"><ele>186.25</ele></trkpt>
   <trkpt lat="50.110576" lon="14.436655"><ele>186.25</ele></trkpt>
   <trkpt lat="50.110607" lon="14.437248"><ele>186.75</ele></trkpt>
   <trkpt lat="50.110612" lon="14.437323"><ele>187</ele></trkpt>
   <trkpt lat="50.110775" lon="14.439742"><ele>188</ele></trkpt>
   <trkpt lat="50.110994" lon="14.44304"><ele>188</ele></trkpt>
   <trkpt lat="50.111039" lon="14.443813"><ele>188</ele></trkpt>
   <trkpt lat="50.111056" lon="14.444036"><ele>188</ele></trkpt>
   <trkpt lat="50.11107" lon="14.444205"><ele>188.25</ele></trkpt>
   <trkpt lat="50.111116" lon="14.444562"><ele>188.5</ele></trkpt>
   <trkpt lat="50.111151" lon="14.444759"><ele>188.5</ele></trkpt>
   <trkpt lat="50.111244" lon="14.445171"><ele>188.75</ele></trkpt>
   <trkpt lat="50.111261" lon="14.445238"><ele>188.75</ele></trkpt>
   <trkpt lat="50.111381" lon="14.445639"><ele>189.25</ele></trkpt>
   <trkpt lat="50.111501" lon="14.44598"><ele>189.5</ele></trkpt>
   <trkpt lat="50.111669" lon="14.446392"><ele>189.75</ele></trkpt>
   <trkpt lat="50.111934" lon="14.446958"><ele>190.25</ele></trkpt>
   <trkpt lat="50.111946" lon="14.446984"><ele>190.25</ele></trkpt>
   <trkpt lat="50.112382" lon="14.44789"><ele>191</ele></trkpt>
   <trkpt lat="50.112438" lon="14.448003"><ele>191</ele></trkpt>
   <trkpt lat="50.11264" lon="14.448497"><ele>191.5</ele></trkpt>
   <trkpt lat="50.112777" lon="14.448816"><ele>191.75</ele></trkpt>
   <trkpt lat="50.112798" lon="14.448859"><ele>191.75</ele></trkpt>
   <trkpt lat="50.113389" lon="14.450087"><ele>192.75</ele></trkpt>
   <trkpt lat="50.113402" lon="14.450113"><ele>192.75</ele></trkpt>
   <trkpt lat="50.113611" lon="14.450539"><ele>193.25</ele></trkpt>
   <trkpt lat="50.113768" lon="14.450876"><ele>193.5</ele></trkpt>
   <trkpt lat="50.11392" lon="14.451231"><ele>193.75</ele></trkpt>
   <trkpt lat="50.11402" lon="14.451484"><ele>194</ele></trkpt>
   <trkpt lat="50.114099" lon="14.45171"><ele>194.25</ele></trkpt>
   <trkpt lat="50.114189" lon="14.451978"><ele>194.25</ele></trkpt>
   <trkpt lat="50.114264" lon="14.452232"><ele>197.75</ele></trkpt>
   <trkpt lat="50.114375" lon="14.452667"><ele>204.5</ele></trkpt>
   <trkpt lat="50.114466" lon="14.453118"/>
   <trkpt lat="50.114548" lon="14.45373"/>
   <trkpt lat="50.114593" lon="14.454174"/>
   <trkpt lat="50.114617" lon="14.454831"><ele>212.5</ele></trkpt>
   <trkpt lat="50.114602" lon="14.455625"><ele>212.5</ele></trkpt>
   <trkpt lat="50.114549" lon="14.456239"><ele>212.5</ele></trkpt>
   <trkpt lat="50.114477" lon="14.456714"><ele>212.5</ele></trkpt>
   <trkpt lat="50.114376" lon="14.457256"><ele>212.5</ele></trkpt>
   <trkpt lat="50.114288" lon="14.457631"><ele>209</ele></trkpt>
   <trkpt lat="50.114179" lon="14.458012"><ele>204.5</ele></trkpt>
   <trkpt lat="50.114061" lon="14.458368"><ele>201</ele></trkpt>
   <trkpt lat="50.113969" lon="14.458619"><ele>200</ele></trkpt>
   <trkpt lat="50.113665" lon="14.459294"><ele>195.25</ele></trkpt>
   <trkpt lat="50.113491" lon="14.45962"><ele>192.25</ele></trkpt>
   <trkpt lat="50.11348" lon="14.45964"><ele>192</ele></trkpt>
   <trkpt lat="50.113457" lon="14.459681"><ele>191.5</ele></trkpt>
   <trkpt lat="50.113221" lon="14.460062"><ele>189.75</ele></trkpt>
   <trkpt lat="50.112629" lon="14.46097"><ele>197.5</ele></trkpt>
   <trkpt lat="50.112413" lon="14.461346"><ele>199.75</ele></trkpt>
   <trkpt lat="50.112283" lon="14.461601"><ele>200.5</ele></trkpt>
   <trkpt lat="50.112148" lon="14.461915"><ele>200</ele></trkpt>
   <trkpt lat="50.112027" lon="14.462256"><ele>200</ele></trkpt>
   <trkpt lat="50.111917" lon="14.462621"><ele>200.25</ele></trkpt>
   <trkpt lat="50.111809" lon="14.463107"><ele>202</ele></trkpt>
   <trkpt lat="50.111734" lon="14.463559"><ele>202.5</ele></trkpt>
   <trkpt lat="50.111688" lon="14.464072"><ele>202.25</ele></trkpt>
   <trkpt lat="50.111649" lon="14.464862"><ele>203.5</ele></trkpt>
   <trkpt lat="50.111633" lon="14.465594"><ele>203.75</ele></trkpt>
   <trkpt lat="50.111547" lon="14.468621"><ele>205.75</ele></trkpt>
   <trkpt lat="50.111461" lon="14.471592"><ele>201.5</ele></trkpt>
   <trkpt lat="50.111444" lon="14.472269"><ele>202.25</ele></trkpt>
   <trkpt lat="50.111406" lon="14.473541"><ele>203.25</ele></trkpt>
   <trkpt lat="50.111401" lon="14.473669"><ele>203.25</ele></trkpt>
   <trkpt lat="50.11138" lon="14.474024"><ele>203.25</ele></trkpt>
   <trkpt lat="50.111348" lon="14.474369"><ele>203.5</ele></trkpt>
   <trkpt lat="50.111308" lon="14.474667"><ele>203.75</ele></trkpt>
   <trkpt lat="50.111229" lon="14.475094"><ele>203.75</ele></trkpt>
   <trkpt lat="50.111131" lon="14.475484"><ele>204</ele></trkpt>
   <trkpt lat="50.111051" lon="14.475746"><ele>204.25</ele></trkpt>
   <trkpt lat="50.110971" lon="14.475976"><ele>204.25</ele></trkpt>
   <trkpt lat="50.110835" lon="14.47631"><ele>204.5</ele></trkpt>
   <trkpt lat="50.110668" lon="14.47665"><ele>204.75</ele></trkpt>
   <trkpt lat="50.11055" lon="14.476858"><ele>204.75</ele></trkpt>
   <trkpt lat="50.110415" lon="14.47707"><ele>205</ele></trkpt>
   <trkpt lat="50.110278" lon="14.47726"><ele>205</ele></trkpt>
   <trkpt lat="50.110066" lon="14.47752"><ele>205.25</ele></trkpt>
   <trkpt lat="50.109871" lon="14.477732"><ele>205.5</ele></trkpt>
   <trkpt lat="50.109146" lon="14.478469"><ele>206.25</ele></trkpt>
   <trkpt lat="50.108703" lon="14.478858"><ele>206.25</ele></trkpt>
   <trkpt lat="50.108552" lon="14.47899"><ele>207.75</ele></trkpt>
   <trkpt lat="50.108217" lon="14.479246"><ele>209</ele></trkpt>
   <trkpt lat="50.108025" lon="14.479373"><ele>207.75</ele></trkpt>
   <trkpt lat="50.107839" lon="14.479478"><ele>206.75</ele></trkpt>
   <trkpt lat="50.107537" lon="14.479608"><ele>205.75</ele></trkpt>
   <trkpt lat="50.107214" lon="14.479681"><ele>204.25</ele></trkpt>
   <trkpt lat="50.106933" lon="14.479723"><ele>202.75</ele></trkpt>
   <trkpt lat="50.106114" lon="14.479816"><ele>203</ele></trkpt>
   <trkpt lat="50.105358" lon="14.479899"><ele>203.25</ele></trkpt>
   <trkpt lat="50.105109" lon="14.479942"><ele>203.5</ele></trkpt>
   <trkpt lat="50.104769" lon="14.480016"><ele>203.5</ele></trkpt>
   <trkpt lat="50.104326" lon="14.480141"><ele>203</ele></trkpt>
   <trkpt lat="50.104284" lon="14.480153"><ele>203.25</ele></trkpt>
   <trkpt lat="50.104044" lon="14.480221"><ele>204.5</ele></trkpt>
   <trkpt lat="50.103789" lon="14.480278"><ele>206</ele></trkpt>
   <trkpt lat="50.103599" lon="14.480307"><ele>207</ele></trkpt>
   <trkpt lat="50.103356" lon="14.48033"><ele>208.5</ele></trkpt>
   <trkpt lat="50.102847" lon="14.480348"><ele>208.5</ele></trkpt>
   <trkpt lat="50.102456" lon="14.480339"><ele>209</ele></trkpt>
   <trkpt lat="50.102164" lon="14.480319"><ele>210.25</ele></trkpt>
   <trkpt lat="50.101919" lon="14.480289"><ele>211.5</ele></trkpt>
   <trkpt lat="50.101678" lon="14.480246"><ele>212.5</ele></trkpt>
   <trkpt lat="50.101529" lon="14.48021"><ele>212.5</ele></trkpt>
   <trkpt lat="50.101296" lon="14.480153"><ele>212.5</ele></trkpt>
   <trkpt lat="50.101012" lon="14.480062"><ele>212.5</ele></trkpt>
   <trkpt lat="50.100792" lon="14.479972"><ele>212.5</ele></trkpt>
   <trkpt lat="50.100531" lon="14.479856"><ele>212.5</ele></trkpt>
   <trkpt lat="50.10032" lon="14.479746"><ele>212.25</ele></trkpt>
   <trkpt lat="50.099911" lon="14.479502"><ele>212</ele></trkpt>
   <trkpt lat="50.099538" lon="14.479235"><ele>212.5</ele></trkpt>
   <trkpt lat="50.099355" lon="14.479088"><ele>212.75</ele></trkpt>
   <trkpt lat="50.09917" lon="14.478929"><ele>212.75</ele></trkpt>
   <trkpt lat="50.098902" lon="14.478677"><ele>213.75</ele></trkpt>
   <trkpt lat="50.098295" lon="14.478047"><ele>214.75</ele></trkpt>
   <trkpt lat="50.098029" lon="14.47774"><ele>216.25</ele></trkpt>
   <trkpt lat="50.097741" lon="14.477361"><ele>217</ele></trkpt>
   <trkpt lat="50.097542" lon="14.477076"><ele>217.25</ele></trkpt>
   <trkpt lat="50.097282" lon="14.476666"><ele>217.75</ele></trkpt>
   <trkpt lat="50.096982" lon="14.47615"><ele>217.75</ele></trkpt>
   <trkpt lat="50.094927" lon="14.472479"><ele>212.75</ele></trkpt>
   <trkpt lat="50.094542" lon="14.471788"><ele>212.5</ele></trkpt>
   <trkpt lat="50.093661" lon="14.470198"><ele>215.75</ele></trkpt>
   <trkpt lat="50.093414" lon="14.469743"><ele>215.75</ele></trkpt>
   <trkpt lat="50.093314" lon="14.469545"><ele>215.5</ele></trkpt>
   <trkpt lat="50.093111" lon="14.469108"><ele>216.5</ele></trkpt>
   <trkpt lat="50.092931" lon="14.468671"><ele>217.25</ele></trkpt>
   <trkpt lat="50.092823" lon="14.468387"><ele>217.75</ele></trkpt>
   <trkpt lat="50.09266" lon="14.467898"><ele>218.5</ele></trkpt>
   <trkpt lat="50.092599" lon="14.467695"><ele>218.75</ele></trkpt>
   <trkpt lat="50.092444" lon="14.467108"><ele>218.5</ele></trkpt>
   <trkpt lat="50.092323" lon="14.466524"><ele>219</ele></trkpt>
   <trkpt lat="50.092208" lon="14.465877"><ele>219.5</ele></trkpt>
   <trkpt lat="50.092021" lon="14.46481"><ele>221.75</ele></trkpt>
   <trkpt lat="50.091897" lon="14.464234"><ele>224.25</ele></trkpt>
   <trkpt lat="50.091869" lon="14.464123"><ele>225</ele></trkpt>
   <trkpt lat="50.091787" lon="14.463807"><ele>224.75</ele></trkpt>
   <trkpt lat="50.091715" lon="14.463561"><ele>224.5</ele></trkpt>
   <trkpt lat="50.091378" lon="14.462612"><ele>223.75</ele></trkpt>
   <trkpt lat="50.090916" lon="14.461409"><ele>222.75</ele></trkpt>
   <trkpt lat="50.090705" lon="14.460816"><ele>222.25</ele></trkpt>
   <trkpt lat="50.090508" lon="14.460174"><ele>221.75</ele></trkpt>
   <trkpt lat="50.090196" lon="14.458866"><ele>220.75</ele></trkpt>
   <trkpt lat="50.088682" lon="14.452301"><ele>216</ele></trkpt>
   <trkpt lat="50.088441" lon="14.450956"><ele>215</ele></trkpt>
   <trkpt lat="50.088384" lon="14.450254"><ele>214.75</ele></trkpt>
   <trkpt lat="50.088343" lon="14.449568"><ele>214.25</ele></trkpt>
   <trkpt lat="50.088351" lon="14.449047"><ele>213.75</ele></trkpt>
   <trkpt lat="50.088361" lon="14.448425"><ele>213.5</ele></trkpt>
   <trkpt lat="50.088417" lon="14.446423"><ele>212</ele></trkpt>
   <trkpt lat="50.088422" lon="14.445876"><ele>211.75</ele></trkpt>
   <trkpt lat="50.088417" lon="14.445616"><ele>211.75</ele></trkpt>
   <trkpt lat="50.088416" lon="14.44557"><ele>211</ele></trkpt>
   <trkpt lat="50.088406" lon="14.445387"><ele>208</ele></trkpt>
   <trkpt lat="50.088388" lon="14.445083"/>
   <trkpt lat="50.088356" lon="14.444748"/>
   <trkpt lat="50.088314" lon="14.444392"/>
   <trkpt lat="50.088238" lon="14.443907"/>
   <trkpt lat="50.088155" lon="14.443488"/>
   <trkpt lat="50.088084" lon="14.443175"/>
   <trkpt lat="50.087945" lon="14.442656"/>
   <trkpt lat="50.087872" lon="14.44242"/>
   <trkpt lat="50.087806" lon="14.442215"/>
   <trkpt lat="50.087668" lon="14.441701"/>
   <trkpt lat="50.087538" lon="14.441375"/>
   <trkpt lat="50.087434" lon="14.441046"/>
   <trkpt lat="50.087248" lon="14.440466"/>
   <trkpt lat="50.087111" lon="14.440092"><ele>205.75</ele></trkpt>
   <trkpt lat="50.086999" lon="14.43984"><ele>205.75</ele></trkpt>
   <trkpt lat="50.086919" lon="14.439683"><ele>205.75</ele></trkpt>
   <trkpt lat="50.086822" lon="14.439496"><ele>205.75</ele></trkpt>
   <trkpt lat="50.086651" lon="14.439176"><ele>206</ele></trkpt>
   <trkpt lat="50.086476" lon="14.438879"><ele>205.75</ele></trkpt>
   <trkpt lat="50.086442" lon="14.438829"><ele>205.75</ele></trkpt>
   <trkpt lat="50.086356" lon="14.438695"><ele>205.75</ele></trkpt>
   <trkpt lat="50.086252" lon="14.438553"><ele>206</ele></trkpt>
   <trkpt lat="50.08612" lon="14.438385"><ele>206.5</ele></trkpt>
   <trkpt lat="50.085988" lon="14.438241"><ele>207</ele></trkpt>
   <trkpt lat="50.08594" lon="14.438194"><ele>207</ele></trkpt>
   <trkpt lat="50.085917" lon="14.43817"><ele>207</ele></trkpt>
   <trkpt lat="50.085547" lon="14.437813"><ele>207.75</ele></trkpt>
   <trkpt lat="50.085322" lon="14.437623"><ele>207.75</ele></trkpt>
   <trkpt lat="50.085272" lon="14.437588"><ele>207.75</ele></trkpt>
   <trkpt lat="50.084975" lon="14.437369"><ele>207.75</ele></trkpt>
   <trkpt lat="50.083966" lon="14.436629"><ele>214.5</ele></trkpt>
   <trkpt lat="50.083212" lon="14.436074"><ele>217.5</ele></trkpt>
   <trkpt lat="50.083021" lon="14.435933"><ele>216.75</ele></trkpt>
   <trkpt lat="50.082981" lon="14.435903"><ele>216.75</ele></trkpt>
   <trkpt lat="50.082114" lon="14.435265"><ele>213.75</ele></trkpt>
   <trkpt lat="50.081997" lon="14.435178"><ele>212</ele></trkpt>
  </trkseg>
 </trk>
</gpx>