<?xml version="1.0" encoding="UTF-8"?>
<!-- track-length = 627961 filtered ascend = 1351 plain-ascend = 3 cost=627961 energy=7.7kwh time=13h 57m 16s -->
<gpx 
 xmlns="http://www.topografix.com/GPX/1/1" 
 xmlns:xsi="http://www.w3.org/2001/XMLSchema-instance" 
 xsi:schemaLocation="http://www.topografix.com/GPX/1/1 http://www.topografix.com/GPX/1/1/gpx.xsd" 
 version="1.1" 
 creator="BRouter-Web 0.18.1">
 <trk>
  <name>Gävle -&gt; Trondheim</name>
  <trkseg>
   <trkpt lat="60.675528" lon="17.152072"><ele>2.5</ele></trkpt>
   <trkpt lat="60.676007" lon="17.151542"><ele>4</ele></trkpt>
   <trkpt lat="60.677481" lon="17.149941"><ele>4</ele></trkpt>
   <trkpt lat="60.677739" lon="17.149662"><ele>4.25</ele></trkpt>
   <trkpt lat="60.678163" lon="17.149196"><ele>4</ele></trkpt>
   <trkpt lat="60.678801" lon="17.14847"><ele>3</ele></trkpt>
   <trkpt lat="60.679256" lon="17.147902"><ele>2.5</ele></trkpt>
   <trkpt lat="60.679306" lon="17.147836"><ele>2.75</ele></trkpt>
   <trkpt lat="60.679691" lon="17.147356"><ele>3.5</ele></trkpt>
   <trkpt lat="60.679992" lon="17.146996"><ele>3.75</ele></trkpt>
   <trkpt lat="60.680241" lon="17.14674"><ele>4</ele></trkpt>
   <trkpt lat="60.680575" lon="17.146474"><ele>4</ele></trkpt>
   <trkpt lat="60.680949" lon="17.146257"><ele>4</ele></trkpt>
   <trkpt lat="60.68135" lon="17.146126"><ele>4</ele></trkpt>
   <trkpt lat="60.681375" lon="17.146122"><ele>4</ele></trkpt>
   <trkpt lat="60.681386" lon="17.14612"><ele>4</ele></trkpt>
   <trkpt lat="60.68169" lon="17.14608"><ele>4</ele></trkpt>
   <trkpt lat="60.682046" lon="17.146114"><ele>4</ele></trkpt>
   <trkpt lat="60.682478" lon="17.146254"><ele>4</ele></trkpt>
   <trkpt lat="60.682886" lon="17.146482"><ele>4</ele></trkpt>
   <trkpt lat="60.683199" lon="17.146649"><ele>4</ele></trkpt>
   <trkpt lat="60.683365" lon="17.14675"><ele>4</ele></trkpt>
   <trkpt lat="60.683741" lon="17.146954"><ele>4.25</ele></trkpt>
   <trkpt lat="60.684021" lon="17.147099"><ele>4.25</ele></trkpt>
   <trkpt lat="60.684247" lon="17.14717"><ele>4.25</ele></trkpt>
   <trkpt lat="60.684524" lon="17.147222"><ele>4.25</ele></trkpt>
   <trkpt lat="60.684994" lon="17.147419"><ele>4</ele></trkpt>
   <trkpt lat="60.685198" lon="17.147558"><ele>4</ele></trkpt>
   <trkpt lat="60.689366" lon="17.150892"><ele>5</ele></trkpt>
   <trkpt lat="60.689542" lon="17.151037"><ele>5</ele></trkpt>
   <trkpt lat="60.68968" lon="17.151171"><ele>5</ele></trkpt>
   <trkpt lat="60.689824" lon="17.151329"><ele>5</ele></trkpt>
   <trkpt lat="60.689992" lon="17.15147"><ele>5</ele></trkpt>
   <trkpt lat="60.690138" lon="17.151592"><ele>5.25</ele></trkpt>
   <trkpt lat="60.690191" lon="17.151638"><ele>5.25</ele></trkpt>
   <trkpt lat="60.690901" lon="17.152263"><ele>6.25</ele></trkpt>
   <trkpt lat="60.691281" lon="17.152567"><ele>6.25</ele></trkpt>
   <trkpt lat="60.691486" lon="17.152678"><ele>6.5</ele></trkpt>
   <trkpt lat="60.691774" lon="17.152845"><ele>6.5</ele></trkpt>
   <trkpt lat="60.691937" lon="17.152934"><ele>6</ele></trkpt>
   <trkpt lat="60.692102" lon="17.153024"><ele>5.75</ele></trkpt>
   <trkpt lat="60.6924" lon="17.15326"><ele>5</ele></trkpt>
   <trkpt lat="60.692544" lon="17.153356"><ele>5</ele></trkpt>
   <trkpt lat="60.692832" lon="17.153522"><ele>5.5</ele></trkpt>
   <trkpt lat="60.692936" lon="17.153592"><ele>5.75</ele></trkpt>
   <trkpt lat="60.693532" lon="17.153878"><ele>7</ele></trkpt>
   <trkpt lat="60.694056" lon="17.154068"><ele>7</ele></trkpt>
   <trkpt lat="60.694295" lon="17.154136"><ele>7</ele></trkpt>
   <trkpt lat="60.694904" lon="17.154211"><ele>7.75</ele></trkpt>
   <trkpt lat="60.695339" lon="17.15419"><ele>7.75</ele></trkpt>
   <trkpt lat="60.69606" lon="17.154297"><ele>8.25</ele></trkpt>
   <trkpt lat="60.696768" lon="17.1543"><ele>10</ele></trkpt>
   <trkpt lat="60.697229" lon="17.154354"><ele>10.75</ele></trkpt>
   <trkpt lat="60.697344" lon="17.15437"><ele>11</ele></trkpt>
   <trkpt lat="60.698504" lon="17.154532"><ele>13.25</ele></trkpt>
   <trkpt lat="60.699686" lon="17.154695"><ele>14</ele></trkpt>
   <trkpt lat="60.700273" lon="17.154783"><ele>14.5</ele></trkpt>
   <trkpt lat="60.700682" lon="17.154827"><ele>14.75</ele></trkpt>
   <trkpt lat="60.7009" lon="17.154845"><ele>15</ele></trkpt>
   <trkpt lat="60.701054" lon="17.15484"><ele>15</ele></trkpt>
   <trkpt lat="60.701102" lon="17.154837"><ele>15</ele></trkpt>
   <trkpt lat="60.701173" lon="17.154837"><ele>15</ele></trkpt>
   <trkpt lat="60.701547" lon="17.154764"><ele>15</ele></trkpt>
   <trkpt lat="60.701928" lon="17.154638"><ele>15.25</ele></trkpt>
   <trkpt lat="60.702221" lon="17.154505"><ele>15.5</ele></trkpt>
   <trkpt lat="60.702507" lon="17.154345"><ele>16</ele></trkpt>
   <trkpt lat="60.702912" lon="17.154049"><ele>16</ele></trkpt>
   <trkpt lat="60.703318" lon="17.153682"><ele>16</ele></trkpt>
   <trkpt lat="60.703691" lon="17.15329"><ele>16</ele></trkpt>
   <trkpt lat="60.703977" lon="17.152966"><ele>16</ele></trkpt>
   <trkpt lat="60.705094" lon="17.151677"><ele>16.5</ele></trkpt>
   <trkpt lat="60.70563" lon="17.151045"><ele>16</ele></trkpt>
   <trkpt lat="60.706018" lon="17.150607"><ele>16.25</ele></trkpt>
   <trkpt lat="60.706752" lon="17.149761"><ele>16.25</ele></trkpt>
   <trkpt lat="60.706814" lon="17.149684"><ele>16.5</ele></trkpt>
   <trkpt lat="60.708317" lon="17.14803"><ele>17</ele></trkpt>
   <trkpt lat="60.708719" lon="17.147577"><ele>17</ele></trkpt>
   <trkpt lat="60.709279" lon="17.146896"><ele>17.5</ele></trkpt>
   <trkpt lat="60.70958" lon="17.146513"><ele>17.5</ele></trkpt>
   <trkpt lat="60.709677" lon="17.146394"><ele>17.25</ele></trkpt>
   <trkpt lat="60.709942" lon="17.146009"><ele>17</ele></trkpt>
   <trkpt lat="60.710453" lon="17.145169"><ele>16.75</ele></trkpt>
   <trkpt lat="60.710604" lon="17.144896"><ele>16.5</ele></trkpt>
   <trkpt lat="60.711302" lon="17.143545"><ele>17.5</ele></trkpt>
   <trkpt lat="60.712899" lon="17.140497"><ele>17.5</ele></trkpt>
   <trkpt lat="60.713245" lon="17.139867"><ele>18</ele></trkpt>
   <trkpt lat="60.713525" lon="17.139393"><ele>18</ele></trkpt>
   <trkpt lat="60.714115" lon="17.138535"><ele>17.25</ele></trkpt>
   <trkpt lat="60.716118" lon="17.13574"><ele>18.25</ele></trkpt>
   <trkpt lat="60.71657" lon="17.135027"><ele>19.5</ele></trkpt>
   <trkpt lat="60.716719" lon="17.134772"><ele>20</ele></trkpt>
   <trkpt lat="60.717124" lon="17.134008"><ele>20</ele></trkpt>
   <trkpt lat="60.717435" lon="17.133337"><ele>20</ele></trkpt>
   <trkpt lat="60.718025" lon="17.132031"><ele>19.25</ele></trkpt>
   <trkpt lat="60.718307" lon="17.131449"><ele>18.5</ele></trkpt>
   <trkpt lat="60.71868" lon="17.130733"><ele>19.5</ele></trkpt>
   <trkpt lat="60.719226" lon="17.12978"><ele>20.25</ele></trkpt>
   <trkpt lat="60.719787" lon="17.128833"><ele>20.75</ele></trkpt>
   <trkpt lat="60.720741" lon="17.127238"><ele>20.25</ele></trkpt>
   <trkpt lat="60.721115" lon="17.126575"><ele>20.75</ele></trkpt>
   <trkpt lat="60.7216" lon="17.125607"><ele>22.5</ele></trkpt>
   <trkpt lat="60.722062" lon="17.124631"><ele>23.25</ele></trkpt>
   <trkpt lat="60.722825" lon="17.123064"><ele>24</ele></trkpt>
   <trkpt lat="60.723166" lon="17.122399"><ele>25</ele></trkpt>
   <trkpt lat="60.723513" lon="17.121795"><ele>25.5</ele></trkpt>
   <trkpt lat="60.723808" lon="17.121323"><ele>26.25</ele></trkpt>
   <trkpt lat="60.724136" lon="17.120854"><ele>26.75</ele></trkpt>
   <trkpt lat="60.725341" lon="17.119231"><ele>27.5</ele></trkpt>
   <trkpt lat="60.725657" lon="17.118765"><ele>27.75</ele></trkpt>
   <trkpt lat="60.725959" lon="17.118298"><ele>27.25</ele></trkpt>
   <trkpt lat="60.726191" lon="17.117887"><ele>25.75</ele></trkpt>
   <trkpt lat="60.72643" lon="17.117417"><ele>24.75</ele></trkpt>
   <trkpt lat="60.726622" lon="17.117009"><ele>25</ele></trkpt>
   <trkpt lat="60.726864" lon="17.116477"><ele>26</ele></trkpt>
   <trkpt lat="60.727089" lon="17.115919"><ele>27</ele></trkpt>
   <trkpt lat="60.72734" lon="17.115207"><ele>27.5</ele></trkpt>
   <trkpt lat="60.727584" lon="17.114423"><ele>27.5</ele></trkpt>
   <trkpt lat="60.727701" lon="17.114012"><ele>27.75</ele></trkpt>
   <trkpt lat="60.727873" lon="17.113309"><ele>28.75</ele></trkpt>
   <trkpt lat="60.728101" lon="17.112322"><ele>30.75</ele></trkpt>
   <trkpt lat="60.72834" lon="17.11119"><ele>31.5</ele></trkpt>
   <trkpt lat="60.728618" lon="17.109815"><ele>31.25</ele></trkpt>
   <trkpt lat="60.728983" lon="17.108213"><ele>31.75</ele></trkpt>
   <trkpt lat="60.72921" lon="17.107312"><ele>32</ele></trkpt>
   <trkpt lat="60.729327" lon="17.106904"><ele>32</ele></trkpt>
   <trkpt lat="60.729462" lon="17.106502"><ele>32.25</ele></trkpt>
   <trkpt lat="60.729619" lon="17.106066"><ele>33</ele></trkpt>
   <trkpt lat="60.73001" lon="17.105095"><ele>32.75</ele></trkpt>
   <trkpt lat="60.730356" lon="17.104375"><ele>32.75</ele></trkpt>
   <trkpt lat="60.730737" lon="17.103696"><ele>33</ele></trkpt>
   <trkpt lat="60.730967" lon="17.103363"><ele>33.75</ele></trkpt>
   <trkpt lat="60.731693" lon="17.102256"><ele>35.5</ele></trkpt>
   <trkpt lat="60.732379" lon="17.101212"><ele>40.5</ele></trkpt>
   <trkpt lat="60.734578" lon="17.097819"><ele>42.25</ele></trkpt>
   <trkpt lat="60.735373" lon="17.096567"><ele>40.25</ele></trkpt>
   <trkpt lat="60.735777" lon="17.095875"><ele>38.25</ele></trkpt>
   <trkpt lat="60.736224" lon="17.095019"><ele>38.25</ele></trkpt>
   <trkpt lat="60.736642" lon="17.094099"><ele>37.75</ele></trkpt>
   <trkpt lat="60.736965" lon="17.093308"><ele>36.75</ele></trkpt>
   <trkpt lat="60.737429" lon="17.092021"><ele>36.75</ele></trkpt>
   <trkpt lat="60.737906" lon="17.0907"><ele>38.5</ele></trkpt>
   <trkpt lat="60.740589" lon="17.083097"><ele>40.5</ele></trkpt>
   <trkpt lat="60.74082" lon="17.082462"><ele>41</ele></trkpt>
   <trkpt lat="60.741136" lon="17.081678"><ele>44.5</ele></trkpt>
   <trkpt lat="60.741565" lon="17.080603"><ele>44.5</ele></trkpt>
   <trkpt lat="60.741874" lon="17.079917"><ele>44.75</ele></trkpt>
   <trkpt lat="60.742422" lon="17.078749"><ele>46.25</ele></trkpt>
   <trkpt lat="60.742586" lon="17.078423"><ele>46</ele></trkpt>
   <trkpt lat="60.742779" lon="17.078039"><ele>45.75</ele></trkpt>
   <trkpt lat="60.742984" lon="17.077655"><ele>45.75</ele></trkpt>
   <trkpt lat="60.743511" lon="17.076702"><ele>46</ele></trkpt>
   <trkpt lat="60.744053" lon="17.075806"><ele>46</ele></trkpt>
   <trkpt lat="60.744622" lon="17.074943"><ele>47</ele></trkpt>
   <trkpt lat="60.745869" lon="17.073183"><ele>48</ele></trkpt>
   <trkpt lat="60.746666" lon="17.072067"><ele>48.5</ele></trkpt>
   <trkpt lat="60.74713" lon="17.071332"><ele>49.25</ele></trkpt>
   <trkpt lat="60.747499" lon="17.070675"><ele>50.75</ele></trkpt>
   <trkpt lat="60.74821" lon="17.069366"><ele>52.75</ele></trkpt>
   <trkpt lat="60.748505" lon="17.068763"><ele>53.5</ele></trkpt>
   <trkpt lat="60.748792" lon="17.068149"><ele>54.5</ele></trkpt>
   <trkpt lat="60.748933" lon="17.067839"><ele>54.75</ele></trkpt>
   <trkpt lat="60.749061" lon="17.067526"><ele>54.75</ele></trkpt>
   <trkpt lat="60.749174" lon="17.067226"><ele>54.5</ele></trkpt>
   <trkpt lat="60.749279" lon="17.06692"><ele>53.75</ele></trkpt>
   <trkpt lat="60.749396" lon="17.06655"><ele>53.5</ele></trkpt>
   <trkpt lat="60.749586" lon="17.065873"><ele>53.75</ele></trkpt>
   <trkpt lat="60.749677" lon="17.065512"><ele>54.75</ele></trkpt>
   <trkpt lat="60.749837" lon="17.064766"><ele>56.5</ele></trkpt>
   <trkpt lat="60.7499" lon="17.064423"><ele>57.25</ele></trkpt>
   <trkpt lat="60.750003" lon="17.06379"><ele>58.25</ele></trkpt>
   <trkpt lat="60.750045" lon="17.063488"><ele>58.75</ele></trkpt>
   <trkpt lat="60.750118" lon="17.062763"><ele>58.75</ele></trkpt>
   <trkpt lat="60.750174" lon="17.062052"><ele>59</ele></trkpt>
   <trkpt lat="60.750206" lon="17.061333"><ele>59</ele></trkpt>
   <trkpt lat="60.750215" lon="17.060701"><ele>59</ele></trkpt>
   <trkpt lat="60.750216" lon="17.060009"><ele>58.5</ele></trkpt>
   <trkpt lat="60.750205" lon="17.059203"><ele>58</ele></trkpt>
   <trkpt lat="60.750069" lon="17.052086"><ele>62.25</ele></trkpt>
   <trkpt lat="60.750054" lon="17.051432"><ele>62</ele></trkpt>
   <trkpt lat="60.750037" lon="17.050066"><ele>62</ele></trkpt>
   <trkpt lat="60.750052" lon="17.049387"><ele>62</ele></trkpt>
   <trkpt lat="60.750089" lon="17.048751"><ele>63</ele></trkpt>
   <trkpt lat="60.750149" lon="17.048113"><ele>64.25</ele></trkpt>
   <trkpt lat="60.750191" lon="17.047782"><ele>64.75</ele></trkpt>
   <trkpt lat="60.750221" lon="17.047553"><ele>65</ele></trkpt>
   <trkpt lat="60.750336" lon="17.046899"><ele>64.5</ele></trkpt>
   <trkpt lat="60.750447" lon="17.046377"><ele>64</ele></trkpt>
   <trkpt lat="60.750603" lon="17.045784"><ele>63.25</ele></trkpt>
   <trkpt lat="60.750759" lon="17.045275"><ele>63.75</ele></trkpt>
   <trkpt lat="60.751497" lon="17.043228"><ele>66</ele></trkpt>
   <trkpt lat="60.751655" lon="17.042707"><ele>65.25</ele></trkpt>
   <trkpt lat="60.751795" lon="17.042183"><ele>65.25</ele></trkpt>
   <trkpt lat="60.751936" lon="17.04151"><ele>65.75</ele></trkpt>
   <trkpt lat="60.752025" lon="17.040963"><ele>66</ele></trkpt>
   <trkpt lat="60.752091" lon="17.040452"><ele>65.75</ele></trkpt>
   <trkpt lat="60.752148" lon="17.039857"><ele>65.5</ele></trkpt>
   <trkpt lat="60.752333" lon="17.036867"><ele>63</ele></trkpt>
   <trkpt lat="60.75239" lon="17.036127"><ele>62.75</ele></trkpt>
   <trkpt lat="60.752474" lon="17.035412"><ele>62.75</ele></trkpt>
   <trkpt lat="60.752569" lon="17.03479"><ele>62.75</ele></trkpt>
   <trkpt lat="60.7527" lon="17.034118"><ele>62.75</ele></trkpt>
   <trkpt lat="60.752831" lon="17.033591"><ele>62.5</ele></trkpt>
   <trkpt lat="60.752958" lon="17.033147"><ele>62.5</ele></trkpt>
   <trkpt lat="60.753089" lon="17.032758"><ele>62.75</ele></trkpt>
   <trkpt lat="60.753238" lon="17.032357"><ele>63</ele></trkpt>
   <trkpt lat="60.753723" lon="17.031323"><ele>63.75</ele></trkpt>
   <trkpt lat="60.753911" lon="17.030921"><ele>63.25</ele></trkpt>
   <trkpt lat="60.754154" lon="17.030426"><ele>64.25</ele></trkpt>
   <trkpt lat="60.754336" lon="17.029982"><ele>65.5</ele></trkpt>
   <trkpt lat="60.754542" lon="17.029385"><ele>65.5</ele></trkpt>
   <trkpt lat="60.754714" lon="17.028786"><ele>65.25</ele></trkpt>
   <trkpt lat="60.754847" lon="17.028225"><ele>65.5</ele></trkpt>
   <trkpt lat="60.754964" lon="17.027655"><ele>65.75</ele></trkpt>
   <trkpt lat="60.755075" lon="17.026919"><ele>65.75</ele></trkpt>
   <trkpt lat="60.755266" lon="17.025465"><ele>64.25</ele></trkpt>
   <trkpt lat="60.755362" lon="17.024646"><ele>64</ele></trkpt>
   <trkpt lat="60.755449" lon="17.024007"><ele>64</ele></trkpt>
   <trkpt lat="60.755662" lon="17.022884"><ele>64.75</ele></trkpt>
   <trkpt lat="60.755858" lon="17.022138"><ele>64.5</ele></trkpt>
   <trkpt lat="60.756146" lon="17.021211"><ele>64.25</ele></trkpt>
   <trkpt lat="60.758069" lon="17.015513"><ele>65</ele></trkpt>
   <trkpt lat="60.761635" lon="17.004972"><ele>66</ele></trkpt>
   <trkpt lat="60.76179" lon="17.00449"><ele>66</ele></trkpt>
   <trkpt lat="60.76194" lon="17.003966"><ele>66.25</ele></trkpt>
   <trkpt lat="60.762079" lon="17.003439"><ele>66.5</ele></trkpt>
   <trkpt lat="60.762196" lon="17.002941"><ele>66.5</ele></trkpt>
   <trkpt lat="60.762303" lon="17.00242"><ele>66.5</ele></trkpt>
   <trkpt lat="60.762423" lon="17.001654"><ele>67</ele></trkpt>
   <trkpt lat="60.762549" lon="17.000686"><ele>67.25</ele></trkpt>
   <trkpt lat="60.762644" lon="16.99986"><ele>68</ele></trkpt>
   <trkpt lat="60.762719" lon="16.999184"><ele>68.5</ele></trkpt>
   <trkpt lat="60.762849" lon="16.998172"><ele>69</ele></trkpt>
   <trkpt lat="60.762929" lon="16.997692"><ele>69.75</ele></trkpt>
   <trkpt lat="60.763056" lon="16.997027"><ele>70.25</ele></trkpt>
   <trkpt lat="60.763251" lon="16.996166"><ele>69</ele></trkpt>
   <trkpt lat="60.763588" lon="16.994999"><ele>68.5</ele></trkpt>
   <trkpt lat="60.766566" lon="16.985331"><ele>66.25</ele></trkpt>
   <trkpt lat="60.766774" lon="16.984751"><ele>66</ele></trkpt>
   <trkpt lat="60.766986" lon="16.984217"><ele>66</ele></trkpt>
   <trkpt lat="60.767071" lon="16.984019"><ele>66.25</ele></trkpt>
   <trkpt lat="60.767402" lon="16.983326"><ele>66.25</ele></trkpt>
   <trkpt lat="60.767682" lon="16.982809"><ele>66.25</ele></trkpt>
   <trkpt lat="60.76769" lon="16.982796"><ele>66.25</ele></trkpt>
   <trkpt lat="60.767939" lon="16.982392"><ele>66</ele></trkpt>
   <trkpt lat="60.768205" lon="16.981993"><ele>65.75</ele></trkpt>
   <trkpt lat="60.768488" lon="16.981618"><ele>66</ele></trkpt>
   <trkpt lat="60.768777" lon="16.981285"><ele>66</ele></trkpt>
   <trkpt lat="60.769235" lon="16.980831"><ele>66</ele></trkpt>
   <trkpt lat="60.76965" lon="16.980551"><ele>66</ele></trkpt>
   <trkpt lat="60.770089" lon="16.980302"><ele>66.5</ele></trkpt>
   <trkpt lat="60.770346" lon="16.980184"><ele>66.25</ele></trkpt>
   <trkpt lat="60.7729" lon="16.979008"><ele>66.25</ele></trkpt>
   <trkpt lat="60.773246" lon="16.978837"><ele>66.5</ele></trkpt>
   <trkpt lat="60.775333" lon="16.97791"><ele>67.25</ele></trkpt>
   <trkpt lat="60.776177" lon="16.977531"><ele>67.5</ele></trkpt>
   <trkpt lat="60.776674" lon="16.97723"><ele>67</ele></trkpt>
   <trkpt lat="60.777191" lon="16.976971"><ele>68.25</ele></trkpt>
   <trkpt lat="60.77752" lon="16.976767"><ele>69</ele></trkpt>
   <trkpt lat="60.777783" lon="16.976579"><ele>68.75</ele></trkpt>
   <trkpt lat="60.778054" lon="16.976347"><ele>69</ele></trkpt>
   <trkpt lat="60.778325" lon="16.976072"><ele>69.5</ele></trkpt>
   <trkpt lat="60.778493" lon="16.975882"><ele>69.75</ele></trkpt>
   <trkpt lat="60.778503" lon="16.975871"><ele>69.75</ele></trkpt>
   <trkpt lat="60.778866" lon="16.975408"><ele>69.25</ele></trkpt>
   <trkpt lat="60.779108" lon="16.975054"><ele>69</ele></trkpt>
   <trkpt lat="60.779354" lon="16.974666"><ele>69</ele></trkpt>
   <trkpt lat="60.782894" lon="16.968723"><ele>73</ele></trkpt>
   <trkpt lat="60.783427" lon="16.967829"><ele>75.25</ele></trkpt>
   <trkpt lat="60.783935" lon="16.967059"><ele>75.75</ele></trkpt>
   <trkpt lat="60.784366" lon="16.966476"><ele>75</ele></trkpt>
   <trkpt lat="60.784946" lon="16.965822"><ele>74.75</ele></trkpt>
   <trkpt lat="60.785408" lon="16.965342"><ele>75.25</ele></trkpt>
   <trkpt lat="60.786696" lon="16.964082"><ele>77.75</ele></trkpt>
   <trkpt lat="60.790774" lon="16.960099"><ele>80</ele></trkpt>
   <trkpt lat="60.794337" lon="16.956606"><ele>81</ele></trkpt>
   <trkpt lat="60.795048" lon="16.95592"><ele>81</ele></trkpt>
   <trkpt lat="60.795611" lon="16.955474"><ele>81.5</ele></trkpt>
   <trkpt lat="60.79908" lon="16.953141"><ele>77</ele></trkpt>
   <trkpt lat="60.804813" lon="16.949293"><ele>81.5</ele></trkpt>
   <trkpt lat="60.805328" lon="16.948958"><ele>82</ele></trkpt>
   <trkpt lat="60.805639" lon="16.94878"><ele>82.25</ele></trkpt>
   <trkpt lat="60.805939" lon="16.948635"><ele>82.25</ele></trkpt>
   <trkpt lat="60.806397" lon="16.948493"><ele>82.75</ele></trkpt>
   <trkpt lat="60.806754" lon="16.948444"><ele>82.75</ele></trkpt>
   <trkpt lat="60.807359" lon="16.948409"><ele>81.25</ele></trkpt>
   <trkpt lat="60.807671" lon="16.948399"><ele>80.5</ele></trkpt>
   <trkpt lat="60.810149" lon="16.94833"><ele>77.75</ele></trkpt>
   <trkpt lat="60.810533" lon="16.948314"><ele>77.25</ele></trkpt>
   <trkpt lat="60.810733" lon="16.948274"><ele>77.25</ele></trkpt>
   <trkpt lat="60.811102" lon="16.948157"><ele>76.5</ele></trkpt>
   <trkpt lat="60.811484" lon="16.94797"><ele>75.5</ele></trkpt>
   <trkpt lat="60.812635" lon="16.947309"><ele>74.75</ele></trkpt>
   <trkpt lat="60.813427" lon="16.946827"><ele>74</ele></trkpt>
   <trkpt lat="60.813857" lon="16.94653"><ele>74.5</ele></trkpt>
   <trkpt lat="60.814132" lon="16.946301"><ele>75.25</ele></trkpt>
   <trkpt lat="60.814437" lon="16.946002"><ele>75.75</ele></trkpt>
   <trkpt lat="60.814662" lon="16.945755"><ele>76</ele></trkpt>
   <trkpt lat="60.814897" lon="16.945466"><ele>76.25</ele></trkpt>
   <trkpt lat="60.815127" lon="16.945159"><ele>77</ele></trkpt>
   <trkpt lat="60.816119" lon="16.943712"><ele>77.25</ele></trkpt>
   <trkpt lat="60.819512" lon="16.938753"><ele>76.25</ele></trkpt>
   <trkpt lat="60.822401" lon="16.93453"><ele>78</ele></trkpt>
   <trkpt lat="60.822695" lon="16.934119"><ele>78.25</ele></trkpt>
   <trkpt lat="60.822954" lon="16.933777"><ele>78.75</ele></trkpt>
   <trkpt lat="60.823343" lon="16.933291"><ele>79</ele></trkpt>
   <trkpt lat="60.823454" lon="16.933167"><ele>79.5</ele></trkpt>
   <trkpt lat="60.823814" lon="16.932795"><ele>80.25</ele></trkpt>
   <trkpt lat="60.824602" lon="16.932116"><ele>80.75</ele></trkpt>
   <trkpt lat="60.825077" lon="16.931762"><ele>80</ele></trkpt>
   <trkpt lat="60.827859" lon="16.929803"><ele>85.75</ele></trkpt>
   <trkpt lat="60.828225" lon="16.929503"><ele>85.5</ele></trkpt>
   <trkpt lat="60.828613" lon="16.929114"><ele>85.75</ele></trkpt>
   <trkpt lat="60.828864" lon="16.928824"><ele>86.25</ele></trkpt>
   <trkpt lat="60.829148" lon="16.928448"><ele>86.75</ele></trkpt>
   <trkpt lat="60.829403" lon="16.928068"><ele>87.25</ele></trkpt>
   <trkpt lat="60.829616" lon="16.927703"><ele>87.5</ele></trkpt>
   <trkpt lat="60.829877" lon="16.927196"><ele>87.25</ele></trkpt>
   <trkpt lat="60.830088" lon="16.926732"><ele>87.25</ele></trkpt>
   <trkpt lat="60.830292" lon="16.926236"><ele>88</ele></trkpt>
   <trkpt lat="60.830483" lon="16.925721"><ele>88.5</ele></trkpt>
   <trkpt lat="60.830651" lon="16.925243"><ele>88</ele></trkpt>
   <trkpt lat="60.830853" lon="16.924624"><ele>88</ele></trkpt>
   <trkpt lat="60.830996" lon="16.924176"><ele>88</ele></trkpt>
   <trkpt lat="60.832145" lon="16.920603"><ele>88</ele></trkpt>
   <trkpt lat="60.835928" lon="16.908853"><ele>89.5</ele></trkpt>
   <trkpt lat="60.836013" lon="16.908588"><ele>89</ele></trkpt>
   <trkpt lat="60.836213" lon="16.907897"><ele>89</ele></trkpt>
   <trkpt lat="60.836402" lon="16.907207"><ele>89</ele></trkpt>
   <trkpt lat="60.836576" lon="16.906481"><ele>89.75</ele></trkpt>
   <trkpt lat="60.836665" lon="16.906077"><ele>89.75</ele></trkpt>
   <trkpt lat="60.836813" lon="16.905317"><ele>89.25</ele></trkpt>
   <trkpt lat="60.836958" lon="16.904452"><ele>89.25</ele></trkpt>
   <trkpt lat="60.837066" lon="16.903637"><ele>88.75</ele></trkpt>
   <trkpt lat="60.837141" lon="16.902915"><ele>87.5</ele></trkpt>
   <trkpt lat="60.837209" lon="16.902116"><ele>85.25</ele></trkpt>
   <trkpt lat="60.83726" lon="16.901278"><ele>82.75</ele></trkpt>
   <trkpt lat="60.837297" lon="16.900478"><ele>81.75</ele></trkpt>
   <trkpt lat="60.837684" lon="16.891088"><ele>84</ele></trkpt>
   <trkpt lat="60.838138" lon="16.879499"><ele>82.75</ele></trkpt>
   <trkpt lat="60.838375" lon="16.873383"><ele>82</ele></trkpt>
   <trkpt lat="60.8384" lon="16.872784"><ele>82</ele></trkpt>
   <trkpt lat="60.838679" lon="16.865988"><ele>76.5</ele></trkpt>
   <trkpt lat="60.838713" lon="16.865157"><ele>76.75</ele></trkpt>
   <trkpt lat="60.838753" lon="16.864396"><ele>77</ele></trkpt>
   <trkpt lat="60.838783" lon="16.863957"><ele>77.25</ele></trkpt>
   <trkpt lat="60.838865" lon="16.863051"><ele>78</ele></trkpt>
   <trkpt lat="60.838968" lon="16.862264"><ele>78.25</ele></trkpt>
   <trkpt lat="60.839028" lon="16.861869"><ele>78.75</ele></trkpt>
   <trkpt lat="60.839098" lon="16.86147"><ele>78.75</ele></trkpt>
   <trkpt lat="60.839169" lon="16.861094"><ele>78.75</ele></trkpt>
   <trkpt lat="60.83926" lon="16.860663"><ele>78.75</ele></trkpt>
   <trkpt lat="60.83935" lon="16.860265"><ele>78.5</ele></trkpt>
   <trkpt lat="60.839466" lon="16.859805"><ele>78.25</ele></trkpt>
   <trkpt lat="60.839681" lon="16.859062"><ele>77.75</ele></trkpt>
   <trkpt lat="60.839689" lon="16.859038"><ele>77.75</ele></trkpt>
   <trkpt lat="60.839823" lon="16.858622"><ele>77.25</ele></trkpt>
   <trkpt lat="60.839953" lon="16.858255"><ele>76.5</ele></trkpt>
   <trkpt lat="60.840112" lon="16.857839"><ele>76.25</ele></trkpt>
   <trkpt lat="60.840271" lon="16.857458"><ele>76</ele></trkpt>
   <trkpt lat="60.840425" lon="16.85711"><ele>76.25</ele></trkpt>
   <trkpt lat="60.840565" lon="16.856824"><ele>76.25</ele></trkpt>
   <trkpt lat="60.840871" lon="16.856234"><ele>76</ele></trkpt>
   <trkpt lat="60.840975" lon="16.856056"><ele>76.25</ele></trkpt>
   <trkpt lat="60.841067" lon="16.855888"><ele>76.25</ele></trkpt>
   <trkpt lat="60.841285" lon="16.855496"><ele>76.25</ele></trkpt>
   <trkpt lat="60.841732" lon="16.854696"><ele>76.25</ele></trkpt>
   <trkpt lat="60.841899" lon="16.854371"><ele>76.75</ele></trkpt>
   <trkpt lat="60.842197" lon="16.853738"><ele>77</ele></trkpt>
   <trkpt lat="60.842337" lon="16.853414"><ele>76.25</ele></trkpt>
   <trkpt lat="60.842476" lon="16.853066"><ele>75.5</ele></trkpt>
   <trkpt lat="60.842608" lon="16.852711"><ele>75.75</ele></trkpt>
   <trkpt lat="60.842823" lon="16.85209"><ele>75.25</ele></trkpt>
   <trkpt lat="60.842928" lon="16.851748"><ele>75</ele></trkpt>
   <trkpt lat="60.843" lon="16.851524"><ele>75</ele></trkpt>
   <trkpt lat="60.843204" lon="16.850803"><ele>74.75</ele></trkpt>
   <trkpt lat="60.843414" lon="16.849939"><ele>74</ele></trkpt>
   <trkpt lat="60.843609" lon="16.849026"><ele>74</ele></trkpt>
   <trkpt lat="60.843751" lon="16.84822"><ele>74</ele></trkpt>
   <trkpt lat="60.84382" lon="16.84777"><ele>74</ele></trkpt>
   <trkpt lat="60.843926" lon="16.846932"><ele>74</ele></trkpt>
   <trkpt lat="60.843966" lon="16.846573"><ele>74</ele></trkpt>
   <trkpt lat="60.844122" lon="16.844896"><ele>74.75</ele></trkpt>
   <trkpt lat="60.844196" lon="16.844065"><ele>74.75</ele></trkpt>
   <trkpt lat="60.844293" lon="16.842964"><ele>74</ele></trkpt>
   <trkpt lat="60.844383" lon="16.841928"><ele>73.25</ele></trkpt>
   <trkpt lat="60.844415" lon="16.841431"><ele>73.25</ele></trkpt>
   <trkpt lat="60.844438" lon="16.840921"><ele>73.75</ele></trkpt>
   <trkpt lat="60.84444" lon="16.840066"><ele>74.25</ele></trkpt>
   <trkpt lat="60.84444" lon="16.840052"><ele>74.25</ele></trkpt>
   <trkpt lat="60.844418" lon="16.839427"><ele>74.75</ele></trkpt>
   <trkpt lat="60.844391" lon="16.83901"><ele>74.75</ele></trkpt>
   <trkpt lat="60.844289" lon="16.837873"><ele>73.75</ele></trkpt>
   <trkpt lat="60.844205" lon="16.837185"><ele>74.5</ele></trkpt>
   <trkpt lat="60.844117" lon="16.836438"><ele>76</ele></trkpt>
   <trkpt lat="60.844047" lon="16.835706"><ele>76.5</ele></trkpt>
   <trkpt lat="60.843983" lon="16.834898"><ele>76.25</ele></trkpt>
   <trkpt lat="60.843962" lon="16.834005"><ele>75.75</ele></trkpt>
   <trkpt lat="60.843988" lon="16.833125"><ele>75.75</ele></trkpt>
   <trkpt lat="60.844046" lon="16.83227"><ele>76.5</ele></trkpt>
   <trkpt lat="60.844146" lon="16.831401"><ele>77</ele></trkpt>
   <trkpt lat="60.844475" lon="16.829247"><ele>75</ele></trkpt>
   <trkpt lat="60.844666" lon="16.828153"><ele>74.25</ele></trkpt>
   <trkpt lat="60.844939" lon="16.826817"><ele>74</ele></trkpt>
   <trkpt lat="60.845923" lon="16.822482"><ele>75</ele></trkpt>
   <trkpt lat="60.846049" lon="16.821931"><ele>75.5</ele></trkpt>
   <trkpt lat="60.846536" lon="16.819785"><ele>76.5</ele></trkpt>
   <trkpt lat="60.846673" lon="16.819131"><ele>77</ele></trkpt>
   <trkpt lat="60.846775" lon="16.818584"><ele>77.25</ele></trkpt>
   <trkpt lat="60.846858" lon="16.818041"><ele>77.25</ele></trkpt>
   <trkpt lat="60.846918" lon="16.817512"><ele>77</ele></trkpt>
   <trkpt lat="60.846964" lon="16.817044"><ele>77.5</ele></trkpt>
   <trkpt lat="60.846993" lon="16.816517"><ele>77.75</ele></trkpt>
   <trkpt lat="60.846999" lon="16.815981"><ele>77.5</ele></trkpt>
   <trkpt lat="60.846989" lon="16.815397"><ele>77</ele></trkpt>
   <trkpt lat="60.846966" lon="16.814776"><ele>77</ele></trkpt>
   <trkpt lat="60.846811" lon="16.812145"><ele>77.5</ele></trkpt>
   <trkpt lat="60.846765" lon="16.811059"><ele>77.5</ele></trkpt>
   <trkpt lat="60.846751" lon="16.810182"><ele>78.25</ele></trkpt>
   <trkpt lat="60.846767" lon="16.809399"><ele>78.75</ele></trkpt>
   <trkpt lat="60.846796" lon="16.808791"><ele>79</ele></trkpt>
   <trkpt lat="60.846841" lon="16.808167"><ele>79.25</ele></trkpt>
   <trkpt lat="60.846899" lon="16.807591"><ele>79.5</ele></trkpt>
   <trkpt lat="60.846975" lon="16.806982"><ele>80</ele></trkpt>
   <trkpt lat="60.847072" lon="16.806338"><ele>80</ele></trkpt>
   <trkpt lat="60.847296" lon="16.805116"><ele>79</ele></trkpt>
   <trkpt lat="60.847486" lon="16.804153"><ele>80</ele></trkpt>
   <trkpt lat="60.848545" lon="16.798785"><ele>82</ele></trkpt>
   <trkpt lat="60.848998" lon="16.796544"><ele>81.5</ele></trkpt>
   <trkpt lat="60.849187" lon="16.79571"><ele>80.75</ele></trkpt>
   <trkpt lat="60.849396" lon="16.794854"><ele>79.75</ele></trkpt>
   <trkpt lat="60.85056" lon="16.790268"><ele>78.75</ele></trkpt>
   <trkpt lat="60.850768" lon="16.789404"><ele>78</ele></trkpt>
   <trkpt lat="60.851024" lon="16.788239"><ele>78</ele></trkpt>
   <trkpt lat="60.851185" lon="16.78744"><ele>78.5</ele></trkpt>
   <trkpt lat="60.851248" lon="16.787111"><ele>78.5</ele></trkpt>
   <trkpt lat="60.851431" lon="16.786118"><ele>78.5</ele></trkpt>
   <trkpt lat="60.852169" lon="16.781923"><ele>82</ele></trkpt>
   <trkpt lat="60.852327" lon="16.781066"><ele>81.25</ele></trkpt>
   <trkpt lat="60.852464" lon="16.780374"><ele>80.25</ele></trkpt>
   <trkpt lat="60.852749" lon="16.779138"><ele>80</ele></trkpt>
   <trkpt lat="60.85306" lon="16.778021"><ele>80.25</ele></trkpt>
   <trkpt lat="60.853303" lon="16.777278"><ele>81.25</ele></trkpt>
   <trkpt lat="60.853465" lon="16.776808"><ele>81.25</ele></trkpt>
   <trkpt lat="60.853833" lon="16.775854"><ele>81.5</ele></trkpt>
   <trkpt lat="60.854216" lon="16.774996"><ele>79.75</ele></trkpt>
   <trkpt lat="60.855671" lon="16.77185"><ele>78</ele></trkpt>
   <trkpt lat="60.855809" lon="16.771559"><ele>77.75</ele></trkpt>
   <trkpt lat="60.856333" lon="16.770529"><ele>79</ele></trkpt>
   <trkpt lat="60.856409" lon="16.770392"><ele>79</ele></trkpt>
   <trkpt lat="60.856417" lon="16.770377"><ele>79</ele></trkpt>
   <trkpt lat="60.856571" lon="16.770096"><ele>79</ele></trkpt>
   <trkpt lat="60.856867" lon="16.769585"><ele>79.25</ele></trkpt>
   <trkpt lat="60.862523" lon="16.760941"><ele>79.25</ele></trkpt>
   <trkpt lat="60.862745" lon="16.760577"><ele>80.5</ele></trkpt>
   <trkpt lat="60.863418" lon="16.759474"><ele>80.5</ele></trkpt>
   <trkpt lat="60.864439" lon="16.757828"><ele>78.75</ele></trkpt>
   <trkpt lat="60.864965" lon="16.757037"><ele>79</ele></trkpt>
   <trkpt lat="60.865461" lon="16.756366"><ele>78.25</ele></trkpt>
   <trkpt lat="60.865919" lon="16.755783"><ele>77.5</ele></trkpt>
   <trkpt lat="60.866412" lon="16.755184"><ele>81.25</ele></trkpt>
   <trkpt lat="60.866528" lon="16.755039"><ele>82</ele></trkpt>
   <trkpt lat="60.867298" lon="16.754242"><ele>83.75</ele></trkpt>
   <trkpt lat="60.867547" lon="16.754028"><ele>83.75</ele></trkpt>
   <trkpt lat="60.867804" lon="16.753839"><ele>82</ele></trkpt>
   <trkpt lat="60.868062" lon="16.753678"><ele>80.25</ele></trkpt>
   <trkpt lat="60.868333" lon="16.753527"><ele>78.5</ele></trkpt>
   <trkpt lat="60.870299" lon="16.752659"><ele>82.25</ele></trkpt>
   <trkpt lat="60.870612" lon="16.752498"><ele>81.75</ele></trkpt>
   <trkpt lat="60.870744" lon="16.752426"><ele>81.25</ele></trkpt>
   <trkpt lat="60.871109" lon="16.752178"><ele>81.25</ele></trkpt>
   <trkpt lat="60.871536" lon="16.75181"><ele>81.75</ele></trkpt>
   <trkpt lat="60.872017" lon="16.751272"><ele>80.75</ele></trkpt>
   <trkpt lat="60.872348" lon="16.750826"><ele>79.75</ele></trkpt>
   <trkpt lat="60.872641" lon="16.750369"><ele>80.5</ele></trkpt>
   <trkpt lat="60.872878" lon="16.749959"><ele>80.5</ele></trkpt>
   <trkpt lat="60.873076" lon="16.749557"><ele>79.5</ele></trkpt>
   <trkpt lat="60.873305" lon="16.749042"><ele>78</ele></trkpt>
   <trkpt lat="60.873497" lon="16.748561"><ele>77.5</ele></trkpt>
   <trkpt lat="60.873668" lon="16.748075"><ele>78</ele></trkpt>
   <trkpt lat="60.873912" lon="16.74731"><ele>79.25</ele></trkpt>
   <trkpt lat="60.874731" lon="16.744424"><ele>78.5</ele></trkpt>
   <trkpt lat="60.874975" lon="16.743499"><ele>79.5</ele></trkpt>
   <trkpt lat="60.875109" lon="16.742956"><ele>79.75</ele></trkpt>
   <trkpt lat="60.875391" lon="16.741741"><ele>80.25</ele></trkpt>
   <trkpt lat="60.875869" lon="16.739612"><ele>78.25</ele></trkpt>
   <trkpt lat="60.876819" lon="16.735403"><ele>79.25</ele></trkpt>
   <trkpt lat="60.8787" lon="16.72706"><ele>78.75</ele></trkpt>
   <trkpt lat="60.879182" lon="16.724977"><ele>77.75</ele></trkpt>
   <trkpt lat="60.879357" lon="16.724273"><ele>77.5</ele></trkpt>
   <trkpt lat="60.879531" lon="16.723682"><ele>77.5</ele></trkpt>
   <trkpt lat="60.879748" lon="16.723029"><ele>77.25</ele></trkpt>
   <trkpt lat="60.879972" lon="16.722463"><ele>77</ele></trkpt>
   <trkpt lat="60.880187" lon="16.721975"><ele>76.75</ele></trkpt>
   <trkpt lat="60.88038" lon="16.721564"><ele>77</ele></trkpt>
   <trkpt lat="60.880628" lon="16.721099"><ele>77</ele></trkpt>
   <trkpt lat="60.880884" lon="16.720687"><ele>76.75</ele></trkpt>
   <trkpt lat="60.881156" lon="16.720282"><ele>76</ele></trkpt>
   <trkpt lat="60.881438" lon="16.719919"><ele>76</ele></trkpt>
   <trkpt lat="60.881594" lon="16.719745"><ele>76</ele></trkpt>
   <trkpt lat="60.8816" lon="16.719739"><ele>76</ele></trkpt>
   <trkpt lat="60.881704" lon="16.719625"><ele>76</ele></trkpt>
   <trkpt lat="60.882023" lon="16.719314"><ele>76</ele></trkpt>
   <trkpt lat="60.882313" lon="16.719073"><ele>76</ele></trkpt>
   <trkpt lat="60.882563" lon="16.718889"><ele>76</ele></trkpt>
   <trkpt lat="60.882864" lon="16.718714"><ele>76.25</ele></trkpt>
   <trkpt lat="60.883177" lon="16.718572"><ele>76.75</ele></trkpt>
   <trkpt lat="60.883514" lon="16.718466"><ele>77.25</ele></trkpt>
   <trkpt lat="60.883819" lon="16.718413"><ele>78</ele></trkpt>
   <trkpt lat="60.884077" lon="16.718381"><ele>78.5</ele></trkpt>
   <trkpt lat="60.884948" lon="16.718393"><ele>78.75</ele></trkpt>
   <trkpt lat="60.885251" lon="16.718421"><ele>79</ele></trkpt>
   <trkpt lat="60.88583" lon="16.718578"><ele>79.25</ele></trkpt>
   <trkpt lat="60.88634" lon="16.718798"><ele>79.25</ele></trkpt>
   <trkpt lat="60.887812" lon="16.71949"><ele>78.25</ele></trkpt>
   <trkpt lat="60.889872" lon="16.720502"><ele>78</ele></trkpt>
   <trkpt lat="60.891531" lon="16.721336"><ele>78.25</ele></trkpt>
   <trkpt lat="60.892234" lon="16.721658"><ele>78.5</ele></trkpt>
   <trkpt lat="60.892405" lon="16.721736"><ele>78.5</ele></trkpt>
   <trkpt lat="60.893105" lon="16.721885"><ele>78.25</ele></trkpt>
   <trkpt lat="60.893577" lon="16.721984"><ele>77.25</ele></trkpt>
   <trkpt lat="60.893618" lon="16.721986"><ele>77</ele></trkpt>
   <trkpt lat="60.893747" lon="16.722026"><ele>76.5</ele></trkpt>
   <trkpt lat="60.894165" lon="16.722176"><ele>75</ele></trkpt>
   <trkpt lat="60.894835" lon="16.722444"><ele>78</ele></trkpt>
   <trkpt lat="60.895657" lon="16.72278"><ele>79.25</ele></trkpt>
   <trkpt lat="60.895676" lon="16.722788"><ele>79.25</ele></trkpt>
   <trkpt lat="60.897576" lon="16.723572"><ele>81</ele></trkpt>
   <trkpt lat="60.898074" lon="16.723799"><ele>83.5</ele></trkpt>
   <trkpt lat="60.898399" lon="16.723983"><ele>85</ele></trkpt>
   <trkpt lat="60.899095" lon="16.72441"><ele>84.25</ele></trkpt>
   <trkpt lat="60.900575" lon="16.725432"><ele>85.5</ele></trkpt>
   <trkpt lat="60.903686" lon="16.727575"><ele>83</ele></trkpt>
   <trkpt lat="60.904272" lon="16.727952"><ele>84.25</ele></trkpt>
   <trkpt lat="60.90514" lon="16.72842"><ele>86</ele></trkpt>
   <trkpt lat="60.905231" lon="16.728463"><ele>86</ele></trkpt>
   <trkpt lat="60.905819" lon="16.728637"><ele>85.75</ele></trkpt>
   <trkpt lat="60.906507" lon="16.728806"><ele>84.75</ele></trkpt>
   <trkpt lat="60.906995" lon="16.728883"><ele>84.75</ele></trkpt>
   <trkpt lat="60.909302" lon="16.729177"><ele>86.25</ele></trkpt>
   <trkpt lat="60.910871" lon="16.729365"><ele>88.75</ele></trkpt>
   <trkpt lat="60.913126" lon="16.729642"><ele>91.75</ele></trkpt>
   <trkpt lat="60.913651" lon="16.729654"><ele>92.75</ele></trkpt>
   <trkpt lat="60.914179" lon="16.729599"><ele>92.75</ele></trkpt>
   <trkpt lat="60.91468" lon="16.729482"><ele>93.25</ele></trkpt>
   <trkpt lat="60.915348" lon="16.729214"><ele>94.75</ele></trkpt>
   <trkpt lat="60.915591" lon="16.72909"><ele>95.25</ele></trkpt>
   <trkpt lat="60.915781" lon="16.728978"><ele>95.75</ele></trkpt>
   <trkpt lat="60.915955" lon="16.728873"><ele>96</ele></trkpt>
   <trkpt lat="60.916334" lon="16.728616"><ele>96</ele></trkpt>
   <trkpt lat="60.918111" lon="16.727368"><ele>96</ele></trkpt>
   <trkpt lat="60.924004" lon="16.723247"><ele>101.25</ele></trkpt>
   <trkpt lat="60.926618" lon="16.721414"><ele>104.5</ele></trkpt>
   <trkpt lat="60.928313" lon="16.720231"><ele>103.5</ele></trkpt>
   <trkpt lat="60.931776" lon="16.71773"><ele>103.75</ele></trkpt>
   <trkpt lat="60.935128" lon="16.71539"><ele>109.75</ele></trkpt>
   <trkpt lat="60.936282" lon="16.714646"><ele>111.25</ele></trkpt>
   <trkpt lat="60.937174" lon="16.714089"><ele>112.5</ele></trkpt>
   <trkpt lat="60.938029" lon="16.713572"><ele>112.25</ele></trkpt>
   <trkpt lat="60.938657" lon="16.713257"><ele>112.25</ele></trkpt>
   <trkpt lat="60.940411" lon="16.712475"><ele>114.25</ele></trkpt>
   <trkpt lat="60.940423" lon="16.71247"><ele>114.5</ele></trkpt>
   <trkpt lat="60.942903" lon="16.711352"><ele>116</ele></trkpt>
   <trkpt lat="60.943874" lon="16.71091"><ele>116</ele></trkpt>
   <trkpt lat="60.945512" lon="16.710159"><ele>116.25</ele></trkpt>
   <trkpt lat="60.945519" lon="16.710156"><ele>116.25</ele></trkpt>
   <trkpt lat="60.946032" lon="16.709923"><ele>116</ele></trkpt>
   <trkpt lat="60.947015" lon="16.709435"><ele>116.5</ele></trkpt>
   <trkpt lat="60.948016" lon="16.708829"><ele>116.5</ele></trkpt>
   <trkpt lat="60.948694" lon="16.708352"><ele>116</ele></trkpt>
   <trkpt lat="60.949153" lon="16.707986"><ele>115.75</ele></trkpt>
   <trkpt lat="60.949832" lon="16.707401"><ele>115.5</ele></trkpt>
   <trkpt lat="60.952339" lon="16.705052"><ele>115</ele></trkpt>
   <trkpt lat="60.954122" lon="16.703372"><ele>115.75</ele></trkpt>
   <trkpt lat="60.956173" lon="16.701442"><ele>117</ele></trkpt>
   <trkpt lat="60.956915" lon="16.70078"><ele>117.75</ele></trkpt>
   <trkpt lat="60.957318" lon="16.700453"><ele>118.75</ele></trkpt>
   <trkpt lat="60.957751" lon="16.700144"><ele>119.75</ele></trkpt>
   <trkpt lat="60.958185" lon="16.699873"><ele>120.5</ele></trkpt>
   <trkpt lat="60.95856" lon="16.699656"><ele>121.25</ele></trkpt>
   <trkpt lat="60.958936" lon="16.699474"><ele>121.25</ele></trkpt>
   <trkpt lat="60.959764" lon="16.699122"><ele>120.75</ele></trkpt>
   <trkpt lat="60.96064" lon="16.698785"><ele>122</ele></trkpt>
   <trkpt lat="60.961289" lon="16.698538"><ele>122.75</ele></trkpt>
   <trkpt lat="60.965204" lon="16.696987"><ele>122</ele></trkpt>
   <trkpt lat="60.96925" lon="16.695406"><ele>122.5</ele></trkpt>
   <trkpt lat="60.969262" lon="16.695402"><ele>122.5</ele></trkpt>
   <trkpt lat="60.96945" lon="16.695329"><ele>122.5</ele></trkpt>
   <trkpt lat="60.972904" lon="16.693975"><ele>123.75</ele></trkpt>
   <trkpt lat="60.97436" lon="16.693436"><ele>124</ele></trkpt>
   <trkpt lat="60.975054" lon="16.693278"><ele>124</ele></trkpt>
   <trkpt lat="60.975765" lon="16.693176"><ele>124</ele></trkpt>
   <trkpt lat="60.976556" lon="16.693079"><ele>124.5</ele></trkpt>
   <trkpt lat="60.978287" lon="16.6929"><ele>125.75</ele></trkpt>
   <trkpt lat="60.98101" lon="16.692621"><ele>128.5</ele></trkpt>
   <trkpt lat="60.984245" lon="16.69227"><ele>132.5</ele></trkpt>
   <trkpt lat="60.984998" lon="16.692178"><ele>133</ele></trkpt>
   <trkpt lat="60.985647" lon="16.692041"><ele>133.75</ele></trkpt>
   <trkpt lat="60.98629" lon="16.691859"><ele>135</ele></trkpt>
   <trkpt lat="60.986913" lon="16.691644"><ele>136.25</ele></trkpt>
   <trkpt lat="60.987218" lon="16.691512"><ele>136.75</ele></trkpt>
   <trkpt lat="60.987561" lon="16.691367"><ele>137.25</ele></trkpt>
   <trkpt lat="60.988189" lon="16.691054"><ele>137.25</ele></trkpt>
   <trkpt lat="60.9888" lon="16.690721"><ele>137</ele></trkpt>
   <trkpt lat="60.989264" lon="16.690407"><ele>136.75</ele></trkpt>
   <trkpt lat="60.989787" lon="16.690045"><ele>136.25</ele></trkpt>
   <trkpt lat="60.992914" lon="16.687626"><ele>135.75</ele></trkpt>
   <trkpt lat="60.992926" lon="16.687617"><ele>135.75</ele></trkpt>
   <trkpt lat="60.994935" lon="16.686064"><ele>133.75</ele></trkpt>
   <trkpt lat="60.99528" lon="16.68579"><ele>133</ele></trkpt>
   <trkpt lat="60.995725" lon="16.685494"><ele>132</ele></trkpt>
   <trkpt lat="60.996205" lon="16.685176"><ele>130.75</ele></trkpt>
   <trkpt lat="60.997127" lon="16.684461"><ele>129.25</ele></trkpt>
   <trkpt lat="60.998527" lon="16.683367"><ele>127</ele></trkpt>
   <trkpt lat="60.999207" lon="16.682828"><ele>127.75</ele></trkpt>
   <trkpt lat="61.000649" lon="16.681781"><ele>128</ele></trkpt>
   <trkpt lat="61.001403" lon="16.681331"><ele>127.75</ele></trkpt>
   <trkpt lat="61.002072" lon="16.680965"><ele>127.75</ele></trkpt>
   <trkpt lat="61.002711" lon="16.680674"><ele>127</ele></trkpt>
   <trkpt lat="61.003219" lon="16.680481"><ele>126.5</ele></trkpt>
   <trkpt lat="61.003784" lon="16.680297"><ele>125.5</ele></trkpt>
   <trkpt lat="61.004265" lon="16.680168"><ele>124.5</ele></trkpt>
   <trkpt lat="61.004942" lon="16.680037"><ele>125.75</ele></trkpt>
   <trkpt lat="61.005517" lon="16.679966"><ele>124.25</ele></trkpt>
   <trkpt lat="61.005954" lon="16.679935"><ele>123</ele></trkpt>
   <trkpt lat="61.006531" lon="16.679918"><ele>122.25</ele></trkpt>
   <trkpt lat="61.007155" lon="16.679932"><ele>121.5</ele></trkpt>
   <trkpt lat="61.007626" lon="16.679959"><ele>120.75</ele></trkpt>
   <trkpt lat="61.010086" lon="16.680108"><ele>120.25</ele></trkpt>
   <trkpt lat="61.011086" lon="16.680049"><ele>120.5</ele></trkpt>
   <trkpt lat="61.013246" lon="16.68016"><ele>120.75</ele></trkpt>
   <trkpt lat="61.016283" lon="16.680318"><ele>115.5</ele></trkpt>
   <trkpt lat="61.016311" lon="16.680319"><ele>115.5</ele></trkpt>
   <trkpt lat="61.018985" lon="16.680463"><ele>114.25</ele></trkpt>
   <trkpt lat="61.019603" lon="16.680489"><ele>114</ele></trkpt>
   <trkpt lat="61.020226" lon="16.680487"><ele>113</ele></trkpt>
   <trkpt lat="61.020879" lon="16.680457"><ele>110.75</ele></trkpt>
   <trkpt lat="61.021741" lon="16.680359"><ele>109.25</ele></trkpt>
   <trkpt lat="61.022233" lon="16.680274"><ele>108.25</ele></trkpt>
   <trkpt lat="61.02324" lon="16.68004"><ele>108.75</ele></trkpt>
   <trkpt lat="61.024074" lon="16.679778"><ele>111.25</ele></trkpt>
   <trkpt lat="61.024719" lon="16.679533"><ele>113.75</ele></trkpt>
   <trkpt lat="61.025327" lon="16.679264"><ele>115.25</ele></trkpt>
   <trkpt lat="61.026876" lon="16.678434"><ele>115.5</ele></trkpt>
   <trkpt lat="61.0273" lon="16.678166"><ele>114</ele></trkpt>
   <trkpt lat="61.027846" lon="16.677794"><ele>114.5</ele></trkpt>
   <trkpt lat="61.028426" lon="16.677376"><ele>113.75</ele></trkpt>
   <trkpt lat="61.030861" lon="16.675473"><ele>109</ele></trkpt>
   <trkpt lat="61.0317" lon="16.67484"><ele>109.5</ele></trkpt>
   <trkpt lat="61.032245" lon="16.674441"><ele>107.75</ele></trkpt>
   <trkpt lat="61.032984" lon="16.673961"><ele>107</ele></trkpt>
   <trkpt lat="61.033565" lon="16.673619"><ele>107</ele></trkpt>
   <trkpt lat="61.034521" lon="16.673121"><ele>106.25</ele></trkpt>
   <trkpt lat="61.035109" lon="16.672849"><ele>107</ele></trkpt>
   <trkpt lat="61.035574" lon="16.672665"><ele>107.5</ele></trkpt>
   <trkpt lat="61.035991" lon="16.672512"><ele>108</ele></trkpt>
   <trkpt lat="61.036474" lon="16.672352"><ele>108.5</ele></trkpt>
   <trkpt lat="61.037007" lon="16.672202"><ele>108.5</ele></trkpt>
   <trkpt lat="61.037524" lon="16.672073"><ele>108.5</ele></trkpt>
   <trkpt lat="61.038534" lon="16.671891"><ele>109.75</ele></trkpt>
   <trkpt lat="61.039064" lon="16.671829"><ele>109.5</ele></trkpt>
   <trkpt lat="61.039606" lon="16.671819"><ele>108.5</ele></trkpt>
   <trkpt lat="61.040514" lon="16.671803"><ele>108</ele></trkpt>
   <trkpt lat="61.040974" lon="16.671826"><ele>107.75</ele></trkpt>
   <trkpt lat="61.042134" lon="16.671951"><ele>107.75</ele></trkpt>
   <trkpt lat="61.042994" lon="16.672126"><ele>108.5</ele></trkpt>
   <trkpt lat="61.043915" lon="16.672369"><ele>106.5</ele></trkpt>
   <trkpt lat="61.044174" lon="16.672426"><ele>105.75</ele></trkpt>
   <trkpt lat="61.044558" lon="16.672559"><ele>106</ele></trkpt>
   <trkpt lat="61.045196" lon="16.672806"><ele>106</ele></trkpt>
   <trkpt lat="61.045659" lon="16.673004"><ele>106</ele></trkpt>
   <trkpt lat="61.046694" lon="16.673525"><ele>104.25</ele></trkpt>
   <trkpt lat="61.047359" lon="16.673908"><ele>103</ele></trkpt>
   <trkpt lat="61.047803" lon="16.674188"><ele>102.5</ele></trkpt>
   <trkpt lat="61.048424" lon="16.674615"><ele>102</ele></trkpt>
   <trkpt lat="61.049126" lon="16.675138"><ele>99.75</ele></trkpt>
   <trkpt lat="61.049445" lon="16.675394"><ele>99.5</ele></trkpt>
   <trkpt lat="61.049827" lon="16.675714"><ele>99.75</ele></trkpt>
   <trkpt lat="61.050409" lon="16.676228"><ele>99.75</ele></trkpt>
   <trkpt lat="61.050877" lon="16.676663"><ele>100.75</ele></trkpt>
   <trkpt lat="61.051231" lon="16.677013"><ele>100.25</ele></trkpt>
   <trkpt lat="61.051651" lon="16.677447"><ele>100.75</ele></trkpt>
   <trkpt lat="61.052215" lon="16.678052"><ele>99.25</ele></trkpt>
   <trkpt lat="61.053042" lon="16.67902"><ele>99.75</ele></trkpt>
   <trkpt lat="61.053448" lon="16.679528"><ele>101</ele></trkpt>
   <trkpt lat="61.054642" lon="16.681055"><ele>101.25</ele></trkpt>
   <trkpt lat="61.056334" lon="16.683243"><ele>103.25</ele></trkpt>
   <trkpt lat="61.063934" lon="16.693066"><ele>109</ele></trkpt>
   <trkpt lat="61.065977" lon="16.695705"><ele>105.75</ele></trkpt>
   <trkpt lat="61.065986" lon="16.695715"><ele>105.5</ele></trkpt>
   <trkpt lat="61.066812" lon="16.696785"><ele>102.5</ele></trkpt>
   <trkpt lat="61.067382" lon="16.697549"><ele>102</ele></trkpt>
   <trkpt lat="61.067908" lon="16.698279"><ele>103.25</ele></trkpt>
   <trkpt lat="61.068407" lon="16.698989"><ele>104.75</ele></trkpt>
   <trkpt lat="61.068828" lon="16.699605"><ele>105.25</ele></trkpt>
   <trkpt lat="61.069171" lon="16.70013"><ele>104.5</ele></trkpt>
   <trkpt lat="61.070025" lon="16.701508"><ele>102</ele></trkpt>
   <trkpt lat="61.070611" lon="16.702492"><ele>101</ele></trkpt>
   <trkpt lat="61.071282" lon="16.703641"><ele>101.5</ele></trkpt>
   <trkpt lat="61.074377" lon="16.708947"><ele>105.25</ele></trkpt>
   <trkpt lat="61.075015" lon="16.709966"><ele>105</ele></trkpt>
   <trkpt lat="61.075244" lon="16.710312"><ele>105.25</ele></trkpt>
   <trkpt lat="61.075771" lon="16.711032"><ele>106.75</ele></trkpt>
   <trkpt lat="61.076157" lon="16.711575"><ele>109.25</ele></trkpt>
   <trkpt lat="61.076566" lon="16.712098"><ele>110.75</ele></trkpt>
   <trkpt lat="61.076883" lon="16.71248"><ele>111</ele></trkpt>
   <trkpt lat="61.077268" lon="16.712919"><ele>110.75</ele></trkpt>
   <trkpt lat="61.078087" lon="16.713804"><ele>110</ele></trkpt>
   <trkpt lat="61.078576" lon="16.714312"><ele>109.25</ele></trkpt>
   <trkpt lat="61.082895" lon="16.718776"><ele>116</ele></trkpt>
   <trkpt lat="61.086547" lon="16.722799"><ele>117</ele></trkpt>
   <trkpt lat="61.088399" lon="16.724852"><ele>116.5</ele></trkpt>
   <trkpt lat="61.088411" lon="16.724865"><ele>116.5</ele></trkpt>
   <trkpt lat="61.090249" lon="16.726873"><ele>104.75</ele></trkpt>
   <trkpt lat="61.09205" lon="16.728871"><ele>99</ele></trkpt>
   <trkpt lat="61.094302" lon="16.73142"><ele>107.75</ele></trkpt>
   <trkpt lat="61.094444" lon="16.731582"><ele>106.75</ele></trkpt>
   <trkpt lat="61.094889" lon="16.732069"><ele>103.75</ele></trkpt>
   <trkpt lat="61.095341" lon="16.732502"><ele>102.5</ele></trkpt>
   <trkpt lat="61.096393" lon="16.733375"><ele>102.25</ele></trkpt>
   <trkpt lat="61.096912" lon="16.73376"><ele>103.5</ele></trkpt>
   <trkpt lat="61.097125" lon="16.733887"><ele>104</ele></trkpt>
   <trkpt lat="61.097541" lon="16.734193"><ele>104.75</ele></trkpt>
   <trkpt lat="61.098835" lon="16.734915"><ele>104.5</ele></trkpt>
   <trkpt lat="61.099473" lon="16.735198"><ele>105</ele></trkpt>
   <trkpt lat="61.100228" lon="16.735465"><ele>104.5</ele></trkpt>
   <trkpt lat="61.10077" lon="16.735627"><ele>103.25</ele></trkpt>
   <trkpt lat="61.101416" lon="16.735762"><ele>102.25</ele></trkpt>
   <trkpt lat="61.102003" lon="16.735855"><ele>102</ele></trkpt>
   <trkpt lat="61.102466" lon="16.735895"><ele>102</ele></trkpt>
   <trkpt lat="61.103091" lon="16.735916"><ele>101.25</ele></trkpt>
   <trkpt lat="61.103633" lon="16.735893"><ele>100.25</ele></trkpt>
   <trkpt lat="61.104242" lon="16.735838"><ele>98.75</ele></trkpt>
   <trkpt lat="61.104805" lon="16.735744"><ele>99.25</ele></trkpt>
   <trkpt lat="61.105283" lon="16.735642"><ele>98.5</ele></trkpt>
   <trkpt lat="61.105789" lon="16.735496"><ele>97.5</ele></trkpt>
   <trkpt lat="61.106217" lon="16.73535"><ele>96</ele></trkpt>
   <trkpt lat="61.106812" lon="16.735124"><ele>94</ele></trkpt>
   <trkpt lat="61.107882" lon="16.734602"><ele>91.25</ele></trkpt>
   <trkpt lat="61.108487" lon="16.734244"><ele>90.5</ele></trkpt>
   <trkpt lat="61.108841" lon="16.733991"><ele>89.25</ele></trkpt>
   <trkpt lat="61.109323" lon="16.733646"><ele>88.25</ele></trkpt>
   <trkpt lat="61.10979" lon="16.733284"><ele>87.75</ele></trkpt>
   <trkpt lat="61.110592" lon="16.732633"><ele>86.75</ele></trkpt>
   <trkpt lat="61.11085" lon="16.732398"><ele>87</ele></trkpt>
   <trkpt lat="61.111253" lon="16.731998"><ele>87.5</ele></trkpt>
   <trkpt lat="61.111732" lon="16.731495"><ele>87.5</ele></trkpt>
   <trkpt lat="61.112206" lon="16.730958"><ele>86.25</ele></trkpt>
   <trkpt lat="61.112653" lon="16.730425"><ele>85.5</ele></trkpt>
   <trkpt lat="61.11356" lon="16.729238"><ele>86.5</ele></trkpt>
   <trkpt lat="61.113988" lon="16.728612"><ele>86.5</ele></trkpt>
   <trkpt lat="61.114433" lon="16.727931"><ele>87.25</ele></trkpt>
   <trkpt lat="61.114856" lon="16.727247"><ele>88</ele></trkpt>
   <trkpt lat="61.115789" lon="16.725652"><ele>86.75</ele></trkpt>
   <trkpt lat="61.116152" lon="16.725057"><ele>86</ele></trkpt>
   <trkpt lat="61.116602" lon="16.724296"><ele>86</ele></trkpt>
   <trkpt lat="61.116646" lon="16.724223"><ele>86</ele></trkpt>
   <trkpt lat="61.117074" lon="16.723354"><ele>85.25</ele></trkpt>
   <trkpt lat="61.117326" lon="16.722931"><ele>86</ele></trkpt>
   <trkpt lat="61.119005" lon="16.720123"><ele>86.75</ele></trkpt>
   <trkpt lat="61.119848" lon="16.718654"><ele>86.75</ele></trkpt>
   <trkpt lat="61.120247" lon="16.717898"><ele>87</ele></trkpt>
   <trkpt lat="61.120594" lon="16.717201"><ele>86.75</ele></trkpt>
   <trkpt lat="61.120968" lon="16.716412"><ele>87</ele></trkpt>
   <trkpt lat="61.121732" lon="16.714733"><ele>86.25</ele></trkpt>
   <trkpt lat="61.122203" lon="16.713808"><ele>85</ele></trkpt>
   <trkpt lat="61.122635" lon="16.712874"><ele>84.75</ele></trkpt>
   <trkpt lat="61.123169" lon="16.71179"><ele>84.5</ele></trkpt>
   <trkpt lat="61.123179" lon="16.711769"><ele>84.5</ele></trkpt>
   <trkpt lat="61.123619" lon="16.710843"><ele>84.5</ele></trkpt>
   <trkpt lat="61.124134" lon="16.709803"><ele>85</ele></trkpt>
   <trkpt lat="61.124314" lon="16.709446"><ele>85.75</ele></trkpt>
   <trkpt lat="61.124395" lon="16.709302"><ele>86.25</ele></trkpt>
   <trkpt lat="61.124669" lon="16.708841"><ele>87.75</ele></trkpt>
   <trkpt lat="61.124931" lon="16.708421"><ele>89.5</ele></trkpt>
   <trkpt lat="61.125171" lon="16.708059"><ele>90</ele></trkpt>
   <trkpt lat="61.125509" lon="16.707586"><ele>90.75</ele></trkpt>
   <trkpt lat="61.126028" lon="16.706941"><ele>91.25</ele></trkpt>
   <trkpt lat="61.12629" lon="16.706643"><ele>92</ele></trkpt>
   <trkpt lat="61.126545" lon="16.706371"><ele>92.25</ele></trkpt>
   <trkpt lat="61.12675" lon="16.706167"><ele>92.25</ele></trkpt>
   <trkpt lat="61.127056" lon="16.705884"><ele>92</ele></trkpt>
   <trkpt lat="61.127381" lon="16.705589"><ele>92.5</ele></trkpt>
   <trkpt lat="61.127737" lon="16.705291"><ele>93.25</ele></trkpt>
   <trkpt lat="61.129585" lon="16.703798"><ele>94.5</ele></trkpt>
   <trkpt lat="61.130034" lon="16.703463"><ele>94.75</ele></trkpt>
   <trkpt lat="61.130901" lon="16.702766"><ele>95</ele></trkpt>
   <trkpt lat="61.132469" lon="16.701514"><ele>98.75</ele></trkpt>
   <trkpt lat="61.133824" lon="16.700434"><ele>99.25</ele></trkpt>
   <trkpt lat="61.134208" lon="16.700152"><ele>99.75</ele></trkpt>
   <trkpt lat="61.134562" lon="16.699916"><ele>100</ele></trkpt>
   <trkpt lat="61.134919" lon="16.699702"><ele>100.25</ele></trkpt>
   <trkpt lat="61.135285" lon="16.699508"><ele>99.75</ele></trkpt>
   <trkpt lat="61.135862" lon="16.699226"><ele>98.75</ele></trkpt>
   <trkpt lat="61.139487" lon="16.697565"><ele>96.25</ele></trkpt>
   <trkpt lat="61.141561" lon="16.696618"><ele>95.75</ele></trkpt>
   <trkpt lat="61.141991" lon="16.696463"><ele>95</ele></trkpt>
   <trkpt lat="61.14218" lon="16.696411"><ele>94.5</ele></trkpt>
   <trkpt lat="61.142506" lon="16.696354"><ele>94</ele></trkpt>
   <trkpt lat="61.142833" lon="16.696338"><ele>95.25</ele></trkpt>
   <trkpt lat="61.143141" lon="16.696354"><ele>96.5</ele></trkpt>
   <trkpt lat="61.143356" lon="16.696392"><ele>96.75</ele></trkpt>
   <trkpt lat="61.143621" lon="16.696466"><ele>95.75</ele></trkpt>
   <trkpt lat="61.143853" lon="16.696551"><ele>94.75</ele></trkpt>
   <trkpt lat="61.144131" lon="16.69668"><ele>94</ele></trkpt>
   <trkpt lat="61.144398" lon="16.696826"><ele>95.75</ele></trkpt>
   <trkpt lat="61.144626" lon="16.696968"><ele>97.25</ele></trkpt>
   <trkpt lat="61.144637" lon="16.696975"><ele>97.25</ele></trkpt>
   <trkpt lat="61.146315" lon="16.69802"><ele>99.5</ele></trkpt>
   <trkpt lat="61.146794" lon="16.698277"><ele>99.5</ele></trkpt>
   <trkpt lat="61.147228" lon="16.698444"><ele>100.75</ele></trkpt>
   <trkpt lat="61.147561" lon="16.698516"><ele>101.25</ele></trkpt>
   <trkpt lat="61.148041" lon="16.698559"><ele>100.75</ele></trkpt>
   <trkpt lat="61.148261" lon="16.698543"><ele>100.75</ele></trkpt>
   <trkpt lat="61.148476" lon="16.698511"><ele>100.5</ele></trkpt>
   <trkpt lat="61.148854" lon="16.698406"><ele>100.25</ele></trkpt>
   <trkpt lat="61.149296" lon="16.698232"><ele>99.75</ele></trkpt>
   <trkpt lat="61.149662" lon="16.698017"><ele>99.25</ele></trkpt>
   <trkpt lat="61.14997" lon="16.697781"><ele>99.25</ele></trkpt>
   <trkpt lat="61.150335" lon="16.697451"><ele>98.75</ele></trkpt>
   <trkpt lat="61.151254" lon="16.696508"><ele>96.5</ele></trkpt>
   <trkpt lat="61.15209" lon="16.69562"><ele>95.25</ele></trkpt>
   <trkpt lat="61.156408" lon="16.691053"><ele>102.5</ele></trkpt>
   <trkpt lat="61.156599" lon="16.690852"><ele>103</ele></trkpt>
   <trkpt lat="61.156944" lon="16.690455"><ele>100</ele></trkpt>
   <trkpt lat="61.157286" lon="16.690005"><ele>98.25</ele></trkpt>
   <trkpt lat="61.157532" lon="16.689661"><ele>98</ele></trkpt>
   <trkpt lat="61.15796" lon="16.688985"><ele>98</ele></trkpt>
   <trkpt lat="61.159513" lon="16.686315"><ele>99.5</ele></trkpt>
   <trkpt lat="61.159778" lon="16.685869"><ele>98.5</ele></trkpt>
   <trkpt lat="61.160071" lon="16.685397"><ele>98.5</ele></trkpt>
   <trkpt lat="61.160257" lon="16.685114"><ele>99.5</ele></trkpt>
   <trkpt lat="61.160443" lon="16.684853"><ele>100</ele></trkpt>
   <trkpt lat="61.160758" lon="16.684448"><ele>98.5</ele></trkpt>
   <trkpt lat="61.160928" lon="16.684249"><ele>96.75</ele></trkpt>
   <trkpt lat="61.161226" lon="16.683941"><ele>95.25</ele></trkpt>
   <trkpt lat="61.161412" lon="16.683783"><ele>94.5</ele></trkpt>
   <trkpt lat="61.163198" lon="16.682407"><ele>96.5</ele></trkpt>
   <trkpt lat="61.16406" lon="16.681743"><ele>92.5</ele></trkpt>
   <trkpt lat="61.165676" lon="16.680498"><ele>92.25</ele></trkpt>
   <trkpt lat="61.172129" lon="16.675535"><ele>94.25</ele></trkpt>
   <trkpt lat="61.172408" lon="16.675325"><ele>94.75</ele></trkpt>
   <trkpt lat="61.173953" lon="16.674157"><ele>94.5</ele></trkpt>
   <trkpt lat="61.175064" lon="16.673274"><ele>95</ele></trkpt>
   <trkpt lat="61.175662" lon="16.672817"><ele>94.75</ele></trkpt>
   <trkpt lat="61.176668" lon="16.671984"><ele>95</ele></trkpt>
   <trkpt lat="61.177495" lon="16.671266"><ele>94.25</ele></trkpt>
   <trkpt lat="61.178056" lon="16.670769"><ele>94.25</ele></trkpt>
   <trkpt lat="61.178745" lon="16.670173"><ele>94.75</ele></trkpt>
   <trkpt lat="61.1804" lon="16.668713"><ele>97.25</ele></trkpt>
   <trkpt lat="61.180742" lon="16.668377"><ele>98.5</ele></trkpt>
   <trkpt lat="61.181002" lon="16.668078"><ele>100.25</ele></trkpt>
   <trkpt lat="61.181254" lon="16.667758"><ele>102.25</ele></trkpt>
   <trkpt lat="61.181518" lon="16.667385"><ele>105</ele></trkpt>
   <trkpt lat="61.185171" lon="16.661651"><ele>89.5</ele></trkpt>
   <trkpt lat="61.186505" lon="16.65955"><ele>88.5</ele></trkpt>
   <trkpt lat="61.186651" lon="16.659328"><ele>90.25</ele></trkpt>
   <trkpt lat="61.187652" lon="16.657764"><ele>95.75</ele></trkpt>
   <trkpt lat="61.187938" lon="16.657314"><ele>95.75</ele></trkpt>
   <trkpt lat="61.188587" lon="16.656293"><ele>93.75</ele></trkpt>
   <trkpt lat="61.188916" lon="16.655834"><ele>90.75</ele></trkpt>
   <trkpt lat="61.189264" lon="16.655413"><ele>86.5</ele></trkpt>
   <trkpt lat="61.189582" lon="16.655096"><ele>86</ele></trkpt>
   <trkpt lat="61.189931" lon="16.654815"><ele>86</ele></trkpt>
   <trkpt lat="61.19029" lon="16.654565"><ele>87</ele></trkpt>
   <trkpt lat="61.190673" lon="16.654364"><ele>88.5</ele></trkpt>
   <trkpt lat="61.191067" lon="16.654225"><ele>88</ele></trkpt>
   <trkpt lat="61.192489" lon="16.653763"><ele>85.75</ele></trkpt>
   <trkpt lat="61.192865" lon="16.653581"><ele>86.25</ele></trkpt>
   <trkpt lat="61.193296" lon="16.653299"><ele>86.75</ele></trkpt>
   <trkpt lat="61.193681" lon="16.652999"><ele>87</ele></trkpt>
   <trkpt lat="61.194121" lon="16.652559"><ele>84.25</ele></trkpt>
   <trkpt lat="61.194558" lon="16.651972"><ele>84</ele></trkpt>
   <trkpt lat="61.194905" lon="16.651416"><ele>82</ele></trkpt>
   <trkpt lat="61.195196" lon="16.650848"><ele>81.5</ele></trkpt>
   <trkpt lat="61.195471" lon="16.650252"><ele>82.25</ele></trkpt>
   <trkpt lat="61.195744" lon="16.649558"><ele>80.25</ele></trkpt>
   <trkpt lat="61.195801" lon="16.649392"><ele>79.75</ele></trkpt>
   <trkpt lat="61.195971" lon="16.648901"><ele>79</ele></trkpt>
   <trkpt lat="61.196193" lon="16.648214"><ele>78.5</ele></trkpt>
   <trkpt lat="61.196448" lon="16.647347"><ele>78.25</ele></trkpt>
   <trkpt lat="61.196455" lon="16.647324"><ele>78.25</ele></trkpt>
   <trkpt lat="61.196659" lon="16.646629"><ele>77</ele></trkpt>
   <trkpt lat="61.197162" lon="16.64514"><ele>77</ele></trkpt>
   <trkpt lat="61.197414" lon="16.644547"><ele>76.75</ele></trkpt>
   <trkpt lat="61.197698" lon="16.64396"><ele>76.75</ele></trkpt>
   <trkpt lat="61.198" lon="16.643418"><ele>77.5</ele></trkpt>
   <trkpt lat="61.198323" lon="16.642954"><ele>76.5</ele></trkpt>
   <trkpt lat="61.19868" lon="16.642501"><ele>75.25</ele></trkpt>
   <trkpt lat="61.199033" lon="16.642104"><ele>74</ele></trkpt>
   <trkpt lat="61.199417" lon="16.641771"><ele>73</ele></trkpt>
   <trkpt lat="61.201537" lon="16.640075"><ele>72.75</ele></trkpt>
   <trkpt lat="61.202861" lon="16.63902"><ele>71</ele></trkpt>
   <trkpt lat="61.207467" lon="16.635351"><ele>67</ele></trkpt>
   <trkpt lat="61.207921" lon="16.634952"><ele>66.25</ele></trkpt>
   <trkpt lat="61.208301" lon="16.634591"><ele>66</ele></trkpt>
   <trkpt lat="61.208601" lon="16.634273"><ele>64.75</ele></trkpt>
   <trkpt lat="61.208889" lon="16.633882"><ele>64.5</ele></trkpt>
   <trkpt lat="61.209186" lon="16.633424"><ele>64.5</ele></trkpt>
   <trkpt lat="61.209473" lon="16.632918"><ele>63.5</ele></trkpt>
   <trkpt lat="61.209798" lon="16.632237"><ele>62.25</ele></trkpt>
   <trkpt lat="61.21014" lon="16.631388"><ele>61.25</ele></trkpt>
   <trkpt lat="61.210565" lon="16.630234"><ele>59.25</ele></trkpt>
   <trkpt lat="61.211001" lon="16.629052"><ele>58.75</ele></trkpt>
   <trkpt lat="61.211095" lon="16.628796"><ele>58.25</ele></trkpt>
   <trkpt lat="61.211551" lon="16.627554"><ele>56.25</ele></trkpt>
   <trkpt lat="61.211715" lon="16.627101"><ele>55.75</ele></trkpt>
   <trkpt lat="61.21268" lon="16.624471"><ele>53.75</ele></trkpt>
   <trkpt lat="61.212809" lon="16.624106"><ele>54.75</ele></trkpt>
   <trkpt lat="61.213673" lon="16.621753"><ele>57.25</ele></trkpt>
   <trkpt lat="61.213992" lon="16.620907"><ele>56</ele></trkpt>
   <trkpt lat="61.213998" lon="16.62089"><ele>56</ele></trkpt>
   <trkpt lat="61.214038" lon="16.620786"><ele>55.75</ele></trkpt>
   <trkpt lat="61.214962" lon="16.61824"><ele>53.75</ele></trkpt>
   <trkpt lat="61.215516" lon="16.616703"><ele>51.25</ele></trkpt>
   <trkpt lat="61.215799" lon="16.615804"><ele>50</ele></trkpt>
   <trkpt lat="61.215988" lon="16.615064"><ele>49.5</ele></trkpt>
   <trkpt lat="61.216107" lon="16.614597"><ele>49.5</ele></trkpt>
   <trkpt lat="61.216185" lon="16.614212"><ele>49.5</ele></trkpt>
   <trkpt lat="61.216287" lon="16.61364"><ele>49.75</ele></trkpt>
   <trkpt lat="61.216386" lon="16.612927"><ele>50.25</ele></trkpt>
   <trkpt lat="61.216473" lon="16.612122"><ele>50.75</ele></trkpt>
   <trkpt lat="61.216711" lon="16.609064"><ele>48</ele></trkpt>
   <trkpt lat="61.216738" lon="16.608706"><ele>48</ele></trkpt>
   <trkpt lat="61.216804" lon="16.607865"><ele>47.75</ele></trkpt>
   <trkpt lat="61.216912" lon="16.606618"><ele>47.5</ele></trkpt>
   <trkpt lat="61.217053" lon="16.605489"><ele>47.75</ele></trkpt>
   <trkpt lat="61.2172" lon="16.604494"><ele>49</ele></trkpt>
   <trkpt lat="61.217379" lon="16.603563"><ele>48.5</ele></trkpt>
   <trkpt lat="61.217644" lon="16.602446"><ele>48.5</ele></trkpt>
   <trkpt lat="61.218664" lon="16.598781"><ele>50.75</ele></trkpt>
   <trkpt lat="61.21889" lon="16.597936"><ele>50.75</ele></trkpt>
   <trkpt lat="61.219167" lon="16.596839"><ele>51.5</ele></trkpt>
   <trkpt lat="61.219323" lon="16.596182"><ele>51.5</ele></trkpt>
   <trkpt lat="61.219396" lon="16.595865"><ele>51.5</ele></trkpt>
   <trkpt lat="61.219605" lon="16.594859"><ele>52</ele></trkpt>
   <trkpt lat="61.21973" lon="16.594214"><ele>52.5</ele></trkpt>
   <trkpt lat="61.219968" lon="16.592901"><ele>52.5</ele></trkpt>
   <trkpt lat="61.220127" lon="16.591875"><ele>54.25</ele></trkpt>
   <trkpt lat="61.220296" lon="16.590667"><ele>53.75</ele></trkpt>
   <trkpt lat="61.220413" lon="16.589699"><ele>52</ele></trkpt>
   <trkpt lat="61.220516" lon="16.588749"><ele>50.25</ele></trkpt>
   <trkpt lat="61.220625" lon="16.587466"><ele>48</ele></trkpt>
   <trkpt lat="61.220702" lon="16.586472"><ele>49</ele></trkpt>
   <trkpt lat="61.220768" lon="16.585476"><ele>51.5</ele></trkpt>
   <trkpt lat="61.220827" lon="16.584436"><ele>56.25</ele></trkpt>
   <trkpt lat="61.220906" lon="16.583359"><ele>57.75</ele></trkpt>
   <trkpt lat="61.221013" lon="16.58241"><ele>57.25</ele></trkpt>
   <trkpt lat="61.221166" lon="16.581442"><ele>57</ele></trkpt>
   <trkpt lat="61.221368" lon="16.5805"><ele>55.5</ele></trkpt>
   <trkpt lat="61.221622" lon="16.579583"><ele>54.25</ele></trkpt>
   <trkpt lat="61.22188" lon="16.578786"><ele>55.75</ele></trkpt>
   <trkpt lat="61.222275" lon="16.577782"><ele>56.75</ele></trkpt>
   <trkpt lat="61.222438" lon="16.577412"><ele>57</ele></trkpt>
   <trkpt lat="61.222494" lon="16.577286"><ele>57.25</ele></trkpt>
   <trkpt lat="61.222685" lon="16.576866"><ele>58</ele></trkpt>
   <trkpt lat="61.222789" lon="16.576659"><ele>58.25</ele></trkpt>
   <trkpt lat="61.222967" lon="16.576297"><ele>58.5</ele></trkpt>
   <trkpt lat="61.223203" lon="16.575872"><ele>58.75</ele></trkpt>
   <trkpt lat="61.223529" lon="16.575394"><ele>59</ele></trkpt>
   <trkpt lat="61.22388" lon="16.574937"><ele>59</ele></trkpt>
   <trkpt lat="61.224186" lon="16.5746"><ele>59</ele></trkpt>
   <trkpt lat="61.224482" lon="16.574322"><ele>59.5</ele></trkpt>
   <trkpt lat="61.224913" lon="16.574001"><ele>60.75</ele></trkpt>
   <trkpt lat="61.22519" lon="16.573829"><ele>61.25</ele></trkpt>
   <trkpt lat="61.225603" lon="16.573569"><ele>62.25</ele></trkpt>
   <trkpt lat="61.225967" lon="16.57334"><ele>62.5</ele></trkpt>
   <trkpt lat="61.226438" lon="16.572995"><ele>61.75</ele></trkpt>
   <trkpt lat="61.227042" lon="16.572592"><ele>60.75</ele></trkpt>
   <trkpt lat="61.22719" lon="16.572482"><ele>60.75</ele></trkpt>
   <trkpt lat="61.227608" lon="16.572126"><ele>60.5</ele></trkpt>
   <trkpt lat="61.22803" lon="16.571839"><ele>59.5</ele></trkpt>
   <trkpt lat="61.228868" lon="16.571325"><ele>58.5</ele></trkpt>
   <trkpt lat="61.229487" lon="16.57095"><ele>57.75</ele></trkpt>
   <trkpt lat="61.230447" lon="16.570306"><ele>58</ele></trkpt>
   <trkpt lat="61.230568" lon="16.570242"><ele>58</ele></trkpt>
   <trkpt lat="61.231584" lon="16.569613"><ele>58.25</ele></trkpt>
   <trkpt lat="61.231964" lon="16.569376"><ele>58.25</ele></trkpt>
   <trkpt lat="61.232461" lon="16.569046"><ele>58.25</ele></trkpt>
   <trkpt lat="61.232967" lon="16.568743"><ele>58.25</ele></trkpt>
   <trkpt lat="61.234209" lon="16.567961"><ele>58.25</ele></trkpt>
   <trkpt lat="61.234493" lon="16.567773"><ele>57.75</ele></trkpt>
   <trkpt lat="61.23501" lon="16.567392"><ele>57</ele></trkpt>
   <trkpt lat="61.235239" lon="16.567172"><ele>57</ele></trkpt>
   <trkpt lat="61.235482" lon="16.566913"><ele>56.75</ele></trkpt>
   <trkpt lat="61.235699" lon="16.56666"><ele>56.25</ele></trkpt>
   <trkpt lat="61.235906" lon="16.566409"><ele>56.25</ele></trkpt>
   <trkpt lat="61.236262" lon="16.565922"><ele>55.75</ele></trkpt>
   <trkpt lat="61.236489" lon="16.565586"><ele>55.25</ele></trkpt>
   <trkpt lat="61.236697" lon="16.565258"><ele>55</ele></trkpt>
   <trkpt lat="61.237198" lon="16.56439"><ele>53.25</ele></trkpt>
   <trkpt lat="61.238148" lon="16.562655"><ele>51</ele></trkpt>
   <trkpt lat="61.238356" lon="16.562269"><ele>51</ele></trkpt>
   <trkpt lat="61.2385" lon="16.56201"><ele>50.75</ele></trkpt>
   <trkpt lat="61.238995" lon="16.561094"><ele>50.75</ele></trkpt>
   <trkpt lat="61.239352" lon="16.560445"><ele>50.5</ele></trkpt>
   <trkpt lat="61.239959" lon="16.559374"><ele>50</ele></trkpt>
   <trkpt lat="61.240344" lon="16.558743"><ele>50.5</ele></trkpt>
   <trkpt lat="61.240756" lon="16.558108"><ele>50.5</ele></trkpt>
   <trkpt lat="61.240846" lon="16.557978"><ele>50</ele></trkpt>
   <trkpt lat="61.241259" lon="16.557393"><ele>49</ele></trkpt>
   <trkpt lat="61.24166" lon="16.556857"><ele>49.75</ele></trkpt>
   <trkpt lat="61.242124" lon="16.556287"><ele>51</ele></trkpt>
   <trkpt lat="61.244444" lon="16.553534"><ele>51.5</ele></trkpt>
   <trkpt lat="61.246701" lon="16.550857"><ele>52.75</ele></trkpt>
   <trkpt lat="61.247422" lon="16.550026"><ele>55.5</ele></trkpt>
   <trkpt lat="61.24768" lon="16.549709"><ele>54.75</ele></trkpt>
   <trkpt lat="61.247859" lon="16.549467"><ele>54</ele></trkpt>
   <trkpt lat="61.248465" lon="16.548614"><ele>52.75</ele></trkpt>
   <trkpt lat="61.248897" lon="16.547954"><ele>53</ele></trkpt>
   <trkpt lat="61.249123" lon="16.547585"><ele>53.75</ele></trkpt>
   <trkpt lat="61.249311" lon="16.547268"><ele>53.75</ele></trkpt>
   <trkpt lat="61.24969" lon="16.546582"><ele>53.5</ele></trkpt>
   <trkpt lat="61.250043" lon="16.545892"><ele>52.75</ele></trkpt>
   <trkpt lat="61.250266" lon="16.54543"><ele>53.25</ele></trkpt>
   <trkpt lat="61.250528" lon="16.544863"><ele>53.75</ele></trkpt>
   <trkpt lat="61.251577" lon="16.542491"><ele>52.25</ele></trkpt>
   <trkpt lat="61.252009" lon="16.541497"><ele>52.5</ele></trkpt>
   <trkpt lat="61.252465" lon="16.540367"><ele>52</ele></trkpt>
   <trkpt lat="61.253295" lon="16.538213"><ele>52.25</ele></trkpt>
   <trkpt lat="61.254136" lon="16.535993"><ele>51.75</ele></trkpt>
   <trkpt lat="61.254776" lon="16.534331"><ele>51.5</ele></trkpt>
   <trkpt lat="61.255099" lon="16.533457"><ele>50.75</ele></trkpt>
   <trkpt lat="61.255426" lon="16.532497"><ele>51</ele></trkpt>
   <trkpt lat="61.25567" lon="16.531692"><ele>51.75</ele></trkpt>
   <trkpt lat="61.255794" lon="16.531237"><ele>53.5</ele></trkpt>
   <trkpt lat="61.255921" lon="16.530742"><ele>54.25</ele></trkpt>
   <trkpt lat="61.256312" lon="16.529103"><ele>50.25</ele></trkpt>
   <trkpt lat="61.256673" lon="16.527647"><ele>51.75</ele></trkpt>
   <trkpt lat="61.256744" lon="16.527384"><ele>52</ele></trkpt>
   <trkpt lat="61.257002" lon="16.526492"><ele>52.5</ele></trkpt>
   <trkpt lat="61.257197" lon="16.525901"><ele>52.75</ele></trkpt>
   <trkpt lat="61.257366" lon="16.525463"><ele>53.25</ele></trkpt>
   <trkpt lat="61.257561" lon="16.525"><ele>53.75</ele></trkpt>
   <trkpt lat="61.257767" lon="16.524556"><ele>54</ele></trkpt>
   <trkpt lat="61.258126" lon="16.523871"><ele>53.75</ele></trkpt>
   <trkpt lat="61.258454" lon="16.523311"><ele>54.5</ele></trkpt>
   <trkpt lat="61.259028" lon="16.522378"><ele>56</ele></trkpt>
   <trkpt lat="61.261019" lon="16.519204"><ele>56.75</ele></trkpt>
   <trkpt lat="61.261604" lon="16.518306"><ele>56.75</ele></trkpt>
   <trkpt lat="61.262033" lon="16.517703"><ele>57.75</ele></trkpt>
   <trkpt lat="61.262264" lon="16.517401"><ele>58.5</ele></trkpt>
   <trkpt lat="61.262793" lon="16.51676"><ele>59.25</ele></trkpt>
   <trkpt lat="61.263636" lon="16.515786"><ele>60.5</ele></trkpt>
   <trkpt lat="61.265873" lon="16.513194"><ele>66</ele></trkpt>
   <trkpt lat="61.266182" lon="16.512827"><ele>66.25</ele></trkpt>
   <trkpt lat="61.266514" lon="16.512408"><ele>66.25</ele></trkpt>
   <trkpt lat="61.266798" lon="16.512019"><ele>66.25</ele></trkpt>
   <trkpt lat="61.267101" lon="16.511569"><ele>66.5</ele></trkpt>
   <trkpt lat="61.267374" lon="16.511117"><ele>66.75</ele></trkpt>
   <trkpt lat="61.267604" lon="16.510701"><ele>67.5</ele></trkpt>
   <trkpt lat="61.267893" lon="16.510124"><ele>68.75</ele></trkpt>
   <trkpt lat="61.268085" lon="16.509711"><ele>68.75</ele></trkpt>
   <trkpt lat="61.26831" lon="16.509178"><ele>69</ele></trkpt>
   <trkpt lat="61.268515" lon="16.508655"><ele>69.25</ele></trkpt>
   <trkpt lat="61.268953" lon="16.507371"><ele>69</ele></trkpt>
   <trkpt lat="61.270093" lon="16.503703"><ele>67</ele></trkpt>
   <trkpt lat="61.270137" lon="16.503563"><ele>66.75</ele></trkpt>
   <trkpt lat="61.271475" lon="16.499247"><ele>66.5</ele></trkpt>
   <trkpt lat="61.271593" lon="16.498864"><ele>66.75</ele></trkpt>
   <trkpt lat="61.272025" lon="16.497541"><ele>67.25</ele></trkpt>
   <trkpt lat="61.272255" lon="16.496898"><ele>68.25</ele></trkpt>
   <trkpt lat="61.27251" lon="16.49628"><ele>69</ele></trkpt>
   <trkpt lat="61.272749" lon="16.495748"><ele>69.25</ele></trkpt>
   <trkpt lat="61.273058" lon="16.495135"><ele>69.25</ele></trkpt>
   <trkpt lat="61.273301" lon="16.494716"><ele>69</ele></trkpt>
   <trkpt lat="61.273592" lon="16.49425"><ele>70</ele></trkpt>
   <trkpt lat="61.273969" lon="16.493724"><ele>71.5</ele></trkpt>
   <trkpt lat="61.274198" lon="16.493437"><ele>72</ele></trkpt>
   <trkpt lat="61.274599" lon="16.492996"><ele>72.25</ele></trkpt>
   <trkpt lat="61.274958" lon="16.492666"><ele>72.75</ele></trkpt>
   <trkpt lat="61.275286" lon="16.492408"><ele>72.75</ele></trkpt>
   <trkpt lat="61.27557" lon="16.492211"><ele>73</ele></trkpt>
   <trkpt lat="61.275823" lon="16.49206"><ele>73</ele></trkpt>
   <trkpt lat="61.276055" lon="16.49194"><ele>72.75</ele></trkpt>
   <trkpt lat="61.276293" lon="16.491842"><ele>72.75</ele></trkpt>
   <trkpt lat="61.276569" lon="16.491747"><ele>72.75</ele></trkpt>
   <trkpt lat="61.276945" lon="16.491653"><ele>72.5</ele></trkpt>
   <trkpt lat="61.277305" lon="16.491604"><ele>72.25</ele></trkpt>
   <trkpt lat="61.277515" lon="16.491593"><ele>71.75</ele></trkpt>
   <trkpt lat="61.277797" lon="16.491577"><ele>71.75</ele></trkpt>
   <trkpt lat="61.278525" lon="16.491581"><ele>71.75</ele></trkpt>
   <trkpt lat="61.281048" lon="16.4916"><ele>71.75</ele></trkpt>
   <trkpt lat="61.2816" lon="16.491568"><ele>70.5</ele></trkpt>
   <trkpt lat="61.28193" lon="16.491526"><ele>70.5</ele></trkpt>
   <trkpt lat="61.282477" lon="16.491389"><ele>71.25</ele></trkpt>
   <trkpt lat="61.282733" lon="16.491293"><ele>72.5</ele></trkpt>
   <trkpt lat="61.283168" lon="16.491103"><ele>74.75</ele></trkpt>
   <trkpt lat="61.283612" lon="16.490847"><ele>75.5</ele></trkpt>
   <trkpt lat="61.284065" lon="16.490528"><ele>75</ele></trkpt>
   <trkpt lat="61.284331" lon="16.49031"><ele>74.75</ele></trkpt>
   <trkpt lat="61.284772" lon="16.489901"><ele>74.25</ele></trkpt>
   <trkpt lat="61.285354" lon="16.489303"><ele>73.75</ele></trkpt>
   <trkpt lat="61.285822" lon="16.488836"><ele>74</ele></trkpt>
   <trkpt lat="61.287151" lon="16.487468"><ele>77.5</ele></trkpt>
   <trkpt lat="61.29339" lon="16.481042"><ele>86</ele></trkpt>
   <trkpt lat="61.294193" lon="16.480123"><ele>87</ele></trkpt>
   <trkpt lat="61.294695" lon="16.479496"><ele>87.75</ele></trkpt>
   <trkpt lat="61.295911" lon="16.477917"><ele>87</ele></trkpt>
   <trkpt lat="61.297724" lon="16.475512"><ele>81</ele></trkpt>
   <trkpt lat="61.298181" lon="16.474863"><ele>80.5</ele></trkpt>
   <trkpt lat="61.298387" lon="16.474548"><ele>81.25</ele></trkpt>
   <trkpt lat="61.298585" lon="16.47422"><ele>81.25</ele></trkpt>
   <trkpt lat="61.298766" lon="16.473898"><ele>82.25</ele></trkpt>
   <trkpt lat="61.298975" lon="16.4735"><ele>82.5</ele></trkpt>
   <trkpt lat="61.299178" lon="16.473092"><ele>82.5</ele></trkpt>
   <trkpt lat="61.300585" lon="16.470102"><ele>77.25</ele></trkpt>
   <trkpt lat="61.301481" lon="16.468191"><ele>74.25</ele></trkpt>
   <trkpt lat="61.302863" lon="16.465255"><ele>76.5</ele></trkpt>
   <trkpt lat="61.303259" lon="16.464337"><ele>75</ele></trkpt>
   <trkpt lat="61.303581" lon="16.46353"><ele>73.5</ele></trkpt>
   <trkpt lat="61.304017" lon="16.462399"><ele>70.25</ele></trkpt>
   <trkpt lat="61.30527" lon="16.459092"><ele>68.75</ele></trkpt>
   <trkpt lat="61.306436" lon="16.456015"><ele>67.75</ele></trkpt>
   <trkpt lat="61.308609" lon="16.450311"><ele>65.25</ele></trkpt>
   <trkpt lat="61.310943" lon="16.444155"><ele>61</ele></trkpt>
   <trkpt lat="61.310952" lon="16.44413"><ele>61</ele></trkpt>
   <trkpt lat="61.311994" lon="16.441382"><ele>62.5</ele></trkpt>
   <trkpt lat="61.312958" lon="16.438837"><ele>64</ele></trkpt>
   <trkpt lat="61.313243" lon="16.438123"><ele>62.5</ele></trkpt>
   <trkpt lat="61.313386" lon="16.437787"><ele>62.25</ele></trkpt>
   <trkpt lat="61.313601" lon="16.43733"><ele>61.5</ele></trkpt>
   <trkpt lat="61.313883" lon="16.436792"><ele>61.5</ele></trkpt>
   <trkpt lat="61.314473" lon="16.435899"><ele>59.5</ele></trkpt>
   <trkpt lat="61.314976" lon="16.435192"><ele>57.5</ele></trkpt>
   <trkpt lat="61.316622" lon="16.432905"><ele>65</ele></trkpt>
   <trkpt lat="61.317462" lon="16.431816"><ele>62.25</ele></trkpt>
   <trkpt lat="61.318475" lon="16.430512"><ele>61.75</ele></trkpt>
   <trkpt lat="61.318931" lon="16.42985"><ele>61.25</ele></trkpt>
   <trkpt lat="61.319342" lon="16.429181"><ele>59</ele></trkpt>
   <trkpt lat="61.3197" lon="16.428523"><ele>58.5</ele></trkpt>
   <trkpt lat="61.319895" lon="16.428131"><ele>58.5</ele></trkpt>
   <trkpt lat="61.32009" lon="16.427724"><ele>58.75</ele></trkpt>
   <trkpt lat="61.320254" lon="16.427359"><ele>58.5</ele></trkpt>
   <trkpt lat="61.320572" lon="16.426584"><ele>59</ele></trkpt>
   <trkpt lat="61.320741" lon="16.426139"><ele>59.5</ele></trkpt>
   <trkpt lat="61.320898" lon="16.4257"><ele>60.5</ele></trkpt>
   <trkpt lat="61.32107" lon="16.42519"><ele>62.5</ele></trkpt>
   <trkpt lat="61.321217" lon="16.424718"><ele>63.75</ele></trkpt>
   <trkpt lat="61.322775" lon="16.419474"><ele>63.25</ele></trkpt>
   <trkpt lat="61.323083" lon="16.418491"><ele>63.75</ele></trkpt>
   <trkpt lat="61.323497" lon="16.417332"><ele>65.25</ele></trkpt>
   <trkpt lat="61.32367" lon="16.416885"><ele>65</ele></trkpt>
   <trkpt lat="61.324102" lon="16.415869"><ele>65.75</ele></trkpt>
   <trkpt lat="61.324244" lon="16.415561"><ele>66</ele></trkpt>
   <trkpt lat="61.324463" lon="16.4151"><ele>66.25</ele></trkpt>
   <trkpt lat="61.324759" lon="16.414525"><ele>66.25</ele></trkpt>
   <trkpt lat="61.325275" lon="16.413586"><ele>66.25</ele></trkpt>
   <trkpt lat="61.326595" lon="16.411256"><ele>68</ele></trkpt>
   <trkpt lat="61.329042" lon="16.406944"><ele>63.75</ele></trkpt>
   <trkpt lat="61.329347" lon="16.406435"><ele>64.25</ele></trkpt>
   <trkpt lat="61.329608" lon="16.406033"><ele>64.75</ele></trkpt>
   <trkpt lat="61.329837" lon="16.405711"><ele>65.25</ele></trkpt>
   <trkpt lat="61.330177" lon="16.405265"><ele>65.25</ele></trkpt>
   <trkpt lat="61.331019" lon="16.404225"><ele>64.5</ele></trkpt>
   <trkpt lat="61.331266" lon="16.4039"><ele>63.75</ele></trkpt>
   <trkpt lat="61.33158" lon="16.403476"><ele>63</ele></trkpt>
   <trkpt lat="61.331825" lon="16.40311"><ele>62.5</ele></trkpt>
   <trkpt lat="61.331978" lon="16.402879"><ele>62.25</ele></trkpt>
   <trkpt lat="61.332191" lon="16.402528"><ele>62</ele></trkpt>
   <trkpt lat="61.332391" lon="16.402168"><ele>62.25</ele></trkpt>
   <trkpt lat="61.332773" lon="16.401438"><ele>63</ele></trkpt>
   <trkpt lat="61.333209" lon="16.400527"><ele>63.75</ele></trkpt>
   <trkpt lat="61.33339" lon="16.400116"><ele>64</ele></trkpt>
   <trkpt lat="61.333996" lon="16.398834"><ele>62.25</ele></trkpt>
   <trkpt lat="61.334289" lon="16.39824"><ele>62.75</ele></trkpt>
   <trkpt lat="61.334634" lon="16.397583"><ele>63</ele></trkpt>
   <trkpt lat="61.334925" lon="16.397084"><ele>61.75</ele></trkpt>
   <trkpt lat="61.335442" lon="16.396333"><ele>61.75</ele></trkpt>
   <trkpt lat="61.335802" lon="16.395852"><ele>62</ele></trkpt>
   <trkpt lat="61.336177" lon="16.395446"><ele>61.25</ele></trkpt>
   <trkpt lat="61.336501" lon="16.395117"><ele>61</ele></trkpt>
   <trkpt lat="61.336877" lon="16.394795"><ele>61</ele></trkpt>
   <trkpt lat="61.337789" lon="16.394121"><ele>61.5</ele></trkpt>
   <trkpt lat="61.338168" lon="16.393858"><ele>61.25</ele></trkpt>
   <trkpt lat="61.338591" lon="16.393582"><ele>61</ele></trkpt>
   <trkpt lat="61.340726" lon="16.392158"><ele>59.5</ele></trkpt>
   <trkpt lat="61.340732" lon="16.392154"><ele>59.5</ele></trkpt>
   <trkpt lat="61.341058" lon="16.391932"><ele>58.75</ele></trkpt>
   <trkpt lat="61.341564" lon="16.391602"><ele>57.25</ele></trkpt>
   <trkpt lat="61.342271" lon="16.391172"><ele>57.25</ele></trkpt>
   <trkpt lat="61.342505" lon="16.391042"><ele>57</ele></trkpt>
   <trkpt lat="61.342707" lon="16.390947"><ele>57</ele></trkpt>
   <trkpt lat="61.342959" lon="16.390852"><ele>56.75</ele></trkpt>
   <trkpt lat="61.343426" lon="16.390723"><ele>57</ele></trkpt>
   <trkpt lat="61.343644" lon="16.390676"><ele>57</ele></trkpt>
   <trkpt lat="61.344184" lon="16.390612"><ele>57.25</ele></trkpt>
   <trkpt lat="61.344701" lon="16.390587"><ele>57.5</ele></trkpt>
   <trkpt lat="61.345232" lon="16.390599"><ele>58</ele></trkpt>
   <trkpt lat="61.34628" lon="16.390664"><ele>58.25</ele></trkpt>
   <trkpt lat="61.346918" lon="16.390809"><ele>57.25</ele></trkpt>
   <trkpt lat="61.347126" lon="16.390855"><ele>56.75</ele></trkpt>
   <trkpt lat="61.347331" lon="16.390917"><ele>56.25</ele></trkpt>
   <trkpt lat="61.347712" lon="16.391018"><ele>56.5</ele></trkpt>
   <trkpt lat="61.348101" lon="16.39114"><ele>57.25</ele></trkpt>
   <trkpt lat="61.348554" lon="16.391327"><ele>57</ele></trkpt>
   <trkpt lat="61.348951" lon="16.391563"><ele>56.25</ele></trkpt>
   <trkpt lat="61.350507" lon="16.392177"><ele>58</ele></trkpt>
   <trkpt lat="61.35136" lon="16.392526"><ele>57.75</ele></trkpt>
   <trkpt lat="61.352694" lon="16.393041"><ele>58</ele></trkpt>
   <trkpt lat="61.353101" lon="16.393116"><ele>58</ele></trkpt>
   <trkpt lat="61.353755" lon="16.393363"><ele>58</ele></trkpt>
   <trkpt lat="61.355734" lon="16.394142"><ele>65.25</ele></trkpt>
   <trkpt lat="61.356156" lon="16.39432"><ele>65.25</ele></trkpt>
   <trkpt lat="61.356174" lon="16.394328"><ele>65.25</ele></trkpt>
   <trkpt lat="61.356397" lon="16.394423"><ele>64.75</ele></trkpt>
   <trkpt lat="61.356726" lon="16.394543"><ele>63.75</ele></trkpt>
   <trkpt lat="61.358268" lon="16.395164"><ele>61.5</ele></trkpt>
   <trkpt lat="61.359281" lon="16.39555"><ele>64.75</ele></trkpt>
   <trkpt lat="61.359293" lon="16.395554"><ele>64.75</ele></trkpt>
   <trkpt lat="61.359667" lon="16.395697"><ele>65.5</ele></trkpt>
   <trkpt lat="61.360075" lon="16.395806"><ele>66</ele></trkpt>
   <trkpt lat="61.362926" lon="16.396367"><ele>67.5</ele></trkpt>
   <trkpt lat="61.363672" lon="16.396499"><ele>69</ele></trkpt>
   <trkpt lat="61.363954" lon="16.396523"><ele>69.75</ele></trkpt>
   <trkpt lat="61.364236" lon="16.396529"><ele>70.25</ele></trkpt>
   <trkpt lat="61.364487" lon="16.396502"><ele>70.75</ele></trkpt>
   <trkpt lat="61.364775" lon="16.396447"><ele>71.25</ele></trkpt>
   <trkpt lat="61.364985" lon="16.396387"><ele>71.5</ele></trkpt>
   <trkpt lat="61.365322" lon="16.396257"><ele>71</ele></trkpt>
   <trkpt lat="61.365891" lon="16.395941"><ele>70.25</ele></trkpt>
   <trkpt lat="61.366673" lon="16.395408"><ele>69.5</ele></trkpt>
   <trkpt lat="61.366791" lon="16.395319"><ele>69.75</ele></trkpt>
   <trkpt lat="61.36906" lon="16.393781"><ele>71</ele></trkpt>
   <trkpt lat="61.372329" lon="16.39156"><ele>71.5</ele></trkpt>
   <trkpt lat="61.373353" lon="16.390891"><ele>70.75</ele></trkpt>
   <trkpt lat="61.373595" lon="16.390769"><ele>70.75</ele></trkpt>
   <trkpt lat="61.373928" lon="16.390609"><ele>70.75</ele></trkpt>
   <trkpt lat="61.374265" lon="16.390478"><ele>70.25</ele></trkpt>
   <trkpt lat="61.374602" lon="16.390384"><ele>69.75</ele></trkpt>
   <trkpt lat="61.374897" lon="16.390333"><ele>69.5</ele></trkpt>
   <trkpt lat="61.375215" lon="16.390303"><ele>70.25</ele></trkpt>
   <trkpt lat="61.375496" lon="16.390295"><ele>71.25</ele></trkpt>
   <trkpt lat="61.375799" lon="16.390303"><ele>72.5</ele></trkpt>
   <trkpt lat="61.376145" lon="16.390344"><ele>73.25</ele></trkpt>
   <trkpt lat="61.37652" lon="16.390429"><ele>74.25</ele></trkpt>
   <trkpt lat="61.376973" lon="16.390582"><ele>75</ele></trkpt>
   <trkpt lat="61.378776" lon="16.391282"><ele>76.5</ele></trkpt>
   <trkpt lat="61.380252" lon="16.391869"><ele>78.75</ele></trkpt>
   <trkpt lat="61.380278" lon="16.391878"><ele>78.75</ele></trkpt>
   <trkpt lat="61.381144" lon="16.392199"><ele>80.5</ele></trkpt>
   <trkpt lat="61.381649" lon="16.392334"><ele>80.75</ele></trkpt>
   <trkpt lat="61.381929" lon="16.392377"><ele>80.75</ele></trkpt>
   <trkpt lat="61.382327" lon="16.392393"><ele>80.75</ele></trkpt>
   <trkpt lat="61.382669" lon="16.392378"><ele>80.75</ele></trkpt>
   <trkpt lat="61.38295" lon="16.392334"><ele>80.75</ele></trkpt>
   <trkpt lat="61.383186" lon="16.392279"><ele>80.5</ele></trkpt>
   <trkpt lat="61.383504" lon="16.392165"><ele>80.25</ele></trkpt>
   <trkpt lat="61.383754" lon="16.392059"><ele>79.75</ele></trkpt>
   <trkpt lat="61.38394" lon="16.391968"><ele>79.75</ele></trkpt>
   <trkpt lat="61.384174" lon="16.39183"><ele>79.75</ele></trkpt>
   <trkpt lat="61.384374" lon="16.391693"><ele>79.75</ele></trkpt>
   <trkpt lat="61.384556" lon="16.391563"><ele>80</ele></trkpt>
   <trkpt lat="61.384993" lon="16.391206"><ele>81</ele></trkpt>
   <trkpt lat="61.385283" lon="16.390915"><ele>82</ele></trkpt>
   <trkpt lat="61.385547" lon="16.390621"><ele>82.75</ele></trkpt>
   <trkpt lat="61.385677" lon="16.39046"><ele>83.25</ele></trkpt>
   <trkpt lat="61.386105" lon="16.389892"><ele>83.5</ele></trkpt>
   <trkpt lat="61.386898" lon="16.38874"><ele>82</ele></trkpt>
   <trkpt lat="61.387141" lon="16.3884"><ele>80.75</ele></trkpt>
   <trkpt lat="61.387485" lon="16.387957"><ele>79</ele></trkpt>
   <trkpt lat="61.387779" lon="16.387615"><ele>78.25</ele></trkpt>
   <trkpt lat="61.387912" lon="16.387482"><ele>78</ele></trkpt>
   <trkpt lat="61.388299" lon="16.387155"><ele>77.75</ele></trkpt>
   <trkpt lat="61.388598" lon="16.386956"><ele>78</ele></trkpt>
   <trkpt lat="61.388809" lon="16.386829"><ele>78.5</ele></trkpt>
   <trkpt lat="61.389055" lon="16.38671"><ele>78.75</ele></trkpt>
   <trkpt lat="61.389063" lon="16.386706"><ele>78.75</ele></trkpt>
   <trkpt lat="61.389566" lon="16.386547"><ele>79</ele></trkpt>
   <trkpt lat="61.389844" lon="16.3865"><ele>79</ele></trkpt>
   <trkpt lat="61.390124" lon="16.386484"><ele>78.5</ele></trkpt>
   <trkpt lat="61.390399" lon="16.386492"><ele>78</ele></trkpt>
   <trkpt lat="61.39083" lon="16.386544"><ele>77</ele></trkpt>
   <trkpt lat="61.390898" lon="16.386554"><ele>77.25</ele></trkpt>
   <trkpt lat="61.39133" lon="16.386617"><ele>78</ele></trkpt>
   <trkpt lat="61.392963" lon="16.386868"><ele>82.5</ele></trkpt>
   <trkpt lat="61.393586" lon="16.386993"><ele>82.5</ele></trkpt>
   <trkpt lat="61.394126" lon="16.387164"><ele>82.25</ele></trkpt>
   <trkpt lat="61.39442" lon="16.387283"><ele>82.5</ele></trkpt>
   <trkpt lat="61.394918" lon="16.387519"><ele>83.75</ele></trkpt>
   <trkpt lat="61.395174" lon="16.387663"><ele>83.75</ele></trkpt>
   <trkpt lat="61.395513" lon="16.387873"><ele>83.5</ele></trkpt>
   <trkpt lat="61.395977" lon="16.388206"><ele>83.25</ele></trkpt>
   <trkpt lat="61.39614" lon="16.388335"><ele>83.25</ele></trkpt>
   <trkpt lat="61.396388" lon="16.388542"><ele>83.75</ele></trkpt>
   <trkpt lat="61.396902" lon="16.389029"><ele>84.5</ele></trkpt>
   <trkpt lat="61.397136" lon="16.38927"><ele>84.5</ele></trkpt>
   <trkpt lat="61.397375" lon="16.389537"><ele>84.5</ele></trkpt>
   <trkpt lat="61.397879" lon="16.390149"><ele>85.5</ele></trkpt>
   <trkpt lat="61.398182" lon="16.390544"><ele>86.25</ele></trkpt>
   <trkpt lat="61.399227" lon="16.391993"><ele>87</ele></trkpt>
   <trkpt lat="61.399449" lon="16.392304"><ele>87.5</ele></trkpt>
   <trkpt lat="61.404818" lon="16.399781"><ele>90</ele></trkpt>
   <trkpt lat="61.406578" lon="16.402233"><ele>91</ele></trkpt>
   <trkpt lat="61.406674" lon="16.402369"><ele>91.5</ele></trkpt>
   <trkpt lat="61.408253" lon="16.404575"><ele>94.25</ele></trkpt>
   <trkpt lat="61.408928" lon="16.405501"><ele>97</ele></trkpt>
   <trkpt lat="61.409473" lon="16.40628"><ele>98.5</ele></trkpt>
   <trkpt lat="61.409988" lon="16.407084"><ele>100</ele></trkpt>
   <trkpt lat="61.410391" lon="16.407835"><ele>101.75</ele></trkpt>
   <trkpt lat="61.410605" lon="16.408256"><ele>102</ele></trkpt>
   <trkpt lat="61.411051" lon="16.409175"><ele>103</ele></trkpt>
   <trkpt lat="61.41154" lon="16.410146"><ele>103.5</ele></trkpt>
   <trkpt lat="61.41193" lon="16.410837"><ele>103.25</ele></trkpt>
   <trkpt lat="61.412082" lon="16.411074"><ele>103.25</ele></trkpt>
   <trkpt lat="61.412091" lon="16.411087"><ele>103.25</ele></trkpt>
   <trkpt lat="61.412361" lon="16.411471"><ele>103</ele></trkpt>
   <trkpt lat="61.412824" lon="16.412031"><ele>103.5</ele></trkpt>
   <trkpt lat="61.413144" lon="16.412338"><ele>103.75</ele></trkpt>
   <trkpt lat="61.413397" lon="16.412537"><ele>103.75</ele></trkpt>
   <trkpt lat="61.413708" lon="16.412756"><ele>103.5</ele></trkpt>
   <trkpt lat="61.413991" lon="16.412912"><ele>103.5</ele></trkpt>
   <trkpt lat="61.414294" lon="16.413038"><ele>103.25</ele></trkpt>
   <trkpt lat="61.414577" lon="16.413124"><ele>103</ele></trkpt>
   <trkpt lat="61.414863" lon="16.413184"><ele>102.5</ele></trkpt>
   <trkpt lat="61.415133" lon="16.413204"><ele>102</ele></trkpt>
   <trkpt lat="61.41544" lon="16.413187"><ele>101.25</ele></trkpt>
   <trkpt lat="61.415747" lon="16.413137"><ele>100.5</ele></trkpt>
   <trkpt lat="61.416036" lon="16.413065"><ele>100</ele></trkpt>
   <trkpt lat="61.416523" lon="16.412889"><ele>99.25</ele></trkpt>
   <trkpt lat="61.41726" lon="16.412574"><ele>99</ele></trkpt>
   <trkpt lat="61.417681" lon="16.412375"><ele>99.25</ele></trkpt>
   <trkpt lat="61.418855" lon="16.411854"><ele>99</ele></trkpt>
   <trkpt lat="61.419079" lon="16.411774"><ele>98.75</ele></trkpt>
   <trkpt lat="61.419289" lon="16.411703"><ele>99</ele></trkpt>
   <trkpt lat="61.419762" lon="16.411596"><ele>99.75</ele></trkpt>
   <trkpt lat="61.420054" lon="16.41156"><ele>100.25</ele></trkpt>
   <trkpt lat="61.420426" lon="16.411553"><ele>99.75</ele></trkpt>
   <trkpt lat="61.420818" lon="16.411577"><ele>99.25</ele></trkpt>
   <trkpt lat="61.42118" lon="16.411643"><ele>100.25</ele></trkpt>
   <trkpt lat="61.422004" lon="16.411821"><ele>101.5</ele></trkpt>
   <trkpt lat="61.422454" lon="16.411905"><ele>101.75</ele></trkpt>
   <trkpt lat="61.422869" lon="16.41196"><ele>101.25</ele></trkpt>
   <trkpt lat="61.422891" lon="16.411961"><ele>101.25</ele></trkpt>
   <trkpt lat="61.423331" lon="16.411977"><ele>101.25</ele></trkpt>
   <trkpt lat="61.423768" lon="16.411976"><ele>100.75</ele></trkpt>
   <trkpt lat="61.424548" lon="16.411956"><ele>100.75</ele></trkpt>
   <trkpt lat="61.425018" lon="16.411945"><ele>101.25</ele></trkpt>
   <trkpt lat="61.425432" lon="16.411934"><ele>102.5</ele></trkpt>
   <trkpt lat="61.425917" lon="16.41192"><ele>103.75</ele></trkpt>
   <trkpt lat="61.426497" lon="16.411895"><ele>104.75</ele></trkpt>
   <trkpt lat="61.426821" lon="16.411854"><ele>105.5</ele></trkpt>
   <trkpt lat="61.427198" lon="16.411785"><ele>106.75</ele></trkpt>
   <trkpt lat="61.427314" lon="16.411748"><ele>107.25</ele></trkpt>
   <trkpt lat="61.427322" lon="16.411746"><ele>107.25</ele></trkpt>
   <trkpt lat="61.427495" lon="16.411691"><ele>107.75</ele></trkpt>
   <trkpt lat="61.4278" lon="16.411563"><ele>107.25</ele></trkpt>
   <trkpt lat="61.428119" lon="16.411412"><ele>106.75</ele></trkpt>
   <trkpt lat="61.428631" lon="16.411092"><ele>105.5</ele></trkpt>
   <trkpt lat="61.42902" lon="16.410809"><ele>104.5</ele></trkpt>
   <trkpt lat="61.431671" lon="16.408813"><ele>104.25</ele></trkpt>
   <trkpt lat="61.435071" lon="16.406246"><ele>96</ele></trkpt>
   <trkpt lat="61.43546" lon="16.406005"><ele>96.75</ele></trkpt>
   <trkpt lat="61.435776" lon="16.405836"><ele>97.75</ele></trkpt>
   <trkpt lat="61.43614" lon="16.405684"><ele>98.5</ele></trkpt>
   <trkpt lat="61.436589" lon="16.405509"><ele>98.75</ele></trkpt>
   <trkpt lat="61.438751" lon="16.404795"><ele>95.5</ele></trkpt>
   <trkpt lat="61.439355" lon="16.404519"><ele>97.25</ele></trkpt>
   <trkpt lat="61.439757" lon="16.404303"><ele>96.5</ele></trkpt>
   <trkpt lat="61.440313" lon="16.403971"><ele>95.25</ele></trkpt>
   <trkpt lat="61.443782" lon="16.401596"><ele>93</ele></trkpt>
   <trkpt lat="61.444207" lon="16.401282"><ele>93.75</ele></trkpt>
   <trkpt lat="61.444526" lon="16.401021"><ele>94.5</ele></trkpt>
   <trkpt lat="61.444794" lon="16.400768"><ele>95.25</ele></trkpt>
   <trkpt lat="61.445051" lon="16.400505"><ele>96.25</ele></trkpt>
   <trkpt lat="61.445261" lon="16.40027"><ele>96.5</ele></trkpt>
   <trkpt lat="61.44559" lon="16.399874"><ele>96.5</ele></trkpt>
   <trkpt lat="61.445832" lon="16.399549"><ele>96.5</ele></trkpt>
   <trkpt lat="61.446193" lon="16.399022"><ele>96.25</ele></trkpt>
   <trkpt lat="61.446694" lon="16.398169"><ele>95.25</ele></trkpt>
   <trkpt lat="61.448138" lon="16.395423"><ele>94.75</ele></trkpt>
   <trkpt lat="61.448983" lon="16.39379"><ele>96.75</ele></trkpt>
   <trkpt lat="61.44941" lon="16.393004"><ele>96</ele></trkpt>
   <trkpt lat="61.449726" lon="16.392475"><ele>95.5</ele></trkpt>
   <trkpt lat="61.450129" lon="16.391893"><ele>94.5</ele></trkpt>
   <trkpt lat="61.450527" lon="16.391375"><ele>94.5</ele></trkpt>
   <trkpt lat="61.450934" lon="16.390915"><ele>94.75</ele></trkpt>
   <trkpt lat="61.451166" lon="16.390691"><ele>94.75</ele></trkpt>
   <trkpt lat="61.45139" lon="16.390471"><ele>95</ele></trkpt>
   <trkpt lat="61.455334" lon="16.386865"><ele>95.25</ele></trkpt>
   <trkpt lat="61.455506" lon="16.386711"><ele>96</ele></trkpt>
   <trkpt lat="61.455902" lon="16.386349"><ele>97.75</ele></trkpt>
   <trkpt lat="61.457907" lon="16.384518"><ele>102.25</ele></trkpt>
   <trkpt lat="61.458421" lon="16.384087"><ele>105</ele></trkpt>
   <trkpt lat="61.458965" lon="16.383705"><ele>105.5</ele></trkpt>
   <trkpt lat="61.459409" lon="16.383437"><ele>105.25</ele></trkpt>
   <trkpt lat="61.459863" lon="16.383205"><ele>105.75</ele></trkpt>
   <trkpt lat="61.460654" lon="16.382891"><ele>106.25</ele></trkpt>
   <trkpt lat="61.460662" lon="16.382888"><ele>106.25</ele></trkpt>
   <trkpt lat="61.461294" lon="16.382656"><ele>106</ele></trkpt>
   <trkpt lat="61.462216" lon="16.38231"><ele>105.25</ele></trkpt>
   <trkpt lat="61.463218" lon="16.382018"><ele>105.75</ele></trkpt>
   <trkpt lat="61.463931" lon="16.381823"><ele>107.75</ele></trkpt>
   <trkpt lat="61.46459" lon="16.381717"><ele>109.25</ele></trkpt>
   <trkpt lat="61.464882" lon="16.381649"><ele>109.75</ele></trkpt>
   <trkpt lat="61.466268" lon="16.38126"><ele>111.25</ele></trkpt>
   <trkpt lat="61.467906" lon="16.380804"><ele>113</ele></trkpt>
   <trkpt lat="61.470248" lon="16.380161"><ele>114</ele></trkpt>
   <trkpt lat="61.472024" lon="16.379677"><ele>113.75</ele></trkpt>
   <trkpt lat="61.472229" lon="16.379626"><ele>113.5</ele></trkpt>
   <trkpt lat="61.472872" lon="16.379426"><ele>113.25</ele></trkpt>
   <trkpt lat="61.47329" lon="16.379349"><ele>112.75</ele></trkpt>
   <trkpt lat="61.473447" lon="16.379328"><ele>112.75</ele></trkpt>
   <trkpt lat="61.473634" lon="16.379304"><ele>112.75</ele></trkpt>
   <trkpt lat="61.473876" lon="16.379298"><ele>112.5</ele></trkpt>
   <trkpt lat="61.474144" lon="16.37932"><ele>112</ele></trkpt>
   <trkpt lat="61.474409" lon="16.379377"><ele>111.25</ele></trkpt>
   <trkpt lat="61.47468" lon="16.379465"><ele>110.75</ele></trkpt>
   <trkpt lat="61.474923" lon="16.379567"><ele>110.5</ele></trkpt>
   <trkpt lat="61.475165" lon="16.379697"><ele>110.75</ele></trkpt>
   <trkpt lat="61.47542" lon="16.379873"><ele>111.75</ele></trkpt>
   <trkpt lat="61.475606" lon="16.380019"><ele>112.75</ele></trkpt>
   <trkpt lat="61.475611" lon="16.380023"><ele>112.75</ele></trkpt>
   <trkpt lat="61.475998" lon="16.380334"><ele>114.25</ele></trkpt>
   <trkpt lat="61.476262" lon="16.380572"><ele>115</ele></trkpt>
   <trkpt lat="61.476478" lon="16.380745"><ele>115.5</ele></trkpt>
   <trkpt lat="61.477596" lon="16.381705"><ele>120.25</ele></trkpt>
   <trkpt lat="61.478377" lon="16.382337"><ele>120.25</ele></trkpt>
   <trkpt lat="61.478593" lon="16.382491"><ele>120</ele></trkpt>
   <trkpt lat="61.478978" lon="16.382721"><ele>119.25</ele></trkpt>
   <trkpt lat="61.4793" lon="16.382866"><ele>119.25</ele></trkpt>
   <trkpt lat="61.479572" lon="16.382947"><ele>119.25</ele></trkpt>
   <trkpt lat="61.479841" lon="16.383001"><ele>119.5</ele></trkpt>
   <trkpt lat="61.480112" lon="16.383029"><ele>120.25</ele></trkpt>
   <trkpt lat="61.480351" lon="16.383025"><ele>121.25</ele></trkpt>
   <trkpt lat="61.480623" lon="16.382997"><ele>122.75</ele></trkpt>
   <trkpt lat="61.48088" lon="16.382934"><ele>123.75</ele></trkpt>
   <trkpt lat="61.481169" lon="16.382844"><ele>123</ele></trkpt>
   <trkpt lat="61.481489" lon="16.382714"><ele>122.25</ele></trkpt>
   <trkpt lat="61.481639" lon="16.38264"><ele>121.75</ele></trkpt>
   <trkpt lat="61.482055" lon="16.382433"><ele>121</ele></trkpt>
   <trkpt lat="61.484029" lon="16.381457"><ele>121.5</ele></trkpt>
   <trkpt lat="61.48442" lon="16.381266"><ele>121.25</ele></trkpt>
   <trkpt lat="61.487779" lon="16.379608"><ele>121.5</ele></trkpt>
   <trkpt lat="61.48878" lon="16.379101"><ele>122</ele></trkpt>
   <trkpt lat="61.489054" lon="16.378946"><ele>122.25</ele></trkpt>
   <trkpt lat="61.489302" lon="16.378789"><ele>122.25</ele></trkpt>
   <trkpt lat="61.489579" lon="16.378588"><ele>122.5</ele></trkpt>
   <trkpt lat="61.48988" lon="16.378345"><ele>122.75</ele></trkpt>
   <trkpt lat="61.490162" lon="16.378085"><ele>123</ele></trkpt>
   <trkpt lat="61.490505" lon="16.377727"><ele>123</ele></trkpt>
   <trkpt lat="61.490683" lon="16.377517"><ele>123</ele></trkpt>
   <trkpt lat="61.490841" lon="16.377337"><ele>122.75</ele></trkpt>
   <trkpt lat="61.491271" lon="16.376773"><ele>122.25</ele></trkpt>
   <trkpt lat="61.493261" lon="16.373965"><ele>119.25</ele></trkpt>
   <trkpt lat="61.493888" lon="16.373093"><ele>117.75</ele></trkpt>
   <trkpt lat="61.49411" lon="16.3728"><ele>117.5</ele></trkpt>
   <trkpt lat="61.494292" lon="16.372577"><ele>117.5</ele></trkpt>
   <trkpt lat="61.494553" lon="16.372284"><ele>117</ele></trkpt>
   <trkpt lat="61.494803" lon="16.372028"><ele>116.75</ele></trkpt>
   <trkpt lat="61.495005" lon="16.371835"><ele>116.75</ele></trkpt>
   <trkpt lat="61.495397" lon="16.371509"><ele>116.5</ele></trkpt>
   <trkpt lat="61.495582" lon="16.371372"><ele>116.75</ele></trkpt>
   <trkpt lat="61.495904" lon="16.371158"><ele>117</ele></trkpt>
   <trkpt lat="61.496745" lon="16.370666"><ele>117.75</ele></trkpt>
   <trkpt lat="61.498215" lon="16.369835"><ele>116</ele></trkpt>
   <trkpt lat="61.498744" lon="16.369568"><ele>115.5</ele></trkpt>
   <trkpt lat="61.49917" lon="16.3694"><ele>115</ele></trkpt>
   <trkpt lat="61.49943" lon="16.369327"><ele>115</ele></trkpt>
   <trkpt lat="61.499679" lon="16.36927"><ele>115.25</ele></trkpt>
   <trkpt lat="61.499953" lon="16.369227"><ele>115.75</ele></trkpt>
   <trkpt lat="61.500197" lon="16.369207"><ele>115.75</ele></trkpt>
   <trkpt lat="61.500749" lon="16.369217"><ele>115.75</ele></trkpt>
   <trkpt lat="61.503467" lon="16.369433"><ele>117</ele></trkpt>
   <trkpt lat="61.504065" lon="16.369427"><ele>116</ele></trkpt>
   <trkpt lat="61.504441" lon="16.369434"><ele>116</ele></trkpt>
   <trkpt lat="61.505488" lon="16.369314"><ele>115.75</ele></trkpt>
   <trkpt lat="61.5056" lon="16.369307"><ele>115.75</ele></trkpt>
   <trkpt lat="61.507688" lon="16.369139"><ele>117.25</ele></trkpt>
   <trkpt lat="61.50837" lon="16.369081"><ele>118.25</ele></trkpt>
   <trkpt lat="61.50895" lon="16.369001"><ele>118.25</ele></trkpt>
   <trkpt lat="61.50939" lon="16.368921"><ele>118.5</ele></trkpt>
   <trkpt lat="61.510322" lon="16.368689"><ele>118.25</ele></trkpt>
   <trkpt lat="61.514101" lon="16.367692"><ele>117.75</ele></trkpt>
   <trkpt lat="61.514211" lon="16.367662"><ele>117.75</ele></trkpt>
   <trkpt lat="61.51422" lon="16.36766"><ele>117.5</ele></trkpt>
   <trkpt lat="61.515479" lon="16.367334"><ele>117</ele></trkpt>
   <trkpt lat="61.515857" lon="16.367266"><ele>117.25</ele></trkpt>
   <trkpt lat="61.516123" lon="16.367239"><ele>117.25</ele></trkpt>
   <trkpt lat="61.516629" lon="16.367244"><ele>117.25</ele></trkpt>
   <trkpt lat="61.51691" lon="16.367272"><ele>117.5</ele></trkpt>
   <trkpt lat="61.517199" lon="16.367312"><ele>117.75</ele></trkpt>
   <trkpt lat="61.517571" lon="16.367384"><ele>118</ele></trkpt>
   <trkpt lat="61.517992" lon="16.367457"><ele>118</ele></trkpt>
   <trkpt lat="61.518244" lon="16.367505"><ele>117.75</ele></trkpt>
   <trkpt lat="61.519492" lon="16.367728"><ele>117.5</ele></trkpt>
   <trkpt lat="61.520036" lon="16.367841"><ele>117</ele></trkpt>
   <trkpt lat="61.522445" lon="16.368295"><ele>117.75</ele></trkpt>
   <trkpt lat="61.523628" lon="16.3685"><ele>119</ele></trkpt>
   <trkpt lat="61.524527" lon="16.368645"><ele>119.75</ele></trkpt>
   <trkpt lat="61.525139" lon="16.368648"><ele>119.75</ele></trkpt>
   <trkpt lat="61.525424" lon="16.3686"><ele>119.5</ele></trkpt>
   <trkpt lat="61.525584" lon="16.368551"><ele>119.25</ele></trkpt>
   <trkpt lat="61.526154" lon="16.368349"><ele>119.25</ele></trkpt>
   <trkpt lat="61.526509" lon="16.368132"><ele>119.75</ele></trkpt>
   <trkpt lat="61.526919" lon="16.367838"><ele>120</ele></trkpt>
   <trkpt lat="61.527442" lon="16.367406"><ele>119.75</ele></trkpt>
   <trkpt lat="61.528006" lon="16.366928"><ele>120.25</ele></trkpt>
   <trkpt lat="61.528184" lon="16.366769"><ele>120.5</ele></trkpt>
   <trkpt lat="61.528872" lon="16.366207"><ele>122.75</ele></trkpt>
   <trkpt lat="61.529551" lon="16.365655"><ele>125.25</ele></trkpt>
   <trkpt lat="61.529926" lon="16.365406"><ele>126.75</ele></trkpt>
   <trkpt lat="61.53019" lon="16.36528"><ele>127.25</ele></trkpt>
   <trkpt lat="61.530455" lon="16.365171"><ele>128</ele></trkpt>
   <trkpt lat="61.530714" lon="16.365096"><ele>128.5</ele></trkpt>
   <trkpt lat="61.531034" lon="16.365033"><ele>129</ele></trkpt>
   <trkpt lat="61.531503" lon="16.364989"><ele>129</ele></trkpt>
   <trkpt lat="61.534246" lon="16.364834"><ele>130</ele></trkpt>
   <trkpt lat="61.537757" lon="16.36463"><ele>134.25</ele></trkpt>
   <trkpt lat="61.539994" lon="16.364502"><ele>137.25</ele></trkpt>
   <trkpt lat="61.540535" lon="16.364421"><ele>138.25</ele></trkpt>
   <trkpt lat="61.540976" lon="16.364305"><ele>138</ele></trkpt>
   <trkpt lat="61.541315" lon="16.364152"><ele>137.25</ele></trkpt>
   <trkpt lat="61.541601" lon="16.363994"><ele>136.75</ele></trkpt>
   <trkpt lat="61.541915" lon="16.363778"><ele>134.75</ele></trkpt>
   <trkpt lat="61.542214" lon="16.36353"><ele>135.25</ele></trkpt>
   <trkpt lat="61.542523" lon="16.363236"><ele>137.75</ele></trkpt>
   <trkpt lat="61.542785" lon="16.362944"><ele>136.25</ele></trkpt>
   <trkpt lat="61.543028" lon="16.362628"><ele>136.5</ele></trkpt>
   <trkpt lat="61.543162" lon="16.362453"><ele>136.75</ele></trkpt>
   <trkpt lat="61.543379" lon="16.362124"><ele>136.75</ele></trkpt>
   <trkpt lat="61.543575" lon="16.361798"><ele>136.5</ele></trkpt>
   <trkpt lat="61.543846" lon="16.361302"><ele>136</ele></trkpt>
   <trkpt lat="61.544082" lon="16.360799"><ele>135.5</ele></trkpt>
   <trkpt lat="61.544387" lon="16.360078"><ele>131</ele></trkpt>
   <trkpt lat="61.544764" lon="16.359146"><ele>129</ele></trkpt>
   <trkpt lat="61.545181" lon="16.358195"><ele>129.5</ele></trkpt>
   <trkpt lat="61.545378" lon="16.357796"><ele>128.75</ele></trkpt>
   <trkpt lat="61.54564" lon="16.357326"><ele>128.25</ele></trkpt>
   <trkpt lat="61.545891" lon="16.356941"><ele>128.75</ele></trkpt>
   <trkpt lat="61.546117" lon="16.356628"><ele>129.5</ele></trkpt>
   <trkpt lat="61.546385" lon="16.356308"><ele>129.25</ele></trkpt>
   <trkpt lat="61.546667" lon="16.356002"><ele>129.25</ele></trkpt>
   <trkpt lat="61.547581" lon="16.355142"><ele>128</ele></trkpt>
   <trkpt lat="61.547939" lon="16.354779"><ele>127.75</ele></trkpt>
   <trkpt lat="61.548206" lon="16.354468"><ele>128</ele></trkpt>
   <trkpt lat="61.548383" lon="16.354241"><ele>128.25</ele></trkpt>
   <trkpt lat="61.548567" lon="16.353976"><ele>127.75</ele></trkpt>
   <trkpt lat="61.548914" lon="16.353426"><ele>127.5</ele></trkpt>
   <trkpt lat="61.54942" lon="16.352562"><ele>127.75</ele></trkpt>
   <trkpt lat="61.549617" lon="16.352242"><ele>127.25</ele></trkpt>
   <trkpt lat="61.549997" lon="16.351646"><ele>125</ele></trkpt>
   <trkpt lat="61.550178" lon="16.351401"><ele>124.75</ele></trkpt>
   <trkpt lat="61.550482" lon="16.35104"><ele>124</ele></trkpt>
   <trkpt lat="61.550722" lon="16.350786"><ele>123</ele></trkpt>
   <trkpt lat="61.550973" lon="16.350568"><ele>123</ele></trkpt>
   <trkpt lat="61.551159" lon="16.350416"><ele>123</ele></trkpt>
   <trkpt lat="61.55143" lon="16.350237"><ele>122.75</ele></trkpt>
   <trkpt lat="61.551696" lon="16.350085"><ele>122.5</ele></trkpt>
   <trkpt lat="61.551895" lon="16.349989"><ele>123.25</ele></trkpt>
   <trkpt lat="61.552119" lon="16.349917"><ele>124</ele></trkpt>
   <trkpt lat="61.552419" lon="16.34984"><ele>125</ele></trkpt>
   <trkpt lat="61.552972" lon="16.34974"><ele>125.25</ele></trkpt>
   <trkpt lat="61.553374" lon="16.349688"><ele>125.25</ele></trkpt>
   <trkpt lat="61.553979" lon="16.349566"><ele>124.25</ele></trkpt>
   <trkpt lat="61.554265" lon="16.349475"><ele>124</ele></trkpt>
   <trkpt lat="61.554599" lon="16.349346"><ele>123.5</ele></trkpt>
   <trkpt lat="61.55489" lon="16.349207"><ele>123.25</ele></trkpt>
   <trkpt lat="61.555215" lon="16.34902"><ele>122.75</ele></trkpt>
   <trkpt lat="61.555521" lon="16.348803"><ele>122.5</ele></trkpt>
   <trkpt lat="61.555816" lon="16.348574"><ele>121.5</ele></trkpt>
   <trkpt lat="61.556125" lon="16.348309"><ele>121</ele></trkpt>
   <trkpt lat="61.557114" lon="16.347372"><ele>119.25</ele></trkpt>
   <trkpt lat="61.558675" lon="16.345872"><ele>119.5</ele></trkpt>
   <trkpt lat="61.558815" lon="16.345729"><ele>119.5</ele></trkpt>
   <trkpt lat="61.55936" lon="16.345166"><ele>119.75</ele></trkpt>
   <trkpt lat="61.559575" lon="16.344915"><ele>119.5</ele></trkpt>
   <trkpt lat="61.559861" lon="16.344569"><ele>119.5</ele></trkpt>
   <trkpt lat="61.560591" lon="16.343644"><ele>119.25</ele></trkpt>
   <trkpt lat="61.562174" lon="16.341611"><ele>118.75</ele></trkpt>
   <trkpt lat="61.563024" lon="16.340527"><ele>118</ele></trkpt>
   <trkpt lat="61.566391" lon="16.336199"><ele>118.75</ele></trkpt>
   <trkpt lat="61.567179" lon="16.335177"><ele>119</ele></trkpt>
   <trkpt lat="61.5674" lon="16.33487"><ele>119</ele></trkpt>
   <trkpt lat="61.567658" lon="16.334484"><ele>119.25</ele></trkpt>
   <trkpt lat="61.567661" lon="16.33448"><ele>119.25</ele></trkpt>
   <trkpt lat="61.567886" lon="16.334123"><ele>119.25</ele></trkpt>
   <trkpt lat="61.568204" lon="16.33358"><ele>119</ele></trkpt>
   <trkpt lat="61.568859" lon="16.3324"><ele>118</ele></trkpt>
   <trkpt lat="61.569252" lon="16.331637"><ele>118.5</ele></trkpt>
   <trkpt lat="61.569525" lon="16.331137"><ele>118.25</ele></trkpt>
   <trkpt lat="61.569568" lon="16.331051"><ele>118.25</ele></trkpt>
   <trkpt lat="61.570237" lon="16.329795"><ele>118.25</ele></trkpt>
   <trkpt lat="61.572435" lon="16.32571"><ele>117.75</ele></trkpt>
   <trkpt lat="61.573207" lon="16.3243"><ele>117.5</ele></trkpt>
   <trkpt lat="61.573303" lon="16.324131"><ele>117.25</ele></trkpt>
   <trkpt lat="61.573405" lon="16.323944"><ele>117.25</ele></trkpt>
   <trkpt lat="61.573567" lon="16.323683"><ele>117.5</ele></trkpt>
   <trkpt lat="61.573835" lon="16.323288"><ele>117</ele></trkpt>
   <trkpt lat="61.574023" lon="16.323042"><ele>116.25</ele></trkpt>
   <trkpt lat="61.574501" lon="16.32248"><ele>115.5</ele></trkpt>
   <trkpt lat="61.574759" lon="16.322224"><ele>115</ele></trkpt>
   <trkpt lat="61.575037" lon="16.32199"><ele>115</ele></trkpt>
   <trkpt lat="61.575147" lon="16.321904"><ele>115</ele></trkpt>
   <trkpt lat="61.575388" lon="16.321734"><ele>115.75</ele></trkpt>
   <trkpt lat="61.575786" lon="16.321509"><ele>116.5</ele></trkpt>
   <trkpt lat="61.576131" lon="16.32136"><ele>116.5</ele></trkpt>
   <trkpt lat="61.576574" lon="16.321224"><ele>116.75</ele></trkpt>
   <trkpt lat="61.577064" lon="16.321167"><ele>117.25</ele></trkpt>
   <trkpt lat="61.577353" lon="16.321173"><ele>117.75</ele></trkpt>
   <trkpt lat="61.57736" lon="16.321174"><ele>117.75</ele></trkpt>
   <trkpt lat="61.577883" lon="16.321224"><ele>118</ele></trkpt>
   <trkpt lat="61.578552" lon="16.321334"><ele>118.75</ele></trkpt>
   <trkpt lat="61.580822" lon="16.321704"><ele>122.75</ele></trkpt>
   <trkpt lat="61.581331" lon="16.321758"><ele>122</ele></trkpt>
   <trkpt lat="61.581552" lon="16.321769"><ele>121.75</ele></trkpt>
   <trkpt lat="61.581866" lon="16.32176"><ele>121.5</ele></trkpt>
   <trkpt lat="61.582135" lon="16.321736"><ele>121</ele></trkpt>
   <trkpt lat="61.58232" lon="16.321705"><ele>121</ele></trkpt>
   <trkpt lat="61.58295" lon="16.321536"><ele>120.25</ele></trkpt>
   <trkpt lat="61.583382" lon="16.321352"><ele>120</ele></trkpt>
   <trkpt lat="61.583689" lon="16.321188"><ele>120.75</ele></trkpt>
   <trkpt lat="61.583991" lon="16.321002"><ele>121.75</ele></trkpt>
   <trkpt lat="61.584283" lon="16.320798"><ele>122.75</ele></trkpt>
   <trkpt lat="61.584783" lon="16.320381"><ele>122.75</ele></trkpt>
   <trkpt lat="61.585006" lon="16.320172"><ele>123</ele></trkpt>
   <trkpt lat="61.585534" lon="16.319596"><ele>122.25</ele></trkpt>
   <trkpt lat="61.586051" lon="16.31893"><ele>122.5</ele></trkpt>
   <trkpt lat="61.58627" lon="16.318607"><ele>122.5</ele></trkpt>
   <trkpt lat="61.586624" lon="16.318016"><ele>122</ele></trkpt>
   <trkpt lat="61.58698" lon="16.317385"><ele>120.75</ele></trkpt>
   <trkpt lat="61.587442" lon="16.316523"><ele>122</ele></trkpt>
   <trkpt lat="61.588232" lon="16.314889"><ele>123.25</ele></trkpt>
   <trkpt lat="61.588476" lon="16.314345"><ele>124</ele></trkpt>
   <trkpt lat="61.588702" lon="16.313811"><ele>124.25</ele></trkpt>
   <trkpt lat="61.589284" lon="16.312321"><ele>123.5</ele></trkpt>
   <trkpt lat="61.590314" lon="16.309644"><ele>126.5</ele></trkpt>
   <trkpt lat="61.591854" lon="16.305575"><ele>130</ele></trkpt>
   <trkpt lat="61.592252" lon="16.304542"><ele>130</ele></trkpt>
   <trkpt lat="61.592638" lon="16.30351"><ele>131.75</ele></trkpt>
   <trkpt lat="61.593017" lon="16.30255"><ele>133.75</ele></trkpt>
   <trkpt lat="61.593254" lon="16.301986"><ele>134</ele></trkpt>
   <trkpt lat="61.593515" lon="16.301453"><ele>132.75</ele></trkpt>
   <trkpt lat="61.593832" lon="16.300873"><ele>132</ele></trkpt>
   <trkpt lat="61.59417" lon="16.300345"><ele>130.75</ele></trkpt>
   <trkpt lat="61.594526" lon="16.299889"><ele>131.25</ele></trkpt>
   <trkpt lat="61.59495" lon="16.299457"><ele>130.25</ele></trkpt>
   <trkpt lat="61.595309" lon="16.299157"><ele>130.25</ele></trkpt>
   <trkpt lat="61.595468" lon="16.299043"><ele>130.25</ele></trkpt>
   <trkpt lat="61.59575" lon="16.298854"><ele>130.25</ele></trkpt>
   <trkpt lat="61.596181" lon="16.298631"><ele>129.75</ele></trkpt>
   <trkpt lat="61.596553" lon="16.298516"><ele>129</ele></trkpt>
   <trkpt lat="61.59687" lon="16.298462"><ele>129.75</ele></trkpt>
   <trkpt lat="61.597452" lon="16.29844"><ele>132.5</ele></trkpt>
   <trkpt lat="61.597893" lon="16.298497"><ele>136.75</ele></trkpt>
   <trkpt lat="61.60105" lon="16.299073"><ele>137.5</ele></trkpt>
   <trkpt lat="61.601508" lon="16.299157"><ele>138.5</ele></trkpt>
   <trkpt lat="61.602415" lon="16.299205"><ele>141.5</ele></trkpt>
   <trkpt lat="61.602871" lon="16.299191"><ele>141.75</ele></trkpt>
   <trkpt lat="61.603358" lon="16.299146"><ele>142</ele></trkpt>
   <trkpt lat="61.603852" lon="16.299076"><ele>141.75</ele></trkpt>
   <trkpt lat="61.604393" lon="16.298974"><ele>142.25</ele></trkpt>
   <trkpt lat="61.607032" lon="16.298352"><ele>146.25</ele></trkpt>
   <trkpt lat="61.607474" lon="16.298231"><ele>147</ele></trkpt>
   <trkpt lat="61.607918" lon="16.298156"><ele>146.75</ele></trkpt>
   <trkpt lat="61.608284" lon="16.298105"><ele>146.75</ele></trkpt>
   <trkpt lat="61.610457" lon="16.297993"><ele>146.25</ele></trkpt>
   <trkpt lat="61.610701" lon="16.29799"><ele>146.5</ele></trkpt>
   <trkpt lat="61.610713" lon="16.297989"><ele>146.75</ele></trkpt>
   <trkpt lat="61.611148" lon="16.297983"><ele>147.25</ele></trkpt>
   <trkpt lat="61.613342" lon="16.297893"><ele>147</ele></trkpt>
   <trkpt lat="61.613926" lon="16.297869"><ele>147.25</ele></trkpt>
   <trkpt lat="61.615693" lon="16.297746"><ele>146</ele></trkpt>
   <trkpt lat="61.615888" lon="16.297719"><ele>146</ele></trkpt>
   <trkpt lat="61.616289" lon="16.297636"><ele>146</ele></trkpt>
   <trkpt lat="61.616496" lon="16.297563"><ele>146</ele></trkpt>
   <trkpt lat="61.616927" lon="16.297343"><ele>145.25</ele></trkpt>
   <trkpt lat="61.617117" lon="16.297225"><ele>145</ele></trkpt>
   <trkpt lat="61.6173" lon="16.297086"><ele>144.5</ele></trkpt>
   <trkpt lat="61.617664" lon="16.296775"><ele>143.75</ele></trkpt>
   <trkpt lat="61.618036" lon="16.296426"><ele>143.5</ele></trkpt>
   <trkpt lat="61.618368" lon="16.296012"><ele>143.75</ele></trkpt>
   <trkpt lat="61.618725" lon="16.295461"><ele>144</ele></trkpt>
   <trkpt lat="61.618928" lon="16.295124"><ele>144</ele></trkpt>
   <trkpt lat="61.619118" lon="16.294774"><ele>144.25</ele></trkpt>
   <trkpt lat="61.619269" lon="16.294465"><ele>144.25</ele></trkpt>
   <trkpt lat="61.619419" lon="16.294152"><ele>144.25</ele></trkpt>
   <trkpt lat="61.619567" lon="16.293814"><ele>144.5</ele></trkpt>
   <trkpt lat="61.619708" lon="16.293441"><ele>144.75</ele></trkpt>
   <trkpt lat="61.619898" lon="16.292859"><ele>145</ele></trkpt>
   <trkpt lat="61.620087" lon="16.29222"><ele>145.5</ele></trkpt>
   <trkpt lat="61.620474" lon="16.290987"><ele>144.25</ele></trkpt>
   <trkpt lat="61.62082" lon="16.290006"><ele>141</ele></trkpt>
   <trkpt lat="61.620862" lon="16.289892"><ele>140.75</ele></trkpt>
   <trkpt lat="61.62126" lon="16.28898"><ele>138.25</ele></trkpt>
   <trkpt lat="61.621611" lon="16.288299"><ele>136</ele></trkpt>
   <trkpt lat="61.622032" lon="16.287682"><ele>134.25</ele></trkpt>
   <trkpt lat="61.622425" lon="16.287178"><ele>133.5</ele></trkpt>
   <trkpt lat="61.62283" lon="16.286759"><ele>133</ele></trkpt>
   <trkpt lat="61.623302" lon="16.286352"><ele>132.25</ele></trkpt>
   <trkpt lat="61.623697" lon="16.28611"><ele>133.5</ele></trkpt>
   <trkpt lat="61.624419" lon="16.285692"><ele>136</ele></trkpt>
   <trkpt lat="61.624913" lon="16.285381"><ele>135.75</ele></trkpt>
   <trkpt lat="61.625359" lon="16.285009"><ele>133.5</ele></trkpt>
   <trkpt lat="61.625771" lon="16.284553"><ele>132.5</ele></trkpt>
   <trkpt lat="61.626184" lon="16.284013"><ele>131.5</ele></trkpt>
   <trkpt lat="61.626345" lon="16.283766"><ele>131.5</ele></trkpt>
   <trkpt lat="61.626498" lon="16.283511"><ele>131.25</ele></trkpt>
   <trkpt lat="61.627106" lon="16.282368"><ele>132</ele></trkpt>
   <trkpt lat="61.62787" lon="16.280974"><ele>132.75</ele></trkpt>
   <trkpt lat="61.62794" lon="16.280845"><ele>132.5</ele></trkpt>
   <trkpt lat="61.628234" lon="16.280298"><ele>132.75</ele></trkpt>
   <trkpt lat="61.628326" lon="16.280143"><ele>132.25</ele></trkpt>
   <trkpt lat="61.628622" lon="16.279665"><ele>133</ele></trkpt>
   <trkpt lat="61.628959" lon="16.27922"><ele>132</ele></trkpt>
   <trkpt lat="61.629539" lon="16.278619"><ele>132</ele></trkpt>
   <trkpt lat="61.62998" lon="16.278241"><ele>131</ele></trkpt>
   <trkpt lat="61.630352" lon="16.277989"><ele>130.75</ele></trkpt>
   <trkpt lat="61.630672" lon="16.277745"><ele>130</ele></trkpt>
   <trkpt lat="61.631044" lon="16.277468"><ele>129</ele></trkpt>
   <trkpt lat="61.631406" lon="16.277154"><ele>128.5</ele></trkpt>
   <trkpt lat="61.631768" lon="16.276787"><ele>126.75</ele></trkpt>
   <trkpt lat="61.633463" lon="16.274872"><ele>124.25</ele></trkpt>
   <trkpt lat="61.634885" lon="16.273284"><ele>124</ele></trkpt>
   <trkpt lat="61.635145" lon="16.272911"><ele>124</ele></trkpt>
   <trkpt lat="61.635415" lon="16.272549"><ele>123.75</ele></trkpt>
   <trkpt lat="61.636045" lon="16.271632"><ele>121.25</ele></trkpt>
   <trkpt lat="61.636208" lon="16.271368"><ele>121.25</ele></trkpt>
   <trkpt lat="61.63623" lon="16.27133"><ele>121.25</ele></trkpt>
   <trkpt lat="61.637007" lon="16.270064"><ele>120.5</ele></trkpt>
   <trkpt lat="61.637013" lon="16.270055"><ele>120.5</ele></trkpt>
   <trkpt lat="61.638089" lon="16.26829"><ele>121</ele></trkpt>
   <trkpt lat="61.638332" lon="16.26781"><ele>121.75</ele></trkpt>
   <trkpt lat="61.638471" lon="16.267516"><ele>122.25</ele></trkpt>
   <trkpt lat="61.638683" lon="16.267002"><ele>121.75</ele></trkpt>
   <trkpt lat="61.638909" lon="16.266414"><ele>122.25</ele></trkpt>
   <trkpt lat="61.63909" lon="16.265874"><ele>122.25</ele></trkpt>
   <trkpt lat="61.639288" lon="16.265235"><ele>122.75</ele></trkpt>
   <trkpt lat="61.639344" lon="16.265031"><ele>122.75</ele></trkpt>
   <trkpt lat="61.639667" lon="16.263793"><ele>124</ele></trkpt>
   <trkpt lat="61.639874" lon="16.262952"><ele>124.5</ele></trkpt>
   <trkpt lat="61.640346" lon="16.261099"><ele>124.25</ele></trkpt>
   <trkpt lat="61.640352" lon="16.261075"><ele>124.25</ele></trkpt>
   <trkpt lat="61.641352" lon="16.257106"><ele>123.75</ele></trkpt>
   <trkpt lat="61.641493" lon="16.256508"><ele>123.75</ele></trkpt>
   <trkpt lat="61.641737" lon="16.25543"><ele>124</ele></trkpt>
   <trkpt lat="61.641948" lon="16.254342"><ele>124</ele></trkpt>
   <trkpt lat="61.642074" lon="16.253566"><ele>124.25</ele></trkpt>
   <trkpt lat="61.642228" lon="16.25245"><ele>124.25</ele></trkpt>
   <trkpt lat="61.642344" lon="16.251496"><ele>123.5</ele></trkpt>
   <trkpt lat="61.642455" lon="16.250621"><ele>122.5</ele></trkpt>
   <trkpt lat="61.642575" lon="16.249631"><ele>123</ele></trkpt>
   <trkpt lat="61.642677" lon="16.248872"><ele>123.25</ele></trkpt>
   <trkpt lat="61.642891" lon="16.246955"><ele>123.25</ele></trkpt>
   <trkpt lat="61.643" lon="16.24583"><ele>123.25</ele></trkpt>
   <trkpt lat="61.643001" lon="16.245817"><ele>123.25</ele></trkpt>
   <trkpt lat="61.643104" lon="16.244732"><ele>122.75</ele></trkpt>
   <trkpt lat="61.643159" lon="16.244048"><ele>122.25</ele></trkpt>
   <trkpt lat="61.643621" lon="16.238223"><ele>125.75</ele></trkpt>
   <trkpt lat="61.643977" lon="16.23372"><ele>126</ele></trkpt>
   <trkpt lat="61.644322" lon="16.229343"><ele>126</ele></trkpt>
   <trkpt lat="61.644655" lon="16.225219"><ele>122</ele></trkpt>
   <trkpt lat="61.644709" lon="16.224615"><ele>122</ele></trkpt>
   <trkpt lat="61.644751" lon="16.224154"><ele>121.75</ele></trkpt>
   <trkpt lat="61.644869" lon="16.223022"><ele>121.5</ele></trkpt>
   <trkpt lat="61.645094" lon="16.221277"><ele>121.5</ele></trkpt>
   <trkpt lat="61.645286" lon="16.219709"><ele>120.75</ele></trkpt>
   <trkpt lat="61.645655" lon="16.216698"><ele>121.5</ele></trkpt>
   <trkpt lat="61.645849" lon="16.21512"><ele>120</ele></trkpt>
   <trkpt lat="61.645977" lon="16.213968"><ele>120</ele></trkpt>
   <trkpt lat="61.646008" lon="16.213536"><ele>120.5</ele></trkpt>
   <trkpt lat="61.646049" lon="16.213078"><ele>120.25</ele></trkpt>
   <trkpt lat="61.646117" lon="16.21195"><ele>119.25</ele></trkpt>
   <trkpt lat="61.646224" lon="16.209703"><ele>118.75</ele></trkpt>
   <trkpt lat="61.646273" lon="16.208929"><ele>118.75</ele></trkpt>
   <trkpt lat="61.646331" lon="16.208215"><ele>118.75</ele></trkpt>
   <trkpt lat="61.646455" lon="16.206936"><ele>119</ele></trkpt>
   <trkpt lat="61.646561" lon="16.206096"><ele>118.75</ele></trkpt>
   <trkpt lat="61.646659" lon="16.205408"><ele>119</ele></trkpt>
   <trkpt lat="61.647301" lon="16.201381"><ele>120</ele></trkpt>
   <trkpt lat="61.647779" lon="16.198404"><ele>118.25</ele></trkpt>
   <trkpt lat="61.648541" lon="16.193665"><ele>117.25</ele></trkpt>
   <trkpt lat="61.648774" lon="16.192257"><ele>116.25</ele></trkpt>
   <trkpt lat="61.64894" lon="16.191184"><ele>116.5</ele></trkpt>
   <trkpt lat="61.649116" lon="16.190047"><ele>117.25</ele></trkpt>
   <trkpt lat="61.649557" lon="16.187416"><ele>118.25</ele></trkpt>
   <trkpt lat="61.64974" lon="16.186465"><ele>118.5</ele></trkpt>
   <trkpt lat="61.649979" lon="16.1854"><ele>119</ele></trkpt>
   <trkpt lat="61.650135" lon="16.184789"><ele>119.5</ele></trkpt>
   <trkpt lat="61.65044" lon="16.183748"><ele>119.5</ele></trkpt>
   <trkpt lat="61.651591" lon="16.179822"><ele>119.75</ele></trkpt>
   <trkpt lat="61.652598" lon="16.176465"><ele>119.75</ele></trkpt>
   <trkpt lat="61.652945" lon="16.175394"><ele>119.5</ele></trkpt>
   <trkpt lat="61.653316" lon="16.174361"><ele>118.75</ele></trkpt>
   <trkpt lat="61.653645" lon="16.173544"><ele>118.5</ele></trkpt>
   <trkpt lat="61.653868" lon="16.173049"><ele>118.5</ele></trkpt>
   <trkpt lat="61.653873" lon="16.173037"><ele>118.5</ele></trkpt>
   <trkpt lat="61.654094" lon="16.172548"><ele>118.25</ele></trkpt>
   <trkpt lat="61.654536" lon="16.171677"><ele>119.5</ele></trkpt>
   <trkpt lat="61.654989" lon="16.170866"><ele>119.75</ele></trkpt>
   <trkpt lat="61.655174" lon="16.17058"><ele>119.5</ele></trkpt>
   <trkpt lat="61.655728" lon="16.169744"><ele>120.25</ele></trkpt>
   <trkpt lat="61.656059" lon="16.169283"><ele>120.5</ele></trkpt>
   <trkpt lat="61.656336" lon="16.168896"><ele>120.75</ele></trkpt>
   <trkpt lat="61.657316" lon="16.167532"><ele>120.5</ele></trkpt>
   <trkpt lat="61.65865" lon="16.165672"><ele>120</ele></trkpt>
   <trkpt lat="61.659525" lon="16.164472"><ele>120.75</ele></trkpt>
   <trkpt lat="61.660729" lon="16.162785"><ele>120</ele></trkpt>
   <trkpt lat="61.661477" lon="16.161743"><ele>119.25</ele></trkpt>
   <trkpt lat="61.662011" lon="16.161002"><ele>119.5</ele></trkpt>
   <trkpt lat="61.662353" lon="16.160497"><ele>120</ele></trkpt>
   <trkpt lat="61.663543" lon="16.158861"><ele>119.75</ele></trkpt>
   <trkpt lat="61.663546" lon="16.158857"><ele>119.5</ele></trkpt>
   <trkpt lat="61.663563" lon="16.158834"><ele>119.5</ele></trkpt>
   <trkpt lat="61.664313" lon="16.157803"><ele>117.5</ele></trkpt>
   <trkpt lat="61.66456" lon="16.157513"><ele>117.5</ele></trkpt>
   <trkpt lat="61.665279" lon="16.156737"><ele>118</ele></trkpt>
   <trkpt lat="61.665672" lon="16.156344"><ele>117.75</ele></trkpt>
   <trkpt lat="61.666979" lon="16.155259"><ele>116.5</ele></trkpt>
   <trkpt lat="61.667246" lon="16.155056"><ele>117.25</ele></trkpt>
   <trkpt lat="61.668099" lon="16.154388"><ele>117.5</ele></trkpt>
   <trkpt lat="61.668513" lon="16.154077"><ele>117.75</ele></trkpt>
   <trkpt lat="61.669202" lon="16.153545"><ele>117.25</ele></trkpt>
   <trkpt lat="61.670632" lon="16.152477"><ele>118.5</ele></trkpt>
   <trkpt lat="61.671272" lon="16.152021"><ele>118</ele></trkpt>
   <trkpt lat="61.671571" lon="16.151847"><ele>117.75</ele></trkpt>
   <trkpt lat="61.671842" lon="16.151722"><ele>117.75</ele></trkpt>
   <trkpt lat="61.671911" lon="16.151689"><ele>117.75</ele></trkpt>
   <trkpt lat="61.672385" lon="16.151517"><ele>118</ele></trkpt>
   <trkpt lat="61.672712" lon="16.151426"><ele>118.5</ele></trkpt>
   <trkpt lat="61.673214" lon="16.151346"><ele>119</ele></trkpt>
   <trkpt lat="61.673643" lon="16.151332"><ele>119</ele></trkpt>
   <trkpt lat="61.673992" lon="16.151354"><ele>118.75</ele></trkpt>
   <trkpt lat="61.674383" lon="16.151437"><ele>118</ele></trkpt>
   <trkpt lat="61.674903" lon="16.151592"><ele>117</ele></trkpt>
   <trkpt lat="61.675503" lon="16.151784"><ele>117.25</ele></trkpt>
   <trkpt lat="61.676029" lon="16.151973"><ele>117.25</ele></trkpt>
   <trkpt lat="61.676884" lon="16.152377"><ele>117.25</ele></trkpt>
   <trkpt lat="61.67715" lon="16.15254"><ele>117.5</ele></trkpt>
   <trkpt lat="61.677528" lon="16.152814"><ele>117.5</ele></trkpt>
   <trkpt lat="61.677971" lon="16.1532"><ele>118.75</ele></trkpt>
   <trkpt lat="61.67847" lon="16.153682"><ele>119.25</ele></trkpt>
   <trkpt lat="61.67865" lon="16.153868"><ele>119.25</ele></trkpt>
   <trkpt lat="61.678981" lon="16.154193"><ele>119.25</ele></trkpt>
   <trkpt lat="61.680435" lon="16.155652"><ele>122</ele></trkpt>
   <trkpt lat="61.682458" lon="16.157681"><ele>124.5</ele></trkpt>
   <trkpt lat="61.68296" lon="16.15816"><ele>125.75</ele></trkpt>
   <trkpt lat="61.683515" lon="16.158622"><ele>126.5</ele></trkpt>
   <trkpt lat="61.684045" lon="16.159014"><ele>125.5</ele></trkpt>
   <trkpt lat="61.684979" lon="16.159627"><ele>124.75</ele></trkpt>
   <trkpt lat="61.684984" lon="16.15963"><ele>124.75</ele></trkpt>
   <trkpt lat="61.688088" lon="16.161624"><ele>122.5</ele></trkpt>
   <trkpt lat="61.688587" lon="16.16193"><ele>123.75</ele></trkpt>
   <trkpt lat="61.688845" lon="16.162082"><ele>123.75</ele></trkpt>
   <trkpt lat="61.690154" lon="16.162852"><ele>124.25</ele></trkpt>
   <trkpt lat="61.695891" lon="16.165576"><ele>122.25</ele></trkpt>
   <trkpt lat="61.696134" lon="16.165705"><ele>122.75</ele></trkpt>
   <trkpt lat="61.696388" lon="16.165851"><ele>122.75</ele></trkpt>
   <trkpt lat="61.696751" lon="16.16608"><ele>123</ele></trkpt>
   <trkpt lat="61.696983" lon="16.166252"><ele>123.5</ele></trkpt>
   <trkpt lat="61.697533" lon="16.16671"><ele>124</ele></trkpt>
   <trkpt lat="61.698248" lon="16.167329"><ele>125.25</ele></trkpt>
   <trkpt lat="61.698851" lon="16.167822"><ele>127.75</ele></trkpt>
   <trkpt lat="61.699009" lon="16.167935"><ele>128.25</ele></trkpt>
   <trkpt lat="61.699456" lon="16.168191"><ele>128.5</ele></trkpt>
   <trkpt lat="61.700368" lon="16.168599"><ele>129</ele></trkpt>
   <trkpt lat="61.703063" lon="16.169618"><ele>131.25</ele></trkpt>
   <trkpt lat="61.70342" lon="16.169713"><ele>131.5</ele></trkpt>
   <trkpt lat="61.704158" lon="16.169845"><ele>130</ele></trkpt>
   <trkpt lat="61.706303" lon="16.170144"><ele>134.5</ele></trkpt>
   <trkpt lat="61.70922" lon="16.170563"><ele>135</ele></trkpt>
   <trkpt lat="61.709847" lon="16.170681"><ele>132.75</ele></trkpt>
   <trkpt lat="61.710159" lon="16.170727"><ele>132.5</ele></trkpt>
   <trkpt lat="61.710168" lon="16.170728"><ele>132.5</ele></trkpt>
   <trkpt lat="61.712222" lon="16.171033"><ele>132</ele></trkpt>
   <trkpt lat="61.712678" lon="16.171134"><ele>132.25</ele></trkpt>
   <trkpt lat="61.713386" lon="16.171426"><ele>134.25</ele></trkpt>
   <trkpt lat="61.71354" lon="16.171465"><ele>134.25</ele></trkpt>
   <trkpt lat="61.713694" lon="16.171508"><ele>134.5</ele></trkpt>
   <trkpt lat="61.714114" lon="16.171645"><ele>134.75</ele></trkpt>
   <trkpt lat="61.715018" lon="16.171938"><ele>134.5</ele></trkpt>
   <trkpt lat="61.715248" lon="16.17201"><ele>134.25</ele></trkpt>
   <trkpt lat="61.717877" lon="16.172841"><ele>135.25</ele></trkpt>
   <trkpt lat="61.718351" lon="16.172995"><ele>135.25</ele></trkpt>
   <trkpt lat="61.719316" lon="16.173228"><ele>135.25</ele></trkpt>
   <trkpt lat="61.719749" lon="16.173296"><ele>135</ele></trkpt>
   <trkpt lat="61.720027" lon="16.173305"><ele>135</ele></trkpt>
   <trkpt lat="61.720386" lon="16.173331"><ele>133.5</ele></trkpt>
   <trkpt lat="61.720885" lon="16.173256"><ele>132.5</ele></trkpt>
   <trkpt lat="61.721903" lon="16.173291"><ele>133.75</ele></trkpt>
   <trkpt lat="61.723057" lon="16.173259"><ele>130.5</ele></trkpt>
   <trkpt lat="61.723379" lon="16.173267"><ele>129</ele></trkpt>
   <trkpt lat="61.723388" lon="16.173267"><ele>129</ele></trkpt>
   <trkpt lat="61.724127" lon="16.173287"><ele>126</ele></trkpt>
   <trkpt lat="61.724132" lon="16.173287"><ele>126</ele></trkpt>
   <trkpt lat="61.724277" lon="16.17329"><ele>126</ele></trkpt>
   <trkpt lat="61.724483" lon="16.173305"><ele>126</ele></trkpt>
   <trkpt lat="61.724805" lon="16.173366"><ele>125.75</ele></trkpt>
   <trkpt lat="61.725126" lon="16.173463"><ele>126.25</ele></trkpt>
   <trkpt lat="61.72551" lon="16.173596"><ele>128.25</ele></trkpt>
   <trkpt lat="61.726294" lon="16.173966"><ele>129.5</ele></trkpt>
   <trkpt lat="61.727961" lon="16.174834"><ele>124.75</ele></trkpt>
   <trkpt lat="61.728486" lon="16.175086"><ele>123.5</ele></trkpt>
   <trkpt lat="61.729037" lon="16.175319"><ele>122.5</ele></trkpt>
   <trkpt lat="61.729454" lon="16.175437"><ele>122.25</ele></trkpt>
   <trkpt lat="61.729892" lon="16.175512"><ele>121.75</ele></trkpt>
   <trkpt lat="61.730304" lon="16.17555"><ele>122.5</ele></trkpt>
   <trkpt lat="61.73076" lon="16.175523"><ele>124.25</ele></trkpt>
   <trkpt lat="61.731198" lon="16.175464"><ele>123.5</ele></trkpt>
   <trkpt lat="61.731654" lon="16.175311"><ele>123.75</ele></trkpt>
   <trkpt lat="61.732085" lon="16.175126"><ele>123.25</ele></trkpt>
   <trkpt lat="61.732457" lon="16.17493"><ele>121.5</ele></trkpt>
   <trkpt lat="61.732823" lon="16.174695"><ele>122</ele></trkpt>
   <trkpt lat="61.733018" lon="16.174569"><ele>122</ele></trkpt>
   <trkpt lat="61.73383" lon="16.17401"><ele>120.5</ele></trkpt>
   <trkpt lat="61.734864" lon="16.173268"><ele>120</ele></trkpt>
   <trkpt lat="61.736475" lon="16.172113"><ele>118.75</ele></trkpt>
   <trkpt lat="61.738353" lon="16.170786"><ele>119</ele></trkpt>
   <trkpt lat="61.741532" lon="16.168596"><ele>119.25</ele></trkpt>
   <trkpt lat="61.742153" lon="16.168168"><ele>119.25</ele></trkpt>
   <trkpt lat="61.743418" lon="16.167331"><ele>119</ele></trkpt>
   <trkpt lat="61.743434" lon="16.167321"><ele>119</ele></trkpt>
   <trkpt lat="61.745587" lon="16.166109"><ele>116</ele></trkpt>
   <trkpt lat="61.746021" lon="16.165872"><ele>116.75</ele></trkpt>
   <trkpt lat="61.7469" lon="16.165404"><ele>117</ele></trkpt>
   <trkpt lat="61.746994" lon="16.165352"><ele>117.25</ele></trkpt>
   <trkpt lat="61.747217" lon="16.165221"><ele>117.75</ele></trkpt>
   <trkpt lat="61.747851" lon="16.164885"><ele>118.75</ele></trkpt>
   <trkpt lat="61.74837" lon="16.16457"><ele>119.5</ele></trkpt>
   <trkpt lat="61.748883" lon="16.164241"><ele>120</ele></trkpt>
   <trkpt lat="61.749371" lon="16.163877"><ele>119.75</ele></trkpt>
   <trkpt lat="61.749896" lon="16.163465"><ele>119</ele></trkpt>
   <trkpt lat="61.750191" lon="16.16322"><ele>118.5</ele></trkpt>
   <trkpt lat="61.750893" lon="16.162651"><ele>118</ele></trkpt>
   <trkpt lat="61.751152" lon="16.162477"><ele>118.25</ele></trkpt>
   <trkpt lat="61.751641" lon="16.162218"><ele>117.75</ele></trkpt>
   <trkpt lat="61.752034" lon="16.162055"><ele>117.25</ele></trkpt>
   <trkpt lat="61.752643" lon="16.161835"><ele>117</ele></trkpt>
   <trkpt lat="61.753" lon="16.161759"><ele>117</ele></trkpt>
   <trkpt lat="61.75324" lon="16.161715"><ele>116.75</ele></trkpt>
   <trkpt lat="61.754121" lon="16.161586"><ele>117.75</ele></trkpt>
   <trkpt lat="61.754592" lon="16.161544"><ele>117.75</ele></trkpt>
   <trkpt lat="61.755059" lon="16.161535"><ele>117.75</ele></trkpt>
   <trkpt lat="61.755598" lon="16.161565"><ele>117.75</ele></trkpt>
   <trkpt lat="61.756295" lon="16.161679"><ele>118.25</ele></trkpt>
   <trkpt lat="61.75678" lon="16.161812"><ele>118</ele></trkpt>
   <trkpt lat="61.757315" lon="16.16199"><ele>117.25</ele></trkpt>
   <trkpt lat="61.757927" lon="16.162263"><ele>117</ele></trkpt>
   <trkpt lat="61.758608" lon="16.162556"><ele>117.5</ele></trkpt>
   <trkpt lat="61.758617" lon="16.16256"><ele>117.5</ele></trkpt>
   <trkpt lat="61.758991" lon="16.162733"><ele>116.75</ele></trkpt>
   <trkpt lat="61.760107" lon="16.163249"><ele>117</ele></trkpt>
   <trkpt lat="61.762537" lon="16.164323"><ele>116.25</ele></trkpt>
   <trkpt lat="61.762783" lon="16.164404"><ele>117</ele></trkpt>
   <trkpt lat="61.763007" lon="16.164463"><ele>117.75</ele></trkpt>
   <trkpt lat="61.763259" lon="16.164502"><ele>118.5</ele></trkpt>
   <trkpt lat="61.763457" lon="16.164503"><ele>118.5</ele></trkpt>
   <trkpt lat="61.76375" lon="16.164498"><ele>118.25</ele></trkpt>
   <trkpt lat="61.764038" lon="16.164456"><ele>117.75</ele></trkpt>
   <trkpt lat="61.76433" lon="16.164368"><ele>118.25</ele></trkpt>
   <trkpt lat="61.764604" lon="16.16427"><ele>119.75</ele></trkpt>
   <trkpt lat="61.764824" lon="16.164162"><ele>120.75</ele></trkpt>
   <trkpt lat="61.765061" lon="16.164027"><ele>122</ele></trkpt>
   <trkpt lat="61.765383" lon="16.163794"><ele>123</ele></trkpt>
   <trkpt lat="61.765628" lon="16.163578"><ele>123.5</ele></trkpt>
   <trkpt lat="61.765949" lon="16.163248"><ele>124</ele></trkpt>
   <trkpt lat="61.766195" lon="16.162969"><ele>124.25</ele></trkpt>
   <trkpt lat="61.766918" lon="16.161978"><ele>122.5</ele></trkpt>
   <trkpt lat="61.768236" lon="16.160096"><ele>124.75</ele></trkpt>
   <trkpt lat="61.768779" lon="16.159325"><ele>127.25</ele></trkpt>
   <trkpt lat="61.769276" lon="16.158638"><ele>129</ele></trkpt>
   <trkpt lat="61.769749" lon="16.158021"><ele>128.5</ele></trkpt>
   <trkpt lat="61.770121" lon="16.157611"><ele>128.25</ele></trkpt>
   <trkpt lat="61.770582" lon="16.157187"><ele>127.75</ele></trkpt>
   <trkpt lat="61.770663" lon="16.157124"><ele>127.75</ele></trkpt>
   <trkpt lat="61.770974" lon="16.156898"><ele>127.5</ele></trkpt>
   <trkpt lat="61.771323" lon="16.156667"><ele>127.25</ele></trkpt>
   <trkpt lat="61.771516" lon="16.156553"><ele>127.25</ele></trkpt>
   <trkpt lat="61.772062" lon="16.156316"><ele>125.75</ele></trkpt>
   <trkpt lat="61.772425" lon="16.156207"><ele>124.75</ele></trkpt>
   <trkpt lat="61.772728" lon="16.156153"><ele>123.25</ele></trkpt>
   <trkpt lat="61.773769" lon="16.156081"><ele>119.75</ele></trkpt>
   <trkpt lat="61.77496" lon="16.156122"><ele>120.75</ele></trkpt>
   <trkpt lat="61.775291" lon="16.156155"><ele>121</ele></trkpt>
   <trkpt lat="61.776022" lon="16.156261"><ele>120.75</ele></trkpt>
   <trkpt lat="61.776759" lon="16.156386"><ele>120.5</ele></trkpt>
   <trkpt lat="61.777476" lon="16.156511"><ele>120.75</ele></trkpt>
   <trkpt lat="61.781009" lon="16.157221"><ele>121</ele></trkpt>
   <trkpt lat="61.781351" lon="16.15729"><ele>121.5</ele></trkpt>
   <trkpt lat="61.782709" lon="16.157574"><ele>124.25</ele></trkpt>
   <trkpt lat="61.784472" lon="16.158024"><ele>124.75</ele></trkpt>
   <trkpt lat="61.784646" lon="16.158082"><ele>124.75</ele></trkpt>
   <trkpt lat="61.785678" lon="16.158419"><ele>125</ele></trkpt>
   <trkpt lat="61.786423" lon="16.158674"><ele>126.5</ele></trkpt>
   <trkpt lat="61.788889" lon="16.159517"><ele>126.5</ele></trkpt>
   <trkpt lat="61.789831" lon="16.159849"><ele>127.75</ele></trkpt>
   <trkpt lat="61.791294" lon="16.160376"><ele>126.75</ele></trkpt>
   <trkpt lat="61.794676" lon="16.161514"><ele>125</ele></trkpt>
   <trkpt lat="61.795304" lon="16.161677"><ele>125</ele></trkpt>
   <trkpt lat="61.796445" lon="16.161908"><ele>125</ele></trkpt>
   <trkpt lat="61.797015" lon="16.161991"><ele>125.25</ele></trkpt>
   <trkpt lat="61.797128" lon="16.162"><ele>125.25</ele></trkpt>
   <trkpt lat="61.79779" lon="16.162072"><ele>125.75</ele></trkpt>
   <trkpt lat="61.798347" lon="16.16205"><ele>126.25</ele></trkpt>
   <trkpt lat="61.798755" lon="16.162018"><ele>126</ele></trkpt>
   <trkpt lat="61.79917" lon="16.161967"><ele>125.75</ele></trkpt>
   <trkpt lat="61.800049" lon="16.16183"><ele>125.75</ele></trkpt>
   <trkpt lat="61.800481" lon="16.161713"><ele>125.75</ele></trkpt>
   <trkpt lat="61.800731" lon="16.161628"><ele>126</ele></trkpt>
   <trkpt lat="61.801103" lon="16.161477"><ele>126</ele></trkpt>
   <trkpt lat="61.801477" lon="16.161296"><ele>126</ele></trkpt>
   <trkpt lat="61.801868" lon="16.161089"><ele>126</ele></trkpt>
   <trkpt lat="61.802273" lon="16.160851"><ele>126</ele></trkpt>
   <trkpt lat="61.802753" lon="16.160462"><ele>126.75</ele></trkpt>
   <trkpt lat="61.80315" lon="16.160122"><ele>127.5</ele></trkpt>
   <trkpt lat="61.803575" lon="16.159738"><ele>128</ele></trkpt>
   <trkpt lat="61.803802" lon="16.159502"><ele>128.25</ele></trkpt>
   <trkpt lat="61.804058" lon="16.159195"><ele>128.5</ele></trkpt>
   <trkpt lat="61.804462" lon="16.1587"><ele>128.75</ele></trkpt>
   <trkpt lat="61.806697" lon="16.155629"><ele>128.75</ele></trkpt>
   <trkpt lat="61.806709" lon="16.155613"><ele>128.5</ele></trkpt>
   <trkpt lat="61.807213" lon="16.154933"><ele>127.75</ele></trkpt>
   <trkpt lat="61.808816" lon="16.152721"><ele>126.75</ele></trkpt>
   <trkpt lat="61.809241" lon="16.15221"><ele>127</ele></trkpt>
   <trkpt lat="61.809795" lon="16.151489"><ele>126.75</ele></trkpt>
   <trkpt lat="61.810143" lon="16.151016"><ele>127</ele></trkpt>
   <trkpt lat="61.810961" lon="16.149868"><ele>127</ele></trkpt>
   <trkpt lat="61.811535" lon="16.149028"><ele>127.5</ele></trkpt>
   <trkpt lat="61.81164" lon="16.148857"><ele>127.5</ele></trkpt>
   <trkpt lat="61.811783" lon="16.148628"><ele>127.25</ele></trkpt>
   <trkpt lat="61.81201" lon="16.148233"><ele>126.75</ele></trkpt>
   <trkpt lat="61.812404" lon="16.147474"><ele>127.75</ele></trkpt>
   <trkpt lat="61.812634" lon="16.147011"><ele>128.25</ele></trkpt>
   <trkpt lat="61.812847" lon="16.146566"><ele>128.5</ele></trkpt>
   <trkpt lat="61.813098" lon="16.146009"><ele>128.5</ele></trkpt>
   <trkpt lat="61.813578" lon="16.144776"><ele>127.75</ele></trkpt>
   <trkpt lat="61.81388" lon="16.14391"><ele>127.5</ele></trkpt>
   <trkpt lat="61.814231" lon="16.142746"><ele>128</ele></trkpt>
   <trkpt lat="61.814411" lon="16.142064"><ele>127.75</ele></trkpt>
   <trkpt lat="61.814573" lon="16.141397"><ele>127.75</ele></trkpt>
   <trkpt lat="61.816094" lon="16.134808"><ele>129.75</ele></trkpt>
   <trkpt lat="61.816485" lon="16.133121"><ele>129.5</ele></trkpt>
   <trkpt lat="61.817277" lon="16.129677"><ele>128.5</ele></trkpt>
   <trkpt lat="61.817732" lon="16.127684"><ele>129.5</ele></trkpt>
   <trkpt lat="61.81821" lon="16.125474"><ele>131</ele></trkpt>
   <trkpt lat="61.818391" lon="16.124727"><ele>131.5</ele></trkpt>
   <trkpt lat="61.819813" lon="16.118476"><ele>129.25</ele></trkpt>
   <trkpt lat="61.820141" lon="16.117083"><ele>129.75</ele></trkpt>
   <trkpt lat="61.820404" lon="16.116009"><ele>129.5</ele></trkpt>
   <trkpt lat="61.820599" lon="16.11528"><ele>130.75</ele></trkpt>
   <trkpt lat="61.820917" lon="16.114177"><ele>133</ele></trkpt>
   <trkpt lat="61.821109" lon="16.113581"><ele>134.25</ele></trkpt>
   <trkpt lat="61.821373" lon="16.112794"><ele>135.25</ele></trkpt>
   <trkpt lat="61.821775" lon="16.111704"><ele>135.25</ele></trkpt>
   <trkpt lat="61.822027" lon="16.111068"><ele>134.5</ele></trkpt>
   <trkpt lat="61.822552" lon="16.109875"><ele>133.75</ele></trkpt>
   <trkpt lat="61.822812" lon="16.109256"><ele>133.25</ele></trkpt>
   <trkpt lat="61.823031" lon="16.108634"><ele>133</ele></trkpt>
   <trkpt lat="61.823258" lon="16.108118"><ele>133</ele></trkpt>
   <trkpt lat="61.823508" lon="16.107566"><ele>133</ele></trkpt>
   <trkpt lat="61.823756" lon="16.106996"><ele>133</ele></trkpt>
   <trkpt lat="61.823978" lon="16.106465"><ele>132.75</ele></trkpt>
   <trkpt lat="61.824111" lon="16.106125"><ele>132.25</ele></trkpt>
   <trkpt lat="61.824489" lon="16.105096"><ele>132.25</ele></trkpt>
   <trkpt lat="61.824744" lon="16.104353"><ele>132</ele></trkpt>
   <trkpt lat="61.825073" lon="16.103247"><ele>131</ele></trkpt>
   <trkpt lat="61.825304" lon="16.10241"><ele>131.25</ele></trkpt>
   <trkpt lat="61.825724" lon="16.100814"><ele>130.5</ele></trkpt>
   <trkpt lat="61.825946" lon="16.099974"><ele>131.25</ele></trkpt>
   <trkpt lat="61.826169" lon="16.099077"><ele>131.25</ele></trkpt>
   <trkpt lat="61.826613" lon="16.097337"><ele>131.25</ele></trkpt>
   <trkpt lat="61.826746" lon="16.096819"><ele>131.25</ele></trkpt>
   <trkpt lat="61.827099" lon="16.095437"><ele>131.25</ele></trkpt>
   <trkpt lat="61.827929" lon="16.092373"><ele>131.25</ele></trkpt>
   <trkpt lat="61.828119" lon="16.09167"><ele>131.25</ele></trkpt>
   <trkpt lat="61.828348" lon="16.090882"><ele>132</ele></trkpt>
   <trkpt lat="61.828377" lon="16.090783"><ele>132</ele></trkpt>
   <trkpt lat="61.828592" lon="16.089951"><ele>132.5</ele></trkpt>
   <trkpt lat="61.829547" lon="16.08626"><ele>133.75</ele></trkpt>
   <trkpt lat="61.829548" lon="16.086257"><ele>133.75</ele></trkpt>
   <trkpt lat="61.829783" lon="16.08534"><ele>133.5</ele></trkpt>
   <trkpt lat="61.830023" lon="16.084451"><ele>134.75</ele></trkpt>
   <trkpt lat="61.830074" lon="16.084246"><ele>135.25</ele></trkpt>
   <trkpt lat="61.830259" lon="16.083525"><ele>137</ele></trkpt>
   <trkpt lat="61.830553" lon="16.08254"><ele>138.25</ele></trkpt>
   <trkpt lat="61.830675" lon="16.082162"><ele>138.5</ele></trkpt>
   <trkpt lat="61.830812" lon="16.081793"><ele>139</ele></trkpt>
   <trkpt lat="61.830982" lon="16.081374"><ele>139</ele></trkpt>
   <trkpt lat="61.831135" lon="16.081019"><ele>139</ele></trkpt>
   <trkpt lat="61.83132" lon="16.080638"><ele>139.5</ele></trkpt>
   <trkpt lat="61.831509" lon="16.080287"><ele>139.75</ele></trkpt>
   <trkpt lat="61.831675" lon="16.079995"><ele>140</ele></trkpt>
   <trkpt lat="61.831991" lon="16.079511"><ele>139.5</ele></trkpt>
   <trkpt lat="61.832181" lon="16.079255"><ele>139</ele></trkpt>
   <trkpt lat="61.83233" lon="16.079078"><ele>138.25</ele></trkpt>
   <trkpt lat="61.832521" lon="16.078854"><ele>137.75</ele></trkpt>
   <trkpt lat="61.832765" lon="16.078602"><ele>136.25</ele></trkpt>
   <trkpt lat="61.833065" lon="16.078339"><ele>135.25</ele></trkpt>
   <trkpt lat="61.833256" lon="16.078187"><ele>134.5</ele></trkpt>
   <trkpt lat="61.833422" lon="16.078074"><ele>134</ele></trkpt>
   <trkpt lat="61.833811" lon="16.077855"><ele>132.25</ele></trkpt>
   <trkpt lat="61.834371" lon="16.077679"><ele>131</ele></trkpt>
   <trkpt lat="61.834953" lon="16.07761"><ele>131</ele></trkpt>
   <trkpt lat="61.835635" lon="16.077696"><ele>132</ele></trkpt>
   <trkpt lat="61.836746" lon="16.077886"><ele>134</ele></trkpt>
   <trkpt lat="61.837119" lon="16.077959"><ele>132.5</ele></trkpt>
   <trkpt lat="61.837755" lon="16.078059"><ele>131.75</ele></trkpt>
   <trkpt lat="61.837783" lon="16.078064"><ele>131.75</ele></trkpt>
   <trkpt lat="61.837942" lon="16.078097"><ele>131.75</ele></trkpt>
   <trkpt lat="61.840258" lon="16.078499"><ele>131.75</ele></trkpt>
   <trkpt lat="61.840799" lon="16.078557"><ele>131</ele></trkpt>
   <trkpt lat="61.841237" lon="16.078572"><ele>129.25</ele></trkpt>
   <trkpt lat="61.841751" lon="16.078489"><ele>127.5</ele></trkpt>
   <trkpt lat="61.841965" lon="16.078426"><ele>127.5</ele></trkpt>
   <trkpt lat="61.842166" lon="16.078361"><ele>127.25</ele></trkpt>
   <trkpt lat="61.842704" lon="16.078152"><ele>126.25</ele></trkpt>
   <trkpt lat="61.842998" lon="16.077992"><ele>126.25</ele></trkpt>
   <trkpt lat="61.843273" lon="16.077823"><ele>126.25</ele></trkpt>
   <trkpt lat="61.8436" lon="16.077546"><ele>126.25</ele></trkpt>
   <trkpt lat="61.843914" lon="16.077232"><ele>126</ele></trkpt>
   <trkpt lat="61.844226" lon="16.076899"><ele>125.5</ele></trkpt>
   <trkpt lat="61.844556" lon="16.07647"><ele>125.25</ele></trkpt>
   <trkpt lat="61.844841" lon="16.076012"><ele>125.5</ele></trkpt>
   <trkpt lat="61.845142" lon="16.075476"><ele>125.75</ele></trkpt>
   <trkpt lat="61.845439" lon="16.074861"><ele>125.75</ele></trkpt>
   <trkpt lat="61.845708" lon="16.074214"><ele>126.5</ele></trkpt>
   <trkpt lat="61.845959" lon="16.073474"><ele>127.25</ele></trkpt>
   <trkpt lat="61.846136" lon="16.072895"><ele>127.5</ele></trkpt>
   <trkpt lat="61.846337" lon="16.072112"><ele>127.75</ele></trkpt>
   <trkpt lat="61.846476" lon="16.071491"><ele>128.25</ele></trkpt>
   <trkpt lat="61.846604" lon="16.070765"><ele>128.5</ele></trkpt>
   <trkpt lat="61.84681" lon="16.069255"><ele>128.75</ele></trkpt>
   <trkpt lat="61.847993" lon="16.059577"><ele>131.5</ele></trkpt>
   <trkpt lat="61.848516" lon="16.05534"><ele>134.25</ele></trkpt>
   <trkpt lat="61.849283" lon="16.049098"><ele>137</ele></trkpt>
   <trkpt lat="61.849426" lon="16.048152"><ele>137.25</ele></trkpt>
   <trkpt lat="61.849559" lon="16.047379"><ele>138.5</ele></trkpt>
   <trkpt lat="61.849781" lon="16.046388"><ele>140</ele></trkpt>
   <trkpt lat="61.850004" lon="16.04559"><ele>140.25</ele></trkpt>
   <trkpt lat="61.850234" lon="16.044893"><ele>140.25</ele></trkpt>
   <trkpt lat="61.850513" lon="16.044199"><ele>140</ele></trkpt>
   <trkpt lat="61.850816" lon="16.043533"><ele>140.25</ele></trkpt>
   <trkpt lat="61.851072" lon="16.043047"><ele>141.25</ele></trkpt>
   <trkpt lat="61.851388" lon="16.042536"><ele>142.25</ele></trkpt>
   <trkpt lat="61.851701" lon="16.042114"><ele>143.75</ele></trkpt>
   <trkpt lat="61.852046" lon="16.041703"><ele>145.25</ele></trkpt>
   <trkpt lat="61.852385" lon="16.041368"><ele>146</ele></trkpt>
   <trkpt lat="61.852759" lon="16.041049"><ele>145.75</ele></trkpt>
   <trkpt lat="61.853253" lon="16.040658"><ele>144.75</ele></trkpt>
   <trkpt lat="61.854183" lon="16.039926"><ele>142.5</ele></trkpt>
   <trkpt lat="61.854351" lon="16.039784"><ele>142.25</ele></trkpt>
   <trkpt lat="61.854513" lon="16.039625"><ele>142</ele></trkpt>
   <trkpt lat="61.854719" lon="16.039393"><ele>141.75</ele></trkpt>
   <trkpt lat="61.854918" lon="16.039127"><ele>141.25</ele></trkpt>
   <trkpt lat="61.855246" lon="16.038658"><ele>141.5</ele></trkpt>
   <trkpt lat="61.855578" lon="16.0381"><ele>142.75</ele></trkpt>
   <trkpt lat="61.855891" lon="16.037467"><ele>143.75</ele></trkpt>
   <trkpt lat="61.856037" lon="16.03714"><ele>144.75</ele></trkpt>
   <trkpt lat="61.856355" lon="16.036312"><ele>146.75</ele></trkpt>
   <trkpt lat="61.856595" lon="16.035587"><ele>147.25</ele></trkpt>
   <trkpt lat="61.856769" lon="16.035031"><ele>146.5</ele></trkpt>
   <trkpt lat="61.857324" lon="16.033366"><ele>147.75</ele></trkpt>
   <trkpt lat="61.857734" lon="16.032229"><ele>147.5</ele></trkpt>
   <trkpt lat="61.858155" lon="16.031188"><ele>147</ele></trkpt>
   <trkpt lat="61.859588" lon="16.02769"><ele>150.25</ele></trkpt>
   <trkpt lat="61.861002" lon="16.024238"><ele>153.25</ele></trkpt>
   <trkpt lat="61.861736" lon="16.022662"><ele>152.5</ele></trkpt>
   <trkpt lat="61.861745" lon="16.022643"><ele>152.5</ele></trkpt>
   <trkpt lat="61.862136" lon="16.021835"><ele>153.75</ele></trkpt>
   <trkpt lat="61.862502" lon="16.021108"><ele>155.25</ele></trkpt>
   <trkpt lat="61.863445" lon="16.019282"><ele>156.25</ele></trkpt>
   <trkpt lat="61.864075" lon="16.018182"><ele>156.25</ele></trkpt>
   <trkpt lat="61.864619" lon="16.017136"><ele>157</ele></trkpt>
   <trkpt lat="61.865212" lon="16.01606"><ele>157.5</ele></trkpt>
   <trkpt lat="61.865632" lon="16.015363"><ele>157.75</ele></trkpt>
   <trkpt lat="61.865959" lon="16.014797"><ele>158</ele></trkpt>
   <trkpt lat="61.866068" lon="16.014626"><ele>158</ele></trkpt>
   <trkpt lat="61.866663" lon="16.0137"><ele>158.25</ele></trkpt>
   <trkpt lat="61.868764" lon="16.010534"><ele>158</ele></trkpt>
   <trkpt lat="61.869725" lon="16.009096"><ele>158.75</ele></trkpt>
   <trkpt lat="61.869964" lon="16.008748"><ele>157.75</ele></trkpt>
   <trkpt lat="61.870172" lon="16.008354"><ele>156.5</ele></trkpt>
   <trkpt lat="61.870469" lon="16.007907"><ele>155.5</ele></trkpt>
   <trkpt lat="61.871114" lon="16.006954"><ele>154.75</ele></trkpt>
   <trkpt lat="61.871679" lon="16.006184"><ele>156</ele></trkpt>
   <trkpt lat="61.872001" lon="16.005809"><ele>157</ele></trkpt>
   <trkpt lat="61.872352" lon="16.005439"><ele>158</ele></trkpt>
   <trkpt lat="61.87236" lon="16.00543"><ele>158</ele></trkpt>
   <trkpt lat="61.87278" lon="16.005039"><ele>157.75</ele></trkpt>
   <trkpt lat="61.873219" lon="16.004685"><ele>157.5</ele></trkpt>
   <trkpt lat="61.873623" lon="16.004409"><ele>156.75</ele></trkpt>
   <trkpt lat="61.874167" lon="16.004073"><ele>155.5</ele></trkpt>
   <trkpt lat="61.874862" lon="16.003668"><ele>155.75</ele></trkpt>
   <trkpt lat="61.875505" lon="16.003363"><ele>156.25</ele></trkpt>
   <trkpt lat="61.87608" lon="16.003183"><ele>156.25</ele></trkpt>
   <trkpt lat="61.876616" lon="16.003143"><ele>157.75</ele></trkpt>
   <trkpt lat="61.877071" lon="16.003212"><ele>160</ele></trkpt>
   <trkpt lat="61.877516" lon="16.003333"><ele>161.75</ele></trkpt>
   <trkpt lat="61.877987" lon="16.003572"><ele>161</ele></trkpt>
   <trkpt lat="61.878404" lon="16.003883"><ele>160.5</ele></trkpt>
   <trkpt lat="61.878815" lon="16.004242"><ele>160.5</ele></trkpt>
   <trkpt lat="61.879285" lon="16.004768"><ele>160.75</ele></trkpt>
   <trkpt lat="61.879717" lon="16.005393"><ele>158.5</ele></trkpt>
   <trkpt lat="61.880707" lon="16.006957"><ele>153.25</ele></trkpt>
   <trkpt lat="61.881" lon="16.007429"><ele>153.75</ele></trkpt>
   <trkpt lat="61.881304" lon="16.007881"><ele>152.75</ele></trkpt>
   <trkpt lat="61.881691" lon="16.008317"><ele>152.75</ele></trkpt>
   <trkpt lat="61.881841" lon="16.008452"><ele>153</ele></trkpt>
   <trkpt lat="61.882155" lon="16.008711"><ele>153.75</ele></trkpt>
   <trkpt lat="61.882564" lon="16.008998"><ele>154.75</ele></trkpt>
   <trkpt lat="61.882989" lon="16.009215"><ele>155</ele></trkpt>
   <trkpt lat="61.883484" lon="16.009384"><ele>156.25</ele></trkpt>
   <trkpt lat="61.883951" lon="16.009438"><ele>158.75</ele></trkpt>
   <trkpt lat="61.884408" lon="16.009414"><ele>160.5</ele></trkpt>
   <trkpt lat="61.884985" lon="16.009242"><ele>161.75</ele></trkpt>
   <trkpt lat="61.885465" lon="16.009001"><ele>161.5</ele></trkpt>
   <trkpt lat="61.885987" lon="16.008625"><ele>160.75</ele></trkpt>
   <trkpt lat="61.886448" lon="16.00818"><ele>161</ele></trkpt>
   <trkpt lat="61.886864" lon="16.007665"><ele>160.75</ele></trkpt>
   <trkpt lat="61.887254" lon="16.00715"><ele>160.25</ele></trkpt>
   <trkpt lat="61.889985" lon="16.003289"><ele>160.75</ele></trkpt>
   <trkpt lat="61.892635" lon="15.999546"><ele>160</ele></trkpt>
   <trkpt lat="61.893146" lon="15.998854"><ele>159.5</ele></trkpt>
   <trkpt lat="61.893599" lon="15.998299"><ele>161.25</ele></trkpt>
   <trkpt lat="61.893955" lon="15.997902"><ele>162.25</ele></trkpt>
   <trkpt lat="61.894411" lon="15.997435"><ele>160.5</ele></trkpt>
   <trkpt lat="61.894897" lon="15.996974"><ele>158.75</ele></trkpt>
   <trkpt lat="61.895455" lon="15.996514"><ele>157.25</ele></trkpt>
   <trkpt lat="61.896101" lon="15.996064"><ele>158.5</ele></trkpt>
   <trkpt lat="61.896702" lon="15.995726"><ele>162</ele></trkpt>
   <trkpt lat="61.897904" lon="15.995117"><ele>159.75</ele></trkpt>
   <trkpt lat="61.897992" lon="15.995063"><ele>159.75</ele></trkpt>
   <trkpt lat="61.898337" lon="15.994855"><ele>159.25</ele></trkpt>
   <trkpt lat="61.898516" lon="15.994726"><ele>159.5</ele></trkpt>
   <trkpt lat="61.898694" lon="15.994583"><ele>159.75</ele></trkpt>
   <trkpt lat="61.898791" lon="15.994492"><ele>159.75</ele></trkpt>
   <trkpt lat="61.899166" lon="15.994101"><ele>160.75</ele></trkpt>
   <trkpt lat="61.899554" lon="15.99364"><ele>160.75</ele></trkpt>
   <trkpt lat="61.899758" lon="15.993353"><ele>161</ele></trkpt>
   <trkpt lat="61.899962" lon="15.993047"><ele>161</ele></trkpt>
   <trkpt lat="61.900142" lon="15.992749"><ele>161.25</ele></trkpt>
   <trkpt lat="61.900794" lon="15.991547"><ele>164.25</ele></trkpt>
   <trkpt lat="61.90133" lon="15.990472"><ele>164.75</ele></trkpt>
   <trkpt lat="61.902353" lon="15.988351"><ele>160.75</ele></trkpt>
   <trkpt lat="61.903052" lon="15.986768"><ele>162.5</ele></trkpt>
   <trkpt lat="61.903614" lon="15.985475"><ele>163.75</ele></trkpt>
   <trkpt lat="61.904067" lon="15.984488"><ele>164.25</ele></trkpt>
   <trkpt lat="61.904507" lon="15.983664"><ele>163</ele></trkpt>
   <trkpt lat="61.904844" lon="15.983134"><ele>161</ele></trkpt>
   <trkpt lat="61.905272" lon="15.982487"><ele>159.75</ele></trkpt>
   <trkpt lat="61.905872" lon="15.981626"><ele>159.25</ele></trkpt>
   <trkpt lat="61.906263" lon="15.981095"><ele>160.5</ele></trkpt>
   <trkpt lat="61.906596" lon="15.980609"><ele>160.25</ele></trkpt>
   <trkpt lat="61.906604" lon="15.980597"><ele>160.25</ele></trkpt>
   <trkpt lat="61.906752" lon="15.980356"><ele>160</ele></trkpt>
   <trkpt lat="61.907315" lon="15.979322"><ele>158.5</ele></trkpt>
   <trkpt lat="61.90775" lon="15.97846"><ele>157</ele></trkpt>
   <trkpt lat="61.908195" lon="15.977442"><ele>157</ele></trkpt>
   <trkpt lat="61.909132" lon="15.975127"><ele>157.25</ele></trkpt>
   <trkpt lat="61.91121" lon="15.969894"><ele>156.75</ele></trkpt>
   <trkpt lat="61.912186" lon="15.967434"><ele>153.5</ele></trkpt>
   <trkpt lat="61.912362" lon="15.966999"><ele>153</ele></trkpt>
   <trkpt lat="61.912529" lon="15.966547"><ele>153</ele></trkpt>
   <trkpt lat="61.912795" lon="15.965718"><ele>153.5</ele></trkpt>
   <trkpt lat="61.912946" lon="15.965201"><ele>152.5</ele></trkpt>
   <trkpt lat="61.913376" lon="15.963639"><ele>152.5</ele></trkpt>
   <trkpt lat="61.915865" lon="15.953694"><ele>155</ele></trkpt>
   <trkpt lat="61.918106" lon="15.944719"><ele>158.5</ele></trkpt>
   <trkpt lat="61.9184" lon="15.943601"><ele>159.75</ele></trkpt>
   <trkpt lat="61.918705" lon="15.942632"><ele>161.75</ele></trkpt>
   <trkpt lat="61.919102" lon="15.941522"><ele>162</ele></trkpt>
   <trkpt lat="61.919492" lon="15.940623"><ele>162.75</ele></trkpt>
   <trkpt lat="61.919963" lon="15.939746"><ele>161.25</ele></trkpt>
   <trkpt lat="61.92046" lon="15.938965"><ele>160.5</ele></trkpt>
   <trkpt lat="61.920937" lon="15.938369"><ele>162</ele></trkpt>
   <trkpt lat="61.92105" lon="15.938239"><ele>162.5</ele></trkpt>
   <trkpt lat="61.921562" lon="15.937742"><ele>163.75</ele></trkpt>
   <trkpt lat="61.922103" lon="15.937319"><ele>163.5</ele></trkpt>
   <trkpt lat="61.922675" lon="15.936951"><ele>163.75</ele></trkpt>
   <trkpt lat="61.923154" lon="15.936758"><ele>164</ele></trkpt>
   <trkpt lat="61.923699" lon="15.936637"><ele>164.5</ele></trkpt>
   <trkpt lat="61.92421" lon="15.9366"><ele>165.5</ele></trkpt>
   <trkpt lat="61.924706" lon="15.936645"><ele>165</ele></trkpt>
   <trkpt lat="61.925096" lon="15.936747"><ele>165.25</ele></trkpt>
   <trkpt lat="61.925525" lon="15.936897"><ele>166</ele></trkpt>
   <trkpt lat="61.925971" lon="15.937123"><ele>166.5</ele></trkpt>
   <trkpt lat="61.926406" lon="15.937407"><ele>166.5</ele></trkpt>
   <trkpt lat="61.926868" lon="15.937788"><ele>166.5</ele></trkpt>
   <trkpt lat="61.92698" lon="15.937902"><ele>166.75</ele></trkpt>
   <trkpt lat="61.927305" lon="15.938265"><ele>167.75</ele></trkpt>
   <trkpt lat="61.927724" lon="15.938778"><ele>169.25</ele></trkpt>
   <trkpt lat="61.928182" lon="15.939448"><ele>170.5</ele></trkpt>
   <trkpt lat="61.929221" lon="15.941101"><ele>172.75</ele></trkpt>
   <trkpt lat="61.930808" lon="15.943636"><ele>174.5</ele></trkpt>
   <trkpt lat="61.931106" lon="15.944096"><ele>174.75</ele></trkpt>
   <trkpt lat="61.931336" lon="15.944432"><ele>174.75</ele></trkpt>
   <trkpt lat="61.931528" lon="15.944705"><ele>174.75</ele></trkpt>
   <trkpt lat="61.931725" lon="15.94496"><ele>174.5</ele></trkpt>
   <trkpt lat="61.931953" lon="15.945228"><ele>174</ele></trkpt>
   <trkpt lat="61.932197" lon="15.945489"><ele>173.5</ele></trkpt>
   <trkpt lat="61.932438" lon="15.9457"><ele>172.75</ele></trkpt>
   <trkpt lat="61.932684" lon="15.945891"><ele>173</ele></trkpt>
   <trkpt lat="61.932925" lon="15.946046"><ele>173.5</ele></trkpt>
   <trkpt lat="61.933172" lon="15.946181"><ele>174</ele></trkpt>
   <trkpt lat="61.933431" lon="15.946301"><ele>175</ele></trkpt>
   <trkpt lat="61.933699" lon="15.946406"><ele>176.25</ele></trkpt>
   <trkpt lat="61.933959" lon="15.94647"><ele>177.25</ele></trkpt>
   <trkpt lat="61.93422" lon="15.94651"><ele>178</ele></trkpt>
   <trkpt lat="61.934799" lon="15.946564"><ele>180</ele></trkpt>
   <trkpt lat="61.934809" lon="15.946565"><ele>180</ele></trkpt>
   <trkpt lat="61.935374" lon="15.946615"><ele>180.25</ele></trkpt>
   <trkpt lat="61.936048" lon="15.94673"><ele>179.25</ele></trkpt>
   <trkpt lat="61.936332" lon="15.946825"><ele>178.25</ele></trkpt>
   <trkpt lat="61.936746" lon="15.947025"><ele>176.75</ele></trkpt>
   <trkpt lat="61.9374" lon="15.94744"><ele>177.75</ele></trkpt>
   <trkpt lat="61.93741" lon="15.947446"><ele>177.75</ele></trkpt>
   <trkpt lat="61.937964" lon="15.947852"><ele>177.5</ele></trkpt>
   <trkpt lat="61.939453" lon="15.949123"><ele>177.75</ele></trkpt>
   <trkpt lat="61.939916" lon="15.949456"><ele>178</ele></trkpt>
   <trkpt lat="61.940572" lon="15.949857"><ele>177.75</ele></trkpt>
   <trkpt lat="61.940928" lon="15.950046"><ele>178</ele></trkpt>
   <trkpt lat="61.941285" lon="15.950194"><ele>178</ele></trkpt>
   <trkpt lat="61.941677" lon="15.950321"><ele>178.25</ele></trkpt>
   <trkpt lat="61.942375" lon="15.950514"><ele>178.5</ele></trkpt>
   <trkpt lat="61.942821" lon="15.95061"><ele>179</ele></trkpt>
   <trkpt lat="61.943498" lon="15.950736"><ele>180.25</ele></trkpt>
   <trkpt lat="61.944225" lon="15.950862"><ele>183</ele></trkpt>
   <trkpt lat="61.946524" lon="15.951204"><ele>185</ele></trkpt>
   <trkpt lat="61.946798" lon="15.951244"><ele>185</ele></trkpt>
   <trkpt lat="61.946809" lon="15.951246"><ele>185</ele></trkpt>
   <trkpt lat="61.950584" lon="15.951805"><ele>188.5</ele></trkpt>
   <trkpt lat="61.951002" lon="15.951849"><ele>189</ele></trkpt>
   <trkpt lat="61.951435" lon="15.951853"><ele>189</ele></trkpt>
   <trkpt lat="61.951863" lon="15.951789"><ele>189</ele></trkpt>
   <trkpt lat="61.952307" lon="15.951644"><ele>188.75</ele></trkpt>
   <trkpt lat="61.952833" lon="15.951373"><ele>189</ele></trkpt>
   <trkpt lat="61.953345" lon="15.950987"><ele>190</ele></trkpt>
   <trkpt lat="61.953824" lon="15.950523"><ele>190</ele></trkpt>
   <trkpt lat="61.954337" lon="15.949997"><ele>191</ele></trkpt>
   <trkpt lat="61.95485" lon="15.949443"><ele>192.25</ele></trkpt>
   <trkpt lat="61.955115" lon="15.949151"><ele>192.5</ele></trkpt>
   <trkpt lat="61.955465" lon="15.948772"><ele>193.5</ele></trkpt>
   <trkpt lat="61.955988" lon="15.948308"><ele>194.5</ele></trkpt>
   <trkpt lat="61.95645" lon="15.94798"><ele>196</ele></trkpt>
   <trkpt lat="61.956851" lon="15.947785"><ele>197</ele></trkpt>
   <trkpt lat="61.957273" lon="15.947656"><ele>197.75</ele></trkpt>
   <trkpt lat="61.957753" lon="15.947581"><ele>198.5</ele></trkpt>
   <trkpt lat="61.958226" lon="15.947583"><ele>199</ele></trkpt>
   <trkpt lat="61.958714" lon="15.947704"><ele>198.25</ele></trkpt>
   <trkpt lat="61.959191" lon="15.947895"><ele>197.25</ele></trkpt>
   <trkpt lat="61.960335" lon="15.948637"><ele>194.75</ele></trkpt>
   <trkpt lat="61.963803" lon="15.950957"><ele>198.5</ele></trkpt>
   <trkpt lat="61.965049" lon="15.951793"><ele>198.75</ele></trkpt>
   <trkpt lat="61.972297" lon="15.956628"><ele>190.75</ele></trkpt>
   <trkpt lat="61.972618" lon="15.956842"><ele>191.5</ele></trkpt>
   <trkpt lat="61.973341" lon="15.957261"><ele>194.25</ele></trkpt>
   <trkpt lat="61.974148" lon="15.95762"><ele>190.75</ele></trkpt>
   <trkpt lat="61.975303" lon="15.958034"><ele>191</ele></trkpt>
   <trkpt lat="61.976363" lon="15.958381"><ele>191.75</ele></trkpt>
   <trkpt lat="61.978564" lon="15.959093"><ele>191.75</ele></trkpt>
   <trkpt lat="61.979497" lon="15.959379"><ele>190.75</ele></trkpt>
   <trkpt lat="61.980098" lon="15.959487"><ele>189</ele></trkpt>
   <trkpt lat="61.981086" lon="15.959549"><ele>189</ele></trkpt>
   <trkpt lat="61.981532" lon="15.95957"><ele>189</ele></trkpt>
   <trkpt lat="61.982272" lon="15.9595"><ele>189</ele></trkpt>
   <trkpt lat="61.98297" lon="15.959356"><ele>189</ele></trkpt>
   <trkpt lat="61.983691" lon="15.959146"><ele>188.5</ele></trkpt>
   <trkpt lat="61.985503" lon="15.958546"><ele>191</ele></trkpt>
   <trkpt lat="61.985522" lon="15.958539"><ele>191</ele></trkpt>
   <trkpt lat="61.986135" lon="15.958338"><ele>193.25</ele></trkpt>
   <trkpt lat="61.989879" lon="15.95665"><ele>192</ele></trkpt>
   <trkpt lat="61.990007" lon="15.956593"><ele>191.75</ele></trkpt>
   <trkpt lat="61.990692" lon="15.956233"><ele>188.5</ele></trkpt>
   <trkpt lat="61.990859" lon="15.956153"><ele>188</ele></trkpt>
   <trkpt lat="61.99166" lon="15.955756"><ele>188.75</ele></trkpt>
   <trkpt lat="61.9922" lon="15.955467"><ele>187.75</ele></trkpt>
   <trkpt lat="61.992617" lon="15.95523"><ele>187.75</ele></trkpt>
   <trkpt lat="61.993048" lon="15.954908"><ele>188.5</ele></trkpt>
   <trkpt lat="61.993529" lon="15.954529"><ele>188.25</ele></trkpt>
   <trkpt lat="61.994197" lon="15.953907"><ele>188</ele></trkpt>
   <trkpt lat="61.994704" lon="15.953414"><ele>188</ele></trkpt>
   <trkpt lat="61.995521" lon="15.952486"><ele>188.5</ele></trkpt>
   <trkpt lat="61.995706" lon="15.952244"><ele>188.5</ele></trkpt>
   <trkpt lat="61.996195" lon="15.95161"><ele>188.25</ele></trkpt>
   <trkpt lat="61.996392" lon="15.951338"><ele>188.75</ele></trkpt>
   <trkpt lat="61.996692" lon="15.950903"><ele>189.75</ele></trkpt>
   <trkpt lat="61.997257" lon="15.950018"><ele>190.5</ele></trkpt>
   <trkpt lat="61.99789" lon="15.948896"><ele>190.75</ele></trkpt>
   <trkpt lat="61.998163" lon="15.948367"><ele>190.75</ele></trkpt>
   <trkpt lat="61.998481" lon="15.947693"><ele>190.25</ele></trkpt>
   <trkpt lat="62.00053" lon="15.943109"><ele>192.25</ele></trkpt>
   <trkpt lat="62.000994" lon="15.942232"><ele>193</ele></trkpt>
   <trkpt lat="62.001298" lon="15.941742"><ele>192.75</ele></trkpt>
   <trkpt lat="62.001766" lon="15.941133"><ele>192.5</ele></trkpt>
   <trkpt lat="62.002239" lon="15.940612"><ele>192.5</ele></trkpt>
   <trkpt lat="62.003256" lon="15.939588"><ele>195</ele></trkpt>
   <trkpt lat="62.003579" lon="15.93925"><ele>196.75</ele></trkpt>
   <trkpt lat="62.003894" lon="15.938802"><ele>198.25</ele></trkpt>
   <trkpt lat="62.004226" lon="15.938273"><ele>198.5</ele></trkpt>
   <trkpt lat="62.004546" lon="15.937657"><ele>196.75</ele></trkpt>
   <trkpt lat="62.004676" lon="15.93739"><ele>196.5</ele></trkpt>
   <trkpt lat="62.004808" lon="15.937093"><ele>196.25</ele></trkpt>
   <trkpt lat="62.005096" lon="15.936318"><ele>196.75</ele></trkpt>
   <trkpt lat="62.005358" lon="15.9355"><ele>195.75</ele></trkpt>
   <trkpt lat="62.00559" lon="15.934591"><ele>193.5</ele></trkpt>
   <trkpt lat="62.005781" lon="15.9337"><ele>191.75</ele></trkpt>
   <trkpt lat="62.006257" lon="15.931404"><ele>192.5</ele></trkpt>
   <trkpt lat="62.006421" lon="15.93075"><ele>193.25</ele></trkpt>
   <trkpt lat="62.00663" lon="15.930029"><ele>194</ele></trkpt>
   <trkpt lat="62.006873" lon="15.929309"><ele>194.75</ele></trkpt>
   <trkpt lat="62.008117" lon="15.925983"><ele>197.75</ele></trkpt>
   <trkpt lat="62.008613" lon="15.924644"><ele>200</ele></trkpt>
   <trkpt lat="62.008744" lon="15.924266"><ele>199.75</ele></trkpt>
   <trkpt lat="62.00895" lon="15.923647"><ele>199.5</ele></trkpt>
   <trkpt lat="62.009185" lon="15.922894"><ele>198.75</ele></trkpt>
   <trkpt lat="62.009562" lon="15.921622"><ele>198.5</ele></trkpt>
   <trkpt lat="62.010818" lon="15.917396"><ele>202.25</ele></trkpt>
   <trkpt lat="62.011026" lon="15.91681"><ele>202.5</ele></trkpt>
   <trkpt lat="62.011272" lon="15.916183"><ele>203</ele></trkpt>
   <trkpt lat="62.011509" lon="15.915657"><ele>203</ele></trkpt>
   <trkpt lat="62.011816" lon="15.915072"><ele>203.75</ele></trkpt>
   <trkpt lat="62.012161" lon="15.914498"><ele>203.75</ele></trkpt>
   <trkpt lat="62.012496" lon="15.914034"><ele>203.5</ele></trkpt>
   <trkpt lat="62.01287" lon="15.913592"><ele>204.75</ele></trkpt>
   <trkpt lat="62.013525" lon="15.913015"><ele>205.75</ele></trkpt>
   <trkpt lat="62.013781" lon="15.91285"><ele>206</ele></trkpt>
   <trkpt lat="62.014418" lon="15.912438"><ele>207.5</ele></trkpt>
   <trkpt lat="62.01502" lon="15.912002"><ele>208.25</ele></trkpt>
   <trkpt lat="62.015503" lon="15.911521"><ele>210.5</ele></trkpt>
   <trkpt lat="62.015943" lon="15.910966"><ele>213.25</ele></trkpt>
   <trkpt lat="62.016139" lon="15.910694"><ele>214.75</ele></trkpt>
   <trkpt lat="62.016346" lon="15.910353"><ele>214.75</ele></trkpt>
   <trkpt lat="62.016358" lon="15.91033"><ele>214.75</ele></trkpt>
   <trkpt lat="62.016363" lon="15.910321"><ele>214.75</ele></trkpt>
   <trkpt lat="62.016666" lon="15.909729"><ele>211.25</ele></trkpt>
   <trkpt lat="62.016956" lon="15.909094"><ele>213</ele></trkpt>
   <trkpt lat="62.017284" lon="15.908356"><ele>215</ele></trkpt>
   <trkpt lat="62.017757" lon="15.90724"><ele>213</ele></trkpt>
   <trkpt lat="62.018103" lon="15.906588"><ele>211</ele></trkpt>
   <trkpt lat="62.018346" lon="15.906163"><ele>210</ele></trkpt>
   <trkpt lat="62.018875" lon="15.905394"><ele>209.25</ele></trkpt>
   <trkpt lat="62.019122" lon="15.905116"><ele>209.75</ele></trkpt>
   <trkpt lat="62.019434" lon="15.904701"><ele>210.25</ele></trkpt>
   <trkpt lat="62.019924" lon="15.904122"><ele>210.5</ele></trkpt>
   <trkpt lat="62.020194" lon="15.903839"><ele>211.25</ele></trkpt>
   <trkpt lat="62.020532" lon="15.903512"><ele>211.75</ele></trkpt>
   <trkpt lat="62.021591" lon="15.902683"><ele>213.75</ele></trkpt>
   <trkpt lat="62.023879" lon="15.90106"><ele>210.5</ele></trkpt>
   <trkpt lat="62.023989" lon="15.900979"><ele>210.25</ele></trkpt>
   <trkpt lat="62.024418" lon="15.900663"><ele>209.5</ele></trkpt>
   <trkpt lat="62.024792" lon="15.900368"><ele>209</ele></trkpt>
   <trkpt lat="62.025137" lon="15.900072"><ele>209</ele></trkpt>
   <trkpt lat="62.025446" lon="15.899719"><ele>208.75</ele></trkpt>
   <trkpt lat="62.025935" lon="15.899295"><ele>208.75</ele></trkpt>
   <trkpt lat="62.0262" lon="15.899055"><ele>208.75</ele></trkpt>
   <trkpt lat="62.026876" lon="15.898443"><ele>209</ele></trkpt>
   <trkpt lat="62.027157" lon="15.898134"><ele>209</ele></trkpt>
   <trkpt lat="62.027311" lon="15.897946"><ele>209.25</ele></trkpt>
   <trkpt lat="62.027544" lon="15.897626"><ele>210</ele></trkpt>
   <trkpt lat="62.027551" lon="15.897614"><ele>210</ele></trkpt>
   <trkpt lat="62.0279" lon="15.897068"><ele>211.5</ele></trkpt>
   <trkpt lat="62.028142" lon="15.896637"><ele>212.75</ele></trkpt>
   <trkpt lat="62.028398" lon="15.89611"><ele>213.5</ele></trkpt>
   <trkpt lat="62.02858" lon="15.895704"><ele>213.75</ele></trkpt>
   <trkpt lat="62.028784" lon="15.895169"><ele>213</ele></trkpt>
   <trkpt lat="62.028906" lon="15.894811"><ele>213.25</ele></trkpt>
   <trkpt lat="62.029426" lon="15.893163"><ele>214.25</ele></trkpt>
   <trkpt lat="62.030095" lon="15.890983"><ele>214.75</ele></trkpt>
   <trkpt lat="62.030665" lon="15.889146"><ele>215.25</ele></trkpt>
   <trkpt lat="62.032222" lon="15.88411"><ele>216.5</ele></trkpt>
   <trkpt lat="62.033066" lon="15.881661"><ele>217</ele></trkpt>
   <trkpt lat="62.033571" lon="15.880212"><ele>214</ele></trkpt>
   <trkpt lat="62.033869" lon="15.879327"><ele>213.25</ele></trkpt>
   <trkpt lat="62.034191" lon="15.878208"><ele>213.25</ele></trkpt>
   <trkpt lat="62.034518" lon="15.877006"><ele>218.25</ele></trkpt>
   <trkpt lat="62.034821" lon="15.875974"><ele>219.25</ele></trkpt>
   <trkpt lat="62.035109" lon="15.87514"><ele>217</ele></trkpt>
   <trkpt lat="62.035514" lon="15.874222"><ele>216</ele></trkpt>
   <trkpt lat="62.035837" lon="15.873593"><ele>214</ele></trkpt>
   <trkpt lat="62.03596" lon="15.873359"><ele>214.25</ele></trkpt>
   <trkpt lat="62.036318" lon="15.872733"><ele>216.25</ele></trkpt>
   <trkpt lat="62.039628" lon="15.866865"><ele>216</ele></trkpt>
   <trkpt lat="62.042196" lon="15.863008"><ele>215.25</ele></trkpt>
   <trkpt lat="62.042691" lon="15.862278"><ele>215.25</ele></trkpt>
   <trkpt lat="62.042954" lon="15.861945"><ele>215.5</ele></trkpt>
   <trkpt lat="62.043213" lon="15.861635"><ele>215.75</ele></trkpt>
   <trkpt lat="62.04378" lon="15.861087"><ele>214.25</ele></trkpt>
   <trkpt lat="62.044367" lon="15.860573"><ele>212.75</ele></trkpt>
   <trkpt lat="62.046134" lon="15.85914"><ele>213.25</ele></trkpt>
   <trkpt lat="62.046847" lon="15.858665"><ele>213.5</ele></trkpt>
   <trkpt lat="62.048301" lon="15.857772"><ele>212.5</ele></trkpt>
   <trkpt lat="62.048833" lon="15.85741"><ele>211.75</ele></trkpt>
   <trkpt lat="62.049365" lon="15.856986"><ele>211.75</ele></trkpt>
   <trkpt lat="62.049765" lon="15.856595"><ele>211.25</ele></trkpt>
   <trkpt lat="62.050206" lon="15.856066"><ele>211.75</ele></trkpt>
   <trkpt lat="62.050662" lon="15.855374"><ele>211.75</ele></trkpt>
   <trkpt lat="62.051171" lon="15.854573"><ele>212.25</ele></trkpt>
   <trkpt lat="62.052759" lon="15.851997"><ele>212</ele></trkpt>
   <trkpt lat="62.053281" lon="15.851311"><ele>213.5</ele></trkpt>
   <trkpt lat="62.053729" lon="15.850825"><ele>212.75</ele></trkpt>
   <trkpt lat="62.05426" lon="15.850367"><ele>212.75</ele></trkpt>
   <trkpt lat="62.054753" lon="15.850029"><ele>212.5</ele></trkpt>
   <trkpt lat="62.056296" lon="15.849203"><ele>211.75</ele></trkpt>
   <trkpt lat="62.056819" lon="15.848875"><ele>212.75</ele></trkpt>
   <trkpt lat="62.057217" lon="15.848586"><ele>213.75</ele></trkpt>
   <trkpt lat="62.058222" lon="15.847845"><ele>214.25</ele></trkpt>
   <trkpt lat="62.058718" lon="15.847553"><ele>213.25</ele></trkpt>
   <trkpt lat="62.059339" lon="15.847271"><ele>212.75</ele></trkpt>
   <trkpt lat="62.059701" lon="15.847108"><ele>212.5</ele></trkpt>
   <trkpt lat="62.060406" lon="15.846751"><ele>211.75</ele></trkpt>
   <trkpt lat="62.060929" lon="15.8464"><ele>211.25</ele></trkpt>
   <trkpt lat="62.061375" lon="15.846032"><ele>211.5</ele></trkpt>
   <trkpt lat="62.061845" lon="15.845547"><ele>211.5</ele></trkpt>
   <trkpt lat="62.061972" lon="15.845398"><ele>211.5</ele></trkpt>
   <trkpt lat="62.062069" lon="15.845284"><ele>211.75</ele></trkpt>
   <trkpt lat="62.064726" lon="15.842262"><ele>211.75</ele></trkpt>
   <trkpt lat="62.065184" lon="15.841647"><ele>211.5</ele></trkpt>
   <trkpt lat="62.06561" lon="15.841012"><ele>211</ele></trkpt>
   <trkpt lat="62.065622" lon="15.840994"><ele>211</ele></trkpt>
   <trkpt lat="62.065848" lon="15.840625"><ele>210.5</ele></trkpt>
   <trkpt lat="62.066063" lon="15.840247"><ele>211.5</ele></trkpt>
   <trkpt lat="62.066901" lon="15.83867"><ele>213.25</ele></trkpt>
   <trkpt lat="62.067163" lon="15.838202"><ele>213.25</ele></trkpt>
   <trkpt lat="62.06768" lon="15.837288"><ele>211.25</ele></trkpt>
   <trkpt lat="62.068136" lon="15.836525"><ele>210.75</ele></trkpt>
   <trkpt lat="62.068494" lon="15.83591"><ele>211.25</ele></trkpt>
   <trkpt lat="62.069157" lon="15.834823"><ele>213.5</ele></trkpt>
   <trkpt lat="62.069589" lon="15.834201"><ele>213.5</ele></trkpt>
   <trkpt lat="62.070047" lon="15.833625"><ele>213</ele></trkpt>
   <trkpt lat="62.070512" lon="15.833105"><ele>212.5</ele></trkpt>
   <trkpt lat="62.073213" lon="15.830164"><ele>212</ele></trkpt>
   <trkpt lat="62.073685" lon="15.829644"><ele>211.75</ele></trkpt>
   <trkpt lat="62.073883" lon="15.829403"><ele>212</ele></trkpt>
   <trkpt lat="62.074139" lon="15.829065"><ele>212.5</ele></trkpt>
   <trkpt lat="62.074382" lon="15.828702"><ele>213.25</ele></trkpt>
   <trkpt lat="62.074665" lon="15.828234"><ele>214.25</ele></trkpt>
   <trkpt lat="62.074758" lon="15.828061"><ele>214.5</ele></trkpt>
   <trkpt lat="62.074943" lon="15.82773"><ele>215</ele></trkpt>
   <trkpt lat="62.075451" lon="15.82673"><ele>216.25</ele></trkpt>
   <trkpt lat="62.076478" lon="15.824745"><ele>217.75</ele></trkpt>
   <trkpt lat="62.077371" lon="15.822998"><ele>218.75</ele></trkpt>
   <trkpt lat="62.077377" lon="15.822985"><ele>218.75</ele></trkpt>
   <trkpt lat="62.079554" lon="15.818727"><ele>219</ele></trkpt>
   <trkpt lat="62.080035" lon="15.817829"><ele>217.25</ele></trkpt>
   <trkpt lat="62.080307" lon="15.81737"><ele>216.25</ele></trkpt>
   <trkpt lat="62.080559" lon="15.816981"><ele>216</ele></trkpt>
   <trkpt lat="62.080789" lon="15.816631"><ele>216.75</ele></trkpt>
   <trkpt lat="62.081193" lon="15.816118"><ele>218</ele></trkpt>
   <trkpt lat="62.08153" lon="15.815717"><ele>219.25</ele></trkpt>
   <trkpt lat="62.081671" lon="15.815568"><ele>219.25</ele></trkpt>
   <trkpt lat="62.082089" lon="15.815187"><ele>219</ele></trkpt>
   <trkpt lat="62.082491" lon="15.814878"><ele>217.75</ele></trkpt>
   <trkpt lat="62.082759" lon="15.814696"><ele>217</ele></trkpt>
   <trkpt lat="62.083492" lon="15.814126"><ele>216.75</ele></trkpt>
   <trkpt lat="62.084522" lon="15.813292"><ele>218.75</ele></trkpt>
   <trkpt lat="62.084838" lon="15.813003"><ele>219.25</ele></trkpt>
   <trkpt lat="62.085113" lon="15.812702"><ele>219.75</ele></trkpt>
   <trkpt lat="62.085327" lon="15.812427"><ele>220.75</ele></trkpt>
   <trkpt lat="62.085618" lon="15.811998"><ele>222.5</ele></trkpt>
   <trkpt lat="62.085792" lon="15.811721"><ele>223.5</ele></trkpt>
   <trkpt lat="62.08594" lon="15.811461"><ele>224</ele></trkpt>
   <trkpt lat="62.086078" lon="15.811189"><ele>224</ele></trkpt>
   <trkpt lat="62.086303" lon="15.81071"><ele>224</ele></trkpt>
   <trkpt lat="62.086504" lon="15.81024"><ele>223.5</ele></trkpt>
   <trkpt lat="62.086749" lon="15.80962"><ele>223</ele></trkpt>
   <trkpt lat="62.087005" lon="15.808924"><ele>223</ele></trkpt>
   <trkpt lat="62.08724" lon="15.808323"><ele>223.25</ele></trkpt>
   <trkpt lat="62.087633" lon="15.807222"><ele>223.75</ele></trkpt>
   <trkpt lat="62.088571" lon="15.804712"><ele>225.5</ele></trkpt>
   <trkpt lat="62.089161" lon="15.803193"><ele>227.75</ele></trkpt>
   <trkpt lat="62.089402" lon="15.802627"><ele>228</ele></trkpt>
   <trkpt lat="62.089628" lon="15.802129"><ele>228</ele></trkpt>
   <trkpt lat="62.090002" lon="15.801337"><ele>227</ele></trkpt>
   <trkpt lat="62.091625" lon="15.797997"><ele>224.75</ele></trkpt>
   <trkpt lat="62.091889" lon="15.797489"><ele>226</ele></trkpt>
   <trkpt lat="62.092187" lon="15.796956"><ele>226.5</ele></trkpt>
   <trkpt lat="62.092477" lon="15.796495"><ele>226.5</ele></trkpt>
   <trkpt lat="62.092808" lon="15.796004"><ele>227</ele></trkpt>
   <trkpt lat="62.093228" lon="15.795465"><ele>226.25</ele></trkpt>
   <trkpt lat="62.093513" lon="15.795124"><ele>226</ele></trkpt>
   <trkpt lat="62.093967" lon="15.794679"><ele>226.5</ele></trkpt>
   <trkpt lat="62.094963" lon="15.793779"><ele>223.5</ele></trkpt>
   <trkpt lat="62.095586" lon="15.793156"><ele>226.25</ele></trkpt>
   <trkpt lat="62.095946" lon="15.792719"><ele>225.75</ele></trkpt>
   <trkpt lat="62.096229" lon="15.792297"><ele>225.25</ele></trkpt>
   <trkpt lat="62.096502" lon="15.791825"><ele>224.5</ele></trkpt>
   <trkpt lat="62.096795" lon="15.791268"><ele>223.75</ele></trkpt>
   <trkpt lat="62.096876" lon="15.791093"><ele>223.5</ele></trkpt>
   <trkpt lat="62.097111" lon="15.790525"><ele>223</ele></trkpt>
   <trkpt lat="62.09736" lon="15.789878"><ele>223</ele></trkpt>
   <trkpt lat="62.097559" lon="15.789235"><ele>221.75</ele></trkpt>
   <trkpt lat="62.097734" lon="15.788609"><ele>222.5</ele></trkpt>
   <trkpt lat="62.097903" lon="15.787873"><ele>224.25</ele></trkpt>
   <trkpt lat="62.098664" lon="15.784088"><ele>223.75</ele></trkpt>
   <trkpt lat="62.098812" lon="15.783395"><ele>222.75</ele></trkpt>
   <trkpt lat="62.098976" lon="15.782708"><ele>223</ele></trkpt>
   <trkpt lat="62.099191" lon="15.781966"><ele>222.75</ele></trkpt>
   <trkpt lat="62.099437" lon="15.781234"><ele>223.5</ele></trkpt>
   <trkpt lat="62.099685" lon="15.7806"><ele>224.75</ele></trkpt>
   <trkpt lat="62.099974" lon="15.78"><ele>226.5</ele></trkpt>
   <trkpt lat="62.100232" lon="15.779523"><ele>226.25</ele></trkpt>
   <trkpt lat="62.100523" lon="15.779025"><ele>226.25</ele></trkpt>
   <trkpt lat="62.100839" lon="15.778597"><ele>225.75</ele></trkpt>
   <trkpt lat="62.100974" lon="15.778434"><ele>224.75</ele></trkpt>
   <trkpt lat="62.10111" lon="15.778272"><ele>223.5</ele></trkpt>
   <trkpt lat="62.101817" lon="15.777485"><ele>219</ele></trkpt>
   <trkpt lat="62.102367" lon="15.776877"><ele>219.75</ele></trkpt>
   <trkpt lat="62.10269" lon="15.776484"><ele>221</ele></trkpt>
   <trkpt lat="62.107496" lon="15.770367"><ele>222</ele></trkpt>
   <trkpt lat="62.107867" lon="15.769884"><ele>223</ele></trkpt>
   <trkpt lat="62.108185" lon="15.769448"><ele>223.5</ele></trkpt>
   <trkpt lat="62.108381" lon="15.769163"><ele>223.5</ele></trkpt>
   <trkpt lat="62.108687" lon="15.768672"><ele>223.5</ele></trkpt>
   <trkpt lat="62.108848" lon="15.768385"><ele>223.25</ele></trkpt>
   <trkpt lat="62.108998" lon="15.768089"><ele>222.25</ele></trkpt>
   <trkpt lat="62.109141" lon="15.767783"><ele>220.75</ele></trkpt>
   <trkpt lat="62.109419" lon="15.767116"><ele>218.75</ele></trkpt>
   <trkpt lat="62.109558" lon="15.766724"><ele>218</ele></trkpt>
   <trkpt lat="62.109569" lon="15.766691"><ele>217.75</ele></trkpt>
   <trkpt lat="62.109694" lon="15.766342"><ele>219.25</ele></trkpt>
   <trkpt lat="62.109829" lon="15.765923"><ele>220.75</ele></trkpt>
   <trkpt lat="62.109946" lon="15.765506"><ele>221.5</ele></trkpt>
   <trkpt lat="62.110065" lon="15.765027"><ele>221.5</ele></trkpt>
   <trkpt lat="62.110171" lon="15.764545"><ele>221.25</ele></trkpt>
   <trkpt lat="62.110273" lon="15.764016"><ele>220.75</ele></trkpt>
   <trkpt lat="62.110367" lon="15.763483"><ele>220.25</ele></trkpt>
   <trkpt lat="62.110438" lon="15.762994"><ele>220</ele></trkpt>
   <trkpt lat="62.1105" lon="15.762499"><ele>219.75</ele></trkpt>
   <trkpt lat="62.110575" lon="15.761753"><ele>218.25</ele></trkpt>
   <trkpt lat="62.110642" lon="15.761001"><ele>217.75</ele></trkpt>
   <trkpt lat="62.110663" lon="15.760784"><ele>217.75</ele></trkpt>
   <trkpt lat="62.110721" lon="15.760194"><ele>218.5</ele></trkpt>
   <trkpt lat="62.110848" lon="15.759126"><ele>221</ele></trkpt>
   <trkpt lat="62.11107" lon="15.757075"><ele>221.75</ele></trkpt>
   <trkpt lat="62.111252" lon="15.75563"><ele>220</ele></trkpt>
   <trkpt lat="62.111388" lon="15.75481"><ele>218.5</ele></trkpt>
   <trkpt lat="62.111559" lon="15.753872"><ele>217.25</ele></trkpt>
   <trkpt lat="62.111752" lon="15.752908"><ele>216.25</ele></trkpt>
   <trkpt lat="62.112119" lon="15.75137"><ele>214.75</ele></trkpt>
   <trkpt lat="62.112759" lon="15.749108"><ele>217.25</ele></trkpt>
   <trkpt lat="62.113266" lon="15.747287"><ele>215</ele></trkpt>
   <trkpt lat="62.114065" lon="15.744461"><ele>218.25</ele></trkpt>
   <trkpt lat="62.114276" lon="15.743626"><ele>216</ele></trkpt>
   <trkpt lat="62.114391" lon="15.743101"><ele>215</ele></trkpt>
   <trkpt lat="62.114492" lon="15.742549"><ele>214.25</ele></trkpt>
   <trkpt lat="62.114693" lon="15.741354"><ele>215.75</ele></trkpt>
   <trkpt lat="62.114955" lon="15.740047"><ele>215.75</ele></trkpt>
   <trkpt lat="62.115066" lon="15.739524"><ele>215</ele></trkpt>
   <trkpt lat="62.115246" lon="15.738814"><ele>214.75</ele></trkpt>
   <trkpt lat="62.115446" lon="15.738138"><ele>215.25</ele></trkpt>
   <trkpt lat="62.115634" lon="15.737574"><ele>216.5</ele></trkpt>
   <trkpt lat="62.115931" lon="15.736783"><ele>215.25</ele></trkpt>
   <trkpt lat="62.115936" lon="15.736768"><ele>215.25</ele></trkpt>
   <trkpt lat="62.116459" lon="15.735335"><ele>216</ele></trkpt>
   <trkpt lat="62.116629" lon="15.734837"><ele>214.75</ele></trkpt>
   <trkpt lat="62.116683" lon="15.734675"><ele>214.5</ele></trkpt>
   <trkpt lat="62.116939" lon="15.733717"><ele>215.5</ele></trkpt>
   <trkpt lat="62.117145" lon="15.732776"><ele>218</ele></trkpt>
   <trkpt lat="62.11732" lon="15.73173"><ele>216</ele></trkpt>
   <trkpt lat="62.117501" lon="15.730503"><ele>213.5</ele></trkpt>
   <trkpt lat="62.117702" lon="15.729013"><ele>214.25</ele></trkpt>
   <trkpt lat="62.118006" lon="15.727063"><ele>215.25</ele></trkpt>
   <trkpt lat="62.118103" lon="15.726534"><ele>214.25</ele></trkpt>
   <trkpt lat="62.118215" lon="15.725979"><ele>213.5</ele></trkpt>
   <trkpt lat="62.11848" lon="15.724869"><ele>212.75</ele></trkpt>
   <trkpt lat="62.118634" lon="15.72433"><ele>212</ele></trkpt>
   <trkpt lat="62.118787" lon="15.723847"><ele>212</ele></trkpt>
   <trkpt lat="62.1191" lon="15.722962"><ele>212.25</ele></trkpt>
   <trkpt lat="62.119262" lon="15.722549"><ele>211.75</ele></trkpt>
   <trkpt lat="62.119485" lon="15.722042"><ele>212.5</ele></trkpt>
   <trkpt lat="62.119719" lon="15.721556"><ele>213.25</ele></trkpt>
   <trkpt lat="62.11992" lon="15.721175"><ele>213.5</ele></trkpt>
   <trkpt lat="62.120123" lon="15.720816"><ele>213.5</ele></trkpt>
   <trkpt lat="62.120346" lon="15.720457"><ele>213.75</ele></trkpt>
   <trkpt lat="62.120561" lon="15.720132"><ele>214.25</ele></trkpt>
   <trkpt lat="62.121071" lon="15.71948"><ele>215.75</ele></trkpt>
   <trkpt lat="62.121301" lon="15.719207"><ele>216.25</ele></trkpt>
   <trkpt lat="62.12263" lon="15.717651"><ele>213.25</ele></trkpt>
   <trkpt lat="62.123028" lon="15.717144"><ele>213.5</ele></trkpt>
   <trkpt lat="62.123375" lon="15.716589"><ele>213.75</ele></trkpt>
   <trkpt lat="62.123721" lon="15.715945"><ele>213.25</ele></trkpt>
   <trkpt lat="62.124093" lon="15.715103"><ele>212.75</ele></trkpt>
   <trkpt lat="62.124394" lon="15.714274"><ele>211.5</ele></trkpt>
   <trkpt lat="62.124618" lon="15.71352"><ele>211.75</ele></trkpt>
   <trkpt lat="62.124878" lon="15.71256"><ele>213</ele></trkpt>
   <trkpt lat="62.125239" lon="15.711144"><ele>215.25</ele></trkpt>
   <trkpt lat="62.125524" lon="15.710149"><ele>215</ele></trkpt>
   <trkpt lat="62.125789" lon="15.709325"><ele>214.25</ele></trkpt>
   <trkpt lat="62.126169" lon="15.708384"><ele>213.5</ele></trkpt>
   <trkpt lat="62.126568" lon="15.707606"><ele>213.75</ele></trkpt>
   <trkpt lat="62.127058" lon="15.706823"><ele>214.25</ele></trkpt>
   <trkpt lat="62.127586" lon="15.706115"><ele>214.25</ele></trkpt>
   <trkpt lat="62.128468" lon="15.704983"><ele>213</ele></trkpt>
   <trkpt lat="62.128859" lon="15.704417"><ele>213</ele></trkpt>
   <trkpt lat="62.129209" lon="15.703819"><ele>212.75</ele></trkpt>
   <trkpt lat="62.129573" lon="15.703057"><ele>213.5</ele></trkpt>
   <trkpt lat="62.129959" lon="15.702132"><ele>214.25</ele></trkpt>
   <trkpt lat="62.13032" lon="15.70115"><ele>214</ele></trkpt>
   <trkpt lat="62.130822" lon="15.699754"><ele>213.25</ele></trkpt>
   <trkpt lat="62.131174" lon="15.698892"><ele>213.25</ele></trkpt>
   <trkpt lat="62.131619" lon="15.697939"><ele>211.75</ele></trkpt>
   <trkpt lat="62.131995" lon="15.697213"><ele>211.5</ele></trkpt>
   <trkpt lat="62.13241" lon="15.696483"><ele>211.75</ele></trkpt>
   <trkpt lat="62.132891" lon="15.695724"><ele>212</ele></trkpt>
   <trkpt lat="62.133462" lon="15.694922"><ele>211.5</ele></trkpt>
   <trkpt lat="62.134323" lon="15.693789"><ele>212</ele></trkpt>
   <trkpt lat="62.139359" lon="15.687263"><ele>211.5</ele></trkpt>
   <trkpt lat="62.139868" lon="15.686651"><ele>211.25</ele></trkpt>
   <trkpt lat="62.140397" lon="15.686067"><ele>212.25</ele></trkpt>
   <trkpt lat="62.140863" lon="15.685591"><ele>212.5</ele></trkpt>
   <trkpt lat="62.14126" lon="15.68525"><ele>212.25</ele></trkpt>
   <trkpt lat="62.141635" lon="15.68499"><ele>212.75</ele></trkpt>
   <trkpt lat="62.14203" lon="15.684783"><ele>212.5</ele></trkpt>
   <trkpt lat="62.142173" lon="15.684719"><ele>212.5</ele></trkpt>
   <trkpt lat="62.142322" lon="15.684668"><ele>212.5</ele></trkpt>
   <trkpt lat="62.142689" lon="15.684575"><ele>212</ele></trkpt>
   <trkpt lat="62.143065" lon="15.684531"><ele>211.5</ele></trkpt>
   <trkpt lat="62.144084" lon="15.684487"><ele>209.75</ele></trkpt>
   <trkpt lat="62.14445" lon="15.684453"><ele>210</ele></trkpt>
   <trkpt lat="62.144824" lon="15.68437"><ele>210.25</ele></trkpt>
   <trkpt lat="62.145189" lon="15.68427"><ele>211.5</ele></trkpt>
   <trkpt lat="62.14562" lon="15.684109"><ele>213.25</ele></trkpt>
   <trkpt lat="62.146733" lon="15.68364"><ele>212.5</ele></trkpt>
   <trkpt lat="62.147944" lon="15.683142"><ele>211.5</ele></trkpt>
   <trkpt lat="62.148271" lon="15.682986"><ele>211.25</ele></trkpt>
   <trkpt lat="62.148564" lon="15.682833"><ele>211.25</ele></trkpt>
   <trkpt lat="62.149064" lon="15.682511"><ele>210.75</ele></trkpt>
   <trkpt lat="62.149272" lon="15.682337"><ele>211.25</ele></trkpt>
   <trkpt lat="62.149481" lon="15.682133"><ele>211.75</ele></trkpt>
   <trkpt lat="62.149687" lon="15.681905"><ele>211.75</ele></trkpt>
   <trkpt lat="62.15013" lon="15.681323"><ele>211.25</ele></trkpt>
   <trkpt lat="62.150777" lon="15.680444"><ele>210.75</ele></trkpt>
   <trkpt lat="62.152244" lon="15.678435"><ele>210.25</ele></trkpt>
   <trkpt lat="62.152481" lon="15.678126"><ele>210.25</ele></trkpt>
   <trkpt lat="62.152723" lon="15.677851"><ele>210.5</ele></trkpt>
   <trkpt lat="62.152993" lon="15.677563"><ele>210.75</ele></trkpt>
   <trkpt lat="62.153268" lon="15.677305"><ele>211</ele></trkpt>
   <trkpt lat="62.153762" lon="15.676869"><ele>211.25</ele></trkpt>
   <trkpt lat="62.154161" lon="15.676543"><ele>211.5</ele></trkpt>
   <trkpt lat="62.154497" lon="15.676311"><ele>211.75</ele></trkpt>
   <trkpt lat="62.154799" lon="15.67612"><ele>212</ele></trkpt>
   <trkpt lat="62.154912" lon="15.676062"><ele>212</ele></trkpt>
   <trkpt lat="62.154921" lon="15.676056"><ele>212</ele></trkpt>
   <trkpt lat="62.155147" lon="15.67594"><ele>212</ele></trkpt>
   <trkpt lat="62.155471" lon="15.675809"><ele>212</ele></trkpt>
   <trkpt lat="62.155717" lon="15.675731"><ele>212.25</ele></trkpt>
   <trkpt lat="62.156135" lon="15.675619"><ele>211.25</ele></trkpt>
   <trkpt lat="62.15646" lon="15.675586"><ele>210.5</ele></trkpt>
   <trkpt lat="62.156837" lon="15.675594"><ele>210.25</ele></trkpt>
   <trkpt lat="62.157185" lon="15.675638"><ele>210.75</ele></trkpt>
   <trkpt lat="62.157958" lon="15.675811"><ele>211.25</ele></trkpt>
   <trkpt lat="62.158366" lon="15.675804"><ele>210.75</ele></trkpt>
   <trkpt lat="62.159234" lon="15.675963"><ele>210.25</ele></trkpt>
   <trkpt lat="62.160191" lon="15.676154"><ele>210.75</ele></trkpt>
   <trkpt lat="62.161833" lon="15.676545"><ele>211.5</ele></trkpt>
   <trkpt lat="62.16391" lon="15.677018"><ele>211.25</ele></trkpt>
   <trkpt lat="62.164349" lon="15.677067"><ele>211.5</ele></trkpt>
   <trkpt lat="62.16475" lon="15.677073"><ele>211.75</ele></trkpt>
   <trkpt lat="62.165028" lon="15.677063"><ele>212</ele></trkpt>
   <trkpt lat="62.165349" lon="15.677084"><ele>212.5</ele></trkpt>
   <trkpt lat="62.165553" lon="15.677037"><ele>212.75</ele></trkpt>
   <trkpt lat="62.165834" lon="15.676938"><ele>213.25</ele></trkpt>
   <trkpt lat="62.166119" lon="15.676806"><ele>213.75</ele></trkpt>
   <trkpt lat="62.166389" lon="15.676661"><ele>214.25</ele></trkpt>
   <trkpt lat="62.166687" lon="15.676455"><ele>214.5</ele></trkpt>
   <trkpt lat="62.167079" lon="15.676155"><ele>214.75</ele></trkpt>
   <trkpt lat="62.168012" lon="15.675338"><ele>215</ele></trkpt>
   <trkpt lat="62.168071" lon="15.675286"><ele>215</ele></trkpt>
   <trkpt lat="62.169031" lon="15.674471"><ele>218</ele></trkpt>
   <trkpt lat="62.169387" lon="15.674128"><ele>219.5</ele></trkpt>
   <trkpt lat="62.169757" lon="15.673813"><ele>220.5</ele></trkpt>
   <trkpt lat="62.170588" lon="15.673078"><ele>220.75</ele></trkpt>
   <trkpt lat="62.170602" lon="15.673066"><ele>220.75</ele></trkpt>
   <trkpt lat="62.171358" lon="15.672424"><ele>220.75</ele></trkpt>
   <trkpt lat="62.172131" lon="15.671785"><ele>220.5</ele></trkpt>
   <trkpt lat="62.173465" lon="15.670629"><ele>221.5</ele></trkpt>
   <trkpt lat="62.173939" lon="15.670299"><ele>221.25</ele></trkpt>
   <trkpt lat="62.174533" lon="15.669921"><ele>223</ele></trkpt>
   <trkpt lat="62.174937" lon="15.669741"><ele>224.5</ele></trkpt>
   <trkpt lat="62.175414" lon="15.669648"><ele>225.75</ele></trkpt>
   <trkpt lat="62.175843" lon="15.669615"><ele>227</ele></trkpt>
   <trkpt lat="62.176369" lon="15.669704"><ele>227.75</ele></trkpt>
   <trkpt lat="62.176499" lon="15.669746"><ele>228</ele></trkpt>
   <trkpt lat="62.176854" lon="15.669886"><ele>227.75</ele></trkpt>
   <trkpt lat="62.177609" lon="15.670263"><ele>227</ele></trkpt>
   <trkpt lat="62.178571" lon="15.670825"><ele>227.5</ele></trkpt>
   <trkpt lat="62.179184" lon="15.671148"><ele>227.25</ele></trkpt>
   <trkpt lat="62.179719" lon="15.671353"><ele>228.25</ele></trkpt>
   <trkpt lat="62.180062" lon="15.671437"><ele>229</ele></trkpt>
   <trkpt lat="62.180373" lon="15.671458"><ele>229.5</ele></trkpt>
   <trkpt lat="62.180525" lon="15.671453"><ele>229.75</ele></trkpt>
   <trkpt lat="62.180715" lon="15.671441"><ele>230</ele></trkpt>
   <trkpt lat="62.180903" lon="15.671411"><ele>230.25</ele></trkpt>
   <trkpt lat="62.181315" lon="15.671283"><ele>231.25</ele></trkpt>
   <trkpt lat="62.181782" lon="15.671136"><ele>232.5</ele></trkpt>
   <trkpt lat="62.183739" lon="15.670069"><ele>234.5</ele></trkpt>
   <trkpt lat="62.184409" lon="15.6698"><ele>235</ele></trkpt>
   <trkpt lat="62.185287" lon="15.669576"><ele>234.5</ele></trkpt>
   <trkpt lat="62.186033" lon="15.669487"><ele>236</ele></trkpt>
   <trkpt lat="62.18664" lon="15.669529"><ele>238.25</ele></trkpt>
   <trkpt lat="62.18727" lon="15.669605"><ele>239.5</ele></trkpt>
   <trkpt lat="62.187903" lon="15.669761"><ele>239.5</ele></trkpt>
   <trkpt lat="62.188597" lon="15.67005"><ele>239.5</ele></trkpt>
   <trkpt lat="62.189524" lon="15.670543"><ele>240</ele></trkpt>
   <trkpt lat="62.190042" lon="15.6709"><ele>240.75</ele></trkpt>
   <trkpt lat="62.190759" lon="15.671493"><ele>240.5</ele></trkpt>
   <trkpt lat="62.191243" lon="15.671976"><ele>242</ele></trkpt>
   <trkpt lat="62.191917" lon="15.672796"><ele>244</ele></trkpt>
   <trkpt lat="62.19254" lon="15.673605"><ele>245</ele></trkpt>
   <trkpt lat="62.193592" lon="15.675291"><ele>246</ele></trkpt>
   <trkpt lat="62.194425" lon="15.67667"><ele>251</ele></trkpt>
   <trkpt lat="62.194681" lon="15.677052"><ele>251.5</ele></trkpt>
   <trkpt lat="62.19496" lon="15.677431"><ele>251</ele></trkpt>
   <trkpt lat="62.19544" lon="15.677954"><ele>249.75</ele></trkpt>
   <trkpt lat="62.195933" lon="15.678381"><ele>248.75</ele></trkpt>
   <trkpt lat="62.19638" lon="15.678681"><ele>249.25</ele></trkpt>
   <trkpt lat="62.196768" lon="15.678866"><ele>249.75</ele></trkpt>
   <trkpt lat="62.197207" lon="15.678982"><ele>250.25</ele></trkpt>
   <trkpt lat="62.197693" lon="15.679031"><ele>249.75</ele></trkpt>
   <trkpt lat="62.198109" lon="15.679003"><ele>248.25</ele></trkpt>
   <trkpt lat="62.198533" lon="15.678912"><ele>246.5</ele></trkpt>
   <trkpt lat="62.198929" lon="15.678747"><ele>244.5</ele></trkpt>
   <trkpt lat="62.199331" lon="15.678507"><ele>243.5</ele></trkpt>
   <trkpt lat="62.199736" lon="15.678185"><ele>245</ele></trkpt>
   <trkpt lat="62.199914" lon="15.678016"><ele>245.75</ele></trkpt>
   <trkpt lat="62.20013" lon="15.677786"><ele>246.75</ele></trkpt>
   <trkpt lat="62.200365" lon="15.67751"><ele>247.75</ele></trkpt>
   <trkpt lat="62.200686" lon="15.677088"><ele>249</ele></trkpt>
   <trkpt lat="62.200945" lon="15.676682"><ele>250.5</ele></trkpt>
   <trkpt lat="62.201167" lon="15.676305"><ele>251.5</ele></trkpt>
   <trkpt lat="62.201375" lon="15.675909"><ele>252.25</ele></trkpt>
   <trkpt lat="62.201635" lon="15.675377"><ele>253.75</ele></trkpt>
   <trkpt lat="62.20186" lon="15.674894"><ele>256.75</ele></trkpt>
   <trkpt lat="62.202423" lon="15.67355"><ele>258.75</ele></trkpt>
   <trkpt lat="62.202768" lon="15.672689"><ele>253.5</ele></trkpt>
   <trkpt lat="62.203142" lon="15.67171"><ele>251</ele></trkpt>
   <trkpt lat="62.203274" lon="15.671344"><ele>251</ele></trkpt>
   <trkpt lat="62.203283" lon="15.67132"><ele>251</ele></trkpt>
   <trkpt lat="62.203719" lon="15.670053"><ele>254.5</ele></trkpt>
   <trkpt lat="62.204222" lon="15.668478"><ele>256.25</ele></trkpt>
   <trkpt lat="62.204823" lon="15.666434"><ele>260</ele></trkpt>
   <trkpt lat="62.205111" lon="15.665509"><ele>261.5</ele></trkpt>
   <trkpt lat="62.205409" lon="15.664637"><ele>262.25</ele></trkpt>
   <trkpt lat="62.205686" lon="15.663891"><ele>261.5</ele></trkpt>
   <trkpt lat="62.206039" lon="15.663014"><ele>262.25</ele></trkpt>
   <trkpt lat="62.206478" lon="15.66199"><ele>262</ele></trkpt>
   <trkpt lat="62.206817" lon="15.661271"><ele>261.5</ele></trkpt>
   <trkpt lat="62.207229" lon="15.660473"><ele>262.5</ele></trkpt>
   <trkpt lat="62.207648" lon="15.659721"><ele>262.5</ele></trkpt>
   <trkpt lat="62.208143" lon="15.658913"><ele>262.25</ele></trkpt>
   <trkpt lat="62.208624" lon="15.6582"><ele>262.25</ele></trkpt>
   <trkpt lat="62.209114" lon="15.657527"><ele>263.25</ele></trkpt>
   <trkpt lat="62.209675" lon="15.656832"><ele>265</ele></trkpt>
   <trkpt lat="62.209949" lon="15.656513"><ele>266</ele></trkpt>
   <trkpt lat="62.210227" lon="15.65622"><ele>266.5</ele></trkpt>
   <trkpt lat="62.210499" lon="15.655947"><ele>266.75</ele></trkpt>
   <trkpt lat="62.210774" lon="15.655705"><ele>267.5</ele></trkpt>
   <trkpt lat="62.211238" lon="15.655337"><ele>267.5</ele></trkpt>
   <trkpt lat="62.212089" lon="15.654713"><ele>267.25</ele></trkpt>
   <trkpt lat="62.213016" lon="15.654155"><ele>267.75</ele></trkpt>
   <trkpt lat="62.213846" lon="15.653581"><ele>268.75</ele></trkpt>
   <trkpt lat="62.21455" lon="15.652967"><ele>269</ele></trkpt>
   <trkpt lat="62.214988" lon="15.652514"><ele>269.75</ele></trkpt>
   <trkpt lat="62.21523" lon="15.652211"><ele>270.5</ele></trkpt>
   <trkpt lat="62.2154" lon="15.651999"><ele>271</ele></trkpt>
   <trkpt lat="62.216424" lon="15.650574"><ele>275.75</ele></trkpt>
   <trkpt lat="62.216986" lon="15.649823"><ele>276.25</ele></trkpt>
   <trkpt lat="62.217695" lon="15.648976"><ele>274.75</ele></trkpt>
   <trkpt lat="62.218283" lon="15.648348"><ele>273.75</ele></trkpt>
   <trkpt lat="62.219304" lon="15.647356"><ele>277</ele></trkpt>
   <trkpt lat="62.220369" lon="15.646527"><ele>278.5</ele></trkpt>
   <trkpt lat="62.221156" lon="15.645996"><ele>280</ele></trkpt>
   <trkpt lat="62.222164" lon="15.645454"><ele>279</ele></trkpt>
   <trkpt lat="62.223423" lon="15.644862"><ele>279</ele></trkpt>
   <trkpt lat="62.226221" lon="15.643548"><ele>282.75</ele></trkpt>
   <trkpt lat="62.226969" lon="15.643242"><ele>284.75</ele></trkpt>
   <trkpt lat="62.227443" lon="15.643122"><ele>286</ele></trkpt>
   <trkpt lat="62.227925" lon="15.64306"><ele>287.5</ele></trkpt>
   <trkpt lat="62.228011" lon="15.643063"><ele>287.75</ele></trkpt>
   <trkpt lat="62.228406" lon="15.643107"><ele>289.25</ele></trkpt>
   <trkpt lat="62.228657" lon="15.643158"><ele>289.5</ele></trkpt>
   <trkpt lat="62.228868" lon="15.643241"><ele>290.25</ele></trkpt>
   <trkpt lat="62.229211" lon="15.643417"><ele>291.25</ele></trkpt>
   <trkpt lat="62.229614" lon="15.643657"><ele>290</ele></trkpt>
   <trkpt lat="62.229972" lon="15.643947"><ele>290.5</ele></trkpt>
   <trkpt lat="62.230244" lon="15.644213"><ele>290</ele></trkpt>
   <trkpt lat="62.230739" lon="15.64477"><ele>290</ele></trkpt>
   <trkpt lat="62.231084" lon="15.645219"><ele>290.75</ele></trkpt>
   <trkpt lat="62.231699" lon="15.646127"><ele>290.75</ele></trkpt>
   <trkpt lat="62.231929" lon="15.646444"><ele>292.25</ele></trkpt>
   <trkpt lat="62.232181" lon="15.646803"><ele>292</ele></trkpt>
   <trkpt lat="62.232664" lon="15.647439"><ele>290.75</ele></trkpt>
   <trkpt lat="62.232842" lon="15.647647"><ele>291.75</ele></trkpt>
   <trkpt lat="62.23359" lon="15.648465"><ele>295.75</ele></trkpt>
   <trkpt lat="62.233806" lon="15.648675"><ele>296</ele></trkpt>
   <trkpt lat="62.234573" lon="15.649509"><ele>297</ele></trkpt>
   <trkpt lat="62.235064" lon="15.650144"><ele>296.25</ele></trkpt>
   <trkpt lat="62.235386" lon="15.650596"><ele>297</ele></trkpt>
   <trkpt lat="62.235661" lon="15.651057"><ele>297</ele></trkpt>
   <trkpt lat="62.235904" lon="15.651494"><ele>296.75</ele></trkpt>
   <trkpt lat="62.236071" lon="15.651812"><ele>296.75</ele></trkpt>
   <trkpt lat="62.237212" lon="15.654103"><ele>297.5</ele></trkpt>
   <trkpt lat="62.237226" lon="15.654132"><ele>297.5</ele></trkpt>
   <trkpt lat="62.237643" lon="15.654958"><ele>298.5</ele></trkpt>
   <trkpt lat="62.238332" lon="15.656354"><ele>300.75</ele></trkpt>
   <trkpt lat="62.238676" lon="15.657044"><ele>301.75</ele></trkpt>
   <trkpt lat="62.239048" lon="15.657886"><ele>302.25</ele></trkpt>
   <trkpt lat="62.239082" lon="15.657963"><ele>302.5</ele></trkpt>
   <trkpt lat="62.239483" lon="15.658775"><ele>303.25</ele></trkpt>
   <trkpt lat="62.239633" lon="15.659031"><ele>303.5</ele></trkpt>
   <trkpt lat="62.239842" lon="15.659389"><ele>304</ele></trkpt>
   <trkpt lat="62.240396" lon="15.660505"><ele>304.75</ele></trkpt>
   <trkpt lat="62.240655" lon="15.661011"><ele>304.75</ele></trkpt>
   <trkpt lat="62.240965" lon="15.661575"><ele>305</ele></trkpt>
   <trkpt lat="62.241108" lon="15.661832"><ele>305.25</ele></trkpt>
   <trkpt lat="62.241309" lon="15.662153"><ele>305.25</ele></trkpt>
   <trkpt lat="62.2416" lon="15.662585"><ele>305.25</ele></trkpt>
   <trkpt lat="62.241611" lon="15.662599"><ele>305</ele></trkpt>
   <trkpt lat="62.241685" lon="15.662701"><ele>304.5</ele></trkpt>
   <trkpt lat="62.241961" lon="15.663039"><ele>304</ele></trkpt>
   <trkpt lat="62.242106" lon="15.663189"><ele>304.25</ele></trkpt>
   <trkpt lat="62.242348" lon="15.663431"><ele>304.75</ele></trkpt>
   <trkpt lat="62.242688" lon="15.66371"><ele>305.5</ele></trkpt>
   <trkpt lat="62.243086" lon="15.663969"><ele>305.75</ele></trkpt>
   <trkpt lat="62.243556" lon="15.664184"><ele>308</ele></trkpt>
   <trkpt lat="62.243758" lon="15.664246"><ele>309.75</ele></trkpt>
   <trkpt lat="62.244225" lon="15.664305"><ele>313.5</ele></trkpt>
   <trkpt lat="62.244686" lon="15.664329"><ele>313.5</ele></trkpt>
   <trkpt lat="62.245172" lon="15.664294"><ele>313.75</ele></trkpt>
   <trkpt lat="62.245696" lon="15.664208"><ele>313.75</ele></trkpt>
   <trkpt lat="62.246249" lon="15.664093"><ele>314</ele></trkpt>
   <trkpt lat="62.246776" lon="15.664018"><ele>314</ele></trkpt>
   <trkpt lat="62.247056" lon="15.664001"><ele>313</ele></trkpt>
   <trkpt lat="62.247548" lon="15.663993"><ele>311.5</ele></trkpt>
   <trkpt lat="62.247998" lon="15.66407"><ele>310</ele></trkpt>
   <trkpt lat="62.248208" lon="15.664136"><ele>309.25</ele></trkpt>
   <trkpt lat="62.248435" lon="15.664224"><ele>309</ele></trkpt>
   <trkpt lat="62.248637" lon="15.664311"><ele>309.25</ele></trkpt>
   <trkpt lat="62.24888" lon="15.66444"><ele>309.5</ele></trkpt>
   <trkpt lat="62.249094" lon="15.664583"><ele>309.75</ele></trkpt>
   <trkpt lat="62.249369" lon="15.664798"><ele>309.75</ele></trkpt>
   <trkpt lat="62.249538" lon="15.664951"><ele>309.75</ele></trkpt>
   <trkpt lat="62.249787" lon="15.665195"><ele>310</ele></trkpt>
   <trkpt lat="62.249964" lon="15.665396"><ele>310.25</ele></trkpt>
   <trkpt lat="62.250215" lon="15.665705"><ele>310.5</ele></trkpt>
   <trkpt lat="62.250617" lon="15.666278"><ele>310.5</ele></trkpt>
   <trkpt lat="62.250976" lon="15.666882"><ele>312.75</ele></trkpt>
   <trkpt lat="62.251126" lon="15.667166"><ele>314</ele></trkpt>
   <trkpt lat="62.251471" lon="15.667881"><ele>318.25</ele></trkpt>
   <trkpt lat="62.251769" lon="15.668608"><ele>321.25</ele></trkpt>
   <trkpt lat="62.252073" lon="15.669437"><ele>323</ele></trkpt>
   <trkpt lat="62.25237" lon="15.67022"><ele>322.5</ele></trkpt>
   <trkpt lat="62.252677" lon="15.670997"><ele>322.75</ele></trkpt>
   <trkpt lat="62.253009" lon="15.671717"><ele>323</ele></trkpt>
   <trkpt lat="62.253277" lon="15.672221"><ele>322.5</ele></trkpt>
   <trkpt lat="62.253708" lon="15.672904"><ele>322.25</ele></trkpt>
   <trkpt lat="62.253869" lon="15.67313"><ele>322.25</ele></trkpt>
   <trkpt lat="62.254183" lon="15.673509"><ele>322</ele></trkpt>
   <trkpt lat="62.254402" lon="15.673739"><ele>322.25</ele></trkpt>
   <trkpt lat="62.254871" lon="15.674156"><ele>322.75</ele></trkpt>
   <trkpt lat="62.255315" lon="15.674461"><ele>322.5</ele></trkpt>
   <trkpt lat="62.255764" lon="15.674662"><ele>322</ele></trkpt>
   <trkpt lat="62.256205" lon="15.674785"><ele>321.5</ele></trkpt>
   <trkpt lat="62.256641" lon="15.674819"><ele>321</ele></trkpt>
   <trkpt lat="62.257079" lon="15.674797"><ele>321.25</ele></trkpt>
   <trkpt lat="62.25752" lon="15.674689"><ele>321.5</ele></trkpt>
   <trkpt lat="62.258474" lon="15.674368"><ele>321.5</ele></trkpt>
   <trkpt lat="62.260162" lon="15.673775"><ele>322</ele></trkpt>
   <trkpt lat="62.260437" lon="15.673692"><ele>322.75</ele></trkpt>
   <trkpt lat="62.260786" lon="15.673613"><ele>323.5</ele></trkpt>
   <trkpt lat="62.261284" lon="15.67357"><ele>323.5</ele></trkpt>
   <trkpt lat="62.261754" lon="15.673565"><ele>323.75</ele></trkpt>
   <trkpt lat="62.26204" lon="15.673578"><ele>324</ele></trkpt>
   <trkpt lat="62.26223" lon="15.67361"><ele>324</ele></trkpt>
   <trkpt lat="62.262736" lon="15.67373"><ele>324</ele></trkpt>
   <trkpt lat="62.263105" lon="15.673822"><ele>323.75</ele></trkpt>
   <trkpt lat="62.263995" lon="15.673999"><ele>324.75</ele></trkpt>
   <trkpt lat="62.264304" lon="15.674024"><ele>325.5</ele></trkpt>
   <trkpt lat="62.264758" lon="15.67402"><ele>326</ele></trkpt>
   <trkpt lat="62.265237" lon="15.673966"><ele>326.25</ele></trkpt>
   <trkpt lat="62.265667" lon="15.673863"><ele>326.25</ele></trkpt>
   <trkpt lat="62.265999" lon="15.673737"><ele>326.75</ele></trkpt>
   <trkpt lat="62.266327" lon="15.673589"><ele>327.5</ele></trkpt>
   <trkpt lat="62.266734" lon="15.673344"><ele>328</ele></trkpt>
   <trkpt lat="62.267139" lon="15.673062"><ele>328.75</ele></trkpt>
   <trkpt lat="62.267609" lon="15.672684"><ele>329.25</ele></trkpt>
   <trkpt lat="62.269613" lon="15.670982"><ele>330.5</ele></trkpt>
   <trkpt lat="62.269641" lon="15.670959"><ele>330.5</ele></trkpt>
   <trkpt lat="62.271361" lon="15.669492"><ele>328</ele></trkpt>
   <trkpt lat="62.273091" lon="15.668017"><ele>327.25</ele></trkpt>
   <trkpt lat="62.273846" lon="15.667407"><ele>326.25</ele></trkpt>
   <trkpt lat="62.274074" lon="15.667244"><ele>326.25</ele></trkpt>
   <trkpt lat="62.274554" lon="15.666949"><ele>325.5</ele></trkpt>
   <trkpt lat="62.274853" lon="15.666802"><ele>325</ele></trkpt>
   <trkpt lat="62.275331" lon="15.666613"><ele>324.25</ele></trkpt>
   <trkpt lat="62.275945" lon="15.666474"><ele>323</ele></trkpt>
   <trkpt lat="62.276157" lon="15.666454"><ele>322.75</ele></trkpt>
   <trkpt lat="62.276872" lon="15.666454"><ele>322.25</ele></trkpt>
   <trkpt lat="62.277002" lon="15.666472"><ele>322</ele></trkpt>
   <trkpt lat="62.277559" lon="15.66659"><ele>322</ele></trkpt>
   <trkpt lat="62.278079" lon="15.666787"><ele>321.75</ele></trkpt>
   <trkpt lat="62.2783" lon="15.666881"><ele>321.75</ele></trkpt>
   <trkpt lat="62.278593" lon="15.667046"><ele>322</ele></trkpt>
   <trkpt lat="62.27889" lon="15.667238"><ele>322</ele></trkpt>
   <trkpt lat="62.279087" lon="15.66738"><ele>322</ele></trkpt>
   <trkpt lat="62.279969" lon="15.66811"><ele>320</ele></trkpt>
   <trkpt lat="62.281031" lon="15.669006"><ele>319.25</ele></trkpt>
   <trkpt lat="62.281853" lon="15.669755"><ele>317.5</ele></trkpt>
   <trkpt lat="62.282386" lon="15.670219"><ele>316.75</ele></trkpt>
   <trkpt lat="62.282896" lon="15.670613"><ele>317</ele></trkpt>
   <trkpt lat="62.283931" lon="15.671547"><ele>318</ele></trkpt>
   <trkpt lat="62.284384" lon="15.671984"><ele>318</ele></trkpt>
   <trkpt lat="62.284835" lon="15.672453"><ele>318.5</ele></trkpt>
   <trkpt lat="62.285173" lon="15.672881"><ele>318.75</ele></trkpt>
   <trkpt lat="62.285424" lon="15.673235"><ele>318.5</ele></trkpt>
   <trkpt lat="62.285872" lon="15.673954"><ele>318.25</ele></trkpt>
   <trkpt lat="62.286039" lon="15.674241"><ele>318.25</ele></trkpt>
   <trkpt lat="62.286594" lon="15.675282"><ele>318.25</ele></trkpt>
   <trkpt lat="62.287698" lon="15.677404"><ele>319.75</ele></trkpt>
   <trkpt lat="62.289594" lon="15.681045"><ele>319.75</ele></trkpt>
   <trkpt lat="62.290865" lon="15.683494"><ele>320</ele></trkpt>
   <trkpt lat="62.291273" lon="15.684258"><ele>320.25</ele></trkpt>
   <trkpt lat="62.291517" lon="15.684704"><ele>320.5</ele></trkpt>
   <trkpt lat="62.291918" lon="15.685357"><ele>321.25</ele></trkpt>
   <trkpt lat="62.292323" lon="15.685943"><ele>322.25</ele></trkpt>
   <trkpt lat="62.292493" lon="15.68617"><ele>322.75</ele></trkpt>
   <trkpt lat="62.292748" lon="15.686482"><ele>323</ele></trkpt>
   <trkpt lat="62.293177" lon="15.686955"><ele>322.75</ele></trkpt>
   <trkpt lat="62.293403" lon="15.687187"><ele>322.75</ele></trkpt>
   <trkpt lat="62.293671" lon="15.687441"><ele>322.5</ele></trkpt>
   <trkpt lat="62.293891" lon="15.687632"><ele>322</ele></trkpt>
   <trkpt lat="62.294408" lon="15.687978"><ele>321.75</ele></trkpt>
   <trkpt lat="62.294951" lon="15.688255"><ele>322.75</ele></trkpt>
   <trkpt lat="62.295457" lon="15.688469"><ele>322.75</ele></trkpt>
   <trkpt lat="62.295774" lon="15.688542"><ele>322.5</ele></trkpt>
   <trkpt lat="62.296253" lon="15.688611"><ele>322.75</ele></trkpt>
   <trkpt lat="62.296836" lon="15.68863"><ele>322.75</ele></trkpt>
   <trkpt lat="62.29702" lon="15.688616"><ele>322.75</ele></trkpt>
   <trkpt lat="62.297324" lon="15.688567"><ele>322.75</ele></trkpt>
   <trkpt lat="62.29758" lon="15.688502"><ele>322.5</ele></trkpt>
   <trkpt lat="62.297602" lon="15.688495"><ele>322.5</ele></trkpt>
   <trkpt lat="62.297697" lon="15.688473"><ele>322.25</ele></trkpt>
   <trkpt lat="62.298122" lon="15.68832"><ele>321.5</ele></trkpt>
   <trkpt lat="62.298453" lon="15.68818"><ele>321.25</ele></trkpt>
   <trkpt lat="62.298667" lon="15.688076"><ele>321.5</ele></trkpt>
   <trkpt lat="62.299138" lon="15.687779"><ele>322.25</ele></trkpt>
   <trkpt lat="62.299844" lon="15.687274"><ele>323.75</ele></trkpt>
   <trkpt lat="62.30129" lon="15.686067"><ele>321.75</ele></trkpt>
   <trkpt lat="62.302469" lon="15.685095"><ele>320.5</ele></trkpt>
   <trkpt lat="62.302946" lon="15.684732"><ele>320</ele></trkpt>
   <trkpt lat="62.303358" lon="15.684393"><ele>319.5</ele></trkpt>
   <trkpt lat="62.303598" lon="15.684209"><ele>319.75</ele></trkpt>
   <trkpt lat="62.303789" lon="15.684077"><ele>320</ele></trkpt>
   <trkpt lat="62.304215" lon="15.683823"><ele>320.25</ele></trkpt>
   <trkpt lat="62.304997" lon="15.68343"><ele>318.75</ele></trkpt>
   <trkpt lat="62.309137" lon="15.681557"><ele>317</ele></trkpt>
   <trkpt lat="62.310155" lon="15.681056"><ele>317.25</ele></trkpt>
   <trkpt lat="62.310822" lon="15.680661"><ele>318.5</ele></trkpt>
   <trkpt lat="62.311114" lon="15.680441"><ele>318.5</ele></trkpt>
   <trkpt lat="62.311427" lon="15.680186"><ele>318.25</ele></trkpt>
   <trkpt lat="62.312363" lon="15.679349"><ele>318</ele></trkpt>
   <trkpt lat="62.31242" lon="15.679297"><ele>318</ele></trkpt>
   <trkpt lat="62.312887" lon="15.678871"><ele>318</ele></trkpt>
   <trkpt lat="62.313106" lon="15.678671"><ele>318.25</ele></trkpt>
   <trkpt lat="62.313508" lon="15.678305"><ele>318.25</ele></trkpt>
   <trkpt lat="62.314238" lon="15.677636"><ele>318.25</ele></trkpt>
   <trkpt lat="62.31444" lon="15.677433"><ele>318</ele></trkpt>
   <trkpt lat="62.31487" lon="15.676947"><ele>317.5</ele></trkpt>
   <trkpt lat="62.315099" lon="15.67664"><ele>317.5</ele></trkpt>
   <trkpt lat="62.315265" lon="15.676391"><ele>317.25</ele></trkpt>
   <trkpt lat="62.315475" lon="15.67605"><ele>317.5</ele></trkpt>
   <trkpt lat="62.3157" lon="15.675646"><ele>318.5</ele></trkpt>
   <trkpt lat="62.315715" lon="15.675617"><ele>318.5</ele></trkpt>
   <trkpt lat="62.315991" lon="15.675062"><ele>319.5</ele></trkpt>
   <trkpt lat="62.316171" lon="15.674659"><ele>319.5</ele></trkpt>
   <trkpt lat="62.316315" lon="15.674313"><ele>319.5</ele></trkpt>
   <trkpt lat="62.316437" lon="15.674001"><ele>319</ele></trkpt>
   <trkpt lat="62.316611" lon="15.673522"><ele>318.25</ele></trkpt>
   <trkpt lat="62.3172" lon="15.671816"><ele>318.25</ele></trkpt>
   <trkpt lat="62.317534" lon="15.670923"><ele>318.75</ele></trkpt>
   <trkpt lat="62.31787" lon="15.67012"><ele>317.25</ele></trkpt>
   <trkpt lat="62.318055" lon="15.669749"><ele>317.75</ele></trkpt>
   <trkpt lat="62.318257" lon="15.669366"><ele>317.75</ele></trkpt>
   <trkpt lat="62.31866" lon="15.668673"><ele>318.25</ele></trkpt>
   <trkpt lat="62.319094" lon="15.668044"><ele>319.25</ele></trkpt>
   <trkpt lat="62.319299" lon="15.667788"><ele>319</ele></trkpt>
   <trkpt lat="62.320221" lon="15.666678"><ele>318.25</ele></trkpt>
   <trkpt lat="62.320789" lon="15.666001"><ele>317.75</ele></trkpt>
   <trkpt lat="62.321156" lon="15.665548"><ele>317.75</ele></trkpt>
   <trkpt lat="62.321475" lon="15.665108"><ele>318</ele></trkpt>
   <trkpt lat="62.321771" lon="15.66466"><ele>318.5</ele></trkpt>
   <trkpt lat="62.322069" lon="15.664169"><ele>318.5</ele></trkpt>
   <trkpt lat="62.322327" lon="15.663708"><ele>318.5</ele></trkpt>
   <trkpt lat="62.322587" lon="15.663191"><ele>318.75</ele></trkpt>
   <trkpt lat="62.322826" lon="15.662693"><ele>318.5</ele></trkpt>
   <trkpt lat="62.323103" lon="15.662033"><ele>318.5</ele></trkpt>
   <trkpt lat="62.323306" lon="15.661498"><ele>318</ele></trkpt>
   <trkpt lat="62.323544" lon="15.660839"><ele>317.5</ele></trkpt>
   <trkpt lat="62.323751" lon="15.660206"><ele>317.75</ele></trkpt>
   <trkpt lat="62.32401" lon="15.659399"><ele>318</ele></trkpt>
   <trkpt lat="62.324477" lon="15.65783"><ele>319.75</ele></trkpt>
   <trkpt lat="62.324682" lon="15.657051"><ele>320</ele></trkpt>
   <trkpt lat="62.324856" lon="15.656281"><ele>320</ele></trkpt>
   <trkpt lat="62.325048" lon="15.655347"><ele>320.25</ele></trkpt>
   <trkpt lat="62.325266" lon="15.65418"><ele>320.5</ele></trkpt>
   <trkpt lat="62.325466" lon="15.653098"><ele>321.5</ele></trkpt>
   <trkpt lat="62.325636" lon="15.652264"><ele>321</ele></trkpt>
   <trkpt lat="62.325926" lon="15.651088"><ele>321</ele></trkpt>
   <trkpt lat="62.326159" lon="15.650274"><ele>320.75</ele></trkpt>
   <trkpt lat="62.326417" lon="15.649501"><ele>320.25</ele></trkpt>
   <trkpt lat="62.326902" lon="15.648252"><ele>319.5</ele></trkpt>
   <trkpt lat="62.32738" lon="15.647228"><ele>320.5</ele></trkpt>
   <trkpt lat="62.327682" lon="15.646658"><ele>321.75</ele></trkpt>
   <trkpt lat="62.328294" lon="15.645577"><ele>319.5</ele></trkpt>
   <trkpt lat="62.328866" lon="15.644499"><ele>317.75</ele></trkpt>
   <trkpt lat="62.329107" lon="15.643996"><ele>317.5</ele></trkpt>
   <trkpt lat="62.32931" lon="15.643504"><ele>317.75</ele></trkpt>
   <trkpt lat="62.329649" lon="15.642634"><ele>318.5</ele></trkpt>
   <trkpt lat="62.329962" lon="15.641707"><ele>318.25</ele></trkpt>
   <trkpt lat="62.330334" lon="15.640509"><ele>318.5</ele></trkpt>
   <trkpt lat="62.330738" lon="15.639242"><ele>317.75</ele></trkpt>
   <trkpt lat="62.330936" lon="15.638651"><ele>318.25</ele></trkpt>
   <trkpt lat="62.331127" lon="15.638114"><ele>319</ele></trkpt>
   <trkpt lat="62.33129" lon="15.637696"><ele>319</ele></trkpt>
   <trkpt lat="62.33165" lon="15.63684"><ele>317.75</ele></trkpt>
   <trkpt lat="62.331839" lon="15.636438"><ele>318.5</ele></trkpt>
   <trkpt lat="62.332042" lon="15.63603"><ele>319.5</ele></trkpt>
   <trkpt lat="62.332449" lon="15.635275"><ele>319.25</ele></trkpt>
   <trkpt lat="62.333274" lon="15.633811"><ele>318.75</ele></trkpt>
   <trkpt lat="62.333682" lon="15.633045"><ele>319</ele></trkpt>
   <trkpt lat="62.333852" lon="15.632692"><ele>319</ele></trkpt>
   <trkpt lat="62.334159" lon="15.632009"><ele>319.25</ele></trkpt>
   <trkpt lat="62.334458" lon="15.631262"><ele>320.75</ele></trkpt>
   <trkpt lat="62.334739" lon="15.630464"><ele>319.75</ele></trkpt>
   <trkpt lat="62.334991" lon="15.629649"><ele>317.75</ele></trkpt>
   <trkpt lat="62.335111" lon="15.62922"><ele>318.25</ele></trkpt>
   <trkpt lat="62.335342" lon="15.628319"><ele>319</ele></trkpt>
   <trkpt lat="62.335928" lon="15.625854"><ele>316.75</ele></trkpt>
   <trkpt lat="62.336177" lon="15.624894"><ele>316.75</ele></trkpt>
   <trkpt lat="62.336312" lon="15.624427"><ele>316.75</ele></trkpt>
   <trkpt lat="62.336624" lon="15.623452"><ele>317.75</ele></trkpt>
   <trkpt lat="62.336638" lon="15.623413"><ele>317.75</ele></trkpt>
   <trkpt lat="62.336951" lon="15.622526"><ele>318.75</ele></trkpt>
   <trkpt lat="62.338969" lon="15.617104"><ele>316.75</ele></trkpt>
   <trkpt lat="62.339309" lon="15.61621"><ele>318.75</ele></trkpt>
   <trkpt lat="62.339644" lon="15.615279"><ele>318.75</ele></trkpt>
   <trkpt lat="62.3403" lon="15.613542"><ele>316</ele></trkpt>
   <trkpt lat="62.340649" lon="15.612648"><ele>317</ele></trkpt>
   <trkpt lat="62.341011" lon="15.611769"><ele>316.75</ele></trkpt>
   <trkpt lat="62.341379" lon="15.610908"><ele>317.25</ele></trkpt>
   <trkpt lat="62.341749" lon="15.61009"><ele>317.5</ele></trkpt>
   <trkpt lat="62.341999" lon="15.609572"><ele>317.75</ele></trkpt>
   <trkpt lat="62.34214" lon="15.609278"><ele>317.5</ele></trkpt>
   <trkpt lat="62.34277" lon="15.608032"><ele>317.25</ele></trkpt>
   <trkpt lat="62.342977" lon="15.607652"><ele>317</ele></trkpt>
   <trkpt lat="62.343267" lon="15.607129"><ele>316.5</ele></trkpt>
   <trkpt lat="62.343765" lon="15.606268"><ele>316.5</ele></trkpt>
   <trkpt lat="62.344708" lon="15.604714"><ele>316.25</ele></trkpt>
   <trkpt lat="62.345043" lon="15.604139"><ele>315.75</ele></trkpt>
   <trkpt lat="62.345475" lon="15.603429"><ele>316</ele></trkpt>
   <trkpt lat="62.345885" lon="15.602694"><ele>316.25</ele></trkpt>
   <trkpt lat="62.346296" lon="15.601911"><ele>315.75</ele></trkpt>
   <trkpt lat="62.348708" lon="15.596871"><ele>313</ele></trkpt>
   <trkpt lat="62.349378" lon="15.595456"><ele>313</ele></trkpt>
   <trkpt lat="62.350539" lon="15.593046"><ele>310.5</ele></trkpt>
   <trkpt lat="62.351622" lon="15.590768"><ele>308</ele></trkpt>
   <trkpt lat="62.351985" lon="15.590041"><ele>307</ele></trkpt>
   <trkpt lat="62.35216" lon="15.58971"><ele>306.5</ele></trkpt>
   <trkpt lat="62.352583" lon="15.588981"><ele>306.25</ele></trkpt>
   <trkpt lat="62.353007" lon="15.588344"><ele>306</ele></trkpt>
   <trkpt lat="62.353625" lon="15.587528"><ele>308.25</ele></trkpt>
   <trkpt lat="62.353763" lon="15.587359"><ele>308</ele></trkpt>
   <trkpt lat="62.354092" lon="15.586955"><ele>305.25</ele></trkpt>
   <trkpt lat="62.354561" lon="15.586388"><ele>304.25</ele></trkpt>
   <trkpt lat="62.35504" lon="15.585865"><ele>303</ele></trkpt>
   <trkpt lat="62.35528" lon="15.585613"><ele>302.25</ele></trkpt>
   <trkpt lat="62.355753" lon="15.585184"><ele>302.5</ele></trkpt>
   <trkpt lat="62.356034" lon="15.584954"><ele>302</ele></trkpt>
   <trkpt lat="62.356291" lon="15.584761"><ele>301</ele></trkpt>
   <trkpt lat="62.356549" lon="15.584594"><ele>299.75</ele></trkpt>
   <trkpt lat="62.356812" lon="15.584451"><ele>299</ele></trkpt>
   <trkpt lat="62.357074" lon="15.584334"><ele>298.5</ele></trkpt>
   <trkpt lat="62.357554" lon="15.584155"><ele>298</ele></trkpt>
   <trkpt lat="62.358579" lon="15.583832"><ele>300.25</ele></trkpt>
   <trkpt lat="62.359076" lon="15.583618"><ele>300.75</ele></trkpt>
   <trkpt lat="62.359383" lon="15.583461"><ele>300.75</ele></trkpt>
   <trkpt lat="62.359598" lon="15.583326"><ele>300.25</ele></trkpt>
   <trkpt lat="62.360112" lon="15.582967"><ele>299.75</ele></trkpt>
   <trkpt lat="62.360443" lon="15.582688"><ele>299</ele></trkpt>
   <trkpt lat="62.360854" lon="15.582284"><ele>298.5</ele></trkpt>
   <trkpt lat="62.361099" lon="15.582021"><ele>298.25</ele></trkpt>
   <trkpt lat="62.361378" lon="15.581678"><ele>297.5</ele></trkpt>
   <trkpt lat="62.361566" lon="15.581428"><ele>297.25</ele></trkpt>
   <trkpt lat="62.36201" lon="15.580806"><ele>297.5</ele></trkpt>
   <trkpt lat="62.363869" lon="15.577985"><ele>294.25</ele></trkpt>
   <trkpt lat="62.364476" lon="15.577062"><ele>294</ele></trkpt>
   <trkpt lat="62.364784" lon="15.576529"><ele>294.25</ele></trkpt>
   <trkpt lat="62.364798" lon="15.576504"><ele>294</ele></trkpt>
   <trkpt lat="62.365196" lon="15.575731"><ele>293.75</ele></trkpt>
   <trkpt lat="62.365524" lon="15.575002"><ele>293</ele></trkpt>
   <trkpt lat="62.365828" lon="15.574248"><ele>292.25</ele></trkpt>
   <trkpt lat="62.366111" lon="15.573437"><ele>291.5</ele></trkpt>
   <trkpt lat="62.366335" lon="15.572723"><ele>290.75</ele></trkpt>
   <trkpt lat="62.36654" lon="15.572024"><ele>290.75</ele></trkpt>
   <trkpt lat="62.367478" lon="15.568635"><ele>290.25</ele></trkpt>
   <trkpt lat="62.367688" lon="15.56786"><ele>290.5</ele></trkpt>
   <trkpt lat="62.368151" lon="15.566211"><ele>290.75</ele></trkpt>
   <trkpt lat="62.369168" lon="15.562522"><ele>290</ele></trkpt>
   <trkpt lat="62.3695" lon="15.561318"><ele>289.5</ele></trkpt>
   <trkpt lat="62.369759" lon="15.560412"><ele>289.5</ele></trkpt>
   <trkpt lat="62.370052" lon="15.559473"><ele>289.25</ele></trkpt>
   <trkpt lat="62.370373" lon="15.55851"><ele>289</ele></trkpt>
   <trkpt lat="62.370715" lon="15.557592"><ele>288.75</ele></trkpt>
   <trkpt lat="62.37107" lon="15.55669"><ele>288.75</ele></trkpt>
   <trkpt lat="62.371281" lon="15.556157"><ele>288.5</ele></trkpt>
   <trkpt lat="62.371584" lon="15.555408"><ele>288.5</ele></trkpt>
   <trkpt lat="62.371932" lon="15.554659"><ele>287.75</ele></trkpt>
   <trkpt lat="62.3726" lon="15.55298"><ele>286.75</ele></trkpt>
   <trkpt lat="62.372871" lon="15.552262"><ele>286</ele></trkpt>
   <trkpt lat="62.373228" lon="15.551259"><ele>286.75</ele></trkpt>
   <trkpt lat="62.373529" lon="15.55033"><ele>286.25</ele></trkpt>
   <trkpt lat="62.373709" lon="15.549745"><ele>285.75</ele></trkpt>
   <trkpt lat="62.373718" lon="15.549717"><ele>285.75</ele></trkpt>
   <trkpt lat="62.374482" lon="15.547272"><ele>286.25</ele></trkpt>
   <trkpt lat="62.375347" lon="15.544544"><ele>283.25</ele></trkpt>
   <trkpt lat="62.375656" lon="15.543602"><ele>282</ele></trkpt>
   <trkpt lat="62.375984" lon="15.542698"><ele>281.75</ele></trkpt>
   <trkpt lat="62.376671" lon="15.5409"><ele>281</ele></trkpt>
   <trkpt lat="62.376984" lon="15.54011"><ele>280.5</ele></trkpt>
   <trkpt lat="62.378691" lon="15.53563"><ele>282.5</ele></trkpt>
   <trkpt lat="62.379038" lon="15.534781"><ele>282.5</ele></trkpt>
   <trkpt lat="62.379396" lon="15.533973"><ele>281.25</ele></trkpt>
   <trkpt lat="62.379717" lon="15.533295"><ele>281.5</ele></trkpt>
   <trkpt lat="62.379909" lon="15.532912"><ele>280.25</ele></trkpt>
   <trkpt lat="62.380254" lon="15.532269"><ele>277.25</ele></trkpt>
   <trkpt lat="62.380585" lon="15.531677"><ele>275.25</ele></trkpt>
   <trkpt lat="62.381782" lon="15.529344"><ele>275</ele></trkpt>
   <trkpt lat="62.382178" lon="15.528544"><ele>274.75</ele></trkpt>
   <trkpt lat="62.38255" lon="15.527722"><ele>275</ele></trkpt>
   <trkpt lat="62.382919" lon="15.526868"><ele>275</ele></trkpt>
   <trkpt lat="62.383622" lon="15.525134"><ele>274.5</ele></trkpt>
   <trkpt lat="62.384678" lon="15.522511"><ele>274</ele></trkpt>
   <trkpt lat="62.385383" lon="15.520763"><ele>273.75</ele></trkpt>
   <trkpt lat="62.386087" lon="15.51901"><ele>275</ele></trkpt>
   <trkpt lat="62.386368" lon="15.518349"><ele>275.5</ele></trkpt>
   <trkpt lat="62.386819" lon="15.517318"><ele>275</ele></trkpt>
   <trkpt lat="62.387945" lon="15.514817"><ele>275.75</ele></trkpt>
   <trkpt lat="62.389435" lon="15.511472"><ele>272.75</ele></trkpt>
   <trkpt lat="62.389809" lon="15.510615"><ele>271.25</ele></trkpt>
   <trkpt lat="62.390421" lon="15.509261"><ele>269.5</ele></trkpt>
   <trkpt lat="62.390427" lon="15.509248"><ele>269.5</ele></trkpt>
   <trkpt lat="62.390928" lon="15.508122"><ele>269.5</ele></trkpt>
   <trkpt lat="62.391679" lon="15.506463"><ele>268.75</ele></trkpt>
   <trkpt lat="62.392067" lon="15.50566"><ele>269.5</ele></trkpt>
   <trkpt lat="62.392478" lon="15.504907"><ele>269.5</ele></trkpt>
   <trkpt lat="62.392669" lon="15.50459"><ele>269.5</ele></trkpt>
   <trkpt lat="62.392902" lon="15.504221"><ele>269.5</ele></trkpt>
   <trkpt lat="62.393349" lon="15.503576"><ele>268.75</ele></trkpt>
   <trkpt lat="62.39381" lon="15.503003"><ele>267.75</ele></trkpt>
   <trkpt lat="62.394293" lon="15.502466"><ele>267.25</ele></trkpt>
   <trkpt lat="62.395256" lon="15.501449"><ele>267.25</ele></trkpt>
   <trkpt lat="62.396228" lon="15.50044"><ele>268.5</ele></trkpt>
   <trkpt lat="62.396719" lon="15.499965"><ele>268.75</ele></trkpt>
   <trkpt lat="62.397215" lon="15.49954"><ele>268.25</ele></trkpt>
   <trkpt lat="62.397717" lon="15.499151"><ele>267.75</ele></trkpt>
   <trkpt lat="62.398227" lon="15.498804"><ele>267</ele></trkpt>
   <trkpt lat="62.400835" lon="15.497093"><ele>266</ele></trkpt>
   <trkpt lat="62.40337" lon="15.495431"><ele>265</ele></trkpt>
   <trkpt lat="62.403869" lon="15.495057"><ele>264.5</ele></trkpt>
   <trkpt lat="62.40415" lon="15.494832"><ele>264.25</ele></trkpt>
   <trkpt lat="62.404361" lon="15.494632"><ele>264</ele></trkpt>
   <trkpt lat="62.404776" lon="15.494202"><ele>263.5</ele></trkpt>
   <trkpt lat="62.40484" lon="15.494131"><ele>263.5</ele></trkpt>
   <trkpt lat="62.405292" lon="15.493564"><ele>263</ele></trkpt>
   <trkpt lat="62.405566" lon="15.493183"><ele>263</ele></trkpt>
   <trkpt lat="62.405969" lon="15.492545"><ele>262.75</ele></trkpt>
   <trkpt lat="62.406152" lon="15.492232"><ele>262.25</ele></trkpt>
   <trkpt lat="62.406544" lon="15.491465"><ele>261.75</ele></trkpt>
   <trkpt lat="62.406922" lon="15.490668"><ele>261.75</ele></trkpt>
   <trkpt lat="62.407281" lon="15.489817"><ele>261.75</ele></trkpt>
   <trkpt lat="62.407749" lon="15.488757"><ele>262.5</ele></trkpt>
   <trkpt lat="62.408042" lon="15.488146"><ele>262.75</ele></trkpt>
   <trkpt lat="62.408429" lon="15.487399"><ele>264.5</ele></trkpt>
   <trkpt lat="62.408726" lon="15.486899"><ele>266.5</ele></trkpt>
   <trkpt lat="62.408982" lon="15.486498"><ele>267</ele></trkpt>
   <trkpt lat="62.409226" lon="15.486199"><ele>266</ele></trkpt>
   <trkpt lat="62.409426" lon="15.485904"><ele>264.5</ele></trkpt>
   <trkpt lat="62.409704" lon="15.485549"><ele>263</ele></trkpt>
   <trkpt lat="62.409983" lon="15.485249"><ele>262.25</ele></trkpt>
   <trkpt lat="62.410421" lon="15.484834"><ele>261.25</ele></trkpt>
   <trkpt lat="62.411127" lon="15.484295"><ele>260.5</ele></trkpt>
   <trkpt lat="62.411627" lon="15.483996"><ele>259.75</ele></trkpt>
   <trkpt lat="62.413131" lon="15.483229"><ele>258.75</ele></trkpt>
   <trkpt lat="62.413138" lon="15.483225"><ele>258.75</ele></trkpt>
   <trkpt lat="62.413708" lon="15.482939"><ele>257.75</ele></trkpt>
   <trkpt lat="62.414748" lon="15.482388"><ele>256</ele></trkpt>
   <trkpt lat="62.416884" lon="15.481284"><ele>253.75</ele></trkpt>
   <trkpt lat="62.417608" lon="15.480928"><ele>251</ele></trkpt>
   <trkpt lat="62.418942" lon="15.480242"><ele>250.25</ele></trkpt>
   <trkpt lat="62.419465" lon="15.479955"><ele>249.75</ele></trkpt>
   <trkpt lat="62.419677" lon="15.479851"><ele>249.75</ele></trkpt>
   <trkpt lat="62.420131" lon="15.479628"><ele>249.5</ele></trkpt>
   <trkpt lat="62.420853" lon="15.479249"><ele>249</ele></trkpt>
   <trkpt lat="62.421779" lon="15.4788"><ele>250</ele></trkpt>
   <trkpt lat="62.422247" lon="15.478614"><ele>250</ele></trkpt>
   <trkpt lat="62.422708" lon="15.47846"><ele>248.5</ele></trkpt>
   <trkpt lat="62.423298" lon="15.47832"><ele>244</ele></trkpt>
   <trkpt lat="62.423462" lon="15.478285"><ele>244</ele></trkpt>
   <trkpt lat="62.424162" lon="15.478136"><ele>244.75</ele></trkpt>
   <trkpt lat="62.424592" lon="15.477996"><ele>245.25</ele></trkpt>
   <trkpt lat="62.425089" lon="15.477801"><ele>245.75</ele></trkpt>
   <trkpt lat="62.425273" lon="15.477708"><ele>245.5</ele></trkpt>
   <trkpt lat="62.425603" lon="15.477489"><ele>244.75</ele></trkpt>
   <trkpt lat="62.425853" lon="15.477295"><ele>244.5</ele></trkpt>
   <trkpt lat="62.426152" lon="15.47702"><ele>244.5</ele></trkpt>
   <trkpt lat="62.426461" lon="15.476716"><ele>243.75</ele></trkpt>
   <trkpt lat="62.426835" lon="15.476294"><ele>243.75</ele></trkpt>
   <trkpt lat="62.428072" lon="15.47473"><ele>243.25</ele></trkpt>
   <trkpt lat="62.429852" lon="15.472554"><ele>243.5</ele></trkpt>
   <trkpt lat="62.430277" lon="15.472016"><ele>244.75</ele></trkpt>
   <trkpt lat="62.430787" lon="15.471287"><ele>244</ele></trkpt>
   <trkpt lat="62.43095" lon="15.471034"><ele>243.75</ele></trkpt>
   <trkpt lat="62.431285" lon="15.470455"><ele>243</ele></trkpt>
   <trkpt lat="62.431597" lon="15.469809"><ele>242.5</ele></trkpt>
   <trkpt lat="62.431893" lon="15.469109"><ele>242.5</ele></trkpt>
   <trkpt lat="62.432083" lon="15.468626"><ele>242.75</ele></trkpt>
   <trkpt lat="62.432508" lon="15.467383"><ele>242.75</ele></trkpt>
   <trkpt lat="62.432883" lon="15.466238"><ele>243.25</ele></trkpt>
   <trkpt lat="62.433807" lon="15.463474"><ele>244.5</ele></trkpt>
   <trkpt lat="62.434097" lon="15.462611"><ele>244</ele></trkpt>
   <trkpt lat="62.434368" lon="15.461839"><ele>243</ele></trkpt>
   <trkpt lat="62.434696" lon="15.460952"><ele>243</ele></trkpt>
   <trkpt lat="62.434866" lon="15.460528"><ele>243</ele></trkpt>
   <trkpt lat="62.435045" lon="15.460111"><ele>243.25</ele></trkpt>
   <trkpt lat="62.435198" lon="15.459787"><ele>243.25</ele></trkpt>
   <trkpt lat="62.435689" lon="15.458856"><ele>243.25</ele></trkpt>
   <trkpt lat="62.436617" lon="15.457248"><ele>242.75</ele></trkpt>
   <trkpt lat="62.436622" lon="15.457239"><ele>242.75</ele></trkpt>
   <trkpt lat="62.437085" lon="15.45644"><ele>242.5</ele></trkpt>
   <trkpt lat="62.43777" lon="15.455248"><ele>241.75</ele></trkpt>
   <trkpt lat="62.439274" lon="15.452668"><ele>242</ele></trkpt>
   <trkpt lat="62.439791" lon="15.451823"><ele>242</ele></trkpt>
   <trkpt lat="62.440476" lon="15.450857"><ele>241</ele></trkpt>
   <trkpt lat="62.440927" lon="15.450333"><ele>241</ele></trkpt>
   <trkpt lat="62.441365" lon="15.449892"><ele>240.75</ele></trkpt>
   <trkpt lat="62.44186" lon="15.449438"><ele>240.75</ele></trkpt>
   <trkpt lat="62.442357" lon="15.449"><ele>240.5</ele></trkpt>
   <trkpt lat="62.442861" lon="15.448531"><ele>239</ele></trkpt>
   <trkpt lat="62.444128" lon="15.447371"><ele>237.75</ele></trkpt>
   <trkpt lat="62.444281" lon="15.447242"><ele>238</ele></trkpt>
   <trkpt lat="62.444991" lon="15.446662"><ele>239.75</ele></trkpt>
   <trkpt lat="62.445224" lon="15.446502"><ele>240</ele></trkpt>
   <trkpt lat="62.445482" lon="15.44634"><ele>240</ele></trkpt>
   <trkpt lat="62.445709" lon="15.446218"><ele>240</ele></trkpt>
   <trkpt lat="62.445944" lon="15.446112"><ele>239.5</ele></trkpt>
   <trkpt lat="62.446394" lon="15.445963"><ele>239</ele></trkpt>
   <trkpt lat="62.446602" lon="15.445922"><ele>239</ele></trkpt>
   <trkpt lat="62.447488" lon="15.445803"><ele>239.75</ele></trkpt>
   <trkpt lat="62.447931" lon="15.445758"><ele>239.5</ele></trkpt>
   <trkpt lat="62.45014" lon="15.445464"><ele>239.5</ele></trkpt>
   <trkpt lat="62.450402" lon="15.445402"><ele>240.5</ele></trkpt>
   <trkpt lat="62.450895" lon="15.445221"><ele>242</ele></trkpt>
   <trkpt lat="62.451146" lon="15.445085"><ele>241.75</ele></trkpt>
   <trkpt lat="62.451411" lon="15.444923"><ele>241</ele></trkpt>
   <trkpt lat="62.451702" lon="15.444718"><ele>240.5</ele></trkpt>
   <trkpt lat="62.451947" lon="15.444519"><ele>240.5</ele></trkpt>
   <trkpt lat="62.452148" lon="15.444342"><ele>240.25</ele></trkpt>
   <trkpt lat="62.452601" lon="15.443877"><ele>238.75</ele></trkpt>
   <trkpt lat="62.453339" lon="15.442976"><ele>239</ele></trkpt>
   <trkpt lat="62.454242" lon="15.441826"><ele>237.25</ele></trkpt>
   <trkpt lat="62.454761" lon="15.441205"><ele>237.5</ele></trkpt>
   <trkpt lat="62.455051" lon="15.440894"><ele>238</ele></trkpt>
   <trkpt lat="62.455315" lon="15.44064"><ele>238</ele></trkpt>
   <trkpt lat="62.45567" lon="15.440325"><ele>237.5</ele></trkpt>
   <trkpt lat="62.455873" lon="15.44018"><ele>237.25</ele></trkpt>
   <trkpt lat="62.455969" lon="15.440112"><ele>237.25</ele></trkpt>
   <trkpt lat="62.456382" lon="15.439897"><ele>237.5</ele></trkpt>
   <trkpt lat="62.456638" lon="15.439791"><ele>237.75</ele></trkpt>
   <trkpt lat="62.456898" lon="15.439704"><ele>238.25</ele></trkpt>
   <trkpt lat="62.45715" lon="15.439659"><ele>238.75</ele></trkpt>
   <trkpt lat="62.457439" lon="15.43963"><ele>239.25</ele></trkpt>
   <trkpt lat="62.457706" lon="15.439624"><ele>239.75</ele></trkpt>
   <trkpt lat="62.457968" lon="15.439646"><ele>240</ele></trkpt>
   <trkpt lat="62.458213" lon="15.439691"><ele>240.25</ele></trkpt>
   <trkpt lat="62.458481" lon="15.439768"><ele>240.5</ele></trkpt>
   <trkpt lat="62.458771" lon="15.439894"><ele>240.75</ele></trkpt>
   <trkpt lat="62.459032" lon="15.440026"><ele>241</ele></trkpt>
   <trkpt lat="62.459364" lon="15.440233"><ele>240.5</ele></trkpt>
   <trkpt lat="62.459576" lon="15.440386"><ele>239.75</ele></trkpt>
   <trkpt lat="62.459819" lon="15.440588"><ele>238.75</ele></trkpt>
   <trkpt lat="62.46008" lon="15.440847"><ele>237.75</ele></trkpt>
   <trkpt lat="62.460395" lon="15.441218"><ele>237.25</ele></trkpt>
   <trkpt lat="62.460622" lon="15.441504"><ele>237</ele></trkpt>
   <trkpt lat="62.460881" lon="15.441861"><ele>236.5</ele></trkpt>
   <trkpt lat="62.461003" lon="15.442079"><ele>236.5</ele></trkpt>
   <trkpt lat="62.461057" lon="15.44218"><ele>236.5</ele></trkpt>
   <trkpt lat="62.461349" lon="15.442679"><ele>237.25</ele></trkpt>
   <trkpt lat="62.461619" lon="15.443201"><ele>237.75</ele></trkpt>
   <trkpt lat="62.461839" lon="15.443678"><ele>237.5</ele></trkpt>
   <trkpt lat="62.463461" lon="15.44754"><ele>234.25</ele></trkpt>
   <trkpt lat="62.464103" lon="15.449068"><ele>230.75</ele></trkpt>
   <trkpt lat="62.464469" lon="15.449949"><ele>231.25</ele></trkpt>
   <trkpt lat="62.464922" lon="15.451074"><ele>233</ele></trkpt>
   <trkpt lat="62.465155" lon="15.451685"><ele>234.25</ele></trkpt>
   <trkpt lat="62.46536" lon="15.452309"><ele>235.5</ele></trkpt>
   <trkpt lat="62.465572" lon="15.453006"><ele>237.25</ele></trkpt>
   <trkpt lat="62.465714" lon="15.453528"><ele>238.5</ele></trkpt>
   <trkpt lat="62.465855" lon="15.454108"><ele>239</ele></trkpt>
   <trkpt lat="62.465999" lon="15.454788"><ele>239.75</ele></trkpt>
   <trkpt lat="62.466116" lon="15.455454"><ele>241</ele></trkpt>
   <trkpt lat="62.466224" lon="15.456178"><ele>241.5</ele></trkpt>
   <trkpt lat="62.466307" lon="15.456905"><ele>241.5</ele></trkpt>
   <trkpt lat="62.466396" lon="15.457895"><ele>241.5</ele></trkpt>
   <trkpt lat="62.466469" lon="15.458932"><ele>241.5</ele></trkpt>
   <trkpt lat="62.466606" lon="15.461188"><ele>239.75</ele></trkpt>
   <trkpt lat="62.466708" lon="15.462463"><ele>239.25</ele></trkpt>
   <trkpt lat="62.466774" lon="15.463084"><ele>238</ele></trkpt>
   <trkpt lat="62.466854" lon="15.463713"><ele>236.5</ele></trkpt>
   <trkpt lat="62.467009" lon="15.464682"><ele>235.5</ele></trkpt>
   <trkpt lat="62.467073" lon="15.465022"><ele>235.5</ele></trkpt>
   <trkpt lat="62.467194" lon="15.465599"><ele>236</ele></trkpt>
   <trkpt lat="62.467342" lon="15.466225"><ele>237.5</ele></trkpt>
   <trkpt lat="62.467519" lon="15.466875"><ele>239</ele></trkpt>
   <trkpt lat="62.467675" lon="15.467382"><ele>238</ele></trkpt>
   <trkpt lat="62.46787" lon="15.46797"><ele>238.25</ele></trkpt>
   <trkpt lat="62.468095" lon="15.468536"><ele>239.75</ele></trkpt>
   <trkpt lat="62.468215" lon="15.468832"><ele>240.75</ele></trkpt>
   <trkpt lat="62.468363" lon="15.469158"><ele>242</ele></trkpt>
   <trkpt lat="62.468599" lon="15.469646"><ele>241</ele></trkpt>
   <trkpt lat="62.468833" lon="15.470087"><ele>240.5</ele></trkpt>
   <trkpt lat="62.469109" lon="15.470547"><ele>241</ele></trkpt>
   <trkpt lat="62.469397" lon="15.470978"><ele>240.25</ele></trkpt>
   <trkpt lat="62.469588" lon="15.471233"><ele>239.5</ele></trkpt>
   <trkpt lat="62.46984" lon="15.471537"><ele>239.25</ele></trkpt>
   <trkpt lat="62.470179" lon="15.471902"><ele>237.5</ele></trkpt>
   <trkpt lat="62.470423" lon="15.472134"><ele>236.5</ele></trkpt>
   <trkpt lat="62.470887" lon="15.472545"><ele>237.5</ele></trkpt>
   <trkpt lat="62.471462" lon="15.473001"><ele>235</ele></trkpt>
   <trkpt lat="62.472328" lon="15.473657"><ele>235.75</ele></trkpt>
   <trkpt lat="62.473292" lon="15.47432"><ele>235.5</ele></trkpt>
   <trkpt lat="62.473569" lon="15.474508"><ele>234.75</ele></trkpt>
   <trkpt lat="62.474184" lon="15.474887"><ele>234.5</ele></trkpt>
   <trkpt lat="62.475135" lon="15.475453"><ele>234.25</ele></trkpt>
   <trkpt lat="62.478537" lon="15.477423"><ele>226.75</ele></trkpt>
   <trkpt lat="62.478997" lon="15.477663"><ele>227</ele></trkpt>
   <trkpt lat="62.479225" lon="15.477768"><ele>226.75</ele></trkpt>
   <trkpt lat="62.479704" lon="15.477923"><ele>226</ele></trkpt>
   <trkpt lat="62.479952" lon="15.477983"><ele>226.25</ele></trkpt>
   <trkpt lat="62.480374" lon="15.478037"><ele>225.75</ele></trkpt>
   <trkpt lat="62.480623" lon="15.478052"><ele>225.75</ele></trkpt>
   <trkpt lat="62.481136" lon="15.478028"><ele>225.25</ele></trkpt>
   <trkpt lat="62.4814" lon="15.477978"><ele>225</ele></trkpt>
   <trkpt lat="62.481704" lon="15.47791"><ele>224.75</ele></trkpt>
   <trkpt lat="62.482116" lon="15.477765"><ele>225</ele></trkpt>
   <trkpt lat="62.482149" lon="15.47775"><ele>225</ele></trkpt>
   <trkpt lat="62.483138" lon="15.477375"><ele>225</ele></trkpt>
   <trkpt lat="62.483547" lon="15.477225"><ele>224</ele></trkpt>
   <trkpt lat="62.484307" lon="15.476907"><ele>222.5</ele></trkpt>
   <trkpt lat="62.4855" lon="15.476452"><ele>219.75</ele></trkpt>
   <trkpt lat="62.486238" lon="15.476171"><ele>219.25</ele></trkpt>
   <trkpt lat="62.486751" lon="15.476069"><ele>219.25</ele></trkpt>
   <trkpt lat="62.48796" lon="15.475624"><ele>218</ele></trkpt>
   <trkpt lat="62.488516" lon="15.475402"><ele>218</ele></trkpt>
   <trkpt lat="62.490127" lon="15.474827"><ele>219</ele></trkpt>
   <trkpt lat="62.490942" lon="15.474516"><ele>218.75</ele></trkpt>
   <trkpt lat="62.492232" lon="15.473985"><ele>218.75</ele></trkpt>
   <trkpt lat="62.492586" lon="15.473857"><ele>218.5</ele></trkpt>
   <trkpt lat="62.492755" lon="15.473786"><ele>218.25</ele></trkpt>
   <trkpt lat="62.493177" lon="15.473526"><ele>218</ele></trkpt>
   <trkpt lat="62.493581" lon="15.473374"><ele>217.75</ele></trkpt>
   <trkpt lat="62.493916" lon="15.473159"><ele>217.75</ele></trkpt>
   <trkpt lat="62.494139" lon="15.473078"><ele>217.5</ele></trkpt>
   <trkpt lat="62.494184" lon="15.473063"><ele>217.5</ele></trkpt>
   <trkpt lat="62.494238" lon="15.473041"><ele>217.5</ele></trkpt>
   <trkpt lat="62.494725" lon="15.472846"><ele>216.5</ele></trkpt>
   <trkpt lat="62.495325" lon="15.472698"><ele>216.5</ele></trkpt>
   <trkpt lat="62.495754" lon="15.472528"><ele>216.75</ele></trkpt>
   <trkpt lat="62.496177" lon="15.47238"><ele>216.75</ele></trkpt>
   <trkpt lat="62.496419" lon="15.472308"><ele>216.75</ele></trkpt>
   <trkpt lat="62.496841" lon="15.472204"><ele>216.25</ele></trkpt>
   <trkpt lat="62.497267" lon="15.472157"><ele>215.5</ele></trkpt>
   <trkpt lat="62.497846" lon="15.472195"><ele>214.5</ele></trkpt>
   <trkpt lat="62.498062" lon="15.472234"><ele>214</ele></trkpt>
   <trkpt lat="62.498387" lon="15.472333"><ele>213.25</ele></trkpt>
   <trkpt lat="62.498754" lon="15.472489"><ele>213.5</ele></trkpt>
   <trkpt lat="62.499145" lon="15.47271"><ele>213.5</ele></trkpt>
   <trkpt lat="62.499473" lon="15.472935"><ele>213.25</ele></trkpt>
   <trkpt lat="62.499692" lon="15.47312"><ele>213.25</ele></trkpt>
   <trkpt lat="62.499804" lon="15.473213"><ele>213</ele></trkpt>
   <trkpt lat="62.500109" lon="15.473516"><ele>212.75</ele></trkpt>
   <trkpt lat="62.500486" lon="15.473941"><ele>212.25</ele></trkpt>
   <trkpt lat="62.500931" lon="15.474545"><ele>211.5</ele></trkpt>
   <trkpt lat="62.50109" lon="15.474792"><ele>211</ele></trkpt>
   <trkpt lat="62.501338" lon="15.475211"><ele>210.25</ele></trkpt>
   <trkpt lat="62.501565" lon="15.47564"><ele>209.25</ele></trkpt>
   <trkpt lat="62.5018" lon="15.476119"><ele>207.75</ele></trkpt>
   <trkpt lat="62.50196" lon="15.476473"><ele>206.75</ele></trkpt>
   <trkpt lat="62.502141" lon="15.476911"><ele>206</ele></trkpt>
   <trkpt lat="62.502328" lon="15.477413"><ele>205.5</ele></trkpt>
   <trkpt lat="62.502465" lon="15.477817"><ele>205.5</ele></trkpt>
   <trkpt lat="62.50264" lon="15.478369"><ele>204.75</ele></trkpt>
   <trkpt lat="62.502929" lon="15.479377"><ele>205.25</ele></trkpt>
   <trkpt lat="62.504412" lon="15.485033"><ele>206</ele></trkpt>
   <trkpt lat="62.504606" lon="15.485799"><ele>204.5</ele></trkpt>
   <trkpt lat="62.504821" lon="15.486732"><ele>204.5</ele></trkpt>
   <trkpt lat="62.504927" lon="15.487245"><ele>205.25</ele></trkpt>
   <trkpt lat="62.505069" lon="15.488047"><ele>206.25</ele></trkpt>
   <trkpt lat="62.505161" lon="15.48861"><ele>206</ele></trkpt>
   <trkpt lat="62.505284" lon="15.489546"><ele>203.5</ele></trkpt>
   <trkpt lat="62.505395" lon="15.490591"><ele>201</ele></trkpt>
   <trkpt lat="62.505476" lon="15.491663"><ele>200</ele></trkpt>
   <trkpt lat="62.505521" lon="15.492548"><ele>201.25</ele></trkpt>
   <trkpt lat="62.505545" lon="15.49349"><ele>201.25</ele></trkpt>
   <trkpt lat="62.505548" lon="15.494072"><ele>201.75</ele></trkpt>
   <trkpt lat="62.505541" lon="15.494724"><ele>201.75</ele></trkpt>
   <trkpt lat="62.505524" lon="15.495433"><ele>201.75</ele></trkpt>
   <trkpt lat="62.505287" lon="15.501844"><ele>197.75</ele></trkpt>
   <trkpt lat="62.505286" lon="15.501865"><ele>197.75</ele></trkpt>
   <trkpt lat="62.505129" lon="15.506139"><ele>197.75</ele></trkpt>
   <trkpt lat="62.505098" lon="15.507254"><ele>196.5</ele></trkpt>
   <trkpt lat="62.50509" lon="15.508384"><ele>196.25</ele></trkpt>
   <trkpt lat="62.505115" lon="15.50938"><ele>195.25</ele></trkpt>
   <trkpt lat="62.505166" lon="15.510267"><ele>195.5</ele></trkpt>
   <trkpt lat="62.505268" lon="15.511363"><ele>195.75</ele></trkpt>
   <trkpt lat="62.505405" lon="15.512471"><ele>195</ele></trkpt>
   <trkpt lat="62.505581" lon="15.513504"><ele>194.75</ele></trkpt>
   <trkpt lat="62.505759" lon="15.514364"><ele>194.5</ele></trkpt>
   <trkpt lat="62.505955" lon="15.515178"><ele>194</ele></trkpt>
   <trkpt lat="62.506157" lon="15.515891"><ele>193.5</ele></trkpt>
   <trkpt lat="62.506396" lon="15.516629"><ele>193</ele></trkpt>
   <trkpt lat="62.506674" lon="15.517383"><ele>191.25</ele></trkpt>
   <trkpt lat="62.506891" lon="15.517908"><ele>190.5</ele></trkpt>
   <trkpt lat="62.507113" lon="15.518397"><ele>189.75</ele></trkpt>
   <trkpt lat="62.507401" lon="15.518961"><ele>189.75</ele></trkpt>
   <trkpt lat="62.507796" lon="15.519673"><ele>188.5</ele></trkpt>
   <trkpt lat="62.508041" lon="15.520081"><ele>188</ele></trkpt>
   <trkpt lat="62.508676" lon="15.521166"><ele>186.5</ele></trkpt>
   <trkpt lat="62.50914" lon="15.522025"><ele>186</ele></trkpt>
   <trkpt lat="62.509402" lon="15.522589"><ele>185.25</ele></trkpt>
   <trkpt lat="62.509648" lon="15.523181"><ele>185.75</ele></trkpt>
   <trkpt lat="62.509884" lon="15.523839"><ele>186.5</ele></trkpt>
   <trkpt lat="62.510115" lon="15.524607"><ele>185.75</ele></trkpt>
   <trkpt lat="62.510305" lon="15.525345"><ele>183.75</ele></trkpt>
   <trkpt lat="62.510476" lon="15.526108"><ele>182.25</ele></trkpt>
   <trkpt lat="62.51061" lon="15.526869"><ele>182.25</ele></trkpt>
   <trkpt lat="62.510708" lon="15.527548"><ele>181.75</ele></trkpt>
   <trkpt lat="62.510771" lon="15.528161"><ele>181.75</ele></trkpt>
   <trkpt lat="62.510806" lon="15.528509"><ele>181.75</ele></trkpt>
   <trkpt lat="62.510858" lon="15.529414"><ele>181</ele></trkpt>
   <trkpt lat="62.510877" lon="15.530385"><ele>181</ele></trkpt>
   <trkpt lat="62.510874" lon="15.53112"><ele>181.25</ele></trkpt>
   <trkpt lat="62.510859" lon="15.531706"><ele>181</ele></trkpt>
   <trkpt lat="62.510777" lon="15.533607"><ele>180</ele></trkpt>
   <trkpt lat="62.510314" lon="15.541719"><ele>178</ele></trkpt>
   <trkpt lat="62.51025" lon="15.542847"><ele>178.75</ele></trkpt>
   <trkpt lat="62.510187" lon="15.544155"><ele>175.75</ele></trkpt>
   <trkpt lat="62.510149" lon="15.54526"><ele>176.25</ele></trkpt>
   <trkpt lat="62.510131" lon="15.546095"><ele>176.5</ele></trkpt>
   <trkpt lat="62.51013" lon="15.546146"><ele>176.25</ele></trkpt>
   <trkpt lat="62.51012" lon="15.549009"><ele>174</ele></trkpt>
   <trkpt lat="62.510136" lon="15.549844"><ele>174</ele></trkpt>
   <trkpt lat="62.510161" lon="15.550677"><ele>173.5</ele></trkpt>
   <trkpt lat="62.510198" lon="15.551571"><ele>171.5</ele></trkpt>
   <trkpt lat="62.510241" lon="15.552462"><ele>170.25</ele></trkpt>
   <trkpt lat="62.510295" lon="15.553297"><ele>169.5</ele></trkpt>
   <trkpt lat="62.510355" lon="15.554129"><ele>169.75</ele></trkpt>
   <trkpt lat="62.510503" lon="15.55572"><ele>172.5</ele></trkpt>
   <trkpt lat="62.510647" lon="15.557151"><ele>174.25</ele></trkpt>
   <trkpt lat="62.510771" lon="15.558204"><ele>175.5</ele></trkpt>
   <trkpt lat="62.510865" lon="15.558937"><ele>175.5</ele></trkpt>
   <trkpt lat="62.511135" lon="15.560761"><ele>175.25</ele></trkpt>
   <trkpt lat="62.511208" lon="15.561207"><ele>175.5</ele></trkpt>
   <trkpt lat="62.511498" lon="15.562966"><ele>177.25</ele></trkpt>
   <trkpt lat="62.51183" lon="15.564898"><ele>174.25</ele></trkpt>
   <trkpt lat="62.512045" lon="15.566081"><ele>173.5</ele></trkpt>
   <trkpt lat="62.512195" lon="15.566896"><ele>174</ele></trkpt>
   <trkpt lat="62.512532" lon="15.568623"><ele>172.75</ele></trkpt>
   <trkpt lat="62.514684" lon="15.578521"><ele>164.5</ele></trkpt>
   <trkpt lat="62.515897" lon="15.58407"><ele>163</ele></trkpt>
   <trkpt lat="62.515906" lon="15.584118"><ele>163</ele></trkpt>
   <trkpt lat="62.516285" lon="15.586193"><ele>161</ele></trkpt>
   <trkpt lat="62.516408" lon="15.586912"><ele>161</ele></trkpt>
   <trkpt lat="62.516486" lon="15.587416"><ele>161</ele></trkpt>
   <trkpt lat="62.516577" lon="15.588061"><ele>161.5</ele></trkpt>
   <trkpt lat="62.516725" lon="15.589247"><ele>162</ele></trkpt>
   <trkpt lat="62.516847" lon="15.590461"><ele>163.5</ele></trkpt>
   <trkpt lat="62.517083" lon="15.593024"><ele>163</ele></trkpt>
   <trkpt lat="62.517146" lon="15.593699"><ele>163</ele></trkpt>
   <trkpt lat="62.517198" lon="15.594253"><ele>163</ele></trkpt>
   <trkpt lat="62.517356" lon="15.595516"><ele>163</ele></trkpt>
   <trkpt lat="62.517492" lon="15.596969"><ele>163.75</ele></trkpt>
   <trkpt lat="62.517609" lon="15.59803"><ele>164.25</ele></trkpt>
   <trkpt lat="62.517827" lon="15.599689"><ele>164.75</ele></trkpt>
   <trkpt lat="62.517833" lon="15.599726"><ele>164.75</ele></trkpt>
   <trkpt lat="62.517963" lon="15.600586"><ele>164.5</ele></trkpt>
   <trkpt lat="62.518071" lon="15.601189"><ele>164.75</ele></trkpt>
   <trkpt lat="62.518192" lon="15.601782"><ele>164.75</ele></trkpt>
   <trkpt lat="62.518401" lon="15.602657"><ele>164.75</ele></trkpt>
   <trkpt lat="62.518559" lon="15.603232"><ele>164</ele></trkpt>
   <trkpt lat="62.51874" lon="15.603811"><ele>164</ele></trkpt>
   <trkpt lat="62.518902" lon="15.604278"><ele>164</ele></trkpt>
   <trkpt lat="62.51898" lon="15.604481"><ele>164</ele></trkpt>
   <trkpt lat="62.51916" lon="15.604953"><ele>164</ele></trkpt>
   <trkpt lat="62.519497" lon="15.605696"><ele>164</ele></trkpt>
   <trkpt lat="62.51986" lon="15.606388"><ele>162.75</ele></trkpt>
   <trkpt lat="62.520223" lon="15.606989"><ele>161.25</ele></trkpt>
   <trkpt lat="62.520596" lon="15.607515"><ele>160.75</ele></trkpt>
   <trkpt lat="62.521231" lon="15.608233"><ele>160</ele></trkpt>
   <trkpt lat="62.521538" lon="15.608536"><ele>159.75</ele></trkpt>
   <trkpt lat="62.522102" lon="15.609056"><ele>160.25</ele></trkpt>
   <trkpt lat="62.522464" lon="15.609352"><ele>162</ele></trkpt>
   <trkpt lat="62.522469" lon="15.609356"><ele>162</ele></trkpt>
   <trkpt lat="62.522635" lon="15.60948"><ele>162.5</ele></trkpt>
   <trkpt lat="62.522852" lon="15.609605"><ele>163</ele></trkpt>
   <trkpt lat="62.523035" lon="15.609691"><ele>163.25</ele></trkpt>
   <trkpt lat="62.523359" lon="15.609804"><ele>163.5</ele></trkpt>
   <trkpt lat="62.523601" lon="15.609857"><ele>163.75</ele></trkpt>
   <trkpt lat="62.523765" lon="15.609874"><ele>164.25</ele></trkpt>
   <trkpt lat="62.52438" lon="15.609897"><ele>165</ele></trkpt>
   <trkpt lat="62.524532" lon="15.609889"><ele>165</ele></trkpt>
   <trkpt lat="62.525016" lon="15.609899"><ele>165</ele></trkpt>
   <trkpt lat="62.525549" lon="15.609903"><ele>165</ele></trkpt>
   <trkpt lat="62.52607" lon="15.60995"><ele>165.25</ele></trkpt>
   <trkpt lat="62.526315" lon="15.610002"><ele>165.5</ele></trkpt>
   <trkpt lat="62.526524" lon="15.610065"><ele>165.75</ele></trkpt>
   <trkpt lat="62.526796" lon="15.610174"><ele>166</ele></trkpt>
   <trkpt lat="62.527251" lon="15.610423"><ele>167.25</ele></trkpt>
   <trkpt lat="62.527472" lon="15.610583"><ele>167.75</ele></trkpt>
   <trkpt lat="62.527916" lon="15.610953"><ele>167.75</ele></trkpt>
   <trkpt lat="62.528516" lon="15.611501"><ele>167.75</ele></trkpt>
   <trkpt lat="62.528731" lon="15.611664"><ele>167.75</ele></trkpt>
   <trkpt lat="62.528965" lon="15.611816"><ele>168</ele></trkpt>
   <trkpt lat="62.529326" lon="15.611977"><ele>168</ele></trkpt>
   <trkpt lat="62.529557" lon="15.612043"><ele>168</ele></trkpt>
   <trkpt lat="62.52977" lon="15.612074"><ele>168.25</ele></trkpt>
   <trkpt lat="62.529973" lon="15.612079"><ele>168.25</ele></trkpt>
   <trkpt lat="62.530199" lon="15.612063"><ele>169</ele></trkpt>
   <trkpt lat="62.530426" lon="15.612018"><ele>169.5</ele></trkpt>
   <trkpt lat="62.530672" lon="15.611946"><ele>170</ele></trkpt>
   <trkpt lat="62.531069" lon="15.611755"><ele>170.5</ele></trkpt>
   <trkpt lat="62.531267" lon="15.61161"><ele>170.75</ele></trkpt>
   <trkpt lat="62.531507" lon="15.611396"><ele>170.5</ele></trkpt>
   <trkpt lat="62.532181" lon="15.610741"><ele>171.5</ele></trkpt>
   <trkpt lat="62.532619" lon="15.610274"><ele>173</ele></trkpt>
   <trkpt lat="62.532924" lon="15.609915"><ele>174.25</ele></trkpt>
   <trkpt lat="62.533183" lon="15.60959"><ele>175.5</ele></trkpt>
   <trkpt lat="62.533455" lon="15.609221"><ele>176.75</ele></trkpt>
   <trkpt lat="62.533739" lon="15.60881"><ele>177.5</ele></trkpt>
   <trkpt lat="62.534034" lon="15.608321"><ele>178.75</ele></trkpt>
   <trkpt lat="62.534276" lon="15.607859"><ele>179.5</ele></trkpt>
   <trkpt lat="62.534282" lon="15.607848"><ele>179.5</ele></trkpt>
   <trkpt lat="62.534465" lon="15.607451"><ele>180</ele></trkpt>
   <trkpt lat="62.534689" lon="15.606895"><ele>180.75</ele></trkpt>
   <trkpt lat="62.534871" lon="15.606394"><ele>181.25</ele></trkpt>
   <trkpt lat="62.535038" lon="15.605879"><ele>181.25</ele></trkpt>
   <trkpt lat="62.535291" lon="15.604943"><ele>183.25</ele></trkpt>
   <trkpt lat="62.535514" lon="15.603892"><ele>185.5</ele></trkpt>
   <trkpt lat="62.53562" lon="15.603287"><ele>185.75</ele></trkpt>
   <trkpt lat="62.535704" lon="15.602756"><ele>186.5</ele></trkpt>
   <trkpt lat="62.535776" lon="15.602249"><ele>187.25</ele></trkpt>
   <trkpt lat="62.535856" lon="15.601572"><ele>188.25</ele></trkpt>
   <trkpt lat="62.536155" lon="15.598883"><ele>192.25</ele></trkpt>
   <trkpt lat="62.536325" lon="15.597624"><ele>192.5</ele></trkpt>
   <trkpt lat="62.536534" lon="15.596399"><ele>193.25</ele></trkpt>
   <trkpt lat="62.537125" lon="15.593692"><ele>191.25</ele></trkpt>
   <trkpt lat="62.537178" lon="15.593456"><ele>190.75</ele></trkpt>
   <trkpt lat="62.538435" lon="15.587962"><ele>192.75</ele></trkpt>
   <trkpt lat="62.538677" lon="15.58694"><ele>196</ele></trkpt>
   <trkpt lat="62.539043" lon="15.585361"><ele>199</ele></trkpt>
   <trkpt lat="62.539281" lon="15.584239"><ele>197</ele></trkpt>
   <trkpt lat="62.539779" lon="15.582087"><ele>197.75</ele></trkpt>
   <trkpt lat="62.540018" lon="15.581172"><ele>198.5</ele></trkpt>
   <trkpt lat="62.540241" lon="15.580417"><ele>200.75</ele></trkpt>
   <trkpt lat="62.540428" lon="15.579832"><ele>201.75</ele></trkpt>
   <trkpt lat="62.540698" lon="15.579065"><ele>202</ele></trkpt>
   <trkpt lat="62.541103" lon="15.57811"><ele>202</ele></trkpt>
   <trkpt lat="62.541494" lon="15.577282"><ele>202.25</ele></trkpt>
   <trkpt lat="62.541701" lon="15.576896"><ele>202</ele></trkpt>
   <trkpt lat="62.542027" lon="15.576294"><ele>203</ele></trkpt>
   <trkpt lat="62.542607" lon="15.575339"><ele>205.5</ele></trkpt>
   <trkpt lat="62.543239" lon="15.574346"><ele>207.75</ele></trkpt>
   <trkpt lat="62.544171" lon="15.572796"><ele>207.5</ele></trkpt>
   <trkpt lat="62.544712" lon="15.571928"><ele>206.5</ele></trkpt>
   <trkpt lat="62.546223" lon="15.569444"><ele>208.25</ele></trkpt>
   <trkpt lat="62.546856" lon="15.568424"><ele>210</ele></trkpt>
   <trkpt lat="62.547481" lon="15.567538"><ele>210.75</ele></trkpt>
   <trkpt lat="62.547812" lon="15.567134"><ele>210.75</ele></trkpt>
   <trkpt lat="62.548403" lon="15.566536"><ele>211.75</ele></trkpt>
   <trkpt lat="62.548814" lon="15.566189"><ele>212.5</ele></trkpt>
   <trkpt lat="62.549062" lon="15.565995"><ele>213</ele></trkpt>
   <trkpt lat="62.549871" lon="15.565351"><ele>216</ele></trkpt>
   <trkpt lat="62.55045" lon="15.564903"><ele>217.25</ele></trkpt>
   <trkpt lat="62.551612" lon="15.564011"><ele>218.75</ele></trkpt>
   <trkpt lat="62.551864" lon="15.563769"><ele>219.75</ele></trkpt>
   <trkpt lat="62.55232" lon="15.563287"><ele>221.25</ele></trkpt>
   <trkpt lat="62.552759" lon="15.562758"><ele>221.75</ele></trkpt>
   <trkpt lat="62.552993" lon="15.562446"><ele>222</ele></trkpt>
   <trkpt lat="62.553213" lon="15.562134"><ele>222</ele></trkpt>
   <trkpt lat="62.553517" lon="15.561664"><ele>222.5</ele></trkpt>
   <trkpt lat="62.554093" lon="15.560669"><ele>222.5</ele></trkpt>
   <trkpt lat="62.554498" lon="15.559946"><ele>223.25</ele></trkpt>
   <trkpt lat="62.554511" lon="15.559923"><ele>223.5</ele></trkpt>
   <trkpt lat="62.554628" lon="15.559712"><ele>223.5</ele></trkpt>
   <trkpt lat="62.555001" lon="15.559087"><ele>224.75</ele></trkpt>
   <trkpt lat="62.555411" lon="15.558465"><ele>224</ele></trkpt>
   <trkpt lat="62.555931" lon="15.557794"><ele>223.75</ele></trkpt>
   <trkpt lat="62.55685" lon="15.556682"><ele>227.5</ele></trkpt>
   <trkpt lat="62.557081" lon="15.556403"><ele>227.5</ele></trkpt>
   <trkpt lat="62.557831" lon="15.555537"><ele>228.25</ele></trkpt>
   <trkpt lat="62.558177" lon="15.555117"><ele>227.75</ele></trkpt>
   <trkpt lat="62.558771" lon="15.554495"><ele>227.5</ele></trkpt>
   <trkpt lat="62.559165" lon="15.554017"><ele>227.75</ele></trkpt>
   <trkpt lat="62.559303" lon="15.553873"><ele>228</ele></trkpt>
   <trkpt lat="62.559993" lon="15.552948"><ele>229.5</ele></trkpt>
   <trkpt lat="62.560539" lon="15.552301"><ele>230.5</ele></trkpt>
   <trkpt lat="62.560768" lon="15.551945"><ele>230.5</ele></trkpt>
   <trkpt lat="62.560869" lon="15.551824"><ele>230.25</ele></trkpt>
   <trkpt lat="62.561318" lon="15.551276"><ele>231</ele></trkpt>
   <trkpt lat="62.561767" lon="15.550689"><ele>231.75</ele></trkpt>
   <trkpt lat="62.562197" lon="15.550085"><ele>232.25</ele></trkpt>
   <trkpt lat="62.562616" lon="15.549427"><ele>232.75</ele></trkpt>
   <trkpt lat="62.563031" lon="15.548753"><ele>233</ele></trkpt>
   <trkpt lat="62.563373" lon="15.548241"><ele>233.75</ele></trkpt>
   <trkpt lat="62.564496" lon="15.546391"><ele>234.25</ele></trkpt>
   <trkpt lat="62.564685" lon="15.546084"><ele>234.5</ele></trkpt>
   <trkpt lat="62.565116" lon="15.545445"><ele>235.25</ele></trkpt>
   <trkpt lat="62.56556" lon="15.544832"><ele>236.25</ele></trkpt>
   <trkpt lat="62.566019" lon="15.544283"><ele>237.5</ele></trkpt>
   <trkpt lat="62.566484" lon="15.54376"><ele>238</ele></trkpt>
   <trkpt lat="62.566834" lon="15.543387"><ele>237.5</ele></trkpt>
   <trkpt lat="62.566952" lon="15.543263"><ele>237.75</ele></trkpt>
   <trkpt lat="62.567294" lon="15.543009"><ele>238.5</ele></trkpt>
   <trkpt lat="62.56768" lon="15.542604"><ele>237.75</ele></trkpt>
   <trkpt lat="62.568173" lon="15.542095"><ele>238.5</ele></trkpt>
   <trkpt lat="62.568893" lon="15.54138"><ele>239.5</ele></trkpt>
   <trkpt lat="62.570531" lon="15.539665"><ele>243</ele></trkpt>
   <trkpt lat="62.571127" lon="15.539081"><ele>244</ele></trkpt>
   <trkpt lat="62.571143" lon="15.539066"><ele>244</ele></trkpt>
   <trkpt lat="62.57169" lon="15.538511"><ele>245</ele></trkpt>
   <trkpt lat="62.572546" lon="15.537672"><ele>245.5</ele></trkpt>
   <trkpt lat="62.573337" lon="15.536901"><ele>245.5</ele></trkpt>
   <trkpt lat="62.574292" lon="15.535948"><ele>246.25</ele></trkpt>
   <trkpt lat="62.57473" lon="15.535442"><ele>247.25</ele></trkpt>
   <trkpt lat="62.575088" lon="15.535065"><ele>248</ele></trkpt>
   <trkpt lat="62.575457" lon="15.534641"><ele>249</ele></trkpt>
   <trkpt lat="62.57575" lon="15.534277"><ele>249</ele></trkpt>
   <trkpt lat="62.576017" lon="15.533963"><ele>249.25</ele></trkpt>
   <trkpt lat="62.576605" lon="15.533221"><ele>249</ele></trkpt>
   <trkpt lat="62.57714" lon="15.532526"><ele>250.5</ele></trkpt>
   <trkpt lat="62.577612" lon="15.531862"><ele>250</ele></trkpt>
   <trkpt lat="62.578097" lon="15.531148"><ele>250.75</ele></trkpt>
   <trkpt lat="62.579173" lon="15.529474"><ele>253</ele></trkpt>
   <trkpt lat="62.580158" lon="15.527958"><ele>255</ele></trkpt>
   <trkpt lat="62.580245" lon="15.527841"><ele>255</ele></trkpt>
   <trkpt lat="62.580542" lon="15.527443"><ele>254.75</ele></trkpt>
   <trkpt lat="62.580809" lon="15.527114"><ele>254.5</ele></trkpt>
   <trkpt lat="62.581185" lon="15.526653"><ele>253.75</ele></trkpt>
   <trkpt lat="62.581697" lon="15.5261"><ele>253.5</ele></trkpt>
   <trkpt lat="62.582249" lon="15.525576"><ele>253.25</ele></trkpt>
   <trkpt lat="62.582361" lon="15.525459"><ele>253.5</ele></trkpt>
   <trkpt lat="62.584463" lon="15.523529"><ele>256.5</ele></trkpt>
   <trkpt lat="62.584887" lon="15.523122"><ele>256.5</ele></trkpt>
   <trkpt lat="62.585471" lon="15.522591"><ele>257.5</ele></trkpt>
   <trkpt lat="62.58592" lon="15.522159"><ele>258.25</ele></trkpt>
   <trkpt lat="62.586352" lon="15.521766"><ele>258.25</ele></trkpt>
   <trkpt lat="62.587183" lon="15.521036"><ele>259</ele></trkpt>
   <trkpt lat="62.587678" lon="15.520681"><ele>259.5</ele></trkpt>
   <trkpt lat="62.58785" lon="15.520564"><ele>259.5</ele></trkpt>
   <trkpt lat="62.588083" lon="15.520422"><ele>259.75</ele></trkpt>
   <trkpt lat="62.588503" lon="15.520203"><ele>260</ele></trkpt>
   <trkpt lat="62.589124" lon="15.519904"><ele>259.75</ele></trkpt>
   <trkpt lat="62.589641" lon="15.519685"><ele>260.5</ele></trkpt>
   <trkpt lat="62.591702" lon="15.518832"><ele>262.75</ele></trkpt>
   <trkpt lat="62.593213" lon="15.518191"><ele>265.75</ele></trkpt>
   <trkpt lat="62.593885" lon="15.517924"><ele>266</ele></trkpt>
   <trkpt lat="62.595308" lon="15.517361"><ele>269.5</ele></trkpt>
   <trkpt lat="62.596161" lon="15.517093"><ele>270.75</ele></trkpt>
   <trkpt lat="62.596471" lon="15.517034"><ele>271.25</ele></trkpt>
   <trkpt lat="62.597061" lon="15.51698"><ele>271</ele></trkpt>
   <trkpt lat="62.59731" lon="15.516981"><ele>270.75</ele></trkpt>
   <trkpt lat="62.597997" lon="15.517022"><ele>271.75</ele></trkpt>
   <trkpt lat="62.598367" lon="15.517094"><ele>272.5</ele></trkpt>
   <trkpt lat="62.599185" lon="15.517307"><ele>275</ele></trkpt>
   <trkpt lat="62.60016" lon="15.517647"><ele>275</ele></trkpt>
   <trkpt lat="62.600956" lon="15.517909"><ele>277</ele></trkpt>
   <trkpt lat="62.601458" lon="15.518053"><ele>278</ele></trkpt>
   <trkpt lat="62.601849" lon="15.518136"><ele>278.75</ele></trkpt>
   <trkpt lat="62.602256" lon="15.518194"><ele>279.25</ele></trkpt>
   <trkpt lat="62.60257" lon="15.51822"><ele>279.25</ele></trkpt>
   <trkpt lat="62.603279" lon="15.518196"><ele>278.25</ele></trkpt>
   <trkpt lat="62.603688" lon="15.518132"><ele>278.75</ele></trkpt>
   <trkpt lat="62.60401" lon="15.518064"><ele>279.75</ele></trkpt>
   <trkpt lat="62.604373" lon="15.517961"><ele>280.5</ele></trkpt>
   <trkpt lat="62.605655" lon="15.517512"><ele>282.75</ele></trkpt>
   <trkpt lat="62.606212" lon="15.517349"><ele>283.5</ele></trkpt>
   <trkpt lat="62.606425" lon="15.517291"><ele>283.75</ele></trkpt>
   <trkpt lat="62.606897" lon="15.517196"><ele>284.75</ele></trkpt>
   <trkpt lat="62.607323" lon="15.517157"><ele>285.75</ele></trkpt>
   <trkpt lat="62.607532" lon="15.517151"><ele>286</ele></trkpt>
   <trkpt lat="62.607703" lon="15.517155"><ele>286.5</ele></trkpt>
   <trkpt lat="62.608128" lon="15.517183"><ele>287.75</ele></trkpt>
   <trkpt lat="62.608615" lon="15.517255"><ele>288.25</ele></trkpt>
   <trkpt lat="62.609158" lon="15.517396"><ele>287.75</ele></trkpt>
   <trkpt lat="62.610381" lon="15.517767"><ele>288.25</ele></trkpt>
   <trkpt lat="62.611313" lon="15.518028"><ele>290</ele></trkpt>
   <trkpt lat="62.611609" lon="15.5181"><ele>290.75</ele></trkpt>
   <trkpt lat="62.612171" lon="15.518182"><ele>292.25</ele></trkpt>
   <trkpt lat="62.612618" lon="15.518194"><ele>293</ele></trkpt>
   <trkpt lat="62.612908" lon="15.518179"><ele>292.5</ele></trkpt>
   <trkpt lat="62.613152" lon="15.518151"><ele>292.25</ele></trkpt>
   <trkpt lat="62.613762" lon="15.51803"><ele>293</ele></trkpt>
   <trkpt lat="62.613969" lon="15.517969"><ele>293.25</ele></trkpt>
   <trkpt lat="62.614491" lon="15.517758"><ele>293.5</ele></trkpt>
   <trkpt lat="62.615117" lon="15.517466"><ele>294.25</ele></trkpt>
   <trkpt lat="62.615292" lon="15.517382"><ele>294.5</ele></trkpt>
   <trkpt lat="62.616472" lon="15.516819"><ele>292.5</ele></trkpt>
   <trkpt lat="62.617026" lon="15.516572"><ele>292.25</ele></trkpt>
   <trkpt lat="62.617624" lon="15.516403"><ele>292.25</ele></trkpt>
   <trkpt lat="62.617777" lon="15.516379"><ele>292.5</ele></trkpt>
   <trkpt lat="62.618312" lon="15.516254"><ele>292.75</ele></trkpt>
   <trkpt lat="62.619506" lon="15.516016"><ele>292.25</ele></trkpt>
   <trkpt lat="62.621042" lon="15.515745"><ele>291.25</ele></trkpt>
   <trkpt lat="62.621779" lon="15.515713"><ele>290.5</ele></trkpt>
   <trkpt lat="62.622356" lon="15.515726"><ele>290.5</ele></trkpt>
   <trkpt lat="62.622955" lon="15.515789"><ele>291.75</ele></trkpt>
   <trkpt lat="62.623593" lon="15.515879"><ele>293.5</ele></trkpt>
   <trkpt lat="62.62402" lon="15.515955"><ele>294.75</ele></trkpt>
   <trkpt lat="62.624687" lon="15.516014"><ele>295.25</ele></trkpt>
   <trkpt lat="62.624705" lon="15.516014"><ele>295.25</ele></trkpt>
   <trkpt lat="62.625023" lon="15.516031"><ele>295.25</ele></trkpt>
   <trkpt lat="62.62534" lon="15.516021"><ele>295.75</ele></trkpt>
   <trkpt lat="62.625867" lon="15.515945"><ele>295.75</ele></trkpt>
   <trkpt lat="62.627195" lon="15.515653"><ele>299.5</ele></trkpt>
   <trkpt lat="62.627674" lon="15.515608"><ele>301.5</ele></trkpt>
   <trkpt lat="62.628194" lon="15.515493"><ele>302.25</ele></trkpt>
   <trkpt lat="62.62827" lon="15.515476"><ele>302.25</ele></trkpt>
   <trkpt lat="62.629047" lon="15.515203"><ele>301</ele></trkpt>
   <trkpt lat="62.629627" lon="15.515065"><ele>300.75</ele></trkpt>
   <trkpt lat="62.630459" lon="15.514944"><ele>301.5</ele></trkpt>
   <trkpt lat="62.630712" lon="15.514913"><ele>302</ele></trkpt>
   <trkpt lat="62.631193" lon="15.514899"><ele>301.5</ele></trkpt>
   <trkpt lat="62.631446" lon="15.514909"><ele>301.5</ele></trkpt>
   <trkpt lat="62.63146" lon="15.51491"><ele>301.25</ele></trkpt>
   <trkpt lat="62.631684" lon="15.514928"><ele>301.25</ele></trkpt>
   <trkpt lat="62.632022" lon="15.514991"><ele>302.25</ele></trkpt>
   <trkpt lat="62.632406" lon="15.515081"><ele>303.75</ele></trkpt>
   <trkpt lat="62.632675" lon="15.515163"><ele>304.75</ele></trkpt>
   <trkpt lat="62.633116" lon="15.515326"><ele>306.25</ele></trkpt>
   <trkpt lat="62.633838" lon="15.515726"><ele>307.25</ele></trkpt>
   <trkpt lat="62.634137" lon="15.515921"><ele>307</ele></trkpt>
   <trkpt lat="62.634682" lon="15.516347"><ele>308.25</ele></trkpt>
   <trkpt lat="62.63519" lon="15.516808"><ele>309</ele></trkpt>
   <trkpt lat="62.635596" lon="15.517219"><ele>309.5</ele></trkpt>
   <trkpt lat="62.636014" lon="15.517678"><ele>309.75</ele></trkpt>
   <trkpt lat="62.636741" lon="15.518512"><ele>309</ele></trkpt>
   <trkpt lat="62.637251" lon="15.51905"><ele>308.75</ele></trkpt>
   <trkpt lat="62.637609" lon="15.519402"><ele>307.5</ele></trkpt>
   <trkpt lat="62.638039" lon="15.519782"><ele>307.5</ele></trkpt>
   <trkpt lat="62.638373" lon="15.520042"><ele>307.75</ele></trkpt>
   <trkpt lat="62.638839" lon="15.520359"><ele>306.25</ele></trkpt>
   <trkpt lat="62.639397" lon="15.520652"><ele>305.5</ele></trkpt>
   <trkpt lat="62.639915" lon="15.52086"><ele>305.25</ele></trkpt>
   <trkpt lat="62.640417" lon="15.52102"><ele>306.75</ele></trkpt>
   <trkpt lat="62.640699" lon="15.521081"><ele>307.75</ele></trkpt>
   <trkpt lat="62.641025" lon="15.521125"><ele>308.75</ele></trkpt>
   <trkpt lat="62.641569" lon="15.521137"><ele>310</ele></trkpt>
   <trkpt lat="62.642083" lon="15.521108"><ele>311</ele></trkpt>
   <trkpt lat="62.642382" lon="15.521067"><ele>311.25</ele></trkpt>
   <trkpt lat="62.642719" lon="15.520979"><ele>312.25</ele></trkpt>
   <trkpt lat="62.643044" lon="15.520866"><ele>313.25</ele></trkpt>
   <trkpt lat="62.643571" lon="15.520664"><ele>315.5</ele></trkpt>
   <trkpt lat="62.644082" lon="15.52038"><ele>316.75</ele></trkpt>
   <trkpt lat="62.644756" lon="15.51993"><ele>318.75</ele></trkpt>
   <trkpt lat="62.645128" lon="15.519625"><ele>319.25</ele></trkpt>
   <trkpt lat="62.645527" lon="15.519261"><ele>319</ele></trkpt>
   <trkpt lat="62.645927" lon="15.51886"><ele>319</ele></trkpt>
   <trkpt lat="62.646633" lon="15.518119"><ele>319</ele></trkpt>
   <trkpt lat="62.649439" lon="15.51504"><ele>321.25</ele></trkpt>
   <trkpt lat="62.64946" lon="15.515018"><ele>321.25</ele></trkpt>
   <trkpt lat="62.649874" lon="15.514564"><ele>321.75</ele></trkpt>
   <trkpt lat="62.651874" lon="15.512372"><ele>323.25</ele></trkpt>
   <trkpt lat="62.654136" lon="15.509922"><ele>327.5</ele></trkpt>
   <trkpt lat="62.654894" lon="15.509196"><ele>328.5</ele></trkpt>
   <trkpt lat="62.655304" lon="15.508843"><ele>328.75</ele></trkpt>
   <trkpt lat="62.656011" lon="15.508331"><ele>328.5</ele></trkpt>
   <trkpt lat="62.656919" lon="15.507707"><ele>330.75</ele></trkpt>
   <trkpt lat="62.658077" lon="15.506892"><ele>332.5</ele></trkpt>
   <trkpt lat="62.660205" lon="15.505418"><ele>335.5</ele></trkpt>
   <trkpt lat="62.660682" lon="15.505109"><ele>336</ele></trkpt>
   <trkpt lat="62.661222" lon="15.504797"><ele>336.75</ele></trkpt>
   <trkpt lat="62.661791" lon="15.504519"><ele>337.75</ele></trkpt>
   <trkpt lat="62.662179" lon="15.504387"><ele>337.5</ele></trkpt>
   <trkpt lat="62.662621" lon="15.504259"><ele>337</ele></trkpt>
   <trkpt lat="62.664749" lon="15.503935"><ele>334.5</ele></trkpt>
   <trkpt lat="62.665155" lon="15.503857"><ele>334.25</ele></trkpt>
   <trkpt lat="62.665553" lon="15.503756"><ele>334</ele></trkpt>
   <trkpt lat="62.666162" lon="15.50354"><ele>333.75</ele></trkpt>
   <trkpt lat="62.666426" lon="15.503427"><ele>333.75</ele></trkpt>
   <trkpt lat="62.666812" lon="15.503209"><ele>334</ele></trkpt>
   <trkpt lat="62.6671" lon="15.503039"><ele>334.5</ele></trkpt>
   <trkpt lat="62.667121" lon="15.503025"><ele>334.5</ele></trkpt>
   <trkpt lat="62.667595" lon="15.502698"><ele>334.5</ele></trkpt>
   <trkpt lat="62.671577" lon="15.499823"><ele>333.25</ele></trkpt>
   <trkpt lat="62.675307" lon="15.497099"><ele>331.25</ele></trkpt>
   <trkpt lat="62.676888" lon="15.495947"><ele>330.25</ele></trkpt>
   <trkpt lat="62.677275" lon="15.495685"><ele>330.25</ele></trkpt>
   <trkpt lat="62.677693" lon="15.495449"><ele>330</ele></trkpt>
   <trkpt lat="62.678204" lon="15.49523"><ele>330</ele></trkpt>
   <trkpt lat="62.678733" lon="15.495028"><ele>329.5</ele></trkpt>
   <trkpt lat="62.679118" lon="15.494911"><ele>329.25</ele></trkpt>
   <trkpt lat="62.679523" lon="15.494829"><ele>329.25</ele></trkpt>
   <trkpt lat="62.679938" lon="15.494792"><ele>329.5</ele></trkpt>
   <trkpt lat="62.680577" lon="15.494783"><ele>329</ele></trkpt>
   <trkpt lat="62.682166" lon="15.494824"><ele>327</ele></trkpt>
   <trkpt lat="62.682699" lon="15.494772"><ele>325.75</ele></trkpt>
   <trkpt lat="62.683201" lon="15.494699"><ele>324.25</ele></trkpt>
   <trkpt lat="62.683584" lon="15.494599"><ele>323</ele></trkpt>
   <trkpt lat="62.683976" lon="15.494478"><ele>321.75</ele></trkpt>
   <trkpt lat="62.684097" lon="15.494428"><ele>321.25</ele></trkpt>
   <trkpt lat="62.68431" lon="15.494338"><ele>321</ele></trkpt>
   <trkpt lat="62.684785" lon="15.494102"><ele>321.25</ele></trkpt>
   <trkpt lat="62.684796" lon="15.494097"><ele>321.25</ele></trkpt>
   <trkpt lat="62.684876" lon="15.494058"><ele>321.25</ele></trkpt>
   <trkpt lat="62.685223" lon="15.493838"><ele>322</ele></trkpt>
   <trkpt lat="62.685615" lon="15.493576"><ele>323.25</ele></trkpt>
   <trkpt lat="62.686048" lon="15.493251"><ele>324</ele></trkpt>
   <trkpt lat="62.686543" lon="15.492805"><ele>324</ele></trkpt>
   <trkpt lat="62.687318" lon="15.492023"><ele>325.75</ele></trkpt>
   <trkpt lat="62.689243" lon="15.490012"><ele>326</ele></trkpt>
   <trkpt lat="62.691053" lon="15.488092"><ele>322.5</ele></trkpt>
   <trkpt lat="62.691552" lon="15.487578"><ele>322</ele></trkpt>
   <trkpt lat="62.692297" lon="15.486776"><ele>321.75</ele></trkpt>
   <trkpt lat="62.692482" lon="15.486576"><ele>321.75</ele></trkpt>
   <trkpt lat="62.692987" lon="15.485981"><ele>320.5</ele></trkpt>
   <trkpt lat="62.693306" lon="15.485583"><ele>319.5</ele></trkpt>
   <trkpt lat="62.693836" lon="15.48484"><ele>318.5</ele></trkpt>
   <trkpt lat="62.694231" lon="15.484233"><ele>317</ele></trkpt>
   <trkpt lat="62.694848" lon="15.48313"><ele>315.25</ele></trkpt>
   <trkpt lat="62.695229" lon="15.482382"><ele>314</ele></trkpt>
   <trkpt lat="62.695725" lon="15.481284"><ele>313.25</ele></trkpt>
   <trkpt lat="62.696162" lon="15.480163"><ele>312.25</ele></trkpt>
   <trkpt lat="62.696346" lon="15.479621"><ele>312.5</ele></trkpt>
   <trkpt lat="62.696439" lon="15.479332"><ele>313</ele></trkpt>
   <trkpt lat="62.696562" lon="15.478974"><ele>313.25</ele></trkpt>
   <trkpt lat="62.696698" lon="15.478527"><ele>312.75</ele></trkpt>
   <trkpt lat="62.696931" lon="15.477727"><ele>312.25</ele></trkpt>
   <trkpt lat="62.697097" lon="15.477127"><ele>312.75</ele></trkpt>
   <trkpt lat="62.69738" lon="15.475978"><ele>313.25</ele></trkpt>
   <trkpt lat="62.698128" lon="15.47269"><ele>311</ele></trkpt>
   <trkpt lat="62.698494" lon="15.471081"><ele>310.5</ele></trkpt>
   <trkpt lat="62.698501" lon="15.471053"><ele>310.5</ele></trkpt>
   <trkpt lat="62.699525" lon="15.466556"><ele>309.25</ele></trkpt>
   <trkpt lat="62.699713" lon="15.465721"><ele>308.5</ele></trkpt>
   <trkpt lat="62.69996" lon="15.464622"><ele>307.75</ele></trkpt>
   <trkpt lat="62.700405" lon="15.462639"><ele>308.5</ele></trkpt>
   <trkpt lat="62.700922" lon="15.460594"><ele>306.25</ele></trkpt>
   <trkpt lat="62.701105" lon="15.459972"><ele>306.5</ele></trkpt>
   <trkpt lat="62.701369" lon="15.459133"><ele>306.75</ele></trkpt>
   <trkpt lat="62.701727" lon="15.458092"><ele>306.5</ele></trkpt>
   <trkpt lat="62.702065" lon="15.457236"><ele>306.25</ele></trkpt>
   <trkpt lat="62.702222" lon="15.456861"><ele>306</ele></trkpt>
   <trkpt lat="62.702389" lon="15.456483"><ele>306</ele></trkpt>
   <trkpt lat="62.702644" lon="15.455944"><ele>305.75</ele></trkpt>
   <trkpt lat="62.702683" lon="15.455861"><ele>305.75</ele></trkpt>
   <trkpt lat="62.702961" lon="15.455278"><ele>305.75</ele></trkpt>
   <trkpt lat="62.70323" lon="15.454769"><ele>305.75</ele></trkpt>
   <trkpt lat="62.703953" lon="15.4535"><ele>305.5</ele></trkpt>
   <trkpt lat="62.704266" lon="15.452987"><ele>306</ele></trkpt>
   <trkpt lat="62.704696" lon="15.452345"><ele>306.25</ele></trkpt>
   <trkpt lat="62.705053" lon="15.451855"><ele>304.25</ele></trkpt>
   <trkpt lat="62.705806" lon="15.450929"><ele>303.25</ele></trkpt>
   <trkpt lat="62.705991" lon="15.450721"><ele>303.25</ele></trkpt>
   <trkpt lat="62.706864" lon="15.449803"><ele>302</ele></trkpt>
   <trkpt lat="62.707437" lon="15.449278"><ele>301.25</ele></trkpt>
   <trkpt lat="62.708287" lon="15.448556"><ele>299</ele></trkpt>
   <trkpt lat="62.708648" lon="15.448252"><ele>298.5</ele></trkpt>
   <trkpt lat="62.709163" lon="15.447904"><ele>298.5</ele></trkpt>
   <trkpt lat="62.710484" lon="15.446836"><ele>297.5</ele></trkpt>
   <trkpt lat="62.710994" lon="15.446465"><ele>296.75</ele></trkpt>
   <trkpt lat="62.711668" lon="15.446071"><ele>295.25</ele></trkpt>
   <trkpt lat="62.712053" lon="15.445881"><ele>294.5</ele></trkpt>
   <trkpt lat="62.712068" lon="15.445874"><ele>294.5</ele></trkpt>
   <trkpt lat="62.712462" lon="15.445723"><ele>294</ele></trkpt>
   <trkpt lat="62.712848" lon="15.445606"><ele>293</ele></trkpt>
   <trkpt lat="62.713308" lon="15.445518"><ele>292</ele></trkpt>
   <trkpt lat="62.713409" lon="15.445507"><ele>292.25</ele></trkpt>
   <trkpt lat="62.713641" lon="15.445481"><ele>293.25</ele></trkpt>
   <trkpt lat="62.714102" lon="15.44548"><ele>295</ele></trkpt>
   <trkpt lat="62.715371" lon="15.445544"><ele>293</ele></trkpt>
   <trkpt lat="62.716283" lon="15.445617"><ele>293</ele></trkpt>
   <trkpt lat="62.7167" lon="15.445621"><ele>293</ele></trkpt>
   <trkpt lat="62.717471" lon="15.44557"><ele>292.25</ele></trkpt>
   <trkpt lat="62.717603" lon="15.445553"><ele>292.25</ele></trkpt>
   <trkpt lat="62.718255" lon="15.445393"><ele>292.25</ele></trkpt>
   <trkpt lat="62.718657" lon="15.44526"><ele>292.25</ele></trkpt>
   <trkpt lat="62.719074" lon="15.445113"><ele>292.25</ele></trkpt>
   <trkpt lat="62.71936" lon="15.444996"><ele>292.75</ele></trkpt>
   <trkpt lat="62.719456" lon="15.444958"><ele>293.25</ele></trkpt>
   <trkpt lat="62.719876" lon="15.444739"><ele>294.25</ele></trkpt>
   <trkpt lat="62.720266" lon="15.444501"><ele>293.25</ele></trkpt>
   <trkpt lat="62.720701" lon="15.444211"><ele>292</ele></trkpt>
   <trkpt lat="62.720931" lon="15.444043"><ele>292</ele></trkpt>
   <trkpt lat="62.721201" lon="15.443829"><ele>292.25</ele></trkpt>
   <trkpt lat="62.721567" lon="15.443515"><ele>292.25</ele></trkpt>
   <trkpt lat="62.722174" lon="15.442962"><ele>293</ele></trkpt>
   <trkpt lat="62.722663" lon="15.44243"><ele>293.75</ele></trkpt>
   <trkpt lat="62.723065" lon="15.441965"><ele>293.75</ele></trkpt>
   <trkpt lat="62.723741" lon="15.441134"><ele>293.75</ele></trkpt>
   <trkpt lat="62.724131" lon="15.440607"><ele>293.5</ele></trkpt>
   <trkpt lat="62.724668" lon="15.439923"><ele>294.25</ele></trkpt>
   <trkpt lat="62.72534" lon="15.439037"><ele>294.75</ele></trkpt>
   <trkpt lat="62.726599" lon="15.437327"><ele>294.25</ele></trkpt>
   <trkpt lat="62.727357" lon="15.436269"><ele>294</ele></trkpt>
   <trkpt lat="62.727729" lon="15.435753"><ele>293.5</ele></trkpt>
   <trkpt lat="62.727737" lon="15.43574"><ele>293.5</ele></trkpt>
   <trkpt lat="62.728494" lon="15.434692"><ele>292.5</ele></trkpt>
   <trkpt lat="62.728849" lon="15.434231"><ele>292</ele></trkpt>
   <trkpt lat="62.729566" lon="15.433346"><ele>291</ele></trkpt>
   <trkpt lat="62.730005" lon="15.432902"><ele>291.25</ele></trkpt>
   <trkpt lat="62.730329" lon="15.432603"><ele>291.75</ele></trkpt>
   <trkpt lat="62.730658" lon="15.432335"><ele>292.25</ele></trkpt>
   <trkpt lat="62.730987" lon="15.432096"><ele>292.75</ele></trkpt>
   <trkpt lat="62.731246" lon="15.431928"><ele>292.75</ele></trkpt>
   <trkpt lat="62.731602" lon="15.431718"><ele>293</ele></trkpt>
   <trkpt lat="62.73304" lon="15.431122"><ele>291</ele></trkpt>
   <trkpt lat="62.733866" lon="15.43081"><ele>291.5</ele></trkpt>
   <trkpt lat="62.734571" lon="15.430504"><ele>291.25</ele></trkpt>
   <trkpt lat="62.735412" lon="15.43005"><ele>291.5</ele></trkpt>
   <trkpt lat="62.735719" lon="15.429841"><ele>291.5</ele></trkpt>
   <trkpt lat="62.735896" lon="15.42972"><ele>291.5</ele></trkpt>
   <trkpt lat="62.737003" lon="15.428986"><ele>291.5</ele></trkpt>
   <trkpt lat="62.738105" lon="15.428283"><ele>292.25</ele></trkpt>
   <trkpt lat="62.738783" lon="15.427809"><ele>292</ele></trkpt>
   <trkpt lat="62.73964" lon="15.427279"><ele>292.25</ele></trkpt>
   <trkpt lat="62.740105" lon="15.42704"><ele>292.75</ele></trkpt>
   <trkpt lat="62.740553" lon="15.426898"><ele>292.75</ele></trkpt>
   <trkpt lat="62.740867" lon="15.426821"><ele>292.75</ele></trkpt>
   <trkpt lat="62.741588" lon="15.426694"><ele>292</ele></trkpt>
   <trkpt lat="62.741918" lon="15.426617"><ele>292</ele></trkpt>
   <trkpt lat="62.742327" lon="15.426478"><ele>292</ele></trkpt>
   <trkpt lat="62.742619" lon="15.426338"><ele>292</ele></trkpt>
   <trkpt lat="62.74302" lon="15.426092"><ele>291.75</ele></trkpt>
   <trkpt lat="62.743335" lon="15.425836"><ele>291</ele></trkpt>
   <trkpt lat="62.743609" lon="15.425582"><ele>291</ele></trkpt>
   <trkpt lat="62.743622" lon="15.425569"><ele>291</ele></trkpt>
   <trkpt lat="62.743729" lon="15.425468"><ele>291</ele></trkpt>
   <trkpt lat="62.743866" lon="15.425313"><ele>291</ele></trkpt>
   <trkpt lat="62.743943" lon="15.425227"><ele>291</ele></trkpt>
   <trkpt lat="62.744341" lon="15.424716"><ele>291.5</ele></trkpt>
   <trkpt lat="62.744767" lon="15.424115"><ele>293</ele></trkpt>
   <trkpt lat="62.745342" lon="15.423212"><ele>292</ele></trkpt>
   <trkpt lat="62.74594" lon="15.422198"><ele>291.75</ele></trkpt>
   <trkpt lat="62.746234" lon="15.421701"><ele>291.75</ele></trkpt>
   <trkpt lat="62.746886" lon="15.420649"><ele>292</ele></trkpt>
   <trkpt lat="62.747079" lon="15.420353"><ele>292</ele></trkpt>
   <trkpt lat="62.747221" lon="15.420132"><ele>291.75</ele></trkpt>
   <trkpt lat="62.747587" lon="15.419663"><ele>291.5</ele></trkpt>
   <trkpt lat="62.747841" lon="15.419353"><ele>291.5</ele></trkpt>
   <trkpt lat="62.748118" lon="15.419051"><ele>291.5</ele></trkpt>
   <trkpt lat="62.748376" lon="15.418794"><ele>291.5</ele></trkpt>
   <trkpt lat="62.74874" lon="15.418491"><ele>291</ele></trkpt>
   <trkpt lat="62.749253" lon="15.418115"><ele>291</ele></trkpt>
   <trkpt lat="62.750141" lon="15.417495"><ele>291</ele></trkpt>
   <trkpt lat="62.750321" lon="15.417363"><ele>291</ele></trkpt>
   <trkpt lat="62.750751" lon="15.417058"><ele>291</ele></trkpt>
   <trkpt lat="62.753596" lon="15.415066"><ele>290.5</ele></trkpt>
   <trkpt lat="62.754178" lon="15.414618"><ele>290.25</ele></trkpt>
   <trkpt lat="62.754627" lon="15.414211"><ele>290.25</ele></trkpt>
   <trkpt lat="62.755456" lon="15.413335"><ele>291.25</ele></trkpt>
   <trkpt lat="62.75604" lon="15.412555"><ele>291.5</ele></trkpt>
   <trkpt lat="62.756445" lon="15.412107"><ele>291.75</ele></trkpt>
   <trkpt lat="62.757684" lon="15.410712"><ele>292.5</ele></trkpt>
   <trkpt lat="62.758143" lon="15.41022"><ele>292.5</ele></trkpt>
   <trkpt lat="62.758831" lon="15.409587"><ele>291</ele></trkpt>
   <trkpt lat="62.759452" lon="15.409052"><ele>290</ele></trkpt>
   <trkpt lat="62.759465" lon="15.40904"><ele>290</ele></trkpt>
   <trkpt lat="62.759845" lon="15.40871"><ele>290.5</ele></trkpt>
   <trkpt lat="62.761328" lon="15.407365"><ele>291.5</ele></trkpt>
   <trkpt lat="62.761767" lon="15.406996"><ele>292</ele></trkpt>
   <trkpt lat="62.762131" lon="15.406724"><ele>293</ele></trkpt>
   <trkpt lat="62.762488" lon="15.406487"><ele>293.75</ele></trkpt>
   <trkpt lat="62.762847" lon="15.406302"><ele>293.5</ele></trkpt>
   <trkpt lat="62.763213" lon="15.406181"><ele>293.75</ele></trkpt>
   <trkpt lat="62.767483" lon="15.40507"><ele>295.75</ele></trkpt>
   <trkpt lat="62.768087" lon="15.404916"><ele>295.5</ele></trkpt>
   <trkpt lat="62.768763" lon="15.404595"><ele>294.25</ele></trkpt>
   <trkpt lat="62.769281" lon="15.404291"><ele>293</ele></trkpt>
   <trkpt lat="62.769801" lon="15.403843"><ele>292.5</ele></trkpt>
   <trkpt lat="62.770296" lon="15.403301"><ele>292.25</ele></trkpt>
   <trkpt lat="62.770822" lon="15.402604"><ele>293.5</ele></trkpt>
   <trkpt lat="62.771272" lon="15.401866"><ele>294.5</ele></trkpt>
   <trkpt lat="62.77181" lon="15.400823"><ele>296</ele></trkpt>
   <trkpt lat="62.77217" lon="15.399959"><ele>296</ele></trkpt>
   <trkpt lat="62.772522" lon="15.398978"><ele>294</ele></trkpt>
   <trkpt lat="62.772816" lon="15.397979"><ele>294.75</ele></trkpt>
   <trkpt lat="62.773167" lon="15.396531"><ele>295</ele></trkpt>
   <trkpt lat="62.773444" lon="15.395314"><ele>295.75</ele></trkpt>
   <trkpt lat="62.77393" lon="15.39303"><ele>298</ele></trkpt>
   <trkpt lat="62.77484" lon="15.388777"><ele>298</ele></trkpt>
   <trkpt lat="62.775322" lon="15.386575"><ele>298</ele></trkpt>
   <trkpt lat="62.775571" lon="15.385567"><ele>297.5</ele></trkpt>
   <trkpt lat="62.775907" lon="15.384459"><ele>296.5</ele></trkpt>
   <trkpt lat="62.776332" lon="15.383386"><ele>295.5</ele></trkpt>
   <trkpt lat="62.776823" lon="15.382265"><ele>294</ele></trkpt>
   <trkpt lat="62.777301" lon="15.381396"><ele>294</ele></trkpt>
   <trkpt lat="62.777736" lon="15.380779"><ele>294.5</ele></trkpt>
   <trkpt lat="62.77832" lon="15.380023"><ele>294</ele></trkpt>
   <trkpt lat="62.779525" lon="15.378828"><ele>293.75</ele></trkpt>
   <trkpt lat="62.780108" lon="15.378263"><ele>293</ele></trkpt>
   <trkpt lat="62.780933" lon="15.377517"><ele>293</ele></trkpt>
   <trkpt lat="62.78147" lon="15.377115"><ele>291.75</ele></trkpt>
   <trkpt lat="62.782141" lon="15.376683"><ele>292</ele></trkpt>
   <trkpt lat="62.786303" lon="15.374261"><ele>293</ele></trkpt>
   <trkpt lat="62.786838" lon="15.373913"><ele>293.5</ele></trkpt>
   <trkpt lat="62.787302" lon="15.37358"><ele>293.5</ele></trkpt>
   <trkpt lat="62.787687" lon="15.373269"><ele>293</ele></trkpt>
   <trkpt lat="62.787951" lon="15.373073"><ele>293</ele></trkpt>
   <trkpt lat="62.788064" lon="15.372969"><ele>293</ele></trkpt>
   <trkpt lat="62.790092" lon="15.371178"><ele>292.5</ele></trkpt>
   <trkpt lat="62.790848" lon="15.370611"><ele>293.75</ele></trkpt>
   <trkpt lat="62.791248" lon="15.370214"><ele>294.25</ele></trkpt>
   <trkpt lat="62.791978" lon="15.369258"><ele>296</ele></trkpt>
   <trkpt lat="62.792636" lon="15.367991"><ele>294.5</ele></trkpt>
   <trkpt lat="62.793417" lon="15.366233"><ele>292.5</ele></trkpt>
   <trkpt lat="62.793958" lon="15.365208"><ele>293.25</ele></trkpt>
   <trkpt lat="62.794575" lon="15.364297"><ele>293.5</ele></trkpt>
   <trkpt lat="62.795439" lon="15.363303"><ele>294.75</ele></trkpt>
   <trkpt lat="62.795729" lon="15.363003"><ele>294.5</ele></trkpt>
   <trkpt lat="62.796594" lon="15.362114"><ele>294.25</ele></trkpt>
   <trkpt lat="62.800042" lon="15.357467"><ele>296</ele></trkpt>
   <trkpt lat="62.800651" lon="15.356655"><ele>297</ele></trkpt>
   <trkpt lat="62.801012" lon="15.356252"><ele>297.5</ele></trkpt>
   <trkpt lat="62.801435" lon="15.355855"><ele>298.25</ele></trkpt>
   <trkpt lat="62.801958" lon="15.355499"><ele>299</ele></trkpt>
   <trkpt lat="62.802464" lon="15.355269"><ele>298.75</ele></trkpt>
   <trkpt lat="62.802844" lon="15.355177"><ele>299.75</ele></trkpt>
   <trkpt lat="62.803241" lon="15.35514"><ele>301</ele></trkpt>
   <trkpt lat="62.803753" lon="15.355196"><ele>302</ele></trkpt>
   <trkpt lat="62.804106" lon="15.355289"><ele>302.5</ele></trkpt>
   <trkpt lat="62.804466" lon="15.355454"><ele>303</ele></trkpt>
   <trkpt lat="62.804825" lon="15.355675"><ele>303.5</ele></trkpt>
   <trkpt lat="62.805234" lon="15.356001"><ele>303.5</ele></trkpt>
   <trkpt lat="62.805733" lon="15.356443"><ele>302.75</ele></trkpt>
   <trkpt lat="62.806354" lon="15.357327"><ele>302.5</ele></trkpt>
   <trkpt lat="62.807401" lon="15.358897"><ele>301.5</ele></trkpt>
   <trkpt lat="62.807966" lon="15.359786"><ele>301.25</ele></trkpt>
   <trkpt lat="62.808567" lon="15.360487"><ele>300.25</ele></trkpt>
   <trkpt lat="62.809042" lon="15.360895"><ele>299.5</ele></trkpt>
   <trkpt lat="62.809641" lon="15.361193"><ele>297</ele></trkpt>
   <trkpt lat="62.809989" lon="15.361271"><ele>295.5</ele></trkpt>
   <trkpt lat="62.810331" lon="15.36127"><ele>295</ele></trkpt>
   <trkpt lat="62.81087" lon="15.361125"><ele>294.25</ele></trkpt>
   <trkpt lat="62.811451" lon="15.360836"><ele>294</ele></trkpt>
   <trkpt lat="62.811968" lon="15.360368"><ele>293.5</ele></trkpt>
   <trkpt lat="62.81204" lon="15.360301"><ele>293.5</ele></trkpt>
   <trkpt lat="62.81245" lon="15.359752"><ele>293.75</ele></trkpt>
   <trkpt lat="62.812816" lon="15.359131"><ele>293.75</ele></trkpt>
   <trkpt lat="62.813253" lon="15.358215"><ele>293.75</ele></trkpt>
   <trkpt lat="62.813655" lon="15.356931"><ele>292</ele></trkpt>
   <trkpt lat="62.813815" lon="15.356274"><ele>292</ele></trkpt>
   <trkpt lat="62.813962" lon="15.355515"><ele>291.75</ele></trkpt>
   <trkpt lat="62.814129" lon="15.354052"><ele>289.5</ele></trkpt>
   <trkpt lat="62.814254" lon="15.352869"><ele>288.5</ele></trkpt>
   <trkpt lat="62.814357" lon="15.352053"><ele>289</ele></trkpt>
   <trkpt lat="62.814502" lon="15.350718"><ele>289</ele></trkpt>
   <trkpt lat="62.814635" lon="15.349824"><ele>289.5</ele></trkpt>
   <trkpt lat="62.814818" lon="15.348897"><ele>289.75</ele></trkpt>
   <trkpt lat="62.81496" lon="15.348249"><ele>290</ele></trkpt>
   <trkpt lat="62.815135" lon="15.347517"><ele>290.5</ele></trkpt>
   <trkpt lat="62.815431" lon="15.346381"><ele>290.25</ele></trkpt>
   <trkpt lat="62.8155" lon="15.346107"><ele>290.25</ele></trkpt>
   <trkpt lat="62.816162" lon="15.343713"><ele>290.75</ele></trkpt>
   <trkpt lat="62.816586" lon="15.342179"><ele>290.75</ele></trkpt>
   <trkpt lat="62.816881" lon="15.341055"><ele>290.25</ele></trkpt>
   <trkpt lat="62.817193" lon="15.339808"><ele>290.25</ele></trkpt>
   <trkpt lat="62.817247" lon="15.339564"><ele>290.25</ele></trkpt>
   <trkpt lat="62.817438" lon="15.338644"><ele>290</ele></trkpt>
   <trkpt lat="62.817663" lon="15.337375"><ele>290.5</ele></trkpt>
   <trkpt lat="62.817918" lon="15.335755"><ele>290</ele></trkpt>
   <trkpt lat="62.818204" lon="15.33421"><ele>290</ele></trkpt>
   <trkpt lat="62.8184" lon="15.333312"><ele>289.75</ele></trkpt>
   <trkpt lat="62.818686" lon="15.332279"><ele>289.5</ele></trkpt>
   <trkpt lat="62.818928" lon="15.331501"><ele>290</ele></trkpt>
   <trkpt lat="62.819267" lon="15.330493"><ele>290</ele></trkpt>
   <trkpt lat="62.820528" lon="15.326766"><ele>290</ele></trkpt>
   <trkpt lat="62.82176" lon="15.323124"><ele>290.75</ele></trkpt>
   <trkpt lat="62.822335" lon="15.321441"><ele>290.25</ele></trkpt>
   <trkpt lat="62.822352" lon="15.321388"><ele>290.25</ele></trkpt>
   <trkpt lat="62.823006" lon="15.319474"><ele>290.5</ele></trkpt>
   <trkpt lat="62.823798" lon="15.317355"><ele>290.5</ele></trkpt>
   <trkpt lat="62.824177" lon="15.316435"><ele>290.75</ele></trkpt>
   <trkpt lat="62.826059" lon="15.311926"><ele>291.25</ele></trkpt>
   <trkpt lat="62.82709" lon="15.309455"><ele>291</ele></trkpt>
   <trkpt lat="62.827823" lon="15.307754"><ele>291.25</ele></trkpt>
   <trkpt lat="62.828108" lon="15.307162"><ele>291.5</ele></trkpt>
   <trkpt lat="62.828341" lon="15.306732"><ele>291</ele></trkpt>
   <trkpt lat="62.828461" lon="15.306519"><ele>291</ele></trkpt>
   <trkpt lat="62.828773" lon="15.30601"><ele>291</ele></trkpt>
   <trkpt lat="62.828919" lon="15.305823"><ele>291.25</ele></trkpt>
   <trkpt lat="62.829327" lon="15.305267"><ele>292</ele></trkpt>
   <trkpt lat="62.829474" lon="15.305073"><ele>292</ele></trkpt>
   <trkpt lat="62.829879" lon="15.304655"><ele>291.5</ele></trkpt>
   <trkpt lat="62.830283" lon="15.304285"><ele>291.75</ele></trkpt>
   <trkpt lat="62.830715" lon="15.303959"><ele>292.25</ele></trkpt>
   <trkpt lat="62.830908" lon="15.303841"><ele>292.5</ele></trkpt>
   <trkpt lat="62.830915" lon="15.303837"><ele>292.5</ele></trkpt>
   <trkpt lat="62.831122" lon="15.303714"><ele>292.75</ele></trkpt>
   <trkpt lat="62.831454" lon="15.303543"><ele>292.75</ele></trkpt>
   <trkpt lat="62.831924" lon="15.303365"><ele>293</ele></trkpt>
   <trkpt lat="62.833833" lon="15.302742"><ele>293.25</ele></trkpt>
   <trkpt lat="62.839495" lon="15.300895"><ele>293.25</ele></trkpt>
   <trkpt lat="62.839762" lon="15.300804"><ele>293.5</ele></trkpt>
   <trkpt lat="62.842627" lon="15.299868"><ele>290.75</ele></trkpt>
   <trkpt lat="62.846481" lon="15.298604"><ele>290</ele></trkpt>
   <trkpt lat="62.847152" lon="15.298459"><ele>289.25</ele></trkpt>
   <trkpt lat="62.847626" lon="15.298411"><ele>289</ele></trkpt>
   <trkpt lat="62.848239" lon="15.298414"><ele>289.75</ele></trkpt>
   <trkpt lat="62.850307" lon="15.298494"><ele>290.25</ele></trkpt>
   <trkpt lat="62.851174" lon="15.298357"><ele>290.75</ele></trkpt>
   <trkpt lat="62.85164" lon="15.29826"><ele>291</ele></trkpt>
   <trkpt lat="62.852079" lon="15.29817"><ele>291</ele></trkpt>
   <trkpt lat="62.856193" lon="15.297169"><ele>292</ele></trkpt>
   <trkpt lat="62.856996" lon="15.29704"><ele>291.5</ele></trkpt>
   <trkpt lat="62.857752" lon="15.297008"><ele>291.25</ele></trkpt>
   <trkpt lat="62.858345" lon="15.297035"><ele>292</ele></trkpt>
   <trkpt lat="62.85895" lon="15.29715"><ele>292.5</ele></trkpt>
   <trkpt lat="62.859536" lon="15.297311"><ele>293</ele></trkpt>
   <trkpt lat="62.860548" lon="15.297633"><ele>294.25</ele></trkpt>
   <trkpt lat="62.863602" lon="15.298701"><ele>293.25</ele></trkpt>
   <trkpt lat="62.864498" lon="15.29902"><ele>292.5</ele></trkpt>
   <trkpt lat="62.864904" lon="15.299111"><ele>292.75</ele></trkpt>
   <trkpt lat="62.865313" lon="15.299159"><ele>293</ele></trkpt>
   <trkpt lat="62.865656" lon="15.299116"><ele>293</ele></trkpt>
   <trkpt lat="62.86601" lon="15.299031"><ele>293</ele></trkpt>
   <trkpt lat="62.866576" lon="15.298832"><ele>294</ele></trkpt>
   <trkpt lat="62.867373" lon="15.298424"><ele>294.5</ele></trkpt>
   <trkpt lat="62.86937" lon="15.297249"><ele>294.5</ele></trkpt>
   <trkpt lat="62.877717" lon="15.292494"><ele>296.25</ele></trkpt>
   <trkpt lat="62.878049" lon="15.292306"><ele>296</ele></trkpt>
   <trkpt lat="62.879243" lon="15.291628"><ele>297</ele></trkpt>
   <trkpt lat="62.879972" lon="15.291102"><ele>297.25</ele></trkpt>
   <trkpt lat="62.880556" lon="15.290533"><ele>296.25</ele></trkpt>
   <trkpt lat="62.881178" lon="15.28975"><ele>295.75</ele></trkpt>
   <trkpt lat="62.881723" lon="15.288908"><ele>295.5</ele></trkpt>
   <trkpt lat="62.885601" lon="15.282224"><ele>297</ele></trkpt>
   <trkpt lat="62.886588" lon="15.280525"><ele>298.5</ele></trkpt>
   <trkpt lat="62.887238" lon="15.27934"><ele>300.25</ele></trkpt>
   <trkpt lat="62.887569" lon="15.278571"><ele>299.75</ele></trkpt>
   <trkpt lat="62.887804" lon="15.277911"><ele>299.25</ele></trkpt>
   <trkpt lat="62.888053" lon="15.276961"><ele>297.75</ele></trkpt>
   <trkpt lat="62.888244" lon="15.276012"><ele>297.5</ele></trkpt>
   <trkpt lat="62.888389" lon="15.274899"><ele>297</ele></trkpt>
   <trkpt lat="62.888458" lon="15.273874"><ele>295.5</ele></trkpt>
   <trkpt lat="62.888488" lon="15.273048"><ele>294.75</ele></trkpt>
   <trkpt lat="62.888541" lon="15.270487"><ele>295.25</ele></trkpt>
   <trkpt lat="62.888595" lon="15.269581"><ele>295.5</ele></trkpt>
   <trkpt lat="62.888685" lon="15.268691"><ele>296.5</ele></trkpt>
   <trkpt lat="62.888856" lon="15.267634"><ele>298</ele></trkpt>
   <trkpt lat="62.88909" lon="15.266674"><ele>299</ele></trkpt>
   <trkpt lat="62.889304" lon="15.265959"><ele>299.75</ele></trkpt>
   <trkpt lat="62.889454" lon="15.265539"><ele>300.5</ele></trkpt>
   <trkpt lat="62.889581" lon="15.265191"><ele>300.75</ele></trkpt>
   <trkpt lat="62.889938" lon="15.264439"><ele>300.5</ele></trkpt>
   <trkpt lat="62.890195" lon="15.263993"><ele>300</ele></trkpt>
   <trkpt lat="62.890553" lon="15.263482"><ele>299.25</ele></trkpt>
   <trkpt lat="62.89098" lon="15.262996"><ele>299.75</ele></trkpt>
   <trkpt lat="62.891398" lon="15.262636"><ele>300</ele></trkpt>
   <trkpt lat="62.891769" lon="15.262432"><ele>300.75</ele></trkpt>
   <trkpt lat="62.892584" lon="15.262107"><ele>301</ele></trkpt>
   <trkpt lat="62.893596" lon="15.261788"><ele>303.75</ele></trkpt>
   <trkpt lat="62.894263" lon="15.261718"><ele>304</ele></trkpt>
   <trkpt lat="62.894919" lon="15.261769"><ele>304</ele></trkpt>
   <trkpt lat="62.895633" lon="15.261973"><ele>304.75</ele></trkpt>
   <trkpt lat="62.89627" lon="15.262266"><ele>304.25</ele></trkpt>
   <trkpt lat="62.897869" lon="15.262966"><ele>302.5</ele></trkpt>
   <trkpt lat="62.900852" lon="15.264252"><ele>301</ele></trkpt>
   <trkpt lat="62.901634" lon="15.264425"><ele>300.25</ele></trkpt>
   <trkpt lat="62.902234" lon="15.264508"><ele>298.5</ele></trkpt>
   <trkpt lat="62.902797" lon="15.264486"><ele>297.25</ele></trkpt>
   <trkpt lat="62.903349" lon="15.264403"><ele>296.5</ele></trkpt>
   <trkpt lat="62.904054" lon="15.26425"><ele>296.25</ele></trkpt>
   <trkpt lat="62.906753" lon="15.263339"><ele>293</ele></trkpt>
   <trkpt lat="62.911108" lon="15.261873"><ele>290.25</ele></trkpt>
   <trkpt lat="62.91142" lon="15.261732"><ele>290</ele></trkpt>
   <trkpt lat="62.912104" lon="15.261383"><ele>290.25</ele></trkpt>
   <trkpt lat="62.91259" lon="15.261099"><ele>290.25</ele></trkpt>
   <trkpt lat="62.913399" lon="15.260423"><ele>290</ele></trkpt>
   <trkpt lat="62.913523" lon="15.260305"><ele>290</ele></trkpt>
   <trkpt lat="62.913726" lon="15.260074"><ele>290.25</ele></trkpt>
   <trkpt lat="62.913914" lon="15.259822"><ele>290.25</ele></trkpt>
   <trkpt lat="62.914144" lon="15.259484"><ele>290.25</ele></trkpt>
   <trkpt lat="62.914359" lon="15.259125"><ele>290</ele></trkpt>
   <trkpt lat="62.914531" lon="15.258792"><ele>290</ele></trkpt>
   <trkpt lat="62.914688" lon="15.258449"><ele>290.5</ele></trkpt>
   <trkpt lat="62.914808" lon="15.258135"><ele>290.5</ele></trkpt>
   <trkpt lat="62.915055" lon="15.257358"><ele>290</ele></trkpt>
   <trkpt lat="62.915134" lon="15.257114"><ele>290</ele></trkpt>
   <trkpt lat="62.915334" lon="15.256371"><ele>289.75</ele></trkpt>
   <trkpt lat="62.915502" lon="15.255543"><ele>289.5</ele></trkpt>
   <trkpt lat="62.915651" lon="15.254495"><ele>289.75</ele></trkpt>
   <trkpt lat="62.915745" lon="15.253642"><ele>289.75</ele></trkpt>
   <trkpt lat="62.915774" lon="15.25265"><ele>289.75</ele></trkpt>
   <trkpt lat="62.915773" lon="15.251722"><ele>289.75</ele></trkpt>
   <trkpt lat="62.915728" lon="15.250779"><ele>289.75</ele></trkpt>
   <trkpt lat="62.915675" lon="15.250294"><ele>289.75</ele></trkpt>
   <trkpt lat="62.915612" lon="15.249744"><ele>289.5</ele></trkpt>
   <trkpt lat="62.915447" lon="15.248445"><ele>289</ele></trkpt>
   <trkpt lat="62.915367" lon="15.247834"><ele>289</ele></trkpt>
   <trkpt lat="62.91517" lon="15.246324"><ele>289</ele></trkpt>
   <trkpt lat="62.915051" lon="15.245558"><ele>289</ele></trkpt>
   <trkpt lat="62.914864" lon="15.244717"><ele>289</ele></trkpt>
   <trkpt lat="62.914638" lon="15.24388"><ele>289</ele></trkpt>
   <trkpt lat="62.914528" lon="15.243554"><ele>289.25</ele></trkpt>
   <trkpt lat="62.914356" lon="15.243082"><ele>290</ele></trkpt>
   <trkpt lat="62.91408" lon="15.242457"><ele>290.75</ele></trkpt>
   <trkpt lat="62.913802" lon="15.241936"><ele>291.25</ele></trkpt>
   <trkpt lat="62.913736" lon="15.24183"><ele>291.5</ele></trkpt>
   <trkpt lat="62.913722" lon="15.241808"><ele>291.5</ele></trkpt>
   <trkpt lat="62.913446" lon="15.241418"><ele>291.75</ele></trkpt>
   <trkpt lat="62.913057" lon="15.240902"><ele>292</ele></trkpt>
   <trkpt lat="62.91298" lon="15.240809"><ele>292</ele></trkpt>
   <trkpt lat="62.912709" lon="15.240448"><ele>291.75</ele></trkpt>
   <trkpt lat="62.912345" lon="15.239963"><ele>291.75</ele></trkpt>
   <trkpt lat="62.912107" lon="15.239606"><ele>292.25</ele></trkpt>
   <trkpt lat="62.911817" lon="15.239022"><ele>293.25</ele></trkpt>
   <trkpt lat="62.911569" lon="15.238383"><ele>293.75</ele></trkpt>
   <trkpt lat="62.911363" lon="15.237702"><ele>294</ele></trkpt>
   <trkpt lat="62.911177" lon="15.236878"><ele>294</ele></trkpt>
   <trkpt lat="62.91107" lon="15.236294"><ele>293.5</ele></trkpt>
   <trkpt lat="62.910965" lon="15.235293"><ele>292.5</ele></trkpt>
   <trkpt lat="62.910951" lon="15.234947"><ele>292.5</ele></trkpt>
   <trkpt lat="62.910941" lon="15.233877"><ele>292.5</ele></trkpt>
   <trkpt lat="62.910949" lon="15.233496"><ele>292.5</ele></trkpt>
   <trkpt lat="62.910956" lon="15.233311"><ele>292.5</ele></trkpt>
   <trkpt lat="62.910998" lon="15.232709"><ele>292.75</ele></trkpt>
   <trkpt lat="62.911207" lon="15.229989"><ele>293.75</ele></trkpt>
   <trkpt lat="62.91122" lon="15.229727"><ele>293.5</ele></trkpt>
   <trkpt lat="62.911448" lon="15.226767"><ele>292.75</ele></trkpt>
   <trkpt lat="62.911787" lon="15.222599"><ele>294.25</ele></trkpt>
   <trkpt lat="62.911856" lon="15.221685"><ele>294</ele></trkpt>
   <trkpt lat="62.911898" lon="15.220833"><ele>295.25</ele></trkpt>
   <trkpt lat="62.911903" lon="15.220619"><ele>295.25</ele></trkpt>
   <trkpt lat="62.911911" lon="15.219844"><ele>295.5</ele></trkpt>
   <trkpt lat="62.911906" lon="15.219064"><ele>296</ele></trkpt>
   <trkpt lat="62.911891" lon="15.218619"><ele>295.75</ele></trkpt>
   <trkpt lat="62.911832" lon="15.21705"><ele>294.75</ele></trkpt>
   <trkpt lat="62.911656" lon="15.213272"><ele>291.75</ele></trkpt>
   <trkpt lat="62.911634" lon="15.212594"><ele>291.75</ele></trkpt>
   <trkpt lat="62.911622" lon="15.211934"><ele>292.25</ele></trkpt>
   <trkpt lat="62.91162" lon="15.211282"><ele>293.5</ele></trkpt>
   <trkpt lat="62.911635" lon="15.210657"><ele>294.75</ele></trkpt>
   <trkpt lat="62.91169" lon="15.209841"><ele>294.75</ele></trkpt>
   <trkpt lat="62.911693" lon="15.209794"><ele>294.75</ele></trkpt>
   <trkpt lat="62.911722" lon="15.209431"><ele>294.5</ele></trkpt>
   <trkpt lat="62.911788" lon="15.208785"><ele>293.75</ele></trkpt>
   <trkpt lat="62.91187" lon="15.208147"><ele>293</ele></trkpt>
   <trkpt lat="62.912444" lon="15.204915"><ele>295</ele></trkpt>
   <trkpt lat="62.912604" lon="15.203914"><ele>294.5</ele></trkpt>
   <trkpt lat="62.912688" lon="15.203272"><ele>295.5</ele></trkpt>
   <trkpt lat="62.912813" lon="15.202128"><ele>295.75</ele></trkpt>
   <trkpt lat="62.913153" lon="15.198818"><ele>297.25</ele></trkpt>
   <trkpt lat="62.913211" lon="15.198359"><ele>297.5</ele></trkpt>
   <trkpt lat="62.913503" lon="15.19646"><ele>300.5</ele></trkpt>
   <trkpt lat="62.913584" lon="15.195859"><ele>301.5</ele></trkpt>
   <trkpt lat="62.913656" lon="15.195269"><ele>302.25</ele></trkpt>
   <trkpt lat="62.913716" lon="15.194695"><ele>302.25</ele></trkpt>
   <trkpt lat="62.913754" lon="15.19421"><ele>301.25</ele></trkpt>
   <trkpt lat="62.913782" lon="15.193743"><ele>299.5</ele></trkpt>
   <trkpt lat="62.913798" lon="15.193191"><ele>297.5</ele></trkpt>
   <trkpt lat="62.913802" lon="15.192635"><ele>297.5</ele></trkpt>
   <trkpt lat="62.913788" lon="15.192185"><ele>297.5</ele></trkpt>
   <trkpt lat="62.913766" lon="15.191745"><ele>298</ele></trkpt>
   <trkpt lat="62.913728" lon="15.191265"><ele>298.25</ele></trkpt>
   <trkpt lat="62.913681" lon="15.190803"><ele>298.75</ele></trkpt>
   <trkpt lat="62.913608" lon="15.190288"><ele>298.5</ele></trkpt>
   <trkpt lat="62.913525" lon="15.18979"><ele>298.5</ele></trkpt>
   <trkpt lat="62.913393" lon="15.189151"><ele>298.5</ele></trkpt>
   <trkpt lat="62.91323" lon="15.188505"><ele>299.75</ele></trkpt>
   <trkpt lat="62.913049" lon="15.187891"><ele>301</ele></trkpt>
   <trkpt lat="62.912995" lon="15.187737"><ele>301.5</ele></trkpt>
   <trkpt lat="62.912858" lon="15.18737"><ele>302</ele></trkpt>
   <trkpt lat="62.912571" lon="15.186673"><ele>302.25</ele></trkpt>
   <trkpt lat="62.912248" lon="15.186037"><ele>302.25</ele></trkpt>
   <trkpt lat="62.911887" lon="15.185417"><ele>301.75</ele></trkpt>
   <trkpt lat="62.911449" lon="15.184667"><ele>302</ele></trkpt>
   <trkpt lat="62.910967" lon="15.183741"><ele>303</ele></trkpt>
   <trkpt lat="62.910579" lon="15.182899"><ele>303.5</ele></trkpt>
   <trkpt lat="62.910009" lon="15.181561"><ele>303.25</ele></trkpt>
   <trkpt lat="62.909537" lon="15.180477"><ele>303.25</ele></trkpt>
   <trkpt lat="62.909008" lon="15.179171"><ele>304.25</ele></trkpt>
   <trkpt lat="62.90883" lon="15.178628"><ele>305</ele></trkpt>
   <trkpt lat="62.908673" lon="15.178102"><ele>305.75</ele></trkpt>
   <trkpt lat="62.90859" lon="15.177784"><ele>306</ele></trkpt>
   <trkpt lat="62.908424" lon="15.177068"><ele>307.25</ele></trkpt>
   <trkpt lat="62.908321" lon="15.17658"><ele>308</ele></trkpt>
   <trkpt lat="62.908221" lon="15.176062"><ele>308</ele></trkpt>
   <trkpt lat="62.90816" lon="15.175648"><ele>308.25</ele></trkpt>
   <trkpt lat="62.908082" lon="15.175051"><ele>308.5</ele></trkpt>
   <trkpt lat="62.907981" lon="15.174085"><ele>309.25</ele></trkpt>
   <trkpt lat="62.907946" lon="15.173596"><ele>309.25</ele></trkpt>
   <trkpt lat="62.907916" lon="15.173015"><ele>309.25</ele></trkpt>
   <trkpt lat="62.907896" lon="15.171972"><ele>309.25</ele></trkpt>
   <trkpt lat="62.907926" lon="15.170818"><ele>309</ele></trkpt>
   <trkpt lat="62.907983" lon="15.169928"><ele>310.25</ele></trkpt>
   <trkpt lat="62.908014" lon="15.169623"><ele>310.5</ele></trkpt>
   <trkpt lat="62.908104" lon="15.168906"><ele>311.75</ele></trkpt>
   <trkpt lat="62.908169" lon="15.16845"><ele>312.5</ele></trkpt>
   <trkpt lat="62.908649" lon="15.165494"><ele>316.5</ele></trkpt>
   <trkpt lat="62.908785" lon="15.164539"><ele>312.75</ele></trkpt>
   <trkpt lat="62.908893" lon="15.163579"><ele>309.25</ele></trkpt>
   <trkpt lat="62.908939" lon="15.163064"><ele>308.5</ele></trkpt>
   <trkpt lat="62.908974" lon="15.162552"><ele>308.5</ele></trkpt>
   <trkpt lat="62.908994" lon="15.162096"><ele>309.25</ele></trkpt>
   <trkpt lat="62.909007" lon="15.161626"><ele>310.25</ele></trkpt>
   <trkpt lat="62.909002" lon="15.161007"><ele>311.25</ele></trkpt>
   <trkpt lat="62.908989" lon="15.160427"><ele>313.25</ele></trkpt>
   <trkpt lat="62.908963" lon="15.159883"><ele>315</ele></trkpt>
   <trkpt lat="62.908767" lon="15.157136"><ele>318.25</ele></trkpt>
   <trkpt lat="62.908739" lon="15.15664"><ele>318.25</ele></trkpt>
   <trkpt lat="62.908723" lon="15.15616"><ele>318</ele></trkpt>
   <trkpt lat="62.908718" lon="15.15524"><ele>317.75</ele></trkpt>
   <trkpt lat="62.908726" lon="15.154682"><ele>317.75</ele></trkpt>
   <trkpt lat="62.908743" lon="15.154167"><ele>318.25</ele></trkpt>
   <trkpt lat="62.908776" lon="15.153695"><ele>318.75</ele></trkpt>
   <trkpt lat="62.908818" lon="15.153236"><ele>319.75</ele></trkpt>
   <trkpt lat="62.908883" lon="15.152727"><ele>321</ele></trkpt>
   <trkpt lat="62.908955" lon="15.152239"><ele>322</ele></trkpt>
   <trkpt lat="62.909132" lon="15.151292"><ele>322.75</ele></trkpt>
   <trkpt lat="62.90927" lon="15.150683"><ele>322.5</ele></trkpt>
   <trkpt lat="62.909456" lon="15.149921"><ele>322</ele></trkpt>
   <trkpt lat="62.909566" lon="15.149492"><ele>321.25</ele></trkpt>
   <trkpt lat="62.909683" lon="15.149074"><ele>321</ele></trkpt>
   <trkpt lat="62.90983" lon="15.148594"><ele>321</ele></trkpt>
   <trkpt lat="62.909983" lon="15.148124"><ele>321.5</ele></trkpt>
   <trkpt lat="62.910624" lon="15.146327"><ele>322.25</ele></trkpt>
   <trkpt lat="62.910902" lon="15.145579"><ele>322.25</ele></trkpt>
   <trkpt lat="62.911117" lon="15.145037"><ele>322.5</ele></trkpt>
   <trkpt lat="62.911517" lon="15.144168"><ele>325</ele></trkpt>
   <trkpt lat="62.911659" lon="15.143878"><ele>324.75</ele></trkpt>
   <trkpt lat="62.912142" lon="15.143025"><ele>322.5</ele></trkpt>
   <trkpt lat="62.912578" lon="15.142288"><ele>323.75</ele></trkpt>
   <trkpt lat="62.912968" lon="15.14159"><ele>325.75</ele></trkpt>
   <trkpt lat="62.913858" lon="15.139788"><ele>329.75</ele></trkpt>
   <trkpt lat="62.913975" lon="15.139522"><ele>329.25</ele></trkpt>
   <trkpt lat="62.914253" lon="15.138781"><ele>328</ele></trkpt>
   <trkpt lat="62.91439" lon="15.13835"><ele>326.5</ele></trkpt>
   <trkpt lat="62.914514" lon="15.137905"><ele>327.25</ele></trkpt>
   <trkpt lat="62.914633" lon="15.137414"><ele>327.25</ele></trkpt>
   <trkpt lat="62.914758" lon="15.136821"><ele>327.25</ele></trkpt>
   <trkpt lat="62.914855" lon="15.136229"><ele>327.5</ele></trkpt>
   <trkpt lat="62.914902" lon="15.135904"><ele>327.75</ele></trkpt>
   <trkpt lat="62.914941" lon="15.135574"><ele>328</ele></trkpt>
   <trkpt lat="62.915003" lon="15.13493"><ele>329</ele></trkpt>
   <trkpt lat="62.915073" lon="15.133951"><ele>331</ele></trkpt>
   <trkpt lat="62.915115" lon="15.132937"><ele>331</ele></trkpt>
   <trkpt lat="62.915135" lon="15.132149"><ele>331.25</ele></trkpt>
   <trkpt lat="62.915172" lon="15.131398"><ele>331.25</ele></trkpt>
   <trkpt lat="62.915326" lon="15.129646"><ele>333.75</ele></trkpt>
   <trkpt lat="62.915382" lon="15.129166"><ele>334.75</ele></trkpt>
   <trkpt lat="62.915465" lon="15.128638"><ele>335.25</ele></trkpt>
   <trkpt lat="62.915553" lon="15.12816"><ele>334.5</ele></trkpt>
   <trkpt lat="62.91564" lon="15.127747"><ele>332.25</ele></trkpt>
   <trkpt lat="62.91574" lon="15.127358"><ele>330.25</ele></trkpt>
   <trkpt lat="62.916016" lon="15.126471"><ele>327.75</ele></trkpt>
   <trkpt lat="62.916553" lon="15.124851"><ele>325.5</ele></trkpt>
   <trkpt lat="62.916679" lon="15.124446"><ele>325.5</ele></trkpt>
   <trkpt lat="62.916793" lon="15.124038"><ele>326.25</ele></trkpt>
   <trkpt lat="62.91696" lon="15.123362"><ele>326.25</ele></trkpt>
   <trkpt lat="62.917054" lon="15.122917"><ele>326.25</ele></trkpt>
   <trkpt lat="62.917137" lon="15.122469"><ele>326</ele></trkpt>
   <trkpt lat="62.917485" lon="15.120379"><ele>325.25</ele></trkpt>
   <trkpt lat="62.917492" lon="15.120336"><ele>325.25</ele></trkpt>
   <trkpt lat="62.917892" lon="15.117938"><ele>324.75</ele></trkpt>
   <trkpt lat="62.91808" lon="15.116772"><ele>324.75</ele></trkpt>
   <trkpt lat="62.918308" lon="15.115441"><ele>325</ele></trkpt>
   <trkpt lat="62.91849" lon="15.11444"><ele>324.25</ele></trkpt>
   <trkpt lat="62.918739" lon="15.11341"><ele>324.75</ele></trkpt>
   <trkpt lat="62.919" lon="15.112526"><ele>326.75</ele></trkpt>
   <trkpt lat="62.919299" lon="15.11165"><ele>326.5</ele></trkpt>
   <trkpt lat="62.920679" lon="15.107715"><ele>323</ele></trkpt>
   <trkpt lat="62.920943" lon="15.106982"><ele>322.75</ele></trkpt>
   <trkpt lat="62.921076" lon="15.10664"><ele>322.5</ele></trkpt>
   <trkpt lat="62.921218" lon="15.106303"><ele>323.25</ele></trkpt>
   <trkpt lat="62.921359" lon="15.106005"><ele>324.5</ele></trkpt>
   <trkpt lat="62.921505" lon="15.105726"><ele>326</ele></trkpt>
   <trkpt lat="62.921674" lon="15.105454"><ele>327.25</ele></trkpt>
   <trkpt lat="62.921847" lon="15.105206"><ele>326.5</ele></trkpt>
   <trkpt lat="62.922019" lon="15.104981"><ele>325.25</ele></trkpt>
   <trkpt lat="62.922196" lon="15.10478"><ele>324</ele></trkpt>
   <trkpt lat="62.922364" lon="15.104637"><ele>323.25</ele></trkpt>
   <trkpt lat="62.922534" lon="15.104514"><ele>322.75</ele></trkpt>
   <trkpt lat="62.922714" lon="15.104403"><ele>321.5</ele></trkpt>
   <trkpt lat="62.922895" lon="15.104316"><ele>321</ele></trkpt>
   <trkpt lat="62.92307" lon="15.104263"><ele>320.5</ele></trkpt>
   <trkpt lat="62.923357" lon="15.104212"><ele>320.25</ele></trkpt>
   <trkpt lat="62.923476" lon="15.104204"><ele>319.75</ele></trkpt>
   <trkpt lat="62.923555" lon="15.104206"><ele>319.5</ele></trkpt>
   <trkpt lat="62.923881" lon="15.104259"><ele>318.5</ele></trkpt>
   <trkpt lat="62.924172" lon="15.104395"><ele>318.25</ele></trkpt>
   <trkpt lat="62.924782" lon="15.104664"><ele>317.75</ele></trkpt>
   <trkpt lat="62.925419" lon="15.104967"><ele>319.5</ele></trkpt>
   <trkpt lat="62.925733" lon="15.105091"><ele>320.75</ele></trkpt>
   <trkpt lat="62.926101" lon="15.105147"><ele>321.5</ele></trkpt>
   <trkpt lat="62.927893" lon="15.105045"><ele>318.25</ele></trkpt>
   <trkpt lat="62.928437" lon="15.105126"><ele>317.25</ele></trkpt>
   <trkpt lat="62.928954" lon="15.105276"><ele>316</ele></trkpt>
   <trkpt lat="62.929457" lon="15.105474"><ele>315</ele></trkpt>
   <trkpt lat="62.929994" lon="15.105807"><ele>316.5</ele></trkpt>
   <trkpt lat="62.931252" lon="15.106502"><ele>316</ele></trkpt>
   <trkpt lat="62.931927" lon="15.106853"><ele>315.5</ele></trkpt>
   <trkpt lat="62.932755" lon="15.107124"><ele>311.5</ele></trkpt>
   <trkpt lat="62.932996" lon="15.107182"><ele>310</ele></trkpt>
   <trkpt lat="62.933314" lon="15.107247"><ele>308</ele></trkpt>
   <trkpt lat="62.933543" lon="15.107279"><ele>308.5</ele></trkpt>
   <trkpt lat="62.934019" lon="15.107231"><ele>308.5</ele></trkpt>
   <trkpt lat="62.93439" lon="15.107156"><ele>310.25</ele></trkpt>
   <trkpt lat="62.934818" lon="15.106995"><ele>312.75</ele></trkpt>
   <trkpt lat="62.93522" lon="15.106802"><ele>313.5</ele></trkpt>
   <trkpt lat="62.935422" lon="15.106684"><ele>313.75</ele></trkpt>
   <trkpt lat="62.938818" lon="15.104452"><ele>310.25</ele></trkpt>
   <trkpt lat="62.939867" lon="15.103819"><ele>310.75</ele></trkpt>
   <trkpt lat="62.941702" lon="15.103386"><ele>309.75</ele></trkpt>
   <trkpt lat="62.942366" lon="15.103229"><ele>310.25</ele></trkpt>
   <trkpt lat="62.943518" lon="15.102929"><ele>308.75</ele></trkpt>
   <trkpt lat="62.944591" lon="15.102693"><ele>307.25</ele></trkpt>
   <trkpt lat="62.945938" lon="15.101996"><ele>306.5</ele></trkpt>
   <trkpt lat="62.947192" lon="15.101223"><ele>305.75</ele></trkpt>
   <trkpt lat="62.9481" lon="15.100322"><ele>305.25</ele></trkpt>
   <trkpt lat="62.948983" lon="15.099324"><ele>303.5</ele></trkpt>
   <trkpt lat="62.94967" lon="15.098393"><ele>304</ele></trkpt>
   <trkpt lat="62.950098" lon="15.097691"><ele>302.25</ele></trkpt>
   <trkpt lat="62.950259" lon="15.097428"><ele>301.5</ele></trkpt>
   <trkpt lat="62.950401" lon="15.097162"><ele>300.75</ele></trkpt>
   <trkpt lat="62.950566" lon="15.096771"><ele>299.75</ele></trkpt>
   <trkpt lat="62.950715" lon="15.096379"><ele>299.25</ele></trkpt>
   <trkpt lat="62.950834" lon="15.096017"><ele>299</ele></trkpt>
   <trkpt lat="62.95094" lon="15.09566"><ele>299.5</ele></trkpt>
   <trkpt lat="62.951057" lon="15.095151"><ele>299.5</ele></trkpt>
   <trkpt lat="62.951157" lon="15.094662"><ele>299</ele></trkpt>
   <trkpt lat="62.95122" lon="15.094252"><ele>298.5</ele></trkpt>
   <trkpt lat="62.951271" lon="15.093852"><ele>298.25</ele></trkpt>
   <trkpt lat="62.951315" lon="15.093412"><ele>298</ele></trkpt>
   <trkpt lat="62.95135" lon="15.092967"><ele>298</ele></trkpt>
   <trkpt lat="62.951367" lon="15.092645"><ele>297.75</ele></trkpt>
   <trkpt lat="62.951369" lon="15.092323"><ele>297.5</ele></trkpt>
   <trkpt lat="62.951358" lon="15.091878"><ele>296.75</ele></trkpt>
   <trkpt lat="62.951334" lon="15.091425"><ele>296</ele></trkpt>
   <trkpt lat="62.951307" lon="15.090953"><ele>295.75</ele></trkpt>
   <trkpt lat="62.951284" lon="15.090596"><ele>295.75</ele></trkpt>
   <trkpt lat="62.951219" lon="15.089896"><ele>296.5</ele></trkpt>
   <trkpt lat="62.951115" lon="15.089164"><ele>297</ele></trkpt>
   <trkpt lat="62.951054" lon="15.088818"><ele>297.75</ele></trkpt>
   <trkpt lat="62.950976" lon="15.088464"><ele>298.5</ele></trkpt>
   <trkpt lat="62.95089" lon="15.08812"><ele>299.5</ele></trkpt>
   <trkpt lat="62.950797" lon="15.087785"><ele>300.25</ele></trkpt>
   <trkpt lat="62.95069" lon="15.087463"><ele>300.75</ele></trkpt>
   <trkpt lat="62.950488" lon="15.086908"><ele>302.5</ele></trkpt>
   <trkpt lat="62.95027" lon="15.08642"><ele>304</ele></trkpt>
   <trkpt lat="62.950027" lon="15.085996"><ele>304.5</ele></trkpt>
   <trkpt lat="62.949799" lon="15.085655"><ele>305.5</ele></trkpt>
   <trkpt lat="62.949506" lon="15.085304"><ele>306</ele></trkpt>
   <trkpt lat="62.949153" lon="15.08498"><ele>306</ele></trkpt>
   <trkpt lat="62.948751" lon="15.084738"><ele>305.75</ele></trkpt>
   <trkpt lat="62.948392" lon="15.084647"><ele>305.5</ele></trkpt>
   <trkpt lat="62.948055" lon="15.084639"><ele>304.75</ele></trkpt>
   <trkpt lat="62.947666" lon="15.084698"><ele>303.75</ele></trkpt>
   <trkpt lat="62.947313" lon="15.084824"><ele>303</ele></trkpt>
   <trkpt lat="62.946843" lon="15.085022"><ele>302.75</ele></trkpt>
   <trkpt lat="62.946284" lon="15.085232"><ele>302</ele></trkpt>
   <trkpt lat="62.94598" lon="15.085309"><ele>301.5</ele></trkpt>
   <trkpt lat="62.945791" lon="15.085334"><ele>301.25</ele></trkpt>
   <trkpt lat="62.945597" lon="15.085336"><ele>301.25</ele></trkpt>
   <trkpt lat="62.945375" lon="15.085301"><ele>301.5</ele></trkpt>
   <trkpt lat="62.944982" lon="15.085224"><ele>301.75</ele></trkpt>
   <trkpt lat="62.944815" lon="15.085157"><ele>302</ele></trkpt>
   <trkpt lat="62.944628" lon="15.085044"><ele>302.25</ele></trkpt>
   <trkpt lat="62.944452" lon="15.084904"><ele>302.75</ele></trkpt>
   <trkpt lat="62.944278" lon="15.084736"><ele>303.25</ele></trkpt>
   <trkpt lat="62.943936" lon="15.084373"><ele>304.5</ele></trkpt>
   <trkpt lat="62.943773" lon="15.084162"><ele>305.5</ele></trkpt>
   <trkpt lat="62.943435" lon="15.083647"><ele>307.75</ele></trkpt>
   <trkpt lat="62.943268" lon="15.083384"><ele>308.5</ele></trkpt>
   <trkpt lat="62.943115" lon="15.083105"><ele>309.5</ele></trkpt>
   <trkpt lat="62.942868" lon="15.082493"><ele>311.25</ele></trkpt>
   <trkpt lat="62.94261" lon="15.081801"><ele>311.5</ele></trkpt>
   <trkpt lat="62.94251" lon="15.081473"><ele>311.5</ele></trkpt>
   <trkpt lat="62.942422" lon="15.081144"><ele>312</ele></trkpt>
   <trkpt lat="62.94229" lon="15.080532"><ele>313</ele></trkpt>
   <trkpt lat="62.942223" lon="15.080193"><ele>313.25</ele></trkpt>
   <trkpt lat="62.942165" lon="15.079859"><ele>313.25</ele></trkpt>
   <trkpt lat="62.942123" lon="15.079513"><ele>313</ele></trkpt>
   <trkpt lat="62.942051" lon="15.07878"><ele>312.5</ele></trkpt>
   <trkpt lat="62.942001" lon="15.078004"><ele>311</ele></trkpt>
   <trkpt lat="62.941988" lon="15.077606"><ele>309.75</ele></trkpt>
   <trkpt lat="62.941988" lon="15.07681"><ele>308</ele></trkpt>
   <trkpt lat="62.941994" lon="15.076398"><ele>307</ele></trkpt>
   <trkpt lat="62.942009" lon="15.076008"><ele>306.25</ele></trkpt>
   <trkpt lat="62.942046" lon="15.075568"><ele>305.5</ele></trkpt>
   <trkpt lat="62.942135" lon="15.074759"><ele>304</ele></trkpt>
   <trkpt lat="62.942187" lon="15.074398"><ele>303.25</ele></trkpt>
   <trkpt lat="62.942274" lon="15.073919"><ele>302.75</ele></trkpt>
   <trkpt lat="62.942344" lon="15.073591"><ele>302.5</ele></trkpt>
   <trkpt lat="62.942442" lon="15.073183"><ele>302</ele></trkpt>
   <trkpt lat="62.942544" lon="15.0728"><ele>301.25</ele></trkpt>
   <trkpt lat="62.942655" lon="15.072464"><ele>300.75</ele></trkpt>
   <trkpt lat="62.942916" lon="15.07177"><ele>300.5</ele></trkpt>
   <trkpt lat="62.943066" lon="15.0714"><ele>300.5</ele></trkpt>
   <trkpt lat="62.943292" lon="15.070887"><ele>300.75</ele></trkpt>
   <trkpt lat="62.944023" lon="15.069425"><ele>301.75</ele></trkpt>
   <trkpt lat="62.944201" lon="15.069034"><ele>301.75</ele></trkpt>
   <trkpt lat="62.944366" lon="15.068634"><ele>302.5</ele></trkpt>
   <trkpt lat="62.944546" lon="15.068159"><ele>302.5</ele></trkpt>
   <trkpt lat="62.944643" lon="15.067897"><ele>302.5</ele></trkpt>
   <trkpt lat="62.944771" lon="15.067484"><ele>301.5</ele></trkpt>
   <trkpt lat="62.944887" lon="15.06707"><ele>301.25</ele></trkpt>
   <trkpt lat="62.945347" lon="15.065258"><ele>300</ele></trkpt>
   <trkpt lat="62.945617" lon="15.064129"><ele>298.75</ele></trkpt>
   <trkpt lat="62.94612" lon="15.062114"><ele>297.5</ele></trkpt>
   <trkpt lat="62.946739" lon="15.059629"><ele>296.5</ele></trkpt>
   <trkpt lat="62.947219" lon="15.057676"><ele>295.75</ele></trkpt>
   <trkpt lat="62.948017" lon="15.054478"><ele>295.5</ele></trkpt>
   <trkpt lat="62.948189" lon="15.053816"><ele>295</ele></trkpt>
   <trkpt lat="62.948368" lon="15.053169"><ele>294.5</ele></trkpt>
   <trkpt lat="62.948506" lon="15.052705"><ele>293.75</ele></trkpt>
   <trkpt lat="62.948649" lon="15.052247"><ele>293</ele></trkpt>
   <trkpt lat="62.948794" lon="15.051841"><ele>292.5</ele></trkpt>
   <trkpt lat="62.949104" lon="15.051038"><ele>292.75</ele></trkpt>
   <trkpt lat="62.949275" lon="15.050635"><ele>293</ele></trkpt>
   <trkpt lat="62.949497" lon="15.050151"><ele>292.75</ele></trkpt>
   <trkpt lat="62.949727" lon="15.049682"><ele>292.75</ele></trkpt>
   <trkpt lat="62.950127" lon="15.048967"><ele>292.25</ele></trkpt>
   <trkpt lat="62.950698" lon="15.04802"><ele>292.25</ele></trkpt>
   <trkpt lat="62.950702" lon="15.048012"><ele>292.25</ele></trkpt>
   <trkpt lat="62.952177" lon="15.045703"><ele>292.5</ele></trkpt>
   <trkpt lat="62.952346" lon="15.045421"><ele>292.5</ele></trkpt>
   <trkpt lat="62.952795" lon="15.044642"><ele>292</ele></trkpt>
   <trkpt lat="62.953347" lon="15.043689"><ele>291.25</ele></trkpt>
   <trkpt lat="62.953869" lon="15.042713"><ele>290.75</ele></trkpt>
   <trkpt lat="62.95427" lon="15.04189"><ele>290.5</ele></trkpt>
   <trkpt lat="62.954507" lon="15.041372"><ele>290.75</ele></trkpt>
   <trkpt lat="62.954631" lon="15.041115"><ele>291</ele></trkpt>
   <trkpt lat="62.954776" lon="15.040822"><ele>291</ele></trkpt>
   <trkpt lat="62.956557" lon="15.036798"><ele>291</ele></trkpt>
   <trkpt lat="62.957071" lon="15.035381"><ele>291.5</ele></trkpt>
   <trkpt lat="62.957276" lon="15.034826"><ele>292.5</ele></trkpt>
   <trkpt lat="62.957525" lon="15.03424"><ele>293</ele></trkpt>
   <trkpt lat="62.95799" lon="15.033232"><ele>294</ele></trkpt>
   <trkpt lat="62.958445" lon="15.032288"><ele>293.5</ele></trkpt>
   <trkpt lat="62.959208" lon="15.030884"><ele>293</ele></trkpt>
   <trkpt lat="62.959216" lon="15.03087"><ele>293</ele></trkpt>
   <trkpt lat="62.95972" lon="15.029944"><ele>293.5</ele></trkpt>
   <trkpt lat="62.961773" lon="15.026169"><ele>296.25</ele></trkpt>
   <trkpt lat="62.962665" lon="15.024705"><ele>299</ele></trkpt>
   <trkpt lat="62.962837" lon="15.024445"><ele>299.5</ele></trkpt>
   <trkpt lat="62.963117" lon="15.024053"><ele>300.5</ele></trkpt>
   <trkpt lat="62.963399" lon="15.023702"><ele>300</ele></trkpt>
   <trkpt lat="62.96376" lon="15.023291"><ele>300.25</ele></trkpt>
   <trkpt lat="62.964127" lon="15.022913"><ele>300.5</ele></trkpt>
   <trkpt lat="62.964471" lon="15.022599"><ele>300.25</ele></trkpt>
   <trkpt lat="62.964815" lon="15.022323"><ele>301.25</ele></trkpt>
   <trkpt lat="62.965138" lon="15.022095"><ele>301.25</ele></trkpt>
   <trkpt lat="62.965461" lon="15.021897"><ele>301</ele></trkpt>
   <trkpt lat="62.966117" lon="15.021524"><ele>301.5</ele></trkpt>
   <trkpt lat="62.966855" lon="15.02113"><ele>302.25</ele></trkpt>
   <trkpt lat="62.967503" lon="15.020762"><ele>304.5</ele></trkpt>
   <trkpt lat="62.967778" lon="15.020574"><ele>305.25</ele></trkpt>
   <trkpt lat="62.968042" lon="15.020372"><ele>305.75</ele></trkpt>
   <trkpt lat="62.9687" lon="15.019794"><ele>305</ele></trkpt>
   <trkpt lat="62.969287" lon="15.019236"><ele>305.75</ele></trkpt>
   <trkpt lat="62.970271" lon="15.018193"><ele>307.5</ele></trkpt>
   <trkpt lat="62.971789" lon="15.016615"><ele>307.75</ele></trkpt>
   <trkpt lat="62.97214" lon="15.016264"><ele>308.75</ele></trkpt>
   <trkpt lat="62.972561" lon="15.015768"><ele>309</ele></trkpt>
   <trkpt lat="62.972777" lon="15.015484"><ele>309.25</ele></trkpt>
   <trkpt lat="62.972981" lon="15.015183"><ele>309.5</ele></trkpt>
   <trkpt lat="62.97313" lon="15.014935"><ele>309.5</ele></trkpt>
   <trkpt lat="62.973272" lon="15.014679"><ele>309.75</ele></trkpt>
   <trkpt lat="62.973463" lon="15.014287"><ele>309.25</ele></trkpt>
   <trkpt lat="62.973647" lon="15.013877"><ele>309.25</ele></trkpt>
   <trkpt lat="62.973767" lon="15.013567"><ele>309.25</ele></trkpt>
   <trkpt lat="62.973881" lon="15.013247"><ele>309.25</ele></trkpt>
   <trkpt lat="62.97401" lon="15.01282"><ele>309.75</ele></trkpt>
   <trkpt lat="62.974129" lon="15.012386"><ele>310.25</ele></trkpt>
   <trkpt lat="62.974218" lon="15.011989"><ele>310</ele></trkpt>
   <trkpt lat="62.974368" lon="15.011192"><ele>309.25</ele></trkpt>
   <trkpt lat="62.974433" lon="15.010787"><ele>309</ele></trkpt>
   <trkpt lat="62.974481" lon="15.010437"><ele>309.75</ele></trkpt>
   <trkpt lat="62.974541" lon="15.009911"><ele>310.75</ele></trkpt>
   <trkpt lat="62.974571" lon="15.009614"><ele>311.75</ele></trkpt>
   <trkpt lat="62.974593" lon="15.009309"><ele>312.75</ele></trkpt>
   <trkpt lat="62.974613" lon="15.008864"><ele>313.25</ele></trkpt>
   <trkpt lat="62.974616" lon="15.008419"><ele>313</ele></trkpt>
   <trkpt lat="62.974574" lon="15.006681"><ele>311.75</ele></trkpt>
   <trkpt lat="62.974519" lon="15.004889"><ele>316</ele></trkpt>
   <trkpt lat="62.974327" lon="14.999074"><ele>318</ele></trkpt>
   <trkpt lat="62.974318" lon="14.998376"><ele>318.5</ele></trkpt>
   <trkpt lat="62.974327" lon="14.997711"><ele>318.75</ele></trkpt>
   <trkpt lat="62.974368" lon="14.996974"><ele>319.5</ele></trkpt>
   <trkpt lat="62.974425" lon="14.996236"><ele>319.75</ele></trkpt>
   <trkpt lat="62.974519" lon="14.995544"><ele>319.25</ele></trkpt>
   <trkpt lat="62.974627" lon="14.994873"><ele>318.5</ele></trkpt>
   <trkpt lat="62.974744" lon="14.994332"><ele>318.25</ele></trkpt>
   <trkpt lat="62.974873" lon="14.993801"><ele>317.5</ele></trkpt>
   <trkpt lat="62.975032" lon="14.993245"><ele>317</ele></trkpt>
   <trkpt lat="62.975202" lon="14.992722"><ele>317</ele></trkpt>
   <trkpt lat="62.975382" lon="14.992274"><ele>317.25</ele></trkpt>
   <trkpt lat="62.975573" lon="14.991853"><ele>317</ele></trkpt>
   <trkpt lat="62.975876" lon="14.991288"><ele>317</ele></trkpt>
   <trkpt lat="62.976346" lon="14.990475"><ele>318.75</ele></trkpt>
   <trkpt lat="62.976619" lon="14.990045"><ele>318</ele></trkpt>
   <trkpt lat="62.976865" lon="14.989729"><ele>318</ele></trkpt>
   <trkpt lat="62.977113" lon="14.98945"><ele>318</ele></trkpt>
   <trkpt lat="62.977353" lon="14.989198"><ele>317.5</ele></trkpt>
   <trkpt lat="62.977596" lon="14.988978"><ele>317.25</ele></trkpt>
   <trkpt lat="62.977817" lon="14.98883"><ele>317</ele></trkpt>
   <trkpt lat="62.978037" lon="14.988715"><ele>317</ele></trkpt>
   <trkpt lat="62.978293" lon="14.988613"><ele>317</ele></trkpt>
   <trkpt lat="62.978547" lon="14.988543"><ele>317.5</ele></trkpt>
   <trkpt lat="62.98016" lon="14.988028"><ele>317.5</ele></trkpt>
   <trkpt lat="62.980806" lon="14.987717"><ele>317</ele></trkpt>
   <trkpt lat="62.981417" lon="14.987326"><ele>318</ele></trkpt>
   <trkpt lat="62.982543" lon="14.986548"><ele>317.75</ele></trkpt>
   <trkpt lat="62.983698" lon="14.985727"><ele>317.5</ele></trkpt>
   <trkpt lat="62.984295" lon="14.985234"><ele>317.25</ele></trkpt>
   <trkpt lat="62.984585" lon="14.984992"><ele>316.75</ele></trkpt>
   <trkpt lat="62.98536" lon="14.984209"><ele>316.5</ele></trkpt>
   <trkpt lat="62.988297" lon="14.981146"><ele>316</ele></trkpt>
   <trkpt lat="62.991008" lon="14.978228"><ele>317</ele></trkpt>
   <trkpt lat="62.991472" lon="14.977654"><ele>317.75</ele></trkpt>
   <trkpt lat="62.991878" lon="14.97705"><ele>318.25</ele></trkpt>
   <trkpt lat="62.992279" lon="14.976373"><ele>318.5</ele></trkpt>
   <trkpt lat="62.992351" lon="14.976241"><ele>318.5</ele></trkpt>
   <trkpt lat="62.992765" lon="14.975398"><ele>319</ele></trkpt>
   <trkpt lat="62.993122" lon="14.974574"><ele>319.75</ele></trkpt>
   <trkpt lat="62.993425" lon="14.973781"><ele>319.75</ele></trkpt>
   <trkpt lat="62.993797" lon="14.972859"><ele>322.25</ele></trkpt>
   <trkpt lat="62.993991" lon="14.972421"><ele>323.75</ele></trkpt>
   <trkpt lat="62.994188" lon="14.972"><ele>324.25</ele></trkpt>
   <trkpt lat="62.994533" lon="14.971351"><ele>324.75</ele></trkpt>
   <trkpt lat="62.994761" lon="14.971002"><ele>324.75</ele></trkpt>
   <trkpt lat="62.995508" lon="14.969988"><ele>325</ele></trkpt>
   <trkpt lat="62.99662" lon="14.96855"><ele>327.5</ele></trkpt>
   <trkpt lat="62.996988" lon="14.967987"><ele>328.5</ele></trkpt>
   <trkpt lat="62.997191" lon="14.967618"><ele>328.5</ele></trkpt>
   <trkpt lat="62.997434" lon="14.967082"><ele>328</ele></trkpt>
   <trkpt lat="62.997659" lon="14.966517"><ele>327.25</ele></trkpt>
   <trkpt lat="62.997768" lon="14.966213"><ele>327</ele></trkpt>
   <trkpt lat="62.997918" lon="14.965796"><ele>326.5</ele></trkpt>
   <trkpt lat="62.998168" lon="14.965018"><ele>327</ele></trkpt>
   <trkpt lat="62.998402" lon="14.964082"><ele>328.75</ele></trkpt>
   <trkpt lat="62.998568" lon="14.963293"><ele>328</ele></trkpt>
   <trkpt lat="62.998647" lon="14.962911"><ele>327.5</ele></trkpt>
   <trkpt lat="62.998849" lon="14.961943"><ele>327</ele></trkpt>
   <trkpt lat="62.999052" lon="14.960965"><ele>327</ele></trkpt>
   <trkpt lat="62.999281" lon="14.960029"><ele>326.75</ele></trkpt>
   <trkpt lat="62.999533" lon="14.959181"><ele>327</ele></trkpt>
   <trkpt lat="62.999819" lon="14.958465"><ele>327.25</ele></trkpt>
   <trkpt lat="63.000166" lon="14.957765"><ele>328.5</ele></trkpt>
   <trkpt lat="63.00057" lon="14.957095"><ele>329.25</ele></trkpt>
   <trkpt lat="63.000998" lon="14.956499"><ele>328.75</ele></trkpt>
   <trkpt lat="63.002032" lon="14.955065"><ele>328.5</ele></trkpt>
   <trkpt lat="63.002043" lon="14.955049"><ele>328.5</ele></trkpt>
   <trkpt lat="63.003486" lon="14.95305"><ele>330.25</ele></trkpt>
   <trkpt lat="63.00379" lon="14.952567"><ele>329.75</ele></trkpt>
   <trkpt lat="63.004155" lon="14.951907"><ele>328.5</ele></trkpt>
   <trkpt lat="63.004487" lon="14.951164"><ele>328.25</ele></trkpt>
   <trkpt lat="63.004722" lon="14.950561"><ele>328</ele></trkpt>
   <trkpt lat="63.005034" lon="14.949703"><ele>327.75</ele></trkpt>
   <trkpt lat="63.005284" lon="14.94898"><ele>327.5</ele></trkpt>
   <trkpt lat="63.005572" lon="14.948129"><ele>328</ele></trkpt>
   <trkpt lat="63.006074" lon="14.94669"><ele>330</ele></trkpt>
   <trkpt lat="63.006411" lon="14.945652"><ele>331.75</ele></trkpt>
   <trkpt lat="63.006788" lon="14.944544"><ele>334.25</ele></trkpt>
   <trkpt lat="63.007716" lon="14.941757"><ele>331.25</ele></trkpt>
   <trkpt lat="63.008628" lon="14.939128"><ele>328.5</ele></trkpt>
   <trkpt lat="63.008908" lon="14.938349"><ele>327.75</ele></trkpt>
   <trkpt lat="63.009189" lon="14.937726"><ele>327.5</ele></trkpt>
   <trkpt lat="63.009628" lon="14.936785"><ele>327.75</ele></trkpt>
   <trkpt lat="63.010722" lon="14.934491"><ele>329.25</ele></trkpt>
   <trkpt lat="63.012371" lon="14.931041"><ele>332.75</ele></trkpt>
   <trkpt lat="63.014567" lon="14.926583"><ele>335</ele></trkpt>
   <trkpt lat="63.015055" lon="14.925672"><ele>335</ele></trkpt>
   <trkpt lat="63.01552" lon="14.924828"><ele>335.5</ele></trkpt>
   <trkpt lat="63.015974" lon="14.924157"><ele>335.75</ele></trkpt>
   <trkpt lat="63.016982" lon="14.922784"><ele>338.25</ele></trkpt>
   <trkpt lat="63.017598" lon="14.921974"><ele>339.5</ele></trkpt>
   <trkpt lat="63.02053" lon="14.918259"><ele>341</ele></trkpt>
   <trkpt lat="63.021255" lon="14.917288"><ele>343.25</ele></trkpt>
   <trkpt lat="63.021787" lon="14.916497"><ele>344.5</ele></trkpt>
   <trkpt lat="63.022194" lon="14.915789"><ele>346.5</ele></trkpt>
   <trkpt lat="63.02267" lon="14.914831"><ele>347</ele></trkpt>
   <trkpt lat="63.023136" lon="14.913847"><ele>346.5</ele></trkpt>
   <trkpt lat="63.023453" lon="14.913028"><ele>345.75</ele></trkpt>
   <trkpt lat="63.023569" lon="14.912755"><ele>345.5</ele></trkpt>
   <trkpt lat="63.024052" lon="14.911518"><ele>345</ele></trkpt>
   <trkpt lat="63.024619" lon="14.910032"><ele>343.25</ele></trkpt>
   <trkpt lat="63.024844" lon="14.909459"><ele>343.25</ele></trkpt>
   <trkpt lat="63.030437" lon="14.894942"><ele>343.75</ele></trkpt>
   <trkpt lat="63.03251" lon="14.889561"><ele>344.5</ele></trkpt>
   <trkpt lat="63.033447" lon="14.887129"><ele>345.25</ele></trkpt>
   <trkpt lat="63.034029" lon="14.885799"><ele>345</ele></trkpt>
   <trkpt lat="63.034558" lon="14.884745"><ele>346</ele></trkpt>
   <trkpt lat="63.034987" lon="14.883961"><ele>345.75</ele></trkpt>
   <trkpt lat="63.03552" lon="14.883068"><ele>346.25</ele></trkpt>
   <trkpt lat="63.036715" lon="14.881135"><ele>346.75</ele></trkpt>
   <trkpt lat="63.042095" lon="14.872396"><ele>341.75</ele></trkpt>
   <trkpt lat="63.044014" lon="14.869285"><ele>340.75</ele></trkpt>
   <trkpt lat="63.048752" lon="14.861605"><ele>334.25</ele></trkpt>
   <trkpt lat="63.050853" lon="14.858178"><ele>333</ele></trkpt>
   <trkpt lat="63.051245" lon="14.857615"><ele>333</ele></trkpt>
   <trkpt lat="63.051584" lon="14.857129"><ele>333</ele></trkpt>
   <trkpt lat="63.052115" lon="14.85641"><ele>333.5</ele></trkpt>
   <trkpt lat="63.052735" lon="14.855704"><ele>334</ele></trkpt>
   <trkpt lat="63.053257" lon="14.855149"><ele>334</ele></trkpt>
   <trkpt lat="63.053898" lon="14.854564"><ele>333.5</ele></trkpt>
   <trkpt lat="63.059121" lon="14.850227"><ele>331.25</ele></trkpt>
   <trkpt lat="63.059419" lon="14.849986"><ele>330.5</ele></trkpt>
   <trkpt lat="63.064706" lon="14.845603"><ele>327.75</ele></trkpt>
   <trkpt lat="63.06777" lon="14.843061"><ele>328.25</ele></trkpt>
   <trkpt lat="63.067861" lon="14.842984"><ele>328.5</ele></trkpt>
   <trkpt lat="63.068486" lon="14.842465"><ele>328.5</ele></trkpt>
   <trkpt lat="63.06849" lon="14.842462"><ele>328.5</ele></trkpt>
   <trkpt lat="63.070371" lon="14.840899"><ele>328</ele></trkpt>
   <trkpt lat="63.070779" lon="14.840549"><ele>327.75</ele></trkpt>
   <trkpt lat="63.070947" lon="14.840413"><ele>328</ele></trkpt>
   <trkpt lat="63.071324" lon="14.839985"><ele>327.75</ele></trkpt>
   <trkpt lat="63.071392" lon="14.839913"><ele>327.75</ele></trkpt>
   <trkpt lat="63.071402" lon="14.839903"><ele>327.75</ele></trkpt>
   <trkpt lat="63.071873" lon="14.839474"><ele>327.5</ele></trkpt>
   <trkpt lat="63.072235" lon="14.839056"><ele>327.5</ele></trkpt>
   <trkpt lat="63.072563" lon="14.838639"><ele>327.25</ele></trkpt>
   <trkpt lat="63.07327" lon="14.837656"><ele>327</ele></trkpt>
   <trkpt lat="63.073603" lon="14.83716"><ele>327.5</ele></trkpt>
   <trkpt lat="63.074356" lon="14.835725"><ele>327.25</ele></trkpt>
   <trkpt lat="63.074879" lon="14.834584"><ele>327.25</ele></trkpt>
   <trkpt lat="63.075517" lon="14.83313"><ele>326.75</ele></trkpt>
   <trkpt lat="63.077246" lon="14.829342"><ele>326</ele></trkpt>
   <trkpt lat="63.077586" lon="14.828685"><ele>326</ele></trkpt>
   <trkpt lat="63.077675" lon="14.828514"><ele>326</ele></trkpt>
   <trkpt lat="63.078312" lon="14.827395"><ele>326.75</ele></trkpt>
   <trkpt lat="63.078494" lon="14.827026"><ele>327</ele></trkpt>
   <trkpt lat="63.078596" lon="14.826793"><ele>327.5</ele></trkpt>
   <trkpt lat="63.078876" lon="14.826179"><ele>328.5</ele></trkpt>
   <trkpt lat="63.079166" lon="14.825596"><ele>329</ele></trkpt>
   <trkpt lat="63.079797" lon="14.824485"><ele>329.5</ele></trkpt>
   <trkpt lat="63.079806" lon="14.824468"><ele>329.5</ele></trkpt>
   <trkpt lat="63.082226" lon="14.820128"><ele>329.25</ele></trkpt>
   <trkpt lat="63.086924" lon="14.811699"><ele>334.5</ele></trkpt>
   <trkpt lat="63.087463" lon="14.810735"><ele>335.5</ele></trkpt>
   <trkpt lat="63.089197" lon="14.807627"><ele>337.25</ele></trkpt>
   <trkpt lat="63.090566" lon="14.805174"><ele>336</ele></trkpt>
   <trkpt lat="63.091097" lon="14.804272"><ele>336.5</ele></trkpt>
   <trkpt lat="63.091638" lon="14.80345"><ele>337</ele></trkpt>
   <trkpt lat="63.092239" lon="14.802672"><ele>337.5</ele></trkpt>
   <trkpt lat="63.092888" lon="14.80195"><ele>337.5</ele></trkpt>
   <trkpt lat="63.093469" lon="14.801361"><ele>337.5</ele></trkpt>
   <trkpt lat="63.095425" lon="14.799434"><ele>337</ele></trkpt>
   <trkpt lat="63.096979" lon="14.797967"><ele>335.75</ele></trkpt>
   <trkpt lat="63.099732" lon="14.795371"><ele>333.25</ele></trkpt>
   <trkpt lat="63.100179" lon="14.795039"><ele>332.5</ele></trkpt>
   <trkpt lat="63.10067" lon="14.794731"><ele>331.25</ele></trkpt>
   <trkpt lat="63.101092" lon="14.794512"><ele>330.75</ele></trkpt>
   <trkpt lat="63.10174" lon="14.794197"><ele>329.25</ele></trkpt>
   <trkpt lat="63.102238" lon="14.793967"><ele>329.5</ele></trkpt>
   <trkpt lat="63.104606" lon="14.792943"><ele>329.5</ele></trkpt>
   <trkpt lat="63.105543" lon="14.792527"><ele>329.5</ele></trkpt>
   <trkpt lat="63.106972" lon="14.791889"><ele>329.75</ele></trkpt>
   <trkpt lat="63.107445" lon="14.791661"><ele>329.75</ele></trkpt>
   <trkpt lat="63.107869" lon="14.791393"><ele>329.75</ele></trkpt>
   <trkpt lat="63.108321" lon="14.791079"><ele>329.75</ele></trkpt>
   <trkpt lat="63.108786" lon="14.790696"><ele>329.25</ele></trkpt>
   <trkpt lat="63.109426" lon="14.790111"><ele>328</ele></trkpt>
   <trkpt lat="63.109905" lon="14.789569"><ele>327</ele></trkpt>
   <trkpt lat="63.110344" lon="14.789043"><ele>326.25</ele></trkpt>
   <trkpt lat="63.110858" lon="14.788333"><ele>325</ele></trkpt>
   <trkpt lat="63.111226" lon="14.787775"><ele>324.75</ele></trkpt>
   <trkpt lat="63.111828" lon="14.786831"><ele>324</ele></trkpt>
   <trkpt lat="63.113471" lon="14.784132"><ele>325.5</ele></trkpt>
   <trkpt lat="63.11541" lon="14.780945"><ele>322.75</ele></trkpt>
   <trkpt lat="63.11984" lon="14.77365"><ele>319</ele></trkpt>
   <trkpt lat="63.120707" lon="14.772218"><ele>317.5</ele></trkpt>
   <trkpt lat="63.124179" lon="14.766483"><ele>313</ele></trkpt>
   <trkpt lat="63.126696" lon="14.762337"><ele>308.5</ele></trkpt>
   <trkpt lat="63.127781" lon="14.760454"><ele>309.75</ele></trkpt>
   <trkpt lat="63.128091" lon="14.759844"><ele>310.25</ele></trkpt>
   <trkpt lat="63.128304" lon="14.75939"><ele>310.5</ele></trkpt>
   <trkpt lat="63.128674" lon="14.758547"><ele>311</ele></trkpt>
   <trkpt lat="63.129347" lon="14.756815"><ele>311</ele></trkpt>
   <trkpt lat="63.129595" lon="14.756146"><ele>310.75</ele></trkpt>
   <trkpt lat="63.130061" lon="14.754928"><ele>310</ele></trkpt>
   <trkpt lat="63.130789" lon="14.753201"><ele>308.75</ele></trkpt>
   <trkpt lat="63.130796" lon="14.753185"><ele>308.75</ele></trkpt>
   <trkpt lat="63.131564" lon="14.751438"><ele>308.5</ele></trkpt>
   <trkpt lat="63.132226" lon="14.749909"><ele>308</ele></trkpt>
   <trkpt lat="63.132468" lon="14.749364"><ele>308.25</ele></trkpt>
   <trkpt lat="63.133933" lon="14.746024"><ele>308</ele></trkpt>
   <trkpt lat="63.134108" lon="14.745624"><ele>308</ele></trkpt>
   <trkpt lat="63.13486" lon="14.743904"><ele>308</ele></trkpt>
   <trkpt lat="63.135211" lon="14.743058"><ele>307.75</ele></trkpt>
   <trkpt lat="63.135557" lon="14.742158"><ele>307.5</ele></trkpt>
   <trkpt lat="63.135883" lon="14.741216"><ele>307.75</ele></trkpt>
   <trkpt lat="63.136161" lon="14.740332"><ele>308.25</ele></trkpt>
   <trkpt lat="63.136422" lon="14.739398"><ele>308.75</ele></trkpt>
   <trkpt lat="63.136717" lon="14.738269"><ele>309.25</ele></trkpt>
   <trkpt lat="63.137161" lon="14.736449"><ele>307.5</ele></trkpt>
   <trkpt lat="63.137691" lon="14.734219"><ele>307.75</ele></trkpt>
   <trkpt lat="63.137696" lon="14.734194"><ele>307.75</ele></trkpt>
   <trkpt lat="63.138047" lon="14.732619"><ele>307.75</ele></trkpt>
   <trkpt lat="63.138757" lon="14.7292"><ele>306.5</ele></trkpt>
   <trkpt lat="63.140735" lon="14.719767"><ele>306.5</ele></trkpt>
   <trkpt lat="63.140894" lon="14.719034"><ele>306</ele></trkpt>
   <trkpt lat="63.141053" lon="14.718351"><ele>305.5</ele></trkpt>
   <trkpt lat="63.14116" lon="14.717931"><ele>305.75</ele></trkpt>
   <trkpt lat="63.141444" lon="14.716885"><ele>306.75</ele></trkpt>
   <trkpt lat="63.141827" lon="14.715635"><ele>306.75</ele></trkpt>
   <trkpt lat="63.142128" lon="14.714701"><ele>304.5</ele></trkpt>
   <trkpt lat="63.143051" lon="14.711911"><ele>303.25</ele></trkpt>
   <trkpt lat="63.143463" lon="14.710691"><ele>303.25</ele></trkpt>
   <trkpt lat="63.143755" lon="14.709798"><ele>303.5</ele></trkpt>
   <trkpt lat="63.144389" lon="14.707968"><ele>305</ele></trkpt>
   <trkpt lat="63.145436" lon="14.705311"><ele>305</ele></trkpt>
   <trkpt lat="63.145759" lon="14.70446"><ele>304.75</ele></trkpt>
   <trkpt lat="63.146324" lon="14.702806"><ele>305.75</ele></trkpt>
   <trkpt lat="63.146559" lon="14.702014"><ele>306.25</ele></trkpt>
   <trkpt lat="63.146717" lon="14.701449"><ele>306.75</ele></trkpt>
   <trkpt lat="63.14692" lon="14.700662"><ele>305.5</ele></trkpt>
   <trkpt lat="63.147167" lon="14.699651"><ele>304.5</ele></trkpt>
   <trkpt lat="63.147421" lon="14.698452"><ele>302.75</ele></trkpt>
   <trkpt lat="63.147548" lon="14.697801"><ele>303.25</ele></trkpt>
   <trkpt lat="63.147745" lon="14.69661"><ele>303.25</ele></trkpt>
   <trkpt lat="63.14791" lon="14.695429"><ele>303.5</ele></trkpt>
   <trkpt lat="63.14806" lon="14.694213"><ele>304.25</ele></trkpt>
   <trkpt lat="63.148316" lon="14.691862"><ele>306.75</ele></trkpt>
   <trkpt lat="63.148492" lon="14.690358"><ele>307</ele></trkpt>
   <trkpt lat="63.148604" lon="14.689515"><ele>307.25</ele></trkpt>
   <trkpt lat="63.148719" lon="14.68877"><ele>307</ele></trkpt>
   <trkpt lat="63.14887" lon="14.687864"><ele>306.75</ele></trkpt>
   <trkpt lat="63.149066" lon="14.686818"><ele>306.25</ele></trkpt>
   <trkpt lat="63.14923" lon="14.686047"><ele>306.25</ele></trkpt>
   <trkpt lat="63.149428" lon="14.685172"><ele>306.5</ele></trkpt>
   <trkpt lat="63.151348" lon="14.677313"><ele>302</ele></trkpt>
   <trkpt lat="63.151614" lon="14.676336"><ele>303</ele></trkpt>
   <trkpt lat="63.152144" lon="14.67459"><ele>303</ele></trkpt>
   <trkpt lat="63.152429" lon="14.673789"><ele>304</ele></trkpt>
   <trkpt lat="63.152697" lon="14.673102"><ele>303.5</ele></trkpt>
   <trkpt lat="63.153087" lon="14.672173"><ele>303.5</ele></trkpt>
   <trkpt lat="63.153304" lon="14.671721"><ele>304.75</ele></trkpt>
   <trkpt lat="63.153654" lon="14.671028"><ele>303.5</ele></trkpt>
   <trkpt lat="63.154369" lon="14.669752"><ele>303.75</ele></trkpt>
   <trkpt lat="63.155395" lon="14.668042"><ele>304.25</ele></trkpt>
   <trkpt lat="63.155964" lon="14.667111"><ele>304</ele></trkpt>
   <trkpt lat="63.156233" lon="14.66665"><ele>303.75</ele></trkpt>
   <trkpt lat="63.156512" lon="14.666149"><ele>303.25</ele></trkpt>
   <trkpt lat="63.156685" lon="14.665833"><ele>303</ele></trkpt>
   <trkpt lat="63.157" lon="14.665132"><ele>302.25</ele></trkpt>
   <trkpt lat="63.15746" lon="14.664"><ele>303.25</ele></trkpt>
   <trkpt lat="63.157652" lon="14.663477"><ele>303</ele></trkpt>
   <trkpt lat="63.158391" lon="14.66145"><ele>302.75</ele></trkpt>
   <trkpt lat="63.160376" lon="14.655975"><ele>300.25</ele></trkpt>
   <trkpt lat="63.160387" lon="14.655947"><ele>300.25</ele></trkpt>
   <trkpt lat="63.160503" lon="14.655625"><ele>300.5</ele></trkpt>
   <trkpt lat="63.161754" lon="14.652184"><ele>301.75</ele></trkpt>
   <trkpt lat="63.161955" lon="14.651634"><ele>301.75</ele></trkpt>
   <trkpt lat="63.162273" lon="14.650752"><ele>301.5</ele></trkpt>
   <trkpt lat="63.162566" lon="14.649972"><ele>301</ele></trkpt>
   <trkpt lat="63.16268" lon="14.64969"><ele>300.5</ele></trkpt>
   <trkpt lat="63.162974" lon="14.649009"><ele>300.25</ele></trkpt>
   <trkpt lat="63.163163" lon="14.64862"><ele>300.25</ele></trkpt>
   <trkpt lat="63.163276" lon="14.648407"><ele>300</ele></trkpt>
   <trkpt lat="63.163416" lon="14.648149"><ele>300</ele></trkpt>
   <trkpt lat="63.163808" lon="14.647497"><ele>300.5</ele></trkpt>
   <trkpt lat="63.165555" lon="14.644854"><ele>300.5</ele></trkpt>
   <trkpt lat="63.165561" lon="14.644846"><ele>300.5</ele></trkpt>
   <trkpt lat="63.165959" lon="14.644245"><ele>299.75</ele></trkpt>
   <trkpt lat="63.167179" lon="14.642401"><ele>299.5</ele></trkpt>
   <trkpt lat="63.167314" lon="14.642202"><ele>299.25</ele></trkpt>
   <trkpt lat="63.167869" lon="14.641364"><ele>299</ele></trkpt>
   <trkpt lat="63.168374" lon="14.640591"><ele>298.5</ele></trkpt>
   <trkpt lat="63.16867" lon="14.640034"><ele>297.75</ele></trkpt>
   <trkpt lat="63.169022" lon="14.639383"><ele>297.25</ele></trkpt>
   <trkpt lat="63.169298" lon="14.63889"><ele>297.25</ele></trkpt>
   <trkpt lat="63.169581" lon="14.638453"><ele>297.5</ele></trkpt>
   <trkpt lat="63.170627" lon="14.636848"><ele>297</ele></trkpt>
   <trkpt lat="63.170652" lon="14.636813"><ele>297</ele></trkpt>
   <trkpt lat="63.171375" lon="14.63572"><ele>297</ele></trkpt>
   <trkpt lat="63.171923" lon="14.634892"><ele>297</ele></trkpt>
   <trkpt lat="63.172466" lon="14.634094"><ele>296.75</ele></trkpt>
   <trkpt lat="63.173141" lon="14.633075"><ele>296.5</ele></trkpt>
   <trkpt lat="63.173284" lon="14.632904"><ele>296.25</ele></trkpt>
   <trkpt lat="63.173409" lon="14.632774"><ele>296.25</ele></trkpt>
   <trkpt lat="63.173745" lon="14.632496"><ele>296.25</ele></trkpt>
   <trkpt lat="63.173961" lon="14.632313"><ele>296.5</ele></trkpt>
   <trkpt lat="63.174175" lon="14.632158"><ele>296.5</ele></trkpt>
   <trkpt lat="63.174324" lon="14.63206"><ele>296.25</ele></trkpt>
   <trkpt lat="63.174476" lon="14.631985"><ele>296.25</ele></trkpt>
   <trkpt lat="63.174824" lon="14.631856"><ele>296</ele></trkpt>
   <trkpt lat="63.175509" lon="14.631709"><ele>296</ele></trkpt>
   <trkpt lat="63.175972" lon="14.631562"><ele>295.75</ele></trkpt>
   <trkpt lat="63.176232" lon="14.631516"><ele>295.5</ele></trkpt>
   <trkpt lat="63.176991" lon="14.631394"><ele>295.75</ele></trkpt>
   <trkpt lat="63.177263" lon="14.631351"><ele>296</ele></trkpt>
   <trkpt lat="63.17803" lon="14.631226"><ele>296.25</ele></trkpt>
   <trkpt lat="63.178674" lon="14.631128"><ele>296.25</ele></trkpt>
   <trkpt lat="63.178993" lon="14.631079"><ele>296.5</ele></trkpt>
   <trkpt lat="63.179048" lon="14.63107"><ele>296.5</ele></trkpt>
   <trkpt lat="63.17909" lon="14.631064"><ele>296.5</ele></trkpt>
   <trkpt lat="63.179419" lon="14.631013"><ele>296.25</ele></trkpt>
   <trkpt lat="63.180829" lon="14.630797"><ele>296.75</ele></trkpt>
   <trkpt lat="63.181019" lon="14.630785"><ele>296.5</ele></trkpt>
   <trkpt lat="63.181243" lon="14.630791"><ele>296.25</ele></trkpt>
   <trkpt lat="63.181624" lon="14.630851"><ele>296</ele></trkpt>
   <trkpt lat="63.181626" lon="14.630852"><ele>296</ele></trkpt>
   <trkpt lat="63.181717" lon="14.630869"><ele>296</ele></trkpt>
   <trkpt lat="63.18249" lon="14.631134"><ele>296.25</ele></trkpt>
   <trkpt lat="63.183574" lon="14.631531"><ele>296.75</ele></trkpt>
   <trkpt lat="63.184088" lon="14.63167"><ele>297</ele></trkpt>
   <trkpt lat="63.184365" lon="14.631709"><ele>297</ele></trkpt>
   <trkpt lat="63.184626" lon="14.631728"><ele>297</ele></trkpt>
   <trkpt lat="63.184871" lon="14.631726"><ele>297</ele></trkpt>
   <trkpt lat="63.185185" lon="14.631708"><ele>297</ele></trkpt>
   <trkpt lat="63.18634" lon="14.631603"><ele>296.75</ele></trkpt>
   <trkpt lat="63.18776" lon="14.631462"><ele>298</ele></trkpt>
   <trkpt lat="63.188068" lon="14.631446"><ele>298.5</ele></trkpt>
   <trkpt lat="63.188276" lon="14.631442"><ele>299</ele></trkpt>
   <trkpt lat="63.188531" lon="14.631458"><ele>299</ele></trkpt>
   <trkpt lat="63.18882" lon="14.631509"><ele>298.75</ele></trkpt>
   <trkpt lat="63.189064" lon="14.631575"><ele>298.75</ele></trkpt>
   <trkpt lat="63.189308" lon="14.631672"><ele>299</ele></trkpt>
   <trkpt lat="63.189514" lon="14.631771"><ele>299.25</ele></trkpt>
   <trkpt lat="63.189738" lon="14.631904"><ele>299.75</ele></trkpt>
   <trkpt lat="63.189958" lon="14.632056"><ele>300.25</ele></trkpt>
   <trkpt lat="63.190184" lon="14.63224"><ele>300.25</ele></trkpt>
   <trkpt lat="63.190431" lon="14.632468"><ele>300.25</ele></trkpt>
   <trkpt lat="63.190667" lon="14.632724"><ele>300.5</ele></trkpt>
   <trkpt lat="63.190882" lon="14.63298"><ele>301</ele></trkpt>
   <trkpt lat="63.191061" lon="14.633208"><ele>301.75</ele></trkpt>
   <trkpt lat="63.191331" lon="14.633611"><ele>302.75</ele></trkpt>
   <trkpt lat="63.191479" lon="14.633843"><ele>303.25</ele></trkpt>
   <trkpt lat="63.191685" lon="14.63419"><ele>303.75</ele></trkpt>
   <trkpt lat="63.194543" lon="14.639195"><ele>305.5</ele></trkpt>
   <trkpt lat="63.194848" lon="14.639683"><ele>305.75</ele></trkpt>
   <trkpt lat="63.195119" lon="14.640078"><ele>305.5</ele></trkpt>
   <trkpt lat="63.195371" lon="14.640403"><ele>305.5</ele></trkpt>
   <trkpt lat="63.19572" lon="14.64079"><ele>305.25</ele></trkpt>
   <trkpt lat="63.195861" lon="14.64093"><ele>305</ele></trkpt>
   <trkpt lat="63.196094" lon="14.641137"><ele>304.75</ele></trkpt>
   <trkpt lat="63.19651" lon="14.641431"><ele>303.75</ele></trkpt>
   <trkpt lat="63.196777" lon="14.64158"><ele>303.25</ele></trkpt>
   <trkpt lat="63.197023" lon="14.641686"><ele>303</ele></trkpt>
   <trkpt lat="63.197298" lon="14.641774"><ele>302.75</ele></trkpt>
   <trkpt lat="63.19753" lon="14.641824"><ele>302.5</ele></trkpt>
   <trkpt lat="63.197766" lon="14.64185"><ele>302.5</ele></trkpt>
   <trkpt lat="63.19803" lon="14.641856"><ele>302.5</ele></trkpt>
   <trkpt lat="63.198567" lon="14.641769"><ele>302.25</ele></trkpt>
   <trkpt lat="63.198888" lon="14.641659"><ele>301.75</ele></trkpt>
   <trkpt lat="63.199123" lon="14.641554"><ele>301.5</ele></trkpt>
   <trkpt lat="63.199397" lon="14.641396"><ele>301.5</ele></trkpt>
   <trkpt lat="63.199635" lon="14.641222"><ele>301.25</ele></trkpt>
   <trkpt lat="63.199956" lon="14.640945"><ele>301</ele></trkpt>
   <trkpt lat="63.200492" lon="14.640369"><ele>301</ele></trkpt>
   <trkpt lat="63.200735" lon="14.640057"><ele>300.75</ele></trkpt>
   <trkpt lat="63.20101" lon="14.63965"><ele>300.5</ele></trkpt>
   <trkpt lat="63.201304" lon="14.639143"><ele>300.5</ele></trkpt>
   <trkpt lat="63.201576" lon="14.638612"><ele>301</ele></trkpt>
   <trkpt lat="63.201873" lon="14.637966"><ele>301.25</ele></trkpt>
   <trkpt lat="63.202165" lon="14.637264"><ele>301.5</ele></trkpt>
   <trkpt lat="63.202777" lon="14.635823"><ele>303.5</ele></trkpt>
   <trkpt lat="63.202906" lon="14.635516"><ele>304.25</ele></trkpt>
   <trkpt lat="63.203402" lon="14.634329"><ele>306.25</ele></trkpt>
   <trkpt lat="63.20411" lon="14.632664"><ele>307</ele></trkpt>
   <trkpt lat="63.204436" lon="14.631941"><ele>306.75</ele></trkpt>
   <trkpt lat="63.20467" lon="14.631484"><ele>306.75</ele></trkpt>
   <trkpt lat="63.204935" lon="14.630997"><ele>306</ele></trkpt>
   <trkpt lat="63.205194" lon="14.630569"><ele>306</ele></trkpt>
   <trkpt lat="63.205483" lon="14.630113"><ele>306</ele></trkpt>
   <trkpt lat="63.206059" lon="14.629241"><ele>305.5</ele></trkpt>
   <trkpt lat="63.209252" lon="14.624403"><ele>301.25</ele></trkpt>
   <trkpt lat="63.21058" lon="14.622398"><ele>298</ele></trkpt>
   <trkpt lat="63.211225" lon="14.621407"><ele>296.75</ele></trkpt>
   <trkpt lat="63.211352" lon="14.621221"><ele>297</ele></trkpt>
   <trkpt lat="63.212061" lon="14.620092"><ele>298</ele></trkpt>
   <trkpt lat="63.212261" lon="14.619752"><ele>298</ele></trkpt>
   <trkpt lat="63.212486" lon="14.61932"><ele>298</ele></trkpt>
   <trkpt lat="63.212707" lon="14.618862"><ele>298.5</ele></trkpt>
   <trkpt lat="63.212908" lon="14.618431"><ele>299</ele></trkpt>
   <trkpt lat="63.213097" lon="14.617978"><ele>299.25</ele></trkpt>
   <trkpt lat="63.213426" lon="14.61711"><ele>300</ele></trkpt>
   <trkpt lat="63.215233" lon="14.611632"><ele>301.5</ele></trkpt>
   <trkpt lat="63.216041" lon="14.609219"><ele>303</ele></trkpt>
   <trkpt lat="63.216536" lon="14.60771"><ele>303.25</ele></trkpt>
   <trkpt lat="63.217776" lon="14.603983"><ele>303.75</ele></trkpt>
   <trkpt lat="63.218482" lon="14.602131"><ele>303.25</ele></trkpt>
   <trkpt lat="63.218976" lon="14.600949"><ele>302.5</ele></trkpt>
   <trkpt lat="63.220159" lon="14.598252"><ele>303</ele></trkpt>
   <trkpt lat="63.220456" lon="14.597542"><ele>303.5</ele></trkpt>
   <trkpt lat="63.220776" lon="14.59673"><ele>303.5</ele></trkpt>
   <trkpt lat="63.220989" lon="14.596109"><ele>303.75</ele></trkpt>
   <trkpt lat="63.221168" lon="14.595535"><ele>304</ele></trkpt>
   <trkpt lat="63.221335" lon="14.594971"><ele>304.5</ele></trkpt>
   <trkpt lat="63.221497" lon="14.594362"><ele>304.25</ele></trkpt>
   <trkpt lat="63.221633" lon="14.593799"><ele>303.75</ele></trkpt>
   <trkpt lat="63.221764" lon="14.593215"><ele>302.75</ele></trkpt>
   <trkpt lat="63.221852" lon="14.592775"><ele>302.75</ele></trkpt>
   <trkpt lat="63.221988" lon="14.592037"><ele>302.75</ele></trkpt>
   <trkpt lat="63.222623" lon="14.588165"><ele>302.25</ele></trkpt>
   <trkpt lat="63.222747" lon="14.587465"><ele>302.75</ele></trkpt>
   <trkpt lat="63.222889" lon="14.586732"><ele>303.25</ele></trkpt>
   <trkpt lat="63.223039" lon="14.586048"><ele>303.5</ele></trkpt>
   <trkpt lat="63.223182" lon="14.585454"><ele>304</ele></trkpt>
   <trkpt lat="63.223344" lon="14.58485"><ele>304.5</ele></trkpt>
   <trkpt lat="63.223528" lon="14.584229"><ele>303.75</ele></trkpt>
   <trkpt lat="63.223739" lon="14.583561"><ele>303.5</ele></trkpt>
   <trkpt lat="63.224073" lon="14.58256"><ele>303.25</ele></trkpt>
   <trkpt lat="63.224409" lon="14.58156"><ele>302.75</ele></trkpt>
   <trkpt lat="63.224623" lon="14.580883"><ele>302.5</ele></trkpt>
   <trkpt lat="63.224805" lon="14.580256"><ele>302.5</ele></trkpt>
   <trkpt lat="63.224992" lon="14.579544"><ele>302.25</ele></trkpt>
   <trkpt lat="63.225149" lon="14.578878"><ele>301.75</ele></trkpt>
   <trkpt lat="63.225289" lon="14.578222"><ele>301.75</ele></trkpt>
   <trkpt lat="63.225576" lon="14.576633"><ele>301</ele></trkpt>
   <trkpt lat="63.22596" lon="14.574337"><ele>301.75</ele></trkpt>
   <trkpt lat="63.226136" lon="14.5733"><ele>302.5</ele></trkpt>
   <trkpt lat="63.226315" lon="14.572364"><ele>303</ele></trkpt>
   <trkpt lat="63.226438" lon="14.571784"><ele>303.25</ele></trkpt>
   <trkpt lat="63.226638" lon="14.570937"><ele>303.75</ele></trkpt>
   <trkpt lat="63.226836" lon="14.57021"><ele>303.75</ele></trkpt>
   <trkpt lat="63.227006" lon="14.569628"><ele>303.5</ele></trkpt>
   <trkpt lat="63.227474" lon="14.56815"><ele>304.25</ele></trkpt>
   <trkpt lat="63.229497" lon="14.561761"><ele>308.25</ele></trkpt>
   <trkpt lat="63.230802" lon="14.557641"><ele>310</ele></trkpt>
   <trkpt lat="63.231848" lon="14.554349"><ele>309.5</ele></trkpt>
   <trkpt lat="63.232177" lon="14.553343"><ele>309.5</ele></trkpt>
   <trkpt lat="63.232493" lon="14.552451"><ele>308.75</ele></trkpt>
   <trkpt lat="63.232741" lon="14.551802"><ele>308.75</ele></trkpt>
   <trkpt lat="63.233069" lon="14.55098"><ele>308.75</ele></trkpt>
   <trkpt lat="63.233592" lon="14.549813"><ele>309.25</ele></trkpt>
   <trkpt lat="63.23405" lon="14.548882"><ele>309.75</ele></trkpt>
   <trkpt lat="63.234411" lon="14.548212"><ele>310</ele></trkpt>
   <trkpt lat="63.234683" lon="14.547741"><ele>311</ele></trkpt>
   <trkpt lat="63.23502" lon="14.547187"><ele>312.25</ele></trkpt>
   <trkpt lat="63.235405" lon="14.546597"><ele>312.75</ele></trkpt>
   <trkpt lat="63.235798" lon="14.546046"><ele>314</ele></trkpt>
   <trkpt lat="63.237226" lon="14.54419"><ele>318</ele></trkpt>
   <trkpt lat="63.239397" lon="14.541384"><ele>315</ele></trkpt>
   <trkpt lat="63.239404" lon="14.541375"><ele>315</ele></trkpt>
   <trkpt lat="63.24077" lon="14.539613"><ele>315.75</ele></trkpt>
   <trkpt lat="63.24211" lon="14.537844"><ele>315.25</ele></trkpt>
   <trkpt lat="63.242788" lon="14.536854"><ele>315.25</ele></trkpt>
   <trkpt lat="63.243413" lon="14.535795"><ele>315</ele></trkpt>
   <trkpt lat="63.24401" lon="14.534703"><ele>314.25</ele></trkpt>
   <trkpt lat="63.244324" lon="14.534064"><ele>314.5</ele></trkpt>
   <trkpt lat="63.244702" lon="14.533286"><ele>315</ele></trkpt>
   <trkpt lat="63.244792" lon="14.533104"><ele>315</ele></trkpt>
   <trkpt lat="63.245454" lon="14.531667"><ele>314.5</ele></trkpt>
   <trkpt lat="63.245983" lon="14.530444"><ele>314.75</ele></trkpt>
   <trkpt lat="63.246603" lon="14.529062"><ele>314.25</ele></trkpt>
   <trkpt lat="63.246978" lon="14.528284"><ele>314.25</ele></trkpt>
   <trkpt lat="63.247898" lon="14.526624"><ele>314.25</ele></trkpt>
   <trkpt lat="63.248453" lon="14.525659"><ele>315</ele></trkpt>
   <trkpt lat="63.249078" lon="14.524706"><ele>315.25</ele></trkpt>
   <trkpt lat="63.2492" lon="14.524534"><ele>315.25</ele></trkpt>
   <trkpt lat="63.249617" lon="14.52403"><ele>315.25</ele></trkpt>
   <trkpt lat="63.250018" lon="14.523593"><ele>315.5</ele></trkpt>
   <trkpt lat="63.25054" lon="14.523121"><ele>316</ele></trkpt>
   <trkpt lat="63.251208" lon="14.522654"><ele>316</ele></trkpt>
   <trkpt lat="63.252023" lon="14.522176"><ele>315</ele></trkpt>
   <trkpt lat="63.253379" lon="14.521439"><ele>314.5</ele></trkpt>
   <trkpt lat="63.254403" lon="14.52103"><ele>314.25</ele></trkpt>
   <trkpt lat="63.257168" lon="14.520254"><ele>315</ele></trkpt>
   <trkpt lat="63.257916" lon="14.520114"><ele>315.75</ele></trkpt>
   <trkpt lat="63.258359" lon="14.52005"><ele>316</ele></trkpt>
   <trkpt lat="63.258866" lon="14.520069"><ele>316</ele></trkpt>
   <trkpt lat="63.259345" lon="14.520165"><ele>316.5</ele></trkpt>
   <trkpt lat="63.259803" lon="14.520316"><ele>317</ele></trkpt>
   <trkpt lat="63.260331" lon="14.520522"><ele>317</ele></trkpt>
   <trkpt lat="63.260896" lon="14.520764"><ele>316.5</ele></trkpt>
   <trkpt lat="63.262069" lon="14.521273"><ele>314</ele></trkpt>
   <trkpt lat="63.262626" lon="14.521421"><ele>313.25</ele></trkpt>
   <trkpt lat="63.263138" lon="14.521504"><ele>313.5</ele></trkpt>
   <trkpt lat="63.264225" lon="14.521539"><ele>312.75</ele></trkpt>
   <trkpt lat="63.26642" lon="14.521581"><ele>314</ele></trkpt>
   <trkpt lat="63.268892" lon="14.521643"><ele>312.75</ele></trkpt>
   <trkpt lat="63.269288" lon="14.521629"><ele>312.75</ele></trkpt>
   <trkpt lat="63.269839" lon="14.521571"><ele>311.75</ele></trkpt>
   <trkpt lat="63.270002" lon="14.521552"><ele>311.5</ele></trkpt>
   <trkpt lat="63.270361" lon="14.521466"><ele>311</ele></trkpt>
   <trkpt lat="63.270739" lon="14.521336"><ele>310.5</ele></trkpt>
   <trkpt lat="63.271404" lon="14.521056"><ele>310.75</ele></trkpt>
   <trkpt lat="63.272057" lon="14.520666"><ele>311</ele></trkpt>
   <trkpt lat="63.272411" lon="14.520405"><ele>311.25</ele></trkpt>
   <trkpt lat="63.272761" lon="14.520133"><ele>311.75</ele></trkpt>
   <trkpt lat="63.273082" lon="14.519853"><ele>312</ele></trkpt>
   <trkpt lat="63.273421" lon="14.519512"><ele>311.75</ele></trkpt>
   <trkpt lat="63.273951" lon="14.518954"><ele>311</ele></trkpt>
   <trkpt lat="63.274437" lon="14.518341"><ele>310.5</ele></trkpt>
   <trkpt lat="63.275074" lon="14.517446"><ele>310</ele></trkpt>
   <trkpt lat="63.275947" lon="14.516172"><ele>308.25</ele></trkpt>
   <trkpt lat="63.277887" lon="14.513295"><ele>308.75</ele></trkpt>
   <trkpt lat="63.278458" lon="14.512513"><ele>309.5</ele></trkpt>
   <trkpt lat="63.27905" lon="14.511754"><ele>309.75</ele></trkpt>
   <trkpt lat="63.280678" lon="14.509686"><ele>308.75</ele></trkpt>
   <trkpt lat="63.284476" lon="14.50491"><ele>308.25</ele></trkpt>
   <trkpt lat="63.285692" lon="14.503373"><ele>308.5</ele></trkpt>
   <trkpt lat="63.286528" lon="14.502323"><ele>307</ele></trkpt>
   <trkpt lat="63.286937" lon="14.501763"><ele>306.25</ele></trkpt>
   <trkpt lat="63.287259" lon="14.501292"><ele>306</ele></trkpt>
   <trkpt lat="63.287618" lon="14.50071"><ele>305.5</ele></trkpt>
   <trkpt lat="63.28794" lon="14.500164"><ele>304.5</ele></trkpt>
   <trkpt lat="63.288155" lon="14.499782"><ele>304</ele></trkpt>
   <trkpt lat="63.288465" lon="14.499233"><ele>303.75</ele></trkpt>
   <trkpt lat="63.288884" lon="14.49848"><ele>304.75</ele></trkpt>
   <trkpt lat="63.289901" lon="14.496586"><ele>307</ele></trkpt>
   <trkpt lat="63.291393" lon="14.4939"><ele>307.25</ele></trkpt>
   <trkpt lat="63.292827" lon="14.491354"><ele>305.75</ele></trkpt>
   <trkpt lat="63.293217" lon="14.490715"><ele>305.25</ele></trkpt>
   <trkpt lat="63.29369" lon="14.489996"><ele>304.25</ele></trkpt>
   <trkpt lat="63.295409" lon="14.487408"><ele>305.25</ele></trkpt>
   <trkpt lat="63.297484" lon="14.484251"><ele>302.25</ele></trkpt>
   <trkpt lat="63.297963" lon="14.483553"><ele>302</ele></trkpt>
   <trkpt lat="63.298524" lon="14.482675"><ele>302.25</ele></trkpt>
   <trkpt lat="63.298779" lon="14.482258"><ele>302.5</ele></trkpt>
   <trkpt lat="63.299201" lon="14.481466"><ele>302.75</ele></trkpt>
   <trkpt lat="63.299535" lon="14.480785"><ele>303.5</ele></trkpt>
   <trkpt lat="63.299766" lon="14.480262"><ele>303</ele></trkpt>
   <trkpt lat="63.300066" lon="14.479552"><ele>302</ele></trkpt>
   <trkpt lat="63.302097" lon="14.4749"><ele>304.75</ele></trkpt>
   <trkpt lat="63.302472" lon="14.474117"><ele>304.75</ele></trkpt>
   <trkpt lat="63.302873" lon="14.473409"><ele>304.5</ele></trkpt>
   <trkpt lat="63.303233" lon="14.472862"><ele>304.25</ele></trkpt>
   <trkpt lat="63.303683" lon="14.472224"><ele>303.75</ele></trkpt>
   <trkpt lat="63.304118" lon="14.471709"><ele>303</ele></trkpt>
   <trkpt lat="63.304513" lon="14.471317"><ele>303</ele></trkpt>
   <trkpt lat="63.305618" lon="14.470349"><ele>303</ele></trkpt>
   <trkpt lat="63.306249" lon="14.469828"><ele>301.75</ele></trkpt>
   <trkpt lat="63.307445" lon="14.468847"><ele>301</ele></trkpt>
   <trkpt lat="63.308264" lon="14.46819"><ele>301.25</ele></trkpt>
   <trkpt lat="63.310494" lon="14.466389"><ele>302.75</ele></trkpt>
   <trkpt lat="63.312703" lon="14.464585"><ele>305</ele></trkpt>
   <trkpt lat="63.313394" lon="14.46404"><ele>305.5</ele></trkpt>
   <trkpt lat="63.315917" lon="14.461974"><ele>301.75</ele></trkpt>
   <trkpt lat="63.317049" lon="14.461057"><ele>298.75</ele></trkpt>
   <trkpt lat="63.317398" lon="14.460776"><ele>298</ele></trkpt>
   <trkpt lat="63.318101" lon="14.460132"><ele>298</ele></trkpt>
   <trkpt lat="63.318443" lon="14.459774"><ele>297.75</ele></trkpt>
   <trkpt lat="63.318835" lon="14.459311"><ele>297.5</ele></trkpt>
   <trkpt lat="63.3192" lon="14.458822"><ele>296.75</ele></trkpt>
   <trkpt lat="63.319773" lon="14.457901"><ele>296</ele></trkpt>
   <trkpt lat="63.322239" lon="14.453765"><ele>294</ele></trkpt>
   <trkpt lat="63.323465" lon="14.451731"><ele>294.25</ele></trkpt>
   <trkpt lat="63.323509" lon="14.45166"><ele>294.5</ele></trkpt>
   <trkpt lat="63.324761" lon="14.449641"><ele>297.5</ele></trkpt>
   <trkpt lat="63.325902" lon="14.448059"><ele>298.5</ele></trkpt>
   <trkpt lat="63.326704" lon="14.447001"><ele>297.75</ele></trkpt>
   <trkpt lat="63.328656" lon="14.444648"><ele>297.75</ele></trkpt>
   <trkpt lat="63.32947" lon="14.443702"><ele>298.25</ele></trkpt>
   <trkpt lat="63.330684" lon="14.442078"><ele>298.25</ele></trkpt>
   <trkpt lat="63.331174" lon="14.441442"><ele>298.25</ele></trkpt>
   <trkpt lat="63.331335" lon="14.44122"><ele>298.25</ele></trkpt>
   <trkpt lat="63.331886" lon="14.440367"><ele>298.5</ele></trkpt>
   <trkpt lat="63.332284" lon="14.439636"><ele>299.25</ele></trkpt>
   <trkpt lat="63.33253" lon="14.439147"><ele>299.75</ele></trkpt>
   <trkpt lat="63.332934" lon="14.438248"><ele>299.5</ele></trkpt>
   <trkpt lat="63.333305" lon="14.437355"><ele>300.5</ele></trkpt>
   <trkpt lat="63.333572" lon="14.43662"><ele>304.75</ele></trkpt>
   <trkpt lat="63.333832" lon="14.435716"><ele>307.75</ele></trkpt>
   <trkpt lat="63.334078" lon="14.434789"><ele>306.75</ele></trkpt>
   <trkpt lat="63.334296" lon="14.433767"><ele>305.25</ele></trkpt>
   <trkpt lat="63.334507" lon="14.43271"><ele>305.75</ele></trkpt>
   <trkpt lat="63.335703" lon="14.425876"><ele>309.5</ele></trkpt>
   <trkpt lat="63.33587" lon="14.42481"><ele>310</ele></trkpt>
   <trkpt lat="63.335996" lon="14.423937"><ele>311</ele></trkpt>
   <trkpt lat="63.336135" lon="14.422858"><ele>311.25</ele></trkpt>
   <trkpt lat="63.336227" lon="14.421921"><ele>311</ele></trkpt>
   <trkpt lat="63.33638" lon="14.420157"><ele>311</ele></trkpt>
   <trkpt lat="63.336464" lon="14.419348"><ele>311</ele></trkpt>
   <trkpt lat="63.336562" lon="14.41854"><ele>311.75</ele></trkpt>
   <trkpt lat="63.336676" lon="14.417783"><ele>311.75</ele></trkpt>
   <trkpt lat="63.336835" lon="14.416947"><ele>313.5</ele></trkpt>
   <trkpt lat="63.337009" lon="14.416212"><ele>314.25</ele></trkpt>
   <trkpt lat="63.337212" lon="14.415473"><ele>314</ele></trkpt>
   <trkpt lat="63.33745" lon="14.414807"><ele>313.5</ele></trkpt>
   <trkpt lat="63.337689" lon="14.414191"><ele>314.25</ele></trkpt>
   <trkpt lat="63.338014" lon="14.413518"><ele>314.75</ele></trkpt>
   <trkpt lat="63.338351" lon="14.412915"><ele>313.25</ele></trkpt>
   <trkpt lat="63.33855" lon="14.412601"><ele>313.25</ele></trkpt>
   <trkpt lat="63.338736" lon="14.412312"><ele>313.5</ele></trkpt>
   <trkpt lat="63.340672" lon="14.40915"><ele>314.5</ele></trkpt>
   <trkpt lat="63.341963" lon="14.407027"><ele>316.25</ele></trkpt>
   <trkpt lat="63.342698" lon="14.405765"><ele>316.25</ele></trkpt>
   <trkpt lat="63.343073" lon="14.405045"><ele>315.75</ele></trkpt>
   <trkpt lat="63.3434" lon="14.404358"><ele>316.25</ele></trkpt>
   <trkpt lat="63.344479" lon="14.401922"><ele>314.5</ele></trkpt>
   <trkpt lat="63.345897" lon="14.398721"><ele>311.75</ele></trkpt>
   <trkpt lat="63.346644" lon="14.397035"><ele>311.5</ele></trkpt>
   <trkpt lat="63.347263" lon="14.395641"><ele>314</ele></trkpt>
   <trkpt lat="63.347421" lon="14.39529"><ele>314.5</ele></trkpt>
   <trkpt lat="63.347812" lon="14.394338"><ele>314.5</ele></trkpt>
   <trkpt lat="63.348153" lon="14.39358"><ele>314.75</ele></trkpt>
   <trkpt lat="63.34856" lon="14.392523"><ele>315.25</ele></trkpt>
   <trkpt lat="63.349173" lon="14.391134"><ele>315.5</ele></trkpt>
   <trkpt lat="63.351165" lon="14.386609"><ele>315.75</ele></trkpt>
   <trkpt lat="63.352044" lon="14.384543"><ele>314.25</ele></trkpt>
   <trkpt lat="63.352393" lon="14.383637"><ele>313</ele></trkpt>
   <trkpt lat="63.352598" lon="14.382998"><ele>312.5</ele></trkpt>
   <trkpt lat="63.352721" lon="14.382705"><ele>312</ele></trkpt>
   <trkpt lat="63.353034" lon="14.38175"><ele>311.25</ele></trkpt>
   <trkpt lat="63.353148" lon="14.381369"><ele>311</ele></trkpt>
   <trkpt lat="63.353298" lon="14.380858"><ele>311</ele></trkpt>
   <trkpt lat="63.353953" lon="14.378511"><ele>311.75</ele></trkpt>
   <trkpt lat="63.35417" lon="14.377535"><ele>311.75</ele></trkpt>
   <trkpt lat="63.354343" lon="14.376682"><ele>311.75</ele></trkpt>
   <trkpt lat="63.354473" lon="14.376007"><ele>312</ele></trkpt>
   <trkpt lat="63.354645" lon="14.374989"><ele>312.5</ele></trkpt>
   <trkpt lat="63.354794" lon="14.374008"><ele>312.75</ele></trkpt>
   <trkpt lat="63.354921" lon="14.373103"><ele>312.25</ele></trkpt>
   <trkpt lat="63.355022" lon="14.372248"><ele>312</ele></trkpt>
   <trkpt lat="63.355156" lon="14.370954"><ele>312.5</ele></trkpt>
   <trkpt lat="63.35523" lon="14.370104"><ele>312.25</ele></trkpt>
   <trkpt lat="63.355311" lon="14.369001"><ele>312.25</ele></trkpt>
   <trkpt lat="63.355463" lon="14.366241"><ele>312.75</ele></trkpt>
   <trkpt lat="63.355695" lon="14.361875"><ele>311.75</ele></trkpt>
   <trkpt lat="63.355839" lon="14.359308"><ele>312.75</ele></trkpt>
   <trkpt lat="63.355879" lon="14.358314"><ele>312.5</ele></trkpt>
   <trkpt lat="63.355903" lon="14.357445"><ele>312.25</ele></trkpt>
   <trkpt lat="63.355915" lon="14.356303"><ele>311.5</ele></trkpt>
   <trkpt lat="63.355908" lon="14.355097"><ele>311.5</ele></trkpt>
   <trkpt lat="63.355891" lon="14.354197"><ele>310.75</ele></trkpt>
   <trkpt lat="63.355849" lon="14.353129"><ele>309.5</ele></trkpt>
   <trkpt lat="63.355812" lon="14.352397"><ele>309</ele></trkpt>
   <trkpt lat="63.355758" lon="14.351552"><ele>309</ele></trkpt>
   <trkpt lat="63.355685" lon="14.350652"><ele>308.25</ele></trkpt>
   <trkpt lat="63.355596" lon="14.349669"><ele>308</ele></trkpt>
   <trkpt lat="63.355504" lon="14.348782"><ele>308</ele></trkpt>
   <trkpt lat="63.355375" lon="14.347754"><ele>308.25</ele></trkpt>
   <trkpt lat="63.355259" lon="14.346897"><ele>308.75</ele></trkpt>
   <trkpt lat="63.355037" lon="14.345487"><ele>309.25</ele></trkpt>
   <trkpt lat="63.354451" lon="14.342367"><ele>309</ele></trkpt>
   <trkpt lat="63.353732" lon="14.338497"><ele>308.25</ele></trkpt>
   <trkpt lat="63.352904" lon="14.334119"><ele>306.5</ele></trkpt>
   <trkpt lat="63.351999" lon="14.329262"><ele>309.75</ele></trkpt>
   <trkpt lat="63.351854" lon="14.328441"><ele>309.5</ele></trkpt>
   <trkpt lat="63.351701" lon="14.327446"><ele>309.75</ele></trkpt>
   <trkpt lat="63.351548" lon="14.32634"><ele>309.25</ele></trkpt>
   <trkpt lat="63.351432" lon="14.325389"><ele>309</ele></trkpt>
   <trkpt lat="63.351344" lon="14.32454"><ele>309.25</ele></trkpt>
   <trkpt lat="63.351265" lon="14.323704"><ele>309</ele></trkpt>
   <trkpt lat="63.350726" lon="14.316355"><ele>307.25</ele></trkpt>
   <trkpt lat="63.350667" lon="14.315603"><ele>307.5</ele></trkpt>
   <trkpt lat="63.350611" lon="14.315009"><ele>308.5</ele></trkpt>
   <trkpt lat="63.350537" lon="14.31435"><ele>308.25</ele></trkpt>
   <trkpt lat="63.350443" lon="14.313625"><ele>308.75</ele></trkpt>
   <trkpt lat="63.350079" lon="14.311424"><ele>309</ele></trkpt>
   <trkpt lat="63.3499" lon="14.310285"><ele>308.25</ele></trkpt>
   <trkpt lat="63.349786" lon="14.309471"><ele>306.5</ele></trkpt>
   <trkpt lat="63.349695" lon="14.308717"><ele>305.75</ele></trkpt>
   <trkpt lat="63.349626" lon="14.307952"><ele>306</ele></trkpt>
   <trkpt lat="63.349564" lon="14.307028"><ele>306.25</ele></trkpt>
   <trkpt lat="63.349534" lon="14.306317"><ele>306</ele></trkpt>
   <trkpt lat="63.349518" lon="14.305467"><ele>305.25</ele></trkpt>
   <trkpt lat="63.349521" lon="14.304622"><ele>304.5</ele></trkpt>
   <trkpt lat="63.349532" lon="14.304185"><ele>304.75</ele></trkpt>
   <trkpt lat="63.349551" lon="14.303722"><ele>304.75</ele></trkpt>
   <trkpt lat="63.349614" lon="14.302733"><ele>305</ele></trkpt>
   <trkpt lat="63.34969" lon="14.301925"><ele>305</ele></trkpt>
   <trkpt lat="63.3498" lon="14.301006"><ele>304.5</ele></trkpt>
   <trkpt lat="63.350817" lon="14.293124"><ele>306.25</ele></trkpt>
   <trkpt lat="63.350942" lon="14.292199"><ele>306.5</ele></trkpt>
   <trkpt lat="63.351103" lon="14.29118"><ele>306.25</ele></trkpt>
   <trkpt lat="63.351462" lon="14.289106"><ele>306.5</ele></trkpt>
   <trkpt lat="63.351552" lon="14.288512"><ele>308</ele></trkpt>
   <trkpt lat="63.351623" lon="14.28794"><ele>308.75</ele></trkpt>
   <trkpt lat="63.351685" lon="14.28734"><ele>309</ele></trkpt>
   <trkpt lat="63.351734" lon="14.286699"><ele>309.25</ele></trkpt>
   <trkpt lat="63.351767" lon="14.286002"><ele>309</ele></trkpt>
   <trkpt lat="63.351787" lon="14.284915"><ele>309.5</ele></trkpt>
   <trkpt lat="63.351774" lon="14.284049"><ele>309</ele></trkpt>
   <trkpt lat="63.351752" lon="14.28345"><ele>309.75</ele></trkpt>
   <trkpt lat="63.351725" lon="14.282807"><ele>310.25</ele></trkpt>
   <trkpt lat="63.351652" lon="14.281457"><ele>310</ele></trkpt>
   <trkpt lat="63.351624" lon="14.280723"><ele>310.25</ele></trkpt>
   <trkpt lat="63.351604" lon="14.280038"><ele>309.75</ele></trkpt>
   <trkpt lat="63.351605" lon="14.279303"><ele>309</ele></trkpt>
   <trkpt lat="63.351625" lon="14.278506"><ele>307</ele></trkpt>
   <trkpt lat="63.351643" lon="14.278092"><ele>306</ele></trkpt>
   <trkpt lat="63.351693" lon="14.277374"><ele>304.75</ele></trkpt>
   <trkpt lat="63.35187" lon="14.275509"><ele>306.25</ele></trkpt>
   <trkpt lat="63.351956" lon="14.274534"><ele>309.25</ele></trkpt>
   <trkpt lat="63.352016" lon="14.273814"><ele>310</ele></trkpt>
   <trkpt lat="63.352059" lon="14.273174"><ele>310</ele></trkpt>
   <trkpt lat="63.352079" lon="14.272681"><ele>310.75</ele></trkpt>
   <trkpt lat="63.3521" lon="14.271926"><ele>310.75</ele></trkpt>
   <trkpt lat="63.352095" lon="14.27126"><ele>311</ele></trkpt>
   <trkpt lat="63.352073" lon="14.270689"><ele>311.5</ele></trkpt>
   <trkpt lat="63.352028" lon="14.27002"><ele>311.5</ele></trkpt>
   <trkpt lat="63.351961" lon="14.269302"><ele>310.25</ele></trkpt>
   <trkpt lat="63.351816" lon="14.268166"><ele>308.75</ele></trkpt>
   <trkpt lat="63.351719" lon="14.267598"><ele>307.75</ele></trkpt>
   <trkpt lat="63.351607" lon="14.267021"><ele>308.25</ele></trkpt>
   <trkpt lat="63.351428" lon="14.26623"><ele>309.5</ele></trkpt>
   <trkpt lat="63.351203" lon="14.265388"><ele>309.5</ele></trkpt>
   <trkpt lat="63.351012" lon="14.264635"><ele>307.75</ele></trkpt>
   <trkpt lat="63.350754" lon="14.263678"><ele>305.5</ele></trkpt>
   <trkpt lat="63.350662" lon="14.263337"><ele>305.25</ele></trkpt>
   <trkpt lat="63.349589" lon="14.259232"><ele>307</ele></trkpt>
   <trkpt lat="63.349368" lon="14.258342"><ele>307.25</ele></trkpt>
   <trkpt lat="63.349143" lon="14.257271"><ele>306.75</ele></trkpt>
   <trkpt lat="63.349013" lon="14.256571"><ele>306.75</ele></trkpt>
   <trkpt lat="63.348874" lon="14.255587"><ele>306.75</ele></trkpt>
   <trkpt lat="63.348701" lon="14.254173"><ele>306.75</ele></trkpt>
   <trkpt lat="63.348615" lon="14.253511"><ele>308</ele></trkpt>
   <trkpt lat="63.348484" lon="14.252621"><ele>309</ele></trkpt>
   <trkpt lat="63.348426" lon="14.252241"><ele>309.25</ele></trkpt>
   <trkpt lat="63.348349" lon="14.251814"><ele>309.75</ele></trkpt>
   <trkpt lat="63.348115" lon="14.250729"><ele>310.25</ele></trkpt>
   <trkpt lat="63.347781" lon="14.249588"><ele>310.25</ele></trkpt>
   <trkpt lat="63.347571" lon="14.249006"><ele>310.5</ele></trkpt>
   <trkpt lat="63.347393" lon="14.248565"><ele>310.25</ele></trkpt>
   <trkpt lat="63.347124" lon="14.247936"><ele>309.75</ele></trkpt>
   <trkpt lat="63.346771" lon="14.247261"><ele>308.5</ele></trkpt>
   <trkpt lat="63.346286" lon="14.246455"><ele>308</ele></trkpt>
   <trkpt lat="63.341523" lon="14.23861"><ele>303.75</ele></trkpt>
   <trkpt lat="63.341227" lon="14.238102"><ele>304</ele></trkpt>
   <trkpt lat="63.339909" lon="14.235939"><ele>303.5</ele></trkpt>
   <trkpt lat="63.338088" lon="14.232941"><ele>306</ele></trkpt>
   <trkpt lat="63.33662" lon="14.230506"><ele>310.75</ele></trkpt>
   <trkpt lat="63.336161" lon="14.229666"><ele>311.5</ele></trkpt>
   <trkpt lat="63.335746" lon="14.228848"><ele>311.5</ele></trkpt>
   <trkpt lat="63.335345" lon="14.228"><ele>311</ele></trkpt>
   <trkpt lat="63.334909" lon="14.227016"><ele>310.25</ele></trkpt>
   <trkpt lat="63.33456" lon="14.226166"><ele>310</ele></trkpt>
   <trkpt lat="63.334241" lon="14.22535"><ele>309.25</ele></trkpt>
   <trkpt lat="63.33399" lon="14.224653"><ele>308.75</ele></trkpt>
   <trkpt lat="63.333583" lon="14.223465"><ele>309.25</ele></trkpt>
   <trkpt lat="63.333301" lon="14.222583"><ele>310</ele></trkpt>
   <trkpt lat="63.332676" lon="14.220651"><ele>310.5</ele></trkpt>
   <trkpt lat="63.33254" lon="14.220234"><ele>310.75</ele></trkpt>
   <trkpt lat="63.332262" lon="14.219374"><ele>311.75</ele></trkpt>
   <trkpt lat="63.332017" lon="14.218661"><ele>312.75</ele></trkpt>
   <trkpt lat="63.33175" lon="14.217939"><ele>311.75</ele></trkpt>
   <trkpt lat="63.331464" lon="14.217243"><ele>310.5</ele></trkpt>
   <trkpt lat="63.331097" lon="14.216453"><ele>310.75</ele></trkpt>
   <trkpt lat="63.330826" lon="14.215938"><ele>310.25</ele></trkpt>
   <trkpt lat="63.330558" lon="14.215468"><ele>310.25</ele></trkpt>
   <trkpt lat="63.330298" lon="14.215063"><ele>310.75</ele></trkpt>
   <trkpt lat="63.330015" lon="14.214654"><ele>311.5</ele></trkpt>
   <trkpt lat="63.329745" lon="14.214288"><ele>311</ele></trkpt>
   <trkpt lat="63.329404" lon="14.213881"><ele>310.75</ele></trkpt>
   <trkpt lat="63.32908" lon="14.213522"><ele>311</ele></trkpt>
   <trkpt lat="63.328748" lon="14.213185"><ele>310.75</ele></trkpt>
   <trkpt lat="63.326284" lon="14.21079"><ele>312.25</ele></trkpt>
   <trkpt lat="63.324271" lon="14.208829"><ele>310.75</ele></trkpt>
   <trkpt lat="63.324263" lon="14.208822"><ele>310.75</ele></trkpt>
   <trkpt lat="63.322189" lon="14.206777"><ele>313.75</ele></trkpt>
   <trkpt lat="63.321757" lon="14.206297"><ele>312.25</ele></trkpt>
   <trkpt lat="63.321429" lon="14.205886"><ele>312.25</ele></trkpt>
   <trkpt lat="63.320998" lon="14.205269"><ele>312.5</ele></trkpt>
   <trkpt lat="63.320617" lon="14.204657"><ele>312</ele></trkpt>
   <trkpt lat="63.320268" lon="14.204016"><ele>311.5</ele></trkpt>
   <trkpt lat="63.319948" lon="14.203356"><ele>311.75</ele></trkpt>
   <trkpt lat="63.319662" lon="14.202714"><ele>310.25</ele></trkpt>
   <trkpt lat="63.319347" lon="14.201905"><ele>309.25</ele></trkpt>
   <trkpt lat="63.319043" lon="14.201035"><ele>308</ele></trkpt>
   <trkpt lat="63.318815" lon="14.20029"><ele>307.5</ele></trkpt>
   <trkpt lat="63.318566" lon="14.199358"><ele>307.75</ele></trkpt>
   <trkpt lat="63.318368" lon="14.198526"><ele>307.25</ele></trkpt>
   <trkpt lat="63.318242" lon="14.197946"><ele>306.75</ele></trkpt>
   <trkpt lat="63.318096" lon="14.197135"><ele>306.5</ele></trkpt>
   <trkpt lat="63.317938" lon="14.196183"><ele>306.75</ele></trkpt>
   <trkpt lat="63.31783" lon="14.195367"><ele>307.25</ele></trkpt>
   <trkpt lat="63.317745" lon="14.19464"><ele>307.75</ele></trkpt>
   <trkpt lat="63.317676" lon="14.19393"><ele>307.75</ele></trkpt>
   <trkpt lat="63.317583" lon="14.192736"><ele>306.25</ele></trkpt>
   <trkpt lat="63.316782" lon="14.180965"><ele>298.25</ele></trkpt>
   <trkpt lat="63.315901" lon="14.168174"><ele>294</ele></trkpt>
   <trkpt lat="63.315838" lon="14.167252"><ele>294.5</ele></trkpt>
   <trkpt lat="63.315766" lon="14.166162"><ele>296.5</ele></trkpt>
   <trkpt lat="63.315638" lon="14.164279"><ele>297</ele></trkpt>
   <trkpt lat="63.315524" lon="14.162874"><ele>298</ele></trkpt>
   <trkpt lat="63.315402" lon="14.161677"><ele>299</ele></trkpt>
   <trkpt lat="63.315345" lon="14.161229"><ele>299.25</ele></trkpt>
   <trkpt lat="63.315222" lon="14.160309"><ele>300</ele></trkpt>
   <trkpt lat="63.315059" lon="14.159167"><ele>300.75</ele></trkpt>
   <trkpt lat="63.314847" lon="14.157956"><ele>301.75</ele></trkpt>
   <trkpt lat="63.31464" lon="14.156895"><ele>302.5</ele></trkpt>
   <trkpt lat="63.314377" lon="14.155693"><ele>303</ele></trkpt>
   <trkpt lat="63.314114" lon="14.154621"><ele>302.5</ele></trkpt>
   <trkpt lat="63.313809" lon="14.153483"><ele>302</ele></trkpt>
   <trkpt lat="63.313502" lon="14.152435"><ele>302</ele></trkpt>
   <trkpt lat="63.313094" lon="14.151111"><ele>301.25</ele></trkpt>
   <trkpt lat="63.31173" lon="14.146818"><ele>301</ele></trkpt>
   <trkpt lat="63.310846" lon="14.144046"><ele>302.75</ele></trkpt>
   <trkpt lat="63.308158" lon="14.135596"><ele>316</ele></trkpt>
   <trkpt lat="63.307858" lon="14.13452"><ele>319</ele></trkpt>
   <trkpt lat="63.307604" lon="14.133568"><ele>320.5</ele></trkpt>
   <trkpt lat="63.307394" lon="14.132634"><ele>320</ele></trkpt>
   <trkpt lat="63.3072" lon="14.131529"><ele>321</ele></trkpt>
   <trkpt lat="63.30697" lon="14.130076"><ele>321.5</ele></trkpt>
   <trkpt lat="63.306842" lon="14.128818"><ele>321.5</ele></trkpt>
   <trkpt lat="63.306719" lon="14.127401"><ele>320.25</ele></trkpt>
   <trkpt lat="63.30669" lon="14.126626"><ele>320</ele></trkpt>
   <trkpt lat="63.306678" lon="14.126154"><ele>320</ele></trkpt>
   <trkpt lat="63.306669" lon="14.124813"><ele>320</ele></trkpt>
   <trkpt lat="63.306695" lon="14.123735"><ele>321.5</ele></trkpt>
   <trkpt lat="63.306749" lon="14.122614"><ele>324.25</ele></trkpt>
   <trkpt lat="63.306871" lon="14.121246"><ele>329.25</ele></trkpt>
   <trkpt lat="63.307018" lon="14.12013"><ele>329.75</ele></trkpt>
   <trkpt lat="63.30729" lon="14.118305"><ele>327.75</ele></trkpt>
   <trkpt lat="63.30921" lon="14.107641"><ele>329.25</ele></trkpt>
   <trkpt lat="63.311999" lon="14.092138"><ele>330.25</ele></trkpt>
   <trkpt lat="63.312548" lon="14.08908"><ele>332</ele></trkpt>
   <trkpt lat="63.31299" lon="14.086648"><ele>330.5</ele></trkpt>
   <trkpt lat="63.313902" lon="14.081543"><ele>324.5</ele></trkpt>
   <trkpt lat="63.314409" lon="14.079071"><ele>322</ele></trkpt>
   <trkpt lat="63.314597" lon="14.078208"><ele>321.25</ele></trkpt>
   <trkpt lat="63.314858" lon="14.077082"><ele>321</ele></trkpt>
   <trkpt lat="63.316312" lon="14.070887"><ele>319.25</ele></trkpt>
   <trkpt lat="63.318342" lon="14.062241"><ele>314</ele></trkpt>
   <trkpt lat="63.320462" lon="14.053185"><ele>307.75</ele></trkpt>
   <trkpt lat="63.322684" lon="14.043708"><ele>299</ele></trkpt>
   <trkpt lat="63.323199" lon="14.04149"><ele>299</ele></trkpt>
   <trkpt lat="63.324227" lon="14.037109"><ele>298.5</ele></trkpt>
   <trkpt lat="63.324404" lon="14.036409"><ele>298.25</ele></trkpt>
   <trkpt lat="63.324654" lon="14.035494"><ele>297.75</ele></trkpt>
   <trkpt lat="63.324913" lon="14.034652"><ele>298.25</ele></trkpt>
   <trkpt lat="63.328419" lon="14.023908"><ele>301.25</ele></trkpt>
   <trkpt lat="63.32854" lon="14.023536"><ele>300.25</ele></trkpt>
   <trkpt lat="63.328543" lon="14.023526"><ele>300.25</ele></trkpt>
   <trkpt lat="63.32866" lon="14.023167"><ele>299.5</ele></trkpt>
   <trkpt lat="63.329872" lon="14.01945"><ele>296</ele></trkpt>
   <trkpt lat="63.330098" lon="14.018784"><ele>296</ele></trkpt>
   <trkpt lat="63.330362" lon="14.017974"><ele>296.25</ele></trkpt>
   <trkpt lat="63.330599" lon="14.017241"><ele>296.5</ele></trkpt>
   <trkpt lat="63.330927" lon="14.016237"><ele>297.25</ele></trkpt>
   <trkpt lat="63.331883" lon="14.013326"><ele>298</ele></trkpt>
   <trkpt lat="63.332066" lon="14.012765"><ele>297.75</ele></trkpt>
   <trkpt lat="63.333171" lon="14.009354"><ele>296.5</ele></trkpt>
   <trkpt lat="63.33337" lon="14.008759"><ele>297</ele></trkpt>
   <trkpt lat="63.333674" lon="14.007746"><ele>297.25</ele></trkpt>
   <trkpt lat="63.333953" lon="14.006691"><ele>296.75</ele></trkpt>
   <trkpt lat="63.334085" lon="14.006125"><ele>296.75</ele></trkpt>
   <trkpt lat="63.334274" lon="14.005074"><ele>296.25</ele></trkpt>
   <trkpt lat="63.334435" lon="14.004017"><ele>296</ele></trkpt>
   <trkpt lat="63.334545" lon="14.00306"><ele>294.5</ele></trkpt>
   <trkpt lat="63.334572" lon="14.002755"><ele>294.25</ele></trkpt>
   <trkpt lat="63.334581" lon="14.002633"><ele>294</ele></trkpt>
   <trkpt lat="63.334582" lon="14.00262"><ele>294</ele></trkpt>
   <trkpt lat="63.334587" lon="14.002553"><ele>294</ele></trkpt>
   <trkpt lat="63.334665" lon="14.001236"><ele>293.75</ele></trkpt>
   <trkpt lat="63.334684" lon="14.000308"><ele>294</ele></trkpt>
   <trkpt lat="63.334678" lon="13.999178"><ele>294</ele></trkpt>
   <trkpt lat="63.334625" lon="13.997969"><ele>294.75</ele></trkpt>
   <trkpt lat="63.334544" lon="13.996512"><ele>296</ele></trkpt>
   <trkpt lat="63.334368" lon="13.993755"><ele>295.25</ele></trkpt>
   <trkpt lat="63.334057" lon="13.989093"><ele>294</ele></trkpt>
   <trkpt lat="63.333928" lon="13.987165"><ele>294.25</ele></trkpt>
   <trkpt lat="63.333909" lon="13.986848"><ele>294.5</ele></trkpt>
   <trkpt lat="63.333719" lon="13.983742"><ele>295.75</ele></trkpt>
   <trkpt lat="63.33365" lon="13.982739"><ele>296.75</ele></trkpt>
   <trkpt lat="63.333633" lon="13.982476"><ele>296.75</ele></trkpt>
   <trkpt lat="63.333198" lon="13.975937"><ele>306.5</ele></trkpt>
   <trkpt lat="63.333068" lon="13.973773"><ele>306</ele></trkpt>
   <trkpt lat="63.33259" lon="13.966563"><ele>308</ele></trkpt>
   <trkpt lat="63.332352" lon="13.962972"><ele>313.75</ele></trkpt>
   <trkpt lat="63.331813" lon="13.954781"><ele>320</ele></trkpt>
   <trkpt lat="63.33115" lon="13.944563"><ele>327.75</ele></trkpt>
   <trkpt lat="63.331065" lon="13.943523"><ele>329</ele></trkpt>
   <trkpt lat="63.331034" lon="13.943225"><ele>329.25</ele></trkpt>
   <trkpt lat="63.330951" lon="13.942511"><ele>329.25</ele></trkpt>
   <trkpt lat="63.330805" lon="13.941503"><ele>330</ele></trkpt>
   <trkpt lat="63.33067" lon="13.940728"><ele>331</ele></trkpt>
   <trkpt lat="63.330499" lon="13.939869"><ele>332.25</ele></trkpt>
   <trkpt lat="63.330276" lon="13.938971"><ele>334.25</ele></trkpt>
   <trkpt lat="63.330065" lon="13.938215"><ele>334</ele></trkpt>
   <trkpt lat="63.329856" lon="13.937571"><ele>335.25</ele></trkpt>
   <trkpt lat="63.329615" lon="13.93689"><ele>337</ele></trkpt>
   <trkpt lat="63.329375" lon="13.936305"><ele>338.5</ele></trkpt>
   <trkpt lat="63.329073" lon="13.935615"><ele>340</ele></trkpt>
   <trkpt lat="63.328782" lon="13.93506"><ele>340.25</ele></trkpt>
   <trkpt lat="63.328454" lon="13.934494"><ele>341</ele></trkpt>
   <trkpt lat="63.328145" lon="13.934025"><ele>341.5</ele></trkpt>
   <trkpt lat="63.327746" lon="13.933494"><ele>342.25</ele></trkpt>
   <trkpt lat="63.327356" lon="13.933065"><ele>342.25</ele></trkpt>
   <trkpt lat="63.326653" lon="13.932375"><ele>343</ele></trkpt>
   <trkpt lat="63.325819" lon="13.931598"><ele>344</ele></trkpt>
   <trkpt lat="63.32533" lon="13.931058"><ele>344.25</ele></trkpt>
   <trkpt lat="63.324922" lon="13.930546"><ele>345.75</ele></trkpt>
   <trkpt lat="63.324734" lon="13.93029"><ele>346.5</ele></trkpt>
   <trkpt lat="63.324418" lon="13.929865"><ele>346.75</ele></trkpt>
   <trkpt lat="63.324016" lon="13.929173"><ele>346.75</ele></trkpt>
   <trkpt lat="63.323685" lon="13.928534"><ele>347</ele></trkpt>
   <trkpt lat="63.323332" lon="13.927765"><ele>346.25</ele></trkpt>
   <trkpt lat="63.322983" lon="13.926925"><ele>346</ele></trkpt>
   <trkpt lat="63.322544" lon="13.92565"><ele>347</ele></trkpt>
   <trkpt lat="63.319522" lon="13.916119"><ele>351.75</ele></trkpt>
   <trkpt lat="63.319132" lon="13.914821"><ele>351.25</ele></trkpt>
   <trkpt lat="63.319059" lon="13.914579"><ele>350.75</ele></trkpt>
   <trkpt lat="63.318786" lon="13.913549"><ele>349</ele></trkpt>
   <trkpt lat="63.318563" lon="13.912514"><ele>349</ele></trkpt>
   <trkpt lat="63.318361" lon="13.911368"><ele>349.25</ele></trkpt>
   <trkpt lat="63.318197" lon="13.910261"><ele>350</ele></trkpt>
   <trkpt lat="63.318068" lon="13.909147"><ele>351.25</ele></trkpt>
   <trkpt lat="63.317959" lon="13.907801"><ele>352</ele></trkpt>
   <trkpt lat="63.317902" lon="13.906715"><ele>350.25</ele></trkpt>
   <trkpt lat="63.317884" lon="13.905553"><ele>348.5</ele></trkpt>
   <trkpt lat="63.317885" lon="13.904657"><ele>348</ele></trkpt>
   <trkpt lat="63.317926" lon="13.903475"><ele>348.75</ele></trkpt>
   <trkpt lat="63.318006" lon="13.902251"><ele>348.5</ele></trkpt>
   <trkpt lat="63.31811" lon="13.901184"><ele>349</ele></trkpt>
   <trkpt lat="63.318389" lon="13.898837"><ele>348.75</ele></trkpt>
   <trkpt lat="63.318781" lon="13.895666"><ele>346.75</ele></trkpt>
   <trkpt lat="63.319326" lon="13.89126"><ele>344.5</ele></trkpt>
   <trkpt lat="63.319417" lon="13.890399"><ele>344.25</ele></trkpt>
   <trkpt lat="63.319494" lon="13.889476"><ele>344.5</ele></trkpt>
   <trkpt lat="63.319559" lon="13.888484"><ele>345.25</ele></trkpt>
   <trkpt lat="63.319594" lon="13.887435"><ele>344.75</ele></trkpt>
   <trkpt lat="63.3196" lon="13.886375"><ele>344.25</ele></trkpt>
   <trkpt lat="63.31957" lon="13.885101"><ele>344.5</ele></trkpt>
   <trkpt lat="63.31953" lon="13.884342"><ele>344.25</ele></trkpt>
   <trkpt lat="63.319495" lon="13.883771"><ele>343.75</ele></trkpt>
   <trkpt lat="63.319417" lon="13.882864"><ele>343.75</ele></trkpt>
   <trkpt lat="63.319314" lon="13.881923"><ele>343.5</ele></trkpt>
   <trkpt lat="63.319176" lon="13.88092"><ele>343</ele></trkpt>
   <trkpt lat="63.318982" lon="13.879791"><ele>340.5</ele></trkpt>
   <trkpt lat="63.318795" lon="13.878881"><ele>338.75</ele></trkpt>
   <trkpt lat="63.318557" lon="13.877862"><ele>337.75</ele></trkpt>
   <trkpt lat="63.318281" lon="13.876886"><ele>337.25</ele></trkpt>
   <trkpt lat="63.318178" lon="13.876566"><ele>337</ele></trkpt>
   <trkpt lat="63.317812" lon="13.875437"><ele>336</ele></trkpt>
   <trkpt lat="63.315692" lon="13.869172"><ele>329</ele></trkpt>
   <trkpt lat="63.314627" lon="13.866047"><ele>326.5</ele></trkpt>
   <trkpt lat="63.313942" lon="13.86395"><ele>324.5</ele></trkpt>
   <trkpt lat="63.313269" lon="13.861533"><ele>322</ele></trkpt>
   <trkpt lat="63.312951" lon="13.860317"><ele>321.75</ele></trkpt>
   <trkpt lat="63.312477" lon="13.858388"><ele>322</ele></trkpt>
   <trkpt lat="63.308889" lon="13.843193"><ele>319</ele></trkpt>
   <trkpt lat="63.308838" lon="13.842975"><ele>319</ele></trkpt>
   <trkpt lat="63.308778" lon="13.842728"><ele>319</ele></trkpt>
   <trkpt lat="63.308381" lon="13.841076"><ele>319.75</ele></trkpt>
   <trkpt lat="63.308122" lon="13.840097"><ele>321</ele></trkpt>
   <trkpt lat="63.307982" lon="13.839609"><ele>321.25</ele></trkpt>
   <trkpt lat="63.307883" lon="13.839252"><ele>321.5</ele></trkpt>
   <trkpt lat="63.307539" lon="13.838176"><ele>321</ele></trkpt>
   <trkpt lat="63.307219" lon="13.837272"><ele>320</ele></trkpt>
   <trkpt lat="63.306875" lon="13.836398"><ele>318.5</ele></trkpt>
   <trkpt lat="63.306614" lon="13.835765"><ele>317.75</ele></trkpt>
   <trkpt lat="63.306299" lon="13.835057"><ele>317.5</ele></trkpt>
   <trkpt lat="63.305977" lon="13.834434"><ele>317</ele></trkpt>
   <trkpt lat="63.305689" lon="13.833903"><ele>316.25</ele></trkpt>
   <trkpt lat="63.303609" lon="13.830665"><ele>306.25</ele></trkpt>
   <trkpt lat="63.303339" lon="13.830254"><ele>306.25</ele></trkpt>
   <trkpt lat="63.303322" lon="13.830229"><ele>306.25</ele></trkpt>
   <trkpt lat="63.302462" lon="13.82891"><ele>309</ele></trkpt>
   <trkpt lat="63.2978" lon="13.821793"><ele>305.75</ele></trkpt>
   <trkpt lat="63.297796" lon="13.821787"><ele>305.75</ele></trkpt>
   <trkpt lat="63.295758" lon="13.818645"><ele>308.5</ele></trkpt>
   <trkpt lat="63.295359" lon="13.817963"><ele>309</ele></trkpt>
   <trkpt lat="63.295083" lon="13.817438"><ele>309.75</ele></trkpt>
   <trkpt lat="63.295002" lon="13.817282"><ele>310.25</ele></trkpt>
   <trkpt lat="63.294597" lon="13.81637"><ele>313</ele></trkpt>
   <trkpt lat="63.294309" lon="13.815656"><ele>313.75</ele></trkpt>
   <trkpt lat="63.293875" lon="13.814404"><ele>313.25</ele></trkpt>
   <trkpt lat="63.293537" lon="13.813224"><ele>314.5</ele></trkpt>
   <trkpt lat="63.293262" lon="13.812124"><ele>316</ele></trkpt>
   <trkpt lat="63.293006" lon="13.810893"><ele>320</ele></trkpt>
   <trkpt lat="63.292809" lon="13.809643"><ele>320.75</ele></trkpt>
   <trkpt lat="63.292666" lon="13.808546"><ele>324.25</ele></trkpt>
   <trkpt lat="63.292535" lon="13.807159"><ele>323.75</ele></trkpt>
   <trkpt lat="63.292469" lon="13.805941"><ele>321.75</ele></trkpt>
   <trkpt lat="63.292439" lon="13.804561"><ele>320.25</ele></trkpt>
   <trkpt lat="63.292422" lon="13.802629"><ele>319</ele></trkpt>
   <trkpt lat="63.292435" lon="13.799144"><ele>319</ele></trkpt>
   <trkpt lat="63.292441" lon="13.793947"><ele>317.75</ele></trkpt>
   <trkpt lat="63.292448" lon="13.792966"><ele>317.25</ele></trkpt>
   <trkpt lat="63.292437" lon="13.792053"><ele>315.5</ele></trkpt>
   <trkpt lat="63.292417" lon="13.79124"><ele>313.5</ele></trkpt>
   <trkpt lat="63.292372" lon="13.79054"><ele>312</ele></trkpt>
   <trkpt lat="63.292295" lon="13.789726"><ele>310.5</ele></trkpt>
   <trkpt lat="63.292205" lon="13.788991"><ele>309.25</ele></trkpt>
   <trkpt lat="63.29209" lon="13.788258"><ele>307.25</ele></trkpt>
   <trkpt lat="63.291929" lon="13.787411"><ele>305.5</ele></trkpt>
   <trkpt lat="63.29177" lon="13.786729"><ele>304.5</ele></trkpt>
   <trkpt lat="63.291584" lon="13.786022"><ele>302.75</ele></trkpt>
   <trkpt lat="63.291332" lon="13.785117"><ele>301.5</ele></trkpt>
   <trkpt lat="63.291133" lon="13.784398"><ele>301.5</ele></trkpt>
   <trkpt lat="63.290819" lon="13.783271"><ele>303</ele></trkpt>
   <trkpt lat="63.29052" lon="13.782335"><ele>303</ele></trkpt>
   <trkpt lat="63.290188" lon="13.78149"><ele>303.75</ele></trkpt>
   <trkpt lat="63.289851" lon="13.780781"><ele>305.5</ele></trkpt>
   <trkpt lat="63.289666" lon="13.780438"><ele>306</ele></trkpt>
   <trkpt lat="63.289483" lon="13.780122"><ele>306.25</ele></trkpt>
   <trkpt lat="63.289067" lon="13.779524"><ele>307</ele></trkpt>
   <trkpt lat="63.28856" lon="13.778924"><ele>308.75</ele></trkpt>
   <trkpt lat="63.285865" lon="13.775909"><ele>309.75</ele></trkpt>
   <trkpt lat="63.28454" lon="13.774404"><ele>309.25</ele></trkpt>
   <trkpt lat="63.284015" lon="13.773733"><ele>308.75</ele></trkpt>
   <trkpt lat="63.283581" lon="13.773087"><ele>308.75</ele></trkpt>
   <trkpt lat="63.283064" lon="13.772164"><ele>310.5</ele></trkpt>
   <trkpt lat="63.282702" lon="13.771435"><ele>311</ele></trkpt>
   <trkpt lat="63.282249" lon="13.770355"><ele>310.5</ele></trkpt>
   <trkpt lat="63.28194" lon="13.76949"><ele>308.25</ele></trkpt>
   <trkpt lat="63.281788" lon="13.769042"><ele>307</ele></trkpt>
   <trkpt lat="63.281547" lon="13.768283"><ele>306.25</ele></trkpt>
   <trkpt lat="63.281307" lon="13.76736"><ele>305.75</ele></trkpt>
   <trkpt lat="63.281082" lon="13.766414"><ele>305.5</ele></trkpt>
   <trkpt lat="63.280848" lon="13.765314"><ele>304.5</ele></trkpt>
   <trkpt lat="63.280599" lon="13.764053"><ele>303.75</ele></trkpt>
   <trkpt lat="63.28042" lon="13.76309"><ele>303.5</ele></trkpt>
   <trkpt lat="63.280244" lon="13.761967"><ele>303.75</ele></trkpt>
   <trkpt lat="63.280109" lon="13.760819"><ele>304.25</ele></trkpt>
   <trkpt lat="63.279997" lon="13.759569"><ele>306.25</ele></trkpt>
   <trkpt lat="63.279938" lon="13.75838"><ele>306.25</ele></trkpt>
   <trkpt lat="63.279907" lon="13.757104"><ele>306</ele></trkpt>
   <trkpt lat="63.279921" lon="13.755838"><ele>305.25</ele></trkpt>
   <trkpt lat="63.279981" lon="13.754628"><ele>305.25</ele></trkpt>
   <trkpt lat="63.280109" lon="13.752973"><ele>306</ele></trkpt>
   <trkpt lat="63.280236" lon="13.751704"><ele>306.25</ele></trkpt>
   <trkpt lat="63.281133" lon="13.74277"><ele>304.5</ele></trkpt>
   <trkpt lat="63.281258" lon="13.741804"><ele>303.25</ele></trkpt>
   <trkpt lat="63.281397" lon="13.740933"><ele>303.25</ele></trkpt>
   <trkpt lat="63.281603" lon="13.739895"><ele>303.25</ele></trkpt>
   <trkpt lat="63.281803" lon="13.738991"><ele>302.5</ele></trkpt>
   <trkpt lat="63.282034" lon="13.738092"><ele>302.75</ele></trkpt>
   <trkpt lat="63.282329" lon="13.737115"><ele>304.75</ele></trkpt>
   <trkpt lat="63.283592" lon="13.733527"><ele>306.5</ele></trkpt>
   <trkpt lat="63.283981" lon="13.732426"><ele>305.5</ele></trkpt>
   <trkpt lat="63.288751" lon="13.718952"><ele>308</ele></trkpt>
   <trkpt lat="63.289174" lon="13.717845"><ele>305.5</ele></trkpt>
   <trkpt lat="63.289635" lon="13.716763"><ele>305.5</ele></trkpt>
   <trkpt lat="63.290088" lon="13.715833"><ele>304.75</ele></trkpt>
   <trkpt lat="63.291058" lon="13.714151"><ele>305.75</ele></trkpt>
   <trkpt lat="63.293233" lon="13.710778"><ele>309</ele></trkpt>
   <trkpt lat="63.294982" lon="13.70748"><ele>306.75</ele></trkpt>
   <trkpt lat="63.296131" lon="13.705283"><ele>307.25</ele></trkpt>
   <trkpt lat="63.296665" lon="13.704255"><ele>307</ele></trkpt>
   <trkpt lat="63.302898" lon="13.692274"><ele>317</ele></trkpt>
   <trkpt lat="63.303079" lon="13.691913"><ele>316.75</ele></trkpt>
   <trkpt lat="63.303594" lon="13.690842"><ele>317.5</ele></trkpt>
   <trkpt lat="63.303933" lon="13.689941"><ele>319</ele></trkpt>
   <trkpt lat="63.30428" lon="13.688917"><ele>320.25</ele></trkpt>
   <trkpt lat="63.304615" lon="13.687758"><ele>319.25</ele></trkpt>
   <trkpt lat="63.30495" lon="13.686347"><ele>318.75</ele></trkpt>
   <trkpt lat="63.305206" lon="13.685001"><ele>318.75</ele></trkpt>
   <trkpt lat="63.305391" lon="13.683804"><ele>320.5</ele></trkpt>
   <trkpt lat="63.30555" lon="13.682474"><ele>323.25</ele></trkpt>
   <trkpt lat="63.305664" lon="13.680924"><ele>322.75</ele></trkpt>
   <trkpt lat="63.305843" lon="13.677942"><ele>324.75</ele></trkpt>
   <trkpt lat="63.305954" lon="13.676477"><ele>326.75</ele></trkpt>
   <trkpt lat="63.306052" lon="13.675326"><ele>328.25</ele></trkpt>
   <trkpt lat="63.306191" lon="13.67432"><ele>329.25</ele></trkpt>
   <trkpt lat="63.306249" lon="13.673899"><ele>329.25</ele></trkpt>
   <trkpt lat="63.306743" lon="13.670402"><ele>329.25</ele></trkpt>
   <trkpt lat="63.306745" lon="13.670384"><ele>329.25</ele></trkpt>
   <trkpt lat="63.307299" lon="13.666475"><ele>328.5</ele></trkpt>
   <trkpt lat="63.307364" lon="13.666009"><ele>329</ele></trkpt>
   <trkpt lat="63.307486" lon="13.665159"><ele>329</ele></trkpt>
   <trkpt lat="63.307785" lon="13.663061"><ele>328.5</ele></trkpt>
   <trkpt lat="63.307839" lon="13.662682"><ele>329</ele></trkpt>
   <trkpt lat="63.308547" lon="13.657733"><ele>328.75</ele></trkpt>
   <trkpt lat="63.308643" lon="13.657018"><ele>329</ele></trkpt>
   <trkpt lat="63.308901" lon="13.655221"><ele>329.5</ele></trkpt>
   <trkpt lat="63.308918" lon="13.655104"><ele>329.75</ele></trkpt>
   <trkpt lat="63.30919" lon="13.653181"><ele>330</ele></trkpt>
   <trkpt lat="63.309317" lon="13.652169"><ele>329</ele></trkpt>
   <trkpt lat="63.309363" lon="13.651716"><ele>328</ele></trkpt>
   <trkpt lat="63.309376" lon="13.651583"><ele>327.75</ele></trkpt>
   <trkpt lat="63.309477" lon="13.650587"><ele>327.5</ele></trkpt>
   <trkpt lat="63.309531" lon="13.649873"><ele>328</ele></trkpt>
   <trkpt lat="63.309579" lon="13.648981"><ele>327.5</ele></trkpt>
   <trkpt lat="63.30961" lon="13.648248"><ele>327.5</ele></trkpt>
   <trkpt lat="63.309634" lon="13.647585"><ele>329.5</ele></trkpt>
   <trkpt lat="63.309647" lon="13.646854"><ele>327.75</ele></trkpt>
   <trkpt lat="63.309647" lon="13.646833"><ele>327.75</ele></trkpt>
   <trkpt lat="63.309645" lon="13.64597"><ele>328</ele></trkpt>
   <trkpt lat="63.309632" lon="13.645128"><ele>328.5</ele></trkpt>
   <trkpt lat="63.309603" lon="13.644227"><ele>328</ele></trkpt>
   <trkpt lat="63.309566" lon="13.643383"><ele>327.75</ele></trkpt>
   <trkpt lat="63.309512" lon="13.642474"><ele>329.75</ele></trkpt>
   <trkpt lat="63.309058" lon="13.635471"><ele>332.5</ele></trkpt>
   <trkpt lat="63.308992" lon="13.634406"><ele>332.75</ele></trkpt>
   <trkpt lat="63.308442" lon="13.625777"><ele>329.5</ele></trkpt>
   <trkpt lat="63.308388" lon="13.624841"><ele>329.75</ele></trkpt>
   <trkpt lat="63.308361" lon="13.623921"><ele>330.5</ele></trkpt>
   <trkpt lat="63.308352" lon="13.623205"><ele>331.25</ele></trkpt>
   <trkpt lat="63.308371" lon="13.622446"><ele>332.5</ele></trkpt>
   <trkpt lat="63.308405" lon="13.621743"><ele>332.75</ele></trkpt>
   <trkpt lat="63.308454" lon="13.621057"><ele>334.25</ele></trkpt>
   <trkpt lat="63.308557" lon="13.620172"><ele>335.75</ele></trkpt>
   <trkpt lat="63.308686" lon="13.61929"><ele>333</ele></trkpt>
   <trkpt lat="63.308712" lon="13.619128"><ele>332.5</ele></trkpt>
   <trkpt lat="63.309232" lon="13.615882"><ele>331</ele></trkpt>
   <trkpt lat="63.310313" lon="13.609282"><ele>329.25</ele></trkpt>
   <trkpt lat="63.310904" lon="13.605647"><ele>327.25</ele></trkpt>
   <trkpt lat="63.312297" lon="13.597112"><ele>327.25</ele></trkpt>
   <trkpt lat="63.313282" lon="13.591045"><ele>329.5</ele></trkpt>
   <trkpt lat="63.314287" lon="13.58486"><ele>324.75</ele></trkpt>
   <trkpt lat="63.314462" lon="13.583718"><ele>324.25</ele></trkpt>
   <trkpt lat="63.314629" lon="13.582489"><ele>323.75</ele></trkpt>
   <trkpt lat="63.314796" lon="13.581188"><ele>324.25</ele></trkpt>
   <trkpt lat="63.314937" lon="13.579973"><ele>324.25</ele></trkpt>
   <trkpt lat="63.315132" lon="13.578154"><ele>324.25</ele></trkpt>
   <trkpt lat="63.31545" lon="13.574744"><ele>329.5</ele></trkpt>
   <trkpt lat="63.315639" lon="13.572941"><ele>327</ele></trkpt>
   <trkpt lat="63.315756" lon="13.57198"><ele>324.5</ele></trkpt>
   <trkpt lat="63.3159" lon="13.570926"><ele>322.75</ele></trkpt>
   <trkpt lat="63.316029" lon="13.570181"><ele>321.75</ele></trkpt>
   <trkpt lat="63.316184" lon="13.569346"><ele>320.75</ele></trkpt>
   <trkpt lat="63.3164" lon="13.568268"><ele>321.25</ele></trkpt>
   <trkpt lat="63.316578" lon="13.567415"><ele>323.25</ele></trkpt>
   <trkpt lat="63.317797" lon="13.561842"><ele>323.5</ele></trkpt>
   <trkpt lat="63.318004" lon="13.560855"><ele>325.25</ele></trkpt>
   <trkpt lat="63.318204" lon="13.559806"><ele>323.25</ele></trkpt>
   <trkpt lat="63.31825" lon="13.559535"><ele>322.75</ele></trkpt>
   <trkpt lat="63.318644" lon="13.557146"><ele>319.75</ele></trkpt>
   <trkpt lat="63.318869" lon="13.555839"><ele>320.5</ele></trkpt>
   <trkpt lat="63.319098" lon="13.55464"><ele>324.75</ele></trkpt>
   <trkpt lat="63.319327" lon="13.553642"><ele>327</ele></trkpt>
   <trkpt lat="63.319628" lon="13.552491"><ele>326.75</ele></trkpt>
   <trkpt lat="63.319878" lon="13.551679"><ele>324.25</ele></trkpt>
   <trkpt lat="63.320544" lon="13.549651"><ele>327</ele></trkpt>
   <trkpt lat="63.320871" lon="13.548726"><ele>325.5</ele></trkpt>
   <trkpt lat="63.321202" lon="13.54772"><ele>326.25</ele></trkpt>
   <trkpt lat="63.321525" lon="13.546695"><ele>324.75</ele></trkpt>
   <trkpt lat="63.321859" lon="13.545453"><ele>324.75</ele></trkpt>
   <trkpt lat="63.322572" lon="13.542128"><ele>324.75</ele></trkpt>
   <trkpt lat="63.322905" lon="13.540562"><ele>325.75</ele></trkpt>
   <trkpt lat="63.32307" lon="13.539821"><ele>326.5</ele></trkpt>
   <trkpt lat="63.3234" lon="13.538514"><ele>324.5</ele></trkpt>
   <trkpt lat="63.32359" lon="13.537847"><ele>324.5</ele></trkpt>
   <trkpt lat="63.323848" lon="13.537057"><ele>325</ele></trkpt>
   <trkpt lat="63.324105" lon="13.536331"><ele>324.75</ele></trkpt>
   <trkpt lat="63.324382" lon="13.535652"><ele>323</ele></trkpt>
   <trkpt lat="63.324736" lon="13.53486"><ele>323</ele></trkpt>
   <trkpt lat="63.325102" lon="13.534121"><ele>324.25</ele></trkpt>
   <trkpt lat="63.325544" lon="13.53339"><ele>324</ele></trkpt>
   <trkpt lat="63.325832" lon="13.532938"><ele>324</ele></trkpt>
   <trkpt lat="63.326276" lon="13.532307"><ele>324</ele></trkpt>
   <trkpt lat="63.327865" lon="13.53021"><ele>323.25</ele></trkpt>
   <trkpt lat="63.328955" lon="13.528734"><ele>324</ele></trkpt>
   <trkpt lat="63.329392" lon="13.528115"><ele>324.25</ele></trkpt>
   <trkpt lat="63.329679" lon="13.527611"><ele>324.5</ele></trkpt>
   <trkpt lat="63.329995" lon="13.527013"><ele>324.75</ele></trkpt>
   <trkpt lat="63.330304" lon="13.526368"><ele>324</ele></trkpt>
   <trkpt lat="63.330552" lon="13.525771"><ele>323.5</ele></trkpt>
   <trkpt lat="63.330821" lon="13.525042"><ele>323</ele></trkpt>
   <trkpt lat="63.331062" lon="13.524297"><ele>322</ele></trkpt>
   <trkpt lat="63.331235" lon="13.523672"><ele>321.5</ele></trkpt>
   <trkpt lat="63.331428" lon="13.522899"><ele>321.25</ele></trkpt>
   <trkpt lat="63.331604" lon="13.52211"><ele>320.75</ele></trkpt>
   <trkpt lat="63.331687" lon="13.521654"><ele>320</ele></trkpt>
   <trkpt lat="63.331846" lon="13.520663"><ele>319.25</ele></trkpt>
   <trkpt lat="63.331966" lon="13.519771"><ele>319.5</ele></trkpt>
   <trkpt lat="63.332053" lon="13.518907"><ele>319</ele></trkpt>
   <trkpt lat="63.332173" lon="13.517208"><ele>318.75</ele></trkpt>
   <trkpt lat="63.332239" lon="13.516094"><ele>319.25</ele></trkpt>
   <trkpt lat="63.332315" lon="13.514626"><ele>318.75</ele></trkpt>
   <trkpt lat="63.332336" lon="13.514246"><ele>318.75</ele></trkpt>
   <trkpt lat="63.332407" lon="13.513169"><ele>318</ele></trkpt>
   <trkpt lat="63.332454" lon="13.512575"><ele>318</ele></trkpt>
   <trkpt lat="63.332513" lon="13.511966"><ele>318</ele></trkpt>
   <trkpt lat="63.3326" lon="13.511293"><ele>318.75</ele></trkpt>
   <trkpt lat="63.332704" lon="13.51066"><ele>319.5</ele></trkpt>
   <trkpt lat="63.332936" lon="13.509524"><ele>319.75</ele></trkpt>
   <trkpt lat="63.333181" lon="13.508604"><ele>319.75</ele></trkpt>
   <trkpt lat="63.333443" lon="13.507778"><ele>320.25</ele></trkpt>
   <trkpt lat="63.334111" lon="13.505853"><ele>322.5</ele></trkpt>
   <trkpt lat="63.33506" lon="13.503147"><ele>323.75</ele></trkpt>
   <trkpt lat="63.337837" lon="13.495203"><ele>324.75</ele></trkpt>
   <trkpt lat="63.337913" lon="13.494992"><ele>324.75</ele></trkpt>
   <trkpt lat="63.339688" lon="13.489919"><ele>323.75</ele></trkpt>
   <trkpt lat="63.33991" lon="13.489227"><ele>322.75</ele></trkpt>
   <trkpt lat="63.340072" lon="13.488643"><ele>322.5</ele></trkpt>
   <trkpt lat="63.340195" lon="13.4881"><ele>322.5</ele></trkpt>
   <trkpt lat="63.340284" lon="13.487666"><ele>322.5</ele></trkpt>
   <trkpt lat="63.340363" lon="13.487214"><ele>322.5</ele></trkpt>
   <trkpt lat="63.340433" lon="13.486716"><ele>322.5</ele></trkpt>
   <trkpt lat="63.340519" lon="13.485805"><ele>324</ele></trkpt>
   <trkpt lat="63.340521" lon="13.485782"><ele>324</ele></trkpt>
   <trkpt lat="63.340555" lon="13.485258"><ele>325.25</ele></trkpt>
   <trkpt lat="63.340575" lon="13.484772"><ele>326</ele></trkpt>
   <trkpt lat="63.340593" lon="13.483258"><ele>325.5</ele></trkpt>
   <trkpt lat="63.340626" lon="13.480526"><ele>326.25</ele></trkpt>
   <trkpt lat="63.340651" lon="13.479998"><ele>326</ele></trkpt>
   <trkpt lat="63.340692" lon="13.479418"><ele>325.75</ele></trkpt>
   <trkpt lat="63.340735" lon="13.478921"><ele>325.75</ele></trkpt>
   <trkpt lat="63.340789" lon="13.478481"><ele>325.75</ele></trkpt>
   <trkpt lat="63.340847" lon="13.478029"><ele>325.5</ele></trkpt>
   <trkpt lat="63.34093" lon="13.477513"><ele>325</ele></trkpt>
   <trkpt lat="63.340939" lon="13.477462"><ele>325</ele></trkpt>
   <trkpt lat="63.34103" lon="13.476998"><ele>325</ele></trkpt>
   <trkpt lat="63.341128" lon="13.476543"><ele>325.25</ele></trkpt>
   <trkpt lat="63.341242" lon="13.476102"><ele>325.5</ele></trkpt>
   <trkpt lat="63.341515" lon="13.475119"><ele>325.25</ele></trkpt>
   <trkpt lat="63.341936" lon="13.473667"><ele>324.75</ele></trkpt>
   <trkpt lat="63.342434" lon="13.47204"><ele>324.5</ele></trkpt>
   <trkpt lat="63.343231" lon="13.46946"><ele>325.5</ele></trkpt>
   <trkpt lat="63.343738" lon="13.467818"><ele>326</ele></trkpt>
   <trkpt lat="63.34396" lon="13.467089"><ele>325.25</ele></trkpt>
   <trkpt lat="63.344086" lon="13.466684"><ele>324.5</ele></trkpt>
   <trkpt lat="63.344206" lon="13.466288"><ele>323.75</ele></trkpt>
   <trkpt lat="63.344807" lon="13.46433"><ele>324.25</ele></trkpt>
   <trkpt lat="63.345121" lon="13.463276"><ele>324.75</ele></trkpt>
   <trkpt lat="63.345228" lon="13.462831"><ele>325.25</ele></trkpt>
   <trkpt lat="63.345335" lon="13.462342"><ele>325.5</ele></trkpt>
   <trkpt lat="63.345427" lon="13.461706"><ele>325.5</ele></trkpt>
   <trkpt lat="63.345429" lon="13.461688"><ele>325.5</ele></trkpt>
   <trkpt lat="63.345467" lon="13.461349"><ele>325.5</ele></trkpt>
   <trkpt lat="63.345494" lon="13.461028"><ele>325.5</ele></trkpt>
   <trkpt lat="63.345509" lon="13.460734"><ele>325.25</ele></trkpt>
   <trkpt lat="63.345517" lon="13.46028"><ele>324.75</ele></trkpt>
   <trkpt lat="63.345515" lon="13.459962"><ele>324.5</ele></trkpt>
   <trkpt lat="63.345505" lon="13.459647"><ele>324</ele></trkpt>
   <trkpt lat="63.345482" lon="13.459267"><ele>323.25</ele></trkpt>
   <trkpt lat="63.345451" lon="13.458901"><ele>322.5</ele></trkpt>
   <trkpt lat="63.34541" lon="13.458564"><ele>322</ele></trkpt>
   <trkpt lat="63.345363" lon="13.458241"><ele>321.5</ele></trkpt>
   <trkpt lat="63.345309" lon="13.457949"><ele>321</ele></trkpt>
   <trkpt lat="63.345181" lon="13.457378"><ele>320.25</ele></trkpt>
   <trkpt lat="63.345027" lon="13.456838"><ele>320.75</ele></trkpt>
   <trkpt lat="63.344714" lon="13.455961"><ele>319.75</ele></trkpt>
   <trkpt lat="63.344459" lon="13.455299"><ele>318.5</ele></trkpt>
   <trkpt lat="63.343672" lon="13.453267"><ele>318</ele></trkpt>
   <trkpt lat="63.341353" lon="13.447266"><ele>322.5</ele></trkpt>
   <trkpt lat="63.340356" lon="13.44468"><ele>322</ele></trkpt>
   <trkpt lat="63.34026" lon="13.44442"><ele>322</ele></trkpt>
   <trkpt lat="63.339792" lon="13.44313"><ele>323.75</ele></trkpt>
   <trkpt lat="63.339429" lon="13.442014"><ele>324.75</ele></trkpt>
   <trkpt lat="63.339074" lon="13.440823"><ele>323.25</ele></trkpt>
   <trkpt lat="63.338656" lon="13.43927"><ele>322.5</ele></trkpt>
   <trkpt lat="63.338346" lon="13.438047"><ele>323.75</ele></trkpt>
   <trkpt lat="63.338018" lon="13.436674"><ele>324.5</ele></trkpt>
   <trkpt lat="63.337777" lon="13.435585"><ele>323.25</ele></trkpt>
   <trkpt lat="63.337145" lon="13.432355"><ele>324</ele></trkpt>
   <trkpt lat="63.336968" lon="13.431567"><ele>323.25</ele></trkpt>
   <trkpt lat="63.336784" lon="13.430837"><ele>323.5</ele></trkpt>
   <trkpt lat="63.336546" lon="13.430016"><ele>324</ele></trkpt>
   <trkpt lat="63.336277" lon="13.42929"><ele>324.25</ele></trkpt>
   <trkpt lat="63.335977" lon="13.428573"><ele>323</ele></trkpt>
   <trkpt lat="63.335523" lon="13.427561"><ele>324</ele></trkpt>
   <trkpt lat="63.334794" lon="13.425956"><ele>324.5</ele></trkpt>
   <trkpt lat="63.334495" lon="13.425202"><ele>325.75</ele></trkpt>
   <trkpt lat="63.334269" lon="13.42457"><ele>325.25</ele></trkpt>
   <trkpt lat="63.334099" lon="13.424063"><ele>324.5</ele></trkpt>
   <trkpt lat="63.334009" lon="13.423794"><ele>324</ele></trkpt>
   <trkpt lat="63.333784" lon="13.422978"><ele>323.75</ele></trkpt>
   <trkpt lat="63.333572" lon="13.422085"><ele>323.75</ele></trkpt>
   <trkpt lat="63.333266" lon="13.420548"><ele>324</ele></trkpt>
   <trkpt lat="63.332514" lon="13.416364"><ele>323.25</ele></trkpt>
   <trkpt lat="63.332298" lon="13.415326"><ele>324.75</ele></trkpt>
   <trkpt lat="63.33205" lon="13.414272"><ele>325.5</ele></trkpt>
   <trkpt lat="63.331647" lon="13.412748"><ele>322.25</ele></trkpt>
   <trkpt lat="63.331021" lon="13.410457"><ele>324.25</ele></trkpt>
   <trkpt lat="63.33066" lon="13.409138"><ele>324</ele></trkpt>
   <trkpt lat="63.329553" lon="13.405011"><ele>328</ele></trkpt>
   <trkpt lat="63.32884" lon="13.402363"><ele>328.75</ele></trkpt>
   <trkpt lat="63.32857" lon="13.401404"><ele>327.75</ele></trkpt>
   <trkpt lat="63.328256" lon="13.400157"><ele>326.75</ele></trkpt>
   <trkpt lat="63.328142" lon="13.399661"><ele>328.25</ele></trkpt>
   <trkpt lat="63.32803" lon="13.399103"><ele>330.5</ele></trkpt>
   <trkpt lat="63.327831" lon="13.397936"><ele>341.5</ele></trkpt>
   <trkpt lat="63.327676" lon="13.39693"><ele>344.25</ele></trkpt>
   <trkpt lat="63.327547" lon="13.396032"><ele>342.75</ele></trkpt>
   <trkpt lat="63.327364" lon="13.394668"><ele>339</ele></trkpt>
   <trkpt lat="63.327078" lon="13.392626"><ele>334</ele></trkpt>
   <trkpt lat="63.326905" lon="13.391515"><ele>331.25</ele></trkpt>
   <trkpt lat="63.326775" lon="13.390791"><ele>330.75</ele></trkpt>
   <trkpt lat="63.326623" lon="13.390155"><ele>332.5</ele></trkpt>
   <trkpt lat="63.326454" lon="13.389506"><ele>333.75</ele></trkpt>
   <trkpt lat="63.326271" lon="13.38883"><ele>333.75</ele></trkpt>
   <trkpt lat="63.326043" lon="13.388087"><ele>333.5</ele></trkpt>
   <trkpt lat="63.325845" lon="13.387363"><ele>333.5</ele></trkpt>
   <trkpt lat="63.325671" lon="13.386692"><ele>333.75</ele></trkpt>
   <trkpt lat="63.325558" lon="13.386173"><ele>333.5</ele></trkpt>
   <trkpt lat="63.325464" lon="13.385655"><ele>333</ele></trkpt>
   <trkpt lat="63.325372" lon="13.385062"><ele>332.5</ele></trkpt>
   <trkpt lat="63.325314" lon="13.384442"><ele>332.25</ele></trkpt>
   <trkpt lat="63.325265" lon="13.383809"><ele>332.25</ele></trkpt>
   <trkpt lat="63.325221" lon="13.383073"><ele>332.75</ele></trkpt>
   <trkpt lat="63.325144" lon="13.381114"><ele>330.75</ele></trkpt>
   <trkpt lat="63.32512" lon="13.380331"><ele>330.25</ele></trkpt>
   <trkpt lat="63.325081" lon="13.379331"><ele>331</ele></trkpt>
   <trkpt lat="63.325056" lon="13.378694"><ele>331.75</ele></trkpt>
   <trkpt lat="63.325009" lon="13.377833"><ele>332.5</ele></trkpt>
   <trkpt lat="63.324956" lon="13.377047"><ele>332.5</ele></trkpt>
   <trkpt lat="63.324868" lon="13.376151"><ele>332.5</ele></trkpt>
   <trkpt lat="63.324781" lon="13.375406"><ele>332.75</ele></trkpt>
   <trkpt lat="63.324684" lon="13.374674"><ele>333.75</ele></trkpt>
   <trkpt lat="63.324537" lon="13.373777"><ele>336</ele></trkpt>
   <trkpt lat="63.324421" lon="13.373137"><ele>338</ele></trkpt>
   <trkpt lat="63.324245" lon="13.372289"><ele>339.25</ele></trkpt>
   <trkpt lat="63.324066" lon="13.371554"><ele>339.5</ele></trkpt>
   <trkpt lat="63.323872" lon="13.370827"><ele>339.5</ele></trkpt>
   <trkpt lat="63.323618" lon="13.36998"><ele>340</ele></trkpt>
   <trkpt lat="63.323332" lon="13.369133"><ele>341.75</ele></trkpt>
   <trkpt lat="63.322725" lon="13.367402"><ele>343</ele></trkpt>
   <trkpt lat="63.32162" lon="13.364257"><ele>348.5</ele></trkpt>
   <trkpt lat="63.321261" lon="13.363208"><ele>348.5</ele></trkpt>
   <trkpt lat="63.319954" lon="13.359477"><ele>346.75</ele></trkpt>
   <trkpt lat="63.31937" lon="13.357825"><ele>347.25</ele></trkpt>
   <trkpt lat="63.319284" lon="13.357609"><ele>348.75</ele></trkpt>
   <trkpt lat="63.318949" lon="13.356728"><ele>349.5</ele></trkpt>
   <trkpt lat="63.318642" lon="13.355955"><ele>350.25</ele></trkpt>
   <trkpt lat="63.317423" lon="13.352951"><ele>360.25</ele></trkpt>
   <trkpt lat="63.316166" lon="13.349808"><ele>363.75</ele></trkpt>
   <trkpt lat="63.31573" lon="13.348623"><ele>366.5</ele></trkpt>
   <trkpt lat="63.315556" lon="13.348096"><ele>368</ele></trkpt>
   <trkpt lat="63.315254" lon="13.3471"><ele>368.75</ele></trkpt>
   <trkpt lat="63.314086" lon="13.343077"><ele>375</ele></trkpt>
   <trkpt lat="63.313774" lon="13.341956"><ele>379.25</ele></trkpt>
   <trkpt lat="63.313526" lon="13.341163"><ele>380</ele></trkpt>
   <trkpt lat="63.313318" lon="13.340551"><ele>378.75</ele></trkpt>
   <trkpt lat="63.312147" lon="13.337212"><ele>378</ele></trkpt>
   <trkpt lat="63.311732" lon="13.336014"><ele>373.75</ele></trkpt>
   <trkpt lat="63.311522" lon="13.335351"><ele>375.5</ele></trkpt>
   <trkpt lat="63.311353" lon="13.334766"><ele>376.25</ele></trkpt>
   <trkpt lat="63.311198" lon="13.334134"><ele>377.25</ele></trkpt>
   <trkpt lat="63.311051" lon="13.333398"><ele>377</ele></trkpt>
   <trkpt lat="63.31091" lon="13.332582"><ele>377.25</ele></trkpt>
   <trkpt lat="63.310804" lon="13.331814"><ele>378</ele></trkpt>
   <trkpt lat="63.310726" lon="13.331121"><ele>377.75</ele></trkpt>
   <trkpt lat="63.310596" lon="13.329609"><ele>378.25</ele></trkpt>
   <trkpt lat="63.310494" lon="13.327962"><ele>376.75</ele></trkpt>
   <trkpt lat="63.310476" lon="13.327293"><ele>375.75</ele></trkpt>
   <trkpt lat="63.310476" lon="13.326656"><ele>374.5</ele></trkpt>
   <trkpt lat="63.310495" lon="13.325932"><ele>372.75</ele></trkpt>
   <trkpt lat="63.310532" lon="13.325257"><ele>372</ele></trkpt>
   <trkpt lat="63.31058" lon="13.324556"><ele>374</ele></trkpt>
   <trkpt lat="63.31062" lon="13.324066"><ele>376.75</ele></trkpt>
   <trkpt lat="63.310657" lon="13.323578"><ele>379.25</ele></trkpt>
   <trkpt lat="63.31075" lon="13.321997"><ele>377.75</ele></trkpt>
   <trkpt lat="63.31077" lon="13.321433"><ele>376.75</ele></trkpt>
   <trkpt lat="63.310772" lon="13.320554"><ele>376.75</ele></trkpt>
   <trkpt lat="63.31076" lon="13.320036"><ele>377.75</ele></trkpt>
   <trkpt lat="63.310737" lon="13.319492"><ele>378</ele></trkpt>
   <trkpt lat="63.310702" lon="13.318937"><ele>378</ele></trkpt>
   <trkpt lat="63.310655" lon="13.318386"><ele>378</ele></trkpt>
   <trkpt lat="63.310575" lon="13.317681"><ele>377.75</ele></trkpt>
   <trkpt lat="63.310475" lon="13.316984"><ele>378</ele></trkpt>
   <trkpt lat="63.310345" lon="13.316263"><ele>377.25</ele></trkpt>
   <trkpt lat="63.310131" lon="13.31538"><ele>375.25</ele></trkpt>
   <trkpt lat="63.309451" lon="13.312392"><ele>373.75</ele></trkpt>
   <trkpt lat="63.309137" lon="13.311056"><ele>373.5</ele></trkpt>
   <trkpt lat="63.308999" lon="13.310385"><ele>374.25</ele></trkpt>
   <trkpt lat="63.30879" lon="13.309098"><ele>375.5</ele></trkpt>
   <trkpt lat="63.308694" lon="13.308241"><ele>375.5</ele></trkpt>
   <trkpt lat="63.308626" lon="13.307418"><ele>375</ele></trkpt>
   <trkpt lat="63.308588" lon="13.306672"><ele>374.5</ele></trkpt>
   <trkpt lat="63.308573" lon="13.306215"><ele>374.25</ele></trkpt>
   <trkpt lat="63.308563" lon="13.305752"><ele>374.25</ele></trkpt>
   <trkpt lat="63.308563" lon="13.30536"><ele>374.25</ele></trkpt>
   <trkpt lat="63.308572" lon="13.304971"><ele>374.25</ele></trkpt>
   <trkpt lat="63.308642" lon="13.303754"><ele>374.5</ele></trkpt>
   <trkpt lat="63.30879" lon="13.301893"><ele>373</ele></trkpt>
   <trkpt lat="63.309519" lon="13.293205"><ele>370.25</ele></trkpt>
   <trkpt lat="63.309586" lon="13.292272"><ele>370.5</ele></trkpt>
   <trkpt lat="63.309638" lon="13.291427"><ele>370.75</ele></trkpt>
   <trkpt lat="63.309668" lon="13.290579"><ele>371</ele></trkpt>
   <trkpt lat="63.309681" lon="13.289672"><ele>370.75</ele></trkpt>
   <trkpt lat="63.309654" lon="13.288074"><ele>370</ele></trkpt>
   <trkpt lat="63.30961" lon="13.287166"><ele>369.75</ele></trkpt>
   <trkpt lat="63.309503" lon="13.285312"><ele>370.5</ele></trkpt>
   <trkpt lat="63.309443" lon="13.284309"><ele>370.5</ele></trkpt>
   <trkpt lat="63.309381" lon="13.283054"><ele>371</ele></trkpt>
   <trkpt lat="63.309356" lon="13.282235"><ele>372</ele></trkpt>
   <trkpt lat="63.309338" lon="13.281309"><ele>372</ele></trkpt>
   <trkpt lat="63.309334" lon="13.280208"><ele>371.25</ele></trkpt>
   <trkpt lat="63.309336" lon="13.277289"><ele>372</ele></trkpt>
   <trkpt lat="63.309356" lon="13.27642"><ele>372.25</ele></trkpt>
   <trkpt lat="63.30939" lon="13.275446"><ele>372.25</ele></trkpt>
   <trkpt lat="63.309584" lon="13.271448"><ele>374.5</ele></trkpt>
   <trkpt lat="63.309639" lon="13.270544"><ele>374.25</ele></trkpt>
   <trkpt lat="63.309652" lon="13.270247"><ele>374</ele></trkpt>
   <trkpt lat="63.309687" lon="13.269443"><ele>373.5</ele></trkpt>
   <trkpt lat="63.309705" lon="13.268702"><ele>374</ele></trkpt>
   <trkpt lat="63.309713" lon="13.268028"><ele>374.5</ele></trkpt>
   <trkpt lat="63.30971" lon="13.267263"><ele>374.25</ele></trkpt>
   <trkpt lat="63.309684" lon="13.265778"><ele>374</ele></trkpt>
   <trkpt lat="63.309682" lon="13.2654"><ele>374</ele></trkpt>
   <trkpt lat="63.309694" lon="13.26412"><ele>372.75</ele></trkpt>
   <trkpt lat="63.309737" lon="13.263245"><ele>371.75</ele></trkpt>
   <trkpt lat="63.309798" lon="13.262386"><ele>370.5</ele></trkpt>
   <trkpt lat="63.309876" lon="13.261466"><ele>372</ele></trkpt>
   <trkpt lat="63.310233" lon="13.258619"><ele>373.75</ele></trkpt>
   <trkpt lat="63.310378" lon="13.257513"><ele>374</ele></trkpt>
   <trkpt lat="63.310531" lon="13.256412"><ele>374.75</ele></trkpt>
   <trkpt lat="63.310664" lon="13.255618"><ele>374.75</ele></trkpt>
   <trkpt lat="63.310964" lon="13.254114"><ele>375.25</ele></trkpt>
   <trkpt lat="63.311289" lon="13.252836"><ele>375.75</ele></trkpt>
   <trkpt lat="63.311507" lon="13.252107"><ele>375.5</ele></trkpt>
   <trkpt lat="63.311931" lon="13.250789"><ele>376.5</ele></trkpt>
   <trkpt lat="63.311937" lon="13.250771"><ele>376.5</ele></trkpt>
   <trkpt lat="63.312325" lon="13.249604"><ele>376.75</ele></trkpt>
   <trkpt lat="63.312581" lon="13.248774"><ele>376</ele></trkpt>
   <trkpt lat="63.312844" lon="13.247784"><ele>376.25</ele></trkpt>
   <trkpt lat="63.312948" lon="13.247343"><ele>376.25</ele></trkpt>
   <trkpt lat="63.312964" lon="13.247272"><ele>376.25</ele></trkpt>
   <trkpt lat="63.313219" lon="13.246056"><ele>376</ele></trkpt>
   <trkpt lat="63.313584" lon="13.244227"><ele>375.75</ele></trkpt>
   <trkpt lat="63.313689" lon="13.243714"><ele>376.25</ele></trkpt>
   <trkpt lat="63.314015" lon="13.242362"><ele>377</ele></trkpt>
   <trkpt lat="63.314352" lon="13.241057"><ele>376.75</ele></trkpt>
   <trkpt lat="63.315144" lon="13.237927"><ele>375.5</ele></trkpt>
   <trkpt lat="63.315628" lon="13.236002"><ele>376.75</ele></trkpt>
   <trkpt lat="63.315736" lon="13.235582"><ele>377</ele></trkpt>
   <trkpt lat="63.316145" lon="13.233985"><ele>378</ele></trkpt>
   <trkpt lat="63.317068" lon="13.230387"><ele>379.75</ele></trkpt>
   <trkpt lat="63.317071" lon="13.230376"><ele>379.75</ele></trkpt>
   <trkpt lat="63.317227" lon="13.229757"><ele>380</ele></trkpt>
   <trkpt lat="63.319891" lon="13.219344"><ele>382.5</ele></trkpt>
   <trkpt lat="63.320442" lon="13.217183"><ele>384.25</ele></trkpt>
   <trkpt lat="63.32127" lon="13.213919"><ele>381.25</ele></trkpt>
   <trkpt lat="63.321732" lon="13.212454"><ele>383</ele></trkpt>
   <trkpt lat="63.321948" lon="13.211829"><ele>382.75</ele></trkpt>
   <trkpt lat="63.322207" lon="13.211176"><ele>382.25</ele></trkpt>
   <trkpt lat="63.322474" lon="13.210552"><ele>382</ele></trkpt>
   <trkpt lat="63.322854" lon="13.209783"><ele>382.75</ele></trkpt>
   <trkpt lat="63.32324" lon="13.209071"><ele>383.25</ele></trkpt>
   <trkpt lat="63.323637" lon="13.208466"><ele>383</ele></trkpt>
   <trkpt lat="63.324056" lon="13.207848"><ele>382.5</ele></trkpt>
   <trkpt lat="63.328359" lon="13.202124"><ele>388.25</ele></trkpt>
   <trkpt lat="63.329082" lon="13.201152"><ele>387</ele></trkpt>
   <trkpt lat="63.330431" lon="13.199333"><ele>383.75</ele></trkpt>
   <trkpt lat="63.334753" lon="13.19355"><ele>385.25</ele></trkpt>
   <trkpt lat="63.335694" lon="13.19235"><ele>382.25</ele></trkpt>
   <trkpt lat="63.336203" lon="13.191797"><ele>381.5</ele></trkpt>
   <trkpt lat="63.336786" lon="13.191286"><ele>381.25</ele></trkpt>
   <trkpt lat="63.336871" lon="13.191222"><ele>381.5</ele></trkpt>
   <trkpt lat="63.3377" lon="13.190673"><ele>383.25</ele></trkpt>
   <trkpt lat="63.340431" lon="13.189089"><ele>383</ele></trkpt>
   <trkpt lat="63.340854" lon="13.188826"><ele>383</ele></trkpt>
   <trkpt lat="63.341517" lon="13.188414"><ele>383.75</ele></trkpt>
   <trkpt lat="63.342272" lon="13.187875"><ele>384</ele></trkpt>
   <trkpt lat="63.342858" lon="13.187378"><ele>384.75</ele></trkpt>
   <trkpt lat="63.344872" lon="13.185503"><ele>383.75</ele></trkpt>
   <trkpt lat="63.345402" lon="13.184999"><ele>382.75</ele></trkpt>
   <trkpt lat="63.345894" lon="13.184519"><ele>381.5</ele></trkpt>
   <trkpt lat="63.346881" lon="13.183725"><ele>380.5</ele></trkpt>
   <trkpt lat="63.347672" lon="13.183253"><ele>380</ele></trkpt>
   <trkpt lat="63.347893" lon="13.183132"><ele>380</ele></trkpt>
   <trkpt lat="63.351108" lon="13.181433"><ele>381.25</ele></trkpt>
   <trkpt lat="63.351975" lon="13.180731"><ele>383</ele></trkpt>
   <trkpt lat="63.352539" lon="13.180058"><ele>384.25</ele></trkpt>
   <trkpt lat="63.353067" lon="13.179397"><ele>383.5</ele></trkpt>
   <trkpt lat="63.353786" lon="13.178259"><ele>381.75</ele></trkpt>
   <trkpt lat="63.353981" lon="13.177942"><ele>381.25</ele></trkpt>
   <trkpt lat="63.355308" lon="13.175514"><ele>383</ele></trkpt>
   <trkpt lat="63.357044" lon="13.172469"><ele>384</ele></trkpt>
   <trkpt lat="63.357368" lon="13.17198"><ele>385.5</ele></trkpt>
   <trkpt lat="63.357908" lon="13.171161"><ele>384.5</ele></trkpt>
   <trkpt lat="63.361196" lon="13.16706"><ele>379.5</ele></trkpt>
   <trkpt lat="63.362967" lon="13.164854"><ele>381</ele></trkpt>
   <trkpt lat="63.363381" lon="13.164367"><ele>383.25</ele></trkpt>
   <trkpt lat="63.369235" lon="13.158103"><ele>381.75</ele></trkpt>
   <trkpt lat="63.369367" lon="13.157964"><ele>381.5</ele></trkpt>
   <trkpt lat="63.370267" lon="13.157114"><ele>380</ele></trkpt>
   <trkpt lat="63.371839" lon="13.155767"><ele>377.75</ele></trkpt>
   <trkpt lat="63.372717" lon="13.154864"><ele>377.75</ele></trkpt>
   <trkpt lat="63.373553" lon="13.153825"><ele>378</ele></trkpt>
   <trkpt lat="63.375147" lon="13.151319"><ele>378</ele></trkpt>
   <trkpt lat="63.376271" lon="13.14937"><ele>377.75</ele></trkpt>
   <trkpt lat="63.376964" lon="13.148167"><ele>378.75</ele></trkpt>
   <trkpt lat="63.377744" lon="13.146816"><ele>379.5</ele></trkpt>
   <trkpt lat="63.378183" lon="13.145986"><ele>378.75</ele></trkpt>
   <trkpt lat="63.378575" lon="13.145208"><ele>379.25</ele></trkpt>
   <trkpt lat="63.379149" lon="13.143967"><ele>379.5</ele></trkpt>
   <trkpt lat="63.380589" lon="13.140575"><ele>378.5</ele></trkpt>
   <trkpt lat="63.381367" lon="13.138458"><ele>381</ele></trkpt>
   <trkpt lat="63.382983" lon="13.133463"><ele>380.25</ele></trkpt>
   <trkpt lat="63.383248" lon="13.132675"><ele>380</ele></trkpt>
   <trkpt lat="63.383616" lon="13.131501"><ele>379.75</ele></trkpt>
   <trkpt lat="63.383828" lon="13.13085"><ele>380</ele></trkpt>
   <trkpt lat="63.384027" lon="13.130184"><ele>379.5</ele></trkpt>
   <trkpt lat="63.384345" lon="13.129064"><ele>379</ele></trkpt>
   <trkpt lat="63.384961" lon="13.126192"><ele>380</ele></trkpt>
   <trkpt lat="63.385163" lon="13.125211"><ele>380.5</ele></trkpt>
   <trkpt lat="63.385339" lon="13.124264"><ele>380.25</ele></trkpt>
   <trkpt lat="63.385569" lon="13.122903"><ele>379.5</ele></trkpt>
   <trkpt lat="63.385769" lon="13.121394"><ele>380</ele></trkpt>
   <trkpt lat="63.385889" lon="13.119939"><ele>381</ele></trkpt>
   <trkpt lat="63.385955" lon="13.11853"><ele>381.75</ele></trkpt>
   <trkpt lat="63.386075" lon="13.117094"><ele>383</ele></trkpt>
   <trkpt lat="63.386322" lon="13.115167"><ele>383.5</ele></trkpt>
   <trkpt lat="63.386494" lon="13.11382"><ele>381</ele></trkpt>
   <trkpt lat="63.386969" lon="13.110367"><ele>380.25</ele></trkpt>
   <trkpt lat="63.387501" lon="13.106728"><ele>379</ele></trkpt>
   <trkpt lat="63.387716" lon="13.105256"><ele>380.25</ele></trkpt>
   <trkpt lat="63.387882" lon="13.104186"><ele>381.75</ele></trkpt>
   <trkpt lat="63.388071" lon="13.102981"><ele>381.25</ele></trkpt>
   <trkpt lat="63.38834" lon="13.101338"><ele>379.75</ele></trkpt>
   <trkpt lat="63.388555" lon="13.100091"><ele>380.5</ele></trkpt>
   <trkpt lat="63.388666" lon="13.099505"><ele>381</ele></trkpt>
   <trkpt lat="63.388819" lon="13.098834"><ele>383</ele></trkpt>
   <trkpt lat="63.388906" lon="13.098505"><ele>384.25</ele></trkpt>
   <trkpt lat="63.389042" lon="13.098048"><ele>385.25</ele></trkpt>
   <trkpt lat="63.389189" lon="13.097597"><ele>384.75</ele></trkpt>
   <trkpt lat="63.389467" lon="13.096863"><ele>384.25</ele></trkpt>
   <trkpt lat="63.389572" lon="13.096618"><ele>384</ele></trkpt>
   <trkpt lat="63.389608" lon="13.096537"><ele>384</ele></trkpt>
   <trkpt lat="63.389789" lon="13.09615"><ele>384</ele></trkpt>
   <trkpt lat="63.389885" lon="13.095953"><ele>383.75</ele></trkpt>
   <trkpt lat="63.390294" lon="13.095177"><ele>382.75</ele></trkpt>
   <trkpt lat="63.390699" lon="13.094503"><ele>382</ele></trkpt>
   <trkpt lat="63.391172" lon="13.09381"><ele>382</ele></trkpt>
   <trkpt lat="63.392986" lon="13.091361"><ele>379</ele></trkpt>
   <trkpt lat="63.393703" lon="13.090293"><ele>377</ele></trkpt>
   <trkpt lat="63.394123" lon="13.089515"><ele>376</ele></trkpt>
   <trkpt lat="63.394442" lon="13.088834"><ele>376.25</ele></trkpt>
   <trkpt lat="63.394703" lon="13.088166"><ele>376.25</ele></trkpt>
   <trkpt lat="63.394918" lon="13.087546"><ele>376.75</ele></trkpt>
   <trkpt lat="63.395065" lon="13.087047"><ele>377</ele></trkpt>
   <trkpt lat="63.395257" lon="13.086258"><ele>377.25</ele></trkpt>
   <trkpt lat="63.395694" lon="13.08418"><ele>378</ele></trkpt>
   <trkpt lat="63.395872" lon="13.083292"><ele>378</ele></trkpt>
   <trkpt lat="63.395922" lon="13.083053"><ele>378.25</ele></trkpt>
   <trkpt lat="63.396336" lon="13.081331"><ele>378.75</ele></trkpt>
   <trkpt lat="63.396574" lon="13.080573"><ele>378.5</ele></trkpt>
   <trkpt lat="63.396663" lon="13.080325"><ele>378.25</ele></trkpt>
   <trkpt lat="63.396668" lon="13.080311"><ele>378.25</ele></trkpt>
   <trkpt lat="63.396825" lon="13.079873"><ele>378.5</ele></trkpt>
   <trkpt lat="63.397063" lon="13.079305"><ele>379.5</ele></trkpt>
   <trkpt lat="63.397455" lon="13.07849"><ele>379.25</ele></trkpt>
   <trkpt lat="63.397948" lon="13.077539"><ele>379.5</ele></trkpt>
   <trkpt lat="63.397963" lon="13.077511"><ele>379.5</ele></trkpt>
   <trkpt lat="63.398073" lon="13.077299"><ele>379.5</ele></trkpt>
   <trkpt lat="63.398095" lon="13.077246"><ele>379.5</ele></trkpt>
   <trkpt lat="63.398207" lon="13.077028"><ele>379.25</ele></trkpt>
   <trkpt lat="63.398567" lon="13.076357"><ele>378.75</ele></trkpt>
   <trkpt lat="63.398821" lon="13.075886"><ele>378.25</ele></trkpt>
   <trkpt lat="63.399915" lon="13.074011"><ele>378.25</ele></trkpt>
   <trkpt lat="63.400042" lon="13.073781"><ele>377.75</ele></trkpt>
   <trkpt lat="63.400164" lon="13.073546"><ele>377.5</ele></trkpt>
   <trkpt lat="63.400499" lon="13.072809"><ele>377.5</ele></trkpt>
   <trkpt lat="63.400855" lon="13.071937"><ele>377</ele></trkpt>
   <trkpt lat="63.400953" lon="13.071609"><ele>377.25</ele></trkpt>
   <trkpt lat="63.401144" lon="13.07105"><ele>378</ele></trkpt>
   <trkpt lat="63.401334" lon="13.070335"><ele>379.25</ele></trkpt>
   <trkpt lat="63.401473" lon="13.069765"><ele>379.75</ele></trkpt>
   <trkpt lat="63.401605" lon="13.069097"><ele>380.25</ele></trkpt>
   <trkpt lat="63.401682" lon="13.068653"><ele>380</ele></trkpt>
   <trkpt lat="63.401829" lon="13.067694"><ele>380.25</ele></trkpt>
   <trkpt lat="63.40203" lon="13.066163"><ele>381.5</ele></trkpt>
   <trkpt lat="63.402148" lon="13.065216"><ele>381.5</ele></trkpt>
   <trkpt lat="63.402208" lon="13.064807"><ele>381.25</ele></trkpt>
   <trkpt lat="63.402586" lon="13.061781"><ele>378.75</ele></trkpt>
   <trkpt lat="63.402712" lon="13.060673"><ele>379.5</ele></trkpt>
   <trkpt lat="63.402714" lon="13.060654"><ele>379.5</ele></trkpt>
   <trkpt lat="63.402831" lon="13.059501"><ele>380.25</ele></trkpt>
   <trkpt lat="63.402904" lon="13.058651"><ele>380.5</ele></trkpt>
   <trkpt lat="63.402972" lon="13.057547"><ele>381</ele></trkpt>
   <trkpt lat="63.403015" lon="13.056559"><ele>381.5</ele></trkpt>
   <trkpt lat="63.403124" lon="13.052715"><ele>382.25</ele></trkpt>
   <trkpt lat="63.403214" lon="13.049567"><ele>379.5</ele></trkpt>
   <trkpt lat="63.403383" lon="13.043733"><ele>379.25</ele></trkpt>
   <trkpt lat="63.403405" lon="13.042322"><ele>378.25</ele></trkpt>
   <trkpt lat="63.403389" lon="13.041177"><ele>378.5</ele></trkpt>
   <trkpt lat="63.403327" lon="13.040096"><ele>378.75</ele></trkpt>
   <trkpt lat="63.403265" lon="13.039393"><ele>378.5</ele></trkpt>
   <trkpt lat="63.403202" lon="13.038866"><ele>378</ele></trkpt>
   <trkpt lat="63.40312" lon="13.038287"><ele>377.75</ele></trkpt>
   <trkpt lat="63.402939" lon="13.037279"><ele>377.75</ele></trkpt>
   <trkpt lat="63.40275" lon="13.036303"><ele>377</ele></trkpt>
   <trkpt lat="63.402035" lon="13.032876"><ele>376.75</ele></trkpt>
   <trkpt lat="63.401989" lon="13.032642"><ele>376.75</ele></trkpt>
   <trkpt lat="63.401892" lon="13.032194"><ele>376.75</ele></trkpt>
   <trkpt lat="63.40183" lon="13.031895"><ele>377</ele></trkpt>
   <trkpt lat="63.401503" lon="13.030303"><ele>378.75</ele></trkpt>
   <trkpt lat="63.40131" lon="13.029328"><ele>380.25</ele></trkpt>
   <trkpt lat="63.401156" lon="13.028365"><ele>379.75</ele></trkpt>
   <trkpt lat="63.401031" lon="13.027444"><ele>378.5</ele></trkpt>
   <trkpt lat="63.400931" lon="13.026445"><ele>377</ele></trkpt>
   <trkpt lat="63.400865" lon="13.025368"><ele>376.5</ele></trkpt>
   <trkpt lat="63.400826" lon="13.024287"><ele>375.75</ele></trkpt>
   <trkpt lat="63.400804" lon="13.022939"><ele>377.25</ele></trkpt>
   <trkpt lat="63.400771" lon="13.020511"><ele>378.5</ele></trkpt>
   <trkpt lat="63.40066" lon="13.014888"><ele>380</ele></trkpt>
   <trkpt lat="63.400575" lon="13.0105"><ele>382.75</ele></trkpt>
   <trkpt lat="63.400409" lon="13.000799"><ele>383.75</ele></trkpt>
   <trkpt lat="63.400369" lon="12.99893"><ele>384.75</ele></trkpt>
   <trkpt lat="63.40024" lon="12.996392"><ele>386</ele></trkpt>
   <trkpt lat="63.400146" lon="12.995053"><ele>386</ele></trkpt>
   <trkpt lat="63.399959" lon="12.993122"><ele>384.75</ele></trkpt>
   <trkpt lat="63.399675" lon="12.990614"><ele>384.5</ele></trkpt>
   <trkpt lat="63.399572" lon="12.989695"><ele>385</ele></trkpt>
   <trkpt lat="63.399483" lon="12.988932"><ele>385</ele></trkpt>
   <trkpt lat="63.399301" lon="12.987634"><ele>384.75</ele></trkpt>
   <trkpt lat="63.399134" lon="12.986674"><ele>383.75</ele></trkpt>
   <trkpt lat="63.398867" lon="12.985413"><ele>383.5</ele></trkpt>
   <trkpt lat="63.398507" lon="12.98397"><ele>382.5</ele></trkpt>
   <trkpt lat="63.397293" lon="12.979287"><ele>378.25</ele></trkpt>
   <trkpt lat="63.396597" lon="12.97673"><ele>379</ele></trkpt>
   <trkpt lat="63.396199" lon="12.975259"><ele>380</ele></trkpt>
   <trkpt lat="63.395972" lon="12.97429"><ele>381.5</ele></trkpt>
   <trkpt lat="63.395743" lon="12.97314"><ele>382.25</ele></trkpt>
   <trkpt lat="63.395683" lon="12.972805"><ele>382.25</ele></trkpt>
   <trkpt lat="63.395554" lon="12.972027"><ele>382</ele></trkpt>
   <trkpt lat="63.395404" lon="12.970911"><ele>381.75</ele></trkpt>
   <trkpt lat="63.395281" lon="12.969733"><ele>382.5</ele></trkpt>
   <trkpt lat="63.395141" lon="12.968033"><ele>383.5</ele></trkpt>
   <trkpt lat="63.394885" lon="12.965059"><ele>378.75</ele></trkpt>
   <trkpt lat="63.394555" lon="12.961145"><ele>385</ele></trkpt>
   <trkpt lat="63.394471" lon="12.960067"><ele>387.25</ele></trkpt>
   <trkpt lat="63.393864" lon="12.953179"><ele>387.25</ele></trkpt>
   <trkpt lat="63.393852" lon="12.95304"><ele>387.25</ele></trkpt>
   <trkpt lat="63.39284" lon="12.941353"><ele>390</ele></trkpt>
   <trkpt lat="63.392724" lon="12.940325"><ele>389.75</ele></trkpt>
   <trkpt lat="63.392591" lon="12.93943"><ele>388.75</ele></trkpt>
   <trkpt lat="63.392392" lon="12.938432"><ele>388.75</ele></trkpt>
   <trkpt lat="63.392172" lon="12.937539"><ele>389</ele></trkpt>
   <trkpt lat="63.391274" lon="12.934285"><ele>389.5</ele></trkpt>
   <trkpt lat="63.391084" lon="12.933597"><ele>389.5</ele></trkpt>
   <trkpt lat="63.391081" lon="12.933587"><ele>389.5</ele></trkpt>
   <trkpt lat="63.390734" lon="12.93233"><ele>388.75</ele></trkpt>
   <trkpt lat="63.390528" lon="12.93149"><ele>388.5</ele></trkpt>
   <trkpt lat="63.39034" lon="12.930543"><ele>388.25</ele></trkpt>
   <trkpt lat="63.390228" lon="12.929877"><ele>388.25</ele></trkpt>
   <trkpt lat="63.39015" lon="12.929273"><ele>388</ele></trkpt>
   <trkpt lat="63.390091" lon="12.928785"><ele>388</ele></trkpt>
   <trkpt lat="63.390056" lon="12.928007"><ele>388</ele></trkpt>
   <trkpt lat="63.390033" lon="12.927226"><ele>388</ele></trkpt>
   <trkpt lat="63.390016" lon="12.926274"><ele>388</ele></trkpt>
   <trkpt lat="63.389989" lon="12.924828"><ele>387.75</ele></trkpt>
   <trkpt lat="63.389828" lon="12.917546"><ele>386.75</ele></trkpt>
   <trkpt lat="63.389824" lon="12.9174"><ele>386.75</ele></trkpt>
   <trkpt lat="63.389793" lon="12.91586"><ele>386.75</ele></trkpt>
   <trkpt lat="63.389771" lon="12.91494"><ele>386.5</ele></trkpt>
   <trkpt lat="63.389765" lon="12.914663"><ele>386.5</ele></trkpt>
   <trkpt lat="63.389743" lon="12.914281"><ele>386.5</ele></trkpt>
   <trkpt lat="63.389712" lon="12.913812"><ele>386.5</ele></trkpt>
   <trkpt lat="63.389703" lon="12.913387"><ele>386.5</ele></trkpt>
   <trkpt lat="63.389697" lon="12.913033"><ele>386.75</ele></trkpt>
   <trkpt lat="63.389618" lon="12.909519"><ele>388</ele></trkpt>
   <trkpt lat="63.389617" lon="12.909508"><ele>388</ele></trkpt>
   <trkpt lat="63.389578" lon="12.907266"><ele>388.5</ele></trkpt>
   <trkpt lat="63.389549" lon="12.906548"><ele>388.75</ele></trkpt>
   <trkpt lat="63.389491" lon="12.9058"><ele>388.5</ele></trkpt>
   <trkpt lat="63.389403" lon="12.905183"><ele>389</ele></trkpt>
   <trkpt lat="63.389309" lon="12.904691"><ele>389.25</ele></trkpt>
   <trkpt lat="63.389188" lon="12.904189"><ele>389</ele></trkpt>
   <trkpt lat="63.389039" lon="12.903672"><ele>389.5</ele></trkpt>
   <trkpt lat="63.388864" lon="12.903218"><ele>389.5</ele></trkpt>
   <trkpt lat="63.388717" lon="12.902874"><ele>389.25</ele></trkpt>
   <trkpt lat="63.388" lon="12.901167"><ele>388</ele></trkpt>
   <trkpt lat="63.386676" lon="12.89804"><ele>389.75</ele></trkpt>
   <trkpt lat="63.386449" lon="12.897403"><ele>390.25</ele></trkpt>
   <trkpt lat="63.386315" lon="12.896997"><ele>390.25</ele></trkpt>
   <trkpt lat="63.386078" lon="12.896166"><ele>390.5</ele></trkpt>
   <trkpt lat="63.385859" lon="12.8952"><ele>390.75</ele></trkpt>
   <trkpt lat="63.385696" lon="12.894264"><ele>392</ele></trkpt>
   <trkpt lat="63.385589" lon="12.893395"><ele>393.25</ele></trkpt>
   <trkpt lat="63.385514" lon="12.892496"><ele>393.75</ele></trkpt>
   <trkpt lat="63.385466" lon="12.891584"><ele>394.75</ele></trkpt>
   <trkpt lat="63.385463" lon="12.890705"><ele>396.5</ele></trkpt>
   <trkpt lat="63.385488" lon="12.889828"><ele>398.25</ele></trkpt>
   <trkpt lat="63.385542" lon="12.888985"><ele>399.5</ele></trkpt>
   <trkpt lat="63.385696" lon="12.88765"><ele>399.75</ele></trkpt>
   <trkpt lat="63.38578" lon="12.886998"><ele>399.75</ele></trkpt>
   <trkpt lat="63.38585" lon="12.886448"><ele>400</ele></trkpt>
   <trkpt lat="63.386941" lon="12.878421"><ele>398</ele></trkpt>
   <trkpt lat="63.387031" lon="12.877455"><ele>399</ele></trkpt>
   <trkpt lat="63.387101" lon="12.876384"><ele>398.25</ele></trkpt>
   <trkpt lat="63.387161" lon="12.874737"><ele>397.25</ele></trkpt>
   <trkpt lat="63.38717" lon="12.874373"><ele>397</ele></trkpt>
   <trkpt lat="63.387288" lon="12.870081"><ele>393.5</ele></trkpt>
   <trkpt lat="63.387362" lon="12.868284"><ele>395.5</ele></trkpt>
   <trkpt lat="63.387511" lon="12.866685"><ele>399.75</ele></trkpt>
   <trkpt lat="63.388486" lon="12.858653"><ele>400</ele></trkpt>
   <trkpt lat="63.388768" lon="12.856295"><ele>400.25</ele></trkpt>
   <trkpt lat="63.390091" lon="12.84552"><ele>413.25</ele></trkpt>
   <trkpt lat="63.390229" lon="12.844455"><ele>414.25</ele></trkpt>
   <trkpt lat="63.390395" lon="12.843444"><ele>413</ele></trkpt>
   <trkpt lat="63.390554" lon="12.84269"><ele>413</ele></trkpt>
   <trkpt lat="63.390782" lon="12.841776"><ele>413</ele></trkpt>
   <trkpt lat="63.391018" lon="12.840998"><ele>413</ele></trkpt>
   <trkpt lat="63.391418" lon="12.839927"><ele>413.25</ele></trkpt>
   <trkpt lat="63.39157" lon="12.839598"><ele>413</ele></trkpt>
   <trkpt lat="63.391885" lon="12.838986"><ele>412.5</ele></trkpt>
   <trkpt lat="63.394088" lon="12.834958"><ele>415.75</ele></trkpt>
   <trkpt lat="63.394469" lon="12.834153"><ele>414</ele></trkpt>
   <trkpt lat="63.394748" lon="12.833485"><ele>413</ele></trkpt>
   <trkpt lat="63.395026" lon="12.832672"><ele>412.25</ele></trkpt>
   <trkpt lat="63.395261" lon="12.831849"><ele>412</ele></trkpt>
   <trkpt lat="63.395517" lon="12.83076"><ele>412.5</ele></trkpt>
   <trkpt lat="63.395683" lon="12.829851"><ele>411.5</ele></trkpt>
   <trkpt lat="63.395807" lon="12.828998"><ele>411</ele></trkpt>
   <trkpt lat="63.395902" lon="12.828075"><ele>411</ele></trkpt>
   <trkpt lat="63.395958" lon="12.827265"><ele>411.25</ele></trkpt>
   <trkpt lat="63.395988" lon="12.826273"><ele>411.75</ele></trkpt>
   <trkpt lat="63.395984" lon="12.825339"><ele>413.25</ele></trkpt>
   <trkpt lat="63.395948" lon="12.823929"><ele>414.5</ele></trkpt>
   <trkpt lat="63.395856" lon="12.820592"><ele>417</ele></trkpt>
   <trkpt lat="63.395832" lon="12.819449"><ele>418</ele></trkpt>
   <trkpt lat="63.395835" lon="12.818502"><ele>418.75</ele></trkpt>
   <trkpt lat="63.395857" lon="12.817633"><ele>419.5</ele></trkpt>
   <trkpt lat="63.396279" lon="12.810289"><ele>423.75</ele></trkpt>
   <trkpt lat="63.396351" lon="12.808487"><ele>425.25</ele></trkpt>
   <trkpt lat="63.39634" lon="12.807642"><ele>426.5</ele></trkpt>
   <trkpt lat="63.39631" lon="12.806802"><ele>426.75</ele></trkpt>
   <trkpt lat="63.39627" lon="12.806037"><ele>426.75</ele></trkpt>
   <trkpt lat="63.396211" lon="12.805274"><ele>427.25</ele></trkpt>
   <trkpt lat="63.39614" lon="12.804551"><ele>428.5</ele></trkpt>
   <trkpt lat="63.396069" lon="12.803964"><ele>429.75</ele></trkpt>
   <trkpt lat="63.395959" lon="12.803221"><ele>432.75</ele></trkpt>
   <trkpt lat="63.395834" lon="12.802484"><ele>434.75</ele></trkpt>
   <trkpt lat="63.395701" lon="12.801837"><ele>436.5</ele></trkpt>
   <trkpt lat="63.39556" lon="12.801223"><ele>437.5</ele></trkpt>
   <trkpt lat="63.395404" lon="12.800617"><ele>438</ele></trkpt>
   <trkpt lat="63.395226" lon="12.800016"><ele>438.5</ele></trkpt>
   <trkpt lat="63.395055" lon="12.799475"><ele>438.5</ele></trkpt>
   <trkpt lat="63.394864" lon="12.798934"><ele>438.5</ele></trkpt>
   <trkpt lat="63.392961" lon="12.793821"><ele>440.5</ele></trkpt>
   <trkpt lat="63.392541" lon="12.792758"><ele>442</ele></trkpt>
   <trkpt lat="63.392065" lon="12.79168"><ele>444.5</ele></trkpt>
   <trkpt lat="63.391865" lon="12.791314"><ele>446</ele></trkpt>
   <trkpt lat="63.391652" lon="12.790988"><ele>447.25</ele></trkpt>
   <trkpt lat="63.391041" lon="12.790151"><ele>448.5</ele></trkpt>
   <trkpt lat="63.390294" lon="12.789254"><ele>448.5</ele></trkpt>
   <trkpt lat="63.389154" lon="12.787928"><ele>446.5</ele></trkpt>
   <trkpt lat="63.388384" lon="12.786941"><ele>446.75</ele></trkpt>
   <trkpt lat="63.388174" lon="12.786627"><ele>448.25</ele></trkpt>
   <trkpt lat="63.387978" lon="12.786292"><ele>450.25</ele></trkpt>
   <trkpt lat="63.387816" lon="12.78597"><ele>451.25</ele></trkpt>
   <trkpt lat="63.387494" lon="12.785247"><ele>453.5</ele></trkpt>
   <trkpt lat="63.387331" lon="12.784859"><ele>457</ele></trkpt>
   <trkpt lat="63.387163" lon="12.78436"><ele>459.75</ele></trkpt>
   <trkpt lat="63.387004" lon="12.783848"><ele>461.75</ele></trkpt>
   <trkpt lat="63.385885" lon="12.779406"><ele>458</ele></trkpt>
   <trkpt lat="63.385618" lon="12.778207"><ele>459.75</ele></trkpt>
   <trkpt lat="63.385414" lon="12.777124"><ele>462.25</ele></trkpt>
   <trkpt lat="63.384945" lon="12.774122"><ele>467.5</ele></trkpt>
   <trkpt lat="63.384755" lon="12.772964"><ele>466</ele></trkpt>
   <trkpt lat="63.384578" lon="12.772097"><ele>464.75</ele></trkpt>
   <trkpt lat="63.38425" lon="12.770847"><ele>466.25</ele></trkpt>
   <trkpt lat="63.383993" lon="12.770109"><ele>470</ele></trkpt>
   <trkpt lat="63.383843" lon="12.769734"><ele>472.25</ele></trkpt>
   <trkpt lat="63.382591" lon="12.766717"><ele>471.5</ele></trkpt>
   <trkpt lat="63.38231" lon="12.765936"><ele>470.75</ele></trkpt>
   <trkpt lat="63.38206" lon="12.765081"><ele>471.75</ele></trkpt>
   <trkpt lat="63.381827" lon="12.764112"><ele>472.5</ele></trkpt>
   <trkpt lat="63.381651" lon="12.76316"><ele>471.25</ele></trkpt>
   <trkpt lat="63.381501" lon="12.762149"><ele>473.75</ele></trkpt>
   <trkpt lat="63.381395" lon="12.761103"><ele>478</ele></trkpt>
   <trkpt lat="63.381346" lon="12.7601"><ele>483.75</ele></trkpt>
   <trkpt lat="63.381328" lon="12.759266"><ele>489</ele></trkpt>
   <trkpt lat="63.381333" lon="12.758249"><ele>494.5</ele></trkpt>
   <trkpt lat="63.381397" lon="12.756529"><ele>494</ele></trkpt>
   <trkpt lat="63.381695" lon="12.748844"><ele>497</ele></trkpt>
   <trkpt lat="63.381734" lon="12.747605"><ele>498</ele></trkpt>
   <trkpt lat="63.381736" lon="12.747088"><ele>498</ele></trkpt>
   <trkpt lat="63.381716" lon="12.746651"><ele>498</ele></trkpt>
   <trkpt lat="63.381687" lon="12.746217"><ele>498</ele></trkpt>
   <trkpt lat="63.381647" lon="12.745821"><ele>498</ele></trkpt>
   <trkpt lat="63.381598" lon="12.745431"><ele>498</ele></trkpt>
   <trkpt lat="63.381531" lon="12.745041"><ele>498.25</ele></trkpt>
   <trkpt lat="63.381454" lon="12.744656"><ele>498.5</ele></trkpt>
   <trkpt lat="63.381358" lon="12.744281"><ele>498.5</ele></trkpt>
   <trkpt lat="63.381255" lon="12.743918"><ele>498.75</ele></trkpt>
   <trkpt lat="63.38114" lon="12.743592"><ele>498.75</ele></trkpt>
   <trkpt lat="63.381017" lon="12.743282"><ele>498.75</ele></trkpt>
   <trkpt lat="63.380889" lon="12.742986"><ele>498.75</ele></trkpt>
   <trkpt lat="63.380749" lon="12.742713"><ele>499</ele></trkpt>
   <trkpt lat="63.3806" lon="12.742461"><ele>499</ele></trkpt>
   <trkpt lat="63.380436" lon="12.742236"><ele>499</ele></trkpt>
   <trkpt lat="63.380289" lon="12.742054"><ele>499</ele></trkpt>
   <trkpt lat="63.380137" lon="12.74189"><ele>499</ele></trkpt>
   <trkpt lat="63.37998" lon="12.741762"><ele>499</ele></trkpt>
   <trkpt lat="63.379812" lon="12.741649"><ele>499</ele></trkpt>
   <trkpt lat="63.379652" lon="12.741571"><ele>499.25</ele></trkpt>
   <trkpt lat="63.379482" lon="12.741507"><ele>499.5</ele></trkpt>
   <trkpt lat="63.379322" lon="12.741449"><ele>499.75</ele></trkpt>
   <trkpt lat="63.379162" lon="12.74141"><ele>499.75</ele></trkpt>
   <trkpt lat="63.378356" lon="12.741337"><ele>499</ele></trkpt>
   <trkpt lat="63.377589" lon="12.741265"><ele>499</ele></trkpt>
   <trkpt lat="63.37739" lon="12.741232"><ele>498.75</ele></trkpt>
   <trkpt lat="63.377193" lon="12.741185"><ele>498.5</ele></trkpt>
   <trkpt lat="63.376893" lon="12.741086"><ele>498.25</ele></trkpt>
   <trkpt lat="63.376592" lon="12.740884"><ele>498</ele></trkpt>
   <trkpt lat="63.376422" lon="12.740732"><ele>498</ele></trkpt>
   <trkpt lat="63.376257" lon="12.740565"><ele>498</ele></trkpt>
   <trkpt lat="63.376129" lon="12.740412"><ele>498</ele></trkpt>
   <trkpt lat="63.376001" lon="12.740243"><ele>498</ele></trkpt>
   <trkpt lat="63.37585" lon="12.740011"><ele>498</ele></trkpt>
   <trkpt lat="63.375709" lon="12.739769"><ele>498</ele></trkpt>
   <trkpt lat="63.375583" lon="12.739477"><ele>498.25</ele></trkpt>
   <trkpt lat="63.375463" lon="12.739165"><ele>498.5</ele></trkpt>
   <trkpt lat="63.375343" lon="12.738833"><ele>498.5</ele></trkpt>
   <trkpt lat="63.375237" lon="12.738489"><ele>498.5</ele></trkpt>
   <trkpt lat="63.375146" lon="12.738139"><ele>498.5</ele></trkpt>
   <trkpt lat="63.375065" lon="12.737781"><ele>498.75</ele></trkpt>
   <trkpt lat="63.374967" lon="12.737237"><ele>499.25</ele></trkpt>
   <trkpt lat="63.374884" lon="12.736695"><ele>500</ele></trkpt>
   <trkpt lat="63.374825" lon="12.736231"><ele>500</ele></trkpt>
   <trkpt lat="63.374776" lon="12.735767"><ele>499.75</ele></trkpt>
   <trkpt lat="63.374176" lon="12.730418"><ele>503.5</ele></trkpt>
   <trkpt lat="63.374063" lon="12.729618"><ele>505</ele></trkpt>
   <trkpt lat="63.373949" lon="12.72889"><ele>506.5</ele></trkpt>
   <trkpt lat="63.373849" lon="12.728379"><ele>507.25</ele></trkpt>
   <trkpt lat="63.373722" lon="12.727795"><ele>508</ele></trkpt>
   <trkpt lat="63.373578" lon="12.727222"><ele>509</ele></trkpt>
   <trkpt lat="63.373417" lon="12.726689"><ele>509.75</ele></trkpt>
   <trkpt lat="63.373229" lon="12.726114"><ele>510</ele></trkpt>
   <trkpt lat="63.373028" lon="12.725592"><ele>510</ele></trkpt>
   <trkpt lat="63.372823" lon="12.725104"><ele>509.75</ele></trkpt>
   <trkpt lat="63.372661" lon="12.724748"><ele>510</ele></trkpt>
   <trkpt lat="63.37244" lon="12.724302"><ele>509.75</ele></trkpt>
   <trkpt lat="63.372176" lon="12.723835"><ele>510</ele></trkpt>
   <trkpt lat="63.371378" lon="12.722553"><ele>510</ele></trkpt>
   <trkpt lat="63.371092" lon="12.722074"><ele>510</ele></trkpt>
   <trkpt lat="63.370852" lon="12.721636"><ele>510</ele></trkpt>
   <trkpt lat="63.370553" lon="12.721037"><ele>510.25</ele></trkpt>
   <trkpt lat="63.37028" lon="12.720417"><ele>510.25</ele></trkpt>
   <trkpt lat="63.369887" lon="12.719419"><ele>510.25</ele></trkpt>
   <trkpt lat="63.367455" lon="12.712765"><ele>510.75</ele></trkpt>
   <trkpt lat="63.367121" lon="12.711845"><ele>510.5</ele></trkpt>
   <trkpt lat="63.367114" lon="12.711827"><ele>510.5</ele></trkpt>
   <trkpt lat="63.366831" lon="12.71105"><ele>510</ele></trkpt>
   <trkpt lat="63.361788" lon="12.697219"><ele>509.25</ele></trkpt>
   <trkpt lat="63.361649" lon="12.696843"><ele>509</ele></trkpt>
   <trkpt lat="63.361438" lon="12.696261"><ele>508</ele></trkpt>
   <trkpt lat="63.360495" lon="12.693672"><ele>505.75</ele></trkpt>
   <trkpt lat="63.360406" lon="12.693419"><ele>505.5</ele></trkpt>
   <trkpt lat="63.360282" lon="12.693069"><ele>505.5</ele></trkpt>
   <trkpt lat="63.35997" lon="12.692102"><ele>506</ele></trkpt>
   <trkpt lat="63.359831" lon="12.691598"><ele>506.75</ele></trkpt>
   <trkpt lat="63.359686" lon="12.690958"><ele>507.25</ele></trkpt>
   <trkpt lat="63.359568" lon="12.690337"><ele>507</ele></trkpt>
   <trkpt lat="63.359465" lon="12.68963"><ele>507</ele></trkpt>
   <trkpt lat="63.359378" lon="12.688765"><ele>506.75</ele></trkpt>
   <trkpt lat="63.359346" lon="12.688215"><ele>506.75</ele></trkpt>
   <trkpt lat="63.359331" lon="12.687833"><ele>507.25</ele></trkpt>
   <trkpt lat="63.359322" lon="12.687327"><ele>507.5</ele></trkpt>
   <trkpt lat="63.359322" lon="12.686966"><ele>507.75</ele></trkpt>
   <trkpt lat="63.35933" lon="12.686593"><ele>507.75</ele></trkpt>
   <trkpt lat="63.359344" lon="12.686264"><ele>508</ele></trkpt>
   <trkpt lat="63.35939" lon="12.685591"><ele>508</ele></trkpt>
   <trkpt lat="63.359423" lon="12.685239"><ele>507.5</ele></trkpt>
   <trkpt lat="63.359553" lon="12.684283"><ele>506.75</ele></trkpt>
   <trkpt lat="63.359646" lon="12.683708"><ele>506</ele></trkpt>
   <trkpt lat="63.359707" lon="12.683428"><ele>505.25</ele></trkpt>
   <trkpt lat="63.360039" lon="12.682188"><ele>504.75</ele></trkpt>
   <trkpt lat="63.360772" lon="12.67971"><ele>507.75</ele></trkpt>
   <trkpt lat="63.36171" lon="12.676541"><ele>506.75</ele></trkpt>
   <trkpt lat="63.361957" lon="12.675667"><ele>506</ele></trkpt>
   <trkpt lat="63.362121" lon="12.674889"><ele>505.25</ele></trkpt>
   <trkpt lat="63.362249" lon="12.674106"><ele>505.75</ele></trkpt>
   <trkpt lat="63.362353" lon="12.673183"><ele>506</ele></trkpt>
   <trkpt lat="63.362405" lon="12.672426"><ele>507</ele></trkpt>
   <trkpt lat="63.362421" lon="12.671654"><ele>507.75</ele></trkpt>
   <trkpt lat="63.362413" lon="12.670777"><ele>509</ele></trkpt>
   <trkpt lat="63.362352" lon="12.669897"><ele>509.5</ele></trkpt>
   <trkpt lat="63.362252" lon="12.669017"><ele>509.5</ele></trkpt>
   <trkpt lat="63.361836" lon="12.666381"><ele>507.5</ele></trkpt>
   <trkpt lat="63.361701" lon="12.665367"><ele>507</ele></trkpt>
   <trkpt lat="63.361634" lon="12.664533"><ele>507.25</ele></trkpt>
   <trkpt lat="63.361589" lon="12.663532"><ele>509.25</ele></trkpt>
   <trkpt lat="63.361582" lon="12.662164"><ele>512</ele></trkpt>
   <trkpt lat="63.361588" lon="12.661494"><ele>512.75</ele></trkpt>
   <trkpt lat="63.361752" lon="12.642195"><ele>513.75</ele></trkpt>
   <trkpt lat="63.361758" lon="12.641488"><ele>512</ele></trkpt>
   <trkpt lat="63.361791" lon="12.63899"><ele>507.75</ele></trkpt>
   <trkpt lat="63.361825" lon="12.638159"><ele>507</ele></trkpt>
   <trkpt lat="63.361884" lon="12.63741"><ele>507</ele></trkpt>
   <trkpt lat="63.361978" lon="12.63671"><ele>507</ele></trkpt>
   <trkpt lat="63.362104" lon="12.635978"><ele>507</ele></trkpt>
   <trkpt lat="63.362235" lon="12.635342"><ele>507</ele></trkpt>
   <trkpt lat="63.362432" lon="12.63458"><ele>507</ele></trkpt>
   <trkpt lat="63.36263" lon="12.633891"><ele>507</ele></trkpt>
   <trkpt lat="63.363107" lon="12.632287"><ele>507.75</ele></trkpt>
   <trkpt lat="63.363234" lon="12.631834"><ele>508.5</ele></trkpt>
   <trkpt lat="63.363344" lon="12.631383"><ele>509</ele></trkpt>
   <trkpt lat="63.363401" lon="12.631106"><ele>509.25</ele></trkpt>
   <trkpt lat="63.363449" lon="12.630824"><ele>509.5</ele></trkpt>
   <trkpt lat="63.363521" lon="12.630243"><ele>510.5</ele></trkpt>
   <trkpt lat="63.363554" lon="12.629893"><ele>511</ele></trkpt>
   <trkpt lat="63.363579" lon="12.62955"><ele>511.75</ele></trkpt>
   <trkpt lat="63.363592" lon="12.629235"><ele>512.25</ele></trkpt>
   <trkpt lat="63.363597" lon="12.628925"><ele>513</ele></trkpt>
   <trkpt lat="63.363594" lon="12.628636"><ele>513.5</ele></trkpt>
   <trkpt lat="63.363564" lon="12.628035"><ele>515</ele></trkpt>
   <trkpt lat="63.363513" lon="12.627457"><ele>516.5</ele></trkpt>
   <trkpt lat="63.363425" lon="12.626863"><ele>517.75</ele></trkpt>
   <trkpt lat="63.363366" lon="12.626551"><ele>518.25</ele></trkpt>
   <trkpt lat="63.363299" lon="12.626236"><ele>518.75</ele></trkpt>
   <trkpt lat="63.363148" lon="12.62565"><ele>519.5</ele></trkpt>
   <trkpt lat="63.36284" lon="12.624698"><ele>520</ele></trkpt>
   <trkpt lat="63.362632" lon="12.62409"><ele>520</ele></trkpt>
   <trkpt lat="63.36235" lon="12.623286"><ele>519.75</ele></trkpt>
   <trkpt lat="63.362094" lon="12.622561"><ele>519.75</ele></trkpt>
   <trkpt lat="63.35818" lon="12.611323"><ele>530</ele></trkpt>
   <trkpt lat="63.357859" lon="12.610357"><ele>530</ele></trkpt>
   <trkpt lat="63.357584" lon="12.609462"><ele>530</ele></trkpt>
   <trkpt lat="63.357333" lon="12.60848"><ele>530</ele></trkpt>
   <trkpt lat="63.357127" lon="12.607552"><ele>530</ele></trkpt>
   <trkpt lat="63.35706" lon="12.607217"><ele>530</ele></trkpt>
   <trkpt lat="63.356798" lon="12.605819"><ele>530</ele></trkpt>
   <trkpt lat="63.356638" lon="12.604508"><ele>529.25</ele></trkpt>
   <trkpt lat="63.356474" lon="12.602944"><ele>525.75</ele></trkpt>
   <trkpt lat="63.356312" lon="12.600948"><ele>522.75</ele></trkpt>
   <trkpt lat="63.356142" lon="12.59902"><ele>521</ele></trkpt>
   <trkpt lat="63.356029" lon="12.59785"><ele>520.5</ele></trkpt>
   <trkpt lat="63.355899" lon="12.596761"><ele>520.75</ele></trkpt>
   <trkpt lat="63.35581" lon="12.596313"><ele>520.75</ele></trkpt>
   <trkpt lat="63.355713" lon="12.595874"><ele>520.75</ele></trkpt>
   <trkpt lat="63.355609" lon="12.595498"><ele>520.5</ele></trkpt>
   <trkpt lat="63.355494" lon="12.595123"><ele>520.5</ele></trkpt>
   <trkpt lat="63.35535" lon="12.594709"><ele>520.5</ele></trkpt>
   <trkpt lat="63.355202" lon="12.594321"><ele>520.75</ele></trkpt>
   <trkpt lat="63.354874" lon="12.593594"><ele>521</ele></trkpt>
   <trkpt lat="63.354541" lon="12.592974"><ele>521.25</ele></trkpt>
   <trkpt lat="63.354382" lon="12.592724"><ele>521.5</ele></trkpt>
   <trkpt lat="63.35422" lon="12.592502"><ele>521.75</ele></trkpt>
   <trkpt lat="63.354003" lon="12.592236"><ele>522</ele></trkpt>
   <trkpt lat="63.353775" lon="12.592003"><ele>522.25</ele></trkpt>
   <trkpt lat="63.35355" lon="12.591803"><ele>522.5</ele></trkpt>
   <trkpt lat="63.353315" lon="12.59163"><ele>523</ele></trkpt>
   <trkpt lat="63.35312" lon="12.591521"><ele>523</ele></trkpt>
   <trkpt lat="63.352777" lon="12.591378"><ele>523</ele></trkpt>
   <trkpt lat="63.352417" lon="12.591268"><ele>523.5</ele></trkpt>
   <trkpt lat="63.351864" lon="12.591186"><ele>523.75</ele></trkpt>
   <trkpt lat="63.350654" lon="12.590922"><ele>525</ele></trkpt>
   <trkpt lat="63.349441" lon="12.590689"><ele>526.75</ele></trkpt>
   <trkpt lat="63.349202" lon="12.59062"><ele>527</ele></trkpt>
   <trkpt lat="63.348942" lon="12.590532"><ele>527.5</ele></trkpt>
   <trkpt lat="63.348645" lon="12.590403"><ele>528</ele></trkpt>
   <trkpt lat="63.348351" lon="12.590245"><ele>528.5</ele></trkpt>
   <trkpt lat="63.348026" lon="12.590048"><ele>528.75</ele></trkpt>
   <trkpt lat="63.347716" lon="12.589825"><ele>529</ele></trkpt>
   <trkpt lat="63.347387" lon="12.589517"><ele>529.5</ele></trkpt>
   <trkpt lat="63.344136" lon="12.586298"><ele>530</ele></trkpt>
   <trkpt lat="63.343241" lon="12.585406"><ele>530</ele></trkpt>
   <trkpt lat="63.341631" lon="12.583763"><ele>533</ele></trkpt>
   <trkpt lat="63.341347" lon="12.583447"><ele>533.5</ele></trkpt>
   <trkpt lat="63.341048" lon="12.583063"><ele>534.5</ele></trkpt>
   <trkpt lat="63.340803" lon="12.582735"><ele>535</ele></trkpt>
   <trkpt lat="63.340491" lon="12.582295"><ele>535.5</ele></trkpt>
   <trkpt lat="63.33637" lon="12.576446"><ele>545.5</ele></trkpt>
   <trkpt lat="63.334109" lon="12.573246"><ele>550</ele></trkpt>
   <trkpt lat="63.331034" lon="12.568866"><ele>551.75</ele></trkpt>
   <trkpt lat="63.32881" lon="12.565703"><ele>550.5</ele></trkpt>
   <trkpt lat="63.32782" lon="12.564297"><ele>548.75</ele></trkpt>
   <trkpt lat="63.327351" lon="12.563599"><ele>547</ele></trkpt>
   <trkpt lat="63.327125" lon="12.563226"><ele>546.5</ele></trkpt>
   <trkpt lat="63.326927" lon="12.562853"><ele>546.25</ele></trkpt>
   <trkpt lat="63.326729" lon="12.562451"><ele>546</ele></trkpt>
   <trkpt lat="63.326565" lon="12.562103"><ele>545.75</ele></trkpt>
   <trkpt lat="63.326396" lon="12.561694"><ele>545.25</ele></trkpt>
   <trkpt lat="63.326213" lon="12.561194"><ele>544.75</ele></trkpt>
   <trkpt lat="63.326014" lon="12.560577"><ele>544.5</ele></trkpt>
   <trkpt lat="63.325876" lon="12.560121"><ele>544.75</ele></trkpt>
   <trkpt lat="63.325736" lon="12.559568"><ele>544.75</ele></trkpt>
   <trkpt lat="63.325634" lon="12.55909"><ele>544.75</ele></trkpt>
   <trkpt lat="63.325535" lon="12.558628"><ele>544.75</ele></trkpt>
   <trkpt lat="63.325414" lon="12.557937"><ele>544.75</ele></trkpt>
   <trkpt lat="63.325303" lon="12.557148"><ele>545</ele></trkpt>
   <trkpt lat="63.325225" lon="12.556485"><ele>545.25</ele></trkpt>
   <trkpt lat="63.325148" lon="12.555654"><ele>545.25</ele></trkpt>
   <trkpt lat="63.325018" lon="12.554023"><ele>542.75</ele></trkpt>
   <trkpt lat="63.32496" lon="12.553502"><ele>542</ele></trkpt>
   <trkpt lat="63.324958" lon="12.553487"><ele>541.75</ele></trkpt>
   <trkpt lat="63.324883" lon="12.55288"><ele>541.25</ele></trkpt>
   <trkpt lat="63.324811" lon="12.55239"><ele>541</ele></trkpt>
   <trkpt lat="63.324669" lon="12.551609"><ele>540.25</ele></trkpt>
   <trkpt lat="63.324575" lon="12.551171"><ele>539.75</ele></trkpt>
   <trkpt lat="63.32447" lon="12.550728"><ele>539.5</ele></trkpt>
   <trkpt lat="63.324068" lon="12.549169"><ele>538.5</ele></trkpt>
   <trkpt lat="63.324019" lon="12.54899"><ele>538.25</ele></trkpt>
   <trkpt lat="63.32386" lon="12.548412"><ele>537.5</ele></trkpt>
   <trkpt lat="63.323381" lon="12.546632"><ele>536.25</ele></trkpt>
   <trkpt lat="63.323123" lon="12.545679"><ele>536</ele></trkpt>
   <trkpt lat="63.32143" lon="12.539377"><ele>537</ele></trkpt>
   <trkpt lat="63.321353" lon="12.539086"><ele>537.25</ele></trkpt>
   <trkpt lat="63.321273" lon="12.538812"><ele>537.75</ele></trkpt>
   <trkpt lat="63.320957" lon="12.537631"><ele>539.25</ele></trkpt>
   <trkpt lat="63.320714" lon="12.536735"><ele>539</ele></trkpt>
   <trkpt lat="63.320426" lon="12.535611"><ele>538</ele></trkpt>
   <trkpt lat="63.320276" lon="12.534957"><ele>537.25</ele></trkpt>
   <trkpt lat="63.320167" lon="12.534334"><ele>537</ele></trkpt>
   <trkpt lat="63.320087" lon="12.533796"><ele>537</ele></trkpt>
   <trkpt lat="63.319958" lon="12.53276"><ele>536.75</ele></trkpt>
   <trkpt lat="63.319954" lon="12.532714"><ele>536.75</ele></trkpt>
   <trkpt lat="63.319837" lon="12.531531"><ele>536.25</ele></trkpt>
   <trkpt lat="63.31983" lon="12.53145"><ele>536.25</ele></trkpt>
   <trkpt lat="63.319797" lon="12.531108"><ele>536.25</ele></trkpt>
   <trkpt lat="63.319711" lon="12.530276"><ele>536</ele></trkpt>
   <trkpt lat="63.319633" lon="12.529682"><ele>536.25</ele></trkpt>
   <trkpt lat="63.319541" lon="12.529085"><ele>536.25</ele></trkpt>
   <trkpt lat="63.319383" lon="12.528154"><ele>536.75</ele></trkpt>
   <trkpt lat="63.318872" lon="12.525586"><ele>538.5</ele></trkpt>
   <trkpt lat="63.317126" lon="12.516856"><ele>537.5</ele></trkpt>
   <trkpt lat="63.317005" lon="12.516054"><ele>536.25</ele></trkpt>
   <trkpt lat="63.316902" lon="12.515249"><ele>535.75</ele></trkpt>
   <trkpt lat="63.316845" lon="12.514742"><ele>535.25</ele></trkpt>
   <trkpt lat="63.316777" lon="12.514041"><ele>534.25</ele></trkpt>
   <trkpt lat="63.316675" lon="12.512793"><ele>534</ele></trkpt>
   <trkpt lat="63.316563" lon="12.511394"><ele>532.75</ele></trkpt>
   <trkpt lat="63.316517" lon="12.510824"><ele>532.5</ele></trkpt>
   <trkpt lat="63.31584" lon="12.502585"><ele>533</ele></trkpt>
   <trkpt lat="63.315771" lon="12.501892"><ele>532.75</ele></trkpt>
   <trkpt lat="63.315668" lon="12.501045"><ele>532.5</ele></trkpt>
   <trkpt lat="63.315584" lon="12.500479"><ele>532.25</ele></trkpt>
   <trkpt lat="63.315458" lon="12.499718"><ele>532</ele></trkpt>
   <trkpt lat="63.315317" lon="12.498967"><ele>531.75</ele></trkpt>
   <trkpt lat="63.315181" lon="12.498299"><ele>531.25</ele></trkpt>
   <trkpt lat="63.315011" lon="12.497608"><ele>531</ele></trkpt>
   <trkpt lat="63.314825" lon="12.496884"><ele>531.5</ele></trkpt>
   <trkpt lat="63.313997" lon="12.49399"><ele>533</ele></trkpt>
   <trkpt lat="63.311714" lon="12.485962"><ele>538.75</ele></trkpt>
   <trkpt lat="63.311473" lon="12.485089"><ele>538.75</ele></trkpt>
   <trkpt lat="63.311149" lon="12.483834"><ele>538.75</ele></trkpt>
   <trkpt lat="63.310878" lon="12.482608"><ele>539</ele></trkpt>
   <trkpt lat="63.310758" lon="12.482012"><ele>538.5</ele></trkpt>
   <trkpt lat="63.310647" lon="12.481384"><ele>538.25</ele></trkpt>
   <trkpt lat="63.310469" lon="12.480265"><ele>538</ele></trkpt>
   <trkpt lat="63.310314" lon="12.479135"><ele>538.25</ele></trkpt>
   <trkpt lat="63.310261" lon="12.478723"><ele>538.5</ele></trkpt>
   <trkpt lat="63.310193" lon="12.478066"><ele>539</ele></trkpt>
   <trkpt lat="63.310134" lon="12.477394"><ele>539</ele></trkpt>
   <trkpt lat="63.310075" lon="12.476815"><ele>539.5</ele></trkpt>
   <trkpt lat="63.310023" lon="12.476243"><ele>539.75</ele></trkpt>
   <trkpt lat="63.30829" lon="12.456671"><ele>546.75</ele></trkpt>
   <trkpt lat="63.30734" lon="12.445962"><ele>543.25</ele></trkpt>
   <trkpt lat="63.306545" lon="12.437071"><ele>547.25</ele></trkpt>
   <trkpt lat="63.306266" lon="12.433886"><ele>549.25</ele></trkpt>
   <trkpt lat="63.30614" lon="12.432524"><ele>550.25</ele></trkpt>
   <trkpt lat="63.306043" lon="12.431663"><ele>550.75</ele></trkpt>
   <trkpt lat="63.305909" lon="12.430759"><ele>550</ele></trkpt>
   <trkpt lat="63.305747" lon="12.429915"><ele>548</ele></trkpt>
   <trkpt lat="63.30554" lon="12.42904"><ele>545.5</ele></trkpt>
   <trkpt lat="63.30527" lon="12.428125"><ele>545</ele></trkpt>
   <trkpt lat="63.304952" lon="12.427219"><ele>547</ele></trkpt>
   <trkpt lat="63.304754" lon="12.426752"><ele>548.75</ele></trkpt>
   <trkpt lat="63.304454" lon="12.426082"><ele>551</ele></trkpt>
   <trkpt lat="63.304119" lon="12.425494"><ele>552.5</ele></trkpt>
   <trkpt lat="63.303803" lon="12.425014"><ele>553.5</ele></trkpt>
   <trkpt lat="63.303463" lon="12.424558"><ele>554.5</ele></trkpt>
   <trkpt lat="63.301803" lon="12.422772"><ele>561</ele></trkpt>
   <trkpt lat="63.301432" lon="12.422307"><ele>561.75</ele></trkpt>
   <trkpt lat="63.301275" lon="12.422088"><ele>561.75</ele></trkpt>
   <trkpt lat="63.301126" lon="12.421854"><ele>561.75</ele></trkpt>
   <trkpt lat="63.300918" lon="12.421491"><ele>562</ele></trkpt>
   <trkpt lat="63.30072" lon="12.421114"><ele>562.25</ele></trkpt>
   <trkpt lat="63.300517" lon="12.420672"><ele>562.5</ele></trkpt>
   <trkpt lat="63.300295" lon="12.420157"><ele>563</ele></trkpt>
   <trkpt lat="63.30003" lon="12.419443"><ele>564.25</ele></trkpt>
   <trkpt lat="63.298907" lon="12.415905"><ele>564.25</ele></trkpt>
   <trkpt lat="63.298284" lon="12.414157"><ele>561.5</ele></trkpt>
   <trkpt lat="63.297987" lon="12.413451"><ele>562</ele></trkpt>
   <trkpt lat="63.297663" lon="12.412805"><ele>561.75</ele></trkpt>
   <trkpt lat="63.297324" lon="12.412174"><ele>562.75</ele></trkpt>
   <trkpt lat="63.297092" lon="12.411772"><ele>563.5</ele></trkpt>
   <trkpt lat="63.296745" lon="12.411249"><ele>564.5</ele></trkpt>
   <trkpt lat="63.296214" lon="12.410514"><ele>564.75</ele></trkpt>
   <trkpt lat="63.294969" lon="12.408802"><ele>562</ele></trkpt>
   <trkpt lat="63.292414" lon="12.405308"><ele>560.75</ele></trkpt>
   <trkpt lat="63.29207" lon="12.404782"><ele>560.5</ele></trkpt>
   <trkpt lat="63.291731" lon="12.404181"><ele>560.25</ele></trkpt>
   <trkpt lat="63.291426" lon="12.403599"><ele>560.75</ele></trkpt>
   <trkpt lat="63.291056" lon="12.402771"><ele>561.5</ele></trkpt>
   <trkpt lat="63.290766" lon="12.402065"><ele>562.25</ele></trkpt>
   <trkpt lat="63.289892" lon="12.399666"><ele>563</ele></trkpt>
   <trkpt lat="63.288523" lon="12.395816"><ele>563.75</ele></trkpt>
   <trkpt lat="63.288421" lon="12.395476"><ele>563.5</ele></trkpt>
   <trkpt lat="63.288226" lon="12.394804"><ele>563.75</ele></trkpt>
   <trkpt lat="63.287943" lon="12.393675"><ele>564.75</ele></trkpt>
   <trkpt lat="63.287834" lon="12.393179"><ele>564.75</ele></trkpt>
   <trkpt lat="63.28763" lon="12.392138"><ele>564.5</ele></trkpt>
   <trkpt lat="63.28745" lon="12.390998"><ele>564.25</ele></trkpt>
   <trkpt lat="63.287316" lon="12.389939"><ele>563.5</ele></trkpt>
   <trkpt lat="63.287204" lon="12.388767"><ele>563.5</ele></trkpt>
   <trkpt lat="63.287124" lon="12.387536"><ele>563.75</ele></trkpt>
   <trkpt lat="63.286829" lon="12.38267"><ele>563.75</ele></trkpt>
   <trkpt lat="63.286622" lon="12.37899"><ele>563.5</ele></trkpt>
   <trkpt lat="63.286578" lon="12.378132"><ele>562.5</ele></trkpt>
   <trkpt lat="63.286555" lon="12.377566"><ele>561.75</ele></trkpt>
   <trkpt lat="63.286545" lon="12.377027"><ele>561.5</ele></trkpt>
   <trkpt lat="63.286546" lon="12.376462"><ele>561.25</ele></trkpt>
   <trkpt lat="63.286555" lon="12.376183"><ele>561.25</ele></trkpt>
   <trkpt lat="63.286567" lon="12.375859"><ele>561</ele></trkpt>
   <trkpt lat="63.286654" lon="12.374492"><ele>559.25</ele></trkpt>
   <trkpt lat="63.286714" lon="12.37342"><ele>557.75</ele></trkpt>
   <trkpt lat="63.286728" lon="12.372915"><ele>557</ele></trkpt>
   <trkpt lat="63.286734" lon="12.372315"><ele>556.75</ele></trkpt>
   <trkpt lat="63.286722" lon="12.371704"><ele>556.5</ele></trkpt>
   <trkpt lat="63.2867" lon="12.371178"><ele>556.25</ele></trkpt>
   <trkpt lat="63.286655" lon="12.370483"><ele>556.25</ele></trkpt>
   <trkpt lat="63.2866" lon="12.36985"><ele>556.5</ele></trkpt>
   <trkpt lat="63.286482" lon="12.368628"><ele>555.25</ele></trkpt>
   <trkpt lat="63.286249" lon="12.366268"><ele>551.25</ele></trkpt>
   <trkpt lat="63.286191" lon="12.365513"><ele>551</ele></trkpt>
   <trkpt lat="63.286153" lon="12.364874"><ele>550.75</ele></trkpt>
   <trkpt lat="63.286127" lon="12.364278"><ele>551</ele></trkpt>
   <trkpt lat="63.286114" lon="12.36368"><ele>551</ele></trkpt>
   <trkpt lat="63.286112" lon="12.363058"><ele>551.25</ele></trkpt>
   <trkpt lat="63.286122" lon="12.36248"><ele>551.25</ele></trkpt>
   <trkpt lat="63.286151" lon="12.361766"><ele>551.25</ele></trkpt>
   <trkpt lat="63.286186" lon="12.361165"><ele>550.5</ele></trkpt>
   <trkpt lat="63.286236" lon="12.360538"><ele>549.75</ele></trkpt>
   <trkpt lat="63.286299" lon="12.359881"><ele>549</ele></trkpt>
   <trkpt lat="63.286515" lon="12.358287"><ele>547.75</ele></trkpt>
   <trkpt lat="63.286673" lon="12.357192"><ele>546.25</ele></trkpt>
   <trkpt lat="63.286769" lon="12.356573"><ele>545.25</ele></trkpt>
   <trkpt lat="63.287948" lon="12.349031"><ele>547.25</ele></trkpt>
   <trkpt lat="63.28795" lon="12.349017"><ele>547.25</ele></trkpt>
   <trkpt lat="63.288576" lon="12.345025"><ele>550.5</ele></trkpt>
   <trkpt lat="63.288711" lon="12.344165"><ele>550.5</ele></trkpt>
   <trkpt lat="63.288996" lon="12.342334"><ele>550</ele></trkpt>
   <trkpt lat="63.289593" lon="12.338489"><ele>550.25</ele></trkpt>
   <trkpt lat="63.289718" lon="12.337676"><ele>550.75</ele></trkpt>
   <trkpt lat="63.289738" lon="12.33755"><ele>550.75</ele></trkpt>
   <trkpt lat="63.290182" lon="12.334712"><ele>551.75</ele></trkpt>
   <trkpt lat="63.290588" lon="12.332128"><ele>552.75</ele></trkpt>
   <trkpt lat="63.290715" lon="12.331396"><ele>553.25</ele></trkpt>
   <trkpt lat="63.29084" lon="12.330796"><ele>554</ele></trkpt>
   <trkpt lat="63.291111" lon="12.329619"><ele>554.25</ele></trkpt>
   <trkpt lat="63.291468" lon="12.328365"><ele>555</ele></trkpt>
   <trkpt lat="63.291921" lon="12.327062"><ele>556</ele></trkpt>
   <trkpt lat="63.291935" lon="12.32702"><ele>556</ele></trkpt>
   <trkpt lat="63.293104" lon="12.323656"><ele>558</ele></trkpt>
   <trkpt lat="63.293302" lon="12.323012"><ele>558.75</ele></trkpt>
   <trkpt lat="63.293484" lon="12.322373"><ele>559.5</ele></trkpt>
   <trkpt lat="63.293614" lon="12.321837"><ele>560.75</ele></trkpt>
   <trkpt lat="63.293728" lon="12.321297"><ele>561.25</ele></trkpt>
   <trkpt lat="63.293821" lon="12.320788"><ele>561.75</ele></trkpt>
   <trkpt lat="63.2939" lon="12.320297"><ele>562.25</ele></trkpt>
   <trkpt lat="63.293993" lon="12.319623"><ele>562.75</ele></trkpt>
   <trkpt lat="63.294036" lon="12.319184"><ele>563</ele></trkpt>
   <trkpt lat="63.294091" lon="12.31841"><ele>563.25</ele></trkpt>
   <trkpt lat="63.294138" lon="12.317641"><ele>564.5</ele></trkpt>
   <trkpt lat="63.294188" lon="12.316543"><ele>565.25</ele></trkpt>
   <trkpt lat="63.29431" lon="12.313544"><ele>570</ele></trkpt>
   <trkpt lat="63.29438" lon="12.312175"><ele>573</ele></trkpt>
   <trkpt lat="63.294409" lon="12.311651"><ele>574</ele></trkpt>
   <trkpt lat="63.294464" lon="12.31096"><ele>574.25</ele></trkpt>
   <trkpt lat="63.294513" lon="12.310469"><ele>574.75</ele></trkpt>
   <trkpt lat="63.294652" lon="12.309361"><ele>574.75</ele></trkpt>
   <trkpt lat="63.294743" lon="12.308738"><ele>574.5</ele></trkpt>
   <trkpt lat="63.294844" lon="12.308168"><ele>574.25</ele></trkpt>
   <trkpt lat="63.294965" lon="12.307558"><ele>573.75</ele></trkpt>
   <trkpt lat="63.295072" lon="12.307073"><ele>574</ele></trkpt>
   <trkpt lat="63.295345" lon="12.306015"><ele>573.75</ele></trkpt>
   <trkpt lat="63.295468" lon="12.305594"><ele>574</ele></trkpt>
   <trkpt lat="63.295614" lon="12.305127"><ele>574.75</ele></trkpt>
   <trkpt lat="63.296774" lon="12.301851"><ele>575.5</ele></trkpt>
   <trkpt lat="63.297032" lon="12.301038"><ele>575.25</ele></trkpt>
   <trkpt lat="63.297297" lon="12.300078"><ele>575.75</ele></trkpt>
   <trkpt lat="63.297425" lon="12.29957"><ele>575.5</ele></trkpt>
   <trkpt lat="63.297554" lon="12.298996"><ele>575</ele></trkpt>
   <trkpt lat="63.297798" lon="12.297757"><ele>575.25</ele></trkpt>
   <trkpt lat="63.298251" lon="12.295347"><ele>574.75</ele></trkpt>
   <trkpt lat="63.298433" lon="12.29445"><ele>575.25</ele></trkpt>
   <trkpt lat="63.298559" lon="12.293874"><ele>576</ele></trkpt>
   <trkpt lat="63.298788" lon="12.292926"><ele>577.25</ele></trkpt>
   <trkpt lat="63.299032" lon="12.291979"><ele>577.5</ele></trkpt>
   <trkpt lat="63.299311" lon="12.291049"><ele>578.75</ele></trkpt>
   <trkpt lat="63.299601" lon="12.290162"><ele>580</ele></trkpt>
   <trkpt lat="63.30027" lon="12.2882"><ele>581.25</ele></trkpt>
   <trkpt lat="63.300874" lon="12.286482"><ele>581.75</ele></trkpt>
   <trkpt lat="63.301438" lon="12.284908"><ele>582</ele></trkpt>
   <trkpt lat="63.30315" lon="12.279982"><ele>582</ele></trkpt>
   <trkpt lat="63.303759" lon="12.278268"><ele>580.75</ele></trkpt>
   <trkpt lat="63.304155" lon="12.27711"><ele>579</ele></trkpt>
   <trkpt lat="63.304314" lon="12.276617"><ele>579</ele></trkpt>
   <trkpt lat="63.304441" lon="12.276201"><ele>579</ele></trkpt>
   <trkpt lat="63.304681" lon="12.275305"><ele>579.25</ele></trkpt>
   <trkpt lat="63.304898" lon="12.274357"><ele>578.5</ele></trkpt>
   <trkpt lat="63.305079" lon="12.27344"><ele>578</ele></trkpt>
   <trkpt lat="63.305249" lon="12.272453"><ele>578.5</ele></trkpt>
   <trkpt lat="63.305334" lon="12.271908"><ele>578.5</ele></trkpt>
   <trkpt lat="63.305405" lon="12.271306"><ele>578.5</ele></trkpt>
   <trkpt lat="63.305557" lon="12.269851"><ele>579</ele></trkpt>
   <trkpt lat="63.305688" lon="12.26834"><ele>577.75</ele></trkpt>
   <trkpt lat="63.305737" lon="12.267724"><ele>577.5</ele></trkpt>
   <trkpt lat="63.305816" lon="12.266748"><ele>577.75</ele></trkpt>
   <trkpt lat="63.305861" lon="12.266294"><ele>578</ele></trkpt>
   <trkpt lat="63.306004" lon="12.265134"><ele>579</ele></trkpt>
   <trkpt lat="63.306086" lon="12.264609"><ele>579.75</ele></trkpt>
   <trkpt lat="63.306172" lon="12.264111"><ele>580.25</ele></trkpt>
   <trkpt lat="63.306267" lon="12.26361"><ele>580.75</ele></trkpt>
   <trkpt lat="63.306495" lon="12.262566"><ele>581.75</ele></trkpt>
   <trkpt lat="63.306792" lon="12.261355"><ele>582.25</ele></trkpt>
   <trkpt lat="63.307113" lon="12.260207"><ele>583.25</ele></trkpt>
   <trkpt lat="63.307361" lon="12.259476"><ele>583.75</ele></trkpt>
   <trkpt lat="63.307505" lon="12.259107"><ele>583.75</ele></trkpt>
   <trkpt lat="63.307796" lon="12.258427"><ele>584.75</ele></trkpt>
   <trkpt lat="63.308109" lon="12.257805"><ele>586</ele></trkpt>
   <trkpt lat="63.308412" lon="12.2573"><ele>586.75</ele></trkpt>
   <trkpt lat="63.308549" lon="12.25709"><ele>587</ele></trkpt>
   <trkpt lat="63.310288" lon="12.254549"><ele>587</ele></trkpt>
   <trkpt lat="63.310699" lon="12.253915"><ele>586</ele></trkpt>
   <trkpt lat="63.3109" lon="12.253554"><ele>585.5</ele></trkpt>
   <trkpt lat="63.311222" lon="12.252869"><ele>585.25</ele></trkpt>
   <trkpt lat="63.311367" lon="12.252536"><ele>585.25</ele></trkpt>
   <trkpt lat="63.311522" lon="12.252127"><ele>585</ele></trkpt>
   <trkpt lat="63.311682" lon="12.251668"><ele>585</ele></trkpt>
   <trkpt lat="63.311811" lon="12.251266"><ele>585.25</ele></trkpt>
   <trkpt lat="63.311934" lon="12.25085"><ele>585.5</ele></trkpt>
   <trkpt lat="63.312195" lon="12.249797"><ele>586</ele></trkpt>
   <trkpt lat="63.312291" lon="12.249335"><ele>586.75</ele></trkpt>
   <trkpt lat="63.312394" lon="12.248772"><ele>587.25</ele></trkpt>
   <trkpt lat="63.312485" lon="12.248161"><ele>588</ele></trkpt>
   <trkpt lat="63.312559" lon="12.247573"><ele>589.25</ele></trkpt>
   <trkpt lat="63.312661" lon="12.246492"><ele>590</ele></trkpt>
   <trkpt lat="63.312716" lon="12.245439"><ele>590.5</ele></trkpt>
   <trkpt lat="63.312727" lon="12.244847"><ele>590.5</ele></trkpt>
   <trkpt lat="63.312727" lon="12.24431"><ele>590.75</ele></trkpt>
   <trkpt lat="63.312722" lon="12.243737"><ele>591</ele></trkpt>
   <trkpt lat="63.312692" lon="12.242149"><ele>592.75</ele></trkpt>
   <trkpt lat="63.312675" lon="12.241193"><ele>593.5</ele></trkpt>
   <trkpt lat="63.312674" lon="12.240103"><ele>594</ele></trkpt>
   <trkpt lat="63.312694" lon="12.239562"><ele>593.75</ele></trkpt>
   <trkpt lat="63.312736" lon="12.239066"><ele>593.75</ele></trkpt>
   <trkpt lat="63.312794" lon="12.238559"><ele>594</ele></trkpt>
   <trkpt lat="63.312876" lon="12.238006"><ele>594.25</ele></trkpt>
   <trkpt lat="63.312965" lon="12.237497"><ele>594.75</ele></trkpt>
   <trkpt lat="63.313106" lon="12.236794"><ele>595</ele></trkpt>
   <trkpt lat="63.313213" lon="12.236389"><ele>595</ele></trkpt>
   <trkpt lat="63.313337" lon="12.235996"><ele>595.25</ele></trkpt>
   <trkpt lat="63.313483" lon="12.23557"><ele>595</ele></trkpt>
   <trkpt lat="63.313637" lon="12.23521"><ele>594.75</ele></trkpt>
   <trkpt lat="63.313773" lon="12.234925"><ele>594.75</ele></trkpt>
   <trkpt lat="63.313917" lon="12.23465"><ele>595</ele></trkpt>
   <trkpt lat="63.314709" lon="12.233368"><ele>594.5</ele></trkpt>
   <trkpt lat="63.314909" lon="12.232988"><ele>594.5</ele></trkpt>
   <trkpt lat="63.31509" lon="12.232602"><ele>594.5</ele></trkpt>
   <trkpt lat="63.315247" lon="12.232198"><ele>594</ele></trkpt>
   <trkpt lat="63.315393" lon="12.23174"><ele>593.5</ele></trkpt>
   <trkpt lat="63.315511" lon="12.231302"><ele>593</ele></trkpt>
   <trkpt lat="63.315606" lon="12.230841"><ele>592.25</ele></trkpt>
   <trkpt lat="63.315695" lon="12.230306"><ele>592</ele></trkpt>
   <trkpt lat="63.315754" lon="12.2298"><ele>591.5</ele></trkpt>
   <trkpt lat="63.315795" lon="12.229257"><ele>591</ele></trkpt>
   <trkpt lat="63.315815" lon="12.228726"><ele>590.25</ele></trkpt>
   <trkpt lat="63.315812" lon="12.228069"><ele>589.75</ele></trkpt>
   <trkpt lat="63.315786" lon="12.227283"><ele>589.5</ele></trkpt>
   <trkpt lat="63.315752" lon="12.226555"><ele>589</ele></trkpt>
   <trkpt lat="63.315698" lon="12.225141"><ele>591.25</ele></trkpt>
   <trkpt lat="63.315569" lon="12.222175"><ele>596.5</ele></trkpt>
   <trkpt lat="63.31555" lon="12.221536"><ele>597</ele></trkpt>
   <trkpt lat="63.315543" lon="12.220056"><ele>598</ele></trkpt>
   <trkpt lat="63.315577" lon="12.218874"><ele>598.5</ele></trkpt>
   <trkpt lat="63.31562" lon="12.218095"><ele>598.5</ele></trkpt>
   <trkpt lat="63.315712" lon="12.21695"><ele>598.25</ele></trkpt>
   <trkpt lat="63.315762" lon="12.21643"><ele>598</ele></trkpt>
   <trkpt lat="63.315807" lon="12.21601"><ele>598</ele></trkpt>
   <trkpt lat="63.316241" lon="12.212737"><ele>597</ele></trkpt>
   <trkpt lat="63.316759" lon="12.208915"><ele>597</ele></trkpt>
   <trkpt lat="63.31689" lon="12.207855"><ele>598.25</ele></trkpt>
   <trkpt lat="63.316946" lon="12.207323"><ele>598.5</ele></trkpt>
   <trkpt lat="63.31704" lon="12.206293"><ele>599</ele></trkpt>
   <trkpt lat="63.317174" lon="12.204563"><ele>600</ele></trkpt>
   <trkpt lat="63.317199" lon="12.204177"><ele>600</ele></trkpt>
   <trkpt lat="63.317492" lon="12.200588"><ele>599</ele></trkpt>
   <trkpt lat="63.317764" lon="12.197088"><ele>600.75</ele></trkpt>
   <trkpt lat="63.317772" lon="12.196978"><ele>600.75</ele></trkpt>
   <trkpt lat="63.317945" lon="12.195067"><ele>600.75</ele></trkpt>
   <trkpt lat="63.318016" lon="12.194536"><ele>600.25</ele></trkpt>
   <trkpt lat="63.318277" lon="12.192866"><ele>599</ele></trkpt>
   <trkpt lat="63.318416" lon="12.192066"><ele>598.75</ele></trkpt>
   <trkpt lat="63.318618" lon="12.190788"><ele>598.25</ele></trkpt>
   <trkpt lat="63.318696" lon="12.190128"><ele>597.25</ele></trkpt>
   <trkpt lat="63.318759" lon="12.189367"><ele>596.75</ele></trkpt>
   <trkpt lat="63.318908" lon="12.186906"><ele>595.25</ele></trkpt>
   <trkpt lat="63.319169" lon="12.182262"><ele>595</ele></trkpt>
   <trkpt lat="63.319376" lon="12.178654"><ele>596</ele></trkpt>
   <trkpt lat="63.319387" lon="12.178445"><ele>596</ele></trkpt>
   <trkpt lat="63.319444" lon="12.177447"><ele>596.5</ele></trkpt>
   <trkpt lat="63.319561" lon="12.175661"><ele>597</ele></trkpt>
   <trkpt lat="63.319676" lon="12.173359"><ele>598</ele></trkpt>
   <trkpt lat="63.319697" lon="12.172597"><ele>598</ele></trkpt>
   <trkpt lat="63.319703" lon="12.17187"><ele>598.25</ele></trkpt>
   <trkpt lat="63.319687" lon="12.171112"><ele>598.25</ele></trkpt>
   <trkpt lat="63.319651" lon="12.170448"><ele>598.5</ele></trkpt>
   <trkpt lat="63.31961" lon="12.169865"><ele>599</ele></trkpt>
   <trkpt lat="63.319554" lon="12.169288"><ele>599</ele></trkpt>
   <trkpt lat="63.319484" lon="12.168709"><ele>599</ele></trkpt>
   <trkpt lat="63.319394" lon="12.168108"><ele>599</ele></trkpt>
   <trkpt lat="63.31929" lon="12.167519"><ele>599</ele></trkpt>
   <trkpt lat="63.319153" lon="12.166858"><ele>599</ele></trkpt>
   <trkpt lat="63.318779" lon="12.165137"><ele>599</ele></trkpt>
   <trkpt lat="63.318257" lon="12.162781"><ele>598</ele></trkpt>
   <trkpt lat="63.318134" lon="12.162142"><ele>598</ele></trkpt>
   <trkpt lat="63.318023" lon="12.161441"><ele>598</ele></trkpt>
   <trkpt lat="63.31789" lon="12.160473"><ele>597.75</ele></trkpt>
   <trkpt lat="63.317649" lon="12.158343"><ele>597</ele></trkpt>
   <trkpt lat="63.31665" lon="12.149314"><ele>592</ele></trkpt>
   <trkpt lat="63.315492" lon="12.138909"><ele>593.5</ele></trkpt>
   <trkpt lat="63.31537" lon="12.137892"><ele>593.75</ele></trkpt>
   <trkpt lat="63.315274" lon="12.137157"><ele>594.25</ele></trkpt>
   <trkpt lat="63.315175" lon="12.136484"><ele>594.25</ele></trkpt>
   <trkpt lat="63.314916" lon="12.135113"><ele>594.75</ele></trkpt>
   <trkpt lat="63.314768" lon="12.134444"><ele>594.75</ele></trkpt>
   <trkpt lat="63.314487" lon="12.133318"><ele>596</ele></trkpt>
   <trkpt lat="63.314158" lon="12.131991"><ele>598</ele></trkpt>
   <trkpt lat="63.313772" lon="12.130347"><ele>602.25</ele></trkpt>
   <trkpt lat="63.313472" lon="12.128906"><ele>601.25</ele></trkpt>
   <trkpt lat="63.313379" lon="12.128303"><ele>600.25</ele></trkpt>
   <trkpt lat="63.31324" lon="12.127337"><ele>598.75</ele></trkpt>
   <trkpt lat="63.313152" lon="12.126586"><ele>598.75</ele></trkpt>
   <trkpt lat="63.313075" lon="12.125802"><ele>599.25</ele></trkpt>
   <trkpt lat="63.313006" lon="12.124953"><ele>600.75</ele></trkpt>
   <trkpt lat="63.312965" lon="12.12425"><ele>602.75</ele></trkpt>
   <trkpt lat="63.312945" lon="12.123573"><ele>604.5</ele></trkpt>
   <trkpt lat="63.312929" lon="12.122795"><ele>605.5</ele></trkpt>
   <trkpt lat="63.312937" lon="12.122018"><ele>606</ele></trkpt>
   <trkpt lat="63.31295" lon="12.121306"><ele>606.25</ele></trkpt>
   <trkpt lat="63.312984" lon="12.120506"><ele>606.5</ele></trkpt>
   <trkpt lat="63.313011" lon="12.120076"><ele>606.25</ele></trkpt>
   <trkpt lat="63.313215" lon="12.117459"><ele>607.25</ele></trkpt>
   <trkpt lat="63.31354" lon="12.113502"><ele>602.5</ele></trkpt>
   <trkpt lat="63.313541" lon="12.113489"><ele>602.5</ele></trkpt>
   <trkpt lat="63.313617" lon="12.112539"><ele>602.75</ele></trkpt>
   <trkpt lat="63.313739" lon="12.110944"><ele>600</ele></trkpt>
   <trkpt lat="63.313872" lon="12.109762"><ele>599.25</ele></trkpt>
   <trkpt lat="63.314018" lon="12.108842"><ele>599.5</ele></trkpt>
   <trkpt lat="63.3143" lon="12.107469"><ele>600.5</ele></trkpt>
   <trkpt lat="63.314416" lon="12.10695"><ele>601.5</ele></trkpt>
   <trkpt lat="63.314612" lon="12.106192"><ele>601.75</ele></trkpt>
   <trkpt lat="63.315761" lon="12.101398"><ele>594.75</ele></trkpt>
   <trkpt lat="63.316131" lon="12.099855"><ele>597.25</ele></trkpt>
   <trkpt lat="63.316229" lon="12.09945"><ele>598</ele></trkpt>
   <trkpt lat="63.316768" lon="12.09714"><ele>598.25</ele></trkpt>
   <trkpt lat="63.316803" lon="12.096993"><ele>598.25</ele></trkpt>
   <trkpt lat="63.316973" lon="12.096247"><ele>597.75</ele></trkpt>
   <trkpt lat="63.317079" lon="12.095678"><ele>597.25</ele></trkpt>
   <trkpt lat="63.317263" lon="12.094759"><ele>596.5</ele></trkpt>
   <trkpt lat="63.31754" lon="12.09358"><ele>595.75</ele></trkpt>
   <trkpt lat="63.317741" lon="12.092561"><ele>594.75</ele></trkpt>
   <trkpt lat="63.317835" lon="12.091971"><ele>594.25</ele></trkpt>
   <trkpt lat="63.31826" lon="12.08887"><ele>589.5</ele></trkpt>
   <trkpt lat="63.318631" lon="12.086129"><ele>587.5</ele></trkpt>
   <trkpt lat="63.318657" lon="12.085941"><ele>587.5</ele></trkpt>
   <trkpt lat="63.318728" lon="12.085435"><ele>587.75</ele></trkpt>
   <trkpt lat="63.319006" lon="12.083427"><ele>590</ele></trkpt>
   <trkpt lat="63.319143" lon="12.082423"><ele>591.25</ele></trkpt>
   <trkpt lat="63.319801" lon="12.077557"><ele>589.5</ele></trkpt>
   <trkpt lat="63.319831" lon="12.077348"><ele>589.25</ele></trkpt>
   <trkpt lat="63.32034" lon="12.073757"><ele>595.5</ele></trkpt>
   <trkpt lat="63.320421" lon="12.073253"><ele>596.25</ele></trkpt>
   <trkpt lat="63.320505" lon="12.072824"><ele>596.25</ele></trkpt>
   <trkpt lat="63.320594" lon="12.072485"><ele>596.75</ele></trkpt>
   <trkpt lat="63.320699" lon="12.072121"><ele>596</ele></trkpt>
   <trkpt lat="63.32093" lon="12.071461"><ele>594.75</ele></trkpt>
   <trkpt lat="63.321174" lon="12.070942"><ele>595.5</ele></trkpt>
   <trkpt lat="63.321309" lon="12.070696"><ele>596</ele></trkpt>
   <trkpt lat="63.321462" lon="12.070466"><ele>596.25</ele></trkpt>
   <trkpt lat="63.321718" lon="12.070143"><ele>596</ele></trkpt>
   <trkpt lat="63.321841" lon="12.070028"><ele>595.25</ele></trkpt>
   <trkpt lat="63.321987" lon="12.069915"><ele>594.75</ele></trkpt>
   <trkpt lat="63.322203" lon="12.06977"><ele>593.75</ele></trkpt>
   <trkpt lat="63.322518" lon="12.069595"><ele>593</ele></trkpt>
   <trkpt lat="63.323962" lon="12.068868"><ele>592.25</ele></trkpt>
   <trkpt lat="63.324272" lon="12.068663"><ele>593.75</ele></trkpt>
   <trkpt lat="63.324427" lon="12.068543"><ele>594.75</ele></trkpt>
   <trkpt lat="63.324651" lon="12.068326"><ele>596</ele></trkpt>
   <trkpt lat="63.324812" lon="12.06814"><ele>596.25</ele></trkpt>
   <trkpt lat="63.325017" lon="12.06785"><ele>596.25</ele></trkpt>
   <trkpt lat="63.325178" lon="12.067566"><ele>597.25</ele></trkpt>
   <trkpt lat="63.325318" lon="12.06727"><ele>598</ele></trkpt>
   <trkpt lat="63.325588" lon="12.066596"><ele>599.5</ele></trkpt>
   <trkpt lat="63.325703" lon="12.066194"><ele>598.75</ele></trkpt>
   <trkpt lat="63.325795" lon="12.065813"><ele>597.75</ele></trkpt>
   <trkpt lat="63.326228" lon="12.063753"><ele>588.75</ele></trkpt>
   <trkpt lat="63.326416" lon="12.062814"><ele>586.25</ele></trkpt>
   <trkpt lat="63.32653" lon="12.062294"><ele>585</ele></trkpt>
   <trkpt lat="63.326654" lon="12.061824"><ele>584.25</ele></trkpt>
   <trkpt lat="63.32677" lon="12.061451"><ele>583.75</ele></trkpt>
   <trkpt lat="63.326887" lon="12.061131"><ele>583.25</ele></trkpt>
   <trkpt lat="63.326982" lon="12.060904"><ele>582.75</ele></trkpt>
   <trkpt lat="63.327105" lon="12.060643"><ele>582.75</ele></trkpt>
   <trkpt lat="63.327262" lon="12.060356"><ele>582.5</ele></trkpt>
   <trkpt lat="63.327446" lon="12.06007"><ele>582.75</ele></trkpt>
   <trkpt lat="63.327571" lon="12.059905"><ele>583</ele></trkpt>
   <trkpt lat="63.327735" lon="12.059713"><ele>583</ele></trkpt>
   <trkpt lat="63.327935" lon="12.059524"><ele>582.75</ele></trkpt>
   <trkpt lat="63.328183" lon="12.059347"><ele>582.75</ele></trkpt>
   <trkpt lat="63.328498" lon="12.059204"><ele>581.5</ele></trkpt>
   <trkpt lat="63.328673" lon="12.059159"><ele>580.25</ele></trkpt>
   <trkpt lat="63.328858" lon="12.059143"><ele>579.25</ele></trkpt>
   <trkpt lat="63.329059" lon="12.059158"><ele>578.25</ele></trkpt>
   <trkpt lat="63.329287" lon="12.059214"><ele>577.25</ele></trkpt>
   <trkpt lat="63.329501" lon="12.059313"><ele>576.5</ele></trkpt>
   <trkpt lat="63.329695" lon="12.059432"><ele>576</ele></trkpt>
   <trkpt lat="63.329929" lon="12.059617"><ele>576</ele></trkpt>
   <trkpt lat="63.330148" lon="12.059819"><ele>575.5</ele></trkpt>
   <trkpt lat="63.330365" lon="12.060054"><ele>574.75</ele></trkpt>
   <trkpt lat="63.330584" lon="12.060328"><ele>574.75</ele></trkpt>
   <trkpt lat="63.330843" lon="12.060744"><ele>575.5</ele></trkpt>
   <trkpt lat="63.330924" lon="12.060905"><ele>575.25</ele></trkpt>
   <trkpt lat="63.331075" lon="12.061229"><ele>574.75</ele></trkpt>
   <trkpt lat="63.331511" lon="12.062307"><ele>573</ele></trkpt>
   <trkpt lat="63.331694" lon="12.062722"><ele>571.5</ele></trkpt>
   <trkpt lat="63.331905" lon="12.063112"><ele>570.75</ele></trkpt>
   <trkpt lat="63.332011" lon="12.063283"><ele>570.25</ele></trkpt>
   <trkpt lat="63.332129" lon="12.06345"><ele>569.5</ele></trkpt>
   <trkpt lat="63.332259" lon="12.063612"><ele>568.25</ele></trkpt>
   <trkpt lat="63.332529" lon="12.063896"><ele>566</ele></trkpt>
   <trkpt lat="63.332674" lon="12.064015"><ele>566.25</ele></trkpt>
   <trkpt lat="63.332816" lon="12.064103"><ele>566</ele></trkpt>
   <trkpt lat="63.332965" lon="12.064171"><ele>565.5</ele></trkpt>
   <trkpt lat="63.333358" lon="12.064278"><ele>564.25</ele></trkpt>
   <trkpt lat="63.333587" lon="12.064292"><ele>563.5</ele></trkpt>
   <trkpt lat="63.333729" lon="12.064265"><ele>562.75</ele></trkpt>
   <trkpt lat="63.33408" lon="12.06416"><ele>560</ele></trkpt>
   <trkpt lat="63.334382" lon="12.064"><ele>560</ele></trkpt>
   <trkpt lat="63.334636" lon="12.063853"><ele>560.25</ele></trkpt>
   <trkpt lat="63.334849" lon="12.06368"><ele>560.5</ele></trkpt>
   <trkpt lat="63.335129" lon="12.063395"><ele>560.75</ele></trkpt>
   <trkpt lat="63.3356" lon="12.062846"><ele>561</ele></trkpt>
   <trkpt lat="63.335853" lon="12.062484"><ele>561.25</ele></trkpt>
   <trkpt lat="63.336104" lon="12.062074"><ele>561.5</ele></trkpt>
   <trkpt lat="63.336306" lon="12.06172"><ele>561.5</ele></trkpt>
   <trkpt lat="63.336709" lon="12.060802"><ele>561.75</ele></trkpt>
   <trkpt lat="63.336788" lon="12.060606"><ele>561</ele></trkpt>
   <trkpt lat="63.336804" lon="12.060563"><ele>561</ele></trkpt>
   <trkpt lat="63.336859" lon="12.060416"><ele>560.25</ele></trkpt>
   <trkpt lat="63.336913" lon="12.060254"><ele>559.75</ele></trkpt>
   <trkpt lat="63.338138" lon="12.056629"><ele>555.25</ele></trkpt>
   <trkpt lat="63.338461" lon="12.055715"><ele>551.25</ele></trkpt>
   <trkpt lat="63.338744" lon="12.055035"><ele>546.75</ele></trkpt>
   <trkpt lat="63.338964" lon="12.054566"><ele>545.25</ele></trkpt>
   <trkpt lat="63.339315" lon="12.053909"><ele>547</ele></trkpt>
   <trkpt lat="63.3398" lon="12.053032"><ele>548</ele></trkpt>
   <trkpt lat="63.345184" lon="12.043348"><ele>533.5</ele></trkpt>
   <trkpt lat="63.345458" lon="12.042843"><ele>531.25</ele></trkpt>
   <trkpt lat="63.345601" lon="12.042562"><ele>529.25</ele></trkpt>
   <trkpt lat="63.345653" lon="12.042455"><ele>528.5</ele></trkpt>
   <trkpt lat="63.345876" lon="12.041954"><ele>526</ele></trkpt>
   <trkpt lat="63.345999" lon="12.041655"><ele>526.5</ele></trkpt>
   <trkpt lat="63.346601" lon="12.040114"><ele>528.5</ele></trkpt>
   <trkpt lat="63.346779" lon="12.039696"><ele>527.75</ele></trkpt>
   <trkpt lat="63.347019" lon="12.039182"><ele>526.5</ele></trkpt>
   <trkpt lat="63.347239" lon="12.03876"><ele>525.75</ele></trkpt>
   <trkpt lat="63.347425" lon="12.038436"><ele>525.75</ele></trkpt>
   <trkpt lat="63.347796" lon="12.037828"><ele>524.75</ele></trkpt>
   <trkpt lat="63.348264" lon="12.03712"><ele>523.25</ele></trkpt>
   <trkpt lat="63.348623" lon="12.03661"><ele>523</ele></trkpt>
   <trkpt lat="63.348929" lon="12.036208"><ele>523</ele></trkpt>
   <trkpt lat="63.349314" lon="12.035714"><ele>522.75</ele></trkpt>
   <trkpt lat="63.349751" lon="12.035198"><ele>521.75</ele></trkpt>
   <trkpt lat="63.349949" lon="12.034988"><ele>521.5</ele></trkpt>
   <trkpt lat="63.350157" lon="12.034783"><ele>521.5</ele></trkpt>
   <trkpt lat="63.350365" lon="12.034601"><ele>521.75</ele></trkpt>
   <trkpt lat="63.350596" lon="12.034422"><ele>522</ele></trkpt>
   <trkpt lat="63.350809" lon="12.034281"><ele>522.5</ele></trkpt>
   <trkpt lat="63.351023" lon="12.03416"><ele>522</ele></trkpt>
   <trkpt lat="63.35133" lon="12.034023"><ele>521.75</ele></trkpt>
   <trkpt lat="63.351603" lon="12.033932"><ele>521.75</ele></trkpt>
   <trkpt lat="63.351773" lon="12.03389"><ele>521.25</ele></trkpt>
   <trkpt lat="63.35209" lon="12.033837"><ele>519.75</ele></trkpt>
   <trkpt lat="63.352734" lon="12.033765"><ele>517.5</ele></trkpt>
   <trkpt lat="63.35318" lon="12.033648"><ele>515.25</ele></trkpt>
   <trkpt lat="63.353214" lon="12.033636"><ele>515.25</ele></trkpt>
   <trkpt lat="63.353686" lon="12.033406"><ele>514.25</ele></trkpt>
   <trkpt lat="63.353865" lon="12.033295"><ele>514</ele></trkpt>
   <trkpt lat="63.354131" lon="12.033102"><ele>514</ele></trkpt>
   <trkpt lat="63.354488" lon="12.032798"><ele>514.5</ele></trkpt>
   <trkpt lat="63.355401" lon="12.031909"><ele>512.25</ele></trkpt>
   <trkpt lat="63.355892" lon="12.031416"><ele>511</ele></trkpt>
   <trkpt lat="63.356193" lon="12.031144"><ele>511</ele></trkpt>
   <trkpt lat="63.356482" lon="12.03093"><ele>511.5</ele></trkpt>
   <trkpt lat="63.35667" lon="12.030819"><ele>511.75</ele></trkpt>
   <trkpt lat="63.356872" lon="12.030723"><ele>509.75</ele></trkpt>
   <trkpt lat="63.357186" lon="12.030611"><ele>507.25</ele></trkpt>
   <trkpt lat="63.35745" lon="12.030562"><ele>505.5</ele></trkpt>
   <trkpt lat="63.357579" lon="12.030551"><ele>505.25</ele></trkpt>
   <trkpt lat="63.357823" lon="12.030554"><ele>506</ele></trkpt>
   <trkpt lat="63.358127" lon="12.030607"><ele>507</ele></trkpt>
   <trkpt lat="63.358308" lon="12.030661"><ele>507.75</ele></trkpt>
   <trkpt lat="63.358545" lon="12.030756"><ele>507.5</ele></trkpt>
   <trkpt lat="63.358804" lon="12.030898"><ele>507</ele></trkpt>
   <trkpt lat="63.359067" lon="12.031085"><ele>506.75</ele></trkpt>
   <trkpt lat="63.359734" lon="12.031679"><ele>508</ele></trkpt>
   <trkpt lat="63.359971" lon="12.031853"><ele>507.75</ele></trkpt>
   <trkpt lat="63.36016" lon="12.031956"><ele>507</ele></trkpt>
   <trkpt lat="63.360291" lon="12.032008"><ele>506.25</ele></trkpt>
   <trkpt lat="63.360565" lon="12.032069"><ele>504.5</ele></trkpt>
   <trkpt lat="63.360831" lon="12.032068"><ele>502.25</ele></trkpt>
   <trkpt lat="63.360994" lon="12.032038"><ele>501</ele></trkpt>
   <trkpt lat="63.361164" lon="12.031987"><ele>499.75</ele></trkpt>
   <trkpt lat="63.36135" lon="12.031904"><ele>498</ele></trkpt>
   <trkpt lat="63.361659" lon="12.031698"><ele>495</ele></trkpt>
   <trkpt lat="63.361954" lon="12.031417"><ele>494</ele></trkpt>
   <trkpt lat="63.362071" lon="12.031283"><ele>493.75</ele></trkpt>
   <trkpt lat="63.362197" lon="12.031112"><ele>493.5</ele></trkpt>
   <trkpt lat="63.36238" lon="12.030828"><ele>493.25</ele></trkpt>
   <trkpt lat="63.362512" lon="12.030594"><ele>493.25</ele></trkpt>
   <trkpt lat="63.362627" lon="12.030364"><ele>494</ele></trkpt>
   <trkpt lat="63.362745" lon="12.030102"><ele>494.75</ele></trkpt>
   <trkpt lat="63.362849" lon="12.02984"><ele>495.25</ele></trkpt>
   <trkpt lat="63.362951" lon="12.029552"><ele>495.75</ele></trkpt>
   <trkpt lat="63.363063" lon="12.029198"><ele>495.75</ele></trkpt>
   <trkpt lat="63.363178" lon="12.02876"><ele>497</ele></trkpt>
   <trkpt lat="63.363257" lon="12.028404"><ele>498</ele></trkpt>
   <trkpt lat="63.36338" lon="12.027709"><ele>500.25</ele></trkpt>
   <trkpt lat="63.363449" lon="12.027108"><ele>501.5</ele></trkpt>
   <trkpt lat="63.363489" lon="12.026579"><ele>501</ele></trkpt>
   <trkpt lat="63.363574" lon="12.024542"><ele>487.5</ele></trkpt>
   <trkpt lat="63.363617" lon="12.02385"><ele>485</ele></trkpt>
   <trkpt lat="63.363699" lon="12.022962"><ele>483.25</ele></trkpt>
   <trkpt lat="63.363741" lon="12.022611"><ele>483.25</ele></trkpt>
   <trkpt lat="63.363841" lon="12.021908"><ele>484.5</ele></trkpt>
   <trkpt lat="63.36392" lon="12.021442"><ele>486.25</ele></trkpt>
   <trkpt lat="63.36405" lon="12.020759"><ele>488.75</ele></trkpt>
   <trkpt lat="63.36564" lon="12.013212"><ele>480.75</ele></trkpt>
   <trkpt lat="63.36566" lon="12.013114"><ele>480</ele></trkpt>
   <trkpt lat="63.365945" lon="12.011763"><ele>478</ele></trkpt>
   <trkpt lat="63.366029" lon="12.011333"><ele>476.75</ele></trkpt>
   <trkpt lat="63.366118" lon="12.010798"><ele>475.75</ele></trkpt>
   <trkpt lat="63.366165" lon="12.010437"><ele>476.25</ele></trkpt>
   <trkpt lat="63.366205" lon="12.010046"><ele>476.5</ele></trkpt>
   <trkpt lat="63.366232" lon="12.009663"><ele>477.25</ele></trkpt>
   <trkpt lat="63.366251" lon="12.009077"><ele>478.25</ele></trkpt>
   <trkpt lat="63.366248" lon="12.008566"><ele>482.75</ele></trkpt>
   <trkpt lat="63.366229" lon="12.008104"><ele>485.25</ele></trkpt>
   <trkpt lat="63.366185" lon="12.007493"><ele>486.25</ele></trkpt>
   <trkpt lat="63.365806" lon="12.003134"><ele>475.75</ele></trkpt>
   <trkpt lat="63.365755" lon="12.00249"><ele>475.75</ele></trkpt>
   <trkpt lat="63.365717" lon="12.001702"><ele>476</ele></trkpt>
   <trkpt lat="63.365712" lon="12.001303"><ele>476.5</ele></trkpt>
   <trkpt lat="63.365714" lon="12.001014"><ele>477</ele></trkpt>
   <trkpt lat="63.365728" lon="12.000551"><ele>477</ele></trkpt>
   <trkpt lat="63.365746" lon="12.000223"><ele>476.5</ele></trkpt>
   <trkpt lat="63.365786" lon="11.999708"><ele>475.75</ele></trkpt>
   <trkpt lat="63.365844" lon="11.999193"><ele>475</ele></trkpt>
   <trkpt lat="63.365965" lon="11.998384"><ele>471.25</ele></trkpt>
   <trkpt lat="63.366144" lon="11.997354"><ele>467.25</ele></trkpt>
   <trkpt lat="63.366195" lon="11.997078"><ele>466.75</ele></trkpt>
   <trkpt lat="63.366753" lon="11.993928"><ele>466</ele></trkpt>
   <trkpt lat="63.36688" lon="11.993238"><ele>465.5</ele></trkpt>
   <trkpt lat="63.367109" lon="11.992088"><ele>464.25</ele></trkpt>
   <trkpt lat="63.367293" lon="11.99124"><ele>464.25</ele></trkpt>
   <trkpt lat="63.367505" lon="11.990337"><ele>463.5</ele></trkpt>
   <trkpt lat="63.367715" lon="11.989508"><ele>462</ele></trkpt>
   <trkpt lat="63.36803" lon="11.988317"><ele>459</ele></trkpt>
   <trkpt lat="63.368071" lon="11.988161"><ele>458.5</ele></trkpt>
   <trkpt lat="63.370455" lon="11.979145"><ele>452</ele></trkpt>
   <trkpt lat="63.370594" lon="11.978523"><ele>451.25</ele></trkpt>
   <trkpt lat="63.37068" lon="11.97808"><ele>450.5</ele></trkpt>
   <trkpt lat="63.370738" lon="11.977696"><ele>449.25</ele></trkpt>
   <trkpt lat="63.370794" lon="11.977235"><ele>448.5</ele></trkpt>
   <trkpt lat="63.370832" lon="11.976798"><ele>448.25</ele></trkpt>
   <trkpt lat="63.370863" lon="11.976093"><ele>447.25</ele></trkpt>
   <trkpt lat="63.370865" lon="11.975657"><ele>446.25</ele></trkpt>
   <trkpt lat="63.370831" lon="11.974348"><ele>444</ele></trkpt>
   <trkpt lat="63.370824" lon="11.973692"><ele>443.75</ele></trkpt>
   <trkpt lat="63.370833" lon="11.973194"><ele>443.75</ele></trkpt>
   <trkpt lat="63.370872" lon="11.972529"><ele>444</ele></trkpt>
   <trkpt lat="63.370905" lon="11.972145"><ele>442</ele></trkpt>
   <trkpt lat="63.370962" lon="11.971653"><ele>440</ele></trkpt>
   <trkpt lat="63.371028" lon="11.971159"><ele>437.75</ele></trkpt>
   <trkpt lat="63.371207" lon="11.969955"><ele>434</ele></trkpt>
   <trkpt lat="63.371312" lon="11.96915"><ele>435.75</ele></trkpt>
   <trkpt lat="63.371358" lon="11.96872"><ele>435.75</ele></trkpt>
   <trkpt lat="63.37142" lon="11.967987"><ele>435</ele></trkpt>
   <trkpt lat="63.371458" lon="11.967363"><ele>434.75</ele></trkpt>
   <trkpt lat="63.371477" lon="11.96687"><ele>435.75</ele></trkpt>
   <trkpt lat="63.371489" lon="11.966216"><ele>436.75</ele></trkpt>
   <trkpt lat="63.371483" lon="11.965532"><ele>436</ele></trkpt>
   <trkpt lat="63.371455" lon="11.964693"><ele>432.75</ele></trkpt>
   <trkpt lat="63.371408" lon="11.963947"><ele>430.75</ele></trkpt>
   <trkpt lat="63.371319" lon="11.963032"><ele>430.75</ele></trkpt>
   <trkpt lat="63.371267" lon="11.962605"><ele>431</ele></trkpt>
   <trkpt lat="63.371159" lon="11.961841"><ele>433</ele></trkpt>
   <trkpt lat="63.370583" lon="11.957945"><ele>427.5</ele></trkpt>
   <trkpt lat="63.370499" lon="11.957239"><ele>427.25</ele></trkpt>
   <trkpt lat="63.370472" lon="11.956887"><ele>427.25</ele></trkpt>
   <trkpt lat="63.370449" lon="11.956457"><ele>426.5</ele></trkpt>
   <trkpt lat="63.370441" lon="11.955979"><ele>424.5</ele></trkpt>
   <trkpt lat="63.370451" lon="11.955458"><ele>422.5</ele></trkpt>
   <trkpt lat="63.370469" lon="11.9551"><ele>421</ele></trkpt>
   <trkpt lat="63.370497" lon="11.954733"><ele>420.75</ele></trkpt>
   <trkpt lat="63.370552" lon="11.954245"><ele>421.25</ele></trkpt>
   <trkpt lat="63.370611" lon="11.953829"><ele>421.25</ele></trkpt>
   <trkpt lat="63.3707" lon="11.95336"><ele>421.25</ele></trkpt>
   <trkpt lat="63.370831" lon="11.952811"><ele>422</ele></trkpt>
   <trkpt lat="63.370947" lon="11.952419"><ele>421.5</ele></trkpt>
   <trkpt lat="63.371102" lon="11.951979"><ele>421.25</ele></trkpt>
   <trkpt lat="63.371289" lon="11.951519"><ele>420.5</ele></trkpt>
   <trkpt lat="63.371809" lon="11.950369"><ele>416.75</ele></trkpt>
   <trkpt lat="63.372257" lon="11.949422"><ele>414</ele></trkpt>
   <trkpt lat="63.372598" lon="11.948738"><ele>414</ele></trkpt>
   <trkpt lat="63.373256" lon="11.947483"><ele>416.25</ele></trkpt>
   <trkpt lat="63.373498" lon="11.947055"><ele>415.25</ele></trkpt>
   <trkpt lat="63.373651" lon="11.946811"><ele>414.75</ele></trkpt>
   <trkpt lat="63.373886" lon="11.946484"><ele>414.5</ele></trkpt>
   <trkpt lat="63.374164" lon="11.946156"><ele>415.25</ele></trkpt>
   <trkpt lat="63.374773" lon="11.94554"><ele>415.75</ele></trkpt>
   <trkpt lat="63.375011" lon="11.945282"><ele>415.25</ele></trkpt>
   <trkpt lat="63.375179" lon="11.945077"><ele>413.5</ele></trkpt>
   <trkpt lat="63.375345" lon="11.944839"><ele>411.5</ele></trkpt>
   <trkpt lat="63.375586" lon="11.944426"><ele>408.5</ele></trkpt>
   <trkpt lat="63.375774" lon="11.944025"><ele>405.5</ele></trkpt>
   <trkpt lat="63.375881" lon="11.943756"><ele>403.5</ele></trkpt>
   <trkpt lat="63.375968" lon="11.943514"><ele>402</ele></trkpt>
   <trkpt lat="63.376109" lon="11.943062"><ele>399.5</ele></trkpt>
   <trkpt lat="63.376231" lon="11.942577"><ele>398</ele></trkpt>
   <trkpt lat="63.376325" lon="11.94212"><ele>398.25</ele></trkpt>
   <trkpt lat="63.376393" lon="11.941715"><ele>399.25</ele></trkpt>
   <trkpt lat="63.376429" lon="11.941449"><ele>400.75</ele></trkpt>
   <trkpt lat="63.376478" lon="11.941003"><ele>403</ele></trkpt>
   <trkpt lat="63.376518" lon="11.940466"><ele>405.25</ele></trkpt>
   <trkpt lat="63.376536" lon="11.93999"><ele>406.75</ele></trkpt>
   <trkpt lat="63.376537" lon="11.939536"><ele>408.25</ele></trkpt>
   <trkpt lat="63.376522" lon="11.938977"><ele>410</ele></trkpt>
   <trkpt lat="63.37647" lon="11.937738"><ele>411</ele></trkpt>
   <trkpt lat="63.376463" lon="11.937472"><ele>410.25</ele></trkpt>
   <trkpt lat="63.376461" lon="11.936854"><ele>408.25</ele></trkpt>
   <trkpt lat="63.376476" lon="11.936405"><ele>406.75</ele></trkpt>
   <trkpt lat="63.376505" lon="11.935952"><ele>405</ele></trkpt>
   <trkpt lat="63.37658" lon="11.935264"><ele>403</ele></trkpt>
   <trkpt lat="63.376652" lon="11.934819"><ele>401.5</ele></trkpt>
   <trkpt lat="63.376749" lon="11.934329"><ele>400</ele></trkpt>
   <trkpt lat="63.3769" lon="11.933717"><ele>399</ele></trkpt>
   <trkpt lat="63.377151" lon="11.932827"><ele>397.25</ele></trkpt>
   <trkpt lat="63.377654" lon="11.93114"><ele>395.75</ele></trkpt>
   <trkpt lat="63.378238" lon="11.929311"><ele>394.75</ele></trkpt>
   <trkpt lat="63.378497" lon="11.928558"><ele>395.5</ele></trkpt>
   <trkpt lat="63.378557" lon="11.928396"><ele>395.75</ele></trkpt>
   <trkpt lat="63.378745" lon="11.927915"><ele>394.75</ele></trkpt>
   <trkpt lat="63.378944" lon="11.927467"><ele>393.75</ele></trkpt>
   <trkpt lat="63.37915" lon="11.927033"><ele>392.5</ele></trkpt>
   <trkpt lat="63.379269" lon="11.926803"><ele>392.25</ele></trkpt>
   <trkpt lat="63.379465" lon="11.926454"><ele>391.75</ele></trkpt>
   <trkpt lat="63.379678" lon="11.926107"><ele>391.5</ele></trkpt>
   <trkpt lat="63.379923" lon="11.925751"><ele>391.75</ele></trkpt>
   <trkpt lat="63.380284" lon="11.925288"><ele>391.25</ele></trkpt>
   <trkpt lat="63.380958" lon="11.924562"><ele>389.75</ele></trkpt>
   <trkpt lat="63.381072" lon="11.924429"><ele>388.5</ele></trkpt>
   <trkpt lat="63.38131" lon="11.924114"><ele>386.5</ele></trkpt>
   <trkpt lat="63.381494" lon="11.923823"><ele>385.5</ele></trkpt>
   <trkpt lat="63.381634" lon="11.923564"><ele>385</ele></trkpt>
   <trkpt lat="63.381795" lon="11.923214"><ele>384.5</ele></trkpt>
   <trkpt lat="63.381869" lon="11.923028"><ele>384</ele></trkpt>
   <trkpt lat="63.381984" lon="11.922715"><ele>383.25</ele></trkpt>
   <trkpt lat="63.382142" lon="11.922208"><ele>382.25</ele></trkpt>
   <trkpt lat="63.382234" lon="11.921851"><ele>381.75</ele></trkpt>
   <trkpt lat="63.382281" lon="11.921641"><ele>381.5</ele></trkpt>
   <trkpt lat="63.382367" lon="11.921196"><ele>382</ele></trkpt>
   <trkpt lat="63.382422" lon="11.920835"><ele>382.25</ele></trkpt>
   <trkpt lat="63.382459" lon="11.920537"><ele>382.25</ele></trkpt>
   <trkpt lat="63.382601" lon="11.919163"><ele>385</ele></trkpt>
   <trkpt lat="63.382636" lon="11.918891"><ele>385.5</ele></trkpt>
   <trkpt lat="63.382703" lon="11.918436"><ele>386.5</ele></trkpt>
   <trkpt lat="63.382791" lon="11.917976"><ele>386.25</ele></trkpt>
   <trkpt lat="63.382905" lon="11.917515"><ele>386.25</ele></trkpt>
   <trkpt lat="63.383059" lon="11.917001"><ele>384.5</ele></trkpt>
   <trkpt lat="63.383267" lon="11.916446"><ele>381</ele></trkpt>
   <trkpt lat="63.383476" lon="11.916003"><ele>377.75</ele></trkpt>
   <trkpt lat="63.383642" lon="11.915712"><ele>375.75</ele></trkpt>
   <trkpt lat="63.383891" lon="11.915355"><ele>374.75</ele></trkpt>
   <trkpt lat="63.384081" lon="11.915135"><ele>375</ele></trkpt>
   <trkpt lat="63.384166" lon="11.915053"><ele>375.25</ele></trkpt>
   <trkpt lat="63.384358" lon="11.914886"><ele>375.5</ele></trkpt>
   <trkpt lat="63.385531" lon="11.914099"><ele>378</ele></trkpt>
   <trkpt lat="63.385697" lon="11.913962"><ele>378.75</ele></trkpt>
   <trkpt lat="63.385914" lon="11.913749"><ele>379</ele></trkpt>
   <trkpt lat="63.386152" lon="11.913455"><ele>377.75</ele></trkpt>
   <trkpt lat="63.38637" lon="11.913116"><ele>375.5</ele></trkpt>
   <trkpt lat="63.386488" lon="11.912909"><ele>374</ele></trkpt>
   <trkpt lat="63.386596" lon="11.912688"><ele>372.75</ele></trkpt>
   <trkpt lat="63.386748" lon="11.912349"><ele>371</ele></trkpt>
   <trkpt lat="63.386908" lon="11.911911"><ele>368.75</ele></trkpt>
   <trkpt lat="63.38702" lon="11.911562"><ele>367</ele></trkpt>
   <trkpt lat="63.387165" lon="11.911012"><ele>364</ele></trkpt>
   <trkpt lat="63.387249" lon="11.910624"><ele>363.5</ele></trkpt>
   <trkpt lat="63.387286" lon="11.910422"><ele>363.75</ele></trkpt>
   <trkpt lat="63.387354" lon="11.910009"><ele>364.75</ele></trkpt>
   <trkpt lat="63.387409" lon="11.909567"><ele>366.25</ele></trkpt>
   <trkpt lat="63.387455" lon="11.909035"><ele>367.5</ele></trkpt>
   <trkpt lat="63.387477" lon="11.908615"><ele>367.75</ele></trkpt>
   <trkpt lat="63.387486" lon="11.908168"><ele>367.5</ele></trkpt>
   <trkpt lat="63.387485" lon="11.907944"><ele>367.25</ele></trkpt>
   <trkpt lat="63.387472" lon="11.90745"><ele>366.75</ele></trkpt>
   <trkpt lat="63.387458" lon="11.907202"><ele>366.75</ele></trkpt>
   <trkpt lat="63.387412" lon="11.906652"><ele>366.5</ele></trkpt>
   <trkpt lat="63.387377" lon="11.906358"><ele>367.25</ele></trkpt>
   <trkpt lat="63.387296" lon="11.90582"><ele>368.75</ele></trkpt>
   <trkpt lat="63.387207" lon="11.905362"><ele>370.75</ele></trkpt>
   <trkpt lat="63.387087" lon="11.904864"><ele>373</ele></trkpt>
   <trkpt lat="63.38687" lon="11.904137"><ele>374.25</ele></trkpt>
   <trkpt lat="63.38659" lon="11.903183"><ele>370.25</ele></trkpt>
   <trkpt lat="63.386434" lon="11.902565"><ele>370</ele></trkpt>
   <trkpt lat="63.386288" lon="11.901784"><ele>369</ele></trkpt>
   <trkpt lat="63.386192" lon="11.901054"><ele>371.25</ele></trkpt>
   <trkpt lat="63.386148" lon="11.900612"><ele>371.75</ele></trkpt>
   <trkpt lat="63.38612" lon="11.900225"><ele>371</ele></trkpt>
   <trkpt lat="63.386099" lon="11.899792"><ele>369.75</ele></trkpt>
   <trkpt lat="63.386085" lon="11.899162"><ele>367.25</ele></trkpt>
   <trkpt lat="63.386095" lon="11.898514"><ele>364.75</ele></trkpt>
   <trkpt lat="63.386111" lon="11.898176"><ele>363.5</ele></trkpt>
   <trkpt lat="63.386153" lon="11.897596"><ele>360.5</ele></trkpt>
   <trkpt lat="63.386197" lon="11.897171"><ele>358.5</ele></trkpt>
   <trkpt lat="63.386243" lon="11.896803"><ele>357</ele></trkpt>
   <trkpt lat="63.386289" lon="11.896492"><ele>357.5</ele></trkpt>
   <trkpt lat="63.386406" lon="11.895813"><ele>361.5</ele></trkpt>
   <trkpt lat="63.387241" lon="11.891429"><ele>363.25</ele></trkpt>
   <trkpt lat="63.387377" lon="11.890601"><ele>360.75</ele></trkpt>
   <trkpt lat="63.387425" lon="11.890256"><ele>359.5</ele></trkpt>
   <trkpt lat="63.387475" lon="11.889825"><ele>358.25</ele></trkpt>
   <trkpt lat="63.387515" lon="11.889383"><ele>357.75</ele></trkpt>
   <trkpt lat="63.38756" lon="11.888684"><ele>358.5</ele></trkpt>
   <trkpt lat="63.387573" lon="11.888332"><ele>359</ele></trkpt>
   <trkpt lat="63.387579" lon="11.887964"><ele>359.75</ele></trkpt>
   <trkpt lat="63.38758" lon="11.887585"><ele>360.5</ele></trkpt>
   <trkpt lat="63.387565" lon="11.886958"><ele>360</ele></trkpt>
   <trkpt lat="63.387552" lon="11.886649"><ele>359.5</ele></trkpt>
   <trkpt lat="63.387517" lon="11.886094"><ele>358.5</ele></trkpt>
   <trkpt lat="63.387496" lon="11.885832"><ele>357.75</ele></trkpt>
   <trkpt lat="63.387424" lon="11.885146"><ele>356.5</ele></trkpt>
   <trkpt lat="63.38732" lon="11.88429"><ele>357.25</ele></trkpt>
   <trkpt lat="63.387239" lon="11.883537"><ele>357.25</ele></trkpt>
   <trkpt lat="63.387199" lon="11.883136"><ele>357</ele></trkpt>
   <trkpt lat="63.387148" lon="11.882423"><ele>357</ele></trkpt>
   <trkpt lat="63.387131" lon="11.882115"><ele>358.25</ele></trkpt>
   <trkpt lat="63.387112" lon="11.881555"><ele>359.75</ele></trkpt>
   <trkpt lat="63.387087" lon="11.87999"><ele>354.5</ele></trkpt>
   <trkpt lat="63.38707" lon="11.879345"><ele>352.25</ele></trkpt>
   <trkpt lat="63.387051" lon="11.878939"><ele>351.5</ele></trkpt>
   <trkpt lat="63.387005" lon="11.878342"><ele>350.75</ele></trkpt>
   <trkpt lat="63.386931" lon="11.877694"><ele>352.25</ele></trkpt>
   <trkpt lat="63.386876" lon="11.877333"><ele>352.75</ele></trkpt>
   <trkpt lat="63.386808" lon="11.876953"><ele>352.75</ele></trkpt>
   <trkpt lat="63.38673" lon="11.876567"><ele>352.25</ele></trkpt>
   <trkpt lat="63.386386" lon="11.875099"><ele>349.25</ele></trkpt>
   <trkpt lat="63.386262" lon="11.874445"><ele>348</ele></trkpt>
   <trkpt lat="63.386217" lon="11.87415"><ele>347.75</ele></trkpt>
   <trkpt lat="63.386151" lon="11.873615"><ele>348.5</ele></trkpt>
   <trkpt lat="63.386115" lon="11.873239"><ele>349</ele></trkpt>
   <trkpt lat="63.38608" lon="11.872727"><ele>348</ele></trkpt>
   <trkpt lat="63.386056" lon="11.872082"><ele>347</ele></trkpt>
   <trkpt lat="63.386056" lon="11.871527"><ele>347</ele></trkpt>
   <trkpt lat="63.386068" lon="11.871085"><ele>348</ele></trkpt>
   <trkpt lat="63.386089" lon="11.870664"><ele>348.5</ele></trkpt>
   <trkpt lat="63.386111" lon="11.870358"><ele>348</ele></trkpt>
   <trkpt lat="63.386176" lon="11.869707"><ele>346.75</ele></trkpt>
   <trkpt lat="63.386245" lon="11.869199"><ele>345</ele></trkpt>
   <trkpt lat="63.386337" lon="11.868669"><ele>343.5</ele></trkpt>
   <trkpt lat="63.386407" lon="11.868311"><ele>343</ele></trkpt>
   <trkpt lat="63.388262" lon="11.859552"><ele>337.5</ele></trkpt>
   <trkpt lat="63.388322" lon="11.859277"><ele>337.25</ele></trkpt>
   <trkpt lat="63.388489" lon="11.858589"><ele>338</ele></trkpt>
   <trkpt lat="63.388692" lon="11.85789"><ele>336.75</ele></trkpt>
   <trkpt lat="63.388849" lon="11.857426"><ele>335.25</ele></trkpt>
   <trkpt lat="63.38899" lon="11.857059"><ele>334.5</ele></trkpt>
   <trkpt lat="63.389217" lon="11.856531"><ele>333.25</ele></trkpt>
   <trkpt lat="63.389934" lon="11.855016"><ele>331</ele></trkpt>
   <trkpt lat="63.390197" lon="11.85442"><ele>329</ele></trkpt>
   <trkpt lat="63.390558" lon="11.853495"><ele>330</ele></trkpt>
   <trkpt lat="63.391044" lon="11.852206"><ele>331.5</ele></trkpt>
   <trkpt lat="63.39127" lon="11.851569"><ele>328.75</ele></trkpt>
   <trkpt lat="63.391548" lon="11.850733"><ele>326</ele></trkpt>
   <trkpt lat="63.39166" lon="11.850368"><ele>325.5</ele></trkpt>
   <trkpt lat="63.391921" lon="11.849418"><ele>326.5</ele></trkpt>
   <trkpt lat="63.392076" lon="11.848781"><ele>329.75</ele></trkpt>
   <trkpt lat="63.392162" lon="11.848392"><ele>331.75</ele></trkpt>
   <trkpt lat="63.392407" lon="11.847298"><ele>333.25</ele></trkpt>
   <trkpt lat="63.392475" lon="11.847033"><ele>332.5</ele></trkpt>
   <trkpt lat="63.392562" lon="11.846718"><ele>331.25</ele></trkpt>
   <trkpt lat="63.392628" lon="11.846514"><ele>330.75</ele></trkpt>
   <trkpt lat="63.392724" lon="11.846251"><ele>330.5</ele></trkpt>
   <trkpt lat="63.392898" lon="11.84582"><ele>330</ele></trkpt>
   <trkpt lat="63.393006" lon="11.845591"><ele>329.25</ele></trkpt>
   <trkpt lat="63.393096" lon="11.845418"><ele>328.5</ele></trkpt>
   <trkpt lat="63.393322" lon="11.845044"><ele>327</ele></trkpt>
   <trkpt lat="63.393455" lon="11.84486"><ele>326.25</ele></trkpt>
   <trkpt lat="63.393571" lon="11.844717"><ele>325.75</ele></trkpt>
   <trkpt lat="63.393704" lon="11.844569"><ele>325.25</ele></trkpt>
   <trkpt lat="63.393885" lon="11.8444"><ele>324.5</ele></trkpt>
   <trkpt lat="63.394151" lon="11.844205"><ele>324</ele></trkpt>
   <trkpt lat="63.394385" lon="11.844086"><ele>323</ele></trkpt>
   <trkpt lat="63.394511" lon="11.844043"><ele>322.25</ele></trkpt>
   <trkpt lat="63.394848" lon="11.843985"><ele>321</ele></trkpt>
   <trkpt lat="63.395607" lon="11.843962"><ele>320.5</ele></trkpt>
   <trkpt lat="63.395684" lon="11.843958"><ele>320.25</ele></trkpt>
   <trkpt lat="63.396556" lon="11.843941"><ele>320.75</ele></trkpt>
   <trkpt lat="63.396966" lon="11.843907"><ele>319.75</ele></trkpt>
   <trkpt lat="63.397207" lon="11.843872"><ele>319</ele></trkpt>
   <trkpt lat="63.397543" lon="11.843781"><ele>317.25</ele></trkpt>
   <trkpt lat="63.397921" lon="11.843631"><ele>316</ele></trkpt>
   <trkpt lat="63.398226" lon="11.843472"><ele>315.75</ele></trkpt>
   <trkpt lat="63.398409" lon="11.843354"><ele>315.75</ele></trkpt>
   <trkpt lat="63.398779" lon="11.843074"><ele>313.25</ele></trkpt>
   <trkpt lat="63.399146" lon="11.84272"><ele>312.5</ele></trkpt>
   <trkpt lat="63.399253" lon="11.842604"><ele>312.5</ele></trkpt>
   <trkpt lat="63.399509" lon="11.842287"><ele>310</ele></trkpt>
   <trkpt lat="63.399712" lon="11.842011"><ele>307.75</ele></trkpt>
   <trkpt lat="63.39996" lon="11.841628"><ele>306</ele></trkpt>
   <trkpt lat="63.400124" lon="11.841353"><ele>308.25</ele></trkpt>
   <trkpt lat="63.400299" lon="11.841022"><ele>309.75</ele></trkpt>
   <trkpt lat="63.400444" lon="11.840724"><ele>310.75</ele></trkpt>
   <trkpt lat="63.400562" lon="11.840467"><ele>311.25</ele></trkpt>
   <trkpt lat="63.400718" lon="11.840097"><ele>312</ele></trkpt>
   <trkpt lat="63.400986" lon="11.839377"><ele>311.25</ele></trkpt>
   <trkpt lat="63.4011" lon="11.839026"><ele>310.25</ele></trkpt>
   <trkpt lat="63.401275" lon="11.838433"><ele>307.25</ele></trkpt>
   <trkpt lat="63.401396" lon="11.837961"><ele>306</ele></trkpt>
   <trkpt lat="63.401506" lon="11.837476"><ele>305.5</ele></trkpt>
   <trkpt lat="63.401601" lon="11.837007"><ele>304.75</ele></trkpt>
   <trkpt lat="63.40168" lon="11.836555"><ele>303.5</ele></trkpt>
   <trkpt lat="63.401756" lon="11.836046"><ele>302</ele></trkpt>
   <trkpt lat="63.401825" lon="11.835469"><ele>301.5</ele></trkpt>
   <trkpt lat="63.401857" lon="11.835148"><ele>301.5</ele></trkpt>
   <trkpt lat="63.401906" lon="11.834489"><ele>302.75</ele></trkpt>
   <trkpt lat="63.401927" lon="11.834016"><ele>303.5</ele></trkpt>
   <trkpt lat="63.401938" lon="11.833483"><ele>303.25</ele></trkpt>
   <trkpt lat="63.401931" lon="11.832835"><ele>302.25</ele></trkpt>
   <trkpt lat="63.40192" lon="11.832465"><ele>301.5</ele></trkpt>
   <trkpt lat="63.401883" lon="11.831585"><ele>299.5</ele></trkpt>
   <trkpt lat="63.401827" lon="11.830464"><ele>298.75</ele></trkpt>
   <trkpt lat="63.401773" lon="11.829537"><ele>298.25</ele></trkpt>
   <trkpt lat="63.401656" lon="11.827835"><ele>294.75</ele></trkpt>
   <trkpt lat="63.401553" lon="11.826529"><ele>294</ele></trkpt>
   <trkpt lat="63.401473" lon="11.825612"><ele>293.5</ele></trkpt>
   <trkpt lat="63.401281" lon="11.82366"><ele>292.25</ele></trkpt>
   <trkpt lat="63.400729" lon="11.818533"><ele>286.25</ele></trkpt>
   <trkpt lat="63.400562" lon="11.816923"><ele>287.25</ele></trkpt>
   <trkpt lat="63.40045" lon="11.815738"><ele>286</ele></trkpt>
   <trkpt lat="63.400366" lon="11.814764"><ele>282.25</ele></trkpt>
   <trkpt lat="63.400247" lon="11.813198"><ele>280.75</ele></trkpt>
   <trkpt lat="63.40018" lon="11.812169"><ele>280.75</ele></trkpt>
   <trkpt lat="63.400117" lon="11.811075"><ele>281.5</ele></trkpt>
   <trkpt lat="63.399763" lon="11.804127"><ele>276</ele></trkpt>
   <trkpt lat="63.399672" lon="11.802239"><ele>277</ele></trkpt>
   <trkpt lat="63.399654" lon="11.8016"><ele>275.75</ele></trkpt>
   <trkpt lat="63.399653" lon="11.801329"><ele>275.25</ele></trkpt>
   <trkpt lat="63.39966" lon="11.801023"><ele>275.25</ele></trkpt>
   <trkpt lat="63.399702" lon="11.800318"><ele>274.25</ele></trkpt>
   <trkpt lat="63.399753" lon="11.799844"><ele>273.75</ele></trkpt>
   <trkpt lat="63.399792" lon="11.799547"><ele>273</ele></trkpt>
   <trkpt lat="63.399822" lon="11.799359"><ele>273</ele></trkpt>
   <trkpt lat="63.399965" lon="11.79864"><ele>275</ele></trkpt>
   <trkpt lat="63.400203" lon="11.797622"><ele>274.25</ele></trkpt>
   <trkpt lat="63.400309" lon="11.797137"><ele>274.5</ele></trkpt>
   <trkpt lat="63.400448" lon="11.796376"><ele>275.25</ele></trkpt>
   <trkpt lat="63.400512" lon="11.795914"><ele>275.25</ele></trkpt>
   <trkpt lat="63.400582" lon="11.795261"><ele>274.25</ele></trkpt>
   <trkpt lat="63.400747" lon="11.793401"><ele>272</ele></trkpt>
   <trkpt lat="63.400841" lon="11.792503"><ele>272</ele></trkpt>
   <trkpt lat="63.40089" lon="11.792094"><ele>271.5</ele></trkpt>
   <trkpt lat="63.400986" lon="11.791384"><ele>270.25</ele></trkpt>
   <trkpt lat="63.401122" lon="11.790505"><ele>268.75</ele></trkpt>
   <trkpt lat="63.401252" lon="11.789763"><ele>269.25</ele></trkpt>
   <trkpt lat="63.401437" lon="11.788832"><ele>268.5</ele></trkpt>
   <trkpt lat="63.401593" lon="11.788161"><ele>267.75</ele></trkpt>
   <trkpt lat="63.401941" lon="11.786884"><ele>267.25</ele></trkpt>
   <trkpt lat="63.402059" lon="11.786423"><ele>267</ele></trkpt>
   <trkpt lat="63.402158" lon="11.785985"><ele>267.25</ele></trkpt>
   <trkpt lat="63.402238" lon="11.785537"><ele>267.25</ele></trkpt>
   <trkpt lat="63.402297" lon="11.785118"><ele>267</ele></trkpt>
   <trkpt lat="63.40234" lon="11.784713"><ele>267</ele></trkpt>
   <trkpt lat="63.402549" lon="11.782156"><ele>263</ele></trkpt>
   <trkpt lat="63.4026" lon="11.781678"><ele>262.75</ele></trkpt>
   <trkpt lat="63.402668" lon="11.781175"><ele>262</ele></trkpt>
   <trkpt lat="63.402719" lon="11.780866"><ele>261.75</ele></trkpt>
   <trkpt lat="63.402799" lon="11.780453"><ele>260.75</ele></trkpt>
   <trkpt lat="63.40285" lon="11.780213"><ele>260.25</ele></trkpt>
   <trkpt lat="63.402957" lon="11.779787"><ele>260.5</ele></trkpt>
   <trkpt lat="63.403043" lon="11.779482"><ele>261.25</ele></trkpt>
   <trkpt lat="63.403137" lon="11.779176"><ele>262.75</ele></trkpt>
   <trkpt lat="63.403279" lon="11.778766"><ele>263.75</ele></trkpt>
   <trkpt lat="63.403802" lon="11.777432"><ele>259.25</ele></trkpt>
   <trkpt lat="63.403892" lon="11.777172"><ele>258.5</ele></trkpt>
   <trkpt lat="63.40398" lon="11.776888"><ele>257.75</ele></trkpt>
   <trkpt lat="63.404093" lon="11.776465"><ele>257.75</ele></trkpt>
   <trkpt lat="63.404191" lon="11.776015"><ele>258</ele></trkpt>
   <trkpt lat="63.404274" lon="11.775552"><ele>258.75</ele></trkpt>
   <trkpt lat="63.404356" lon="11.77499"><ele>259.5</ele></trkpt>
   <trkpt lat="63.404543" lon="11.77358"><ele>255</ele></trkpt>
   <trkpt lat="63.404638" lon="11.772961"><ele>255</ele></trkpt>
   <trkpt lat="63.404686" lon="11.772701"><ele>255.75</ele></trkpt>
   <trkpt lat="63.404747" lon="11.772418"><ele>257.25</ele></trkpt>
   <trkpt lat="63.404821" lon="11.772108"><ele>258.75</ele></trkpt>
   <trkpt lat="63.404883" lon="11.771883"><ele>260</ele></trkpt>
   <trkpt lat="63.404945" lon="11.771679"><ele>261.75</ele></trkpt>
   <trkpt lat="63.405034" lon="11.77142"><ele>262.75</ele></trkpt>
   <trkpt lat="63.405228" lon="11.770925"><ele>261.5</ele></trkpt>
   <trkpt lat="63.405362" lon="11.770647"><ele>260.5</ele></trkpt>
   <trkpt lat="63.405864" lon="11.769683"><ele>253.5</ele></trkpt>
   <trkpt lat="63.406021" lon="11.769355"><ele>251.25</ele></trkpt>
   <trkpt lat="63.406142" lon="11.769071"><ele>249.5</ele></trkpt>
   <trkpt lat="63.406207" lon="11.768899"><ele>248.75</ele></trkpt>
   <trkpt lat="63.406315" lon="11.768585"><ele>247.25</ele></trkpt>
   <trkpt lat="63.406448" lon="11.768117"><ele>247</ele></trkpt>
   <trkpt lat="63.40655" lon="11.767679"><ele>249.25</ele></trkpt>
   <trkpt lat="63.40663" lon="11.767255"><ele>251</ele></trkpt>
   <trkpt lat="63.406727" lon="11.766564"><ele>252.25</ele></trkpt>
   <trkpt lat="63.406875" lon="11.765212"><ele>255.25</ele></trkpt>
   <trkpt lat="63.406929" lon="11.76481"><ele>255.5</ele></trkpt>
   <trkpt lat="63.407033" lon="11.76422"><ele>255.75</ele></trkpt>
   <trkpt lat="63.407127" lon="11.763806"><ele>253</ele></trkpt>
   <trkpt lat="63.40718" lon="11.763602"><ele>251.75</ele></trkpt>
   <trkpt lat="63.407283" lon="11.763253"><ele>250.75</ele></trkpt>
   <trkpt lat="63.407417" lon="11.76286"><ele>251.75</ele></trkpt>
   <trkpt lat="63.40764" lon="11.76232"><ele>251.5</ele></trkpt>
   <trkpt lat="63.407804" lon="11.761965"><ele>248.75</ele></trkpt>
   <trkpt lat="63.408724" lon="11.760035"><ele>246</ele></trkpt>
   <trkpt lat="63.408951" lon="11.759589"><ele>246.5</ele></trkpt>
   <trkpt lat="63.409211" lon="11.759122"><ele>246</ele></trkpt>
   <trkpt lat="63.409371" lon="11.758854"><ele>244.75</ele></trkpt>
   <trkpt lat="63.409612" lon="11.758472"><ele>245</ele></trkpt>
   <trkpt lat="63.409796" lon="11.7582"><ele>246</ele></trkpt>
   <trkpt lat="63.41002" lon="11.757887"><ele>246.75</ele></trkpt>
   <trkpt lat="63.41019" lon="11.757669"><ele>246</ele></trkpt>
   <trkpt lat="63.410685" lon="11.757079"><ele>244</ele></trkpt>
   <trkpt lat="63.411072" lon="11.756683"><ele>242</ele></trkpt>
   <trkpt lat="63.411179" lon="11.756586"><ele>241.5</ele></trkpt>
   <trkpt lat="63.411248" lon="11.756523"><ele>241</ele></trkpt>
   <trkpt lat="63.411505" lon="11.756299"><ele>240.25</ele></trkpt>
   <trkpt lat="63.411804" lon="11.756069"><ele>239.75</ele></trkpt>
   <trkpt lat="63.412065" lon="11.755891"><ele>239</ele></trkpt>
   <trkpt lat="63.412485" lon="11.755648"><ele>238.5</ele></trkpt>
   <trkpt lat="63.412745" lon="11.755521"><ele>238.5</ele></trkpt>
   <trkpt lat="63.413086" lon="11.755386"><ele>239</ele></trkpt>
   <trkpt lat="63.413468" lon="11.755273"><ele>239.5</ele></trkpt>
   <trkpt lat="63.414199" lon="11.755092"><ele>238.5</ele></trkpt>
   <trkpt lat="63.414352" lon="11.755045"><ele>238</ele></trkpt>
   <trkpt lat="63.414506" lon="11.754999"><ele>237</ele></trkpt>
   <trkpt lat="63.414685" lon="11.754927"><ele>235.5</ele></trkpt>
   <trkpt lat="63.414843" lon="11.754842"><ele>233.75</ele></trkpt>
   <trkpt lat="63.414992" lon="11.754741"><ele>231.5</ele></trkpt>
   <trkpt lat="63.415243" lon="11.754521"><ele>231.75</ele></trkpt>
   <trkpt lat="63.415748" lon="11.75403"><ele>232.5</ele></trkpt>
   <trkpt lat="63.415911" lon="11.753889"><ele>233</ele></trkpt>
   <trkpt lat="63.41608" lon="11.753767"><ele>233</ele></trkpt>
   <trkpt lat="63.416371" lon="11.753614"><ele>234.5</ele></trkpt>
   <trkpt lat="63.41663" lon="11.753537"><ele>236.5</ele></trkpt>
   <trkpt lat="63.416749" lon="11.753519"><ele>235.75</ele></trkpt>
   <trkpt lat="63.416964" lon="11.753514"><ele>233.75</ele></trkpt>
   <trkpt lat="63.417113" lon="11.753533"><ele>232.25</ele></trkpt>
   <trkpt lat="63.417308" lon="11.753584"><ele>230.5</ele></trkpt>
   <trkpt lat="63.417606" lon="11.753719"><ele>227</ele></trkpt>
   <trkpt lat="63.417749" lon="11.753813"><ele>225</ele></trkpt>
   <trkpt lat="63.417895" lon="11.753926"><ele>223.5</ele></trkpt>
   <trkpt lat="63.418018" lon="11.754037"><ele>222.5</ele></trkpt>
   <trkpt lat="63.418203" lon="11.754237"><ele>221.75</ele></trkpt>
   <trkpt lat="63.418334" lon="11.754404"><ele>221.25</ele></trkpt>
   <trkpt lat="63.418466" lon="11.754596"><ele>220.5</ele></trkpt>
   <trkpt lat="63.418599" lon="11.754813"><ele>220.25</ele></trkpt>
   <trkpt lat="63.418686" lon="11.754969"><ele>220</ele></trkpt>
   <trkpt lat="63.418905" lon="11.755424"><ele>220.5</ele></trkpt>
   <trkpt lat="63.419491" lon="11.756842"><ele>220.5</ele></trkpt>
   <trkpt lat="63.419667" lon="11.757211"><ele>220.75</ele></trkpt>
   <trkpt lat="63.419869" lon="11.757576"><ele>220.75</ele></trkpt>
   <trkpt lat="63.420148" lon="11.758005"><ele>221.5</ele></trkpt>
   <trkpt lat="63.420471" lon="11.758426"><ele>222.25</ele></trkpt>
   <trkpt lat="63.420674" lon="11.75865"><ele>222</ele></trkpt>
   <trkpt lat="63.420788" lon="11.758761"><ele>221.75</ele></trkpt>
   <trkpt lat="63.421022" lon="11.758962"><ele>221.25</ele></trkpt>
   <trkpt lat="63.421969" lon="11.759705"><ele>219.25</ele></trkpt>
   <trkpt lat="63.423" lon="11.760515"><ele>220.25</ele></trkpt>
   <trkpt lat="63.423907" lon="11.761229"><ele>219.5</ele></trkpt>
   <trkpt lat="63.424156" lon="11.761445"><ele>219</ele></trkpt>
   <trkpt lat="63.424418" lon="11.761717"><ele>216.75</ele></trkpt>
   <trkpt lat="63.424584" lon="11.761911"><ele>216</ele></trkpt>
   <trkpt lat="63.424918" lon="11.762376"><ele>217.75</ele></trkpt>
   <trkpt lat="63.425026" lon="11.762544"><ele>218.75</ele></trkpt>
   <trkpt lat="63.425222" lon="11.762882"><ele>217.75</ele></trkpt>
   <trkpt lat="63.425691" lon="11.763783"><ele>212.75</ele></trkpt>
   <trkpt lat="63.425811" lon="11.764005"><ele>211.5</ele></trkpt>
   <trkpt lat="63.425962" lon="11.764261"><ele>212.5</ele></trkpt>
   <trkpt lat="63.426239" lon="11.764645"><ele>213.75</ele></trkpt>
   <trkpt lat="63.426466" lon="11.764888"><ele>214.25</ele></trkpt>
   <trkpt lat="63.426652" lon="11.765051"><ele>215</ele></trkpt>
   <trkpt lat="63.426777" lon="11.765142"><ele>215</ele></trkpt>
   <trkpt lat="63.426976" lon="11.765256"><ele>214.75</ele></trkpt>
   <trkpt lat="63.427205" lon="11.765348"><ele>214.5</ele></trkpt>
   <trkpt lat="63.427454" lon="11.765398"><ele>214</ele></trkpt>
   <trkpt lat="63.427689" lon="11.765402"><ele>213</ele></trkpt>
   <trkpt lat="63.42793" lon="11.765363"><ele>212</ele></trkpt>
   <trkpt lat="63.428112" lon="11.7653"><ele>211</ele></trkpt>
   <trkpt lat="63.428363" lon="11.765167"><ele>209.75</ele></trkpt>
   <trkpt lat="63.428417" lon="11.765132"><ele>209.75</ele></trkpt>
   <trkpt lat="63.428671" lon="11.764932"><ele>210.25</ele></trkpt>
   <trkpt lat="63.428931" lon="11.764656"><ele>210</ele></trkpt>
   <trkpt lat="63.429085" lon="11.764461"><ele>209.5</ele></trkpt>
   <trkpt lat="63.429334" lon="11.764075"><ele>208.5</ele></trkpt>
   <trkpt lat="63.42951" lon="11.763747"><ele>208.25</ele></trkpt>
   <trkpt lat="63.429624" lon="11.763498"><ele>207.5</ele></trkpt>
   <trkpt lat="63.429737" lon="11.763221"><ele>206.75</ele></trkpt>
   <trkpt lat="63.429826" lon="11.762981"><ele>206</ele></trkpt>
   <trkpt lat="63.429923" lon="11.762681"><ele>205.75</ele></trkpt>
   <trkpt lat="63.430043" lon="11.762259"><ele>204.5</ele></trkpt>
   <trkpt lat="63.430176" lon="11.761677"><ele>202.5</ele></trkpt>
   <trkpt lat="63.430281" lon="11.761054"><ele>202.25</ele></trkpt>
   <trkpt lat="63.430341" lon="11.760596"><ele>201.5</ele></trkpt>
   <trkpt lat="63.43038" lon="11.76017"><ele>199.75</ele></trkpt>
   <trkpt lat="63.430415" lon="11.7595"><ele>197.25</ele></trkpt>
   <trkpt lat="63.43042" lon="11.759172"><ele>196.5</ele></trkpt>
   <trkpt lat="63.430413" lon="11.758685"><ele>198.75</ele></trkpt>
   <trkpt lat="63.430409" lon="11.758574"><ele>199</ele></trkpt>
   <trkpt lat="63.430401" lon="11.758385"><ele>200</ele></trkpt>
   <trkpt lat="63.430375" lon="11.758028"><ele>201.5</ele></trkpt>
   <trkpt lat="63.430325" lon="11.757544"><ele>203.25</ele></trkpt>
   <trkpt lat="63.430273" lon="11.757145"><ele>202.75</ele></trkpt>
   <trkpt lat="63.430112" lon="11.756027"><ele>199.75</ele></trkpt>
   <trkpt lat="63.430043" lon="11.755433"><ele>198</ele></trkpt>
   <trkpt lat="63.430006" lon="11.754956"><ele>197</ele></trkpt>
   <trkpt lat="63.429993" lon="11.754697"><ele>197.25</ele></trkpt>
   <trkpt lat="63.429983" lon="11.754138"><ele>197.75</ele></trkpt>
   <trkpt lat="63.42999" lon="11.753754"><ele>198.75</ele></trkpt>
   <trkpt lat="63.430002" lon="11.753444"><ele>199.75</ele></trkpt>
   <trkpt lat="63.430063" lon="11.752714"><ele>199</ele></trkpt>
   <trkpt lat="63.430133" lon="11.752173"><ele>198</ele></trkpt>
   <trkpt lat="63.430188" lon="11.751837"><ele>197</ele></trkpt>
   <trkpt lat="63.430304" lon="11.751272"><ele>195.25</ele></trkpt>
   <trkpt lat="63.430396" lon="11.750916"><ele>194.25</ele></trkpt>
   <trkpt lat="63.430547" lon="11.750418"><ele>192.25</ele></trkpt>
   <trkpt lat="63.430646" lon="11.750137"><ele>191</ele></trkpt>
   <trkpt lat="63.430728" lon="11.74993"><ele>190.5</ele></trkpt>
   <trkpt lat="63.430944" lon="11.749458"><ele>190.25</ele></trkpt>
   <trkpt lat="63.431188" lon="11.749032"><ele>190.5</ele></trkpt>
   <trkpt lat="63.431425" lon="11.748708"><ele>192.75</ele></trkpt>
   <trkpt lat="63.431686" lon="11.748424"><ele>194.5</ele></trkpt>
   <trkpt lat="63.431991" lon="11.748178"><ele>193.25</ele></trkpt>
   <trkpt lat="63.432142" lon="11.748074"><ele>192.5</ele></trkpt>
   <trkpt lat="63.432207" lon="11.748031"><ele>192.25</ele></trkpt>
   <trkpt lat="63.433847" lon="11.746983"><ele>192.5</ele></trkpt>
   <trkpt lat="63.434898" lon="11.746303"><ele>194.5</ele></trkpt>
   <trkpt lat="63.435048" lon="11.746186"><ele>194</ele></trkpt>
   <trkpt lat="63.435214" lon="11.746038"><ele>191</ele></trkpt>
   <trkpt lat="63.435344" lon="11.7459"><ele>188.25</ele></trkpt>
   <trkpt lat="63.43552" lon="11.745678"><ele>184.25</ele></trkpt>
   <trkpt lat="63.435678" lon="11.745453"><ele>183.5</ele></trkpt>
   <trkpt lat="63.435869" lon="11.745122"><ele>183</ele></trkpt>
   <trkpt lat="63.435954" lon="11.744957"><ele>182.5</ele></trkpt>
   <trkpt lat="63.436082" lon="11.74468"><ele>182.25</ele></trkpt>
   <trkpt lat="63.436196" lon="11.744401"><ele>182.25</ele></trkpt>
   <trkpt lat="63.436345" lon="11.743974"><ele>186</ele></trkpt>
   <trkpt lat="63.436455" lon="11.743612"><ele>189.5</ele></trkpt>
   <trkpt lat="63.436543" lon="11.743273"><ele>191.5</ele></trkpt>
   <trkpt lat="63.436647" lon="11.742796"><ele>191.75</ele></trkpt>
   <trkpt lat="63.436708" lon="11.742458"><ele>192</ele></trkpt>
   <trkpt lat="63.436762" lon="11.7421"><ele>194.25</ele></trkpt>
   <trkpt lat="63.436821" lon="11.741588"><ele>197</ele></trkpt>
   <trkpt lat="63.436883" lon="11.740742"><ele>197</ele></trkpt>
   <trkpt lat="63.437052" lon="11.737572"><ele>184.25</ele></trkpt>
   <trkpt lat="63.437123" lon="11.7365"><ele>183.5</ele></trkpt>
   <trkpt lat="63.437181" lon="11.735889"><ele>185.5</ele></trkpt>
   <trkpt lat="63.43722" lon="11.73555"><ele>186</ele></trkpt>
   <trkpt lat="63.437276" lon="11.735121"><ele>186.75</ele></trkpt>
   <trkpt lat="63.437387" lon="11.734389"><ele>185.25</ele></trkpt>
   <trkpt lat="63.43761" lon="11.733081"><ele>177</ele></trkpt>
   <trkpt lat="63.437652" lon="11.732798"><ele>175</ele></trkpt>
   <trkpt lat="63.437697" lon="11.732428"><ele>173.25</ele></trkpt>
   <trkpt lat="63.437744" lon="11.731915"><ele>175.25</ele></trkpt>
   <trkpt lat="63.437767" lon="11.731519"><ele>176.75</ele></trkpt>
   <trkpt lat="63.437776" lon="11.731248"><ele>177.5</ele></trkpt>
   <trkpt lat="63.437776" lon="11.730645"><ele>178</ele></trkpt>
   <trkpt lat="63.43775" lon="11.730059"><ele>176</ele></trkpt>
   <trkpt lat="63.437729" lon="11.72978"><ele>176.25</ele></trkpt>
   <trkpt lat="63.437707" lon="11.729542"><ele>176.75</ele></trkpt>
   <trkpt lat="63.437633" lon="11.728965"><ele>178.25</ele></trkpt>
   <trkpt lat="63.437559" lon="11.728535"><ele>179.25</ele></trkpt>
   <trkpt lat="63.437509" lon="11.728291"><ele>179.25</ele></trkpt>
   <trkpt lat="63.437422" lon="11.727912"><ele>179.5</ele></trkpt>
   <trkpt lat="63.436643" lon="11.724906"><ele>170.75</ele></trkpt>
   <trkpt lat="63.436493" lon="11.724299"><ele>169.75</ele></trkpt>
   <trkpt lat="63.436431" lon="11.724021"><ele>169.25</ele></trkpt>
   <trkpt lat="63.436329" lon="11.72348"><ele>168.75</ele></trkpt>
   <trkpt lat="63.436262" lon="11.723001"><ele>168.75</ele></trkpt>
   <trkpt lat="63.436201" lon="11.722383"><ele>168.75</ele></trkpt>
   <trkpt lat="63.43618" lon="11.721993"><ele>168.75</ele></trkpt>
   <trkpt lat="63.436169" lon="11.721671"><ele>168.75</ele></trkpt>
   <trkpt lat="63.436167" lon="11.72125"><ele>169</ele></trkpt>
   <trkpt lat="63.43618" lon="11.720742"><ele>169.5</ele></trkpt>
   <trkpt lat="63.436201" lon="11.720407"><ele>169.75</ele></trkpt>
   <trkpt lat="63.436236" lon="11.719983"><ele>170.5</ele></trkpt>
   <trkpt lat="63.436309" lon="11.719405"><ele>168</ele></trkpt>
   <trkpt lat="63.436392" lon="11.718927"><ele>166</ele></trkpt>
   <trkpt lat="63.436542" lon="11.718261"><ele>163.25</ele></trkpt>
   <trkpt lat="63.436613" lon="11.717999"><ele>163</ele></trkpt>
   <trkpt lat="63.436718" lon="11.71766"><ele>163</ele></trkpt>
   <trkpt lat="63.436884" lon="11.717215"><ele>162</ele></trkpt>
   <trkpt lat="63.436993" lon="11.71696"><ele>161.5</ele></trkpt>
   <trkpt lat="63.437227" lon="11.716501"><ele>161.5</ele></trkpt>
   <trkpt lat="63.437917" lon="11.715327"><ele>161.25</ele></trkpt>
   <trkpt lat="63.437954" lon="11.715257"><ele>161</ele></trkpt>
   <trkpt lat="63.438203" lon="11.71478"><ele>161</ele></trkpt>
   <trkpt lat="63.438375" lon="11.714427"><ele>161</ele></trkpt>
   <trkpt lat="63.438515" lon="11.714128"><ele>160.75</ele></trkpt>
   <trkpt lat="63.438794" lon="11.713485"><ele>160</ele></trkpt>
   <trkpt lat="63.439199" lon="11.712466"><ele>161.25</ele></trkpt>
   <trkpt lat="63.441205" lon="11.707337"><ele>151</ele></trkpt>
   <trkpt lat="63.441292" lon="11.70711"><ele>150.75</ele></trkpt>
   <trkpt lat="63.442316" lon="11.704489"><ele>145.75</ele></trkpt>
   <trkpt lat="63.442447" lon="11.704131"><ele>141.75</ele></trkpt>
   <trkpt lat="63.442527" lon="11.703911"><ele>141.75</ele></trkpt>
   <trkpt lat="63.4428" lon="11.703094"><ele>147.75</ele></trkpt>
   <trkpt lat="63.443013" lon="11.702401"><ele>153.25</ele></trkpt>
   <trkpt lat="63.443181" lon="11.701812"><ele>152</ele></trkpt>
   <trkpt lat="63.443355" lon="11.701151"><ele>149</ele></trkpt>
   <trkpt lat="63.443516" lon="11.700496"><ele>148.75</ele></trkpt>
   <trkpt lat="63.443665" lon="11.699831"><ele>149.25</ele></trkpt>
   <trkpt lat="63.443814" lon="11.699101"><ele>147</ele></trkpt>
   <trkpt lat="63.443937" lon="11.69844"><ele>143.5</ele></trkpt>
   <trkpt lat="63.444055" lon="11.697738"><ele>140.25</ele></trkpt>
   <trkpt lat="63.444136" lon="11.69721"><ele>139.25</ele></trkpt>
   <trkpt lat="63.444169" lon="11.696975"><ele>139.25</ele></trkpt>
   <trkpt lat="63.444326" lon="11.695758"><ele>140</ele></trkpt>
   <trkpt lat="63.444439" lon="11.694642"><ele>138.5</ele></trkpt>
   <trkpt lat="63.444571" lon="11.693143"><ele>139</ele></trkpt>
   <trkpt lat="63.444685" lon="11.69163"><ele>142.25</ele></trkpt>
   <trkpt lat="63.444741" lon="11.69081"><ele>147.5</ele></trkpt>
   <trkpt lat="63.444828" lon="11.689329"><ele>144.5</ele></trkpt>
   <trkpt lat="63.444855" lon="11.688774"><ele>141.5</ele></trkpt>
   <trkpt lat="63.444929" lon="11.687075"><ele>140.5</ele></trkpt>
   <trkpt lat="63.445123" lon="11.681623"><ele>133.25</ele></trkpt>
   <trkpt lat="63.445211" lon="11.679388"><ele>135</ele></trkpt>
   <trkpt lat="63.445243" lon="11.678912"><ele>135.5</ele></trkpt>
   <trkpt lat="63.445323" lon="11.678084"><ele>134.25</ele></trkpt>
   <trkpt lat="63.445386" lon="11.677608"><ele>132.75</ele></trkpt>
   <trkpt lat="63.445501" lon="11.676858"><ele>128.5</ele></trkpt>
   <trkpt lat="63.445643" lon="11.675969"><ele>126.5</ele></trkpt>
   <trkpt lat="63.445697" lon="11.675588"><ele>126</ele></trkpt>
   <trkpt lat="63.445753" lon="11.675123"><ele>125.5</ele></trkpt>
   <trkpt lat="63.445783" lon="11.674768"><ele>125.25</ele></trkpt>
   <trkpt lat="63.445805" lon="11.674418"><ele>125.5</ele></trkpt>
   <trkpt lat="63.445818" lon="11.674069"><ele>125.5</ele></trkpt>
   <trkpt lat="63.445821" lon="11.673755"><ele>126.5</ele></trkpt>
   <trkpt lat="63.445818" lon="11.673464"><ele>127</ele></trkpt>
   <trkpt lat="63.445798" lon="11.67294"><ele>129.5</ele></trkpt>
   <trkpt lat="63.445773" lon="11.672552"><ele>131</ele></trkpt>
   <trkpt lat="63.445611" lon="11.67084"><ele>127.25</ele></trkpt>
   <trkpt lat="63.445218" lon="11.6669"><ele>125</ele></trkpt>
   <trkpt lat="63.44514" lon="11.666226"><ele>122.75</ele></trkpt>
   <trkpt lat="63.44505" lon="11.66557"><ele>121.75</ele></trkpt>
   <trkpt lat="63.444938" lon="11.66491"><ele>121.5</ele></trkpt>
   <trkpt lat="63.444809" lon="11.664246"><ele>121.5</ele></trkpt>
   <trkpt lat="63.444599" lon="11.663246"><ele>120.5</ele></trkpt>
   <trkpt lat="63.44447" lon="11.662544"><ele>121.25</ele></trkpt>
   <trkpt lat="63.444425" lon="11.662215"><ele>121</ele></trkpt>
   <trkpt lat="63.444377" lon="11.661791"><ele>121.25</ele></trkpt>
   <trkpt lat="63.444352" lon="11.6615"><ele>121</ele></trkpt>
   <trkpt lat="63.444335" lon="11.661205"><ele>120</ele></trkpt>
   <trkpt lat="63.444317" lon="11.660519"><ele>119</ele></trkpt>
   <trkpt lat="63.444319" lon="11.660084"><ele>118.75</ele></trkpt>
   <trkpt lat="63.444328" lon="11.65959"><ele>117.75</ele></trkpt>
   <trkpt lat="63.444348" lon="11.65896"><ele>116</ele></trkpt>
   <trkpt lat="63.444378" lon="11.65832"><ele>113.75</ele></trkpt>
   <trkpt lat="63.444422" lon="11.657634"><ele>111</ele></trkpt>
   <trkpt lat="63.444472" lon="11.657005"><ele>110</ele></trkpt>
   <trkpt lat="63.444541" lon="11.656292"><ele>110.75</ele></trkpt>
   <trkpt lat="63.444662" lon="11.655285"><ele>113.5</ele></trkpt>
   <trkpt lat="63.444829" lon="11.654148"><ele>110.75</ele></trkpt>
   <trkpt lat="63.444959" lon="11.653397"><ele>111</ele></trkpt>
   <trkpt lat="63.445318" lon="11.651436"><ele>111</ele></trkpt>
   <trkpt lat="63.445393" lon="11.650988"><ele>112.5</ele></trkpt>
   <trkpt lat="63.445459" lon="11.650516"><ele>113.25</ele></trkpt>
   <trkpt lat="63.445524" lon="11.649918"><ele>113</ele></trkpt>
   <trkpt lat="63.445561" lon="11.64942"><ele>113</ele></trkpt>
   <trkpt lat="63.445586" lon="11.648842"><ele>111.5</ele></trkpt>
   <trkpt lat="63.445592" lon="11.648185"><ele>108.25</ele></trkpt>
   <trkpt lat="63.445574" lon="11.647546"><ele>103.25</ele></trkpt>
   <trkpt lat="63.445528" lon="11.646849"><ele>102.25</ele></trkpt>
   <trkpt lat="63.445453" lon="11.646161"><ele>104.75</ele></trkpt>
   <trkpt lat="63.445369" lon="11.645592"><ele>105.75</ele></trkpt>
   <trkpt lat="63.445309" lon="11.645265"><ele>105.25</ele></trkpt>
   <trkpt lat="63.445208" lon="11.644762"><ele>103.75</ele></trkpt>
   <trkpt lat="63.444872" lon="11.643243"><ele>110</ele></trkpt>
   <trkpt lat="63.444411" lon="11.641201"><ele>110.75</ele></trkpt>
   <trkpt lat="63.4442" lon="11.640272"><ele>102.5</ele></trkpt>
   <trkpt lat="63.444102" lon="11.639776"><ele>100</ele></trkpt>
   <trkpt lat="63.444066" lon="11.639577"><ele>99.5</ele></trkpt>
   <trkpt lat="63.443971" lon="11.639019"><ele>98</ele></trkpt>
   <trkpt lat="63.44389" lon="11.638451"><ele>96.75</ele></trkpt>
   <trkpt lat="63.443804" lon="11.63771"><ele>94.5</ele></trkpt>
   <trkpt lat="63.443741" lon="11.636984"><ele>91.5</ele></trkpt>
   <trkpt lat="63.443715" lon="11.636594"><ele>90.25</ele></trkpt>
   <trkpt lat="63.44368" lon="11.635782"><ele>92.75</ele></trkpt>
   <trkpt lat="63.443671" lon="11.635413"><ele>93.75</ele></trkpt>
   <trkpt lat="63.443666" lon="11.634665"><ele>96.5</ele></trkpt>
   <trkpt lat="63.443696" lon="11.628531"><ele>96.5</ele></trkpt>
   <trkpt lat="63.443697" lon="11.628331"><ele>95.25</ele></trkpt>
   <trkpt lat="63.443708" lon="11.626115"><ele>83.5</ele></trkpt>
   <trkpt lat="63.44372" lon="11.6241"><ele>82.75</ele></trkpt>
   <trkpt lat="63.44372" lon="11.623702"><ele>83</ele></trkpt>
   <trkpt lat="63.443722" lon="11.623389"><ele>83.5</ele></trkpt>
   <trkpt lat="63.443728" lon="11.622376"><ele>84</ele></trkpt>
   <trkpt lat="63.443723" lon="11.621887"><ele>84.25</ele></trkpt>
   <trkpt lat="63.443698" lon="11.621375"><ele>85</ele></trkpt>
   <trkpt lat="63.443694" lon="11.621187"><ele>85.25</ele></trkpt>
   <trkpt lat="63.443707" lon="11.618015"><ele>88.75</ele></trkpt>
   <trkpt lat="63.443714" lon="11.617204"><ele>89.75</ele></trkpt>
   <trkpt lat="63.443732" lon="11.613653"><ele>89</ele></trkpt>
   <trkpt lat="63.443743" lon="11.613261"><ele>88.75</ele></trkpt>
   <trkpt lat="63.443772" lon="11.612792"><ele>86.5</ele></trkpt>
   <trkpt lat="63.443785" lon="11.612427"><ele>85.25</ele></trkpt>
   <trkpt lat="63.443803" lon="11.609353"><ele>82.75</ele></trkpt>
   <trkpt lat="63.443822" lon="11.608254"><ele>82</ele></trkpt>
   <trkpt lat="63.443855" lon="11.607582"><ele>81.5</ele></trkpt>
   <trkpt lat="63.443898" lon="11.606956"><ele>80.75</ele></trkpt>
   <trkpt lat="63.443932" lon="11.606561"><ele>80.75</ele></trkpt>
   <trkpt lat="63.443965" lon="11.606236"><ele>81.5</ele></trkpt>
   <trkpt lat="63.444022" lon="11.605764"><ele>82</ele></trkpt>
   <trkpt lat="63.444133" lon="11.60498"><ele>83.25</ele></trkpt>
   <trkpt lat="63.444214" lon="11.604499"><ele>83.25</ele></trkpt>
   <trkpt lat="63.444346" lon="11.603826"><ele>82.5</ele></trkpt>
   <trkpt lat="63.444503" lon="11.603147"><ele>81.5</ele></trkpt>
   <trkpt lat="63.444725" lon="11.602309"><ele>81.25</ele></trkpt>
   <trkpt lat="63.446458" lon="11.596268"><ele>83.5</ele></trkpt>
   <trkpt lat="63.44823" lon="11.590065"><ele>86.75</ele></trkpt>
   <trkpt lat="63.448441" lon="11.589346"><ele>92</ele></trkpt>
   <trkpt lat="63.448599" lon="11.588837"><ele>98.5</ele></trkpt>
   <trkpt lat="63.448781" lon="11.588306"><ele>98.75</ele></trkpt>
   <trkpt lat="63.448993" lon="11.587748"><ele>87</ele></trkpt>
   <trkpt lat="63.449177" lon="11.587325"><ele>81.75</ele></trkpt>
   <trkpt lat="63.449432" lon="11.586797"><ele>86.75</ele></trkpt>
   <trkpt lat="63.449619" lon="11.586446"><ele>88.25</ele></trkpt>
   <trkpt lat="63.449894" lon="11.585986"><ele>84.5</ele></trkpt>
   <trkpt lat="63.450574" lon="11.584964"><ele>87</ele></trkpt>
   <trkpt lat="63.450806" lon="11.584588"><ele>84.5</ele></trkpt>
   <trkpt lat="63.451029" lon="11.584203"><ele>85.75</ele></trkpt>
   <trkpt lat="63.451208" lon="11.58387"><ele>84.75</ele></trkpt>
   <trkpt lat="63.451558" lon="11.583165"><ele>80.75</ele></trkpt>
   <trkpt lat="63.451726" lon="11.582795"><ele>79</ele></trkpt>
   <trkpt lat="63.451959" lon="11.582248"><ele>78.5</ele></trkpt>
   <trkpt lat="63.452225" lon="11.581566"><ele>78</ele></trkpt>
   <trkpt lat="63.452439" lon="11.580971"><ele>79.5</ele></trkpt>
   <trkpt lat="63.452661" lon="11.580285"><ele>78.5</ele></trkpt>
   <trkpt lat="63.45292" lon="11.5794"><ele>78.5</ele></trkpt>
   <trkpt lat="63.453055" lon="11.578891"><ele>79</ele></trkpt>
   <trkpt lat="63.453185" lon="11.578362"><ele>79.75</ele></trkpt>
   <trkpt lat="63.45337" lon="11.577529"><ele>77.75</ele></trkpt>
   <trkpt lat="63.453495" lon="11.576903"><ele>79.5</ele></trkpt>
   <trkpt lat="63.453641" lon="11.57608"><ele>80.25</ele></trkpt>
   <trkpt lat="63.453822" lon="11.574924"><ele>78.25</ele></trkpt>
   <trkpt lat="63.455152" lon="11.566213"><ele>73.25</ele></trkpt>
   <trkpt lat="63.455264" lon="11.565433"><ele>71.75</ele></trkpt>
   <trkpt lat="63.45543" lon="11.564113"><ele>72</ele></trkpt>
   <trkpt lat="63.455525" lon="11.563237"><ele>75.75</ele></trkpt>
   <trkpt lat="63.455591" lon="11.562543"><ele>80.25</ele></trkpt>
   <trkpt lat="63.456115" lon="11.555869"><ele>85.25</ele></trkpt>
   <trkpt lat="63.456167" lon="11.555377"><ele>84.5</ele></trkpt>
   <trkpt lat="63.456232" lon="11.554865"><ele>84</ele></trkpt>
   <trkpt lat="63.456308" lon="11.55437"><ele>83.75</ele></trkpt>
   <trkpt lat="63.456409" lon="11.553815"><ele>83</ele></trkpt>
   <trkpt lat="63.45648" lon="11.553472"><ele>81.5</ele></trkpt>
   <trkpt lat="63.456639" lon="11.552798"><ele>75.25</ele></trkpt>
   <trkpt lat="63.458615" lon="11.545096"><ele>72</ele></trkpt>
   <trkpt lat="63.458779" lon="11.544487"><ele>71.75</ele></trkpt>
   <trkpt lat="63.459106" lon="11.543411"><ele>70.5</ele></trkpt>
   <trkpt lat="63.459275" lon="11.542919"><ele>70.75</ele></trkpt>
   <trkpt lat="63.459498" lon="11.542314"><ele>71.75</ele></trkpt>
   <trkpt lat="63.461277" lon="11.53786"><ele>81</ele></trkpt>
   <trkpt lat="63.461437" lon="11.537398"><ele>79.25</ele></trkpt>
   <trkpt lat="63.461542" lon="11.537042"><ele>76.25</ele></trkpt>
   <trkpt lat="63.461603" lon="11.53681"><ele>73.75</ele></trkpt>
   <trkpt lat="63.461697" lon="11.536386"><ele>71.75</ele></trkpt>
   <trkpt lat="63.461742" lon="11.536153"><ele>73</ele></trkpt>
   <trkpt lat="63.461789" lon="11.535876"><ele>74.5</ele></trkpt>
   <trkpt lat="63.461858" lon="11.53536"><ele>75.5</ele></trkpt>
   <trkpt lat="63.461896" lon="11.534997"><ele>76.25</ele></trkpt>
   <trkpt lat="63.461921" lon="11.534649"><ele>76.75</ele></trkpt>
   <trkpt lat="63.461933" lon="11.534429"><ele>77</ele></trkpt>
   <trkpt lat="63.461945" lon="11.534009"><ele>77.25</ele></trkpt>
   <trkpt lat="63.461942" lon="11.533494"><ele>77.75</ele></trkpt>
   <trkpt lat="63.461926" lon="11.533084"><ele>77.5</ele></trkpt>
   <trkpt lat="63.461874" lon="11.532316"><ele>75.5</ele></trkpt>
   <trkpt lat="63.461544" lon="11.528122"><ele>73.5</ele></trkpt>
   <trkpt lat="63.461492" lon="11.527408"><ele>75.75</ele></trkpt>
   <trkpt lat="63.461461" lon="11.526753"><ele>77</ele></trkpt>
   <trkpt lat="63.461459" lon="11.526132"><ele>78.25</ele></trkpt>
   <trkpt lat="63.461481" lon="11.525575"><ele>78.5</ele></trkpt>
   <trkpt lat="63.46152" lon="11.525087"><ele>77</ele></trkpt>
   <trkpt lat="63.461595" lon="11.524427"><ele>74.75</ele></trkpt>
   <trkpt lat="63.462175" lon="11.520248"><ele>84.75</ele></trkpt>
   <trkpt lat="63.462301" lon="11.519244"><ele>76.75</ele></trkpt>
   <trkpt lat="63.462405" lon="11.518299"><ele>73.75</ele></trkpt>
   <trkpt lat="63.462467" lon="11.517653"><ele>72</ele></trkpt>
   <trkpt lat="63.462554" lon="11.516675"><ele>73.75</ele></trkpt>
   <trkpt lat="63.462828" lon="11.513398"><ele>72.25</ele></trkpt>
   <trkpt lat="63.462852" lon="11.513115"><ele>71.5</ele></trkpt>
   <trkpt lat="63.462989" lon="11.511472"><ele>74.5</ele></trkpt>
   <trkpt lat="63.463046" lon="11.510679"><ele>77</ele></trkpt>
   <trkpt lat="63.463079" lon="11.509985"><ele>76.75</ele></trkpt>
   <trkpt lat="63.463112" lon="11.508126"><ele>77.75</ele></trkpt>
   <trkpt lat="63.463149" lon="11.506621"><ele>73.75</ele></trkpt>
   <trkpt lat="63.46321" lon="11.504969"><ele>70.75</ele></trkpt>
   <trkpt lat="63.463249" lon="11.504078"><ele>70.5</ele></trkpt>
   <trkpt lat="63.463315" lon="11.502808"><ele>67.75</ele></trkpt>
   <trkpt lat="63.463395" lon="11.501654"><ele>70.5</ele></trkpt>
   <trkpt lat="63.463474" lon="11.500857"><ele>73.75</ele></trkpt>
   <trkpt lat="63.463531" lon="11.500373"><ele>78.5</ele></trkpt>
   <trkpt lat="63.463607" lon="11.499812"><ele>81.75</ele></trkpt>
   <trkpt lat="63.463765" lon="11.498825"><ele>81.5</ele></trkpt>
   <trkpt lat="63.463985" lon="11.497627"><ele>75</ele></trkpt>
   <trkpt lat="63.464123" lon="11.496991"><ele>69.5</ele></trkpt>
   <trkpt lat="63.464144" lon="11.4969"><ele>68.75</ele></trkpt>
   <trkpt lat="63.464289" lon="11.496283"><ele>73.75</ele></trkpt>
   <trkpt lat="63.465031" lon="11.493317"><ele>68</ele></trkpt>
   <trkpt lat="63.465246" lon="11.492409"><ele>72.25</ele></trkpt>
   <trkpt lat="63.465381" lon="11.49181"><ele>75.25</ele></trkpt>
   <trkpt lat="63.465596" lon="11.490809"><ele>71.25</ele></trkpt>
   <trkpt lat="63.465673" lon="11.490407"><ele>68.5</ele></trkpt>
   <trkpt lat="63.465766" lon="11.489865"><ele>66.25</ele></trkpt>
   <trkpt lat="63.465848" lon="11.48931"><ele>65.5</ele></trkpt>
   <trkpt lat="63.465914" lon="11.488758"><ele>65.5</ele></trkpt>
   <trkpt lat="63.465977" lon="11.488118"><ele>65</ele></trkpt>
   <trkpt lat="63.466015" lon="11.487584"><ele>64.75</ele></trkpt>
   <trkpt lat="63.466034" lon="11.487224"><ele>64.5</ele></trkpt>
   <trkpt lat="63.466055" lon="11.486584"><ele>64.25</ele></trkpt>
   <trkpt lat="63.46606" lon="11.486225"><ele>64.25</ele></trkpt>
   <trkpt lat="63.46606" lon="11.485834"><ele>64</ele></trkpt>
   <trkpt lat="63.466045" lon="11.485166"><ele>63</ele></trkpt>
   <trkpt lat="63.466018" lon="11.484601"><ele>62.5</ele></trkpt>
   <trkpt lat="63.465987" lon="11.484132"><ele>62.25</ele></trkpt>
   <trkpt lat="63.465932" lon="11.483515"><ele>63.5</ele></trkpt>
   <trkpt lat="63.465501" lon="11.479386"><ele>78.5</ele></trkpt>
   <trkpt lat="63.464863" lon="11.473297"><ele>67.25</ele></trkpt>
   <trkpt lat="63.464799" lon="11.472488"><ele>70.5</ele></trkpt>
   <trkpt lat="63.464772" lon="11.472021"><ele>72.25</ele></trkpt>
   <trkpt lat="63.464765" lon="11.471803"><ele>72.75</ele></trkpt>
   <trkpt lat="63.464761" lon="11.470946"><ele>74.25</ele></trkpt>
   <trkpt lat="63.464811" lon="11.468964"><ele>70.25</ele></trkpt>
   <trkpt lat="63.464822" lon="11.467698"><ele>69.75</ele></trkpt>
   <trkpt lat="63.464804" lon="11.466338"><ele>67.5</ele></trkpt>
   <trkpt lat="63.464774" lon="11.465474"><ele>66.5</ele></trkpt>
   <trkpt lat="63.464753" lon="11.465034"><ele>66</ele></trkpt>
   <trkpt lat="63.4647" lon="11.464135"><ele>65.75</ele></trkpt>
   <trkpt lat="63.464672" lon="11.46378"><ele>65.25</ele></trkpt>
   <trkpt lat="63.464607" lon="11.463181"><ele>65</ele></trkpt>
   <trkpt lat="63.464511" lon="11.462529"><ele>66</ele></trkpt>
   <trkpt lat="63.464397" lon="11.461943"><ele>67.75</ele></trkpt>
   <trkpt lat="63.464349" lon="11.461725"><ele>68.25</ele></trkpt>
   <trkpt lat="63.464225" lon="11.461231"><ele>70.25</ele></trkpt>
   <trkpt lat="63.464104" lon="11.46082"><ele>71.25</ele></trkpt>
   <trkpt lat="63.463949" lon="11.460365"><ele>72.25</ele></trkpt>
   <trkpt lat="63.463838" lon="11.460076"><ele>73</ele></trkpt>
   <trkpt lat="63.463721" lon="11.459801"><ele>72</ele></trkpt>
   <trkpt lat="63.4636" lon="11.459543"><ele>71.25</ele></trkpt>
   <trkpt lat="63.463485" lon="11.45932"><ele>71</ele></trkpt>
   <trkpt lat="63.463335" lon="11.459052"><ele>72</ele></trkpt>
   <trkpt lat="63.463201" lon="11.458838"><ele>72.75</ele></trkpt>
   <trkpt lat="63.462963" lon="11.458507"><ele>73.25</ele></trkpt>
   <trkpt lat="63.462756" lon="11.458267"><ele>72.5</ele></trkpt>
   <trkpt lat="63.462532" lon="11.458046"><ele>71.75</ele></trkpt>
   <trkpt lat="63.462399" lon="11.457933"><ele>71.5</ele></trkpt>
   <trkpt lat="63.462277" lon="11.457839"><ele>71</ele></trkpt>
   <trkpt lat="63.462031" lon="11.457685"><ele>69.25</ele></trkpt>
   <trkpt lat="63.461713" lon="11.457548"><ele>66.75</ele></trkpt>
   <trkpt lat="63.461513" lon="11.457494"><ele>65.75</ele></trkpt>
   <trkpt lat="63.461094" lon="11.457421"><ele>64.75</ele></trkpt>
   <trkpt lat="63.46072" lon="11.457321"><ele>63.75</ele></trkpt>
   <trkpt lat="63.460555" lon="11.457251"><ele>63.75</ele></trkpt>
   <trkpt lat="63.460297" lon="11.457092"><ele>63</ele></trkpt>
   <trkpt lat="63.46001" lon="11.456835"><ele>61.75</ele></trkpt>
   <trkpt lat="63.459868" lon="11.456678"><ele>63</ele></trkpt>
   <trkpt lat="63.45964" lon="11.456394"><ele>64.75</ele></trkpt>
   <trkpt lat="63.459209" lon="11.455838"><ele>65.25</ele></trkpt>
   <trkpt lat="63.458658" lon="11.455098"><ele>64.25</ele></trkpt>
   <trkpt lat="63.458413" lon="11.454734"><ele>62.75</ele></trkpt>
   <trkpt lat="63.458275" lon="11.454504"><ele>60.75</ele></trkpt>
   <trkpt lat="63.458049" lon="11.454066"><ele>59</ele></trkpt>
   <trkpt lat="63.457835" lon="11.453568"><ele>60</ele></trkpt>
   <trkpt lat="63.457738" lon="11.453306"><ele>59.75</ele></trkpt>
   <trkpt lat="63.45757" lon="11.452781"><ele>59.5</ele></trkpt>
   <trkpt lat="63.457412" lon="11.452198"><ele>59.25</ele></trkpt>
   <trkpt lat="63.457337" lon="11.451862"><ele>59.25</ele></trkpt>
   <trkpt lat="63.457235" lon="11.451313"><ele>60.75</ele></trkpt>
   <trkpt lat="63.45714" lon="11.450674"><ele>63.75</ele></trkpt>
   <trkpt lat="63.457122" lon="11.45053"><ele>64.5</ele></trkpt>
   <trkpt lat="63.457075" lon="11.450046"><ele>66.5</ele></trkpt>
   <trkpt lat="63.457046" lon="11.449553"><ele>63.75</ele></trkpt>
   <trkpt lat="63.457021" lon="11.448682"><ele>60.5</ele></trkpt>
   <trkpt lat="63.456854" lon="11.436355"><ele>53.75</ele></trkpt>
   <trkpt lat="63.456774" lon="11.430225"><ele>56.75</ele></trkpt>
   <trkpt lat="63.456773" lon="11.428542"><ele>56.25</ele></trkpt>
   <trkpt lat="63.456786" lon="11.427653"><ele>56.75</ele></trkpt>
   <trkpt lat="63.456804" lon="11.426908"><ele>55.5</ele></trkpt>
   <trkpt lat="63.456832" lon="11.426092"><ele>54.5</ele></trkpt>
   <trkpt lat="63.456922" lon="11.424273"><ele>52.25</ele></trkpt>
   <trkpt lat="63.457001" lon="11.423119"><ele>51.5</ele></trkpt>
   <trkpt lat="63.457129" lon="11.421588"><ele>53.25</ele></trkpt>
   <trkpt lat="63.457183" lon="11.42099"><ele>53</ele></trkpt>
   <trkpt lat="63.457239" lon="11.42025"><ele>52</ele></trkpt>
   <trkpt lat="63.457259" lon="11.419751"><ele>51.5</ele></trkpt>
   <trkpt lat="63.45726" lon="11.419445"><ele>51.25</ele></trkpt>
   <trkpt lat="63.457258" lon="11.419185"><ele>51</ele></trkpt>
   <trkpt lat="63.457243" lon="11.418711"><ele>51.25</ele></trkpt>
   <trkpt lat="63.457228" lon="11.418466"><ele>51.5</ele></trkpt>
   <trkpt lat="63.457186" lon="11.418011"><ele>52</ele></trkpt>
   <trkpt lat="63.457133" lon="11.417594"><ele>52.75</ele></trkpt>
   <trkpt lat="63.4571" lon="11.417385"><ele>53</ele></trkpt>
   <trkpt lat="63.457012" lon="11.416917"><ele>54.25</ele></trkpt>
   <trkpt lat="63.456954" lon="11.416649"><ele>55</ele></trkpt>
   <trkpt lat="63.456832" lon="11.416164"><ele>54</ele></trkpt>
   <trkpt lat="63.456767" lon="11.415949"><ele>53.25</ele></trkpt>
   <trkpt lat="63.456591" lon="11.41543"><ele>51.25</ele></trkpt>
   <trkpt lat="63.455886" lon="11.413608"><ele>51.75</ele></trkpt>
   <trkpt lat="63.45576" lon="11.413267"><ele>51.75</ele></trkpt>
   <trkpt lat="63.455643" lon="11.412927"><ele>54.75</ele></trkpt>
   <trkpt lat="63.455497" lon="11.412418"><ele>56</ele></trkpt>
   <trkpt lat="63.455433" lon="11.412148"><ele>56.5</ele></trkpt>
   <trkpt lat="63.45537" lon="11.411843"><ele>56.5</ele></trkpt>
   <trkpt lat="63.455315" lon="11.411523"><ele>55.75</ele></trkpt>
   <trkpt lat="63.455262" lon="11.411135"><ele>55.25</ele></trkpt>
   <trkpt lat="63.455231" lon="11.410856"><ele>54.5</ele></trkpt>
   <trkpt lat="63.45519" lon="11.410284"><ele>54</ele></trkpt>
   <trkpt lat="63.455177" lon="11.409902"><ele>53.5</ele></trkpt>
   <trkpt lat="63.455179" lon="11.409304"><ele>52</ele></trkpt>
   <trkpt lat="63.455184" lon="11.409209"><ele>51.75</ele></trkpt>
   <trkpt lat="63.455205" lon="11.408861"><ele>53.25</ele></trkpt>
   <trkpt lat="63.455235" lon="11.408496"><ele>55</ele></trkpt>
   <trkpt lat="63.455287" lon="11.408051"><ele>56.75</ele></trkpt>
   <trkpt lat="63.455319" lon="11.407826"><ele>57.25</ele></trkpt>
   <trkpt lat="63.455434" lon="11.407222"><ele>57.5</ele></trkpt>
   <trkpt lat="63.455528" lon="11.406818"><ele>56.25</ele></trkpt>
   <trkpt lat="63.455656" lon="11.406355"><ele>54.25</ele></trkpt>
   <trkpt lat="63.455881" lon="11.40562"><ele>50.75</ele></trkpt>
   <trkpt lat="63.455921" lon="11.405485"><ele>51.75</ele></trkpt>
   <trkpt lat="63.456687" lon="11.402931"><ele>48.25</ele></trkpt>
   <trkpt lat="63.456908" lon="11.402175"><ele>52.75</ele></trkpt>
   <trkpt lat="63.457085" lon="11.401534"><ele>54.5</ele></trkpt>
   <trkpt lat="63.457239" lon="11.400918"><ele>53</ele></trkpt>
   <trkpt lat="63.457439" lon="11.40004"><ele>47.75</ele></trkpt>
   <trkpt lat="63.45754" lon="11.399554"><ele>46.75</ele></trkpt>
   <trkpt lat="63.457639" lon="11.399036"><ele>47.25</ele></trkpt>
   <trkpt lat="63.457814" lon="11.398016"><ele>47</ele></trkpt>
   <trkpt lat="63.45788" lon="11.397584"><ele>46.5</ele></trkpt>
   <trkpt lat="63.457975" lon="11.396893"><ele>45.5</ele></trkpt>
   <trkpt lat="63.458038" lon="11.396388"><ele>45.25</ele></trkpt>
   <trkpt lat="63.458117" lon="11.395644"><ele>45.25</ele></trkpt>
   <trkpt lat="63.45821" lon="11.394566"><ele>45.5</ele></trkpt>
   <trkpt lat="63.458283" lon="11.393382"><ele>45</ele></trkpt>
   <trkpt lat="63.458308" lon="11.392755"><ele>45</ele></trkpt>
   <trkpt lat="63.458328" lon="11.392004"><ele>45</ele></trkpt>
   <trkpt lat="63.458333" lon="11.391397"><ele>45.25</ele></trkpt>
   <trkpt lat="63.458328" lon="11.390595"><ele>47</ele></trkpt>
   <trkpt lat="63.458299" lon="11.389473"><ele>49.75</ele></trkpt>
   <trkpt lat="63.458254" lon="11.388534"><ele>52.25</ele></trkpt>
   <trkpt lat="63.458013" lon="11.384388"><ele>50.75</ele></trkpt>
   <trkpt lat="63.457792" lon="11.380578"><ele>44</ele></trkpt>
   <trkpt lat="63.457732" lon="11.379323"><ele>44</ele></trkpt>
   <trkpt lat="63.457697" lon="11.378389"><ele>43.75</ele></trkpt>
   <trkpt lat="63.457665" lon="11.377283"><ele>43.5</ele></trkpt>
   <trkpt lat="63.457642" lon="11.376029"><ele>43</ele></trkpt>
   <trkpt lat="63.457634" lon="11.374627"><ele>42.75</ele></trkpt>
   <trkpt lat="63.457639" lon="11.373606"><ele>42.75</ele></trkpt>
   <trkpt lat="63.457669" lon="11.371814"><ele>52</ele></trkpt>
   <trkpt lat="63.457705" lon="11.370646"><ele>49.75</ele></trkpt>
   <trkpt lat="63.457741" lon="11.369736"><ele>50.75</ele></trkpt>
   <trkpt lat="63.457781" lon="11.368884"><ele>50.75</ele></trkpt>
   <trkpt lat="63.457852" lon="11.367604"><ele>46.75</ele></trkpt>
   <trkpt lat="63.458249" lon="11.361738"><ele>46.75</ele></trkpt>
   <trkpt lat="63.458317" lon="11.360426"><ele>44.5</ele></trkpt>
   <trkpt lat="63.458346" lon="11.359702"><ele>43.75</ele></trkpt>
   <trkpt lat="63.45838" lon="11.358508"><ele>43</ele></trkpt>
   <trkpt lat="63.458387" lon="11.358011"><ele>42.75</ele></trkpt>
   <trkpt lat="63.458397" lon="11.35743"><ele>42.75</ele></trkpt>
   <trkpt lat="63.458395" lon="11.355781"><ele>41.75</ele></trkpt>
   <trkpt lat="63.458382" lon="11.35492"><ele>41.75</ele></trkpt>
   <trkpt lat="63.458362" lon="11.354101"><ele>40.75</ele></trkpt>
   <trkpt lat="63.458311" lon="11.352837"><ele>40.75</ele></trkpt>
   <trkpt lat="63.458251" lon="11.351668"><ele>40.75</ele></trkpt>
   <trkpt lat="63.458156" lon="11.350273"><ele>40</ele></trkpt>
   <trkpt lat="63.458073" lon="11.349253"><ele>39.25</ele></trkpt>
   <trkpt lat="63.457975" lon="11.348219"><ele>39</ele></trkpt>
   <trkpt lat="63.457908" lon="11.347582"><ele>39.75</ele></trkpt>
   <trkpt lat="63.457771" lon="11.346411"><ele>40.5</ele></trkpt>
   <trkpt lat="63.457688" lon="11.345768"><ele>40.75</ele></trkpt>
   <trkpt lat="63.457508" lon="11.344511"><ele>40.75</ele></trkpt>
   <trkpt lat="63.456677" lon="11.33887"><ele>41.75</ele></trkpt>
   <trkpt lat="63.456547" lon="11.337874"><ele>40</ele></trkpt>
   <trkpt lat="63.456438" lon="11.336794"><ele>38</ele></trkpt>
   <trkpt lat="63.4564" lon="11.336302"><ele>37.25</ele></trkpt>
   <trkpt lat="63.456364" lon="11.335695"><ele>36.5</ele></trkpt>
   <trkpt lat="63.45633" lon="11.33481"><ele>36</ele></trkpt>
   <trkpt lat="63.456317" lon="11.334029"><ele>36</ele></trkpt>
   <trkpt lat="63.456318" lon="11.33361"><ele>35.75</ele></trkpt>
   <trkpt lat="63.456339" lon="11.332609"><ele>36.75</ele></trkpt>
   <trkpt lat="63.456378" lon="11.331827"><ele>39.75</ele></trkpt>
   <trkpt lat="63.45644" lon="11.330961"><ele>39.5</ele></trkpt>
   <trkpt lat="63.456484" lon="11.330478"><ele>39.5</ele></trkpt>
   <trkpt lat="63.456541" lon="11.329943"><ele>40</ele></trkpt>
   <trkpt lat="63.456646" lon="11.329091"><ele>44.25</ele></trkpt>
   <trkpt lat="63.457734" lon="11.320816"><ele>35.75</ele></trkpt>
   <trkpt lat="63.458144" lon="11.317661"><ele>41.25</ele></trkpt>
   <trkpt lat="63.458185" lon="11.317305"><ele>40.5</ele></trkpt>
   <trkpt lat="63.4583" lon="11.316148"><ele>37.25</ele></trkpt>
   <trkpt lat="63.458386" lon="11.314985"><ele>35.75</ele></trkpt>
   <trkpt lat="63.458416" lon="11.314477"><ele>35.5</ele></trkpt>
   <trkpt lat="63.458443" lon="11.313874"><ele>35.5</ele></trkpt>
   <trkpt lat="63.458468" lon="11.313073"><ele>35.75</ele></trkpt>
   <trkpt lat="63.458478" lon="11.312438"><ele>36.25</ele></trkpt>
   <trkpt lat="63.458478" lon="11.311597"><ele>37</ele></trkpt>
   <trkpt lat="63.458469" lon="11.310907"><ele>37.75</ele></trkpt>
   <trkpt lat="63.458447" lon="11.310211"><ele>37.5</ele></trkpt>
   <trkpt lat="63.458421" lon="11.309671"><ele>37.25</ele></trkpt>
   <trkpt lat="63.45837" lon="11.309005"><ele>36.5</ele></trkpt>
   <trkpt lat="63.458337" lon="11.308679"><ele>35.25</ele></trkpt>
   <trkpt lat="63.458299" lon="11.308353"><ele>35.75</ele></trkpt>
   <trkpt lat="63.458245" lon="11.307961"><ele>37.5</ele></trkpt>
   <trkpt lat="63.458172" lon="11.307511"><ele>39.75</ele></trkpt>
   <trkpt lat="63.458079" lon="11.307027"><ele>42.25</ele></trkpt>
   <trkpt lat="63.457845" lon="11.305879"><ele>40.5</ele></trkpt>
   <trkpt lat="63.457767" lon="11.305459"><ele>39.5</ele></trkpt>
   <trkpt lat="63.457676" lon="11.304893"><ele>38</ele></trkpt>
   <trkpt lat="63.457582" lon="11.304117"><ele>37.5</ele></trkpt>
   <trkpt lat="63.457547" lon="11.30374"><ele>37</ele></trkpt>
   <trkpt lat="63.457454" lon="11.302515"><ele>35.5</ele></trkpt>
   <trkpt lat="63.457383" lon="11.301441"><ele>36.5</ele></trkpt>
   <trkpt lat="63.457299" lon="11.299951"><ele>37.75</ele></trkpt>
   <trkpt lat="63.45727" lon="11.299176"><ele>40</ele></trkpt>
   <trkpt lat="63.457267" lon="11.298821"><ele>41</ele></trkpt>
   <trkpt lat="63.457273" lon="11.298467"><ele>41.5</ele></trkpt>
   <trkpt lat="63.457287" lon="11.29814"><ele>41.5</ele></trkpt>
   <trkpt lat="63.45731" lon="11.297788"><ele>41</ele></trkpt>
   <trkpt lat="63.457346" lon="11.297406"><ele>40.25</ele></trkpt>
   <trkpt lat="63.457393" lon="11.297038"><ele>39.5</ele></trkpt>
   <trkpt lat="63.457503" lon="11.296388"><ele>37.75</ele></trkpt>
   <trkpt lat="63.457576" lon="11.296047"><ele>39.5</ele></trkpt>
   <trkpt lat="63.45769" lon="11.295564"><ele>42.25</ele></trkpt>
   <trkpt lat="63.45797" lon="11.294431"><ele>43.25</ele></trkpt>
   <trkpt lat="63.458103" lon="11.293845"><ele>41</ele></trkpt>
   <trkpt lat="63.458238" lon="11.293182"><ele>39.25</ele></trkpt>
   <trkpt lat="63.458443" lon="11.292063"><ele>42</ele></trkpt>
   <trkpt lat="63.458588" lon="11.291133"><ele>41.75</ele></trkpt>
   <trkpt lat="63.458677" lon="11.290507"><ele>40.5</ele></trkpt>
   <trkpt lat="63.458763" lon="11.289787"><ele>38.5</ele></trkpt>
   <trkpt lat="63.458818" lon="11.289257"><ele>37.5</ele></trkpt>
   <trkpt lat="63.458869" lon="11.288525"><ele>35.75</ele></trkpt>
   <trkpt lat="63.458881" lon="11.288208"><ele>35.25</ele></trkpt>
   <trkpt lat="63.45889" lon="11.287634"><ele>35</ele></trkpt>
   <trkpt lat="63.458886" lon="11.287302"><ele>35</ele></trkpt>
   <trkpt lat="63.458871" lon="11.286853"><ele>35.5</ele></trkpt>
   <trkpt lat="63.458838" lon="11.286313"><ele>38.25</ele></trkpt>
   <trkpt lat="63.458816" lon="11.286051"><ele>40.25</ele></trkpt>
   <trkpt lat="63.458754" lon="11.285491"><ele>44</ele></trkpt>
   <trkpt lat="63.458677" lon="11.284954"><ele>46.75</ele></trkpt>
   <trkpt lat="63.458581" lon="11.284436"><ele>46</ele></trkpt>
   <trkpt lat="63.458495" lon="11.284045"><ele>44.75</ele></trkpt>
   <trkpt lat="63.458374" lon="11.283562"><ele>42</ele></trkpt>
   <trkpt lat="63.458233" lon="11.283087"><ele>40.25</ele></trkpt>
   <trkpt lat="63.458136" lon="11.282799"><ele>39.5</ele></trkpt>
   <trkpt lat="63.457941" lon="11.282294"><ele>40.25</ele></trkpt>
   <trkpt lat="63.457741" lon="11.281849"><ele>41.75</ele></trkpt>
   <trkpt lat="63.457449" lon="11.281323"><ele>40.75</ele></trkpt>
   <trkpt lat="63.457248" lon="11.28102"><ele>39.5</ele></trkpt>
   <trkpt lat="63.457033" lon="11.280749"><ele>39.5</ele></trkpt>
   <trkpt lat="63.456836" lon="11.280534"><ele>40.25</ele></trkpt>
   <trkpt lat="63.456588" lon="11.280313"><ele>40.75</ele></trkpt>
   <trkpt lat="63.456407" lon="11.280175"><ele>41</ele></trkpt>
   <trkpt lat="63.456187" lon="11.280037"><ele>42.25</ele></trkpt>
   <trkpt lat="63.447955" lon="11.275004"><ele>49.5</ele></trkpt>
   <trkpt lat="63.446442" lon="11.27408"><ele>48.25</ele></trkpt>
   <trkpt lat="63.446117" lon="11.27386"><ele>48</ele></trkpt>
   <trkpt lat="63.445753" lon="11.273567"><ele>45.75</ele></trkpt>
   <trkpt lat="63.445593" lon="11.273422"><ele>44.5</ele></trkpt>
   <trkpt lat="63.445251" lon="11.273079"><ele>43.5</ele></trkpt>
   <trkpt lat="63.444832" lon="11.27258"><ele>43</ele></trkpt>
   <trkpt lat="63.444563" lon="11.272219"><ele>43</ele></trkpt>
   <trkpt lat="63.444309" lon="11.271846"><ele>43</ele></trkpt>
   <trkpt lat="63.443953" lon="11.271256"><ele>42.75</ele></trkpt>
   <trkpt lat="63.443522" lon="11.270425"><ele>41</ele></trkpt>
   <trkpt lat="63.443308" lon="11.269957"><ele>43</ele></trkpt>
   <trkpt lat="63.442998" lon="11.269212"><ele>40.75</ele></trkpt>
   <trkpt lat="63.442804" lon="11.268694"><ele>38.75</ele></trkpt>
   <trkpt lat="63.442607" lon="11.268101"><ele>40</ele></trkpt>
   <trkpt lat="63.442462" lon="11.267625"><ele>42.75</ele></trkpt>
   <trkpt lat="63.442125" lon="11.266402"><ele>43</ele></trkpt>
   <trkpt lat="63.441812" lon="11.26521"><ele>40.5</ele></trkpt>
   <trkpt lat="63.440213" lon="11.25903"><ele>29.25</ele></trkpt>
   <trkpt lat="63.440023" lon="11.258315"><ele>31.75</ele></trkpt>
   <trkpt lat="63.439727" lon="11.257147"><ele>31.75</ele></trkpt>
   <trkpt lat="63.439693" lon="11.257017"><ele>32</ele></trkpt>
   <trkpt lat="63.438584" lon="11.252748"><ele>38.75</ele></trkpt>
   <trkpt lat="63.438155" lon="11.251067"><ele>40</ele></trkpt>
   <trkpt lat="63.438037" lon="11.250524"><ele>38.75</ele></trkpt>
   <trkpt lat="63.437938" lon="11.249979"><ele>35.25</ele></trkpt>
   <trkpt lat="63.437842" lon="11.249279"><ele>32.75</ele></trkpt>
   <trkpt lat="63.437775" lon="11.248491"><ele>34.75</ele></trkpt>
   <trkpt lat="63.43775" lon="11.248031"><ele>36.75</ele></trkpt>
   <trkpt lat="63.43774" lon="11.247657"><ele>38</ele></trkpt>
   <trkpt lat="63.437747" lon="11.246831"><ele>43</ele></trkpt>
   <trkpt lat="63.437764" lon="11.246391"><ele>44.25</ele></trkpt>
   <trkpt lat="63.437801" lon="11.245761"><ele>44.5</ele></trkpt>
   <trkpt lat="63.437892" lon="11.24458"><ele>47.25</ele></trkpt>
   <trkpt lat="63.437954" lon="11.243907"><ele>46</ele></trkpt>
   <trkpt lat="63.438031" lon="11.243237"><ele>42.25</ele></trkpt>
   <trkpt lat="63.43812" lon="11.242619"><ele>36.25</ele></trkpt>
   <trkpt lat="63.438181" lon="11.242247"><ele>33.5</ele></trkpt>
   <trkpt lat="63.438268" lon="11.241775"><ele>31</ele></trkpt>
   <trkpt lat="63.438339" lon="11.241423"><ele>31</ele></trkpt>
   <trkpt lat="63.438476" lon="11.240838"><ele>36</ele></trkpt>
   <trkpt lat="63.439063" lon="11.238472"><ele>29.75</ele></trkpt>
   <trkpt lat="63.439228" lon="11.237734"><ele>29.5</ele></trkpt>
   <trkpt lat="63.439319" lon="11.23721"><ele>32</ele></trkpt>
   <trkpt lat="63.43938" lon="11.23674"><ele>34.5</ele></trkpt>
   <trkpt lat="63.43943" lon="11.236173"><ele>36</ele></trkpt>
   <trkpt lat="63.439451" lon="11.235692"><ele>37.75</ele></trkpt>
   <trkpt lat="63.439455" lon="11.235346"><ele>39</ele></trkpt>
   <trkpt lat="63.439449" lon="11.234935"><ele>40.75</ele></trkpt>
   <trkpt lat="63.439414" lon="11.234221"><ele>42</ele></trkpt>
   <trkpt lat="63.439352" lon="11.233456"><ele>40</ele></trkpt>
   <trkpt lat="63.439248" lon="11.232319"><ele>27.5</ele></trkpt>
   <trkpt lat="63.439076" lon="11.230626"><ele>28</ele></trkpt>
   <trkpt lat="63.439001" lon="11.229952"><ele>30</ele></trkpt>
   <trkpt lat="63.438831" lon="11.228576"><ele>41.75</ele></trkpt>
   <trkpt lat="63.438572" lon="11.226829"><ele>30.25</ele></trkpt>
   <trkpt lat="63.438482" lon="11.226168"><ele>28.25</ele></trkpt>
   <trkpt lat="63.438454" lon="11.225907"><ele>28.25</ele></trkpt>
   <trkpt lat="63.438413" lon="11.225406"><ele>28.25</ele></trkpt>
   <trkpt lat="63.438398" lon="11.225123"><ele>28.25</ele></trkpt>
   <trkpt lat="63.438386" lon="11.224572"><ele>28.75</ele></trkpt>
   <trkpt lat="63.438396" lon="11.223999"><ele>29.25</ele></trkpt>
   <trkpt lat="63.43841" lon="11.223733"><ele>29.25</ele></trkpt>
   <trkpt lat="63.438454" lon="11.223193"><ele>29.75</ele></trkpt>
   <trkpt lat="63.438511" lon="11.222694"><ele>31.25</ele></trkpt>
   <trkpt lat="63.438639" lon="11.221775"><ele>36.5</ele></trkpt>
   <trkpt lat="63.438787" lon="11.220796"><ele>38.5</ele></trkpt>
   <trkpt lat="63.438917" lon="11.219966"><ele>33.75</ele></trkpt>
   <trkpt lat="63.439089" lon="11.218961"><ele>28.25</ele></trkpt>
   <trkpt lat="63.439176" lon="11.218533"><ele>25.75</ele></trkpt>
   <trkpt lat="63.439278" lon="11.218101"><ele>24.75</ele></trkpt>
   <trkpt lat="63.439388" lon="11.217719"><ele>23.25</ele></trkpt>
   <trkpt lat="63.439481" lon="11.217434"><ele>22.75</ele></trkpt>
   <trkpt lat="63.439515" lon="11.21734"><ele>23</ele></trkpt>
   <trkpt lat="63.439634" lon="11.217031"><ele>23.75</ele></trkpt>
   <trkpt lat="63.439854" lon="11.216554"><ele>24.75</ele></trkpt>
   <trkpt lat="63.440017" lon="11.216258"><ele>26.75</ele></trkpt>
   <trkpt lat="63.4402" lon="11.215968"><ele>27.75</ele></trkpt>
   <trkpt lat="63.440393" lon="11.215718"><ele>28</ele></trkpt>
   <trkpt lat="63.440594" lon="11.215503"><ele>27.75</ele></trkpt>
   <trkpt lat="63.441092" lon="11.21506"><ele>26</ele></trkpt>
   <trkpt lat="63.441338" lon="11.214826"><ele>27</ele></trkpt>
   <trkpt lat="63.441429" lon="11.214727"><ele>27.75</ele></trkpt>
   <trkpt lat="63.441675" lon="11.214406"><ele>30.75</ele></trkpt>
   <trkpt lat="63.441883" lon="11.214077"><ele>31.75</ele></trkpt>
   <trkpt lat="63.44212" lon="11.213614"><ele>30.75</ele></trkpt>
   <trkpt lat="63.442258" lon="11.213278"><ele>28.75</ele></trkpt>
   <trkpt lat="63.44243" lon="11.212804"><ele>25.75</ele></trkpt>
   <trkpt lat="63.44252" lon="11.21252"><ele>24.5</ele></trkpt>
   <trkpt lat="63.442754" lon="11.211718"><ele>27.25</ele></trkpt>
   <trkpt lat="63.443101" lon="11.21049"><ele>27.25</ele></trkpt>
   <trkpt lat="63.443295" lon="11.209776"><ele>23.75</ele></trkpt>
   <trkpt lat="63.443764" lon="11.207943"><ele>23.5</ele></trkpt>
   <trkpt lat="63.444026" lon="11.206856"><ele>26</ele></trkpt>
   <trkpt lat="63.444321" lon="11.205569"><ele>24</ele></trkpt>
   <trkpt lat="63.444655" lon="11.204012"><ele>24.75</ele></trkpt>
   <trkpt lat="63.445432" lon="11.200209"><ele>22.75</ele></trkpt>
   <trkpt lat="63.445454" lon="11.2001"><ele>22.75</ele></trkpt>
   <trkpt lat="63.445745" lon="11.198668"><ele>25</ele></trkpt>
   <trkpt lat="63.445879" lon="11.198049"><ele>23</ele></trkpt>
   <trkpt lat="63.445935" lon="11.197812"><ele>23</ele></trkpt>
   <trkpt lat="63.446137" lon="11.197062"><ele>21.75</ele></trkpt>
   <trkpt lat="63.446325" lon="11.196481"><ele>21</ele></trkpt>
   <trkpt lat="63.446486" lon="11.19604"><ele>21</ele></trkpt>
   <trkpt lat="63.446617" lon="11.195718"><ele>21.5</ele></trkpt>
   <trkpt lat="63.446866" lon="11.195179"><ele>24.5</ele></trkpt>
   <trkpt lat="63.447167" lon="11.194633"><ele>26.25</ele></trkpt>
   <trkpt lat="63.447425" lon="11.194237"><ele>23.5</ele></trkpt>
   <trkpt lat="63.447772" lon="11.193786"><ele>25.25</ele></trkpt>
   <trkpt lat="63.448172" lon="11.193378"><ele>24.75</ele></trkpt>
   <trkpt lat="63.44832" lon="11.193255"><ele>24.5</ele></trkpt>
   <trkpt lat="63.448578" lon="11.193071"><ele>25.25</ele></trkpt>
   <trkpt lat="63.448953" lon="11.192862"><ele>25</ele></trkpt>
   <trkpt lat="63.449392" lon="11.19268"><ele>23.75</ele></trkpt>
   <trkpt lat="63.449841" lon="11.192549"><ele>22.5</ele></trkpt>
   <trkpt lat="63.449884" lon="11.192539"><ele>22.25</ele></trkpt>
   <trkpt lat="63.450351" lon="11.192467"><ele>21.75</ele></trkpt>
   <trkpt lat="63.450669" lon="11.192445"><ele>21.5</ele></trkpt>
   <trkpt lat="63.451143" lon="11.192438"><ele>22.25</ele></trkpt>
   <trkpt lat="63.451415" lon="11.192416"><ele>23</ele></trkpt>
   <trkpt lat="63.451614" lon="11.192382"><ele>23.5</ele></trkpt>
   <trkpt lat="63.451933" lon="11.192271"><ele>22.5</ele></trkpt>
   <trkpt lat="63.452148" lon="11.19216"><ele>21.25</ele></trkpt>
   <trkpt lat="63.452458" lon="11.19194"><ele>19</ele></trkpt>
   <trkpt lat="63.452651" lon="11.191766"><ele>18.75</ele></trkpt>
   <trkpt lat="63.452905" lon="11.191486"><ele>19.25</ele></trkpt>
   <trkpt lat="63.453111" lon="11.19122"><ele>19.75</ele></trkpt>
   <trkpt lat="63.45339" lon="11.190782"><ele>19.75</ele></trkpt>
   <trkpt lat="63.453497" lon="11.190588"><ele>19.5</ele></trkpt>
   <trkpt lat="63.453724" lon="11.190121"><ele>18.5</ele></trkpt>
   <trkpt lat="63.453949" lon="11.189562"><ele>18.75</ele></trkpt>
   <trkpt lat="63.4542" lon="11.18885"><ele>19</ele></trkpt>
   <trkpt lat="63.455095" lon="11.186237"><ele>18</ele></trkpt>
   <trkpt lat="63.455415" lon="11.185332"><ele>18</ele></trkpt>
   <trkpt lat="63.455655" lon="11.18471"><ele>18</ele></trkpt>
   <trkpt lat="63.455878" lon="11.184176"><ele>17.75</ele></trkpt>
   <trkpt lat="63.456031" lon="11.183833"><ele>16.5</ele></trkpt>
   <trkpt lat="63.456305" lon="11.183261"><ele>15.5</ele></trkpt>
   <trkpt lat="63.456414" lon="11.183043"><ele>15.75</ele></trkpt>
   <trkpt lat="63.456651" lon="11.182604"><ele>16.5</ele></trkpt>
   <trkpt lat="63.456895" lon="11.182183"><ele>18</ele></trkpt>
   <trkpt lat="63.457111" lon="11.18183"><ele>19</ele></trkpt>
   <trkpt lat="63.457537" lon="11.181202"><ele>24</ele></trkpt>
   <trkpt lat="63.458725" lon="11.179564"><ele>21.25</ele></trkpt>
   <trkpt lat="63.459004" lon="11.179154"><ele>20.75</ele></trkpt>
   <trkpt lat="63.459243" lon="11.178744"><ele>24.75</ele></trkpt>
   <trkpt lat="63.459371" lon="11.178472"><ele>26.75</ele></trkpt>
   <trkpt lat="63.459494" lon="11.178169"><ele>27.75</ele></trkpt>
   <trkpt lat="63.459631" lon="11.177761"><ele>27.25</ele></trkpt>
   <trkpt lat="63.459684" lon="11.177577"><ele>26.5</ele></trkpt>
   <trkpt lat="63.459844" lon="11.17694"><ele>22.25</ele></trkpt>
   <trkpt lat="63.459932" lon="11.176456"><ele>19.5</ele></trkpt>
   <trkpt lat="63.459973" lon="11.176158"><ele>18.25</ele></trkpt>
   <trkpt lat="63.460027" lon="11.17568"><ele>17.5</ele></trkpt>
   <trkpt lat="63.460047" lon="11.175426"><ele>17</ele></trkpt>
   <trkpt lat="63.460071" lon="11.174818"><ele>16.25</ele></trkpt>
   <trkpt lat="63.460081" lon="11.173923"><ele>16.25</ele></trkpt>
   <trkpt lat="63.460057" lon="11.161907"><ele>16.75</ele></trkpt>
   <trkpt lat="63.460043" lon="11.154064"><ele>16.75</ele></trkpt>
   <trkpt lat="63.460035" lon="11.152812"><ele>16.25</ele></trkpt>
   <trkpt lat="63.460028" lon="11.152467"><ele>15.75</ele></trkpt>
   <trkpt lat="63.460001" lon="11.151713"><ele>15</ele></trkpt>
   <trkpt lat="63.459964" lon="11.151039"><ele>14.25</ele></trkpt>
   <trkpt lat="63.459903" lon="11.150247"><ele>14</ele></trkpt>
   <trkpt lat="63.459834" lon="11.149551"><ele>15.5</ele></trkpt>
   <trkpt lat="63.459781" lon="11.149112"><ele>17.25</ele></trkpt>
   <trkpt lat="63.459677" lon="11.148358"><ele>19.75</ele></trkpt>
   <trkpt lat="63.459625" lon="11.148021"><ele>19.5</ele></trkpt>
   <trkpt lat="63.459514" lon="11.147388"><ele>18.75</ele></trkpt>
   <trkpt lat="63.459198" lon="11.14582"><ele>16.5</ele></trkpt>
   <trkpt lat="63.459027" lon="11.14494"><ele>17.75</ele></trkpt>
   <trkpt lat="63.458891" lon="11.144055"><ele>21.25</ele></trkpt>
   <trkpt lat="63.458829" lon="11.143537"><ele>22.25</ele></trkpt>
   <trkpt lat="63.458763" lon="11.142912"><ele>22.75</ele></trkpt>
   <trkpt lat="63.458695" lon="11.142181"><ele>22.5</ele></trkpt>
   <trkpt lat="63.458617" lon="11.141186"><ele>21.25</ele></trkpt>
   <trkpt lat="63.458588" lon="11.140719"><ele>20.25</ele></trkpt>
   <trkpt lat="63.458546" lon="11.139744"><ele>18</ele></trkpt>
   <trkpt lat="63.45853" lon="11.139024"><ele>17.5</ele></trkpt>
   <trkpt lat="63.458524" lon="11.138185"><ele>16</ele></trkpt>
   <trkpt lat="63.458529" lon="11.137714"><ele>15</ele></trkpt>
   <trkpt lat="63.458551" lon="11.136879"><ele>14</ele></trkpt>
   <trkpt lat="63.458592" lon="11.136005"><ele>14.25</ele></trkpt>
   <trkpt lat="63.458635" lon="11.135357"><ele>14.5</ele></trkpt>
   <trkpt lat="63.458695" lon="11.134639"><ele>15.25</ele></trkpt>
   <trkpt lat="63.459205" lon="11.129255"><ele>13.75</ele></trkpt>
   <trkpt lat="63.460327" lon="11.11752"><ele>13.75</ele></trkpt>
   <trkpt lat="63.46034" lon="11.117383"><ele>15</ele></trkpt>
   <trkpt lat="63.460713" lon="11.113477"><ele>13.75</ele></trkpt>
   <trkpt lat="63.460853" lon="11.11194"><ele>17</ele></trkpt>
   <trkpt lat="63.460955" lon="11.110595"><ele>16.25</ele></trkpt>
   <trkpt lat="63.461013" lon="11.109637"><ele>15.75</ele></trkpt>
   <trkpt lat="63.461056" lon="11.108814"><ele>15.75</ele></trkpt>
   <trkpt lat="63.461094" lon="11.107897"><ele>15</ele></trkpt>
   <trkpt lat="63.461108" lon="11.107412"><ele>15</ele></trkpt>
   <trkpt lat="63.461115" lon="11.106922"><ele>15</ele></trkpt>
   <trkpt lat="63.461114" lon="11.106359"><ele>15.25</ele></trkpt>
   <trkpt lat="63.461074" lon="11.103421"><ele>15.75</ele></trkpt>
   <trkpt lat="63.461068" lon="11.103021"><ele>15.5</ele></trkpt>
   <trkpt lat="63.461038" lon="11.100784"><ele>15.75</ele></trkpt>
   <trkpt lat="63.461012" lon="11.100041"><ele>18</ele></trkpt>
   <trkpt lat="63.460989" lon="11.099659"><ele>18.5</ele></trkpt>
   <trkpt lat="63.460894" lon="11.098424"><ele>19</ele></trkpt>
   <trkpt lat="63.460811" lon="11.097445"><ele>18</ele></trkpt>
   <trkpt lat="63.46065" lon="11.095844"><ele>14.75</ele></trkpt>
   <trkpt lat="63.460496" lon="11.094545"><ele>11.25</ele></trkpt>
   <trkpt lat="63.460287" lon="11.092926"><ele>11.25</ele></trkpt>
   <trkpt lat="63.460261" lon="11.092732"><ele>11.25</ele></trkpt>
   <trkpt lat="63.458058" lon="11.075551"><ele>8</ele></trkpt>
   <trkpt lat="63.457371" lon="11.070203"><ele>8.5</ele></trkpt>
   <trkpt lat="63.456895" lon="11.066491"><ele>10</ele></trkpt>
   <trkpt lat="63.456678" lon="11.064806"><ele>9.5</ele></trkpt>
   <trkpt lat="63.45609" lon="11.06023"><ele>6.5</ele></trkpt>
   <trkpt lat="63.456075" lon="11.060114"><ele>6.75</ele></trkpt>
   <trkpt lat="63.455966" lon="11.059245"><ele>8</ele></trkpt>
   <trkpt lat="63.45526" lon="11.05376"><ele>7.5</ele></trkpt>
   <trkpt lat="63.454194" lon="11.045475"><ele>7.25</ele></trkpt>
   <trkpt lat="63.452872" lon="11.035177"><ele>7</ele></trkpt>
   <trkpt lat="63.452086" lon="11.029078"><ele>5</ele></trkpt>
   <trkpt lat="63.452008" lon="11.028504"><ele>5.75</ele></trkpt>
   <trkpt lat="63.451923" lon="11.028005"><ele>7.25</ele></trkpt>
   <trkpt lat="63.451877" lon="11.027758"><ele>8.25</ele></trkpt>
   <trkpt lat="63.451798" lon="11.027347"><ele>9</ele></trkpt>
   <trkpt lat="63.45173" lon="11.027038"><ele>7.75</ele></trkpt>
   <trkpt lat="63.451586" lon="11.026441"><ele>7.25</ele></trkpt>
   <trkpt lat="63.451422" lon="11.025844"><ele>7.75</ele></trkpt>
   <trkpt lat="63.451175" lon="11.025076"><ele>7.25</ele></trkpt>
   <trkpt lat="63.451075" lon="11.024803"><ele>6.5</ele></trkpt>
   <trkpt lat="63.450879" lon="11.024309"><ele>5.5</ele></trkpt>
   <trkpt lat="63.450732" lon="11.023968"><ele>6.25</ele></trkpt>
   <trkpt lat="63.450326" lon="11.023125"><ele>7</ele></trkpt>
   <trkpt lat="63.450072" lon="11.022569"><ele>5.25</ele></trkpt>
   <trkpt lat="63.449936" lon="11.022233"><ele>6.75</ele></trkpt>
   <trkpt lat="63.44982" lon="11.021898"><ele>10.5</ele></trkpt>
   <trkpt lat="63.449729" lon="11.021599"><ele>12.75</ele></trkpt>
   <trkpt lat="63.449653" lon="11.021317"><ele>13.25</ele></trkpt>
   <trkpt lat="63.449572" lon="11.02097"><ele>12.25</ele></trkpt>
   <trkpt lat="63.449501" lon="11.020627"><ele>13</ele></trkpt>
   <trkpt lat="63.449444" lon="11.020274"><ele>16</ele></trkpt>
   <trkpt lat="63.449382" lon="11.019822"><ele>18.5</ele></trkpt>
   <trkpt lat="63.449337" lon="11.019396"><ele>18.5</ele></trkpt>
   <trkpt lat="63.449312" lon="11.018984"><ele>17.75</ele></trkpt>
   <trkpt lat="63.449295" lon="11.01857"><ele>16.25</ele></trkpt>
   <trkpt lat="63.449255" lon="11.01642"><ele>13.25</ele></trkpt>
   <trkpt lat="63.449182" lon="11.011701"><ele>9.75</ele></trkpt>
   <trkpt lat="63.449117" lon="11.007729"><ele>11.75</ele></trkpt>
   <trkpt lat="63.449052" lon="11.003801"><ele>11.75</ele></trkpt>
   <trkpt lat="63.449042" lon="11.00348"><ele>11.75</ele></trkpt>
   <trkpt lat="63.449029" lon="11.003068"><ele>11.75</ele></trkpt>
   <trkpt lat="63.448965" lon="11.001755"><ele>13.5</ele></trkpt>
   <trkpt lat="63.448864" lon="11.000382"><ele>14.25</ele></trkpt>
   <trkpt lat="63.448755" lon="10.999257"><ele>14</ele></trkpt>
   <trkpt lat="63.448662" lon="10.998447"><ele>17.75</ele></trkpt>
   <trkpt lat="63.448505" lon="10.997195"><ele>13.25</ele></trkpt>
   <trkpt lat="63.448298" lon="10.995735"><ele>8.25</ele></trkpt>
   <trkpt lat="63.448175" lon="10.994954"><ele>7.75</ele></trkpt>
   <trkpt lat="63.448048" lon="10.994253"><ele>6</ele></trkpt>
   <trkpt lat="63.447858" lon="10.993407"><ele>8</ele></trkpt>
   <trkpt lat="63.447653" lon="10.992616"><ele>7.75</ele></trkpt>
   <trkpt lat="63.447398" lon="10.991581"><ele>10.5</ele></trkpt>
   <trkpt lat="63.447254" lon="10.990888"><ele>14.5</ele></trkpt>
   <trkpt lat="63.447171" lon="10.990375"><ele>16.75</ele></trkpt>
   <trkpt lat="63.447082" lon="10.989663"><ele>18.75</ele></trkpt>
   <trkpt lat="63.446736" lon="10.986383"><ele>4.75</ele></trkpt>
   <trkpt lat="63.445961" lon="10.978914"><ele>3.75</ele></trkpt>
   <trkpt lat="63.445403" lon="10.973587"><ele>6.75</ele></trkpt>
   <trkpt lat="63.445309" lon="10.97252"><ele>3.75</ele></trkpt>
   <trkpt lat="63.445278" lon="10.972065"><ele>3.5</ele></trkpt>
   <trkpt lat="63.445251" lon="10.971555"><ele>3.25</ele></trkpt>
   <trkpt lat="63.445221" lon="10.970622"><ele>3.25</ele></trkpt>
   <trkpt lat="63.445213" lon="10.969863"><ele>3.25</ele></trkpt>
   <trkpt lat="63.445227" lon="10.968967"><ele>4</ele></trkpt>
   <trkpt lat="63.445263" lon="10.968105"><ele>4</ele></trkpt>
   <trkpt lat="63.44532" lon="10.967218"><ele>3</ele></trkpt>
   <trkpt lat="63.445418" lon="10.966209"><ele>2.25</ele></trkpt>
   <trkpt lat="63.445486" lon="10.96564"><ele>2.5</ele></trkpt>
   <trkpt lat="63.445575" lon="10.964989"><ele>3</ele></trkpt>
   <trkpt lat="63.445642" lon="10.964569"><ele>3</ele></trkpt>
   <trkpt lat="63.445755" lon="10.963924"><ele>3.25</ele></trkpt>
   <trkpt lat="63.445913" lon="10.963139"><ele>3.5</ele></trkpt>
   <trkpt lat="63.446285" lon="10.961449"><ele>2.5</ele></trkpt>
   <trkpt lat="63.446973" lon="10.958397"><ele>5</ele></trkpt>
   <trkpt lat="63.447515" lon="10.955947"><ele>6.75</ele></trkpt>
   <trkpt lat="63.447673" lon="10.955183"><ele>7.5</ele></trkpt>
   <trkpt lat="63.447811" lon="10.954467"><ele>7.5</ele></trkpt>
   <trkpt lat="63.447931" lon="10.9538"><ele>7.5</ele></trkpt>
   <trkpt lat="63.448072" lon="10.952928"><ele>8</ele></trkpt>
   <trkpt lat="63.448182" lon="10.952189"><ele>8</ele></trkpt>
   <trkpt lat="63.448292" lon="10.95136"><ele>8</ele></trkpt>
   <trkpt lat="63.448391" lon="10.950531"><ele>7.75</ele></trkpt>
   <trkpt lat="63.448497" lon="10.949515"><ele>7</ele></trkpt>
   <trkpt lat="63.448591" lon="10.948399"><ele>6.5</ele></trkpt>
   <trkpt lat="63.448659" lon="10.94738"><ele>6</ele></trkpt>
   <trkpt lat="63.448711" lon="10.946335"><ele>5.5</ele></trkpt>
   <trkpt lat="63.448743" lon="10.945401"><ele>5</ele></trkpt>
   <trkpt lat="63.448754" lon="10.944957"><ele>5</ele></trkpt>
   <trkpt lat="63.448766" lon="10.943991"><ele>5</ele></trkpt>
   <trkpt lat="63.448763" lon="10.942921"><ele>5</ele></trkpt>
   <trkpt lat="63.448752" lon="10.942257"><ele>4.75</ele></trkpt>
   <trkpt lat="63.448726" lon="10.941276"><ele>4.25</ele></trkpt>
   <trkpt lat="63.448665" lon="10.939975"><ele>4</ele></trkpt>
   <trkpt lat="63.448584" lon="10.93877"><ele>4</ele></trkpt>
   <trkpt lat="63.448483" lon="10.937596"><ele>4</ele></trkpt>
   <trkpt lat="63.448374" lon="10.936554"><ele>3.75</ele></trkpt>
   <trkpt lat="63.448254" lon="10.935579"><ele>3.75</ele></trkpt>
   <trkpt lat="63.448078" lon="10.934339"><ele>3.75</ele></trkpt>
   <trkpt lat="63.447892" lon="10.933199"><ele>4.5</ele></trkpt>
   <trkpt lat="63.447735" lon="10.932348"><ele>4.75</ele></trkpt>
   <trkpt lat="63.447587" lon="10.931608"><ele>4.5</ele></trkpt>
   <trkpt lat="63.447396" lon="10.930723"><ele>3.5</ele></trkpt>
   <trkpt lat="63.446815" lon="10.928265"><ele>2</ele></trkpt>
   <trkpt lat="63.446705" lon="10.927804"><ele>2.5</ele></trkpt>
   <trkpt lat="63.446031" lon="10.924934"><ele>6</ele></trkpt>
   <trkpt lat="63.445961" lon="10.9246"><ele>5.5</ele></trkpt>
   <trkpt lat="63.445887" lon="10.924203"><ele>4.75</ele></trkpt>
   <trkpt lat="63.445833" lon="10.923863"><ele>4.25</ele></trkpt>
   <trkpt lat="63.445783" lon="10.923497"><ele>4.25</ele></trkpt>
   <trkpt lat="63.445719" lon="10.922887"><ele>5.25</ele></trkpt>
   <trkpt lat="63.445683" lon="10.922318"><ele>7</ele></trkpt>
   <trkpt lat="63.445667" lon="10.921808"><ele>8.5</ele></trkpt>
   <trkpt lat="63.445664" lon="10.921527"><ele>9</ele></trkpt>
   <trkpt lat="63.44567" lon="10.921003"><ele>9</ele></trkpt>
   <trkpt lat="63.445701" lon="10.919571"><ele>6.5</ele></trkpt>
   <trkpt lat="63.445696" lon="10.919169"><ele>5.75</ele></trkpt>
   <trkpt lat="63.445684" lon="10.918852"><ele>5.25</ele></trkpt>
   <trkpt lat="63.445642" lon="10.918284"><ele>4.25</ele></trkpt>
   <trkpt lat="63.445607" lon="10.917945"><ele>3.5</ele></trkpt>
   <trkpt lat="63.445484" lon="10.916945"><ele>2.25</ele></trkpt>
   <trkpt lat="63.445469" lon="10.916817"><ele>2.25</ele></trkpt>
   <trkpt lat="63.445395" lon="10.916206"><ele>2.5</ele></trkpt>
   <trkpt lat="63.44534" lon="10.915644"><ele>2.75</ele></trkpt>
   <trkpt lat="63.445297" lon="10.915029"><ele>3.5</ele></trkpt>
   <trkpt lat="63.445269" lon="10.914483"><ele>3.5</ele></trkpt>
   <trkpt lat="63.445255" lon="10.914015"><ele>3.75</ele></trkpt>
   <trkpt lat="63.44525" lon="10.913296"><ele>4.5</ele></trkpt>
   <trkpt lat="63.445264" lon="10.912714"><ele>4</ele></trkpt>
   <trkpt lat="63.445294" lon="10.912186"><ele>3.75</ele></trkpt>
   <trkpt lat="63.44534" lon="10.91166"><ele>3.75</ele></trkpt>
   <trkpt lat="63.445404" lon="10.911138"><ele>3.75</ele></trkpt>
   <trkpt lat="63.445485" lon="10.910615"><ele>4</ele></trkpt>
   <trkpt lat="63.445772" lon="10.909042"><ele>4.25</ele></trkpt>
   <trkpt lat="63.445885" lon="10.908383"><ele>3.75</ele></trkpt>
   <trkpt lat="63.445949" lon="10.907903"><ele>3.5</ele></trkpt>
   <trkpt lat="63.445988" lon="10.907512"><ele>3.25</ele></trkpt>
   <trkpt lat="63.44601" lon="10.907215"><ele>3.25</ele></trkpt>
   <trkpt lat="63.446055" lon="10.906392"><ele>3.25</ele></trkpt>
   <trkpt lat="63.446219" lon="10.903209"><ele>3.5</ele></trkpt>
   <trkpt lat="63.44625" lon="10.902535"><ele>3.5</ele></trkpt>
   <trkpt lat="63.446264" lon="10.901734"><ele>2.5</ele></trkpt>
   <trkpt lat="63.446249" lon="10.900933"><ele>2.5</ele></trkpt>
   <trkpt lat="63.446216" lon="10.900068"><ele>2.5</ele></trkpt>
   <trkpt lat="63.446167" lon="10.898841"><ele>2.5</ele></trkpt>
   <trkpt lat="63.446146" lon="10.898306"><ele>2.5</ele></trkpt>
   <trkpt lat="63.446141" lon="10.898179"><ele>2.5</ele></trkpt>
   <trkpt lat="63.446136" lon="10.898064"><ele>2.5</ele></trkpt>
   <trkpt lat="63.445946" lon="10.893275"><ele>3</ele></trkpt>
   <trkpt lat="63.445899" lon="10.892348"><ele>3</ele></trkpt>
   <trkpt lat="63.445866" lon="10.891853"><ele>3</ele></trkpt>
   <trkpt lat="63.445835" lon="10.891458"><ele>3</ele></trkpt>
   <trkpt lat="63.445762" lon="10.890673"><ele>2.75</ele></trkpt>
   <trkpt lat="63.445676" lon="10.889895"><ele>2.75</ele></trkpt>
   <trkpt lat="63.445602" lon="10.889317"><ele>2.75</ele></trkpt>
   <trkpt lat="63.445468" lon="10.888306"><ele>4</ele></trkpt>
   <trkpt lat="63.44536" lon="10.88758"><ele>4</ele></trkpt>
   <trkpt lat="63.445306" lon="10.88718"><ele>4.5</ele></trkpt>
   <trkpt lat="63.445235" lon="10.886476"><ele>6</ele></trkpt>
   <trkpt lat="63.445194" lon="10.886162"><ele>6.75</ele></trkpt>
   <trkpt lat="63.444785" lon="10.883468"><ele>8.75</ele></trkpt>
   <trkpt lat="63.444661" lon="10.882505"><ele>9</ele></trkpt>
   <trkpt lat="63.444594" lon="10.882045"><ele>8.25</ele></trkpt>
   <trkpt lat="63.444418" lon="10.880958"><ele>7</ele></trkpt>
   <trkpt lat="63.444085" lon="10.87889"><ele>7</ele></trkpt>
   <trkpt lat="63.443893" lon="10.87782"><ele>7</ele></trkpt>
   <trkpt lat="63.443768" lon="10.877177"><ele>7</ele></trkpt>
   <trkpt lat="63.443616" lon="10.876451"><ele>7</ele></trkpt>
   <trkpt lat="63.443454" lon="10.875735"><ele>7</ele></trkpt>
   <trkpt lat="63.443283" lon="10.875029"><ele>7</ele></trkpt>
   <trkpt lat="63.443104" lon="10.874335"><ele>7</ele></trkpt>
   <trkpt lat="63.442916" lon="10.873653"><ele>7</ele></trkpt>
   <trkpt lat="63.442719" lon="10.872982"><ele>7</ele></trkpt>
   <trkpt lat="63.442487" lon="10.872244"><ele>7</ele></trkpt>
   <trkpt lat="63.442299" lon="10.871681"><ele>7</ele></trkpt>
   <trkpt lat="63.442077" lon="10.871051"><ele>7</ele></trkpt>
   <trkpt lat="63.441877" lon="10.870511"><ele>7</ele></trkpt>
   <trkpt lat="63.44164" lon="10.869909"><ele>7</ele></trkpt>
   <trkpt lat="63.441427" lon="10.869394"><ele>7</ele></trkpt>
   <trkpt lat="63.441176" lon="10.868821"><ele>7</ele></trkpt>
   <trkpt lat="63.44095" lon="10.868332"><ele>7</ele></trkpt>
   <trkpt lat="63.440719" lon="10.867857"><ele>7</ele></trkpt>
   <trkpt lat="63.440381" lon="10.8672"><ele>7</ele></trkpt>
   <trkpt lat="63.439998" lon="10.866503"><ele>7</ele></trkpt>
   <trkpt lat="63.436118" lon="10.85969"><ele>7</ele></trkpt>
   <trkpt lat="63.435733" lon="10.859"><ele>7</ele></trkpt>
   <trkpt lat="63.435423" lon="10.858423"><ele>7</ele></trkpt>
   <trkpt lat="63.434987" lon="10.857559"><ele>7</ele></trkpt>
   <trkpt lat="63.434726" lon="10.857008"><ele>7</ele></trkpt>
   <trkpt lat="63.434285" lon="10.856009"><ele>7</ele></trkpt>
   <trkpt lat="63.434072" lon="10.855494"><ele>7</ele></trkpt>
   <trkpt lat="63.433661" lon="10.854433"><ele>7</ele></trkpt>
   <trkpt lat="63.433436" lon="10.853808"><ele>7</ele></trkpt>
   <trkpt lat="63.433191" lon="10.853092"><ele>7</ele></trkpt>
   <trkpt lat="63.432929" lon="10.852279"><ele>7</ele></trkpt>
   <trkpt lat="63.432648" lon="10.851372"><ele>7</ele></trkpt>
   <trkpt lat="63.423106" lon="10.819826"><ele>7.25</ele></trkpt>
   <trkpt lat="63.422874" lon="10.81909"><ele>7.25</ele></trkpt>
   <trkpt lat="63.422657" lon="10.818451"><ele>7.25</ele></trkpt>
   <trkpt lat="63.422457" lon="10.817911"><ele>7.25</ele></trkpt>
   <trkpt lat="63.422246" lon="10.817391"><ele>7.25</ele></trkpt>
   <trkpt lat="63.422025" lon="10.816892"><ele>7.25</ele></trkpt>
   <trkpt lat="63.421795" lon="10.816415"><ele>7.25</ele></trkpt>
   <trkpt lat="63.421556" lon="10.815961"><ele>7.25</ele></trkpt>
   <trkpt lat="63.421308" lon="10.815531"><ele>7.25</ele></trkpt>
   <trkpt lat="63.421052" lon="10.815126"><ele>7.25</ele></trkpt>
   <trkpt lat="63.420788" lon="10.814746"><ele>7.25</ele></trkpt>
   <trkpt lat="63.420517" lon="10.814392"><ele>7.25</ele></trkpt>
   <trkpt lat="63.420239" lon="10.814065"><ele>7.25</ele></trkpt>
   <trkpt lat="63.419996" lon="10.813806"><ele>7.25</ele></trkpt>
   <trkpt lat="63.41979" lon="10.813606"><ele>7.25</ele></trkpt>
   <trkpt lat="63.41954" lon="10.813386"><ele>7.25</ele></trkpt>
   <trkpt lat="63.419329" lon="10.813218"><ele>7.25</ele></trkpt>
   <trkpt lat="63.418901" lon="10.812915"><ele>7.25</ele></trkpt>
   <trkpt lat="63.417807" lon="10.812208"><ele>7.5</ele></trkpt>
   <trkpt lat="63.417398" lon="10.811902"><ele>7.5</ele></trkpt>
   <trkpt lat="63.417147" lon="10.811683"><ele>7</ele></trkpt>
   <trkpt lat="63.416942" lon="10.811483"><ele>6.25</ele></trkpt>
   <trkpt lat="63.416699" lon="10.811221"><ele>5.75</ele></trkpt>
   <trkpt lat="63.416462" lon="10.810937"><ele>5.5</ele></trkpt>
   <trkpt lat="63.416247" lon="10.810653"><ele>5.75</ele></trkpt>
   <trkpt lat="63.416022" lon="10.810326"><ele>5.5</ele></trkpt>
   <trkpt lat="63.415802" lon="10.809977"><ele>5</ele></trkpt>
   <trkpt lat="63.41559" lon="10.809608"><ele>5.5</ele></trkpt>
   <trkpt lat="63.415385" lon="10.809219"><ele>6</ele></trkpt>
   <trkpt lat="63.415187" lon="10.80881"><ele>6.75</ele></trkpt>
   <trkpt lat="63.415029" lon="10.808456"><ele>7</ele></trkpt>
   <trkpt lat="63.414847" lon="10.808014"><ele>6.5</ele></trkpt>
   <trkpt lat="63.41473" lon="10.80771"><ele>6</ele></trkpt>
   <trkpt lat="63.414589" lon="10.80732"><ele>5.5</ele></trkpt>
   <trkpt lat="63.414428" lon="10.806838"><ele>5.25</ele></trkpt>
   <trkpt lat="63.414299" lon="10.806429"><ele>5.75</ele></trkpt>
   <trkpt lat="63.413944" lon="10.805237"><ele>5.75</ele></trkpt>
   <trkpt lat="63.413517" lon="10.803773"><ele>6.75</ele></trkpt>
   <trkpt lat="63.413122" lon="10.802371"><ele>7.75</ele></trkpt>
   <trkpt lat="63.412938" lon="10.801678"><ele>8.25</ele></trkpt>
   <trkpt lat="63.412837" lon="10.801325"><ele>8.25</ele></trkpt>
   <trkpt lat="63.412218" lon="10.799004"><ele>8.5</ele></trkpt>
   <trkpt lat="63.412065" lon="10.798377"><ele>8.5</ele></trkpt>
   <trkpt lat="63.411956" lon="10.797796"><ele>8.25</ele></trkpt>
   <trkpt lat="63.411929" lon="10.797621"><ele>8</ele></trkpt>
   <trkpt lat="63.411861" lon="10.797067"><ele>8</ele></trkpt>
   <trkpt lat="63.411815" lon="10.796448"><ele>8</ele></trkpt>
   <trkpt lat="63.41169" lon="10.793476"><ele>7.75</ele></trkpt>
   <trkpt lat="63.411657" lon="10.792354"><ele>8</ele></trkpt>
   <trkpt lat="63.411657" lon="10.792154"><ele>8</ele></trkpt>
   <trkpt lat="63.41166" lon="10.791901"><ele>8</ele></trkpt>
   <trkpt lat="63.411678" lon="10.791482"><ele>8</ele></trkpt>
   <trkpt lat="63.411716" lon="10.790966"><ele>8.25</ele></trkpt>
   <trkpt lat="63.411763" lon="10.790581"><ele>9.5</ele></trkpt>
   <trkpt lat="63.411835" lon="10.790092"><ele>11.5</ele></trkpt>
   <trkpt lat="63.412175" lon="10.788168"><ele>11.75</ele></trkpt>
   <trkpt lat="63.412497" lon="10.78642"><ele>7.75</ele></trkpt>
   <trkpt lat="63.412889" lon="10.784416"><ele>9</ele></trkpt>
   <trkpt lat="63.41297" lon="10.784045"><ele>8.75</ele></trkpt>
   <trkpt lat="63.41303" lon="10.783804"><ele>8.25</ele></trkpt>
   <trkpt lat="63.413089" lon="10.783583"><ele>7.75</ele></trkpt>
   <trkpt lat="63.413176" lon="10.783296"><ele>7</ele></trkpt>
   <trkpt lat="63.413355" lon="10.782815"><ele>6.75</ele></trkpt>
   <trkpt lat="63.413429" lon="10.782639"><ele>7.5</ele></trkpt>
   <trkpt lat="63.413582" lon="10.782322"><ele>8.25</ele></trkpt>
   <trkpt lat="63.413762" lon="10.782014"><ele>8.75</ele></trkpt>
   <trkpt lat="63.413975" lon="10.781718"><ele>8.5</ele></trkpt>
   <trkpt lat="63.414154" lon="10.781518"><ele>8.5</ele></trkpt>
   <trkpt lat="63.41439" lon="10.781314"><ele>9.5</ele></trkpt>
   <trkpt lat="63.414655" lon="10.781136"><ele>9.75</ele></trkpt>
   <trkpt lat="63.415302" lon="10.780732"><ele>8.75</ele></trkpt>
   <trkpt lat="63.417096" lon="10.779606"><ele>8.75</ele></trkpt>
   <trkpt lat="63.417361" lon="10.779451"><ele>7.75</ele></trkpt>
   <trkpt lat="63.417563" lon="10.779357"><ele>6.75</ele></trkpt>
   <trkpt lat="63.417939" lon="10.779243"><ele>5.75</ele></trkpt>
   <trkpt lat="63.418618" lon="10.77914"><ele>5.25</ele></trkpt>
   <trkpt lat="63.418882" lon="10.779064"><ele>7.25</ele></trkpt>
   <trkpt lat="63.419126" lon="10.778955"><ele>10</ele></trkpt>
   <trkpt lat="63.419816" lon="10.778561"><ele>9.75</ele></trkpt>
   <trkpt lat="63.419999" lon="10.778482"><ele>9</ele></trkpt>
   <trkpt lat="63.420127" lon="10.778447"><ele>9.25</ele></trkpt>
   <trkpt lat="63.420377" lon="10.778398"><ele>9.5</ele></trkpt>
   <trkpt lat="63.420559" lon="10.778387"><ele>9.5</ele></trkpt>
   <trkpt lat="63.421255" lon="10.778425"><ele>11</ele></trkpt>
   <trkpt lat="63.421601" lon="10.778407"><ele>13.25</ele></trkpt>
   <trkpt lat="63.421814" lon="10.778366"><ele>12.5</ele></trkpt>
   <trkpt lat="63.422079" lon="10.778279"><ele>11</ele></trkpt>
   <trkpt lat="63.422243" lon="10.778203"><ele>11.5</ele></trkpt>
   <trkpt lat="63.42251" lon="10.778031"><ele>14.25</ele></trkpt>
   <trkpt lat="63.422689" lon="10.777888"><ele>15.25</ele></trkpt>
   <trkpt lat="63.422918" lon="10.777662"><ele>14.25</ele></trkpt>
   <trkpt lat="63.423136" lon="10.777414"><ele>10.5</ele></trkpt>
   <trkpt lat="63.423947" lon="10.77636"><ele>8.25</ele></trkpt>
   <trkpt lat="63.427702" lon="10.771816"><ele>7.25</ele></trkpt>
   <trkpt lat="63.427919" lon="10.771529"><ele>7</ele></trkpt>
   <trkpt lat="63.428332" lon="10.770915"><ele>5.5</ele></trkpt>
   <trkpt lat="63.428648" lon="10.770385"><ele>6.25</ele></trkpt>
   <trkpt lat="63.429115" lon="10.769538"><ele>4.5</ele></trkpt>
   <trkpt lat="63.429457" lon="10.768874"><ele>5.5</ele></trkpt>
   <trkpt lat="63.429781" lon="10.768189"><ele>5.25</ele></trkpt>
   <trkpt lat="63.429939" lon="10.767825"><ele>6</ele></trkpt>
   <trkpt lat="63.430253" lon="10.767035"><ele>7.75</ele></trkpt>
   <trkpt lat="63.430508" lon="10.766301"><ele>6.5</ele></trkpt>
   <trkpt lat="63.430719" lon="10.765633"><ele>5</ele></trkpt>
   <trkpt lat="63.430806" lon="10.765327"><ele>4.75</ele></trkpt>
   <trkpt lat="63.430959" lon="10.764753"><ele>5.75</ele></trkpt>
   <trkpt lat="63.431097" lon="10.764189"><ele>6</ele></trkpt>
   <trkpt lat="63.431235" lon="10.763564"><ele>6.5</ele></trkpt>
   <trkpt lat="63.431404" lon="10.762691"><ele>6.75</ele></trkpt>
   <trkpt lat="63.4315" lon="10.762157"><ele>7.75</ele></trkpt>
   <trkpt lat="63.432696" lon="10.755485"><ele>6.5</ele></trkpt>
   <trkpt lat="63.432814" lon="10.754776"><ele>9.25</ele></trkpt>
   <trkpt lat="63.432908" lon="10.754072"><ele>12.75</ele></trkpt>
   <trkpt lat="63.432968" lon="10.75346"><ele>14.75</ele></trkpt>
   <trkpt lat="63.433006" lon="10.752879"><ele>13.5</ele></trkpt>
   <trkpt lat="63.433017" lon="10.75262"><ele>12.75</ele></trkpt>
   <trkpt lat="63.43303" lon="10.752184"><ele>11</ele></trkpt>
   <trkpt lat="63.433032" lon="10.751782"><ele>9.5</ele></trkpt>
   <trkpt lat="63.433023" lon="10.751263"><ele>8.25</ele></trkpt>
   <trkpt lat="63.433009" lon="10.75089"><ele>7.5</ele></trkpt>
   <trkpt lat="63.432966" lon="10.750241"><ele>7</ele></trkpt>
   <trkpt lat="63.432841" lon="10.748871"><ele>7.25</ele></trkpt>
   <trkpt lat="63.432809" lon="10.748467"><ele>7.5</ele></trkpt>
   <trkpt lat="63.432779" lon="10.747969"><ele>7.5</ele></trkpt>
   <trkpt lat="63.432766" lon="10.7476"><ele>7.5</ele></trkpt>
   <trkpt lat="63.432759" lon="10.747154"><ele>7.25</ele></trkpt>
   <trkpt lat="63.432761" lon="10.746862"><ele>7</ele></trkpt>
   <trkpt lat="63.432791" lon="10.74502"><ele>9</ele></trkpt>
   <trkpt lat="63.432823" lon="10.743044"><ele>9.75</ele></trkpt>
   <trkpt lat="63.432816" lon="10.742416"><ele>9.5</ele></trkpt>
   <trkpt lat="63.432795" lon="10.741914"><ele>9.75</ele></trkpt>
   <trkpt lat="63.432773" lon="10.741536"><ele>9.75</ele></trkpt>
   <trkpt lat="63.432733" lon="10.741027"><ele>10</ele></trkpt>
   <trkpt lat="63.432332" lon="10.736629"><ele>6.75</ele></trkpt>
   <trkpt lat="63.432317" lon="10.736464"><ele>6.75</ele></trkpt>
   <trkpt lat="63.43176" lon="10.730302"><ele>13.25</ele></trkpt>
   <trkpt lat="63.431097" lon="10.723"><ele>16.75</ele></trkpt>
   <trkpt lat="63.430964" lon="10.721513"><ele>17</ele></trkpt>
   <trkpt lat="63.430918" lon="10.72084"><ele>16</ele></trkpt>
   <trkpt lat="63.430895" lon="10.720059"><ele>17</ele></trkpt>
   <trkpt lat="63.430907" lon="10.719297"><ele>16.25</ele></trkpt>
   <trkpt lat="63.43093" lon="10.718859"><ele>15.75</ele></trkpt>
   <trkpt lat="63.43096" lon="10.718454"><ele>15.25</ele></trkpt>
   <trkpt lat="63.431014" lon="10.717927"><ele>14.75</ele></trkpt>
   <trkpt lat="63.431078" lon="10.717436"><ele>14</ele></trkpt>
   <trkpt lat="63.431158" lon="10.716949"><ele>13.75</ele></trkpt>
   <trkpt lat="63.431293" lon="10.716281"><ele>13.75</ele></trkpt>
   <trkpt lat="63.431412" lon="10.715801"><ele>14.25</ele></trkpt>
   <trkpt lat="63.431523" lon="10.715414"><ele>15.25</ele></trkpt>
   <trkpt lat="63.432003" lon="10.713927"><ele>15.5</ele></trkpt>
   <trkpt lat="63.432094" lon="10.713608"><ele>15</ele></trkpt>
   <trkpt lat="63.432202" lon="10.713188"><ele>15.25</ele></trkpt>
   <trkpt lat="63.43229" lon="10.712789"><ele>16.5</ele></trkpt>
   <trkpt lat="63.43236" lon="10.712444"><ele>17.75</ele></trkpt>
   <trkpt lat="63.43243" lon="10.712003"><ele>18.25</ele></trkpt>
   <trkpt lat="63.432465" lon="10.711751"><ele>18.75</ele></trkpt>
   <trkpt lat="63.432534" lon="10.711148"><ele>19.5</ele></trkpt>
   <trkpt lat="63.432563" lon="10.710836"><ele>20</ele></trkpt>
   <trkpt lat="63.433333" lon="10.700422"><ele>15.5</ele></trkpt>
   <trkpt lat="63.433351" lon="10.700202"><ele>15</ele></trkpt>
   <trkpt lat="63.433384" lon="10.699812"><ele>16</ele></trkpt>
   <trkpt lat="63.433474" lon="10.698895"><ele>20.75</ele></trkpt>
   <trkpt lat="63.433581" lon="10.697942"><ele>20</ele></trkpt>
   <trkpt lat="63.433697" lon="10.697034"><ele>19.5</ele></trkpt>
   <trkpt lat="63.433897" lon="10.695667"><ele>20</ele></trkpt>
   <trkpt lat="63.434057" lon="10.694719"><ele>19.75</ele></trkpt>
   <trkpt lat="63.43436" lon="10.693107"><ele>19.75</ele></trkpt>
   <trkpt lat="63.434392" lon="10.692943"><ele>19.75</ele></trkpt>
   <trkpt lat="63.436454" lon="10.682185"><ele>13.25</ele></trkpt>
   <trkpt lat="63.436488" lon="10.681999"><ele>13.25</ele></trkpt>
   <trkpt lat="63.437302" lon="10.677719"><ele>19.25</ele></trkpt>
   <trkpt lat="63.437423" lon="10.677043"><ele>19.25</ele></trkpt>
   <trkpt lat="63.437496" lon="10.676581"><ele>19</ele></trkpt>
   <trkpt lat="63.437567" lon="10.676071"><ele>19.5</ele></trkpt>
   <trkpt lat="63.437611" lon="10.675703"><ele>19.75</ele></trkpt>
   <trkpt lat="63.43768" lon="10.67501"><ele>20.25</ele></trkpt>
   <trkpt lat="63.437709" lon="10.674646"><ele>19.75</ele></trkpt>
   <trkpt lat="63.43775" lon="10.673994"><ele>19</ele></trkpt>
   <trkpt lat="63.437775" lon="10.673259"><ele>18.5</ele></trkpt>
   <trkpt lat="63.437783" lon="10.672691"><ele>18.75</ele></trkpt>
   <trkpt lat="63.437778" lon="10.672152"><ele>18.5</ele></trkpt>
   <trkpt lat="63.437762" lon="10.671521"><ele>18</ele></trkpt>
   <trkpt lat="63.437748" lon="10.671196"><ele>17.5</ele></trkpt>
   <trkpt lat="63.437713" lon="10.670636"><ele>16.25</ele></trkpt>
   <trkpt lat="63.43766" lon="10.669982"><ele>13.25</ele></trkpt>
   <trkpt lat="63.437587" lon="10.669303"><ele>10.25</ele></trkpt>
   <trkpt lat="63.437382" lon="10.667674"><ele>6.5</ele></trkpt>
   <trkpt lat="63.437323" lon="10.667088"><ele>5.5</ele></trkpt>
   <trkpt lat="63.437282" lon="10.666489"><ele>4.25</ele></trkpt>
   <trkpt lat="63.437263" lon="10.665891"><ele>3.25</ele></trkpt>
   <trkpt lat="63.437268" lon="10.665143"><ele>3</ele></trkpt>
   <trkpt lat="63.437284" lon="10.66472"><ele>3.25</ele></trkpt>
   <trkpt lat="63.437309" lon="10.664336"><ele>3.5</ele></trkpt>
   <trkpt lat="63.437378" lon="10.663613"><ele>4</ele></trkpt>
   <trkpt lat="63.437419" lon="10.663288"><ele>4</ele></trkpt>
   <trkpt lat="63.437486" lon="10.662855"><ele>4.5</ele></trkpt>
   <trkpt lat="63.437551" lon="10.662503"><ele>4.5</ele></trkpt>
   <trkpt lat="63.43765" lon="10.662026"><ele>4.5</ele></trkpt>
   <trkpt lat="63.437783" lon="10.661493"><ele>4.5</ele></trkpt>
   <trkpt lat="63.437842" lon="10.661281"><ele>4.75</ele></trkpt>
   <trkpt lat="63.437974" lon="10.660845"><ele>5</ele></trkpt>
   <trkpt lat="63.438137" lon="10.660385"><ele>6.5</ele></trkpt>
   <trkpt lat="63.438309" lon="10.659967"><ele>8</ele></trkpt>
   <trkpt lat="63.438404" lon="10.659763"><ele>7.75</ele></trkpt>
   <trkpt lat="63.438589" lon="10.65941"><ele>7.5</ele></trkpt>
   <trkpt lat="63.43886" lon="10.658967"><ele>7.75</ele></trkpt>
   <trkpt lat="63.43902" lon="10.658736"><ele>7.75</ele></trkpt>
   <trkpt lat="63.440046" lon="10.657253"><ele>7.75</ele></trkpt>
   <trkpt lat="63.44034" lon="10.656801"><ele>8</ele></trkpt>
   <trkpt lat="63.440561" lon="10.656394"><ele>8.5</ele></trkpt>
   <trkpt lat="63.440689" lon="10.656116"><ele>8.5</ele></trkpt>
   <trkpt lat="63.440817" lon="10.655791"><ele>9.25</ele></trkpt>
   <trkpt lat="63.440927" lon="10.655473"><ele>10.5</ele></trkpt>
   <trkpt lat="63.441041" lon="10.655093"><ele>12.5</ele></trkpt>
   <trkpt lat="63.441089" lon="10.654907"><ele>13.25</ele></trkpt>
   <trkpt lat="63.441211" lon="10.65437"><ele>15.5</ele></trkpt>
   <trkpt lat="63.441301" lon="10.653864"><ele>15.25</ele></trkpt>
   <trkpt lat="63.441357" lon="10.653455"><ele>14</ele></trkpt>
   <trkpt lat="63.441412" lon="10.652903"><ele>12</ele></trkpt>
   <trkpt lat="63.44144" lon="10.652451"><ele>10.5</ele></trkpt>
   <trkpt lat="63.441452" lon="10.652092"><ele>10.75</ele></trkpt>
   <trkpt lat="63.441452" lon="10.651603"><ele>11.25</ele></trkpt>
   <trkpt lat="63.441443" lon="10.651269"><ele>11.25</ele></trkpt>
   <trkpt lat="63.441425" lon="10.650905"><ele>11.5</ele></trkpt>
   <trkpt lat="63.441388" lon="10.650433"><ele>12</ele></trkpt>
   <trkpt lat="63.441351" lon="10.650098"><ele>12.5</ele></trkpt>
   <trkpt lat="63.441175" lon="10.648792"><ele>13.25</ele></trkpt>
   <trkpt lat="63.441095" lon="10.648053"><ele>13</ele></trkpt>
   <trkpt lat="63.441059" lon="10.647539"><ele>12.25</ele></trkpt>
   <trkpt lat="63.441041" lon="10.647049"><ele>11.75</ele></trkpt>
   <trkpt lat="63.441036" lon="10.646522"><ele>11.25</ele></trkpt>
   <trkpt lat="63.44105" lon="10.645912"><ele>11.75</ele></trkpt>
   <trkpt lat="63.44106" lon="10.64571"><ele>11.75</ele></trkpt>
   <trkpt lat="63.441097" lon="10.64516"><ele>12.25</ele></trkpt>
   <trkpt lat="63.441141" lon="10.644714"><ele>11.75</ele></trkpt>
   <trkpt lat="63.441226" lon="10.644073"><ele>10.75</ele></trkpt>
   <trkpt lat="63.441291" lon="10.643684"><ele>10.5</ele></trkpt>
   <trkpt lat="63.441404" lon="10.643125"><ele>10</ele></trkpt>
   <trkpt lat="63.441521" lon="10.642642"><ele>9.75</ele></trkpt>
   <trkpt lat="63.441557" lon="10.64251"><ele>9.75</ele></trkpt>
   <trkpt lat="63.441642" lon="10.642216"><ele>9.75</ele></trkpt>
   <trkpt lat="63.442" lon="10.641078"><ele>10.75</ele></trkpt>
   <trkpt lat="63.442134" lon="10.640618"><ele>11</ele></trkpt>
   <trkpt lat="63.442216" lon="10.640295"><ele>11.25</ele></trkpt>
   <trkpt lat="63.442286" lon="10.639977"><ele>11.25</ele></trkpt>
   <trkpt lat="63.442351" lon="10.639634"><ele>10.25</ele></trkpt>
   <trkpt lat="63.442432" lon="10.639103"><ele>8.75</ele></trkpt>
   <trkpt lat="63.442476" lon="10.638734"><ele>8.25</ele></trkpt>
   <trkpt lat="63.442524" lon="10.638159"><ele>7.75</ele></trkpt>
   <trkpt lat="63.442542" lon="10.637747"><ele>8.25</ele></trkpt>
   <trkpt lat="63.44255" lon="10.63734"><ele>8.25</ele></trkpt>
   <trkpt lat="63.442537" lon="10.636688"><ele>8.5</ele></trkpt>
   <trkpt lat="63.44251" lon="10.636213"><ele>8.25</ele></trkpt>
   <trkpt lat="63.442476" lon="10.635834"><ele>8.25</ele></trkpt>
   <trkpt lat="63.442394" lon="10.635201"><ele>8.25</ele></trkpt>
   <trkpt lat="63.442329" lon="10.634799"><ele>7.75</ele></trkpt>
   <trkpt lat="63.442203" lon="10.634213"><ele>5.75</ele></trkpt>
   <trkpt lat="63.442143" lon="10.633979"><ele>5.5</ele></trkpt>
   <trkpt lat="63.442021" lon="10.633558"><ele>5</ele></trkpt>
   <trkpt lat="63.441941" lon="10.633318"><ele>4.5</ele></trkpt>
   <trkpt lat="63.441765" lon="10.632856"><ele>4</ele></trkpt>
   <trkpt lat="63.441658" lon="10.632612"><ele>3.5</ele></trkpt>
   <trkpt lat="63.441435" lon="10.632143"><ele>3.5</ele></trkpt>
   <trkpt lat="63.441085" lon="10.631438"><ele>4.25</ele></trkpt>
   <trkpt lat="63.440589" lon="10.630427"><ele>4</ele></trkpt>
   <trkpt lat="63.440361" lon="10.629925"><ele>3.75</ele></trkpt>
   <trkpt lat="63.440137" lon="10.629365"><ele>3.75</ele></trkpt>
   <trkpt lat="63.43995" lon="10.628816"><ele>3.25</ele></trkpt>
   <trkpt lat="63.439857" lon="10.628507"><ele>3</ele></trkpt>
   <trkpt lat="63.439738" lon="10.628061"><ele>3.25</ele></trkpt>
   <trkpt lat="63.439643" lon="10.627663"><ele>3.75</ele></trkpt>
   <trkpt lat="63.439434" lon="10.626604"><ele>5.25</ele></trkpt>
   <trkpt lat="63.439206" lon="10.625372"><ele>4.75</ele></trkpt>
   <trkpt lat="63.439171" lon="10.625185"><ele>4.75</ele></trkpt>
   <trkpt lat="63.438857" lon="10.623491"><ele>5.25</ele></trkpt>
   <trkpt lat="63.4378" lon="10.617773"><ele>4.5</ele></trkpt>
   <trkpt lat="63.437731" lon="10.617402"><ele>4.75</ele></trkpt>
   <trkpt lat="63.437591" lon="10.616656"><ele>5.25</ele></trkpt>
   <trkpt lat="63.437484" lon="10.616014"><ele>4.5</ele></trkpt>
   <trkpt lat="63.437429" lon="10.615552"><ele>5</ele></trkpt>
   <trkpt lat="63.437382" lon="10.614992"><ele>5.75</ele></trkpt>
   <trkpt lat="63.437366" lon="10.614627"><ele>5.5</ele></trkpt>
   <trkpt lat="63.437363" lon="10.614131"><ele>4.5</ele></trkpt>
   <trkpt lat="63.437382" lon="10.613617"><ele>3.75</ele></trkpt>
   <trkpt lat="63.437423" lon="10.613078"><ele>2.75</ele></trkpt>
   <trkpt lat="63.437489" lon="10.612538"><ele>2</ele></trkpt>
   <trkpt lat="63.43753" lon="10.612272"><ele>2</ele></trkpt>
   <trkpt lat="63.437582" lon="10.611998"><ele>2.25</ele></trkpt>
   <trkpt lat="63.437641" lon="10.611732"><ele>2.25</ele></trkpt>
   <trkpt lat="63.437766" lon="10.611241"><ele>1.5</ele></trkpt>
   <trkpt lat="63.437905" lon="10.610802"><ele>1</ele></trkpt>
   <trkpt lat="63.438" lon="10.610542"><ele>1</ele></trkpt>
   <trkpt lat="63.438192" lon="10.610109"><ele>1.75</ele></trkpt>
   <trkpt lat="63.438393" lon="10.609743"><ele>2.25</ele></trkpt>
   <trkpt lat="63.438523" lon="10.609538"><ele>2.5</ele></trkpt>
   <trkpt lat="63.438694" lon="10.609315"><ele>2.75</ele></trkpt>
   <trkpt lat="63.438876" lon="10.609115"><ele>3</ele></trkpt>
   <trkpt lat="63.439146" lon="10.608889"><ele>4.25</ele></trkpt>
   <trkpt lat="63.440331" lon="10.608134"><ele>2.75</ele></trkpt>
   <trkpt lat="63.440586" lon="10.60793"><ele>3</ele></trkpt>
   <trkpt lat="63.440784" lon="10.607725"><ele>3.75</ele></trkpt>
   <trkpt lat="63.440829" lon="10.607674"><ele>3.75</ele></trkpt>
   <trkpt lat="63.44094" lon="10.607535"><ele>4</ele></trkpt>
   <trkpt lat="63.441128" lon="10.607256"><ele>5.25</ele></trkpt>
   <trkpt lat="63.441288" lon="10.606971"><ele>6.25</ele></trkpt>
   <trkpt lat="63.441429" lon="10.60668"><ele>7</ele></trkpt>
   <trkpt lat="63.44158" lon="10.606323"><ele>8.25</ele></trkpt>
   <trkpt lat="63.441683" lon="10.606022"><ele>9.25</ele></trkpt>
   <trkpt lat="63.441803" lon="10.605625"><ele>10.75</ele></trkpt>
   <trkpt lat="63.441863" lon="10.605393"><ele>11.5</ele></trkpt>
   <trkpt lat="63.441932" lon="10.605097"><ele>12.25</ele></trkpt>
   <trkpt lat="63.442035" lon="10.604545"><ele>12.25</ele></trkpt>
   <trkpt lat="63.442105" lon="10.604018"><ele>12</ele></trkpt>
   <trkpt lat="63.442136" lon="10.60369"><ele>11.75</ele></trkpt>
   <trkpt lat="63.442161" lon="10.603335"><ele>11.5</ele></trkpt>
   <trkpt lat="63.442175" lon="10.602953"><ele>10</ele></trkpt>
   <trkpt lat="63.442177" lon="10.60247"><ele>8.25</ele></trkpt>
   <trkpt lat="63.442156" lon="10.601908"><ele>8</ele></trkpt>
   <trkpt lat="63.442109" lon="10.601364"><ele>8</ele></trkpt>
   <trkpt lat="63.442047" lon="10.600863"><ele>7.5</ele></trkpt>
   <trkpt lat="63.441944" lon="10.600265"><ele>6</ele></trkpt>
   <trkpt lat="63.441443" lon="10.597658"><ele>6</ele></trkpt>
   <trkpt lat="63.441209" lon="10.596533"><ele>10</ele></trkpt>
   <trkpt lat="63.441022" lon="10.595691"><ele>7.75</ele></trkpt>
   <trkpt lat="63.440879" lon="10.595082"><ele>5.25</ele></trkpt>
   <trkpt lat="63.440612" lon="10.594029"><ele>7</ele></trkpt>
   <trkpt lat="63.439395" lon="10.589426"><ele>8.75</ele></trkpt>
   <trkpt lat="63.439324" lon="10.589182"><ele>8</ele></trkpt>
   <trkpt lat="63.438843" lon="10.587331"><ele>4.75</ele></trkpt>
   <trkpt lat="63.438058" lon="10.584373"><ele>7.25</ele></trkpt>
   <trkpt lat="63.437783" lon="10.583394"><ele>7</ele></trkpt>
   <trkpt lat="63.437592" lon="10.58281"><ele>6</ele></trkpt>
   <trkpt lat="63.437429" lon="10.582346"><ele>4.75</ele></trkpt>
   <trkpt lat="63.437144" lon="10.581615"><ele>4</ele></trkpt>
   <trkpt lat="63.437014" lon="10.581305"><ele>4.5</ele></trkpt>
   <trkpt lat="63.43653" lon="10.580213"><ele>3.5</ele></trkpt>
   <trkpt lat="63.436118" lon="10.57924"><ele>5.25</ele></trkpt>
   <trkpt lat="63.435798" lon="10.578426"><ele>5.5</ele></trkpt>
   <trkpt lat="63.435525" lon="10.577693"><ele>4.75</ele></trkpt>
   <trkpt lat="63.435367" lon="10.577255"><ele>5</ele></trkpt>
   <trkpt lat="63.435011" lon="10.576202"><ele>5.75</ele></trkpt>
   <trkpt lat="63.434615" lon="10.574931"><ele>5.5</ele></trkpt>
   <trkpt lat="63.434419" lon="10.574252"><ele>5.25</ele></trkpt>
   <trkpt lat="63.434201" lon="10.573446"><ele>5.75</ele></trkpt>
   <trkpt lat="63.434021" lon="10.572743"><ele>4.5</ele></trkpt>
   <trkpt lat="63.433827" lon="10.571927"><ele>4.25</ele></trkpt>
   <trkpt lat="63.433577" lon="10.57078"><ele>6</ele></trkpt>
   <trkpt lat="63.433346" lon="10.569594"><ele>4.75</ele></trkpt>
   <trkpt lat="63.433118" lon="10.568293"><ele>6</ele></trkpt>
   <trkpt lat="63.432903" lon="10.567129"><ele>9.25</ele></trkpt>
   <trkpt lat="63.432775" lon="10.566558"><ele>10.25</ele></trkpt>
   <trkpt lat="63.432674" lon="10.566163"><ele>9.25</ele></trkpt>
   <trkpt lat="63.432587" lon="10.565856"><ele>8.5</ele></trkpt>
   <trkpt lat="63.432445" lon="10.565407"><ele>7.25</ele></trkpt>
   <trkpt lat="63.432298" lon="10.564988"><ele>5.75</ele></trkpt>
   <trkpt lat="63.432166" lon="10.564654"><ele>5.25</ele></trkpt>
   <trkpt lat="63.431912" lon="10.564084"><ele>4</ele></trkpt>
   <trkpt lat="63.431768" lon="10.563805"><ele>3.5</ele></trkpt>
   <trkpt lat="63.431591" lon="10.56349"><ele>3.5</ele></trkpt>
   <trkpt lat="63.43106" lon="10.562622"><ele>4.25</ele></trkpt>
   <trkpt lat="63.430771" lon="10.562107"><ele>3.75</ele></trkpt>
   <trkpt lat="63.430639" lon="10.561839"><ele>3.75</ele></trkpt>
   <trkpt lat="63.430551" lon="10.56164"><ele>3.75</ele></trkpt>
   <trkpt lat="63.430529" lon="10.561589"><ele>4</ele></trkpt>
   <trkpt lat="63.430425" lon="10.561344"><ele>4</ele></trkpt>
   <trkpt lat="63.430235" lon="10.560839"><ele>4.25</ele></trkpt>
   <trkpt lat="63.430082" lon="10.560371"><ele>4.25</ele></trkpt>
   <trkpt lat="63.429949" lon="10.559912"><ele>3.75</ele></trkpt>
   <trkpt lat="63.429785" lon="10.559247"><ele>1.75</ele></trkpt>
   <trkpt lat="63.429693" lon="10.558818"><ele>1.5</ele></trkpt>
   <trkpt lat="63.429576" lon="10.558174"><ele>1.25</ele></trkpt>
   <trkpt lat="63.42951" lon="10.557724"><ele>0.75</ele></trkpt>
   <trkpt lat="63.429446" lon="10.557221"><ele>1</ele></trkpt>
   <trkpt lat="63.429389" lon="10.556625"><ele>2.25</ele></trkpt>
   <trkpt lat="63.429358" lon="10.556204"><ele>3.75</ele></trkpt>
   <trkpt lat="63.429324" lon="10.555429"><ele>5.25</ele></trkpt>
   <trkpt lat="63.429318" lon="10.555071"><ele>5.25</ele></trkpt>
   <trkpt lat="63.429318" lon="10.554675"><ele>5.75</ele></trkpt>
   <trkpt lat="63.429326" lon="10.55429"><ele>6</ele></trkpt>
   <trkpt lat="63.429349" lon="10.553693"><ele>5</ele></trkpt>
   <trkpt lat="63.429406" lon="10.552935"><ele>3.5</ele></trkpt>
   <trkpt lat="63.429435" lon="10.552642"><ele>2.75</ele></trkpt>
   <trkpt lat="63.429505" lon="10.55206"><ele>2.25</ele></trkpt>
   <trkpt lat="63.42957" lon="10.551614"><ele>2</ele></trkpt>
   <trkpt lat="63.429616" lon="10.551341"><ele>1.75</ele></trkpt>
   <trkpt lat="63.429723" lon="10.550775"><ele>1.5</ele></trkpt>
   <trkpt lat="63.429795" lon="10.55045"><ele>2.25</ele></trkpt>
   <trkpt lat="63.430152" lon="10.548997"><ele>6</ele></trkpt>
   <trkpt lat="63.430265" lon="10.548461"><ele>6.5</ele></trkpt>
   <trkpt lat="63.430314" lon="10.548189"><ele>6.25</ele></trkpt>
   <trkpt lat="63.43038" lon="10.547739"><ele>6.5</ele></trkpt>
   <trkpt lat="63.430433" lon="10.547237"><ele>8.75</ele></trkpt>
   <trkpt lat="63.430471" lon="10.546665"><ele>12.5</ele></trkpt>
   <trkpt lat="63.430484" lon="10.546197"><ele>11</ele></trkpt>
   <trkpt lat="63.430477" lon="10.545637"><ele>8.75</ele></trkpt>
   <trkpt lat="63.430451" lon="10.545108"><ele>6</ele></trkpt>
   <trkpt lat="63.43043" lon="10.544852"><ele>5.5</ele></trkpt>
   <trkpt lat="63.430367" lon="10.544284"><ele>5.5</ele></trkpt>
   <trkpt lat="63.430289" lon="10.543782"><ele>6.5</ele></trkpt>
   <trkpt lat="63.430201" lon="10.54333"><ele>7.25</ele></trkpt>
   <trkpt lat="63.430049" lon="10.542672"><ele>7.75</ele></trkpt>
   <trkpt lat="63.429901" lon="10.542084"><ele>7.75</ele></trkpt>
   <trkpt lat="63.429674" lon="10.541228"><ele>8.5</ele></trkpt>
   <trkpt lat="63.429587" lon="10.540872"><ele>9.25</ele></trkpt>
   <trkpt lat="63.429461" lon="10.540266"><ele>10.5</ele></trkpt>
   <trkpt lat="63.429377" lon="10.539912"><ele>10.75</ele></trkpt>
   <trkpt lat="63.428657" lon="10.53732"><ele>14.75</ele></trkpt>
   <trkpt lat="63.427763" lon="10.533886"><ele>10.75</ele></trkpt>
   <trkpt lat="63.427435" lon="10.532606"><ele>11.25</ele></trkpt>
   <trkpt lat="63.427139" lon="10.531511"><ele>9.5</ele></trkpt>
   <trkpt lat="63.427069" lon="10.531227"><ele>7.75</ele></trkpt>
   <trkpt lat="63.426917" lon="10.530536"><ele>6.75</ele></trkpt>
   <trkpt lat="63.426775" lon="10.529794"><ele>10.5</ele></trkpt>
   <trkpt lat="63.42666" lon="10.529039"><ele>12</ele></trkpt>
   <trkpt lat="63.426606" lon="10.528618"><ele>12</ele></trkpt>
   <trkpt lat="63.426506" lon="10.527624"><ele>10.75</ele></trkpt>
   <trkpt lat="63.426463" lon="10.526969"><ele>10</ele></trkpt>
   <trkpt lat="63.426441" lon="10.526372"><ele>9.75</ele></trkpt>
   <trkpt lat="63.426437" lon="10.525866"><ele>9.75</ele></trkpt>
   <trkpt lat="63.426445" lon="10.525282"><ele>9.75</ele></trkpt>
   <trkpt lat="63.426477" lon="10.524599"><ele>10</ele></trkpt>
   <trkpt lat="63.426537" lon="10.523866"><ele>10.75</ele></trkpt>
   <trkpt lat="63.42657" lon="10.523556"><ele>11.5</ele></trkpt>
   <trkpt lat="63.42669" lon="10.522684"><ele>11.75</ele></trkpt>
   <trkpt lat="63.426771" lon="10.52221"><ele>11.25</ele></trkpt>
   <trkpt lat="63.426896" lon="10.521575"><ele>10.25</ele></trkpt>
   <trkpt lat="63.427035" lon="10.520969"><ele>9.5</ele></trkpt>
   <trkpt lat="63.427225" lon="10.520253"><ele>10</ele></trkpt>
   <trkpt lat="63.427296" lon="10.520009"><ele>10.25</ele></trkpt>
   <trkpt lat="63.427529" lon="10.519327"><ele>12.25</ele></trkpt>
   <trkpt lat="63.427634" lon="10.519047"><ele>13</ele></trkpt>
   <trkpt lat="63.427831" lon="10.518551"><ele>14.5</ele></trkpt>
   <trkpt lat="63.428532" lon="10.516878"><ele>14.25</ele></trkpt>
   <trkpt lat="63.428844" lon="10.51611"><ele>18.25</ele></trkpt>
   <trkpt lat="63.429211" lon="10.51514"><ele>19.25</ele></trkpt>
   <trkpt lat="63.429477" lon="10.514385"><ele>21</ele></trkpt>
   <trkpt lat="63.429818" lon="10.513341"><ele>20.5</ele></trkpt>
   <trkpt lat="63.429984" lon="10.512802"><ele>19.25</ele></trkpt>
   <trkpt lat="63.430199" lon="10.51207"><ele>18.5</ele></trkpt>
   <trkpt lat="63.430498" lon="10.510966"><ele>16.25</ele></trkpt>
   <trkpt lat="63.430646" lon="10.510368"><ele>15.75</ele></trkpt>
   <trkpt lat="63.430716" lon="10.510095"><ele>15.75</ele></trkpt>
   <trkpt lat="63.430978" lon="10.508956"><ele>17</ele></trkpt>
   <trkpt lat="63.431879" lon="10.504799"><ele>21</ele></trkpt>
   <trkpt lat="63.432058" lon="10.503949"><ele>22.5</ele></trkpt>
   <trkpt lat="63.432146" lon="10.503493"><ele>24</ele></trkpt>
   <trkpt lat="63.432251" lon="10.502879"><ele>23.25</ele></trkpt>
   <trkpt lat="63.43235" lon="10.502189"><ele>22</ele></trkpt>
   <trkpt lat="63.432428" lon="10.501542"><ele>21</ele></trkpt>
   <trkpt lat="63.432605" lon="10.499908"><ele>20.5</ele></trkpt>
   <trkpt lat="63.4327" lon="10.49917"><ele>21</ele></trkpt>
   <trkpt lat="63.432815" lon="10.498471"><ele>20.5</ele></trkpt>
   <trkpt lat="63.432943" lon="10.497858"><ele>18.25</ele></trkpt>
   <trkpt lat="63.43309" lon="10.497283"><ele>17</ele></trkpt>
   <trkpt lat="63.433273" lon="10.49671"><ele>20.5</ele></trkpt>
   <trkpt lat="63.433432" lon="10.496296"><ele>20</ele></trkpt>
   <trkpt lat="63.433547" lon="10.496024"><ele>19.25</ele></trkpt>
   <trkpt lat="63.433795" lon="10.49551"><ele>19.25</ele></trkpt>
   <trkpt lat="63.433912" lon="10.495293"><ele>19.75</ele></trkpt>
   <trkpt lat="63.434507" lon="10.494339"><ele>23</ele></trkpt>
   <trkpt lat="63.434679" lon="10.49403"><ele>23.5</ele></trkpt>
   <trkpt lat="63.434908" lon="10.493554"><ele>24.25</ele></trkpt>
   <trkpt lat="63.435098" lon="10.493085"><ele>25.25</ele></trkpt>
   <trkpt lat="63.435316" lon="10.492423"><ele>25.5</ele></trkpt>
   <trkpt lat="63.43549" lon="10.491762"><ele>24.25</ele></trkpt>
   <trkpt lat="63.435574" lon="10.491395"><ele>24.5</ele></trkpt>
   <trkpt lat="63.435672" lon="10.490957"><ele>25.25</ele></trkpt>
   <trkpt lat="63.435931" lon="10.489686"><ele>27.25</ele></trkpt>
   <trkpt lat="63.436078" lon="10.48888"><ele>31.75</ele></trkpt>
   <trkpt lat="63.436161" lon="10.488372"><ele>32.25</ele></trkpt>
   <trkpt lat="63.436276" lon="10.487555"><ele>31.75</ele></trkpt>
   <trkpt lat="63.436362" lon="10.48682"><ele>29.75</ele></trkpt>
   <trkpt lat="63.436401" lon="10.486418"><ele>28.75</ele></trkpt>
   <trkpt lat="63.436474" lon="10.485468"><ele>27.5</ele></trkpt>
   <trkpt lat="63.436531" lon="10.484307"><ele>28.75</ele></trkpt>
   <trkpt lat="63.436592" lon="10.482311"><ele>29</ele></trkpt>
   <trkpt lat="63.436615" lon="10.480913"><ele>29</ele></trkpt>
   <trkpt lat="63.436618" lon="10.480354"><ele>29</ele></trkpt>
   <trkpt lat="63.436618" lon="10.479985"><ele>29</ele></trkpt>
   <trkpt lat="63.436609" lon="10.479468"><ele>29.25</ele></trkpt>
   <trkpt lat="63.436593" lon="10.478939"><ele>29.75</ele></trkpt>
   <trkpt lat="63.436564" lon="10.478339"><ele>30.25</ele></trkpt>
   <trkpt lat="63.436538" lon="10.477934"><ele>30.25</ele></trkpt>
   <trkpt lat="63.43647" lon="10.477116"><ele>29.75</ele></trkpt>
   <trkpt lat="63.436258" lon="10.475023"><ele>29.75</ele></trkpt>
   <trkpt lat="63.436191" lon="10.474291"><ele>29.5</ele></trkpt>
   <trkpt lat="63.436135" lon="10.473554"><ele>30.25</ele></trkpt>
   <trkpt lat="63.436091" lon="10.47281"><ele>31</ele></trkpt>
   <trkpt lat="63.436072" lon="10.472369"><ele>31.25</ele></trkpt>
   <trkpt lat="63.436058" lon="10.471669"><ele>31.5</ele></trkpt>
   <trkpt lat="63.436061" lon="10.471248"><ele>31.75</ele></trkpt>
   <trkpt lat="63.436073" lon="10.470798"><ele>31.75</ele></trkpt>
   <trkpt lat="63.43611" lon="10.469994"><ele>31.25</ele></trkpt>
   <trkpt lat="63.436129" lon="10.469765"><ele>31</ele></trkpt>
   <trkpt lat="63.436176" lon="10.469273"><ele>30.25</ele></trkpt>
   <trkpt lat="63.436193" lon="10.469084"><ele>30.25</ele></trkpt>
   <trkpt lat="63.436221" lon="10.468708"><ele>31</ele></trkpt>
   <trkpt lat="63.436237" lon="10.468402"><ele>31.75</ele></trkpt>
   <trkpt lat="63.436316" lon="10.467466"><ele>33.25</ele></trkpt>
   <trkpt lat="63.436444" lon="10.466476"><ele>33.5</ele></trkpt>
   <trkpt lat="63.436526" lon="10.466001"><ele>33.25</ele></trkpt>
   <trkpt lat="63.436606" lon="10.465591"><ele>33.25</ele></trkpt>
   <trkpt lat="63.436681" lon="10.465247"><ele>33</ele></trkpt>
   <trkpt lat="63.436822" lon="10.464676"><ele>34.75</ele></trkpt>
   <trkpt lat="63.437887" lon="10.460848"><ele>36.5</ele></trkpt>
   <trkpt lat="63.437965" lon="10.46057"><ele>36.25</ele></trkpt>
   <trkpt lat="63.438032" lon="10.460293"><ele>36</ele></trkpt>
   <trkpt lat="63.438155" lon="10.459728"><ele>34.75</ele></trkpt>
   <trkpt lat="63.438252" lon="10.459354"><ele>33.5</ele></trkpt>
   <trkpt lat="63.438493" lon="10.458484"><ele>33.5</ele></trkpt>
   <trkpt lat="63.438529" lon="10.458355"><ele>33.75</ele></trkpt>
   <trkpt lat="63.43899" lon="10.456662"><ele>33</ele></trkpt>
   <trkpt lat="63.439149" lon="10.45603"><ele>30.75</ele></trkpt>
   <trkpt lat="63.439338" lon="10.455235"><ele>30.75</ele></trkpt>
   <trkpt lat="63.43952" lon="10.454391"><ele>30.5</ele></trkpt>
   <trkpt lat="63.43971" lon="10.453439"><ele>29.25</ele></trkpt>
   <trkpt lat="63.439948" lon="10.452094"><ele>27</ele></trkpt>
   <trkpt lat="63.4401" lon="10.451108"><ele>27.75</ele></trkpt>
   <trkpt lat="63.440241" lon="10.450076"><ele>26.25</ele></trkpt>
   <trkpt lat="63.440323" lon="10.449396"><ele>27</ele></trkpt>
   <trkpt lat="63.4404" lon="10.448695"><ele>26.5</ele></trkpt>
   <trkpt lat="63.440496" lon="10.447689"><ele>24.25</ele></trkpt>
   <trkpt lat="63.440582" lon="10.446576"><ele>23.25</ele></trkpt>
   <trkpt lat="63.440627" lon="10.445848"><ele>22</ele></trkpt>
   <trkpt lat="63.440678" lon="10.444823"><ele>21.25</ele></trkpt>
   <trkpt lat="63.440718" lon="10.443471"><ele>19.5</ele></trkpt>
   <trkpt lat="63.440721" lon="10.443231"><ele>19.25</ele></trkpt>
   <trkpt lat="63.440727" lon="10.44278"><ele>19</ele></trkpt>
   <trkpt lat="63.440724" lon="10.441602"><ele>18</ele></trkpt>
   <trkpt lat="63.440706" lon="10.440562"><ele>18.5</ele></trkpt>
   <trkpt lat="63.440674" lon="10.439594"><ele>17.5</ele></trkpt>
   <trkpt lat="63.440652" lon="10.439133"><ele>16.75</ele></trkpt>
   <trkpt lat="63.440606" lon="10.438283"><ele>16.25</ele></trkpt>
   <trkpt lat="63.440554" lon="10.437523"><ele>16</ele></trkpt>
   <trkpt lat="63.440455" lon="10.436338"><ele>15.75</ele></trkpt>
   <trkpt lat="63.440328" lon="10.435123"><ele>15</ele></trkpt>
   <trkpt lat="63.44025" lon="10.434463"><ele>14.75</ele></trkpt>
   <trkpt lat="63.440117" lon="10.433467"><ele>13.75</ele></trkpt>
   <trkpt lat="63.440025" lon="10.432851"><ele>13.75</ele></trkpt>
   <trkpt lat="63.439995" lon="10.432658"><ele>14</ele></trkpt>
   <trkpt lat="63.439921" lon="10.432199"><ele>12.5</ele></trkpt>
   <trkpt lat="63.439777" lon="10.431358"><ele>9.75</ele></trkpt>
   <trkpt lat="63.439652" lon="10.430706"><ele>8.75</ele></trkpt>
   <trkpt lat="63.439435" lon="10.429667"><ele>9.5</ele></trkpt>
   <trkpt lat="63.439309" lon="10.429108"><ele>9.75</ele></trkpt>
   <trkpt lat="63.439055" lon="10.428066"><ele>9.75</ele></trkpt>
   <trkpt lat="63.439013" lon="10.427906"><ele>9.5</ele></trkpt>
   <trkpt lat="63.438913" lon="10.427519"><ele>9</ele></trkpt>
   <trkpt lat="63.438659" lon="10.426603"><ele>8.5</ele></trkpt>
   <trkpt lat="63.438303" lon="10.425377"><ele>8.5</ele></trkpt>
   <trkpt lat="63.438161" lon="10.424855"><ele>8.75</ele></trkpt>
   <trkpt lat="63.438069" lon="10.424487"><ele>8.25</ele></trkpt>
   <trkpt lat="63.437925" lon="10.423857"><ele>7.5</ele></trkpt>
   <trkpt lat="63.437783" lon="10.423121"><ele>7.25</ele></trkpt>
   <trkpt lat="63.437667" lon="10.422397"><ele>7.75</ele></trkpt>
   <trkpt lat="63.437604" lon="10.421943"><ele>7</ele></trkpt>
   <trkpt lat="63.437548" lon="10.421473"><ele>6.5</ele></trkpt>
   <trkpt lat="63.437498" lon="10.420972"><ele>6</ele></trkpt>
   <trkpt lat="63.437455" lon="10.420433"><ele>5.5</ele></trkpt>
   <trkpt lat="63.437438" lon="10.420173"><ele>5.25</ele></trkpt>
   <trkpt lat="63.437397" lon="10.419405"><ele>4.75</ele></trkpt>
   <trkpt lat="63.43727" lon="10.416503"><ele>3.5</ele></trkpt>
   <trkpt lat="63.437225" lon="10.415278"><ele>2.75</ele></trkpt>
   <trkpt lat="63.437191" lon="10.414275"><ele>3.5</ele></trkpt>
   <trkpt lat="63.437152" lon="10.412979"><ele>3.75</ele></trkpt>
   <trkpt lat="63.43709" lon="10.410532"><ele>3</ele></trkpt>
   <trkpt lat="63.437088" lon="10.410468"><ele>2.75</ele></trkpt>
   <trkpt lat="63.437058" lon="10.409225"><ele>0</ele></trkpt>
   <trkpt lat="63.437036" lon="10.408428"><ele>0</ele></trkpt>
   <trkpt lat="63.436979" lon="10.406267"><ele>2.75</ele></trkpt>
   <trkpt lat="63.436962" lon="10.40568"><ele>4</ele></trkpt>
   <trkpt lat="63.436951" lon="10.405376"><ele>4.5</ele></trkpt>
   <trkpt lat="63.436927" lon="10.405018"><ele>5.5</ele></trkpt>
   <trkpt lat="63.436905" lon="10.404752"><ele>5.5</ele></trkpt>
   <trkpt lat="63.436833" lon="10.404165"><ele>5.25</ele></trkpt>
   <trkpt lat="63.436805" lon="10.403945"><ele>5.25</ele></trkpt>
   <trkpt lat="63.436767" lon="10.403541"><ele>4.75</ele></trkpt>
   <trkpt lat="63.436353" lon="10.398132"><ele>3.25</ele></trkpt>
   <trkpt lat="63.436245" lon="10.396709"><ele>3.75</ele></trkpt>
   <trkpt lat="63.436182" lon="10.396057"><ele>3.5</ele></trkpt>
   <trkpt lat="63.436143" lon="10.395754"><ele>3.25</ele></trkpt>
   <trkpt lat="63.436065" lon="10.395251"><ele>3.75</ele></trkpt>
   <trkpt lat="63.435946" lon="10.39465"><ele>4</ele></trkpt>
  </trkseg>
 </trk>
</gpx>