<?xml version="1.0" encoding="UTF-8"?>
<!-- track-length = 93003 filtered ascend = 430 plain-ascend = 45 cost=93003 energy=1.2kwh time=2h 4m  -->
<gpx 
 xmlns="http://www.topografix.com/GPX/1/1" 
 xmlns:xsi="http://www.w3.org/2001/XMLSchema-instance" 
 xsi:schemaLocation="http://www.topografix.com/GPX/1/1 http://www.topografix.com/GPX/1/1/gpx.xsd" 
 version="1.1" 
 creator="BRouter-Web 0.18.1">
 <trk>
  <name>Göttingen - Bebra</name>
  <trkseg>
   <trkpt lat="51.536482" lon="9.925889"><ele>148</ele></trkpt>
   <trkpt lat="51.536296" lon="9.925693"><ele>148.5</ele></trkpt>
   <trkpt lat="51.536128" lon="9.925501"><ele>148.75</ele></trkpt>
   <trkpt lat="51.535874" lon="9.925213"><ele>149.5</ele></trkpt>
   <trkpt lat="51.535692" lon="9.925005"><ele>149.75</ele></trkpt>
   <trkpt lat="51.535081" lon="9.924383"><ele>149.75</ele></trkpt>
   <trkpt lat="51.535015" lon="9.924318"><ele>149.75</ele></trkpt>
   <trkpt lat="51.534648" lon="9.923941"><ele>149.5</ele></trkpt>
   <trkpt lat="51.534456" lon="9.923714"><ele>149.25</ele></trkpt>
   <trkpt lat="51.53425" lon="9.923518"><ele>149</ele></trkpt>
   <trkpt lat="51.53409" lon="9.923365"><ele>149</ele></trkpt>
   <trkpt lat="51.533687" lon="9.92297"><ele>149.5</ele></trkpt>
   <trkpt lat="51.533389" lon="9.922619"><ele>150</ele></trkpt>
   <trkpt lat="51.533088" lon="9.922215"><ele>150</ele></trkpt>
   <trkpt lat="51.532882" lon="9.921929"><ele>150</ele></trkpt>
   <trkpt lat="51.532762" lon="9.921751"><ele>150</ele></trkpt>
   <trkpt lat="51.532584" lon="9.921459"><ele>149.5</ele></trkpt>
   <trkpt lat="51.532412" lon="9.921139"><ele>149.25</ele></trkpt>
   <trkpt lat="51.532233" lon="9.920762"><ele>149</ele></trkpt>
   <trkpt lat="51.532058" lon="9.920339"><ele>148.75</ele></trkpt>
   <trkpt lat="51.53183" lon="9.919713"><ele>148.75</ele></trkpt>
   <trkpt lat="51.531827" lon="9.919703"><ele>148.75</ele></trkpt>
   <trkpt lat="51.531718" lon="9.919408"><ele>149.25</ele></trkpt>
   <trkpt lat="51.53141" lon="9.918654"><ele>149.25</ele></trkpt>
   <trkpt lat="51.531115" lon="9.91785"><ele>149.5</ele></trkpt>
   <trkpt lat="51.53111" lon="9.917835"><ele>149.5</ele></trkpt>
   <trkpt lat="51.531012" lon="9.917555"><ele>149.75</ele></trkpt>
   <trkpt lat="51.530895" lon="9.917236"><ele>149.75</ele></trkpt>
   <trkpt lat="51.530784" lon="9.916929"><ele>150.25</ele></trkpt>
   <trkpt lat="51.530599" lon="9.916413"><ele>151.25</ele></trkpt>
   <trkpt lat="51.530361" lon="9.915753"><ele>152</ele></trkpt>
   <trkpt lat="51.529817" lon="9.914247"><ele>152.5</ele></trkpt>
   <trkpt lat="51.529624" lon="9.913774"><ele>152.5</ele></trkpt>
   <trkpt lat="51.529426" lon="9.913317"><ele>152.25</ele></trkpt>
   <trkpt lat="51.529144" lon="9.912754"><ele>152.5</ele></trkpt>
   <trkpt lat="51.528842" lon="9.912223"><ele>153.5</ele></trkpt>
   <trkpt lat="51.528693" lon="9.911995"><ele>153.75</ele></trkpt>
   <trkpt lat="51.528415" lon="9.91157"><ele>154</ele></trkpt>
   <trkpt lat="51.527992" lon="9.910992"><ele>154.25</ele></trkpt>
   <trkpt lat="51.52783" lon="9.910808"><ele>154</ele></trkpt>
   <trkpt lat="51.527742" lon="9.910703"><ele>154</ele></trkpt>
   <trkpt lat="51.527435" lon="9.910359"><ele>153.25</ele></trkpt>
   <trkpt lat="51.526936" lon="9.909889"><ele>153.25</ele></trkpt>
   <trkpt lat="51.526693" lon="9.909683"><ele>153.25</ele></trkpt>
   <trkpt lat="51.526319" lon="9.909403"><ele>153.75</ele></trkpt>
   <trkpt lat="51.525848" lon="9.909104"><ele>154</ele></trkpt>
   <trkpt lat="51.525525" lon="9.908921"><ele>154</ele></trkpt>
   <trkpt lat="51.525117" lon="9.90873"><ele>154</ele></trkpt>
   <trkpt lat="51.524651" lon="9.908552"><ele>154.25</ele></trkpt>
   <trkpt lat="51.524171" lon="9.908436"><ele>154.75</ele></trkpt>
   <trkpt lat="51.523703" lon="9.908352"><ele>154.25</ele></trkpt>
   <trkpt lat="51.523628" lon="9.908339"><ele>154.25</ele></trkpt>
   <trkpt lat="51.523137" lon="9.908306"><ele>154</ele></trkpt>
   <trkpt lat="51.52277" lon="9.908316"><ele>154</ele></trkpt>
   <trkpt lat="51.522613" lon="9.90833"><ele>154</ele></trkpt>
   <trkpt lat="51.522407" lon="9.908347"><ele>153.75</ele></trkpt>
   <trkpt lat="51.521764" lon="9.90842"><ele>153</ele></trkpt>
   <trkpt lat="51.521466" lon="9.908467"><ele>152.75</ele></trkpt>
   <trkpt lat="51.521054" lon="9.908531"><ele>152.5</ele></trkpt>
   <trkpt lat="51.520839" lon="9.908562"><ele>152.25</ele></trkpt>
   <trkpt lat="51.520836" lon="9.908562"><ele>152.25</ele></trkpt>
   <trkpt lat="51.518815" lon="9.908853"><ele>148.25</ele></trkpt>
   <trkpt lat="51.515601" lon="9.909319"><ele>154.75</ele></trkpt>
   <trkpt lat="51.513383" lon="9.90964"><ele>156.75</ele></trkpt>
   <trkpt lat="51.512685" lon="9.909754"><ele>158.25</ele></trkpt>
   <trkpt lat="51.512178" lon="9.909857"><ele>158.25</ele></trkpt>
   <trkpt lat="51.512091" lon="9.909875"><ele>158.25</ele></trkpt>
   <trkpt lat="51.511327" lon="9.91007"><ele>157.75</ele></trkpt>
   <trkpt lat="51.510876" lon="9.910197"><ele>157.75</ele></trkpt>
   <trkpt lat="51.51047" lon="9.910307"><ele>157.5</ele></trkpt>
   <trkpt lat="51.509913" lon="9.910459"><ele>157</ele></trkpt>
   <trkpt lat="51.507159" lon="9.91123"><ele>155.5</ele></trkpt>
   <trkpt lat="51.506466" lon="9.911422"><ele>155.5</ele></trkpt>
   <trkpt lat="51.506166" lon="9.9115"><ele>155.75</ele></trkpt>
   <trkpt lat="51.50582" lon="9.911569"><ele>156</ele></trkpt>
   <trkpt lat="51.505486" lon="9.91162"><ele>156</ele></trkpt>
   <trkpt lat="51.50523" lon="9.911646"><ele>156</ele></trkpt>
   <trkpt lat="51.504967" lon="9.911659"><ele>156</ele></trkpt>
   <trkpt lat="51.504406" lon="9.911642"><ele>156</ele></trkpt>
   <trkpt lat="51.504006" lon="9.911597"><ele>156</ele></trkpt>
   <trkpt lat="51.503615" lon="9.911526"><ele>156</ele></trkpt>
   <trkpt lat="51.503205" lon="9.911413"><ele>155.75</ele></trkpt>
   <trkpt lat="51.502827" lon="9.911278"><ele>155.5</ele></trkpt>
   <trkpt lat="51.502723" lon="9.91124"><ele>155.5</ele></trkpt>
   <trkpt lat="51.501266" lon="9.910586"><ele>156.5</ele></trkpt>
   <trkpt lat="51.50098" lon="9.910458"><ele>156</ele></trkpt>
   <trkpt lat="51.500295" lon="9.91015"><ele>156</ele></trkpt>
   <trkpt lat="51.500225" lon="9.910119"><ele>156</ele></trkpt>
   <trkpt lat="51.500182" lon="9.910099"><ele>156</ele></trkpt>
   <trkpt lat="51.499265" lon="9.909684"><ele>156.75</ele></trkpt>
   <trkpt lat="51.498829" lon="9.909501"><ele>156.25</ele></trkpt>
   <trkpt lat="51.498505" lon="9.909379"><ele>156</ele></trkpt>
   <trkpt lat="51.498018" lon="9.909222"><ele>155.75</ele></trkpt>
   <trkpt lat="51.497512" lon="9.90909"><ele>156</ele></trkpt>
   <trkpt lat="51.497185" lon="9.909025"><ele>155.75</ele></trkpt>
   <trkpt lat="51.496669" lon="9.908952"><ele>155.25</ele></trkpt>
   <trkpt lat="51.496236" lon="9.908917"><ele>154.75</ele></trkpt>
   <trkpt lat="51.495835" lon="9.908907"><ele>154.25</ele></trkpt>
   <trkpt lat="51.495586" lon="9.90891"><ele>154.5</ele></trkpt>
   <trkpt lat="51.495401" lon="9.908913"><ele>154.5</ele></trkpt>
   <trkpt lat="51.495082" lon="9.908938"><ele>154.75</ele></trkpt>
   <trkpt lat="51.494768" lon="9.908983"><ele>155</ele></trkpt>
   <trkpt lat="51.494365" lon="9.909041"><ele>155</ele></trkpt>
   <trkpt lat="51.49388" lon="9.909146"><ele>155.25</ele></trkpt>
   <trkpt lat="51.493305" lon="9.909315"><ele>155.75</ele></trkpt>
   <trkpt lat="51.492449" lon="9.909623"><ele>156</ele></trkpt>
   <trkpt lat="51.492436" lon="9.909628"><ele>156</ele></trkpt>
   <trkpt lat="51.490712" lon="9.910267"><ele>156</ele></trkpt>
   <trkpt lat="51.490611" lon="9.910308"><ele>156</ele></trkpt>
   <trkpt lat="51.487728" lon="9.911364"><ele>156</ele></trkpt>
   <trkpt lat="51.487174" lon="9.911567"><ele>156</ele></trkpt>
   <trkpt lat="51.486825" lon="9.911696"><ele>156</ele></trkpt>
   <trkpt lat="51.485983" lon="9.912015"><ele>156.75</ele></trkpt>
   <trkpt lat="51.4838" lon="9.912833"><ele>156.75</ele></trkpt>
   <trkpt lat="51.483691" lon="9.912874"><ele>157</ele></trkpt>
   <trkpt lat="51.482856" lon="9.913184"><ele>157.75</ele></trkpt>
   <trkpt lat="51.4782" lon="9.914913"><ele>157.75</ele></trkpt>
   <trkpt lat="51.476816" lon="9.915422"><ele>158</ele></trkpt>
   <trkpt lat="51.47524" lon="9.916012"><ele>158.25</ele></trkpt>
   <trkpt lat="51.475156" lon="9.916044"><ele>158.5</ele></trkpt>
   <trkpt lat="51.475082" lon="9.91607"><ele>158.5</ele></trkpt>
   <trkpt lat="51.47409" lon="9.916444"><ele>159</ele></trkpt>
   <trkpt lat="51.471705" lon="9.917331"><ele>158</ele></trkpt>
   <trkpt lat="51.466224" lon="9.91937"><ele>162</ele></trkpt>
   <trkpt lat="51.466204" lon="9.919376"><ele>162.25</ele></trkpt>
   <trkpt lat="51.465777" lon="9.919535"><ele>162.25</ele></trkpt>
   <trkpt lat="51.465013" lon="9.919792"><ele>162.75</ele></trkpt>
   <trkpt lat="51.464508" lon="9.919911"><ele>163.5</ele></trkpt>
   <trkpt lat="51.463638" lon="9.920054"><ele>165</ele></trkpt>
   <trkpt lat="51.463086" lon="9.920178"><ele>165.75</ele></trkpt>
   <trkpt lat="51.462888" lon="9.920214"><ele>165.5</ele></trkpt>
   <trkpt lat="51.462711" lon="9.920236"><ele>165.5</ele></trkpt>
   <trkpt lat="51.462202" lon="9.920313"><ele>165.75</ele></trkpt>
   <trkpt lat="51.461225" lon="9.920478"><ele>166</ele></trkpt>
   <trkpt lat="51.460299" lon="9.920597"><ele>167.25</ele></trkpt>
   <trkpt lat="51.460251" lon="9.920603"><ele>167.25</ele></trkpt>
   <trkpt lat="51.460149" lon="9.920617"><ele>167.5</ele></trkpt>
   <trkpt lat="51.460129" lon="9.920621"><ele>167.5</ele></trkpt>
   <trkpt lat="51.459384" lon="9.920667"><ele>168.5</ele></trkpt>
   <trkpt lat="51.458952" lon="9.920647"><ele>168.5</ele></trkpt>
   <trkpt lat="51.458642" lon="9.920613"><ele>167.75</ele></trkpt>
   <trkpt lat="51.458309" lon="9.920555"><ele>167.25</ele></trkpt>
   <trkpt lat="51.458138" lon="9.920514"><ele>167.5</ele></trkpt>
   <trkpt lat="51.457655" lon="9.920383"><ele>167.75</ele></trkpt>
   <trkpt lat="51.457189" lon="9.920199"><ele>167.75</ele></trkpt>
   <trkpt lat="51.456608" lon="9.919907"><ele>168</ele></trkpt>
   <trkpt lat="51.452118" lon="9.917398"><ele>168.5</ele></trkpt>
   <trkpt lat="51.452067" lon="9.917369"><ele>168.25</ele></trkpt>
   <trkpt lat="51.45195" lon="9.917303"><ele>168.25</ele></trkpt>
   <trkpt lat="51.451211" lon="9.916834"><ele>168</ele></trkpt>
   <trkpt lat="51.451017" lon="9.916712"><ele>168</ele></trkpt>
   <trkpt lat="51.450273" lon="9.916293"><ele>167.5</ele></trkpt>
   <trkpt lat="51.449228" lon="9.915721"><ele>168.75</ele></trkpt>
   <trkpt lat="51.446335" lon="9.914089"><ele>169.25</ele></trkpt>
   <trkpt lat="51.44583" lon="9.913815"><ele>170.25</ele></trkpt>
   <trkpt lat="51.445336" lon="9.913565"><ele>170.75</ele></trkpt>
   <trkpt lat="51.444905" lon="9.91341"><ele>170.75</ele></trkpt>
   <trkpt lat="51.444269" lon="9.913199"><ele>170</ele></trkpt>
   <trkpt lat="51.442469" lon="9.912735"><ele>170</ele></trkpt>
   <trkpt lat="51.439983" lon="9.912082"><ele>172.25</ele></trkpt>
   <trkpt lat="51.439619" lon="9.911986"><ele>171.5</ele></trkpt>
   <trkpt lat="51.439439" lon="9.911939"><ele>171.25</ele></trkpt>
   <trkpt lat="51.438919" lon="9.911818"><ele>170.5</ele></trkpt>
   <trkpt lat="51.433092" lon="9.910308"><ele>171.25</ele></trkpt>
   <trkpt lat="51.431827" lon="9.90998"><ele>173</ele></trkpt>
   <trkpt lat="51.430997" lon="9.909765"><ele>172.25</ele></trkpt>
   <trkpt lat="51.430662" lon="9.909699"><ele>172.5</ele></trkpt>
   <trkpt lat="51.430371" lon="9.909658"><ele>173.25</ele></trkpt>
   <trkpt lat="51.429818" lon="9.909615"><ele>174</ele></trkpt>
   <trkpt lat="51.429523" lon="9.909611"><ele>174.5</ele></trkpt>
   <trkpt lat="51.429064" lon="9.909633"><ele>175</ele></trkpt>
   <trkpt lat="51.428716" lon="9.909663"><ele>175</ele></trkpt>
   <trkpt lat="51.428375" lon="9.909716"><ele>175.25</ele></trkpt>
   <trkpt lat="51.428038" lon="9.909785"><ele>175.25</ele></trkpt>
   <trkpt lat="51.427839" lon="9.909836"><ele>175</ele></trkpt>
   <trkpt lat="51.427307" lon="9.909999"><ele>175</ele></trkpt>
   <trkpt lat="51.427026" lon="9.910098"><ele>175.5</ele></trkpt>
   <trkpt lat="51.426595" lon="9.910281"><ele>176</ele></trkpt>
   <trkpt lat="51.42619" lon="9.910486"><ele>176</ele></trkpt>
   <trkpt lat="51.426116" lon="9.910524"><ele>176</ele></trkpt>
   <trkpt lat="51.426021" lon="9.910572"><ele>176</ele></trkpt>
   <trkpt lat="51.425749" lon="9.910741"><ele>176.25</ele></trkpt>
   <trkpt lat="51.425381" lon="9.910999"><ele>176.75</ele></trkpt>
   <trkpt lat="51.425017" lon="9.911297"><ele>177.25</ele></trkpt>
   <trkpt lat="51.424577" lon="9.911702"><ele>177.25</ele></trkpt>
   <trkpt lat="51.423928" lon="9.912331"><ele>177.5</ele></trkpt>
   <trkpt lat="51.422521" lon="9.913771"><ele>178.75</ele></trkpt>
   <trkpt lat="51.421582" lon="9.914711"><ele>179</ele></trkpt>
   <trkpt lat="51.421127" lon="9.915173"><ele>179.75</ele></trkpt>
   <trkpt lat="51.420982" lon="9.915321"><ele>180</ele></trkpt>
   <trkpt lat="51.420481" lon="9.915828"><ele>180.75</ele></trkpt>
   <trkpt lat="51.420344" lon="9.915966"><ele>180.75</ele></trkpt>
   <trkpt lat="51.418608" lon="9.917721"><ele>185</ele></trkpt>
   <trkpt lat="51.418594" lon="9.917735"><ele>185</ele></trkpt>
   <trkpt lat="51.418509" lon="9.917821"><ele>185.25</ele></trkpt>
   <trkpt lat="51.417465" lon="9.918892"><ele>197.25</ele></trkpt>
   <trkpt lat="51.417094" lon="9.919229"><ele>195.25</ele></trkpt>
   <trkpt lat="51.416872" lon="9.919386"><ele>194.25</ele></trkpt>
   <trkpt lat="51.416623" lon="9.919552"><ele>192.5</ele></trkpt>
   <trkpt lat="51.416363" lon="9.919701"><ele>189.25</ele></trkpt>
   <trkpt lat="51.416056" lon="9.919871"><ele>186.25</ele></trkpt>
   <trkpt lat="51.415578" lon="9.920047"><ele>183.5</ele></trkpt>
   <trkpt lat="51.41507" lon="9.920151"><ele>182.75</ele></trkpt>
   <trkpt lat="51.414509" lon="9.920174"><ele>183.75</ele></trkpt>
   <trkpt lat="51.414179" lon="9.920139"><ele>184.5</ele></trkpt>
   <trkpt lat="51.413773" lon="9.920057"><ele>185.75</ele></trkpt>
   <trkpt lat="51.413474" lon="9.919956"><ele>186.75</ele></trkpt>
   <trkpt lat="51.41314" lon="9.919819"><ele>188.25</ele></trkpt>
   <trkpt lat="51.41309" lon="9.91979"><ele>188.5</ele></trkpt>
   <trkpt lat="51.41269" lon="9.919564"><ele>190.5</ele></trkpt>
   <trkpt lat="51.412198" lon="9.919216"><ele>191.25</ele></trkpt>
   <trkpt lat="51.411959" lon="9.919006"><ele>191</ele></trkpt>
   <trkpt lat="51.411723" lon="9.918774"><ele>190.5</ele></trkpt>
   <trkpt lat="51.411443" lon="9.91845"><ele>191</ele></trkpt>
   <trkpt lat="51.411277" lon="9.918231"><ele>191.25</ele></trkpt>
   <trkpt lat="51.410728" lon="9.91744"><ele>190.25</ele></trkpt>
   <trkpt lat="51.410051" lon="9.916378"><ele>195</ele></trkpt>
   <trkpt lat="51.40981" lon="9.916037"><ele>195</ele></trkpt>
   <trkpt lat="51.409701" lon="9.915882"><ele>194.75</ele></trkpt>
   <trkpt lat="51.409413" lon="9.915522"><ele>193.25</ele></trkpt>
   <trkpt lat="51.409309" lon="9.91541"><ele>192.5</ele></trkpt>
   <trkpt lat="51.409165" lon="9.915255"><ele>191.25</ele></trkpt>
   <trkpt lat="51.408993" lon="9.915096"><ele>189.5</ele></trkpt>
   <trkpt lat="51.408734" lon="9.914857"><ele>188.5</ele></trkpt>
   <trkpt lat="51.408569" lon="9.914728"><ele>188.5</ele></trkpt>
   <trkpt lat="51.408517" lon="9.914688"><ele>188.5</ele></trkpt>
   <trkpt lat="51.408277" lon="9.914507"><ele>188.5</ele></trkpt>
   <trkpt lat="51.408152" lon="9.914432"><ele>188.25</ele></trkpt>
   <trkpt lat="51.407989" lon="9.914339"><ele>188.25</ele></trkpt>
   <trkpt lat="51.407654" lon="9.914182"><ele>188</ele></trkpt>
   <trkpt lat="51.407389" lon="9.914086"><ele>188.25</ele></trkpt>
   <trkpt lat="51.407151" lon="9.914021"><ele>188.75</ele></trkpt>
   <trkpt lat="51.406845" lon="9.913956"><ele>189.5</ele></trkpt>
   <trkpt lat="51.406586" lon="9.913925"><ele>190</ele></trkpt>
   <trkpt lat="51.406309" lon="9.913917"><ele>190</ele></trkpt>
   <trkpt lat="51.405993" lon="9.913938"><ele>190</ele></trkpt>
   <trkpt lat="51.405667" lon="9.914"><ele>190.25</ele></trkpt>
   <trkpt lat="51.405224" lon="9.914127"><ele>190.75</ele></trkpt>
   <trkpt lat="51.40495" lon="9.914226"><ele>191</ele></trkpt>
   <trkpt lat="51.404579" lon="9.914416"><ele>192</ele></trkpt>
   <trkpt lat="51.40427" lon="9.914614"><ele>193</ele></trkpt>
   <trkpt lat="51.403789" lon="9.915033"><ele>194</ele></trkpt>
   <trkpt lat="51.403438" lon="9.91538"><ele>194.5</ele></trkpt>
   <trkpt lat="51.403184" lon="9.915664"><ele>195.25</ele></trkpt>
   <trkpt lat="51.402913" lon="9.916023"><ele>196.25</ele></trkpt>
   <trkpt lat="51.40261" lon="9.916501"><ele>195.5</ele></trkpt>
   <trkpt lat="51.402352" lon="9.916968"><ele>196.25</ele></trkpt>
   <trkpt lat="51.402058" lon="9.91761"><ele>199.75</ele></trkpt>
   <trkpt lat="51.401345" lon="9.919318"><ele>211.5</ele></trkpt>
   <trkpt lat="51.400932" lon="9.920347"><ele>216.5</ele></trkpt>
   <trkpt lat="51.400477" lon="9.921417"><ele>212.75</ele></trkpt>
   <trkpt lat="51.399851" lon="9.922623"><ele>211.5</ele></trkpt>
   <trkpt lat="51.399464" lon="9.923282"><ele>207.5</ele></trkpt>
   <trkpt lat="51.399149" lon="9.923782"><ele>207.75</ele></trkpt>
   <trkpt lat="51.39849" lon="9.924688"><ele>204.75</ele></trkpt>
   <trkpt lat="51.398047" lon="9.925165"><ele>203.25</ele></trkpt>
   <trkpt lat="51.397734" lon="9.925481"><ele>202.5</ele></trkpt>
   <trkpt lat="51.397495" lon="9.925672"><ele>202.25</ele></trkpt>
   <trkpt lat="51.39725" lon="9.925821"><ele>202.5</ele></trkpt>
   <trkpt lat="51.396723" lon="9.926096"><ele>203</ele></trkpt>
   <trkpt lat="51.396266" lon="9.926242"><ele>205</ele></trkpt>
   <trkpt lat="51.395767" lon="9.926303"><ele>208.25</ele></trkpt>
   <trkpt lat="51.394976" lon="9.92629"><ele>212.25</ele></trkpt>
   <trkpt lat="51.394422" lon="9.926157"><ele>212.25</ele></trkpt>
   <trkpt lat="51.393816" lon="9.925925"><ele>210.75</ele></trkpt>
   <trkpt lat="51.392674" lon="9.925161"><ele>206.75</ele></trkpt>
   <trkpt lat="51.391833" lon="9.924579"><ele>206</ele></trkpt>
   <trkpt lat="51.39143" lon="9.924329"><ele>206.25</ele></trkpt>
   <trkpt lat="51.391164" lon="9.924181"><ele>206.5</ele></trkpt>
   <trkpt lat="51.390922" lon="9.924076"><ele>206.75</ele></trkpt>
   <trkpt lat="51.390581" lon="9.923957"><ele>208.5</ele></trkpt>
   <trkpt lat="51.390173" lon="9.923861"><ele>211.25</ele></trkpt>
   <trkpt lat="51.389735" lon="9.923834"><ele>213.75</ele></trkpt>
   <trkpt lat="51.389308" lon="9.923838"><ele>216</ele></trkpt>
   <trkpt lat="51.38872" lon="9.923939"><ele>218.5</ele></trkpt>
   <trkpt lat="51.388203" lon="9.92416"><ele>220.25</ele></trkpt>
   <trkpt lat="51.387956" lon="9.924283"><ele>220.75</ele></trkpt>
   <trkpt lat="51.387662" lon="9.92447"><ele>221.75</ele></trkpt>
   <trkpt lat="51.38746" lon="9.924623"><ele>222.25</ele></trkpt>
   <trkpt lat="51.387274" lon="9.924763"><ele>221.75</ele></trkpt>
   <trkpt lat="51.386935" lon="9.925062"><ele>220.25</ele></trkpt>
   <trkpt lat="51.386522" lon="9.925536"><ele>219</ele></trkpt>
   <trkpt lat="51.385595" lon="9.926679"><ele>218</ele></trkpt>
   <trkpt lat="51.384919" lon="9.92753"><ele>215.5</ele></trkpt>
   <trkpt lat="51.384659" lon="9.92785"><ele>215.25</ele></trkpt>
   <trkpt lat="51.384389" lon="9.928147"><ele>215</ele></trkpt>
   <trkpt lat="51.384142" lon="9.928383"><ele>214.5</ele></trkpt>
   <trkpt lat="51.383926" lon="9.928566"><ele>213</ele></trkpt>
   <trkpt lat="51.383713" lon="9.928737"><ele>211.75</ele></trkpt>
   <trkpt lat="51.383422" lon="9.928952"><ele>210.5</ele></trkpt>
   <trkpt lat="51.3831" lon="9.929146"><ele>210.25</ele></trkpt>
   <trkpt lat="51.382843" lon="9.929255"><ele>210.5</ele></trkpt>
   <trkpt lat="51.382596" lon="9.929338"><ele>211</ele></trkpt>
   <trkpt lat="51.382262" lon="9.929418"><ele>211.75</ele></trkpt>
   <trkpt lat="51.382022" lon="9.929452"><ele>212.5</ele></trkpt>
   <trkpt lat="51.381798" lon="9.929469"><ele>213</ele></trkpt>
   <trkpt lat="51.381405" lon="9.929458"><ele>214.5</ele></trkpt>
   <trkpt lat="51.381191" lon="9.929432"><ele>215.25</ele></trkpt>
   <trkpt lat="51.380979" lon="9.929393"><ele>216</ele></trkpt>
   <trkpt lat="51.380867" lon="9.929363"><ele>216.5</ele></trkpt>
   <trkpt lat="51.380648" lon="9.9293"><ele>217.5</ele></trkpt>
   <trkpt lat="51.380534" lon="9.929256"><ele>218.25</ele></trkpt>
   <trkpt lat="51.380521" lon="9.92925"><ele>218.25</ele></trkpt>
   <trkpt lat="51.38029" lon="9.929154"><ele>219.75</ele></trkpt>
   <trkpt lat="51.38004" lon="9.929019"><ele>221.5</ele></trkpt>
   <trkpt lat="51.379825" lon="9.928885"><ele>223.25</ele></trkpt>
   <trkpt lat="51.379685" lon="9.928786"><ele>224.25</ele></trkpt>
   <trkpt lat="51.379438" lon="9.928592"><ele>226</ele></trkpt>
   <trkpt lat="51.379262" lon="9.928433"><ele>227.25</ele></trkpt>
   <trkpt lat="51.379173" lon="9.928345"><ele>227.75</ele></trkpt>
   <trkpt lat="51.379045" lon="9.928214"><ele>227.75</ele></trkpt>
   <trkpt lat="51.378808" lon="9.927961"><ele>227.25</ele></trkpt>
   <trkpt lat="51.378584" lon="9.927698"><ele>227.25</ele></trkpt>
   <trkpt lat="51.378465" lon="9.927542"><ele>227.25</ele></trkpt>
   <trkpt lat="51.378282" lon="9.927285"><ele>227.75</ele></trkpt>
   <trkpt lat="51.377635" lon="9.926246"><ele>229</ele></trkpt>
   <trkpt lat="51.376314" lon="9.924075"><ele>232</ele></trkpt>
   <trkpt lat="51.375562" lon="9.922898"><ele>233.25</ele></trkpt>
   <trkpt lat="51.375255" lon="9.922421"><ele>233.75</ele></trkpt>
   <trkpt lat="51.374946" lon="9.921942"><ele>234.25</ele></trkpt>
   <trkpt lat="51.3747" lon="9.92156"><ele>234.25</ele></trkpt>
   <trkpt lat="51.374097" lon="9.920608"><ele>236.5</ele></trkpt>
   <trkpt lat="51.373758" lon="9.920054"><ele>238.5</ele></trkpt>
   <trkpt lat="51.373472" lon="9.919605"><ele>240.75</ele></trkpt>
   <trkpt lat="51.373274" lon="9.91929"><ele>242</ele></trkpt>
   <trkpt lat="51.37272" lon="9.918339"><ele>241.25</ele></trkpt>
   <trkpt lat="51.372688" lon="9.918291"><ele>241</ele></trkpt>
   <trkpt lat="51.372262" lon="9.917636"><ele>239.5</ele></trkpt>
   <trkpt lat="51.371906" lon="9.917055"><ele>237.25</ele></trkpt>
   <trkpt lat="51.37168" lon="9.916659"><ele>235</ele></trkpt>
   <trkpt lat="51.371612" lon="9.916522"><ele>235.25</ele></trkpt>
   <trkpt lat="51.37093" lon="9.915141"><ele>235.5</ele></trkpt>
   <trkpt lat="51.37083" lon="9.914939"><ele>235</ele></trkpt>
   <trkpt lat="51.370397" lon="9.91412"><ele>234.75</ele></trkpt>
   <trkpt lat="51.369952" lon="9.913448"><ele>233</ele></trkpt>
   <trkpt lat="51.369758" lon="9.9132"><ele>232.25</ele></trkpt>
   <trkpt lat="51.369498" lon="9.912929"><ele>231.5</ele></trkpt>
   <trkpt lat="51.369121" lon="9.912605"><ele>230</ele></trkpt>
   <trkpt lat="51.369026" lon="9.91254"><ele>229.5</ele></trkpt>
   <trkpt lat="51.368376" lon="9.912113"><ele>228</ele></trkpt>
   <trkpt lat="51.368008" lon="9.911999"><ele>227</ele></trkpt>
   <trkpt lat="51.367723" lon="9.91191"><ele>226.5</ele></trkpt>
   <trkpt lat="51.367444" lon="9.911864"><ele>226.25</ele></trkpt>
   <trkpt lat="51.367223" lon="9.91186"><ele>226</ele></trkpt>
   <trkpt lat="51.366893" lon="9.911863"><ele>226</ele></trkpt>
   <trkpt lat="51.366612" lon="9.911918"><ele>226.25</ele></trkpt>
   <trkpt lat="51.366266" lon="9.912002"><ele>227.5</ele></trkpt>
   <trkpt lat="51.365855" lon="9.912144"><ele>229</ele></trkpt>
   <trkpt lat="51.365557" lon="9.912269"><ele>230.25</ele></trkpt>
   <trkpt lat="51.365423" lon="9.912325"><ele>230.75</ele></trkpt>
   <trkpt lat="51.365215" lon="9.912412"><ele>231.75</ele></trkpt>
   <trkpt lat="51.363875" lon="9.912938"><ele>236.25</ele></trkpt>
   <trkpt lat="51.363612" lon="9.913013"><ele>235.75</ele></trkpt>
   <trkpt lat="51.363516" lon="9.913041"><ele>235.5</ele></trkpt>
   <trkpt lat="51.363359" lon="9.913086"><ele>235</ele></trkpt>
   <trkpt lat="51.363009" lon="9.91312"><ele>232.5</ele></trkpt>
   <trkpt lat="51.362562" lon="9.913136"><ele>229</ele></trkpt>
   <trkpt lat="51.362317" lon="9.913119"><ele>227.75</ele></trkpt>
   <trkpt lat="51.361757" lon="9.912987"><ele>225.75</ele></trkpt>
   <trkpt lat="51.361619" lon="9.912935"><ele>225.25</ele></trkpt>
   <trkpt lat="51.361168" lon="9.91273"><ele>225</ele></trkpt>
   <trkpt lat="51.360875" lon="9.912552"><ele>224.25</ele></trkpt>
   <trkpt lat="51.360489" lon="9.912303"><ele>223.25</ele></trkpt>
   <trkpt lat="51.360225" lon="9.912074"><ele>222.25</ele></trkpt>
   <trkpt lat="51.359939" lon="9.911814"><ele>222</ele></trkpt>
   <trkpt lat="51.359478" lon="9.911289"><ele>227.75</ele></trkpt>
   <trkpt lat="51.359208" lon="9.910932"><ele>229.75</ele></trkpt>
   <trkpt lat="51.358988" lon="9.910585"><ele>234.25</ele></trkpt>
   <trkpt lat="51.358839" lon="9.910335"><ele>237</ele></trkpt>
   <trkpt lat="51.358765" lon="9.91021"><ele>238</ele></trkpt>
   <trkpt lat="51.358712" lon="9.910122"><ele>238.75</ele></trkpt>
   <trkpt lat="51.358478" lon="9.909658"><ele>240.75</ele></trkpt>
   <trkpt lat="51.357878" lon="9.908157"><ele>243.25</ele></trkpt>
   <trkpt lat="51.357057" lon="9.905906"><ele>230.75</ele></trkpt>
   <trkpt lat="51.357005" lon="9.90578"><ele>230.5</ele></trkpt>
   <trkpt lat="51.356919" lon="9.90557"><ele>230</ele></trkpt>
   <trkpt lat="51.356687" lon="9.905125"><ele>229.5</ele></trkpt>
   <trkpt lat="51.356563" lon="9.904896"><ele>230.5</ele></trkpt>
   <trkpt lat="51.356282" lon="9.904424"><ele>232</ele></trkpt>
   <trkpt lat="51.35592" lon="9.903894"><ele>232.75</ele></trkpt>
   <trkpt lat="51.355536" lon="9.903445"><ele>231.5</ele></trkpt>
   <trkpt lat="51.355334" lon="9.903264"><ele>230.25</ele></trkpt>
   <trkpt lat="51.355116" lon="9.903068"><ele>228.25</ele></trkpt>
   <trkpt lat="51.354774" lon="9.902821"><ele>227.75</ele></trkpt>
   <trkpt lat="51.354387" lon="9.90257"><ele>228.25</ele></trkpt>
   <trkpt lat="51.353271" lon="9.901923"><ele>225.5</ele></trkpt>
   <trkpt lat="51.352892" lon="9.901726"><ele>226.5</ele></trkpt>
   <trkpt lat="51.352444" lon="9.901528"><ele>228</ele></trkpt>
   <trkpt lat="51.352065" lon="9.901412"><ele>226.25</ele></trkpt>
   <trkpt lat="51.351636" lon="9.901304"><ele>224.5</ele></trkpt>
   <trkpt lat="51.351291" lon="9.901262"><ele>221.25</ele></trkpt>
   <trkpt lat="51.351224" lon="9.901254"><ele>220.75</ele></trkpt>
   <trkpt lat="51.350541" lon="9.901286"><ele>216</ele></trkpt>
   <trkpt lat="51.350057" lon="9.901358"><ele>211.75</ele></trkpt>
   <trkpt lat="51.349926" lon="9.901397"><ele>211.75</ele></trkpt>
   <trkpt lat="51.349909" lon="9.901402"><ele>212</ele></trkpt>
   <trkpt lat="51.349216" lon="9.901628"><ele>215</ele></trkpt>
   <trkpt lat="51.348715" lon="9.901869"><ele>223</ele></trkpt>
   <trkpt lat="51.348422" lon="9.902034"><ele>227.25</ele></trkpt>
   <trkpt lat="51.34836" lon="9.90207"><ele>228</ele></trkpt>
   <trkpt lat="51.347979" lon="9.902335"><ele>229</ele></trkpt>
   <trkpt lat="51.347695" lon="9.902554"><ele>228.25</ele></trkpt>
   <trkpt lat="51.347418" lon="9.902795"><ele>226.5</ele></trkpt>
   <trkpt lat="51.346997" lon="9.903238"><ele>220.75</ele></trkpt>
   <trkpt lat="51.346619" lon="9.903659"><ele>221.25</ele></trkpt>
   <trkpt lat="51.346482" lon="9.903816"><ele>223</ele></trkpt>
   <trkpt lat="51.34585" lon="9.904756"><ele>230.5</ele></trkpt>
   <trkpt lat="51.340109" lon="9.91458"><ele>218</ele></trkpt>
   <trkpt lat="51.339858" lon="9.915016"><ele>212.5</ele></trkpt>
   <trkpt lat="51.339845" lon="9.915038"><ele>212.5</ele></trkpt>
   <trkpt lat="51.339149" lon="9.916245"><ele>203.75</ele></trkpt>
   <trkpt lat="51.338585" lon="9.917193"><ele>197</ele></trkpt>
   <trkpt lat="51.338347" lon="9.917565"><ele>195.75</ele></trkpt>
   <trkpt lat="51.338269" lon="9.917688"><ele>195.25</ele></trkpt>
   <trkpt lat="51.338153" lon="9.91787"><ele>194.5</ele></trkpt>
   <trkpt lat="51.337774" lon="9.918369"><ele>193</ele></trkpt>
   <trkpt lat="51.337308" lon="9.918899"><ele>196</ele></trkpt>
   <trkpt lat="51.337215" lon="9.918984"><ele>195.75</ele></trkpt>
   <trkpt lat="51.337028" lon="9.919154"><ele>195.75</ele></trkpt>
   <trkpt lat="51.336854" lon="9.919312"><ele>195.5</ele></trkpt>
   <trkpt lat="51.336515" lon="9.919572"><ele>194.25</ele></trkpt>
   <trkpt lat="51.336178" lon="9.919805"><ele>192</ele></trkpt>
   <trkpt lat="51.335654" lon="9.920111"><ele>189.25</ele></trkpt>
   <trkpt lat="51.335135" lon="9.92029"><ele>188.5</ele></trkpt>
   <trkpt lat="51.334475" lon="9.920443"><ele>187.25</ele></trkpt>
   <trkpt lat="51.333675" lon="9.920597"><ele>188</ele></trkpt>
   <trkpt lat="51.332723" lon="9.920705"><ele>186</ele></trkpt>
   <trkpt lat="51.332419" lon="9.920764"><ele>185</ele></trkpt>
   <trkpt lat="51.331978" lon="9.920869"><ele>185.75</ele></trkpt>
   <trkpt lat="51.331656" lon="9.920968"><ele>186.25</ele></trkpt>
   <trkpt lat="51.331414" lon="9.921031"><ele>188</ele></trkpt>
   <trkpt lat="51.329849" lon="9.921331"><ele>195</ele></trkpt>
   <trkpt lat="51.329779" lon="9.921345"><ele>194.75</ele></trkpt>
   <trkpt lat="51.329247" lon="9.921447"><ele>194</ele></trkpt>
   <trkpt lat="51.328733" lon="9.921545"><ele>192</ele></trkpt>
   <trkpt lat="51.326088" lon="9.922053"><ele>187.25</ele></trkpt>
   <trkpt lat="51.323795" lon="9.922493"><ele>177</ele></trkpt>
   <trkpt lat="51.321129" lon="9.922968"><ele>173</ele></trkpt>
   <trkpt lat="51.321119" lon="9.92297"><ele>173</ele></trkpt>
   <trkpt lat="51.320275" lon="9.923147"><ele>172.5</ele></trkpt>
   <trkpt lat="51.319906" lon="9.923248"><ele>172</ele></trkpt>
   <trkpt lat="51.319552" lon="9.923388"><ele>171</ele></trkpt>
   <trkpt lat="51.31918" lon="9.92359"><ele>170.5</ele></trkpt>
   <trkpt lat="51.31864" lon="9.923994"><ele>171.25</ele></trkpt>
   <trkpt lat="51.31823" lon="9.924376"><ele>172.75</ele></trkpt>
   <trkpt lat="51.317795" lon="9.924858"><ele>173.75</ele></trkpt>
   <trkpt lat="51.317535" lon="9.925206"><ele>175.25</ele></trkpt>
   <trkpt lat="51.317328" lon="9.925526"><ele>173.75</ele></trkpt>
   <trkpt lat="51.317025" lon="9.926065"><ele>172</ele></trkpt>
   <trkpt lat="51.316778" lon="9.926536"><ele>171</ele></trkpt>
   <trkpt lat="51.316476" lon="9.92717"><ele>171.75</ele></trkpt>
   <trkpt lat="51.315883" lon="9.928456"><ele>175.5</ele></trkpt>
   <trkpt lat="51.315568" lon="9.929095"><ele>177.25</ele></trkpt>
   <trkpt lat="51.315301" lon="9.929589"><ele>177.5</ele></trkpt>
   <trkpt lat="51.314975" lon="9.930106"><ele>175.5</ele></trkpt>
   <trkpt lat="51.314914" lon="9.930181"><ele>174</ele></trkpt>
   <trkpt lat="51.314538" lon="9.930676"><ele>165.75</ele></trkpt>
   <trkpt lat="51.31427" lon="9.930966"><ele>159.5</ele></trkpt>
   <trkpt lat="51.313974" lon="9.931239"><ele>154.25</ele></trkpt>
   <trkpt lat="51.313623" lon="9.931518"><ele>154.25</ele></trkpt>
   <trkpt lat="51.313166" lon="9.93182"><ele>154.75</ele></trkpt>
   <trkpt lat="51.311937" lon="9.932632"><ele>155.5</ele></trkpt>
   <trkpt lat="51.311605" lon="9.932907"><ele>155.5</ele></trkpt>
   <trkpt lat="51.311065" lon="9.933276"><ele>161</ele></trkpt>
   <trkpt lat="51.310066" lon="9.933861"><ele>177</ele></trkpt>
   <trkpt lat="51.309721" lon="9.934081"><ele>185.5</ele></trkpt>
   <trkpt lat="51.308263" lon="9.935015"><ele>185</ele></trkpt>
   <trkpt lat="51.30736" lon="9.935684"><ele>171.75</ele></trkpt>
   <trkpt lat="51.306557" lon="9.936427"><ele>169</ele></trkpt>
   <trkpt lat="51.305793" lon="9.937221"><ele>166.25</ele></trkpt>
   <trkpt lat="51.305571" lon="9.937487"><ele>164</ele></trkpt>
   <trkpt lat="51.305487" lon="9.937591"><ele>163.25</ele></trkpt>
   <trkpt lat="51.305047" lon="9.938166"><ele>163</ele></trkpt>
   <trkpt lat="51.304667" lon="9.938829"><ele>166.25</ele></trkpt>
   <trkpt lat="51.304129" lon="9.939847"><ele>174</ele></trkpt>
   <trkpt lat="51.30251" lon="9.94292"><ele>176.5</ele></trkpt>
   <trkpt lat="51.302126" lon="9.94365"><ele>178.25</ele></trkpt>
   <trkpt lat="51.301833" lon="9.944359"><ele>177</ele></trkpt>
   <trkpt lat="51.301565" lon="9.945109"><ele>174</ele></trkpt>
   <trkpt lat="51.301377" lon="9.945861"><ele>177.25</ele></trkpt>
   <trkpt lat="51.301279" lon="9.946353"><ele>176.75</ele></trkpt>
   <trkpt lat="51.301178" lon="9.946933"><ele>176.25</ele></trkpt>
   <trkpt lat="51.301085" lon="9.94757"><ele>175</ele></trkpt>
   <trkpt lat="51.301084" lon="9.947578"><ele>175</ele></trkpt>
   <trkpt lat="51.30067" lon="9.950379"><ele>164.75</ele></trkpt>
   <trkpt lat="51.299023" lon="9.961459"><ele>156</ele></trkpt>
   <trkpt lat="51.298907" lon="9.962098"><ele>155.5</ele></trkpt>
   <trkpt lat="51.298773" lon="9.962708"><ele>155.5</ele></trkpt>
   <trkpt lat="51.29858" lon="9.963355"><ele>157.25</ele></trkpt>
   <trkpt lat="51.298317" lon="9.964114"><ele>157.25</ele></trkpt>
   <trkpt lat="51.298228" lon="9.964315"><ele>158</ele></trkpt>
   <trkpt lat="51.298218" lon="9.964338"><ele>158</ele></trkpt>
   <trkpt lat="51.297964" lon="9.964868"><ele>159</ele></trkpt>
   <trkpt lat="51.297649" lon="9.965449"><ele>159.25</ele></trkpt>
   <trkpt lat="51.297311" lon="9.965953"><ele>161.5</ele></trkpt>
   <trkpt lat="51.296963" lon="9.966446"><ele>164</ele></trkpt>
   <trkpt lat="51.296518" lon="9.966985"><ele>167.75</ele></trkpt>
   <trkpt lat="51.295931" lon="9.967537"><ele>171.75</ele></trkpt>
   <trkpt lat="51.295586" lon="9.96781"><ele>170.5</ele></trkpt>
   <trkpt lat="51.295141" lon="9.968113"><ele>168.5</ele></trkpt>
   <trkpt lat="51.294704" lon="9.968332"><ele>169.25</ele></trkpt>
   <trkpt lat="51.294236" lon="9.968522"><ele>175.5</ele></trkpt>
   <trkpt lat="51.293617" lon="9.968718"><ele>179.25</ele></trkpt>
   <trkpt lat="51.293108" lon="9.968771"><ele>180.25</ele></trkpt>
   <trkpt lat="51.292671" lon="9.968771"><ele>178.5</ele></trkpt>
   <trkpt lat="51.291999" lon="9.96867"><ele>172</ele></trkpt>
   <trkpt lat="51.291662" lon="9.968579"><ele>168</ele></trkpt>
   <trkpt lat="51.291249" lon="9.968428"><ele>162.75</ele></trkpt>
   <trkpt lat="51.290655" lon="9.968124"><ele>160.25</ele></trkpt>
   <trkpt lat="51.290588" lon="9.968086"><ele>160.5</ele></trkpt>
   <trkpt lat="51.289459" lon="9.967442"><ele>155.75</ele></trkpt>
   <trkpt lat="51.28941" lon="9.967414"><ele>155</ele></trkpt>
   <trkpt lat="51.289392" lon="9.967404"><ele>154.75</ele></trkpt>
   <trkpt lat="51.282966" lon="9.963718"><ele>146</ele></trkpt>
   <trkpt lat="51.282861" lon="9.963658"><ele>146</ele></trkpt>
   <trkpt lat="51.282729" lon="9.963583"><ele>146</ele></trkpt>
   <trkpt lat="51.282306" lon="9.963375"><ele>145.75</ele></trkpt>
   <trkpt lat="51.28185" lon="9.963201"><ele>145.25</ele></trkpt>
   <trkpt lat="51.28132" lon="9.963047"><ele>145.5</ele></trkpt>
   <trkpt lat="51.281069" lon="9.962997"><ele>145.75</ele></trkpt>
   <trkpt lat="51.280824" lon="9.962961"><ele>145.75</ele></trkpt>
   <trkpt lat="51.280147" lon="9.962927"><ele>145.5</ele></trkpt>
   <trkpt lat="51.279425" lon="9.963001"><ele>145.25</ele></trkpt>
   <trkpt lat="51.279072" lon="9.963068"><ele>145.25</ele></trkpt>
   <trkpt lat="51.278724" lon="9.963171"><ele>145.5</ele></trkpt>
   <trkpt lat="51.278108" lon="9.963407"><ele>146.25</ele></trkpt>
   <trkpt lat="51.277787" lon="9.963566"><ele>146.5</ele></trkpt>
   <trkpt lat="51.27545" lon="9.964797"><ele>146.75</ele></trkpt>
   <trkpt lat="51.273152" lon="9.966012"><ele>149.25</ele></trkpt>
   <trkpt lat="51.270944" lon="9.96718"><ele>150.75</ele></trkpt>
   <trkpt lat="51.270176" lon="9.967539"><ele>150</ele></trkpt>
   <trkpt lat="51.268913" lon="9.968216"><ele>152.25</ele></trkpt>
   <trkpt lat="51.267969" lon="9.968725"><ele>149.5</ele></trkpt>
   <trkpt lat="51.267553" lon="9.968937"><ele>148</ele></trkpt>
   <trkpt lat="51.267283" lon="9.969077"><ele>148.25</ele></trkpt>
   <trkpt lat="51.266464" lon="9.969483"><ele>149</ele></trkpt>
   <trkpt lat="51.264935" lon="9.970314"><ele>150.5</ele></trkpt>
   <trkpt lat="51.264926" lon="9.970319"><ele>150.5</ele></trkpt>
   <trkpt lat="51.264468" lon="9.970558"><ele>150.25</ele></trkpt>
   <trkpt lat="51.264101" lon="9.970809"><ele>149.75</ele></trkpt>
   <trkpt lat="51.263673" lon="9.971125"><ele>148.5</ele></trkpt>
   <trkpt lat="51.263291" lon="9.971512"><ele>148.75</ele></trkpt>
   <trkpt lat="51.263038" lon="9.971761"><ele>149</ele></trkpt>
   <trkpt lat="51.262039" lon="9.972777"><ele>150</ele></trkpt>
   <trkpt lat="51.261746" lon="9.973132"><ele>150.5</ele></trkpt>
   <trkpt lat="51.261247" lon="9.973841"><ele>149.5</ele></trkpt>
   <trkpt lat="51.260801" lon="9.974649"><ele>148.75</ele></trkpt>
   <trkpt lat="51.260534" lon="9.975221"><ele>148.25</ele></trkpt>
   <trkpt lat="51.260125" lon="9.976234"><ele>149</ele></trkpt>
   <trkpt lat="51.260021" lon="9.976547"><ele>149.5</ele></trkpt>
   <trkpt lat="51.259791" lon="9.977297"><ele>149</ele></trkpt>
   <trkpt lat="51.259635" lon="9.977917"><ele>148.5</ele></trkpt>
   <trkpt lat="51.259592" lon="9.978113"><ele>148.5</ele></trkpt>
   <trkpt lat="51.259484" lon="9.978653"><ele>148.25</ele></trkpt>
   <trkpt lat="51.259378" lon="9.979237"><ele>148.25</ele></trkpt>
   <trkpt lat="51.259243" lon="9.980117"><ele>149</ele></trkpt>
   <trkpt lat="51.259194" lon="9.980568"><ele>149</ele></trkpt>
   <trkpt lat="51.259158" lon="9.981023"><ele>148.75</ele></trkpt>
   <trkpt lat="51.259132" lon="9.981512"><ele>148.75</ele></trkpt>
   <trkpt lat="51.259131" lon="9.98153"><ele>148.75</ele></trkpt>
   <trkpt lat="51.259114" lon="9.982385"><ele>148.75</ele></trkpt>
   <trkpt lat="51.259124" lon="9.982621"><ele>149</ele></trkpt>
   <trkpt lat="51.259123" lon="9.982843"><ele>149.25</ele></trkpt>
   <trkpt lat="51.259133" lon="9.983179"><ele>149.5</ele></trkpt>
   <trkpt lat="51.259296" lon="9.985839"><ele>149</ele></trkpt>
   <trkpt lat="51.259417" lon="9.987713"><ele>149.5</ele></trkpt>
   <trkpt lat="51.259493" lon="9.988823"><ele>149</ele></trkpt>
   <trkpt lat="51.259511" lon="9.989873"><ele>150</ele></trkpt>
   <trkpt lat="51.259497" lon="9.990361"><ele>150</ele></trkpt>
   <trkpt lat="51.259445" lon="9.990958"><ele>150.25</ele></trkpt>
   <trkpt lat="51.259378" lon="9.991515"><ele>150.75</ele></trkpt>
   <trkpt lat="51.259303" lon="9.991978"><ele>151.25</ele></trkpt>
   <trkpt lat="51.259183" lon="9.992555"><ele>151.75</ele></trkpt>
   <trkpt lat="51.259144" lon="9.992734"><ele>151.75</ele></trkpt>
   <trkpt lat="51.258915" lon="9.993503"><ele>152</ele></trkpt>
   <trkpt lat="51.258755" lon="9.993946"><ele>152.25</ele></trkpt>
   <trkpt lat="51.258547" lon="9.994453"><ele>153.25</ele></trkpt>
   <trkpt lat="51.258325" lon="9.994919"><ele>154.75</ele></trkpt>
   <trkpt lat="51.258126" lon="9.995268"><ele>155.25</ele></trkpt>
   <trkpt lat="51.257812" lon="9.995765"><ele>156.25</ele></trkpt>
   <trkpt lat="51.257644" lon="9.995994"><ele>156.5</ele></trkpt>
   <trkpt lat="51.257619" lon="9.996031"><ele>156.5</ele></trkpt>
   <trkpt lat="51.257248" lon="9.996483"><ele>157.5</ele></trkpt>
   <trkpt lat="51.257057" lon="9.996669"><ele>158</ele></trkpt>
   <trkpt lat="51.256604" lon="9.997057"><ele>158.5</ele></trkpt>
   <trkpt lat="51.256294" lon="9.99728"><ele>158.5</ele></trkpt>
   <trkpt lat="51.256029" lon="9.99744"><ele>158.75</ele></trkpt>
   <trkpt lat="51.25568" lon="9.997604"><ele>158.75</ele></trkpt>
   <trkpt lat="51.255317" lon="9.997743"><ele>158.25</ele></trkpt>
   <trkpt lat="51.254982" lon="9.997834"><ele>158.25</ele></trkpt>
   <trkpt lat="51.254652" lon="9.997876"><ele>159.25</ele></trkpt>
   <trkpt lat="51.254074" lon="9.997883"><ele>161</ele></trkpt>
   <trkpt lat="51.253739" lon="9.997842"><ele>161.25</ele></trkpt>
   <trkpt lat="51.253369" lon="9.997749"><ele>161.75</ele></trkpt>
   <trkpt lat="51.252761" lon="9.997505"><ele>160.75</ele></trkpt>
   <trkpt lat="51.252274" lon="9.99721"><ele>160.5</ele></trkpt>
   <trkpt lat="51.25204" lon="9.997029"><ele>160.25</ele></trkpt>
   <trkpt lat="51.251781" lon="9.996799"><ele>160</ele></trkpt>
   <trkpt lat="51.251562" lon="9.996587"><ele>160.25</ele></trkpt>
   <trkpt lat="51.251347" lon="9.996358"><ele>161</ele></trkpt>
   <trkpt lat="51.251024" lon="9.995964"><ele>161.75</ele></trkpt>
   <trkpt lat="51.250663" lon="9.995435"><ele>161.75</ele></trkpt>
   <trkpt lat="51.250383" lon="9.994948"><ele>160.75</ele></trkpt>
   <trkpt lat="51.250123" lon="9.994403"><ele>160.5</ele></trkpt>
   <trkpt lat="51.250041" lon="9.99418"><ele>160.5</ele></trkpt>
   <trkpt lat="51.249894" lon="9.993781"><ele>160.25</ele></trkpt>
   <trkpt lat="51.249843" lon="9.993649"><ele>160.25</ele></trkpt>
   <trkpt lat="51.249038" lon="9.99109"><ele>160.25</ele></trkpt>
   <trkpt lat="51.248325" lon="9.988293"><ele>157.75</ele></trkpt>
   <trkpt lat="51.248113" lon="9.987426"><ele>157.25</ele></trkpt>
   <trkpt lat="51.247876" lon="9.986626"><ele>156.75</ele></trkpt>
   <trkpt lat="51.247737" lon="9.986235"><ele>158.25</ele></trkpt>
   <trkpt lat="51.247588" lon="9.985867"><ele>159.25</ele></trkpt>
   <trkpt lat="51.247237" lon="9.98513"><ele>160</ele></trkpt>
   <trkpt lat="51.246887" lon="9.984517"><ele>162.25</ele></trkpt>
   <trkpt lat="51.246502" lon="9.984005"><ele>164.25</ele></trkpt>
   <trkpt lat="51.246082" lon="9.983534"><ele>163.25</ele></trkpt>
   <trkpt lat="51.245736" lon="9.983217"><ele>162.5</ele></trkpt>
   <trkpt lat="51.245228" lon="9.982824"><ele>167</ele></trkpt>
   <trkpt lat="51.244837" lon="9.982571"><ele>170.25</ele></trkpt>
   <trkpt lat="51.244045" lon="9.982096"><ele>171</ele></trkpt>
   <trkpt lat="51.24325" lon="9.981697"><ele>166.25</ele></trkpt>
   <trkpt lat="51.24247" lon="9.981377"><ele>165.75</ele></trkpt>
   <trkpt lat="51.240845" lon="9.980752"><ele>166</ele></trkpt>
   <trkpt lat="51.240635" lon="9.980695"><ele>167.75</ele></trkpt>
   <trkpt lat="51.240429" lon="9.980652"><ele>169.75</ele></trkpt>
   <trkpt lat="51.240196" lon="9.980627"><ele>171.5</ele></trkpt>
   <trkpt lat="51.239956" lon="9.980621"><ele>173.25</ele></trkpt>
   <trkpt lat="51.239692" lon="9.980645"><ele>175.5</ele></trkpt>
   <trkpt lat="51.239445" lon="9.980687"><ele>177</ele></trkpt>
   <trkpt lat="51.239177" lon="9.980766"><ele>177.75</ele></trkpt>
   <trkpt lat="51.238916" lon="9.980873"><ele>177.75</ele></trkpt>
   <trkpt lat="51.238612" lon="9.981037"><ele>176</ele></trkpt>
   <trkpt lat="51.238348" lon="9.981219"><ele>172.75</ele></trkpt>
   <trkpt lat="51.238112" lon="9.981397"><ele>170</ele></trkpt>
   <trkpt lat="51.237838" lon="9.981651"><ele>165.5</ele></trkpt>
   <trkpt lat="51.237582" lon="9.981941"><ele>166</ele></trkpt>
   <trkpt lat="51.237383" lon="9.982213"><ele>166</ele></trkpt>
   <trkpt lat="51.237184" lon="9.982517"><ele>165.25</ele></trkpt>
   <trkpt lat="51.236909" lon="9.982997"><ele>160.5</ele></trkpt>
   <trkpt lat="51.236856" lon="9.983098"><ele>159</ele></trkpt>
   <trkpt lat="51.236789" lon="9.983243"><ele>157</ele></trkpt>
   <trkpt lat="51.2349" lon="9.986842"><ele>160.5</ele></trkpt>
   <trkpt lat="51.23435" lon="9.98791"><ele>159</ele></trkpt>
   <trkpt lat="51.234059" lon="9.988437"><ele>157.25</ele></trkpt>
   <trkpt lat="51.233778" lon="9.988883"><ele>159.5</ele></trkpt>
   <trkpt lat="51.233442" lon="9.989348"><ele>159.5</ele></trkpt>
   <trkpt lat="51.232992" lon="9.989866"><ele>156.5</ele></trkpt>
   <trkpt lat="51.232806" lon="9.990047"><ele>155.5</ele></trkpt>
   <trkpt lat="51.232607" lon="9.990223"><ele>155.25</ele></trkpt>
   <trkpt lat="51.23218" lon="9.990535"><ele>155</ele></trkpt>
   <trkpt lat="51.231846" lon="9.990726"><ele>155</ele></trkpt>
   <trkpt lat="51.231488" lon="9.990887"><ele>155.75</ele></trkpt>
   <trkpt lat="51.231083" lon="9.991016"><ele>157</ele></trkpt>
   <trkpt lat="51.230783" lon="9.991077"><ele>158.25</ele></trkpt>
   <trkpt lat="51.230395" lon="9.991114"><ele>160</ele></trkpt>
   <trkpt lat="51.230027" lon="9.991106"><ele>162.25</ele></trkpt>
   <trkpt lat="51.229967" lon="9.991101"><ele>162.5</ele></trkpt>
   <trkpt lat="51.229696" lon="9.991078"><ele>163.5</ele></trkpt>
   <trkpt lat="51.228652" lon="9.990909"><ele>167</ele></trkpt>
   <trkpt lat="51.226766" lon="9.99062"><ele>161.75</ele></trkpt>
   <trkpt lat="51.226316" lon="9.990529"><ele>159.75</ele></trkpt>
   <trkpt lat="51.225961" lon="9.990443"><ele>158</ele></trkpt>
   <trkpt lat="51.225544" lon="9.990301"><ele>157.25</ele></trkpt>
   <trkpt lat="51.225357" lon="9.990218"><ele>157.25</ele></trkpt>
   <trkpt lat="51.225244" lon="9.990167"><ele>157</ele></trkpt>
   <trkpt lat="51.225115" lon="9.990103"><ele>157</ele></trkpt>
   <trkpt lat="51.223675" lon="9.989382"><ele>155.25</ele></trkpt>
   <trkpt lat="51.222338" lon="9.988698"><ele>154</ele></trkpt>
   <trkpt lat="51.2218" lon="9.988476"><ele>154.75</ele></trkpt>
   <trkpt lat="51.221415" lon="9.988346"><ele>154.75</ele></trkpt>
   <trkpt lat="51.221234" lon="9.988306"><ele>154.75</ele></trkpt>
   <trkpt lat="51.220821" lon="9.988215"><ele>154.5</ele></trkpt>
   <trkpt lat="51.220166" lon="9.988163"><ele>152.75</ele></trkpt>
   <trkpt lat="51.219845" lon="9.988176"><ele>152.75</ele></trkpt>
   <trkpt lat="51.219534" lon="9.988205"><ele>153.25</ele></trkpt>
   <trkpt lat="51.218761" lon="9.988348"><ele>154.25</ele></trkpt>
   <trkpt lat="51.218416" lon="9.988439"><ele>154.75</ele></trkpt>
   <trkpt lat="51.218057" lon="9.988583"><ele>155</ele></trkpt>
   <trkpt lat="51.217676" lon="9.988759"><ele>155</ele></trkpt>
   <trkpt lat="51.216949" lon="9.9892"><ele>154.25</ele></trkpt>
   <trkpt lat="51.21654" lon="9.989526"><ele>153.75</ele></trkpt>
   <trkpt lat="51.216158" lon="9.989859"><ele>153.75</ele></trkpt>
   <trkpt lat="51.215742" lon="9.990269"><ele>154</ele></trkpt>
   <trkpt lat="51.215253" lon="9.990878"><ele>154</ele></trkpt>
   <trkpt lat="51.214185" lon="9.9923"><ele>155</ele></trkpt>
   <trkpt lat="51.213245" lon="9.99359"><ele>156</ele></trkpt>
   <trkpt lat="51.213177" lon="9.993683"><ele>156</ele></trkpt>
   <trkpt lat="51.211558" lon="9.995914"><ele>156</ele></trkpt>
   <trkpt lat="51.210534" lon="9.99731"><ele>157.25</ele></trkpt>
   <trkpt lat="51.210457" lon="9.997415"><ele>157.25</ele></trkpt>
   <trkpt lat="51.209071" lon="9.999305"><ele>160.75</ele></trkpt>
   <trkpt lat="51.208712" lon="9.999732"><ele>160</ele></trkpt>
   <trkpt lat="51.208419" lon="10.000039"><ele>159.5</ele></trkpt>
   <trkpt lat="51.208105" lon="10.000299"><ele>159.5</ele></trkpt>
   <trkpt lat="51.20769" lon="10.000573"><ele>159.25</ele></trkpt>
   <trkpt lat="51.20736" lon="10.000764"><ele>159.75</ele></trkpt>
   <trkpt lat="51.206977" lon="10.000941"><ele>161</ele></trkpt>
   <trkpt lat="51.20654" lon="10.00106"><ele>162.25</ele></trkpt>
   <trkpt lat="51.205986" lon="10.001111"><ele>162.5</ele></trkpt>
   <trkpt lat="51.205415" lon="10.001097"><ele>163</ele></trkpt>
   <trkpt lat="51.20494" lon="10.001004"><ele>164</ele></trkpt>
   <trkpt lat="51.204416" lon="10.000804"><ele>163.5</ele></trkpt>
   <trkpt lat="51.203848" lon="10.00056"><ele>162.75</ele></trkpt>
   <trkpt lat="51.202297" lon="9.999892"><ele>160.5</ele></trkpt>
   <trkpt lat="51.201532" lon="9.999576"><ele>160</ele></trkpt>
   <trkpt lat="51.200694" lon="9.999212"><ele>160.5</ele></trkpt>
   <trkpt lat="51.199711" lon="9.998784"><ele>161</ele></trkpt>
   <trkpt lat="51.199671" lon="9.998767"><ele>161.25</ele></trkpt>
   <trkpt lat="51.199445" lon="9.998668"><ele>162.25</ele></trkpt>
   <trkpt lat="51.199004" lon="9.998524"><ele>163.5</ele></trkpt>
   <trkpt lat="51.19875" lon="9.998414"><ele>163.25</ele></trkpt>
   <trkpt lat="51.198542" lon="9.998341"><ele>163</ele></trkpt>
   <trkpt lat="51.198333" lon="9.998285"><ele>163.25</ele></trkpt>
   <trkpt lat="51.198272" lon="9.998271"><ele>163</ele></trkpt>
   <trkpt lat="51.198056" lon="9.998236"><ele>162.25</ele></trkpt>
   <trkpt lat="51.19794" lon="9.998234"><ele>161.75</ele></trkpt>
   <trkpt lat="51.197795" lon="9.998252"><ele>161</ele></trkpt>
   <trkpt lat="51.197655" lon="9.998289"><ele>160</ele></trkpt>
   <trkpt lat="51.197576" lon="9.998319"><ele>159.5</ele></trkpt>
   <trkpt lat="51.197472" lon="9.998366"><ele>159</ele></trkpt>
   <trkpt lat="51.197282" lon="9.998488"><ele>159</ele></trkpt>
   <trkpt lat="51.197203" lon="9.998555"><ele>159</ele></trkpt>
   <trkpt lat="51.197048" lon="9.99871"><ele>159</ele></trkpt>
   <trkpt lat="51.196864" lon="9.99895"><ele>159</ele></trkpt>
   <trkpt lat="51.196763" lon="9.999125"><ele>159</ele></trkpt>
   <trkpt lat="51.196699" lon="9.999252"><ele>159</ele></trkpt>
   <trkpt lat="51.196611" lon="9.999455"><ele>159.5</ele></trkpt>
   <trkpt lat="51.196509" lon="9.999743"><ele>159.75</ele></trkpt>
   <trkpt lat="51.196476" lon="9.999881"><ele>159.75</ele></trkpt>
   <trkpt lat="51.196445" lon="10.000021"><ele>160</ele></trkpt>
   <trkpt lat="51.196401" lon="10.000278"><ele>160.25</ele></trkpt>
   <trkpt lat="51.196392" lon="10.000349"><ele>160.25</ele></trkpt>
   <trkpt lat="51.196389" lon="10.000379"><ele>160.25</ele></trkpt>
   <trkpt lat="51.196375" lon="10.000579"><ele>160.25</ele></trkpt>
   <trkpt lat="51.196369" lon="10.000771"><ele>160.25</ele></trkpt>
   <trkpt lat="51.196377" lon="10.001076"><ele>160.25</ele></trkpt>
   <trkpt lat="51.196401" lon="10.00138"><ele>160.5</ele></trkpt>
   <trkpt lat="51.196403" lon="10.001398"><ele>160.5</ele></trkpt>
   <trkpt lat="51.19644" lon="10.001693"><ele>160.75</ele></trkpt>
   <trkpt lat="51.196523" lon="10.002207"><ele>161.25</ele></trkpt>
   <trkpt lat="51.196523" lon="10.002208"><ele>161.25</ele></trkpt>
   <trkpt lat="51.196603" lon="10.002665"><ele>162</ele></trkpt>
   <trkpt lat="51.196663" lon="10.003081"><ele>163.25</ele></trkpt>
   <trkpt lat="51.196699" lon="10.003388"><ele>163.75</ele></trkpt>
   <trkpt lat="51.196719" lon="10.003637"><ele>163.75</ele></trkpt>
   <trkpt lat="51.196748" lon="10.004195"><ele>163.75</ele></trkpt>
   <trkpt lat="51.196751" lon="10.004625"><ele>163</ele></trkpt>
   <trkpt lat="51.196741" lon="10.004929"><ele>162.75</ele></trkpt>
   <trkpt lat="51.196735" lon="10.005109"><ele>162.75</ele></trkpt>
   <trkpt lat="51.196712" lon="10.00549"><ele>162.75</ele></trkpt>
   <trkpt lat="51.196656" lon="10.00598"><ele>163</ele></trkpt>
   <trkpt lat="51.196592" lon="10.006445"><ele>163.5</ele></trkpt>
   <trkpt lat="51.196534" lon="10.006839"><ele>164.25</ele></trkpt>
   <trkpt lat="51.196414" lon="10.007566"><ele>166.25</ele></trkpt>
   <trkpt lat="51.196349" lon="10.00797"><ele>167.5</ele></trkpt>
   <trkpt lat="51.196344" lon="10.008003"><ele>167.75</ele></trkpt>
   <trkpt lat="51.196311" lon="10.008212"><ele>167.75</ele></trkpt>
   <trkpt lat="51.196305" lon="10.008254"><ele>167.75</ele></trkpt>
   <trkpt lat="51.196007" lon="10.010142"><ele>175</ele></trkpt>
   <trkpt lat="51.195988" lon="10.010262"><ele>175</ele></trkpt>
   <trkpt lat="51.195986" lon="10.010278"><ele>175</ele></trkpt>
   <trkpt lat="51.195509" lon="10.013287"><ele>175</ele></trkpt>
   <trkpt lat="51.194841" lon="10.017604"><ele>169.25</ele></trkpt>
   <trkpt lat="51.194569" lon="10.019433"><ele>170</ele></trkpt>
   <trkpt lat="51.194546" lon="10.01958"><ele>169.75</ele></trkpt>
   <trkpt lat="51.194042" lon="10.022649"><ele>166.75</ele></trkpt>
   <trkpt lat="51.194037" lon="10.022677"><ele>166.75</ele></trkpt>
   <trkpt lat="51.194014" lon="10.022816"><ele>167</ele></trkpt>
   <trkpt lat="51.193987" lon="10.022997"><ele>167</ele></trkpt>
   <trkpt lat="51.193826" lon="10.024022"><ele>166.75</ele></trkpt>
   <trkpt lat="51.193788" lon="10.024264"><ele>166.5</ele></trkpt>
   <trkpt lat="51.193563" lon="10.025748"><ele>163.5</ele></trkpt>
   <trkpt lat="51.193436" lon="10.026502"><ele>162</ele></trkpt>
   <trkpt lat="51.193067" lon="10.028938"><ele>164.5</ele></trkpt>
   <trkpt lat="51.192976" lon="10.029648"><ele>164.5</ele></trkpt>
   <trkpt lat="51.192888" lon="10.030727"><ele>164.5</ele></trkpt>
   <trkpt lat="51.192832" lon="10.031637"><ele>165.5</ele></trkpt>
   <trkpt lat="51.192775" lon="10.032622"><ele>166.25</ele></trkpt>
   <trkpt lat="51.192758" lon="10.033052"><ele>167</ele></trkpt>
   <trkpt lat="51.192696" lon="10.034074"><ele>167.5</ele></trkpt>
   <trkpt lat="51.192593" lon="10.036001"><ele>165.5</ele></trkpt>
   <trkpt lat="51.19259" lon="10.036044"><ele>165.5</ele></trkpt>
   <trkpt lat="51.192515" lon="10.037231"><ele>164</ele></trkpt>
   <trkpt lat="51.192442" lon="10.03808"><ele>164</ele></trkpt>
   <trkpt lat="51.19238" lon="10.03871"><ele>164.25</ele></trkpt>
   <trkpt lat="51.192378" lon="10.038724"><ele>164.25</ele></trkpt>
   <trkpt lat="51.192314" lon="10.039289"><ele>164.5</ele></trkpt>
   <trkpt lat="51.192313" lon="10.0393"><ele>164.5</ele></trkpt>
   <trkpt lat="51.192292" lon="10.039483"><ele>164.75</ele></trkpt>
   <trkpt lat="51.192182" lon="10.040396"><ele>166.25</ele></trkpt>
   <trkpt lat="51.192175" lon="10.040461"><ele>166.25</ele></trkpt>
   <trkpt lat="51.191989" lon="10.041995"><ele>168.25</ele></trkpt>
   <trkpt lat="51.191943" lon="10.042424"><ele>168.5</ele></trkpt>
   <trkpt lat="51.191865" lon="10.043023"><ele>168.5</ele></trkpt>
   <trkpt lat="51.191943" lon="10.042424"><ele>168.5</ele></trkpt>
   <trkpt lat="51.191989" lon="10.041995"><ele>168.25</ele></trkpt>
   <trkpt lat="51.192175" lon="10.040461"><ele>166.25</ele></trkpt>
   <trkpt lat="51.192182" lon="10.040396"><ele>166.25</ele></trkpt>
   <trkpt lat="51.192292" lon="10.039483"><ele>164.75</ele></trkpt>
   <trkpt lat="51.192313" lon="10.0393"><ele>164.5</ele></trkpt>
   <trkpt lat="51.192314" lon="10.039289"><ele>164.25</ele></trkpt>
   <trkpt lat="51.192378" lon="10.038724"><ele>164</ele></trkpt>
   <trkpt lat="51.19238" lon="10.03871"><ele>164</ele></trkpt>
   <trkpt lat="51.192442" lon="10.03808"><ele>164</ele></trkpt>
   <trkpt lat="51.192515" lon="10.037231"><ele>164</ele></trkpt>
   <trkpt lat="51.19259" lon="10.036044"><ele>165.5</ele></trkpt>
   <trkpt lat="51.192593" lon="10.036001"><ele>165.5</ele></trkpt>
   <trkpt lat="51.192696" lon="10.034074"><ele>167.5</ele></trkpt>
   <trkpt lat="51.192758" lon="10.033052"><ele>167</ele></trkpt>
   <trkpt lat="51.192775" lon="10.032622"><ele>166.25</ele></trkpt>
   <trkpt lat="51.192832" lon="10.031637"><ele>165.5</ele></trkpt>
   <trkpt lat="51.192888" lon="10.030727"><ele>164.5</ele></trkpt>
   <trkpt lat="51.192976" lon="10.029648"><ele>164.5</ele></trkpt>
   <trkpt lat="51.193067" lon="10.028938"><ele>164.5</ele></trkpt>
   <trkpt lat="51.193436" lon="10.026502"><ele>162</ele></trkpt>
   <trkpt lat="51.193563" lon="10.025748"><ele>163.5</ele></trkpt>
   <trkpt lat="51.193788" lon="10.024264"><ele>166.5</ele></trkpt>
   <trkpt lat="51.193826" lon="10.024022"><ele>166.75</ele></trkpt>
   <trkpt lat="51.193987" lon="10.022997"><ele>167</ele></trkpt>
   <trkpt lat="51.194014" lon="10.022816"><ele>167</ele></trkpt>
   <trkpt lat="51.194037" lon="10.022677"><ele>166.75</ele></trkpt>
   <trkpt lat="51.194042" lon="10.022649"><ele>166.75</ele></trkpt>
   <trkpt lat="51.194546" lon="10.01958"><ele>169.75</ele></trkpt>
   <trkpt lat="51.194569" lon="10.019433"><ele>170</ele></trkpt>
   <trkpt lat="51.194841" lon="10.017604"><ele>169.25</ele></trkpt>
   <trkpt lat="51.195509" lon="10.013287"><ele>175</ele></trkpt>
   <trkpt lat="51.195986" lon="10.010278"><ele>175</ele></trkpt>
   <trkpt lat="51.195988" lon="10.010262"><ele>175</ele></trkpt>
   <trkpt lat="51.196007" lon="10.010142"><ele>175</ele></trkpt>
   <trkpt lat="51.196305" lon="10.008254"><ele>167.75</ele></trkpt>
   <trkpt lat="51.196311" lon="10.008212"><ele>167.75</ele></trkpt>
   <trkpt lat="51.196344" lon="10.008003"><ele>166.5</ele></trkpt>
   <trkpt lat="51.196349" lon="10.00797"><ele>166.25</ele></trkpt>
   <trkpt lat="51.196414" lon="10.007566"><ele>164.25</ele></trkpt>
   <trkpt lat="51.196534" lon="10.006839"><ele>164.25</ele></trkpt>
   <trkpt lat="51.196592" lon="10.006445"><ele>163.5</ele></trkpt>
   <trkpt lat="51.196656" lon="10.00598"><ele>163</ele></trkpt>
   <trkpt lat="51.196712" lon="10.00549"><ele>162.75</ele></trkpt>
   <trkpt lat="51.196735" lon="10.005109"><ele>162.75</ele></trkpt>
   <trkpt lat="51.196741" lon="10.004929"><ele>162.75</ele></trkpt>
   <trkpt lat="51.196751" lon="10.004625"><ele>163</ele></trkpt>
   <trkpt lat="51.196748" lon="10.004195"><ele>163.75</ele></trkpt>
   <trkpt lat="51.196719" lon="10.003637"><ele>163.75</ele></trkpt>
   <trkpt lat="51.196699" lon="10.003388"><ele>163.75</ele></trkpt>
   <trkpt lat="51.196663" lon="10.003081"><ele>163.25</ele></trkpt>
   <trkpt lat="51.196603" lon="10.002665"><ele>162</ele></trkpt>
   <trkpt lat="51.196523" lon="10.002208"><ele>161.25</ele></trkpt>
   <trkpt lat="51.196523" lon="10.002207"><ele>161.25</ele></trkpt>
   <trkpt lat="51.196313" lon="10.001206"><ele>160.25</ele></trkpt>
   <trkpt lat="51.196214" lon="10.000841"><ele>160.5</ele></trkpt>
   <trkpt lat="51.196112" lon="10.000512"><ele>160.5</ele></trkpt>
   <trkpt lat="51.195969" lon="10.000102"><ele>160.75</ele></trkpt>
   <trkpt lat="51.195845" lon="9.999782"><ele>161</ele></trkpt>
   <trkpt lat="51.195684" lon="9.999421"><ele>161.5</ele></trkpt>
   <trkpt lat="51.195521" lon="9.999094"><ele>162</ele></trkpt>
   <trkpt lat="51.195304" lon="9.998733"><ele>162</ele></trkpt>
   <trkpt lat="51.195173" lon="9.998544"><ele>162</ele></trkpt>
   <trkpt lat="51.194918" lon="9.998218"><ele>162.5</ele></trkpt>
   <trkpt lat="51.194778" lon="9.998064"><ele>163</ele></trkpt>
   <trkpt lat="51.194479" lon="9.997762"><ele>164.25</ele></trkpt>
   <trkpt lat="51.194288" lon="9.997595"><ele>164.75</ele></trkpt>
   <trkpt lat="51.194021" lon="9.997391"><ele>165.25</ele></trkpt>
   <trkpt lat="51.193711" lon="9.997181"><ele>165.75</ele></trkpt>
   <trkpt lat="51.192551" lon="9.996541"><ele>166.5</ele></trkpt>
   <trkpt lat="51.191101" lon="9.995767"><ele>166</ele></trkpt>
   <trkpt lat="51.190323" lon="9.995342"><ele>166.75</ele></trkpt>
   <trkpt lat="51.189672" lon="9.994951"><ele>166.75</ele></trkpt>
   <trkpt lat="51.189256" lon="9.994712"><ele>167.25</ele></trkpt>
   <trkpt lat="51.189101" lon="9.994623"><ele>167</ele></trkpt>
   <trkpt lat="51.188915" lon="9.994516"><ele>167.25</ele></trkpt>
   <trkpt lat="51.187256" lon="9.993563"><ele>166.75</ele></trkpt>
   <trkpt lat="51.187177" lon="9.993516"><ele>166.75</ele></trkpt>
   <trkpt lat="51.186831" lon="9.993311"><ele>167</ele></trkpt>
   <trkpt lat="51.186477" lon="9.993101"><ele>167.5</ele></trkpt>
   <trkpt lat="51.186164" lon="9.992951"><ele>167.75</ele></trkpt>
   <trkpt lat="51.186063" lon="9.992909"><ele>168</ele></trkpt>
   <trkpt lat="51.183833" lon="9.991933"><ele>167.25</ele></trkpt>
   <trkpt lat="51.183092" lon="9.991545"><ele>167.5</ele></trkpt>
   <trkpt lat="51.183041" lon="9.991526"><ele>167.5</ele></trkpt>
   <trkpt lat="51.182533" lon="9.991294"><ele>168.25</ele></trkpt>
   <trkpt lat="51.181025" lon="9.990641"><ele>169</ele></trkpt>
   <trkpt lat="51.180737" lon="9.990517"><ele>169.25</ele></trkpt>
   <trkpt lat="51.180419" lon="9.990378"><ele>169.25</ele></trkpt>
   <trkpt lat="51.180347" lon="9.990348"><ele>169.25</ele></trkpt>
   <trkpt lat="51.179335" lon="9.989905"><ele>170</ele></trkpt>
   <trkpt lat="51.179279" lon="9.989884"><ele>170.25</ele></trkpt>
   <trkpt lat="51.178689" lon="9.989622"><ele>171.25</ele></trkpt>
   <trkpt lat="51.178041" lon="9.989377"><ele>173.25</ele></trkpt>
   <trkpt lat="51.177547" lon="9.989233"><ele>174.5</ele></trkpt>
   <trkpt lat="51.177234" lon="9.989164"><ele>175</ele></trkpt>
   <trkpt lat="51.176617" lon="9.989066"><ele>175.5</ele></trkpt>
   <trkpt lat="51.176173" lon="9.989036"><ele>175</ele></trkpt>
   <trkpt lat="51.175843" lon="9.989034"><ele>174.25</ele></trkpt>
   <trkpt lat="51.175177" lon="9.989053"><ele>172.5</ele></trkpt>
   <trkpt lat="51.173709" lon="9.989136"><ele>172</ele></trkpt>
   <trkpt lat="51.173174" lon="9.989168"><ele>172.25</ele></trkpt>
   <trkpt lat="51.172789" lon="9.989222"><ele>173</ele></trkpt>
   <trkpt lat="51.172394" lon="9.989297"><ele>173.75</ele></trkpt>
   <trkpt lat="51.171709" lon="9.989483"><ele>175</ele></trkpt>
   <trkpt lat="51.171123" lon="9.989685"><ele>174.75</ele></trkpt>
   <trkpt lat="51.170547" lon="9.989878"><ele>173.75</ele></trkpt>
   <trkpt lat="51.1698" lon="9.990107"><ele>174.25</ele></trkpt>
   <trkpt lat="51.169412" lon="9.990201"><ele>177</ele></trkpt>
   <trkpt lat="51.169015" lon="9.990276"><ele>178.5</ele></trkpt>
   <trkpt lat="51.168724" lon="9.990306"><ele>179</ele></trkpt>
   <trkpt lat="51.168412" lon="9.990325"><ele>179.75</ele></trkpt>
   <trkpt lat="51.168052" lon="9.990331"><ele>179</ele></trkpt>
   <trkpt lat="51.167132" lon="9.990326"><ele>177.25</ele></trkpt>
   <trkpt lat="51.167077" lon="9.990326"><ele>177.25</ele></trkpt>
   <trkpt lat="51.160786" lon="9.990293"><ele>174.75</ele></trkpt>
   <trkpt lat="51.160499" lon="9.990292"><ele>175.5</ele></trkpt>
   <trkpt lat="51.159885" lon="9.990238"><ele>177.5</ele></trkpt>
   <trkpt lat="51.159377" lon="9.99014"><ele>179.5</ele></trkpt>
   <trkpt lat="51.158907" lon="9.990021"><ele>180.25</ele></trkpt>
   <trkpt lat="51.15852" lon="9.989874"><ele>180.75</ele></trkpt>
   <trkpt lat="51.158183" lon="9.989712"><ele>181.5</ele></trkpt>
   <trkpt lat="51.157554" lon="9.98935"><ele>181.25</ele></trkpt>
   <trkpt lat="51.15705" lon="9.988982"><ele>180.25</ele></trkpt>
   <trkpt lat="51.156749" lon="9.988731"><ele>179.25</ele></trkpt>
   <trkpt lat="51.156602" lon="9.98859"><ele>179.25</ele></trkpt>
   <trkpt lat="51.156426" lon="9.988422"><ele>179</ele></trkpt>
   <trkpt lat="51.154935" lon="9.986801"><ele>182</ele></trkpt>
   <trkpt lat="51.154899" lon="9.986758"><ele>182</ele></trkpt>
   <trkpt lat="51.154038" lon="9.985808"><ele>185.25</ele></trkpt>
   <trkpt lat="51.151169" lon="9.98264"><ele>185.75</ele></trkpt>
   <trkpt lat="51.150586" lon="9.982058"><ele>186.5</ele></trkpt>
   <trkpt lat="51.150089" lon="9.981597"><ele>185.25</ele></trkpt>
   <trkpt lat="51.149579" lon="9.981159"><ele>186</ele></trkpt>
   <trkpt lat="51.149133" lon="9.980835"><ele>185.75</ele></trkpt>
   <trkpt lat="51.148715" lon="9.980593"><ele>185.5</ele></trkpt>
   <trkpt lat="51.148332" lon="9.980386"><ele>184.5</ele></trkpt>
   <trkpt lat="51.147463" lon="9.979973"><ele>180.25</ele></trkpt>
   <trkpt lat="51.14729" lon="9.97989"><ele>181</ele></trkpt>
   <trkpt lat="51.145893" lon="9.979228"><ele>186.25</ele></trkpt>
   <trkpt lat="51.144805" lon="9.978698"><ele>188.5</ele></trkpt>
   <trkpt lat="51.144155" lon="9.978391"><ele>187.5</ele></trkpt>
   <trkpt lat="51.143" lon="9.977911"><ele>187.5</ele></trkpt>
   <trkpt lat="51.142533" lon="9.977772"><ele>186.5</ele></trkpt>
   <trkpt lat="51.142052" lon="9.977671"><ele>185</ele></trkpt>
   <trkpt lat="51.141516" lon="9.9776"><ele>183.5</ele></trkpt>
   <trkpt lat="51.141092" lon="9.977573"><ele>183</ele></trkpt>
   <trkpt lat="51.140645" lon="9.97758"><ele>182.5</ele></trkpt>
   <trkpt lat="51.140178" lon="9.977619"><ele>182</ele></trkpt>
   <trkpt lat="51.13926" lon="9.977782"><ele>182.5</ele></trkpt>
   <trkpt lat="51.13898" lon="9.977839"><ele>182.5</ele></trkpt>
   <trkpt lat="51.138901" lon="9.977854"><ele>182.5</ele></trkpt>
   <trkpt lat="51.137241" lon="9.978175"><ele>183.75</ele></trkpt>
   <trkpt lat="51.136966" lon="9.978224"><ele>184.75</ele></trkpt>
   <trkpt lat="51.135974" lon="9.978397"><ele>191</ele></trkpt>
   <trkpt lat="51.135024" lon="9.978465"><ele>190.75</ele></trkpt>
   <trkpt lat="51.134448" lon="9.978424"><ele>190</ele></trkpt>
   <trkpt lat="51.133795" lon="9.978319"><ele>189.75</ele></trkpt>
   <trkpt lat="51.133324" lon="9.978226"><ele>190.25</ele></trkpt>
   <trkpt lat="51.132776" lon="9.978103"><ele>190.5</ele></trkpt>
   <trkpt lat="51.130596" lon="9.977581"><ele>192.75</ele></trkpt>
   <trkpt lat="51.124104" lon="9.976062"><ele>199.25</ele></trkpt>
   <trkpt lat="51.124004" lon="9.976037"><ele>199.75</ele></trkpt>
   <trkpt lat="51.12155" lon="9.975451"><ele>203</ele></trkpt>
   <trkpt lat="51.118882" lon="9.974824"><ele>198.5</ele></trkpt>
   <trkpt lat="51.117613" lon="9.974522"><ele>195.75</ele></trkpt>
   <trkpt lat="51.117229" lon="9.974422"><ele>194.5</ele></trkpt>
   <trkpt lat="51.116659" lon="9.974237"><ele>194</ele></trkpt>
   <trkpt lat="51.116399" lon="9.974125"><ele>193.75</ele></trkpt>
   <trkpt lat="51.115864" lon="9.973862"><ele>194.25</ele></trkpt>
   <trkpt lat="51.115454" lon="9.973629"><ele>195.25</ele></trkpt>
   <trkpt lat="51.115165" lon="9.973449"><ele>196.25</ele></trkpt>
   <trkpt lat="51.114808" lon="9.973203"><ele>197.5</ele></trkpt>
   <trkpt lat="51.114467" lon="9.972938"><ele>198.25</ele></trkpt>
   <trkpt lat="51.11411" lon="9.972634"><ele>199</ele></trkpt>
   <trkpt lat="51.114015" lon="9.972554"><ele>199.25</ele></trkpt>
   <trkpt lat="51.113352" lon="9.971896"><ele>200</ele></trkpt>
   <trkpt lat="51.112594" lon="9.970983"><ele>206.75</ele></trkpt>
   <trkpt lat="51.112486" lon="9.970838"><ele>207.75</ele></trkpt>
   <trkpt lat="51.111932" lon="9.970039"><ele>208.5</ele></trkpt>
   <trkpt lat="51.111285" lon="9.968968"><ele>222</ele></trkpt>
   <trkpt lat="51.110841" lon="9.968234"><ele>217.5</ele></trkpt>
   <trkpt lat="51.110255" lon="9.967279"><ele>226</ele></trkpt>
   <trkpt lat="51.109642" lon="9.966381"><ele>224.25</ele></trkpt>
   <trkpt lat="51.109058" lon="9.965585"><ele>224.75</ele></trkpt>
   <trkpt lat="51.108373" lon="9.96474"><ele>219.5</ele></trkpt>
   <trkpt lat="51.107728" lon="9.964024"><ele>220.25</ele></trkpt>
   <trkpt lat="51.107271" lon="9.963561"><ele>215</ele></trkpt>
   <trkpt lat="51.107219" lon="9.963507"><ele>214.5</ele></trkpt>
   <trkpt lat="51.107105" lon="9.963389"><ele>213.5</ele></trkpt>
   <trkpt lat="51.106458" lon="9.962791"><ele>213.5</ele></trkpt>
   <trkpt lat="51.10443" lon="9.961107"><ele>214.75</ele></trkpt>
   <trkpt lat="51.103718" lon="9.960477"><ele>212</ele></trkpt>
   <trkpt lat="51.103221" lon="9.959968"><ele>209.5</ele></trkpt>
   <trkpt lat="51.102601" lon="9.959225"><ele>211.75</ele></trkpt>
   <trkpt lat="51.098846" lon="9.954278"><ele>212.25</ele></trkpt>
   <trkpt lat="51.098383" lon="9.953669"><ele>211.5</ele></trkpt>
   <trkpt lat="51.098037" lon="9.953214"><ele>211.25</ele></trkpt>
   <trkpt lat="51.097313" lon="9.952219"><ele>213.75</ele></trkpt>
   <trkpt lat="51.096856" lon="9.951496"><ele>214.25</ele></trkpt>
   <trkpt lat="51.096458" lon="9.950799"><ele>214.75</ele></trkpt>
   <trkpt lat="51.095938" lon="9.949722"><ele>214</ele></trkpt>
   <trkpt lat="51.095838" lon="9.949481"><ele>213.5</ele></trkpt>
   <trkpt lat="51.095767" lon="9.94931"><ele>213.5</ele></trkpt>
   <trkpt lat="51.0956" lon="9.948907"><ele>213.25</ele></trkpt>
   <trkpt lat="51.094794" lon="9.946793"><ele>214.75</ele></trkpt>
   <trkpt lat="51.094742" lon="9.946655"><ele>214.75</ele></trkpt>
   <trkpt lat="51.093892" lon="9.944389"><ele>219.25</ele></trkpt>
   <trkpt lat="51.093604" lon="9.943676"><ele>218.75</ele></trkpt>
   <trkpt lat="51.093356" lon="9.943173"><ele>217.5</ele></trkpt>
   <trkpt lat="51.093167" lon="9.942828"><ele>218.75</ele></trkpt>
   <trkpt lat="51.092786" lon="9.942245"><ele>218</ele></trkpt>
   <trkpt lat="51.092378" lon="9.941712"><ele>215.25</ele></trkpt>
   <trkpt lat="51.091948" lon="9.941276"><ele>216</ele></trkpt>
   <trkpt lat="51.091652" lon="9.941029"><ele>214.25</ele></trkpt>
   <trkpt lat="51.091319" lon="9.940794"><ele>214.5</ele></trkpt>
   <trkpt lat="51.091216" lon="9.940735"><ele>214.5</ele></trkpt>
   <trkpt lat="51.090854" lon="9.940529"><ele>214</ele></trkpt>
   <trkpt lat="51.090578" lon="9.940413"><ele>214</ele></trkpt>
   <trkpt lat="51.090196" lon="9.940307"><ele>214</ele></trkpt>
   <trkpt lat="51.089934" lon="9.940257"><ele>214.25</ele></trkpt>
   <trkpt lat="51.08965" lon="9.940224"><ele>216.5</ele></trkpt>
   <trkpt lat="51.089353" lon="9.94021"><ele>218.75</ele></trkpt>
   <trkpt lat="51.08905" lon="9.940225"><ele>221.75</ele></trkpt>
   <trkpt lat="51.08848" lon="9.940319"><ele>228.5</ele></trkpt>
   <trkpt lat="51.086871" lon="9.940649"><ele>228.25</ele></trkpt>
   <trkpt lat="51.085367" lon="9.940957"><ele>224.75</ele></trkpt>
   <trkpt lat="51.085074" lon="9.940989"><ele>225.25</ele></trkpt>
   <trkpt lat="51.084762" lon="9.941002"><ele>226.75</ele></trkpt>
   <trkpt lat="51.084069" lon="9.940911"><ele>232.75</ele></trkpt>
   <trkpt lat="51.083583" lon="9.940771"><ele>237.25</ele></trkpt>
   <trkpt lat="51.082957" lon="9.940469"><ele>240.75</ele></trkpt>
   <trkpt lat="51.082468" lon="9.940113"><ele>239.75</ele></trkpt>
   <trkpt lat="51.082091" lon="9.939785"><ele>236.5</ele></trkpt>
   <trkpt lat="51.081749" lon="9.939405"><ele>233.75</ele></trkpt>
   <trkpt lat="51.081504" lon="9.939103"><ele>233</ele></trkpt>
   <trkpt lat="51.081244" lon="9.938729"><ele>232.25</ele></trkpt>
   <trkpt lat="51.080883" lon="9.938153"><ele>229.25</ele></trkpt>
   <trkpt lat="51.079893" lon="9.936494"><ele>227</ele></trkpt>
   <trkpt lat="51.079516" lon="9.935886"><ele>230.25</ele></trkpt>
   <trkpt lat="51.079169" lon="9.935403"><ele>232</ele></trkpt>
   <trkpt lat="51.079087" lon="9.935286"><ele>232</ele></trkpt>
   <trkpt lat="51.07861" lon="9.934722"><ele>233.25</ele></trkpt>
   <trkpt lat="51.078284" lon="9.93441"><ele>235.25</ele></trkpt>
   <trkpt lat="51.078045" lon="9.934211"><ele>236.5</ele></trkpt>
   <trkpt lat="51.077702" lon="9.933933"><ele>237</ele></trkpt>
   <trkpt lat="51.077489" lon="9.933801"><ele>236</ele></trkpt>
   <trkpt lat="51.077283" lon="9.933672"><ele>236.25</ele></trkpt>
   <trkpt lat="51.076736" lon="9.933358"><ele>233.5</ele></trkpt>
   <trkpt lat="51.074592" lon="9.932169"><ele>232.75</ele></trkpt>
   <trkpt lat="51.074429" lon="9.932079"><ele>232.25</ele></trkpt>
   <trkpt lat="51.073057" lon="9.931288"><ele>229.25</ele></trkpt>
   <trkpt lat="51.071664" lon="9.930543"><ele>230.5</ele></trkpt>
   <trkpt lat="51.071176" lon="9.930276"><ele>226.75</ele></trkpt>
   <trkpt lat="51.069724" lon="9.929485"><ele>226.75</ele></trkpt>
   <trkpt lat="51.068912" lon="9.929028"><ele>229</ele></trkpt>
   <trkpt lat="51.068767" lon="9.928953"><ele>229.75</ele></trkpt>
   <trkpt lat="51.068196" lon="9.928631"><ele>232</ele></trkpt>
   <trkpt lat="51.067145" lon="9.928062"><ele>235</ele></trkpt>
   <trkpt lat="51.06693" lon="9.927936"><ele>235.75</ele></trkpt>
   <trkpt lat="51.066857" lon="9.927893"><ele>236.25</ele></trkpt>
   <trkpt lat="51.066486" lon="9.927663"><ele>237.5</ele></trkpt>
   <trkpt lat="51.066211" lon="9.927474"><ele>238</ele></trkpt>
   <trkpt lat="51.065846" lon="9.927195"><ele>237.5</ele></trkpt>
   <trkpt lat="51.065514" lon="9.926903"><ele>238.5</ele></trkpt>
   <trkpt lat="51.065131" lon="9.926523"><ele>239.75</ele></trkpt>
   <trkpt lat="51.064759" lon="9.926099"><ele>241.75</ele></trkpt>
   <trkpt lat="51.064313" lon="9.925513"><ele>242</ele></trkpt>
   <trkpt lat="51.064125" lon="9.92523"><ele>241.25</ele></trkpt>
   <trkpt lat="51.063967" lon="9.924992"><ele>240.75</ele></trkpt>
   <trkpt lat="51.063712" lon="9.924574"><ele>237.25</ele></trkpt>
   <trkpt lat="51.063472" lon="9.92413"><ele>234.25</ele></trkpt>
   <trkpt lat="51.063464" lon="9.924116"><ele>234</ele></trkpt>
   <trkpt lat="51.063359" lon="9.923904"><ele>233</ele></trkpt>
   <trkpt lat="51.063119" lon="9.923401"><ele>232.5</ele></trkpt>
   <trkpt lat="51.062883" lon="9.922835"><ele>234</ele></trkpt>
   <trkpt lat="51.062653" lon="9.9222"><ele>235.25</ele></trkpt>
   <trkpt lat="51.062446" lon="9.921564"><ele>235.75</ele></trkpt>
   <trkpt lat="51.062224" lon="9.920731"><ele>236.75</ele></trkpt>
   <trkpt lat="51.062055" lon="9.919968"><ele>238</ele></trkpt>
   <trkpt lat="51.061921" lon="9.919194"><ele>241</ele></trkpt>
   <trkpt lat="51.061073" lon="9.913628"><ele>248.5</ele></trkpt>
   <trkpt lat="51.061004" lon="9.913256"><ele>247.5</ele></trkpt>
   <trkpt lat="51.060903" lon="9.912718"><ele>245.5</ele></trkpt>
   <trkpt lat="51.060803" lon="9.912272"><ele>243.5</ele></trkpt>
   <trkpt lat="51.060684" lon="9.911835"><ele>242</ele></trkpt>
   <trkpt lat="51.060551" lon="9.911417"><ele>240.5</ele></trkpt>
   <trkpt lat="51.060405" lon="9.911013"><ele>239.5</ele></trkpt>
   <trkpt lat="51.060169" lon="9.910475"><ele>238.75</ele></trkpt>
   <trkpt lat="51.059917" lon="9.909979"><ele>238.5</ele></trkpt>
   <trkpt lat="51.059566" lon="9.90939"><ele>237</ele></trkpt>
   <trkpt lat="51.059065" lon="9.908586"><ele>240.25</ele></trkpt>
   <trkpt lat="51.058395" lon="9.90752"><ele>243.5</ele></trkpt>
   <trkpt lat="51.057761" lon="9.906463"><ele>252</ele></trkpt>
   <trkpt lat="51.057542" lon="9.906016"><ele>253.5</ele></trkpt>
   <trkpt lat="51.057285" lon="9.90543"><ele>255.5</ele></trkpt>
   <trkpt lat="51.057067" lon="9.904796"><ele>258</ele></trkpt>
   <trkpt lat="51.056852" lon="9.903987"><ele>258.5</ele></trkpt>
   <trkpt lat="51.056741" lon="9.903439"><ele>257.75</ele></trkpt>
   <trkpt lat="51.056693" lon="9.903138"><ele>257.25</ele></trkpt>
   <trkpt lat="51.056628" lon="9.902651"><ele>256.25</ele></trkpt>
   <trkpt lat="51.056583" lon="9.902181"><ele>255.5</ele></trkpt>
   <trkpt lat="51.056515" lon="9.901197"><ele>255</ele></trkpt>
   <trkpt lat="51.056064" lon="9.893095"><ele>268</ele></trkpt>
   <trkpt lat="51.05584" lon="9.889297"><ele>262</ele></trkpt>
   <trkpt lat="51.055797" lon="9.888545"><ele>261</ele></trkpt>
   <trkpt lat="51.055739" lon="9.887909"><ele>260.25</ele></trkpt>
   <trkpt lat="51.055638" lon="9.88725"><ele>260.5</ele></trkpt>
   <trkpt lat="51.055518" lon="9.886632"><ele>261</ele></trkpt>
   <trkpt lat="51.055262" lon="9.885714"><ele>263.25</ele></trkpt>
   <trkpt lat="51.055029" lon="9.885086"><ele>266.5</ele></trkpt>
   <trkpt lat="51.05479" lon="9.88454"><ele>267.5</ele></trkpt>
   <trkpt lat="51.054501" lon="9.883983"><ele>268.5</ele></trkpt>
   <trkpt lat="51.054197" lon="9.883487"><ele>270.25</ele></trkpt>
   <trkpt lat="51.053883" lon="9.883063"><ele>273.5</ele></trkpt>
   <trkpt lat="51.053555" lon="9.882682"><ele>276.25</ele></trkpt>
   <trkpt lat="51.053179" lon="9.882314"><ele>277.5</ele></trkpt>
   <trkpt lat="51.052755" lon="9.881971"><ele>276.75</ele></trkpt>
   <trkpt lat="51.052273" lon="9.881677"><ele>274.25</ele></trkpt>
   <trkpt lat="51.051815" lon="9.88147"><ele>272.25</ele></trkpt>
   <trkpt lat="51.051318" lon="9.881327"><ele>271.5</ele></trkpt>
   <trkpt lat="51.050836" lon="9.881264"><ele>272</ele></trkpt>
   <trkpt lat="51.050748" lon="9.881262"><ele>272.25</ele></trkpt>
   <trkpt lat="51.050253" lon="9.881247"><ele>274</ele></trkpt>
   <trkpt lat="51.048959" lon="9.881231"><ele>274.25</ele></trkpt>
   <trkpt lat="51.048354" lon="9.881144"><ele>275.5</ele></trkpt>
   <trkpt lat="51.047842" lon="9.880972"><ele>279</ele></trkpt>
   <trkpt lat="51.047371" lon="9.880734"><ele>280.25</ele></trkpt>
   <trkpt lat="51.046952" lon="9.880448"><ele>278.5</ele></trkpt>
   <trkpt lat="51.046585" lon="9.880122"><ele>275.5</ele></trkpt>
   <trkpt lat="51.046144" lon="9.879678"><ele>275</ele></trkpt>
   <trkpt lat="51.045686" lon="9.879082"><ele>276.75</ele></trkpt>
   <trkpt lat="51.045449" lon="9.878735"><ele>279.5</ele></trkpt>
   <trkpt lat="51.045196" lon="9.878324"><ele>282</ele></trkpt>
   <trkpt lat="51.044851" lon="9.877668"><ele>283.5</ele></trkpt>
   <trkpt lat="51.044556" lon="9.877007"><ele>285</ele></trkpt>
   <trkpt lat="51.044332" lon="9.876391"><ele>286.5</ele></trkpt>
   <trkpt lat="51.044134" lon="9.87576"><ele>287</ele></trkpt>
   <trkpt lat="51.043803" lon="9.874506"><ele>284.5</ele></trkpt>
   <trkpt lat="51.043766" lon="9.874364"><ele>284</ele></trkpt>
   <trkpt lat="51.042215" lon="9.868437"><ele>291.5</ele></trkpt>
   <trkpt lat="51.0419" lon="9.867236"><ele>293</ele></trkpt>
   <trkpt lat="51.041688" lon="9.866454"><ele>293.75</ele></trkpt>
   <trkpt lat="51.041432" lon="9.865666"><ele>289.75</ele></trkpt>
   <trkpt lat="51.0411" lon="9.864842"><ele>287</ele></trkpt>
   <trkpt lat="51.040806" lon="9.864228"><ele>286</ele></trkpt>
   <trkpt lat="51.040537" lon="9.863743"><ele>286.5</ele></trkpt>
   <trkpt lat="51.04021" lon="9.863229"><ele>288.5</ele></trkpt>
   <trkpt lat="51.039899" lon="9.862795"><ele>289.25</ele></trkpt>
   <trkpt lat="51.039428" lon="9.862242"><ele>292.25</ele></trkpt>
   <trkpt lat="51.039165" lon="9.86198"><ele>295.25</ele></trkpt>
   <trkpt lat="51.038726" lon="9.861588"><ele>297.5</ele></trkpt>
   <trkpt lat="51.038268" lon="9.861265"><ele>299.5</ele></trkpt>
   <trkpt lat="51.037777" lon="9.86098"><ele>301.75</ele></trkpt>
   <trkpt lat="51.037131" lon="9.860679"><ele>303.25</ele></trkpt>
   <trkpt lat="51.035836" lon="9.86012"><ele>305.5</ele></trkpt>
   <trkpt lat="51.035824" lon="9.860114"><ele>305.5</ele></trkpt>
   <trkpt lat="51.035378" lon="9.859922"><ele>306</ele></trkpt>
   <trkpt lat="51.03398" lon="9.859307"><ele>312.75</ele></trkpt>
   <trkpt lat="51.033866" lon="9.859248"><ele>313.5</ele></trkpt>
   <trkpt lat="51.032952" lon="9.858769"><ele>317.5</ele></trkpt>
   <trkpt lat="51.032934" lon="9.85876"><ele>317.75</ele></trkpt>
   <trkpt lat="51.032886" lon="9.858733"><ele>317.5</ele></trkpt>
   <trkpt lat="51.032422" lon="9.858476"><ele>315.75</ele></trkpt>
   <trkpt lat="51.031837" lon="9.858162"><ele>317.5</ele></trkpt>
   <trkpt lat="51.031466" lon="9.857908"><ele>320</ele></trkpt>
   <trkpt lat="51.031155" lon="9.857657"><ele>321.75</ele></trkpt>
   <trkpt lat="51.030869" lon="9.857392"><ele>322.5</ele></trkpt>
   <trkpt lat="51.030629" lon="9.857129"><ele>321.25</ele></trkpt>
   <trkpt lat="51.030443" lon="9.856919"><ele>319.75</ele></trkpt>
   <trkpt lat="51.030183" lon="9.856568"><ele>318.75</ele></trkpt>
   <trkpt lat="51.030005" lon="9.856327"><ele>319.75</ele></trkpt>
   <trkpt lat="51.029629" lon="9.855735"><ele>322.75</ele></trkpt>
   <trkpt lat="51.029284" lon="9.855135"><ele>320.5</ele></trkpt>
   <trkpt lat="51.028958" lon="9.854456"><ele>325.25</ele></trkpt>
   <trkpt lat="51.028745" lon="9.853943"><ele>329.5</ele></trkpt>
   <trkpt lat="51.028588" lon="9.853504"><ele>331.25</ele></trkpt>
   <trkpt lat="51.028117" lon="9.852025"><ele>330.5</ele></trkpt>
   <trkpt lat="51.028048" lon="9.851809"><ele>330.25</ele></trkpt>
   <trkpt lat="51.028011" lon="9.851685"><ele>330.25</ele></trkpt>
   <trkpt lat="51.026813" lon="9.847611"><ele>328.5</ele></trkpt>
   <trkpt lat="51.025517" lon="9.843195"><ele>326.25</ele></trkpt>
   <trkpt lat="51.025366" lon="9.842679"><ele>326.25</ele></trkpt>
   <trkpt lat="51.025086" lon="9.841726"><ele>326.25</ele></trkpt>
   <trkpt lat="51.024004" lon="9.838049"><ele>310</ele></trkpt>
   <trkpt lat="51.023959" lon="9.837895"><ele>309</ele></trkpt>
   <trkpt lat="51.023087" lon="9.834949"><ele>299</ele></trkpt>
   <trkpt lat="51.023021" lon="9.834725"><ele>298.75</ele></trkpt>
   <trkpt lat="51.022732" lon="9.833736"><ele>298.75</ele></trkpt>
   <trkpt lat="51.022284" lon="9.832206"><ele>299.5</ele></trkpt>
   <trkpt lat="51.022069" lon="9.831523"><ele>299.25</ele></trkpt>
   <trkpt lat="51.021854" lon="9.83094"><ele>298.25</ele></trkpt>
   <trkpt lat="51.021481" lon="9.830114"><ele>299.75</ele></trkpt>
   <trkpt lat="51.020981" lon="9.829303"><ele>301.75</ele></trkpt>
   <trkpt lat="51.020421" lon="9.828595"><ele>304.75</ele></trkpt>
   <trkpt lat="51.019871" lon="9.828083"><ele>308</ele></trkpt>
   <trkpt lat="51.019444" lon="9.827771"><ele>309.25</ele></trkpt>
   <trkpt lat="51.018794" lon="9.827443"><ele>304.25</ele></trkpt>
   <trkpt lat="51.01841" lon="9.827314"><ele>298.75</ele></trkpt>
   <trkpt lat="51.018018" lon="9.827234"><ele>291</ele></trkpt>
   <trkpt lat="51.017522" lon="9.827179"><ele>281</ele></trkpt>
   <trkpt lat="51.016086" lon="9.827091"><ele>279</ele></trkpt>
   <trkpt lat="51.015476" lon="9.827011"><ele>281</ele></trkpt>
   <trkpt lat="51.015406" lon="9.826992"><ele>281</ele></trkpt>
   <trkpt lat="51.014847" lon="9.826822"><ele>282.75</ele></trkpt>
   <trkpt lat="51.01432" lon="9.826557"><ele>284.25</ele></trkpt>
   <trkpt lat="51.013893" lon="9.826256"><ele>289.25</ele></trkpt>
   <trkpt lat="51.013546" lon="9.825966"><ele>294</ele></trkpt>
   <trkpt lat="51.013035" lon="9.825424"><ele>299.75</ele></trkpt>
   <trkpt lat="51.012607" lon="9.824864"><ele>302.5</ele></trkpt>
   <trkpt lat="51.011837" lon="9.823684"><ele>300.25</ele></trkpt>
   <trkpt lat="51.011234" lon="9.822851"><ele>290</ele></trkpt>
   <trkpt lat="51.010897" lon="9.822463"><ele>286.25</ele></trkpt>
   <trkpt lat="51.01059" lon="9.822159"><ele>283.25</ele></trkpt>
   <trkpt lat="51.010432" lon="9.82203"><ele>282.25</ele></trkpt>
   <trkpt lat="51.01027" lon="9.82189"><ele>281</ele></trkpt>
   <trkpt lat="51.009754" lon="9.82154"><ele>279</ele></trkpt>
   <trkpt lat="51.009212" lon="9.821268"><ele>276</ele></trkpt>
   <trkpt lat="51.008973" lon="9.821169"><ele>276</ele></trkpt>
   <trkpt lat="51.008598" lon="9.821055"><ele>277</ele></trkpt>
   <trkpt lat="51.008211" lon="9.820969"><ele>278.75</ele></trkpt>
   <trkpt lat="51.007823" lon="9.820937"><ele>281.25</ele></trkpt>
   <trkpt lat="51.007418" lon="9.820944"><ele>284</ele></trkpt>
   <trkpt lat="51.006734" lon="9.821035"><ele>285.25</ele></trkpt>
   <trkpt lat="51.006092" lon="9.821288"><ele>281</ele></trkpt>
   <trkpt lat="51.00599" lon="9.821328"><ele>280.25</ele></trkpt>
   <trkpt lat="51.005455" lon="9.821663"><ele>283.75</ele></trkpt>
   <trkpt lat="51.005011" lon="9.822022"><ele>287.75</ele></trkpt>
   <trkpt lat="51.004501" lon="9.822538"><ele>293.75</ele></trkpt>
   <trkpt lat="51.004205" lon="9.822924"><ele>292.5</ele></trkpt>
   <trkpt lat="51.003947" lon="9.823299"><ele>293.5</ele></trkpt>
   <trkpt lat="51.003451" lon="9.824179"><ele>293.75</ele></trkpt>
   <trkpt lat="51.00272" lon="9.825706"><ele>288.75</ele></trkpt>
   <trkpt lat="51.002247" lon="9.826617"><ele>281</ele></trkpt>
   <trkpt lat="51.002106" lon="9.826912"><ele>279.75</ele></trkpt>
   <trkpt lat="51.001745" lon="9.827495"><ele>277</ele></trkpt>
   <trkpt lat="51.001461" lon="9.827894"><ele>275</ele></trkpt>
   <trkpt lat="51.001145" lon="9.828271"><ele>273.75</ele></trkpt>
   <trkpt lat="51.000476" lon="9.828896"><ele>269.25</ele></trkpt>
   <trkpt lat="50.99968" lon="9.829399"><ele>265.75</ele></trkpt>
   <trkpt lat="50.998858" lon="9.829861"><ele>268</ele></trkpt>
   <trkpt lat="50.995794" lon="9.831557"><ele>258.75</ele></trkpt>
   <trkpt lat="50.995202" lon="9.831873"><ele>256.5</ele></trkpt>
   <trkpt lat="50.994634" lon="9.832061"><ele>255.25</ele></trkpt>
   <trkpt lat="50.994323" lon="9.832126"><ele>254.5</ele></trkpt>
   <trkpt lat="50.994025" lon="9.83215"><ele>253.5</ele></trkpt>
   <trkpt lat="50.993718" lon="9.832154"><ele>252.5</ele></trkpt>
   <trkpt lat="50.993424" lon="9.832133"><ele>251.25</ele></trkpt>
   <trkpt lat="50.993026" lon="9.832069"><ele>250</ele></trkpt>
   <trkpt lat="50.992504" lon="9.831887"><ele>249</ele></trkpt>
   <trkpt lat="50.992362" lon="9.831826"><ele>248.75</ele></trkpt>
   <trkpt lat="50.992179" lon="9.831727"><ele>248.75</ele></trkpt>
   <trkpt lat="50.991955" lon="9.831608"><ele>249.75</ele></trkpt>
   <trkpt lat="50.991729" lon="9.831438"><ele>252.5</ele></trkpt>
   <trkpt lat="50.991474" lon="9.831267"><ele>254.5</ele></trkpt>
   <trkpt lat="50.991019" lon="9.830839"><ele>257.75</ele></trkpt>
   <trkpt lat="50.990604" lon="9.830368"><ele>258.25</ele></trkpt>
   <trkpt lat="50.989363" lon="9.82871"><ele>254</ele></trkpt>
   <trkpt lat="50.989154" lon="9.828457"><ele>253.25</ele></trkpt>
   <trkpt lat="50.98896" lon="9.828231"><ele>253.25</ele></trkpt>
   <trkpt lat="50.988518" lon="9.827798"><ele>253.75</ele></trkpt>
   <trkpt lat="50.98807" lon="9.827457"><ele>252.5</ele></trkpt>
   <trkpt lat="50.987594" lon="9.827177"><ele>246</ele></trkpt>
   <trkpt lat="50.987072" lon="9.826972"><ele>242.75</ele></trkpt>
   <trkpt lat="50.986316" lon="9.826783"><ele>242.5</ele></trkpt>
   <trkpt lat="50.985092" lon="9.826557"><ele>241.25</ele></trkpt>
   <trkpt lat="50.984655" lon="9.826429"><ele>240</ele></trkpt>
   <trkpt lat="50.984308" lon="9.826286"><ele>239.25</ele></trkpt>
   <trkpt lat="50.984217" lon="9.826249"><ele>239</ele></trkpt>
   <trkpt lat="50.983827" lon="9.826037"><ele>239.5</ele></trkpt>
   <trkpt lat="50.983477" lon="9.825773"><ele>241.75</ele></trkpt>
   <trkpt lat="50.983154" lon="9.825496"><ele>243</ele></trkpt>
   <trkpt lat="50.982812" lon="9.825154"><ele>242</ele></trkpt>
   <trkpt lat="50.982506" lon="9.824778"><ele>241.5</ele></trkpt>
   <trkpt lat="50.982212" lon="9.824359"><ele>240.5</ele></trkpt>
   <trkpt lat="50.981947" lon="9.823909"><ele>239</ele></trkpt>
   <trkpt lat="50.981763" lon="9.823562"><ele>237.5</ele></trkpt>
   <trkpt lat="50.981655" lon="9.823339"><ele>236.75</ele></trkpt>
   <trkpt lat="50.981369" lon="9.822667"><ele>237.75</ele></trkpt>
   <trkpt lat="50.980212" lon="9.819562"><ele>233.5</ele></trkpt>
   <trkpt lat="50.979672" lon="9.818122"><ele>233.25</ele></trkpt>
   <trkpt lat="50.979392" lon="9.817437"><ele>233.25</ele></trkpt>
   <trkpt lat="50.979103" lon="9.816799"><ele>231.25</ele></trkpt>
   <trkpt lat="50.978662" lon="9.816061"><ele>232</ele></trkpt>
   <trkpt lat="50.978119" lon="9.815368"><ele>231.5</ele></trkpt>
   <trkpt lat="50.977503" lon="9.814765"><ele>231.5</ele></trkpt>
   <trkpt lat="50.977443" lon="9.814724"><ele>232</ele></trkpt>
   <trkpt lat="50.977408" lon="9.814701"><ele>232.25</ele></trkpt>
   <trkpt lat="50.977096" lon="9.814471"><ele>234.75</ele></trkpt>
   <trkpt lat="50.975843" lon="9.813638"><ele>232.75</ele></trkpt>
   <trkpt lat="50.975806" lon="9.813612"><ele>232.75</ele></trkpt>
   <trkpt lat="50.975755" lon="9.813577"><ele>232.75</ele></trkpt>
   <trkpt lat="50.975267" lon="9.813248"><ele>233.75</ele></trkpt>
   <trkpt lat="50.974974" lon="9.813019"><ele>234.25</ele></trkpt>
   <trkpt lat="50.974722" lon="9.812801"><ele>233.5</ele></trkpt>
   <trkpt lat="50.974632" lon="9.812714"><ele>233.25</ele></trkpt>
   <trkpt lat="50.974507" lon="9.812592"><ele>233.25</ele></trkpt>
   <trkpt lat="50.974301" lon="9.812366"><ele>233.5</ele></trkpt>
   <trkpt lat="50.974129" lon="9.812158"><ele>234.25</ele></trkpt>
   <trkpt lat="50.973935" lon="9.811901"><ele>236.25</ele></trkpt>
   <trkpt lat="50.973726" lon="9.811596"><ele>238</ele></trkpt>
   <trkpt lat="50.973523" lon="9.811274"><ele>238.25</ele></trkpt>
   <trkpt lat="50.973351" lon="9.810959"><ele>238.5</ele></trkpt>
   <trkpt lat="50.973205" lon="9.810671"><ele>238.25</ele></trkpt>
   <trkpt lat="50.973061" lon="9.810346"><ele>238.25</ele></trkpt>
   <trkpt lat="50.972886" lon="9.809902"><ele>237.75</ele></trkpt>
   <trkpt lat="50.972653" lon="9.809215"><ele>234</ele></trkpt>
   <trkpt lat="50.972526" lon="9.808761"><ele>232</ele></trkpt>
   <trkpt lat="50.972448" lon="9.808413"><ele>231</ele></trkpt>
   <trkpt lat="50.972413" lon="9.80823"><ele>230.25</ele></trkpt>
   <trkpt lat="50.972371" lon="9.808012"><ele>229.25</ele></trkpt>
   <trkpt lat="50.972307" lon="9.807615"><ele>227.5</ele></trkpt>
   <trkpt lat="50.972254" lon="9.807209"><ele>225.75</ele></trkpt>
   <trkpt lat="50.972214" lon="9.806803"><ele>224.25</ele></trkpt>
   <trkpt lat="50.972188" lon="9.806379"><ele>223.25</ele></trkpt>
   <trkpt lat="50.972178" lon="9.805927"><ele>222</ele></trkpt>
   <trkpt lat="50.972177" lon="9.805565"><ele>221.5</ele></trkpt>
   <trkpt lat="50.972189" lon="9.805218"><ele>221.25</ele></trkpt>
   <trkpt lat="50.972217" lon="9.804739"><ele>220.25</ele></trkpt>
   <trkpt lat="50.972245" lon="9.804422"><ele>219.5</ele></trkpt>
   <trkpt lat="50.972282" lon="9.804113"><ele>218.75</ele></trkpt>
   <trkpt lat="50.972333" lon="9.803781"><ele>218.25</ele></trkpt>
   <trkpt lat="50.972397" lon="9.803418"><ele>217.75</ele></trkpt>
   <trkpt lat="50.972465" lon="9.803082"><ele>217.5</ele></trkpt>
   <trkpt lat="50.972559" lon="9.802695"><ele>217.5</ele></trkpt>
   <trkpt lat="50.972649" lon="9.802366"><ele>217.75</ele></trkpt>
   <trkpt lat="50.972755" lon="9.80202"><ele>218</ele></trkpt>
   <trkpt lat="50.972855" lon="9.801733"><ele>218.25</ele></trkpt>
   <trkpt lat="50.973099" lon="9.801118"><ele>217.75</ele></trkpt>
   <trkpt lat="50.973357" lon="9.800587"><ele>217.5</ele></trkpt>
   <trkpt lat="50.97349" lon="9.800346"><ele>217.25</ele></trkpt>
   <trkpt lat="50.973763" lon="9.799904"><ele>217</ele></trkpt>
   <trkpt lat="50.974072" lon="9.799471"><ele>215.5</ele></trkpt>
   <trkpt lat="50.974237" lon="9.799265"><ele>214.5</ele></trkpt>
   <trkpt lat="50.974538" lon="9.798933"><ele>212</ele></trkpt>
   <trkpt lat="50.974737" lon="9.79874"><ele>210.75</ele></trkpt>
   <trkpt lat="50.975089" lon="9.798447"><ele>208.25</ele></trkpt>
   <trkpt lat="50.975278" lon="9.798312"><ele>207.25</ele></trkpt>
   <trkpt lat="50.975669" lon="9.798061"><ele>205.75</ele></trkpt>
   <trkpt lat="50.976805" lon="9.797451"><ele>208.75</ele></trkpt>
   <trkpt lat="50.97682" lon="9.797443"><ele>208.75</ele></trkpt>
   <trkpt lat="50.978659" lon="9.796466"><ele>214.5</ele></trkpt>
   <trkpt lat="50.978663" lon="9.796464"><ele>214.5</ele></trkpt>
   <trkpt lat="50.979191" lon="9.796187"><ele>215.25</ele></trkpt>
   <trkpt lat="50.979485" lon="9.796001"><ele>215.75</ele></trkpt>
   <trkpt lat="50.979787" lon="9.795771"><ele>216</ele></trkpt>
   <trkpt lat="50.97995" lon="9.795625"><ele>216</ele></trkpt>
   <trkpt lat="50.980116" lon="9.79545"><ele>216</ele></trkpt>
   <trkpt lat="50.980273" lon="9.795261"><ele>216</ele></trkpt>
   <trkpt lat="50.980421" lon="9.79506"><ele>215.75</ele></trkpt>
   <trkpt lat="50.980565" lon="9.794839"><ele>215.5</ele></trkpt>
   <trkpt lat="50.980697" lon="9.794606"><ele>215.5</ele></trkpt>
   <trkpt lat="50.980824" lon="9.794362"><ele>215.25</ele></trkpt>
   <trkpt lat="50.98094" lon="9.794107"><ele>215.25</ele></trkpt>
   <trkpt lat="50.981042" lon="9.793844"><ele>215</ele></trkpt>
   <trkpt lat="50.981138" lon="9.793561"><ele>214.5</ele></trkpt>
   <trkpt lat="50.981222" lon="9.793276"><ele>214.25</ele></trkpt>
   <trkpt lat="50.981293" lon="9.79299"><ele>214</ele></trkpt>
   <trkpt lat="50.981354" lon="9.792693"><ele>213.5</ele></trkpt>
   <trkpt lat="50.981403" lon="9.792383"><ele>213.25</ele></trkpt>
   <trkpt lat="50.981439" lon="9.792086"><ele>213</ele></trkpt>
   <trkpt lat="50.981468" lon="9.79177"><ele>212.75</ele></trkpt>
   <trkpt lat="50.981481" lon="9.791458"><ele>212.25</ele></trkpt>
   <trkpt lat="50.981483" lon="9.791179"><ele>211.5</ele></trkpt>
   <trkpt lat="50.981472" lon="9.790832"><ele>210.75</ele></trkpt>
   <trkpt lat="50.98145" lon="9.790517"><ele>210</ele></trkpt>
   <trkpt lat="50.981415" lon="9.79021"><ele>209.25</ele></trkpt>
   <trkpt lat="50.981369" lon="9.789905"><ele>208.75</ele></trkpt>
   <trkpt lat="50.98131" lon="9.789606"><ele>208.25</ele></trkpt>
   <trkpt lat="50.98124" lon="9.789312"><ele>207.75</ele></trkpt>
   <trkpt lat="50.981159" lon="9.789026"><ele>207</ele></trkpt>
   <trkpt lat="50.981068" lon="9.78875"><ele>206.25</ele></trkpt>
   <trkpt lat="50.980967" lon="9.788485"><ele>205.5</ele></trkpt>
   <trkpt lat="50.980856" lon="9.788225"><ele>204.75</ele></trkpt>
   <trkpt lat="50.980734" lon="9.787981"><ele>203.75</ele></trkpt>
   <trkpt lat="50.9806" lon="9.787743"><ele>203</ele></trkpt>
   <trkpt lat="50.980464" lon="9.787521"><ele>202.5</ele></trkpt>
   <trkpt lat="50.980342" lon="9.787353"><ele>202.25</ele></trkpt>
   <trkpt lat="50.980159" lon="9.787123"><ele>202</ele></trkpt>
   <trkpt lat="50.979981" lon="9.786925"><ele>201.75</ele></trkpt>
   <trkpt lat="50.979708" lon="9.786677"><ele>201.5</ele></trkpt>
   <trkpt lat="50.979596" lon="9.786594"><ele>201.5</ele></trkpt>
   <trkpt lat="50.97933" lon="9.786424"><ele>201.25</ele></trkpt>
   <trkpt lat="50.979216" lon="9.786367"><ele>201.25</ele></trkpt>
   <trkpt lat="50.979095" lon="9.786307"><ele>201</ele></trkpt>
   <trkpt lat="50.979078" lon="9.786301"><ele>200.25</ele></trkpt>
   <trkpt lat="50.978821" lon="9.786213"><ele>200.25</ele></trkpt>
   <trkpt lat="50.97874" lon="9.786193"><ele>199.75</ele></trkpt>
   <trkpt lat="50.978589" lon="9.786155"><ele>199.25</ele></trkpt>
   <trkpt lat="50.978426" lon="9.786129"><ele>198.5</ele></trkpt>
   <trkpt lat="50.978256" lon="9.786122"><ele>198.25</ele></trkpt>
   <trkpt lat="50.977954" lon="9.786151"><ele>197.75</ele></trkpt>
   <trkpt lat="50.977747" lon="9.786189"><ele>197.5</ele></trkpt>
   <trkpt lat="50.977535" lon="9.786258"><ele>197.5</ele></trkpt>
   <trkpt lat="50.977342" lon="9.786334"><ele>197.5</ele></trkpt>
   <trkpt lat="50.977145" lon="9.786428"><ele>197.75</ele></trkpt>
   <trkpt lat="50.976788" lon="9.786663"><ele>198.75</ele></trkpt>
   <trkpt lat="50.976664" lon="9.786775"><ele>199</ele></trkpt>
   <trkpt lat="50.976545" lon="9.786881"><ele>199</ele></trkpt>
   <trkpt lat="50.976297" lon="9.787153"><ele>199.25</ele></trkpt>
   <trkpt lat="50.976042" lon="9.787481"><ele>199.5</ele></trkpt>
   <trkpt lat="50.975843" lon="9.787804"><ele>200.5</ele></trkpt>
   <trkpt lat="50.975623" lon="9.788234"><ele>202</ele></trkpt>
   <trkpt lat="50.975443" lon="9.788657"><ele>202.5</ele></trkpt>
   <trkpt lat="50.975344" lon="9.788947"><ele>203</ele></trkpt>
   <trkpt lat="50.975313" lon="9.789038"><ele>203</ele></trkpt>
   <trkpt lat="50.975221" lon="9.78937"><ele>203.5</ele></trkpt>
   <trkpt lat="50.975152" lon="9.78968"><ele>204.25</ele></trkpt>
   <trkpt lat="50.975144" lon="9.789718"><ele>204.25</ele></trkpt>
   <trkpt lat="50.974967" lon="9.790654"><ele>205</ele></trkpt>
   <trkpt lat="50.97486" lon="9.791241"><ele>204.25</ele></trkpt>
   <trkpt lat="50.974719" lon="9.791933"><ele>203.5</ele></trkpt>
   <trkpt lat="50.974625" lon="9.792301"><ele>203</ele></trkpt>
   <trkpt lat="50.974512" lon="9.792655"><ele>202.5</ele></trkpt>
   <trkpt lat="50.974438" lon="9.792854"><ele>202.25</ele></trkpt>
   <trkpt lat="50.974273" lon="9.793224"><ele>201.25</ele></trkpt>
   <trkpt lat="50.974141" lon="9.793471"><ele>200.75</ele></trkpt>
   <trkpt lat="50.974049" lon="9.793626"><ele>200.25</ele></trkpt>
   <trkpt lat="50.973972" lon="9.79374"><ele>200</ele></trkpt>
   <trkpt lat="50.973943" lon="9.793784"><ele>199.75</ele></trkpt>
   <trkpt lat="50.973741" lon="9.79404"><ele>199.25</ele></trkpt>
   <trkpt lat="50.973605" lon="9.794195"><ele>199.25</ele></trkpt>
   <trkpt lat="50.973444" lon="9.794352"><ele>199.25</ele></trkpt>
   <trkpt lat="50.973226" lon="9.79455"><ele>199.5</ele></trkpt>
   <trkpt lat="50.972633" lon="9.795013"><ele>201.5</ele></trkpt>
   <trkpt lat="50.972588" lon="9.795047"><ele>201.75</ele></trkpt>
   <trkpt lat="50.972131" lon="9.795418"><ele>203.75</ele></trkpt>
   <trkpt lat="50.971908" lon="9.795594"><ele>204.5</ele></trkpt>
   <trkpt lat="50.971412" lon="9.795931"><ele>205</ele></trkpt>
   <trkpt lat="50.971263" lon="9.796022"><ele>205</ele></trkpt>
   <trkpt lat="50.970552" lon="9.79652"><ele>204.5</ele></trkpt>
   <trkpt lat="50.969377" lon="9.797535"><ele>205</ele></trkpt>
   <trkpt lat="50.969267" lon="9.797632"><ele>204.75</ele></trkpt>
   <trkpt lat="50.968968" lon="9.797896"><ele>204</ele></trkpt>
   <trkpt lat="50.968967" lon="9.797896"><ele>203.25</ele></trkpt>
   <trkpt lat="50.968647" lon="9.798179"><ele>203.25</ele></trkpt>
   <trkpt lat="50.968575" lon="9.798243"><ele>203</ele></trkpt>
   <trkpt lat="50.96856" lon="9.798256"><ele>203</ele></trkpt>
   <trkpt lat="50.968468" lon="9.798337"><ele>203</ele></trkpt>
   <trkpt lat="50.968251" lon="9.798574"><ele>202.75</ele></trkpt>
   <trkpt lat="50.968043" lon="9.798786"><ele>202.25</ele></trkpt>
   <trkpt lat="50.965668" lon="9.800886"><ele>202.75</ele></trkpt>
   <trkpt lat="50.965166" lon="9.801315"><ele>202.5</ele></trkpt>
   <trkpt lat="50.964876" lon="9.80156"><ele>202.75</ele></trkpt>
   <trkpt lat="50.964612" lon="9.801814"><ele>203.5</ele></trkpt>
   <trkpt lat="50.964261" lon="9.802109"><ele>204.5</ele></trkpt>
   <trkpt lat="50.964227" lon="9.802139"><ele>204.5</ele></trkpt>
   <trkpt lat="50.963398" lon="9.802887"><ele>203.75</ele></trkpt>
   <trkpt lat="50.962956" lon="9.803287"><ele>203.5</ele></trkpt>
   <trkpt lat="50.962941" lon="9.803299"><ele>203.5</ele></trkpt>
   <trkpt lat="50.96283" lon="9.803389"><ele>203.5</ele></trkpt>
   <trkpt lat="50.962406" lon="9.803697"><ele>203.75</ele></trkpt>
   <trkpt lat="50.961912" lon="9.803968"><ele>204.5</ele></trkpt>
   <trkpt lat="50.961588" lon="9.804106"><ele>204.75</ele></trkpt>
   <trkpt lat="50.961266" lon="9.80421"><ele>205</ele></trkpt>
   <trkpt lat="50.961031" lon="9.804274"><ele>205.25</ele></trkpt>
   <trkpt lat="50.95973" lon="9.804551"><ele>206.25</ele></trkpt>
   <trkpt lat="50.959085" lon="9.804689"><ele>206.25</ele></trkpt>
   <trkpt lat="50.958926" lon="9.804712"><ele>206.25</ele></trkpt>
   <trkpt lat="50.958604" lon="9.804733"><ele>206.25</ele></trkpt>
   <trkpt lat="50.958306" lon="9.804736"><ele>206.25</ele></trkpt>
   <trkpt lat="50.957981" lon="9.804685"><ele>205.75</ele></trkpt>
   <trkpt lat="50.95768" lon="9.804597"><ele>205</ele></trkpt>
   <trkpt lat="50.957379" lon="9.804479"><ele>204.5</ele></trkpt>
   <trkpt lat="50.957217" lon="9.804398"><ele>204.5</ele></trkpt>
   <trkpt lat="50.957062" lon="9.804301"><ele>204.25</ele></trkpt>
   <trkpt lat="50.956927" lon="9.80423"><ele>204</ele></trkpt>
   <trkpt lat="50.956882" lon="9.804198"><ele>204</ele></trkpt>
   <trkpt lat="50.95662" lon="9.804015"><ele>203.25</ele></trkpt>
   <trkpt lat="50.955945" lon="9.803469"><ele>201</ele></trkpt>
   <trkpt lat="50.955852" lon="9.803386"><ele>201</ele></trkpt>
   <trkpt lat="50.95561" lon="9.803191"><ele>200</ele></trkpt>
   <trkpt lat="50.955472" lon="9.80308"><ele>199.75</ele></trkpt>
   <trkpt lat="50.95482" lon="9.802563"><ele>200.5</ele></trkpt>
   <trkpt lat="50.954628" lon="9.802392"><ele>200.5</ele></trkpt>
   <trkpt lat="50.954303" lon="9.802058"><ele>201</ele></trkpt>
   <trkpt lat="50.953952" lon="9.801674"><ele>201</ele></trkpt>
   <trkpt lat="50.953606" lon="9.801255"><ele>200.25</ele></trkpt>
   <trkpt lat="50.953469" lon="9.801049"><ele>200.75</ele></trkpt>
   <trkpt lat="50.953043" lon="9.800342"><ele>202.25</ele></trkpt>
   <trkpt lat="50.952637" lon="9.799549"><ele>201.5</ele></trkpt>
   <trkpt lat="50.952092" lon="9.798442"><ele>203.75</ele></trkpt>
   <trkpt lat="50.951855" lon="9.797977"><ele>203.75</ele></trkpt>
   <trkpt lat="50.951815" lon="9.797899"><ele>203.75</ele></trkpt>
   <trkpt lat="50.951784" lon="9.797828"><ele>203.75</ele></trkpt>
   <trkpt lat="50.951731" lon="9.79772"><ele>203.75</ele></trkpt>
   <trkpt lat="50.951201" lon="9.79664"><ele>206.5</ele></trkpt>
   <trkpt lat="50.951194" lon="9.796625"><ele>206.5</ele></trkpt>
   <trkpt lat="50.950573" lon="9.795367"><ele>207.5</ele></trkpt>
   <trkpt lat="50.950375" lon="9.794957"><ele>206.5</ele></trkpt>
   <trkpt lat="50.949696" lon="9.793551"><ele>207</ele></trkpt>
   <trkpt lat="50.949124" lon="9.792408"><ele>207</ele></trkpt>
   <trkpt lat="50.948901" lon="9.791961"><ele>207.25</ele></trkpt>
   <trkpt lat="50.948621" lon="9.791423"><ele>206.75</ele></trkpt>
   <trkpt lat="50.948336" lon="9.790922"><ele>207.25</ele></trkpt>
   <trkpt lat="50.948188" lon="9.790678"><ele>208.75</ele></trkpt>
   <trkpt lat="50.947892" lon="9.790217"><ele>207.75</ele></trkpt>
   <trkpt lat="50.947793" lon="9.790082"><ele>205.75</ele></trkpt>
   <trkpt lat="50.947892" lon="9.790217"><ele>207.75</ele></trkpt>
   <trkpt lat="50.948188" lon="9.790678"><ele>208.75</ele></trkpt>
   <trkpt lat="50.948336" lon="9.790922"><ele>207.25</ele></trkpt>
   <trkpt lat="50.948621" lon="9.791423"><ele>206.75</ele></trkpt>
   <trkpt lat="50.948901" lon="9.791961"><ele>207.25</ele></trkpt>
   <trkpt lat="50.949124" lon="9.792408"><ele>207</ele></trkpt>
   <trkpt lat="50.949696" lon="9.793551"><ele>207</ele></trkpt>
   <trkpt lat="50.950375" lon="9.794957"><ele>206.5</ele></trkpt>
   <trkpt lat="50.950573" lon="9.795367"><ele>207.5</ele></trkpt>
   <trkpt lat="50.951194" lon="9.796625"><ele>206.5</ele></trkpt>
   <trkpt lat="50.951201" lon="9.79664"><ele>206.5</ele></trkpt>
   <trkpt lat="50.951731" lon="9.79772"><ele>203.75</ele></trkpt>
   <trkpt lat="50.951784" lon="9.797828"><ele>203.75</ele></trkpt>
   <trkpt lat="50.951543" lon="9.79741"><ele>205.5</ele></trkpt>
   <trkpt lat="50.951452" lon="9.797245"><ele>206.25</ele></trkpt>
   <trkpt lat="50.951396" lon="9.797129"><ele>206.5</ele></trkpt>
   <trkpt lat="50.95117" lon="9.796681"><ele>207</ele></trkpt>
   <trkpt lat="50.951164" lon="9.796669"><ele>207</ele></trkpt>
   <trkpt lat="50.950544" lon="9.795396"><ele>208</ele></trkpt>
   <trkpt lat="50.950347" lon="9.794993"><ele>206.75</ele></trkpt>
   <trkpt lat="50.949669" lon="9.793609"><ele>207.5</ele></trkpt>
   <trkpt lat="50.948866" lon="9.791991"><ele>208</ele></trkpt>
   <trkpt lat="50.948482" lon="9.791281"><ele>207.5</ele></trkpt>
   <trkpt lat="50.948009" lon="9.790506"><ele>210</ele></trkpt>
   <trkpt lat="50.947536" lon="9.789868"><ele>206.25</ele></trkpt>
   <trkpt lat="50.947033" lon="9.789308"><ele>213</ele></trkpt>
   <trkpt lat="50.945839" lon="9.788103"><ele>201.5</ele></trkpt>
   <trkpt lat="50.945592" lon="9.787854"><ele>200</ele></trkpt>
   <trkpt lat="50.945551" lon="9.787814"><ele>200</ele></trkpt>
   <trkpt lat="50.945232" lon="9.787507"><ele>198</ele></trkpt>
   <trkpt lat="50.944736" lon="9.787036"><ele>195.5</ele></trkpt>
   <trkpt lat="50.943923" lon="9.786253"><ele>194</ele></trkpt>
   <trkpt lat="50.943896" lon="9.786228"><ele>194</ele></trkpt>
   <trkpt lat="50.94014" lon="9.782637"><ele>194.5</ele></trkpt>
   <trkpt lat="50.938678" lon="9.781237"><ele>194</ele></trkpt>
   <trkpt lat="50.938668" lon="9.781228"><ele>194</ele></trkpt>
   <trkpt lat="50.937878" lon="9.78047"><ele>192.75</ele></trkpt>
   <trkpt lat="50.937865" lon="9.780457"><ele>192.75</ele></trkpt>
   <trkpt lat="50.937247" lon="9.779865"><ele>192.75</ele></trkpt>
   <trkpt lat="50.936603" lon="9.779248"><ele>192</ele></trkpt>
   <trkpt lat="50.935433" lon="9.778124"><ele>192.5</ele></trkpt>
   <trkpt lat="50.934076" lon="9.776821"><ele>193</ele></trkpt>
   <trkpt lat="50.933068" lon="9.775854"><ele>192.75</ele></trkpt>
  </trkseg>
 </trk>
</gpx>