<?xml version="1.0" encoding="UTF-8"?>
<!-- track-length = 217787 filtered ascend = 700 plain-ascend = 78 cost=217787 energy=2.7kwh time=4h 50m 23s -->
<gpx 
 xmlns="http://www.topografix.com/GPX/1/1" 
 xmlns:xsi="http://www.w3.org/2001/XMLSchema-instance" 
 xsi:schemaLocation="http://www.topografix.com/GPX/1/1 http://www.topografix.com/GPX/1/1/gpx.xsd" 
 version="1.1" 
 creator="BRouter-Web 0.18.1">
 <trk>
  <name>Halle (Saale) -&gt; Kassel</name>
  <trkseg>
   <trkpt lat="51.476979" lon="11.986811"><ele>111</ele></trkpt>
   <trkpt lat="51.476443" lon="11.987271"><ele>111</ele></trkpt>
   <trkpt lat="51.476423" lon="11.987288"><ele>111</ele></trkpt>
   <trkpt lat="51.475779" lon="11.987868"><ele>110</ele></trkpt>
   <trkpt lat="51.475621" lon="11.988019"><ele>109.5</ele></trkpt>
   <trkpt lat="51.475609" lon="11.98803"><ele>109.5</ele></trkpt>
   <trkpt lat="51.475385" lon="11.988256"><ele>108.5</ele></trkpt>
   <trkpt lat="51.475151" lon="11.988508"><ele>108</ele></trkpt>
   <trkpt lat="51.474921" lon="11.98877"><ele>108</ele></trkpt>
   <trkpt lat="51.474908" lon="11.988787"><ele>108</ele></trkpt>
   <trkpt lat="51.474841" lon="11.988868"><ele>108</ele></trkpt>
   <trkpt lat="51.474566" lon="11.98921"><ele>107.75</ele></trkpt>
   <trkpt lat="51.474333" lon="11.989514"><ele>107.5</ele></trkpt>
   <trkpt lat="51.47374" lon="11.990297"><ele>107.75</ele></trkpt>
   <trkpt lat="51.473709" lon="11.990336"><ele>107.75</ele></trkpt>
   <trkpt lat="51.473544" lon="11.990553"><ele>107.75</ele></trkpt>
   <trkpt lat="51.473367" lon="11.990788"><ele>108</ele></trkpt>
   <trkpt lat="51.473112" lon="11.9911"><ele>107.5</ele></trkpt>
   <trkpt lat="51.472811" lon="11.991431"><ele>107.25</ele></trkpt>
   <trkpt lat="51.472555" lon="11.991748"><ele>107</ele></trkpt>
   <trkpt lat="51.472484" lon="11.991845"><ele>107</ele></trkpt>
   <trkpt lat="51.471983" lon="11.992503"><ele>107.5</ele></trkpt>
   <trkpt lat="51.471671" lon="11.992923"><ele>106.75</ele></trkpt>
   <trkpt lat="51.47136" lon="11.993308"><ele>106.25</ele></trkpt>
   <trkpt lat="51.471177" lon="11.993512"><ele>106.25</ele></trkpt>
   <trkpt lat="51.470916" lon="11.993774"><ele>106.25</ele></trkpt>
   <trkpt lat="51.470703" lon="11.993981"><ele>105.75</ele></trkpt>
   <trkpt lat="51.470403" lon="11.994227"><ele>104.75</ele></trkpt>
   <trkpt lat="51.470025" lon="11.994489"><ele>104</ele></trkpt>
   <trkpt lat="51.46977" lon="11.994637"><ele>104</ele></trkpt>
   <trkpt lat="51.469653" lon="11.994703"><ele>104</ele></trkpt>
   <trkpt lat="51.469487" lon="11.994782"><ele>104</ele></trkpt>
   <trkpt lat="51.46918" lon="11.9949"><ele>104</ele></trkpt>
   <trkpt lat="51.468865" lon="11.994998"><ele>103.25</ele></trkpt>
   <trkpt lat="51.468647" lon="11.99505"><ele>102.75</ele></trkpt>
   <trkpt lat="51.468618" lon="11.995058"><ele>102.5</ele></trkpt>
   <trkpt lat="51.46821" lon="11.995121"><ele>101.75</ele></trkpt>
   <trkpt lat="51.467962" lon="11.995136"><ele>101.75</ele></trkpt>
   <trkpt lat="51.467934" lon="11.995136"><ele>101.75</ele></trkpt>
   <trkpt lat="51.467707" lon="11.99515"><ele>101.75</ele></trkpt>
   <trkpt lat="51.467552" lon="11.99515"><ele>101.75</ele></trkpt>
   <trkpt lat="51.46714" lon="11.995137"><ele>101.75</ele></trkpt>
   <trkpt lat="51.4658" lon="11.995016"><ele>102</ele></trkpt>
   <trkpt lat="51.464775" lon="11.994922"><ele>102.25</ele></trkpt>
   <trkpt lat="51.464732" lon="11.994919"><ele>102.25</ele></trkpt>
   <trkpt lat="51.464373" lon="11.994886"><ele>102.75</ele></trkpt>
   <trkpt lat="51.462624" lon="11.994727"><ele>103</ele></trkpt>
   <trkpt lat="51.461891" lon="11.99466"><ele>103.75</ele></trkpt>
   <trkpt lat="51.460766" lon="11.994562"><ele>103.5</ele></trkpt>
   <trkpt lat="51.460254" lon="11.994516"><ele>104.5</ele></trkpt>
   <trkpt lat="51.457895" lon="11.994307"><ele>106.25</ele></trkpt>
   <trkpt lat="51.457466" lon="11.99428"><ele>106.75</ele></trkpt>
   <trkpt lat="51.457285" lon="11.994268"><ele>106.25</ele></trkpt>
   <trkpt lat="51.45443" lon="11.994092"><ele>106</ele></trkpt>
   <trkpt lat="51.453446" lon="11.994015"><ele>106</ele></trkpt>
   <trkpt lat="51.452757" lon="11.993906"><ele>106</ele></trkpt>
   <trkpt lat="51.452304" lon="11.993777"><ele>106</ele></trkpt>
   <trkpt lat="51.451959" lon="11.993649"><ele>106</ele></trkpt>
   <trkpt lat="51.451566" lon="11.993464"><ele>106</ele></trkpt>
   <trkpt lat="51.451246" lon="11.993276"><ele>106</ele></trkpt>
   <trkpt lat="51.450802" lon="11.992966"><ele>106.25</ele></trkpt>
   <trkpt lat="51.450617" lon="11.992822"><ele>106.5</ele></trkpt>
   <trkpt lat="51.450316" lon="11.992556"><ele>106.25</ele></trkpt>
   <trkpt lat="51.450103" lon="11.992347"><ele>106</ele></trkpt>
   <trkpt lat="51.449797" lon="11.992012"><ele>106</ele></trkpt>
   <trkpt lat="51.449475" lon="11.991622"><ele>106</ele></trkpt>
   <trkpt lat="51.449061" lon="11.991036"><ele>107.5</ele></trkpt>
   <trkpt lat="51.448664" lon="11.990343"><ele>108.75</ele></trkpt>
   <trkpt lat="51.448392" lon="11.989755"><ele>109</ele></trkpt>
   <trkpt lat="51.448193" lon="11.989255"><ele>108.75</ele></trkpt>
   <trkpt lat="51.447984" lon="11.988662"><ele>108.5</ele></trkpt>
   <trkpt lat="51.447699" lon="11.987667"><ele>108.25</ele></trkpt>
   <trkpt lat="51.447489" lon="11.986921"><ele>107.75</ele></trkpt>
   <trkpt lat="51.447478" lon="11.986879"><ele>107.75</ele></trkpt>
   <trkpt lat="51.447293" lon="11.986145"><ele>108.25</ele></trkpt>
   <trkpt lat="51.447183" lon="11.98557"><ele>108.5</ele></trkpt>
   <trkpt lat="51.447096" lon="11.984907"><ele>108.25</ele></trkpt>
   <trkpt lat="51.447037" lon="11.984304"><ele>108</ele></trkpt>
   <trkpt lat="51.447034" lon="11.984274"><ele>108</ele></trkpt>
   <trkpt lat="51.447021" lon="11.984133"><ele>108</ele></trkpt>
   <trkpt lat="51.446989" lon="11.983787"><ele>108</ele></trkpt>
   <trkpt lat="51.446917" lon="11.983044"><ele>107.5</ele></trkpt>
   <trkpt lat="51.446445" lon="11.978097"><ele>104.25</ele></trkpt>
   <trkpt lat="51.446346" lon="11.977062"><ele>104</ele></trkpt>
   <trkpt lat="51.44617" lon="11.975214"><ele>102.5</ele></trkpt>
   <trkpt lat="51.446154" lon="11.97505"><ele>102.5</ele></trkpt>
   <trkpt lat="51.446084" lon="11.974309"><ele>103.25</ele></trkpt>
   <trkpt lat="51.445914" lon="11.972527"><ele>102.75</ele></trkpt>
   <trkpt lat="51.445898" lon="11.972359"><ele>102.75</ele></trkpt>
   <trkpt lat="51.445882" lon="11.972192"><ele>102.75</ele></trkpt>
   <trkpt lat="51.445803" lon="11.971347"><ele>102.5</ele></trkpt>
   <trkpt lat="51.445563" lon="11.968798"><ele>103</ele></trkpt>
   <trkpt lat="51.445512" lon="11.968119"><ele>102.5</ele></trkpt>
   <trkpt lat="51.445504" lon="11.967981"><ele>102.5</ele></trkpt>
   <trkpt lat="51.445503" lon="11.96796"><ele>102.5</ele></trkpt>
   <trkpt lat="51.445485" lon="11.967612"><ele>102</ele></trkpt>
   <trkpt lat="51.445469" lon="11.966962"><ele>101.5</ele></trkpt>
   <trkpt lat="51.445471" lon="11.96661"><ele>101.25</ele></trkpt>
   <trkpt lat="51.445489" lon="11.966071"><ele>101.5</ele></trkpt>
   <trkpt lat="51.445521" lon="11.965566"><ele>101.75</ele></trkpt>
   <trkpt lat="51.44556" lon="11.965089"><ele>102.25</ele></trkpt>
   <trkpt lat="51.4456" lon="11.964695"><ele>102.25</ele></trkpt>
   <trkpt lat="51.445645" lon="11.96433"><ele>102</ele></trkpt>
   <trkpt lat="51.445772" lon="11.963405"><ele>101</ele></trkpt>
   <trkpt lat="51.445891" lon="11.96259"><ele>101</ele></trkpt>
   <trkpt lat="51.446422" lon="11.958983"><ele>104.25</ele></trkpt>
   <trkpt lat="51.446435" lon="11.958894"><ele>104.25</ele></trkpt>
   <trkpt lat="51.449637" lon="11.937089"><ele>84</ele></trkpt>
   <trkpt lat="51.449658" lon="11.936944"><ele>83.75</ele></trkpt>
   <trkpt lat="51.449769" lon="11.936219"><ele>83</ele></trkpt>
   <trkpt lat="51.44991" lon="11.935381"><ele>82.25</ele></trkpt>
   <trkpt lat="51.450059" lon="11.934629"><ele>80.75</ele></trkpt>
   <trkpt lat="51.450231" lon="11.933897"><ele>79</ele></trkpt>
   <trkpt lat="51.450509" lon="11.932798"><ele>78.75</ele></trkpt>
   <trkpt lat="51.450733" lon="11.932066"><ele>79</ele></trkpt>
   <trkpt lat="51.451115" lon="11.931003"><ele>78</ele></trkpt>
   <trkpt lat="51.451951" lon="11.928717"><ele>78.75</ele></trkpt>
   <trkpt lat="51.452546" lon="11.927104"><ele>79.75</ele></trkpt>
   <trkpt lat="51.453778" lon="11.923754"><ele>78.5</ele></trkpt>
   <trkpt lat="51.454795" lon="11.920967"><ele>77.75</ele></trkpt>
   <trkpt lat="51.455571" lon="11.91887"><ele>77.75</ele></trkpt>
   <trkpt lat="51.455865" lon="11.918074"><ele>78.5</ele></trkpt>
   <trkpt lat="51.457085" lon="11.914767"><ele>77.25</ele></trkpt>
   <trkpt lat="51.457094" lon="11.914742"><ele>77.25</ele></trkpt>
   <trkpt lat="51.457163" lon="11.914555"><ele>77.75</ele></trkpt>
   <trkpt lat="51.457168" lon="11.914541"><ele>77.75</ele></trkpt>
   <trkpt lat="51.457701" lon="11.913085"><ele>79.5</ele></trkpt>
   <trkpt lat="51.458606" lon="11.910625"><ele>79.25</ele></trkpt>
   <trkpt lat="51.458617" lon="11.910593"><ele>79.25</ele></trkpt>
   <trkpt lat="51.45862" lon="11.910585"><ele>79.25</ele></trkpt>
   <trkpt lat="51.458656" lon="11.910483"><ele>79.25</ele></trkpt>
   <trkpt lat="51.458715" lon="11.910317"><ele>79.25</ele></trkpt>
   <trkpt lat="51.458818" lon="11.910023"><ele>79.5</ele></trkpt>
   <trkpt lat="51.459023" lon="11.9094"><ele>80.25</ele></trkpt>
   <trkpt lat="51.459276" lon="11.908543"><ele>82</ele></trkpt>
   <trkpt lat="51.459326" lon="11.908378"><ele>82.25</ele></trkpt>
   <trkpt lat="51.459462" lon="11.90787"><ele>83.75</ele></trkpt>
   <trkpt lat="51.459513" lon="11.907639"><ele>84.25</ele></trkpt>
   <trkpt lat="51.459586" lon="11.907305"><ele>85</ele></trkpt>
   <trkpt lat="51.459655" lon="11.907009"><ele>85.5</ele></trkpt>
   <trkpt lat="51.459772" lon="11.9065"><ele>86.25</ele></trkpt>
   <trkpt lat="51.459895" lon="11.905908"><ele>86.25</ele></trkpt>
   <trkpt lat="51.460035" lon="11.905072"><ele>87</ele></trkpt>
   <trkpt lat="51.460084" lon="11.904746"><ele>87.5</ele></trkpt>
   <trkpt lat="51.460168" lon="11.904081"><ele>88</ele></trkpt>
   <trkpt lat="51.460195" lon="11.903782"><ele>88</ele></trkpt>
   <trkpt lat="51.460238" lon="11.903157"><ele>87.75</ele></trkpt>
   <trkpt lat="51.460261" lon="11.902523"><ele>87</ele></trkpt>
   <trkpt lat="51.46035" lon="11.899286"><ele>87.25</ele></trkpt>
   <trkpt lat="51.460409" lon="11.898176"><ele>87.5</ele></trkpt>
   <trkpt lat="51.460465" lon="11.896877"><ele>88.25</ele></trkpt>
   <trkpt lat="51.46051" lon="11.895172"><ele>87.75</ele></trkpt>
   <trkpt lat="51.460543" lon="11.89423"><ele>88.25</ele></trkpt>
   <trkpt lat="51.460616" lon="11.89329"><ele>88</ele></trkpt>
   <trkpt lat="51.460647" lon="11.892905"><ele>87.75</ele></trkpt>
   <trkpt lat="51.460672" lon="11.892428"><ele>87.75</ele></trkpt>
   <trkpt lat="51.46071" lon="11.891266"><ele>87.5</ele></trkpt>
   <trkpt lat="51.460729" lon="11.890952"><ele>87.5</ele></trkpt>
   <trkpt lat="51.460804" lon="11.890102"><ele>87.75</ele></trkpt>
   <trkpt lat="51.460857" lon="11.889687"><ele>88.25</ele></trkpt>
   <trkpt lat="51.460923" lon="11.889243"><ele>88.75</ele></trkpt>
   <trkpt lat="51.460988" lon="11.888875"><ele>89</ele></trkpt>
   <trkpt lat="51.46114" lon="11.888119"><ele>89</ele></trkpt>
   <trkpt lat="51.461251" lon="11.887574"><ele>89.25</ele></trkpt>
   <trkpt lat="51.461261" lon="11.887525"><ele>89.25</ele></trkpt>
   <trkpt lat="51.461315" lon="11.887265"><ele>89.5</ele></trkpt>
   <trkpt lat="51.461506" lon="11.886346"><ele>90.5</ele></trkpt>
   <trkpt lat="51.462502" lon="11.881564"><ele>94.75</ele></trkpt>
   <trkpt lat="51.462564" lon="11.88128"><ele>94.75</ele></trkpt>
   <trkpt lat="51.463719" lon="11.875693"><ele>98</ele></trkpt>
   <trkpt lat="51.463747" lon="11.875566"><ele>98</ele></trkpt>
   <trkpt lat="51.463928" lon="11.874712"><ele>99</ele></trkpt>
   <trkpt lat="51.4641" lon="11.873963"><ele>99.75</ele></trkpt>
   <trkpt lat="51.464275" lon="11.873321"><ele>100</ele></trkpt>
   <trkpt lat="51.464293" lon="11.873252"><ele>100</ele></trkpt>
   <trkpt lat="51.464571" lon="11.872415"><ele>101.5</ele></trkpt>
   <trkpt lat="51.464904" lon="11.871584"><ele>102.25</ele></trkpt>
   <trkpt lat="51.464977" lon="11.871412"><ele>103</ele></trkpt>
   <trkpt lat="51.467079" lon="11.866631"><ele>108</ele></trkpt>
   <trkpt lat="51.467363" lon="11.865911"><ele>108</ele></trkpt>
   <trkpt lat="51.467594" lon="11.865205"><ele>108.25</ele></trkpt>
   <trkpt lat="51.467811" lon="11.864405"><ele>110.5</ele></trkpt>
   <trkpt lat="51.467916" lon="11.86392"><ele>111.75</ele></trkpt>
   <trkpt lat="51.467973" lon="11.8636"><ele>112.75</ele></trkpt>
   <trkpt lat="51.468063" lon="11.863082"><ele>114</ele></trkpt>
   <trkpt lat="51.468131" lon="11.862604"><ele>115</ele></trkpt>
   <trkpt lat="51.468176" lon="11.862165"><ele>115.5</ele></trkpt>
   <trkpt lat="51.468211" lon="11.861693"><ele>115.75</ele></trkpt>
   <trkpt lat="51.468237" lon="11.861166"><ele>116.5</ele></trkpt>
   <trkpt lat="51.468245" lon="11.860284"><ele>117.5</ele></trkpt>
   <trkpt lat="51.468229" lon="11.859267"><ele>119.75</ele></trkpt>
   <trkpt lat="51.468178" lon="11.857128"><ele>124.5</ele></trkpt>
   <trkpt lat="51.468115" lon="11.855088"><ele>126.25</ele></trkpt>
   <trkpt lat="51.467837" lon="11.84318"><ele>125</ele></trkpt>
   <trkpt lat="51.467809" lon="11.842585"><ele>124.25</ele></trkpt>
   <trkpt lat="51.467767" lon="11.84202"><ele>124.25</ele></trkpt>
   <trkpt lat="51.467605" lon="11.840821"><ele>123</ele></trkpt>
   <trkpt lat="51.465924" lon="11.833116"><ele>111.75</ele></trkpt>
   <trkpt lat="51.465901" lon="11.833024"><ele>111.5</ele></trkpt>
   <trkpt lat="51.465773" lon="11.832406"><ele>109.75</ele></trkpt>
   <trkpt lat="51.465629" lon="11.831546"><ele>108.25</ele></trkpt>
   <trkpt lat="51.465531" lon="11.830698"><ele>107.5</ele></trkpt>
   <trkpt lat="51.465502" lon="11.829729"><ele>106.25</ele></trkpt>
   <trkpt lat="51.465498" lon="11.829226"><ele>105.5</ele></trkpt>
   <trkpt lat="51.465507" lon="11.828561"><ele>105</ele></trkpt>
   <trkpt lat="51.465706" lon="11.820694"><ele>97.75</ele></trkpt>
   <trkpt lat="51.465715" lon="11.820327"><ele>97.75</ele></trkpt>
   <trkpt lat="51.46573" lon="11.819722"><ele>97.5</ele></trkpt>
   <trkpt lat="51.465974" lon="11.810406"><ele>94.25</ele></trkpt>
   <trkpt lat="51.465977" lon="11.810297"><ele>94.25</ele></trkpt>
   <trkpt lat="51.466238" lon="11.800021"><ele>100.5</ele></trkpt>
   <trkpt lat="51.466244" lon="11.799783"><ele>100.5</ele></trkpt>
   <trkpt lat="51.466263" lon="11.798651"><ele>100.75</ele></trkpt>
   <trkpt lat="51.466256" lon="11.797905"><ele>101.5</ele></trkpt>
   <trkpt lat="51.466232" lon="11.797245"><ele>102</ele></trkpt>
   <trkpt lat="51.466217" lon="11.796894"><ele>102</ele></trkpt>
   <trkpt lat="51.466209" lon="11.796463"><ele>102.25</ele></trkpt>
   <trkpt lat="51.466174" lon="11.795948"><ele>103.25</ele></trkpt>
   <trkpt lat="51.466155" lon="11.795774"><ele>103.5</ele></trkpt>
   <trkpt lat="51.466096" lon="11.795256"><ele>104</ele></trkpt>
   <trkpt lat="51.464533" lon="11.783817"><ele>104.75</ele></trkpt>
   <trkpt lat="51.464512" lon="11.783671"><ele>105</ele></trkpt>
   <trkpt lat="51.464504" lon="11.783607"><ele>105</ele></trkpt>
   <trkpt lat="51.46438" lon="11.782707"><ele>105.5</ele></trkpt>
   <trkpt lat="51.464134" lon="11.780918"><ele>105</ele></trkpt>
   <trkpt lat="51.46315" lon="11.773851"><ele>107.75</ele></trkpt>
   <trkpt lat="51.4629" lon="11.771553"><ele>106.25</ele></trkpt>
   <trkpt lat="51.462212" lon="11.764659"><ele>106.25</ele></trkpt>
   <trkpt lat="51.461834" lon="11.760588"><ele>104.5</ele></trkpt>
   <trkpt lat="51.461745" lon="11.75877"><ele>103.75</ele></trkpt>
   <trkpt lat="51.461689" lon="11.75729"><ele>102.75</ele></trkpt>
   <trkpt lat="51.461688" lon="11.755768"><ele>103.75</ele></trkpt>
   <trkpt lat="51.461706" lon="11.754386"><ele>102.75</ele></trkpt>
   <trkpt lat="51.461826" lon="11.752285"><ele>99.75</ele></trkpt>
   <trkpt lat="51.461844" lon="11.752001"><ele>99.25</ele></trkpt>
   <trkpt lat="51.461973" lon="11.750176"><ele>97.5</ele></trkpt>
   <trkpt lat="51.462168" lon="11.74856"><ele>99.5</ele></trkpt>
   <trkpt lat="51.462285" lon="11.747687"><ele>100.75</ele></trkpt>
   <trkpt lat="51.46238" lon="11.747106"><ele>101.25</ele></trkpt>
   <trkpt lat="51.462532" lon="11.746176"><ele>101.25</ele></trkpt>
   <trkpt lat="51.462629" lon="11.745628"><ele>101</ele></trkpt>
   <trkpt lat="51.462779" lon="11.744895"><ele>100</ele></trkpt>
   <trkpt lat="51.464036" lon="11.738356"><ele>95.75</ele></trkpt>
   <trkpt lat="51.464148" lon="11.737698"><ele>96.5</ele></trkpt>
   <trkpt lat="51.464235" lon="11.737004"><ele>96.5</ele></trkpt>
   <trkpt lat="51.464286" lon="11.736337"><ele>96</ele></trkpt>
   <trkpt lat="51.464302" lon="11.735594"><ele>95.75</ele></trkpt>
   <trkpt lat="51.464297" lon="11.735083"><ele>95.75</ele></trkpt>
   <trkpt lat="51.464284" lon="11.734548"><ele>95.5</ele></trkpt>
   <trkpt lat="51.464253" lon="11.733992"><ele>95.25</ele></trkpt>
   <trkpt lat="51.464202" lon="11.73343"><ele>95.5</ele></trkpt>
   <trkpt lat="51.463703" lon="11.729966"><ele>94</ele></trkpt>
   <trkpt lat="51.463366" lon="11.72771"><ele>95</ele></trkpt>
   <trkpt lat="51.463243" lon="11.726676"><ele>94.75</ele></trkpt>
   <trkpt lat="51.463202" lon="11.726161"><ele>94.75</ele></trkpt>
   <trkpt lat="51.463171" lon="11.725392"><ele>95</ele></trkpt>
   <trkpt lat="51.463175" lon="11.724608"><ele>95.5</ele></trkpt>
   <trkpt lat="51.463244" lon="11.723396"><ele>95.75</ele></trkpt>
   <trkpt lat="51.463443" lon="11.721186"><ele>94</ele></trkpt>
   <trkpt lat="51.463629" lon="11.719283"><ele>93.25</ele></trkpt>
   <trkpt lat="51.464501" lon="11.710325"><ele>93.75</ele></trkpt>
   <trkpt lat="51.464822" lon="11.707002"><ele>93</ele></trkpt>
   <trkpt lat="51.464894" lon="11.706128"><ele>93.75</ele></trkpt>
   <trkpt lat="51.464953" lon="11.70522"><ele>94</ele></trkpt>
   <trkpt lat="51.46498" lon="11.704382"><ele>94</ele></trkpt>
   <trkpt lat="51.465" lon="11.703331"><ele>94</ele></trkpt>
   <trkpt lat="51.464989" lon="11.702451"><ele>94</ele></trkpt>
   <trkpt lat="51.464931" lon="11.701266"><ele>94.5</ele></trkpt>
   <trkpt lat="51.464833" lon="11.700185"><ele>95</ele></trkpt>
   <trkpt lat="51.46469" lon="11.699"><ele>95</ele></trkpt>
   <trkpt lat="51.464522" lon="11.697854"><ele>95</ele></trkpt>
   <trkpt lat="51.464333" lon="11.696875"><ele>94.5</ele></trkpt>
   <trkpt lat="51.464076" lon="11.695699"><ele>94</ele></trkpt>
   <trkpt lat="51.463885" lon="11.694906"><ele>94.25</ele></trkpt>
   <trkpt lat="51.463644" lon="11.694079"><ele>94.25</ele></trkpt>
   <trkpt lat="51.463437" lon="11.693425"><ele>94.75</ele></trkpt>
   <trkpt lat="51.461222" lon="11.686633"><ele>91.5</ele></trkpt>
   <trkpt lat="51.460907" lon="11.685677"><ele>92</ele></trkpt>
   <trkpt lat="51.460724" lon="11.685094"><ele>91.5</ele></trkpt>
   <trkpt lat="51.460488" lon="11.684299"><ele>92.25</ele></trkpt>
   <trkpt lat="51.460245" lon="11.683375"><ele>93</ele></trkpt>
   <trkpt lat="51.460124" lon="11.682821"><ele>93.5</ele></trkpt>
   <trkpt lat="51.460003" lon="11.682114"><ele>93.75</ele></trkpt>
   <trkpt lat="51.459909" lon="11.681507"><ele>93.75</ele></trkpt>
   <trkpt lat="51.459829" lon="11.68083"><ele>92.75</ele></trkpt>
   <trkpt lat="51.459778" lon="11.68022"><ele>93</ele></trkpt>
   <trkpt lat="51.459751" lon="11.679577"><ele>93</ele></trkpt>
   <trkpt lat="51.459737" lon="11.678932"><ele>93</ele></trkpt>
   <trkpt lat="51.459743" lon="11.678362"><ele>93</ele></trkpt>
   <trkpt lat="51.459769" lon="11.677694"><ele>93.75</ele></trkpt>
   <trkpt lat="51.459813" lon="11.677029"><ele>94.25</ele></trkpt>
   <trkpt lat="51.459874" lon="11.676395"><ele>94.25</ele></trkpt>
   <trkpt lat="51.459956" lon="11.675762"><ele>93.75</ele></trkpt>
   <trkpt lat="51.460013" lon="11.675386"><ele>93.75</ele></trkpt>
   <trkpt lat="51.460135" lon="11.674718"><ele>93.25</ele></trkpt>
   <trkpt lat="51.46033" lon="11.673867"><ele>93</ele></trkpt>
   <trkpt lat="51.460451" lon="11.673398"><ele>93</ele></trkpt>
   <trkpt lat="51.460578" lon="11.672956"><ele>93.25</ele></trkpt>
   <trkpt lat="51.460743" lon="11.672335"><ele>94</ele></trkpt>
   <trkpt lat="51.460855" lon="11.671966"><ele>94.5</ele></trkpt>
   <trkpt lat="51.461041" lon="11.67147"><ele>95</ele></trkpt>
   <trkpt lat="51.461238" lon="11.671004"><ele>96</ele></trkpt>
   <trkpt lat="51.461532" lon="11.670374"><ele>96.5</ele></trkpt>
   <trkpt lat="51.461653" lon="11.670117"><ele>96.75</ele></trkpt>
   <trkpt lat="51.462181" lon="11.668911"><ele>96.25</ele></trkpt>
   <trkpt lat="51.462393" lon="11.668432"><ele>96</ele></trkpt>
   <trkpt lat="51.462576" lon="11.668026"><ele>96.25</ele></trkpt>
   <trkpt lat="51.462775" lon="11.66758"><ele>96.25</ele></trkpt>
   <trkpt lat="51.462862" lon="11.667401"><ele>96</ele></trkpt>
   <trkpt lat="51.462966" lon="11.667213"><ele>95.75</ele></trkpt>
   <trkpt lat="51.463192" lon="11.666711"><ele>95.25</ele></trkpt>
   <trkpt lat="51.463821" lon="11.665582"><ele>94.75</ele></trkpt>
   <trkpt lat="51.46412" lon="11.665007"><ele>94</ele></trkpt>
   <trkpt lat="51.464335" lon="11.664541"><ele>94</ele></trkpt>
   <trkpt lat="51.464836" lon="11.663174"><ele>95</ele></trkpt>
   <trkpt lat="51.465017" lon="11.662642"><ele>95.75</ele></trkpt>
   <trkpt lat="51.465105" lon="11.662323"><ele>96</ele></trkpt>
   <trkpt lat="51.465176" lon="11.66203"><ele>96</ele></trkpt>
   <trkpt lat="51.465327" lon="11.661425"><ele>96</ele></trkpt>
   <trkpt lat="51.465394" lon="11.661117"><ele>96.25</ele></trkpt>
   <trkpt lat="51.465499" lon="11.660568"><ele>96.5</ele></trkpt>
   <trkpt lat="51.465606" lon="11.660138"><ele>96.5</ele></trkpt>
   <trkpt lat="51.465779" lon="11.659443"><ele>96.75</ele></trkpt>
   <trkpt lat="51.465921" lon="11.65883"><ele>97</ele></trkpt>
   <trkpt lat="51.465965" lon="11.658579"><ele>97.25</ele></trkpt>
   <trkpt lat="51.466147" lon="11.657798"><ele>97</ele></trkpt>
   <trkpt lat="51.466275" lon="11.657067"><ele>96.75</ele></trkpt>
   <trkpt lat="51.46649" lon="11.655835"><ele>97</ele></trkpt>
   <trkpt lat="51.466696" lon="11.654872"><ele>97</ele></trkpt>
   <trkpt lat="51.468582" lon="11.643991"><ele>104.5</ele></trkpt>
   <trkpt lat="51.468843" lon="11.642371"><ele>105.25</ele></trkpt>
   <trkpt lat="51.468964" lon="11.641382"><ele>105</ele></trkpt>
   <trkpt lat="51.469016" lon="11.640595"><ele>105</ele></trkpt>
   <trkpt lat="51.469031" lon="11.639862"><ele>105.25</ele></trkpt>
   <trkpt lat="51.469005" lon="11.639104"><ele>106</ele></trkpt>
   <trkpt lat="51.468906" lon="11.637941"><ele>106.5</ele></trkpt>
   <trkpt lat="51.468721" lon="11.636695"><ele>107.25</ele></trkpt>
   <trkpt lat="51.468624" lon="11.636072"><ele>107.5</ele></trkpt>
   <trkpt lat="51.468375" lon="11.634564"><ele>109</ele></trkpt>
   <trkpt lat="51.468278" lon="11.633894"><ele>109</ele></trkpt>
   <trkpt lat="51.468188" lon="11.633123"><ele>109</ele></trkpt>
   <trkpt lat="51.468128" lon="11.632314"><ele>108</ele></trkpt>
   <trkpt lat="51.468094" lon="11.631512"><ele>107.75</ele></trkpt>
   <trkpt lat="51.468088" lon="11.630711"><ele>107.5</ele></trkpt>
   <trkpt lat="51.46809" lon="11.630445"><ele>107.25</ele></trkpt>
   <trkpt lat="51.468123" lon="11.629552"><ele>107.25</ele></trkpt>
   <trkpt lat="51.46819" lon="11.628704"><ele>107.25</ele></trkpt>
   <trkpt lat="51.4683" lon="11.627821"><ele>107.5</ele></trkpt>
   <trkpt lat="51.468503" lon="11.62659"><ele>108.5</ele></trkpt>
   <trkpt lat="51.468642" lon="11.625945"><ele>109.5</ele></trkpt>
   <trkpt lat="51.468854" lon="11.625165"><ele>110.25</ele></trkpt>
   <trkpt lat="51.469149" lon="11.624228"><ele>111.75</ele></trkpt>
   <trkpt lat="51.469537" lon="11.623176"><ele>111.5</ele></trkpt>
   <trkpt lat="51.471021" lon="11.619413"><ele>120.5</ele></trkpt>
   <trkpt lat="51.474103" lon="11.611626"><ele>122.5</ele></trkpt>
   <trkpt lat="51.476226" lon="11.606255"><ele>130</ele></trkpt>
   <trkpt lat="51.476645" lon="11.605264"><ele>130</ele></trkpt>
   <trkpt lat="51.477595" lon="11.603198"><ele>131.25</ele></trkpt>
   <trkpt lat="51.482124" lon="11.593473"><ele>134.25</ele></trkpt>
   <trkpt lat="51.482739" lon="11.592286"><ele>133.75</ele></trkpt>
   <trkpt lat="51.48338" lon="11.591149"><ele>132.5</ele></trkpt>
   <trkpt lat="51.487257" lon="11.584776"><ele>136.25</ele></trkpt>
   <trkpt lat="51.488066" lon="11.583414"><ele>140.75</ele></trkpt>
   <trkpt lat="51.489644" lon="11.580844"><ele>141.5</ele></trkpt>
   <trkpt lat="51.489778" lon="11.580636"><ele>141.75</ele></trkpt>
   <trkpt lat="51.49188" lon="11.57712"><ele>143</ele></trkpt>
   <trkpt lat="51.493196" lon="11.574885"><ele>148</ele></trkpt>
   <trkpt lat="51.494047" lon="11.573489"><ele>149.75</ele></trkpt>
   <trkpt lat="51.494442" lon="11.572792"><ele>148.75</ele></trkpt>
   <trkpt lat="51.496079" lon="11.570126"><ele>147.75</ele></trkpt>
   <trkpt lat="51.496473" lon="11.569537"><ele>149</ele></trkpt>
   <trkpt lat="51.496953" lon="11.568921"><ele>149.5</ele></trkpt>
   <trkpt lat="51.497392" lon="11.568451"><ele>149</ele></trkpt>
   <trkpt lat="51.497734" lon="11.568114"><ele>148</ele></trkpt>
   <trkpt lat="51.498018" lon="11.56786"><ele>147.5</ele></trkpt>
   <trkpt lat="51.498682" lon="11.567357"><ele>148.5</ele></trkpt>
   <trkpt lat="51.499015" lon="11.567147"><ele>149.75</ele></trkpt>
   <trkpt lat="51.499399" lon="11.566937"><ele>150.5</ele></trkpt>
   <trkpt lat="51.499857" lon="11.566723"><ele>150</ele></trkpt>
   <trkpt lat="51.502308" lon="11.5657"><ele>157.5</ele></trkpt>
   <trkpt lat="51.502693" lon="11.56555"><ele>158.5</ele></trkpt>
   <trkpt lat="51.50548" lon="11.564384"><ele>149.75</ele></trkpt>
   <trkpt lat="51.510124" lon="11.562453"><ele>162.25</ele></trkpt>
   <trkpt lat="51.510686" lon="11.562183"><ele>163.75</ele></trkpt>
   <trkpt lat="51.511172" lon="11.561909"><ele>164.25</ele></trkpt>
   <trkpt lat="51.51177" lon="11.561525"><ele>164.25</ele></trkpt>
   <trkpt lat="51.512252" lon="11.561159"><ele>164.5</ele></trkpt>
   <trkpt lat="51.512894" lon="11.560613"><ele>164</ele></trkpt>
   <trkpt lat="51.513159" lon="11.560364"><ele>163.75</ele></trkpt>
   <trkpt lat="51.51352" lon="11.559999"><ele>163.75</ele></trkpt>
   <trkpt lat="51.513954" lon="11.559519"><ele>164.5</ele></trkpt>
   <trkpt lat="51.514542" lon="11.558788"><ele>163.5</ele></trkpt>
   <trkpt lat="51.514749" lon="11.558486"><ele>163</ele></trkpt>
   <trkpt lat="51.515006" lon="11.558042"><ele>162.25</ele></trkpt>
   <trkpt lat="51.515164" lon="11.557793"><ele>162</ele></trkpt>
   <trkpt lat="51.515228" lon="11.557694"><ele>162</ele></trkpt>
   <trkpt lat="51.515398" lon="11.557405"><ele>162.25</ele></trkpt>
   <trkpt lat="51.51556" lon="11.557112"><ele>162.5</ele></trkpt>
   <trkpt lat="51.51574" lon="11.556729"><ele>163.75</ele></trkpt>
   <trkpt lat="51.515995" lon="11.556209"><ele>165.25</ele></trkpt>
   <trkpt lat="51.51654" lon="11.555069"><ele>168.75</ele></trkpt>
   <trkpt lat="51.516853" lon="11.554304"><ele>170</ele></trkpt>
   <trkpt lat="51.518643" lon="11.549757"><ele>171.25</ele></trkpt>
   <trkpt lat="51.518808" lon="11.549318"><ele>171</ele></trkpt>
   <trkpt lat="51.519041" lon="11.548643"><ele>170.5</ele></trkpt>
   <trkpt lat="51.519141" lon="11.54835"><ele>170</ele></trkpt>
   <trkpt lat="51.519245" lon="11.54794"><ele>170.5</ele></trkpt>
   <trkpt lat="51.51931" lon="11.547704"><ele>170.75</ele></trkpt>
   <trkpt lat="51.519471" lon="11.54719"><ele>171</ele></trkpt>
   <trkpt lat="51.51953" lon="11.546974"><ele>171</ele></trkpt>
   <trkpt lat="51.519592" lon="11.546707"><ele>171.25</ele></trkpt>
   <trkpt lat="51.519612" lon="11.546634"><ele>171.5</ele></trkpt>
   <trkpt lat="51.519648" lon="11.54646"><ele>171.75</ele></trkpt>
   <trkpt lat="51.519729" lon="11.54609"><ele>171.75</ele></trkpt>
   <trkpt lat="51.519816" lon="11.545661"><ele>172</ele></trkpt>
   <trkpt lat="51.519854" lon="11.545443"><ele>172</ele></trkpt>
   <trkpt lat="51.51996" lon="11.544726"><ele>172.25</ele></trkpt>
   <trkpt lat="51.520056" lon="11.543831"><ele>173.25</ele></trkpt>
   <trkpt lat="51.5201" lon="11.543313"><ele>173.75</ele></trkpt>
   <trkpt lat="51.520216" lon="11.542036"><ele>176</ele></trkpt>
   <trkpt lat="51.520338" lon="11.540861"><ele>176.75</ele></trkpt>
   <trkpt lat="51.520474" lon="11.539714"><ele>177</ele></trkpt>
   <trkpt lat="51.520812" lon="11.536849"><ele>180.5</ele></trkpt>
   <trkpt lat="51.521024" lon="11.535126"><ele>182.75</ele></trkpt>
   <trkpt lat="51.522015" lon="11.526823"><ele>188.5</ele></trkpt>
   <trkpt lat="51.522023" lon="11.526758"><ele>188.5</ele></trkpt>
   <trkpt lat="51.522035" lon="11.526668"><ele>188.5</ele></trkpt>
   <trkpt lat="51.522135" lon="11.525766"><ele>189.25</ele></trkpt>
   <trkpt lat="51.522176" lon="11.525219"><ele>190</ele></trkpt>
   <trkpt lat="51.522189" lon="11.524917"><ele>190.25</ele></trkpt>
   <trkpt lat="51.522196" lon="11.524533"><ele>190</ele></trkpt>
   <trkpt lat="51.52219" lon="11.524232"><ele>189.75</ele></trkpt>
   <trkpt lat="51.522182" lon="11.523976"><ele>189.75</ele></trkpt>
   <trkpt lat="51.522153" lon="11.523553"><ele>190.25</ele></trkpt>
   <trkpt lat="51.522104" lon="11.523105"><ele>190</ele></trkpt>
   <trkpt lat="51.522051" lon="11.522739"><ele>189</ele></trkpt>
   <trkpt lat="51.521997" lon="11.522431"><ele>188.25</ele></trkpt>
   <trkpt lat="51.521931" lon="11.522106"><ele>187.25</ele></trkpt>
   <trkpt lat="51.521831" lon="11.521716"><ele>186.5</ele></trkpt>
   <trkpt lat="51.521701" lon="11.521269"><ele>187</ele></trkpt>
   <trkpt lat="51.521645" lon="11.521104"><ele>187.25</ele></trkpt>
   <trkpt lat="51.521524" lon="11.520784"><ele>187.25</ele></trkpt>
   <trkpt lat="51.52138" lon="11.520449"><ele>187.5</ele></trkpt>
   <trkpt lat="51.521248" lon="11.520177"><ele>188</ele></trkpt>
   <trkpt lat="51.521103" lon="11.519908"><ele>188</ele></trkpt>
   <trkpt lat="51.520944" lon="11.519637"><ele>187.5</ele></trkpt>
   <trkpt lat="51.520767" lon="11.519372"><ele>188.25</ele></trkpt>
   <trkpt lat="51.520469" lon="11.518967"><ele>191.25</ele></trkpt>
   <trkpt lat="51.520272" lon="11.518738"><ele>193</ele></trkpt>
   <trkpt lat="51.519946" lon="11.518407"><ele>196</ele></trkpt>
   <trkpt lat="51.519804" lon="11.518285"><ele>197</ele></trkpt>
   <trkpt lat="51.519445" lon="11.518024"><ele>198.5</ele></trkpt>
   <trkpt lat="51.519033" lon="11.517797"><ele>201</ele></trkpt>
   <trkpt lat="51.518647" lon="11.517653"><ele>203.25</ele></trkpt>
   <trkpt lat="51.518426" lon="11.517597"><ele>205</ele></trkpt>
   <trkpt lat="51.518162" lon="11.517556"><ele>206.5</ele></trkpt>
   <trkpt lat="51.517954" lon="11.51754"><ele>207.75</ele></trkpt>
   <trkpt lat="51.517736" lon="11.517542"><ele>209</ele></trkpt>
   <trkpt lat="51.517407" lon="11.517565"><ele>210.5</ele></trkpt>
   <trkpt lat="51.516379" lon="11.517727"><ele>210</ele></trkpt>
   <trkpt lat="51.516191" lon="11.517753"><ele>209.5</ele></trkpt>
   <trkpt lat="51.51598" lon="11.517765"><ele>208.75</ele></trkpt>
   <trkpt lat="51.515619" lon="11.517748"><ele>205.25</ele></trkpt>
   <trkpt lat="51.515465" lon="11.517727"><ele>203</ele></trkpt>
   <trkpt lat="51.515311" lon="11.517692"><ele>200.75</ele></trkpt>
   <trkpt lat="51.51501" lon="11.517592"><ele>196</ele></trkpt>
   <trkpt lat="51.514644" lon="11.517416"><ele>194</ele></trkpt>
   <trkpt lat="51.514342" lon="11.517229"><ele>192.5</ele></trkpt>
   <trkpt lat="51.514013" lon="11.516974"><ele>190.5</ele></trkpt>
   <trkpt lat="51.513693" lon="11.516665"><ele>188.5</ele></trkpt>
   <trkpt lat="51.513388" lon="11.516306"><ele>189.5</ele></trkpt>
   <trkpt lat="51.513112" lon="11.515916"><ele>190.75</ele></trkpt>
   <trkpt lat="51.51298" lon="11.515698"><ele>191</ele></trkpt>
   <trkpt lat="51.512836" lon="11.515436"><ele>191.75</ele></trkpt>
   <trkpt lat="51.512619" lon="11.514988"><ele>192.75</ele></trkpt>
   <trkpt lat="51.512427" lon="11.514502"><ele>194.25</ele></trkpt>
   <trkpt lat="51.512324" lon="11.514206"><ele>195</ele></trkpt>
   <trkpt lat="51.512244" lon="11.513927"><ele>195.5</ele></trkpt>
   <trkpt lat="51.512157" lon="11.513593"><ele>196.25</ele></trkpt>
   <trkpt lat="51.51205" lon="11.513076"><ele>197.5</ele></trkpt>
   <trkpt lat="51.511999" lon="11.512781"><ele>198.25</ele></trkpt>
   <trkpt lat="51.511966" lon="11.512527"><ele>198.75</ele></trkpt>
   <trkpt lat="51.511926" lon="11.512144"><ele>199.5</ele></trkpt>
   <trkpt lat="51.511901" lon="11.511763"><ele>200.5</ele></trkpt>
   <trkpt lat="51.511889" lon="11.511224"><ele>201.5</ele></trkpt>
   <trkpt lat="51.511918" lon="11.51049"><ele>202.75</ele></trkpt>
   <trkpt lat="51.511981" lon="11.509924"><ele>203.25</ele></trkpt>
   <trkpt lat="51.512061" lon="11.509427"><ele>203</ele></trkpt>
   <trkpt lat="51.512152" lon="11.508989"><ele>202.75</ele></trkpt>
   <trkpt lat="51.512282" lon="11.508468"><ele>202.5</ele></trkpt>
   <trkpt lat="51.512422" lon="11.50796"><ele>201.75</ele></trkpt>
   <trkpt lat="51.512491" lon="11.507711"><ele>201.25</ele></trkpt>
   <trkpt lat="51.512499" lon="11.507681"><ele>201</ele></trkpt>
   <trkpt lat="51.512508" lon="11.507649"><ele>201</ele></trkpt>
   <trkpt lat="51.514005" lon="11.502334"><ele>200</ele></trkpt>
   <trkpt lat="51.514105" lon="11.501984"><ele>201.5</ele></trkpt>
   <trkpt lat="51.515642" lon="11.49652"><ele>217.25</ele></trkpt>
   <trkpt lat="51.516905" lon="11.491997"><ele>217.25</ele></trkpt>
   <trkpt lat="51.517257" lon="11.490722"><ele>214.75</ele></trkpt>
   <trkpt lat="51.517717" lon="11.489136"><ele>212</ele></trkpt>
   <trkpt lat="51.519095" lon="11.484254"><ele>222.5</ele></trkpt>
   <trkpt lat="51.519953" lon="11.481208"><ele>231.25</ele></trkpt>
   <trkpt lat="51.521706" lon="11.47496"><ele>229.5</ele></trkpt>
   <trkpt lat="51.521826" lon="11.474512"><ele>230.75</ele></trkpt>
   <trkpt lat="51.521927" lon="11.474085"><ele>232</ele></trkpt>
   <trkpt lat="51.522026" lon="11.47362"><ele>232.75</ele></trkpt>
   <trkpt lat="51.522134" lon="11.472976"><ele>234</ele></trkpt>
   <trkpt lat="51.522192" lon="11.472539"><ele>234.75</ele></trkpt>
   <trkpt lat="51.522236" lon="11.472098"><ele>235.25</ele></trkpt>
   <trkpt lat="51.522271" lon="11.471655"><ele>235.75</ele></trkpt>
   <trkpt lat="51.522291" lon="11.471216"><ele>236</ele></trkpt>
   <trkpt lat="51.522301" lon="11.470492"><ele>236.75</ele></trkpt>
   <trkpt lat="51.522294" lon="11.470042"><ele>237.75</ele></trkpt>
   <trkpt lat="51.522275" lon="11.469538"><ele>237.5</ele></trkpt>
   <trkpt lat="51.522225" lon="11.468852"><ele>238.25</ele></trkpt>
   <trkpt lat="51.522159" lon="11.46822"><ele>239.75</ele></trkpt>
   <trkpt lat="51.521918" lon="11.466443"><ele>241</ele></trkpt>
   <trkpt lat="51.520967" lon="11.459575"><ele>249.5</ele></trkpt>
   <trkpt lat="51.520863" lon="11.458959"><ele>249.5</ele></trkpt>
   <trkpt lat="51.520704" lon="11.458233"><ele>251.25</ele></trkpt>
   <trkpt lat="51.520509" lon="11.457519"><ele>251</ele></trkpt>
   <trkpt lat="51.520337" lon="11.457032"><ele>250.25</ele></trkpt>
   <trkpt lat="51.520122" lon="11.456526"><ele>249.25</ele></trkpt>
   <trkpt lat="51.519893" lon="11.456079"><ele>249</ele></trkpt>
   <trkpt lat="51.519791" lon="11.455871"><ele>248.75</ele></trkpt>
   <trkpt lat="51.519412" lon="11.455274"><ele>247.25</ele></trkpt>
   <trkpt lat="51.518988" lon="11.45474"><ele>248.5</ele></trkpt>
   <trkpt lat="51.518453" lon="11.454199"><ele>252</ele></trkpt>
   <trkpt lat="51.518235" lon="11.454014"><ele>252.75</ele></trkpt>
   <trkpt lat="51.518221" lon="11.454003"><ele>252.75</ele></trkpt>
   <trkpt lat="51.518091" lon="11.453893"><ele>253.25</ele></trkpt>
   <trkpt lat="51.517535" lon="11.453493"><ele>252.25</ele></trkpt>
   <trkpt lat="51.516563" lon="11.452849"><ele>255.25</ele></trkpt>
   <trkpt lat="51.516542" lon="11.452835"><ele>255.5</ele></trkpt>
   <trkpt lat="51.515721" lon="11.452277"><ele>258.25</ele></trkpt>
   <trkpt lat="51.515491" lon="11.452114"><ele>257.75</ele></trkpt>
   <trkpt lat="51.515299" lon="11.451953"><ele>256.75</ele></trkpt>
   <trkpt lat="51.515012" lon="11.451744"><ele>255</ele></trkpt>
   <trkpt lat="51.514919" lon="11.451682"><ele>254.5</ele></trkpt>
   <trkpt lat="51.514512" lon="11.451362"><ele>256.25</ele></trkpt>
   <trkpt lat="51.513841" lon="11.45084"><ele>259.75</ele></trkpt>
   <trkpt lat="51.513473" lon="11.450499"><ele>259</ele></trkpt>
   <trkpt lat="51.51327" lon="11.450269"><ele>257.5</ele></trkpt>
   <trkpt lat="51.513056" lon="11.45001"><ele>256.25</ele></trkpt>
   <trkpt lat="51.512853" lon="11.44973"><ele>258</ele></trkpt>
   <trkpt lat="51.512541" lon="11.449208"><ele>258</ele></trkpt>
   <trkpt lat="51.512299" lon="11.448717"><ele>259.25</ele></trkpt>
   <trkpt lat="51.51219" lon="11.448478"><ele>259.25</ele></trkpt>
   <trkpt lat="51.512004" lon="11.447975"><ele>259.75</ele></trkpt>
   <trkpt lat="51.511896" lon="11.447615"><ele>259.75</ele></trkpt>
   <trkpt lat="51.511767" lon="11.447122"><ele>259</ele></trkpt>
   <trkpt lat="51.511297" lon="11.444932"><ele>263.75</ele></trkpt>
   <trkpt lat="51.511153" lon="11.44411"><ele>264.5</ele></trkpt>
   <trkpt lat="51.511073" lon="11.443708"><ele>264.25</ele></trkpt>
   <trkpt lat="51.510867" lon="11.442812"><ele>265</ele></trkpt>
   <trkpt lat="51.510792" lon="11.442469"><ele>266.5</ele></trkpt>
   <trkpt lat="51.510714" lon="11.442167"><ele>268</ele></trkpt>
   <trkpt lat="51.510623" lon="11.441856"><ele>269</ele></trkpt>
   <trkpt lat="51.510608" lon="11.441811"><ele>269.25</ele></trkpt>
   <trkpt lat="51.510585" lon="11.44174"><ele>269.5</ele></trkpt>
   <trkpt lat="51.510437" lon="11.441324"><ele>271</ele></trkpt>
   <trkpt lat="51.510329" lon="11.441048"><ele>272.25</ele></trkpt>
   <trkpt lat="51.51018" lon="11.440712"><ele>273.5</ele></trkpt>
   <trkpt lat="51.510061" lon="11.440481"><ele>274</ele></trkpt>
   <trkpt lat="51.509847" lon="11.440086"><ele>276.5</ele></trkpt>
   <trkpt lat="51.509675" lon="11.439792"><ele>279.25</ele></trkpt>
   <trkpt lat="51.509496" lon="11.439467"><ele>282.25</ele></trkpt>
   <trkpt lat="51.509488" lon="11.439451"><ele>282.5</ele></trkpt>
   <trkpt lat="51.504135" lon="11.430167"><ele>287.5</ele></trkpt>
   <trkpt lat="51.504117" lon="11.430134"><ele>287.25</ele></trkpt>
   <trkpt lat="51.503859" lon="11.429664"><ele>286.75</ele></trkpt>
   <trkpt lat="51.503668" lon="11.429296"><ele>284.75</ele></trkpt>
   <trkpt lat="51.503353" lon="11.428649"><ele>277.25</ele></trkpt>
   <trkpt lat="51.503242" lon="11.428394"><ele>275</ele></trkpt>
   <trkpt lat="51.503149" lon="11.428138"><ele>274.5</ele></trkpt>
   <trkpt lat="51.503079" lon="11.427915"><ele>274</ele></trkpt>
   <trkpt lat="51.50295" lon="11.427457"><ele>272</ele></trkpt>
   <trkpt lat="51.502885" lon="11.42718"><ele>270.25</ele></trkpt>
   <trkpt lat="51.50283" lon="11.426948"><ele>268.25</ele></trkpt>
   <trkpt lat="51.502824" lon="11.426911"><ele>268</ele></trkpt>
   <trkpt lat="51.502735" lon="11.426436"><ele>265</ele></trkpt>
   <trkpt lat="51.502689" lon="11.426129"><ele>264</ele></trkpt>
   <trkpt lat="51.502623" lon="11.425547"><ele>262</ele></trkpt>
   <trkpt lat="51.502602" lon="11.425226"><ele>261.25</ele></trkpt>
   <trkpt lat="51.502587" lon="11.424824"><ele>260.5</ele></trkpt>
   <trkpt lat="51.502582" lon="11.424335"><ele>260</ele></trkpt>
   <trkpt lat="51.502592" lon="11.423823"><ele>259.75</ele></trkpt>
   <trkpt lat="51.502611" lon="11.42331"><ele>259.5</ele></trkpt>
   <trkpt lat="51.502652" lon="11.422815"><ele>260.5</ele></trkpt>
   <trkpt lat="51.502688" lon="11.42247"><ele>261</ele></trkpt>
   <trkpt lat="51.502987" lon="11.420206"><ele>260</ele></trkpt>
   <trkpt lat="51.50299" lon="11.420184"><ele>259.75</ele></trkpt>
   <trkpt lat="51.503148" lon="11.418931"><ele>256</ele></trkpt>
   <trkpt lat="51.503182" lon="11.418607"><ele>255.25</ele></trkpt>
   <trkpt lat="51.503236" lon="11.417811"><ele>254.25</ele></trkpt>
   <trkpt lat="51.503247" lon="11.417473"><ele>254.25</ele></trkpt>
   <trkpt lat="51.503242" lon="11.41679"><ele>255.25</ele></trkpt>
   <trkpt lat="51.503219" lon="11.416367"><ele>255.75</ele></trkpt>
   <trkpt lat="51.50318" lon="11.415944"><ele>256.25</ele></trkpt>
   <trkpt lat="51.503121" lon="11.415425"><ele>257</ele></trkpt>
   <trkpt lat="51.503072" lon="11.415093"><ele>257.5</ele></trkpt>
   <trkpt lat="51.502942" lon="11.414445"><ele>257.5</ele></trkpt>
   <trkpt lat="51.502787" lon="11.413873"><ele>256.5</ele></trkpt>
   <trkpt lat="51.502577" lon="11.413246"><ele>253.5</ele></trkpt>
   <trkpt lat="51.502452" lon="11.412926"><ele>252.5</ele></trkpt>
   <trkpt lat="51.502298" lon="11.412577"><ele>251.5</ele></trkpt>
   <trkpt lat="51.502139" lon="11.412254"><ele>250.5</ele></trkpt>
   <trkpt lat="51.501948" lon="11.411902"><ele>249.25</ele></trkpt>
   <trkpt lat="51.500756" lon="11.409853"><ele>248</ele></trkpt>
   <trkpt lat="51.500673" lon="11.4097"><ele>249.25</ele></trkpt>
   <trkpt lat="51.500432" lon="11.409214"><ele>251.5</ele></trkpt>
   <trkpt lat="51.500277" lon="11.408882"><ele>252</ele></trkpt>
   <trkpt lat="51.500119" lon="11.408508"><ele>251.5</ele></trkpt>
   <trkpt lat="51.499959" lon="11.408102"><ele>251.5</ele></trkpt>
   <trkpt lat="51.4998" lon="11.407662"><ele>251.5</ele></trkpt>
   <trkpt lat="51.499667" lon="11.407239"><ele>250.75</ele></trkpt>
   <trkpt lat="51.499555" lon="11.406836"><ele>249.25</ele></trkpt>
   <trkpt lat="51.499468" lon="11.406463"><ele>248.25</ele></trkpt>
   <trkpt lat="51.499352" lon="11.405864"><ele>246.75</ele></trkpt>
   <trkpt lat="51.499293" lon="11.405488"><ele>245.5</ele></trkpt>
   <trkpt lat="51.499243" lon="11.405105"><ele>244</ele></trkpt>
   <trkpt lat="51.499226" lon="11.404934"><ele>243.75</ele></trkpt>
   <trkpt lat="51.499171" lon="11.404372"><ele>244.5</ele></trkpt>
   <trkpt lat="51.49887" lon="11.400943"><ele>242.75</ele></trkpt>
   <trkpt lat="51.498808" lon="11.400348"><ele>240.75</ele></trkpt>
   <trkpt lat="51.498736" lon="11.399833"><ele>239.25</ele></trkpt>
   <trkpt lat="51.498639" lon="11.399313"><ele>238.5</ele></trkpt>
   <trkpt lat="51.498544" lon="11.398899"><ele>238.25</ele></trkpt>
   <trkpt lat="51.498437" lon="11.398507"><ele>238.5</ele></trkpt>
   <trkpt lat="51.498331" lon="11.398165"><ele>240</ele></trkpt>
   <trkpt lat="51.49822" lon="11.397847"><ele>241.5</ele></trkpt>
   <trkpt lat="51.498071" lon="11.397479"><ele>243</ele></trkpt>
   <trkpt lat="51.497919" lon="11.397144"><ele>244.25</ele></trkpt>
   <trkpt lat="51.49775" lon="11.396812"><ele>245.25</ele></trkpt>
   <trkpt lat="51.497581" lon="11.396506"><ele>246.5</ele></trkpt>
   <trkpt lat="51.497255" lon="11.396016"><ele>247.75</ele></trkpt>
   <trkpt lat="51.497061" lon="11.39577"><ele>247.25</ele></trkpt>
   <trkpt lat="51.49687" lon="11.395547"><ele>246.25</ele></trkpt>
   <trkpt lat="51.49663" lon="11.395291"><ele>244.5</ele></trkpt>
   <trkpt lat="51.496393" lon="11.395086"><ele>243.5</ele></trkpt>
   <trkpt lat="51.496125" lon="11.39487"><ele>242</ele></trkpt>
   <trkpt lat="51.495877" lon="11.394708"><ele>240.25</ele></trkpt>
   <trkpt lat="51.495652" lon="11.394576"><ele>241.25</ele></trkpt>
   <trkpt lat="51.495422" lon="11.394472"><ele>242.5</ele></trkpt>
   <trkpt lat="51.495042" lon="11.394329"><ele>244</ele></trkpt>
   <trkpt lat="51.494654" lon="11.394214"><ele>241</ele></trkpt>
   <trkpt lat="51.493321" lon="11.393854"><ele>228.25</ele></trkpt>
   <trkpt lat="51.493013" lon="11.393758"><ele>226.75</ele></trkpt>
   <trkpt lat="51.492711" lon="11.393632"><ele>225</ele></trkpt>
   <trkpt lat="51.492301" lon="11.39342"><ele>223.75</ele></trkpt>
   <trkpt lat="51.492164" lon="11.393332"><ele>223.25</ele></trkpt>
   <trkpt lat="51.49193" lon="11.393159"><ele>223.5</ele></trkpt>
   <trkpt lat="51.491612" lon="11.392873"><ele>223</ele></trkpt>
   <trkpt lat="51.491275" lon="11.392511"><ele>222.75</ele></trkpt>
   <trkpt lat="51.491052" lon="11.392238"><ele>223</ele></trkpt>
   <trkpt lat="51.49083" lon="11.391945"><ele>223.75</ele></trkpt>
   <trkpt lat="51.490632" lon="11.391652"><ele>226.75</ele></trkpt>
   <trkpt lat="51.48827" lon="11.388163"><ele>229</ele></trkpt>
   <trkpt lat="51.48825" lon="11.388132"><ele>229</ele></trkpt>
   <trkpt lat="51.487173" lon="11.386527"><ele>222.5</ele></trkpt>
   <trkpt lat="51.4863" lon="11.385242"><ele>220.5</ele></trkpt>
   <trkpt lat="51.486095" lon="11.384891"><ele>221.5</ele></trkpt>
   <trkpt lat="51.485785" lon="11.384319"><ele>222.25</ele></trkpt>
   <trkpt lat="51.485657" lon="11.384072"><ele>223.25</ele></trkpt>
   <trkpt lat="51.485479" lon="11.383684"><ele>224.25</ele></trkpt>
   <trkpt lat="51.485317" lon="11.383293"><ele>224</ele></trkpt>
   <trkpt lat="51.484681" lon="11.381709"><ele>221.75</ele></trkpt>
   <trkpt lat="51.484404" lon="11.380983"><ele>220.75</ele></trkpt>
   <trkpt lat="51.484067" lon="11.380129"><ele>218</ele></trkpt>
   <trkpt lat="51.48367" lon="11.379168"><ele>218.5</ele></trkpt>
   <trkpt lat="51.483496" lon="11.378814"><ele>218</ele></trkpt>
   <trkpt lat="51.483315" lon="11.378481"><ele>217.25</ele></trkpt>
   <trkpt lat="51.483137" lon="11.378188"><ele>216</ele></trkpt>
   <trkpt lat="51.482957" lon="11.377922"><ele>215.25</ele></trkpt>
   <trkpt lat="51.482762" lon="11.377662"><ele>214.5</ele></trkpt>
   <trkpt lat="51.482566" lon="11.377419"><ele>214</ele></trkpt>
   <trkpt lat="51.482316" lon="11.377138"><ele>214.25</ele></trkpt>
   <trkpt lat="51.482222" lon="11.377046"><ele>214.5</ele></trkpt>
   <trkpt lat="51.480351" lon="11.375344"><ele>212.5</ele></trkpt>
   <trkpt lat="51.480172" lon="11.375186"><ele>212.25</ele></trkpt>
   <trkpt lat="51.479808" lon="11.374858"><ele>214</ele></trkpt>
   <trkpt lat="51.479421" lon="11.374481"><ele>217</ele></trkpt>
   <trkpt lat="51.479013" lon="11.37406"><ele>218.75</ele></trkpt>
   <trkpt lat="51.478855" lon="11.373856"><ele>219</ele></trkpt>
   <trkpt lat="51.478573" lon="11.373463"><ele>219</ele></trkpt>
   <trkpt lat="51.47829" lon="11.373017"><ele>217.25</ele></trkpt>
   <trkpt lat="51.478153" lon="11.372775"><ele>216.5</ele></trkpt>
   <trkpt lat="51.478035" lon="11.372548"><ele>215.5</ele></trkpt>
   <trkpt lat="51.477864" lon="11.372189"><ele>214</ele></trkpt>
   <trkpt lat="51.477551" lon="11.37141"><ele>210</ele></trkpt>
   <trkpt lat="51.477426" lon="11.37102"><ele>208.5</ele></trkpt>
   <trkpt lat="51.477303" lon="11.370594"><ele>206.75</ele></trkpt>
   <trkpt lat="51.47719" lon="11.370108"><ele>204.5</ele></trkpt>
   <trkpt lat="51.477122" lon="11.369762"><ele>203.75</ele></trkpt>
   <trkpt lat="51.477043" lon="11.369312"><ele>203.75</ele></trkpt>
   <trkpt lat="51.476989" lon="11.368885"><ele>203.75</ele></trkpt>
   <trkpt lat="51.476949" lon="11.368441"><ele>203.5</ele></trkpt>
   <trkpt lat="51.476913" lon="11.36755"><ele>202.75</ele></trkpt>
   <trkpt lat="51.476925" lon="11.366883"><ele>202.75</ele></trkpt>
   <trkpt lat="51.476963" lon="11.366292"><ele>202</ele></trkpt>
   <trkpt lat="51.477077" lon="11.365421"><ele>200.5</ele></trkpt>
   <trkpt lat="51.477227" lon="11.364639"><ele>199</ele></trkpt>
   <trkpt lat="51.477506" lon="11.363609"><ele>196.75</ele></trkpt>
   <trkpt lat="51.477897" lon="11.362429"><ele>196</ele></trkpt>
   <trkpt lat="51.478264" lon="11.361352"><ele>196.25</ele></trkpt>
   <trkpt lat="51.478337" lon="11.361138"><ele>196.5</ele></trkpt>
   <trkpt lat="51.478987" lon="11.359203"><ele>194.5</ele></trkpt>
   <trkpt lat="51.48089" lon="11.353536"><ele>193.5</ele></trkpt>
   <trkpt lat="51.481058" lon="11.353037"><ele>194</ele></trkpt>
   <trkpt lat="51.481159" lon="11.352735"><ele>194.25</ele></trkpt>
   <trkpt lat="51.481719" lon="11.35107"><ele>194.5</ele></trkpt>
   <trkpt lat="51.482212" lon="11.349608"><ele>194</ele></trkpt>
   <trkpt lat="51.483352" lon="11.346217"><ele>188.75</ele></trkpt>
   <trkpt lat="51.484413" lon="11.34304"><ele>185.25</ele></trkpt>
   <trkpt lat="51.484564" lon="11.342531"><ele>185</ele></trkpt>
   <trkpt lat="51.484728" lon="11.341916"><ele>185</ele></trkpt>
   <trkpt lat="51.484877" lon="11.341277"><ele>184.5</ele></trkpt>
   <trkpt lat="51.48506" lon="11.340319"><ele>183.5</ele></trkpt>
   <trkpt lat="51.485199" lon="11.339342"><ele>183.75</ele></trkpt>
   <trkpt lat="51.485287" lon="11.338341"><ele>183.5</ele></trkpt>
   <trkpt lat="51.485333" lon="11.337257"><ele>182.75</ele></trkpt>
   <trkpt lat="51.48533" lon="11.336352"><ele>182</ele></trkpt>
   <trkpt lat="51.485292" lon="11.335497"><ele>180.75</ele></trkpt>
   <trkpt lat="51.485218" lon="11.334671"><ele>180</ele></trkpt>
   <trkpt lat="51.485119" lon="11.333854"><ele>179</ele></trkpt>
   <trkpt lat="51.484983" lon="11.333053"><ele>178.25</ele></trkpt>
   <trkpt lat="51.484814" lon="11.332244"><ele>177.25</ele></trkpt>
   <trkpt lat="51.48456" lon="11.331256"><ele>176</ele></trkpt>
   <trkpt lat="51.48325" lon="11.327076"><ele>173.25</ele></trkpt>
   <trkpt lat="51.482977" lon="11.32615"><ele>172</ele></trkpt>
   <trkpt lat="51.482769" lon="11.325228"><ele>170.75</ele></trkpt>
   <trkpt lat="51.482642" lon="11.32448"><ele>170.25</ele></trkpt>
   <trkpt lat="51.482528" lon="11.323473"><ele>169.75</ele></trkpt>
   <trkpt lat="51.482501" lon="11.323041"><ele>169.25</ele></trkpt>
   <trkpt lat="51.481787" lon="11.311613"><ele>161.5</ele></trkpt>
   <trkpt lat="51.481769" lon="11.31133"><ele>160.75</ele></trkpt>
   <trkpt lat="51.481754" lon="11.311054"><ele>160.25</ele></trkpt>
   <trkpt lat="51.481608" lon="11.308721"><ele>158</ele></trkpt>
   <trkpt lat="51.481596" lon="11.308506"><ele>158</ele></trkpt>
   <trkpt lat="51.481592" lon="11.308453"><ele>158</ele></trkpt>
   <trkpt lat="51.48149" lon="11.30676"><ele>161.5</ele></trkpt>
   <trkpt lat="51.481466" lon="11.306365"><ele>162</ele></trkpt>
   <trkpt lat="51.481434" lon="11.305842"><ele>162.75</ele></trkpt>
   <trkpt lat="51.481332" lon="11.304254"><ele>162.5</ele></trkpt>
   <trkpt lat="51.481325" lon="11.304156"><ele>162.5</ele></trkpt>
   <trkpt lat="51.481214" lon="11.302981"><ele>161.5</ele></trkpt>
   <trkpt lat="51.481186" lon="11.30276"><ele>161.25</ele></trkpt>
   <trkpt lat="51.481127" lon="11.302261"><ele>161</ele></trkpt>
   <trkpt lat="51.481062" lon="11.301803"><ele>160.75</ele></trkpt>
   <trkpt lat="51.48069" lon="11.299502"><ele>159</ele></trkpt>
   <trkpt lat="51.480661" lon="11.299317"><ele>158.75</ele></trkpt>
   <trkpt lat="51.480623" lon="11.299061"><ele>158.5</ele></trkpt>
   <trkpt lat="51.480537" lon="11.298577"><ele>158.5</ele></trkpt>
   <trkpt lat="51.480286" lon="11.297308"><ele>158</ele></trkpt>
   <trkpt lat="51.480237" lon="11.297049"><ele>157.75</ele></trkpt>
   <trkpt lat="51.480068" lon="11.29606"><ele>156.5</ele></trkpt>
   <trkpt lat="51.479844" lon="11.294721"><ele>156</ele></trkpt>
   <trkpt lat="51.479391" lon="11.291956"><ele>155.75</ele></trkpt>
   <trkpt lat="51.478891" lon="11.288952"><ele>157.5</ele></trkpt>
   <trkpt lat="51.478777" lon="11.28835"><ele>157</ele></trkpt>
   <trkpt lat="51.478572" lon="11.287503"><ele>157.25</ele></trkpt>
   <trkpt lat="51.478388" lon="11.286782"><ele>157</ele></trkpt>
   <trkpt lat="51.478159" lon="11.285818"><ele>156.25</ele></trkpt>
   <trkpt lat="51.478039" lon="11.285412"><ele>156.25</ele></trkpt>
   <trkpt lat="51.477803" lon="11.284774"><ele>156.5</ele></trkpt>
   <trkpt lat="51.477703" lon="11.284528"><ele>156.5</ele></trkpt>
   <trkpt lat="51.477605" lon="11.284298"><ele>156.75</ele></trkpt>
   <trkpt lat="51.477441" lon="11.283906"><ele>156.5</ele></trkpt>
   <trkpt lat="51.477184" lon="11.283319"><ele>155.5</ele></trkpt>
   <trkpt lat="51.477091" lon="11.28311"><ele>155.25</ele></trkpt>
   <trkpt lat="51.477078" lon="11.28308"><ele>155.25</ele></trkpt>
   <trkpt lat="51.476887" lon="11.282628"><ele>155.5</ele></trkpt>
   <trkpt lat="51.476727" lon="11.28224"><ele>155.75</ele></trkpt>
   <trkpt lat="51.476354" lon="11.281289"><ele>154.5</ele></trkpt>
   <trkpt lat="51.476311" lon="11.281181"><ele>154.25</ele></trkpt>
   <trkpt lat="51.475878" lon="11.280096"><ele>153</ele></trkpt>
   <trkpt lat="51.475443" lon="11.27904"><ele>149.5</ele></trkpt>
   <trkpt lat="51.475386" lon="11.278899"><ele>149.25</ele></trkpt>
   <trkpt lat="51.474366" lon="11.276404"><ele>144.75</ele></trkpt>
   <trkpt lat="51.47365" lon="11.274647"><ele>144.5</ele></trkpt>
   <trkpt lat="51.472569" lon="11.271989"><ele>149</ele></trkpt>
   <trkpt lat="51.472511" lon="11.271847"><ele>149.5</ele></trkpt>
   <trkpt lat="51.472248" lon="11.271196"><ele>151</ele></trkpt>
   <trkpt lat="51.471958" lon="11.270503"><ele>152.25</ele></trkpt>
   <trkpt lat="51.471448" lon="11.269249"><ele>151.75</ele></trkpt>
   <trkpt lat="51.471064" lon="11.268313"><ele>150.75</ele></trkpt>
   <trkpt lat="51.470687" lon="11.267354"><ele>149.75</ele></trkpt>
   <trkpt lat="51.470467" lon="11.266729"><ele>148.75</ele></trkpt>
   <trkpt lat="51.470271" lon="11.266107"><ele>148.5</ele></trkpt>
   <trkpt lat="51.469961" lon="11.264963"><ele>148.75</ele></trkpt>
   <trkpt lat="51.469798" lon="11.264245"><ele>149.5</ele></trkpt>
   <trkpt lat="51.469648" lon="11.263521"><ele>149.5</ele></trkpt>
   <trkpt lat="51.468774" lon="11.259202"><ele>149</ele></trkpt>
   <trkpt lat="51.467039" lon="11.250649"><ele>150</ele></trkpt>
   <trkpt lat="51.466804" lon="11.249464"><ele>150.75</ele></trkpt>
   <trkpt lat="51.466693" lon="11.24886"><ele>151.25</ele></trkpt>
   <trkpt lat="51.466595" lon="11.248268"><ele>151.25</ele></trkpt>
   <trkpt lat="51.4665" lon="11.247638"><ele>150.25</ele></trkpt>
   <trkpt lat="51.466415" lon="11.247005"><ele>149.75</ele></trkpt>
   <trkpt lat="51.465978" lon="11.243243"><ele>148</ele></trkpt>
   <trkpt lat="51.465523" lon="11.239257"><ele>149.5</ele></trkpt>
   <trkpt lat="51.465513" lon="11.239161"><ele>149.25</ele></trkpt>
   <trkpt lat="51.464467" lon="11.230046"><ele>144</ele></trkpt>
   <trkpt lat="51.464186" lon="11.227716"><ele>143.25</ele></trkpt>
   <trkpt lat="51.463513" lon="11.221743"><ele>145.75</ele></trkpt>
   <trkpt lat="51.462308" lon="11.211218"><ele>145</ele></trkpt>
   <trkpt lat="51.46223" lon="11.210363"><ele>146.25</ele></trkpt>
   <trkpt lat="51.462146" lon="11.20923"><ele>146.25</ele></trkpt>
   <trkpt lat="51.462075" lon="11.208086"><ele>145.75</ele></trkpt>
   <trkpt lat="51.461995" lon="11.206521"><ele>145.5</ele></trkpt>
   <trkpt lat="51.461734" lon="11.201199"><ele>144.75</ele></trkpt>
   <trkpt lat="51.461707" lon="11.200335"><ele>145</ele></trkpt>
   <trkpt lat="51.46168" lon="11.198756"><ele>145</ele></trkpt>
   <trkpt lat="51.461529" lon="11.1905"><ele>143.75</ele></trkpt>
   <trkpt lat="51.461105" lon="11.168387"><ele>145.5</ele></trkpt>
   <trkpt lat="51.461094" lon="11.167924"><ele>145</ele></trkpt>
   <trkpt lat="51.461081" lon="11.167167"><ele>144.75</ele></trkpt>
   <trkpt lat="51.461073" lon="11.165896"><ele>144</ele></trkpt>
   <trkpt lat="51.461131" lon="11.162276"><ele>143.25</ele></trkpt>
   <trkpt lat="51.461198" lon="11.158648"><ele>141.25</ele></trkpt>
   <trkpt lat="51.461477" lon="11.143433"><ele>144.25</ele></trkpt>
   <trkpt lat="51.461496" lon="11.142572"><ele>143.25</ele></trkpt>
   <trkpt lat="51.461522" lon="11.141732"><ele>143.25</ele></trkpt>
   <trkpt lat="51.461581" lon="11.140683"><ele>142.5</ele></trkpt>
   <trkpt lat="51.46168" lon="11.139579"><ele>143</ele></trkpt>
   <trkpt lat="51.461777" lon="11.138723"><ele>143.5</ele></trkpt>
   <trkpt lat="51.462508" lon="11.133565"><ele>148.5</ele></trkpt>
   <trkpt lat="51.462894" lon="11.130931"><ele>149</ele></trkpt>
   <trkpt lat="51.463411" lon="11.127314"><ele>150</ele></trkpt>
   <trkpt lat="51.463453" lon="11.127025"><ele>150</ele></trkpt>
   <trkpt lat="51.463662" lon="11.125524"><ele>149.25</ele></trkpt>
   <trkpt lat="51.464061" lon="11.122787"><ele>150</ele></trkpt>
   <trkpt lat="51.464132" lon="11.122292"><ele>149.75</ele></trkpt>
   <trkpt lat="51.464141" lon="11.122225"><ele>149.75</ele></trkpt>
   <trkpt lat="51.464272" lon="11.121285"><ele>149.75</ele></trkpt>
   <trkpt lat="51.465042" lon="11.115941"><ele>148.75</ele></trkpt>
   <trkpt lat="51.465356" lon="11.11368"><ele>149</ele></trkpt>
   <trkpt lat="51.465441" lon="11.113075"><ele>149.25</ele></trkpt>
   <trkpt lat="51.46554" lon="11.112185"><ele>149.25</ele></trkpt>
   <trkpt lat="51.465617" lon="11.11128"><ele>149.25</ele></trkpt>
   <trkpt lat="51.465676" lon="11.110358"><ele>149.25</ele></trkpt>
   <trkpt lat="51.465715" lon="11.109377"><ele>148.75</ele></trkpt>
   <trkpt lat="51.465732" lon="11.107592"><ele>149.5</ele></trkpt>
   <trkpt lat="51.465746" lon="11.095029"><ele>153.5</ele></trkpt>
   <trkpt lat="51.465749" lon="11.093402"><ele>153.75</ele></trkpt>
   <trkpt lat="51.465737" lon="11.092078"><ele>154.5</ele></trkpt>
   <trkpt lat="51.465704" lon="11.091199"><ele>155</ele></trkpt>
   <trkpt lat="51.46568" lon="11.090759"><ele>155.25</ele></trkpt>
   <trkpt lat="51.465624" lon="11.089884"><ele>155.75</ele></trkpt>
   <trkpt lat="51.464613" lon="11.077123"><ele>156.25</ele></trkpt>
   <trkpt lat="51.464529" lon="11.076142"><ele>155.25</ele></trkpt>
   <trkpt lat="51.464343" lon="11.074356"><ele>152.75</ele></trkpt>
   <trkpt lat="51.464196" lon="11.073193"><ele>151.75</ele></trkpt>
   <trkpt lat="51.46403" lon="11.072031"><ele>150.75</ele></trkpt>
   <trkpt lat="51.463855" lon="11.070934"><ele>151.75</ele></trkpt>
   <trkpt lat="51.463538" lon="11.069092"><ele>152.25</ele></trkpt>
   <trkpt lat="51.463473" lon="11.068717"><ele>152.25</ele></trkpt>
   <trkpt lat="51.463457" lon="11.068624"><ele>152</ele></trkpt>
   <trkpt lat="51.463296" lon="11.067701"><ele>152.5</ele></trkpt>
   <trkpt lat="51.462901" lon="11.065433"><ele>152.75</ele></trkpt>
   <trkpt lat="51.462821" lon="11.064975"><ele>152.5</ele></trkpt>
   <trkpt lat="51.461563" lon="11.057766"><ele>150.25</ele></trkpt>
   <trkpt lat="51.461448" lon="11.05708"><ele>149.75</ele></trkpt>
   <trkpt lat="51.461064" lon="11.054917"><ele>148.75</ele></trkpt>
   <trkpt lat="51.460995" lon="11.054511"><ele>149.25</ele></trkpt>
   <trkpt lat="51.460921" lon="11.054008"><ele>150</ele></trkpt>
   <trkpt lat="51.46087" lon="11.053592"><ele>150.5</ele></trkpt>
   <trkpt lat="51.460799" lon="11.053117"><ele>150.5</ele></trkpt>
   <trkpt lat="51.460662" lon="11.052339"><ele>149.5</ele></trkpt>
   <trkpt lat="51.460621" lon="11.052098"><ele>149.25</ele></trkpt>
   <trkpt lat="51.460549" lon="11.051678"><ele>149</ele></trkpt>
   <trkpt lat="51.460548" lon="11.051674"><ele>149</ele></trkpt>
   <trkpt lat="51.46054" lon="11.051628"><ele>149</ele></trkpt>
   <trkpt lat="51.460533" lon="11.051587"><ele>149</ele></trkpt>
   <trkpt lat="51.460532" lon="11.051581"><ele>149</ele></trkpt>
   <trkpt lat="51.460241" lon="11.049903"><ele>149</ele></trkpt>
   <trkpt lat="51.460088" lon="11.049104"><ele>149</ele></trkpt>
   <trkpt lat="51.459782" lon="11.047639"><ele>148.25</ele></trkpt>
   <trkpt lat="51.459592" lon="11.046892"><ele>148.25</ele></trkpt>
   <trkpt lat="51.459221" lon="11.045516"><ele>150</ele></trkpt>
   <trkpt lat="51.457333" lon="11.038501"><ele>152.5</ele></trkpt>
   <trkpt lat="51.456039" lon="11.033704"><ele>152</ele></trkpt>
   <trkpt lat="51.455713" lon="11.032497"><ele>152.5</ele></trkpt>
   <trkpt lat="51.454823" lon="11.029197"><ele>153.75</ele></trkpt>
   <trkpt lat="51.454509" lon="11.028018"><ele>153.25</ele></trkpt>
   <trkpt lat="51.454467" lon="11.027853"><ele>153.5</ele></trkpt>
   <trkpt lat="51.454268" lon="11.02705"><ele>153.75</ele></trkpt>
   <trkpt lat="51.454132" lon="11.026467"><ele>153.5</ele></trkpt>
   <trkpt lat="51.45401" lon="11.025909"><ele>152.75</ele></trkpt>
   <trkpt lat="51.453806" lon="11.024924"><ele>152.5</ele></trkpt>
   <trkpt lat="51.453627" lon="11.023933"><ele>153.75</ele></trkpt>
   <trkpt lat="51.452355" lon="11.016385"><ele>155.75</ele></trkpt>
   <trkpt lat="51.452081" lon="11.014794"><ele>156</ele></trkpt>
   <trkpt lat="51.452019" lon="11.014396"><ele>156</ele></trkpt>
   <trkpt lat="51.451827" lon="11.013282"><ele>156</ele></trkpt>
   <trkpt lat="51.451816" lon="11.013212"><ele>156</ele></trkpt>
   <trkpt lat="51.451762" lon="11.012891"><ele>156</ele></trkpt>
   <trkpt lat="51.451431" lon="11.010931"><ele>155.5</ele></trkpt>
   <trkpt lat="51.451412" lon="11.010814"><ele>155.5</ele></trkpt>
   <trkpt lat="51.451023" lon="11.0085"><ele>156</ele></trkpt>
   <trkpt lat="51.45093" lon="11.007904"><ele>156.5</ele></trkpt>
   <trkpt lat="51.450809" lon="11.007062"><ele>156.75</ele></trkpt>
   <trkpt lat="51.450699" lon="11.006162"><ele>156.5</ele></trkpt>
   <trkpt lat="51.450591" lon="11.005099"><ele>156.25</ele></trkpt>
   <trkpt lat="51.450544" lon="11.004534"><ele>155.75</ele></trkpt>
   <trkpt lat="51.450516" lon="11.004213"><ele>155.5</ele></trkpt>
   <trkpt lat="51.450456" lon="11.003339"><ele>155.5</ele></trkpt>
   <trkpt lat="51.450394" lon="11.001562"><ele>154</ele></trkpt>
   <trkpt lat="51.45041" lon="10.999993"><ele>154.25</ele></trkpt>
   <trkpt lat="51.450471" lon="10.998436"><ele>155</ele></trkpt>
   <trkpt lat="51.450488" lon="10.998214"><ele>154.75</ele></trkpt>
   <trkpt lat="51.45064" lon="10.996356"><ele>154</ele></trkpt>
   <trkpt lat="51.450769" lon="10.995257"><ele>154</ele></trkpt>
   <trkpt lat="51.450956" lon="10.993962"><ele>154.5</ele></trkpt>
   <trkpt lat="51.451181" lon="10.992681"><ele>154.25</ele></trkpt>
   <trkpt lat="51.451491" lon="10.991191"><ele>154.5</ele></trkpt>
   <trkpt lat="51.451859" lon="10.989724"><ele>154.5</ele></trkpt>
   <trkpt lat="51.452394" lon="10.987892"><ele>154.25</ele></trkpt>
   <trkpt lat="51.453021" lon="10.98609"><ele>155.5</ele></trkpt>
   <trkpt lat="51.454149" lon="10.983255"><ele>155.75</ele></trkpt>
   <trkpt lat="51.454616" lon="10.981927"><ele>157</ele></trkpt>
   <trkpt lat="51.455043" lon="10.980542"><ele>159</ele></trkpt>
   <trkpt lat="51.455404" lon="10.979218"><ele>159.75</ele></trkpt>
   <trkpt lat="51.455735" lon="10.977829"><ele>159.75</ele></trkpt>
   <trkpt lat="51.455947" lon="10.976773"><ele>160.5</ele></trkpt>
   <trkpt lat="51.45614" lon="10.975702"><ele>162.25</ele></trkpt>
   <trkpt lat="51.456266" lon="10.97484"><ele>162.75</ele></trkpt>
   <trkpt lat="51.456383" lon="10.973972"><ele>162.5</ele></trkpt>
   <trkpt lat="51.456517" lon="10.972708"><ele>162.5</ele></trkpt>
   <trkpt lat="51.456615" lon="10.971428"><ele>162.5</ele></trkpt>
   <trkpt lat="51.45667" lon="10.970519"><ele>162</ele></trkpt>
   <trkpt lat="51.456698" lon="10.969604"><ele>161.5</ele></trkpt>
   <trkpt lat="51.456712" lon="10.968602"><ele>160.5</ele></trkpt>
   <trkpt lat="51.456707" lon="10.967623"><ele>159.25</ele></trkpt>
   <trkpt lat="51.456593" lon="10.963817"><ele>158.75</ele></trkpt>
   <trkpt lat="51.456306" lon="10.954782"><ele>156</ele></trkpt>
   <trkpt lat="51.456301" lon="10.954661"><ele>156.25</ele></trkpt>
   <trkpt lat="51.456158" lon="10.95031"><ele>156.25</ele></trkpt>
   <trkpt lat="51.456026" lon="10.945937"><ele>156.75</ele></trkpt>
   <trkpt lat="51.456022" lon="10.945851"><ele>156.75</ele></trkpt>
   <trkpt lat="51.455967" lon="10.944385"><ele>157.5</ele></trkpt>
   <trkpt lat="51.455923" lon="10.942853"><ele>157.25</ele></trkpt>
   <trkpt lat="51.455832" lon="10.940095"><ele>156.75</ele></trkpt>
   <trkpt lat="51.455806" lon="10.938542"><ele>156.75</ele></trkpt>
   <trkpt lat="51.455783" lon="10.932079"><ele>156.75</ele></trkpt>
   <trkpt lat="51.455757" lon="10.923256"><ele>158</ele></trkpt>
   <trkpt lat="51.455745" lon="10.920777"><ele>158</ele></trkpt>
   <trkpt lat="51.45575" lon="10.920552"><ele>158</ele></trkpt>
   <trkpt lat="51.455746" lon="10.919583"><ele>158</ele></trkpt>
   <trkpt lat="51.455731" lon="10.91859"><ele>157.75</ele></trkpt>
   <trkpt lat="51.455702" lon="10.917798"><ele>157.75</ele></trkpt>
   <trkpt lat="51.45566" lon="10.916994"><ele>158</ele></trkpt>
   <trkpt lat="51.455607" lon="10.916234"><ele>158</ele></trkpt>
   <trkpt lat="51.455539" lon="10.915475"><ele>158</ele></trkpt>
   <trkpt lat="51.455173" lon="10.912062"><ele>159.5</ele></trkpt>
   <trkpt lat="51.455033" lon="10.910825"><ele>159.75</ele></trkpt>
   <trkpt lat="51.454866" lon="10.909663"><ele>159.75</ele></trkpt>
   <trkpt lat="51.454592" lon="10.908224"><ele>158.75</ele></trkpt>
   <trkpt lat="51.454273" lon="10.906788"><ele>158.75</ele></trkpt>
   <trkpt lat="51.453653" lon="10.904104"><ele>159</ele></trkpt>
   <trkpt lat="51.452353" lon="10.898416"><ele>159.75</ele></trkpt>
   <trkpt lat="51.452148" lon="10.897515"><ele>159.25</ele></trkpt>
   <trkpt lat="51.451558" lon="10.894944"><ele>160.5</ele></trkpt>
   <trkpt lat="51.451215" lon="10.893395"><ele>160.25</ele></trkpt>
   <trkpt lat="51.451052" lon="10.892542"><ele>160.75</ele></trkpt>
   <trkpt lat="51.450866" lon="10.891388"><ele>160.75</ele></trkpt>
   <trkpt lat="51.450717" lon="10.890302"><ele>160.75</ele></trkpt>
   <trkpt lat="51.450618" lon="10.889337"><ele>160.75</ele></trkpt>
   <trkpt lat="51.4505" lon="10.887516"><ele>160.25</ele></trkpt>
   <trkpt lat="51.450454" lon="10.886008"><ele>161</ele></trkpt>
   <trkpt lat="51.450429" lon="10.882263"><ele>161.25</ele></trkpt>
   <trkpt lat="51.450425" lon="10.880743"><ele>161.25</ele></trkpt>
   <trkpt lat="51.45045" lon="10.88006"><ele>161.25</ele></trkpt>
   <trkpt lat="51.450514" lon="10.879255"><ele>162.25</ele></trkpt>
   <trkpt lat="51.450617" lon="10.878549"><ele>163</ele></trkpt>
   <trkpt lat="51.450677" lon="10.878193"><ele>163.25</ele></trkpt>
   <trkpt lat="51.450776" lon="10.877743"><ele>163.5</ele></trkpt>
   <trkpt lat="51.450933" lon="10.87718"><ele>163.75</ele></trkpt>
   <trkpt lat="51.451122" lon="10.876583"><ele>163.25</ele></trkpt>
   <trkpt lat="51.451237" lon="10.876286"><ele>163.25</ele></trkpt>
   <trkpt lat="51.45153" lon="10.875643"><ele>163.25</ele></trkpt>
   <trkpt lat="51.451762" lon="10.875062"><ele>163.75</ele></trkpt>
   <trkpt lat="51.452878" lon="10.872123"><ele>162.5</ele></trkpt>
   <trkpt lat="51.45308" lon="10.871621"><ele>162.25</ele></trkpt>
   <trkpt lat="51.45328" lon="10.87118"><ele>162.5</ele></trkpt>
   <trkpt lat="51.453858" lon="10.870093"><ele>163</ele></trkpt>
   <trkpt lat="51.454211" lon="10.869554"><ele>162.25</ele></trkpt>
   <trkpt lat="51.455027" lon="10.868383"><ele>162</ele></trkpt>
   <trkpt lat="51.455532" lon="10.867616"><ele>164.25</ele></trkpt>
   <trkpt lat="51.455886" lon="10.867016"><ele>164.75</ele></trkpt>
   <trkpt lat="51.458132" lon="10.86381"><ele>163</ele></trkpt>
   <trkpt lat="51.458489" lon="10.863231"><ele>163.25</ele></trkpt>
   <trkpt lat="51.458834" lon="10.862643"><ele>165</ele></trkpt>
   <trkpt lat="51.459232" lon="10.861925"><ele>165.75</ele></trkpt>
   <trkpt lat="51.468016" lon="10.845275"><ele>167.5</ele></trkpt>
   <trkpt lat="51.471407" lon="10.838892"><ele>168.25</ele></trkpt>
   <trkpt lat="51.473867" lon="10.834187"><ele>169</ele></trkpt>
   <trkpt lat="51.474796" lon="10.832338"><ele>170</ele></trkpt>
   <trkpt lat="51.475986" lon="10.829942"><ele>172.75</ele></trkpt>
   <trkpt lat="51.48133" lon="10.819204"><ele>170.5</ele></trkpt>
   <trkpt lat="51.483308" lon="10.815252"><ele>173.5</ele></trkpt>
   <trkpt lat="51.484112" lon="10.813694"><ele>174</ele></trkpt>
   <trkpt lat="51.484584" lon="10.812864"><ele>174.75</ele></trkpt>
   <trkpt lat="51.485067" lon="10.812064"><ele>175.25</ele></trkpt>
   <trkpt lat="51.486289" lon="10.810266"><ele>177.75</ele></trkpt>
   <trkpt lat="51.48668" lon="10.809706"><ele>178.25</ele></trkpt>
   <trkpt lat="51.487179" lon="10.808996"><ele>178.5</ele></trkpt>
   <trkpt lat="51.488086" lon="10.807701"><ele>179.25</ele></trkpt>
   <trkpt lat="51.488641" lon="10.806853"><ele>179.75</ele></trkpt>
   <trkpt lat="51.488865" lon="10.806474"><ele>179</ele></trkpt>
   <trkpt lat="51.489279" lon="10.805649"><ele>178.75</ele></trkpt>
   <trkpt lat="51.489537" lon="10.805017"><ele>178.5</ele></trkpt>
   <trkpt lat="51.489897" lon="10.80395"><ele>179</ele></trkpt>
   <trkpt lat="51.490068" lon="10.803359"><ele>179.75</ele></trkpt>
   <trkpt lat="51.490531" lon="10.80163"><ele>179</ele></trkpt>
   <trkpt lat="51.490701" lon="10.800945"><ele>179</ele></trkpt>
   <trkpt lat="51.490867" lon="10.800244"><ele>179</ele></trkpt>
   <trkpt lat="51.491069" lon="10.799303"><ele>179.75</ele></trkpt>
   <trkpt lat="51.491429" lon="10.79731"><ele>180.25</ele></trkpt>
   <trkpt lat="51.491523" lon="10.796782"><ele>180</ele></trkpt>
   <trkpt lat="51.491625" lon="10.795993"><ele>180</ele></trkpt>
   <trkpt lat="51.49177" lon="10.795191"><ele>179.75</ele></trkpt>
   <trkpt lat="51.49197" lon="10.794143"><ele>179.5</ele></trkpt>
   <trkpt lat="51.492403" lon="10.791752"><ele>180.75</ele></trkpt>
   <trkpt lat="51.492637" lon="10.790492"><ele>182</ele></trkpt>
   <trkpt lat="51.492829" lon="10.789466"><ele>181.75</ele></trkpt>
   <trkpt lat="51.492863" lon="10.789277"><ele>181.5</ele></trkpt>
   <trkpt lat="51.492889" lon="10.78914"><ele>181.25</ele></trkpt>
   <trkpt lat="51.493164" lon="10.787626"><ele>181.25</ele></trkpt>
   <trkpt lat="51.493391" lon="10.78643"><ele>180.25</ele></trkpt>
   <trkpt lat="51.493454" lon="10.7861"><ele>180.75</ele></trkpt>
   <trkpt lat="51.493519" lon="10.785757"><ele>181</ele></trkpt>
   <trkpt lat="51.493621" lon="10.785216"><ele>181.25</ele></trkpt>
   <trkpt lat="51.493672" lon="10.784948"><ele>181.25</ele></trkpt>
   <trkpt lat="51.4938" lon="10.784255"><ele>181.25</ele></trkpt>
   <trkpt lat="51.493848" lon="10.78398"><ele>181</ele></trkpt>
   <trkpt lat="51.493931" lon="10.783401"><ele>180.5</ele></trkpt>
   <trkpt lat="51.493964" lon="10.782983"><ele>180.75</ele></trkpt>
   <trkpt lat="51.493974" lon="10.782784"><ele>180.75</ele></trkpt>
   <trkpt lat="51.493981" lon="10.782425"><ele>181.25</ele></trkpt>
   <trkpt lat="51.493979" lon="10.782148"><ele>181.5</ele></trkpt>
   <trkpt lat="51.493966" lon="10.781722"><ele>181.75</ele></trkpt>
   <trkpt lat="51.493939" lon="10.781308"><ele>182.25</ele></trkpt>
   <trkpt lat="51.493901" lon="10.7809"><ele>182.5</ele></trkpt>
   <trkpt lat="51.493709" lon="10.779581"><ele>182.75</ele></trkpt>
   <trkpt lat="51.493569" lon="10.778738"><ele>183.25</ele></trkpt>
   <trkpt lat="51.493283" lon="10.77704"><ele>183</ele></trkpt>
   <trkpt lat="51.492142" lon="10.770123"><ele>182.25</ele></trkpt>
   <trkpt lat="51.491993" lon="10.769252"><ele>181.75</ele></trkpt>
   <trkpt lat="51.491832" lon="10.768243"><ele>180.5</ele></trkpt>
   <trkpt lat="51.491719" lon="10.767629"><ele>180.75</ele></trkpt>
   <trkpt lat="51.491524" lon="10.766816"><ele>181.5</ele></trkpt>
   <trkpt lat="51.491237" lon="10.765936"><ele>180.75</ele></trkpt>
   <trkpt lat="51.491007" lon="10.765316"><ele>181</ele></trkpt>
   <trkpt lat="51.490711" lon="10.764679"><ele>180.25</ele></trkpt>
   <trkpt lat="51.490322" lon="10.763941"><ele>179.25</ele></trkpt>
   <trkpt lat="51.489816" lon="10.763123"><ele>178.75</ele></trkpt>
   <trkpt lat="51.488779" lon="10.761666"><ele>179.25</ele></trkpt>
   <trkpt lat="51.487707" lon="10.760241"><ele>179</ele></trkpt>
   <trkpt lat="51.487204" lon="10.75951"><ele>179.25</ele></trkpt>
   <trkpt lat="51.487137" lon="10.759413"><ele>179.5</ele></trkpt>
   <trkpt lat="51.486808" lon="10.758963"><ele>180.75</ele></trkpt>
   <trkpt lat="51.486689" lon="10.758787"><ele>181.25</ele></trkpt>
   <trkpt lat="51.486318" lon="10.758117"><ele>183.5</ele></trkpt>
   <trkpt lat="51.485883" lon="10.757185"><ele>184.75</ele></trkpt>
   <trkpt lat="51.485507" lon="10.756104"><ele>185.25</ele></trkpt>
   <trkpt lat="51.485281" lon="10.755383"><ele>185.75</ele></trkpt>
   <trkpt lat="51.4851" lon="10.75481"><ele>186</ele></trkpt>
   <trkpt lat="51.483853" lon="10.750826"><ele>185.75</ele></trkpt>
   <trkpt lat="51.483415" lon="10.749589"><ele>185.75</ele></trkpt>
   <trkpt lat="51.482967" lon="10.748651"><ele>185.25</ele></trkpt>
   <trkpt lat="51.482621" lon="10.748024"><ele>185</ele></trkpt>
   <trkpt lat="51.482206" lon="10.747416"><ele>185</ele></trkpt>
   <trkpt lat="51.481746" lon="10.746829"><ele>184</ele></trkpt>
   <trkpt lat="51.481267" lon="10.746321"><ele>183</ele></trkpt>
   <trkpt lat="51.480579" lon="10.745719"><ele>182.5</ele></trkpt>
   <trkpt lat="51.480487" lon="10.745652"><ele>182.5</ele></trkpt>
   <trkpt lat="51.480276" lon="10.745512"><ele>182.5</ele></trkpt>
   <trkpt lat="51.480036" lon="10.74537"><ele>182.5</ele></trkpt>
   <trkpt lat="51.47979" lon="10.745239"><ele>182.5</ele></trkpt>
   <trkpt lat="51.479431" lon="10.745075"><ele>182.75</ele></trkpt>
   <trkpt lat="51.479132" lon="10.744967"><ele>183</ele></trkpt>
   <trkpt lat="51.478541" lon="10.744775"><ele>183.25</ele></trkpt>
   <trkpt lat="51.474979" lon="10.743691"><ele>195</ele></trkpt>
   <trkpt lat="51.47214" lon="10.742808"><ele>203.25</ele></trkpt>
   <trkpt lat="51.470398" lon="10.742281"><ele>200</ele></trkpt>
   <trkpt lat="51.470058" lon="10.742178"><ele>198.25</ele></trkpt>
   <trkpt lat="51.469884" lon="10.742126"><ele>197.5</ele></trkpt>
   <trkpt lat="51.469378" lon="10.741971"><ele>195</ele></trkpt>
   <trkpt lat="51.467414" lon="10.741366"><ele>195</ele></trkpt>
   <trkpt lat="51.466391" lon="10.741062"><ele>197.75</ele></trkpt>
   <trkpt lat="51.46589" lon="10.740934"><ele>198.5</ele></trkpt>
   <trkpt lat="51.465441" lon="10.74085"><ele>199.75</ele></trkpt>
   <trkpt lat="51.465316" lon="10.740838"><ele>200</ele></trkpt>
   <trkpt lat="51.46469" lon="10.740791"><ele>201.25</ele></trkpt>
   <trkpt lat="51.464051" lon="10.740829"><ele>202</ele></trkpt>
   <trkpt lat="51.463347" lon="10.740978"><ele>201.25</ele></trkpt>
   <trkpt lat="51.462748" lon="10.74118"><ele>200.25</ele></trkpt>
   <trkpt lat="51.462168" lon="10.741442"><ele>201</ele></trkpt>
   <trkpt lat="51.46107" lon="10.742085"><ele>207</ele></trkpt>
   <trkpt lat="51.459847" lon="10.742829"><ele>210.75</ele></trkpt>
   <trkpt lat="51.45812" lon="10.743862"><ele>208.5</ele></trkpt>
   <trkpt lat="51.456381" lon="10.744933"><ele>203.5</ele></trkpt>
   <trkpt lat="51.455919" lon="10.745204"><ele>203</ele></trkpt>
   <trkpt lat="51.45262" lon="10.74721"><ele>219.5</ele></trkpt>
   <trkpt lat="51.452126" lon="10.74751"><ele>222</ele></trkpt>
   <trkpt lat="51.450866" lon="10.748232"><ele>224</ele></trkpt>
   <trkpt lat="51.450476" lon="10.748417"><ele>224</ele></trkpt>
   <trkpt lat="51.449851" lon="10.748657"><ele>225</ele></trkpt>
   <trkpt lat="51.449521" lon="10.748758"><ele>226.5</ele></trkpt>
   <trkpt lat="51.449051" lon="10.748861"><ele>228.25</ele></trkpt>
   <trkpt lat="51.448857" lon="10.748895"><ele>228.75</ele></trkpt>
   <trkpt lat="51.448719" lon="10.748921"><ele>229.25</ele></trkpt>
   <trkpt lat="51.448391" lon="10.748959"><ele>230.25</ele></trkpt>
   <trkpt lat="51.44817" lon="10.74897"><ele>230.75</ele></trkpt>
   <trkpt lat="51.447478" lon="10.748974"><ele>232</ele></trkpt>
   <trkpt lat="51.447083" lon="10.748939"><ele>232</ele></trkpt>
   <trkpt lat="51.44654" lon="10.748853"><ele>231.75</ele></trkpt>
   <trkpt lat="51.445142" lon="10.748572"><ele>230</ele></trkpt>
   <trkpt lat="51.443551" lon="10.748245"><ele>230.5</ele></trkpt>
   <trkpt lat="51.443029" lon="10.748136"><ele>232.75</ele></trkpt>
   <trkpt lat="51.44261" lon="10.748028"><ele>234.5</ele></trkpt>
   <trkpt lat="51.442417" lon="10.747961"><ele>235</ele></trkpt>
   <trkpt lat="51.441866" lon="10.747725"><ele>234.5</ele></trkpt>
   <trkpt lat="51.441662" lon="10.747618"><ele>233.75</ele></trkpt>
   <trkpt lat="51.441445" lon="10.747468"><ele>233.5</ele></trkpt>
   <trkpt lat="51.441214" lon="10.747291"><ele>232.75</ele></trkpt>
   <trkpt lat="51.440883" lon="10.746974"><ele>230.5</ele></trkpt>
   <trkpt lat="51.440624" lon="10.746687"><ele>229</ele></trkpt>
   <trkpt lat="51.440333" lon="10.746297"><ele>228.5</ele></trkpt>
   <trkpt lat="51.440235" lon="10.746145"><ele>228.25</ele></trkpt>
   <trkpt lat="51.440061" lon="10.745853"><ele>227.25</ele></trkpt>
   <trkpt lat="51.439964" lon="10.745675"><ele>226.75</ele></trkpt>
   <trkpt lat="51.439778" lon="10.745301"><ele>226.25</ele></trkpt>
   <trkpt lat="51.439628" lon="10.744947"><ele>225.5</ele></trkpt>
   <trkpt lat="51.439531" lon="10.744698"><ele>225.75</ele></trkpt>
   <trkpt lat="51.439379" lon="10.744231"><ele>226.25</ele></trkpt>
   <trkpt lat="51.439244" lon="10.743736"><ele>226</ele></trkpt>
   <trkpt lat="51.43918" lon="10.743448"><ele>226</ele></trkpt>
   <trkpt lat="51.439123" lon="10.74315"><ele>226</ele></trkpt>
   <trkpt lat="51.43907" lon="10.742886"><ele>226.5</ele></trkpt>
   <trkpt lat="51.438795" lon="10.741232"><ele>227.75</ele></trkpt>
   <trkpt lat="51.438619" lon="10.740157"><ele>228</ele></trkpt>
   <trkpt lat="51.438515" lon="10.739514"><ele>228.5</ele></trkpt>
   <trkpt lat="51.438393" lon="10.738539"><ele>229</ele></trkpt>
   <trkpt lat="51.438335" lon="10.737885"><ele>228.25</ele></trkpt>
   <trkpt lat="51.438316" lon="10.737478"><ele>227.75</ele></trkpt>
   <trkpt lat="51.438302" lon="10.736897"><ele>227.75</ele></trkpt>
   <trkpt lat="51.438299" lon="10.736403"><ele>227.5</ele></trkpt>
   <trkpt lat="51.438345" lon="10.73545"><ele>226.5</ele></trkpt>
   <trkpt lat="51.438383" lon="10.734989"><ele>226</ele></trkpt>
   <trkpt lat="51.438508" lon="10.733987"><ele>224.5</ele></trkpt>
   <trkpt lat="51.438882" lon="10.731395"><ele>223.5</ele></trkpt>
   <trkpt lat="51.440115" lon="10.72292"><ele>219.5</ele></trkpt>
   <trkpt lat="51.440145" lon="10.722739"><ele>219</ele></trkpt>
   <trkpt lat="51.44029" lon="10.721607"><ele>216</ele></trkpt>
   <trkpt lat="51.44041" lon="10.720387"><ele>218.5</ele></trkpt>
   <trkpt lat="51.440555" lon="10.718335"><ele>220.25</ele></trkpt>
   <trkpt lat="51.441132" lon="10.710857"><ele>215.75</ele></trkpt>
   <trkpt lat="51.44125" lon="10.709715"><ele>214.25</ele></trkpt>
   <trkpt lat="51.441418" lon="10.708546"><ele>212.5</ele></trkpt>
   <trkpt lat="51.441839" lon="10.706009"><ele>212.25</ele></trkpt>
   <trkpt lat="51.442892" lon="10.699528"><ele>212.75</ele></trkpt>
   <trkpt lat="51.442969" lon="10.699053"><ele>212.5</ele></trkpt>
   <trkpt lat="51.443011" lon="10.698788"><ele>212.75</ele></trkpt>
   <trkpt lat="51.443139" lon="10.697989"><ele>212.5</ele></trkpt>
   <trkpt lat="51.443331" lon="10.696805"><ele>212.75</ele></trkpt>
   <trkpt lat="51.443433" lon="10.696184"><ele>212</ele></trkpt>
   <trkpt lat="51.443657" lon="10.694945"><ele>210.5</ele></trkpt>
   <trkpt lat="51.443882" lon="10.693951"><ele>209</ele></trkpt>
   <trkpt lat="51.444219" lon="10.69264"><ele>208.75</ele></trkpt>
   <trkpt lat="51.44481" lon="10.690506"><ele>210.5</ele></trkpt>
   <trkpt lat="51.44521" lon="10.689092"><ele>211.25</ele></trkpt>
   <trkpt lat="51.447046" lon="10.682485"><ele>214.25</ele></trkpt>
   <trkpt lat="51.447908" lon="10.679336"><ele>214.5</ele></trkpt>
   <trkpt lat="51.449106" lon="10.675076"><ele>214.75</ele></trkpt>
   <trkpt lat="51.450161" lon="10.671242"><ele>215.75</ele></trkpt>
   <trkpt lat="51.452528" lon="10.662747"><ele>218</ele></trkpt>
   <trkpt lat="51.452851" lon="10.6616"><ele>218.25</ele></trkpt>
   <trkpt lat="51.452869" lon="10.661537"><ele>218.25</ele></trkpt>
   <trkpt lat="51.452889" lon="10.661461"><ele>218</ele></trkpt>
   <trkpt lat="51.453135" lon="10.660493"><ele>217.75</ele></trkpt>
   <trkpt lat="51.453153" lon="10.660418"><ele>217.75</ele></trkpt>
   <trkpt lat="51.453827" lon="10.657707"><ele>216.75</ele></trkpt>
   <trkpt lat="51.453837" lon="10.657665"><ele>216.75</ele></trkpt>
   <trkpt lat="51.45427" lon="10.65593"><ele>216.25</ele></trkpt>
   <trkpt lat="51.454452" lon="10.655201"><ele>216.25</ele></trkpt>
   <trkpt lat="51.454503" lon="10.654998"><ele>216.25</ele></trkpt>
   <trkpt lat="51.455776" lon="10.649871"><ele>218.25</ele></trkpt>
   <trkpt lat="51.456903" lon="10.64542"><ele>220.5</ele></trkpt>
   <trkpt lat="51.458267" lon="10.639964"><ele>219</ele></trkpt>
   <trkpt lat="51.458461" lon="10.639099"><ele>219</ele></trkpt>
   <trkpt lat="51.45859" lon="10.638406"><ele>219</ele></trkpt>
   <trkpt lat="51.458731" lon="10.637521"><ele>219.75</ele></trkpt>
   <trkpt lat="51.458797" lon="10.636985"><ele>220.25</ele></trkpt>
   <trkpt lat="51.458856" lon="10.63641"><ele>220.5</ele></trkpt>
   <trkpt lat="51.45891" lon="10.635531"><ele>221</ele></trkpt>
   <trkpt lat="51.458942" lon="10.634097"><ele>221.25</ele></trkpt>
   <trkpt lat="51.458933" lon="10.633459"><ele>221.25</ele></trkpt>
   <trkpt lat="51.458894" lon="10.632492"><ele>219.5</ele></trkpt>
   <trkpt lat="51.458776" lon="10.630802"><ele>218.5</ele></trkpt>
   <trkpt lat="51.458509" lon="10.627423"><ele>219</ele></trkpt>
   <trkpt lat="51.458249" lon="10.624233"><ele>220.75</ele></trkpt>
   <trkpt lat="51.458124" lon="10.623128"><ele>221.5</ele></trkpt>
   <trkpt lat="51.457976" lon="10.622322"><ele>221</ele></trkpt>
   <trkpt lat="51.457866" lon="10.621781"><ele>221</ele></trkpt>
   <trkpt lat="51.457715" lon="10.621181"><ele>220.25</ele></trkpt>
   <trkpt lat="51.457481" lon="10.620433"><ele>219.5</ele></trkpt>
   <trkpt lat="51.457198" lon="10.619623"><ele>220</ele></trkpt>
   <trkpt lat="51.456681" lon="10.618169"><ele>220.75</ele></trkpt>
   <trkpt lat="51.456401" lon="10.617408"><ele>220.25</ele></trkpt>
   <trkpt lat="51.456121" lon="10.616851"><ele>220.5</ele></trkpt>
   <trkpt lat="51.45584" lon="10.616246"><ele>220.75</ele></trkpt>
   <trkpt lat="51.455632" lon="10.615817"><ele>221</ele></trkpt>
   <trkpt lat="51.455153" lon="10.614514"><ele>221.75</ele></trkpt>
   <trkpt lat="51.453192" lon="10.609295"><ele>224.5</ele></trkpt>
   <trkpt lat="51.452405" lon="10.60716"><ele>223.75</ele></trkpt>
   <trkpt lat="51.452174" lon="10.606471"><ele>223.75</ele></trkpt>
   <trkpt lat="51.452036" lon="10.605919"><ele>224.25</ele></trkpt>
   <trkpt lat="51.451871" lon="10.60532"><ele>224</ele></trkpt>
   <trkpt lat="51.451817" lon="10.605131"><ele>224</ele></trkpt>
   <trkpt lat="51.451694" lon="10.60471"><ele>224.25</ele></trkpt>
   <trkpt lat="51.4516" lon="10.604475"><ele>224.5</ele></trkpt>
   <trkpt lat="51.451315" lon="10.603787"><ele>224.5</ele></trkpt>
   <trkpt lat="51.45109" lon="10.603328"><ele>224.25</ele></trkpt>
   <trkpt lat="51.450986" lon="10.603143"><ele>224</ele></trkpt>
   <trkpt lat="51.450583" lon="10.602521"><ele>224.25</ele></trkpt>
   <trkpt lat="51.450294" lon="10.602165"><ele>224.5</ele></trkpt>
   <trkpt lat="51.449914" lon="10.601748"><ele>225</ele></trkpt>
   <trkpt lat="51.449577" lon="10.601455"><ele>226.5</ele></trkpt>
   <trkpt lat="51.449218" lon="10.601192"><ele>229</ele></trkpt>
   <trkpt lat="51.448818" lon="10.600963"><ele>230.5</ele></trkpt>
   <trkpt lat="51.448329" lon="10.600767"><ele>232.25</ele></trkpt>
   <trkpt lat="51.44787" lon="10.600644"><ele>233</ele></trkpt>
   <trkpt lat="51.447509" lon="10.60059"><ele>233.5</ele></trkpt>
   <trkpt lat="51.447127" lon="10.600573"><ele>231.75</ele></trkpt>
   <trkpt lat="51.446729" lon="10.600625"><ele>229.75</ele></trkpt>
   <trkpt lat="51.446221" lon="10.600765"><ele>228.5</ele></trkpt>
   <trkpt lat="51.445811" lon="10.600937"><ele>227.75</ele></trkpt>
   <trkpt lat="51.445344" lon="10.601193"><ele>227.75</ele></trkpt>
   <trkpt lat="51.444879" lon="10.601531"><ele>227.75</ele></trkpt>
   <trkpt lat="51.441951" lon="10.603835"><ele>233.75</ele></trkpt>
   <trkpt lat="51.441536" lon="10.604142"><ele>232.25</ele></trkpt>
   <trkpt lat="51.441191" lon="10.604367"><ele>231.25</ele></trkpt>
   <trkpt lat="51.440839" lon="10.604562"><ele>231</ele></trkpt>
   <trkpt lat="51.440233" lon="10.604824"><ele>231.25</ele></trkpt>
   <trkpt lat="51.439932" lon="10.604914"><ele>231.25</ele></trkpt>
   <trkpt lat="51.439727" lon="10.604961"><ele>231.5</ele></trkpt>
   <trkpt lat="51.43942" lon="10.605009"><ele>231.5</ele></trkpt>
   <trkpt lat="51.439147" lon="10.605039"><ele>231.75</ele></trkpt>
   <trkpt lat="51.438616" lon="10.605036"><ele>231</ele></trkpt>
   <trkpt lat="51.438398" lon="10.605022"><ele>231</ele></trkpt>
   <trkpt lat="51.437921" lon="10.604931"><ele>230.5</ele></trkpt>
   <trkpt lat="51.435779" lon="10.604338"><ele>231.25</ele></trkpt>
   <trkpt lat="51.434724" lon="10.604019"><ele>231.25</ele></trkpt>
   <trkpt lat="51.434249" lon="10.603839"><ele>231.25</ele></trkpt>
   <trkpt lat="51.433928" lon="10.603662"><ele>231.5</ele></trkpt>
   <trkpt lat="51.433502" lon="10.603368"><ele>231.75</ele></trkpt>
   <trkpt lat="51.432954" lon="10.602936"><ele>232.75</ele></trkpt>
   <trkpt lat="51.432511" lon="10.602488"><ele>234</ele></trkpt>
   <trkpt lat="51.432215" lon="10.602148"><ele>233.75</ele></trkpt>
   <trkpt lat="51.431665" lon="10.601444"><ele>232.75</ele></trkpt>
   <trkpt lat="51.428354" lon="10.596949"><ele>233.75</ele></trkpt>
   <trkpt lat="51.426966" lon="10.595104"><ele>234.5</ele></trkpt>
   <trkpt lat="51.426937" lon="10.595065"><ele>234.5</ele></trkpt>
   <trkpt lat="51.426583" lon="10.59459"><ele>234.75</ele></trkpt>
   <trkpt lat="51.425205" lon="10.59274"><ele>236.5</ele></trkpt>
   <trkpt lat="51.421824" lon="10.58815"><ele>236.75</ele></trkpt>
   <trkpt lat="51.421327" lon="10.587389"><ele>238</ele></trkpt>
   <trkpt lat="51.420926" lon="10.586666"><ele>238.25</ele></trkpt>
   <trkpt lat="51.420505" lon="10.585829"><ele>238.75</ele></trkpt>
   <trkpt lat="51.420197" lon="10.585131"><ele>238.5</ele></trkpt>
   <trkpt lat="51.418174" lon="10.580125"><ele>241.25</ele></trkpt>
   <trkpt lat="51.417739" lon="10.579052"><ele>242</ele></trkpt>
   <trkpt lat="51.41742" lon="10.578247"><ele>241.75</ele></trkpt>
   <trkpt lat="51.41719" lon="10.577643"><ele>241.5</ele></trkpt>
   <trkpt lat="51.416988" lon="10.577035"><ele>241.5</ele></trkpt>
   <trkpt lat="51.416722" lon="10.576139"><ele>241.75</ele></trkpt>
   <trkpt lat="51.41649" lon="10.575185"><ele>242</ele></trkpt>
   <trkpt lat="51.416288" lon="10.574201"><ele>242.5</ele></trkpt>
   <trkpt lat="51.416163" lon="10.573394"><ele>242.25</ele></trkpt>
   <trkpt lat="51.415776" lon="10.570609"><ele>242.75</ele></trkpt>
   <trkpt lat="51.415467" lon="10.568301"><ele>243.5</ele></trkpt>
   <trkpt lat="51.415456" lon="10.568217"><ele>243.5</ele></trkpt>
   <trkpt lat="51.414203" lon="10.559188"><ele>249.25</ele></trkpt>
   <trkpt lat="51.414073" lon="10.558219"><ele>249.25</ele></trkpt>
   <trkpt lat="51.413964" lon="10.556946"><ele>249</ele></trkpt>
   <trkpt lat="51.413929" lon="10.556069"><ele>249.25</ele></trkpt>
   <trkpt lat="51.413931" lon="10.554858"><ele>250</ele></trkpt>
   <trkpt lat="51.414028" lon="10.553226"><ele>249.25</ele></trkpt>
   <trkpt lat="51.414293" lon="10.550583"><ele>251.75</ele></trkpt>
   <trkpt lat="51.415037" lon="10.542567"><ele>258</ele></trkpt>
   <trkpt lat="51.415065" lon="10.54169"><ele>259.25</ele></trkpt>
   <trkpt lat="51.41506" lon="10.541046"><ele>258.5</ele></trkpt>
   <trkpt lat="51.415013" lon="10.540212"><ele>257.25</ele></trkpt>
   <trkpt lat="51.414921" lon="10.539369"><ele>257.25</ele></trkpt>
   <trkpt lat="51.414613" lon="10.536974"><ele>256.5</ele></trkpt>
   <trkpt lat="51.414596" lon="10.53684"><ele>256.5</ele></trkpt>
   <trkpt lat="51.414189" lon="10.533661"><ele>258.75</ele></trkpt>
   <trkpt lat="51.414181" lon="10.533584"><ele>258.75</ele></trkpt>
   <trkpt lat="51.414166" lon="10.533452"><ele>259</ele></trkpt>
   <trkpt lat="51.414136" lon="10.533257"><ele>259</ele></trkpt>
   <trkpt lat="51.414044" lon="10.53253"><ele>260.75</ele></trkpt>
   <trkpt lat="51.413975" lon="10.531681"><ele>261.5</ele></trkpt>
   <trkpt lat="51.413921" lon="10.53127"><ele>261.5</ele></trkpt>
   <trkpt lat="51.413582" lon="10.528603"><ele>261.25</ele></trkpt>
   <trkpt lat="51.413527" lon="10.52815"><ele>261</ele></trkpt>
   <trkpt lat="51.413482" lon="10.527685"><ele>260.5</ele></trkpt>
   <trkpt lat="51.41344" lon="10.527051"><ele>260.25</ele></trkpt>
   <trkpt lat="51.41342" lon="10.526405"><ele>260</ele></trkpt>
   <trkpt lat="51.41338" lon="10.524813"><ele>259.75</ele></trkpt>
   <trkpt lat="51.413358" lon="10.523553"><ele>259</ele></trkpt>
   <trkpt lat="51.413322" lon="10.522416"><ele>258.75</ele></trkpt>
   <trkpt lat="51.413303" lon="10.522036"><ele>258.75</ele></trkpt>
   <trkpt lat="51.413187" lon="10.520806"><ele>258.75</ele></trkpt>
   <trkpt lat="51.413096" lon="10.520155"><ele>259</ele></trkpt>
   <trkpt lat="51.412956" lon="10.51948"><ele>259.75</ele></trkpt>
   <trkpt lat="51.412934" lon="10.519352"><ele>260</ele></trkpt>
   <trkpt lat="51.412793" lon="10.518748"><ele>260.25</ele></trkpt>
   <trkpt lat="51.412648" lon="10.518248"><ele>260.25</ele></trkpt>
   <trkpt lat="51.412577" lon="10.518002"><ele>260.25</ele></trkpt>
   <trkpt lat="51.411951" lon="10.515796"><ele>261.25</ele></trkpt>
   <trkpt lat="51.411827" lon="10.515291"><ele>261.75</ele></trkpt>
   <trkpt lat="51.411673" lon="10.514501"><ele>260.25</ele></trkpt>
   <trkpt lat="51.411594" lon="10.514053"><ele>259.5</ele></trkpt>
   <trkpt lat="51.411528" lon="10.5136"><ele>258.75</ele></trkpt>
   <trkpt lat="51.411506" lon="10.513441"><ele>258.5</ele></trkpt>
   <trkpt lat="51.41079" lon="10.508273"><ele>263.75</ele></trkpt>
   <trkpt lat="51.40997" lon="10.502417"><ele>271.75</ele></trkpt>
   <trkpt lat="51.409298" lon="10.497762"><ele>265.5</ele></trkpt>
   <trkpt lat="51.407947" lon="10.487989"><ele>261.75</ele></trkpt>
   <trkpt lat="51.407785" lon="10.487056"><ele>262</ele></trkpt>
   <trkpt lat="51.407632" lon="10.486383"><ele>262</ele></trkpt>
   <trkpt lat="51.407434" lon="10.485626"><ele>261.75</ele></trkpt>
   <trkpt lat="51.407191" lon="10.484781"><ele>261.5</ele></trkpt>
   <trkpt lat="51.40691" lon="10.483936"><ele>261.75</ele></trkpt>
   <trkpt lat="51.406338" lon="10.482459"><ele>262.25</ele></trkpt>
   <trkpt lat="51.405378" lon="10.479909"><ele>264.25</ele></trkpt>
   <trkpt lat="51.404065" lon="10.47649"><ele>260.5</ele></trkpt>
   <trkpt lat="51.403518" lon="10.475062"><ele>260</ele></trkpt>
   <trkpt lat="51.403459" lon="10.474908"><ele>260</ele></trkpt>
   <trkpt lat="51.402499" lon="10.472353"><ele>260.75</ele></trkpt>
   <trkpt lat="51.401842" lon="10.470635"><ele>260.5</ele></trkpt>
   <trkpt lat="51.401752" lon="10.470407"><ele>260.5</ele></trkpt>
   <trkpt lat="51.40122" lon="10.469"><ele>263.25</ele></trkpt>
   <trkpt lat="51.400863" lon="10.468163"><ele>264.5</ele></trkpt>
   <trkpt lat="51.400586" lon="10.467617"><ele>265.25</ele></trkpt>
   <trkpt lat="51.400224" lon="10.467"><ele>264.75</ele></trkpt>
   <trkpt lat="51.399881" lon="10.466506"><ele>264.25</ele></trkpt>
   <trkpt lat="51.399436" lon="10.465938"><ele>266</ele></trkpt>
   <trkpt lat="51.399022" lon="10.465497"><ele>266.5</ele></trkpt>
   <trkpt lat="51.398535" lon="10.465073"><ele>265.5</ele></trkpt>
   <trkpt lat="51.395684" lon="10.462942"><ele>272.75</ele></trkpt>
   <trkpt lat="51.395042" lon="10.462344"><ele>272.5</ele></trkpt>
   <trkpt lat="51.394699" lon="10.461954"><ele>272.5</ele></trkpt>
   <trkpt lat="51.394221" lon="10.461306"><ele>271.5</ele></trkpt>
   <trkpt lat="51.39415" lon="10.461196"><ele>271.5</ele></trkpt>
   <trkpt lat="51.393956" lon="10.460883"><ele>272.5</ele></trkpt>
   <trkpt lat="51.393768" lon="10.460572"><ele>273.5</ele></trkpt>
   <trkpt lat="51.393493" lon="10.46002"><ele>275.5</ele></trkpt>
   <trkpt lat="51.39283" lon="10.45859"><ele>278.5</ele></trkpt>
   <trkpt lat="51.391811" lon="10.456279"><ele>275</ele></trkpt>
   <trkpt lat="51.390873" lon="10.454173"><ele>281.25</ele></trkpt>
   <trkpt lat="51.390194" lon="10.452667"><ele>281.75</ele></trkpt>
   <trkpt lat="51.38927" lon="10.450562"><ele>276.25</ele></trkpt>
   <trkpt lat="51.38919" lon="10.450376"><ele>275.25</ele></trkpt>
   <trkpt lat="51.389133" lon="10.450242"><ele>275.25</ele></trkpt>
   <trkpt lat="51.387252" lon="10.446018"><ele>280.25</ele></trkpt>
   <trkpt lat="51.386926" lon="10.445245"><ele>282</ele></trkpt>
   <trkpt lat="51.386635" lon="10.444442"><ele>283.25</ele></trkpt>
   <trkpt lat="51.386453" lon="10.443862"><ele>284.5</ele></trkpt>
   <trkpt lat="51.386309" lon="10.443302"><ele>286</ele></trkpt>
   <trkpt lat="51.386161" lon="10.442636"><ele>285.75</ele></trkpt>
   <trkpt lat="51.386042" lon="10.441912"><ele>285.75</ele></trkpt>
   <trkpt lat="51.385932" lon="10.441077"><ele>284.75</ele></trkpt>
   <trkpt lat="51.385877" lon="10.440281"><ele>284.25</ele></trkpt>
   <trkpt lat="51.38586" lon="10.439284"><ele>283.25</ele></trkpt>
   <trkpt lat="51.385864" lon="10.438842"><ele>283.25</ele></trkpt>
   <trkpt lat="51.385875" lon="10.438436"><ele>283.25</ele></trkpt>
   <trkpt lat="51.386033" lon="10.434821"><ele>284.5</ele></trkpt>
   <trkpt lat="51.386047" lon="10.434005"><ele>285.5</ele></trkpt>
   <trkpt lat="51.386029" lon="10.433234"><ele>286</ele></trkpt>
   <trkpt lat="51.385992" lon="10.432564"><ele>285.25</ele></trkpt>
   <trkpt lat="51.385892" lon="10.431708"><ele>284.25</ele></trkpt>
   <trkpt lat="51.385759" lon="10.430873"><ele>281.25</ele></trkpt>
   <trkpt lat="51.385612" lon="10.430189"><ele>279</ele></trkpt>
   <trkpt lat="51.38537" lon="10.429351"><ele>276.75</ele></trkpt>
   <trkpt lat="51.385287" lon="10.429047"><ele>276.5</ele></trkpt>
   <trkpt lat="51.384981" lon="10.427896"><ele>277.5</ele></trkpt>
   <trkpt lat="51.384903" lon="10.42762"><ele>278.25</ele></trkpt>
   <trkpt lat="51.384574" lon="10.426431"><ele>281</ele></trkpt>
   <trkpt lat="51.384529" lon="10.426269"><ele>281.5</ele></trkpt>
   <trkpt lat="51.384337" lon="10.425579"><ele>283</ele></trkpt>
   <trkpt lat="51.384186" lon="10.425006"><ele>284.75</ele></trkpt>
   <trkpt lat="51.384058" lon="10.424505"><ele>285.75</ele></trkpt>
   <trkpt lat="51.383947" lon="10.423999"><ele>286.5</ele></trkpt>
   <trkpt lat="51.383819" lon="10.423262"><ele>287.75</ele></trkpt>
   <trkpt lat="51.383726" lon="10.422584"><ele>288.75</ele></trkpt>
   <trkpt lat="51.383586" lon="10.421151"><ele>290.5</ele></trkpt>
   <trkpt lat="51.38343" lon="10.419676"><ele>292.5</ele></trkpt>
   <trkpt lat="51.383139" lon="10.416526"><ele>293.75</ele></trkpt>
   <trkpt lat="51.383044" lon="10.415538"><ele>292.5</ele></trkpt>
   <trkpt lat="51.383" lon="10.414982"><ele>291.75</ele></trkpt>
   <trkpt lat="51.382973" lon="10.414506"><ele>291</ele></trkpt>
   <trkpt lat="51.382962" lon="10.413903"><ele>290</ele></trkpt>
   <trkpt lat="51.382958" lon="10.413818"><ele>290</ele></trkpt>
   <trkpt lat="51.382964" lon="10.413185"><ele>289.25</ele></trkpt>
   <trkpt lat="51.382981" lon="10.412678"><ele>288.5</ele></trkpt>
   <trkpt lat="51.383017" lon="10.41212"><ele>287.75</ele></trkpt>
   <trkpt lat="51.383099" lon="10.411389"><ele>287</ele></trkpt>
   <trkpt lat="51.383234" lon="10.410564"><ele>286.75</ele></trkpt>
   <trkpt lat="51.383572" lon="10.408667"><ele>287.5</ele></trkpt>
   <trkpt lat="51.383697" lon="10.407901"><ele>288.25</ele></trkpt>
   <trkpt lat="51.383799" lon="10.407085"><ele>289.5</ele></trkpt>
   <trkpt lat="51.383851" lon="10.40637"><ele>290.5</ele></trkpt>
   <trkpt lat="51.38388" lon="10.40566"><ele>291.25</ele></trkpt>
   <trkpt lat="51.383879" lon="10.4052"><ele>291.75</ele></trkpt>
   <trkpt lat="51.383864" lon="10.404698"><ele>292.25</ele></trkpt>
   <trkpt lat="51.383829" lon="10.404153"><ele>292.75</ele></trkpt>
   <trkpt lat="51.383775" lon="10.403583"><ele>292.5</ele></trkpt>
   <trkpt lat="51.383686" lon="10.402873"><ele>293.25</ele></trkpt>
   <trkpt lat="51.383619" lon="10.402468"><ele>294</ele></trkpt>
   <trkpt lat="51.383546" lon="10.402107"><ele>294.5</ele></trkpt>
   <trkpt lat="51.38345" lon="10.401637"><ele>295.25</ele></trkpt>
   <trkpt lat="51.383129" lon="10.400474"><ele>295</ele></trkpt>
   <trkpt lat="51.381689" lon="10.396032"><ele>300</ele></trkpt>
   <trkpt lat="51.381464" lon="10.395279"><ele>301.25</ele></trkpt>
   <trkpt lat="51.381299" lon="10.394625"><ele>302.75</ele></trkpt>
   <trkpt lat="51.381177" lon="10.39404"><ele>304</ele></trkpt>
   <trkpt lat="51.381104" lon="10.393638"><ele>304.75</ele></trkpt>
   <trkpt lat="51.381041" lon="10.393203"><ele>305.25</ele></trkpt>
   <trkpt lat="51.38098" lon="10.39272"><ele>306.25</ele></trkpt>
   <trkpt lat="51.380919" lon="10.391952"><ele>308.25</ele></trkpt>
   <trkpt lat="51.3809" lon="10.391623"><ele>308.75</ele></trkpt>
   <trkpt lat="51.380887" lon="10.391229"><ele>308.25</ele></trkpt>
   <trkpt lat="51.380885" lon="10.390837"><ele>307.75</ele></trkpt>
   <trkpt lat="51.380895" lon="10.390371"><ele>307.25</ele></trkpt>
   <trkpt lat="51.380909" lon="10.389978"><ele>307</ele></trkpt>
   <trkpt lat="51.380947" lon="10.389414"><ele>306</ele></trkpt>
   <trkpt lat="51.381002" lon="10.388854"><ele>305.25</ele></trkpt>
   <trkpt lat="51.381125" lon="10.387939"><ele>306</ele></trkpt>
   <trkpt lat="51.381912" lon="10.383499"><ele>311</ele></trkpt>
   <trkpt lat="51.382218" lon="10.381717"><ele>314.75</ele></trkpt>
   <trkpt lat="51.382281" lon="10.381305"><ele>315.5</ele></trkpt>
   <trkpt lat="51.382333" lon="10.380831"><ele>316.25</ele></trkpt>
   <trkpt lat="51.382384" lon="10.380257"><ele>316.75</ele></trkpt>
   <trkpt lat="51.382396" lon="10.380026"><ele>316.75</ele></trkpt>
   <trkpt lat="51.38242" lon="10.379593"><ele>316.75</ele></trkpt>
   <trkpt lat="51.382427" lon="10.379226"><ele>316.5</ele></trkpt>
   <trkpt lat="51.38243" lon="10.378928"><ele>316.25</ele></trkpt>
   <trkpt lat="51.382414" lon="10.37837"><ele>316.25</ele></trkpt>
   <trkpt lat="51.382388" lon="10.377885"><ele>315.75</ele></trkpt>
   <trkpt lat="51.382304" lon="10.376956"><ele>315.25</ele></trkpt>
   <trkpt lat="51.382196" lon="10.376275"><ele>317.5</ele></trkpt>
   <trkpt lat="51.38209" lon="10.375719"><ele>321</ele></trkpt>
   <trkpt lat="51.381958" lon="10.375099"><ele>325</ele></trkpt>
   <trkpt lat="51.381802" lon="10.37449"><ele>327.25</ele></trkpt>
   <trkpt lat="51.381002" lon="10.37204"><ele>332.75</ele></trkpt>
   <trkpt lat="51.380709" lon="10.371206"><ele>332.25</ele></trkpt>
   <trkpt lat="51.380587" lon="10.37079"><ele>332</ele></trkpt>
   <trkpt lat="51.380485" lon="10.370357"><ele>332</ele></trkpt>
   <trkpt lat="51.380388" lon="10.36988"><ele>331.75</ele></trkpt>
   <trkpt lat="51.380307" lon="10.369411"><ele>331.5</ele></trkpt>
   <trkpt lat="51.380249" lon="10.368951"><ele>331.25</ele></trkpt>
   <trkpt lat="51.380214" lon="10.368486"><ele>331.25</ele></trkpt>
   <trkpt lat="51.380195" lon="10.368018"><ele>330.75</ele></trkpt>
   <trkpt lat="51.380197" lon="10.367104"><ele>329.75</ele></trkpt>
   <trkpt lat="51.380218" lon="10.366676"><ele>329.5</ele></trkpt>
   <trkpt lat="51.380265" lon="10.366176"><ele>329</ele></trkpt>
   <trkpt lat="51.380326" lon="10.365674"><ele>328.5</ele></trkpt>
   <trkpt lat="51.381925" lon="10.35427"><ele>326</ele></trkpt>
   <trkpt lat="51.382175" lon="10.35281"><ele>327</ele></trkpt>
   <trkpt lat="51.382316" lon="10.352181"><ele>327</ele></trkpt>
   <trkpt lat="51.382466" lon="10.351566"><ele>327</ele></trkpt>
   <trkpt lat="51.382515" lon="10.351356"><ele>327.25</ele></trkpt>
   <trkpt lat="51.382727" lon="10.350577"><ele>328.25</ele></trkpt>
   <trkpt lat="51.382886" lon="10.350019"><ele>328.25</ele></trkpt>
   <trkpt lat="51.383058" lon="10.349459"><ele>329.25</ele></trkpt>
   <trkpt lat="51.383566" lon="10.347987"><ele>331</ele></trkpt>
   <trkpt lat="51.385155" lon="10.343585"><ele>336</ele></trkpt>
   <trkpt lat="51.385921" lon="10.341463"><ele>339.25</ele></trkpt>
   <trkpt lat="51.386086" lon="10.340965"><ele>339.25</ele></trkpt>
   <trkpt lat="51.386234" lon="10.340518"><ele>339.25</ele></trkpt>
   <trkpt lat="51.38637" lon="10.340106"><ele>339</ele></trkpt>
   <trkpt lat="51.386565" lon="10.339479"><ele>339</ele></trkpt>
   <trkpt lat="51.386612" lon="10.339318"><ele>339</ele></trkpt>
   <trkpt lat="51.386713" lon="10.33892"><ele>339.25</ele></trkpt>
   <trkpt lat="51.386764" lon="10.338694"><ele>339.5</ele></trkpt>
   <trkpt lat="51.386811" lon="10.338446"><ele>339.75</ele></trkpt>
   <trkpt lat="51.386885" lon="10.337956"><ele>340</ele></trkpt>
   <trkpt lat="51.386936" lon="10.337615"><ele>340</ele></trkpt>
   <trkpt lat="51.387" lon="10.337246"><ele>339.75</ele></trkpt>
   <trkpt lat="51.387005" lon="10.337222"><ele>339.75</ele></trkpt>
   <trkpt lat="51.387031" lon="10.337088"><ele>339.75</ele></trkpt>
   <trkpt lat="51.387124" lon="10.336605"><ele>339.25</ele></trkpt>
   <trkpt lat="51.387221" lon="10.336177"><ele>338.75</ele></trkpt>
   <trkpt lat="51.387279" lon="10.335963"><ele>338.25</ele></trkpt>
   <trkpt lat="51.38748" lon="10.335206"><ele>337.25</ele></trkpt>
   <trkpt lat="51.387562" lon="10.334919"><ele>337</ele></trkpt>
   <trkpt lat="51.387655" lon="10.334515"><ele>337.25</ele></trkpt>
   <trkpt lat="51.387817" lon="10.333694"><ele>337</ele></trkpt>
   <trkpt lat="51.388149" lon="10.332009"><ele>338</ele></trkpt>
   <trkpt lat="51.388327" lon="10.331076"><ele>337.25</ele></trkpt>
   <trkpt lat="51.388762" lon="10.328828"><ele>338</ele></trkpt>
   <trkpt lat="51.388785" lon="10.328711"><ele>335.25</ele></trkpt>
   <trkpt lat="51.389413" lon="10.32555"><ele>335.25</ele></trkpt>
   <trkpt lat="51.389508" lon="10.325069"><ele>335.25</ele></trkpt>
   <trkpt lat="51.389825" lon="10.323473"><ele>334.5</ele></trkpt>
   <trkpt lat="51.389902" lon="10.323044"><ele>334.25</ele></trkpt>
   <trkpt lat="51.389979" lon="10.322571"><ele>334</ele></trkpt>
   <trkpt lat="51.390088" lon="10.321752"><ele>334.25</ele></trkpt>
   <trkpt lat="51.390108" lon="10.321589"><ele>334.5</ele></trkpt>
   <trkpt lat="51.390113" lon="10.321537"><ele>334.5</ele></trkpt>
   <trkpt lat="51.390157" lon="10.321055"><ele>335.25</ele></trkpt>
   <trkpt lat="51.390192" lon="10.320545"><ele>335.5</ele></trkpt>
   <trkpt lat="51.390214" lon="10.320044"><ele>335.75</ele></trkpt>
   <trkpt lat="51.390239" lon="10.319404"><ele>334</ele></trkpt>
   <trkpt lat="51.390242" lon="10.318976"><ele>332.75</ele></trkpt>
   <trkpt lat="51.390237" lon="10.318604"><ele>332</ele></trkpt>
   <trkpt lat="51.390218" lon="10.317996"><ele>331.25</ele></trkpt>
   <trkpt lat="51.39013" lon="10.316868"><ele>330.25</ele></trkpt>
   <trkpt lat="51.390129" lon="10.31685"><ele>330.25</ele></trkpt>
   <trkpt lat="51.390118" lon="10.316694"><ele>330</ele></trkpt>
   <trkpt lat="51.390103" lon="10.316524"><ele>330</ele></trkpt>
   <trkpt lat="51.389996" lon="10.315677"><ele>328.75</ele></trkpt>
   <trkpt lat="51.389847" lon="10.314781"><ele>328</ele></trkpt>
   <trkpt lat="51.389688" lon="10.31398"><ele>327.25</ele></trkpt>
   <trkpt lat="51.38967" lon="10.313912"><ele>327.25</ele></trkpt>
   <trkpt lat="51.389468" lon="10.31312"><ele>328</ele></trkpt>
   <trkpt lat="51.388744" lon="10.310533"><ele>332.5</ele></trkpt>
   <trkpt lat="51.388686" lon="10.310329"><ele>333.25</ele></trkpt>
   <trkpt lat="51.388631" lon="10.310134"><ele>334</ele></trkpt>
   <trkpt lat="51.386646" lon="10.303109"><ele>329.25</ele></trkpt>
   <trkpt lat="51.385838" lon="10.300288"><ele>330.5</ele></trkpt>
   <trkpt lat="51.385341" lon="10.298533"><ele>329</ele></trkpt>
   <trkpt lat="51.385092" lon="10.297787"><ele>328.5</ele></trkpt>
   <trkpt lat="51.384837" lon="10.297134"><ele>328.25</ele></trkpt>
   <trkpt lat="51.384496" lon="10.296358"><ele>328.5</ele></trkpt>
   <trkpt lat="51.384194" lon="10.295672"><ele>326.25</ele></trkpt>
   <trkpt lat="51.383354" lon="10.293875"><ele>326</ele></trkpt>
   <trkpt lat="51.382691" lon="10.292496"><ele>328</ele></trkpt>
   <trkpt lat="51.382351" lon="10.291893"><ele>328.75</ele></trkpt>
   <trkpt lat="51.38199" lon="10.291342"><ele>326.75</ele></trkpt>
   <trkpt lat="51.381609" lon="10.290856"><ele>325</ele></trkpt>
   <trkpt lat="51.381163" lon="10.290343"><ele>322.75</ele></trkpt>
   <trkpt lat="51.380036" lon="10.289115"><ele>319.75</ele></trkpt>
   <trkpt lat="51.379614" lon="10.288603"><ele>320.75</ele></trkpt>
   <trkpt lat="51.379368" lon="10.288273"><ele>321.25</ele></trkpt>
   <trkpt lat="51.379079" lon="10.287815"><ele>321.5</ele></trkpt>
   <trkpt lat="51.378745" lon="10.287245"><ele>322.25</ele></trkpt>
   <trkpt lat="51.378424" lon="10.286581"><ele>323.25</ele></trkpt>
   <trkpt lat="51.378367" lon="10.286462"><ele>323.25</ele></trkpt>
   <trkpt lat="51.378297" lon="10.286318"><ele>323.25</ele></trkpt>
   <trkpt lat="51.378008" lon="10.285605"><ele>323.25</ele></trkpt>
   <trkpt lat="51.377918" lon="10.285382"><ele>323.25</ele></trkpt>
   <trkpt lat="51.377541" lon="10.284097"><ele>320.5</ele></trkpt>
   <trkpt lat="51.377387" lon="10.283433"><ele>317</ele></trkpt>
   <trkpt lat="51.377279" lon="10.282815"><ele>316</ele></trkpt>
   <trkpt lat="51.377162" lon="10.281883"><ele>316.75</ele></trkpt>
   <trkpt lat="51.377141" lon="10.28165"><ele>317</ele></trkpt>
   <trkpt lat="51.377106" lon="10.281195"><ele>319.25</ele></trkpt>
   <trkpt lat="51.377074" lon="10.280415"><ele>322.5</ele></trkpt>
   <trkpt lat="51.377069" lon="10.280177"><ele>323.25</ele></trkpt>
   <trkpt lat="51.377081" lon="10.279511"><ele>324.75</ele></trkpt>
   <trkpt lat="51.377092" lon="10.279239"><ele>325.25</ele></trkpt>
   <trkpt lat="51.3771" lon="10.279047"><ele>325.5</ele></trkpt>
   <trkpt lat="51.377109" lon="10.278946"><ele>325.5</ele></trkpt>
   <trkpt lat="51.377117" lon="10.278852"><ele>325.75</ele></trkpt>
   <trkpt lat="51.377166" lon="10.278238"><ele>326</ele></trkpt>
   <trkpt lat="51.377239" lon="10.277372"><ele>324.75</ele></trkpt>
   <trkpt lat="51.377418" lon="10.275407"><ele>321.75</ele></trkpt>
   <trkpt lat="51.377514" lon="10.274354"><ele>320.75</ele></trkpt>
   <trkpt lat="51.377534" lon="10.274164"><ele>320.75</ele></trkpt>
   <trkpt lat="51.377668" lon="10.273082"><ele>321.5</ele></trkpt>
   <trkpt lat="51.377757" lon="10.272591"><ele>323</ele></trkpt>
   <trkpt lat="51.377846" lon="10.272154"><ele>323.75</ele></trkpt>
   <trkpt lat="51.378068" lon="10.271226"><ele>323.75</ele></trkpt>
   <trkpt lat="51.378303" lon="10.270497"><ele>322</ele></trkpt>
   <trkpt lat="51.378583" lon="10.269766"><ele>321</ele></trkpt>
   <trkpt lat="51.379096" lon="10.26863"><ele>317.5</ele></trkpt>
   <trkpt lat="51.379197" lon="10.268433"><ele>317</ele></trkpt>
   <trkpt lat="51.379477" lon="10.267856"><ele>317</ele></trkpt>
   <trkpt lat="51.380143" lon="10.2665"><ele>319.25</ele></trkpt>
   <trkpt lat="51.380162" lon="10.266461"><ele>319.25</ele></trkpt>
   <trkpt lat="51.380962" lon="10.264805"><ele>318.25</ele></trkpt>
   <trkpt lat="51.381818" lon="10.263001"><ele>316.5</ele></trkpt>
   <trkpt lat="51.382291" lon="10.261865"><ele>316.75</ele></trkpt>
   <trkpt lat="51.382522" lon="10.261266"><ele>317</ele></trkpt>
   <trkpt lat="51.382751" lon="10.26056"><ele>316.75</ele></trkpt>
   <trkpt lat="51.383673" lon="10.257609"><ele>318</ele></trkpt>
   <trkpt lat="51.384047" lon="10.256391"><ele>311.75</ele></trkpt>
   <trkpt lat="51.38476" lon="10.254077"><ele>311</ele></trkpt>
   <trkpt lat="51.385104" lon="10.252967"><ele>313.5</ele></trkpt>
   <trkpt lat="51.385481" lon="10.25173"><ele>312</ele></trkpt>
   <trkpt lat="51.385941" lon="10.250427"><ele>313.25</ele></trkpt>
   <trkpt lat="51.386433" lon="10.249148"><ele>312.5</ele></trkpt>
   <trkpt lat="51.389456" lon="10.241168"><ele>306.25</ele></trkpt>
   <trkpt lat="51.389751" lon="10.240384"><ele>304.5</ele></trkpt>
   <trkpt lat="51.389768" lon="10.24034"><ele>304.5</ele></trkpt>
   <trkpt lat="51.389773" lon="10.240325"><ele>304.5</ele></trkpt>
   <trkpt lat="51.390218" lon="10.239146"><ele>299.5</ele></trkpt>
   <trkpt lat="51.390439" lon="10.238441"><ele>298</ele></trkpt>
   <trkpt lat="51.390615" lon="10.237821"><ele>301</ele></trkpt>
   <trkpt lat="51.390666" lon="10.237602"><ele>302.5</ele></trkpt>
   <trkpt lat="51.390763" lon="10.237053"><ele>306.25</ele></trkpt>
   <trkpt lat="51.390845" lon="10.236467"><ele>309.75</ele></trkpt>
   <trkpt lat="51.390888" lon="10.235999"><ele>311.25</ele></trkpt>
   <trkpt lat="51.390914" lon="10.235525"><ele>312.75</ele></trkpt>
   <trkpt lat="51.390914" lon="10.235056"><ele>314.25</ele></trkpt>
   <trkpt lat="51.390905" lon="10.234553"><ele>314.25</ele></trkpt>
   <trkpt lat="51.390861" lon="10.233944"><ele>314.25</ele></trkpt>
   <trkpt lat="51.390773" lon="10.233289"><ele>314</ele></trkpt>
   <trkpt lat="51.390628" lon="10.232128"><ele>306.5</ele></trkpt>
   <trkpt lat="51.390463" lon="10.230947"><ele>299.75</ele></trkpt>
   <trkpt lat="51.390407" lon="10.230352"><ele>296.25</ele></trkpt>
   <trkpt lat="51.390373" lon="10.229535"><ele>293.5</ele></trkpt>
   <trkpt lat="51.390389" lon="10.228723"><ele>292.25</ele></trkpt>
   <trkpt lat="51.390462" lon="10.227882"><ele>293.25</ele></trkpt>
   <trkpt lat="51.390588" lon="10.22708"><ele>294.75</ele></trkpt>
   <trkpt lat="51.390705" lon="10.226576"><ele>295.75</ele></trkpt>
   <trkpt lat="51.390811" lon="10.226118"><ele>299.25</ele></trkpt>
   <trkpt lat="51.390987" lon="10.225578"><ele>302</ele></trkpt>
   <trkpt lat="51.391328" lon="10.224649"><ele>304.25</ele></trkpt>
   <trkpt lat="51.392429" lon="10.221949"><ele>302</ele></trkpt>
   <trkpt lat="51.392717" lon="10.221146"><ele>300</ele></trkpt>
   <trkpt lat="51.392879" lon="10.220671"><ele>299.25</ele></trkpt>
   <trkpt lat="51.393067" lon="10.219914"><ele>299.25</ele></trkpt>
   <trkpt lat="51.393209" lon="10.219161"><ele>299.25</ele></trkpt>
   <trkpt lat="51.393305" lon="10.218247"><ele>299</ele></trkpt>
   <trkpt lat="51.393338" lon="10.217362"><ele>297.75</ele></trkpt>
   <trkpt lat="51.393464" lon="10.211862"><ele>290.5</ele></trkpt>
   <trkpt lat="51.393491" lon="10.210338"><ele>295</ele></trkpt>
   <trkpt lat="51.393506" lon="10.209482"><ele>295</ele></trkpt>
   <trkpt lat="51.393514" lon="10.209035"><ele>294.25</ele></trkpt>
   <trkpt lat="51.39352" lon="10.208728"><ele>294</ele></trkpt>
   <trkpt lat="51.393523" lon="10.208509"><ele>294</ele></trkpt>
   <trkpt lat="51.393529" lon="10.20826"><ele>293.5</ele></trkpt>
   <trkpt lat="51.393562" lon="10.207164"><ele>288.5</ele></trkpt>
   <trkpt lat="51.393653" lon="10.202191"><ele>288.75</ele></trkpt>
   <trkpt lat="51.393677" lon="10.201165"><ele>288.75</ele></trkpt>
   <trkpt lat="51.393618" lon="10.200158"><ele>288.5</ele></trkpt>
   <trkpt lat="51.393521" lon="10.199278"><ele>287</ele></trkpt>
   <trkpt lat="51.393392" lon="10.19843"><ele>286</ele></trkpt>
   <trkpt lat="51.393341" lon="10.198145"><ele>285.5</ele></trkpt>
   <trkpt lat="51.39314" lon="10.197005"><ele>287.5</ele></trkpt>
   <trkpt lat="51.392783" lon="10.195128"><ele>289.5</ele></trkpt>
   <trkpt lat="51.392575" lon="10.194007"><ele>286.25</ele></trkpt>
   <trkpt lat="51.392444" lon="10.193047"><ele>282.75</ele></trkpt>
   <trkpt lat="51.392399" lon="10.192521"><ele>279.5</ele></trkpt>
   <trkpt lat="51.39238" lon="10.192196"><ele>277.5</ele></trkpt>
   <trkpt lat="51.392377" lon="10.191982"><ele>276.25</ele></trkpt>
   <trkpt lat="51.392379" lon="10.191255"><ele>273.75</ele></trkpt>
   <trkpt lat="51.392405" lon="10.190697"><ele>273</ele></trkpt>
   <trkpt lat="51.392437" lon="10.190366"><ele>273</ele></trkpt>
   <trkpt lat="51.39249" lon="10.189882"><ele>273.25</ele></trkpt>
   <trkpt lat="51.392657" lon="10.188869"><ele>274.75</ele></trkpt>
   <trkpt lat="51.392837" lon="10.187907"><ele>276.75</ele></trkpt>
   <trkpt lat="51.392876" lon="10.187702"><ele>277.75</ele></trkpt>
   <trkpt lat="51.393287" lon="10.185473"><ele>281.25</ele></trkpt>
   <trkpt lat="51.393368" lon="10.184646"><ele>281.75</ele></trkpt>
   <trkpt lat="51.393405" lon="10.183842"><ele>281.75</ele></trkpt>
   <trkpt lat="51.393397" lon="10.183246"><ele>282.25</ele></trkpt>
   <trkpt lat="51.393361" lon="10.182575"><ele>280.5</ele></trkpt>
   <trkpt lat="51.393309" lon="10.181971"><ele>279.5</ele></trkpt>
   <trkpt lat="51.393203" lon="10.181136"><ele>277.5</ele></trkpt>
   <trkpt lat="51.392904" lon="10.179019"><ele>275.5</ele></trkpt>
   <trkpt lat="51.392902" lon="10.179004"><ele>275.5</ele></trkpt>
   <trkpt lat="51.392458" lon="10.175844"><ele>271.25</ele></trkpt>
   <trkpt lat="51.391936" lon="10.172191"><ele>272</ele></trkpt>
   <trkpt lat="51.391799" lon="10.171376"><ele>272</ele></trkpt>
   <trkpt lat="51.391685" lon="10.170793"><ele>269.75</ele></trkpt>
   <trkpt lat="51.391528" lon="10.170106"><ele>267.25</ele></trkpt>
   <trkpt lat="51.391315" lon="10.169324"><ele>270</ele></trkpt>
   <trkpt lat="51.391227" lon="10.169003"><ele>270.75</ele></trkpt>
   <trkpt lat="51.390239" lon="10.16558"><ele>266.75</ele></trkpt>
   <trkpt lat="51.389224" lon="10.162063"><ele>264</ele></trkpt>
   <trkpt lat="51.388783" lon="10.16067"><ele>266.75</ele></trkpt>
   <trkpt lat="51.388619" lon="10.160205"><ele>267</ele></trkpt>
   <trkpt lat="51.388373" lon="10.159507"><ele>266.5</ele></trkpt>
   <trkpt lat="51.387896" lon="10.158294"><ele>264.75</ele></trkpt>
   <trkpt lat="51.387343" lon="10.157064"><ele>260.5</ele></trkpt>
   <trkpt lat="51.387289" lon="10.156952"><ele>260.75</ele></trkpt>
   <trkpt lat="51.386762" lon="10.155909"><ele>262.5</ele></trkpt>
   <trkpt lat="51.386635" lon="10.155675"><ele>263</ele></trkpt>
   <trkpt lat="51.385399" lon="10.153596"><ele>264.25</ele></trkpt>
   <trkpt lat="51.384627" lon="10.152274"><ele>261.5</ele></trkpt>
   <trkpt lat="51.38455" lon="10.152148"><ele>261</ele></trkpt>
   <trkpt lat="51.384261" lon="10.151643"><ele>258.75</ele></trkpt>
   <trkpt lat="51.383923" lon="10.151074"><ele>259.5</ele></trkpt>
   <trkpt lat="51.383872" lon="10.151002"><ele>259.5</ele></trkpt>
   <trkpt lat="51.383017" lon="10.149585"><ele>262</ele></trkpt>
   <trkpt lat="51.38301" lon="10.149574"><ele>262</ele></trkpt>
   <trkpt lat="51.382949" lon="10.149477"><ele>262.25</ele></trkpt>
   <trkpt lat="51.382368" lon="10.148522"><ele>260.75</ele></trkpt>
   <trkpt lat="51.382171" lon="10.148142"><ele>260</ele></trkpt>
   <trkpt lat="51.381888" lon="10.147569"><ele>259</ele></trkpt>
   <trkpt lat="51.381668" lon="10.147006"><ele>257.75</ele></trkpt>
   <trkpt lat="51.381524" lon="10.146586"><ele>257.75</ele></trkpt>
   <trkpt lat="51.381394" lon="10.146175"><ele>259.75</ele></trkpt>
   <trkpt lat="51.381277" lon="10.145718"><ele>261.25</ele></trkpt>
   <trkpt lat="51.3812" lon="10.14539"><ele>261.75</ele></trkpt>
   <trkpt lat="51.381138" lon="10.145086"><ele>262</ele></trkpt>
   <trkpt lat="51.38108" lon="10.144717"><ele>261.75</ele></trkpt>
   <trkpt lat="51.381031" lon="10.144351"><ele>261.25</ele></trkpt>
   <trkpt lat="51.38098" lon="10.143734"><ele>260.75</ele></trkpt>
   <trkpt lat="51.380962" lon="10.143407"><ele>260.75</ele></trkpt>
   <trkpt lat="51.380955" lon="10.143069"><ele>260.5</ele></trkpt>
   <trkpt lat="51.380956" lon="10.142853"><ele>260.25</ele></trkpt>
   <trkpt lat="51.380961" lon="10.142571"><ele>260</ele></trkpt>
   <trkpt lat="51.380993" lon="10.142003"><ele>260.5</ele></trkpt>
   <trkpt lat="51.381065" lon="10.141241"><ele>260.5</ele></trkpt>
   <trkpt lat="51.38134" lon="10.13905"><ele>259.5</ele></trkpt>
   <trkpt lat="51.381436" lon="10.138234"><ele>259</ele></trkpt>
   <trkpt lat="51.381505" lon="10.13761"><ele>258.25</ele></trkpt>
   <trkpt lat="51.381564" lon="10.136995"><ele>258.25</ele></trkpt>
   <trkpt lat="51.381587" lon="10.136353"><ele>258.75</ele></trkpt>
   <trkpt lat="51.381588" lon="10.136148"><ele>259</ele></trkpt>
   <trkpt lat="51.38159" lon="10.135808"><ele>259.25</ele></trkpt>
   <trkpt lat="51.381571" lon="10.135286"><ele>259.25</ele></trkpt>
   <trkpt lat="51.381496" lon="10.134534"><ele>257.25</ele></trkpt>
   <trkpt lat="51.381418" lon="10.133991"><ele>255.25</ele></trkpt>
   <trkpt lat="51.381322" lon="10.133523"><ele>254</ele></trkpt>
   <trkpt lat="51.381206" lon="10.133023"><ele>253.5</ele></trkpt>
   <trkpt lat="51.381015" lon="10.132364"><ele>252.5</ele></trkpt>
   <trkpt lat="51.380882" lon="10.131986"><ele>251.5</ele></trkpt>
   <trkpt lat="51.380737" lon="10.131624"><ele>250.75</ele></trkpt>
   <trkpt lat="51.380274" lon="10.13064"><ele>250.25</ele></trkpt>
   <trkpt lat="51.379776" lon="10.129506"><ele>249.5</ele></trkpt>
   <trkpt lat="51.379709" lon="10.129363"><ele>249.5</ele></trkpt>
   <trkpt lat="51.37935" lon="10.128545"><ele>249.25</ele></trkpt>
   <trkpt lat="51.37883" lon="10.127458"><ele>251.25</ele></trkpt>
   <trkpt lat="51.378648" lon="10.127026"><ele>251</ele></trkpt>
   <trkpt lat="51.378107" lon="10.125868"><ele>252.25</ele></trkpt>
   <trkpt lat="51.377802" lon="10.12525"><ele>252</ele></trkpt>
   <trkpt lat="51.377253" lon="10.124096"><ele>253</ele></trkpt>
   <trkpt lat="51.376954" lon="10.123494"><ele>253.25</ele></trkpt>
   <trkpt lat="51.376671" lon="10.12292"><ele>254</ele></trkpt>
   <trkpt lat="51.376384" lon="10.122397"><ele>254.75</ele></trkpt>
   <trkpt lat="51.376036" lon="10.121681"><ele>253</ele></trkpt>
   <trkpt lat="51.375987" lon="10.121582"><ele>252.5</ele></trkpt>
   <trkpt lat="51.375829" lon="10.121176"><ele>251.5</ele></trkpt>
   <trkpt lat="51.375807" lon="10.121125"><ele>251.75</ele></trkpt>
   <trkpt lat="51.375667" lon="10.12079"><ele>251.75</ele></trkpt>
   <trkpt lat="51.375463" lon="10.120262"><ele>251</ele></trkpt>
   <trkpt lat="51.375251" lon="10.119473"><ele>250.75</ele></trkpt>
   <trkpt lat="51.37502" lon="10.118344"><ele>250</ele></trkpt>
   <trkpt lat="51.374782" lon="10.117183"><ele>249.5</ele></trkpt>
   <trkpt lat="51.374439" lon="10.115752"><ele>246.25</ele></trkpt>
   <trkpt lat="51.374424" lon="10.115678"><ele>246</ele></trkpt>
   <trkpt lat="51.373978" lon="10.113393"><ele>245.25</ele></trkpt>
   <trkpt lat="51.373975" lon="10.113378"><ele>245.25</ele></trkpt>
   <trkpt lat="51.373676" lon="10.111848"><ele>243.75</ele></trkpt>
   <trkpt lat="51.373312" lon="10.109984"><ele>240.75</ele></trkpt>
   <trkpt lat="51.373208" lon="10.109447"><ele>240.75</ele></trkpt>
   <trkpt lat="51.372985" lon="10.108187"><ele>241.25</ele></trkpt>
   <trkpt lat="51.372946" lon="10.107919"><ele>242.5</ele></trkpt>
   <trkpt lat="51.372863" lon="10.107349"><ele>244.75</ele></trkpt>
   <trkpt lat="51.372557" lon="10.104676"><ele>248.75</ele></trkpt>
   <trkpt lat="51.371909" lon="10.09904"><ele>237.25</ele></trkpt>
   <trkpt lat="51.371768" lon="10.097834"><ele>237</ele></trkpt>
   <trkpt lat="51.371405" lon="10.094692"><ele>236.25</ele></trkpt>
   <trkpt lat="51.371209" lon="10.093461"><ele>236</ele></trkpt>
   <trkpt lat="51.371143" lon="10.093151"><ele>235.75</ele></trkpt>
   <trkpt lat="51.37096" lon="10.092375"><ele>234.75</ele></trkpt>
   <trkpt lat="51.37079" lon="10.091847"><ele>235</ele></trkpt>
   <trkpt lat="51.370371" lon="10.090702"><ele>234.5</ele></trkpt>
   <trkpt lat="51.36979" lon="10.089222"><ele>238.5</ele></trkpt>
   <trkpt lat="51.369707" lon="10.089009"><ele>239</ele></trkpt>
   <trkpt lat="51.366978" lon="10.08205"><ele>236</ele></trkpt>
   <trkpt lat="51.366772" lon="10.081403"><ele>234.5</ele></trkpt>
   <trkpt lat="51.366578" lon="10.080827"><ele>233.75</ele></trkpt>
   <trkpt lat="51.36642" lon="10.080208"><ele>234.25</ele></trkpt>
   <trkpt lat="51.36638" lon="10.080052"><ele>234.5</ele></trkpt>
   <trkpt lat="51.366345" lon="10.079874"><ele>234.75</ele></trkpt>
   <trkpt lat="51.366206" lon="10.07916"><ele>235.25</ele></trkpt>
   <trkpt lat="51.366139" lon="10.078721"><ele>235.25</ele></trkpt>
   <trkpt lat="51.366094" lon="10.078365"><ele>235.25</ele></trkpt>
   <trkpt lat="51.366031" lon="10.077665"><ele>235.5</ele></trkpt>
   <trkpt lat="51.365962" lon="10.076707"><ele>236</ele></trkpt>
   <trkpt lat="51.365906" lon="10.07578"><ele>234</ele></trkpt>
   <trkpt lat="51.365735" lon="10.072709"><ele>231.75</ele></trkpt>
   <trkpt lat="51.365569" lon="10.06974"><ele>229</ele></trkpt>
   <trkpt lat="51.365558" lon="10.069324"><ele>229.5</ele></trkpt>
   <trkpt lat="51.365557" lon="10.068854"><ele>229.5</ele></trkpt>
   <trkpt lat="51.365563" lon="10.06858"><ele>229.5</ele></trkpt>
   <trkpt lat="51.365566" lon="10.068402"><ele>229.5</ele></trkpt>
   <trkpt lat="51.365575" lon="10.068212"><ele>229.75</ele></trkpt>
   <trkpt lat="51.36559" lon="10.067889"><ele>230.25</ele></trkpt>
   <trkpt lat="51.365631" lon="10.067369"><ele>231</ele></trkpt>
   <trkpt lat="51.365649" lon="10.067219"><ele>231.25</ele></trkpt>
   <trkpt lat="51.365688" lon="10.066878"><ele>231.75</ele></trkpt>
   <trkpt lat="51.365763" lon="10.066377"><ele>231.5</ele></trkpt>
   <trkpt lat="51.365843" lon="10.065943"><ele>230.5</ele></trkpt>
   <trkpt lat="51.365936" lon="10.065521"><ele>230.5</ele></trkpt>
   <trkpt lat="51.366071" lon="10.064965"><ele>231.25</ele></trkpt>
   <trkpt lat="51.366228" lon="10.064438"><ele>231.75</ele></trkpt>
   <trkpt lat="51.366299" lon="10.06424"><ele>231.75</ele></trkpt>
   <trkpt lat="51.366518" lon="10.063625"><ele>230.25</ele></trkpt>
   <trkpt lat="51.366722" lon="10.063132"><ele>228.75</ele></trkpt>
   <trkpt lat="51.366797" lon="10.062951"><ele>228.5</ele></trkpt>
   <trkpt lat="51.366834" lon="10.062867"><ele>228.5</ele></trkpt>
   <trkpt lat="51.366843" lon="10.062846"><ele>228.5</ele></trkpt>
   <trkpt lat="51.366987" lon="10.06252"><ele>228</ele></trkpt>
   <trkpt lat="51.367275" lon="10.061877"><ele>227.25</ele></trkpt>
   <trkpt lat="51.367502" lon="10.061378"><ele>226.5</ele></trkpt>
   <trkpt lat="51.36755" lon="10.061272"><ele>226.5</ele></trkpt>
   <trkpt lat="51.36858" lon="10.058997"><ele>225</ele></trkpt>
   <trkpt lat="51.369363" lon="10.057262"><ele>224.75</ele></trkpt>
   <trkpt lat="51.370538" lon="10.054624"><ele>221</ele></trkpt>
   <trkpt lat="51.370936" lon="10.053729"><ele>221.5</ele></trkpt>
   <trkpt lat="51.371508" lon="10.05244"><ele>222.5</ele></trkpt>
   <trkpt lat="51.371614" lon="10.052186"><ele>222.5</ele></trkpt>
   <trkpt lat="51.371766" lon="10.051832"><ele>223.5</ele></trkpt>
   <trkpt lat="51.371973" lon="10.051246"><ele>225.25</ele></trkpt>
   <trkpt lat="51.372243" lon="10.050366"><ele>226</ele></trkpt>
   <trkpt lat="51.372344" lon="10.049949"><ele>225.75</ele></trkpt>
   <trkpt lat="51.372439" lon="10.049522"><ele>225.25</ele></trkpt>
   <trkpt lat="51.372539" lon="10.048979"><ele>225</ele></trkpt>
   <trkpt lat="51.372624" lon="10.048407"><ele>224.5</ele></trkpt>
   <trkpt lat="51.372679" lon="10.047888"><ele>224.25</ele></trkpt>
   <trkpt lat="51.37272" lon="10.047341"><ele>224</ele></trkpt>
   <trkpt lat="51.372752" lon="10.046724"><ele>223.75</ele></trkpt>
   <trkpt lat="51.372838" lon="10.043669"><ele>221.75</ele></trkpt>
   <trkpt lat="51.372867" lon="10.042584"><ele>221.25</ele></trkpt>
   <trkpt lat="51.372872" lon="10.042409"><ele>221.25</ele></trkpt>
   <trkpt lat="51.372878" lon="10.042197"><ele>221.25</ele></trkpt>
   <trkpt lat="51.372895" lon="10.041568"><ele>221.5</ele></trkpt>
   <trkpt lat="51.372926" lon="10.040466"><ele>222</ele></trkpt>
   <trkpt lat="51.372985" lon="10.038427"><ele>228</ele></trkpt>
   <trkpt lat="51.372984" lon="10.038412"><ele>228.25</ele></trkpt>
   <trkpt lat="51.373033" lon="10.036408"><ele>229.75</ele></trkpt>
   <trkpt lat="51.373102" lon="10.035605"><ele>227.5</ele></trkpt>
   <trkpt lat="51.373199" lon="10.034842"><ele>225.75</ele></trkpt>
   <trkpt lat="51.373372" lon="10.033896"><ele>223.25</ele></trkpt>
   <trkpt lat="51.373492" lon="10.033426"><ele>222.25</ele></trkpt>
   <trkpt lat="51.37363" lon="10.032974"><ele>221.5</ele></trkpt>
   <trkpt lat="51.373897" lon="10.032167"><ele>219.75</ele></trkpt>
   <trkpt lat="51.374088" lon="10.031651"><ele>217.75</ele></trkpt>
   <trkpt lat="51.374729" lon="10.029913"><ele>216.75</ele></trkpt>
   <trkpt lat="51.374823" lon="10.02966"><ele>217.25</ele></trkpt>
   <trkpt lat="51.374926" lon="10.02934"><ele>217.25</ele></trkpt>
   <trkpt lat="51.375113" lon="10.028733"><ele>217</ele></trkpt>
   <trkpt lat="51.375287" lon="10.028048"><ele>216.75</ele></trkpt>
   <trkpt lat="51.37539" lon="10.027558"><ele>217.25</ele></trkpt>
   <trkpt lat="51.375462" lon="10.027154"><ele>217.5</ele></trkpt>
   <trkpt lat="51.375602" lon="10.026131"><ele>218</ele></trkpt>
   <trkpt lat="51.375653" lon="10.025372"><ele>218.25</ele></trkpt>
   <trkpt lat="51.375671" lon="10.024746"><ele>218</ele></trkpt>
   <trkpt lat="51.375651" lon="10.024086"><ele>217.25</ele></trkpt>
   <trkpt lat="51.375589" lon="10.0234"><ele>217.5</ele></trkpt>
   <trkpt lat="51.375544" lon="10.02297"><ele>217.5</ele></trkpt>
   <trkpt lat="51.375513" lon="10.022754"><ele>217.5</ele></trkpt>
   <trkpt lat="51.375419" lon="10.022156"><ele>217.25</ele></trkpt>
   <trkpt lat="51.375297" lon="10.021558"><ele>217.5</ele></trkpt>
   <trkpt lat="51.375168" lon="10.021061"><ele>217</ele></trkpt>
   <trkpt lat="51.375012" lon="10.020539"><ele>216.5</ele></trkpt>
   <trkpt lat="51.374663" lon="10.019397"><ele>217</ele></trkpt>
   <trkpt lat="51.374611" lon="10.019227"><ele>217</ele></trkpt>
   <trkpt lat="51.374555" lon="10.019045"><ele>216.75</ele></trkpt>
   <trkpt lat="51.373841" lon="10.016726"><ele>214.5</ele></trkpt>
   <trkpt lat="51.373521" lon="10.015691"><ele>214</ele></trkpt>
   <trkpt lat="51.373519" lon="10.01568"><ele>214</ele></trkpt>
   <trkpt lat="51.372616" lon="10.012737"><ele>215.5</ele></trkpt>
   <trkpt lat="51.372452" lon="10.012139"><ele>216.25</ele></trkpt>
   <trkpt lat="51.372292" lon="10.011388"><ele>217.75</ele></trkpt>
   <trkpt lat="51.372174" lon="10.010593"><ele>217.25</ele></trkpt>
   <trkpt lat="51.372101" lon="10.009821"><ele>216.5</ele></trkpt>
   <trkpt lat="51.372075" lon="10.009245"><ele>215.75</ele></trkpt>
   <trkpt lat="51.372065" lon="10.0087"><ele>215.25</ele></trkpt>
   <trkpt lat="51.372083" lon="10.008136"><ele>216.25</ele></trkpt>
   <trkpt lat="51.372117" lon="10.007568"><ele>219.5</ele></trkpt>
   <trkpt lat="51.372185" lon="10.006915"><ele>221.75</ele></trkpt>
   <trkpt lat="51.372294" lon="10.0062"><ele>226.5</ele></trkpt>
   <trkpt lat="51.372964" lon="10.002825"><ele>224.5</ele></trkpt>
   <trkpt lat="51.373334" lon="10.001204"><ele>211.75</ele></trkpt>
   <trkpt lat="51.373487" lon="10.000673"><ele>210.5</ele></trkpt>
   <trkpt lat="51.37366" lon="10.000159"><ele>210</ele></trkpt>
   <trkpt lat="51.373852" lon="9.999731"><ele>209.75</ele></trkpt>
   <trkpt lat="51.37407" lon="9.999282"><ele>209</ele></trkpt>
   <trkpt lat="51.374272" lon="9.998921"><ele>209.75</ele></trkpt>
   <trkpt lat="51.3744" lon="9.998715"><ele>210.25</ele></trkpt>
   <trkpt lat="51.374522" lon="9.998519"><ele>210.5</ele></trkpt>
   <trkpt lat="51.374752" lon="9.998206"><ele>211</ele></trkpt>
   <trkpt lat="51.374996" lon="9.997916"><ele>211.25</ele></trkpt>
   <trkpt lat="51.375225" lon="9.997664"><ele>212.75</ele></trkpt>
   <trkpt lat="51.376093" lon="9.996856"><ele>210</ele></trkpt>
   <trkpt lat="51.376427" lon="9.996516"><ele>207.5</ele></trkpt>
   <trkpt lat="51.376764" lon="9.996167"><ele>208.25</ele></trkpt>
   <trkpt lat="51.377011" lon="9.995838"><ele>210.25</ele></trkpt>
   <trkpt lat="51.377073" lon="9.995751"><ele>210.75</ele></trkpt>
   <trkpt lat="51.37717" lon="9.995604"><ele>211.75</ele></trkpt>
   <trkpt lat="51.377253" lon="9.995471"><ele>212.5</ele></trkpt>
   <trkpt lat="51.377455" lon="9.995103"><ele>215</ele></trkpt>
   <trkpt lat="51.37758" lon="9.994858"><ele>218.25</ele></trkpt>
   <trkpt lat="51.37772" lon="9.994547"><ele>222</ele></trkpt>
   <trkpt lat="51.377829" lon="9.994252"><ele>224.75</ele></trkpt>
   <trkpt lat="51.377935" lon="9.993934"><ele>226.5</ele></trkpt>
   <trkpt lat="51.378104" lon="9.993301"><ele>227</ele></trkpt>
   <trkpt lat="51.378232" lon="9.992709"><ele>224.5</ele></trkpt>
   <trkpt lat="51.378328" lon="9.991991"><ele>223.5</ele></trkpt>
   <trkpt lat="51.37839" lon="9.99121"><ele>220.5</ele></trkpt>
   <trkpt lat="51.378401" lon="9.99055"><ele>215.75</ele></trkpt>
   <trkpt lat="51.378345" lon="9.989884"><ele>212</ele></trkpt>
   <trkpt lat="51.37829" lon="9.989456"><ele>211.25</ele></trkpt>
   <trkpt lat="51.378204" lon="9.988986"><ele>211</ele></trkpt>
   <trkpt lat="51.378102" lon="9.98857"><ele>211.25</ele></trkpt>
   <trkpt lat="51.377931" lon="9.987928"><ele>211</ele></trkpt>
   <trkpt lat="51.377729" lon="9.987415"><ele>210.5</ele></trkpt>
   <trkpt lat="51.377509" lon="9.986945"><ele>208.75</ele></trkpt>
   <trkpt lat="51.377259" lon="9.986487"><ele>209.25</ele></trkpt>
   <trkpt lat="51.377005" lon="9.986091"><ele>210.25</ele></trkpt>
   <trkpt lat="51.376384" lon="9.985049"><ele>210</ele></trkpt>
   <trkpt lat="51.376121" lon="9.984561"><ele>212.5</ele></trkpt>
   <trkpt lat="51.376044" lon="9.984418"><ele>213</ele></trkpt>
   <trkpt lat="51.375765" lon="9.98376"><ele>213.5</ele></trkpt>
   <trkpt lat="51.375662" lon="9.983484"><ele>214.25</ele></trkpt>
   <trkpt lat="51.375571" lon="9.983193"><ele>214.5</ele></trkpt>
   <trkpt lat="51.375436" lon="9.982653"><ele>213.75</ele></trkpt>
   <trkpt lat="51.375328" lon="9.982114"><ele>211.5</ele></trkpt>
   <trkpt lat="51.375243" lon="9.981479"><ele>209.75</ele></trkpt>
   <trkpt lat="51.375196" lon="9.981007"><ele>211.25</ele></trkpt>
   <trkpt lat="51.375182" lon="9.980755"><ele>212</ele></trkpt>
   <trkpt lat="51.375167" lon="9.980126"><ele>213.5</ele></trkpt>
   <trkpt lat="51.375185" lon="9.979501"><ele>214.75</ele></trkpt>
   <trkpt lat="51.375227" lon="9.978824"><ele>215.75</ele></trkpt>
   <trkpt lat="51.375315" lon="9.977706"><ele>216</ele></trkpt>
   <trkpt lat="51.375341" lon="9.976701"><ele>217.25</ele></trkpt>
   <trkpt lat="51.375339" lon="9.976358"><ele>215.75</ele></trkpt>
   <trkpt lat="51.375324" lon="9.976026"><ele>214.5</ele></trkpt>
   <trkpt lat="51.375297" lon="9.975732"><ele>213.75</ele></trkpt>
   <trkpt lat="51.375213" lon="9.975035"><ele>212.25</ele></trkpt>
   <trkpt lat="51.375122" lon="9.974396"><ele>211.5</ele></trkpt>
   <trkpt lat="51.374929" lon="9.973089"><ele>210.25</ele></trkpt>
   <trkpt lat="51.374888" lon="9.9728"><ele>210.25</ele></trkpt>
   <trkpt lat="51.374868" lon="9.97266"><ele>210.25</ele></trkpt>
   <trkpt lat="51.374798" lon="9.972088"><ele>210.5</ele></trkpt>
   <trkpt lat="51.374765" lon="9.971732"><ele>210.75</ele></trkpt>
   <trkpt lat="51.374747" lon="9.971369"><ele>211.25</ele></trkpt>
   <trkpt lat="51.374746" lon="9.970735"><ele>212</ele></trkpt>
   <trkpt lat="51.374778" lon="9.970062"><ele>211.5</ele></trkpt>
   <trkpt lat="51.374814" lon="9.969703"><ele>211.25</ele></trkpt>
   <trkpt lat="51.374864" lon="9.969316"><ele>211</ele></trkpt>
   <trkpt lat="51.374926" lon="9.968936"><ele>210.75</ele></trkpt>
   <trkpt lat="51.375022" lon="9.968474"><ele>210.5</ele></trkpt>
   <trkpt lat="51.375139" lon="9.967982"><ele>212.25</ele></trkpt>
   <trkpt lat="51.37562" lon="9.9661"><ele>217.75</ele></trkpt>
   <trkpt lat="51.376443" lon="9.962874"><ele>211.5</ele></trkpt>
   <trkpt lat="51.37648" lon="9.96269"><ele>210.5</ele></trkpt>
   <trkpt lat="51.376629" lon="9.961953"><ele>208</ele></trkpt>
   <trkpt lat="51.376681" lon="9.961556"><ele>207.75</ele></trkpt>
   <trkpt lat="51.37676" lon="9.960823"><ele>208</ele></trkpt>
   <trkpt lat="51.376786" lon="9.960265"><ele>208.5</ele></trkpt>
   <trkpt lat="51.376786" lon="9.960187"><ele>208.5</ele></trkpt>
   <trkpt lat="51.376786" lon="9.959886"><ele>208.5</ele></trkpt>
   <trkpt lat="51.376776" lon="9.959501"><ele>208.25</ele></trkpt>
   <trkpt lat="51.376756" lon="9.959055"><ele>208.25</ele></trkpt>
   <trkpt lat="51.376755" lon="9.959041"><ele>208.25</ele></trkpt>
   <trkpt lat="51.376753" lon="9.958996"><ele>208.25</ele></trkpt>
   <trkpt lat="51.37664" lon="9.956927"><ele>207</ele></trkpt>
   <trkpt lat="51.376569" lon="9.955617"><ele>208.75</ele></trkpt>
   <trkpt lat="51.376558" lon="9.955382"><ele>209</ele></trkpt>
   <trkpt lat="51.376145" lon="9.947823"><ele>219.75</ele></trkpt>
   <trkpt lat="51.376144" lon="9.947804"><ele>220</ele></trkpt>
   <trkpt lat="51.376126" lon="9.94749"><ele>220.25</ele></trkpt>
   <trkpt lat="51.376054" lon="9.946161"><ele>220.5</ele></trkpt>
   <trkpt lat="51.376052" lon="9.946142"><ele>220.5</ele></trkpt>
   <trkpt lat="51.376049" lon="9.946078"><ele>220.75</ele></trkpt>
   <trkpt lat="51.376039" lon="9.945901"><ele>220.75</ele></trkpt>
   <trkpt lat="51.376001" lon="9.945244"><ele>221.5</ele></trkpt>
   <trkpt lat="51.375985" lon="9.944662"><ele>222</ele></trkpt>
   <trkpt lat="51.375985" lon="9.944463"><ele>222.25</ele></trkpt>
   <trkpt lat="51.375985" lon="9.944208"><ele>222.5</ele></trkpt>
   <trkpt lat="51.375996" lon="9.943803"><ele>222.5</ele></trkpt>
   <trkpt lat="51.376018" lon="9.943367"><ele>222.5</ele></trkpt>
   <trkpt lat="51.376052" lon="9.94295"><ele>222</ele></trkpt>
   <trkpt lat="51.376108" lon="9.942403"><ele>221</ele></trkpt>
   <trkpt lat="51.376188" lon="9.941855"><ele>220.25</ele></trkpt>
   <trkpt lat="51.376343" lon="9.941013"><ele>218.75</ele></trkpt>
   <trkpt lat="51.376367" lon="9.940911"><ele>218.75</ele></trkpt>
   <trkpt lat="51.376442" lon="9.940593"><ele>218.25</ele></trkpt>
   <trkpt lat="51.376449" lon="9.940562"><ele>218.25</ele></trkpt>
   <trkpt lat="51.377101" lon="9.937926"><ele>220</ele></trkpt>
   <trkpt lat="51.377308" lon="9.937127"><ele>222.25</ele></trkpt>
   <trkpt lat="51.377639" lon="9.935851"><ele>226.75</ele></trkpt>
   <trkpt lat="51.377651" lon="9.935808"><ele>226.75</ele></trkpt>
   <trkpt lat="51.377782" lon="9.935306"><ele>227.5</ele></trkpt>
   <trkpt lat="51.37793" lon="9.934739"><ele>228.25</ele></trkpt>
   <trkpt lat="51.378138" lon="9.93386"><ele>228.75</ele></trkpt>
   <trkpt lat="51.378247" lon="9.9333"><ele>228.25</ele></trkpt>
   <trkpt lat="51.378272" lon="9.933163"><ele>228.5</ele></trkpt>
   <trkpt lat="51.378337" lon="9.932739"><ele>228.5</ele></trkpt>
   <trkpt lat="51.378365" lon="9.932519"><ele>228.75</ele></trkpt>
   <trkpt lat="51.378413" lon="9.932012"><ele>228.25</ele></trkpt>
   <trkpt lat="51.37843" lon="9.931697"><ele>228.25</ele></trkpt>
   <trkpt lat="51.37844" lon="9.931288"><ele>228.5</ele></trkpt>
   <trkpt lat="51.378436" lon="9.930975"><ele>229</ele></trkpt>
   <trkpt lat="51.37842" lon="9.930588"><ele>229.75</ele></trkpt>
   <trkpt lat="51.378398" lon="9.930284"><ele>230.25</ele></trkpt>
   <trkpt lat="51.378326" lon="9.929665"><ele>230.5</ele></trkpt>
   <trkpt lat="51.378278" lon="9.929363"><ele>230.5</ele></trkpt>
   <trkpt lat="51.378219" lon="9.929059"><ele>230.5</ele></trkpt>
   <trkpt lat="51.378154" lon="9.928771"><ele>230.75</ele></trkpt>
   <trkpt lat="51.378079" lon="9.928486"><ele>231.25</ele></trkpt>
   <trkpt lat="51.37797" lon="9.928128"><ele>231</ele></trkpt>
   <trkpt lat="51.377857" lon="9.927799"><ele>230.5</ele></trkpt>
   <trkpt lat="51.377759" lon="9.927544"><ele>230</ele></trkpt>
   <trkpt lat="51.377654" lon="9.927298"><ele>230</ele></trkpt>
   <trkpt lat="51.377305" lon="9.926598"><ele>230</ele></trkpt>
   <trkpt lat="51.37683" lon="9.925734"><ele>231.25</ele></trkpt>
   <trkpt lat="51.37637" lon="9.924992"><ele>231</ele></trkpt>
   <trkpt lat="51.375714" lon="9.924038"><ele>232.25</ele></trkpt>
   <trkpt lat="51.374849" lon="9.922735"><ele>235.25</ele></trkpt>
   <trkpt lat="51.374701" lon="9.922483"><ele>235.25</ele></trkpt>
   <trkpt lat="51.374561" lon="9.92219"><ele>235.5</ele></trkpt>
   <trkpt lat="51.374458" lon="9.921966"><ele>235.5</ele></trkpt>
   <trkpt lat="51.374349" lon="9.921661"><ele>235.25</ele></trkpt>
   <trkpt lat="51.374098" lon="9.920967"><ele>236.5</ele></trkpt>
   <trkpt lat="51.373964" lon="9.920637"><ele>237.5</ele></trkpt>
   <trkpt lat="51.37378" lon="9.920187"><ele>238.5</ele></trkpt>
   <trkpt lat="51.373472" lon="9.919605"><ele>240.75</ele></trkpt>
   <trkpt lat="51.373274" lon="9.91929"><ele>242</ele></trkpt>
   <trkpt lat="51.372112" lon="9.917496"><ele>239</ele></trkpt>
   <trkpt lat="51.371998" lon="9.917332"><ele>238.25</ele></trkpt>
   <trkpt lat="51.371853" lon="9.917122"><ele>237.25</ele></trkpt>
   <trkpt lat="51.371702" lon="9.916926"><ele>236</ele></trkpt>
   <trkpt lat="51.371429" lon="9.916574"><ele>235.5</ele></trkpt>
   <trkpt lat="51.370715" lon="9.915725"><ele>235.5</ele></trkpt>
   <trkpt lat="51.370705" lon="9.915713"><ele>235.5</ele></trkpt>
   <trkpt lat="51.370687" lon="9.915691"><ele>235.5</ele></trkpt>
   <trkpt lat="51.370365" lon="9.915313"><ele>235</ele></trkpt>
   <trkpt lat="51.366766" lon="9.911033"><ele>224.5</ele></trkpt>
   <trkpt lat="51.364488" lon="9.908362"><ele>220</ele></trkpt>
   <trkpt lat="51.363275" lon="9.90691"><ele>216.25</ele></trkpt>
   <trkpt lat="51.36316" lon="9.906773"><ele>216</ele></trkpt>
   <trkpt lat="51.362441" lon="9.905917"><ele>216.5</ele></trkpt>
   <trkpt lat="51.361153" lon="9.904386"><ele>215</ele></trkpt>
   <trkpt lat="51.360793" lon="9.903884"><ele>213</ele></trkpt>
   <trkpt lat="51.360657" lon="9.903711"><ele>212.25</ele></trkpt>
   <trkpt lat="51.360175" lon="9.903146"><ele>209.5</ele></trkpt>
   <trkpt lat="51.3597" lon="9.902586"><ele>210.5</ele></trkpt>
   <trkpt lat="51.3593" lon="9.902114"><ele>210</ele></trkpt>
   <trkpt lat="51.359048" lon="9.901797"><ele>209</ele></trkpt>
   <trkpt lat="51.358927" lon="9.901646"><ele>208.5</ele></trkpt>
   <trkpt lat="51.35844" lon="9.900985"><ele>208</ele></trkpt>
   <trkpt lat="51.358174" lon="9.900536"><ele>207.5</ele></trkpt>
   <trkpt lat="51.357926" lon="9.900116"><ele>206.75</ele></trkpt>
   <trkpt lat="51.357558" lon="9.899349"><ele>205</ele></trkpt>
   <trkpt lat="51.357284" lon="9.898675"><ele>204</ele></trkpt>
   <trkpt lat="51.356711" lon="9.896975"><ele>202.75</ele></trkpt>
   <trkpt lat="51.355069" lon="9.89199"><ele>199.5</ele></trkpt>
   <trkpt lat="51.354176" lon="9.889284"><ele>197.75</ele></trkpt>
   <trkpt lat="51.354041" lon="9.888874"><ele>197</ele></trkpt>
   <trkpt lat="51.353989" lon="9.888712"><ele>196.75</ele></trkpt>
   <trkpt lat="51.353684" lon="9.887794"><ele>195</ele></trkpt>
   <trkpt lat="51.351026" lon="9.879736"><ele>193.5</ele></trkpt>
   <trkpt lat="51.350988" lon="9.879603"><ele>194.5</ele></trkpt>
   <trkpt lat="51.350937" lon="9.879436"><ele>195.25</ele></trkpt>
   <trkpt lat="51.350813" lon="9.879007"><ele>197</ele></trkpt>
   <trkpt lat="51.350707" lon="9.878554"><ele>198.5</ele></trkpt>
   <trkpt lat="51.350634" lon="9.87816"><ele>199.5</ele></trkpt>
   <trkpt lat="51.350568" lon="9.877756"><ele>199.5</ele></trkpt>
   <trkpt lat="51.35052" lon="9.877387"><ele>199.75</ele></trkpt>
   <trkpt lat="51.350472" lon="9.876612"><ele>201.25</ele></trkpt>
   <trkpt lat="51.350474" lon="9.875949"><ele>197.25</ele></trkpt>
   <trkpt lat="51.350524" lon="9.87523"><ele>195.75</ele></trkpt>
   <trkpt lat="51.350575" lon="9.874793"><ele>194</ele></trkpt>
   <trkpt lat="51.350686" lon="9.874169"><ele>190</ele></trkpt>
   <trkpt lat="51.350906" lon="9.873279"><ele>187.25</ele></trkpt>
   <trkpt lat="51.351339" lon="9.871869"><ele>182.75</ele></trkpt>
   <trkpt lat="51.351531" lon="9.871266"><ele>182.25</ele></trkpt>
   <trkpt lat="51.351776" lon="9.870473"><ele>179.5</ele></trkpt>
   <trkpt lat="51.351955" lon="9.869696"><ele>177.5</ele></trkpt>
   <trkpt lat="51.352097" lon="9.868872"><ele>180.5</ele></trkpt>
   <trkpt lat="51.352159" lon="9.86811"><ele>182.25</ele></trkpt>
   <trkpt lat="51.35217" lon="9.867562"><ele>183.25</ele></trkpt>
   <trkpt lat="51.352155" lon="9.867065"><ele>183.5</ele></trkpt>
   <trkpt lat="51.352085" lon="9.866199"><ele>184.75</ele></trkpt>
   <trkpt lat="51.351828" lon="9.864215"><ele>188.25</ele></trkpt>
   <trkpt lat="51.351641" lon="9.862751"><ele>187.75</ele></trkpt>
   <trkpt lat="51.351522" lon="9.861808"><ele>187.25</ele></trkpt>
   <trkpt lat="51.351393" lon="9.86074"><ele>184.25</ele></trkpt>
   <trkpt lat="51.351283" lon="9.859837"><ele>181.25</ele></trkpt>
   <trkpt lat="51.351156" lon="9.859081"><ele>177.5</ele></trkpt>
   <trkpt lat="51.351143" lon="9.858982"><ele>177</ele></trkpt>
   <trkpt lat="51.351102" lon="9.858631"><ele>175</ele></trkpt>
   <trkpt lat="51.351073" lon="9.858072"><ele>173.5</ele></trkpt>
   <trkpt lat="51.351067" lon="9.857457"><ele>173</ele></trkpt>
   <trkpt lat="51.351098" lon="9.856884"><ele>173.25</ele></trkpt>
   <trkpt lat="51.351148" lon="9.856386"><ele>173.5</ele></trkpt>
   <trkpt lat="51.351198" lon="9.85607"><ele>174.5</ele></trkpt>
   <trkpt lat="51.351243" lon="9.855784"><ele>175.25</ele></trkpt>
   <trkpt lat="51.351365" lon="9.855209"><ele>178.25</ele></trkpt>
   <trkpt lat="51.351536" lon="9.854624"><ele>180.5</ele></trkpt>
   <trkpt lat="51.351713" lon="9.85414"><ele>181.5</ele></trkpt>
   <trkpt lat="51.351936" lon="9.853615"><ele>182</ele></trkpt>
   <trkpt lat="51.352268" lon="9.853012"><ele>181.25</ele></trkpt>
   <trkpt lat="51.352581" lon="9.852546"><ele>181</ele></trkpt>
   <trkpt lat="51.352885" lon="9.852182"><ele>182.25</ele></trkpt>
   <trkpt lat="51.353247" lon="9.851798"><ele>182.75</ele></trkpt>
   <trkpt lat="51.354647" lon="9.850589"><ele>161.5</ele></trkpt>
   <trkpt lat="51.354938" lon="9.850277"><ele>160.5</ele></trkpt>
   <trkpt lat="51.355199" lon="9.84996"><ele>159.75</ele></trkpt>
   <trkpt lat="51.355486" lon="9.849545"><ele>158.25</ele></trkpt>
   <trkpt lat="51.355804" lon="9.848955"><ele>159.5</ele></trkpt>
   <trkpt lat="51.356016" lon="9.848481"><ele>163.5</ele></trkpt>
   <trkpt lat="51.356144" lon="9.84815"><ele>165.5</ele></trkpt>
   <trkpt lat="51.356351" lon="9.847477"><ele>170</ele></trkpt>
   <trkpt lat="51.356492" lon="9.846856"><ele>175.25</ele></trkpt>
   <trkpt lat="51.356623" lon="9.846028"><ele>177.25</ele></trkpt>
   <trkpt lat="51.356676" lon="9.84557"><ele>176.75</ele></trkpt>
   <trkpt lat="51.356848" lon="9.84408"><ele>172.75</ele></trkpt>
   <trkpt lat="51.357035" lon="9.841982"><ele>175.25</ele></trkpt>
   <trkpt lat="51.357163" lon="9.840928"><ele>175.25</ele></trkpt>
   <trkpt lat="51.357333" lon="9.839988"><ele>174</ele></trkpt>
   <trkpt lat="51.357784" lon="9.838173"><ele>169.5</ele></trkpt>
   <trkpt lat="51.359472" lon="9.831376"><ele>152.75</ele></trkpt>
   <trkpt lat="51.359562" lon="9.831067"><ele>152.5</ele></trkpt>
   <trkpt lat="51.359853" lon="9.830232"><ele>153</ele></trkpt>
   <trkpt lat="51.360066" lon="9.829746"><ele>153</ele></trkpt>
   <trkpt lat="51.360332" lon="9.829247"><ele>152.25</ele></trkpt>
   <trkpt lat="51.360512" lon="9.828958"><ele>152</ele></trkpt>
   <trkpt lat="51.36086" lon="9.828489"><ele>152</ele></trkpt>
   <trkpt lat="51.361185" lon="9.828096"><ele>153</ele></trkpt>
   <trkpt lat="51.362091" lon="9.827101"><ele>155.75</ele></trkpt>
   <trkpt lat="51.362604" lon="9.826502"><ele>156.5</ele></trkpt>
   <trkpt lat="51.362918" lon="9.826062"><ele>158</ele></trkpt>
   <trkpt lat="51.363186" lon="9.825618"><ele>158.5</ele></trkpt>
   <trkpt lat="51.363479" lon="9.825093"><ele>158.5</ele></trkpt>
   <trkpt lat="51.363711" lon="9.824625"><ele>158</ele></trkpt>
   <trkpt lat="51.363824" lon="9.824398"><ele>158</ele></trkpt>
   <trkpt lat="51.363931" lon="9.824127"><ele>157.75</ele></trkpt>
   <trkpt lat="51.365089" lon="9.82121"><ele>154</ele></trkpt>
   <trkpt lat="51.366428" lon="9.817799"><ele>148.75</ele></trkpt>
   <trkpt lat="51.366546" lon="9.817497"><ele>148.75</ele></trkpt>
   <trkpt lat="51.368481" lon="9.812556"><ele>148.25</ele></trkpt>
   <trkpt lat="51.368528" lon="9.812444"><ele>148</ele></trkpt>
   <trkpt lat="51.369026" lon="9.811269"><ele>145</ele></trkpt>
   <trkpt lat="51.369415" lon="9.810548"><ele>145.75</ele></trkpt>
   <trkpt lat="51.369743" lon="9.809999"><ele>147</ele></trkpt>
   <trkpt lat="51.370314" lon="9.80915"><ele>147.75</ele></trkpt>
   <trkpt lat="51.371376" lon="9.807721"><ele>149</ele></trkpt>
   <trkpt lat="51.371842" lon="9.807094"><ele>147.5</ele></trkpt>
   <trkpt lat="51.37208" lon="9.806801"><ele>148</ele></trkpt>
   <trkpt lat="51.372409" lon="9.806455"><ele>150.25</ele></trkpt>
   <trkpt lat="51.372736" lon="9.806186"><ele>150</ele></trkpt>
   <trkpt lat="51.37313" lon="9.805926"><ele>149.5</ele></trkpt>
   <trkpt lat="51.373509" lon="9.805719"><ele>147.75</ele></trkpt>
   <trkpt lat="51.373864" lon="9.805604"><ele>146.25</ele></trkpt>
   <trkpt lat="51.374158" lon="9.805539"><ele>145.75</ele></trkpt>
   <trkpt lat="51.374565" lon="9.805516"><ele>144</ele></trkpt>
   <trkpt lat="51.375026" lon="9.805546"><ele>142.25</ele></trkpt>
   <trkpt lat="51.375592" lon="9.805676"><ele>141.25</ele></trkpt>
   <trkpt lat="51.375659" lon="9.805692"><ele>141</ele></trkpt>
   <trkpt lat="51.375901" lon="9.805752"><ele>141</ele></trkpt>
   <trkpt lat="51.376002" lon="9.805777"><ele>141.25</ele></trkpt>
   <trkpt lat="51.376362" lon="9.80587"><ele>142.25</ele></trkpt>
   <trkpt lat="51.376798" lon="9.805934"><ele>142.75</ele></trkpt>
   <trkpt lat="51.377139" lon="9.805944"><ele>142.25</ele></trkpt>
   <trkpt lat="51.377456" lon="9.805911"><ele>142</ele></trkpt>
   <trkpt lat="51.377741" lon="9.805866"><ele>141.75</ele></trkpt>
   <trkpt lat="51.377969" lon="9.805799"><ele>141.25</ele></trkpt>
   <trkpt lat="51.378227" lon="9.805699"><ele>140.75</ele></trkpt>
   <trkpt lat="51.378466" lon="9.805577"><ele>140.25</ele></trkpt>
   <trkpt lat="51.37875" lon="9.805405"><ele>140.25</ele></trkpt>
   <trkpt lat="51.379109" lon="9.805131"><ele>140.75</ele></trkpt>
   <trkpt lat="51.379236" lon="9.805017"><ele>141.25</ele></trkpt>
   <trkpt lat="51.379452" lon="9.804817"><ele>142.75</ele></trkpt>
   <trkpt lat="51.379535" lon="9.804732"><ele>143.5</ele></trkpt>
   <trkpt lat="51.379583" lon="9.804681"><ele>143.75</ele></trkpt>
   <trkpt lat="51.379616" lon="9.804646"><ele>144</ele></trkpt>
   <trkpt lat="51.379883" lon="9.804331"><ele>145.25</ele></trkpt>
   <trkpt lat="51.380791" lon="9.8032"><ele>154</ele></trkpt>
   <trkpt lat="51.381189" lon="9.802748"><ele>154.75</ele></trkpt>
   <trkpt lat="51.381643" lon="9.802362"><ele>154.5</ele></trkpt>
   <trkpt lat="51.382083" lon="9.802064"><ele>155.5</ele></trkpt>
   <trkpt lat="51.382873" lon="9.801665"><ele>155.5</ele></trkpt>
   <trkpt lat="51.383547" lon="9.801344"><ele>156.25</ele></trkpt>
   <trkpt lat="51.384124" lon="9.801022"><ele>154.75</ele></trkpt>
   <trkpt lat="51.384736" lon="9.80059"><ele>154.75</ele></trkpt>
   <trkpt lat="51.385222" lon="9.800177"><ele>151.75</ele></trkpt>
   <trkpt lat="51.385985" lon="9.799363"><ele>151.25</ele></trkpt>
   <trkpt lat="51.386045" lon="9.799297"><ele>151.5</ele></trkpt>
   <trkpt lat="51.387156" lon="9.798089"><ele>156.5</ele></trkpt>
   <trkpt lat="51.387411" lon="9.797783"><ele>157.25</ele></trkpt>
   <trkpt lat="51.387529" lon="9.797641"><ele>157</ele></trkpt>
   <trkpt lat="51.38755" lon="9.797616"><ele>157</ele></trkpt>
   <trkpt lat="51.387802" lon="9.797315"><ele>156.75</ele></trkpt>
   <trkpt lat="51.388432" lon="9.796418"><ele>153.25</ele></trkpt>
   <trkpt lat="51.388815" lon="9.795747"><ele>156</ele></trkpt>
   <trkpt lat="51.389176" lon="9.795039"><ele>151.25</ele></trkpt>
   <trkpt lat="51.389506" lon="9.794274"><ele>156.25</ele></trkpt>
   <trkpt lat="51.389806" lon="9.7935"><ele>154.25</ele></trkpt>
   <trkpt lat="51.389881" lon="9.79329"><ele>152.75</ele></trkpt>
   <trkpt lat="51.390183" lon="9.792296"><ele>152.25</ele></trkpt>
   <trkpt lat="51.391613" lon="9.786853"><ele>138.25</ele></trkpt>
   <trkpt lat="51.392018" lon="9.785287"><ele>138.5</ele></trkpt>
   <trkpt lat="51.392197" lon="9.784467"><ele>139</ele></trkpt>
   <trkpt lat="51.392363" lon="9.783588"><ele>139.25</ele></trkpt>
   <trkpt lat="51.392495" lon="9.782669"><ele>139.75</ele></trkpt>
   <trkpt lat="51.392528" lon="9.782401"><ele>140</ele></trkpt>
   <trkpt lat="51.3926" lon="9.781684"><ele>140.5</ele></trkpt>
   <trkpt lat="51.392696" lon="9.779947"><ele>142.25</ele></trkpt>
   <trkpt lat="51.39269" lon="9.779017"><ele>143.5</ele></trkpt>
   <trkpt lat="51.392654" lon="9.778018"><ele>143.5</ele></trkpt>
   <trkpt lat="51.392386" lon="9.774529"><ele>139.75</ele></trkpt>
   <trkpt lat="51.39237" lon="9.774342"><ele>140</ele></trkpt>
   <trkpt lat="51.39235" lon="9.774062"><ele>140</ele></trkpt>
   <trkpt lat="51.391882" lon="9.768157"><ele>137.75</ele></trkpt>
   <trkpt lat="51.39185" lon="9.767757"><ele>138</ele></trkpt>
   <trkpt lat="51.391826" lon="9.767452"><ele>138.25</ele></trkpt>
   <trkpt lat="51.391787" lon="9.766898"><ele>138.75</ele></trkpt>
   <trkpt lat="51.391757" lon="9.766313"><ele>139.5</ele></trkpt>
   <trkpt lat="51.391747" lon="9.765912"><ele>140</ele></trkpt>
   <trkpt lat="51.391746" lon="9.765489"><ele>140</ele></trkpt>
   <trkpt lat="51.391746" lon="9.765343"><ele>140</ele></trkpt>
   <trkpt lat="51.391765" lon="9.764784"><ele>140</ele></trkpt>
   <trkpt lat="51.391785" lon="9.764403"><ele>139.75</ele></trkpt>
   <trkpt lat="51.391855" lon="9.763626"><ele>139.75</ele></trkpt>
   <trkpt lat="51.391955" lon="9.76286"><ele>140.5</ele></trkpt>
   <trkpt lat="51.39205" lon="9.762224"><ele>141</ele></trkpt>
   <trkpt lat="51.392936" lon="9.757159"><ele>139.25</ele></trkpt>
   <trkpt lat="51.393872" lon="9.751705"><ele>136.75</ele></trkpt>
   <trkpt lat="51.393893" lon="9.751556"><ele>136.75</ele></trkpt>
   <trkpt lat="51.393914" lon="9.751388"><ele>136.75</ele></trkpt>
   <trkpt lat="51.393959" lon="9.75103"><ele>136.25</ele></trkpt>
   <trkpt lat="51.393995" lon="9.750672"><ele>136.25</ele></trkpt>
   <trkpt lat="51.394036" lon="9.750104"><ele>136.25</ele></trkpt>
   <trkpt lat="51.394057" lon="9.749497"><ele>135.75</ele></trkpt>
   <trkpt lat="51.394048" lon="9.748532"><ele>134.5</ele></trkpt>
   <trkpt lat="51.394046" lon="9.748485"><ele>134.5</ele></trkpt>
   <trkpt lat="51.394014" lon="9.747722"><ele>136.75</ele></trkpt>
   <trkpt lat="51.393976" lon="9.74682"><ele>139.75</ele></trkpt>
   <trkpt lat="51.393853" lon="9.74391"><ele>145.25</ele></trkpt>
   <trkpt lat="51.393511" lon="9.735831"><ele>145.25</ele></trkpt>
   <trkpt lat="51.393506" lon="9.73573"><ele>145.25</ele></trkpt>
   <trkpt lat="51.39351" lon="9.734937"><ele>147</ele></trkpt>
   <trkpt lat="51.393543" lon="9.734284"><ele>148.75</ele></trkpt>
   <trkpt lat="51.393617" lon="9.733675"><ele>151.5</ele></trkpt>
   <trkpt lat="51.39373" lon="9.733064"><ele>153.5</ele></trkpt>
   <trkpt lat="51.393888" lon="9.732435"><ele>154.5</ele></trkpt>
   <trkpt lat="51.394087" lon="9.731819"><ele>155.25</ele></trkpt>
   <trkpt lat="51.394313" lon="9.731271"><ele>157</ele></trkpt>
   <trkpt lat="51.394621" lon="9.730676"><ele>158</ele></trkpt>
   <trkpt lat="51.394938" lon="9.730201"><ele>157.75</ele></trkpt>
   <trkpt lat="51.39522" lon="9.729828"><ele>157</ele></trkpt>
   <trkpt lat="51.395585" lon="9.72945"><ele>156</ele></trkpt>
   <trkpt lat="51.395919" lon="9.729165"><ele>154.75</ele></trkpt>
   <trkpt lat="51.397574" lon="9.727965"><ele>146</ele></trkpt>
   <trkpt lat="51.397923" lon="9.727616"><ele>142.25</ele></trkpt>
   <trkpt lat="51.398165" lon="9.72736"><ele>140</ele></trkpt>
   <trkpt lat="51.39854" lon="9.726859"><ele>135.5</ele></trkpt>
   <trkpt lat="51.398935" lon="9.726167"><ele>135.75</ele></trkpt>
   <trkpt lat="51.399623" lon="9.724807"><ele>139.75</ele></trkpt>
   <trkpt lat="51.400176" lon="9.72372"><ele>159.75</ele></trkpt>
   <trkpt lat="51.400678" lon="9.722699"><ele>158.25</ele></trkpt>
   <trkpt lat="51.401059" lon="9.721768"><ele>154.75</ele></trkpt>
   <trkpt lat="51.401296" lon="9.720988"><ele>148.25</ele></trkpt>
   <trkpt lat="51.401459" lon="9.720308"><ele>144.5</ele></trkpt>
   <trkpt lat="51.401576" lon="9.719595"><ele>142.5</ele></trkpt>
   <trkpt lat="51.401682" lon="9.718462"><ele>141.5</ele></trkpt>
   <trkpt lat="51.401745" lon="9.717492"><ele>142.5</ele></trkpt>
   <trkpt lat="51.401843" lon="9.716603"><ele>142</ele></trkpt>
   <trkpt lat="51.401897" lon="9.716208"><ele>142.5</ele></trkpt>
   <trkpt lat="51.401959" lon="9.715838"><ele>142.5</ele></trkpt>
   <trkpt lat="51.401986" lon="9.715699"><ele>142.5</ele></trkpt>
   <trkpt lat="51.402217" lon="9.714793"><ele>143</ele></trkpt>
   <trkpt lat="51.402357" lon="9.714377"><ele>147.75</ele></trkpt>
   <trkpt lat="51.402424" lon="9.714202"><ele>150</ele></trkpt>
   <trkpt lat="51.402689" lon="9.713568"><ele>157.75</ele></trkpt>
   <trkpt lat="51.403108" lon="9.712814"><ele>165</ele></trkpt>
   <trkpt lat="51.403655" lon="9.712065"><ele>173</ele></trkpt>
   <trkpt lat="51.404352" lon="9.711245"><ele>168.75</ele></trkpt>
   <trkpt lat="51.405673" lon="9.70972"><ele>155.25</ele></trkpt>
   <trkpt lat="51.40677" lon="9.70846"><ele>154.5</ele></trkpt>
   <trkpt lat="51.407452" lon="9.707571"><ele>154.75</ele></trkpt>
   <trkpt lat="51.407829" lon="9.706918"><ele>155.75</ele></trkpt>
   <trkpt lat="51.40819" lon="9.706132"><ele>151.5</ele></trkpt>
   <trkpt lat="51.408486" lon="9.70524"><ele>153.75</ele></trkpt>
   <trkpt lat="51.408684" lon="9.704411"><ele>151.75</ele></trkpt>
   <trkpt lat="51.408816" lon="9.703556"><ele>151</ele></trkpt>
   <trkpt lat="51.408885" lon="9.702678"><ele>150.75</ele></trkpt>
   <trkpt lat="51.408889" lon="9.701662"><ele>152</ele></trkpt>
   <trkpt lat="51.408811" lon="9.700729"><ele>152</ele></trkpt>
   <trkpt lat="51.408723" lon="9.700134"><ele>152.5</ele></trkpt>
   <trkpt lat="51.408572" lon="9.699379"><ele>152</ele></trkpt>
   <trkpt lat="51.407718" lon="9.695602"><ele>153.5</ele></trkpt>
   <trkpt lat="51.40739" lon="9.694124"><ele>155</ele></trkpt>
   <trkpt lat="51.40725" lon="9.693379"><ele>153.5</ele></trkpt>
   <trkpt lat="51.40723" lon="9.693223"><ele>153.25</ele></trkpt>
   <trkpt lat="51.407124" lon="9.692394"><ele>155.5</ele></trkpt>
   <trkpt lat="51.407071" lon="9.691497"><ele>158.25</ele></trkpt>
   <trkpt lat="51.407083" lon="9.690397"><ele>161.75</ele></trkpt>
   <trkpt lat="51.40718" lon="9.689355"><ele>161</ele></trkpt>
   <trkpt lat="51.407345" lon="9.688417"><ele>155.5</ele></trkpt>
   <trkpt lat="51.407619" lon="9.687452"><ele>161</ele></trkpt>
   <trkpt lat="51.40797" lon="9.686589"><ele>160.5</ele></trkpt>
   <trkpt lat="51.408053" lon="9.686422"><ele>160.25</ele></trkpt>
   <trkpt lat="51.408337" lon="9.68589"><ele>160.25</ele></trkpt>
   <trkpt lat="51.408875" lon="9.685159"><ele>158.75</ele></trkpt>
   <trkpt lat="51.409338" lon="9.684683"><ele>155.25</ele></trkpt>
   <trkpt lat="51.410394" lon="9.683764"><ele>155</ele></trkpt>
   <trkpt lat="51.410882" lon="9.683271"><ele>150</ele></trkpt>
   <trkpt lat="51.411191" lon="9.682876"><ele>150</ele></trkpt>
   <trkpt lat="51.411466" lon="9.682467"><ele>149.5</ele></trkpt>
   <trkpt lat="51.411771" lon="9.681918"><ele>149.5</ele></trkpt>
   <trkpt lat="51.412422" lon="9.680417"><ele>143.5</ele></trkpt>
   <trkpt lat="51.413653" lon="9.677452"><ele>139.25</ele></trkpt>
   <trkpt lat="51.413663" lon="9.677428"><ele>139.25</ele></trkpt>
   <trkpt lat="51.414526" lon="9.675344"><ele>136.5</ele></trkpt>
   <trkpt lat="51.414722" lon="9.674885"><ele>137</ele></trkpt>
   <trkpt lat="51.414733" lon="9.67486"><ele>137</ele></trkpt>
   <trkpt lat="51.414773" lon="9.674758"><ele>137.25</ele></trkpt>
   <trkpt lat="51.415" lon="9.674206"><ele>137.75</ele></trkpt>
   <trkpt lat="51.41513" lon="9.673904"><ele>137.75</ele></trkpt>
   <trkpt lat="51.415335" lon="9.673412"><ele>138</ele></trkpt>
   <trkpt lat="51.415545" lon="9.672848"><ele>139.5</ele></trkpt>
   <trkpt lat="51.415654" lon="9.67248"><ele>140.5</ele></trkpt>
   <trkpt lat="51.415702" lon="9.672275"><ele>140.75</ele></trkpt>
   <trkpt lat="51.41579" lon="9.671882"><ele>141</ele></trkpt>
   <trkpt lat="51.415839" lon="9.671586"><ele>141.25</ele></trkpt>
   <trkpt lat="51.415874" lon="9.671242"><ele>143</ele></trkpt>
   <trkpt lat="51.41589" lon="9.670962"><ele>144.75</ele></trkpt>
   <trkpt lat="51.415894" lon="9.67051"><ele>147.25</ele></trkpt>
   <trkpt lat="51.415887" lon="9.669937"><ele>150.5</ele></trkpt>
   <trkpt lat="51.415852" lon="9.669058"><ele>152.5</ele></trkpt>
   <trkpt lat="51.415826" lon="9.668673"><ele>153.25</ele></trkpt>
   <trkpt lat="51.415795" lon="9.668313"><ele>154.25</ele></trkpt>
   <trkpt lat="51.415729" lon="9.667854"><ele>153</ele></trkpt>
   <trkpt lat="51.415592" lon="9.667209"><ele>151.25</ele></trkpt>
   <trkpt lat="51.415485" lon="9.666791"><ele>149.75</ele></trkpt>
   <trkpt lat="51.415347" lon="9.666373"><ele>149.25</ele></trkpt>
   <trkpt lat="51.415094" lon="9.665685"><ele>147.25</ele></trkpt>
   <trkpt lat="51.41509" lon="9.665671"><ele>147.25</ele></trkpt>
   <trkpt lat="51.415083" lon="9.665652"><ele>147.25</ele></trkpt>
   <trkpt lat="51.414034" lon="9.66285"><ele>142.5</ele></trkpt>
   <trkpt lat="51.41364" lon="9.661776"><ele>143.75</ele></trkpt>
   <trkpt lat="51.412891" lon="9.659638"><ele>143.25</ele></trkpt>
   <trkpt lat="51.412849" lon="9.659509"><ele>143.25</ele></trkpt>
   <trkpt lat="51.412651" lon="9.658947"><ele>143</ele></trkpt>
   <trkpt lat="51.412512" lon="9.658544"><ele>142.5</ele></trkpt>
   <trkpt lat="51.412496" lon="9.658502"><ele>142.5</ele></trkpt>
   <trkpt lat="51.412211" lon="9.657684"><ele>142.75</ele></trkpt>
   <trkpt lat="51.412103" lon="9.657334"><ele>142.25</ele></trkpt>
   <trkpt lat="51.411625" lon="9.655833"><ele>140.25</ele></trkpt>
   <trkpt lat="51.41159" lon="9.655724"><ele>140.25</ele></trkpt>
   <trkpt lat="51.411414" lon="9.65519"><ele>140.5</ele></trkpt>
   <trkpt lat="51.411368" lon="9.655032"><ele>140.5</ele></trkpt>
   <trkpt lat="51.411154" lon="9.654414"><ele>138.75</ele></trkpt>
   <trkpt lat="51.411094" lon="9.654248"><ele>138</ele></trkpt>
   <trkpt lat="51.41095" lon="9.653895"><ele>135.75</ele></trkpt>
   <trkpt lat="51.410946" lon="9.653886"><ele>135.75</ele></trkpt>
   <trkpt lat="51.410905" lon="9.653791"><ele>135.25</ele></trkpt>
   <trkpt lat="51.410796" lon="9.653547"><ele>135.25</ele></trkpt>
   <trkpt lat="51.410757" lon="9.653478"><ele>135.25</ele></trkpt>
   <trkpt lat="51.410633" lon="9.653246"><ele>135.75</ele></trkpt>
   <trkpt lat="51.410596" lon="9.65318"><ele>135.75</ele></trkpt>
   <trkpt lat="51.41051" lon="9.653037"><ele>136</ele></trkpt>
   <trkpt lat="51.410473" lon="9.652976"><ele>136.25</ele></trkpt>
   <trkpt lat="51.410384" lon="9.65283"><ele>137</ele></trkpt>
   <trkpt lat="51.4102" lon="9.652565"><ele>138.75</ele></trkpt>
   <trkpt lat="51.410036" lon="9.652354"><ele>140.75</ele></trkpt>
   <trkpt lat="51.409825" lon="9.652104"><ele>142.5</ele></trkpt>
   <trkpt lat="51.409443" lon="9.651764"><ele>145.25</ele></trkpt>
   <trkpt lat="51.408997" lon="9.651404"><ele>144.75</ele></trkpt>
   <trkpt lat="51.408783" lon="9.65127"><ele>144.5</ele></trkpt>
   <trkpt lat="51.408376" lon="9.651071"><ele>144</ele></trkpt>
   <trkpt lat="51.408172" lon="9.650995"><ele>144</ele></trkpt>
   <trkpt lat="51.407882" lon="9.650902"><ele>144</ele></trkpt>
   <trkpt lat="51.407318" lon="9.650743"><ele>144.25</ele></trkpt>
   <trkpt lat="51.40722" lon="9.650715"><ele>144.25</ele></trkpt>
   <trkpt lat="51.406592" lon="9.650556"><ele>145.25</ele></trkpt>
   <trkpt lat="51.406329" lon="9.650475"><ele>147</ele></trkpt>
   <trkpt lat="51.406104" lon="9.650388"><ele>148.25</ele></trkpt>
   <trkpt lat="51.405583" lon="9.650119"><ele>151.75</ele></trkpt>
   <trkpt lat="51.405385" lon="9.64999"><ele>153</ele></trkpt>
   <trkpt lat="51.40514" lon="9.649831"><ele>153.25</ele></trkpt>
   <trkpt lat="51.404688" lon="9.649461"><ele>151.25</ele></trkpt>
   <trkpt lat="51.404648" lon="9.649426"><ele>151</ele></trkpt>
   <trkpt lat="51.404572" lon="9.649364"><ele>150.75</ele></trkpt>
   <trkpt lat="51.403423" lon="9.648198"><ele>154.5</ele></trkpt>
   <trkpt lat="51.402503" lon="9.647186"><ele>155.75</ele></trkpt>
   <trkpt lat="51.402156" lon="9.646709"><ele>161.5</ele></trkpt>
   <trkpt lat="51.401769" lon="9.646119"><ele>164.5</ele></trkpt>
   <trkpt lat="51.401449" lon="9.645568"><ele>164</ele></trkpt>
   <trkpt lat="51.401061" lon="9.644847"><ele>166.75</ele></trkpt>
   <trkpt lat="51.400685" lon="9.644066"><ele>163.5</ele></trkpt>
   <trkpt lat="51.40042" lon="9.64353"><ele>162.25</ele></trkpt>
   <trkpt lat="51.39916" lon="9.640488"><ele>156.75</ele></trkpt>
   <trkpt lat="51.399102" lon="9.640321"><ele>155.75</ele></trkpt>
   <trkpt lat="51.399082" lon="9.640265"><ele>155.25</ele></trkpt>
   <trkpt lat="51.398795" lon="9.639441"><ele>153.75</ele></trkpt>
   <trkpt lat="51.398672" lon="9.63896"><ele>152.5</ele></trkpt>
   <trkpt lat="51.398631" lon="9.638788"><ele>152</ele></trkpt>
   <trkpt lat="51.398533" lon="9.638405"><ele>150.75</ele></trkpt>
   <trkpt lat="51.398412" lon="9.637724"><ele>150.5</ele></trkpt>
   <trkpt lat="51.398326" lon="9.637086"><ele>150</ele></trkpt>
   <trkpt lat="51.398284" lon="9.636586"><ele>150</ele></trkpt>
   <trkpt lat="51.398251" lon="9.636073"><ele>149.75</ele></trkpt>
   <trkpt lat="51.398238" lon="9.635503"><ele>149.25</ele></trkpt>
   <trkpt lat="51.39824" lon="9.634906"><ele>149.25</ele></trkpt>
   <trkpt lat="51.398263" lon="9.634348"><ele>150.25</ele></trkpt>
   <trkpt lat="51.398307" lon="9.633799"><ele>151</ele></trkpt>
   <trkpt lat="51.398397" lon="9.632982"><ele>151</ele></trkpt>
   <trkpt lat="51.398474" lon="9.632509"><ele>150.25</ele></trkpt>
   <trkpt lat="51.398702" lon="9.631164"><ele>149.5</ele></trkpt>
   <trkpt lat="51.398913" lon="9.630013"><ele>150</ele></trkpt>
   <trkpt lat="51.399131" lon="9.628987"><ele>150.25</ele></trkpt>
   <trkpt lat="51.399391" lon="9.627974"><ele>147.5</ele></trkpt>
   <trkpt lat="51.399602" lon="9.627265"><ele>144.5</ele></trkpt>
   <trkpt lat="51.399795" lon="9.626737"><ele>143</ele></trkpt>
   <trkpt lat="51.399937" lon="9.626377"><ele>143.25</ele></trkpt>
   <trkpt lat="51.400128" lon="9.62592"><ele>144</ele></trkpt>
   <trkpt lat="51.400339" lon="9.62544"><ele>144.75</ele></trkpt>
   <trkpt lat="51.401218" lon="9.623596"><ele>148.75</ele></trkpt>
   <trkpt lat="51.401382" lon="9.623239"><ele>149.75</ele></trkpt>
   <trkpt lat="51.401786" lon="9.622223"><ele>152.5</ele></trkpt>
   <trkpt lat="51.40205" lon="9.621291"><ele>152.5</ele></trkpt>
   <trkpt lat="51.402224" lon="9.620407"><ele>152.5</ele></trkpt>
   <trkpt lat="51.40231" lon="9.619753"><ele>152.25</ele></trkpt>
   <trkpt lat="51.40234" lon="9.619369"><ele>152</ele></trkpt>
   <trkpt lat="51.40238" lon="9.618154"><ele>151.5</ele></trkpt>
   <trkpt lat="51.402289" lon="9.61083"><ele>156.75</ele></trkpt>
   <trkpt lat="51.402288" lon="9.610706"><ele>156.75</ele></trkpt>
   <trkpt lat="51.402262" lon="9.60857"><ele>151.5</ele></trkpt>
   <trkpt lat="51.40224" lon="9.607395"><ele>150</ele></trkpt>
   <trkpt lat="51.402162" lon="9.606406"><ele>151.75</ele></trkpt>
   <trkpt lat="51.40204" lon="9.605599"><ele>155</ele></trkpt>
   <trkpt lat="51.401864" lon="9.604805"><ele>157.5</ele></trkpt>
   <trkpt lat="51.40174" lon="9.604393"><ele>157.25</ele></trkpt>
   <trkpt lat="51.401647" lon="9.604085"><ele>157</ele></trkpt>
   <trkpt lat="51.401397" lon="9.603431"><ele>159.25</ele></trkpt>
   <trkpt lat="51.401099" lon="9.602799"><ele>158</ele></trkpt>
   <trkpt lat="51.400761" lon="9.602201"><ele>156.25</ele></trkpt>
   <trkpt lat="51.39924" lon="9.599806"><ele>160.75</ele></trkpt>
   <trkpt lat="51.398988" lon="9.599314"><ele>163.75</ele></trkpt>
   <trkpt lat="51.398752" lon="9.598787"><ele>165.25</ele></trkpt>
   <trkpt lat="51.398503" lon="9.598188"><ele>164.75</ele></trkpt>
   <trkpt lat="51.398272" lon="9.597581"><ele>165.5</ele></trkpt>
   <trkpt lat="51.398083" lon="9.597018"><ele>167.5</ele></trkpt>
   <trkpt lat="51.397936" lon="9.596545"><ele>168.75</ele></trkpt>
   <trkpt lat="51.397805" lon="9.596057"><ele>169.25</ele></trkpt>
   <trkpt lat="51.397681" lon="9.595555"><ele>168.25</ele></trkpt>
   <trkpt lat="51.397579" lon="9.595074"><ele>165.5</ele></trkpt>
   <trkpt lat="51.397377" lon="9.593922"><ele>166.75</ele></trkpt>
   <trkpt lat="51.397248" lon="9.592832"><ele>166.5</ele></trkpt>
   <trkpt lat="51.397192" lon="9.591926"><ele>164</ele></trkpt>
   <trkpt lat="51.397181" lon="9.591461"><ele>161.5</ele></trkpt>
   <trkpt lat="51.397185" lon="9.590962"><ele>158.5</ele></trkpt>
   <trkpt lat="51.397203" lon="9.590426"><ele>154.75</ele></trkpt>
   <trkpt lat="51.397248" lon="9.589802"><ele>151</ele></trkpt>
   <trkpt lat="51.39732" lon="9.589193"><ele>149.25</ele></trkpt>
   <trkpt lat="51.397376" lon="9.588817"><ele>148.25</ele></trkpt>
   <trkpt lat="51.397489" lon="9.5882"><ele>147.25</ele></trkpt>
   <trkpt lat="51.397562" lon="9.587873"><ele>146.5</ele></trkpt>
   <trkpt lat="51.397641" lon="9.587555"><ele>145.5</ele></trkpt>
   <trkpt lat="51.397692" lon="9.587344"><ele>145</ele></trkpt>
   <trkpt lat="51.398231" lon="9.585465"><ele>142</ele></trkpt>
   <trkpt lat="51.39829" lon="9.585229"><ele>142.25</ele></trkpt>
   <trkpt lat="51.3984" lon="9.584788"><ele>142</ele></trkpt>
   <trkpt lat="51.398475" lon="9.584443"><ele>141.5</ele></trkpt>
   <trkpt lat="51.398538" lon="9.584066"><ele>141</ele></trkpt>
   <trkpt lat="51.398597" lon="9.583626"><ele>140.25</ele></trkpt>
   <trkpt lat="51.39864" lon="9.583153"><ele>140</ele></trkpt>
   <trkpt lat="51.398653" lon="9.582867"><ele>140.25</ele></trkpt>
   <trkpt lat="51.398656" lon="9.582517"><ele>140.75</ele></trkpt>
   <trkpt lat="51.398645" lon="9.582144"><ele>141.25</ele></trkpt>
   <trkpt lat="51.398607" lon="9.58171"><ele>142.25</ele></trkpt>
   <trkpt lat="51.398527" lon="9.581155"><ele>144.5</ele></trkpt>
   <trkpt lat="51.398443" lon="9.580734"><ele>146.75</ele></trkpt>
   <trkpt lat="51.398366" lon="9.580421"><ele>148.75</ele></trkpt>
   <trkpt lat="51.398242" lon="9.579961"><ele>152.5</ele></trkpt>
   <trkpt lat="51.39809" lon="9.57952"><ele>157.25</ele></trkpt>
   <trkpt lat="51.397774" lon="9.578891"><ele>164.25</ele></trkpt>
   <trkpt lat="51.397588" lon="9.578564"><ele>167</ele></trkpt>
   <trkpt lat="51.397236" lon="9.578061"><ele>170.5</ele></trkpt>
   <trkpt lat="51.396976" lon="9.577741"><ele>169.75</ele></trkpt>
   <trkpt lat="51.396738" lon="9.577493"><ele>168.25</ele></trkpt>
   <trkpt lat="51.396514" lon="9.577292"><ele>166</ele></trkpt>
   <trkpt lat="51.396249" lon="9.577116"><ele>164.5</ele></trkpt>
   <trkpt lat="51.395984" lon="9.576959"><ele>162.75</ele></trkpt>
   <trkpt lat="51.395076" lon="9.576625"><ele>164</ele></trkpt>
   <trkpt lat="51.393502" lon="9.576052"><ele>170.75</ele></trkpt>
   <trkpt lat="51.393151" lon="9.575866"><ele>169</ele></trkpt>
   <trkpt lat="51.392587" lon="9.575567"><ele>167.25</ele></trkpt>
   <trkpt lat="51.39226" lon="9.575348"><ele>167.75</ele></trkpt>
   <trkpt lat="51.391898" lon="9.575062"><ele>167.5</ele></trkpt>
   <trkpt lat="51.39149" lon="9.57467"><ele>168</ele></trkpt>
   <trkpt lat="51.391159" lon="9.574297"><ele>167</ele></trkpt>
   <trkpt lat="51.390713" lon="9.573721"><ele>163.25</ele></trkpt>
   <trkpt lat="51.390312" lon="9.57309"><ele>161.75</ele></trkpt>
   <trkpt lat="51.389534" lon="9.571832"><ele>160.25</ele></trkpt>
   <trkpt lat="51.389003" lon="9.570891"><ele>160</ele></trkpt>
   <trkpt lat="51.388568" lon="9.570064"><ele>158.75</ele></trkpt>
   <trkpt lat="51.38752" lon="9.568005"><ele>159.25</ele></trkpt>
   <trkpt lat="51.387256" lon="9.567509"><ele>156.25</ele></trkpt>
   <trkpt lat="51.387025" lon="9.567095"><ele>153.75</ele></trkpt>
   <trkpt lat="51.386805" lon="9.566732"><ele>152</ele></trkpt>
   <trkpt lat="51.386637" lon="9.566507"><ele>151</ele></trkpt>
   <trkpt lat="51.3865" lon="9.566323"><ele>151</ele></trkpt>
   <trkpt lat="51.386101" lon="9.565834"><ele>150.75</ele></trkpt>
   <trkpt lat="51.385571" lon="9.565306"><ele>149.25</ele></trkpt>
   <trkpt lat="51.385106" lon="9.564915"><ele>147.75</ele></trkpt>
   <trkpt lat="51.384469" lon="9.564322"><ele>147.25</ele></trkpt>
   <trkpt lat="51.383803" lon="9.563767"><ele>146.5</ele></trkpt>
   <trkpt lat="51.383575" lon="9.563589"><ele>146.25</ele></trkpt>
   <trkpt lat="51.382517" lon="9.562721"><ele>146.25</ele></trkpt>
   <trkpt lat="51.381623" lon="9.562033"><ele>147.25</ele></trkpt>
   <trkpt lat="51.381334" lon="9.561877"><ele>147</ele></trkpt>
   <trkpt lat="51.381052" lon="9.561747"><ele>147</ele></trkpt>
   <trkpt lat="51.38074" lon="9.561653"><ele>147</ele></trkpt>
   <trkpt lat="51.380436" lon="9.5616"><ele>147.25</ele></trkpt>
   <trkpt lat="51.380018" lon="9.561586"><ele>148</ele></trkpt>
   <trkpt lat="51.37964" lon="9.561646"><ele>148.25</ele></trkpt>
   <trkpt lat="51.37939" lon="9.561725"><ele>148.75</ele></trkpt>
   <trkpt lat="51.379123" lon="9.561841"><ele>149.5</ele></trkpt>
   <trkpt lat="51.378818" lon="9.562011"><ele>150</ele></trkpt>
   <trkpt lat="51.378566" lon="9.562199"><ele>150.5</ele></trkpt>
   <trkpt lat="51.378302" lon="9.562419"><ele>151</ele></trkpt>
   <trkpt lat="51.37805" lon="9.562665"><ele>151.25</ele></trkpt>
   <trkpt lat="51.377827" lon="9.56294"><ele>151.5</ele></trkpt>
   <trkpt lat="51.377668" lon="9.56317"><ele>151.5</ele></trkpt>
   <trkpt lat="51.377441" lon="9.563532"><ele>151.25</ele></trkpt>
   <trkpt lat="51.37737" lon="9.563663"><ele>151.25</ele></trkpt>
   <trkpt lat="51.377197" lon="9.564009"><ele>151.25</ele></trkpt>
   <trkpt lat="51.376982" lon="9.564525"><ele>151.25</ele></trkpt>
   <trkpt lat="51.376829" lon="9.564937"><ele>151.5</ele></trkpt>
   <trkpt lat="51.376533" lon="9.565782"><ele>149.25</ele></trkpt>
   <trkpt lat="51.376161" lon="9.566908"><ele>148.5</ele></trkpt>
   <trkpt lat="51.376077" lon="9.567185"><ele>149.25</ele></trkpt>
   <trkpt lat="51.37592" lon="9.56777"><ele>150.75</ele></trkpt>
   <trkpt lat="51.375774" lon="9.568541"><ele>152.5</ele></trkpt>
   <trkpt lat="51.375698" lon="9.569193"><ele>153.5</ele></trkpt>
   <trkpt lat="51.375643" lon="9.569847"><ele>155.25</ele></trkpt>
   <trkpt lat="51.375559" lon="9.570999"><ele>156.5</ele></trkpt>
   <trkpt lat="51.375492" lon="9.571608"><ele>156.25</ele></trkpt>
   <trkpt lat="51.375398" lon="9.572227"><ele>158</ele></trkpt>
   <trkpt lat="51.375365" lon="9.572378"><ele>158</ele></trkpt>
   <trkpt lat="51.375272" lon="9.572812"><ele>158.75</ele></trkpt>
   <trkpt lat="51.375109" lon="9.573433"><ele>159</ele></trkpt>
   <trkpt lat="51.37476" lon="9.574569"><ele>160.75</ele></trkpt>
   <trkpt lat="51.374691" lon="9.574791"><ele>160.75</ele></trkpt>
   <trkpt lat="51.374396" lon="9.57563"><ele>162</ele></trkpt>
   <trkpt lat="51.374234" lon="9.576028"><ele>161</ele></trkpt>
   <trkpt lat="51.374128" lon="9.576266"><ele>160.75</ele></trkpt>
   <trkpt lat="51.373963" lon="9.576599"><ele>161</ele></trkpt>
   <trkpt lat="51.373829" lon="9.576825"><ele>159.75</ele></trkpt>
   <trkpt lat="51.373609" lon="9.577163"><ele>156.5</ele></trkpt>
   <trkpt lat="51.373284" lon="9.577585"><ele>152.25</ele></trkpt>
   <trkpt lat="51.373228" lon="9.577651"><ele>152.5</ele></trkpt>
   <trkpt lat="51.373127" lon="9.577769"><ele>152.75</ele></trkpt>
   <trkpt lat="51.372818" lon="9.578072"><ele>153.5</ele></trkpt>
   <trkpt lat="51.372531" lon="9.578303"><ele>153.75</ele></trkpt>
   <trkpt lat="51.372252" lon="9.57848"><ele>156.5</ele></trkpt>
   <trkpt lat="51.371972" lon="9.578625"><ele>159.25</ele></trkpt>
   <trkpt lat="51.37152" lon="9.578797"><ele>163</ele></trkpt>
   <trkpt lat="51.371267" lon="9.57885"><ele>164.5</ele></trkpt>
   <trkpt lat="51.370998" lon="9.578887"><ele>165.5</ele></trkpt>
   <trkpt lat="51.370697" lon="9.578883"><ele>166.5</ele></trkpt>
   <trkpt lat="51.370411" lon="9.57885"><ele>167.75</ele></trkpt>
   <trkpt lat="51.369948" lon="9.578747"><ele>168.75</ele></trkpt>
   <trkpt lat="51.369717" lon="9.578653"><ele>168.25</ele></trkpt>
   <trkpt lat="51.369448" lon="9.578522"><ele>167</ele></trkpt>
   <trkpt lat="51.3689" lon="9.578185"><ele>164.75</ele></trkpt>
   <trkpt lat="51.368516" lon="9.577882"><ele>162.75</ele></trkpt>
   <trkpt lat="51.368422" lon="9.577808"><ele>162</ele></trkpt>
   <trkpt lat="51.367962" lon="9.577317"><ele>158.5</ele></trkpt>
   <trkpt lat="51.366756" lon="9.575919"><ele>161</ele></trkpt>
   <trkpt lat="51.364981" lon="9.5739"><ele>165.75</ele></trkpt>
   <trkpt lat="51.364495" lon="9.573363"><ele>155</ele></trkpt>
   <trkpt lat="51.363942" lon="9.572677"><ele>151.25</ele></trkpt>
   <trkpt lat="51.363513" lon="9.572032"><ele>157.5</ele></trkpt>
   <trkpt lat="51.36316" lon="9.571403"><ele>164.75</ele></trkpt>
   <trkpt lat="51.361478" lon="9.567836"><ele>168</ele></trkpt>
   <trkpt lat="51.361123" lon="9.567023"><ele>168.75</ele></trkpt>
   <trkpt lat="51.36087" lon="9.566303"><ele>169</ele></trkpt>
   <trkpt lat="51.360704" lon="9.56567"><ele>170.5</ele></trkpt>
   <trkpt lat="51.360642" lon="9.56537"><ele>170.25</ele></trkpt>
   <trkpt lat="51.360589" lon="9.565061"><ele>169</ele></trkpt>
   <trkpt lat="51.36049" lon="9.564334"><ele>168</ele></trkpt>
   <trkpt lat="51.360145" lon="9.561443"><ele>171.5</ele></trkpt>
   <trkpt lat="51.360047" lon="9.560472"><ele>173.5</ele></trkpt>
   <trkpt lat="51.360018" lon="9.560053"><ele>174.25</ele></trkpt>
   <trkpt lat="51.359999" lon="9.559641"><ele>174</ele></trkpt>
   <trkpt lat="51.359995" lon="9.558997"><ele>173</ele></trkpt>
   <trkpt lat="51.360012" lon="9.55837"><ele>171.5</ele></trkpt>
   <trkpt lat="51.36008" lon="9.556652"><ele>169.25</ele></trkpt>
   <trkpt lat="51.360089" lon="9.556181"><ele>169.5</ele></trkpt>
   <trkpt lat="51.360085" lon="9.555835"><ele>170.25</ele></trkpt>
   <trkpt lat="51.360067" lon="9.555469"><ele>171.25</ele></trkpt>
   <trkpt lat="51.360021" lon="9.554967"><ele>173.25</ele></trkpt>
   <trkpt lat="51.359939" lon="9.554402"><ele>174.25</ele></trkpt>
   <trkpt lat="51.359874" lon="9.554062"><ele>174.75</ele></trkpt>
   <trkpt lat="51.359778" lon="9.553643"><ele>174.75</ele></trkpt>
   <trkpt lat="51.359666" lon="9.553271"><ele>174</ele></trkpt>
   <trkpt lat="51.359543" lon="9.552925"><ele>172.5</ele></trkpt>
   <trkpt lat="51.359383" lon="9.552551"><ele>169</ele></trkpt>
   <trkpt lat="51.359152" lon="9.552074"><ele>161.5</ele></trkpt>
   <trkpt lat="51.359017" lon="9.551843"><ele>156.25</ele></trkpt>
   <trkpt lat="51.358876" lon="9.551623"><ele>151.5</ele></trkpt>
   <trkpt lat="51.358664" lon="9.551325"><ele>153.25</ele></trkpt>
   <trkpt lat="51.358247" lon="9.550752"><ele>156.75</ele></trkpt>
   <trkpt lat="51.358097" lon="9.550547"><ele>158</ele></trkpt>
   <trkpt lat="51.357831" lon="9.550183"><ele>160.25</ele></trkpt>
   <trkpt lat="51.357209" lon="9.549328"><ele>160.25</ele></trkpt>
   <trkpt lat="51.356982" lon="9.548989"><ele>163.25</ele></trkpt>
   <trkpt lat="51.356658" lon="9.548464"><ele>167.25</ele></trkpt>
   <trkpt lat="51.356384" lon="9.547978"><ele>171.75</ele></trkpt>
   <trkpt lat="51.356103" lon="9.547422"><ele>173.25</ele></trkpt>
   <trkpt lat="51.355842" lon="9.54685"><ele>171.5</ele></trkpt>
   <trkpt lat="51.355658" lon="9.546408"><ele>171.5</ele></trkpt>
   <trkpt lat="51.355491" lon="9.545971"><ele>171.25</ele></trkpt>
   <trkpt lat="51.355229" lon="9.545233"><ele>168.5</ele></trkpt>
   <trkpt lat="51.354388" lon="9.542464"><ele>183.5</ele></trkpt>
   <trkpt lat="51.354124" lon="9.54156"><ele>185</ele></trkpt>
   <trkpt lat="51.353855" lon="9.540723"><ele>179.75</ele></trkpt>
   <trkpt lat="51.353539" lon="9.539832"><ele>175</ele></trkpt>
   <trkpt lat="51.35318" lon="9.539112"><ele>173</ele></trkpt>
   <trkpt lat="51.353128" lon="9.539024"><ele>173.25</ele></trkpt>
   <trkpt lat="51.352914" lon="9.538668"><ele>174</ele></trkpt>
   <trkpt lat="51.352794" lon="9.538473"><ele>174</ele></trkpt>
   <trkpt lat="51.352481" lon="9.538044"><ele>174.5</ele></trkpt>
   <trkpt lat="51.352148" lon="9.537664"><ele>176.25</ele></trkpt>
   <trkpt lat="51.351665" lon="9.537193"><ele>177</ele></trkpt>
   <trkpt lat="51.351201" lon="9.536777"><ele>177.5</ele></trkpt>
   <trkpt lat="51.350406" lon="9.536009"><ele>179.75</ele></trkpt>
   <trkpt lat="51.350188" lon="9.535757"><ele>180.25</ele></trkpt>
   <trkpt lat="51.34989" lon="9.535342"><ele>180.5</ele></trkpt>
   <trkpt lat="51.349636" lon="9.534908"><ele>180</ele></trkpt>
   <trkpt lat="51.349412" lon="9.534503"><ele>180.75</ele></trkpt>
   <trkpt lat="51.34918" lon="9.533947"><ele>181</ele></trkpt>
   <trkpt lat="51.349003" lon="9.53346"><ele>181.25</ele></trkpt>
   <trkpt lat="51.348953" lon="9.533279"><ele>181</ele></trkpt>
   <trkpt lat="51.348807" lon="9.532735"><ele>181</ele></trkpt>
   <trkpt lat="51.34874" lon="9.532428"><ele>181</ele></trkpt>
   <trkpt lat="51.348623" lon="9.531756"><ele>181.25</ele></trkpt>
   <trkpt lat="51.348555" lon="9.531189"><ele>181</ele></trkpt>
   <trkpt lat="51.348513" lon="9.530683"><ele>180.75</ele></trkpt>
   <trkpt lat="51.348471" lon="9.529633"><ele>180.5</ele></trkpt>
   <trkpt lat="51.348465" lon="9.529204"><ele>180</ele></trkpt>
   <trkpt lat="51.34846" lon="9.528776"><ele>180</ele></trkpt>
   <trkpt lat="51.348483" lon="9.528096"><ele>180.25</ele></trkpt>
   <trkpt lat="51.348508" lon="9.527677"><ele>180.75</ele></trkpt>
   <trkpt lat="51.348575" lon="9.526864"><ele>181</ele></trkpt>
   <trkpt lat="51.348645" lon="9.526279"><ele>181.25</ele></trkpt>
   <trkpt lat="51.348739" lon="9.525669"><ele>181.5</ele></trkpt>
   <trkpt lat="51.348768" lon="9.525446"><ele>181.5</ele></trkpt>
   <trkpt lat="51.348849" lon="9.524994"><ele>181.5</ele></trkpt>
   <trkpt lat="51.3489" lon="9.524744"><ele>181.25</ele></trkpt>
   <trkpt lat="51.348984" lon="9.524349"><ele>181.25</ele></trkpt>
   <trkpt lat="51.34931" lon="9.522983"><ele>181.5</ele></trkpt>
   <trkpt lat="51.34934" lon="9.522856"><ele>181.5</ele></trkpt>
   <trkpt lat="51.349384" lon="9.522678"><ele>181.75</ele></trkpt>
   <trkpt lat="51.349579" lon="9.521813"><ele>182</ele></trkpt>
   <trkpt lat="51.349708" lon="9.52116"><ele>182.5</ele></trkpt>
   <trkpt lat="51.349749" lon="9.520951"><ele>182.75</ele></trkpt>
   <trkpt lat="51.349975" lon="9.519941"><ele>183</ele></trkpt>
   <trkpt lat="51.350525" lon="9.517657"><ele>184.5</ele></trkpt>
   <trkpt lat="51.350549" lon="9.517559"><ele>184.75</ele></trkpt>
   <trkpt lat="51.350585" lon="9.517412"><ele>185</ele></trkpt>
   <trkpt lat="51.350605" lon="9.517331"><ele>185</ele></trkpt>
   <trkpt lat="51.351021" lon="9.51561"><ele>186.25</ele></trkpt>
   <trkpt lat="51.351209" lon="9.51477"><ele>187</ele></trkpt>
   <trkpt lat="51.351322" lon="9.514208"><ele>186.75</ele></trkpt>
   <trkpt lat="51.351465" lon="9.513583"><ele>187.25</ele></trkpt>
   <trkpt lat="51.351493" lon="9.513471"><ele>187.25</ele></trkpt>
   <trkpt lat="51.351541" lon="9.513267"><ele>187.5</ele></trkpt>
   <trkpt lat="51.351802" lon="9.512128"><ele>188</ele></trkpt>
   <trkpt lat="51.351929" lon="9.511535"><ele>188.5</ele></trkpt>
   <trkpt lat="51.351934" lon="9.511513"><ele>188.5</ele></trkpt>
   <trkpt lat="51.352412" lon="9.50937"><ele>192.25</ele></trkpt>
   <trkpt lat="51.352427" lon="9.509307"><ele>192.5</ele></trkpt>
   <trkpt lat="51.352619" lon="9.508503"><ele>192.75</ele></trkpt>
   <trkpt lat="51.352798" lon="9.507687"><ele>192.25</ele></trkpt>
   <trkpt lat="51.352991" lon="9.506812"><ele>192.5</ele></trkpt>
   <trkpt lat="51.353389" lon="9.504995"><ele>194</ele></trkpt>
   <trkpt lat="51.353878" lon="9.502767"><ele>195.75</ele></trkpt>
   <trkpt lat="51.354442" lon="9.500197"><ele>197.75</ele></trkpt>
   <trkpt lat="51.354632" lon="9.499172"><ele>197.5</ele></trkpt>
   <trkpt lat="51.354782" lon="9.498197"><ele>196.5</ele></trkpt>
   <trkpt lat="51.3549" lon="9.49728"><ele>194.5</ele></trkpt>
   <trkpt lat="51.35498" lon="9.496388"><ele>192.5</ele></trkpt>
   <trkpt lat="51.355033" lon="9.495432"><ele>190.5</ele></trkpt>
   <trkpt lat="51.355056" lon="9.49449"><ele>189.25</ele></trkpt>
   <trkpt lat="51.355017" lon="9.492851"><ele>188.5</ele></trkpt>
   <trkpt lat="51.354946" lon="9.49176"><ele>189</ele></trkpt>
   <trkpt lat="51.354866" lon="9.49093"><ele>187</ele></trkpt>
   <trkpt lat="51.35449" lon="9.487364"><ele>176.75</ele></trkpt>
   <trkpt lat="51.35435" lon="9.486218"><ele>175.75</ele></trkpt>
   <trkpt lat="51.354222" lon="9.48541"><ele>175.75</ele></trkpt>
   <trkpt lat="51.354148" lon="9.485007"><ele>175.75</ele></trkpt>
   <trkpt lat="51.353932" lon="9.483951"><ele>177.75</ele></trkpt>
   <trkpt lat="51.353819" lon="9.483527"><ele>178.5</ele></trkpt>
   <trkpt lat="51.353739" lon="9.483228"><ele>179</ele></trkpt>
   <trkpt lat="51.353498" lon="9.482412"><ele>180</ele></trkpt>
   <trkpt lat="51.353118" lon="9.481327"><ele>179.5</ele></trkpt>
   <trkpt lat="51.353088" lon="9.481247"><ele>179.25</ele></trkpt>
   <trkpt lat="51.353073" lon="9.481207"><ele>179.25</ele></trkpt>
   <trkpt lat="51.352881" lon="9.480667"><ele>179</ele></trkpt>
   <trkpt lat="51.35258" lon="9.479945"><ele>179</ele></trkpt>
   <trkpt lat="51.352244" lon="9.479318"><ele>179.25</ele></trkpt>
   <trkpt lat="51.352219" lon="9.47927"><ele>179</ele></trkpt>
   <trkpt lat="51.351824" lon="9.478531"><ele>178.5</ele></trkpt>
   <trkpt lat="51.351806" lon="9.478499"><ele>178.5</ele></trkpt>
   <trkpt lat="51.351358" lon="9.477752"><ele>178.5</ele></trkpt>
   <trkpt lat="51.351006" lon="9.477227"><ele>178.5</ele></trkpt>
   <trkpt lat="51.350471" lon="9.476476"><ele>178.25</ele></trkpt>
   <trkpt lat="51.350183" lon="9.476128"><ele>178</ele></trkpt>
   <trkpt lat="51.350146" lon="9.476082"><ele>178</ele></trkpt>
   <trkpt lat="51.349512" lon="9.475319"><ele>177.75</ele></trkpt>
   <trkpt lat="51.348301" lon="9.47411"><ele>178</ele></trkpt>
   <trkpt lat="51.347874" lon="9.473729"><ele>178.75</ele></trkpt>
   <trkpt lat="51.347714" lon="9.473578"><ele>179</ele></trkpt>
   <trkpt lat="51.347213" lon="9.473104"><ele>180.25</ele></trkpt>
   <trkpt lat="51.346905" lon="9.472827"><ele>180.25</ele></trkpt>
   <trkpt lat="51.346413" lon="9.472439"><ele>181</ele></trkpt>
   <trkpt lat="51.346309" lon="9.472359"><ele>181.25</ele></trkpt>
   <trkpt lat="51.345973" lon="9.472118"><ele>182.25</ele></trkpt>
   <trkpt lat="51.345681" lon="9.471961"><ele>182.75</ele></trkpt>
   <trkpt lat="51.3456" lon="9.471917"><ele>182.75</ele></trkpt>
   <trkpt lat="51.345193" lon="9.471796"><ele>182.75</ele></trkpt>
   <trkpt lat="51.344767" lon="9.471745"><ele>183</ele></trkpt>
   <trkpt lat="51.344583" lon="9.471758"><ele>183.25</ele></trkpt>
   <trkpt lat="51.344194" lon="9.471794"><ele>183.75</ele></trkpt>
   <trkpt lat="51.343862" lon="9.471823"><ele>183.5</ele></trkpt>
   <trkpt lat="51.343746" lon="9.471833"><ele>183.25</ele></trkpt>
   <trkpt lat="51.342736" lon="9.471853"><ele>183</ele></trkpt>
   <trkpt lat="51.341966" lon="9.471922"><ele>183</ele></trkpt>
   <trkpt lat="51.340352" lon="9.472065"><ele>182.5</ele></trkpt>
   <trkpt lat="51.339693" lon="9.472138"><ele>181</ele></trkpt>
   <trkpt lat="51.339489" lon="9.472158"><ele>180.5</ele></trkpt>
   <trkpt lat="51.339017" lon="9.472205"><ele>180.25</ele></trkpt>
   <trkpt lat="51.338165" lon="9.472257"><ele>182.5</ele></trkpt>
   <trkpt lat="51.337703" lon="9.472235"><ele>182.5</ele></trkpt>
   <trkpt lat="51.337576" lon="9.47222"><ele>182.5</ele></trkpt>
   <trkpt lat="51.337184" lon="9.472175"><ele>183</ele></trkpt>
   <trkpt lat="51.336714" lon="9.472075"><ele>183.25</ele></trkpt>
   <trkpt lat="51.336155" lon="9.471913"><ele>183.75</ele></trkpt>
   <trkpt lat="51.335685" lon="9.471752"><ele>183.5</ele></trkpt>
   <trkpt lat="51.335269" lon="9.471563"><ele>182.5</ele></trkpt>
   <trkpt lat="51.335092" lon="9.47146"><ele>182.5</ele></trkpt>
   <trkpt lat="51.33457" lon="9.471118"><ele>182.75</ele></trkpt>
   <trkpt lat="51.334529" lon="9.471093"><ele>182.5</ele></trkpt>
   <trkpt lat="51.334319" lon="9.470967"><ele>182.25</ele></trkpt>
   <trkpt lat="51.333981" lon="9.470738"><ele>181.5</ele></trkpt>
   <trkpt lat="51.333552" lon="9.470424"><ele>180.75</ele></trkpt>
   <trkpt lat="51.333543" lon="9.470419"><ele>180.75</ele></trkpt>
   <trkpt lat="51.333466" lon="9.470353"><ele>180.5</ele></trkpt>
   <trkpt lat="51.333065" lon="9.470016"><ele>179.5</ele></trkpt>
   <trkpt lat="51.332805" lon="9.469783"><ele>179.75</ele></trkpt>
   <trkpt lat="51.332246" lon="9.469227"><ele>180.5</ele></trkpt>
   <trkpt lat="51.331784" lon="9.468741"><ele>180.5</ele></trkpt>
   <trkpt lat="51.330601" lon="9.467498"><ele>182</ele></trkpt>
   <trkpt lat="51.330138" lon="9.46705"><ele>180.5</ele></trkpt>
   <trkpt lat="51.330108" lon="9.467022"><ele>180.5</ele></trkpt>
   <trkpt lat="51.330099" lon="9.467014"><ele>180.25</ele></trkpt>
   <trkpt lat="51.32751" lon="9.464607"><ele>180.75</ele></trkpt>
   <trkpt lat="51.326841" lon="9.463989"><ele>180.5</ele></trkpt>
   <trkpt lat="51.325943" lon="9.463165"><ele>176.5</ele></trkpt>
   <trkpt lat="51.325619" lon="9.462859"><ele>176.25</ele></trkpt>
   <trkpt lat="51.325512" lon="9.462768"><ele>176.5</ele></trkpt>
   <trkpt lat="51.325487" lon="9.462747"><ele>176.5</ele></trkpt>
   <trkpt lat="51.32507" lon="9.462389"><ele>176.75</ele></trkpt>
   <trkpt lat="51.324978" lon="9.46231"><ele>176.75</ele></trkpt>
   <trkpt lat="51.324316" lon="9.461755"><ele>177.5</ele></trkpt>
   <trkpt lat="51.323919" lon="9.461499"><ele>178</ele></trkpt>
   <trkpt lat="51.323487" lon="9.461134"><ele>178</ele></trkpt>
   <trkpt lat="51.323207" lon="9.460865"><ele>178</ele></trkpt>
   <trkpt lat="51.323074" lon="9.460738"><ele>178.25</ele></trkpt>
   <trkpt lat="51.322997" lon="9.460648"><ele>178.25</ele></trkpt>
   <trkpt lat="51.322778" lon="9.460395"><ele>178.5</ele></trkpt>
   <trkpt lat="51.32249" lon="9.460012"><ele>179</ele></trkpt>
   <trkpt lat="51.3222" lon="9.459559"><ele>180</ele></trkpt>
   <trkpt lat="51.321892" lon="9.458995"><ele>181</ele></trkpt>
   <trkpt lat="51.321837" lon="9.458882"><ele>181</ele></trkpt>
   <trkpt lat="51.321611" lon="9.458439"><ele>181.25</ele></trkpt>
   <trkpt lat="51.32149" lon="9.458181"><ele>182.25</ele></trkpt>
   <trkpt lat="51.321394" lon="9.457934"><ele>183</ele></trkpt>
   <trkpt lat="51.321312" lon="9.457673"><ele>183.5</ele></trkpt>
   <trkpt lat="51.321152" lon="9.457068"><ele>184.25</ele></trkpt>
   <trkpt lat="51.320901" lon="9.456252"><ele>184.25</ele></trkpt>
   <trkpt lat="51.320829" lon="9.455965"><ele>184</ele></trkpt>
   <trkpt lat="51.320697" lon="9.455302"><ele>184.75</ele></trkpt>
   <trkpt lat="51.320687" lon="9.455249"><ele>184.75</ele></trkpt>
   <trkpt lat="51.320684" lon="9.455236"><ele>184.75</ele></trkpt>
   <trkpt lat="51.320677" lon="9.455197"><ele>184.75</ele></trkpt>
   <trkpt lat="51.320445" lon="9.454047"><ele>187.75</ele></trkpt>
   <trkpt lat="51.320439" lon="9.454016"><ele>187.75</ele></trkpt>
   <trkpt lat="51.320398" lon="9.453808"><ele>188</ele></trkpt>
   <trkpt lat="51.320303" lon="9.453331"><ele>188.5</ele></trkpt>
   <trkpt lat="51.320178" lon="9.452769"><ele>188.75</ele></trkpt>
   <trkpt lat="51.320081" lon="9.452382"><ele>188.75</ele></trkpt>
   <trkpt lat="51.319968" lon="9.45198"><ele>189</ele></trkpt>
   <trkpt lat="51.319787" lon="9.451405"><ele>189.25</ele></trkpt>
   <trkpt lat="51.319746" lon="9.451298"><ele>189.25</ele></trkpt>
   <trkpt lat="51.319468" lon="9.450576"><ele>188.5</ele></trkpt>
   <trkpt lat="51.319256" lon="9.450096"><ele>187.25</ele></trkpt>
   <trkpt lat="51.319226" lon="9.450036"><ele>187</ele></trkpt>
   <trkpt lat="51.319208" lon="9.449999"><ele>187</ele></trkpt>
   <trkpt lat="51.319088" lon="9.449756"><ele>187.75</ele></trkpt>
   <trkpt lat="51.318892" lon="9.449389"><ele>189</ele></trkpt>
   <trkpt lat="51.318601" lon="9.448907"><ele>189.5</ele></trkpt>
   <trkpt lat="51.318414" lon="9.448625"><ele>189.25</ele></trkpt>
   <trkpt lat="51.318403" lon="9.448608"><ele>189.25</ele></trkpt>
   <trkpt lat="51.318395" lon="9.448598"><ele>189.25</ele></trkpt>
   <trkpt lat="51.318024" lon="9.448097"><ele>189.25</ele></trkpt>
   <trkpt lat="51.317741" lon="9.447768"><ele>189.25</ele></trkpt>
   <trkpt lat="51.31742" lon="9.447454"><ele>188.75</ele></trkpt>
   <trkpt lat="51.317303" lon="9.447349"><ele>188.5</ele></trkpt>
   <trkpt lat="51.317046" lon="9.44712"><ele>188</ele></trkpt>
   <trkpt lat="51.316809" lon="9.446931"><ele>187.75</ele></trkpt>
   <trkpt lat="51.316486" lon="9.446732"><ele>187.75</ele></trkpt>
   <trkpt lat="51.316196" lon="9.446569"><ele>188</ele></trkpt>
   <trkpt lat="51.316138" lon="9.446545"><ele>188</ele></trkpt>
   <trkpt lat="51.315707" lon="9.446423"><ele>188.25</ele></trkpt>
   <trkpt lat="51.315556" lon="9.446395"><ele>188.25</ele></trkpt>
   <trkpt lat="51.315366" lon="9.446362"><ele>188.25</ele></trkpt>
   <trkpt lat="51.315314" lon="9.446353"><ele>188.25</ele></trkpt>
   <trkpt lat="51.315124" lon="9.446322"><ele>188.25</ele></trkpt>
   <trkpt lat="51.314918" lon="9.446299"><ele>188.5</ele></trkpt>
   <trkpt lat="51.314734" lon="9.446295"><ele>189</ele></trkpt>
   <trkpt lat="51.314503" lon="9.446303"><ele>189.75</ele></trkpt>
   <trkpt lat="51.314287" lon="9.446332"><ele>190.25</ele></trkpt>
   <trkpt lat="51.314015" lon="9.446398"><ele>191.5</ele></trkpt>
   <trkpt lat="51.313835" lon="9.446458"><ele>192.75</ele></trkpt>
   <trkpt lat="51.313712" lon="9.446511"><ele>193.75</ele></trkpt>
   <trkpt lat="51.313648" lon="9.44654"><ele>194.25</ele></trkpt>
   <trkpt lat="51.312675" lon="9.447053"><ele>196.25</ele></trkpt>
   <trkpt lat="51.312637" lon="9.447076"><ele>196.25</ele></trkpt>
   <trkpt lat="51.312279" lon="9.447303"><ele>195.25</ele></trkpt>
   <trkpt lat="51.311604" lon="9.447686"><ele>192.5</ele></trkpt>
   <trkpt lat="51.311535" lon="9.447725"><ele>192.25</ele></trkpt>
   <trkpt lat="51.311525" lon="9.44773"><ele>192.25</ele></trkpt>
   <trkpt lat="51.311492" lon="9.447748"><ele>192.25</ele></trkpt>
   <trkpt lat="51.311036" lon="9.448005"><ele>190.5</ele></trkpt>
  </trkseg>
 </trk>
</gpx>