<?xml version="1.0" encoding="UTF-8"?>
<!-- track-length = 176393 filtered ascend = 159 plain-ascend = -2 cost=176393 energy=2.2kwh time=3h 55m 11s -->
<gpx 
 xmlns="http://www.topografix.com/GPX/1/1" 
 xmlns:xsi="http://www.w3.org/2001/XMLSchema-instance" 
 xsi:schemaLocation="http://www.topografix.com/GPX/1/1 http://www.topografix.com/GPX/1/1/gpx.xsd" 
 version="1.1" 
 creator="BRouter-Web 0.18.1">
 <trk>
  <name>Hamm - Hannover</name>
  <trkseg>
   <trkpt lat="51.678193" lon="7.807957"><ele>63.5</ele></trkpt>
   <trkpt lat="51.678457" lon="7.807867"><ele>63.25</ele></trkpt>
   <trkpt lat="51.680375" lon="7.807182"><ele>63.75</ele></trkpt>
   <trkpt lat="51.680884" lon="7.806999"><ele>62.75</ele></trkpt>
   <trkpt lat="51.681332" lon="7.806868"><ele>61.75</ele></trkpt>
   <trkpt lat="51.68153" lon="7.80682"><ele>61.5</ele></trkpt>
   <trkpt lat="51.681915" lon="7.806745"><ele>61</ele></trkpt>
   <trkpt lat="51.682048" lon="7.806724"><ele>60.75</ele></trkpt>
   <trkpt lat="51.682079" lon="7.806719"><ele>60.75</ele></trkpt>
   <trkpt lat="51.682664" lon="7.806628"><ele>60.25</ele></trkpt>
   <trkpt lat="51.682717" lon="7.80662"><ele>60.25</ele></trkpt>
   <trkpt lat="51.683161" lon="7.806555"><ele>61.25</ele></trkpt>
   <trkpt lat="51.683191" lon="7.806551"><ele>61.25</ele></trkpt>
   <trkpt lat="51.683394" lon="7.806513"><ele>61.75</ele></trkpt>
   <trkpt lat="51.683504" lon="7.806492"><ele>62</ele></trkpt>
   <trkpt lat="51.683534" lon="7.806481"><ele>62</ele></trkpt>
   <trkpt lat="51.683954" lon="7.806367"><ele>62.25</ele></trkpt>
   <trkpt lat="51.68422" lon="7.806325"><ele>62.5</ele></trkpt>
   <trkpt lat="51.684982" lon="7.806143"><ele>62.25</ele></trkpt>
   <trkpt lat="51.68506" lon="7.80613"><ele>62.25</ele></trkpt>
   <trkpt lat="51.685184" lon="7.806118"><ele>62.5</ele></trkpt>
   <trkpt lat="51.685369" lon="7.806101"><ele>63</ele></trkpt>
   <trkpt lat="51.685795" lon="7.806084"><ele>63.75</ele></trkpt>
   <trkpt lat="51.686234" lon="7.806093"><ele>64.25</ele></trkpt>
   <trkpt lat="51.686679" lon="7.806157"><ele>64.75</ele></trkpt>
   <trkpt lat="51.687073" lon="7.806234"><ele>64.5</ele></trkpt>
   <trkpt lat="51.687406" lon="7.80633"><ele>64</ele></trkpt>
   <trkpt lat="51.687618" lon="7.806402"><ele>63.75</ele></trkpt>
   <trkpt lat="51.68789" lon="7.806513"><ele>63.5</ele></trkpt>
   <trkpt lat="51.688442" lon="7.806779"><ele>63</ele></trkpt>
   <trkpt lat="51.688926" lon="7.807075"><ele>63.5</ele></trkpt>
   <trkpt lat="51.689381" lon="7.8074"><ele>64</ele></trkpt>
   <trkpt lat="51.689732" lon="7.807694"><ele>64</ele></trkpt>
   <trkpt lat="51.68998" lon="7.807923"><ele>64.25</ele></trkpt>
   <trkpt lat="51.690175" lon="7.808118"><ele>65</ele></trkpt>
   <trkpt lat="51.690286" lon="7.808239"><ele>65.5</ele></trkpt>
   <trkpt lat="51.690493" lon="7.808461"><ele>66</ele></trkpt>
   <trkpt lat="51.690834" lon="7.808865"><ele>66.25</ele></trkpt>
   <trkpt lat="51.691079" lon="7.809166"><ele>65.5</ele></trkpt>
   <trkpt lat="51.691405" lon="7.809561"><ele>64.25</ele></trkpt>
   <trkpt lat="51.69202" lon="7.810224"><ele>63</ele></trkpt>
   <trkpt lat="51.692184" lon="7.81042"><ele>63</ele></trkpt>
   <trkpt lat="51.692238" lon="7.810484"><ele>63</ele></trkpt>
   <trkpt lat="51.692517" lon="7.810788"><ele>62.75</ele></trkpt>
   <trkpt lat="51.692709" lon="7.810969"><ele>62.75</ele></trkpt>
   <trkpt lat="51.692915" lon="7.811181"><ele>62.5</ele></trkpt>
   <trkpt lat="51.693016" lon="7.811295"><ele>62.5</ele></trkpt>
   <trkpt lat="51.69321" lon="7.811514"><ele>62.75</ele></trkpt>
   <trkpt lat="51.693841" lon="7.812222"><ele>61.75</ele></trkpt>
   <trkpt lat="51.694521" lon="7.812995"><ele>59.5</ele></trkpt>
   <trkpt lat="51.695459" lon="7.814085"><ele>60</ele></trkpt>
   <trkpt lat="51.695958" lon="7.81471"><ele>59.5</ele></trkpt>
   <trkpt lat="51.696946" lon="7.815975"><ele>60.5</ele></trkpt>
   <trkpt lat="51.69977" lon="7.819622"><ele>62</ele></trkpt>
   <trkpt lat="51.700023" lon="7.819951"><ele>62</ele></trkpt>
   <trkpt lat="51.70133" lon="7.821641"><ele>64.5</ele></trkpt>
   <trkpt lat="51.70353" lon="7.824498"><ele>65</ele></trkpt>
   <trkpt lat="51.703752" lon="7.824778"><ele>65.25</ele></trkpt>
   <trkpt lat="51.705337" lon="7.826746"><ele>65.5</ele></trkpt>
   <trkpt lat="51.705344" lon="7.826754"><ele>65.5</ele></trkpt>
   <trkpt lat="51.705776" lon="7.827289"><ele>66</ele></trkpt>
   <trkpt lat="51.709011" lon="7.831158"><ele>71</ele></trkpt>
   <trkpt lat="51.709386" lon="7.83164"><ele>70.75</ele></trkpt>
   <trkpt lat="51.71047" lon="7.833115"><ele>70.5</ele></trkpt>
   <trkpt lat="51.710788" lon="7.833547"><ele>69.75</ele></trkpt>
   <trkpt lat="51.711093" lon="7.833928"><ele>69.5</ele></trkpt>
   <trkpt lat="51.712579" lon="7.835794"><ele>70</ele></trkpt>
   <trkpt lat="51.716519" lon="7.84074"><ele>73.5</ele></trkpt>
   <trkpt lat="51.716671" lon="7.840931"><ele>73.75</ele></trkpt>
   <trkpt lat="51.719871" lon="7.844921"><ele>74</ele></trkpt>
   <trkpt lat="51.727339" lon="7.85429"><ele>84</ele></trkpt>
   <trkpt lat="51.731332" lon="7.859187"><ele>82.5</ele></trkpt>
   <trkpt lat="51.733001" lon="7.861258"><ele>81.75</ele></trkpt>
   <trkpt lat="51.734156" lon="7.862639"><ele>81.75</ele></trkpt>
   <trkpt lat="51.738219" lon="7.867502"><ele>88.75</ele></trkpt>
   <trkpt lat="51.738704" lon="7.868074"><ele>88</ele></trkpt>
   <trkpt lat="51.738874" lon="7.868274"><ele>87</ele></trkpt>
   <trkpt lat="51.738896" lon="7.868299"><ele>87</ele></trkpt>
   <trkpt lat="51.739637" lon="7.869123"><ele>87.25</ele></trkpt>
   <trkpt lat="51.740516" lon="7.870077"><ele>85.5</ele></trkpt>
   <trkpt lat="51.740924" lon="7.870536"><ele>84</ele></trkpt>
   <trkpt lat="51.741113" lon="7.870782"><ele>84.25</ele></trkpt>
   <trkpt lat="51.741358" lon="7.871138"><ele>84.75</ele></trkpt>
   <trkpt lat="51.741475" lon="7.871327"><ele>85</ele></trkpt>
   <trkpt lat="51.74158" lon="7.871515"><ele>85.5</ele></trkpt>
   <trkpt lat="51.741817" lon="7.87196"><ele>86.5</ele></trkpt>
   <trkpt lat="51.742621" lon="7.873547"><ele>87</ele></trkpt>
   <trkpt lat="51.742778" lon="7.873815"><ele>87</ele></trkpt>
   <trkpt lat="51.742941" lon="7.874074"><ele>86.75</ele></trkpt>
   <trkpt lat="51.743107" lon="7.874305"><ele>86.5</ele></trkpt>
   <trkpt lat="51.743285" lon="7.874534"><ele>86.5</ele></trkpt>
   <trkpt lat="51.743483" lon="7.874766"><ele>86.25</ele></trkpt>
   <trkpt lat="51.74369" lon="7.874986"><ele>86</ele></trkpt>
   <trkpt lat="51.744192" lon="7.875487"><ele>85.5</ele></trkpt>
   <trkpt lat="51.744675" lon="7.875989"><ele>84</ele></trkpt>
   <trkpt lat="51.745152" lon="7.876522"><ele>82.5</ele></trkpt>
   <trkpt lat="51.745874" lon="7.877372"><ele>81.75</ele></trkpt>
   <trkpt lat="51.748525" lon="7.880515"><ele>83.75</ele></trkpt>
   <trkpt lat="51.75039" lon="7.882738"><ele>87.75</ele></trkpt>
   <trkpt lat="51.751473" lon="7.884046"><ele>87.25</ele></trkpt>
   <trkpt lat="51.752027" lon="7.884689"><ele>85.5</ele></trkpt>
   <trkpt lat="51.753116" lon="7.885976"><ele>85</ele></trkpt>
   <trkpt lat="51.753793" lon="7.886792"><ele>84.5</ele></trkpt>
   <trkpt lat="51.753868" lon="7.886883"><ele>84</ele></trkpt>
   <trkpt lat="51.754175" lon="7.887254"><ele>82.5</ele></trkpt>
   <trkpt lat="51.755737" lon="7.889147"><ele>80</ele></trkpt>
   <trkpt lat="51.755774" lon="7.889192"><ele>80</ele></trkpt>
   <trkpt lat="51.757626" lon="7.891433"><ele>78.25</ele></trkpt>
   <trkpt lat="51.75779" lon="7.89163"><ele>78.75</ele></trkpt>
   <trkpt lat="51.759197" lon="7.893338"><ele>80</ele></trkpt>
   <trkpt lat="51.75931" lon="7.89348"><ele>80.5</ele></trkpt>
   <trkpt lat="51.759598" lon="7.893853"><ele>81.5</ele></trkpt>
   <trkpt lat="51.760384" lon="7.894908"><ele>83.75</ele></trkpt>
   <trkpt lat="51.760728" lon="7.89534"><ele>84.25</ele></trkpt>
   <trkpt lat="51.761041" lon="7.895716"><ele>84.25</ele></trkpt>
   <trkpt lat="51.761244" lon="7.895955"><ele>84.25</ele></trkpt>
   <trkpt lat="51.761694" lon="7.896436"><ele>84.25</ele></trkpt>
   <trkpt lat="51.762064" lon="7.896795"><ele>84.25</ele></trkpt>
   <trkpt lat="51.762121" lon="7.896849"><ele>84.5</ele></trkpt>
   <trkpt lat="51.762418" lon="7.89714"><ele>84.75</ele></trkpt>
   <trkpt lat="51.762868" lon="7.897628"><ele>85</ele></trkpt>
   <trkpt lat="51.762995" lon="7.897775"><ele>85</ele></trkpt>
   <trkpt lat="51.763021" lon="7.897807"><ele>85</ele></trkpt>
   <trkpt lat="51.763026" lon="7.897812"><ele>85</ele></trkpt>
   <trkpt lat="51.764308" lon="7.899302"><ele>85.75</ele></trkpt>
   <trkpt lat="51.764775" lon="7.899888"><ele>84.5</ele></trkpt>
   <trkpt lat="51.765188" lon="7.900437"><ele>83</ele></trkpt>
   <trkpt lat="51.765619" lon="7.901042"><ele>83</ele></trkpt>
   <trkpt lat="51.766226" lon="7.901954"><ele>82.5</ele></trkpt>
   <trkpt lat="51.766316" lon="7.902097"><ele>82.25</ele></trkpt>
   <trkpt lat="51.766934" lon="7.903117"><ele>81.5</ele></trkpt>
   <trkpt lat="51.767391" lon="7.903937"><ele>81.75</ele></trkpt>
   <trkpt lat="51.767691" lon="7.904497"><ele>81.25</ele></trkpt>
   <trkpt lat="51.768017" lon="7.905152"><ele>80.25</ele></trkpt>
   <trkpt lat="51.768264" lon="7.905661"><ele>80</ele></trkpt>
   <trkpt lat="51.768613" lon="7.906414"><ele>80.5</ele></trkpt>
   <trkpt lat="51.768829" lon="7.90691"><ele>80.75</ele></trkpt>
   <trkpt lat="51.769202" lon="7.907821"><ele>80.5</ele></trkpt>
   <trkpt lat="51.769294" lon="7.908067"><ele>80</ele></trkpt>
   <trkpt lat="51.769349" lon="7.908215"><ele>79.75</ele></trkpt>
   <trkpt lat="51.769461" lon="7.908516"><ele>80.75</ele></trkpt>
   <trkpt lat="51.769479" lon="7.908558"><ele>80.75</ele></trkpt>
   <trkpt lat="51.769536" lon="7.908701"><ele>81.5</ele></trkpt>
   <trkpt lat="51.770642" lon="7.911862"><ele>81.5</ele></trkpt>
   <trkpt lat="51.774396" lon="7.922108"><ele>83.5</ele></trkpt>
   <trkpt lat="51.774466" lon="7.922296"><ele>83.75</ele></trkpt>
   <trkpt lat="51.774503" lon="7.922392"><ele>83.75</ele></trkpt>
   <trkpt lat="51.774576" lon="7.922583"><ele>84</ele></trkpt>
   <trkpt lat="51.775077" lon="7.923883"><ele>86</ele></trkpt>
   <trkpt lat="51.775586" lon="7.925251"><ele>87.75</ele></trkpt>
   <trkpt lat="51.775654" lon="7.92544"><ele>87.75</ele></trkpt>
   <trkpt lat="51.775714" lon="7.92561"><ele>87.75</ele></trkpt>
   <trkpt lat="51.775914" lon="7.926101"><ele>87.5</ele></trkpt>
   <trkpt lat="51.776027" lon="7.926358"><ele>87</ele></trkpt>
   <trkpt lat="51.776194" lon="7.926774"><ele>86.5</ele></trkpt>
   <trkpt lat="51.776959" lon="7.928867"><ele>85.25</ele></trkpt>
   <trkpt lat="51.780118" lon="7.937489"><ele>87.75</ele></trkpt>
   <trkpt lat="51.781169" lon="7.940362"><ele>89.75</ele></trkpt>
   <trkpt lat="51.78155" lon="7.941405"><ele>92</ele></trkpt>
   <trkpt lat="51.782732" lon="7.944622"><ele>95.75</ele></trkpt>
   <trkpt lat="51.783499" lon="7.946669"><ele>95.5</ele></trkpt>
   <trkpt lat="51.783795" lon="7.947492"><ele>97.25</ele></trkpt>
   <trkpt lat="51.785064" lon="7.950898"><ele>93.75</ele></trkpt>
   <trkpt lat="51.786666" lon="7.955228"><ele>92.25</ele></trkpt>
   <trkpt lat="51.786989" lon="7.956121"><ele>92</ele></trkpt>
   <trkpt lat="51.787559" lon="7.957775"><ele>91</ele></trkpt>
   <trkpt lat="51.788058" lon="7.959155"><ele>91.75</ele></trkpt>
   <trkpt lat="51.788072" lon="7.959193"><ele>92</ele></trkpt>
   <trkpt lat="51.788496" lon="7.96034"><ele>93.25</ele></trkpt>
   <trkpt lat="51.788791" lon="7.961109"><ele>92.25</ele></trkpt>
   <trkpt lat="51.789291" lon="7.962337"><ele>94.25</ele></trkpt>
   <trkpt lat="51.789512" lon="7.962921"><ele>94.75</ele></trkpt>
   <trkpt lat="51.79012" lon="7.96459"><ele>92.25</ele></trkpt>
   <trkpt lat="51.790166" lon="7.96472"><ele>92</ele></trkpt>
   <trkpt lat="51.790505" lon="7.9657"><ele>91.25</ele></trkpt>
   <trkpt lat="51.790676" lon="7.966204"><ele>91.5</ele></trkpt>
   <trkpt lat="51.791218" lon="7.967884"><ele>91.25</ele></trkpt>
   <trkpt lat="51.791518" lon="7.96885"><ele>90</ele></trkpt>
   <trkpt lat="51.791752" lon="7.96964"><ele>89.75</ele></trkpt>
   <trkpt lat="51.792215" lon="7.97126"><ele>89.5</ele></trkpt>
   <trkpt lat="51.792411" lon="7.971984"><ele>90</ele></trkpt>
   <trkpt lat="51.79275" lon="7.973272"><ele>90.25</ele></trkpt>
   <trkpt lat="51.792829" lon="7.973581"><ele>90.5</ele></trkpt>
   <trkpt lat="51.793168" lon="7.974938"><ele>92.5</ele></trkpt>
   <trkpt lat="51.793405" lon="7.975931"><ele>94</ele></trkpt>
   <trkpt lat="51.793637" lon="7.976958"><ele>96.25</ele></trkpt>
   <trkpt lat="51.793867" lon="7.97799"><ele>98.5</ele></trkpt>
   <trkpt lat="51.794069" lon="7.978997"><ele>98.5</ele></trkpt>
   <trkpt lat="51.794174" lon="7.979553"><ele>98.25</ele></trkpt>
   <trkpt lat="51.794436" lon="7.98095"><ele>98.25</ele></trkpt>
   <trkpt lat="51.794783" lon="7.982909"><ele>94.5</ele></trkpt>
   <trkpt lat="51.795088" lon="7.984776"><ele>93</ele></trkpt>
   <trkpt lat="51.795238" lon="7.985763"><ele>91.75</ele></trkpt>
   <trkpt lat="51.79537" lon="7.986694"><ele>90.25</ele></trkpt>
   <trkpt lat="51.795459" lon="7.987325"><ele>91.5</ele></trkpt>
   <trkpt lat="51.795497" lon="7.987592"><ele>92</ele></trkpt>
   <trkpt lat="51.795596" lon="7.988298"><ele>93</ele></trkpt>
   <trkpt lat="51.795754" lon="7.989432"><ele>93.75</ele></trkpt>
   <trkpt lat="51.795795" lon="7.989722"><ele>94.25</ele></trkpt>
   <trkpt lat="51.795838" lon="7.990054"><ele>94.75</ele></trkpt>
   <trkpt lat="51.795909" lon="7.990742"><ele>94.5</ele></trkpt>
   <trkpt lat="51.79597" lon="7.991252"><ele>94.75</ele></trkpt>
   <trkpt lat="51.796017" lon="7.991592"><ele>95</ele></trkpt>
   <trkpt lat="51.796064" lon="7.992022"><ele>94.75</ele></trkpt>
   <trkpt lat="51.796099" lon="7.992468"><ele>94.25</ele></trkpt>
   <trkpt lat="51.796184" lon="7.993097"><ele>93.5</ele></trkpt>
   <trkpt lat="51.796298" lon="7.993901"><ele>93.75</ele></trkpt>
   <trkpt lat="51.796421" lon="7.994777"><ele>95</ele></trkpt>
   <trkpt lat="51.796633" lon="7.996264"><ele>96.25</ele></trkpt>
   <trkpt lat="51.796967" lon="7.998657"><ele>96.5</ele></trkpt>
   <trkpt lat="51.797085" lon="7.999512"><ele>96.75</ele></trkpt>
   <trkpt lat="51.797102" lon="7.999628"><ele>96.75</ele></trkpt>
   <trkpt lat="51.797133" lon="7.999847"><ele>96.5</ele></trkpt>
   <trkpt lat="51.797934" lon="8.005609"><ele>96.75</ele></trkpt>
   <trkpt lat="51.798117" lon="8.006941"><ele>98</ele></trkpt>
   <trkpt lat="51.798225" lon="8.007709"><ele>97.25</ele></trkpt>
   <trkpt lat="51.798313" lon="8.008542"><ele>96</ele></trkpt>
   <trkpt lat="51.798364" lon="8.008886"><ele>96.5</ele></trkpt>
   <trkpt lat="51.79852" lon="8.009918"><ele>99</ele></trkpt>
   <trkpt lat="51.798531" lon="8.009992"><ele>99</ele></trkpt>
   <trkpt lat="51.798697" lon="8.010723"><ele>99</ele></trkpt>
   <trkpt lat="51.798838" lon="8.011326"><ele>98.25</ele></trkpt>
   <trkpt lat="51.798893" lon="8.011526"><ele>97.75</ele></trkpt>
   <trkpt lat="51.799103" lon="8.01223"><ele>97</ele></trkpt>
   <trkpt lat="51.799136" lon="8.01236"><ele>97</ele></trkpt>
   <trkpt lat="51.799154" lon="8.012427"><ele>97</ele></trkpt>
   <trkpt lat="51.799168" lon="8.012481"><ele>97</ele></trkpt>
   <trkpt lat="51.799345" lon="8.013121"><ele>98</ele></trkpt>
   <trkpt lat="51.799612" lon="8.014025"><ele>98</ele></trkpt>
   <trkpt lat="51.799641" lon="8.014121"><ele>98</ele></trkpt>
   <trkpt lat="51.800213" lon="8.016045"><ele>97.25</ele></trkpt>
   <trkpt lat="51.800602" lon="8.017382"><ele>97.25</ele></trkpt>
   <trkpt lat="51.801047" lon="8.019062"><ele>96.5</ele></trkpt>
   <trkpt lat="51.801274" lon="8.019855"><ele>97</ele></trkpt>
   <trkpt lat="51.801993" lon="8.022277"><ele>97.5</ele></trkpt>
   <trkpt lat="51.802543" lon="8.024001"><ele>96.75</ele></trkpt>
   <trkpt lat="51.802734" lon="8.02462"><ele>97</ele></trkpt>
   <trkpt lat="51.803024" lon="8.025609"><ele>96.5</ele></trkpt>
   <trkpt lat="51.803183" lon="8.026164"><ele>96.25</ele></trkpt>
   <trkpt lat="51.803463" lon="8.027151"><ele>96</ele></trkpt>
   <trkpt lat="51.803502" lon="8.027294"><ele>96</ele></trkpt>
   <trkpt lat="51.803776" lon="8.028271"><ele>96.25</ele></trkpt>
   <trkpt lat="51.80389" lon="8.028688"><ele>96.25</ele></trkpt>
   <trkpt lat="51.804162" lon="8.029659"><ele>96</ele></trkpt>
   <trkpt lat="51.80447" lon="8.030783"><ele>96.5</ele></trkpt>
   <trkpt lat="51.804764" lon="8.031833"><ele>97.25</ele></trkpt>
   <trkpt lat="51.805038" lon="8.032824"><ele>98</ele></trkpt>
   <trkpt lat="51.806244" lon="8.036918"><ele>97.25</ele></trkpt>
   <trkpt lat="51.807944" lon="8.042651"><ele>98.5</ele></trkpt>
   <trkpt lat="51.808317" lon="8.043913"><ele>98.75</ele></trkpt>
   <trkpt lat="51.811865" lon="8.055892"><ele>97.5</ele></trkpt>
   <trkpt lat="51.81215" lon="8.056848"><ele>97.5</ele></trkpt>
   <trkpt lat="51.812758" lon="8.058912"><ele>98</ele></trkpt>
   <trkpt lat="51.813804" lon="8.062454"><ele>102.75</ele></trkpt>
   <trkpt lat="51.813986" lon="8.063054"><ele>103.5</ele></trkpt>
   <trkpt lat="51.814448" lon="8.064643"><ele>103.75</ele></trkpt>
   <trkpt lat="51.814701" lon="8.065573"><ele>103</ele></trkpt>
   <trkpt lat="51.814975" lon="8.066613"><ele>103</ele></trkpt>
   <trkpt lat="51.815231" lon="8.067659"><ele>105.5</ele></trkpt>
   <trkpt lat="51.815712" lon="8.069766"><ele>102.25</ele></trkpt>
   <trkpt lat="51.816716" lon="8.074294"><ele>103.25</ele></trkpt>
   <trkpt lat="51.81753" lon="8.077961"><ele>103.25</ele></trkpt>
   <trkpt lat="51.819767" lon="8.088052"><ele>99.25</ele></trkpt>
   <trkpt lat="51.820468" lon="8.091246"><ele>97.75</ele></trkpt>
   <trkpt lat="51.820675" lon="8.092251"><ele>98</ele></trkpt>
   <trkpt lat="51.820871" lon="8.09329"><ele>96.75</ele></trkpt>
   <trkpt lat="51.821053" lon="8.094344"><ele>96.5</ele></trkpt>
   <trkpt lat="51.821105" lon="8.094659"><ele>96.5</ele></trkpt>
   <trkpt lat="51.821131" lon="8.094817"><ele>96.75</ele></trkpt>
   <trkpt lat="51.822124" lon="8.100846"><ele>98</ele></trkpt>
   <trkpt lat="51.823255" lon="8.107705"><ele>102.25</ele></trkpt>
   <trkpt lat="51.82424" lon="8.113754"><ele>101.5</ele></trkpt>
   <trkpt lat="51.824731" lon="8.11679"><ele>98.5</ele></trkpt>
   <trkpt lat="51.825554" lon="8.121801"><ele>96.25</ele></trkpt>
   <trkpt lat="51.825957" lon="8.12424"><ele>95.5</ele></trkpt>
   <trkpt lat="51.826358" lon="8.12668"><ele>96.25</ele></trkpt>
   <trkpt lat="51.826437" lon="8.127178"><ele>96.5</ele></trkpt>
   <trkpt lat="51.826546" lon="8.128102"><ele>96.75</ele></trkpt>
   <trkpt lat="51.826552" lon="8.128141"><ele>96.75</ele></trkpt>
   <trkpt lat="51.826618" lon="8.128549"><ele>97</ele></trkpt>
   <trkpt lat="51.826792" lon="8.129606"><ele>96.5</ele></trkpt>
   <trkpt lat="51.827055" lon="8.131211"><ele>96.5</ele></trkpt>
   <trkpt lat="51.827072" lon="8.131312"><ele>96.75</ele></trkpt>
   <trkpt lat="51.828141" lon="8.137822"><ele>97.25</ele></trkpt>
   <trkpt lat="51.828212" lon="8.138301"><ele>96.75</ele></trkpt>
   <trkpt lat="51.828235" lon="8.13845"><ele>96.75</ele></trkpt>
   <trkpt lat="51.828486" lon="8.140043"><ele>96</ele></trkpt>
   <trkpt lat="51.828908" lon="8.142538"><ele>96</ele></trkpt>
   <trkpt lat="51.82892" lon="8.142593"><ele>96</ele></trkpt>
   <trkpt lat="51.829008" lon="8.143104"><ele>94.75</ele></trkpt>
   <trkpt lat="51.829022" lon="8.14319"><ele>94.5</ele></trkpt>
   <trkpt lat="51.829084" lon="8.143522"><ele>93.75</ele></trkpt>
   <trkpt lat="51.829226" lon="8.144193"><ele>93</ele></trkpt>
   <trkpt lat="51.829275" lon="8.144463"><ele>92.75</ele></trkpt>
   <trkpt lat="51.829277" lon="8.144474"><ele>92.75</ele></trkpt>
   <trkpt lat="51.829305" lon="8.14464"><ele>92.5</ele></trkpt>
   <trkpt lat="51.829447" lon="8.145512"><ele>92.25</ele></trkpt>
   <trkpt lat="51.829509" lon="8.145889"><ele>92.25</ele></trkpt>
   <trkpt lat="51.829919" lon="8.148387"><ele>90.5</ele></trkpt>
   <trkpt lat="51.830288" lon="8.15059"><ele>90.5</ele></trkpt>
   <trkpt lat="51.8303" lon="8.150664"><ele>90.5</ele></trkpt>
   <trkpt lat="51.830302" lon="8.150675"><ele>90.5</ele></trkpt>
   <trkpt lat="51.830351" lon="8.15096"><ele>90</ele></trkpt>
   <trkpt lat="51.830405" lon="8.151316"><ele>89.5</ele></trkpt>
   <trkpt lat="51.830579" lon="8.152393"><ele>88.5</ele></trkpt>
   <trkpt lat="51.830908" lon="8.154255"><ele>88</ele></trkpt>
   <trkpt lat="51.83132" lon="8.156393"><ele>87.75</ele></trkpt>
   <trkpt lat="51.832496" lon="8.162359"><ele>86.75</ele></trkpt>
   <trkpt lat="51.832596" lon="8.162863"><ele>87.25</ele></trkpt>
   <trkpt lat="51.83296" lon="8.164712"><ele>86.5</ele></trkpt>
   <trkpt lat="51.832971" lon="8.164769"><ele>86.5</ele></trkpt>
   <trkpt lat="51.833753" lon="8.168757"><ele>86</ele></trkpt>
   <trkpt lat="51.833962" lon="8.16979"><ele>86.75</ele></trkpt>
   <trkpt lat="51.83453" lon="8.172678"><ele>84.75</ele></trkpt>
   <trkpt lat="51.834585" lon="8.172958"><ele>84.5</ele></trkpt>
   <trkpt lat="51.835673" lon="8.178457"><ele>85</ele></trkpt>
   <trkpt lat="51.835717" lon="8.178684"><ele>85.25</ele></trkpt>
   <trkpt lat="51.837265" lon="8.186526"><ele>80.75</ele></trkpt>
   <trkpt lat="51.83739" lon="8.187153"><ele>80.75</ele></trkpt>
   <trkpt lat="51.837451" lon="8.187464"><ele>80.75</ele></trkpt>
   <trkpt lat="51.837499" lon="8.187705"><ele>80.75</ele></trkpt>
   <trkpt lat="51.838425" lon="8.192373"><ele>82</ele></trkpt>
   <trkpt lat="51.838462" lon="8.192559"><ele>82</ele></trkpt>
   <trkpt lat="51.838955" lon="8.195071"><ele>85.75</ele></trkpt>
   <trkpt lat="51.840036" lon="8.200516"><ele>85.25</ele></trkpt>
   <trkpt lat="51.841662" lon="8.208779"><ele>84.75</ele></trkpt>
   <trkpt lat="51.84293" lon="8.215251"><ele>81</ele></trkpt>
   <trkpt lat="51.843268" lon="8.216948"><ele>79.25</ele></trkpt>
   <trkpt lat="51.843308" lon="8.217153"><ele>78.5</ele></trkpt>
   <trkpt lat="51.843748" lon="8.219382"><ele>76.5</ele></trkpt>
   <trkpt lat="51.843797" lon="8.219632"><ele>76.75</ele></trkpt>
   <trkpt lat="51.844624" lon="8.223828"><ele>80.5</ele></trkpt>
   <trkpt lat="51.845978" lon="8.23068"><ele>79.5</ele></trkpt>
   <trkpt lat="51.846016" lon="8.230877"><ele>79.5</ele></trkpt>
   <trkpt lat="51.846507" lon="8.233367"><ele>80</ele></trkpt>
   <trkpt lat="51.846531" lon="8.233485"><ele>80</ele></trkpt>
   <trkpt lat="51.8478" lon="8.239931"><ele>80.25</ele></trkpt>
   <trkpt lat="51.847866" lon="8.240261"><ele>80.25</ele></trkpt>
   <trkpt lat="51.8499" lon="8.250579"><ele>79</ele></trkpt>
   <trkpt lat="51.850534" lon="8.253824"><ele>76.5</ele></trkpt>
   <trkpt lat="51.851609" lon="8.259281"><ele>77.75</ele></trkpt>
   <trkpt lat="51.85167" lon="8.259586"><ele>77.25</ele></trkpt>
   <trkpt lat="51.852186" lon="8.262217"><ele>76</ele></trkpt>
   <trkpt lat="51.853199" lon="8.267361"><ele>81.25</ele></trkpt>
   <trkpt lat="51.853394" lon="8.268435"><ele>82.5</ele></trkpt>
   <trkpt lat="51.853681" lon="8.269824"><ele>79</ele></trkpt>
   <trkpt lat="51.853743" lon="8.270136"><ele>78.25</ele></trkpt>
   <trkpt lat="51.854392" lon="8.273437"><ele>76</ele></trkpt>
   <trkpt lat="51.854422" lon="8.273595"><ele>75.75</ele></trkpt>
   <trkpt lat="51.85449" lon="8.27395"><ele>75.75</ele></trkpt>
   <trkpt lat="51.85492" lon="8.276162"><ele>75.75</ele></trkpt>
   <trkpt lat="51.85501" lon="8.276623"><ele>75.75</ele></trkpt>
   <trkpt lat="51.855066" lon="8.276912"><ele>75.5</ele></trkpt>
   <trkpt lat="51.855249" lon="8.27785"><ele>74</ele></trkpt>
   <trkpt lat="51.855417" lon="8.278672"><ele>73.25</ele></trkpt>
   <trkpt lat="51.855634" lon="8.279691"><ele>74.25</ele></trkpt>
   <trkpt lat="51.855661" lon="8.279819"><ele>74.5</ele></trkpt>
   <trkpt lat="51.855896" lon="8.280881"><ele>74.75</ele></trkpt>
   <trkpt lat="51.855901" lon="8.280907"><ele>74.75</ele></trkpt>
   <trkpt lat="51.856039" lon="8.28152"><ele>74</ele></trkpt>
   <trkpt lat="51.856191" lon="8.28222"><ele>74</ele></trkpt>
   <trkpt lat="51.856431" lon="8.283313"><ele>73.25</ele></trkpt>
   <trkpt lat="51.856481" lon="8.283536"><ele>73</ele></trkpt>
   <trkpt lat="51.856504" lon="8.283638"><ele>73</ele></trkpt>
   <trkpt lat="51.856731" lon="8.284685"><ele>73</ele></trkpt>
   <trkpt lat="51.856797" lon="8.285007"><ele>73</ele></trkpt>
   <trkpt lat="51.856878" lon="8.285391"><ele>73</ele></trkpt>
   <trkpt lat="51.857138" lon="8.286714"><ele>74.5</ele></trkpt>
   <trkpt lat="51.857728" lon="8.289736"><ele>76.75</ele></trkpt>
   <trkpt lat="51.858018" lon="8.29137"><ele>76.25</ele></trkpt>
   <trkpt lat="51.858184" lon="8.292413"><ele>76</ele></trkpt>
   <trkpt lat="51.858609" lon="8.295069"><ele>73.75</ele></trkpt>
   <trkpt lat="51.858933" lon="8.29705"><ele>73.5</ele></trkpt>
   <trkpt lat="51.858979" lon="8.297316"><ele>73.5</ele></trkpt>
   <trkpt lat="51.85922" lon="8.298637"><ele>73.25</ele></trkpt>
   <trkpt lat="51.859451" lon="8.299819"><ele>71.5</ele></trkpt>
   <trkpt lat="51.859601" lon="8.300579"><ele>70.5</ele></trkpt>
   <trkpt lat="51.859669" lon="8.300925"><ele>70.25</ele></trkpt>
   <trkpt lat="51.859684" lon="8.301007"><ele>70.25</ele></trkpt>
   <trkpt lat="51.85969" lon="8.301037"><ele>70.25</ele></trkpt>
   <trkpt lat="51.859821" lon="8.301628"><ele>70.25</ele></trkpt>
   <trkpt lat="51.859947" lon="8.302151"><ele>70.5</ele></trkpt>
   <trkpt lat="51.860067" lon="8.302703"><ele>71.25</ele></trkpt>
   <trkpt lat="51.860128" lon="8.303008"><ele>71.75</ele></trkpt>
   <trkpt lat="51.860246" lon="8.303529"><ele>72</ele></trkpt>
   <trkpt lat="51.860599" lon="8.304966"><ele>71</ele></trkpt>
   <trkpt lat="51.86062" lon="8.305058"><ele>71</ele></trkpt>
   <trkpt lat="51.860668" lon="8.305268"><ele>71.25</ele></trkpt>
   <trkpt lat="51.860737" lon="8.305556"><ele>71.5</ele></trkpt>
   <trkpt lat="51.860929" lon="8.306337"><ele>72.5</ele></trkpt>
   <trkpt lat="51.860978" lon="8.306537"><ele>72.75</ele></trkpt>
   <trkpt lat="51.861383" lon="8.308064"><ele>72.5</ele></trkpt>
   <trkpt lat="51.861626" lon="8.30892"><ele>72.75</ele></trkpt>
   <trkpt lat="51.861855" lon="8.309701"><ele>72.5</ele></trkpt>
   <trkpt lat="51.862168" lon="8.310713"><ele>71.25</ele></trkpt>
   <trkpt lat="51.862502" lon="8.311742"><ele>72</ele></trkpt>
   <trkpt lat="51.862861" lon="8.312784"><ele>72.25</ele></trkpt>
   <trkpt lat="51.863033" lon="8.313272"><ele>72</ele></trkpt>
   <trkpt lat="51.863171" lon="8.313652"><ele>72</ele></trkpt>
   <trkpt lat="51.863458" lon="8.314422"><ele>71.75</ele></trkpt>
   <trkpt lat="51.863767" lon="8.315226"><ele>72</ele></trkpt>
   <trkpt lat="51.864085" lon="8.316016"><ele>73</ele></trkpt>
   <trkpt lat="51.864382" lon="8.31673"><ele>73.25</ele></trkpt>
   <trkpt lat="51.864719" lon="8.317515"><ele>72.25</ele></trkpt>
   <trkpt lat="51.865079" lon="8.318318"><ele>72.5</ele></trkpt>
   <trkpt lat="51.865204" lon="8.318588"><ele>72</ele></trkpt>
   <trkpt lat="51.865326" lon="8.31885"><ele>71.75</ele></trkpt>
   <trkpt lat="51.86584" lon="8.319913"><ele>73.75</ele></trkpt>
   <trkpt lat="51.866257" lon="8.32074"><ele>72.5</ele></trkpt>
   <trkpt lat="51.866546" lon="8.321281"><ele>72.25</ele></trkpt>
   <trkpt lat="51.866916" lon="8.321963"><ele>72.5</ele></trkpt>
   <trkpt lat="51.867571" lon="8.323113"><ele>73.25</ele></trkpt>
   <trkpt lat="51.868034" lon="8.323882"><ele>73.25</ele></trkpt>
   <trkpt lat="51.868497" lon="8.324625"><ele>73</ele></trkpt>
   <trkpt lat="51.869236" lon="8.325803"><ele>71.75</ele></trkpt>
   <trkpt lat="51.869332" lon="8.325956"><ele>71.75</ele></trkpt>
   <trkpt lat="51.869899" lon="8.326858"><ele>72</ele></trkpt>
   <trkpt lat="51.870331" lon="8.327544"><ele>73</ele></trkpt>
   <trkpt lat="51.871271" lon="8.329042"><ele>73.75</ele></trkpt>
   <trkpt lat="51.87258" lon="8.331125"><ele>72.25</ele></trkpt>
   <trkpt lat="51.873911" lon="8.333242"><ele>73.75</ele></trkpt>
   <trkpt lat="51.874843" lon="8.334732"><ele>73.25</ele></trkpt>
   <trkpt lat="51.876284" lon="8.337022"><ele>76.25</ele></trkpt>
   <trkpt lat="51.876771" lon="8.337794"><ele>76</ele></trkpt>
   <trkpt lat="51.877017" lon="8.338186"><ele>76.25</ele></trkpt>
   <trkpt lat="51.877933" lon="8.339649"><ele>74</ele></trkpt>
   <trkpt lat="51.878475" lon="8.34051"><ele>73.75</ele></trkpt>
   <trkpt lat="51.87862" lon="8.340739"><ele>73.5</ele></trkpt>
   <trkpt lat="51.880511" lon="8.343753"><ele>71.5</ele></trkpt>
   <trkpt lat="51.881563" lon="8.345413"><ele>72</ele></trkpt>
   <trkpt lat="51.881669" lon="8.345584"><ele>71.75</ele></trkpt>
   <trkpt lat="51.882429" lon="8.346814"><ele>70.25</ele></trkpt>
   <trkpt lat="51.884445" lon="8.350019"><ele>71</ele></trkpt>
   <trkpt lat="51.884569" lon="8.350216"><ele>71</ele></trkpt>
   <trkpt lat="51.884842" lon="8.350648"><ele>71.5</ele></trkpt>
   <trkpt lat="51.887455" lon="8.354817"><ele>74.5</ele></trkpt>
   <trkpt lat="51.887756" lon="8.355297"><ele>74</ele></trkpt>
   <trkpt lat="51.889136" lon="8.35751"><ele>73</ele></trkpt>
   <trkpt lat="51.890166" lon="8.359138"><ele>74</ele></trkpt>
   <trkpt lat="51.891215" lon="8.360813"><ele>74.5</ele></trkpt>
   <trkpt lat="51.891498" lon="8.361265"><ele>73.5</ele></trkpt>
   <trkpt lat="51.891758" lon="8.361677"><ele>73</ele></trkpt>
   <trkpt lat="51.892101" lon="8.36223"><ele>73</ele></trkpt>
   <trkpt lat="51.892839" lon="8.363395"><ele>73</ele></trkpt>
   <trkpt lat="51.893074" lon="8.363774"><ele>73</ele></trkpt>
   <trkpt lat="51.89359" lon="8.364596"><ele>73.5</ele></trkpt>
   <trkpt lat="51.89601" lon="8.368485"><ele>74</ele></trkpt>
   <trkpt lat="51.89622" lon="8.368819"><ele>74.25</ele></trkpt>
   <trkpt lat="51.899666" lon="8.374309"><ele>75.75</ele></trkpt>
   <trkpt lat="51.899795" lon="8.374514"><ele>75.75</ele></trkpt>
   <trkpt lat="51.900377" lon="8.375428"><ele>75.5</ele></trkpt>
   <trkpt lat="51.900455" lon="8.375549"><ele>75.25</ele></trkpt>
   <trkpt lat="51.900763" lon="8.376027"><ele>75</ele></trkpt>
   <trkpt lat="51.901952" lon="8.377785"><ele>75.5</ele></trkpt>
   <trkpt lat="51.902092" lon="8.377994"><ele>75.75</ele></trkpt>
   <trkpt lat="51.902195" lon="8.378145"><ele>75.75</ele></trkpt>
   <trkpt lat="51.902386" lon="8.378426"><ele>76</ele></trkpt>
   <trkpt lat="51.90242" lon="8.378477"><ele>76</ele></trkpt>
   <trkpt lat="51.90246" lon="8.378535"><ele>76</ele></trkpt>
   <trkpt lat="51.902562" lon="8.378685"><ele>76.25</ele></trkpt>
   <trkpt lat="51.903085" lon="8.379453"><ele>76.25</ele></trkpt>
   <trkpt lat="51.903181" lon="8.379598"><ele>76.5</ele></trkpt>
   <trkpt lat="51.903331" lon="8.379819"><ele>76.75</ele></trkpt>
   <trkpt lat="51.903814" lon="8.380528"><ele>78</ele></trkpt>
   <trkpt lat="51.904775" lon="8.381929"><ele>78.25</ele></trkpt>
   <trkpt lat="51.905092" lon="8.382389"><ele>78</ele></trkpt>
   <trkpt lat="51.905112" lon="8.382419"><ele>78</ele></trkpt>
   <trkpt lat="51.905759" lon="8.383354"><ele>78.5</ele></trkpt>
   <trkpt lat="51.906107" lon="8.383851"><ele>78.75</ele></trkpt>
   <trkpt lat="51.906587" lon="8.384549"><ele>79.25</ele></trkpt>
   <trkpt lat="51.906843" lon="8.38493"><ele>79.75</ele></trkpt>
   <trkpt lat="51.907585" lon="8.38602"><ele>78.25</ele></trkpt>
   <trkpt lat="51.907678" lon="8.386157"><ele>78.25</ele></trkpt>
   <trkpt lat="51.908722" lon="8.387711"><ele>77</ele></trkpt>
   <trkpt lat="51.909276" lon="8.388539"><ele>78</ele></trkpt>
   <trkpt lat="51.910135" lon="8.389818"><ele>77.25</ele></trkpt>
   <trkpt lat="51.910474" lon="8.39032"><ele>77.5</ele></trkpt>
   <trkpt lat="51.911107" lon="8.391266"><ele>77.75</ele></trkpt>
   <trkpt lat="51.911172" lon="8.391364"><ele>77.75</ele></trkpt>
   <trkpt lat="51.911409" lon="8.391742"><ele>77.5</ele></trkpt>
   <trkpt lat="51.911732" lon="8.392331"><ele>78</ele></trkpt>
   <trkpt lat="51.911823" lon="8.392482"><ele>78</ele></trkpt>
   <trkpt lat="51.912029" lon="8.392796"><ele>78.25</ele></trkpt>
   <trkpt lat="51.912373" lon="8.393288"><ele>78.75</ele></trkpt>
   <trkpt lat="51.91249" lon="8.393458"><ele>78.75</ele></trkpt>
   <trkpt lat="51.912581" lon="8.393586"><ele>79</ele></trkpt>
   <trkpt lat="51.913052" lon="8.394208"><ele>78.75</ele></trkpt>
   <trkpt lat="51.913293" lon="8.394549"><ele>78.75</ele></trkpt>
   <trkpt lat="51.913438" lon="8.394779"><ele>79</ele></trkpt>
   <trkpt lat="51.913448" lon="8.394793"><ele>79</ele></trkpt>
   <trkpt lat="51.914023" lon="8.395696"><ele>79.75</ele></trkpt>
   <trkpt lat="51.914487" lon="8.396449"><ele>79.5</ele></trkpt>
   <trkpt lat="51.914491" lon="8.396456"><ele>79.5</ele></trkpt>
   <trkpt lat="51.914875" lon="8.39711"><ele>80.75</ele></trkpt>
   <trkpt lat="51.915279" lon="8.39782"><ele>82</ele></trkpt>
   <trkpt lat="51.915628" lon="8.398458"><ele>81.75</ele></trkpt>
   <trkpt lat="51.916493" lon="8.400135"><ele>81.5</ele></trkpt>
   <trkpt lat="51.917004" lon="8.401143"><ele>81.25</ele></trkpt>
   <trkpt lat="51.91778" lon="8.402669"><ele>81.75</ele></trkpt>
   <trkpt lat="51.91817" lon="8.403431"><ele>81.25</ele></trkpt>
   <trkpt lat="51.918684" lon="8.404405"><ele>81</ele></trkpt>
   <trkpt lat="51.918743" lon="8.404513"><ele>81</ele></trkpt>
   <trkpt lat="51.919384" lon="8.405643"><ele>82</ele></trkpt>
   <trkpt lat="51.919686" lon="8.406144"><ele>82.25</ele></trkpt>
   <trkpt lat="51.920221" lon="8.407018"><ele>82.25</ele></trkpt>
   <trkpt lat="51.921139" lon="8.408483"><ele>82.25</ele></trkpt>
   <trkpt lat="51.921143" lon="8.40849"><ele>82.25</ele></trkpt>
   <trkpt lat="51.921385" lon="8.408863"><ele>82.25</ele></trkpt>
   <trkpt lat="51.921759" lon="8.409476"><ele>82.25</ele></trkpt>
   <trkpt lat="51.922899" lon="8.411282"><ele>83.25</ele></trkpt>
   <trkpt lat="51.923095" lon="8.411597"><ele>83.25</ele></trkpt>
   <trkpt lat="51.925722" lon="8.415781"><ele>85</ele></trkpt>
   <trkpt lat="51.931714" lon="8.425345"><ele>86.25</ele></trkpt>
   <trkpt lat="51.931812" lon="8.425499"><ele>86.5</ele></trkpt>
   <trkpt lat="51.932953" lon="8.427313"><ele>88.5</ele></trkpt>
   <trkpt lat="51.933315" lon="8.427871"><ele>89.25</ele></trkpt>
   <trkpt lat="51.933948" lon="8.428874"><ele>90</ele></trkpt>
   <trkpt lat="51.934592" lon="8.429935"><ele>87</ele></trkpt>
   <trkpt lat="51.936129" lon="8.432403"><ele>88.75</ele></trkpt>
   <trkpt lat="51.937653" lon="8.43483"><ele>89.5</ele></trkpt>
   <trkpt lat="51.939083" lon="8.437126"><ele>90</ele></trkpt>
   <trkpt lat="51.939212" lon="8.437334"><ele>90</ele></trkpt>
   <trkpt lat="51.939288" lon="8.437454"><ele>89.75</ele></trkpt>
   <trkpt lat="51.939977" lon="8.438553"><ele>89.5</ele></trkpt>
   <trkpt lat="51.941958" lon="8.441717"><ele>91.5</ele></trkpt>
   <trkpt lat="51.94834" lon="8.451916"><ele>94.25</ele></trkpt>
   <trkpt lat="51.948405" lon="8.452021"><ele>94</ele></trkpt>
   <trkpt lat="51.952133" lon="8.457979"><ele>98</ele></trkpt>
   <trkpt lat="51.95267" lon="8.458847"><ele>98</ele></trkpt>
   <trkpt lat="51.952721" lon="8.458929"><ele>98</ele></trkpt>
   <trkpt lat="51.954112" lon="8.461146"><ele>98.5</ele></trkpt>
   <trkpt lat="51.956157" lon="8.464421"><ele>103.25</ele></trkpt>
   <trkpt lat="51.957828" lon="8.467097"><ele>101</ele></trkpt>
   <trkpt lat="51.957897" lon="8.467207"><ele>101</ele></trkpt>
   <trkpt lat="51.958137" lon="8.467591"><ele>101</ele></trkpt>
   <trkpt lat="51.959156" lon="8.469223"><ele>101</ele></trkpt>
   <trkpt lat="51.96247" lon="8.474524"><ele>105.5</ele></trkpt>
   <trkpt lat="51.962518" lon="8.474601"><ele>105.25</ele></trkpt>
   <trkpt lat="51.962699" lon="8.47489"><ele>105.25</ele></trkpt>
   <trkpt lat="51.963246" lon="8.475775"><ele>105.75</ele></trkpt>
   <trkpt lat="51.963761" lon="8.476589"><ele>105.75</ele></trkpt>
   <trkpt lat="51.964268" lon="8.477411"><ele>105.75</ele></trkpt>
   <trkpt lat="51.966022" lon="8.480215"><ele>108.25</ele></trkpt>
   <trkpt lat="51.966099" lon="8.480338"><ele>108</ele></trkpt>
   <trkpt lat="51.967272" lon="8.482231"><ele>107.25</ele></trkpt>
   <trkpt lat="51.968799" lon="8.484676"><ele>108.75</ele></trkpt>
   <trkpt lat="51.969123" lon="8.485194"><ele>110.25</ele></trkpt>
   <trkpt lat="51.969734" lon="8.486178"><ele>108</ele></trkpt>
   <trkpt lat="51.970613" lon="8.487572"><ele>111.75</ele></trkpt>
   <trkpt lat="51.971085" lon="8.488284"><ele>113.75</ele></trkpt>
   <trkpt lat="51.971131" lon="8.488349"><ele>114</ele></trkpt>
   <trkpt lat="51.97156" lon="8.48895"><ele>116.25</ele></trkpt>
   <trkpt lat="51.972005" lon="8.489528"><ele>117.5</ele></trkpt>
   <trkpt lat="51.972471" lon="8.490098"><ele>118.25</ele></trkpt>
   <trkpt lat="51.972878" lon="8.490561"><ele>115.25</ele></trkpt>
   <trkpt lat="51.973363" lon="8.491088"><ele>111.75</ele></trkpt>
   <trkpt lat="51.973924" lon="8.491643"><ele>114.5</ele></trkpt>
   <trkpt lat="51.974512" lon="8.492173"><ele>113.75</ele></trkpt>
   <trkpt lat="51.975119" lon="8.492669"><ele>114</ele></trkpt>
   <trkpt lat="51.975751" lon="8.493124"><ele>116.75</ele></trkpt>
   <trkpt lat="51.976383" lon="8.49355"><ele>117</ele></trkpt>
   <trkpt lat="51.977017" lon="8.493911"><ele>117</ele></trkpt>
   <trkpt lat="51.977669" lon="8.494251"><ele>116.25</ele></trkpt>
   <trkpt lat="51.97834" lon="8.494545"><ele>116.25</ele></trkpt>
   <trkpt lat="51.97901" lon="8.494795"><ele>116.5</ele></trkpt>
   <trkpt lat="51.979688" lon="8.494999"><ele>118</ele></trkpt>
   <trkpt lat="51.980105" lon="8.495103"><ele>119</ele></trkpt>
   <trkpt lat="51.980699" lon="8.495223"><ele>119</ele></trkpt>
   <trkpt lat="51.981237" lon="8.495296"><ele>118.75</ele></trkpt>
   <trkpt lat="51.982419" lon="8.495424"><ele>121.5</ele></trkpt>
   <trkpt lat="51.983192" lon="8.495488"><ele>121.5</ele></trkpt>
   <trkpt lat="51.984387" lon="8.495616"><ele>123.75</ele></trkpt>
   <trkpt lat="51.986367" lon="8.495833"><ele>125.25</ele></trkpt>
   <trkpt lat="51.986978" lon="8.495907"><ele>125.25</ele></trkpt>
   <trkpt lat="51.987279" lon="8.495954"><ele>125.75</ele></trkpt>
   <trkpt lat="51.987608" lon="8.495994"><ele>126</ele></trkpt>
   <trkpt lat="51.988999" lon="8.496169"><ele>126</ele></trkpt>
   <trkpt lat="51.989324" lon="8.496208"><ele>126</ele></trkpt>
   <trkpt lat="51.989683" lon="8.496252"><ele>126</ele></trkpt>
   <trkpt lat="51.989737" lon="8.496259"><ele>126</ele></trkpt>
   <trkpt lat="51.991011" lon="8.496417"><ele>128</ele></trkpt>
   <trkpt lat="51.991735" lon="8.496513"><ele>127.5</ele></trkpt>
   <trkpt lat="51.992453" lon="8.496631"><ele>127.75</ele></trkpt>
   <trkpt lat="51.992646" lon="8.496669"><ele>127.75</ele></trkpt>
   <trkpt lat="51.992924" lon="8.496729"><ele>127.5</ele></trkpt>
   <trkpt lat="51.993427" lon="8.49687"><ele>127.25</ele></trkpt>
   <trkpt lat="51.993576" lon="8.496916"><ele>127.25</ele></trkpt>
   <trkpt lat="51.993922" lon="8.49703"><ele>127.5</ele></trkpt>
   <trkpt lat="51.994538" lon="8.497254"><ele>128.75</ele></trkpt>
   <trkpt lat="51.995068" lon="8.497469"><ele>130</ele></trkpt>
   <trkpt lat="51.995682" lon="8.497758"><ele>131</ele></trkpt>
   <trkpt lat="51.996259" lon="8.498076"><ele>131.25</ele></trkpt>
   <trkpt lat="51.997127" lon="8.49861"><ele>132.75</ele></trkpt>
   <trkpt lat="51.997329" lon="8.498737"><ele>133.5</ele></trkpt>
   <trkpt lat="51.997697" lon="8.498969"><ele>134</ele></trkpt>
   <trkpt lat="51.998356" lon="8.499402"><ele>133.25</ele></trkpt>
   <trkpt lat="51.998883" lon="8.49977"><ele>133</ele></trkpt>
   <trkpt lat="51.99932" lon="8.500095"><ele>133</ele></trkpt>
   <trkpt lat="51.999713" lon="8.500401"><ele>132.5</ele></trkpt>
   <trkpt lat="52.000252" lon="8.500846"><ele>132.5</ele></trkpt>
   <trkpt lat="52.00081" lon="8.50134"><ele>132</ele></trkpt>
   <trkpt lat="52.001169" lon="8.50167"><ele>131.25</ele></trkpt>
   <trkpt lat="52.00174" lon="8.502222"><ele>132.75</ele></trkpt>
   <trkpt lat="52.002356" lon="8.502856"><ele>132.75</ele></trkpt>
   <trkpt lat="52.002363" lon="8.502863"><ele>132.75</ele></trkpt>
   <trkpt lat="52.002422" lon="8.502923"><ele>132.5</ele></trkpt>
   <trkpt lat="52.002844" lon="8.503383"><ele>131.25</ele></trkpt>
   <trkpt lat="52.002928" lon="8.503475"><ele>131.75</ele></trkpt>
   <trkpt lat="52.003333" lon="8.503933"><ele>133</ele></trkpt>
   <trkpt lat="52.004697" lon="8.505437"><ele>134.5</ele></trkpt>
   <trkpt lat="52.006017" lon="8.506911"><ele>135.5</ele></trkpt>
   <trkpt lat="52.006412" lon="8.507372"><ele>135.5</ele></trkpt>
   <trkpt lat="52.006804" lon="8.507845"><ele>135.25</ele></trkpt>
   <trkpt lat="52.007203" lon="8.508366"><ele>134.75</ele></trkpt>
   <trkpt lat="52.007552" lon="8.508845"><ele>134.5</ele></trkpt>
   <trkpt lat="52.008316" lon="8.509932"><ele>133</ele></trkpt>
   <trkpt lat="52.008505" lon="8.510182"><ele>133.5</ele></trkpt>
   <trkpt lat="52.008911" lon="8.510745"><ele>134.5</ele></trkpt>
   <trkpt lat="52.010078" lon="8.512376"><ele>134.25</ele></trkpt>
   <trkpt lat="52.011255" lon="8.514026"><ele>133.75</ele></trkpt>
   <trkpt lat="52.012995" lon="8.516446"><ele>130.5</ele></trkpt>
   <trkpt lat="52.013036" lon="8.516504"><ele>130.25</ele></trkpt>
   <trkpt lat="52.01321" lon="8.516748"><ele>129</ele></trkpt>
   <trkpt lat="52.013923" lon="8.517737"><ele>130.25</ele></trkpt>
   <trkpt lat="52.014787" lon="8.518904"><ele>128.25</ele></trkpt>
   <trkpt lat="52.015786" lon="8.520303"><ele>126.5</ele></trkpt>
   <trkpt lat="52.015917" lon="8.520488"><ele>127.5</ele></trkpt>
   <trkpt lat="52.016501" lon="8.52132"><ele>130.25</ele></trkpt>
   <trkpt lat="52.016982" lon="8.522015"><ele>131.75</ele></trkpt>
   <trkpt lat="52.017441" lon="8.522661"><ele>132.25</ele></trkpt>
   <trkpt lat="52.017918" lon="8.523228"><ele>130</ele></trkpt>
   <trkpt lat="52.018073" lon="8.523399"><ele>129.25</ele></trkpt>
   <trkpt lat="52.018405" lon="8.523766"><ele>128.5</ele></trkpt>
   <trkpt lat="52.018893" lon="8.524257"><ele>126.5</ele></trkpt>
   <trkpt lat="52.01939" lon="8.524705"><ele>123.5</ele></trkpt>
   <trkpt lat="52.019663" lon="8.524939"><ele>122</ele></trkpt>
   <trkpt lat="52.019955" lon="8.525164"><ele>121.75</ele></trkpt>
   <trkpt lat="52.020215" lon="8.525353"><ele>122.25</ele></trkpt>
   <trkpt lat="52.020443" lon="8.525517"><ele>122.5</ele></trkpt>
   <trkpt lat="52.021052" lon="8.52591"><ele>122.25</ele></trkpt>
   <trkpt lat="52.021657" lon="8.526265"><ele>122.75</ele></trkpt>
   <trkpt lat="52.021738" lon="8.526312"><ele>122.5</ele></trkpt>
   <trkpt lat="52.022367" lon="8.526676"><ele>120.25</ele></trkpt>
   <trkpt lat="52.022464" lon="8.526732"><ele>120</ele></trkpt>
   <trkpt lat="52.02289" lon="8.526988"><ele>119.5</ele></trkpt>
   <trkpt lat="52.023284" lon="8.527212"><ele>119</ele></trkpt>
   <trkpt lat="52.023575" lon="8.527377"><ele>118.75</ele></trkpt>
   <trkpt lat="52.023622" lon="8.527403"><ele>118.5</ele></trkpt>
   <trkpt lat="52.023833" lon="8.527522"><ele>118.25</ele></trkpt>
   <trkpt lat="52.024199" lon="8.527743"><ele>117.5</ele></trkpt>
   <trkpt lat="52.024555" lon="8.527963"><ele>118</ele></trkpt>
   <trkpt lat="52.025078" lon="8.528319"><ele>119</ele></trkpt>
   <trkpt lat="52.0253" lon="8.528483"><ele>119</ele></trkpt>
   <trkpt lat="52.025364" lon="8.528535"><ele>119</ele></trkpt>
   <trkpt lat="52.025537" lon="8.528677"><ele>119</ele></trkpt>
   <trkpt lat="52.026079" lon="8.52914"><ele>118.5</ele></trkpt>
   <trkpt lat="52.026518" lon="8.529567"><ele>117.5</ele></trkpt>
   <trkpt lat="52.026812" lon="8.529884"><ele>116.75</ele></trkpt>
   <trkpt lat="52.026926" lon="8.530006"><ele>116.25</ele></trkpt>
   <trkpt lat="52.027295" lon="8.530419"><ele>115.75</ele></trkpt>
   <trkpt lat="52.027581" lon="8.530741"><ele>115.75</ele></trkpt>
   <trkpt lat="52.027806" lon="8.531"><ele>116.25</ele></trkpt>
   <trkpt lat="52.027825" lon="8.531025"><ele>116.25</ele></trkpt>
   <trkpt lat="52.028263" lon="8.531543"><ele>116.75</ele></trkpt>
   <trkpt lat="52.028541" lon="8.531872"><ele>118</ele></trkpt>
   <trkpt lat="52.02888" lon="8.532291"><ele>119.75</ele></trkpt>
   <trkpt lat="52.029541" lon="8.533128"><ele>119.25</ele></trkpt>
   <trkpt lat="52.029634" lon="8.533247"><ele>118.75</ele></trkpt>
   <trkpt lat="52.029934" lon="8.533633"><ele>118.5</ele></trkpt>
   <trkpt lat="52.030013" lon="8.533737"><ele>118.5</ele></trkpt>
   <trkpt lat="52.030567" lon="8.534464"><ele>119.25</ele></trkpt>
   <trkpt lat="52.030814" lon="8.534805"><ele>118.25</ele></trkpt>
   <trkpt lat="52.030824" lon="8.534819"><ele>118.25</ele></trkpt>
   <trkpt lat="52.031163" lon="8.535309"><ele>116.25</ele></trkpt>
   <trkpt lat="52.031296" lon="8.535501"><ele>115.75</ele></trkpt>
   <trkpt lat="52.031606" lon="8.535996"><ele>115.75</ele></trkpt>
   <trkpt lat="52.031825" lon="8.536382"><ele>116.75</ele></trkpt>
   <trkpt lat="52.031862" lon="8.536449"><ele>117</ele></trkpt>
   <trkpt lat="52.032021" lon="8.536747"><ele>117.75</ele></trkpt>
   <trkpt lat="52.032198" lon="8.537045"><ele>117.5</ele></trkpt>
   <trkpt lat="52.032415" lon="8.537449"><ele>117</ele></trkpt>
   <trkpt lat="52.032605" lon="8.537869"><ele>116</ele></trkpt>
   <trkpt lat="52.03264" lon="8.537949"><ele>116</ele></trkpt>
   <trkpt lat="52.032712" lon="8.538117"><ele>115.75</ele></trkpt>
   <trkpt lat="52.032732" lon="8.538166"><ele>115.75</ele></trkpt>
   <trkpt lat="52.032817" lon="8.538366"><ele>115.5</ele></trkpt>
   <trkpt lat="52.032997" lon="8.538815"><ele>115</ele></trkpt>
   <trkpt lat="52.033047" lon="8.538941"><ele>115</ele></trkpt>
   <trkpt lat="52.033087" lon="8.539054"><ele>115</ele></trkpt>
   <trkpt lat="52.033149" lon="8.539228"><ele>115</ele></trkpt>
   <trkpt lat="52.033183" lon="8.539328"><ele>115</ele></trkpt>
   <trkpt lat="52.033246" lon="8.539495"><ele>115.25</ele></trkpt>
   <trkpt lat="52.033543" lon="8.540296"><ele>115.75</ele></trkpt>
   <trkpt lat="52.033692" lon="8.540754"><ele>115.5</ele></trkpt>
   <trkpt lat="52.0337" lon="8.54078"><ele>115.5</ele></trkpt>
   <trkpt lat="52.033705" lon="8.5408"><ele>115.25</ele></trkpt>
   <trkpt lat="52.03374" lon="8.540921"><ele>115.25</ele></trkpt>
   <trkpt lat="52.033814" lon="8.541183"><ele>114.5</ele></trkpt>
   <trkpt lat="52.034093" lon="8.542063"><ele>113.25</ele></trkpt>
   <trkpt lat="52.03424" lon="8.542597"><ele>112</ele></trkpt>
   <trkpt lat="52.034403" lon="8.543052"><ele>110.25</ele></trkpt>
   <trkpt lat="52.034505" lon="8.543408"><ele>109.75</ele></trkpt>
   <trkpt lat="52.034685" lon="8.543923"><ele>110</ele></trkpt>
   <trkpt lat="52.034871" lon="8.544429"><ele>110.5</ele></trkpt>
   <trkpt lat="52.034938" lon="8.544659"><ele>111</ele></trkpt>
   <trkpt lat="52.035251" lon="8.545731"><ele>112.5</ele></trkpt>
   <trkpt lat="52.035476" lon="8.54636"><ele>113.75</ele></trkpt>
   <trkpt lat="52.035751" lon="8.547099"><ele>114.25</ele></trkpt>
   <trkpt lat="52.03602" lon="8.547781"><ele>113</ele></trkpt>
   <trkpt lat="52.036268" lon="8.548366"><ele>113</ele></trkpt>
   <trkpt lat="52.036585" lon="8.549067"><ele>113</ele></trkpt>
   <trkpt lat="52.036919" lon="8.549738"><ele>112.5</ele></trkpt>
   <trkpt lat="52.037269" lon="8.550393"><ele>112</ele></trkpt>
   <trkpt lat="52.037642" lon="8.551022"><ele>111.25</ele></trkpt>
   <trkpt lat="52.037786" lon="8.551248"><ele>110.75</ele></trkpt>
   <trkpt lat="52.037931" lon="8.551472"><ele>110</ele></trkpt>
   <trkpt lat="52.038369" lon="8.552089"><ele>108.25</ele></trkpt>
   <trkpt lat="52.038614" lon="8.552455"><ele>108</ele></trkpt>
   <trkpt lat="52.038789" lon="8.552752"><ele>107.75</ele></trkpt>
   <trkpt lat="52.03899" lon="8.553095"><ele>107.75</ele></trkpt>
   <trkpt lat="52.039083" lon="8.553212"><ele>107.75</ele></trkpt>
   <trkpt lat="52.039346" lon="8.553598"><ele>107.5</ele></trkpt>
   <trkpt lat="52.039512" lon="8.553818"><ele>107</ele></trkpt>
   <trkpt lat="52.039559" lon="8.553883"><ele>107</ele></trkpt>
   <trkpt lat="52.03969" lon="8.554023"><ele>107</ele></trkpt>
   <trkpt lat="52.04026" lon="8.554626"><ele>107.25</ele></trkpt>
   <trkpt lat="52.040804" lon="8.555259"><ele>107.25</ele></trkpt>
   <trkpt lat="52.040923" lon="8.555383"><ele>106.75</ele></trkpt>
   <trkpt lat="52.041047" lon="8.555512"><ele>106</ele></trkpt>
   <trkpt lat="52.042249" lon="8.556756"><ele>103.25</ele></trkpt>
   <trkpt lat="52.042299" lon="8.556808"><ele>103</ele></trkpt>
   <trkpt lat="52.042311" lon="8.556821"><ele>103</ele></trkpt>
   <trkpt lat="52.043454" lon="8.558014"><ele>99.5</ele></trkpt>
   <trkpt lat="52.045444" lon="8.560075"><ele>101.5</ele></trkpt>
   <trkpt lat="52.045516" lon="8.56015"><ele>102</ele></trkpt>
   <trkpt lat="52.045599" lon="8.560238"><ele>102.5</ele></trkpt>
   <trkpt lat="52.04816" lon="8.562906"><ele>110</ele></trkpt>
   <trkpt lat="52.050006" lon="8.564821"><ele>107</ele></trkpt>
   <trkpt lat="52.050046" lon="8.564863"><ele>106.75</ele></trkpt>
   <trkpt lat="52.05091" lon="8.565767"><ele>100.5</ele></trkpt>
   <trkpt lat="52.053016" lon="8.567945"><ele>91.5</ele></trkpt>
   <trkpt lat="52.053227" lon="8.568163"><ele>92</ele></trkpt>
   <trkpt lat="52.055905" lon="8.570956"><ele>89.5</ele></trkpt>
   <trkpt lat="52.056119" lon="8.571183"><ele>91.25</ele></trkpt>
   <trkpt lat="52.056924" lon="8.572047"><ele>94</ele></trkpt>
   <trkpt lat="52.057183" lon="8.572344"><ele>94</ele></trkpt>
   <trkpt lat="52.057433" lon="8.572653"><ele>94.5</ele></trkpt>
   <trkpt lat="52.05768" lon="8.572973"><ele>95.5</ele></trkpt>
   <trkpt lat="52.057925" lon="8.573304"><ele>96.5</ele></trkpt>
   <trkpt lat="52.058167" lon="8.573648"><ele>97</ele></trkpt>
   <trkpt lat="52.058627" lon="8.574353"><ele>98</ele></trkpt>
   <trkpt lat="52.058953" lon="8.57491"><ele>99.5</ele></trkpt>
   <trkpt lat="52.059065" lon="8.575104"><ele>100</ele></trkpt>
   <trkpt lat="52.059273" lon="8.575489"><ele>100.75</ele></trkpt>
   <trkpt lat="52.059475" lon="8.575884"><ele>100.75</ele></trkpt>
   <trkpt lat="52.059671" lon="8.576283"><ele>100.75</ele></trkpt>
   <trkpt lat="52.059861" lon="8.576693"><ele>100.75</ele></trkpt>
   <trkpt lat="52.060046" lon="8.57711"><ele>100</ele></trkpt>
   <trkpt lat="52.060224" lon="8.577537"><ele>99.75</ele></trkpt>
   <trkpt lat="52.060395" lon="8.57797"><ele>99.75</ele></trkpt>
   <trkpt lat="52.060561" lon="8.578414"><ele>99.5</ele></trkpt>
   <trkpt lat="52.060885" lon="8.579334"><ele>100</ele></trkpt>
   <trkpt lat="52.061726" lon="8.581774"><ele>102</ele></trkpt>
   <trkpt lat="52.062764" lon="8.584799"><ele>100</ele></trkpt>
   <trkpt lat="52.063657" lon="8.587415"><ele>99</ele></trkpt>
   <trkpt lat="52.06417" lon="8.588907"><ele>98.25</ele></trkpt>
   <trkpt lat="52.064217" lon="8.589045"><ele>98</ele></trkpt>
   <trkpt lat="52.064273" lon="8.589209"><ele>97.75</ele></trkpt>
   <trkpt lat="52.064294" lon="8.589268"><ele>97.5</ele></trkpt>
   <trkpt lat="52.064703" lon="8.590454"><ele>95.25</ele></trkpt>
   <trkpt lat="52.064902" lon="8.591037"><ele>94.25</ele></trkpt>
   <trkpt lat="52.065051" lon="8.591436"><ele>93.5</ele></trkpt>
   <trkpt lat="52.065177" lon="8.591741"><ele>93</ele></trkpt>
   <trkpt lat="52.065313" lon="8.592093"><ele>92.75</ele></trkpt>
   <trkpt lat="52.06539" lon="8.592324"><ele>92.5</ele></trkpt>
   <trkpt lat="52.065494" lon="8.592603"><ele>92.25</ele></trkpt>
   <trkpt lat="52.065783" lon="8.593329"><ele>91</ele></trkpt>
   <trkpt lat="52.065905" lon="8.593667"><ele>91</ele></trkpt>
   <trkpt lat="52.066231" lon="8.594624"><ele>90.75</ele></trkpt>
   <trkpt lat="52.066491" lon="8.595376"><ele>90.5</ele></trkpt>
   <trkpt lat="52.066617" lon="8.595742"><ele>90.75</ele></trkpt>
   <trkpt lat="52.069214" lon="8.603303"><ele>90.25</ele></trkpt>
   <trkpt lat="52.06954" lon="8.604246"><ele>91.25</ele></trkpt>
   <trkpt lat="52.069802" lon="8.605028"><ele>91.25</ele></trkpt>
   <trkpt lat="52.06995" lon="8.605545"><ele>91.25</ele></trkpt>
   <trkpt lat="52.070075" lon="8.605955"><ele>90.5</ele></trkpt>
   <trkpt lat="52.070169" lon="8.606219"><ele>89.5</ele></trkpt>
   <trkpt lat="52.070235" lon="8.606394"><ele>89</ele></trkpt>
   <trkpt lat="52.070336" lon="8.606661"><ele>88</ele></trkpt>
   <trkpt lat="52.070592" lon="8.607283"><ele>87.25</ele></trkpt>
   <trkpt lat="52.07078" lon="8.607707"><ele>87.25</ele></trkpt>
   <trkpt lat="52.070788" lon="8.607725"><ele>87.25</ele></trkpt>
   <trkpt lat="52.071125" lon="8.608426"><ele>87</ele></trkpt>
   <trkpt lat="52.071287" lon="8.608732"><ele>86.25</ele></trkpt>
   <trkpt lat="52.071451" lon="8.609033"><ele>86</ele></trkpt>
   <trkpt lat="52.071637" lon="8.609355"><ele>86</ele></trkpt>
   <trkpt lat="52.071826" lon="8.609664"><ele>86.75</ele></trkpt>
   <trkpt lat="52.072271" lon="8.610338"><ele>87.5</ele></trkpt>
   <trkpt lat="52.072545" lon="8.610719"><ele>88</ele></trkpt>
   <trkpt lat="52.07299" lon="8.611278"><ele>88.75</ele></trkpt>
   <trkpt lat="52.073219" lon="8.611545"><ele>88.25</ele></trkpt>
   <trkpt lat="52.073453" lon="8.611801"><ele>87.75</ele></trkpt>
   <trkpt lat="52.073804" lon="8.61215"><ele>87.25</ele></trkpt>
   <trkpt lat="52.074173" lon="8.612488"><ele>86</ele></trkpt>
   <trkpt lat="52.074421" lon="8.612694"><ele>85.5</ele></trkpt>
   <trkpt lat="52.074932" lon="8.613075"><ele>84.75</ele></trkpt>
   <trkpt lat="52.075962" lon="8.613814"><ele>85</ele></trkpt>
   <trkpt lat="52.076549" lon="8.614234"><ele>84.5</ele></trkpt>
   <trkpt lat="52.077635" lon="8.615011"><ele>83.75</ele></trkpt>
   <trkpt lat="52.07773" lon="8.615078"><ele>84</ele></trkpt>
   <trkpt lat="52.077862" lon="8.615171"><ele>84.5</ele></trkpt>
   <trkpt lat="52.079813" lon="8.61657"><ele>89.25</ele></trkpt>
   <trkpt lat="52.080247" lon="8.616881"><ele>89</ele></trkpt>
   <trkpt lat="52.081124" lon="8.617509"><ele>86.25</ele></trkpt>
   <trkpt lat="52.083102" lon="8.618922"><ele>85.25</ele></trkpt>
   <trkpt lat="52.083592" lon="8.619275"><ele>83.75</ele></trkpt>
   <trkpt lat="52.084419" lon="8.619866"><ele>81</ele></trkpt>
   <trkpt lat="52.084836" lon="8.620164"><ele>80.5</ele></trkpt>
   <trkpt lat="52.084921" lon="8.620229"><ele>80.25</ele></trkpt>
   <trkpt lat="52.086398" lon="8.621281"><ele>84.25</ele></trkpt>
   <trkpt lat="52.0877" lon="8.622217"><ele>89.25</ele></trkpt>
   <trkpt lat="52.089679" lon="8.623634"><ele>78.75</ele></trkpt>
   <trkpt lat="52.089882" lon="8.623778"><ele>78.25</ele></trkpt>
   <trkpt lat="52.089955" lon="8.623831"><ele>78</ele></trkpt>
   <trkpt lat="52.090565" lon="8.624267"><ele>79.5</ele></trkpt>
   <trkpt lat="52.090932" lon="8.624529"><ele>79.75</ele></trkpt>
   <trkpt lat="52.091547" lon="8.624974"><ele>78.75</ele></trkpt>
   <trkpt lat="52.092766" lon="8.625842"><ele>75.75</ele></trkpt>
   <trkpt lat="52.093373" lon="8.626283"><ele>76</ele></trkpt>
   <trkpt lat="52.093945" lon="8.626724"><ele>76</ele></trkpt>
   <trkpt lat="52.094496" lon="8.627188"><ele>76.25</ele></trkpt>
   <trkpt lat="52.095043" lon="8.627706"><ele>76</ele></trkpt>
   <trkpt lat="52.09557" lon="8.628258"><ele>76</ele></trkpt>
   <trkpt lat="52.096094" lon="8.628867"><ele>76</ele></trkpt>
   <trkpt lat="52.096595" lon="8.62951"><ele>75</ele></trkpt>
   <trkpt lat="52.097073" lon="8.63018"><ele>75.5</ele></trkpt>
   <trkpt lat="52.097535" lon="8.630901"><ele>78</ele></trkpt>
   <trkpt lat="52.097971" lon="8.631642"><ele>80</ele></trkpt>
   <trkpt lat="52.098262" lon="8.63216"><ele>80.5</ele></trkpt>
   <trkpt lat="52.098397" lon="8.632401"><ele>80.75</ele></trkpt>
   <trkpt lat="52.102341" lon="8.639589"><ele>74.5</ele></trkpt>
   <trkpt lat="52.102514" lon="8.639907"><ele>73.25</ele></trkpt>
   <trkpt lat="52.103301" lon="8.641338"><ele>73.25</ele></trkpt>
   <trkpt lat="52.104347" lon="8.643247"><ele>70.75</ele></trkpt>
   <trkpt lat="52.104521" lon="8.643564"><ele>70.5</ele></trkpt>
   <trkpt lat="52.104675" lon="8.643841"><ele>70.75</ele></trkpt>
   <trkpt lat="52.105594" lon="8.645509"><ele>71.25</ele></trkpt>
   <trkpt lat="52.105661" lon="8.645633"><ele>71</ele></trkpt>
   <trkpt lat="52.107068" lon="8.648203"><ele>74.25</ele></trkpt>
   <trkpt lat="52.108246" lon="8.65035"><ele>79.75</ele></trkpt>
   <trkpt lat="52.109377" lon="8.652407"><ele>75.75</ele></trkpt>
   <trkpt lat="52.109811" lon="8.653139"><ele>73.25</ele></trkpt>
   <trkpt lat="52.110184" lon="8.65373"><ele>72.5</ele></trkpt>
   <trkpt lat="52.110621" lon="8.654371"><ele>71.5</ele></trkpt>
   <trkpt lat="52.110679" lon="8.654447"><ele>71.25</ele></trkpt>
   <trkpt lat="52.110871" lon="8.654706"><ele>70.75</ele></trkpt>
   <trkpt lat="52.11136" lon="8.655333"><ele>72.25</ele></trkpt>
   <trkpt lat="52.111708" lon="8.655743"><ele>73</ele></trkpt>
   <trkpt lat="52.11183" lon="8.655886"><ele>72.5</ele></trkpt>
   <trkpt lat="52.111858" lon="8.65592"><ele>72.5</ele></trkpt>
   <trkpt lat="52.11201" lon="8.656083"><ele>72</ele></trkpt>
   <trkpt lat="52.112066" lon="8.656141"><ele>71.75</ele></trkpt>
   <trkpt lat="52.112928" lon="8.657049"><ele>70.25</ele></trkpt>
   <trkpt lat="52.113804" lon="8.657944"><ele>70.25</ele></trkpt>
   <trkpt lat="52.113914" lon="8.658053"><ele>70.5</ele></trkpt>
   <trkpt lat="52.114936" lon="8.659062"><ele>72.75</ele></trkpt>
   <trkpt lat="52.115628" lon="8.659743"><ele>75.5</ele></trkpt>
   <trkpt lat="52.116075" lon="8.66017"><ele>76.5</ele></trkpt>
   <trkpt lat="52.116786" lon="8.66081"><ele>76.5</ele></trkpt>
   <trkpt lat="52.117421" lon="8.661352"><ele>73.75</ele></trkpt>
   <trkpt lat="52.117967" lon="8.661801"><ele>72.75</ele></trkpt>
   <trkpt lat="52.118066" lon="8.661883"><ele>72.5</ele></trkpt>
   <trkpt lat="52.118137" lon="8.661941"><ele>72.5</ele></trkpt>
   <trkpt lat="52.118301" lon="8.662076"><ele>72.5</ele></trkpt>
   <trkpt lat="52.118556" lon="8.66228"><ele>73</ele></trkpt>
   <trkpt lat="52.119055" lon="8.662616"><ele>74</ele></trkpt>
   <trkpt lat="52.119113" lon="8.662664"><ele>74</ele></trkpt>
   <trkpt lat="52.11933" lon="8.662838"><ele>74.25</ele></trkpt>
   <trkpt lat="52.119545" lon="8.663028"><ele>74.25</ele></trkpt>
   <trkpt lat="52.119999" lon="8.66335"><ele>74.75</ele></trkpt>
   <trkpt lat="52.120141" lon="8.663461"><ele>74.5</ele></trkpt>
   <trkpt lat="52.120362" lon="8.663653"><ele>74</ele></trkpt>
   <trkpt lat="52.120672" lon="8.663893"><ele>73.5</ele></trkpt>
   <trkpt lat="52.121015" lon="8.664155"><ele>73.25</ele></trkpt>
   <trkpt lat="52.121125" lon="8.664253"><ele>73.25</ele></trkpt>
   <trkpt lat="52.121329" lon="8.664463"><ele>73</ele></trkpt>
   <trkpt lat="52.122219" lon="8.665322"><ele>70.75</ele></trkpt>
   <trkpt lat="52.12257" lon="8.665675"><ele>70</ele></trkpt>
   <trkpt lat="52.12292" lon="8.666"><ele>69.5</ele></trkpt>
   <trkpt lat="52.123136" lon="8.66618"><ele>69</ele></trkpt>
   <trkpt lat="52.123349" lon="8.666341"><ele>68.75</ele></trkpt>
   <trkpt lat="52.123798" lon="8.666638"><ele>69.5</ele></trkpt>
   <trkpt lat="52.124239" lon="8.666886"><ele>70.25</ele></trkpt>
   <trkpt lat="52.124698" lon="8.66709"><ele>69</ele></trkpt>
   <trkpt lat="52.125133" lon="8.667245"><ele>67.75</ele></trkpt>
   <trkpt lat="52.125598" lon="8.667363"><ele>66.5</ele></trkpt>
   <trkpt lat="52.126053" lon="8.667451"><ele>66.25</ele></trkpt>
   <trkpt lat="52.126252" lon="8.667467"><ele>66.5</ele></trkpt>
   <trkpt lat="52.126474" lon="8.667469"><ele>66.75</ele></trkpt>
   <trkpt lat="52.126885" lon="8.667479"><ele>66.25</ele></trkpt>
   <trkpt lat="52.127083" lon="8.667501"><ele>66</ele></trkpt>
   <trkpt lat="52.127099" lon="8.667504"><ele>65.75</ele></trkpt>
   <trkpt lat="52.127242" lon="8.667529"><ele>65.5</ele></trkpt>
   <trkpt lat="52.127671" lon="8.667633"><ele>65.25</ele></trkpt>
   <trkpt lat="52.128075" lon="8.667707"><ele>66.25</ele></trkpt>
   <trkpt lat="52.128247" lon="8.667729"><ele>66.75</ele></trkpt>
   <trkpt lat="52.128692" lon="8.667803"><ele>67</ele></trkpt>
   <trkpt lat="52.128991" lon="8.667812"><ele>67</ele></trkpt>
   <trkpt lat="52.129101" lon="8.667812"><ele>67</ele></trkpt>
   <trkpt lat="52.129343" lon="8.667833"><ele>66.25</ele></trkpt>
   <trkpt lat="52.129564" lon="8.66787"><ele>65.75</ele></trkpt>
   <trkpt lat="52.129805" lon="8.667885"><ele>65</ele></trkpt>
   <trkpt lat="52.129934" lon="8.667885"><ele>64.5</ele></trkpt>
   <trkpt lat="52.130212" lon="8.667905"><ele>64</ele></trkpt>
   <trkpt lat="52.130446" lon="8.667939"><ele>63.75</ele></trkpt>
   <trkpt lat="52.130761" lon="8.66796"><ele>63.5</ele></trkpt>
   <trkpt lat="52.130838" lon="8.667961"><ele>63.5</ele></trkpt>
   <trkpt lat="52.131622" lon="8.668022"><ele>63.5</ele></trkpt>
   <trkpt lat="52.131753" lon="8.668025"><ele>63.5</ele></trkpt>
   <trkpt lat="52.131822" lon="8.668025"><ele>63.75</ele></trkpt>
   <trkpt lat="52.132133" lon="8.668026"><ele>64</ele></trkpt>
   <trkpt lat="52.132287" lon="8.668024"><ele>64.25</ele></trkpt>
   <trkpt lat="52.132565" lon="8.668028"><ele>64.5</ele></trkpt>
   <trkpt lat="52.132827" lon="8.668031"><ele>64.75</ele></trkpt>
   <trkpt lat="52.133626" lon="8.668034"><ele>65</ele></trkpt>
   <trkpt lat="52.13482" lon="8.668039"><ele>65.5</ele></trkpt>
   <trkpt lat="52.134979" lon="8.668039"><ele>65.5</ele></trkpt>
   <trkpt lat="52.135234" lon="8.66804"><ele>66.25</ele></trkpt>
   <trkpt lat="52.137037" lon="8.668051"><ele>72.75</ele></trkpt>
   <trkpt lat="52.138474" lon="8.668063"><ele>71.5</ele></trkpt>
   <trkpt lat="52.140577" lon="8.668075"><ele>68.5</ele></trkpt>
   <trkpt lat="52.141611" lon="8.66808"><ele>69.75</ele></trkpt>
   <trkpt lat="52.141828" lon="8.668078"><ele>70</ele></trkpt>
   <trkpt lat="52.142746" lon="8.66808"><ele>69.5</ele></trkpt>
   <trkpt lat="52.143898" lon="8.668088"><ele>69.5</ele></trkpt>
   <trkpt lat="52.144177" lon="8.66809"><ele>69.75</ele></trkpt>
   <trkpt lat="52.144209" lon="8.66809"><ele>69.75</ele></trkpt>
   <trkpt lat="52.149567" lon="8.668117"><ele>70.25</ele></trkpt>
   <trkpt lat="52.151376" lon="8.668126"><ele>76.75</ele></trkpt>
   <trkpt lat="52.153267" lon="8.668136"><ele>77.5</ele></trkpt>
   <trkpt lat="52.157629" lon="8.668156"><ele>69.25</ele></trkpt>
   <trkpt lat="52.158998" lon="8.668163"><ele>70</ele></trkpt>
   <trkpt lat="52.159335" lon="8.668157"><ele>70</ele></trkpt>
   <trkpt lat="52.159477" lon="8.668161"><ele>69.75</ele></trkpt>
   <trkpt lat="52.160366" lon="8.668163"><ele>67.75</ele></trkpt>
   <trkpt lat="52.162263" lon="8.668165"><ele>66.25</ele></trkpt>
   <trkpt lat="52.162377" lon="8.668165"><ele>66.25</ele></trkpt>
   <trkpt lat="52.164351" lon="8.668162"><ele>69</ele></trkpt>
   <trkpt lat="52.165654" lon="8.668161"><ele>69</ele></trkpt>
   <trkpt lat="52.167591" lon="8.668161"><ele>66</ele></trkpt>
   <trkpt lat="52.167648" lon="8.668161"><ele>65.75</ele></trkpt>
   <trkpt lat="52.167769" lon="8.66816"><ele>65.75</ele></trkpt>
   <trkpt lat="52.171772" lon="8.66816"><ele>60.5</ele></trkpt>
   <trkpt lat="52.172566" lon="8.668157"><ele>58.75</ele></trkpt>
   <trkpt lat="52.173611" lon="8.668174"><ele>59</ele></trkpt>
   <trkpt lat="52.173924" lon="8.66819"><ele>58.75</ele></trkpt>
   <trkpt lat="52.174239" lon="8.668213"><ele>58.75</ele></trkpt>
   <trkpt lat="52.174912" lon="8.668307"><ele>59.75</ele></trkpt>
   <trkpt lat="52.175263" lon="8.668377"><ele>60.25</ele></trkpt>
   <trkpt lat="52.175911" lon="8.668546"><ele>60.5</ele></trkpt>
   <trkpt lat="52.176564" lon="8.668765"><ele>60</ele></trkpt>
   <trkpt lat="52.176887" lon="8.668899"><ele>59.5</ele></trkpt>
   <trkpt lat="52.177222" lon="8.669045"><ele>59</ele></trkpt>
   <trkpt lat="52.177527" lon="8.669194"><ele>59</ele></trkpt>
   <trkpt lat="52.177843" lon="8.669362"><ele>61</ele></trkpt>
   <trkpt lat="52.178157" lon="8.669541"><ele>62.75</ele></trkpt>
   <trkpt lat="52.178724" lon="8.669903"><ele>63.75</ele></trkpt>
   <trkpt lat="52.179104" lon="8.67017"><ele>64.25</ele></trkpt>
   <trkpt lat="52.179368" lon="8.670368"><ele>65.75</ele></trkpt>
   <trkpt lat="52.179944" lon="8.670841"><ele>69.75</ele></trkpt>
   <trkpt lat="52.180272" lon="8.671135"><ele>71.25</ele></trkpt>
   <trkpt lat="52.18084" lon="8.671693"><ele>70.75</ele></trkpt>
   <trkpt lat="52.18132" lon="8.672215"><ele>69.25</ele></trkpt>
   <trkpt lat="52.181538" lon="8.67247"><ele>68.25</ele></trkpt>
   <trkpt lat="52.181587" lon="8.672527"><ele>68</ele></trkpt>
   <trkpt lat="52.181851" lon="8.672849"><ele>67</ele></trkpt>
   <trkpt lat="52.182347" lon="8.673512"><ele>66</ele></trkpt>
   <trkpt lat="52.182777" lon="8.674151"><ele>66.25</ele></trkpt>
   <trkpt lat="52.183035" lon="8.674569"><ele>66</ele></trkpt>
   <trkpt lat="52.183188" lon="8.674823"><ele>66</ele></trkpt>
   <trkpt lat="52.18336" lon="8.675129"><ele>66</ele></trkpt>
   <trkpt lat="52.183369" lon="8.675143"><ele>66</ele></trkpt>
   <trkpt lat="52.183482" lon="8.675353"><ele>66</ele></trkpt>
   <trkpt lat="52.183514" lon="8.675411"><ele>66</ele></trkpt>
   <trkpt lat="52.183673" lon="8.675715"><ele>66</ele></trkpt>
   <trkpt lat="52.183866" lon="8.676108"><ele>65.75</ele></trkpt>
   <trkpt lat="52.184175" lon="8.676781"><ele>65</ele></trkpt>
   <trkpt lat="52.184356" lon="8.677205"><ele>65</ele></trkpt>
   <trkpt lat="52.184519" lon="8.677611"><ele>65</ele></trkpt>
   <trkpt lat="52.184672" lon="8.678007"><ele>65</ele></trkpt>
   <trkpt lat="52.184906" lon="8.678647"><ele>65.5</ele></trkpt>
   <trkpt lat="52.186858" lon="8.684275"><ele>67.75</ele></trkpt>
   <trkpt lat="52.187835" lon="8.687108"><ele>66</ele></trkpt>
   <trkpt lat="52.188015" lon="8.687597"><ele>65.5</ele></trkpt>
   <trkpt lat="52.188281" lon="8.688282"><ele>65</ele></trkpt>
   <trkpt lat="52.188365" lon="8.688525"><ele>64.75</ele></trkpt>
   <trkpt lat="52.188378" lon="8.688565"><ele>64.75</ele></trkpt>
   <trkpt lat="52.188458" lon="8.688782"><ele>64.5</ele></trkpt>
   <trkpt lat="52.188546" lon="8.689036"><ele>64.25</ele></trkpt>
   <trkpt lat="52.188759" lon="8.689553"><ele>64</ele></trkpt>
   <trkpt lat="52.188901" lon="8.689939"><ele>63.75</ele></trkpt>
   <trkpt lat="52.188935" lon="8.690037"><ele>63.75</ele></trkpt>
   <trkpt lat="52.189322" lon="8.691158"><ele>63</ele></trkpt>
   <trkpt lat="52.189379" lon="8.691323"><ele>63</ele></trkpt>
   <trkpt lat="52.189627" lon="8.692038"><ele>62.5</ele></trkpt>
   <trkpt lat="52.189712" lon="8.692289"><ele>62.5</ele></trkpt>
   <trkpt lat="52.190165" lon="8.693599"><ele>63.75</ele></trkpt>
   <trkpt lat="52.190881" lon="8.695659"><ele>62.75</ele></trkpt>
   <trkpt lat="52.191995" lon="8.69883"><ele>62.75</ele></trkpt>
   <trkpt lat="52.192191" lon="8.699389"><ele>62.75</ele></trkpt>
   <trkpt lat="52.1922" lon="8.699415"><ele>62.75</ele></trkpt>
   <trkpt lat="52.193096" lon="8.701977"><ele>63.5</ele></trkpt>
   <trkpt lat="52.193622" lon="8.703462"><ele>62</ele></trkpt>
   <trkpt lat="52.193722" lon="8.703748"><ele>62.5</ele></trkpt>
   <trkpt lat="52.193867" lon="8.704173"><ele>62.5</ele></trkpt>
   <trkpt lat="52.194102" lon="8.704983"><ele>63.25</ele></trkpt>
   <trkpt lat="52.194198" lon="8.705261"><ele>63.25</ele></trkpt>
   <trkpt lat="52.194212" lon="8.705301"><ele>63.25</ele></trkpt>
   <trkpt lat="52.194481" lon="8.706211"><ele>63.5</ele></trkpt>
   <trkpt lat="52.194512" lon="8.7063"><ele>63.5</ele></trkpt>
   <trkpt lat="52.19477" lon="8.707191"><ele>63.75</ele></trkpt>
   <trkpt lat="52.19489" lon="8.707552"><ele>63.5</ele></trkpt>
   <trkpt lat="52.195043" lon="8.708081"><ele>62.75</ele></trkpt>
   <trkpt lat="52.195221" lon="8.708746"><ele>63.25</ele></trkpt>
   <trkpt lat="52.195281" lon="8.708961"><ele>63.5</ele></trkpt>
   <trkpt lat="52.195453" lon="8.709594"><ele>64</ele></trkpt>
   <trkpt lat="52.195556" lon="8.710022"><ele>64.25</ele></trkpt>
   <trkpt lat="52.1956" lon="8.71026"><ele>64.5</ele></trkpt>
   <trkpt lat="52.195695" lon="8.71073"><ele>64.75</ele></trkpt>
   <trkpt lat="52.195716" lon="8.710835"><ele>64.75</ele></trkpt>
   <trkpt lat="52.195853" lon="8.711553"><ele>64.75</ele></trkpt>
   <trkpt lat="52.195868" lon="8.711635"><ele>64.75</ele></trkpt>
   <trkpt lat="52.196032" lon="8.712498"><ele>66.75</ele></trkpt>
   <trkpt lat="52.196267" lon="8.713725"><ele>67.5</ele></trkpt>
   <trkpt lat="52.196553" lon="8.715224"><ele>66.5</ele></trkpt>
   <trkpt lat="52.196793" lon="8.716479"><ele>67</ele></trkpt>
   <trkpt lat="52.19726" lon="8.718955"><ele>68.75</ele></trkpt>
   <trkpt lat="52.197382" lon="8.719577"><ele>68.75</ele></trkpt>
   <trkpt lat="52.197484" lon="8.720166"><ele>69</ele></trkpt>
   <trkpt lat="52.197545" lon="8.72056"><ele>69</ele></trkpt>
   <trkpt lat="52.197634" lon="8.721278"><ele>69.25</ele></trkpt>
   <trkpt lat="52.197667" lon="8.721611"><ele>69.5</ele></trkpt>
   <trkpt lat="52.197729" lon="8.722444"><ele>68.5</ele></trkpt>
   <trkpt lat="52.197767" lon="8.723277"><ele>66.75</ele></trkpt>
   <trkpt lat="52.197779" lon="8.723674"><ele>66.5</ele></trkpt>
   <trkpt lat="52.197797" lon="8.72451"><ele>66</ele></trkpt>
   <trkpt lat="52.197804" lon="8.725742"><ele>64.5</ele></trkpt>
   <trkpt lat="52.197804" lon="8.725925"><ele>64.25</ele></trkpt>
   <trkpt lat="52.197805" lon="8.725981"><ele>64.25</ele></trkpt>
   <trkpt lat="52.197805" lon="8.726016"><ele>64.25</ele></trkpt>
   <trkpt lat="52.197813" lon="8.726542"><ele>63</ele></trkpt>
   <trkpt lat="52.197856" lon="8.727403"><ele>63</ele></trkpt>
   <trkpt lat="52.197871" lon="8.728016"><ele>63.25</ele></trkpt>
   <trkpt lat="52.197874" lon="8.728159"><ele>63.25</ele></trkpt>
   <trkpt lat="52.197879" lon="8.728747"><ele>63.5</ele></trkpt>
   <trkpt lat="52.197879" lon="8.728853"><ele>63.25</ele></trkpt>
   <trkpt lat="52.197889" lon="8.729915"><ele>63.25</ele></trkpt>
   <trkpt lat="52.19789" lon="8.730072"><ele>63.25</ele></trkpt>
   <trkpt lat="52.197891" lon="8.730115"><ele>63.25</ele></trkpt>
   <trkpt lat="52.197891" lon="8.730174"><ele>63.25</ele></trkpt>
   <trkpt lat="52.197909" lon="8.732396"><ele>63.25</ele></trkpt>
   <trkpt lat="52.197914" lon="8.732943"><ele>63.5</ele></trkpt>
   <trkpt lat="52.197914" lon="8.732953"><ele>63.5</ele></trkpt>
   <trkpt lat="52.197935" lon="8.734592"><ele>63.5</ele></trkpt>
   <trkpt lat="52.197962" lon="8.735686"><ele>64.25</ele></trkpt>
   <trkpt lat="52.198028" lon="8.737476"><ele>65.5</ele></trkpt>
   <trkpt lat="52.198042" lon="8.737788"><ele>65.75</ele></trkpt>
   <trkpt lat="52.198078" lon="8.738555"><ele>65.5</ele></trkpt>
   <trkpt lat="52.198152" lon="8.740252"><ele>62.5</ele></trkpt>
   <trkpt lat="52.198193" lon="8.74106"><ele>62</ele></trkpt>
   <trkpt lat="52.198338" lon="8.744342"><ele>61</ele></trkpt>
   <trkpt lat="52.198347" lon="8.74459"><ele>61.25</ele></trkpt>
   <trkpt lat="52.198372" lon="8.745136"><ele>61.75</ele></trkpt>
   <trkpt lat="52.198432" lon="8.74646"><ele>63.5</ele></trkpt>
   <trkpt lat="52.198461" lon="8.747115"><ele>63.75</ele></trkpt>
   <trkpt lat="52.198495" lon="8.74768"><ele>63.5</ele></trkpt>
   <trkpt lat="52.198555" lon="8.748491"><ele>62.75</ele></trkpt>
   <trkpt lat="52.198608" lon="8.749073"><ele>62.25</ele></trkpt>
   <trkpt lat="52.198663" lon="8.74959"><ele>61.5</ele></trkpt>
   <trkpt lat="52.198668" lon="8.749637"><ele>61.25</ele></trkpt>
   <trkpt lat="52.198685" lon="8.749779"><ele>61</ele></trkpt>
   <trkpt lat="52.198775" lon="8.750501"><ele>60.25</ele></trkpt>
   <trkpt lat="52.198851" lon="8.751054"><ele>59.75</ele></trkpt>
   <trkpt lat="52.199036" lon="8.75235"><ele>59.75</ele></trkpt>
   <trkpt lat="52.199485" lon="8.755469"><ele>60.25</ele></trkpt>
   <trkpt lat="52.199644" lon="8.756579"><ele>59.25</ele></trkpt>
   <trkpt lat="52.199686" lon="8.756865"><ele>59.25</ele></trkpt>
   <trkpt lat="52.199864" lon="8.758106"><ele>60</ele></trkpt>
   <trkpt lat="52.200558" lon="8.762914"><ele>63.5</ele></trkpt>
   <trkpt lat="52.200697" lon="8.76388"><ele>63</ele></trkpt>
   <trkpt lat="52.201075" lon="8.766501"><ele>60.75</ele></trkpt>
   <trkpt lat="52.201146" lon="8.766995"><ele>61</ele></trkpt>
   <trkpt lat="52.201164" lon="8.767116"><ele>61.25</ele></trkpt>
   <trkpt lat="52.201494" lon="8.769405"><ele>61.25</ele></trkpt>
   <trkpt lat="52.20192" lon="8.772365"><ele>59.25</ele></trkpt>
   <trkpt lat="52.20232" lon="8.775143"><ele>58.5</ele></trkpt>
   <trkpt lat="52.202779" lon="8.778335"><ele>57.25</ele></trkpt>
   <trkpt lat="52.202949" lon="8.779516"><ele>59.25</ele></trkpt>
   <trkpt lat="52.203001" lon="8.779864"><ele>60</ele></trkpt>
   <trkpt lat="52.203239" lon="8.781529"><ele>60.75</ele></trkpt>
   <trkpt lat="52.203385" lon="8.782525"><ele>60.75</ele></trkpt>
   <trkpt lat="52.203548" lon="8.783669"><ele>61.25</ele></trkpt>
   <trkpt lat="52.204007" lon="8.786869"><ele>64.75</ele></trkpt>
   <trkpt lat="52.204387" lon="8.7895"><ele>64.75</ele></trkpt>
   <trkpt lat="52.204448" lon="8.789927"><ele>65</ele></trkpt>
   <trkpt lat="52.20469" lon="8.79162"><ele>61.5</ele></trkpt>
   <trkpt lat="52.204714" lon="8.79179"><ele>61.25</ele></trkpt>
   <trkpt lat="52.204752" lon="8.792057"><ele>61</ele></trkpt>
   <trkpt lat="52.2049" lon="8.793126"><ele>60.5</ele></trkpt>
   <trkpt lat="52.205095" lon="8.79463"><ele>61.25</ele></trkpt>
   <trkpt lat="52.20513" lon="8.794898"><ele>61.5</ele></trkpt>
   <trkpt lat="52.205173" lon="8.795235"><ele>61.5</ele></trkpt>
   <trkpt lat="52.205244" lon="8.795828"><ele>61.25</ele></trkpt>
   <trkpt lat="52.205295" lon="8.796268"><ele>60.75</ele></trkpt>
   <trkpt lat="52.205416" lon="8.797351"><ele>59.5</ele></trkpt>
   <trkpt lat="52.205469" lon="8.797883"><ele>58.75</ele></trkpt>
   <trkpt lat="52.205477" lon="8.797969"><ele>58.75</ele></trkpt>
   <trkpt lat="52.205511" lon="8.798313"><ele>58.25</ele></trkpt>
   <trkpt lat="52.20553" lon="8.798528"><ele>58.25</ele></trkpt>
   <trkpt lat="52.20569" lon="8.800487"><ele>58.5</ele></trkpt>
   <trkpt lat="52.205711" lon="8.800751"><ele>58.75</ele></trkpt>
   <trkpt lat="52.205931" lon="8.803558"><ele>59.25</ele></trkpt>
   <trkpt lat="52.20594" lon="8.803676"><ele>59.25</ele></trkpt>
   <trkpt lat="52.20604" lon="8.804955"><ele>56.75</ele></trkpt>
   <trkpt lat="52.206041" lon="8.804968"><ele>56.75</ele></trkpt>
   <trkpt lat="52.206071" lon="8.805352"><ele>56.5</ele></trkpt>
   <trkpt lat="52.206091" lon="8.8056"><ele>56.5</ele></trkpt>
   <trkpt lat="52.206106" lon="8.805802"><ele>56.5</ele></trkpt>
   <trkpt lat="52.206211" lon="8.807147"><ele>56.75</ele></trkpt>
   <trkpt lat="52.206212" lon="8.807161"><ele>56.75</ele></trkpt>
   <trkpt lat="52.206245" lon="8.807588"><ele>57</ele></trkpt>
   <trkpt lat="52.206257" lon="8.807738"><ele>57</ele></trkpt>
   <trkpt lat="52.20647" lon="8.810463"><ele>58</ele></trkpt>
   <trkpt lat="52.207038" lon="8.817741"><ele>54.5</ele></trkpt>
   <trkpt lat="52.207184" lon="8.819617"><ele>54.25</ele></trkpt>
   <trkpt lat="52.207355" lon="8.82182"><ele>53.75</ele></trkpt>
   <trkpt lat="52.2074" lon="8.822401"><ele>53.75</ele></trkpt>
   <trkpt lat="52.207413" lon="8.822565"><ele>53.75</ele></trkpt>
   <trkpt lat="52.207449" lon="8.823014"><ele>54.5</ele></trkpt>
   <trkpt lat="52.207501" lon="8.82357"><ele>54.75</ele></trkpt>
   <trkpt lat="52.207556" lon="8.824037"><ele>54.75</ele></trkpt>
   <trkpt lat="52.207607" lon="8.824568"><ele>54.75</ele></trkpt>
   <trkpt lat="52.207902" lon="8.828369"><ele>57</ele></trkpt>
   <trkpt lat="52.207931" lon="8.828755"><ele>57</ele></trkpt>
   <trkpt lat="52.207961" lon="8.82914"><ele>57.25</ele></trkpt>
   <trkpt lat="52.208266" lon="8.833049"><ele>54.75</ele></trkpt>
   <trkpt lat="52.208288" lon="8.83334"><ele>55</ele></trkpt>
   <trkpt lat="52.208487" lon="8.835876"><ele>53.25</ele></trkpt>
   <trkpt lat="52.208569" lon="8.836804"><ele>52</ele></trkpt>
   <trkpt lat="52.20867" lon="8.837744"><ele>51.25</ele></trkpt>
   <trkpt lat="52.208782" lon="8.838594"><ele>51</ele></trkpt>
   <trkpt lat="52.208789" lon="8.838646"><ele>51</ele></trkpt>
   <trkpt lat="52.208901" lon="8.839381"><ele>51</ele></trkpt>
   <trkpt lat="52.209037" lon="8.840156"><ele>51</ele></trkpt>
   <trkpt lat="52.209247" lon="8.841168"><ele>50.5</ele></trkpt>
   <trkpt lat="52.209327" lon="8.841511"><ele>50.25</ele></trkpt>
   <trkpt lat="52.209471" lon="8.842102"><ele>50.25</ele></trkpt>
   <trkpt lat="52.209624" lon="8.842691"><ele>50.25</ele></trkpt>
   <trkpt lat="52.209805" lon="8.843325"><ele>49.75</ele></trkpt>
   <trkpt lat="52.209994" lon="8.84396"><ele>49</ele></trkpt>
   <trkpt lat="52.210541" lon="8.845732"><ele>46.5</ele></trkpt>
   <trkpt lat="52.210749" lon="8.846367"><ele>47.25</ele></trkpt>
   <trkpt lat="52.210966" lon="8.846998"><ele>47.25</ele></trkpt>
   <trkpt lat="52.211152" lon="8.847509"><ele>46.75</ele></trkpt>
   <trkpt lat="52.211348" lon="8.848017"><ele>46.75</ele></trkpt>
   <trkpt lat="52.211367" lon="8.848065"><ele>46.75</ele></trkpt>
   <trkpt lat="52.211675" lon="8.848834"><ele>46.75</ele></trkpt>
   <trkpt lat="52.212679" lon="8.851281"><ele>45.25</ele></trkpt>
   <trkpt lat="52.212993" lon="8.852038"><ele>46.5</ele></trkpt>
   <trkpt lat="52.218118" lon="8.864395"><ele>46.25</ele></trkpt>
   <trkpt lat="52.218459" lon="8.865215"><ele>47</ele></trkpt>
   <trkpt lat="52.218501" lon="8.865314"><ele>46.75</ele></trkpt>
   <trkpt lat="52.218637" lon="8.865637"><ele>46.25</ele></trkpt>
   <trkpt lat="52.21996" lon="8.868835"><ele>46.25</ele></trkpt>
   <trkpt lat="52.22002" lon="8.868976"><ele>46.5</ele></trkpt>
   <trkpt lat="52.220584" lon="8.870339"><ele>48.5</ele></trkpt>
   <trkpt lat="52.220662" lon="8.870526"><ele>48.75</ele></trkpt>
   <trkpt lat="52.221062" lon="8.871489"><ele>50.25</ele></trkpt>
   <trkpt lat="52.22152" lon="8.872593"><ele>50.75</ele></trkpt>
   <trkpt lat="52.224763" lon="8.880407"><ele>51.5</ele></trkpt>
   <trkpt lat="52.224852" lon="8.880618"><ele>51.25</ele></trkpt>
   <trkpt lat="52.224917" lon="8.880775"><ele>51</ele></trkpt>
   <trkpt lat="52.226601" lon="8.884851"><ele>49</ele></trkpt>
   <trkpt lat="52.228204" lon="8.888706"><ele>50.5</ele></trkpt>
   <trkpt lat="52.230033" lon="8.893117"><ele>49.5</ele></trkpt>
   <trkpt lat="52.230091" lon="8.893252"><ele>49.5</ele></trkpt>
   <trkpt lat="52.230149" lon="8.893394"><ele>49.5</ele></trkpt>
   <trkpt lat="52.230905" lon="8.895215"><ele>50</ele></trkpt>
   <trkpt lat="52.232067" lon="8.898021"><ele>47.5</ele></trkpt>
   <trkpt lat="52.232213" lon="8.898374"><ele>47.25</ele></trkpt>
   <trkpt lat="52.232278" lon="8.898528"><ele>47</ele></trkpt>
   <trkpt lat="52.232835" lon="8.89987"><ele>47.25</ele></trkpt>
   <trkpt lat="52.234002" lon="8.902685"><ele>47.75</ele></trkpt>
   <trkpt lat="52.234539" lon="8.903983"><ele>48</ele></trkpt>
   <trkpt lat="52.234778" lon="8.90456"><ele>47</ele></trkpt>
   <trkpt lat="52.235935" lon="8.907354"><ele>47</ele></trkpt>
   <trkpt lat="52.237097" lon="8.910158"><ele>45.5</ele></trkpt>
   <trkpt lat="52.237806" lon="8.91186"><ele>45.25</ele></trkpt>
   <trkpt lat="52.237887" lon="8.912054"><ele>45.25</ele></trkpt>
   <trkpt lat="52.238073" lon="8.912489"><ele>45</ele></trkpt>
   <trkpt lat="52.23812" lon="8.912599"><ele>44.75</ele></trkpt>
   <trkpt lat="52.238601" lon="8.913662"><ele>43.25</ele></trkpt>
   <trkpt lat="52.238961" lon="8.914393"><ele>43.5</ele></trkpt>
   <trkpt lat="52.239337" lon="8.915105"><ele>43.5</ele></trkpt>
   <trkpt lat="52.239739" lon="8.91581"><ele>43.25</ele></trkpt>
   <trkpt lat="52.240177" lon="8.916517"><ele>44.25</ele></trkpt>
   <trkpt lat="52.240624" lon="8.917183"><ele>44.5</ele></trkpt>
   <trkpt lat="52.241046" lon="8.917749"><ele>44.75</ele></trkpt>
   <trkpt lat="52.2415" lon="8.918313"><ele>45</ele></trkpt>
   <trkpt lat="52.241934" lon="8.918799"><ele>44.25</ele></trkpt>
   <trkpt lat="52.242345" lon="8.919229"><ele>44</ele></trkpt>
   <trkpt lat="52.242665" lon="8.91954"><ele>45.25</ele></trkpt>
   <trkpt lat="52.24343" lon="8.920211"><ele>49.5</ele></trkpt>
   <trkpt lat="52.243727" lon="8.920454"><ele>52.5</ele></trkpt>
   <trkpt lat="52.244368" lon="8.920951"><ele>56.75</ele></trkpt>
   <trkpt lat="52.24441" lon="8.920983"><ele>57</ele></trkpt>
   <trkpt lat="52.244417" lon="8.920988"><ele>57</ele></trkpt>
   <trkpt lat="52.245133" lon="8.921516"><ele>57.25</ele></trkpt>
   <trkpt lat="52.245607" lon="8.921848"><ele>59</ele></trkpt>
   <trkpt lat="52.24657" lon="8.922491"><ele>61.5</ele></trkpt>
   <trkpt lat="52.249761" lon="8.924596"><ele>46.5</ele></trkpt>
   <trkpt lat="52.254895" lon="8.927984"><ele>45.25</ele></trkpt>
   <trkpt lat="52.257995" lon="8.930031"><ele>46.25</ele></trkpt>
   <trkpt lat="52.259741" lon="8.931181"><ele>45.5</ele></trkpt>
   <trkpt lat="52.259883" lon="8.93127"><ele>45.25</ele></trkpt>
   <trkpt lat="52.259997" lon="8.931343"><ele>45.25</ele></trkpt>
   <trkpt lat="52.260415" lon="8.931595"><ele>45.5</ele></trkpt>
   <trkpt lat="52.260893" lon="8.931859"><ele>45.75</ele></trkpt>
   <trkpt lat="52.261398" lon="8.932103"><ele>46</ele></trkpt>
   <trkpt lat="52.26168" lon="8.932222"><ele>46.25</ele></trkpt>
   <trkpt lat="52.261986" lon="8.932338"><ele>46.5</ele></trkpt>
   <trkpt lat="52.262291" lon="8.932443"><ele>46.75</ele></trkpt>
   <trkpt lat="52.262474" lon="8.932496"><ele>46.75</ele></trkpt>
   <trkpt lat="52.262819" lon="8.932589"><ele>46.75</ele></trkpt>
   <trkpt lat="52.263392" lon="8.932706"><ele>47</ele></trkpt>
   <trkpt lat="52.263971" lon="8.932781"><ele>47</ele></trkpt>
   <trkpt lat="52.264678" lon="8.932825"><ele>46.75</ele></trkpt>
   <trkpt lat="52.264789" lon="8.932831"><ele>46.75</ele></trkpt>
   <trkpt lat="52.265087" lon="8.932835"><ele>46.5</ele></trkpt>
   <trkpt lat="52.267071" lon="8.932851"><ele>47</ele></trkpt>
   <trkpt lat="52.26842" lon="8.93286"><ele>44</ele></trkpt>
   <trkpt lat="52.269694" lon="8.932869"><ele>42.25</ele></trkpt>
   <trkpt lat="52.270442" lon="8.93287"><ele>43.5</ele></trkpt>
   <trkpt lat="52.272611" lon="8.932885"><ele>44.5</ele></trkpt>
   <trkpt lat="52.272674" lon="8.932884"><ele>44.25</ele></trkpt>
   <trkpt lat="52.274358" lon="8.932896"><ele>41.25</ele></trkpt>
   <trkpt lat="52.27571" lon="8.932904"><ele>40</ele></trkpt>
   <trkpt lat="52.277719" lon="8.932916"><ele>40.25</ele></trkpt>
   <trkpt lat="52.279408" lon="8.932928"><ele>41</ele></trkpt>
   <trkpt lat="52.279622" lon="8.932928"><ele>41.75</ele></trkpt>
   <trkpt lat="52.28083" lon="8.932935"><ele>43</ele></trkpt>
   <trkpt lat="52.281412" lon="8.93294"><ele>42.25</ele></trkpt>
   <trkpt lat="52.28151" lon="8.93294"><ele>42</ele></trkpt>
   <trkpt lat="52.282046" lon="8.93294"><ele>42.5</ele></trkpt>
   <trkpt lat="52.282461" lon="8.932946"><ele>43</ele></trkpt>
   <trkpt lat="52.283093" lon="8.932953"><ele>43</ele></trkpt>
   <trkpt lat="52.283228" lon="8.932954"><ele>43</ele></trkpt>
   <trkpt lat="52.283799" lon="8.932964"><ele>43.5</ele></trkpt>
   <trkpt lat="52.283912" lon="8.932964"><ele>43.5</ele></trkpt>
   <trkpt lat="52.28407" lon="8.932974"><ele>43.75</ele></trkpt>
   <trkpt lat="52.28435" lon="8.933019"><ele>43.75</ele></trkpt>
   <trkpt lat="52.284519" lon="8.933036"><ele>43.75</ele></trkpt>
   <trkpt lat="52.284837" lon="8.933041"><ele>43.5</ele></trkpt>
   <trkpt lat="52.284877" lon="8.933041"><ele>43.5</ele></trkpt>
   <trkpt lat="52.285081" lon="8.933047"><ele>43.5</ele></trkpt>
   <trkpt lat="52.285541" lon="8.933053"><ele>43</ele></trkpt>
   <trkpt lat="52.286095" lon="8.933077"><ele>42.5</ele></trkpt>
   <trkpt lat="52.28637" lon="8.933107"><ele>42.25</ele></trkpt>
   <trkpt lat="52.286652" lon="8.93315"><ele>42</ele></trkpt>
   <trkpt lat="52.287168" lon="8.93327"><ele>42.5</ele></trkpt>
   <trkpt lat="52.287647" lon="8.933425"><ele>43</ele></trkpt>
   <trkpt lat="52.288105" lon="8.933612"><ele>43</ele></trkpt>
   <trkpt lat="52.288387" lon="8.933749"><ele>43</ele></trkpt>
   <trkpt lat="52.288672" lon="8.933913"><ele>43.25</ele></trkpt>
   <trkpt lat="52.28885" lon="8.934019"><ele>43.5</ele></trkpt>
   <trkpt lat="52.288901" lon="8.93405"><ele>43.5</ele></trkpt>
   <trkpt lat="52.289058" lon="8.934146"><ele>43.75</ele></trkpt>
   <trkpt lat="52.289337" lon="8.934329"><ele>43.75</ele></trkpt>
   <trkpt lat="52.289792" lon="8.934622"><ele>43.5</ele></trkpt>
   <trkpt lat="52.29013" lon="8.934837"><ele>43.25</ele></trkpt>
   <trkpt lat="52.290409" lon="8.935014"><ele>44</ele></trkpt>
   <trkpt lat="52.290433" lon="8.935029"><ele>44</ele></trkpt>
   <trkpt lat="52.291133" lon="8.935476"><ele>44.25</ele></trkpt>
   <trkpt lat="52.291593" lon="8.935778"><ele>43</ele></trkpt>
   <trkpt lat="52.291848" lon="8.93593"><ele>43.25</ele></trkpt>
   <trkpt lat="52.292526" lon="8.936365"><ele>44.5</ele></trkpt>
   <trkpt lat="52.292607" lon="8.936417"><ele>44.5</ele></trkpt>
   <trkpt lat="52.292909" lon="8.936623"><ele>44.75</ele></trkpt>
   <trkpt lat="52.293151" lon="8.936803"><ele>45</ele></trkpt>
   <trkpt lat="52.293526" lon="8.93712"><ele>44.75</ele></trkpt>
   <trkpt lat="52.293862" lon="8.937432"><ele>44.25</ele></trkpt>
   <trkpt lat="52.294253" lon="8.937836"><ele>43.75</ele></trkpt>
   <trkpt lat="52.294328" lon="8.937906"><ele>43.75</ele></trkpt>
   <trkpt lat="52.294766" lon="8.938375"><ele>44</ele></trkpt>
   <trkpt lat="52.294953" lon="8.938587"><ele>44</ele></trkpt>
   <trkpt lat="52.29533" lon="8.939062"><ele>44</ele></trkpt>
   <trkpt lat="52.295658" lon="8.939562"><ele>43.5</ele></trkpt>
   <trkpt lat="52.295943" lon="8.940083"><ele>43.25</ele></trkpt>
   <trkpt lat="52.296202" lon="8.940639"><ele>43.75</ele></trkpt>
   <trkpt lat="52.296429" lon="8.941224"><ele>44</ele></trkpt>
   <trkpt lat="52.296605" lon="8.941763"><ele>44</ele></trkpt>
   <trkpt lat="52.296702" lon="8.942104"><ele>44</ele></trkpt>
   <trkpt lat="52.296796" lon="8.94248"><ele>44.25</ele></trkpt>
   <trkpt lat="52.296879" lon="8.942864"><ele>44</ele></trkpt>
   <trkpt lat="52.296948" lon="8.943221"><ele>43.75</ele></trkpt>
   <trkpt lat="52.297012" lon="8.943596"><ele>43.75</ele></trkpt>
   <trkpt lat="52.297068" lon="8.943978"><ele>43.75</ele></trkpt>
   <trkpt lat="52.297164" lon="8.944759"><ele>44</ele></trkpt>
   <trkpt lat="52.29732" lon="8.946298"><ele>43.75</ele></trkpt>
   <trkpt lat="52.297459" lon="8.947785"><ele>44.5</ele></trkpt>
   <trkpt lat="52.297488" lon="8.948282"><ele>45.75</ele></trkpt>
   <trkpt lat="52.297513" lon="8.948985"><ele>46</ele></trkpt>
   <trkpt lat="52.297514" lon="8.949829"><ele>45</ele></trkpt>
   <trkpt lat="52.297508" lon="8.95032"><ele>45</ele></trkpt>
   <trkpt lat="52.297491" lon="8.950789"><ele>45</ele></trkpt>
   <trkpt lat="52.29743" lon="8.951996"><ele>45</ele></trkpt>
   <trkpt lat="52.297387" lon="8.952762"><ele>44.5</ele></trkpt>
   <trkpt lat="52.297326" lon="8.953647"><ele>44</ele></trkpt>
   <trkpt lat="52.2972" lon="8.955005"><ele>43</ele></trkpt>
   <trkpt lat="52.297193" lon="8.955071"><ele>43</ele></trkpt>
   <trkpt lat="52.297187" lon="8.955137"><ele>43</ele></trkpt>
   <trkpt lat="52.297158" lon="8.955507"><ele>43</ele></trkpt>
   <trkpt lat="52.297149" lon="8.955722"><ele>43</ele></trkpt>
   <trkpt lat="52.297109" lon="8.956176"><ele>43</ele></trkpt>
   <trkpt lat="52.296958" lon="8.957251"><ele>43.75</ele></trkpt>
   <trkpt lat="52.296852" lon="8.957928"><ele>44.25</ele></trkpt>
   <trkpt lat="52.296686" lon="8.95887"><ele>44.75</ele></trkpt>
   <trkpt lat="52.296438" lon="8.960037"><ele>45.5</ele></trkpt>
   <trkpt lat="52.296239" lon="8.960859"><ele>45.75</ele></trkpt>
   <trkpt lat="52.296045" lon="8.961597"><ele>45.5</ele></trkpt>
   <trkpt lat="52.295812" lon="8.962417"><ele>46</ele></trkpt>
   <trkpt lat="52.295681" lon="8.96285"><ele>46</ele></trkpt>
   <trkpt lat="52.295289" lon="8.964077"><ele>46.25</ele></trkpt>
   <trkpt lat="52.29521" lon="8.964313"><ele>46</ele></trkpt>
   <trkpt lat="52.294897" lon="8.96519"><ele>45</ele></trkpt>
   <trkpt lat="52.294553" lon="8.966097"><ele>45.25</ele></trkpt>
   <trkpt lat="52.294401" lon="8.966477"><ele>45</ele></trkpt>
   <trkpt lat="52.294258" lon="8.966822"><ele>45</ele></trkpt>
   <trkpt lat="52.293712" lon="8.968084"><ele>46</ele></trkpt>
   <trkpt lat="52.29314" lon="8.969369"><ele>46.5</ele></trkpt>
   <trkpt lat="52.293075" lon="8.969518"><ele>47</ele></trkpt>
   <trkpt lat="52.292644" lon="8.970483"><ele>48</ele></trkpt>
   <trkpt lat="52.292602" lon="8.970576"><ele>48</ele></trkpt>
   <trkpt lat="52.291655" lon="8.972718"><ele>45.5</ele></trkpt>
   <trkpt lat="52.291627" lon="8.972781"><ele>45.5</ele></trkpt>
   <trkpt lat="52.290535" lon="8.97525"><ele>46.5</ele></trkpt>
   <trkpt lat="52.289546" lon="8.97748"><ele>45.5</ele></trkpt>
   <trkpt lat="52.288719" lon="8.979348"><ele>45.75</ele></trkpt>
   <trkpt lat="52.288408" lon="8.980052"><ele>45.75</ele></trkpt>
   <trkpt lat="52.287381" lon="8.982374"><ele>45</ele></trkpt>
   <trkpt lat="52.287371" lon="8.982397"><ele>45</ele></trkpt>
   <trkpt lat="52.286591" lon="8.984158"><ele>46.75</ele></trkpt>
   <trkpt lat="52.286402" lon="8.984588"><ele>46.25</ele></trkpt>
   <trkpt lat="52.285886" lon="8.985752"><ele>46</ele></trkpt>
   <trkpt lat="52.285755" lon="8.986046"><ele>45.75</ele></trkpt>
   <trkpt lat="52.285348" lon="8.986967"><ele>46</ele></trkpt>
   <trkpt lat="52.285017" lon="8.987714"><ele>46.75</ele></trkpt>
   <trkpt lat="52.284136" lon="8.989704"><ele>47.5</ele></trkpt>
   <trkpt lat="52.28333" lon="8.991526"><ele>48.75</ele></trkpt>
   <trkpt lat="52.282782" lon="8.992766"><ele>49.75</ele></trkpt>
   <trkpt lat="52.282092" lon="8.994328"><ele>51.25</ele></trkpt>
   <trkpt lat="52.281412" lon="8.99586"><ele>52.5</ele></trkpt>
   <trkpt lat="52.281149" lon="8.996454"><ele>53.25</ele></trkpt>
   <trkpt lat="52.279855" lon="8.999385"><ele>50.5</ele></trkpt>
   <trkpt lat="52.279741" lon="8.999642"><ele>50.25</ele></trkpt>
   <trkpt lat="52.279061" lon="9.001172"><ele>50</ele></trkpt>
   <trkpt lat="52.279011" lon="9.001287"><ele>50</ele></trkpt>
   <trkpt lat="52.278419" lon="9.002623"><ele>49.75</ele></trkpt>
   <trkpt lat="52.278397" lon="9.002673"><ele>49.75</ele></trkpt>
   <trkpt lat="52.277469" lon="9.004766"><ele>50.25</ele></trkpt>
   <trkpt lat="52.275436" lon="9.009361"><ele>46.75</ele></trkpt>
   <trkpt lat="52.275292" lon="9.009685"><ele>46.75</ele></trkpt>
   <trkpt lat="52.273659" lon="9.013384"><ele>48</ele></trkpt>
   <trkpt lat="52.273591" lon="9.013536"><ele>48.25</ele></trkpt>
   <trkpt lat="52.272314" lon="9.016408"><ele>49.25</ele></trkpt>
   <trkpt lat="52.271502" lon="9.018242"><ele>49.75</ele></trkpt>
   <trkpt lat="52.271482" lon="9.018288"><ele>49.75</ele></trkpt>
   <trkpt lat="52.270425" lon="9.020677"><ele>49.5</ele></trkpt>
   <trkpt lat="52.269277" lon="9.023282"><ele>51.25</ele></trkpt>
   <trkpt lat="52.268457" lon="9.025189"><ele>52.5</ele></trkpt>
   <trkpt lat="52.268133" lon="9.025981"><ele>52.75</ele></trkpt>
   <trkpt lat="52.26766" lon="9.027325"><ele>53.5</ele></trkpt>
   <trkpt lat="52.267484" lon="9.027915"><ele>54.5</ele></trkpt>
   <trkpt lat="52.267247" lon="9.02871"><ele>55.25</ele></trkpt>
   <trkpt lat="52.267" lon="9.029667"><ele>55</ele></trkpt>
   <trkpt lat="52.266825" lon="9.030423"><ele>54.5</ele></trkpt>
   <trkpt lat="52.266779" lon="9.030619"><ele>54.25</ele></trkpt>
   <trkpt lat="52.266706" lon="9.031026"><ele>53.75</ele></trkpt>
   <trkpt lat="52.26659" lon="9.031707"><ele>53.25</ele></trkpt>
   <trkpt lat="52.266477" lon="9.032411"><ele>53.5</ele></trkpt>
   <trkpt lat="52.26639" lon="9.033117"><ele>53.5</ele></trkpt>
   <trkpt lat="52.266296" lon="9.03399"><ele>53.75</ele></trkpt>
   <trkpt lat="52.266276" lon="9.03419"><ele>53.75</ele></trkpt>
   <trkpt lat="52.266273" lon="9.034236"><ele>53.75</ele></trkpt>
   <trkpt lat="52.266216" lon="9.035142"><ele>54</ele></trkpt>
   <trkpt lat="52.266179" lon="9.035839"><ele>54.75</ele></trkpt>
   <trkpt lat="52.266167" lon="9.036225"><ele>55.25</ele></trkpt>
   <trkpt lat="52.266161" lon="9.037022"><ele>55.75</ele></trkpt>
   <trkpt lat="52.266172" lon="9.037898"><ele>55.25</ele></trkpt>
   <trkpt lat="52.266225" lon="9.039066"><ele>55</ele></trkpt>
   <trkpt lat="52.266244" lon="9.039317"><ele>55</ele></trkpt>
   <trkpt lat="52.266273" lon="9.039623"><ele>54.75</ele></trkpt>
   <trkpt lat="52.26636" lon="9.04019"><ele>55</ele></trkpt>
   <trkpt lat="52.266455" lon="9.040871"><ele>55</ele></trkpt>
   <trkpt lat="52.266464" lon="9.040942"><ele>55</ele></trkpt>
   <trkpt lat="52.266478" lon="9.041061"><ele>55</ele></trkpt>
   <trkpt lat="52.266557" lon="9.04171"><ele>55</ele></trkpt>
   <trkpt lat="52.266672" lon="9.042413"><ele>55.75</ele></trkpt>
   <trkpt lat="52.266795" lon="9.043038"><ele>55.75</ele></trkpt>
   <trkpt lat="52.267112" lon="9.044437"><ele>56.5</ele></trkpt>
   <trkpt lat="52.267685" lon="9.046831"><ele>58.75</ele></trkpt>
   <trkpt lat="52.268344" lon="9.050036"><ele>60</ele></trkpt>
   <trkpt lat="52.268423" lon="9.050377"><ele>60.25</ele></trkpt>
   <trkpt lat="52.268759" lon="9.051809"><ele>62.5</ele></trkpt>
   <trkpt lat="52.269015" lon="9.0528"><ele>63</ele></trkpt>
   <trkpt lat="52.26927" lon="9.053543"><ele>61.75</ele></trkpt>
   <trkpt lat="52.269421" lon="9.053955"><ele>61.75</ele></trkpt>
   <trkpt lat="52.269868" lon="9.055031"><ele>61.25</ele></trkpt>
   <trkpt lat="52.270006" lon="9.055333"><ele>60.75</ele></trkpt>
   <trkpt lat="52.270024" lon="9.055369"><ele>60.75</ele></trkpt>
   <trkpt lat="52.270032" lon="9.055386"><ele>60.75</ele></trkpt>
   <trkpt lat="52.27005" lon="9.055422"><ele>60.75</ele></trkpt>
   <trkpt lat="52.270096" lon="9.055516"><ele>60.75</ele></trkpt>
   <trkpt lat="52.270821" lon="9.056944"><ele>59</ele></trkpt>
   <trkpt lat="52.271192" lon="9.057588"><ele>59.75</ele></trkpt>
   <trkpt lat="52.271663" lon="9.058348"><ele>60.75</ele></trkpt>
   <trkpt lat="52.274203" lon="9.062124"><ele>62.5</ele></trkpt>
   <trkpt lat="52.276529" lon="9.065473"><ele>64.5</ele></trkpt>
   <trkpt lat="52.276574" lon="9.065537"><ele>64.5</ele></trkpt>
   <trkpt lat="52.277072" lon="9.066255"><ele>64.5</ele></trkpt>
   <trkpt lat="52.277894" lon="9.067465"><ele>63.5</ele></trkpt>
   <trkpt lat="52.278477" lon="9.068322"><ele>62.75</ele></trkpt>
   <trkpt lat="52.279312" lon="9.069527"><ele>64.5</ele></trkpt>
   <trkpt lat="52.281801" lon="9.073124"><ele>63.5</ele></trkpt>
   <trkpt lat="52.281921" lon="9.073298"><ele>63.25</ele></trkpt>
   <trkpt lat="52.284106" lon="9.076456"><ele>62.75</ele></trkpt>
   <trkpt lat="52.287294" lon="9.081085"><ele>60</ele></trkpt>
   <trkpt lat="52.288288" lon="9.082529"><ele>59.75</ele></trkpt>
   <trkpt lat="52.288364" lon="9.08264"><ele>59.75</ele></trkpt>
   <trkpt lat="52.288522" lon="9.082868"><ele>59.5</ele></trkpt>
   <trkpt lat="52.289892" lon="9.084855"><ele>59</ele></trkpt>
   <trkpt lat="52.290433" lon="9.085682"><ele>58.5</ele></trkpt>
   <trkpt lat="52.291002" lon="9.086608"><ele>60.5</ele></trkpt>
   <trkpt lat="52.291872" lon="9.0881"><ele>61.75</ele></trkpt>
   <trkpt lat="52.292165" lon="9.088607"><ele>62</ele></trkpt>
   <trkpt lat="52.292579" lon="9.089416"><ele>63</ele></trkpt>
   <trkpt lat="52.294105" lon="9.092395"><ele>61</ele></trkpt>
   <trkpt lat="52.296627" lon="9.097431"><ele>60.75</ele></trkpt>
   <trkpt lat="52.297608" lon="9.099366"><ele>60.5</ele></trkpt>
   <trkpt lat="52.298868" lon="9.101852"><ele>57.25</ele></trkpt>
   <trkpt lat="52.300379" lon="9.104838"><ele>57.5</ele></trkpt>
   <trkpt lat="52.300578" lon="9.105243"><ele>56.75</ele></trkpt>
   <trkpt lat="52.304481" lon="9.11297"><ele>57.5</ele></trkpt>
   <trkpt lat="52.304776" lon="9.113549"><ele>56.25</ele></trkpt>
   <trkpt lat="52.30646" lon="9.116868"><ele>56.25</ele></trkpt>
   <trkpt lat="52.30647" lon="9.116887"><ele>56.25</ele></trkpt>
   <trkpt lat="52.306542" lon="9.117038"><ele>56.5</ele></trkpt>
   <trkpt lat="52.306912" lon="9.117765"><ele>56.5</ele></trkpt>
   <trkpt lat="52.307285" lon="9.118514"><ele>55.75</ele></trkpt>
   <trkpt lat="52.307842" lon="9.119621"><ele>56</ele></trkpt>
   <trkpt lat="52.308438" lon="9.120805"><ele>56</ele></trkpt>
   <trkpt lat="52.308671" lon="9.121268"><ele>56.5</ele></trkpt>
   <trkpt lat="52.30924" lon="9.122258"><ele>57</ele></trkpt>
   <trkpt lat="52.309249" lon="9.122276"><ele>57</ele></trkpt>
   <trkpt lat="52.309273" lon="9.122325"><ele>57</ele></trkpt>
   <trkpt lat="52.310587" lon="9.124954"><ele>54</ele></trkpt>
   <trkpt lat="52.311972" lon="9.127719"><ele>54.5</ele></trkpt>
   <trkpt lat="52.312091" lon="9.127958"><ele>54.75</ele></trkpt>
   <trkpt lat="52.313185" lon="9.130128"><ele>56</ele></trkpt>
   <trkpt lat="52.313191" lon="9.13014"><ele>56</ele></trkpt>
   <trkpt lat="52.313222" lon="9.130201"><ele>56</ele></trkpt>
   <trkpt lat="52.313307" lon="9.130369"><ele>56.25</ele></trkpt>
   <trkpt lat="52.313792" lon="9.131431"><ele>57</ele></trkpt>
   <trkpt lat="52.313878" lon="9.1316"><ele>57.25</ele></trkpt>
   <trkpt lat="52.313916" lon="9.131676"><ele>57.25</ele></trkpt>
   <trkpt lat="52.314168" lon="9.132172"><ele>58</ele></trkpt>
   <trkpt lat="52.314358" lon="9.132545"><ele>58.5</ele></trkpt>
   <trkpt lat="52.315166" lon="9.134155"><ele>58.75</ele></trkpt>
   <trkpt lat="52.316069" lon="9.135945"><ele>59</ele></trkpt>
   <trkpt lat="52.316413" lon="9.136638"><ele>58.25</ele></trkpt>
   <trkpt lat="52.317672" lon="9.139127"><ele>56.75</ele></trkpt>
   <trkpt lat="52.318587" lon="9.140945"><ele>58.25</ele></trkpt>
   <trkpt lat="52.319958" lon="9.14367"><ele>60</ele></trkpt>
   <trkpt lat="52.320868" lon="9.145477"><ele>61.75</ele></trkpt>
   <trkpt lat="52.321824" lon="9.147374"><ele>61.75</ele></trkpt>
   <trkpt lat="52.32221" lon="9.148142"><ele>62.75</ele></trkpt>
   <trkpt lat="52.323189" lon="9.150082"><ele>65</ele></trkpt>
   <trkpt lat="52.323209" lon="9.150121"><ele>65</ele></trkpt>
   <trkpt lat="52.323615" lon="9.150951"><ele>65</ele></trkpt>
   <trkpt lat="52.324208" lon="9.152227"><ele>65.25</ele></trkpt>
   <trkpt lat="52.324518" lon="9.152934"><ele>65.75</ele></trkpt>
   <trkpt lat="52.32482" lon="9.153656"><ele>65.75</ele></trkpt>
   <trkpt lat="52.325138" lon="9.154441"><ele>66.25</ele></trkpt>
   <trkpt lat="52.325446" lon="9.155251"><ele>67.5</ele></trkpt>
   <trkpt lat="52.325707" lon="9.155956"><ele>68.25</ele></trkpt>
   <trkpt lat="52.325909" lon="9.156529"><ele>69.25</ele></trkpt>
   <trkpt lat="52.326146" lon="9.157227"><ele>68.75</ele></trkpt>
   <trkpt lat="52.326422" lon="9.15808"><ele>68</ele></trkpt>
   <trkpt lat="52.326693" lon="9.158965"><ele>67.75</ele></trkpt>
   <trkpt lat="52.326955" lon="9.15986"><ele>66.25</ele></trkpt>
   <trkpt lat="52.327195" lon="9.160749"><ele>65.5</ele></trkpt>
   <trkpt lat="52.32742" lon="9.161631"><ele>65</ele></trkpt>
   <trkpt lat="52.327633" lon="9.162507"><ele>64.75</ele></trkpt>
   <trkpt lat="52.327835" lon="9.163405"><ele>64.25</ele></trkpt>
   <trkpt lat="52.327922" lon="9.16382"><ele>64.5</ele></trkpt>
   <trkpt lat="52.328169" lon="9.165008"><ele>64.75</ele></trkpt>
   <trkpt lat="52.328221" lon="9.16527"><ele>64.75</ele></trkpt>
   <trkpt lat="52.328754" lon="9.168034"><ele>65.5</ele></trkpt>
   <trkpt lat="52.328868" lon="9.168627"><ele>66</ele></trkpt>
   <trkpt lat="52.32891" lon="9.168845"><ele>66.25</ele></trkpt>
   <trkpt lat="52.328964" lon="9.169129"><ele>66.5</ele></trkpt>
   <trkpt lat="52.329518" lon="9.17199"><ele>64.5</ele></trkpt>
   <trkpt lat="52.329936" lon="9.174159"><ele>63</ele></trkpt>
   <trkpt lat="52.330581" lon="9.177499"><ele>64.25</ele></trkpt>
   <trkpt lat="52.330909" lon="9.179215"><ele>64.75</ele></trkpt>
   <trkpt lat="52.331013" lon="9.179737"><ele>65.25</ele></trkpt>
   <trkpt lat="52.331178" lon="9.180582"><ele>65.25</ele></trkpt>
   <trkpt lat="52.331336" lon="9.181448"><ele>66</ele></trkpt>
   <trkpt lat="52.331367" lon="9.18161"><ele>66.25</ele></trkpt>
   <trkpt lat="52.331431" lon="9.181931"><ele>66</ele></trkpt>
   <trkpt lat="52.33161" lon="9.18304"><ele>65.25</ele></trkpt>
   <trkpt lat="52.331626" lon="9.18312"><ele>65.25</ele></trkpt>
   <trkpt lat="52.331868" lon="9.184371"><ele>65</ele></trkpt>
   <trkpt lat="52.332069" lon="9.185414"><ele>65</ele></trkpt>
   <trkpt lat="52.332153" lon="9.185854"><ele>65</ele></trkpt>
   <trkpt lat="52.332235" lon="9.186279"><ele>65</ele></trkpt>
   <trkpt lat="52.332466" lon="9.187482"><ele>65</ele></trkpt>
   <trkpt lat="52.332686" lon="9.188611"><ele>65.25</ele></trkpt>
   <trkpt lat="52.332755" lon="9.189006"><ele>65</ele></trkpt>
   <trkpt lat="52.332952" lon="9.190109"><ele>64.5</ele></trkpt>
   <trkpt lat="52.333171" lon="9.191416"><ele>65</ele></trkpt>
   <trkpt lat="52.333174" lon="9.191437"><ele>65</ele></trkpt>
   <trkpt lat="52.334264" lon="9.198181"><ele>64.5</ele></trkpt>
   <trkpt lat="52.334456" lon="9.199365"><ele>65</ele></trkpt>
   <trkpt lat="52.334749" lon="9.201172"><ele>65.25</ele></trkpt>
   <trkpt lat="52.334778" lon="9.201345"><ele>65.5</ele></trkpt>
   <trkpt lat="52.334975" lon="9.202534"><ele>65.75</ele></trkpt>
   <trkpt lat="52.335127" lon="9.203479"><ele>65.5</ele></trkpt>
   <trkpt lat="52.335138" lon="9.203551"><ele>65.5</ele></trkpt>
   <trkpt lat="52.335354" lon="9.204887"><ele>65</ele></trkpt>
   <trkpt lat="52.335551" lon="9.206021"><ele>65.5</ele></trkpt>
   <trkpt lat="52.335595" lon="9.206267"><ele>65.75</ele></trkpt>
   <trkpt lat="52.335976" lon="9.208266"><ele>64.75</ele></trkpt>
   <trkpt lat="52.336553" lon="9.210747"><ele>65</ele></trkpt>
   <trkpt lat="52.336727" lon="9.211497"><ele>64.75</ele></trkpt>
   <trkpt lat="52.336733" lon="9.211523"><ele>64.75</ele></trkpt>
   <trkpt lat="52.336822" lon="9.211864"><ele>65</ele></trkpt>
   <trkpt lat="52.337178" lon="9.213152"><ele>64.5</ele></trkpt>
   <trkpt lat="52.337202" lon="9.21325"><ele>64.25</ele></trkpt>
   <trkpt lat="52.337224" lon="9.213343"><ele>64.25</ele></trkpt>
   <trkpt lat="52.337379" lon="9.213985"><ele>64</ele></trkpt>
   <trkpt lat="52.33825" lon="9.217588"><ele>64</ele></trkpt>
   <trkpt lat="52.340963" lon="9.228678"><ele>64.25</ele></trkpt>
   <trkpt lat="52.341298" lon="9.230075"><ele>62.5</ele></trkpt>
   <trkpt lat="52.341808" lon="9.232199"><ele>61.75</ele></trkpt>
   <trkpt lat="52.34188" lon="9.232502"><ele>61.5</ele></trkpt>
   <trkpt lat="52.341958" lon="9.232818"><ele>61.75</ele></trkpt>
   <trkpt lat="52.343199" lon="9.237937"><ele>61.5</ele></trkpt>
   <trkpt lat="52.343225" lon="9.238047"><ele>61.25</ele></trkpt>
   <trkpt lat="52.34386" lon="9.240659"><ele>61.5</ele></trkpt>
   <trkpt lat="52.34388" lon="9.240742"><ele>61.5</ele></trkpt>
   <trkpt lat="52.345134" lon="9.245886"><ele>59</ele></trkpt>
   <trkpt lat="52.345165" lon="9.246012"><ele>59</ele></trkpt>
   <trkpt lat="52.345776" lon="9.248517"><ele>59</ele></trkpt>
   <trkpt lat="52.346418" lon="9.251331"><ele>61.25</ele></trkpt>
   <trkpt lat="52.346604" lon="9.252232"><ele>61.25</ele></trkpt>
   <trkpt lat="52.346619" lon="9.252308"><ele>61</ele></trkpt>
   <trkpt lat="52.347051" lon="9.25436"><ele>59</ele></trkpt>
   <trkpt lat="52.349187" lon="9.264494"><ele>57.5</ele></trkpt>
   <trkpt lat="52.349666" lon="9.266727"><ele>57</ele></trkpt>
   <trkpt lat="52.350096" lon="9.268737"><ele>56</ele></trkpt>
   <trkpt lat="52.35012" lon="9.268848"><ele>56</ele></trkpt>
   <trkpt lat="52.350404" lon="9.270169"><ele>57</ele></trkpt>
   <trkpt lat="52.350581" lon="9.270993"><ele>56.75</ele></trkpt>
   <trkpt lat="52.350845" lon="9.272042"><ele>56.75</ele></trkpt>
   <trkpt lat="52.350876" lon="9.27217"><ele>56.75</ele></trkpt>
   <trkpt lat="52.350936" lon="9.272455"><ele>56.75</ele></trkpt>
   <trkpt lat="52.352458" lon="9.279733"><ele>58</ele></trkpt>
   <trkpt lat="52.35302" lon="9.282331"><ele>59</ele></trkpt>
   <trkpt lat="52.353099" lon="9.282709"><ele>58.75</ele></trkpt>
   <trkpt lat="52.35317" lon="9.283062"><ele>58.25</ele></trkpt>
   <trkpt lat="52.353261" lon="9.283606"><ele>58</ele></trkpt>
   <trkpt lat="52.353412" lon="9.284395"><ele>58</ele></trkpt>
   <trkpt lat="52.353705" lon="9.285805"><ele>58</ele></trkpt>
   <trkpt lat="52.353763" lon="9.28608"><ele>58.25</ele></trkpt>
   <trkpt lat="52.353773" lon="9.286127"><ele>58.25</ele></trkpt>
   <trkpt lat="52.354025" lon="9.287311"><ele>59</ele></trkpt>
   <trkpt lat="52.354154" lon="9.287915"><ele>58.5</ele></trkpt>
   <trkpt lat="52.354177" lon="9.288023"><ele>58.25</ele></trkpt>
   <trkpt lat="52.354309" lon="9.288642"><ele>57.75</ele></trkpt>
   <trkpt lat="52.354588" lon="9.289956"><ele>57</ele></trkpt>
   <trkpt lat="52.354751" lon="9.290739"><ele>57</ele></trkpt>
   <trkpt lat="52.354763" lon="9.290797"><ele>57</ele></trkpt>
   <trkpt lat="52.354778" lon="9.290868"><ele>56.75</ele></trkpt>
   <trkpt lat="52.355355" lon="9.29362"><ele>55</ele></trkpt>
   <trkpt lat="52.358173" lon="9.307037"><ele>55.5</ele></trkpt>
   <trkpt lat="52.358307" lon="9.307672"><ele>54.75</ele></trkpt>
   <trkpt lat="52.359258" lon="9.312179"><ele>54</ele></trkpt>
   <trkpt lat="52.359468" lon="9.313172"><ele>54.75</ele></trkpt>
   <trkpt lat="52.361251" lon="9.321619"><ele>54</ele></trkpt>
   <trkpt lat="52.362267" lon="9.326431"><ele>54.75</ele></trkpt>
   <trkpt lat="52.362326" lon="9.326709"><ele>55</ele></trkpt>
   <trkpt lat="52.363559" lon="9.332552"><ele>53</ele></trkpt>
   <trkpt lat="52.364415" lon="9.336596"><ele>52.5</ele></trkpt>
   <trkpt lat="52.364515" lon="9.337068"><ele>52.5</ele></trkpt>
   <trkpt lat="52.364834" lon="9.338584"><ele>52</ele></trkpt>
   <trkpt lat="52.365305" lon="9.340817"><ele>53</ele></trkpt>
   <trkpt lat="52.365341" lon="9.340988"><ele>53</ele></trkpt>
   <trkpt lat="52.36544" lon="9.341457"><ele>53</ele></trkpt>
   <trkpt lat="52.366159" lon="9.344869"><ele>55</ele></trkpt>
   <trkpt lat="52.366328" lon="9.345661"><ele>55</ele></trkpt>
   <trkpt lat="52.366416" lon="9.346103"><ele>54.5</ele></trkpt>
   <trkpt lat="52.368783" lon="9.357336"><ele>53</ele></trkpt>
   <trkpt lat="52.368824" lon="9.357533"><ele>53</ele></trkpt>
   <trkpt lat="52.3693" lon="9.359805"><ele>53.25</ele></trkpt>
   <trkpt lat="52.369344" lon="9.360009"><ele>53</ele></trkpt>
   <trkpt lat="52.369864" lon="9.362486"><ele>54</ele></trkpt>
   <trkpt lat="52.369975" lon="9.363013"><ele>53.25</ele></trkpt>
   <trkpt lat="52.370723" lon="9.366573"><ele>54</ele></trkpt>
   <trkpt lat="52.37075" lon="9.366699"><ele>54</ele></trkpt>
   <trkpt lat="52.370959" lon="9.36771"><ele>54.25</ele></trkpt>
   <trkpt lat="52.37146" lon="9.370135"><ele>54.75</ele></trkpt>
   <trkpt lat="52.372327" lon="9.374265"><ele>55.25</ele></trkpt>
   <trkpt lat="52.372599" lon="9.375473"><ele>54</ele></trkpt>
   <trkpt lat="52.372852" lon="9.376545"><ele>53</ele></trkpt>
   <trkpt lat="52.373001" lon="9.377174"><ele>53</ele></trkpt>
   <trkpt lat="52.373269" lon="9.378138"><ele>52.75</ele></trkpt>
   <trkpt lat="52.373561" lon="9.379044"><ele>52.5</ele></trkpt>
   <trkpt lat="52.373656" lon="9.379315"><ele>52.5</ele></trkpt>
   <trkpt lat="52.373884" lon="9.379925"><ele>52</ele></trkpt>
   <trkpt lat="52.374233" lon="9.380781"><ele>51.75</ele></trkpt>
   <trkpt lat="52.37441" lon="9.381163"><ele>52.25</ele></trkpt>
   <trkpt lat="52.374533" lon="9.381428"><ele>52.25</ele></trkpt>
   <trkpt lat="52.374826" lon="9.382044"><ele>52</ele></trkpt>
   <trkpt lat="52.375142" lon="9.382631"><ele>51.75</ele></trkpt>
   <trkpt lat="52.37546" lon="9.383181"><ele>51.25</ele></trkpt>
   <trkpt lat="52.375942" lon="9.383951"><ele>52.5</ele></trkpt>
   <trkpt lat="52.376399" lon="9.384619"><ele>52.75</ele></trkpt>
   <trkpt lat="52.376565" lon="9.384846"><ele>52.25</ele></trkpt>
   <trkpt lat="52.376803" lon="9.385169"><ele>52</ele></trkpt>
   <trkpt lat="52.376903" lon="9.385308"><ele>52</ele></trkpt>
   <trkpt lat="52.37691" lon="9.385318"><ele>52</ele></trkpt>
   <trkpt lat="52.377023" lon="9.385455"><ele>52</ele></trkpt>
   <trkpt lat="52.377543" lon="9.386141"><ele>52.5</ele></trkpt>
   <trkpt lat="52.378763" lon="9.387769"><ele>56</ele></trkpt>
   <trkpt lat="52.379987" lon="9.389388"><ele>54.25</ele></trkpt>
   <trkpt lat="52.380604" lon="9.390206"><ele>55.5</ele></trkpt>
   <trkpt lat="52.38285" lon="9.393176"><ele>53.5</ele></trkpt>
   <trkpt lat="52.383242" lon="9.393675"><ele>54.5</ele></trkpt>
   <trkpt lat="52.383652" lon="9.394176"><ele>54.5</ele></trkpt>
   <trkpt lat="52.383881" lon="9.394444"><ele>54.5</ele></trkpt>
   <trkpt lat="52.384081" lon="9.394676"><ele>54.5</ele></trkpt>
   <trkpt lat="52.384715" lon="9.395372"><ele>56.25</ele></trkpt>
   <trkpt lat="52.384875" lon="9.395548"><ele>56.25</ele></trkpt>
   <trkpt lat="52.385155" lon="9.395871"><ele>56</ele></trkpt>
   <trkpt lat="52.385309" lon="9.396065"><ele>55.5</ele></trkpt>
   <trkpt lat="52.385572" lon="9.396366"><ele>54.75</ele></trkpt>
   <trkpt lat="52.386139" lon="9.396932"><ele>54.75</ele></trkpt>
   <trkpt lat="52.386164" lon="9.396956"><ele>55</ele></trkpt>
   <trkpt lat="52.386361" lon="9.397145"><ele>55.25</ele></trkpt>
   <trkpt lat="52.387361" lon="9.398111"><ele>54.5</ele></trkpt>
   <trkpt lat="52.387373" lon="9.398123"><ele>54.5</ele></trkpt>
   <trkpt lat="52.387831" lon="9.398571"><ele>53.75</ele></trkpt>
   <trkpt lat="52.388067" lon="9.398788"><ele>53.5</ele></trkpt>
   <trkpt lat="52.389136" lon="9.399818"><ele>53</ele></trkpt>
   <trkpt lat="52.38918" lon="9.399861"><ele>53</ele></trkpt>
   <trkpt lat="52.389214" lon="9.399894"><ele>53</ele></trkpt>
   <trkpt lat="52.391409" lon="9.402"><ele>52.75</ele></trkpt>
   <trkpt lat="52.392177" lon="9.402693"><ele>52.75</ele></trkpt>
   <trkpt lat="52.396233" lon="9.40651"><ele>53.5</ele></trkpt>
   <trkpt lat="52.396294" lon="9.406569"><ele>53.75</ele></trkpt>
   <trkpt lat="52.39724" lon="9.407452"><ele>52.5</ele></trkpt>
   <trkpt lat="52.398034" lon="9.408191"><ele>51.25</ele></trkpt>
   <trkpt lat="52.398079" lon="9.408234"><ele>51.25</ele></trkpt>
   <trkpt lat="52.400376" lon="9.410375"><ele>47</ele></trkpt>
   <trkpt lat="52.402315" lon="9.412184"><ele>46.25</ele></trkpt>
   <trkpt lat="52.402496" lon="9.412353"><ele>47.25</ele></trkpt>
   <trkpt lat="52.405602" lon="9.415221"><ele>53</ele></trkpt>
   <trkpt lat="52.406011" lon="9.415615"><ele>51.5</ele></trkpt>
   <trkpt lat="52.406087" lon="9.415679"><ele>51</ele></trkpt>
   <trkpt lat="52.407812" lon="9.417293"><ele>46.25</ele></trkpt>
   <trkpt lat="52.40817" lon="9.417628"><ele>45.25</ele></trkpt>
   <trkpt lat="52.409149" lon="9.418543"><ele>45.5</ele></trkpt>
   <trkpt lat="52.409367" lon="9.418746"><ele>45</ele></trkpt>
   <trkpt lat="52.412736" lon="9.421897"><ele>44.5</ele></trkpt>
   <trkpt lat="52.413619" lon="9.42271"><ele>43.5</ele></trkpt>
   <trkpt lat="52.413703" lon="9.422788"><ele>43.5</ele></trkpt>
   <trkpt lat="52.416173" lon="9.425059"><ele>44.25</ele></trkpt>
   <trkpt lat="52.416572" lon="9.425449"><ele>44.75</ele></trkpt>
   <trkpt lat="52.417388" lon="9.426263"><ele>45.25</ele></trkpt>
   <trkpt lat="52.417944" lon="9.426912"><ele>45</ele></trkpt>
   <trkpt lat="52.418414" lon="9.427493"><ele>45</ele></trkpt>
   <trkpt lat="52.418916" lon="9.428188"><ele>45</ele></trkpt>
   <trkpt lat="52.419365" lon="9.428889"><ele>44.75</ele></trkpt>
   <trkpt lat="52.41999" lon="9.429984"><ele>44</ele></trkpt>
   <trkpt lat="52.420129" lon="9.430256"><ele>43.75</ele></trkpt>
   <trkpt lat="52.420648" lon="9.431347"><ele>45</ele></trkpt>
   <trkpt lat="52.421039" lon="9.432269"><ele>45.5</ele></trkpt>
   <trkpt lat="52.421406" lon="9.433235"><ele>44</ele></trkpt>
   <trkpt lat="52.421572" lon="9.433723"><ele>44</ele></trkpt>
   <trkpt lat="52.421689" lon="9.434066"><ele>44</ele></trkpt>
   <trkpt lat="52.421793" lon="9.434419"><ele>44</ele></trkpt>
   <trkpt lat="52.422052" lon="9.435269"><ele>44.25</ele></trkpt>
   <trkpt lat="52.422262" lon="9.436016"><ele>45</ele></trkpt>
   <trkpt lat="52.422424" lon="9.436669"><ele>46</ele></trkpt>
   <trkpt lat="52.422626" lon="9.437595"><ele>46</ele></trkpt>
   <trkpt lat="52.422772" lon="9.438401"><ele>45.75</ele></trkpt>
   <trkpt lat="52.422797" lon="9.438536"><ele>46</ele></trkpt>
   <trkpt lat="52.422889" lon="9.439211"><ele>46.25</ele></trkpt>
   <trkpt lat="52.422968" lon="9.440017"><ele>46.5</ele></trkpt>
   <trkpt lat="52.423041" lon="9.440888"><ele>47.25</ele></trkpt>
   <trkpt lat="52.423075" lon="9.441653"><ele>48.25</ele></trkpt>
   <trkpt lat="52.423087" lon="9.442648"><ele>47</ele></trkpt>
   <trkpt lat="52.423084" lon="9.44284"><ele>46.5</ele></trkpt>
   <trkpt lat="52.423081" lon="9.443009"><ele>46.25</ele></trkpt>
   <trkpt lat="52.42308" lon="9.443179"><ele>46</ele></trkpt>
   <trkpt lat="52.423042" lon="9.444188"><ele>46.25</ele></trkpt>
   <trkpt lat="52.423031" lon="9.44449"><ele>46.75</ele></trkpt>
   <trkpt lat="52.422981" lon="9.445189"><ele>47.75</ele></trkpt>
   <trkpt lat="52.422903" lon="9.446117"><ele>47.5</ele></trkpt>
   <trkpt lat="52.422873" lon="9.446374"><ele>47.25</ele></trkpt>
   <trkpt lat="52.422864" lon="9.446449"><ele>47.25</ele></trkpt>
   <trkpt lat="52.422765" lon="9.447259"><ele>47.25</ele></trkpt>
   <trkpt lat="52.422623" lon="9.448174"><ele>47</ele></trkpt>
   <trkpt lat="52.422601" lon="9.448333"><ele>47</ele></trkpt>
   <trkpt lat="52.422475" lon="9.449014"><ele>46.75</ele></trkpt>
   <trkpt lat="52.422397" lon="9.449386"><ele>46.75</ele></trkpt>
   <trkpt lat="52.422388" lon="9.449431"><ele>46.75</ele></trkpt>
   <trkpt lat="52.422275" lon="9.449967"><ele>46.5</ele></trkpt>
   <trkpt lat="52.42207" lon="9.450934"><ele>46.25</ele></trkpt>
   <trkpt lat="52.422056" lon="9.451"><ele>46.25</ele></trkpt>
   <trkpt lat="52.421992" lon="9.451291"><ele>46.25</ele></trkpt>
   <trkpt lat="52.421963" lon="9.451427"><ele>46.75</ele></trkpt>
   <trkpt lat="52.421512" lon="9.453627"><ele>46.75</ele></trkpt>
   <trkpt lat="52.421279" lon="9.454761"><ele>46</ele></trkpt>
   <trkpt lat="52.421238" lon="9.454959"><ele>45.75</ele></trkpt>
   <trkpt lat="52.420569" lon="9.458282"><ele>45.75</ele></trkpt>
   <trkpt lat="52.420448" lon="9.458851"><ele>46.25</ele></trkpt>
   <trkpt lat="52.4202" lon="9.460106"><ele>46.25</ele></trkpt>
   <trkpt lat="52.420193" lon="9.460143"><ele>46.25</ele></trkpt>
   <trkpt lat="52.420186" lon="9.460179"><ele>46</ele></trkpt>
   <trkpt lat="52.420138" lon="9.460413"><ele>45.75</ele></trkpt>
   <trkpt lat="52.419965" lon="9.461245"><ele>44.5</ele></trkpt>
   <trkpt lat="52.419828" lon="9.461923"><ele>44.75</ele></trkpt>
   <trkpt lat="52.419824" lon="9.461941"><ele>44.75</ele></trkpt>
   <trkpt lat="52.419753" lon="9.462295"><ele>45.25</ele></trkpt>
   <trkpt lat="52.419706" lon="9.462535"><ele>45.75</ele></trkpt>
   <trkpt lat="52.419576" lon="9.463206"><ele>46.75</ele></trkpt>
   <trkpt lat="52.419106" lon="9.465487"><ele>47</ele></trkpt>
   <trkpt lat="52.418644" lon="9.467628"><ele>49</ele></trkpt>
   <trkpt lat="52.417558" lon="9.472606"><ele>46.75</ele></trkpt>
   <trkpt lat="52.416806" lon="9.476077"><ele>45.75</ele></trkpt>
   <trkpt lat="52.41561" lon="9.481638"><ele>49.75</ele></trkpt>
   <trkpt lat="52.414975" lon="9.484575"><ele>52</ele></trkpt>
   <trkpt lat="52.414856" lon="9.485119"><ele>51.75</ele></trkpt>
   <trkpt lat="52.41482" lon="9.485286"><ele>52</ele></trkpt>
   <trkpt lat="52.414343" lon="9.487493"><ele>52.5</ele></trkpt>
   <trkpt lat="52.413959" lon="9.489268"><ele>51</ele></trkpt>
   <trkpt lat="52.413739" lon="9.490278"><ele>49.5</ele></trkpt>
   <trkpt lat="52.413147" lon="9.493005"><ele>47</ele></trkpt>
   <trkpt lat="52.41201" lon="9.498276"><ele>48.5</ele></trkpt>
   <trkpt lat="52.411516" lon="9.500522"><ele>54.75</ele></trkpt>
   <trkpt lat="52.411083" lon="9.502522"><ele>53.75</ele></trkpt>
   <trkpt lat="52.411064" lon="9.50261"><ele>53.5</ele></trkpt>
   <trkpt lat="52.410783" lon="9.503931"><ele>52.25</ele></trkpt>
   <trkpt lat="52.409321" lon="9.510679"><ele>52.75</ele></trkpt>
   <trkpt lat="52.409241" lon="9.511034"><ele>53</ele></trkpt>
   <trkpt lat="52.409238" lon="9.511048"><ele>53.25</ele></trkpt>
   <trkpt lat="52.407182" lon="9.520555"><ele>49</ele></trkpt>
   <trkpt lat="52.407058" lon="9.521131"><ele>48.5</ele></trkpt>
   <trkpt lat="52.406481" lon="9.523793"><ele>48.5</ele></trkpt>
   <trkpt lat="52.405467" lon="9.52855"><ele>49</ele></trkpt>
   <trkpt lat="52.404234" lon="9.534108"><ele>50</ele></trkpt>
   <trkpt lat="52.404201" lon="9.534258"><ele>50</ele></trkpt>
   <trkpt lat="52.404117" lon="9.534651"><ele>50.5</ele></trkpt>
   <trkpt lat="52.404101" lon="9.534726"><ele>50.75</ele></trkpt>
   <trkpt lat="52.402562" lon="9.54183"><ele>50</ele></trkpt>
   <trkpt lat="52.401347" lon="9.547114"><ele>50.5</ele></trkpt>
   <trkpt lat="52.401113" lon="9.548184"><ele>49.75</ele></trkpt>
   <trkpt lat="52.400152" lon="9.552576"><ele>50.75</ele></trkpt>
   <trkpt lat="52.400118" lon="9.552731"><ele>51</ele></trkpt>
   <trkpt lat="52.400014" lon="9.553232"><ele>51.75</ele></trkpt>
   <trkpt lat="52.398986" lon="9.557939"><ele>51.5</ele></trkpt>
   <trkpt lat="52.398898" lon="9.558381"><ele>51.5</ele></trkpt>
   <trkpt lat="52.398763" lon="9.558998"><ele>51.75</ele></trkpt>
   <trkpt lat="52.398414" lon="9.56061"><ele>52.75</ele></trkpt>
   <trkpt lat="52.397801" lon="9.563435"><ele>52</ele></trkpt>
   <trkpt lat="52.397764" lon="9.563605"><ele>52</ele></trkpt>
   <trkpt lat="52.395755" lon="9.572848"><ele>50.25</ele></trkpt>
   <trkpt lat="52.395197" lon="9.575471"><ele>50.25</ele></trkpt>
   <trkpt lat="52.394906" lon="9.576839"><ele>49.75</ele></trkpt>
   <trkpt lat="52.394425" lon="9.5791"><ele>50.25</ele></trkpt>
   <trkpt lat="52.394231" lon="9.579992"><ele>50</ele></trkpt>
   <trkpt lat="52.394216" lon="9.580063"><ele>50</ele></trkpt>
   <trkpt lat="52.393916" lon="9.581466"><ele>49.5</ele></trkpt>
   <trkpt lat="52.393659" lon="9.582629"><ele>49.25</ele></trkpt>
   <trkpt lat="52.393626" lon="9.582777"><ele>49.25</ele></trkpt>
   <trkpt lat="52.393453" lon="9.583565"><ele>49.5</ele></trkpt>
   <trkpt lat="52.392911" lon="9.58611"><ele>51.5</ele></trkpt>
   <trkpt lat="52.392723" lon="9.587039"><ele>51.25</ele></trkpt>
   <trkpt lat="52.392716" lon="9.587073"><ele>51.25</ele></trkpt>
   <trkpt lat="52.392698" lon="9.587162"><ele>51</ele></trkpt>
   <trkpt lat="52.392616" lon="9.587615"><ele>51</ele></trkpt>
   <trkpt lat="52.392553" lon="9.588012"><ele>50.25</ele></trkpt>
   <trkpt lat="52.392431" lon="9.588894"><ele>50</ele></trkpt>
   <trkpt lat="52.392376" lon="9.589253"><ele>50</ele></trkpt>
   <trkpt lat="52.392201" lon="9.590328"><ele>50.5</ele></trkpt>
   <trkpt lat="52.391976" lon="9.591832"><ele>50.5</ele></trkpt>
   <trkpt lat="52.391814" lon="9.593055"><ele>49.5</ele></trkpt>
   <trkpt lat="52.39171" lon="9.593965"><ele>49</ele></trkpt>
   <trkpt lat="52.391699" lon="9.594081"><ele>49</ele></trkpt>
   <trkpt lat="52.391619" lon="9.594917"><ele>49.75</ele></trkpt>
   <trkpt lat="52.391551" lon="9.59572"><ele>50</ele></trkpt>
   <trkpt lat="52.391511" lon="9.596172"><ele>50.25</ele></trkpt>
   <trkpt lat="52.39149" lon="9.596478"><ele>50.75</ele></trkpt>
   <trkpt lat="52.391457" lon="9.59687"><ele>51</ele></trkpt>
   <trkpt lat="52.39141" lon="9.597639"><ele>51</ele></trkpt>
   <trkpt lat="52.391401" lon="9.597966"><ele>51</ele></trkpt>
   <trkpt lat="52.391394" lon="9.59906"><ele>51</ele></trkpt>
   <trkpt lat="52.391382" lon="9.599559"><ele>50.5</ele></trkpt>
   <trkpt lat="52.391372" lon="9.599814"><ele>50</ele></trkpt>
   <trkpt lat="52.391372" lon="9.599819"><ele>50</ele></trkpt>
   <trkpt lat="52.391332" lon="9.601384"><ele>50</ele></trkpt>
   <trkpt lat="52.391325" lon="9.602448"><ele>50</ele></trkpt>
   <trkpt lat="52.391336" lon="9.603515"><ele>49.5</ele></trkpt>
   <trkpt lat="52.391358" lon="9.604443"><ele>49.5</ele></trkpt>
   <trkpt lat="52.391395" lon="9.605357"><ele>49.5</ele></trkpt>
   <trkpt lat="52.39148" lon="9.606835"><ele>49.75</ele></trkpt>
   <trkpt lat="52.391524" lon="9.607487"><ele>49.75</ele></trkpt>
   <trkpt lat="52.39236" lon="9.618373"><ele>48</ele></trkpt>
   <trkpt lat="52.392495" lon="9.620157"><ele>48</ele></trkpt>
   <trkpt lat="52.393036" lon="9.627113"><ele>50</ele></trkpt>
   <trkpt lat="52.393142" lon="9.628492"><ele>51</ele></trkpt>
   <trkpt lat="52.393962" lon="9.639178"><ele>52.5</ele></trkpt>
   <trkpt lat="52.394255" lon="9.642985"><ele>51.5</ele></trkpt>
   <trkpt lat="52.394409" lon="9.644987"><ele>52.25</ele></trkpt>
   <trkpt lat="52.394727" lon="9.649151"><ele>50.5</ele></trkpt>
   <trkpt lat="52.394729" lon="9.649169"><ele>50.5</ele></trkpt>
   <trkpt lat="52.394742" lon="9.649349"><ele>50.5</ele></trkpt>
   <trkpt lat="52.394781" lon="9.649844"><ele>50.5</ele></trkpt>
   <trkpt lat="52.395101" lon="9.654015"><ele>50.5</ele></trkpt>
   <trkpt lat="52.395163" lon="9.65482"><ele>50.25</ele></trkpt>
   <trkpt lat="52.395179" lon="9.655026"><ele>50</ele></trkpt>
   <trkpt lat="52.395278" lon="9.65632"><ele>49</ele></trkpt>
   <trkpt lat="52.395331" lon="9.657025"><ele>48.5</ele></trkpt>
   <trkpt lat="52.395395" lon="9.657836"><ele>48.25</ele></trkpt>
   <trkpt lat="52.395522" lon="9.659489"><ele>47.75</ele></trkpt>
   <trkpt lat="52.395716" lon="9.662075"><ele>48.25</ele></trkpt>
   <trkpt lat="52.396003" lon="9.66583"><ele>47</ele></trkpt>
   <trkpt lat="52.396123" lon="9.667422"><ele>46</ele></trkpt>
   <trkpt lat="52.396363" lon="9.670618"><ele>50.25</ele></trkpt>
   <trkpt lat="52.396476" lon="9.671989"><ele>51</ele></trkpt>
   <trkpt lat="52.39653" lon="9.672752"><ele>51.25</ele></trkpt>
   <trkpt lat="52.396668" lon="9.674993"><ele>51.75</ele></trkpt>
   <trkpt lat="52.396693" lon="9.675363"><ele>51.75</ele></trkpt>
   <trkpt lat="52.396761" lon="9.676239"><ele>52.25</ele></trkpt>
   <trkpt lat="52.39677" lon="9.676358"><ele>52.25</ele></trkpt>
   <trkpt lat="52.396897" lon="9.678026"><ele>53.25</ele></trkpt>
   <trkpt lat="52.397134" lon="9.681366"><ele>54.25</ele></trkpt>
   <trkpt lat="52.39751" lon="9.686391"><ele>52.5</ele></trkpt>
   <trkpt lat="52.397532" lon="9.686679"><ele>52.75</ele></trkpt>
   <trkpt lat="52.397667" lon="9.688274"><ele>51.5</ele></trkpt>
   <trkpt lat="52.397718" lon="9.688802"><ele>51.5</ele></trkpt>
   <trkpt lat="52.397884" lon="9.690504"><ele>52.5</ele></trkpt>
   <trkpt lat="52.397952" lon="9.691341"><ele>53</ele></trkpt>
   <trkpt lat="52.397983" lon="9.691649"><ele>53.25</ele></trkpt>
   <trkpt lat="52.397983" lon="9.691654"><ele>53.25</ele></trkpt>
   <trkpt lat="52.397984" lon="9.691669"><ele>53.25</ele></trkpt>
   <trkpt lat="52.39799" lon="9.691745"><ele>53.25</ele></trkpt>
   <trkpt lat="52.398007" lon="9.691964"><ele>53.25</ele></trkpt>
   <trkpt lat="52.398011" lon="9.692023"><ele>53.25</ele></trkpt>
   <trkpt lat="52.398057" lon="9.692616"><ele>53.5</ele></trkpt>
   <trkpt lat="52.398063" lon="9.69271"><ele>53.5</ele></trkpt>
   <trkpt lat="52.398108" lon="9.693299"><ele>54</ele></trkpt>
   <trkpt lat="52.398136" lon="9.693823"><ele>54</ele></trkpt>
   <trkpt lat="52.398169" lon="9.694613"><ele>54</ele></trkpt>
   <trkpt lat="52.398166" lon="9.695123"><ele>54</ele></trkpt>
   <trkpt lat="52.398163" lon="9.695181"><ele>54</ele></trkpt>
   <trkpt lat="52.398132" lon="9.695841"><ele>54</ele></trkpt>
   <trkpt lat="52.397975" lon="9.697574"><ele>56</ele></trkpt>
   <trkpt lat="52.397775" lon="9.699424"><ele>58</ele></trkpt>
   <trkpt lat="52.397687" lon="9.700339"><ele>57.75</ele></trkpt>
   <trkpt lat="52.39761" lon="9.701056"><ele>57.25</ele></trkpt>
   <trkpt lat="52.397575" lon="9.701385"><ele>57</ele></trkpt>
   <trkpt lat="52.397524" lon="9.701895"><ele>56.5</ele></trkpt>
   <trkpt lat="52.397121" lon="9.705791"><ele>53.25</ele></trkpt>
   <trkpt lat="52.396953" lon="9.707059"><ele>53.25</ele></trkpt>
   <trkpt lat="52.39694" lon="9.707185"><ele>53.25</ele></trkpt>
   <trkpt lat="52.396565" lon="9.710837"><ele>54.75</ele></trkpt>
   <trkpt lat="52.396534" lon="9.711131"><ele>55</ele></trkpt>
   <trkpt lat="52.396533" lon="9.711147"><ele>55</ele></trkpt>
   <trkpt lat="52.396353" lon="9.712854"><ele>55</ele></trkpt>
   <trkpt lat="52.396308" lon="9.713258"><ele>54.5</ele></trkpt>
   <trkpt lat="52.396213" lon="9.714016"><ele>54.25</ele></trkpt>
   <trkpt lat="52.396082" lon="9.714795"><ele>54.25</ele></trkpt>
   <trkpt lat="52.395924" lon="9.71558"><ele>54</ele></trkpt>
   <trkpt lat="52.395781" lon="9.716194"><ele>54.25</ele></trkpt>
   <trkpt lat="52.395557" lon="9.716995"><ele>54.5</ele></trkpt>
   <trkpt lat="52.395335" lon="9.717692"><ele>55</ele></trkpt>
   <trkpt lat="52.3952" lon="9.718051"><ele>55.5</ele></trkpt>
   <trkpt lat="52.39502" lon="9.718513"><ele>56</ele></trkpt>
   <trkpt lat="52.395011" lon="9.718537"><ele>56</ele></trkpt>
   <trkpt lat="52.394955" lon="9.718675"><ele>56</ele></trkpt>
   <trkpt lat="52.39482" lon="9.718984"><ele>56</ele></trkpt>
   <trkpt lat="52.394523" lon="9.719607"><ele>55.5</ele></trkpt>
   <trkpt lat="52.394325" lon="9.719986"><ele>55</ele></trkpt>
   <trkpt lat="52.393653" lon="9.721205"><ele>53.75</ele></trkpt>
   <trkpt lat="52.393559" lon="9.721369"><ele>53.75</ele></trkpt>
   <trkpt lat="52.392534" lon="9.723175"><ele>55.75</ele></trkpt>
   <trkpt lat="52.391256" lon="9.725456"><ele>54.75</ele></trkpt>
   <trkpt lat="52.39027" lon="9.727214"><ele>54.5</ele></trkpt>
   <trkpt lat="52.3899" lon="9.727874"><ele>54.5</ele></trkpt>
   <trkpt lat="52.389665" lon="9.728292"><ele>55.25</ele></trkpt>
   <trkpt lat="52.389377" lon="9.728756"><ele>56</ele></trkpt>
   <trkpt lat="52.389107" lon="9.729149"><ele>56.75</ele></trkpt>
   <trkpt lat="52.388844" lon="9.729517"><ele>58</ele></trkpt>
   <trkpt lat="52.388688" lon="9.729722"><ele>59</ele></trkpt>
   <trkpt lat="52.38834" lon="9.730156"><ele>61.25</ele></trkpt>
   <trkpt lat="52.387854" lon="9.730681"><ele>59.5</ele></trkpt>
   <trkpt lat="52.387596" lon="9.730955"><ele>58.75</ele></trkpt>
   <trkpt lat="52.387242" lon="9.731304"><ele>58.5</ele></trkpt>
   <trkpt lat="52.386418" lon="9.731987"><ele>56.5</ele></trkpt>
   <trkpt lat="52.385886" lon="9.732371"><ele>56.75</ele></trkpt>
   <trkpt lat="52.384642" lon="9.73321"><ele>55.5</ele></trkpt>
   <trkpt lat="52.384495" lon="9.733301"><ele>55</ele></trkpt>
   <trkpt lat="52.38412" lon="9.733515"><ele>54</ele></trkpt>
   <trkpt lat="52.384087" lon="9.733533"><ele>54</ele></trkpt>
   <trkpt lat="52.383965" lon="9.733595"><ele>54</ele></trkpt>
   <trkpt lat="52.383251" lon="9.733941"><ele>55</ele></trkpt>
   <trkpt lat="52.38322" lon="9.733956"><ele>55.25</ele></trkpt>
   <trkpt lat="52.383048" lon="9.734036"><ele>55.5</ele></trkpt>
   <trkpt lat="52.382763" lon="9.734166"><ele>56.25</ele></trkpt>
   <trkpt lat="52.382134" lon="9.734399"><ele>56.5</ele></trkpt>
   <trkpt lat="52.38206" lon="9.734433"><ele>56.25</ele></trkpt>
   <trkpt lat="52.381761" lon="9.734569"><ele>56</ele></trkpt>
   <trkpt lat="52.381545" lon="9.734691"><ele>56</ele></trkpt>
   <trkpt lat="52.38134" lon="9.734845"><ele>56.25</ele></trkpt>
   <trkpt lat="52.381132" lon="9.735009"><ele>56.5</ele></trkpt>
   <trkpt lat="52.380992" lon="9.735125"><ele>56.75</ele></trkpt>
   <trkpt lat="52.380776" lon="9.73535"><ele>56.25</ele></trkpt>
   <trkpt lat="52.380593" lon="9.735556"><ele>56</ele></trkpt>
   <trkpt lat="52.380419" lon="9.73572"><ele>56</ele></trkpt>
   <trkpt lat="52.3802" lon="9.735968"><ele>56</ele></trkpt>
   <trkpt lat="52.379921" lon="9.736342"><ele>56</ele></trkpt>
   <trkpt lat="52.379767" lon="9.736548"><ele>56.25</ele></trkpt>
   <trkpt lat="52.37963" lon="9.736726"><ele>56.25</ele></trkpt>
   <trkpt lat="52.379521" lon="9.736867"><ele>56.5</ele></trkpt>
   <trkpt lat="52.379501" lon="9.736893"><ele>56.5</ele></trkpt>
   <trkpt lat="52.37937" lon="9.737077"><ele>56.75</ele></trkpt>
   <trkpt lat="52.379196" lon="9.737319"><ele>56.75</ele></trkpt>
   <trkpt lat="52.378867" lon="9.737761"><ele>57.25</ele></trkpt>
   <trkpt lat="52.37886" lon="9.737771"><ele>57.25</ele></trkpt>
   <trkpt lat="52.378671" lon="9.738025"><ele>57.75</ele></trkpt>
   <trkpt lat="52.378381" lon="9.738503"><ele>58.75</ele></trkpt>
   <trkpt lat="52.378242" lon="9.738744"><ele>59</ele></trkpt>
   <trkpt lat="52.378147" lon="9.738957"><ele>59</ele></trkpt>
   <trkpt lat="52.378081" lon="9.739105"><ele>59.25</ele></trkpt>
   <trkpt lat="52.37807" lon="9.739128"><ele>59.25</ele></trkpt>
   <trkpt lat="52.37773" lon="9.739848"><ele>59.25</ele></trkpt>
   <trkpt lat="52.377722" lon="9.739865"><ele>59.5</ele></trkpt>
   <trkpt lat="52.376927" lon="9.741536"><ele>58.75</ele></trkpt>
   <trkpt lat="52.376911" lon="9.741569"><ele>58.75</ele></trkpt>
  </trkseg>
 </trk>
</gpx>