<?xml version="1.0" encoding="UTF-8"?>
<!-- track-length = 250882 filtered ascend = 326 plain-ascend = 62 cost=250882 energy=3.1kwh time=5h 34m 31s -->
<gpx 
 xmlns="http://www.topografix.com/GPX/1/1" 
 xmlns:xsi="http://www.w3.org/2001/XMLSchema-instance" 
 xsi:schemaLocation="http://www.topografix.com/GPX/1/1 http://www.topografix.com/GPX/1/1/gpx.xsd" 
 creator="BRouter-1.7.0" version="1.1">
 <trk>
  <name>Muenchen - Leipzig3</name>
  <trkseg>
   <trkpt lon="9.974397" lat="52.377037"><ele>61.0</ele></trkpt>
   <trkpt lon="9.974505" lat="52.376927"><ele>61.25</ele></trkpt>
   <trkpt lon="9.975198" lat="52.376229"><ele>61.5</ele></trkpt>
   <trkpt lon="9.975663" lat="52.375756"><ele>61.75</ele></trkpt>
   <trkpt lon="9.975885" lat="52.375566"><ele>62.0</ele></trkpt>
   <trkpt lon="9.976030" lat="52.375453"><ele>62.0</ele></trkpt>
   <trkpt lon="9.976198" lat="52.375311"><ele>61.75</ele></trkpt>
   <trkpt lon="9.976370" lat="52.375151"><ele>61.5</ele></trkpt>
   <trkpt lon="9.976578" lat="52.375001"><ele>61.0</ele></trkpt>
   <trkpt lon="9.976860" lat="52.374843"><ele>61.25</ele></trkpt>
   <trkpt lon="9.976955" lat="52.374797"><ele>61.25</ele></trkpt>
   <trkpt lon="9.977245" lat="52.374665"><ele>61.5</ele></trkpt>
   <trkpt lon="9.977398" lat="52.374593"><ele>61.75</ele></trkpt>
   <trkpt lon="9.977652" lat="52.374477"><ele>61.75</ele></trkpt>
   <trkpt lon="9.978098" lat="52.374301"><ele>60.75</ele></trkpt>
   <trkpt lon="9.978334" lat="52.374218"><ele>60.25</ele></trkpt>
   <trkpt lon="9.978359" lat="52.374212"><ele>60.25</ele></trkpt>
   <trkpt lon="9.978586" lat="52.374152"><ele>60.0</ele></trkpt>
   <trkpt lon="9.978800" lat="52.374081"><ele>60.0</ele></trkpt>
   <trkpt lon="9.979225" lat="52.373958"><ele>60.0</ele></trkpt>
   <trkpt lon="9.979524" lat="52.373881"><ele>60.0</ele></trkpt>
   <trkpt lon="9.979803" lat="52.373823"><ele>60.0</ele></trkpt>
   <trkpt lon="9.979840" lat="52.373815"><ele>60.0</ele></trkpt>
   <trkpt lon="9.980172" lat="52.373746"><ele>59.75</ele></trkpt>
   <trkpt lon="9.981080" lat="52.373562"><ele>59.75</ele></trkpt>
   <trkpt lon="9.981586" lat="52.373458"><ele>60.0</ele></trkpt>
   <trkpt lon="9.983537" lat="52.373062"><ele>58.25</ele></trkpt>
   <trkpt lon="9.988435" lat="52.372057"><ele>58.75</ele></trkpt>
   <trkpt lon="9.989068" lat="52.371928"><ele>58.5</ele></trkpt>
   <trkpt lon="9.991592" lat="52.371408"><ele>59.75</ele></trkpt>
   <trkpt lon="9.991746" lat="52.371371"><ele>60.0</ele></trkpt>
   <trkpt lon="9.991758" lat="52.371368"><ele>60.0</ele></trkpt>
   <trkpt lon="9.992622" lat="52.371150"><ele>59.75</ele></trkpt>
   <trkpt lon="9.994244" lat="52.370724"><ele>59.0</ele></trkpt>
   <trkpt lon="9.994519" lat="52.370651"><ele>59.5</ele></trkpt>
   <trkpt lon="9.995927" lat="52.370282"><ele>59.75</ele></trkpt>
   <trkpt lon="9.997394" lat="52.369941"><ele>59.0</ele></trkpt>
   <trkpt lon="9.997404" lat="52.369939"><ele>59.0</ele></trkpt>
   <trkpt lon="9.998200" lat="52.369766"><ele>59.0</ele></trkpt>
   <trkpt lon="9.999335" lat="52.369517"><ele>59.0</ele></trkpt>
   <trkpt lon="10.000422" lat="52.369278"><ele>58.25</ele></trkpt>
   <trkpt lon="10.001195" lat="52.369107"><ele>57.25</ele></trkpt>
   <trkpt lon="10.004229" lat="52.368439"><ele>56.75</ele></trkpt>
   <trkpt lon="10.008965" lat="52.367354"><ele>56.0</ele></trkpt>
   <trkpt lon="10.012587" lat="52.366546"><ele>56.0</ele></trkpt>
   <trkpt lon="10.013619" lat="52.366279"><ele>57.25</ele></trkpt>
   <trkpt lon="10.014137" lat="52.366159"><ele>57.75</ele></trkpt>
   <trkpt lon="10.014312" lat="52.366121"><ele>58.0</ele></trkpt>
   <trkpt lon="10.016954" lat="52.365541"><ele>60.25</ele></trkpt>
   <trkpt lon="10.017460" lat="52.365426"><ele>60.0</ele></trkpt>
   <trkpt lon="10.017610" lat="52.365392"><ele>59.75</ele></trkpt>
   <trkpt lon="10.018701" lat="52.365143"><ele>60.0</ele></trkpt>
   <trkpt lon="10.023149" lat="52.364176"><ele>60.0</ele></trkpt>
   <trkpt lon="10.028578" lat="52.362986"><ele>60.75</ele></trkpt>
   <trkpt lon="10.030327" lat="52.362631"><ele>60.5</ele></trkpt>
   <trkpt lon="10.031000" lat="52.362515"><ele>60.75</ele></trkpt>
   <trkpt lon="10.031225" lat="52.362477"><ele>60.75</ele></trkpt>
   <trkpt lon="10.032409" lat="52.362288"><ele>60.0</ele></trkpt>
   <trkpt lon="10.032458" lat="52.362281"><ele>60.0</ele></trkpt>
   <trkpt lon="10.033616" lat="52.362119"><ele>58.25</ele></trkpt>
   <trkpt lon="10.034786" lat="52.361979"><ele>58.5</ele></trkpt>
   <trkpt lon="10.036130" lat="52.361844"><ele>58.5</ele></trkpt>
   <trkpt lon="10.041591" lat="52.361324"><ele>57.0</ele></trkpt>
   <trkpt lon="10.041718" lat="52.361311"><ele>57.0</ele></trkpt>
   <trkpt lon="10.048094" lat="52.360702"><ele>57.0</ele></trkpt>
   <trkpt lon="10.048418" lat="52.360669"><ele>57.0</ele></trkpt>
   <trkpt lon="10.051194" lat="52.360404"><ele>58.25</ele></trkpt>
   <trkpt lon="10.056795" lat="52.359871"><ele>58.0</ele></trkpt>
   <trkpt lon="10.059874" lat="52.359574"><ele>60.75</ele></trkpt>
   <trkpt lon="10.074288" lat="52.358193"><ele>68.0</ele></trkpt>
   <trkpt lon="10.076222" lat="52.358007"><ele>68.25</ele></trkpt>
   <trkpt lon="10.084870" lat="52.357180"><ele>70.25</ele></trkpt>
   <trkpt lon="10.085238" lat="52.357144"><ele>70.25</ele></trkpt>
   <trkpt lon="10.085566" lat="52.357112"><ele>70.0</ele></trkpt>
   <trkpt lon="10.090794" lat="52.356610"><ele>70.25</ele></trkpt>
   <trkpt lon="10.093933" lat="52.356307"><ele>75.75</ele></trkpt>
   <trkpt lon="10.094429" lat="52.356262"><ele>76.25</ele></trkpt>
   <trkpt lon="10.094581" lat="52.356246"><ele>76.25</ele></trkpt>
   <trkpt lon="10.095866" lat="52.356122"><ele>75.25</ele></trkpt>
   <trkpt lon="10.096862" lat="52.355971"><ele>73.0</ele></trkpt>
   <trkpt lon="10.107495" lat="52.354964"><ele>72.0</ele></trkpt>
   <trkpt lon="10.107922" lat="52.354939"><ele>71.5</ele></trkpt>
   <trkpt lon="10.108368" lat="52.354922"><ele>70.75</ele></trkpt>
   <trkpt lon="10.108447" lat="52.354914"><ele>70.75</ele></trkpt>
   <trkpt lon="10.108733" lat="52.354886"><ele>70.5</ele></trkpt>
   <trkpt lon="10.110267" lat="52.354738"><ele>68.25</ele></trkpt>
   <trkpt lon="10.110484" lat="52.354718"><ele>68.25</ele></trkpt>
   <trkpt lon="10.111963" lat="52.354578"><ele>68.5</ele></trkpt>
   <trkpt lon="10.112997" lat="52.354476"><ele>68.25</ele></trkpt>
   <trkpt lon="10.113816" lat="52.354397"><ele>67.5</ele></trkpt>
   <trkpt lon="10.114026" lat="52.354376"><ele>67.25</ele></trkpt>
   <trkpt lon="10.115187" lat="52.354265"><ele>66.25</ele></trkpt>
   <trkpt lon="10.115926" lat="52.354197"><ele>67.0</ele></trkpt>
   <trkpt lon="10.115954" lat="52.354194"><ele>67.0</ele></trkpt>
   <trkpt lon="10.116209" lat="52.354167"><ele>67.25</ele></trkpt>
   <trkpt lon="10.118506" lat="52.353947"><ele>68.5</ele></trkpt>
   <trkpt lon="10.120553" lat="52.353739"><ele>70.25</ele></trkpt>
   <trkpt lon="10.121722" lat="52.353598"><ele>72.5</ele></trkpt>
   <trkpt lon="10.122555" lat="52.353480"><ele>72.5</ele></trkpt>
   <trkpt lon="10.123179" lat="52.353393"><ele>72.75</ele></trkpt>
   <trkpt lon="10.124814" lat="52.353120"><ele>71.5</ele></trkpt>
   <trkpt lon="10.125486" lat="52.352992"><ele>71.0</ele></trkpt>
   <trkpt lon="10.126099" lat="52.352875"><ele>70.75</ele></trkpt>
   <trkpt lon="10.127071" lat="52.352664"><ele>71.25</ele></trkpt>
   <trkpt lon="10.127395" lat="52.352594"><ele>71.25</ele></trkpt>
   <trkpt lon="10.127431" lat="52.352585"><ele>71.25</ele></trkpt>
   <trkpt lon="10.128389" lat="52.352359"><ele>71.25</ele></trkpt>
   <trkpt lon="10.129198" lat="52.352154"><ele>71.75</ele></trkpt>
   <trkpt lon="10.130105" lat="52.351914"><ele>71.25</ele></trkpt>
   <trkpt lon="10.130235" lat="52.351876"><ele>71.5</ele></trkpt>
   <trkpt lon="10.131985" lat="52.351359"><ele>72.25</ele></trkpt>
   <trkpt lon="10.133058" lat="52.351010"><ele>71.25</ele></trkpt>
   <trkpt lon="10.133550" lat="52.350840"><ele>70.75</ele></trkpt>
   <trkpt lon="10.134158" lat="52.350620"><ele>72.0</ele></trkpt>
   <trkpt lon="10.135781" lat="52.349998"><ele>73.0</ele></trkpt>
   <trkpt lon="10.136977" lat="52.349504"><ele>75.0</ele></trkpt>
   <trkpt lon="10.138622" lat="52.348736"><ele>74.5</ele></trkpt>
   <trkpt lon="10.139910" lat="52.348094"><ele>73.5</ele></trkpt>
   <trkpt lon="10.140019" lat="52.348032"><ele>73.25</ele></trkpt>
   <trkpt lon="10.140068" lat="52.348007"><ele>73.25</ele></trkpt>
   <trkpt lon="10.142642" lat="52.346658"><ele>69.5</ele></trkpt>
   <trkpt lon="10.144992" lat="52.345426"><ele>67.0</ele></trkpt>
   <trkpt lon="10.147274" lat="52.344233"><ele>67.0</ele></trkpt>
   <trkpt lon="10.149045" lat="52.343305"><ele>66.0</ele></trkpt>
   <trkpt lon="10.149598" lat="52.343013"><ele>65.25</ele></trkpt>
   <trkpt lon="10.151973" lat="52.341768"><ele>64.75</ele></trkpt>
   <trkpt lon="10.153526" lat="52.340958"><ele>65.75</ele></trkpt>
   <trkpt lon="10.154019" lat="52.340704"><ele>66.0</ele></trkpt>
   <trkpt lon="10.154274" lat="52.340577"><ele>66.0</ele></trkpt>
   <trkpt lon="10.154312" lat="52.340559"><ele>66.0</ele></trkpt>
   <trkpt lon="10.154876" lat="52.340289"><ele>66.5</ele></trkpt>
   <trkpt lon="10.155121" lat="52.340171"><ele>66.5</ele></trkpt>
   <trkpt lon="10.156067" lat="52.339746"><ele>65.5</ele></trkpt>
   <trkpt lon="10.157068" lat="52.339329"><ele>65.0</ele></trkpt>
   <trkpt lon="10.157591" lat="52.339129"><ele>65.0</ele></trkpt>
   <trkpt lon="10.158744" lat="52.338705"><ele>66.0</ele></trkpt>
   <trkpt lon="10.160182" lat="52.338224"><ele>65.75</ele></trkpt>
   <trkpt lon="10.162919" lat="52.337332"><ele>65.25</ele></trkpt>
   <trkpt lon="10.165658" lat="52.336440"><ele>66.0</ele></trkpt>
   <trkpt lon="10.166820" lat="52.336062"><ele>66.5</ele></trkpt>
   <trkpt lon="10.167455" lat="52.335856"><ele>66.0</ele></trkpt>
   <trkpt lon="10.167498" lat="52.335842"><ele>66.0</ele></trkpt>
   <trkpt lon="10.167591" lat="52.335811"><ele>65.75</ele></trkpt>
   <trkpt lon="10.167669" lat="52.335785"><ele>65.75</ele></trkpt>
   <trkpt lon="10.169499" lat="52.335191"><ele>65.0</ele></trkpt>
   <trkpt lon="10.171059" lat="52.334685"><ele>65.5</ele></trkpt>
   <trkpt lon="10.171221" lat="52.334632"><ele>65.5</ele></trkpt>
   <trkpt lon="10.172961" lat="52.334068"><ele>65.25</ele></trkpt>
   <trkpt lon="10.174430" lat="52.333591"><ele>65.5</ele></trkpt>
   <trkpt lon="10.175946" lat="52.333098"><ele>65.5</ele></trkpt>
   <trkpt lon="10.176127" lat="52.333039"><ele>65.5</ele></trkpt>
   <trkpt lon="10.178407" lat="52.332299"><ele>65.75</ele></trkpt>
   <trkpt lon="10.183075" lat="52.330780"><ele>65.75</ele></trkpt>
   <trkpt lon="10.185225" lat="52.330080"><ele>66.0</ele></trkpt>
   <trkpt lon="10.188509" lat="52.329009"><ele>65.5</ele></trkpt>
   <trkpt lon="10.188576" lat="52.328988"><ele>65.5</ele></trkpt>
   <trkpt lon="10.189588" lat="52.328657"><ele>65.25</ele></trkpt>
   <trkpt lon="10.191641" lat="52.327989"><ele>66.0</ele></trkpt>
   <trkpt lon="10.191668" lat="52.327980"><ele>66.0</ele></trkpt>
   <trkpt lon="10.192508" lat="52.327707"><ele>65.25</ele></trkpt>
   <trkpt lon="10.194385" lat="52.327097"><ele>64.25</ele></trkpt>
   <trkpt lon="10.196013" lat="52.326567"><ele>63.75</ele></trkpt>
   <trkpt lon="10.196346" lat="52.326459"><ele>64.0</ele></trkpt>
   <trkpt lon="10.200987" lat="52.324947"><ele>66.25</ele></trkpt>
   <trkpt lon="10.203880" lat="52.324006"><ele>66.5</ele></trkpt>
   <trkpt lon="10.206104" lat="52.323283"><ele>66.0</ele></trkpt>
   <trkpt lon="10.208401" lat="52.322530"><ele>66.75</ele></trkpt>
   <trkpt lon="10.208677" lat="52.322440"><ele>66.0</ele></trkpt>
   <trkpt lon="10.209439" lat="52.322192"><ele>64.5</ele></trkpt>
   <trkpt lon="10.212202" lat="52.321288"><ele>63.75</ele></trkpt>
   <trkpt lon="10.213965" lat="52.320719"><ele>62.25</ele></trkpt>
   <trkpt lon="10.215109" lat="52.320343"><ele>62.75</ele></trkpt>
   <trkpt lon="10.215459" lat="52.320227"><ele>63.5</ele></trkpt>
   <trkpt lon="10.216246" lat="52.319998"><ele>65.75</ele></trkpt>
   <trkpt lon="10.216508" lat="52.319922"><ele>65.75</ele></trkpt>
   <trkpt lon="10.217744" lat="52.319597"><ele>64.5</ele></trkpt>
   <trkpt lon="10.218688" lat="52.319392"><ele>63.0</ele></trkpt>
   <trkpt lon="10.219036" lat="52.319329"><ele>63.25</ele></trkpt>
   <trkpt lon="10.219499" lat="52.319240"><ele>63.5</ele></trkpt>
   <trkpt lon="10.220292" lat="52.319117"><ele>63.75</ele></trkpt>
   <trkpt lon="10.221641" lat="52.318947"><ele>63.0</ele></trkpt>
   <trkpt lon="10.222774" lat="52.318854"><ele>62.75</ele></trkpt>
   <trkpt lon="10.223178" lat="52.318831"><ele>62.75</ele></trkpt>
   <trkpt lon="10.224061" lat="52.318794"><ele>63.0</ele></trkpt>
   <trkpt lon="10.224900" lat="52.318777"><ele>63.75</ele></trkpt>
   <trkpt lon="10.225720" lat="52.318792"><ele>64.75</ele></trkpt>
   <trkpt lon="10.226291" lat="52.318803"><ele>66.0</ele></trkpt>
   <trkpt lon="10.226399" lat="52.318805"><ele>66.25</ele></trkpt>
   <trkpt lon="10.227384" lat="52.318840"><ele>67.25</ele></trkpt>
   <trkpt lon="10.228355" lat="52.318877"><ele>68.5</ele></trkpt>
   <trkpt lon="10.228432" lat="52.318880"><ele>68.5</ele></trkpt>
   <trkpt lon="10.228474" lat="52.318881"><ele>68.5</ele></trkpt>
   <trkpt lon="10.229794" lat="52.318926"><ele>69.25</ele></trkpt>
   <trkpt lon="10.230026" lat="52.318929"><ele>69.5</ele></trkpt>
   <trkpt lon="10.230707" lat="52.318936"><ele>69.5</ele></trkpt>
   <trkpt lon="10.231131" lat="52.318935"><ele>69.0</ele></trkpt>
   <trkpt lon="10.231590" lat="52.318924"><ele>68.5</ele></trkpt>
   <trkpt lon="10.232185" lat="52.318915"><ele>68.25</ele></trkpt>
   <trkpt lon="10.233575" lat="52.318862"><ele>68.5</ele></trkpt>
   <trkpt lon="10.233658" lat="52.318860"><ele>68.5</ele></trkpt>
   <trkpt lon="10.233729" lat="52.318858"><ele>68.5</ele></trkpt>
   <trkpt lon="10.234834" lat="52.318773"><ele>67.5</ele></trkpt>
   <trkpt lon="10.235028" lat="52.318765"><ele>67.5</ele></trkpt>
   <trkpt lon="10.235369" lat="52.318750"><ele>67.5</ele></trkpt>
   <trkpt lon="10.236084" lat="52.318682"><ele>68.0</ele></trkpt>
   <trkpt lon="10.237082" lat="52.318632"><ele>69.0</ele></trkpt>
   <trkpt lon="10.237655" lat="52.318614"><ele>70.75</ele></trkpt>
   <trkpt lon="10.237852" lat="52.318605"><ele>71.5</ele></trkpt>
   <trkpt lon="10.237889" lat="52.318603"><ele>71.75</ele></trkpt>
   <trkpt lon="10.238295" lat="52.318590"><ele>73.25</ele></trkpt>
   <trkpt lon="10.238370" lat="52.318585"><ele>73.25</ele></trkpt>
   <trkpt lon="10.238584" lat="52.318577"><ele>72.75</ele></trkpt>
   <trkpt lon="10.240162" lat="52.318510"><ele>67.75</ele></trkpt>
   <trkpt lon="10.240213" lat="52.318507"><ele>67.75</ele></trkpt>
   <trkpt lon="10.241989" lat="52.318438"><ele>67.0</ele></trkpt>
   <trkpt lon="10.242707" lat="52.318396"><ele>67.25</ele></trkpt>
   <trkpt lon="10.243214" lat="52.318360"><ele>67.75</ele></trkpt>
   <trkpt lon="10.244311" lat="52.318261"><ele>67.75</ele></trkpt>
   <trkpt lon="10.245617" lat="52.318102"><ele>67.5</ele></trkpt>
   <trkpt lon="10.245873" lat="52.318062"><ele>67.5</ele></trkpt>
   <trkpt lon="10.245959" lat="52.318049"><ele>67.5</ele></trkpt>
   <trkpt lon="10.246755" lat="52.317912"><ele>68.0</ele></trkpt>
   <trkpt lon="10.246789" lat="52.317906"><ele>68.0</ele></trkpt>
   <trkpt lon="10.247451" lat="52.317789"><ele>68.0</ele></trkpt>
   <trkpt lon="10.248211" lat="52.317657"><ele>67.75</ele></trkpt>
   <trkpt lon="10.248243" lat="52.317652"><ele>67.75</ele></trkpt>
   <trkpt lon="10.249068" lat="52.317509"><ele>67.75</ele></trkpt>
   <trkpt lon="10.249583" lat="52.317424"><ele>68.25</ele></trkpt>
   <trkpt lon="10.249800" lat="52.317372"><ele>68.5</ele></trkpt>
   <trkpt lon="10.250990" lat="52.317078"><ele>68.75</ele></trkpt>
   <trkpt lon="10.252482" lat="52.316699"><ele>68.0</ele></trkpt>
   <trkpt lon="10.253379" lat="52.316445"><ele>68.25</ele></trkpt>
   <trkpt lon="10.259866" lat="52.314546"><ele>68.5</ele></trkpt>
   <trkpt lon="10.260581" lat="52.314294"><ele>68.75</ele></trkpt>
   <trkpt lon="10.260929" lat="52.314192"><ele>69.0</ele></trkpt>
   <trkpt lon="10.261288" lat="52.314076"><ele>69.5</ele></trkpt>
   <trkpt lon="10.261808" lat="52.313891"><ele>69.5</ele></trkpt>
   <trkpt lon="10.261837" lat="52.313883"><ele>69.5</ele></trkpt>
   <trkpt lon="10.261863" lat="52.313875"><ele>69.5</ele></trkpt>
   <trkpt lon="10.261917" lat="52.313859"><ele>69.5</ele></trkpt>
   <trkpt lon="10.264060" lat="52.313227"><ele>69.0</ele></trkpt>
   <trkpt lon="10.264781" lat="52.313019"><ele>69.0</ele></trkpt>
   <trkpt lon="10.264841" lat="52.313002"><ele>69.0</ele></trkpt>
   <trkpt lon="10.265290" lat="52.312871"><ele>68.75</ele></trkpt>
   <trkpt lon="10.265302" lat="52.312868"><ele>68.75</ele></trkpt>
   <trkpt lon="10.265324" lat="52.312862"><ele>68.75</ele></trkpt>
   <trkpt lon="10.265445" lat="52.312829"><ele>68.75</ele></trkpt>
   <trkpt lon="10.266330" lat="52.312617"><ele>68.0</ele></trkpt>
   <trkpt lon="10.266463" lat="52.312577"><ele>68.0</ele></trkpt>
   <trkpt lon="10.266489" lat="52.312570"><ele>68.0</ele></trkpt>
   <trkpt lon="10.267706" lat="52.312259"><ele>68.25</ele></trkpt>
   <trkpt lon="10.271037" lat="52.311291"><ele>69.25</ele></trkpt>
   <trkpt lon="10.272106" lat="52.310983"><ele>69.75</ele></trkpt>
   <trkpt lon="10.274805" lat="52.310189"><ele>70.0</ele></trkpt>
   <trkpt lon="10.275705" lat="52.309925"><ele>70.0</ele></trkpt>
   <trkpt lon="10.276340" lat="52.309709"><ele>71.5</ele></trkpt>
   <trkpt lon="10.277682" lat="52.309249"><ele>71.5</ele></trkpt>
   <trkpt lon="10.278194" lat="52.309046"><ele>70.5</ele></trkpt>
   <trkpt lon="10.279461" lat="52.308528"><ele>70.0</ele></trkpt>
   <trkpt lon="10.280881" lat="52.307910"><ele>68.25</ele></trkpt>
   <trkpt lon="10.281967" lat="52.307431"><ele>69.5</ele></trkpt>
   <trkpt lon="10.283788" lat="52.306635"><ele>72.0</ele></trkpt>
   <trkpt lon="10.285342" lat="52.305935"><ele>73.25</ele></trkpt>
   <trkpt lon="10.286703" lat="52.305246"><ele>72.0</ele></trkpt>
   <trkpt lon="10.287353" lat="52.304895"><ele>72.0</ele></trkpt>
   <trkpt lon="10.287950" lat="52.304535"><ele>72.0</ele></trkpt>
   <trkpt lon="10.289617" lat="52.303448"><ele>72.75</ele></trkpt>
   <trkpt lon="10.290673" lat="52.302759"><ele>72.25</ele></trkpt>
   <trkpt lon="10.292401" lat="52.301625"><ele>71.0</ele></trkpt>
   <trkpt lon="10.295630" lat="52.299515"><ele>73.0</ele></trkpt>
   <trkpt lon="10.302285" lat="52.295145"><ele>74.0</ele></trkpt>
   <trkpt lon="10.302845" lat="52.294772"><ele>74.0</ele></trkpt>
   <trkpt lon="10.308479" lat="52.291071"><ele>82.5</ele></trkpt>
   <trkpt lon="10.310255" lat="52.289897"><ele>75.5</ele></trkpt>
   <trkpt lon="10.318545" lat="52.284453"><ele>73.0</ele></trkpt>
   <trkpt lon="10.318766" lat="52.284304"><ele>73.0</ele></trkpt>
   <trkpt lon="10.318961" lat="52.284179"><ele>73.0</ele></trkpt>
   <trkpt lon="10.318985" lat="52.284163"><ele>72.75</ele></trkpt>
   <trkpt lon="10.323150" lat="52.281423"><ele>72.25</ele></trkpt>
   <trkpt lon="10.324803" lat="52.280335"><ele>73.5</ele></trkpt>
   <trkpt lon="10.325845" lat="52.279642"><ele>73.75</ele></trkpt>
   <trkpt lon="10.332930" lat="52.274992"><ele>76.5</ele></trkpt>
   <trkpt lon="10.334149" lat="52.274189"><ele>77.0</ele></trkpt>
   <trkpt lon="10.337243" lat="52.272152"><ele>76.5</ele></trkpt>
   <trkpt lon="10.337382" lat="52.272064"><ele>76.5</ele></trkpt>
   <trkpt lon="10.337444" lat="52.272022"><ele>76.5</ele></trkpt>
   <trkpt lon="10.343491" lat="52.268047"><ele>76.25</ele></trkpt>
   <trkpt lon="10.344197" lat="52.267582"><ele>77.0</ele></trkpt>
   <trkpt lon="10.344830" lat="52.267163"><ele>77.75</ele></trkpt>
   <trkpt lon="10.346285" lat="52.266208"><ele>78.5</ele></trkpt>
   <trkpt lon="10.346366" lat="52.266151"><ele>78.5</ele></trkpt>
   <trkpt lon="10.346683" lat="52.265946"><ele>78.75</ele></trkpt>
   <trkpt lon="10.347167" lat="52.265604"><ele>78.5</ele></trkpt>
   <trkpt lon="10.347339" lat="52.265467"><ele>78.5</ele></trkpt>
   <trkpt lon="10.347756" lat="52.265186"><ele>78.0</ele></trkpt>
   <trkpt lon="10.347803" lat="52.265156"><ele>78.0</ele></trkpt>
   <trkpt lon="10.348112" lat="52.264951"><ele>78.0</ele></trkpt>
   <trkpt lon="10.348789" lat="52.264450"><ele>78.0</ele></trkpt>
   <trkpt lon="10.348922" lat="52.264363"><ele>78.0</ele></trkpt>
   <trkpt lon="10.348955" lat="52.264337"><ele>77.75</ele></trkpt>
   <trkpt lon="10.349049" lat="52.264276"><ele>78.0</ele></trkpt>
   <trkpt lon="10.351253" lat="52.262822"><ele>77.5</ele></trkpt>
   <trkpt lon="10.351695" lat="52.262534"><ele>77.75</ele></trkpt>
   <trkpt lon="10.354613" lat="52.260612"><ele>77.25</ele></trkpt>
   <trkpt lon="10.356839" lat="52.259118"><ele>79.0</ele></trkpt>
   <trkpt lon="10.357203" lat="52.258891"><ele>79.25</ele></trkpt>
   <trkpt lon="10.357962" lat="52.258463"><ele>79.75</ele></trkpt>
   <trkpt lon="10.358283" lat="52.258254"><ele>80.0</ele></trkpt>
   <trkpt lon="10.358527" lat="52.258099"><ele>80.25</ele></trkpt>
   <trkpt lon="10.358909" lat="52.257843"><ele>80.75</ele></trkpt>
   <trkpt lon="10.359337" lat="52.257563"><ele>81.0</ele></trkpt>
   <trkpt lon="10.359593" lat="52.257394"><ele>81.0</ele></trkpt>
   <trkpt lon="10.361698" lat="52.256006"><ele>81.0</ele></trkpt>
   <trkpt lon="10.361814" lat="52.255929"><ele>81.0</ele></trkpt>
   <trkpt lon="10.361881" lat="52.255886"><ele>81.0</ele></trkpt>
   <trkpt lon="10.363064" lat="52.255161"><ele>81.0</ele></trkpt>
   <trkpt lon="10.363091" lat="52.255141"><ele>81.0</ele></trkpt>
   <trkpt lon="10.363800" lat="52.254672"><ele>80.5</ele></trkpt>
   <trkpt lon="10.364546" lat="52.254185"><ele>80.25</ele></trkpt>
   <trkpt lon="10.368792" lat="52.251387"><ele>78.0</ele></trkpt>
   <trkpt lon="10.374054" lat="52.247924"><ele>74.5</ele></trkpt>
   <trkpt lon="10.388043" lat="52.238699"><ele>78.25</ele></trkpt>
   <trkpt lon="10.391377" lat="52.236502"><ele>75.0</ele></trkpt>
   <trkpt lon="10.393727" lat="52.234954"><ele>75.0</ele></trkpt>
   <trkpt lon="10.393883" lat="52.234856"><ele>75.0</ele></trkpt>
   <trkpt lon="10.394188" lat="52.234660"><ele>74.75</ele></trkpt>
   <trkpt lon="10.394305" lat="52.234584"><ele>74.75</ele></trkpt>
   <trkpt lon="10.395142" lat="52.234068"><ele>76.25</ele></trkpt>
   <trkpt lon="10.395421" lat="52.233897"><ele>76.25</ele></trkpt>
   <trkpt lon="10.396421" lat="52.233345"><ele>77.5</ele></trkpt>
   <trkpt lon="10.396526" lat="52.233288"><ele>77.0</ele></trkpt>
   <trkpt lon="10.398052" lat="52.232519"><ele>75.0</ele></trkpt>
   <trkpt lon="10.398260" lat="52.232420"><ele>75.0</ele></trkpt>
   <trkpt lon="10.399269" lat="52.231955"><ele>75.5</ele></trkpt>
   <trkpt lon="10.400482" lat="52.231441"><ele>74.5</ele></trkpt>
   <trkpt lon="10.401755" lat="52.230949"><ele>74.75</ele></trkpt>
   <trkpt lon="10.403022" lat="52.230511"><ele>76.0</ele></trkpt>
   <trkpt lon="10.404317" lat="52.230099"><ele>76.75</ele></trkpt>
   <trkpt lon="10.405354" lat="52.229798"><ele>77.0</ele></trkpt>
   <trkpt lon="10.406299" lat="52.229543"><ele>76.5</ele></trkpt>
   <trkpt lon="10.406560" lat="52.229478"><ele>76.25</ele></trkpt>
   <trkpt lon="10.406680" lat="52.229447"><ele>76.25</ele></trkpt>
   <trkpt lon="10.407513" lat="52.229243"><ele>76.0</ele></trkpt>
   <trkpt lon="10.408518" lat="52.229020"><ele>77.0</ele></trkpt>
   <trkpt lon="10.408811" lat="52.228955"><ele>77.0</ele></trkpt>
   <trkpt lon="10.409125" lat="52.228893"><ele>77.0</ele></trkpt>
   <trkpt lon="10.410445" lat="52.228627"><ele>77.0</ele></trkpt>
   <trkpt lon="10.412063" lat="52.228342"><ele>78.0</ele></trkpt>
   <trkpt lon="10.413111" lat="52.228172"><ele>77.5</ele></trkpt>
   <trkpt lon="10.413461" lat="52.228116"><ele>77.5</ele></trkpt>
   <trkpt lon="10.415129" lat="52.227884"><ele>77.25</ele></trkpt>
   <trkpt lon="10.416257" lat="52.227754"><ele>76.0</ele></trkpt>
   <trkpt lon="10.417519" lat="52.227641"><ele>75.75</ele></trkpt>
   <trkpt lon="10.418467" lat="52.227576"><ele>76.75</ele></trkpt>
   <trkpt lon="10.420036" lat="52.227522"><ele>75.75</ele></trkpt>
   <trkpt lon="10.420751" lat="52.227523"><ele>75.75</ele></trkpt>
   <trkpt lon="10.421453" lat="52.227536"><ele>76.5</ele></trkpt>
   <trkpt lon="10.421664" lat="52.227540"><ele>76.75</ele></trkpt>
   <trkpt lon="10.423116" lat="52.227616"><ele>77.0</ele></trkpt>
   <trkpt lon="10.424194" lat="52.227715"><ele>76.75</ele></trkpt>
   <trkpt lon="10.424450" lat="52.227742"><ele>76.75</ele></trkpt>
   <trkpt lon="10.424522" lat="52.227748"><ele>76.75</ele></trkpt>
   <trkpt lon="10.425535" lat="52.227845"><ele>76.75</ele></trkpt>
   <trkpt lon="10.426359" lat="52.227935"><ele>77.25</ele></trkpt>
   <trkpt lon="10.426554" lat="52.227967"><ele>77.25</ele></trkpt>
   <trkpt lon="10.427069" lat="52.228045"><ele>77.25</ele></trkpt>
   <trkpt lon="10.427287" lat="52.228081"><ele>77.0</ele></trkpt>
   <trkpt lon="10.428446" lat="52.228271"><ele>76.0</ele></trkpt>
   <trkpt lon="10.428455" lat="52.228272"><ele>76.0</ele></trkpt>
   <trkpt lon="10.428484" lat="52.228277"><ele>76.0</ele></trkpt>
   <trkpt lon="10.428503" lat="52.228280"><ele>76.0</ele></trkpt>
   <trkpt lon="10.429230" lat="52.228368"><ele>76.0</ele></trkpt>
   <trkpt lon="10.430090" lat="52.228440"><ele>76.25</ele></trkpt>
   <trkpt lon="10.430737" lat="52.228546"><ele>76.5</ele></trkpt>
   <trkpt lon="10.431726" lat="52.228702"><ele>76.25</ele></trkpt>
   <trkpt lon="10.432715" lat="52.228885"><ele>76.25</ele></trkpt>
   <trkpt lon="10.433398" lat="52.229028"><ele>76.0</ele></trkpt>
   <trkpt lon="10.434208" lat="52.229217"><ele>76.0</ele></trkpt>
   <trkpt lon="10.435189" lat="52.229475"><ele>76.5</ele></trkpt>
   <trkpt lon="10.435942" lat="52.229696"><ele>77.0</ele></trkpt>
   <trkpt lon="10.438835" lat="52.230569"><ele>77.25</ele></trkpt>
   <trkpt lon="10.439417" lat="52.230747"><ele>77.0</ele></trkpt>
   <trkpt lon="10.439477" lat="52.230765"><ele>77.0</ele></trkpt>
   <trkpt lon="10.443103" lat="52.231852"><ele>78.0</ele></trkpt>
   <trkpt lon="10.444157" lat="52.232175"><ele>78.5</ele></trkpt>
   <trkpt lon="10.444658" lat="52.232329"><ele>78.0</ele></trkpt>
   <trkpt lon="10.445728" lat="52.232659"><ele>78.25</ele></trkpt>
   <trkpt lon="10.445808" lat="52.232683"><ele>78.25</ele></trkpt>
   <trkpt lon="10.447844" lat="52.233298"><ele>79.5</ele></trkpt>
   <trkpt lon="10.449374" lat="52.233759"><ele>78.75</ele></trkpt>
   <trkpt lon="10.450298" lat="52.234039"><ele>78.75</ele></trkpt>
   <trkpt lon="10.450952" lat="52.234239"><ele>78.75</ele></trkpt>
   <trkpt lon="10.451175" lat="52.234306"><ele>78.75</ele></trkpt>
   <trkpt lon="10.452697" lat="52.234766"><ele>78.5</ele></trkpt>
   <trkpt lon="10.452914" lat="52.234831"><ele>78.5</ele></trkpt>
   <trkpt lon="10.453030" lat="52.234865"><ele>78.5</ele></trkpt>
   <trkpt lon="10.454561" lat="52.235330"><ele>79.25</ele></trkpt>
   <trkpt lon="10.454711" lat="52.235374"><ele>79.0</ele></trkpt>
   <trkpt lon="10.454763" lat="52.235390"><ele>79.0</ele></trkpt>
   <trkpt lon="10.455392" lat="52.235577"><ele>79.0</ele></trkpt>
   <trkpt lon="10.455811" lat="52.235709"><ele>78.75</ele></trkpt>
   <trkpt lon="10.457526" lat="52.236218"><ele>78.75</ele></trkpt>
   <trkpt lon="10.458494" lat="52.236498"><ele>78.25</ele></trkpt>
   <trkpt lon="10.459807" lat="52.236834"><ele>77.5</ele></trkpt>
   <trkpt lon="10.460112" lat="52.236906"><ele>77.5</ele></trkpt>
   <trkpt lon="10.461378" lat="52.237182"><ele>78.0</ele></trkpt>
   <trkpt lon="10.462169" lat="52.237341"><ele>78.0</ele></trkpt>
   <trkpt lon="10.463029" lat="52.237490"><ele>77.25</ele></trkpt>
   <trkpt lon="10.463484" lat="52.237569"><ele>76.75</ele></trkpt>
   <trkpt lon="10.464754" lat="52.237758"><ele>75.5</ele></trkpt>
   <trkpt lon="10.465651" lat="52.237871"><ele>75.25</ele></trkpt>
   <trkpt lon="10.465951" lat="52.237910"><ele>75.25</ele></trkpt>
   <trkpt lon="10.466025" lat="52.237917"><ele>75.25</ele></trkpt>
   <trkpt lon="10.467286" lat="52.238039"><ele>75.5</ele></trkpt>
   <trkpt lon="10.467920" lat="52.238090"><ele>75.5</ele></trkpt>
   <trkpt lon="10.468545" lat="52.238133"><ele>75.75</ele></trkpt>
   <trkpt lon="10.468897" lat="52.238158"><ele>75.75</ele></trkpt>
   <trkpt lon="10.469046" lat="52.238166"><ele>75.75</ele></trkpt>
   <trkpt lon="10.469839" lat="52.238202"><ele>75.0</ele></trkpt>
   <trkpt lon="10.471065" lat="52.238234"><ele>75.0</ele></trkpt>
   <trkpt lon="10.472580" lat="52.238239"><ele>76.0</ele></trkpt>
   <trkpt lon="10.472981" lat="52.238230"><ele>76.0</ele></trkpt>
   <trkpt lon="10.473863" lat="52.238206"><ele>76.0</ele></trkpt>
   <trkpt lon="10.475141" lat="52.238145"><ele>76.0</ele></trkpt>
   <trkpt lon="10.476666" lat="52.238050"><ele>75.5</ele></trkpt>
   <trkpt lon="10.477858" lat="52.237952"><ele>77.25</ele></trkpt>
   <trkpt lon="10.480242" lat="52.237730"><ele>76.25</ele></trkpt>
   <trkpt lon="10.482149" lat="52.237547"><ele>76.25</ele></trkpt>
   <trkpt lon="10.486430" lat="52.237150"><ele>76.0</ele></trkpt>
   <trkpt lon="10.487288" lat="52.237088"><ele>77.0</ele></trkpt>
   <trkpt lon="10.487614" lat="52.237072"><ele>77.75</ele></trkpt>
   <trkpt lon="10.488816" lat="52.237018"><ele>78.75</ele></trkpt>
   <trkpt lon="10.489484" lat="52.237006"><ele>77.75</ele></trkpt>
   <trkpt lon="10.490736" lat="52.237009"><ele>77.0</ele></trkpt>
   <trkpt lon="10.491540" lat="52.237034"><ele>77.0</ele></trkpt>
   <trkpt lon="10.492355" lat="52.237077"><ele>77.0</ele></trkpt>
   <trkpt lon="10.493294" lat="52.237143"><ele>76.5</ele></trkpt>
   <trkpt lon="10.493943" lat="52.237205"><ele>77.5</ele></trkpt>
   <trkpt lon="10.494837" lat="52.237303"><ele>78.75</ele></trkpt>
   <trkpt lon="10.495324" lat="52.237366"><ele>79.0</ele></trkpt>
   <trkpt lon="10.496296" lat="52.237509"><ele>79.0</ele></trkpt>
   <trkpt lon="10.500223" lat="52.238185"><ele>77.5</ele></trkpt>
   <trkpt lon="10.500420" lat="52.238220"><ele>77.5</ele></trkpt>
   <trkpt lon="10.500502" lat="52.238234"><ele>77.5</ele></trkpt>
   <trkpt lon="10.500583" lat="52.238248"><ele>77.5</ele></trkpt>
   <trkpt lon="10.500804" lat="52.238286"><ele>77.25</ele></trkpt>
   <trkpt lon="10.501813" lat="52.238458"><ele>77.5</ele></trkpt>
   <trkpt lon="10.502131" lat="52.238522"><ele>76.5</ele></trkpt>
   <trkpt lon="10.502449" lat="52.238586"><ele>76.5</ele></trkpt>
   <trkpt lon="10.503265" lat="52.238770"><ele>75.5</ele></trkpt>
   <trkpt lon="10.503680" lat="52.238875"><ele>75.5</ele></trkpt>
   <trkpt lon="10.504292" lat="52.239046"><ele>76.0</ele></trkpt>
   <trkpt lon="10.507347" lat="52.239930"><ele>77.0</ele></trkpt>
   <trkpt lon="10.507652" lat="52.240017"><ele>77.0</ele></trkpt>
   <trkpt lon="10.508718" lat="52.240321"><ele>77.0</ele></trkpt>
   <trkpt lon="10.508797" lat="52.240343"><ele>76.75</ele></trkpt>
   <trkpt lon="10.509360" lat="52.240507"><ele>76.75</ele></trkpt>
   <trkpt lon="10.509548" lat="52.240561"><ele>77.0</ele></trkpt>
   <trkpt lon="10.510020" lat="52.240697"><ele>77.75</ele></trkpt>
   <trkpt lon="10.512035" lat="52.241291"><ele>78.5</ele></trkpt>
   <trkpt lon="10.513291" lat="52.241698"><ele>80.75</ele></trkpt>
   <trkpt lon="10.513830" lat="52.241902"><ele>80.0</ele></trkpt>
   <trkpt lon="10.514387" lat="52.242139"><ele>79.5</ele></trkpt>
   <trkpt lon="10.514927" lat="52.242390"><ele>79.75</ele></trkpt>
   <trkpt lon="10.516897" lat="52.243420"><ele>79.5</ele></trkpt>
   <trkpt lon="10.517475" lat="52.243693"><ele>78.25</ele></trkpt>
   <trkpt lon="10.517739" lat="52.243811"><ele>77.75</ele></trkpt>
   <trkpt lon="10.518330" lat="52.244052"><ele>77.25</ele></trkpt>
   <trkpt lon="10.518984" lat="52.244277"><ele>76.25</ele></trkpt>
   <trkpt lon="10.519184" lat="52.244340"><ele>76.0</ele></trkpt>
   <trkpt lon="10.519892" lat="52.244536"><ele>75.75</ele></trkpt>
   <trkpt lon="10.520675" lat="52.244718"><ele>76.25</ele></trkpt>
   <trkpt lon="10.521309" lat="52.244831"><ele>77.0</ele></trkpt>
   <trkpt lon="10.521555" lat="52.244868"><ele>77.25</ele></trkpt>
   <trkpt lon="10.522281" lat="52.244963"><ele>78.25</ele></trkpt>
   <trkpt lon="10.522833" lat="52.245012"><ele>79.25</ele></trkpt>
   <trkpt lon="10.524404" lat="52.245131"><ele>79.25</ele></trkpt>
   <trkpt lon="10.524581" lat="52.245145"><ele>79.5</ele></trkpt>
   <trkpt lon="10.525684" lat="52.245226"><ele>79.5</ele></trkpt>
   <trkpt lon="10.526523" lat="52.245290"><ele>79.5</ele></trkpt>
   <trkpt lon="10.527059" lat="52.245345"><ele>79.5</ele></trkpt>
   <trkpt lon="10.527307" lat="52.245378"><ele>79.5</ele></trkpt>
   <trkpt lon="10.527670" lat="52.245427"><ele>79.5</ele></trkpt>
   <trkpt lon="10.528259" lat="52.245526"><ele>79.75</ele></trkpt>
   <trkpt lon="10.528290" lat="52.245532"><ele>79.75</ele></trkpt>
   <trkpt lon="10.528725" lat="52.245617"><ele>80.0</ele></trkpt>
   <trkpt lon="10.528949" lat="52.245668"><ele>80.25</ele></trkpt>
   <trkpt lon="10.529090" lat="52.245700"><ele>80.25</ele></trkpt>
   <trkpt lon="10.529568" lat="52.245815"><ele>81.5</ele></trkpt>
   <trkpt lon="10.529961" lat="52.245918"><ele>82.25</ele></trkpt>
   <trkpt lon="10.530132" lat="52.245970"><ele>82.25</ele></trkpt>
   <trkpt lon="10.530786" lat="52.246169"><ele>81.25</ele></trkpt>
   <trkpt lon="10.531223" lat="52.246321"><ele>81.0</ele></trkpt>
   <trkpt lon="10.531475" lat="52.246416"><ele>80.75</ele></trkpt>
   <trkpt lon="10.531727" lat="52.246511"><ele>80.75</ele></trkpt>
   <trkpt lon="10.532571" lat="52.246869"><ele>79.75</ele></trkpt>
   <trkpt lon="10.532666" lat="52.246917"><ele>79.75</ele></trkpt>
   <trkpt lon="10.532673" lat="52.246921"><ele>79.75</ele></trkpt>
   <trkpt lon="10.532790" lat="52.246980"><ele>79.5</ele></trkpt>
   <trkpt lon="10.533204" lat="52.247199"><ele>79.0</ele></trkpt>
   <trkpt lon="10.533832" lat="52.247551"><ele>78.75</ele></trkpt>
   <trkpt lon="10.534243" lat="52.247877"><ele>78.5</ele></trkpt>
   <trkpt lon="10.534746" lat="52.248217"><ele>78.5</ele></trkpt>
   <trkpt lon="10.534970" lat="52.248352"><ele>78.75</ele></trkpt>
   <trkpt lon="10.535242" lat="52.248533"><ele>78.5</ele></trkpt>
   <trkpt lon="10.536401" lat="52.249292"><ele>78.75</ele></trkpt>
   <trkpt lon="10.536440" lat="52.249316"><ele>78.75</ele></trkpt>
   <trkpt lon="10.536451" lat="52.249323"><ele>78.75</ele></trkpt>
   <trkpt lon="10.536489" lat="52.249348"><ele>79.0</ele></trkpt>
   <trkpt lon="10.537388" lat="52.249856"><ele>79.0</ele></trkpt>
   <trkpt lon="10.538026" lat="52.250188"><ele>78.5</ele></trkpt>
   <trkpt lon="10.538538" lat="52.250499"><ele>78.5</ele></trkpt>
   <trkpt lon="10.538703" lat="52.250607"><ele>78.75</ele></trkpt>
   <trkpt lon="10.538777" lat="52.250655"><ele>78.75</ele></trkpt>
   <trkpt lon="10.539766" lat="52.251301"><ele>78.5</ele></trkpt>
   <trkpt lon="10.540089" lat="52.251515"><ele>78.75</ele></trkpt>
   <trkpt lon="10.540207" lat="52.251592"><ele>78.75</ele></trkpt>
   <trkpt lon="10.540728" lat="52.251937"><ele>79.5</ele></trkpt>
   <trkpt lon="10.541241" lat="52.252265"><ele>79.75</ele></trkpt>
   <trkpt lon="10.541455" lat="52.252406"><ele>80.0</ele></trkpt>
   <trkpt lon="10.541991" lat="52.252754"><ele>80.0</ele></trkpt>
   <trkpt lon="10.542528" lat="52.253127"><ele>79.75</ele></trkpt>
   <trkpt lon="10.542563" lat="52.253154"><ele>79.75</ele></trkpt>
   <trkpt lon="10.543465" lat="52.253844"><ele>79.75</ele></trkpt>
   <trkpt lon="10.544035" lat="52.254259"><ele>79.25</ele></trkpt>
   <trkpt lon="10.544636" lat="52.254630"><ele>79.0</ele></trkpt>
   <trkpt lon="10.545540" lat="52.255247"><ele>80.0</ele></trkpt>
   <trkpt lon="10.546052" lat="52.255567"><ele>79.75</ele></trkpt>
   <trkpt lon="10.546165" lat="52.255635"><ele>79.75</ele></trkpt>
   <trkpt lon="10.546215" lat="52.255666"><ele>79.75</ele></trkpt>
   <trkpt lon="10.547240" lat="52.256234"><ele>79.5</ele></trkpt>
   <trkpt lon="10.547314" lat="52.256278"><ele>79.25</ele></trkpt>
   <trkpt lon="10.547700" lat="52.256500"><ele>79.0</ele></trkpt>
   <trkpt lon="10.547799" lat="52.256552"><ele>79.0</ele></trkpt>
   <trkpt lon="10.548150" lat="52.256736"><ele>79.0</ele></trkpt>
   <trkpt lon="10.548232" lat="52.256779"><ele>79.0</ele></trkpt>
   <trkpt lon="10.548977" lat="52.257130"><ele>81.0</ele></trkpt>
   <trkpt lon="10.550809" lat="52.257874"><ele>82.5</ele></trkpt>
   <trkpt lon="10.552116" lat="52.258391"><ele>82.75</ele></trkpt>
   <trkpt lon="10.552926" lat="52.258690"><ele>83.5</ele></trkpt>
   <trkpt lon="10.553462" lat="52.258869"><ele>83.5</ele></trkpt>
   <trkpt lon="10.553867" lat="52.258993"><ele>83.25</ele></trkpt>
   <trkpt lon="10.554890" lat="52.259264"><ele>83.5</ele></trkpt>
   <trkpt lon="10.555665" lat="52.259437"><ele>83.75</ele></trkpt>
   <trkpt lon="10.556235" lat="52.259530"><ele>84.25</ele></trkpt>
   <trkpt lon="10.556807" lat="52.259624"><ele>84.25</ele></trkpt>
   <trkpt lon="10.557947" lat="52.259773"><ele>83.75</ele></trkpt>
   <trkpt lon="10.559085" lat="52.259894"><ele>83.25</ele></trkpt>
   <trkpt lon="10.560309" lat="52.259990"><ele>81.5</ele></trkpt>
   <trkpt lon="10.561585" lat="52.260058"><ele>80.0</ele></trkpt>
   <trkpt lon="10.563050" lat="52.260120"><ele>79.25</ele></trkpt>
   <trkpt lon="10.564432" lat="52.260179"><ele>79.0</ele></trkpt>
   <trkpt lon="10.565420" lat="52.260235"><ele>79.0</ele></trkpt>
   <trkpt lon="10.565578" lat="52.260247"><ele>79.0</ele></trkpt>
   <trkpt lon="10.565947" lat="52.260273"><ele>79.0</ele></trkpt>
   <trkpt lon="10.566361" lat="52.260307"><ele>79.0</ele></trkpt>
   <trkpt lon="10.567294" lat="52.260379"><ele>79.75</ele></trkpt>
   <trkpt lon="10.568095" lat="52.260442"><ele>81.0</ele></trkpt>
   <trkpt lon="10.568665" lat="52.260482"><ele>81.25</ele></trkpt>
   <trkpt lon="10.568925" lat="52.260499"><ele>81.25</ele></trkpt>
   <trkpt lon="10.569610" lat="52.260534"><ele>81.0</ele></trkpt>
   <trkpt lon="10.571104" lat="52.260595"><ele>80.5</ele></trkpt>
   <trkpt lon="10.571168" lat="52.260598"><ele>80.25</ele></trkpt>
   <trkpt lon="10.572032" lat="52.260633"><ele>80.0</ele></trkpt>
   <trkpt lon="10.572050" lat="52.260633"><ele>80.0</ele></trkpt>
   <trkpt lon="10.572067" lat="52.260634"><ele>80.0</ele></trkpt>
   <trkpt lon="10.572105" lat="52.260636"><ele>80.0</ele></trkpt>
   <trkpt lon="10.572777" lat="52.260664"><ele>80.5</ele></trkpt>
   <trkpt lon="10.574632" lat="52.260740"><ele>81.25</ele></trkpt>
   <trkpt lon="10.574662" lat="52.260742"><ele>81.25</ele></trkpt>
   <trkpt lon="10.576667" lat="52.260825"><ele>82.0</ele></trkpt>
   <trkpt lon="10.577360" lat="52.260857"><ele>81.75</ele></trkpt>
   <trkpt lon="10.578646" lat="52.260912"><ele>79.75</ele></trkpt>
   <trkpt lon="10.578750" lat="52.260917"><ele>79.75</ele></trkpt>
   <trkpt lon="10.582962" lat="52.261078"><ele>77.0</ele></trkpt>
   <trkpt lon="10.583196" lat="52.261089"><ele>76.75</ele></trkpt>
   <trkpt lon="10.583435" lat="52.261100"><ele>77.0</ele></trkpt>
   <trkpt lon="10.586602" lat="52.261222"><ele>81.75</ele></trkpt>
   <trkpt lon="10.587319" lat="52.261255"><ele>82.0</ele></trkpt>
   <trkpt lon="10.587618" lat="52.261269"><ele>82.0</ele></trkpt>
   <trkpt lon="10.587754" lat="52.261274"><ele>82.0</ele></trkpt>
   <trkpt lon="10.588044" lat="52.261287"><ele>82.0</ele></trkpt>
   <trkpt lon="10.588673" lat="52.261316"><ele>82.5</ele></trkpt>
   <trkpt lon="10.589584" lat="52.261369"><ele>84.5</ele></trkpt>
   <trkpt lon="10.590090" lat="52.261411"><ele>85.75</ele></trkpt>
   <trkpt lon="10.590771" lat="52.261480"><ele>87.0</ele></trkpt>
   <trkpt lon="10.590809" lat="52.261485"><ele>87.0</ele></trkpt>
   <trkpt lon="10.591119" lat="52.261522"><ele>88.0</ele></trkpt>
   <trkpt lon="10.591431" lat="52.261560"><ele>88.0</ele></trkpt>
   <trkpt lon="10.592210" lat="52.261679"><ele>88.25</ele></trkpt>
   <trkpt lon="10.592672" lat="52.261759"><ele>88.25</ele></trkpt>
   <trkpt lon="10.593308" lat="52.261882"><ele>88.5</ele></trkpt>
   <trkpt lon="10.593937" lat="52.262017"><ele>89.0</ele></trkpt>
   <trkpt lon="10.594739" lat="52.262201"><ele>90.0</ele></trkpt>
   <trkpt lon="10.596403" lat="52.262600"><ele>91.0</ele></trkpt>
   <trkpt lon="10.596482" lat="52.262619"><ele>91.0</ele></trkpt>
   <trkpt lon="10.596751" lat="52.262683"><ele>91.5</ele></trkpt>
   <trkpt lon="10.597596" lat="52.262886"><ele>94.5</ele></trkpt>
   <trkpt lon="10.597738" lat="52.262921"><ele>94.75</ele></trkpt>
   <trkpt lon="10.598068" lat="52.263000"><ele>95.0</ele></trkpt>
   <trkpt lon="10.601985" lat="52.263942"><ele>95.25</ele></trkpt>
   <trkpt lon="10.601986" lat="52.263942"><ele>95.25</ele></trkpt>
   <trkpt lon="10.606657" lat="52.265065"><ele>87.75</ele></trkpt>
   <trkpt lon="10.606798" lat="52.265098"><ele>87.0</ele></trkpt>
   <trkpt lon="10.606908" lat="52.265125"><ele>86.5</ele></trkpt>
   <trkpt lon="10.609644" lat="52.265780"><ele>81.5</ele></trkpt>
   <trkpt lon="10.612130" lat="52.266382"><ele>81.5</ele></trkpt>
   <trkpt lon="10.617146" lat="52.267583"><ele>85.75</ele></trkpt>
   <trkpt lon="10.618507" lat="52.267916"><ele>82.25</ele></trkpt>
   <trkpt lon="10.620006" lat="52.268271"><ele>81.75</ele></trkpt>
   <trkpt lon="10.621787" lat="52.268702"><ele>85.0</ele></trkpt>
   <trkpt lon="10.622374" lat="52.268843"><ele>85.0</ele></trkpt>
   <trkpt lon="10.623735" lat="52.269154"><ele>85.0</ele></trkpt>
   <trkpt lon="10.624314" lat="52.269271"><ele>85.25</ele></trkpt>
   <trkpt lon="10.624728" lat="52.269347"><ele>86.0</ele></trkpt>
   <trkpt lon="10.625251" lat="52.269438"><ele>86.5</ele></trkpt>
   <trkpt lon="10.626922" lat="52.269676"><ele>89.0</ele></trkpt>
   <trkpt lon="10.627749" lat="52.269768"><ele>89.5</ele></trkpt>
   <trkpt lon="10.628389" lat="52.269823"><ele>89.5</ele></trkpt>
   <trkpt lon="10.629030" lat="52.269880"><ele>89.5</ele></trkpt>
   <trkpt lon="10.629518" lat="52.269912"><ele>89.25</ele></trkpt>
   <trkpt lon="10.630416" lat="52.269959"><ele>88.75</ele></trkpt>
   <trkpt lon="10.630904" lat="52.269977"><ele>88.75</ele></trkpt>
   <trkpt lon="10.631774" lat="52.269994"><ele>88.75</ele></trkpt>
   <trkpt lon="10.632419" lat="52.269995"><ele>88.75</ele></trkpt>
   <trkpt lon="10.632743" lat="52.269996"><ele>89.25</ele></trkpt>
   <trkpt lon="10.633607" lat="52.269979"><ele>89.75</ele></trkpt>
   <trkpt lon="10.634568" lat="52.269941"><ele>89.5</ele></trkpt>
   <trkpt lon="10.635522" lat="52.269883"><ele>89.25</ele></trkpt>
   <trkpt lon="10.636468" lat="52.269801"><ele>88.75</ele></trkpt>
   <trkpt lon="10.636681" lat="52.269779"><ele>88.75</ele></trkpt>
   <trkpt lon="10.636706" lat="52.269777"><ele>88.75</ele></trkpt>
   <trkpt lon="10.641414" lat="52.269249"><ele>91.5</ele></trkpt>
   <trkpt lon="10.647573" lat="52.268547"><ele>87.5</ele></trkpt>
   <trkpt lon="10.651284" lat="52.268130"><ele>89.5</ele></trkpt>
   <trkpt lon="10.651734" lat="52.268078"><ele>90.0</ele></trkpt>
   <trkpt lon="10.654756" lat="52.267734"><ele>96.5</ele></trkpt>
   <trkpt lon="10.654885" lat="52.267720"><ele>97.0</ele></trkpt>
   <trkpt lon="10.655101" lat="52.267697"><ele>97.75</ele></trkpt>
   <trkpt lon="10.655268" lat="52.267677"><ele>98.5</ele></trkpt>
   <trkpt lon="10.657507" lat="52.267415"><ele>104.75</ele></trkpt>
   <trkpt lon="10.667693" lat="52.266271"><ele>105.75</ele></trkpt>
   <trkpt lon="10.668373" lat="52.266192"><ele>106.5</ele></trkpt>
   <trkpt lon="10.669325" lat="52.266085"><ele>106.75</ele></trkpt>
   <trkpt lon="10.670132" lat="52.266008"><ele>106.25</ele></trkpt>
   <trkpt lon="10.670767" lat="52.265960"><ele>106.25</ele></trkpt>
   <trkpt lon="10.671550" lat="52.265933"><ele>107.0</ele></trkpt>
   <trkpt lon="10.672440" lat="52.265942"><ele>106.25</ele></trkpt>
   <trkpt lon="10.672738" lat="52.265946"><ele>106.25</ele></trkpt>
   <trkpt lon="10.673133" lat="52.265971"><ele>105.75</ele></trkpt>
   <trkpt lon="10.673534" lat="52.265996"><ele>105.75</ele></trkpt>
   <trkpt lon="10.673854" lat="52.266017"><ele>106.0</ele></trkpt>
   <trkpt lon="10.674511" lat="52.266077"><ele>107.0</ele></trkpt>
   <trkpt lon="10.675577" lat="52.266174"><ele>107.75</ele></trkpt>
   <trkpt lon="10.675655" lat="52.266180"><ele>107.75</ele></trkpt>
   <trkpt lon="10.675749" lat="52.266189"><ele>107.75</ele></trkpt>
   <trkpt lon="10.676835" lat="52.266252"><ele>106.5</ele></trkpt>
   <trkpt lon="10.677476" lat="52.266305"><ele>105.5</ele></trkpt>
   <trkpt lon="10.682401" lat="52.266864"><ele>101.0</ele></trkpt>
   <trkpt lon="10.684175" lat="52.267042"><ele>100.75</ele></trkpt>
   <trkpt lon="10.685412" lat="52.267178"><ele>100.5</ele></trkpt>
   <trkpt lon="10.687516" lat="52.267419"><ele>100.0</ele></trkpt>
   <trkpt lon="10.687714" lat="52.267451"><ele>100.0</ele></trkpt>
   <trkpt lon="10.687969" lat="52.267494"><ele>100.5</ele></trkpt>
   <trkpt lon="10.688268" lat="52.267551"><ele>100.75</ele></trkpt>
   <trkpt lon="10.688560" lat="52.267612"><ele>101.0</ele></trkpt>
   <trkpt lon="10.689057" lat="52.267714"><ele>101.0</ele></trkpt>
   <trkpt lon="10.689383" lat="52.267771"><ele>101.5</ele></trkpt>
   <trkpt lon="10.689526" lat="52.267794"><ele>101.75</ele></trkpt>
   <trkpt lon="10.690539" lat="52.267951"><ele>103.0</ele></trkpt>
   <trkpt lon="10.691656" lat="52.268128"><ele>102.5</ele></trkpt>
   <trkpt lon="10.692223" lat="52.268234"><ele>102.75</ele></trkpt>
   <trkpt lon="10.692865" lat="52.268363"><ele>102.5</ele></trkpt>
   <trkpt lon="10.693091" lat="52.268410"><ele>102.25</ele></trkpt>
   <trkpt lon="10.693254" lat="52.268449"><ele>102.0</ele></trkpt>
   <trkpt lon="10.693391" lat="52.268481"><ele>102.0</ele></trkpt>
   <trkpt lon="10.693817" lat="52.268580"><ele>102.0</ele></trkpt>
   <trkpt lon="10.696169" lat="52.269171"><ele>102.0</ele></trkpt>
   <trkpt lon="10.699272" lat="52.269959"><ele>105.0</ele></trkpt>
   <trkpt lon="10.701239" lat="52.270455"><ele>105.5</ele></trkpt>
   <trkpt lon="10.707256" lat="52.271982"><ele>104.0</ele></trkpt>
   <trkpt lon="10.709692" lat="52.272599"><ele>104.5</ele></trkpt>
   <trkpt lon="10.711321" lat="52.273014"><ele>105.75</ele></trkpt>
   <trkpt lon="10.712982" lat="52.273410"><ele>108.0</ele></trkpt>
   <trkpt lon="10.714263" lat="52.273674"><ele>107.75</ele></trkpt>
   <trkpt lon="10.715668" lat="52.273926"><ele>109.0</ele></trkpt>
   <trkpt lon="10.717329" lat="52.274177"><ele>109.75</ele></trkpt>
   <trkpt lon="10.718092" lat="52.274268"><ele>110.0</ele></trkpt>
   <trkpt lon="10.718885" lat="52.274352"><ele>109.5</ele></trkpt>
   <trkpt lon="10.719695" lat="52.274427"><ele>108.75</ele></trkpt>
   <trkpt lon="10.719983" lat="52.274450"><ele>108.25</ele></trkpt>
   <trkpt lon="10.720310" lat="52.274473"><ele>107.75</ele></trkpt>
   <trkpt lon="10.720804" lat="52.274509"><ele>107.25</ele></trkpt>
   <trkpt lon="10.721574" lat="52.274550"><ele>106.0</ele></trkpt>
   <trkpt lon="10.722472" lat="52.274587"><ele>107.75</ele></trkpt>
   <trkpt lon="10.723754" lat="52.274615"><ele>112.0</ele></trkpt>
   <trkpt lon="10.725329" lat="52.274621"><ele>117.5</ele></trkpt>
   <trkpt lon="10.726274" lat="52.274602"><ele>120.25</ele></trkpt>
   <trkpt lon="10.727786" lat="52.274535"><ele>115.75</ele></trkpt>
   <trkpt lon="10.728280" lat="52.274501"><ele>111.5</ele></trkpt>
   <trkpt lon="10.728774" lat="52.274467"><ele>111.5</ele></trkpt>
   <trkpt lon="10.730103" lat="52.274343"><ele>109.75</ele></trkpt>
   <trkpt lon="10.731214" lat="52.274216"><ele>116.0</ele></trkpt>
   <trkpt lon="10.733057" lat="52.273952"><ele>123.0</ele></trkpt>
   <trkpt lon="10.734173" lat="52.273757"><ele>124.25</ele></trkpt>
   <trkpt lon="10.736183" lat="52.273347"><ele>118.25</ele></trkpt>
   <trkpt lon="10.741006" lat="52.272324"><ele>105.0</ele></trkpt>
   <trkpt lon="10.743608" lat="52.271778"><ele>105.0</ele></trkpt>
   <trkpt lon="10.746508" lat="52.271157"><ele>106.5</ele></trkpt>
   <trkpt lon="10.749567" lat="52.270513"><ele>106.5</ele></trkpt>
   <trkpt lon="10.749732" lat="52.270477"><ele>106.5</ele></trkpt>
   <trkpt lon="10.749907" lat="52.270440"><ele>106.5</ele></trkpt>
   <trkpt lon="10.750119" lat="52.270394"><ele>106.5</ele></trkpt>
   <trkpt lon="10.756879" lat="52.268959"><ele>108.0</ele></trkpt>
   <trkpt lon="10.763746" lat="52.267505"><ele>110.75</ele></trkpt>
   <trkpt lon="10.778218" lat="52.264430"><ele>110.5</ele></trkpt>
   <trkpt lon="10.780025" lat="52.264080"><ele>111.0</ele></trkpt>
   <trkpt lon="10.780268" lat="52.264037"><ele>111.0</ele></trkpt>
   <trkpt lon="10.781035" lat="52.263906"><ele>111.5</ele></trkpt>
   <trkpt lon="10.781722" lat="52.263802"><ele>112.75</ele></trkpt>
   <trkpt lon="10.782660" lat="52.263666"><ele>114.0</ele></trkpt>
   <trkpt lon="10.785059" lat="52.263364"><ele>117.0</ele></trkpt>
   <trkpt lon="10.785225" lat="52.263344"><ele>117.25</ele></trkpt>
   <trkpt lon="10.785357" lat="52.263327"><ele>117.25</ele></trkpt>
   <trkpt lon="10.786053" lat="52.263237"><ele>118.75</ele></trkpt>
   <trkpt lon="10.793324" lat="52.262319"><ele>120.75</ele></trkpt>
   <trkpt lon="10.795225" lat="52.262070"><ele>119.25</ele></trkpt>
   <trkpt lon="10.796186" lat="52.261926"><ele>118.75</ele></trkpt>
   <trkpt lon="10.797379" lat="52.261724"><ele>118.75</ele></trkpt>
   <trkpt lon="10.797997" lat="52.261606"><ele>118.5</ele></trkpt>
   <trkpt lon="10.798582" lat="52.261486"><ele>118.25</ele></trkpt>
   <trkpt lon="10.799320" lat="52.261325"><ele>119.0</ele></trkpt>
   <trkpt lon="10.799888" lat="52.261194"><ele>120.0</ele></trkpt>
   <trkpt lon="10.800200" lat="52.261115"><ele>120.0</ele></trkpt>
   <trkpt lon="10.801102" lat="52.260885"><ele>121.0</ele></trkpt>
   <trkpt lon="10.802103" lat="52.260605"><ele>121.0</ele></trkpt>
   <trkpt lon="10.802934" lat="52.260354"><ele>120.5</ele></trkpt>
   <trkpt lon="10.803558" lat="52.260153"><ele>120.5</ele></trkpt>
   <trkpt lon="10.803603" lat="52.260138"><ele>120.5</ele></trkpt>
   <trkpt lon="10.804067" lat="52.259998"><ele>120.0</ele></trkpt>
   <trkpt lon="10.804393" lat="52.259910"><ele>119.5</ele></trkpt>
   <trkpt lon="10.804502" lat="52.259881"><ele>119.5</ele></trkpt>
   <trkpt lon="10.804854" lat="52.259769"><ele>119.25</ele></trkpt>
   <trkpt lon="10.805018" lat="52.259712"><ele>119.25</ele></trkpt>
   <trkpt lon="10.805653" lat="52.259491"><ele>120.25</ele></trkpt>
   <trkpt lon="10.807763" lat="52.258797"><ele>120.25</ele></trkpt>
   <trkpt lon="10.808690" lat="52.258484"><ele>120.25</ele></trkpt>
   <trkpt lon="10.811659" lat="52.257483"><ele>122.0</ele></trkpt>
   <trkpt lon="10.812737" lat="52.257119"><ele>121.75</ele></trkpt>
   <trkpt lon="10.812996" lat="52.257032"><ele>121.75</ele></trkpt>
   <trkpt lon="10.817665" lat="52.255466"><ele>123.75</ele></trkpt>
   <trkpt lon="10.817703" lat="52.255453"><ele>123.75</ele></trkpt>
   <trkpt lon="10.818580" lat="52.255157"><ele>124.5</ele></trkpt>
   <trkpt lon="10.818999" lat="52.255020"><ele>125.5</ele></trkpt>
   <trkpt lon="10.819898" lat="52.254710"><ele>127.75</ele></trkpt>
   <trkpt lon="10.824680" lat="52.253108"><ele>123.0</ele></trkpt>
   <trkpt lon="10.825453" lat="52.252843"><ele>123.25</ele></trkpt>
   <trkpt lon="10.826479" lat="52.252501"><ele>122.25</ele></trkpt>
   <trkpt lon="10.826573" lat="52.252469"><ele>122.25</ele></trkpt>
   <trkpt lon="10.829661" lat="52.251433"><ele>125.0</ele></trkpt>
   <trkpt lon="10.830844" lat="52.251019"><ele>126.0</ele></trkpt>
   <trkpt lon="10.831314" lat="52.250830"><ele>126.25</ele></trkpt>
   <trkpt lon="10.831815" lat="52.250617"><ele>127.0</ele></trkpt>
   <trkpt lon="10.832074" lat="52.250495"><ele>127.5</ele></trkpt>
   <trkpt lon="10.832333" lat="52.250373"><ele>127.5</ele></trkpt>
   <trkpt lon="10.832759" lat="52.250142"><ele>127.75</ele></trkpt>
   <trkpt lon="10.833191" lat="52.249887"><ele>127.5</ele></trkpt>
   <trkpt lon="10.833583" lat="52.249646"><ele>127.5</ele></trkpt>
   <trkpt lon="10.833993" lat="52.249360"><ele>127.75</ele></trkpt>
   <trkpt lon="10.834382" lat="52.249078"><ele>127.5</ele></trkpt>
   <trkpt lon="10.835337" lat="52.248349"><ele>126.0</ele></trkpt>
   <trkpt lon="10.836093" lat="52.247761"><ele>123.5</ele></trkpt>
   <trkpt lon="10.836808" lat="52.247216"><ele>121.0</ele></trkpt>
   <trkpt lon="10.838083" lat="52.246236"><ele>120.0</ele></trkpt>
   <trkpt lon="10.840961" lat="52.244023"><ele>125.25</ele></trkpt>
   <trkpt lon="10.843231" lat="52.242302"><ele>125.25</ele></trkpt>
   <trkpt lon="10.843844" lat="52.241789"><ele>125.0</ele></trkpt>
   <trkpt lon="10.844469" lat="52.241254"><ele>124.75</ele></trkpt>
   <trkpt lon="10.846688" lat="52.239174"><ele>123.75</ele></trkpt>
   <trkpt lon="10.849787" lat="52.236232"><ele>124.5</ele></trkpt>
   <trkpt lon="10.851627" lat="52.234514"><ele>125.5</ele></trkpt>
   <trkpt lon="10.851966" lat="52.234223"><ele>125.0</ele></trkpt>
   <trkpt lon="10.852191" lat="52.234043"><ele>124.75</ele></trkpt>
   <trkpt lon="10.852844" lat="52.233561"><ele>124.5</ele></trkpt>
   <trkpt lon="10.853615" lat="52.233085"><ele>124.75</ele></trkpt>
   <trkpt lon="10.854302" lat="52.232732"><ele>125.5</ele></trkpt>
   <trkpt lon="10.855113" lat="52.232359"><ele>126.0</ele></trkpt>
   <trkpt lon="10.855777" lat="52.232099"><ele>126.25</ele></trkpt>
   <trkpt lon="10.855999" lat="52.232013"><ele>126.25</ele></trkpt>
   <trkpt lon="10.856923" lat="52.231695"><ele>126.75</ele></trkpt>
   <trkpt lon="10.860630" lat="52.230528"><ele>133.25</ele></trkpt>
   <trkpt lon="10.864958" lat="52.229169"><ele>133.75</ele></trkpt>
   <trkpt lon="10.874164" lat="52.226277"><ele>123.0</ele></trkpt>
   <trkpt lon="10.876563" lat="52.225527"><ele>120.75</ele></trkpt>
   <trkpt lon="10.878707" lat="52.224852"><ele>119.5</ele></trkpt>
   <trkpt lon="10.879787" lat="52.224499"><ele>119.75</ele></trkpt>
   <trkpt lon="10.881724" lat="52.223797"><ele>120.5</ele></trkpt>
   <trkpt lon="10.886892" lat="52.221887"><ele>116.75</ele></trkpt>
   <trkpt lon="10.890004" lat="52.220737"><ele>113.75</ele></trkpt>
   <trkpt lon="10.890102" lat="52.220703"><ele>114.0</ele></trkpt>
   <trkpt lon="10.891242" lat="52.220279"><ele>116.25</ele></trkpt>
   <trkpt lon="10.893876" lat="52.219305"><ele>119.25</ele></trkpt>
   <trkpt lon="10.899402" lat="52.217400"><ele>121.25</ele></trkpt>
   <trkpt lon="10.903048" lat="52.216164"><ele>117.75</ele></trkpt>
   <trkpt lon="10.903999" lat="52.215841"><ele>117.75</ele></trkpt>
   <trkpt lon="10.904174" lat="52.215784"><ele>118.0</ele></trkpt>
   <trkpt lon="10.905167" lat="52.215491"><ele>119.0</ele></trkpt>
   <trkpt lon="10.906497" lat="52.215047"><ele>119.0</ele></trkpt>
   <trkpt lon="10.906613" lat="52.215006"><ele>119.0</ele></trkpt>
   <trkpt lon="10.906648" lat="52.214995"><ele>118.75</ele></trkpt>
   <trkpt lon="10.907745" lat="52.214625"><ele>116.25</ele></trkpt>
   <trkpt lon="10.908669" lat="52.214308"><ele>115.0</ele></trkpt>
   <trkpt lon="10.909469" lat="52.214038"><ele>115.5</ele></trkpt>
   <trkpt lon="10.910474" lat="52.213688"><ele>115.75</ele></trkpt>
   <trkpt lon="10.911251" lat="52.213457"><ele>115.0</ele></trkpt>
   <trkpt lon="10.912139" lat="52.213236"><ele>114.75</ele></trkpt>
   <trkpt lon="10.912458" lat="52.213165"><ele>114.75</ele></trkpt>
   <trkpt lon="10.913396" lat="52.212995"><ele>113.5</ele></trkpt>
   <trkpt lon="10.914287" lat="52.212886"><ele>113.25</ele></trkpt>
   <trkpt lon="10.914792" lat="52.212847"><ele>113.0</ele></trkpt>
   <trkpt lon="10.915191" lat="52.212825"><ele>112.75</ele></trkpt>
   <trkpt lon="10.915732" lat="52.212805"><ele>112.75</ele></trkpt>
   <trkpt lon="10.916300" lat="52.212800"><ele>112.5</ele></trkpt>
   <trkpt lon="10.916401" lat="52.212798"><ele>112.25</ele></trkpt>
   <trkpt lon="10.916764" lat="52.212800"><ele>112.0</ele></trkpt>
   <trkpt lon="10.916824" lat="52.212800"><ele>112.0</ele></trkpt>
   <trkpt lon="10.918298" lat="52.212763"><ele>111.0</ele></trkpt>
   <trkpt lon="10.918418" lat="52.212763"><ele>110.75</ele></trkpt>
   <trkpt lon="10.918790" lat="52.212766"><ele>110.5</ele></trkpt>
   <trkpt lon="10.918809" lat="52.212766"><ele>110.5</ele></trkpt>
   <trkpt lon="10.919786" lat="52.212733"><ele>109.5</ele></trkpt>
   <trkpt lon="10.919930" lat="52.212734"><ele>109.5</ele></trkpt>
   <trkpt lon="10.920771" lat="52.212742"><ele>109.25</ele></trkpt>
   <trkpt lon="10.921954" lat="52.212724"><ele>108.5</ele></trkpt>
   <trkpt lon="10.923083" lat="52.212660"><ele>109.5</ele></trkpt>
   <trkpt lon="10.923554" lat="52.212616"><ele>110.25</ele></trkpt>
   <trkpt lon="10.924176" lat="52.212535"><ele>111.75</ele></trkpt>
   <trkpt lon="10.924489" lat="52.212489"><ele>113.0</ele></trkpt>
   <trkpt lon="10.924820" lat="52.212436"><ele>113.75</ele></trkpt>
   <trkpt lon="10.925243" lat="52.212359"><ele>114.75</ele></trkpt>
   <trkpt lon="10.926001" lat="52.212192"><ele>116.25</ele></trkpt>
   <trkpt lon="10.926454" lat="52.212078"><ele>117.0</ele></trkpt>
   <trkpt lon="10.926892" lat="52.211954"><ele>119.0</ele></trkpt>
   <trkpt lon="10.927450" lat="52.211775"><ele>121.75</ele></trkpt>
   <trkpt lon="10.928012" lat="52.211583"><ele>124.0</ele></trkpt>
   <trkpt lon="10.928988" lat="52.211219"><ele>125.75</ele></trkpt>
   <trkpt lon="10.930745" lat="52.210532"><ele>127.75</ele></trkpt>
   <trkpt lon="10.931832" lat="52.210110"><ele>130.25</ele></trkpt>
   <trkpt lon="10.931904" lat="52.210081"><ele>130.5</ele></trkpt>
   <trkpt lon="10.934472" lat="52.209075"><ele>137.0</ele></trkpt>
   <trkpt lon="10.935577" lat="52.208661"><ele>139.0</ele></trkpt>
   <trkpt lon="10.936237" lat="52.208448"><ele>140.25</ele></trkpt>
   <trkpt lon="10.936671" lat="52.208326"><ele>141.0</ele></trkpt>
   <trkpt lon="10.937109" lat="52.208217"><ele>141.75</ele></trkpt>
   <trkpt lon="10.937634" lat="52.208109"><ele>142.5</ele></trkpt>
   <trkpt lon="10.937943" lat="52.208053"><ele>143.0</ele></trkpt>
   <trkpt lon="10.938047" lat="52.208035"><ele>143.0</ele></trkpt>
   <trkpt lon="10.938617" lat="52.207953"><ele>143.25</ele></trkpt>
   <trkpt lon="10.939490" lat="52.207872"><ele>143.5</ele></trkpt>
   <trkpt lon="10.940181" lat="52.207845"><ele>143.0</ele></trkpt>
   <trkpt lon="10.940304" lat="52.207841"><ele>142.5</ele></trkpt>
   <trkpt lon="10.940945" lat="52.207840"><ele>140.5</ele></trkpt>
   <trkpt lon="10.941587" lat="52.207870"><ele>138.0</ele></trkpt>
   <trkpt lon="10.942383" lat="52.207942"><ele>135.5</ele></trkpt>
   <trkpt lon="10.943240" lat="52.208051"><ele>132.75</ele></trkpt>
   <trkpt lon="10.943617" lat="52.208105"><ele>133.0</ele></trkpt>
   <trkpt lon="10.944439" lat="52.208224"><ele>134.0</ele></trkpt>
   <trkpt lon="10.954977" lat="52.209730"><ele>150.25</ele></trkpt>
   <trkpt lon="10.957123" lat="52.210044"><ele>147.5</ele></trkpt>
   <trkpt lon="10.957386" lat="52.210089"><ele>147.75</ele></trkpt>
   <trkpt lon="10.958148" lat="52.210220"><ele>148.25</ele></trkpt>
   <trkpt lon="10.959087" lat="52.210403"><ele>147.5</ele></trkpt>
   <trkpt lon="10.959988" lat="52.210598"><ele>145.75</ele></trkpt>
   <trkpt lon="10.960053" lat="52.210613"><ele>145.75</ele></trkpt>
   <trkpt lon="10.960936" lat="52.210822"><ele>146.25</ele></trkpt>
   <trkpt lon="10.962308" lat="52.211182"><ele>148.5</ele></trkpt>
   <trkpt lon="10.963630" lat="52.211559"><ele>145.5</ele></trkpt>
   <trkpt lon="10.964750" lat="52.211849"><ele>145.25</ele></trkpt>
   <trkpt lon="10.965503" lat="52.212014"><ele>144.5</ele></trkpt>
   <trkpt lon="10.966034" lat="52.212130"><ele>143.5</ele></trkpt>
   <trkpt lon="10.966833" lat="52.212244"><ele>142.0</ele></trkpt>
   <trkpt lon="10.967570" lat="52.212332"><ele>141.75</ele></trkpt>
   <trkpt lon="10.968405" lat="52.212399"><ele>141.75</ele></trkpt>
   <trkpt lon="10.969292" lat="52.212430"><ele>140.0</ele></trkpt>
   <trkpt lon="10.970013" lat="52.212426"><ele>139.25</ele></trkpt>
   <trkpt lon="10.970751" lat="52.212398"><ele>136.75</ele></trkpt>
   <trkpt lon="10.970781" lat="52.212397"><ele>136.5</ele></trkpt>
   <trkpt lon="10.971454" lat="52.212348"><ele>133.75</ele></trkpt>
   <trkpt lon="10.972290" lat="52.212266"><ele>131.75</ele></trkpt>
   <trkpt lon="10.974759" lat="52.211973"><ele>127.5</ele></trkpt>
   <trkpt lon="10.974911" lat="52.211955"><ele>127.25</ele></trkpt>
   <trkpt lon="10.975158" lat="52.211924"><ele>127.25</ele></trkpt>
   <trkpt lon="10.975437" lat="52.211893"><ele>127.5</ele></trkpt>
   <trkpt lon="10.977085" lat="52.211709"><ele>128.25</ele></trkpt>
   <trkpt lon="10.977659" lat="52.211658"><ele>127.75</ele></trkpt>
   <trkpt lon="10.978241" lat="52.211625"><ele>127.0</ele></trkpt>
   <trkpt lon="10.978912" lat="52.211602"><ele>126.5</ele></trkpt>
   <trkpt lon="10.979567" lat="52.211601"><ele>125.75</ele></trkpt>
   <trkpt lon="10.980205" lat="52.211622"><ele>125.0</ele></trkpt>
   <trkpt lon="10.980660" lat="52.211647"><ele>125.0</ele></trkpt>
   <trkpt lon="10.981382" lat="52.211707"><ele>125.25</ele></trkpt>
   <trkpt lon="10.981990" lat="52.211777"><ele>125.75</ele></trkpt>
   <trkpt lon="10.982715" lat="52.211887"><ele>126.5</ele></trkpt>
   <trkpt lon="10.983285" lat="52.211995"><ele>127.5</ele></trkpt>
   <trkpt lon="10.983476" lat="52.212032"><ele>127.5</ele></trkpt>
   <trkpt lon="10.984226" lat="52.212206"><ele>127.0</ele></trkpt>
   <trkpt lon="10.984762" lat="52.212345"><ele>127.0</ele></trkpt>
   <trkpt lon="10.986489" lat="52.212832"><ele>127.25</ele></trkpt>
   <trkpt lon="10.986810" lat="52.212923"><ele>127.25</ele></trkpt>
   <trkpt lon="10.987086" lat="52.213001"><ele>127.25</ele></trkpt>
   <trkpt lon="10.989728" lat="52.213765"><ele>125.75</ele></trkpt>
   <trkpt lon="10.998641" lat="52.216306"><ele>121.25</ele></trkpt>
   <trkpt lon="10.998989" lat="52.216411"><ele>122.25</ele></trkpt>
   <trkpt lon="10.999245" lat="52.216485"><ele>123.25</ele></trkpt>
   <trkpt lon="10.999863" lat="52.216687"><ele>126.25</ele></trkpt>
   <trkpt lon="11.000732" lat="52.217009"><ele>125.75</ele></trkpt>
   <trkpt lon="11.001707" lat="52.217435"><ele>128.5</ele></trkpt>
   <trkpt lon="11.002175" lat="52.217662"><ele>128.75</ele></trkpt>
   <trkpt lon="11.002703" lat="52.217924"><ele>130.5</ele></trkpt>
   <trkpt lon="11.002781" lat="52.217965"><ele>130.75</ele></trkpt>
   <trkpt lon="11.002936" lat="52.218040"><ele>131.25</ele></trkpt>
   <trkpt lon="11.003060" lat="52.218100"><ele>131.5</ele></trkpt>
   <trkpt lon="11.003765" lat="52.218411"><ele>134.25</ele></trkpt>
   <trkpt lon="11.004344" lat="52.218686"><ele>135.25</ele></trkpt>
   <trkpt lon="11.004513" lat="52.218771"><ele>135.5</ele></trkpt>
   <trkpt lon="11.004567" lat="52.218798"><ele>135.5</ele></trkpt>
   <trkpt lon="11.005648" lat="52.219340"><ele>136.75</ele></trkpt>
   <trkpt lon="11.006937" lat="52.219993"><ele>137.25</ele></trkpt>
   <trkpt lon="11.007149" lat="52.220097"><ele>137.5</ele></trkpt>
   <trkpt lon="11.007999" lat="52.220542"><ele>137.75</ele></trkpt>
   <trkpt lon="11.009052" lat="52.221088"><ele>138.5</ele></trkpt>
   <trkpt lon="11.009687" lat="52.221418"><ele>138.75</ele></trkpt>
   <trkpt lon="11.010813" lat="52.222003"><ele>138.75</ele></trkpt>
   <trkpt lon="11.011794" lat="52.222515"><ele>138.0</ele></trkpt>
   <trkpt lon="11.012565" lat="52.222917"><ele>139.25</ele></trkpt>
   <trkpt lon="11.013125" lat="52.223225"><ele>138.0</ele></trkpt>
   <trkpt lon="11.013583" lat="52.223523"><ele>138.0</ele></trkpt>
   <trkpt lon="11.013789" lat="52.223648"><ele>138.25</ele></trkpt>
   <trkpt lon="11.014120" lat="52.223824"><ele>138.5</ele></trkpt>
   <trkpt lon="11.014485" lat="52.224008"><ele>137.75</ele></trkpt>
   <trkpt lon="11.014930" lat="52.224235"><ele>136.0</ele></trkpt>
   <trkpt lon="11.015386" lat="52.224463"><ele>135.0</ele></trkpt>
   <trkpt lon="11.015457" lat="52.224499"><ele>135.0</ele></trkpt>
   <trkpt lon="11.015617" lat="52.224580"><ele>134.75</ele></trkpt>
   <trkpt lon="11.015711" lat="52.224626"><ele>134.5</ele></trkpt>
   <trkpt lon="11.015799" lat="52.224668"><ele>134.25</ele></trkpt>
   <trkpt lon="11.016279" lat="52.224891"><ele>133.5</ele></trkpt>
   <trkpt lon="11.016722" lat="52.225081"><ele>132.75</ele></trkpt>
   <trkpt lon="11.016947" lat="52.225156"><ele>132.5</ele></trkpt>
   <trkpt lon="11.017449" lat="52.225308"><ele>132.0</ele></trkpt>
   <trkpt lon="11.017876" lat="52.225411"><ele>131.75</ele></trkpt>
   <trkpt lon="11.018438" lat="52.225532"><ele>132.25</ele></trkpt>
   <trkpt lon="11.018860" lat="52.225605"><ele>132.25</ele></trkpt>
   <trkpt lon="11.019182" lat="52.225651"><ele>132.5</ele></trkpt>
   <trkpt lon="11.019547" lat="52.225690"><ele>132.25</ele></trkpt>
   <trkpt lon="11.020277" lat="52.225733"><ele>132.25</ele></trkpt>
   <trkpt lon="11.020820" lat="52.225735"><ele>133.0</ele></trkpt>
   <trkpt lon="11.021002" lat="52.225737"><ele>133.0</ele></trkpt>
   <trkpt lon="11.021702" lat="52.225708"><ele>133.75</ele></trkpt>
   <trkpt lon="11.022467" lat="52.225631"><ele>135.0</ele></trkpt>
   <trkpt lon="11.023187" lat="52.225513"><ele>136.25</ele></trkpt>
   <trkpt lon="11.023498" lat="52.225450"><ele>136.75</ele></trkpt>
   <trkpt lon="11.023916" lat="52.225350"><ele>137.25</ele></trkpt>
   <trkpt lon="11.024165" lat="52.225291"><ele>137.5</ele></trkpt>
   <trkpt lon="11.024473" lat="52.225200"><ele>138.25</ele></trkpt>
   <trkpt lon="11.024813" lat="52.225088"><ele>139.25</ele></trkpt>
   <trkpt lon="11.025435" lat="52.224851"><ele>139.25</ele></trkpt>
   <trkpt lon="11.025814" lat="52.224673"><ele>139.0</ele></trkpt>
   <trkpt lon="11.026280" lat="52.224438"><ele>139.0</ele></trkpt>
   <trkpt lon="11.026536" lat="52.224289"><ele>139.5</ele></trkpt>
   <trkpt lon="11.026870" lat="52.224077"><ele>140.0</ele></trkpt>
   <trkpt lon="11.027272" lat="52.223781"><ele>140.25</ele></trkpt>
   <trkpt lon="11.027471" lat="52.223615"><ele>140.5</ele></trkpt>
   <trkpt lon="11.027677" lat="52.223428"><ele>140.75</ele></trkpt>
   <trkpt lon="11.027886" lat="52.223224"><ele>140.75</ele></trkpt>
   <trkpt lon="11.028157" lat="52.222922"><ele>140.75</ele></trkpt>
   <trkpt lon="11.028609" lat="52.222383"><ele>140.5</ele></trkpt>
   <trkpt lon="11.028618" lat="52.222372"><ele>140.5</ele></trkpt>
   <trkpt lon="11.029574" lat="52.221230"><ele>139.0</ele></trkpt>
   <trkpt lon="11.030919" lat="52.219584"><ele>142.75</ele></trkpt>
   <trkpt lon="11.032227" lat="52.217967"><ele>150.25</ele></trkpt>
   <trkpt lon="11.032577" lat="52.217536"><ele>152.25</ele></trkpt>
   <trkpt lon="11.034567" lat="52.215154"><ele>143.5</ele></trkpt>
   <trkpt lon="11.035320" lat="52.214235"><ele>145.75</ele></trkpt>
   <trkpt lon="11.036192" lat="52.213201"><ele>146.5</ele></trkpt>
   <trkpt lon="11.036617" lat="52.212750"><ele>146.25</ele></trkpt>
   <trkpt lon="11.036946" lat="52.212441"><ele>146.0</ele></trkpt>
   <trkpt lon="11.037193" lat="52.212228"><ele>146.5</ele></trkpt>
   <trkpt lon="11.037617" lat="52.211906"><ele>147.5</ele></trkpt>
   <trkpt lon="11.038235" lat="52.211513"><ele>149.25</ele></trkpt>
   <trkpt lon="11.038433" lat="52.211396"><ele>149.25</ele></trkpt>
   <trkpt lon="11.038882" lat="52.211151"><ele>148.75</ele></trkpt>
   <trkpt lon="11.039190" lat="52.210999"><ele>148.25</ele></trkpt>
   <trkpt lon="11.039647" lat="52.210793"><ele>148.5</ele></trkpt>
   <trkpt lon="11.040065" lat="52.210622"><ele>149.25</ele></trkpt>
   <trkpt lon="11.040529" lat="52.210451"><ele>149.5</ele></trkpt>
   <trkpt lon="11.040918" lat="52.210323"><ele>149.75</ele></trkpt>
   <trkpt lon="11.041318" lat="52.210202"><ele>150.0</ele></trkpt>
   <trkpt lon="11.041561" lat="52.210135"><ele>150.25</ele></trkpt>
   <trkpt lon="11.042128" lat="52.209995"><ele>151.5</ele></trkpt>
   <trkpt lon="11.042344" lat="52.209947"><ele>152.25</ele></trkpt>
   <trkpt lon="11.042417" lat="52.209931"><ele>152.25</ele></trkpt>
   <trkpt lon="11.042968" lat="52.209827"><ele>154.5</ele></trkpt>
   <trkpt lon="11.043673" lat="52.209720"><ele>156.25</ele></trkpt>
   <trkpt lon="11.044005" lat="52.209679"><ele>157.0</ele></trkpt>
   <trkpt lon="11.044346" lat="52.209647"><ele>157.75</ele></trkpt>
   <trkpt lon="11.045032" lat="52.209597"><ele>159.5</ele></trkpt>
   <trkpt lon="11.045743" lat="52.209575"><ele>160.25</ele></trkpt>
   <trkpt lon="11.046111" lat="52.209574"><ele>160.75</ele></trkpt>
   <trkpt lon="11.046497" lat="52.209582"><ele>161.5</ele></trkpt>
   <trkpt lon="11.047093" lat="52.209608"><ele>162.0</ele></trkpt>
   <trkpt lon="11.047714" lat="52.209657"><ele>161.75</ele></trkpt>
   <trkpt lon="11.048018" lat="52.209687"><ele>161.75</ele></trkpt>
   <trkpt lon="11.048034" lat="52.209689"><ele>161.75</ele></trkpt>
   <trkpt lon="11.049054" lat="52.209810"><ele>161.75</ele></trkpt>
   <trkpt lon="11.049644" lat="52.209889"><ele>161.5</ele></trkpt>
   <trkpt lon="11.050741" lat="52.210032"><ele>160.25</ele></trkpt>
   <trkpt lon="11.053599" lat="52.210408"><ele>162.0</ele></trkpt>
   <trkpt lon="11.059313" lat="52.211162"><ele>163.5</ele></trkpt>
   <trkpt lon="11.061468" lat="52.211441"><ele>165.5</ele></trkpt>
   <trkpt lon="11.062341" lat="52.211550"><ele>165.25</ele></trkpt>
   <trkpt lon="11.063428" lat="52.211650"><ele>166.0</ele></trkpt>
   <trkpt lon="11.063706" lat="52.211669"><ele>166.25</ele></trkpt>
   <trkpt lon="11.063775" lat="52.211674"><ele>166.5</ele></trkpt>
   <trkpt lon="11.064140" lat="52.211694"><ele>167.0</ele></trkpt>
   <trkpt lon="11.064681" lat="52.211714"><ele>168.25</ele></trkpt>
   <trkpt lon="11.065286" lat="52.211730"><ele>169.0</ele></trkpt>
   <trkpt lon="11.065670" lat="52.211730"><ele>168.5</ele></trkpt>
   <trkpt lon="11.066465" lat="52.211712"><ele>167.25</ele></trkpt>
   <trkpt lon="11.066693" lat="52.211702"><ele>167.0</ele></trkpt>
   <trkpt lon="11.067633" lat="52.211642"><ele>165.75</ele></trkpt>
   <trkpt lon="11.067780" lat="52.211630"><ele>165.5</ele></trkpt>
   <trkpt lon="11.067932" lat="52.211615"><ele>165.25</ele></trkpt>
   <trkpt lon="11.068268" lat="52.211582"><ele>164.75</ele></trkpt>
   <trkpt lon="11.068959" lat="52.211499"><ele>166.5</ele></trkpt>
   <trkpt lon="11.069757" lat="52.211393"><ele>168.25</ele></trkpt>
   <trkpt lon="11.072940" lat="52.210918"><ele>170.5</ele></trkpt>
   <trkpt lon="11.073007" lat="52.210908"><ele>170.5</ele></trkpt>
   <trkpt lon="11.073707" lat="52.210802"><ele>171.75</ele></trkpt>
   <trkpt lon="11.076693" lat="52.210352"><ele>177.0</ele></trkpt>
   <trkpt lon="11.077742" lat="52.210194"><ele>177.0</ele></trkpt>
   <trkpt lon="11.081724" lat="52.209601"><ele>180.0</ele></trkpt>
   <trkpt lon="11.081763" lat="52.209595"><ele>180.0</ele></trkpt>
   <trkpt lon="11.084200" lat="52.209230"><ele>181.25</ele></trkpt>
   <trkpt lon="11.085029" lat="52.209106"><ele>180.25</ele></trkpt>
   <trkpt lon="11.086396" lat="52.208928"><ele>180.0</ele></trkpt>
   <trkpt lon="11.086423" lat="52.208925"><ele>180.0</ele></trkpt>
   <trkpt lon="11.086586" lat="52.208907"><ele>180.0</ele></trkpt>
   <trkpt lon="11.087227" lat="52.208850"><ele>179.0</ele></trkpt>
   <trkpt lon="11.087632" lat="52.208821"><ele>178.5</ele></trkpt>
   <trkpt lon="11.088182" lat="52.208793"><ele>177.5</ele></trkpt>
   <trkpt lon="11.089154" lat="52.208771"><ele>176.0</ele></trkpt>
   <trkpt lon="11.089859" lat="52.208777"><ele>174.75</ele></trkpt>
   <trkpt lon="11.090188" lat="52.208787"><ele>174.25</ele></trkpt>
   <trkpt lon="11.091023" lat="52.208818"><ele>173.25</ele></trkpt>
   <trkpt lon="11.092384" lat="52.208886"><ele>171.5</ele></trkpt>
   <trkpt lon="11.094523" lat="52.208996"><ele>165.75</ele></trkpt>
   <trkpt lon="11.095464" lat="52.209048"><ele>164.25</ele></trkpt>
   <trkpt lon="11.096790" lat="52.209107"><ele>165.0</ele></trkpt>
   <trkpt lon="11.097605" lat="52.209133"><ele>166.0</ele></trkpt>
   <trkpt lon="11.098182" lat="52.209142"><ele>166.75</ele></trkpt>
   <trkpt lon="11.098943" lat="52.209135"><ele>167.75</ele></trkpt>
   <trkpt lon="11.099439" lat="52.209119"><ele>168.5</ele></trkpt>
   <trkpt lon="11.099972" lat="52.209091"><ele>169.5</ele></trkpt>
   <trkpt lon="11.100736" lat="52.209032"><ele>171.25</ele></trkpt>
   <trkpt lon="11.101293" lat="52.208974"><ele>173.0</ele></trkpt>
   <trkpt lon="11.102261" lat="52.208845"><ele>175.5</ele></trkpt>
   <trkpt lon="11.102880" lat="52.208741"><ele>176.25</ele></trkpt>
   <trkpt lon="11.103308" lat="52.208661"><ele>176.5</ele></trkpt>
   <trkpt lon="11.104155" lat="52.208478"><ele>174.5</ele></trkpt>
   <trkpt lon="11.104360" lat="52.208427"><ele>173.0</ele></trkpt>
   <trkpt lon="11.104565" lat="52.208376"><ele>173.0</ele></trkpt>
   <trkpt lon="11.104983" lat="52.208266"><ele>172.5</ele></trkpt>
   <trkpt lon="11.105792" lat="52.208025"><ele>174.25</ele></trkpt>
   <trkpt lon="11.106181" lat="52.207898"><ele>172.75</ele></trkpt>
   <trkpt lon="11.106823" lat="52.207666"><ele>169.25</ele></trkpt>
   <trkpt lon="11.107392" lat="52.207443"><ele>169.0</ele></trkpt>
   <trkpt lon="11.107799" lat="52.207268"><ele>169.5</ele></trkpt>
   <trkpt lon="11.108176" lat="52.207097"><ele>168.75</ele></trkpt>
   <trkpt lon="11.108709" lat="52.206837"><ele>168.5</ele></trkpt>
   <trkpt lon="11.109308" lat="52.206515"><ele>169.5</ele></trkpt>
   <trkpt lon="11.109650" lat="52.206317"><ele>170.25</ele></trkpt>
   <trkpt lon="11.110160" lat="52.205997"><ele>170.5</ele></trkpt>
   <trkpt lon="11.110766" lat="52.205582"><ele>171.0</ele></trkpt>
   <trkpt lon="11.110860" lat="52.205513"><ele>170.75</ele></trkpt>
   <trkpt lon="11.111238" lat="52.205234"><ele>168.5</ele></trkpt>
   <trkpt lon="11.111730" lat="52.204855"><ele>163.75</ele></trkpt>
   <trkpt lon="11.114575" lat="52.202629"><ele>156.0</ele></trkpt>
   <trkpt lon="11.115246" lat="52.202115"><ele>153.5</ele></trkpt>
   <trkpt lon="11.115739" lat="52.201764"><ele>152.0</ele></trkpt>
   <trkpt lon="11.116186" lat="52.201461"><ele>152.75</ele></trkpt>
   <trkpt lon="11.116344" lat="52.201358"><ele>153.0</ele></trkpt>
   <trkpt lon="11.117212" lat="52.200836"><ele>154.5</ele></trkpt>
   <trkpt lon="11.118173" lat="52.200322"><ele>157.0</ele></trkpt>
   <trkpt lon="11.118719" lat="52.200047"><ele>157.25</ele></trkpt>
   <trkpt lon="11.119056" lat="52.199885"><ele>158.25</ele></trkpt>
   <trkpt lon="11.120238" lat="52.199322"><ele>159.5</ele></trkpt>
   <trkpt lon="11.120328" lat="52.199278"><ele>159.5</ele></trkpt>
   <trkpt lon="11.122292" lat="52.198346"><ele>158.25</ele></trkpt>
   <trkpt lon="11.125009" lat="52.197054"><ele>158.5</ele></trkpt>
   <trkpt lon="11.130854" lat="52.194278"><ele>153.5</ele></trkpt>
   <trkpt lon="11.132359" lat="52.193565"><ele>154.0</ele></trkpt>
   <trkpt lon="11.132462" lat="52.193516"><ele>154.25</ele></trkpt>
   <trkpt lon="11.133241" lat="52.193134"><ele>154.75</ele></trkpt>
   <trkpt lon="11.133964" lat="52.192754"><ele>156.0</ele></trkpt>
   <trkpt lon="11.134522" lat="52.192436"><ele>156.75</ele></trkpt>
   <trkpt lon="11.134978" lat="52.192156"><ele>156.25</ele></trkpt>
   <trkpt lon="11.135130" lat="52.192063"><ele>156.25</ele></trkpt>
   <trkpt lon="11.135251" lat="52.191984"><ele>156.25</ele></trkpt>
   <trkpt lon="11.135789" lat="52.191623"><ele>156.0</ele></trkpt>
   <trkpt lon="11.136297" lat="52.191254"><ele>156.0</ele></trkpt>
   <trkpt lon="11.136592" lat="52.191026"><ele>155.75</ele></trkpt>
   <trkpt lon="11.137011" lat="52.190683"><ele>155.75</ele></trkpt>
   <trkpt lon="11.137170" lat="52.190543"><ele>155.5</ele></trkpt>
   <trkpt lon="11.137493" lat="52.190258"><ele>155.5</ele></trkpt>
   <trkpt lon="11.137920" lat="52.189851"><ele>155.5</ele></trkpt>
   <trkpt lon="11.137997" lat="52.189776"><ele>155.5</ele></trkpt>
   <trkpt lon="11.140857" lat="52.186844"><ele>162.5</ele></trkpt>
   <trkpt lon="11.145278" lat="52.182299"><ele>148.5</ele></trkpt>
   <trkpt lon="11.145866" lat="52.181724"><ele>147.75</ele></trkpt>
   <trkpt lon="11.145920" lat="52.181676"><ele>147.75</ele></trkpt>
   <trkpt lon="11.146248" lat="52.181381"><ele>146.75</ele></trkpt>
   <trkpt lon="11.146490" lat="52.181180"><ele>146.25</ele></trkpt>
   <trkpt lon="11.146878" lat="52.180879"><ele>145.5</ele></trkpt>
   <trkpt lon="11.146959" lat="52.180818"><ele>145.75</ele></trkpt>
   <trkpt lon="11.147232" lat="52.180625"><ele>146.75</ele></trkpt>
   <trkpt lon="11.147515" lat="52.180436"><ele>147.75</ele></trkpt>
   <trkpt lon="11.147828" lat="52.180240"><ele>148.0</ele></trkpt>
   <trkpt lon="11.148229" lat="52.180005"><ele>148.0</ele></trkpt>
   <trkpt lon="11.148362" lat="52.179928"><ele>148.0</ele></trkpt>
   <trkpt lon="11.148798" lat="52.179697"><ele>147.5</ele></trkpt>
   <trkpt lon="11.149120" lat="52.179536"><ele>147.0</ele></trkpt>
   <trkpt lon="11.149531" lat="52.179342"><ele>146.0</ele></trkpt>
   <trkpt lon="11.150094" lat="52.179089"><ele>144.5</ele></trkpt>
   <trkpt lon="11.150853" lat="52.178760"><ele>143.25</ele></trkpt>
   <trkpt lon="11.152037" lat="52.178255"><ele>145.25</ele></trkpt>
   <trkpt lon="11.152282" lat="52.178150"><ele>145.75</ele></trkpt>
   <trkpt lon="11.152676" lat="52.177967"><ele>146.25</ele></trkpt>
   <trkpt lon="11.152848" lat="52.177877"><ele>146.5</ele></trkpt>
   <trkpt lon="11.153239" lat="52.177690"><ele>146.5</ele></trkpt>
   <trkpt lon="11.153856" lat="52.177420"><ele>147.25</ele></trkpt>
   <trkpt lon="11.154721" lat="52.177054"><ele>148.25</ele></trkpt>
   <trkpt lon="11.156919" lat="52.176110"><ele>147.5</ele></trkpt>
   <trkpt lon="11.157711" lat="52.175771"><ele>146.5</ele></trkpt>
   <trkpt lon="11.158980" lat="52.175230"><ele>146.0</ele></trkpt>
   <trkpt lon="11.159178" lat="52.175147"><ele>146.25</ele></trkpt>
   <trkpt lon="11.160376" lat="52.174635"><ele>146.25</ele></trkpt>
   <trkpt lon="11.160501" lat="52.174584"><ele>146.25</ele></trkpt>
   <trkpt lon="11.160784" lat="52.174474"><ele>146.25</ele></trkpt>
   <trkpt lon="11.161058" lat="52.174383"><ele>145.75</ele></trkpt>
   <trkpt lon="11.161497" lat="52.174210"><ele>145.25</ele></trkpt>
   <trkpt lon="11.161733" lat="52.174109"><ele>145.0</ele></trkpt>
   <trkpt lon="11.162044" lat="52.173982"><ele>144.5</ele></trkpt>
   <trkpt lon="11.162508" lat="52.173818"><ele>144.0</ele></trkpt>
   <trkpt lon="11.162819" lat="52.173694"><ele>143.75</ele></trkpt>
   <trkpt lon="11.162910" lat="52.173655"><ele>143.75</ele></trkpt>
   <trkpt lon="11.163451" lat="52.173422"><ele>143.5</ele></trkpt>
   <trkpt lon="11.164149" lat="52.173124"><ele>141.75</ele></trkpt>
   <trkpt lon="11.165887" lat="52.172381"><ele>141.5</ele></trkpt>
   <trkpt lon="11.167199" lat="52.171819"><ele>143.25</ele></trkpt>
   <trkpt lon="11.169621" lat="52.170782"><ele>147.75</ele></trkpt>
   <trkpt lon="11.171880" lat="52.169818"><ele>143.25</ele></trkpt>
   <trkpt lon="11.174452" lat="52.168716"><ele>134.75</ele></trkpt>
   <trkpt lon="11.176166" lat="52.167983"><ele>132.25</ele></trkpt>
   <trkpt lon="11.177787" lat="52.167289"><ele>132.0</ele></trkpt>
   <trkpt lon="11.178866" lat="52.166831"><ele>131.5</ele></trkpt>
   <trkpt lon="11.179061" lat="52.166744"><ele>131.5</ele></trkpt>
   <trkpt lon="11.179318" lat="52.166632"><ele>131.75</ele></trkpt>
   <trkpt lon="11.181558" lat="52.165674"><ele>135.5</ele></trkpt>
   <trkpt lon="11.183974" lat="52.164640"><ele>140.0</ele></trkpt>
   <trkpt lon="11.185651" lat="52.163922"><ele>137.5</ele></trkpt>
   <trkpt lon="11.188375" lat="52.162755"><ele>133.0</ele></trkpt>
   <trkpt lon="11.189633" lat="52.162211"><ele>129.25</ele></trkpt>
   <trkpt lon="11.190228" lat="52.161934"><ele>127.75</ele></trkpt>
   <trkpt lon="11.190804" lat="52.161640"><ele>126.75</ele></trkpt>
   <trkpt lon="11.191154" lat="52.161450"><ele>126.5</ele></trkpt>
   <trkpt lon="11.191728" lat="52.161109"><ele>127.25</ele></trkpt>
   <trkpt lon="11.192146" lat="52.160838"><ele>129.0</ele></trkpt>
   <trkpt lon="11.192343" lat="52.160701"><ele>129.25</ele></trkpt>
   <trkpt lon="11.192461" lat="52.160619"><ele>129.5</ele></trkpt>
   <trkpt lon="11.192854" lat="52.160336"><ele>130.25</ele></trkpt>
   <trkpt lon="11.193638" lat="52.159751"><ele>130.0</ele></trkpt>
   <trkpt lon="11.194719" lat="52.158944"><ele>130.5</ele></trkpt>
   <trkpt lon="11.194868" lat="52.158833"><ele>131.0</ele></trkpt>
   <trkpt lon="11.196677" lat="52.157479"><ele>136.0</ele></trkpt>
   <trkpt lon="11.197288" lat="52.157022"><ele>138.25</ele></trkpt>
   <trkpt lon="11.198535" lat="52.156090"><ele>141.75</ele></trkpt>
   <trkpt lon="11.199916" lat="52.155056"><ele>143.0</ele></trkpt>
   <trkpt lon="11.201864" lat="52.153599"><ele>139.75</ele></trkpt>
   <trkpt lon="11.202995" lat="52.152754"><ele>139.0</ele></trkpt>
   <trkpt lon="11.203014" lat="52.152740"><ele>139.0</ele></trkpt>
   <trkpt lon="11.203676" lat="52.152263"><ele>138.5</ele></trkpt>
   <trkpt lon="11.203732" lat="52.152223"><ele>138.25</ele></trkpt>
   <trkpt lon="11.203963" lat="52.152066"><ele>138.25</ele></trkpt>
   <trkpt lon="11.204335" lat="52.151839"><ele>138.25</ele></trkpt>
   <trkpt lon="11.204653" lat="52.151659"><ele>138.5</ele></trkpt>
   <trkpt lon="11.204965" lat="52.151495"><ele>138.75</ele></trkpt>
   <trkpt lon="11.205275" lat="52.151345"><ele>139.25</ele></trkpt>
   <trkpt lon="11.205613" lat="52.151192"><ele>139.5</ele></trkpt>
   <trkpt lon="11.206221" lat="52.150946"><ele>140.5</ele></trkpt>
   <trkpt lon="11.206518" lat="52.150838"><ele>140.75</ele></trkpt>
   <trkpt lon="11.206825" lat="52.150737"><ele>141.0</ele></trkpt>
   <trkpt lon="11.207217" lat="52.150618"><ele>141.25</ele></trkpt>
   <trkpt lon="11.207511" lat="52.150537"><ele>141.5</ele></trkpt>
   <trkpt lon="11.207739" lat="52.150473"><ele>141.75</ele></trkpt>
   <trkpt lon="11.208292" lat="52.150347"><ele>142.25</ele></trkpt>
   <trkpt lon="11.208814" lat="52.150247"><ele>143.0</ele></trkpt>
   <trkpt lon="11.208943" lat="52.150225"><ele>143.0</ele></trkpt>
   <trkpt lon="11.209074" lat="52.150204"><ele>143.25</ele></trkpt>
   <trkpt lon="11.209125" lat="52.150197"><ele>143.5</ele></trkpt>
   <trkpt lon="11.209300" lat="52.150168"><ele>143.5</ele></trkpt>
   <trkpt lon="11.209851" lat="52.150097"><ele>144.75</ele></trkpt>
   <trkpt lon="11.210225" lat="52.150065"><ele>145.0</ele></trkpt>
   <trkpt lon="11.210736" lat="52.150031"><ele>145.0</ele></trkpt>
   <trkpt lon="11.211079" lat="52.150021"><ele>145.25</ele></trkpt>
   <trkpt lon="11.211567" lat="52.150022"><ele>145.75</ele></trkpt>
   <trkpt lon="11.212173" lat="52.150068"><ele>146.0</ele></trkpt>
   <trkpt lon="11.212450" lat="52.150098"><ele>146.25</ele></trkpt>
   <trkpt lon="11.213040" lat="52.150179"><ele>146.0</ele></trkpt>
   <trkpt lon="11.213366" lat="52.150218"><ele>146.0</ele></trkpt>
   <trkpt lon="11.214174" lat="52.150294"><ele>146.25</ele></trkpt>
   <trkpt lon="11.214538" lat="52.150327"><ele>146.0</ele></trkpt>
   <trkpt lon="11.217133" lat="52.150569"><ele>146.0</ele></trkpt>
   <trkpt lon="11.218432" lat="52.150691"><ele>145.25</ele></trkpt>
   <trkpt lon="11.219301" lat="52.150771"><ele>145.75</ele></trkpt>
   <trkpt lon="11.219778" lat="52.150802"><ele>145.75</ele></trkpt>
   <trkpt lon="11.220924" lat="52.150825"><ele>144.75</ele></trkpt>
   <trkpt lon="11.221305" lat="52.150845"><ele>144.25</ele></trkpt>
   <trkpt lon="11.221610" lat="52.150866"><ele>144.0</ele></trkpt>
   <trkpt lon="11.222015" lat="52.150880"><ele>144.0</ele></trkpt>
   <trkpt lon="11.222886" lat="52.150889"><ele>144.0</ele></trkpt>
   <trkpt lon="11.223594" lat="52.150912"><ele>144.0</ele></trkpt>
   <trkpt lon="11.224137" lat="52.150914"><ele>144.0</ele></trkpt>
   <trkpt lon="11.224714" lat="52.150895"><ele>144.5</ele></trkpt>
   <trkpt lon="11.225041" lat="52.150886"><ele>144.75</ele></trkpt>
   <trkpt lon="11.225611" lat="52.150870"><ele>145.5</ele></trkpt>
   <trkpt lon="11.226609" lat="52.150843"><ele>146.75</ele></trkpt>
   <trkpt lon="11.227354" lat="52.150799"><ele>146.0</ele></trkpt>
   <trkpt lon="11.228076" lat="52.150731"><ele>145.0</ele></trkpt>
   <trkpt lon="11.228706" lat="52.150647"><ele>145.0</ele></trkpt>
   <trkpt lon="11.228917" lat="52.150619"><ele>145.0</ele></trkpt>
   <trkpt lon="11.229681" lat="52.150483"><ele>145.5</ele></trkpt>
   <trkpt lon="11.229998" lat="52.150418"><ele>145.75</ele></trkpt>
   <trkpt lon="11.230449" lat="52.150315"><ele>146.0</ele></trkpt>
   <trkpt lon="11.231274" lat="52.150111"><ele>147.25</ele></trkpt>
   <trkpt lon="11.236525" lat="52.148775"><ele>149.25</ele></trkpt>
   <trkpt lon="11.236907" lat="52.148683"><ele>149.5</ele></trkpt>
   <trkpt lon="11.237770" lat="52.148512"><ele>150.0</ele></trkpt>
   <trkpt lon="11.238115" lat="52.148431"><ele>150.0</ele></trkpt>
   <trkpt lon="11.238495" lat="52.148337"><ele>150.0</ele></trkpt>
   <trkpt lon="11.239309" lat="52.148168"><ele>150.5</ele></trkpt>
   <trkpt lon="11.239724" lat="52.148074"><ele>150.75</ele></trkpt>
   <trkpt lon="11.240673" lat="52.147833"><ele>151.25</ele></trkpt>
   <trkpt lon="11.241717" lat="52.147572"><ele>152.0</ele></trkpt>
   <trkpt lon="11.242320" lat="52.147432"><ele>152.0</ele></trkpt>
   <trkpt lon="11.242996" lat="52.147287"><ele>152.75</ele></trkpt>
   <trkpt lon="11.243009" lat="52.147284"><ele>152.75</ele></trkpt>
   <trkpt lon="11.243453" lat="52.147190"><ele>153.0</ele></trkpt>
   <trkpt lon="11.244426" lat="52.146989"><ele>153.5</ele></trkpt>
   <trkpt lon="11.244606" lat="52.146951"><ele>153.75</ele></trkpt>
   <trkpt lon="11.245243" lat="52.146826"><ele>154.0</ele></trkpt>
   <trkpt lon="11.245998" lat="52.146691"><ele>154.0</ele></trkpt>
   <trkpt lon="11.246571" lat="52.146579"><ele>155.0</ele></trkpt>
   <trkpt lon="11.247098" lat="52.146469"><ele>155.0</ele></trkpt>
   <trkpt lon="11.248440" lat="52.146188"><ele>155.5</ele></trkpt>
   <trkpt lon="11.249871" lat="52.145887"><ele>156.75</ele></trkpt>
   <trkpt lon="11.252474" lat="52.145340"><ele>157.25</ele></trkpt>
   <trkpt lon="11.252795" lat="52.145273"><ele>156.75</ele></trkpt>
   <trkpt lon="11.255678" lat="52.144668"><ele>154.75</ele></trkpt>
   <trkpt lon="11.257057" lat="52.144377"><ele>153.25</ele></trkpt>
   <trkpt lon="11.258491" lat="52.144076"><ele>152.75</ele></trkpt>
   <trkpt lon="11.261353" lat="52.143475"><ele>151.0</ele></trkpt>
   <trkpt lon="11.264091" lat="52.142900"><ele>150.0</ele></trkpt>
   <trkpt lon="11.266296" lat="52.142436"><ele>149.5</ele></trkpt>
   <trkpt lon="11.266633" lat="52.142366"><ele>149.25</ele></trkpt>
   <trkpt lon="11.269116" lat="52.141843"><ele>147.75</ele></trkpt>
   <trkpt lon="11.269244" lat="52.141816"><ele>148.0</ele></trkpt>
   <trkpt lon="11.269575" lat="52.141747"><ele>148.0</ele></trkpt>
   <trkpt lon="11.270044" lat="52.141649"><ele>147.75</ele></trkpt>
   <trkpt lon="11.271623" lat="52.141317"><ele>145.75</ele></trkpt>
   <trkpt lon="11.273293" lat="52.140966"><ele>147.5</ele></trkpt>
   <trkpt lon="11.273788" lat="52.140868"><ele>147.75</ele></trkpt>
   <trkpt lon="11.274506" lat="52.140733"><ele>148.75</ele></trkpt>
   <trkpt lon="11.274965" lat="52.140656"><ele>149.75</ele></trkpt>
   <trkpt lon="11.275665" lat="52.140555"><ele>149.25</ele></trkpt>
   <trkpt lon="11.276426" lat="52.140465"><ele>148.25</ele></trkpt>
   <trkpt lon="11.277094" lat="52.140408"><ele>147.5</ele></trkpt>
   <trkpt lon="11.277637" lat="52.140372"><ele>146.25</ele></trkpt>
   <trkpt lon="11.277955" lat="52.140357"><ele>145.0</ele></trkpt>
   <trkpt lon="11.278062" lat="52.140352"><ele>145.0</ele></trkpt>
   <trkpt lon="11.278605" lat="52.140337"><ele>143.75</ele></trkpt>
   <trkpt lon="11.279274" lat="52.140334"><ele>142.25</ele></trkpt>
   <trkpt lon="11.279731" lat="52.140341"><ele>141.0</ele></trkpt>
   <trkpt lon="11.280038" lat="52.140352"><ele>140.0</ele></trkpt>
   <trkpt lon="11.280350" lat="52.140363"><ele>139.5</ele></trkpt>
   <trkpt lon="11.280926" lat="52.140399"><ele>138.25</ele></trkpt>
   <trkpt lon="11.281564" lat="52.140451"><ele>136.5</ele></trkpt>
   <trkpt lon="11.282176" lat="52.140515"><ele>136.5</ele></trkpt>
   <trkpt lon="11.283002" lat="52.140628"><ele>137.25</ele></trkpt>
   <trkpt lon="11.283514" lat="52.140712"><ele>138.0</ele></trkpt>
   <trkpt lon="11.283842" lat="52.140772"><ele>138.25</ele></trkpt>
   <trkpt lon="11.284558" lat="52.140916"><ele>139.25</ele></trkpt>
   <trkpt lon="11.285373" lat="52.141110"><ele>140.0</ele></trkpt>
   <trkpt lon="11.285447" lat="52.141127"><ele>140.0</ele></trkpt>
   <trkpt lon="11.285711" lat="52.141195"><ele>140.25</ele></trkpt>
   <trkpt lon="11.286171" lat="52.141315"><ele>141.0</ele></trkpt>
   <trkpt lon="11.289117" lat="52.142121"><ele>146.75</ele></trkpt>
   <trkpt lon="11.289904" lat="52.142329"><ele>148.75</ele></trkpt>
   <trkpt lon="11.290550" lat="52.142486"><ele>150.75</ele></trkpt>
   <trkpt lon="11.291100" lat="52.142612"><ele>152.75</ele></trkpt>
   <trkpt lon="11.291605" lat="52.142714"><ele>154.5</ele></trkpt>
   <trkpt lon="11.292402" lat="52.142854"><ele>155.0</ele></trkpt>
   <trkpt lon="11.292864" lat="52.142922"><ele>155.25</ele></trkpt>
   <trkpt lon="11.293737" lat="52.143029"><ele>155.0</ele></trkpt>
   <trkpt lon="11.294153" lat="52.143067"><ele>154.5</ele></trkpt>
   <trkpt lon="11.294573" lat="52.143101"><ele>153.75</ele></trkpt>
   <trkpt lon="11.295327" lat="52.143145"><ele>153.5</ele></trkpt>
   <trkpt lon="11.295895" lat="52.143165"><ele>154.0</ele></trkpt>
   <trkpt lon="11.296967" lat="52.143190"><ele>155.0</ele></trkpt>
   <trkpt lon="11.299713" lat="52.143234"><ele>158.75</ele></trkpt>
   <trkpt lon="11.299895" lat="52.143236"><ele>159.0</ele></trkpt>
   <trkpt lon="11.302804" lat="52.143281"><ele>157.0</ele></trkpt>
   <trkpt lon="11.305801" lat="52.143330"><ele>154.0</ele></trkpt>
   <trkpt lon="11.308798" lat="52.143377"><ele>149.5</ele></trkpt>
   <trkpt lon="11.311860" lat="52.143426"><ele>146.0</ele></trkpt>
   <trkpt lon="11.314574" lat="52.143466"><ele>146.75</ele></trkpt>
   <trkpt lon="11.315244" lat="52.143478"><ele>147.0</ele></trkpt>
   <trkpt lon="11.318121" lat="52.143524"><ele>143.5</ele></trkpt>
   <trkpt lon="11.320835" lat="52.143565"><ele>142.75</ele></trkpt>
   <trkpt lon="11.323452" lat="52.143606"><ele>140.0</ele></trkpt>
   <trkpt lon="11.324739" lat="52.143626"><ele>139.25</ele></trkpt>
   <trkpt lon="11.325054" lat="52.143631"><ele>139.0</ele></trkpt>
   <trkpt lon="11.326412" lat="52.143653"><ele>138.5</ele></trkpt>
   <trkpt lon="11.329493" lat="52.143700"><ele>136.0</ele></trkpt>
   <trkpt lon="11.330436" lat="52.143716"><ele>135.5</ele></trkpt>
   <trkpt lon="11.332560" lat="52.143748"><ele>135.5</ele></trkpt>
   <trkpt lon="11.334816" lat="52.143784"><ele>138.5</ele></trkpt>
   <trkpt lon="11.335302" lat="52.143792"><ele>139.0</ele></trkpt>
   <trkpt lon="11.335673" lat="52.143795"><ele>139.0</ele></trkpt>
   <trkpt lon="11.335820" lat="52.143797"><ele>139.0</ele></trkpt>
   <trkpt lon="11.336508" lat="52.143802"><ele>139.25</ele></trkpt>
   <trkpt lon="11.337199" lat="52.143790"><ele>139.5</ele></trkpt>
   <trkpt lon="11.337821" lat="52.143789"><ele>139.75</ele></trkpt>
   <trkpt lon="11.339563" lat="52.143815"><ele>140.75</ele></trkpt>
   <trkpt lon="11.339839" lat="52.143819"><ele>141.0</ele></trkpt>
   <trkpt lon="11.340136" lat="52.143824"><ele>141.0</ele></trkpt>
   <trkpt lon="11.340325" lat="52.143827"><ele>140.75</ele></trkpt>
   <trkpt lon="11.340635" lat="52.143824"><ele>140.5</ele></trkpt>
   <trkpt lon="11.341272" lat="52.143804"><ele>140.25</ele></trkpt>
   <trkpt lon="11.341557" lat="52.143803"><ele>140.0</ele></trkpt>
   <trkpt lon="11.341645" lat="52.143804"><ele>140.0</ele></trkpt>
   <trkpt lon="11.341725" lat="52.143805"><ele>140.0</ele></trkpt>
   <trkpt lon="11.342865" lat="52.143821"><ele>140.0</ele></trkpt>
   <trkpt lon="11.343973" lat="52.143839"><ele>139.0</ele></trkpt>
   <trkpt lon="11.344829" lat="52.143851"><ele>138.0</ele></trkpt>
   <trkpt lon="11.352621" lat="52.143972"><ele>136.0</ele></trkpt>
   <trkpt lon="11.353007" lat="52.143983"><ele>136.25</ele></trkpt>
   <trkpt lon="11.353770" lat="52.144025"><ele>136.25</ele></trkpt>
   <trkpt lon="11.354165" lat="52.144040"><ele>136.0</ele></trkpt>
   <trkpt lon="11.354255" lat="52.144041"><ele>135.75</ele></trkpt>
   <trkpt lon="11.354883" lat="52.144052"><ele>135.0</ele></trkpt>
   <trkpt lon="11.359587" lat="52.144123"><ele>134.25</ele></trkpt>
   <trkpt lon="11.360409" lat="52.144135"><ele>134.0</ele></trkpt>
   <trkpt lon="11.363454" lat="52.144188"><ele>135.0</ele></trkpt>
   <trkpt lon="11.375398" lat="52.144363"><ele>132.5</ele></trkpt>
   <trkpt lon="11.378264" lat="52.144407"><ele>131.75</ele></trkpt>
   <trkpt lon="11.379084" lat="52.144418"><ele>131.5</ele></trkpt>
   <trkpt lon="11.379192" lat="52.144421"><ele>131.5</ele></trkpt>
   <trkpt lon="11.379312" lat="52.144422"><ele>131.5</ele></trkpt>
   <trkpt lon="11.381677" lat="52.144458"><ele>130.5</ele></trkpt>
   <trkpt lon="11.389068" lat="52.144569"><ele>129.75</ele></trkpt>
   <trkpt lon="11.389751" lat="52.144574"><ele>130.25</ele></trkpt>
   <trkpt lon="11.390665" lat="52.144565"><ele>130.75</ele></trkpt>
   <trkpt lon="11.391570" lat="52.144529"><ele>131.25</ele></trkpt>
   <trkpt lon="11.392033" lat="52.144496"><ele>131.75</ele></trkpt>
   <trkpt lon="11.392189" lat="52.144486"><ele>131.75</ele></trkpt>
   <trkpt lon="11.392911" lat="52.144418"><ele>132.25</ele></trkpt>
   <trkpt lon="11.393391" lat="52.144361"><ele>133.0</ele></trkpt>
   <trkpt lon="11.393807" lat="52.144304"><ele>133.0</ele></trkpt>
   <trkpt lon="11.394632" lat="52.144170"><ele>133.0</ele></trkpt>
   <trkpt lon="11.395075" lat="52.144089"><ele>133.0</ele></trkpt>
   <trkpt lon="11.396897" lat="52.143709"><ele>133.0</ele></trkpt>
   <trkpt lon="11.403537" lat="52.142281"><ele>124.25</ele></trkpt>
   <trkpt lon="11.407208" lat="52.141489"><ele>119.5</ele></trkpt>
   <trkpt lon="11.420985" lat="52.138522"><ele>111.25</ele></trkpt>
   <trkpt lon="11.425661" lat="52.137514"><ele>113.75</ele></trkpt>
   <trkpt lon="11.425971" lat="52.137447"><ele>113.75</ele></trkpt>
   <trkpt lon="11.426278" lat="52.137387"><ele>113.5</ele></trkpt>
   <trkpt lon="11.426841" lat="52.137292"><ele>113.5</ele></trkpt>
   <trkpt lon="11.427139" lat="52.137235"><ele>113.5</ele></trkpt>
   <trkpt lon="11.427575" lat="52.137141"><ele>113.5</ele></trkpt>
   <trkpt lon="11.429971" lat="52.136624"><ele>116.5</ele></trkpt>
   <trkpt lon="11.430642" lat="52.136479"><ele>116.75</ele></trkpt>
   <trkpt lon="11.432078" lat="52.136169"><ele>117.0</ele></trkpt>
   <trkpt lon="11.432220" lat="52.136140"><ele>116.75</ele></trkpt>
   <trkpt lon="11.433663" lat="52.135829"><ele>115.25</ele></trkpt>
   <trkpt lon="11.433750" lat="52.135810"><ele>115.25</ele></trkpt>
   <trkpt lon="11.433856" lat="52.135789"><ele>115.25</ele></trkpt>
   <trkpt lon="11.435453" lat="52.135443"><ele>115.75</ele></trkpt>
   <trkpt lon="11.436487" lat="52.135220"><ele>116.75</ele></trkpt>
   <trkpt lon="11.437523" lat="52.134997"><ele>117.0</ele></trkpt>
   <trkpt lon="11.440100" lat="52.134440"><ele>116.75</ele></trkpt>
   <trkpt lon="11.443656" lat="52.133674"><ele>106.0</ele></trkpt>
   <trkpt lon="11.444451" lat="52.133504"><ele>107.0</ele></trkpt>
   <trkpt lon="11.446454" lat="52.133071"><ele>112.0</ele></trkpt>
   <trkpt lon="11.448348" lat="52.132662"><ele>108.75</ele></trkpt>
   <trkpt lon="11.449310" lat="52.132438"><ele>106.0</ele></trkpt>
   <trkpt lon="11.449821" lat="52.132309"><ele>104.0</ele></trkpt>
   <trkpt lon="11.450356" lat="52.132164"><ele>101.75</ele></trkpt>
   <trkpt lon="11.451081" lat="52.131948"><ele>99.75</ele></trkpt>
   <trkpt lon="11.452024" lat="52.131650"><ele>99.0</ele></trkpt>
   <trkpt lon="11.453897" lat="52.131035"><ele>95.5</ele></trkpt>
   <trkpt lon="11.455629" lat="52.130475"><ele>94.5</ele></trkpt>
   <trkpt lon="11.456463" lat="52.130227"><ele>95.0</ele></trkpt>
   <trkpt lon="11.456802" lat="52.130137"><ele>95.75</ele></trkpt>
   <trkpt lon="11.457506" lat="52.129965"><ele>97.0</ele></trkpt>
   <trkpt lon="11.458094" lat="52.129840"><ele>97.75</ele></trkpt>
   <trkpt lon="11.458503" lat="52.129761"><ele>98.75</ele></trkpt>
   <trkpt lon="11.458837" lat="52.129702"><ele>99.5</ele></trkpt>
   <trkpt lon="11.458950" lat="52.129683"><ele>99.5</ele></trkpt>
   <trkpt lon="11.459738" lat="52.129567"><ele>100.75</ele></trkpt>
   <trkpt lon="11.460683" lat="52.129460"><ele>102.0</ele></trkpt>
   <trkpt lon="11.461688" lat="52.129385"><ele>103.5</ele></trkpt>
   <trkpt lon="11.462105" lat="52.129366"><ele>103.75</ele></trkpt>
   <trkpt lon="11.462569" lat="52.129353"><ele>104.0</ele></trkpt>
   <trkpt lon="11.463139" lat="52.129346"><ele>104.0</ele></trkpt>
   <trkpt lon="11.463806" lat="52.129354"><ele>104.75</ele></trkpt>
   <trkpt lon="11.464433" lat="52.129377"><ele>106.5</ele></trkpt>
   <trkpt lon="11.465012" lat="52.129411"><ele>108.5</ele></trkpt>
   <trkpt lon="11.465373" lat="52.129439"><ele>109.25</ele></trkpt>
   <trkpt lon="11.466469" lat="52.129543"><ele>112.0</ele></trkpt>
   <trkpt lon="11.468251" lat="52.129735"><ele>109.5</ele></trkpt>
   <trkpt lon="11.469718" lat="52.129882"><ele>104.75</ele></trkpt>
   <trkpt lon="11.470332" lat="52.129931"><ele>103.0</ele></trkpt>
   <trkpt lon="11.471318" lat="52.129987"><ele>101.25</ele></trkpt>
   <trkpt lon="11.471814" lat="52.130006"><ele>100.75</ele></trkpt>
   <trkpt lon="11.472622" lat="52.130019"><ele>101.0</ele></trkpt>
   <trkpt lon="11.473426" lat="52.130019"><ele>101.75</ele></trkpt>
   <trkpt lon="11.475709" lat="52.129998"><ele>99.25</ele></trkpt>
   <trkpt lon="11.478025" lat="52.129975"><ele>93.5</ele></trkpt>
   <trkpt lon="11.478188" lat="52.129974"><ele>93.25</ele></trkpt>
   <trkpt lon="11.482397" lat="52.129936"><ele>91.25</ele></trkpt>
   <trkpt lon="11.485595" lat="52.129907"><ele>91.5</ele></trkpt>
   <trkpt lon="11.487092" lat="52.129897"><ele>90.25</ele></trkpt>
   <trkpt lon="11.487841" lat="52.129905"><ele>89.75</ele></trkpt>
   <trkpt lon="11.488210" lat="52.129914"><ele>89.25</ele></trkpt>
   <trkpt lon="11.488505" lat="52.129925"><ele>89.0</ele></trkpt>
   <trkpt lon="11.489460" lat="52.129969"><ele>89.25</ele></trkpt>
   <trkpt lon="11.490289" lat="52.130019"><ele>89.75</ele></trkpt>
   <trkpt lon="11.491354" lat="52.130083"><ele>90.0</ele></trkpt>
   <trkpt lon="11.493994" lat="52.130239"><ele>92.75</ele></trkpt>
   <trkpt lon="11.494183" lat="52.130249"><ele>92.75</ele></trkpt>
   <trkpt lon="11.494282" lat="52.130255"><ele>93.0</ele></trkpt>
   <trkpt lon="11.494651" lat="52.130273"><ele>93.25</ele></trkpt>
   <trkpt lon="11.495493" lat="52.130307"><ele>93.25</ele></trkpt>
   <trkpt lon="11.495607" lat="52.130309"><ele>93.25</ele></trkpt>
   <trkpt lon="11.496206" lat="52.130312"><ele>93.25</ele></trkpt>
   <trkpt lon="11.497669" lat="52.130278"><ele>92.5</ele></trkpt>
   <trkpt lon="11.498063" lat="52.130268"><ele>92.0</ele></trkpt>
   <trkpt lon="11.498609" lat="52.130240"><ele>91.5</ele></trkpt>
   <trkpt lon="11.499323" lat="52.130177"><ele>91.0</ele></trkpt>
   <trkpt lon="11.499840" lat="52.130139"><ele>90.5</ele></trkpt>
   <trkpt lon="11.499955" lat="52.130130"><ele>90.5</ele></trkpt>
   <trkpt lon="11.501394" lat="52.130022"><ele>88.5</ele></trkpt>
   <trkpt lon="11.501951" lat="52.129978"><ele>88.0</ele></trkpt>
   <trkpt lon="11.502239" lat="52.129956"><ele>88.0</ele></trkpt>
   <trkpt lon="11.502765" lat="52.129916"><ele>88.5</ele></trkpt>
   <trkpt lon="11.503197" lat="52.129882"><ele>89.25</ele></trkpt>
   <trkpt lon="11.506109" lat="52.129655"><ele>92.75</ele></trkpt>
   <trkpt lon="11.507037" lat="52.129569"><ele>93.0</ele></trkpt>
   <trkpt lon="11.507348" lat="52.129541"><ele>93.0</ele></trkpt>
   <trkpt lon="11.507683" lat="52.129505"><ele>92.75</ele></trkpt>
   <trkpt lon="11.508598" lat="52.129391"><ele>92.25</ele></trkpt>
   <trkpt lon="11.509552" lat="52.129248"><ele>92.25</ele></trkpt>
   <trkpt lon="11.510318" lat="52.129120"><ele>92.0</ele></trkpt>
   <trkpt lon="11.510690" lat="52.129057"><ele>92.25</ele></trkpt>
   <trkpt lon="11.511408" lat="52.128949"><ele>92.0</ele></trkpt>
   <trkpt lon="11.511988" lat="52.128838"><ele>91.75</ele></trkpt>
   <trkpt lon="11.512402" lat="52.128747"><ele>91.5</ele></trkpt>
   <trkpt lon="11.513504" lat="52.128504"><ele>90.25</ele></trkpt>
   <trkpt lon="11.513739" lat="52.128449"><ele>90.0</ele></trkpt>
   <trkpt lon="11.514268" lat="52.128312"><ele>89.75</ele></trkpt>
   <trkpt lon="11.514467" lat="52.128257"><ele>89.75</ele></trkpt>
   <trkpt lon="11.515436" lat="52.127964"><ele>89.75</ele></trkpt>
   <trkpt lon="11.516566" lat="52.127586"><ele>88.75</ele></trkpt>
   <trkpt lon="11.517205" lat="52.127351"><ele>88.25</ele></trkpt>
   <trkpt lon="11.518095" lat="52.127002"><ele>86.5</ele></trkpt>
   <trkpt lon="11.519326" lat="52.126494"><ele>84.25</ele></trkpt>
   <trkpt lon="11.521695" lat="52.125514"><ele>78.75</ele></trkpt>
   <trkpt lon="11.521770" lat="52.125482"><ele>78.5</ele></trkpt>
   <trkpt lon="11.521983" lat="52.125396"><ele>78.0</ele></trkpt>
   <trkpt lon="11.522736" lat="52.125085"><ele>77.25</ele></trkpt>
   <trkpt lon="11.524493" lat="52.124359"><ele>76.75</ele></trkpt>
   <trkpt lon="11.525076" lat="52.124127"><ele>77.75</ele></trkpt>
   <trkpt lon="11.525641" lat="52.123914"><ele>77.75</ele></trkpt>
   <trkpt lon="11.526215" lat="52.123711"><ele>77.5</ele></trkpt>
   <trkpt lon="11.526988" lat="52.123458"><ele>78.25</ele></trkpt>
   <trkpt lon="11.527535" lat="52.123295"><ele>79.0</ele></trkpt>
   <trkpt lon="11.528349" lat="52.123073"><ele>80.25</ele></trkpt>
   <trkpt lon="11.529141" lat="52.122879"><ele>81.0</ele></trkpt>
   <trkpt lon="11.529635" lat="52.122771"><ele>81.5</ele></trkpt>
   <trkpt lon="11.529937" lat="52.122707"><ele>81.75</ele></trkpt>
   <trkpt lon="11.530685" lat="52.122564"><ele>80.0</ele></trkpt>
   <trkpt lon="11.530983" lat="52.122512"><ele>79.25</ele></trkpt>
   <trkpt lon="11.531816" lat="52.122382"><ele>77.5</ele></trkpt>
   <trkpt lon="11.532487" lat="52.122292"><ele>77.25</ele></trkpt>
   <trkpt lon="11.533168" lat="52.122214"><ele>76.0</ele></trkpt>
   <trkpt lon="11.533478" lat="52.122183"><ele>75.75</ele></trkpt>
   <trkpt lon="11.534270" lat="52.122117"><ele>76.0</ele></trkpt>
   <trkpt lon="11.534701" lat="52.122088"><ele>76.0</ele></trkpt>
   <trkpt lon="11.535181" lat="52.122064"><ele>76.25</ele></trkpt>
   <trkpt lon="11.535342" lat="52.122056"><ele>76.25</ele></trkpt>
   <trkpt lon="11.536522" lat="52.122011"><ele>77.75</ele></trkpt>
   <trkpt lon="11.540784" lat="52.121865"><ele>74.5</ele></trkpt>
   <trkpt lon="11.543990" lat="52.121762"><ele>74.75</ele></trkpt>
   <trkpt lon="11.546619" lat="52.121677"><ele>70.0</ele></trkpt>
   <trkpt lon="11.547167" lat="52.121659"><ele>70.5</ele></trkpt>
   <trkpt lon="11.547180" lat="52.121658"><ele>70.5</ele></trkpt>
   <trkpt lon="11.548136" lat="52.121618"><ele>71.75</ele></trkpt>
   <trkpt lon="11.549361" lat="52.121576"><ele>73.5</ele></trkpt>
   <trkpt lon="11.551086" lat="52.121525"><ele>76.0</ele></trkpt>
   <trkpt lon="11.551396" lat="52.121517"><ele>76.25</ele></trkpt>
   <trkpt lon="11.552542" lat="52.121528"><ele>76.5</ele></trkpt>
   <trkpt lon="11.552612" lat="52.121530"><ele>76.75</ele></trkpt>
   <trkpt lon="11.553021" lat="52.121546"><ele>77.25</ele></trkpt>
   <trkpt lon="11.555238" lat="52.121657"><ele>74.5</ele></trkpt>
   <trkpt lon="11.557981" lat="52.121794"><ele>73.0</ele></trkpt>
   <trkpt lon="11.559019" lat="52.121846"><ele>72.25</ele></trkpt>
   <trkpt lon="11.564523" lat="52.122121"><ele>70.75</ele></trkpt>
   <trkpt lon="11.566785" lat="52.122234"><ele>67.5</ele></trkpt>
   <trkpt lon="11.569528" lat="52.122372"><ele>67.25</ele></trkpt>
   <trkpt lon="11.570209" lat="52.122406"><ele>67.25</ele></trkpt>
   <trkpt lon="11.570734" lat="52.122429"><ele>67.25</ele></trkpt>
   <trkpt lon="11.571777" lat="52.122453"><ele>66.75</ele></trkpt>
   <trkpt lon="11.572344" lat="52.122454"><ele>66.25</ele></trkpt>
   <trkpt lon="11.572932" lat="52.122444"><ele>65.0</ele></trkpt>
   <trkpt lon="11.573650" lat="52.122420"><ele>64.25</ele></trkpt>
   <trkpt lon="11.574420" lat="52.122375"><ele>64.75</ele></trkpt>
   <trkpt lon="11.576178" lat="52.122233"><ele>64.75</ele></trkpt>
   <trkpt lon="11.578576" lat="52.122027"><ele>64.25</ele></trkpt>
   <trkpt lon="11.581128" lat="52.121806"><ele>62.75</ele></trkpt>
   <trkpt lon="11.581390" lat="52.121784"><ele>62.5</ele></trkpt>
   <trkpt lon="11.584638" lat="52.121504"><ele>60.5</ele></trkpt>
   <trkpt lon="11.586179" lat="52.121371"><ele>59.75</ele></trkpt>
   <trkpt lon="11.587303" lat="52.121274"><ele>58.5</ele></trkpt>
   <trkpt lon="11.589910" lat="52.121049"><ele>57.5</ele></trkpt>
   <trkpt lon="11.589920" lat="52.121048"><ele>57.5</ele></trkpt>
   <trkpt lon="11.590817" lat="52.120971"><ele>57.75</ele></trkpt>
   <trkpt lon="11.592762" lat="52.120808"><ele>57.5</ele></trkpt>
   <trkpt lon="11.593060" lat="52.120788"><ele>57.25</ele></trkpt>
   <trkpt lon="11.593849" lat="52.120733"><ele>57.0</ele></trkpt>
   <trkpt lon="11.595308" lat="52.120633"><ele>56.25</ele></trkpt>
   <trkpt lon="11.595883" lat="52.120589"><ele>56.25</ele></trkpt>
   <trkpt lon="11.596079" lat="52.120572"><ele>56.0</ele></trkpt>
   <trkpt lon="11.596143" lat="52.120567"><ele>56.0</ele></trkpt>
   <trkpt lon="11.596211" lat="52.120562"><ele>56.0</ele></trkpt>
   <trkpt lon="11.596401" lat="52.120544"><ele>56.0</ele></trkpt>
   <trkpt lon="11.596506" lat="52.120536"><ele>56.0</ele></trkpt>
   <trkpt lon="11.596564" lat="52.120531"><ele>56.0</ele></trkpt>
   <trkpt lon="11.597148" lat="52.120484"><ele>56.0</ele></trkpt>
   <trkpt lon="11.597410" lat="52.120459"><ele>56.0</ele></trkpt>
   <trkpt lon="11.598532" lat="52.120360"><ele>55.0</ele></trkpt>
   <trkpt lon="11.598840" lat="52.120333"><ele>55.0</ele></trkpt>
   <trkpt lon="11.598860" lat="52.120331"><ele>55.0</ele></trkpt>
   <trkpt lon="11.599170" lat="52.120303"><ele>55.0</ele></trkpt>
   <trkpt lon="11.601413" lat="52.120106"><ele>55.0</ele></trkpt>
   <trkpt lon="11.606561" lat="52.119658"><ele>56.75</ele></trkpt>
   <trkpt lon="11.606968" lat="52.119622"><ele>56.5</ele></trkpt>
   <trkpt lon="11.609692" lat="52.119384"><ele>55.0</ele></trkpt>
   <trkpt lon="11.611524" lat="52.119227"><ele>54.25</ele></trkpt>
   <trkpt lon="11.611533" lat="52.119226"><ele>54.25</ele></trkpt>
   <trkpt lon="11.611539" lat="52.119225"><ele>54.25</ele></trkpt>
   <trkpt lon="11.612095" lat="52.119177"><ele>54.0</ele></trkpt>
   <trkpt lon="11.612600" lat="52.119138"><ele>54.0</ele></trkpt>
   <trkpt lon="11.613176" lat="52.119116"><ele>54.0</ele></trkpt>
   <trkpt lon="11.613577" lat="52.119112"><ele>54.0</ele></trkpt>
   <trkpt lon="11.613958" lat="52.119099"><ele>54.0</ele></trkpt>
   <trkpt lon="11.614282" lat="52.119076"><ele>54.0</ele></trkpt>
   <trkpt lon="11.614613" lat="52.119068"><ele>54.5</ele></trkpt>
   <trkpt lon="11.614951" lat="52.119068"><ele>55.0</ele></trkpt>
   <trkpt lon="11.615219" lat="52.119075"><ele>55.0</ele></trkpt>
   <trkpt lon="11.615675" lat="52.119100"><ele>55.0</ele></trkpt>
   <trkpt lon="11.615683" lat="52.119100"><ele>55.0</ele></trkpt>
   <trkpt lon="11.615711" lat="52.119103"><ele>55.0</ele></trkpt>
   <trkpt lon="11.616075" lat="52.119151"><ele>55.0</ele></trkpt>
   <trkpt lon="11.616336" lat="52.119201"><ele>54.75</ele></trkpt>
   <trkpt lon="11.617012" lat="52.119357"><ele>54.25</ele></trkpt>
   <trkpt lon="11.617324" lat="52.119427"><ele>53.75</ele></trkpt>
   <trkpt lon="11.617721" lat="52.119531"><ele>53.0</ele></trkpt>
   <trkpt lon="11.617733" lat="52.119534"><ele>53.0</ele></trkpt>
   <trkpt lon="11.618046" lat="52.119623"><ele>52.25</ele></trkpt>
   <trkpt lon="11.618484" lat="52.119763"><ele>51.5</ele></trkpt>
   <trkpt lon="11.618705" lat="52.119840"><ele>51.5</ele></trkpt>
   <trkpt lon="11.619107" lat="52.119991"><ele>51.75</ele></trkpt>
   <trkpt lon="11.619256" lat="52.120049"><ele>52.0</ele></trkpt>
   <trkpt lon="11.619528" lat="52.120165"><ele>52.25</ele></trkpt>
   <trkpt lon="11.619976" lat="52.120380"><ele>52.5</ele></trkpt>
   <trkpt lon="11.620539" lat="52.120692"><ele>52.0</ele></trkpt>
   <trkpt lon="11.620933" lat="52.120944"><ele>52.25</ele></trkpt>
   <trkpt lon="11.621011" lat="52.120998"><ele>52.5</ele></trkpt>
   <trkpt lon="11.621078" lat="52.121044"><ele>52.75</ele></trkpt>
   <trkpt lon="11.621177" lat="52.121112"><ele>53.0</ele></trkpt>
   <trkpt lon="11.621252" lat="52.121166"><ele>53.25</ele></trkpt>
   <trkpt lon="11.621878" lat="52.121613"><ele>53.75</ele></trkpt>
   <trkpt lon="11.622146" lat="52.121841"><ele>54.25</ele></trkpt>
   <trkpt lon="11.622490" lat="52.122186"><ele>54.5</ele></trkpt>
   <trkpt lon="11.622794" lat="52.122516"><ele>54.25</ele></trkpt>
   <trkpt lon="11.622944" lat="52.122681"><ele>53.5</ele></trkpt>
   <trkpt lon="11.623155" lat="52.122908"><ele>52.75</ele></trkpt>
   <trkpt lon="11.623312" lat="52.123057"><ele>52.25</ele></trkpt>
   <trkpt lon="11.623528" lat="52.123241"><ele>52.0</ele></trkpt>
   <trkpt lon="11.624004" lat="52.123619"><ele>52.25</ele></trkpt>
   <trkpt lon="11.624173" lat="52.123770"><ele>52.5</ele></trkpt>
   <trkpt lon="11.624378" lat="52.123975"><ele>52.5</ele></trkpt>
   <trkpt lon="11.624587" lat="52.124221"><ele>52.25</ele></trkpt>
   <trkpt lon="11.624713" lat="52.124394"><ele>52.25</ele></trkpt>
   <trkpt lon="11.624819" lat="52.124567"><ele>52.0</ele></trkpt>
   <trkpt lon="11.624893" lat="52.124690"><ele>52.0</ele></trkpt>
   <trkpt lon="11.624969" lat="52.124806"><ele>52.0</ele></trkpt>
   <trkpt lon="11.625051" lat="52.124927"><ele>52.0</ele></trkpt>
   <trkpt lon="11.625154" lat="52.125066"><ele>52.0</ele></trkpt>
   <trkpt lon="11.625393" lat="52.125361"><ele>52.25</ele></trkpt>
   <trkpt lon="11.625536" lat="52.125560"><ele>52.0</ele></trkpt>
   <trkpt lon="11.625606" lat="52.125672"><ele>52.0</ele></trkpt>
   <trkpt lon="11.625755" lat="52.125959"><ele>51.75</ele></trkpt>
   <trkpt lon="11.625834" lat="52.126138"><ele>51.5</ele></trkpt>
   <trkpt lon="11.625953" lat="52.126520"><ele>51.25</ele></trkpt>
   <trkpt lon="11.626265" lat="52.127576"><ele>51.5</ele></trkpt>
   <trkpt lon="11.626358" lat="52.127895"><ele>52.25</ele></trkpt>
   <trkpt lon="11.626370" lat="52.127935"><ele>52.25</ele></trkpt>
   <trkpt lon="11.626380" lat="52.127969"><ele>52.25</ele></trkpt>
   <trkpt lon="11.626543" lat="52.128529"><ele>52.75</ele></trkpt>
   <trkpt lon="11.626544" lat="52.128533"><ele>52.75</ele></trkpt>
   <trkpt lon="11.626547" lat="52.128541"><ele>52.75</ele></trkpt>
   <trkpt lon="11.626578" lat="52.128647"><ele>52.75</ele></trkpt>
   <trkpt lon="11.626633" lat="52.128834"><ele>52.75</ele></trkpt>
   <trkpt lon="11.626714" lat="52.129101"><ele>53.0</ele></trkpt>
   <trkpt lon="11.627025" lat="52.130153"><ele>53.25</ele></trkpt>
   <trkpt lon="11.627031" lat="52.130175"><ele>53.25</ele></trkpt>
   <trkpt lon="11.627165" lat="52.130629"><ele>53.5</ele></trkpt>
   <trkpt lon="11.627245" lat="52.130901"><ele>52.25</ele></trkpt>
   <trkpt lon="11.627165" lat="52.130629"><ele>53.5</ele></trkpt>
   <trkpt lon="11.627031" lat="52.130175"><ele>53.25</ele></trkpt>
   <trkpt lon="11.627025" lat="52.130153"><ele>53.25</ele></trkpt>
   <trkpt lon="11.626714" lat="52.129101"><ele>53.0</ele></trkpt>
   <trkpt lon="11.626633" lat="52.128834"><ele>52.75</ele></trkpt>
   <trkpt lon="11.626578" lat="52.128647"><ele>52.75</ele></trkpt>
   <trkpt lon="11.626547" lat="52.128541"><ele>52.75</ele></trkpt>
   <trkpt lon="11.626544" lat="52.128533"><ele>52.75</ele></trkpt>
   <trkpt lon="11.626543" lat="52.128529"><ele>52.75</ele></trkpt>
   <trkpt lon="11.626380" lat="52.127969"><ele>52.25</ele></trkpt>
   <trkpt lon="11.626370" lat="52.127935"><ele>52.25</ele></trkpt>
   <trkpt lon="11.626358" lat="52.127895"><ele>52.25</ele></trkpt>
   <trkpt lon="11.626265" lat="52.127576"><ele>51.5</ele></trkpt>
   <trkpt lon="11.626199" lat="52.127312"><ele>51.25</ele></trkpt>
   <trkpt lon="11.626158" lat="52.127060"><ele>51.25</ele></trkpt>
   <trkpt lon="11.626084" lat="52.126739"><ele>51.25</ele></trkpt>
   <trkpt lon="11.626078" lat="52.126717"><ele>51.25</ele></trkpt>
   <trkpt lon="11.625946" lat="52.126267"><ele>51.5</ele></trkpt>
   <trkpt lon="11.625880" lat="52.125989"><ele>51.75</ele></trkpt>
   <trkpt lon="11.625818" lat="52.125606"><ele>52.25</ele></trkpt>
   <trkpt lon="11.625763" lat="52.125251"><ele>52.5</ele></trkpt>
   <trkpt lon="11.625693" lat="52.124954"><ele>52.75</ele></trkpt>
   <trkpt lon="11.625676" lat="52.124898"><ele>52.75</ele></trkpt>
   <trkpt lon="11.625317" lat="52.123620"><ele>52.25</ele></trkpt>
   <trkpt lon="11.625177" lat="52.123036"><ele>52.5</ele></trkpt>
   <trkpt lon="11.625054" lat="52.122510"><ele>53.0</ele></trkpt>
   <trkpt lon="11.624851" lat="52.121574"><ele>53.5</ele></trkpt>
   <trkpt lon="11.624831" lat="52.121417"><ele>53.25</ele></trkpt>
   <trkpt lon="11.624823" lat="52.121356"><ele>53.0</ele></trkpt>
   <trkpt lon="11.624757" lat="52.120840"><ele>52.25</ele></trkpt>
   <trkpt lon="11.624730" lat="52.120633"><ele>52.25</ele></trkpt>
   <trkpt lon="11.624654" lat="52.120078"><ele>52.75</ele></trkpt>
   <trkpt lon="11.624630" lat="52.119886"><ele>53.0</ele></trkpt>
   <trkpt lon="11.624607" lat="52.119710"><ele>53.0</ele></trkpt>
   <trkpt lon="11.624519" lat="52.119024"><ele>53.5</ele></trkpt>
   <trkpt lon="11.624513" lat="52.118980"><ele>53.5</ele></trkpt>
   <trkpt lon="11.624380" lat="52.117915"><ele>52.75</ele></trkpt>
   <trkpt lon="11.624351" lat="52.117542"><ele>52.25</ele></trkpt>
   <trkpt lon="11.624349" lat="52.117509"><ele>52.0</ele></trkpt>
   <trkpt lon="11.624349" lat="52.117500"><ele>52.0</ele></trkpt>
   <trkpt lon="11.624349" lat="52.117472"><ele>52.0</ele></trkpt>
   <trkpt lon="11.624356" lat="52.117067"><ele>52.0</ele></trkpt>
   <trkpt lon="11.624395" lat="52.116694"><ele>52.25</ele></trkpt>
   <trkpt lon="11.624477" lat="52.116275"><ele>53.0</ele></trkpt>
   <trkpt lon="11.624483" lat="52.116255"><ele>53.0</ele></trkpt>
   <trkpt lon="11.624486" lat="52.116244"><ele>53.0</ele></trkpt>
   <trkpt lon="11.624624" lat="52.115782"><ele>53.75</ele></trkpt>
   <trkpt lon="11.624755" lat="52.115456"><ele>53.75</ele></trkpt>
   <trkpt lon="11.624763" lat="52.115438"><ele>53.75</ele></trkpt>
   <trkpt lon="11.624767" lat="52.115429"><ele>53.75</ele></trkpt>
   <trkpt lon="11.624777" lat="52.115408"><ele>53.75</ele></trkpt>
   <trkpt lon="11.624941" lat="52.115071"><ele>53.0</ele></trkpt>
   <trkpt lon="11.625137" lat="52.114730"><ele>53.25</ele></trkpt>
   <trkpt lon="11.625229" lat="52.114592"><ele>53.75</ele></trkpt>
   <trkpt lon="11.625321" lat="52.114455"><ele>53.75</ele></trkpt>
   <trkpt lon="11.625598" lat="52.114090"><ele>54.0</ele></trkpt>
   <trkpt lon="11.625933" lat="52.113695"><ele>52.75</ele></trkpt>
   <trkpt lon="11.625999" lat="52.113622"><ele>52.75</ele></trkpt>
   <trkpt lon="11.626069" lat="52.113545"><ele>52.5</ele></trkpt>
   <trkpt lon="11.626298" lat="52.113289"><ele>52.5</ele></trkpt>
   <trkpt lon="11.626520" lat="52.113043"><ele>52.75</ele></trkpt>
   <trkpt lon="11.626876" lat="52.112653"><ele>53.0</ele></trkpt>
   <trkpt lon="11.627213" lat="52.112302"><ele>52.75</ele></trkpt>
   <trkpt lon="11.628014" lat="52.111514"><ele>53.75</ele></trkpt>
   <trkpt lon="11.628335" lat="52.111258"><ele>53.5</ele></trkpt>
   <trkpt lon="11.628746" lat="52.110864"><ele>52.5</ele></trkpt>
   <trkpt lon="11.629486" lat="52.110130"><ele>53.5</ele></trkpt>
   <trkpt lon="11.629877" lat="52.109723"><ele>52.25</ele></trkpt>
   <trkpt lon="11.630084" lat="52.109485"><ele>51.75</ele></trkpt>
   <trkpt lon="11.630375" lat="52.109128"><ele>52.0</ele></trkpt>
   <trkpt lon="11.630603" lat="52.108839"><ele>52.25</ele></trkpt>
   <trkpt lon="11.630608" lat="52.108831"><ele>52.25</ele></trkpt>
   <trkpt lon="11.630618" lat="52.108820"><ele>52.5</ele></trkpt>
   <trkpt lon="11.630764" lat="52.108627"><ele>52.5</ele></trkpt>
   <trkpt lon="11.631739" lat="52.107383"><ele>53.0</ele></trkpt>
   <trkpt lon="11.634164" lat="52.104512"><ele>52.5</ele></trkpt>
   <trkpt lon="11.635920" lat="52.102600"><ele>52.75</ele></trkpt>
   <trkpt lon="11.636190" lat="52.102303"><ele>52.75</ele></trkpt>
   <trkpt lon="11.636631" lat="52.101781"><ele>52.0</ele></trkpt>
   <trkpt lon="11.637439" lat="52.100751"><ele>52.0</ele></trkpt>
   <trkpt lon="11.638197" lat="52.099805"><ele>52.0</ele></trkpt>
   <trkpt lon="11.638292" lat="52.099686"><ele>52.0</ele></trkpt>
   <trkpt lon="11.638380" lat="52.099579"><ele>52.0</ele></trkpt>
   <trkpt lon="11.638627" lat="52.099282"><ele>52.0</ele></trkpt>
   <trkpt lon="11.638667" lat="52.099233"><ele>51.75</ele></trkpt>
   <trkpt lon="11.639539" lat="52.098186"><ele>53.0</ele></trkpt>
   <trkpt lon="11.639836" lat="52.097835"><ele>53.0</ele></trkpt>
   <trkpt lon="11.640103" lat="52.097567"><ele>52.75</ele></trkpt>
   <trkpt lon="11.640332" lat="52.097350"><ele>52.75</ele></trkpt>
   <trkpt lon="11.640385" lat="52.097299"><ele>52.75</ele></trkpt>
   <trkpt lon="11.643263" lat="52.094562"><ele>53.5</ele></trkpt>
   <trkpt lon="11.645002" lat="52.092911"><ele>54.0</ele></trkpt>
   <trkpt lon="11.645424" lat="52.092529"><ele>54.0</ele></trkpt>
   <trkpt lon="11.646088" lat="52.091919"><ele>54.0</ele></trkpt>
   <trkpt lon="11.646406" lat="52.091620"><ele>54.5</ele></trkpt>
   <trkpt lon="11.646855" lat="52.091208"><ele>54.25</ele></trkpt>
   <trkpt lon="11.647113" lat="52.090973"><ele>54.0</ele></trkpt>
   <trkpt lon="11.647352" lat="52.090763"><ele>53.75</ele></trkpt>
   <trkpt lon="11.647675" lat="52.090502"><ele>54.25</ele></trkpt>
   <trkpt lon="11.648865" lat="52.089613"><ele>55.25</ele></trkpt>
   <trkpt lon="11.650486" lat="52.088418"><ele>55.0</ele></trkpt>
   <trkpt lon="11.650883" lat="52.088125"><ele>54.75</ele></trkpt>
   <trkpt lon="11.651210" lat="52.087886"><ele>54.75</ele></trkpt>
   <trkpt lon="11.651382" lat="52.087741"><ele>55.0</ele></trkpt>
   <trkpt lon="11.653527" lat="52.085752"><ele>55.0</ele></trkpt>
   <trkpt lon="11.653691" lat="52.085591"><ele>55.0</ele></trkpt>
   <trkpt lon="11.653958" lat="52.085310"><ele>55.0</ele></trkpt>
   <trkpt lon="11.654087" lat="52.085152"><ele>55.0</ele></trkpt>
   <trkpt lon="11.654201" lat="52.084996"><ele>55.0</ele></trkpt>
   <trkpt lon="11.654388" lat="52.084690"><ele>55.0</ele></trkpt>
   <trkpt lon="11.655128" lat="52.083264"><ele>55.0</ele></trkpt>
   <trkpt lon="11.655377" lat="52.082898"><ele>55.5</ele></trkpt>
   <trkpt lon="11.655528" lat="52.082616"><ele>55.75</ele></trkpt>
   <trkpt lon="11.655602" lat="52.082474"><ele>55.75</ele></trkpt>
   <trkpt lon="11.655895" lat="52.081932"><ele>55.25</ele></trkpt>
   <trkpt lon="11.656039" lat="52.081711"><ele>55.25</ele></trkpt>
   <trkpt lon="11.656234" lat="52.081458"><ele>55.25</ele></trkpt>
   <trkpt lon="11.656301" lat="52.081382"><ele>55.5</ele></trkpt>
   <trkpt lon="11.656367" lat="52.081307"><ele>55.5</ele></trkpt>
   <trkpt lon="11.656412" lat="52.081260"><ele>55.5</ele></trkpt>
   <trkpt lon="11.656595" lat="52.081084"><ele>55.25</ele></trkpt>
   <trkpt lon="11.656912" lat="52.080822"><ele>55.0</ele></trkpt>
   <trkpt lon="11.657221" lat="52.080604"><ele>55.0</ele></trkpt>
   <trkpt lon="11.657379" lat="52.080503"><ele>55.0</ele></trkpt>
   <trkpt lon="11.657656" lat="52.080341"><ele>54.75</ele></trkpt>
   <trkpt lon="11.661223" lat="52.078360"><ele>54.0</ele></trkpt>
   <trkpt lon="11.661683" lat="52.078094"><ele>54.25</ele></trkpt>
   <trkpt lon="11.661935" lat="52.077942"><ele>54.25</ele></trkpt>
   <trkpt lon="11.662292" lat="52.077713"><ele>54.0</ele></trkpt>
   <trkpt lon="11.662797" lat="52.077349"><ele>53.5</ele></trkpt>
   <trkpt lon="11.662957" lat="52.077227"><ele>53.25</ele></trkpt>
   <trkpt lon="11.663269" lat="52.076970"><ele>53.0</ele></trkpt>
   <trkpt lon="11.663867" lat="52.076430"><ele>51.25</ele></trkpt>
   <trkpt lon="11.664058" lat="52.076254"><ele>50.5</ele></trkpt>
   <trkpt lon="11.664195" lat="52.076130"><ele>50.0</ele></trkpt>
   <trkpt lon="11.664280" lat="52.076050"><ele>49.75</ele></trkpt>
   <trkpt lon="11.664446" lat="52.075895"><ele>49.25</ele></trkpt>
   <trkpt lon="11.665269" lat="52.075118"><ele>52.5</ele></trkpt>
   <trkpt lon="11.665449" lat="52.074946"><ele>53.0</ele></trkpt>
   <trkpt lon="11.665631" lat="52.074773"><ele>53.5</ele></trkpt>
   <trkpt lon="11.667365" lat="52.073125"><ele>54.5</ele></trkpt>
   <trkpt lon="11.667467" lat="52.073028"><ele>54.5</ele></trkpt>
   <trkpt lon="11.667543" lat="52.072954"><ele>54.5</ele></trkpt>
   <trkpt lon="11.667732" lat="52.072777"><ele>54.0</ele></trkpt>
   <trkpt lon="11.668278" lat="52.072243"><ele>53.75</ele></trkpt>
   <trkpt lon="11.668725" lat="52.071787"><ele>54.0</ele></trkpt>
   <trkpt lon="11.669252" lat="52.071229"><ele>53.5</ele></trkpt>
   <trkpt lon="11.669551" lat="52.070900"><ele>53.5</ele></trkpt>
   <trkpt lon="11.669670" lat="52.070767"><ele>53.75</ele></trkpt>
   <trkpt lon="11.669788" lat="52.070634"><ele>54.25</ele></trkpt>
   <trkpt lon="11.670690" lat="52.069612"><ele>57.5</ele></trkpt>
   <trkpt lon="11.672037" lat="52.068077"><ele>61.75</ele></trkpt>
   <trkpt lon="11.672486" lat="52.067566"><ele>61.75</ele></trkpt>
   <trkpt lon="11.672916" lat="52.067030"><ele>61.0</ele></trkpt>
   <trkpt lon="11.673070" lat="52.066820"><ele>60.75</ele></trkpt>
   <trkpt lon="11.673301" lat="52.066476"><ele>60.25</ele></trkpt>
   <trkpt lon="11.673526" lat="52.066113"><ele>60.5</ele></trkpt>
   <trkpt lon="11.673686" lat="52.065853"><ele>60.75</ele></trkpt>
   <trkpt lon="11.674008" lat="52.065329"><ele>61.75</ele></trkpt>
   <trkpt lon="11.674520" lat="52.064497"><ele>61.75</ele></trkpt>
   <trkpt lon="11.674721" lat="52.064151"><ele>61.25</ele></trkpt>
   <trkpt lon="11.674911" lat="52.063798"><ele>59.5</ele></trkpt>
   <trkpt lon="11.675113" lat="52.063365"><ele>58.0</ele></trkpt>
   <trkpt lon="11.675246" lat="52.063040"><ele>58.0</ele></trkpt>
   <trkpt lon="11.675442" lat="52.062500"><ele>58.25</ele></trkpt>
   <trkpt lon="11.677461" lat="52.056600"><ele>55.25</ele></trkpt>
   <trkpt lon="11.677759" lat="52.055766"><ele>56.5</ele></trkpt>
   <trkpt lon="11.678024" lat="52.055111"><ele>56.25</ele></trkpt>
   <trkpt lon="11.678307" lat="52.054495"><ele>54.25</ele></trkpt>
   <trkpt lon="11.678467" lat="52.054184"><ele>53.5</ele></trkpt>
   <trkpt lon="11.678832" lat="52.053529"><ele>51.5</ele></trkpt>
   <trkpt lon="11.679008" lat="52.053247"><ele>51.0</ele></trkpt>
   <trkpt lon="11.679387" lat="52.052673"><ele>49.75</ele></trkpt>
   <trkpt lon="11.679829" lat="52.052075"><ele>49.5</ele></trkpt>
   <trkpt lon="11.680064" lat="52.051774"><ele>49.75</ele></trkpt>
   <trkpt lon="11.680563" lat="52.051182"><ele>49.0</ele></trkpt>
   <trkpt lon="11.680828" lat="52.050890"><ele>49.0</ele></trkpt>
   <trkpt lon="11.681384" lat="52.050304"><ele>48.75</ele></trkpt>
   <trkpt lon="11.681596" lat="52.050090"><ele>48.75</ele></trkpt>
   <trkpt lon="11.681667" lat="52.050019"><ele>48.75</ele></trkpt>
   <trkpt lon="11.682260" lat="52.049448"><ele>48.75</ele></trkpt>
   <trkpt lon="11.682562" lat="52.049170"><ele>48.75</ele></trkpt>
   <trkpt lon="11.682871" lat="52.048892"><ele>48.25</ele></trkpt>
   <trkpt lon="11.683516" lat="52.048336"><ele>48.0</ele></trkpt>
   <trkpt lon="11.684183" lat="52.047798"><ele>47.25</ele></trkpt>
   <trkpt lon="11.684529" lat="52.047536"><ele>47.25</ele></trkpt>
   <trkpt lon="11.684882" lat="52.047278"><ele>47.75</ele></trkpt>
   <trkpt lon="11.685602" lat="52.046780"><ele>48.0</ele></trkpt>
   <trkpt lon="11.685965" lat="52.046542"><ele>48.0</ele></trkpt>
   <trkpt lon="11.686338" lat="52.046308"><ele>48.0</ele></trkpt>
   <trkpt lon="11.687130" lat="52.045828"><ele>47.75</ele></trkpt>
   <trkpt lon="11.689386" lat="52.044508"><ele>47.25</ele></trkpt>
   <trkpt lon="11.691556" lat="52.043240"><ele>47.75</ele></trkpt>
   <trkpt lon="11.693834" lat="52.041908"><ele>47.25</ele></trkpt>
   <trkpt lon="11.696029" lat="52.040624"><ele>47.25</ele></trkpt>
   <trkpt lon="11.698167" lat="52.039374"><ele>47.0</ele></trkpt>
   <trkpt lon="11.698182" lat="52.039365"><ele>47.0</ele></trkpt>
   <trkpt lon="11.698279" lat="52.039308"><ele>47.0</ele></trkpt>
   <trkpt lon="11.699864" lat="52.038381"><ele>47.0</ele></trkpt>
   <trkpt lon="11.702126" lat="52.037058"><ele>47.0</ele></trkpt>
   <trkpt lon="11.704316" lat="52.035778"><ele>47.0</ele></trkpt>
   <trkpt lon="11.706681" lat="52.034395"><ele>46.0</ele></trkpt>
   <trkpt lon="11.706689" lat="52.034390"><ele>46.0</ele></trkpt>
   <trkpt lon="11.708284" lat="52.033457"><ele>47.75</ele></trkpt>
   <trkpt lon="11.710666" lat="52.032063"><ele>47.0</ele></trkpt>
   <trkpt lon="11.710788" lat="52.031992"><ele>47.0</ele></trkpt>
   <trkpt lon="11.710799" lat="52.031985"><ele>47.0</ele></trkpt>
   <trkpt lon="11.712648" lat="52.030904"><ele>47.75</ele></trkpt>
   <trkpt lon="11.713582" lat="52.030355"><ele>47.25</ele></trkpt>
   <trkpt lon="11.713718" lat="52.030276"><ele>47.25</ele></trkpt>
   <trkpt lon="11.714344" lat="52.029921"><ele>48.25</ele></trkpt>
   <trkpt lon="11.714973" lat="52.029560"><ele>49.25</ele></trkpt>
   <trkpt lon="11.716637" lat="52.028575"><ele>49.25</ele></trkpt>
   <trkpt lon="11.716658" lat="52.028562"><ele>49.25</ele></trkpt>
   <trkpt lon="11.716700" lat="52.028536"><ele>49.5</ele></trkpt>
   <trkpt lon="11.717211" lat="52.028238"><ele>49.75</ele></trkpt>
   <trkpt lon="11.717938" lat="52.027813"><ele>48.75</ele></trkpt>
   <trkpt lon="11.719671" lat="52.026798"><ele>48.25</ele></trkpt>
   <trkpt lon="11.722439" lat="52.025178"><ele>49.0</ele></trkpt>
   <trkpt lon="11.726554" lat="52.022769"><ele>48.75</ele></trkpt>
   <trkpt lon="11.727572" lat="52.022172"><ele>49.25</ele></trkpt>
   <trkpt lon="11.727850" lat="52.021971"><ele>49.5</ele></trkpt>
   <trkpt lon="11.728127" lat="52.021793"><ele>49.25</ele></trkpt>
   <trkpt lon="11.728441" lat="52.021609"><ele>49.0</ele></trkpt>
   <trkpt lon="11.728580" lat="52.021521"><ele>49.25</ele></trkpt>
   <trkpt lon="11.728912" lat="52.021289"><ele>49.75</ele></trkpt>
   <trkpt lon="11.729141" lat="52.021144"><ele>50.25</ele></trkpt>
   <trkpt lon="11.730150" lat="52.020559"><ele>50.25</ele></trkpt>
   <trkpt lon="11.731573" lat="52.019757"><ele>50.0</ele></trkpt>
   <trkpt lon="11.731651" lat="52.019712"><ele>50.0</ele></trkpt>
   <trkpt lon="11.732982" lat="52.018963"><ele>50.0</ele></trkpt>
   <trkpt lon="11.734566" lat="52.018071"><ele>50.75</ele></trkpt>
   <trkpt lon="11.735413" lat="52.017578"><ele>51.0</ele></trkpt>
   <trkpt lon="11.735488" lat="52.017534"><ele>51.0</ele></trkpt>
   <trkpt lon="11.735828" lat="52.017335"><ele>51.0</ele></trkpt>
   <trkpt lon="11.736751" lat="52.016794"><ele>50.0</ele></trkpt>
   <trkpt lon="11.737016" lat="52.016641"><ele>50.0</ele></trkpt>
   <trkpt lon="11.737764" lat="52.016201"><ele>50.5</ele></trkpt>
   <trkpt lon="11.738155" lat="52.015973"><ele>50.75</ele></trkpt>
   <trkpt lon="11.739683" lat="52.015075"><ele>50.25</ele></trkpt>
   <trkpt lon="11.739792" lat="52.015011"><ele>50.25</ele></trkpt>
   <trkpt lon="11.739874" lat="52.014963"><ele>50.0</ele></trkpt>
   <trkpt lon="11.740309" lat="52.014692"><ele>50.5</ele></trkpt>
   <trkpt lon="11.741268" lat="52.014048"><ele>50.25</ele></trkpt>
   <trkpt lon="11.741499" lat="52.013899"><ele>50.0</ele></trkpt>
   <trkpt lon="11.741941" lat="52.013610"><ele>50.0</ele></trkpt>
   <trkpt lon="11.742545" lat="52.013197"><ele>49.75</ele></trkpt>
   <trkpt lon="11.743076" lat="52.012816"><ele>49.25</ele></trkpt>
   <trkpt lon="11.743253" lat="52.012690"><ele>49.25</ele></trkpt>
   <trkpt lon="11.743913" lat="52.012194"><ele>49.25</ele></trkpt>
   <trkpt lon="11.744544" lat="52.011693"><ele>49.25</ele></trkpt>
   <trkpt lon="11.745187" lat="52.011148"><ele>49.5</ele></trkpt>
   <trkpt lon="11.747070" lat="52.009494"><ele>49.0</ele></trkpt>
   <trkpt lon="11.748938" lat="52.007855"><ele>49.5</ele></trkpt>
   <trkpt lon="11.748991" lat="52.007809"><ele>49.75</ele></trkpt>
   <trkpt lon="11.749145" lat="52.007673"><ele>49.75</ele></trkpt>
   <trkpt lon="11.749577" lat="52.007295"><ele>50.75</ele></trkpt>
   <trkpt lon="11.750293" lat="52.006666"><ele>50.75</ele></trkpt>
   <trkpt lon="11.751994" lat="52.005173"><ele>50.0</ele></trkpt>
   <trkpt lon="11.753893" lat="52.003505"><ele>49.75</ele></trkpt>
   <trkpt lon="11.755146" lat="52.002407"><ele>49.0</ele></trkpt>
   <trkpt lon="11.755364" lat="52.002216"><ele>49.0</ele></trkpt>
   <trkpt lon="11.756759" lat="52.000993"><ele>49.75</ele></trkpt>
   <trkpt lon="11.756943" lat="52.000829"><ele>49.75</ele></trkpt>
   <trkpt lon="11.757059" lat="52.000726"><ele>49.75</ele></trkpt>
   <trkpt lon="11.757656" lat="52.000204"><ele>49.25</ele></trkpt>
   <trkpt lon="11.758842" lat="51.999160"><ele>51.0</ele></trkpt>
   <trkpt lon="11.759395" lat="51.998669"><ele>51.25</ele></trkpt>
   <trkpt lon="11.760726" lat="51.997504"><ele>50.0</ele></trkpt>
   <trkpt lon="11.761982" lat="51.996402"><ele>49.25</ele></trkpt>
   <trkpt lon="11.763795" lat="51.994808"><ele>50.0</ele></trkpt>
   <trkpt lon="11.765485" lat="51.993323"><ele>49.5</ele></trkpt>
   <trkpt lon="11.765664" lat="51.993165"><ele>49.75</ele></trkpt>
   <trkpt lon="11.766897" lat="51.992082"><ele>50.25</ele></trkpt>
   <trkpt lon="11.768738" lat="51.990464"><ele>49.0</ele></trkpt>
   <trkpt lon="11.770547" lat="51.988874"><ele>49.5</ele></trkpt>
   <trkpt lon="11.770619" lat="51.988811"><ele>49.5</ele></trkpt>
   <trkpt lon="11.772474" lat="51.987180"><ele>49.0</ele></trkpt>
   <trkpt lon="11.773958" lat="51.985876"><ele>49.75</ele></trkpt>
   <trkpt lon="11.775600" lat="51.984432"><ele>50.5</ele></trkpt>
   <trkpt lon="11.776852" lat="51.983332"><ele>49.75</ele></trkpt>
   <trkpt lon="11.778622" lat="51.981776"><ele>50.0</ele></trkpt>
   <trkpt lon="11.778895" lat="51.981536"><ele>50.5</ele></trkpt>
   <trkpt lon="11.780247" lat="51.980346"><ele>51.0</ele></trkpt>
   <trkpt lon="11.781138" lat="51.979563"><ele>51.5</ele></trkpt>
   <trkpt lon="11.781574" lat="51.979179"><ele>51.75</ele></trkpt>
   <trkpt lon="11.781621" lat="51.979138"><ele>52.0</ele></trkpt>
   <trkpt lon="11.783638" lat="51.977363"><ele>52.5</ele></trkpt>
   <trkpt lon="11.785370" lat="51.975840"><ele>52.5</ele></trkpt>
   <trkpt lon="11.787050" lat="51.974362"><ele>51.0</ele></trkpt>
   <trkpt lon="11.787263" lat="51.974174"><ele>51.0</ele></trkpt>
   <trkpt lon="11.788173" lat="51.973374"><ele>51.75</ele></trkpt>
   <trkpt lon="11.789207" lat="51.972465"><ele>50.75</ele></trkpt>
   <trkpt lon="11.790734" lat="51.971121"><ele>51.0</ele></trkpt>
   <trkpt lon="11.792418" lat="51.969638"><ele>50.25</ele></trkpt>
   <trkpt lon="11.793044" lat="51.969082"><ele>50.25</ele></trkpt>
   <trkpt lon="11.793642" lat="51.968516"><ele>50.75</ele></trkpt>
   <trkpt lon="11.794153" lat="51.967997"><ele>51.0</ele></trkpt>
   <trkpt lon="11.794635" lat="51.967476"><ele>50.25</ele></trkpt>
   <trkpt lon="11.794977" lat="51.967077"><ele>50.5</ele></trkpt>
   <trkpt lon="11.795090" lat="51.966946"><ele>50.5</ele></trkpt>
   <trkpt lon="11.795528" lat="51.966399"><ele>50.5</ele></trkpt>
   <trkpt lon="11.795942" lat="51.965839"><ele>50.0</ele></trkpt>
   <trkpt lon="11.796333" lat="51.965262"><ele>51.0</ele></trkpt>
   <trkpt lon="11.796658" lat="51.964743"><ele>51.0</ele></trkpt>
   <trkpt lon="11.796969" lat="51.964205"><ele>51.0</ele></trkpt>
   <trkpt lon="11.797240" lat="51.963691"><ele>51.0</ele></trkpt>
   <trkpt lon="11.797565" lat="51.963009"><ele>51.0</ele></trkpt>
   <trkpt lon="11.799127" lat="51.959378"><ele>51.0</ele></trkpt>
   <trkpt lon="11.802933" lat="51.950491"><ele>54.5</ele></trkpt>
   <trkpt lon="11.803692" lat="51.948718"><ele>53.75</ele></trkpt>
   <trkpt lon="11.805570" lat="51.944329"><ele>51.0</ele></trkpt>
   <trkpt lon="11.805831" lat="51.943718"><ele>51.5</ele></trkpt>
   <trkpt lon="11.806888" lat="51.941248"><ele>52.25</ele></trkpt>
   <trkpt lon="11.807862" lat="51.938974"><ele>53.5</ele></trkpt>
   <trkpt lon="11.809588" lat="51.934936"><ele>53.25</ele></trkpt>
   <trkpt lon="11.810273" lat="51.933311"><ele>53.0</ele></trkpt>
   <trkpt lon="11.810405" lat="51.932977"><ele>53.25</ele></trkpt>
   <trkpt lon="11.810635" lat="51.932338"><ele>53.5</ele></trkpt>
   <trkpt lon="11.810782" lat="51.931856"><ele>52.0</ele></trkpt>
   <trkpt lon="11.810831" lat="51.931696"><ele>52.0</ele></trkpt>
   <trkpt lon="11.810983" lat="51.931076"><ele>53.25</ele></trkpt>
   <trkpt lon="11.811097" lat="51.930476"><ele>53.5</ele></trkpt>
   <trkpt lon="11.811151" lat="51.930125"><ele>53.5</ele></trkpt>
   <trkpt lon="11.811179" lat="51.929917"><ele>53.5</ele></trkpt>
   <trkpt lon="11.811232" lat="51.929358"><ele>53.5</ele></trkpt>
   <trkpt lon="11.811262" lat="51.928555"><ele>53.75</ele></trkpt>
   <trkpt lon="11.811252" lat="51.927453"><ele>55.25</ele></trkpt>
   <trkpt lon="11.811219" lat="51.926614"><ele>55.0</ele></trkpt>
   <trkpt lon="11.811213" lat="51.926502"><ele>54.75</ele></trkpt>
   <trkpt lon="11.811175" lat="51.926248"><ele>54.75</ele></trkpt>
   <trkpt lon="11.811126" lat="51.925999"><ele>55.0</ele></trkpt>
   <trkpt lon="11.811088" lat="51.925668"><ele>55.0</ele></trkpt>
   <trkpt lon="11.811083" lat="51.925608"><ele>55.0</ele></trkpt>
   <trkpt lon="11.811048" lat="51.925211"><ele>55.25</ele></trkpt>
   <trkpt lon="11.811032" lat="51.925046"><ele>55.5</ele></trkpt>
   <trkpt lon="11.810952" lat="51.924230"><ele>55.5</ele></trkpt>
   <trkpt lon="11.810808" lat="51.922967"><ele>55.25</ele></trkpt>
   <trkpt lon="11.810716" lat="51.922391"><ele>56.25</ele></trkpt>
   <trkpt lon="11.810577" lat="51.921666"><ele>58.75</ele></trkpt>
   <trkpt lon="11.810515" lat="51.921161"><ele>58.75</ele></trkpt>
   <trkpt lon="11.810453" lat="51.920546"><ele>58.5</ele></trkpt>
   <trkpt lon="11.810414" lat="51.920170"><ele>58.5</ele></trkpt>
   <trkpt lon="11.810359" lat="51.919659"><ele>58.0</ele></trkpt>
   <trkpt lon="11.810352" lat="51.919533"><ele>57.75</ele></trkpt>
   <trkpt lon="11.810355" lat="51.919067"><ele>57.0</ele></trkpt>
   <trkpt lon="11.810343" lat="51.918894"><ele>57.0</ele></trkpt>
   <trkpt lon="11.810331" lat="51.918764"><ele>57.0</ele></trkpt>
   <trkpt lon="11.810317" lat="51.918461"><ele>57.0</ele></trkpt>
   <trkpt lon="11.810321" lat="51.918254"><ele>57.0</ele></trkpt>
   <trkpt lon="11.810319" lat="51.918128"><ele>56.75</ele></trkpt>
   <trkpt lon="11.810299" lat="51.917836"><ele>56.25</ele></trkpt>
   <trkpt lon="11.810236" lat="51.917263"><ele>54.25</ele></trkpt>
   <trkpt lon="11.809872" lat="51.913637"><ele>53.25</ele></trkpt>
   <trkpt lon="11.809862" lat="51.913526"><ele>53.0</ele></trkpt>
   <trkpt lon="11.809834" lat="51.913186"><ele>52.75</ele></trkpt>
   <trkpt lon="11.809813" lat="51.912729"><ele>52.75</ele></trkpt>
   <trkpt lon="11.809812" lat="51.912462"><ele>52.75</ele></trkpt>
   <trkpt lon="11.809820" lat="51.912195"><ele>52.75</ele></trkpt>
   <trkpt lon="11.809874" lat="51.911685"><ele>52.75</ele></trkpt>
   <trkpt lon="11.809926" lat="51.911395"><ele>53.25</ele></trkpt>
   <trkpt lon="11.809992" lat="51.911106"><ele>53.5</ele></trkpt>
   <trkpt lon="11.810069" lat="51.910831"><ele>53.75</ele></trkpt>
   <trkpt lon="11.810249" lat="51.910328"><ele>53.25</ele></trkpt>
   <trkpt lon="11.810345" lat="51.910103"><ele>53.0</ele></trkpt>
   <trkpt lon="11.810472" lat="51.909839"><ele>53.0</ele></trkpt>
   <trkpt lon="11.810611" lat="51.909582"><ele>53.0</ele></trkpt>
   <trkpt lon="11.810760" lat="51.909325"><ele>53.0</ele></trkpt>
   <trkpt lon="11.810920" lat="51.909077"><ele>53.0</ele></trkpt>
   <trkpt lon="11.811109" lat="51.908808"><ele>53.25</ele></trkpt>
   <trkpt lon="11.811309" lat="51.908547"><ele>53.5</ele></trkpt>
   <trkpt lon="11.811521" lat="51.908290"><ele>53.75</ele></trkpt>
   <trkpt lon="11.811747" lat="51.908038"><ele>54.25</ele></trkpt>
   <trkpt lon="11.811930" lat="51.907846"><ele>54.25</ele></trkpt>
   <trkpt lon="11.811990" lat="51.907784"><ele>54.25</ele></trkpt>
   <trkpt lon="11.812241" lat="51.907544"><ele>54.25</ele></trkpt>
   <trkpt lon="11.812507" lat="51.907307"><ele>53.75</ele></trkpt>
   <trkpt lon="11.812787" lat="51.907074"><ele>54.0</ele></trkpt>
   <trkpt lon="11.813080" lat="51.906840"><ele>54.25</ele></trkpt>
   <trkpt lon="11.813379" lat="51.906614"><ele>54.75</ele></trkpt>
   <trkpt lon="11.813894" lat="51.906246"><ele>53.75</ele></trkpt>
   <trkpt lon="11.815446" lat="51.905185"><ele>52.0</ele></trkpt>
   <trkpt lon="11.817933" lat="51.903488"><ele>52.75</ele></trkpt>
   <trkpt lon="11.818055" lat="51.903405"><ele>52.75</ele></trkpt>
   <trkpt lon="11.829898" lat="51.895321"><ele>54.25</ele></trkpt>
   <trkpt lon="11.843611" lat="51.885958"><ele>55.25</ele></trkpt>
   <trkpt lon="11.853262" lat="51.879366"><ele>54.5</ele></trkpt>
   <trkpt lon="11.854275" lat="51.878674"><ele>54.25</ele></trkpt>
   <trkpt lon="11.856663" lat="51.877039"><ele>53.75</ele></trkpt>
   <trkpt lon="11.857262" lat="51.876633"><ele>53.75</ele></trkpt>
   <trkpt lon="11.857516" lat="51.876447"><ele>53.5</ele></trkpt>
   <trkpt lon="11.857865" lat="51.876166"><ele>53.25</ele></trkpt>
   <trkpt lon="11.858151" lat="51.875958"><ele>53.5</ele></trkpt>
   <trkpt lon="11.858303" lat="51.875856"><ele>53.75</ele></trkpt>
   <trkpt lon="11.859637" lat="51.874945"><ele>54.0</ele></trkpt>
   <trkpt lon="11.860298" lat="51.874489"><ele>55.75</ele></trkpt>
   <trkpt lon="11.860903" lat="51.874061"><ele>57.0</ele></trkpt>
   <trkpt lon="11.861503" lat="51.873615"><ele>55.75</ele></trkpt>
   <trkpt lon="11.862010" lat="51.873219"><ele>54.5</ele></trkpt>
   <trkpt lon="11.862027" lat="51.873205"><ele>54.5</ele></trkpt>
   <trkpt lon="11.862514" lat="51.872797"><ele>54.5</ele></trkpt>
   <trkpt lon="11.862676" lat="51.872662"><ele>54.5</ele></trkpt>
   <trkpt lon="11.863124" lat="51.872271"><ele>53.75</ele></trkpt>
   <trkpt lon="11.863972" lat="51.871510"><ele>53.0</ele></trkpt>
   <trkpt lon="11.864455" lat="51.871064"><ele>53.0</ele></trkpt>
   <trkpt lon="11.864761" lat="51.870777"><ele>52.75</ele></trkpt>
   <trkpt lon="11.865189" lat="51.870366"><ele>52.25</ele></trkpt>
   <trkpt lon="11.865296" lat="51.870265"><ele>52.25</ele></trkpt>
   <trkpt lon="11.865416" lat="51.870149"><ele>52.0</ele></trkpt>
   <trkpt lon="11.866071" lat="51.869509"><ele>52.5</ele></trkpt>
   <trkpt lon="11.887758" lat="51.848385"><ele>52.75</ele></trkpt>
   <trkpt lon="11.891612" lat="51.844630"><ele>55.0</ele></trkpt>
   <trkpt lon="11.894990" lat="51.841337"><ele>57.0</ele></trkpt>
   <trkpt lon="11.898165" lat="51.838239"><ele>58.5</ele></trkpt>
   <trkpt lon="11.898716" lat="51.837712"><ele>57.5</ele></trkpt>
   <trkpt lon="11.899312" lat="51.837174"><ele>57.5</ele></trkpt>
   <trkpt lon="11.899629" lat="51.836903"><ele>57.75</ele></trkpt>
   <trkpt lon="11.900298" lat="51.836361"><ele>58.75</ele></trkpt>
   <trkpt lon="11.900637" lat="51.836100"><ele>59.25</ele></trkpt>
   <trkpt lon="11.901340" lat="51.835586"><ele>58.75</ele></trkpt>
   <trkpt lon="11.901690" lat="51.835344"><ele>58.5</ele></trkpt>
   <trkpt lon="11.902357" lat="51.834901"><ele>58.5</ele></trkpt>
   <trkpt lon="11.906967" lat="51.832029"><ele>59.75</ele></trkpt>
   <trkpt lon="11.910442" lat="51.829870"><ele>60.75</ele></trkpt>
   <trkpt lon="11.911913" lat="51.828951"><ele>61.25</ele></trkpt>
   <trkpt lon="11.912243" lat="51.828739"><ele>62.5</ele></trkpt>
   <trkpt lon="11.912620" lat="51.828482"><ele>63.5</ele></trkpt>
   <trkpt lon="11.913249" lat="51.828031"><ele>63.25</ele></trkpt>
   <trkpt lon="11.913829" lat="51.827573"><ele>63.5</ele></trkpt>
   <trkpt lon="11.914136" lat="51.827313"><ele>63.0</ele></trkpt>
   <trkpt lon="11.914408" lat="51.827073"><ele>62.25</ele></trkpt>
   <trkpt lon="11.914669" lat="51.826829"><ele>61.5</ele></trkpt>
   <trkpt lon="11.914846" lat="51.826656"><ele>61.25</ele></trkpt>
   <trkpt lon="11.914904" lat="51.826600"><ele>61.25</ele></trkpt>
   <trkpt lon="11.915381" lat="51.826103"><ele>60.75</ele></trkpt>
   <trkpt lon="11.917866" lat="51.823363"><ele>60.25</ele></trkpt>
   <trkpt lon="11.918048" lat="51.823163"><ele>60.0</ele></trkpt>
   <trkpt lon="11.918977" lat="51.822132"><ele>56.5</ele></trkpt>
   <trkpt lon="11.920557" lat="51.820361"><ele>61.25</ele></trkpt>
   <trkpt lon="11.922107" lat="51.818656"><ele>66.5</ele></trkpt>
   <trkpt lon="11.922350" lat="51.818388"><ele>66.75</ele></trkpt>
   <trkpt lon="11.924684" lat="51.815851"><ele>69.5</ele></trkpt>
   <trkpt lon="11.928755" lat="51.811360"><ele>76.0</ele></trkpt>
   <trkpt lon="11.936268" lat="51.803075"><ele>71.5</ele></trkpt>
   <trkpt lon="11.940113" lat="51.798830"><ele>68.25</ele></trkpt>
   <trkpt lon="11.953399" lat="51.784161"><ele>74.75</ele></trkpt>
   <trkpt lon="11.954159" lat="51.783348"><ele>73.75</ele></trkpt>
   <trkpt lon="11.954694" lat="51.782812"><ele>75.75</ele></trkpt>
   <trkpt lon="11.954913" lat="51.782607"><ele>76.75</ele></trkpt>
   <trkpt lon="11.954986" lat="51.782539"><ele>76.75</ele></trkpt>
   <trkpt lon="11.955588" lat="51.781999"><ele>76.25</ele></trkpt>
   <trkpt lon="11.956220" lat="51.781472"><ele>75.75</ele></trkpt>
   <trkpt lon="11.956544" lat="51.781212"><ele>75.75</ele></trkpt>
   <trkpt lon="11.957218" lat="51.780694"><ele>75.5</ele></trkpt>
   <trkpt lon="11.967935" lat="51.772632"><ele>75.75</ele></trkpt>
   <trkpt lon="11.974859" lat="51.767419"><ele>77.5</ele></trkpt>
   <trkpt lon="11.977389" lat="51.765514"><ele>75.25</ele></trkpt>
   <trkpt lon="11.977491" lat="51.765436"><ele>75.25</ele></trkpt>
   <trkpt lon="11.977768" lat="51.765228"><ele>75.5</ele></trkpt>
   <trkpt lon="11.981733" lat="51.762240"><ele>74.25</ele></trkpt>
   <trkpt lon="11.982262" lat="51.761834"><ele>73.25</ele></trkpt>
   <trkpt lon="11.982745" lat="51.761449"><ele>73.25</ele></trkpt>
   <trkpt lon="11.983208" lat="51.761062"><ele>74.25</ele></trkpt>
   <trkpt lon="11.983668" lat="51.760654"><ele>74.75</ele></trkpt>
   <trkpt lon="11.984200" lat="51.760146"><ele>75.25</ele></trkpt>
   <trkpt lon="11.984708" lat="51.759623"><ele>76.75</ele></trkpt>
   <trkpt lon="11.984947" lat="51.759362"><ele>77.25</ele></trkpt>
   <trkpt lon="11.985276" lat="51.758979"><ele>76.5</ele></trkpt>
   <trkpt lon="11.985386" lat="51.758851"><ele>76.5</ele></trkpt>
   <trkpt lon="11.985700" lat="51.758454"><ele>75.75</ele></trkpt>
   <trkpt lon="11.986000" lat="51.758060"><ele>75.25</ele></trkpt>
   <trkpt lon="11.986286" lat="51.757651"><ele>74.5</ele></trkpt>
   <trkpt lon="11.986298" lat="51.757634"><ele>74.5</ele></trkpt>
   <trkpt lon="11.986378" lat="51.757517"><ele>74.25</ele></trkpt>
   <trkpt lon="11.986492" lat="51.757346"><ele>74.75</ele></trkpt>
   <trkpt lon="11.986964" lat="51.756597"><ele>76.0</ele></trkpt>
   <trkpt lon="11.987066" lat="51.756432"><ele>76.0</ele></trkpt>
   <trkpt lon="11.987370" lat="51.755938"><ele>76.5</ele></trkpt>
   <trkpt lon="11.987911" lat="51.755058"><ele>79.25</ele></trkpt>
   <trkpt lon="11.988032" lat="51.754860"><ele>79.25</ele></trkpt>
   <trkpt lon="11.988112" lat="51.754732"><ele>79.25</ele></trkpt>
   <trkpt lon="11.988198" lat="51.754595"><ele>79.25</ele></trkpt>
   <trkpt lon="11.988280" lat="51.754460"><ele>79.25</ele></trkpt>
   <trkpt lon="11.988736" lat="51.753669"><ele>79.0</ele></trkpt>
   <trkpt lon="11.988784" lat="51.753578"><ele>79.0</ele></trkpt>
   <trkpt lon="11.988818" lat="51.753511"><ele>79.0</ele></trkpt>
   <trkpt lon="11.988852" lat="51.753443"><ele>79.0</ele></trkpt>
   <trkpt lon="11.988954" lat="51.753238"><ele>79.0</ele></trkpt>
   <trkpt lon="11.988999" lat="51.753139"><ele>79.0</ele></trkpt>
   <trkpt lon="11.989358" lat="51.752347"><ele>78.75</ele></trkpt>
   <trkpt lon="11.989386" lat="51.752277"><ele>78.75</ele></trkpt>
   <trkpt lon="11.990534" lat="51.749638"><ele>78.75</ele></trkpt>
   <trkpt lon="11.990703" lat="51.749244"><ele>78.75</ele></trkpt>
   <trkpt lon="11.990918" lat="51.748667"><ele>80.0</ele></trkpt>
   <trkpt lon="11.990983" lat="51.748476"><ele>80.5</ele></trkpt>
   <trkpt lon="11.991063" lat="51.748195"><ele>80.5</ele></trkpt>
   <trkpt lon="11.991355" lat="51.747077"><ele>80.75</ele></trkpt>
   <trkpt lon="11.991379" lat="51.746974"><ele>80.75</ele></trkpt>
   <trkpt lon="11.991586" lat="51.746156"><ele>81.5</ele></trkpt>
   <trkpt lon="11.991742" lat="51.745660"><ele>82.25</ele></trkpt>
   <trkpt lon="11.991847" lat="51.745381"><ele>82.5</ele></trkpt>
   <trkpt lon="11.992940" lat="51.742866"><ele>81.25</ele></trkpt>
   <trkpt lon="11.994033" lat="51.740363"><ele>82.0</ele></trkpt>
   <trkpt lon="11.995903" lat="51.736074"><ele>83.25</ele></trkpt>
   <trkpt lon="11.996702" lat="51.734238"><ele>84.0</ele></trkpt>
   <trkpt lon="11.997658" lat="51.732067"><ele>85.5</ele></trkpt>
   <trkpt lon="11.999800" lat="51.727147"><ele>87.0</ele></trkpt>
   <trkpt lon="12.000379" lat="51.725815"><ele>87.0</ele></trkpt>
   <trkpt lon="12.000817" lat="51.724811"><ele>88.0</ele></trkpt>
   <trkpt lon="12.001068" lat="51.724234"><ele>87.5</ele></trkpt>
   <trkpt lon="12.001122" lat="51.724112"><ele>87.5</ele></trkpt>
   <trkpt lon="12.001605" lat="51.723001"><ele>88.5</ele></trkpt>
   <trkpt lon="12.001609" lat="51.722993"><ele>88.5</ele></trkpt>
   <trkpt lon="12.002618" lat="51.720691"><ele>85.5</ele></trkpt>
   <trkpt lon="12.003860" lat="51.717839"><ele>86.25</ele></trkpt>
   <trkpt lon="12.005450" lat="51.714182"><ele>87.75</ele></trkpt>
   <trkpt lon="12.006817" lat="51.711031"><ele>87.0</ele></trkpt>
   <trkpt lon="12.006922" lat="51.710788"><ele>87.0</ele></trkpt>
   <trkpt lon="12.007021" lat="51.710559"><ele>87.0</ele></trkpt>
   <trkpt lon="12.007509" lat="51.709435"><ele>87.5</ele></trkpt>
   <trkpt lon="12.007732" lat="51.708924"><ele>88.25</ele></trkpt>
   <trkpt lon="12.007932" lat="51.708466"><ele>88.25</ele></trkpt>
   <trkpt lon="12.008641" lat="51.706837"><ele>90.0</ele></trkpt>
   <trkpt lon="12.009218" lat="51.705513"><ele>90.25</ele></trkpt>
   <trkpt lon="12.010129" lat="51.703421"><ele>89.0</ele></trkpt>
   <trkpt lon="12.010583" lat="51.702382"><ele>88.75</ele></trkpt>
   <trkpt lon="12.010864" lat="51.701737"><ele>88.0</ele></trkpt>
   <trkpt lon="12.011620" lat="51.700000"><ele>87.75</ele></trkpt>
   <trkpt lon="12.012430" lat="51.698135"><ele>86.0</ele></trkpt>
   <trkpt lon="12.012895" lat="51.696931"><ele>87.0</ele></trkpt>
   <trkpt lon="12.013748" lat="51.694616"><ele>86.25</ele></trkpt>
   <trkpt lon="12.014233" lat="51.693304"><ele>85.75</ele></trkpt>
   <trkpt lon="12.014468" lat="51.692682"><ele>85.0</ele></trkpt>
   <trkpt lon="12.014592" lat="51.692378"><ele>85.0</ele></trkpt>
   <trkpt lon="12.014724" lat="51.692069"><ele>85.5</ele></trkpt>
   <trkpt lon="12.014999" lat="51.691471"><ele>86.0</ele></trkpt>
   <trkpt lon="12.015892" lat="51.689630"><ele>87.0</ele></trkpt>
   <trkpt lon="12.016831" lat="51.687691"><ele>87.0</ele></trkpt>
   <trkpt lon="12.017410" lat="51.686498"><ele>87.0</ele></trkpt>
   <trkpt lon="12.017683" lat="51.685936"><ele>87.75</ele></trkpt>
   <trkpt lon="12.017969" lat="51.685380"><ele>87.75</ele></trkpt>
   <trkpt lon="12.018112" lat="51.685125"><ele>87.75</ele></trkpt>
   <trkpt lon="12.018255" lat="51.684870"><ele>87.75</ele></trkpt>
   <trkpt lon="12.018572" lat="51.684349"><ele>88.0</ele></trkpt>
   <trkpt lon="12.018933" lat="51.683797"><ele>88.0</ele></trkpt>
   <trkpt lon="12.019718" lat="51.682683"><ele>87.75</ele></trkpt>
   <trkpt lon="12.019938" lat="51.682371"><ele>88.0</ele></trkpt>
   <trkpt lon="12.020601" lat="51.681435"><ele>88.0</ele></trkpt>
   <trkpt lon="12.021899" lat="51.679600"><ele>88.0</ele></trkpt>
   <trkpt lon="12.023153" lat="51.677829"><ele>87.25</ele></trkpt>
   <trkpt lon="12.024323" lat="51.676175"><ele>88.0</ele></trkpt>
   <trkpt lon="12.025113" lat="51.675061"><ele>89.0</ele></trkpt>
   <trkpt lon="12.025821" lat="51.674059"><ele>87.75</ele></trkpt>
   <trkpt lon="12.026308" lat="51.673368"><ele>87.0</ele></trkpt>
   <trkpt lon="12.027530" lat="51.671639"><ele>88.0</ele></trkpt>
   <trkpt lon="12.027722" lat="51.671368"><ele>88.25</ele></trkpt>
   <trkpt lon="12.028508" lat="51.670253"><ele>87.5</ele></trkpt>
   <trkpt lon="12.030032" lat="51.668096"><ele>87.25</ele></trkpt>
   <trkpt lon="12.030826" lat="51.666972"><ele>85.0</ele></trkpt>
   <trkpt lon="12.030879" lat="51.666898"><ele>84.75</ele></trkpt>
   <trkpt lon="12.031973" lat="51.665348"><ele>86.0</ele></trkpt>
   <trkpt lon="12.033101" lat="51.663750"><ele>86.5</ele></trkpt>
   <trkpt lon="12.034277" lat="51.662084"><ele>86.25</ele></trkpt>
   <trkpt lon="12.035486" lat="51.660371"><ele>85.75</ele></trkpt>
   <trkpt lon="12.036223" lat="51.659329"><ele>85.5</ele></trkpt>
   <trkpt lon="12.036695" lat="51.658667"><ele>85.0</ele></trkpt>
   <trkpt lon="12.037022" lat="51.658195"><ele>84.75</ele></trkpt>
   <trkpt lon="12.038154" lat="51.656593"><ele>83.75</ele></trkpt>
   <trkpt lon="12.039290" lat="51.654982"><ele>83.75</ele></trkpt>
   <trkpt lon="12.040547" lat="51.653203"><ele>81.0</ele></trkpt>
   <trkpt lon="12.041843" lat="51.651366"><ele>81.0</ele></trkpt>
   <trkpt lon="12.042041" lat="51.651085"><ele>81.0</ele></trkpt>
   <trkpt lon="12.042717" lat="51.650128"><ele>81.0</ele></trkpt>
   <trkpt lon="12.043376" lat="51.649196"><ele>79.0</ele></trkpt>
   <trkpt lon="12.043893" lat="51.648460"><ele>78.25</ele></trkpt>
   <trkpt lon="12.045023" lat="51.646858"><ele>77.0</ele></trkpt>
   <trkpt lon="12.046207" lat="51.645180"><ele>74.25</ele></trkpt>
   <trkpt lon="12.047092" lat="51.643926"><ele>75.0</ele></trkpt>
   <trkpt lon="12.047197" lat="51.643776"><ele>75.0</ele></trkpt>
   <trkpt lon="12.047388" lat="51.643503"><ele>75.0</ele></trkpt>
   <trkpt lon="12.048702" lat="51.641639"><ele>75.5</ele></trkpt>
   <trkpt lon="12.049578" lat="51.640399"><ele>78.75</ele></trkpt>
   <trkpt lon="12.050891" lat="51.638536"><ele>81.5</ele></trkpt>
   <trkpt lon="12.051485" lat="51.637695"><ele>81.5</ele></trkpt>
   <trkpt lon="12.052053" lat="51.636889"><ele>81.5</ele></trkpt>
   <trkpt lon="12.053362" lat="51.635029"><ele>85.0</ele></trkpt>
   <trkpt lon="12.054644" lat="51.633214"><ele>85.5</ele></trkpt>
   <trkpt lon="12.055512" lat="51.631982"><ele>87.5</ele></trkpt>
   <trkpt lon="12.056815" lat="51.630134"><ele>88.0</ele></trkpt>
   <trkpt lon="12.057415" lat="51.629283"><ele>88.0</ele></trkpt>
   <trkpt lon="12.058222" lat="51.628137"><ele>88.0</ele></trkpt>
   <trkpt lon="12.058376" lat="51.627920"><ele>88.0</ele></trkpt>
   <trkpt lon="12.059467" lat="51.626373"><ele>88.0</ele></trkpt>
   <trkpt lon="12.060375" lat="51.625084"><ele>88.0</ele></trkpt>
   <trkpt lon="12.060598" lat="51.624766"><ele>88.25</ele></trkpt>
   <trkpt lon="12.060762" lat="51.624555"><ele>88.5</ele></trkpt>
   <trkpt lon="12.061050" lat="51.624214"><ele>88.5</ele></trkpt>
   <trkpt lon="12.061222" lat="51.623989"><ele>88.5</ele></trkpt>
   <trkpt lon="12.061477" lat="51.623629"><ele>88.0</ele></trkpt>
   <trkpt lon="12.061791" lat="51.623182"><ele>87.75</ele></trkpt>
   <trkpt lon="12.061950" lat="51.622956"><ele>87.5</ele></trkpt>
   <trkpt lon="12.064044" lat="51.619984"><ele>86.75</ele></trkpt>
   <trkpt lon="12.065650" lat="51.617664"><ele>88.0</ele></trkpt>
   <trkpt lon="12.065932" lat="51.617263"><ele>88.25</ele></trkpt>
   <trkpt lon="12.065986" lat="51.617186"><ele>88.25</ele></trkpt>
   <trkpt lon="12.066021" lat="51.617135"><ele>88.5</ele></trkpt>
   <trkpt lon="12.066188" lat="51.616902"><ele>89.0</ele></trkpt>
   <trkpt lon="12.067121" lat="51.615578"><ele>89.5</ele></trkpt>
   <trkpt lon="12.067442" lat="51.615121"><ele>89.0</ele></trkpt>
   <trkpt lon="12.067602" lat="51.614872"><ele>88.5</ele></trkpt>
   <trkpt lon="12.067721" lat="51.614660"><ele>87.75</ele></trkpt>
   <trkpt lon="12.067932" lat="51.614333"><ele>87.0</ele></trkpt>
   <trkpt lon="12.068172" lat="51.614000"><ele>86.75</ele></trkpt>
   <trkpt lon="12.069466" lat="51.612184"><ele>85.5</ele></trkpt>
   <trkpt lon="12.069936" lat="51.611515"><ele>86.0</ele></trkpt>
   <trkpt lon="12.070282" lat="51.611020"><ele>86.75</ele></trkpt>
   <trkpt lon="12.071484" lat="51.609319"><ele>87.0</ele></trkpt>
   <trkpt lon="12.072995" lat="51.607173"><ele>87.25</ele></trkpt>
   <trkpt lon="12.073790" lat="51.606046"><ele>88.5</ele></trkpt>
   <trkpt lon="12.075370" lat="51.603800"><ele>90.0</ele></trkpt>
   <trkpt lon="12.075569" lat="51.603519"><ele>90.0</ele></trkpt>
   <trkpt lon="12.076053" lat="51.602831"><ele>90.5</ele></trkpt>
   <trkpt lon="12.076727" lat="51.601874"><ele>91.0</ele></trkpt>
   <trkpt lon="12.077412" lat="51.600900"><ele>90.75</ele></trkpt>
   <trkpt lon="12.078731" lat="51.599029"><ele>91.0</ele></trkpt>
   <trkpt lon="12.079961" lat="51.597281"><ele>91.25</ele></trkpt>
   <trkpt lon="12.080861" lat="51.596003"><ele>92.0</ele></trkpt>
   <trkpt lon="12.081515" lat="51.595074"><ele>92.75</ele></trkpt>
   <trkpt lon="12.081935" lat="51.594478"><ele>93.0</ele></trkpt>
   <trkpt lon="12.083232" lat="51.592633"><ele>93.0</ele></trkpt>
   <trkpt lon="12.084556" lat="51.590750"><ele>91.5</ele></trkpt>
   <trkpt lon="12.085428" lat="51.589515"><ele>92.0</ele></trkpt>
   <trkpt lon="12.086594" lat="51.587858"><ele>91.25</ele></trkpt>
   <trkpt lon="12.087723" lat="51.586253"><ele>91.0</ele></trkpt>
   <trkpt lon="12.089020" lat="51.584408"><ele>92.0</ele></trkpt>
   <trkpt lon="12.090321" lat="51.582557"><ele>91.25</ele></trkpt>
   <trkpt lon="12.091213" lat="51.581289"><ele>92.5</ele></trkpt>
   <trkpt lon="12.092275" lat="51.579779"><ele>93.0</ele></trkpt>
   <trkpt lon="12.093576" lat="51.577928"><ele>91.5</ele></trkpt>
   <trkpt lon="12.094703" lat="51.576325"><ele>92.5</ele></trkpt>
   <trkpt lon="12.095823" lat="51.574733"><ele>92.75</ele></trkpt>
   <trkpt lon="12.096187" lat="51.574214"><ele>93.0</ele></trkpt>
   <trkpt lon="12.097118" lat="51.572892"><ele>92.5</ele></trkpt>
   <trkpt lon="12.098343" lat="51.571147"><ele>92.25</ele></trkpt>
   <trkpt lon="12.099608" lat="51.569347"><ele>93.5</ele></trkpt>
   <trkpt lon="12.100050" lat="51.568712"><ele>92.75</ele></trkpt>
   <trkpt lon="12.100457" lat="51.568099"><ele>92.5</ele></trkpt>
   <trkpt lon="12.100725" lat="51.567659"><ele>92.75</ele></trkpt>
   <trkpt lon="12.100814" lat="51.567514"><ele>92.75</ele></trkpt>
   <trkpt lon="12.101191" lat="51.566825"><ele>94.0</ele></trkpt>
   <trkpt lon="12.101457" lat="51.566280"><ele>94.25</ele></trkpt>
   <trkpt lon="12.101497" lat="51.566193"><ele>94.0</ele></trkpt>
   <trkpt lon="12.101731" lat="51.565648"><ele>93.75</ele></trkpt>
   <trkpt lon="12.101904" lat="51.565205"><ele>93.0</ele></trkpt>
   <trkpt lon="12.101974" lat="51.565013"><ele>93.0</ele></trkpt>
   <trkpt lon="12.102188" lat="51.564347"><ele>92.0</ele></trkpt>
   <trkpt lon="12.102273" lat="51.564049"><ele>92.0</ele></trkpt>
   <trkpt lon="12.102415" lat="51.563467"><ele>92.75</ele></trkpt>
   <trkpt lon="12.102578" lat="51.562636"><ele>92.0</ele></trkpt>
   <trkpt lon="12.102625" lat="51.562351"><ele>92.0</ele></trkpt>
   <trkpt lon="12.102695" lat="51.561804"><ele>92.75</ele></trkpt>
   <trkpt lon="12.102720" lat="51.561507"><ele>92.75</ele></trkpt>
   <trkpt lon="12.102745" lat="51.560944"><ele>92.25</ele></trkpt>
   <trkpt lon="12.102739" lat="51.560353"><ele>92.5</ele></trkpt>
   <trkpt lon="12.102710" lat="51.559843"><ele>92.75</ele></trkpt>
   <trkpt lon="12.102637" lat="51.559103"><ele>92.0</ele></trkpt>
   <trkpt lon="12.102536" lat="51.558381"><ele>92.75</ele></trkpt>
   <trkpt lon="12.102399" lat="51.557661"><ele>93.0</ele></trkpt>
   <trkpt lon="12.102269" lat="51.557117"><ele>93.0</ele></trkpt>
   <trkpt lon="12.102110" lat="51.556559"><ele>93.0</ele></trkpt>
   <trkpt lon="12.101956" lat="51.556100"><ele>93.0</ele></trkpt>
   <trkpt lon="12.101906" lat="51.555948"><ele>93.0</ele></trkpt>
   <trkpt lon="12.101675" lat="51.555360"><ele>93.0</ele></trkpt>
   <trkpt lon="12.101433" lat="51.554818"><ele>93.0</ele></trkpt>
   <trkpt lon="12.101169" lat="51.554290"><ele>94.0</ele></trkpt>
   <trkpt lon="12.100911" lat="51.553826"><ele>94.0</ele></trkpt>
   <trkpt lon="12.100793" lat="51.553622"><ele>93.75</ele></trkpt>
   <trkpt lon="12.100525" lat="51.553192"><ele>93.75</ele></trkpt>
   <trkpt lon="12.100084" lat="51.552516"><ele>95.0</ele></trkpt>
   <trkpt lon="12.099750" lat="51.552013"><ele>96.25</ele></trkpt>
   <trkpt lon="12.099088" lat="51.551013"><ele>97.25</ele></trkpt>
   <trkpt lon="12.098420" lat="51.550005"><ele>96.0</ele></trkpt>
   <trkpt lon="12.098020" lat="51.549400"><ele>94.25</ele></trkpt>
   <trkpt lon="12.097664" lat="51.548864"><ele>93.5</ele></trkpt>
   <trkpt lon="12.096609" lat="51.547288"><ele>94.0</ele></trkpt>
   <trkpt lon="12.096401" lat="51.546999"><ele>94.0</ele></trkpt>
   <trkpt lon="12.095959" lat="51.546416"><ele>94.75</ele></trkpt>
   <trkpt lon="12.095547" lat="51.545926"><ele>95.0</ele></trkpt>
   <trkpt lon="12.095217" lat="51.545553"><ele>95.25</ele></trkpt>
   <trkpt lon="12.094716" lat="51.545024"><ele>95.5</ele></trkpt>
   <trkpt lon="12.094430" lat="51.544738"><ele>95.25</ele></trkpt>
   <trkpt lon="12.094138" lat="51.544457"><ele>94.75</ele></trkpt>
   <trkpt lon="12.093568" lat="51.543942"><ele>95.0</ele></trkpt>
   <trkpt lon="12.092907" lat="51.543384"><ele>95.0</ele></trkpt>
   <trkpt lon="12.092587" lat="51.543130"><ele>94.75</ele></trkpt>
   <trkpt lon="12.092262" lat="51.542879"><ele>95.0</ele></trkpt>
   <trkpt lon="12.091879" lat="51.542595"><ele>95.0</ele></trkpt>
   <trkpt lon="12.091753" lat="51.542502"><ele>95.0</ele></trkpt>
   <trkpt lon="12.091569" lat="51.542370"><ele>95.0</ele></trkpt>
   <trkpt lon="12.090889" lat="51.541897"><ele>95.5</ele></trkpt>
   <trkpt lon="12.090285" lat="51.541492"><ele>96.0</ele></trkpt>
   <trkpt lon="12.089519" lat="51.540978"><ele>96.0</ele></trkpt>
   <trkpt lon="12.088430" lat="51.540252"><ele>96.0</ele></trkpt>
   <trkpt lon="12.086816" lat="51.539174"><ele>96.0</ele></trkpt>
   <trkpt lon="12.086291" lat="51.538823"><ele>96.0</ele></trkpt>
   <trkpt lon="12.084136" lat="51.537384"><ele>98.0</ele></trkpt>
   <trkpt lon="12.082045" lat="51.535987"><ele>99.75</ele></trkpt>
   <trkpt lon="12.079980" lat="51.534607"><ele>100.25</ele></trkpt>
   <trkpt lon="12.076246" lat="51.532112"><ele>100.25</ele></trkpt>
   <trkpt lon="12.074336" lat="51.530838"><ele>101.0</ele></trkpt>
   <trkpt lon="12.072135" lat="51.529365"><ele>101.25</ele></trkpt>
   <trkpt lon="12.070705" lat="51.528409"><ele>100.75</ele></trkpt>
   <trkpt lon="12.070540" lat="51.528298"><ele>100.75</ele></trkpt>
   <trkpt lon="12.068586" lat="51.526994"><ele>99.5</ele></trkpt>
   <trkpt lon="12.066430" lat="51.525553"><ele>101.0</ele></trkpt>
   <trkpt lon="12.064454" lat="51.524232"><ele>100.5</ele></trkpt>
   <trkpt lon="12.062406" lat="51.522863"><ele>100.5</ele></trkpt>
   <trkpt lon="12.060700" lat="51.521722"><ele>100.0</ele></trkpt>
   <trkpt lon="12.060481" lat="51.521575"><ele>100.25</ele></trkpt>
   <trkpt lon="12.059587" lat="51.520977"><ele>98.75</ele></trkpt>
   <trkpt lon="12.058557" lat="51.520291"><ele>98.0</ele></trkpt>
   <trkpt lon="12.056450" lat="51.518881"><ele>96.5</ele></trkpt>
   <trkpt lon="12.054613" lat="51.517653"><ele>96.5</ele></trkpt>
   <trkpt lon="12.054381" lat="51.517498"><ele>96.25</ele></trkpt>
   <trkpt lon="12.052933" lat="51.516529"><ele>95.75</ele></trkpt>
   <trkpt lon="12.050815" lat="51.515113"><ele>96.0</ele></trkpt>
   <trkpt lon="12.048672" lat="51.513678"><ele>97.0</ele></trkpt>
   <trkpt lon="12.046657" lat="51.512332"><ele>96.0</ele></trkpt>
   <trkpt lon="12.042690" lat="51.509679"><ele>97.25</ele></trkpt>
   <trkpt lon="12.040554" lat="51.508249"><ele>100.5</ele></trkpt>
   <trkpt lon="12.039883" lat="51.507806"><ele>99.0</ele></trkpt>
   <trkpt lon="12.039164" lat="51.507350"><ele>98.0</ele></trkpt>
   <trkpt lon="12.038848" lat="51.507158"><ele>98.0</ele></trkpt>
   <trkpt lon="12.038707" lat="51.507074"><ele>98.0</ele></trkpt>
   <trkpt lon="12.038529" lat="51.506969"><ele>98.0</ele></trkpt>
   <trkpt lon="12.038021" lat="51.506681"><ele>98.5</ele></trkpt>
   <trkpt lon="12.037853" lat="51.506586"><ele>98.5</ele></trkpt>
   <trkpt lon="12.037046" lat="51.506156"><ele>99.0</ele></trkpt>
   <trkpt lon="12.036189" lat="51.505730"><ele>99.0</ele></trkpt>
   <trkpt lon="12.035468" lat="51.505393"><ele>99.5</ele></trkpt>
   <trkpt lon="12.034476" lat="51.504961"><ele>100.5</ele></trkpt>
   <trkpt lon="12.033855" lat="51.504704"><ele>101.0</ele></trkpt>
   <trkpt lon="12.033136" lat="51.504430"><ele>101.0</ele></trkpt>
   <trkpt lon="12.032422" lat="51.504170"><ele>100.75</ele></trkpt>
   <trkpt lon="12.031519" lat="51.503862"><ele>101.0</ele></trkpt>
   <trkpt lon="12.029305" lat="51.503152"><ele>103.0</ele></trkpt>
   <trkpt lon="12.026965" lat="51.502405"><ele>104.25</ele></trkpt>
   <trkpt lon="12.023988" lat="51.501456"><ele>106.75</ele></trkpt>
   <trkpt lon="12.021720" lat="51.500731"><ele>107.75</ele></trkpt>
   <trkpt lon="12.020325" lat="51.500286"><ele>107.0</ele></trkpt>
   <trkpt lon="12.020322" lat="51.500285"><ele>107.0</ele></trkpt>
   <trkpt lon="12.018955" lat="51.499848"><ele>107.0</ele></trkpt>
   <trkpt lon="12.017002" lat="51.499223"><ele>107.0</ele></trkpt>
   <trkpt lon="12.016952" lat="51.499208"><ele>107.0</ele></trkpt>
   <trkpt lon="12.016418" lat="51.499035"><ele>107.25</ele></trkpt>
   <trkpt lon="12.013965" lat="51.498252"><ele>108.0</ele></trkpt>
   <trkpt lon="12.011623" lat="51.497510"><ele>109.75</ele></trkpt>
   <trkpt lon="12.010821" lat="51.497266"><ele>108.75</ele></trkpt>
   <trkpt lon="12.010286" lat="51.497111"><ele>108.25</ele></trkpt>
   <trkpt lon="12.009563" lat="51.496916"><ele>107.5</ele></trkpt>
   <trkpt lon="12.009267" lat="51.496842"><ele>107.25</ele></trkpt>
   <trkpt lon="12.008531" lat="51.496663"><ele>107.0</ele></trkpt>
   <trkpt lon="12.007826" lat="51.496506"><ele>107.0</ele></trkpt>
   <trkpt lon="12.007202" lat="51.496377"><ele>107.0</ele></trkpt>
   <trkpt lon="12.006875" lat="51.496313"><ele>107.0</ele></trkpt>
   <trkpt lon="12.006430" lat="51.496228"><ele>107.25</ele></trkpt>
   <trkpt lon="12.004612" lat="51.495882"><ele>109.25</ele></trkpt>
   <trkpt lon="12.003521" lat="51.495668"><ele>109.75</ele></trkpt>
   <trkpt lon="12.002921" lat="51.495522"><ele>109.25</ele></trkpt>
   <trkpt lon="12.002157" lat="51.495318"><ele>109.0</ele></trkpt>
   <trkpt lon="12.000012" lat="51.494736"><ele>110.0</ele></trkpt>
   <trkpt lon="11.999385" lat="51.494563"><ele>109.5</ele></trkpt>
   <trkpt lon="11.999377" lat="51.494561"><ele>109.5</ele></trkpt>
   <trkpt lon="11.998931" lat="51.494426"><ele>109.5</ele></trkpt>
   <trkpt lon="11.998305" lat="51.494209"><ele>109.75</ele></trkpt>
   <trkpt lon="11.997726" lat="51.493975"><ele>109.25</ele></trkpt>
   <trkpt lon="11.997284" lat="51.493775"><ele>109.25</ele></trkpt>
   <trkpt lon="11.996918" lat="51.493594"><ele>109.25</ele></trkpt>
   <trkpt lon="11.995718" lat="51.492952"><ele>109.75</ele></trkpt>
   <trkpt lon="11.995618" lat="51.492899"><ele>110.0</ele></trkpt>
   <trkpt lon="11.995126" lat="51.492648"><ele>110.5</ele></trkpt>
   <trkpt lon="11.994423" lat="51.492333"><ele>110.75</ele></trkpt>
   <trkpt lon="11.994018" lat="51.492139"><ele>110.5</ele></trkpt>
   <trkpt lon="11.993766" lat="51.491992"><ele>110.25</ele></trkpt>
   <trkpt lon="11.993675" lat="51.491945"><ele>110.25</ele></trkpt>
   <trkpt lon="11.992684" lat="51.491412"><ele>109.25</ele></trkpt>
   <trkpt lon="11.991165" lat="51.490580"><ele>110.25</ele></trkpt>
   <trkpt lon="11.990704" lat="51.490300"><ele>110.5</ele></trkpt>
   <trkpt lon="11.990453" lat="51.490139"><ele>110.5</ele></trkpt>
   <trkpt lon="11.990217" lat="51.489980"><ele>110.5</ele></trkpt>
   <trkpt lon="11.989794" lat="51.489677"><ele>110.75</ele></trkpt>
   <trkpt lon="11.989191" lat="51.489201"><ele>111.0</ele></trkpt>
   <trkpt lon="11.988137" lat="51.488320"><ele>109.0</ele></trkpt>
   <trkpt lon="11.987552" lat="51.487831"><ele>109.25</ele></trkpt>
   <trkpt lon="11.987536" lat="51.487818"><ele>109.25</ele></trkpt>
   <trkpt lon="11.987394" lat="51.487700"><ele>109.0</ele></trkpt>
   <trkpt lon="11.987034" lat="51.487391"><ele>109.0</ele></trkpt>
   <trkpt lon="11.986808" lat="51.487185"><ele>109.0</ele></trkpt>
   <trkpt lon="11.986636" lat="51.487014"><ele>109.0</ele></trkpt>
   <trkpt lon="11.986484" lat="51.486845"><ele>109.25</ele></trkpt>
   <trkpt lon="11.986353" lat="51.486682"><ele>109.5</ele></trkpt>
   <trkpt lon="11.986235" lat="51.486519"><ele>110.0</ele></trkpt>
   <trkpt lon="11.986135" lat="51.486362"><ele>110.25</ele></trkpt>
   <trkpt lon="11.985933" lat="51.485985"><ele>110.75</ele></trkpt>
   <trkpt lon="11.985364" lat="51.484789"><ele>110.25</ele></trkpt>
   <trkpt lon="11.985222" lat="51.484474"><ele>110.5</ele></trkpt>
   <trkpt lon="11.985142" lat="51.484271"><ele>110.75</ele></trkpt>
   <trkpt lon="11.985044" lat="51.483920"><ele>110.5</ele></trkpt>
   <trkpt lon="11.985013" lat="51.483734"><ele>110.25</ele></trkpt>
   <trkpt lon="11.984997" lat="51.483558"><ele>110.25</ele></trkpt>
   <trkpt lon="11.984993" lat="51.483215"><ele>110.0</ele></trkpt>
   <trkpt lon="11.985028" lat="51.482811"><ele>110.5</ele></trkpt>
   <trkpt lon="11.985049" lat="51.482625"><ele>110.75</ele></trkpt>
   <trkpt lon="11.985067" lat="51.482477"><ele>110.75</ele></trkpt>
   <trkpt lon="11.985090" lat="51.482264"><ele>110.75</ele></trkpt>
   <trkpt lon="11.985106" lat="51.482098"><ele>110.75</ele></trkpt>
   <trkpt lon="11.985115" lat="51.482020"><ele>110.75</ele></trkpt>
   <trkpt lon="11.985140" lat="51.481344"><ele>110.0</ele></trkpt>
   <trkpt lon="11.985160" lat="51.481139"><ele>109.5</ele></trkpt>
   <trkpt lon="11.985236" lat="51.480677"><ele>108.75</ele></trkpt>
   <trkpt lon="11.985264" lat="51.480542"><ele>108.5</ele></trkpt>
   <trkpt lon="11.985383" lat="51.479967"><ele>108.0</ele></trkpt>
   <trkpt lon="11.985501" lat="51.479418"><ele>108.5</ele></trkpt>
   <trkpt lon="11.985607" lat="51.478984"><ele>109.0</ele></trkpt>
   <trkpt lon="11.985626" lat="51.478920"><ele>109.0</ele></trkpt>
   <trkpt lon="11.985709" lat="51.478660"><ele>109.0</ele></trkpt>
   <trkpt lon="11.985712" lat="51.478652"><ele>109.0</ele></trkpt>
   <trkpt lon="11.985746" lat="51.478559"><ele>109.0</ele></trkpt>
   <trkpt lon="11.985855" lat="51.478284"><ele>109.0</ele></trkpt>
   <trkpt lon="11.985919" lat="51.478144"><ele>109.25</ele></trkpt>
   <trkpt lon="11.985936" lat="51.478112"><ele>109.75</ele></trkpt>
   <trkpt lon="11.986033" lat="51.477937"><ele>109.75</ele></trkpt>
   <trkpt lon="11.986260" lat="51.477608"><ele>111.0</ele></trkpt>
   <trkpt lon="11.986415" lat="51.477422"><ele>111.5</ele></trkpt>
   <trkpt lon="11.986792" lat="51.477002"><ele>111.25</ele></trkpt>
   <trkpt lon="11.987271" lat="51.476443"><ele>111.0</ele></trkpt>
   <trkpt lon="11.987288" lat="51.476423"><ele>111.0</ele></trkpt>
   <trkpt lon="11.987868" lat="51.475779"><ele>110.0</ele></trkpt>
   <trkpt lon="11.988019" lat="51.475621"><ele>109.5</ele></trkpt>
   <trkpt lon="11.988030" lat="51.475609"><ele>109.5</ele></trkpt>
   <trkpt lon="11.988256" lat="51.475385"><ele>108.5</ele></trkpt>
   <trkpt lon="11.988508" lat="51.475151"><ele>108.0</ele></trkpt>
   <trkpt lon="11.988770" lat="51.474921"><ele>108.0</ele></trkpt>
   <trkpt lon="11.988787" lat="51.474908"><ele>108.0</ele></trkpt>
   <trkpt lon="11.988868" lat="51.474841"><ele>108.0</ele></trkpt>
   <trkpt lon="11.989210" lat="51.474566"><ele>107.75</ele></trkpt>
   <trkpt lon="11.989514" lat="51.474333"><ele>107.5</ele></trkpt>
   <trkpt lon="11.990297" lat="51.473740"><ele>107.75</ele></trkpt>
   <trkpt lon="11.990336" lat="51.473709"><ele>107.75</ele></trkpt>
   <trkpt lon="11.990562" lat="51.473547"><ele>107.75</ele></trkpt>
   <trkpt lon="11.990816" lat="51.473384"><ele>107.75</ele></trkpt>
   <trkpt lon="11.990953" lat="51.473301"><ele>107.75</ele></trkpt>
   <trkpt lon="11.991064" lat="51.473234"><ele>107.5</ele></trkpt>
   <trkpt lon="11.991314" lat="51.473079"><ele>107.25</ele></trkpt>
   <trkpt lon="11.991570" lat="51.472921"><ele>107.0</ele></trkpt>
   <trkpt lon="11.991691" lat="51.472846"><ele>107.0</ele></trkpt>
   <trkpt lon="11.991936" lat="51.472694"><ele>107.0</ele></trkpt>
   <trkpt lon="11.992195" lat="51.472534"><ele>107.0</ele></trkpt>
   <trkpt lon="11.992615" lat="51.472273"><ele>107.25</ele></trkpt>
   <trkpt lon="11.992881" lat="51.472109"><ele>107.25</ele></trkpt>
   <trkpt lon="11.993231" lat="51.471909"><ele>106.5</ele></trkpt>
   <trkpt lon="11.993507" lat="51.471762"><ele>106.0</ele></trkpt>
   <trkpt lon="11.993957" lat="51.471522"><ele>106.0</ele></trkpt>
   <trkpt lon="11.994817" lat="51.470948"><ele>104.5</ele></trkpt>
   <trkpt lon="11.994855" lat="51.470922"><ele>104.25</ele></trkpt>
   <trkpt lon="11.995052" lat="51.470786"><ele>103.75</ele></trkpt>
   <trkpt lon="11.995557" lat="51.470429"><ele>103.5</ele></trkpt>
   <trkpt lon="11.996048" lat="51.470070"><ele>103.5</ele></trkpt>
   <trkpt lon="11.996538" lat="51.469691"><ele>103.25</ele></trkpt>
   <trkpt lon="11.997072" lat="51.469255"><ele>103.75</ele></trkpt>
   <trkpt lon="11.997510" lat="51.468886"><ele>103.5</ele></trkpt>
   <trkpt lon="11.998443" lat="51.468098"><ele>103.75</ele></trkpt>
   <trkpt lon="11.999108" lat="51.467536"><ele>103.0</ele></trkpt>
   <trkpt lon="11.999660" lat="51.467073"><ele>101.25</ele></trkpt>
   <trkpt lon="12.000279" lat="51.466582"><ele>100.0</ele></trkpt>
   <trkpt lon="12.000385" lat="51.466500"><ele>100.0</ele></trkpt>
   <trkpt lon="12.000584" lat="51.466351"><ele>100.25</ele></trkpt>
   <trkpt lon="12.000622" lat="51.466323"><ele>100.25</ele></trkpt>
   <trkpt lon="12.000832" lat="51.466164"><ele>100.5</ele></trkpt>
   <trkpt lon="12.001167" lat="51.465915"><ele>100.75</ele></trkpt>
   <trkpt lon="12.001871" lat="51.465384"><ele>100.75</ele></trkpt>
   <trkpt lon="12.003465" lat="51.464185"><ele>98.75</ele></trkpt>
   <trkpt lon="12.003902" lat="51.463861"><ele>98.75</ele></trkpt>
   <trkpt lon="12.004351" lat="51.463543"><ele>99.25</ele></trkpt>
   <trkpt lon="12.004559" lat="51.463398"><ele>99.75</ele></trkpt>
   <trkpt lon="12.005147" lat="51.462991"><ele>100.0</ele></trkpt>
   <trkpt lon="12.005516" lat="51.462738"><ele>100.0</ele></trkpt>
   <trkpt lon="12.006234" lat="51.462255"><ele>99.0</ele></trkpt>
   <trkpt lon="12.006786" lat="51.461883"><ele>98.5</ele></trkpt>
   <trkpt lon="12.007805" lat="51.461223"><ele>98.0</ele></trkpt>
   <trkpt lon="12.007988" lat="51.461114"><ele>98.0</ele></trkpt>
   <trkpt lon="12.008572" lat="51.460768"><ele>97.75</ele></trkpt>
   <trkpt lon="12.008596" lat="51.460754"><ele>98.0</ele></trkpt>
   <trkpt lon="12.009117" lat="51.460471"><ele>98.0</ele></trkpt>
   <trkpt lon="12.009793" lat="51.460124"><ele>98.75</ele></trkpt>
   <trkpt lon="12.010226" lat="51.459916"><ele>98.75</ele></trkpt>
   <trkpt lon="12.010660" lat="51.459718"><ele>98.5</ele></trkpt>
   <trkpt lon="12.011225" lat="51.459472"><ele>98.0</ele></trkpt>
   <trkpt lon="12.011815" lat="51.459219"><ele>97.75</ele></trkpt>
   <trkpt lon="12.011863" lat="51.459198"><ele>97.75</ele></trkpt>
   <trkpt lon="12.012019" lat="51.459129"><ele>97.75</ele></trkpt>
   <trkpt lon="12.013125" lat="51.458675"><ele>97.5</ele></trkpt>
   <trkpt lon="12.013731" lat="51.458437"><ele>97.75</ele></trkpt>
   <trkpt lon="12.014353" lat="51.458198"><ele>97.75</ele></trkpt>
   <trkpt lon="12.014923" lat="51.457989"><ele>97.25</ele></trkpt>
   <trkpt lon="12.015639" lat="51.457745"><ele>97.5</ele></trkpt>
   <trkpt lon="12.016252" lat="51.457552"><ele>97.0</ele></trkpt>
   <trkpt lon="12.016457" lat="51.457488"><ele>97.0</ele></trkpt>
   <trkpt lon="12.017129" lat="51.457300"><ele>96.75</ele></trkpt>
   <trkpt lon="12.017958" lat="51.457090"><ele>97.5</ele></trkpt>
   <trkpt lon="12.019750" lat="51.456685"><ele>98.0</ele></trkpt>
   <trkpt lon="12.020598" lat="51.456504"><ele>98.25</ele></trkpt>
   <trkpt lon="12.023338" lat="51.455916"><ele>94.75</ele></trkpt>
   <trkpt lon="12.026176" lat="51.455307"><ele>94.25</ele></trkpt>
   <trkpt lon="12.026484" lat="51.455239"><ele>94.25</ele></trkpt>
   <trkpt lon="12.029037" lat="51.454690"><ele>95.5</ele></trkpt>
   <trkpt lon="12.029228" lat="51.454649"><ele>95.75</ele></trkpt>
   <trkpt lon="12.029426" lat="51.454606"><ele>96.0</ele></trkpt>
   <trkpt lon="12.031074" lat="51.454252"><ele>97.25</ele></trkpt>
   <trkpt lon="12.031436" lat="51.454175"><ele>97.0</ele></trkpt>
   <trkpt lon="12.031512" lat="51.454159"><ele>97.25</ele></trkpt>
   <trkpt lon="12.031988" lat="51.454055"><ele>96.75</ele></trkpt>
   <trkpt lon="12.034097" lat="51.453602"><ele>93.75</ele></trkpt>
   <trkpt lon="12.035060" lat="51.453395"><ele>92.75</ele></trkpt>
   <trkpt lon="12.035188" lat="51.453369"><ele>92.75</ele></trkpt>
   <trkpt lon="12.035853" lat="51.453231"><ele>93.0</ele></trkpt>
   <trkpt lon="12.036790" lat="51.453048"><ele>92.75</ele></trkpt>
   <trkpt lon="12.037817" lat="51.452864"><ele>92.5</ele></trkpt>
   <trkpt lon="12.039709" lat="51.452556"><ele>90.25</ele></trkpt>
   <trkpt lon="12.039952" lat="51.452517"><ele>90.0</ele></trkpt>
   <trkpt lon="12.040043" lat="51.452503"><ele>90.0</ele></trkpt>
   <trkpt lon="12.042338" lat="51.452137"><ele>90.0</ele></trkpt>
   <trkpt lon="12.045181" lat="51.451682"><ele>91.75</ele></trkpt>
   <trkpt lon="12.045771" lat="51.451587"><ele>91.75</ele></trkpt>
   <trkpt lon="12.046480" lat="51.451473"><ele>92.0</ele></trkpt>
   <trkpt lon="12.048435" lat="51.451163"><ele>94.0</ele></trkpt>
   <trkpt lon="12.050869" lat="51.450777"><ele>94.75</ele></trkpt>
   <trkpt lon="12.052004" lat="51.450596"><ele>95.5</ele></trkpt>
   <trkpt lon="12.052274" lat="51.450550"><ele>95.5</ele></trkpt>
   <trkpt lon="12.054456" lat="51.450201"><ele>95.0</ele></trkpt>
   <trkpt lon="12.056218" lat="51.449921"><ele>95.5</ele></trkpt>
   <trkpt lon="12.057475" lat="51.449720"><ele>95.5</ele></trkpt>
   <trkpt lon="12.059101" lat="51.449448"><ele>96.25</ele></trkpt>
   <trkpt lon="12.059473" lat="51.449386"><ele>96.25</ele></trkpt>
   <trkpt lon="12.061906" lat="51.448977"><ele>96.5</ele></trkpt>
   <trkpt lon="12.063501" lat="51.448713"><ele>96.0</ele></trkpt>
   <trkpt lon="12.064585" lat="51.448542"><ele>96.75</ele></trkpt>
   <trkpt lon="12.066839" lat="51.448181"><ele>98.0</ele></trkpt>
   <trkpt lon="12.067708" lat="51.448042"><ele>98.0</ele></trkpt>
   <trkpt lon="12.070858" lat="51.447540"><ele>99.0</ele></trkpt>
   <trkpt lon="12.072926" lat="51.447207"><ele>99.75</ele></trkpt>
   <trkpt lon="12.073922" lat="51.447045"><ele>100.0</ele></trkpt>
   <trkpt lon="12.074939" lat="51.446855"><ele>100.0</ele></trkpt>
   <trkpt lon="12.075875" lat="51.446662"><ele>100.0</ele></trkpt>
   <trkpt lon="12.076282" lat="51.446577"><ele>100.0</ele></trkpt>
   <trkpt lon="12.077584" lat="51.446260"><ele>100.5</ele></trkpt>
   <trkpt lon="12.078223" lat="51.446089"><ele>102.25</ele></trkpt>
   <trkpt lon="12.078438" lat="51.446033"><ele>102.25</ele></trkpt>
   <trkpt lon="12.079210" lat="51.445809"><ele>103.0</ele></trkpt>
   <trkpt lon="12.079973" lat="51.445573"><ele>103.0</ele></trkpt>
   <trkpt lon="12.080954" lat="51.445247"><ele>103.0</ele></trkpt>
   <trkpt lon="12.081540" lat="51.445040"><ele>103.75</ele></trkpt>
   <trkpt lon="12.082180" lat="51.444802"><ele>104.0</ele></trkpt>
   <trkpt lon="12.082823" lat="51.444549"><ele>103.5</ele></trkpt>
   <trkpt lon="12.083513" lat="51.444267"><ele>103.0</ele></trkpt>
   <trkpt lon="12.083728" lat="51.444175"><ele>103.0</ele></trkpt>
   <trkpt lon="12.084395" lat="51.443878"><ele>103.5</ele></trkpt>
   <trkpt lon="12.085082" lat="51.443556"><ele>103.5</ele></trkpt>
   <trkpt lon="12.085973" lat="51.443111"><ele>104.0</ele></trkpt>
   <trkpt lon="12.086284" lat="51.442952"><ele>104.0</ele></trkpt>
   <trkpt lon="12.086904" lat="51.442612"><ele>104.0</ele></trkpt>
   <trkpt lon="12.087497" lat="51.442269"><ele>104.25</ele></trkpt>
   <trkpt lon="12.088103" lat="51.441903"><ele>104.5</ele></trkpt>
   <trkpt lon="12.088783" lat="51.441472"><ele>105.0</ele></trkpt>
   <trkpt lon="12.089193" lat="51.441192"><ele>104.75</ele></trkpt>
   <trkpt lon="12.089966" lat="51.440645"><ele>104.0</ele></trkpt>
   <trkpt lon="12.090427" lat="51.440305"><ele>104.0</ele></trkpt>
   <trkpt lon="12.091680" lat="51.439352"><ele>104.75</ele></trkpt>
   <trkpt lon="12.091810" lat="51.439252"><ele>104.5</ele></trkpt>
   <trkpt lon="12.092575" lat="51.438693"><ele>103.75</ele></trkpt>
   <trkpt lon="12.092952" lat="51.438425"><ele>103.75</ele></trkpt>
   <trkpt lon="12.093350" lat="51.438157"><ele>104.0</ele></trkpt>
   <trkpt lon="12.094138" lat="51.437663"><ele>104.0</ele></trkpt>
   <trkpt lon="12.094213" lat="51.437617"><ele>103.75</ele></trkpt>
   <trkpt lon="12.094929" lat="51.437209"><ele>103.0</ele></trkpt>
   <trkpt lon="12.095561" lat="51.436878"><ele>102.75</ele></trkpt>
   <trkpt lon="12.095965" lat="51.436675"><ele>102.75</ele></trkpt>
   <trkpt lon="12.096540" lat="51.436402"><ele>103.25</ele></trkpt>
   <trkpt lon="12.097217" lat="51.436107"><ele>103.5</ele></trkpt>
   <trkpt lon="12.097425" lat="51.436020"><ele>103.75</ele></trkpt>
   <trkpt lon="12.098173" lat="51.435722"><ele>103.5</ele></trkpt>
   <trkpt lon="12.098390" lat="51.435643"><ele>103.5</ele></trkpt>
   <trkpt lon="12.099051" lat="51.435405"><ele>103.5</ele></trkpt>
   <trkpt lon="12.099131" lat="51.435376"><ele>103.5</ele></trkpt>
   <trkpt lon="12.099216" lat="51.435347"><ele>103.5</ele></trkpt>
   <trkpt lon="12.099780" lat="51.435160"><ele>103.5</ele></trkpt>
   <trkpt lon="12.100135" lat="51.435050"><ele>103.75</ele></trkpt>
   <trkpt lon="12.100889" lat="51.434836"><ele>104.25</ele></trkpt>
   <trkpt lon="12.101473" lat="51.434681"><ele>104.25</ele></trkpt>
   <trkpt lon="12.102004" lat="51.434548"><ele>104.25</ele></trkpt>
   <trkpt lon="12.102979" lat="51.434332"><ele>104.0</ele></trkpt>
   <trkpt lon="12.103854" lat="51.434161"><ele>104.0</ele></trkpt>
   <trkpt lon="12.104500" lat="51.434052"><ele>104.0</ele></trkpt>
   <trkpt lon="12.104715" lat="51.434016"><ele>104.0</ele></trkpt>
   <trkpt lon="12.105593" lat="51.433892"><ele>104.5</ele></trkpt>
   <trkpt lon="12.105992" lat="51.433840"><ele>104.75</ele></trkpt>
   <trkpt lon="12.106706" lat="51.433764"><ele>105.75</ele></trkpt>
   <trkpt lon="12.108056" lat="51.433649"><ele>106.75</ele></trkpt>
   <trkpt lon="12.109401" lat="51.433559"><ele>107.25</ele></trkpt>
   <trkpt lon="12.110040" lat="51.433516"><ele>107.5</ele></trkpt>
   <trkpt lon="12.110113" lat="51.433511"><ele>107.5</ele></trkpt>
   <trkpt lon="12.115806" lat="51.433130"><ele>108.25</ele></trkpt>
   <trkpt lon="12.116433" lat="51.433088"><ele>108.25</ele></trkpt>
   <trkpt lon="12.117844" lat="51.432997"><ele>108.5</ele></trkpt>
   <trkpt lon="12.118333" lat="51.432966"><ele>108.75</ele></trkpt>
   <trkpt lon="12.119677" lat="51.432874"><ele>109.0</ele></trkpt>
   <trkpt lon="12.122123" lat="51.432708"><ele>110.5</ele></trkpt>
   <trkpt lon="12.123442" lat="51.432594"><ele>110.0</ele></trkpt>
   <trkpt lon="12.125028" lat="51.432439"><ele>111.0</ele></trkpt>
   <trkpt lon="12.126745" lat="51.432238"><ele>110.5</ele></trkpt>
   <trkpt lon="12.129581" lat="51.431870"><ele>111.75</ele></trkpt>
   <trkpt lon="12.132612" lat="51.431479"><ele>113.0</ele></trkpt>
   <trkpt lon="12.133048" lat="51.431434"><ele>112.5</ele></trkpt>
   <trkpt lon="12.133557" lat="51.431373"><ele>112.25</ele></trkpt>
   <trkpt lon="12.134615" lat="51.431266"><ele>112.0</ele></trkpt>
   <trkpt lon="12.135721" lat="51.431166"><ele>112.0</ele></trkpt>
   <trkpt lon="12.138129" lat="51.430974"><ele>111.25</ele></trkpt>
   <trkpt lon="12.138260" lat="51.430961"><ele>111.0</ele></trkpt>
   <trkpt lon="12.138984" lat="51.430900"><ele>111.0</ele></trkpt>
   <trkpt lon="12.139092" lat="51.430891"><ele>111.0</ele></trkpt>
   <trkpt lon="12.139141" lat="51.430887"><ele>111.0</ele></trkpt>
   <trkpt lon="12.143168" lat="51.430540"><ele>114.25</ele></trkpt>
   <trkpt lon="12.146870" lat="51.430230"><ele>119.0</ele></trkpt>
   <trkpt lon="12.164835" lat="51.428716"><ele>122.0</ele></trkpt>
   <trkpt lon="12.171114" lat="51.428199"><ele>117.5</ele></trkpt>
   <trkpt lon="12.172366" lat="51.428085"><ele>118.5</ele></trkpt>
   <trkpt lon="12.175333" lat="51.427832"><ele>121.0</ele></trkpt>
   <trkpt lon="12.177576" lat="51.427640"><ele>121.75</ele></trkpt>
   <trkpt lon="12.178340" lat="51.427568"><ele>121.0</ele></trkpt>
   <trkpt lon="12.181332" lat="51.427293"><ele>121.25</ele></trkpt>
   <trkpt lon="12.184322" lat="51.427015"><ele>120.25</ele></trkpt>
   <trkpt lon="12.185464" lat="51.426910"><ele>120.0</ele></trkpt>
   <trkpt lon="12.186027" lat="51.426856"><ele>119.75</ele></trkpt>
   <trkpt lon="12.187088" lat="51.426757"><ele>119.0</ele></trkpt>
   <trkpt lon="12.193011" lat="51.426208"><ele>120.5</ele></trkpt>
   <trkpt lon="12.194722" lat="51.426044"><ele>119.5</ele></trkpt>
   <trkpt lon="12.194988" lat="51.426020"><ele>119.0</ele></trkpt>
   <trkpt lon="12.195419" lat="51.425979"><ele>119.0</ele></trkpt>
   <trkpt lon="12.195787" lat="51.425949"><ele>119.0</ele></trkpt>
   <trkpt lon="12.196700" lat="51.425863"><ele>119.75</ele></trkpt>
   <trkpt lon="12.198545" lat="51.425688"><ele>120.25</ele></trkpt>
   <trkpt lon="12.209337" lat="51.424688"><ele>122.0</ele></trkpt>
   <trkpt lon="12.211912" lat="51.424446"><ele>123.25</ele></trkpt>
   <trkpt lon="12.212047" lat="51.424434"><ele>123.25</ele></trkpt>
   <trkpt lon="12.217492" lat="51.423926"><ele>123.75</ele></trkpt>
   <trkpt lon="12.218485" lat="51.423853"><ele>124.25</ele></trkpt>
   <trkpt lon="12.219475" lat="51.423794"><ele>125.25</ele></trkpt>
   <trkpt lon="12.220102" lat="51.423753"><ele>126.0</ele></trkpt>
   <trkpt lon="12.221003" lat="51.423681"><ele>127.0</ele></trkpt>
   <trkpt lon="12.222489" lat="51.423529"><ele>130.75</ele></trkpt>
   <trkpt lon="12.223915" lat="51.423379"><ele>132.5</ele></trkpt>
   <trkpt lon="12.223930" lat="51.423378"><ele>132.5</ele></trkpt>
   <trkpt lon="12.227325" lat="51.423021"><ele>126.75</ele></trkpt>
   <trkpt lon="12.228468" lat="51.422871"><ele>127.5</ele></trkpt>
   <trkpt lon="12.229473" lat="51.422713"><ele>127.75</ele></trkpt>
   <trkpt lon="12.230566" lat="51.422530"><ele>127.0</ele></trkpt>
   <trkpt lon="12.230956" lat="51.422468"><ele>127.25</ele></trkpt>
   <trkpt lon="12.231410" lat="51.422404"><ele>127.75</ele></trkpt>
   <trkpt lon="12.232981" lat="51.422196"><ele>129.75</ele></trkpt>
   <trkpt lon="12.233683" lat="51.422100"><ele>130.25</ele></trkpt>
   <trkpt lon="12.234982" lat="51.421901"><ele>130.5</ele></trkpt>
   <trkpt lon="12.235881" lat="51.421774"><ele>130.75</ele></trkpt>
   <trkpt lon="12.236224" lat="51.421728"><ele>130.75</ele></trkpt>
   <trkpt lon="12.236887" lat="51.421642"><ele>131.0</ele></trkpt>
   <trkpt lon="12.245267" lat="51.420538"><ele>134.25</ele></trkpt>
   <trkpt lon="12.246813" lat="51.420332"><ele>135.0</ele></trkpt>
   <trkpt lon="12.249635" lat="51.419957"><ele>137.5</ele></trkpt>
   <trkpt lon="12.250622" lat="51.419827"><ele>138.0</ele></trkpt>
   <trkpt lon="12.252574" lat="51.419570"><ele>138.5</ele></trkpt>
   <trkpt lon="12.253560" lat="51.419440"><ele>138.5</ele></trkpt>
   <trkpt lon="12.255536" lat="51.419180"><ele>139.5</ele></trkpt>
   <trkpt lon="12.256868" lat="51.419005"><ele>142.25</ele></trkpt>
   <trkpt lon="12.257169" lat="51.418965"><ele>142.25</ele></trkpt>
   <trkpt lon="12.258507" lat="51.418787"><ele>142.0</ele></trkpt>
   <trkpt lon="12.260448" lat="51.418534"><ele>141.0</ele></trkpt>
   <trkpt lon="12.263410" lat="51.418140"><ele>141.25</ele></trkpt>
   <trkpt lon="12.263540" lat="51.418123"><ele>141.25</ele></trkpt>
   <trkpt lon="12.266368" lat="51.417749"><ele>140.75</ele></trkpt>
   <trkpt lon="12.268333" lat="51.417496"><ele>140.0</ele></trkpt>
   <trkpt lon="12.271268" lat="51.417104"><ele>138.25</ele></trkpt>
   <trkpt lon="12.278310" lat="51.416182"><ele>135.5</ele></trkpt>
   <trkpt lon="12.278390" lat="51.416172"><ele>135.5</ele></trkpt>
   <trkpt lon="12.280503" lat="51.415911"><ele>132.75</ele></trkpt>
   <trkpt lon="12.280653" lat="51.415893"><ele>132.75</ele></trkpt>
   <trkpt lon="12.281751" lat="51.415763"><ele>132.0</ele></trkpt>
   <trkpt lon="12.283117" lat="51.415628"><ele>131.25</ele></trkpt>
   <trkpt lon="12.284125" lat="51.415534"><ele>131.25</ele></trkpt>
   <trkpt lon="12.286122" lat="51.415367"><ele>131.25</ele></trkpt>
   <trkpt lon="12.288125" lat="51.415228"><ele>131.0</ele></trkpt>
   <trkpt lon="12.289100" lat="51.415170"><ele>131.0</ele></trkpt>
   <trkpt lon="12.290105" lat="51.415118"><ele>131.0</ele></trkpt>
   <trkpt lon="12.292127" lat="51.415032"><ele>130.75</ele></trkpt>
   <trkpt lon="12.298928" lat="51.414812"><ele>128.0</ele></trkpt>
   <trkpt lon="12.299655" lat="51.414791"><ele>128.5</ele></trkpt>
   <trkpt lon="12.299709" lat="51.414790"><ele>128.5</ele></trkpt>
   <trkpt lon="12.305112" lat="51.414607"><ele>124.5</ele></trkpt>
   <trkpt lon="12.311932" lat="51.414308"><ele>125.5</ele></trkpt>
   <trkpt lon="12.312338" lat="51.414289"><ele>125.0</ele></trkpt>
   <trkpt lon="12.314643" lat="51.414184"><ele>123.25</ele></trkpt>
   <trkpt lon="12.317522" lat="51.414052"><ele>123.0</ele></trkpt>
   <trkpt lon="12.317659" lat="51.414046"><ele>123.25</ele></trkpt>
   <trkpt lon="12.319167" lat="51.413975"><ele>123.75</ele></trkpt>
   <trkpt lon="12.319243" lat="51.413972"><ele>123.75</ele></trkpt>
   <trkpt lon="12.328702" lat="51.413538"><ele>124.0</ele></trkpt>
   <trkpt lon="12.339742" lat="51.413027"><ele>122.25</ele></trkpt>
   <trkpt lon="12.340737" lat="51.412972"><ele>122.25</ele></trkpt>
   <trkpt lon="12.342742" lat="51.412840"><ele>122.75</ele></trkpt>
   <trkpt lon="12.344739" lat="51.412680"><ele>123.75</ele></trkpt>
   <trkpt lon="12.346732" lat="51.412492"><ele>124.0</ele></trkpt>
   <trkpt lon="12.347725" lat="51.412387"><ele>124.25</ele></trkpt>
   <trkpt lon="12.349692" lat="51.412157"><ele>125.5</ele></trkpt>
   <trkpt lon="12.351666" lat="51.411900"><ele>126.5</ele></trkpt>
   <trkpt lon="12.353628" lat="51.411615"><ele>127.0</ele></trkpt>
   <trkpt lon="12.354607" lat="51.411463"><ele>128.0</ele></trkpt>
   <trkpt lon="12.355581" lat="51.411304"><ele>128.75</ele></trkpt>
   <trkpt lon="12.360293" lat="51.410505"><ele>131.0</ele></trkpt>
   <trkpt lon="12.361850" lat="51.410238"><ele>132.5</ele></trkpt>
   <trkpt lon="12.361999" lat="51.410212"><ele>132.5</ele></trkpt>
   <trkpt lon="12.363208" lat="51.410008"><ele>132.0</ele></trkpt>
   <trkpt lon="12.370557" lat="51.408761"><ele>131.0</ele></trkpt>
   <trkpt lon="12.373526" lat="51.408255"><ele>129.5</ele></trkpt>
   <trkpt lon="12.374299" lat="51.408123"><ele>129.0</ele></trkpt>
   <trkpt lon="12.375156" lat="51.407976"><ele>128.0</ele></trkpt>
   <trkpt lon="12.375657" lat="51.407889"><ele>127.75</ele></trkpt>
   <trkpt lon="12.376178" lat="51.407798"><ele>127.25</ele></trkpt>
   <trkpt lon="12.377016" lat="51.407635"><ele>126.25</ele></trkpt>
   <trkpt lon="12.377864" lat="51.407441"><ele>126.25</ele></trkpt>
   <trkpt lon="12.378729" lat="51.407213"><ele>126.75</ele></trkpt>
   <trkpt lon="12.379022" lat="51.407124"><ele>126.75</ele></trkpt>
   <trkpt lon="12.379120" lat="51.407095"><ele>126.75</ele></trkpt>
   <trkpt lon="12.379893" lat="51.406838"><ele>127.25</ele></trkpt>
   <trkpt lon="12.380274" lat="51.406697"><ele>127.0</ele></trkpt>
   <trkpt lon="12.381001" lat="51.406406"><ele>125.5</ele></trkpt>
   <trkpt lon="12.381688" lat="51.406095"><ele>124.5</ele></trkpt>
   <trkpt lon="12.382048" lat="51.405917"><ele>124.0</ele></trkpt>
   <trkpt lon="12.382693" lat="51.405571"><ele>123.75</ele></trkpt>
   <trkpt lon="12.383305" lat="51.405208"><ele>124.5</ele></trkpt>
   <trkpt lon="12.383623" lat="51.405003"><ele>124.75</ele></trkpt>
   <trkpt lon="12.383945" lat="51.404780"><ele>124.75</ele></trkpt>
   <trkpt lon="12.384264" lat="51.404547"><ele>125.0</ele></trkpt>
   <trkpt lon="12.384545" lat="51.404329"><ele>125.25</ele></trkpt>
   <trkpt lon="12.384869" lat="51.404060"><ele>125.75</ele></trkpt>
   <trkpt lon="12.385328" lat="51.403644"><ele>125.75</ele></trkpt>
   <trkpt lon="12.385401" lat="51.403570"><ele>125.75</ele></trkpt>
   <trkpt lon="12.385677" lat="51.403297"><ele>126.0</ele></trkpt>
   <trkpt lon="12.385857" lat="51.403101"><ele>126.0</ele></trkpt>
   <trkpt lon="12.386368" lat="51.402495"><ele>126.0</ele></trkpt>
   <trkpt lon="12.386859" lat="51.401796"><ele>126.0</ele></trkpt>
   <trkpt lon="12.387066" lat="51.401428"><ele>126.0</ele></trkpt>
   <trkpt lon="12.387135" lat="51.401306"><ele>126.0</ele></trkpt>
   <trkpt lon="12.387400" lat="51.400763"><ele>125.0</ele></trkpt>
   <trkpt lon="12.388361" lat="51.398460"><ele>125.75</ele></trkpt>
   <trkpt lon="12.388511" lat="51.398096"><ele>125.5</ele></trkpt>
   <trkpt lon="12.388594" lat="51.397894"><ele>125.25</ele></trkpt>
   <trkpt lon="12.388842" lat="51.397293"><ele>124.75</ele></trkpt>
   <trkpt lon="12.388963" lat="51.397026"><ele>124.25</ele></trkpt>
   <trkpt lon="12.389283" lat="51.396247"><ele>124.5</ele></trkpt>
   <trkpt lon="12.389362" lat="51.396055"><ele>124.5</ele></trkpt>
   <trkpt lon="12.389485" lat="51.395757"><ele>124.75</ele></trkpt>
   <trkpt lon="12.389701" lat="51.395218"><ele>124.5</ele></trkpt>
   <trkpt lon="12.389862" lat="51.394842"><ele>123.75</ele></trkpt>
   <trkpt lon="12.390068" lat="51.394363"><ele>123.0</ele></trkpt>
   <trkpt lon="12.390080" lat="51.394337"><ele>123.0</ele></trkpt>
   <trkpt lon="12.390262" lat="51.393881"><ele>123.0</ele></trkpt>
   <trkpt lon="12.390448" lat="51.393420"><ele>123.75</ele></trkpt>
   <trkpt lon="12.390661" lat="51.392825"><ele>124.0</ele></trkpt>
   <trkpt lon="12.391021" lat="51.391739"><ele>122.75</ele></trkpt>
   <trkpt lon="12.391169" lat="51.391291"><ele>123.0</ele></trkpt>
   <trkpt lon="12.391540" lat="51.390317"><ele>123.75</ele></trkpt>
   <trkpt lon="12.391634" lat="51.390091"><ele>123.75</ele></trkpt>
   <trkpt lon="12.391802" lat="51.389652"><ele>123.75</ele></trkpt>
   <trkpt lon="12.392039" lat="51.389038"><ele>123.75</ele></trkpt>
   <trkpt lon="12.392053" lat="51.389003"><ele>124.0</ele></trkpt>
   <trkpt lon="12.392241" lat="51.388525"><ele>124.0</ele></trkpt>
   <trkpt lon="12.392295" lat="51.388386"><ele>124.25</ele></trkpt>
   <trkpt lon="12.392358" lat="51.388229"><ele>124.75</ele></trkpt>
   <trkpt lon="12.392474" lat="51.387941"><ele>125.25</ele></trkpt>
   <trkpt lon="12.392670" lat="51.387451"><ele>126.0</ele></trkpt>
   <trkpt lon="12.392695" lat="51.387380"><ele>126.0</ele></trkpt>
   <trkpt lon="12.392985" lat="51.386637"><ele>125.5</ele></trkpt>
   <trkpt lon="12.393029" lat="51.386513"><ele>125.5</ele></trkpt>
   <trkpt lon="12.393061" lat="51.386437"><ele>125.5</ele></trkpt>
   <trkpt lon="12.393125" lat="51.386273"><ele>125.5</ele></trkpt>
   <trkpt lon="12.393414" lat="51.385683"><ele>125.0</ele></trkpt>
   <trkpt lon="12.393609" lat="51.385199"><ele>125.25</ele></trkpt>
   <trkpt lon="12.393779" lat="51.384764"><ele>125.5</ele></trkpt>
   <trkpt lon="12.394494" lat="51.382951"><ele>125.0</ele></trkpt>
   <trkpt lon="12.394632" lat="51.382608"><ele>124.5</ele></trkpt>
   <trkpt lon="12.394889" lat="51.381954"><ele>124.5</ele></trkpt>
   <trkpt lon="12.394923" lat="51.381873"><ele>124.75</ele></trkpt>
   <trkpt lon="12.395156" lat="51.381285"><ele>125.0</ele></trkpt>
   <trkpt lon="12.395352" lat="51.380799"><ele>125.25</ele></trkpt>
   <trkpt lon="12.395393" lat="51.380682"><ele>125.5</ele></trkpt>
   <trkpt lon="12.395573" lat="51.380234"><ele>126.5</ele></trkpt>
   <trkpt lon="12.395653" lat="51.380019"><ele>126.75</ele></trkpt>
   <trkpt lon="12.396163" lat="51.378572"><ele>126.75</ele></trkpt>
   <trkpt lon="12.396882" lat="51.376778"><ele>125.0</ele></trkpt>
   <trkpt lon="12.396924" lat="51.376686"><ele>125.0</ele></trkpt>
   <trkpt lon="12.397008" lat="51.376492"><ele>125.0</ele></trkpt>
   <trkpt lon="12.397192" lat="51.376101"><ele>125.0</ele></trkpt>
   <trkpt lon="12.397225" lat="51.376028"><ele>125.0</ele></trkpt>
   <trkpt lon="12.397470" lat="51.375505"><ele>124.5</ele></trkpt>
   <trkpt lon="12.397716" lat="51.374973"><ele>123.25</ele></trkpt>
   <trkpt lon="12.397806" lat="51.374783"><ele>123.0</ele></trkpt>
   <trkpt lon="12.398014" lat="51.374335"><ele>122.25</ele></trkpt>
   <trkpt lon="12.398352" lat="51.373611"><ele>121.25</ele></trkpt>
   <trkpt lon="12.398562" lat="51.373159"><ele>120.25</ele></trkpt>
   <trkpt lon="12.398779" lat="51.372649"><ele>119.25</ele></trkpt>
   <trkpt lon="12.398852" lat="51.372471"><ele>119.0</ele></trkpt>
   <trkpt lon="12.398920" lat="51.372301"><ele>119.0</ele></trkpt>
   <trkpt lon="12.399014" lat="51.372069"><ele>119.5</ele></trkpt>
   <trkpt lon="12.399221" lat="51.371573"><ele>119.5</ele></trkpt>
   <trkpt lon="12.399349" lat="51.371263"><ele>118.75</ele></trkpt>
   <trkpt lon="12.399460" lat="51.371008"><ele>118.0</ele></trkpt>
   <trkpt lon="12.399687" lat="51.370453"><ele>117.25</ele></trkpt>
   <trkpt lon="12.399815" lat="51.370145"><ele>117.0</ele></trkpt>
   <trkpt lon="12.399826" lat="51.370117"><ele>117.0</ele></trkpt>
   <trkpt lon="12.400291" lat="51.368982"><ele>117.75</ele></trkpt>
   <trkpt lon="12.400439" lat="51.368627"><ele>117.25</ele></trkpt>
   <trkpt lon="12.400876" lat="51.367570"><ele>116.0</ele></trkpt>
   <trkpt lon="12.401025" lat="51.367206"><ele>115.25</ele></trkpt>
   <trkpt lon="12.401434" lat="51.366200"><ele>114.75</ele></trkpt>
   <trkpt lon="12.401437" lat="51.366189"><ele>114.5</ele></trkpt>
   <trkpt lon="12.401440" lat="51.366181"><ele>114.5</ele></trkpt>
   <trkpt lon="12.401577" lat="51.365730"><ele>114.25</ele></trkpt>
   <trkpt lon="12.401613" lat="51.365530"><ele>114.5</ele></trkpt>
   <trkpt lon="12.401628" lat="51.365380"><ele>114.5</ele></trkpt>
   <trkpt lon="12.401633" lat="51.365330"><ele>114.5</ele></trkpt>
   <trkpt lon="12.401639" lat="51.365126"><ele>114.75</ele></trkpt>
   <trkpt lon="12.401625" lat="51.364924"><ele>115.0</ele></trkpt>
   <trkpt lon="12.401604" lat="51.364772"><ele>114.75</ele></trkpt>
   <trkpt lon="12.401552" lat="51.364523"><ele>114.75</ele></trkpt>
   <trkpt lon="12.401489" lat="51.364328"><ele>114.5</ele></trkpt>
   <trkpt lon="12.401339" lat="51.363991"><ele>114.25</ele></trkpt>
   <trkpt lon="12.401193" lat="51.363726"><ele>114.25</ele></trkpt>
   <trkpt lon="12.400881" lat="51.363267"><ele>113.75</ele></trkpt>
   <trkpt lon="12.400254" lat="51.362413"><ele>113.75</ele></trkpt>
   <trkpt lon="12.400159" lat="51.362286"><ele>113.75</ele></trkpt>
   <trkpt lon="12.399681" lat="51.361635"><ele>114.5</ele></trkpt>
   <trkpt lon="12.399558" lat="51.361479"><ele>114.25</ele></trkpt>
   <trkpt lon="12.399371" lat="51.361244"><ele>114.0</ele></trkpt>
   <trkpt lon="12.399158" lat="51.361017"><ele>113.5</ele></trkpt>
   <trkpt lon="12.398985" lat="51.360846"><ele>113.25</ele></trkpt>
   <trkpt lon="12.398295" lat="51.360263"><ele>110.5</ele></trkpt>
   <trkpt lon="12.398173" lat="51.360165"><ele>110.25</ele></trkpt>
   <trkpt lon="12.397523" lat="51.359620"><ele>110.5</ele></trkpt>
   <trkpt lon="12.397219" lat="51.359366"><ele>110.5</ele></trkpt>
   <trkpt lon="12.396639" lat="51.358884"><ele>110.5</ele></trkpt>
   <trkpt lon="12.395686" lat="51.358088"><ele>110.75</ele></trkpt>
   <trkpt lon="12.395640" lat="51.358051"><ele>110.5</ele></trkpt>
   <trkpt lon="12.394878" lat="51.357415"><ele>111.0</ele></trkpt>
   <trkpt lon="12.394209" lat="51.356857"><ele>111.75</ele></trkpt>
   <trkpt lon="12.393961" lat="51.356652"><ele>112.0</ele></trkpt>
   <trkpt lon="12.393256" lat="51.356064"><ele>111.5</ele></trkpt>
   <trkpt lon="12.392993" lat="51.355845"><ele>111.25</ele></trkpt>
   <trkpt lon="12.392512" lat="51.355445"><ele>111.5</ele></trkpt>
   <trkpt lon="12.392197" lat="51.355168"><ele>111.0</ele></trkpt>
   <trkpt lon="12.391429" lat="51.354449"><ele>109.75</ele></trkpt>
   <trkpt lon="12.391389" lat="51.354409"><ele>109.75</ele></trkpt>
   <trkpt lon="12.390907" lat="51.353956"><ele>109.75</ele></trkpt>
   <trkpt lon="12.390825" lat="51.353881"><ele>110.0</ele></trkpt>
   <trkpt lon="12.390670" lat="51.353735"><ele>110.0</ele></trkpt>
   <trkpt lon="12.390560" lat="51.353632"><ele>110.0</ele></trkpt>
   <trkpt lon="12.390187" lat="51.353257"><ele>110.0</ele></trkpt>
   <trkpt lon="12.390065" lat="51.353122"><ele>110.0</ele></trkpt>
   <trkpt lon="12.389697" lat="51.352745"><ele>110.25</ele></trkpt>
   <trkpt lon="12.389272" lat="51.352358"><ele>110.5</ele></trkpt>
   <trkpt lon="12.389246" lat="51.352334"><ele>110.5</ele></trkpt>
   <trkpt lon="12.388948" lat="51.352066"><ele>110.25</ele></trkpt>
   <trkpt lon="12.388663" lat="51.351817"><ele>110.0</ele></trkpt>
   <trkpt lon="12.388464" lat="51.351638"><ele>110.0</ele></trkpt>
   <trkpt lon="12.388427" lat="51.351604"><ele>110.0</ele></trkpt>
   <trkpt lon="12.388278" lat="51.351459"><ele>110.0</ele></trkpt>
   <trkpt lon="12.388110" lat="51.351295"><ele>110.25</ele></trkpt>
   <trkpt lon="12.387735" lat="51.350904"><ele>110.75</ele></trkpt>
   <trkpt lon="12.387541" lat="51.350716"><ele>110.75</ele></trkpt>
   <trkpt lon="12.387313" lat="51.350504"><ele>110.5</ele></trkpt>
   <trkpt lon="12.386944" lat="51.350148"><ele>110.0</ele></trkpt>
   <trkpt lon="12.386543" lat="51.349748"><ele>110.0</ele></trkpt>
   <trkpt lon="12.386313" lat="51.349506"><ele>110.25</ele></trkpt>
   <trkpt lon="12.385717" lat="51.348815"><ele>110.5</ele></trkpt>
   <trkpt lon="12.385403" lat="51.348578"><ele>110.25</ele></trkpt>
   <trkpt lon="12.385115" lat="51.348346"><ele>110.0</ele></trkpt>
   <trkpt lon="12.385005" lat="51.348256"><ele>110.0</ele></trkpt>
   <trkpt lon="12.384750" lat="51.348039"><ele>110.0</ele></trkpt>
   <trkpt lon="12.383286" lat="51.346680"><ele>111.0</ele></trkpt>
   <trkpt lon="12.382238" lat="51.345690"><ele>117.75</ele></trkpt>
   <trkpt lon="12.381525" lat="51.345025"><ele>122.75</ele></trkpt>
   <trkpt lon="12.381467" lat="51.344972"><ele>122.75</ele></trkpt>
  </trkseg>
 </trk>
</gpx>
