<?xml version="1.0" encoding="UTF-8"?>
<!-- track-length = 163890 filtered ascend = 359 plain-ascend = -26 cost=163890 energy=2.0kwh time=3h 38m 33s -->
<gpx 
 xmlns="http://www.topografix.com/GPX/1/1" 
 xmlns:xsi="http://www.w3.org/2001/XMLSchema-instance" 
 xsi:schemaLocation="http://www.topografix.com/GPX/1/1 http://www.topografix.com/GPX/1/1/gpx.xsd" 
 version="1.1" 
 creator="BRouter-Web 0.18.1">
 <trk>
  <name>Mainz - Troisdorf</name>
  <trkseg>
   <trkpt lat="50.001157" lon="8.258692"><ele>94.25</ele></trkpt>
   <trkpt lat="50.001283" lon="8.25858"><ele>94.25</ele></trkpt>
   <trkpt lat="50.001574" lon="8.25832"><ele>94</ele></trkpt>
   <trkpt lat="50.00159" lon="8.258306"><ele>94</ele></trkpt>
   <trkpt lat="50.001605" lon="8.258292"><ele>94</ele></trkpt>
   <trkpt lat="50.001628" lon="8.258272"><ele>94.25</ele></trkpt>
   <trkpt lat="50.001991" lon="8.257956"><ele>96.25</ele></trkpt>
   <trkpt lat="50.002045" lon="8.257908"><ele>96.5</ele></trkpt>
   <trkpt lat="50.00254" lon="8.257468"><ele>97.75</ele></trkpt>
   <trkpt lat="50.002868" lon="8.257164"><ele>95.25</ele></trkpt>
   <trkpt lat="50.003118" lon="8.25694"><ele>92.25</ele></trkpt>
   <trkpt lat="50.00319" lon="8.256867"><ele>91.25</ele></trkpt>
   <trkpt lat="50.003429" lon="8.256634"><ele>89.5</ele></trkpt>
   <trkpt lat="50.003559" lon="8.256492"><ele>90.5</ele></trkpt>
   <trkpt lat="50.00376" lon="8.256251"><ele>91.75</ele></trkpt>
   <trkpt lat="50.003888" lon="8.256056"><ele>92</ele></trkpt>
   <trkpt lat="50.004009" lon="8.255897"><ele>92</ele></trkpt>
   <trkpt lat="50.004272" lon="8.25558"><ele>91.75</ele></trkpt>
   <trkpt lat="50.004298" lon="8.255554"><ele>91.75</ele></trkpt>
   <trkpt lat="50.004328" lon="8.255519"><ele>92</ele></trkpt>
   <trkpt lat="50.004346" lon="8.255499"><ele>92</ele></trkpt>
   <trkpt lat="50.004518" lon="8.255287"><ele>92</ele></trkpt>
   <trkpt lat="50.005165" lon="8.254443"><ele>92</ele></trkpt>
   <trkpt lat="50.005347" lon="8.254223"><ele>91.5</ele></trkpt>
   <trkpt lat="50.005642" lon="8.253872"><ele>90.75</ele></trkpt>
   <trkpt lat="50.006014" lon="8.253363"><ele>90</ele></trkpt>
   <trkpt lat="50.007056" lon="8.252135"><ele>91</ele></trkpt>
   <trkpt lat="50.008096" lon="8.250891"><ele>91.5</ele></trkpt>
   <trkpt lat="50.008186" lon="8.250786"><ele>91.5</ele></trkpt>
   <trkpt lat="50.008538" lon="8.250363"><ele>91</ele></trkpt>
   <trkpt lat="50.008604" lon="8.25028"><ele>90.75</ele></trkpt>
   <trkpt lat="50.008924" lon="8.249984"><ele>90.5</ele></trkpt>
   <trkpt lat="50.009213" lon="8.249716"><ele>90.5</ele></trkpt>
   <trkpt lat="50.009303" lon="8.249614"><ele>90.5</ele></trkpt>
   <trkpt lat="50.00934" lon="8.249567"><ele>90.25</ele></trkpt>
   <trkpt lat="50.009779" lon="8.249049"><ele>89.75</ele></trkpt>
   <trkpt lat="50.010474" lon="8.248221"><ele>90</ele></trkpt>
   <trkpt lat="50.010721" lon="8.247933"><ele>90.25</ele></trkpt>
   <trkpt lat="50.01224" lon="8.246018"><ele>88.25</ele></trkpt>
   <trkpt lat="50.013016" lon="8.24505"><ele>88.25</ele></trkpt>
   <trkpt lat="50.013173" lon="8.244862"><ele>88</ele></trkpt>
   <trkpt lat="50.013726" lon="8.244206"><ele>87.25</ele></trkpt>
   <trkpt lat="50.013805" lon="8.244113"><ele>87.5</ele></trkpt>
   <trkpt lat="50.014176" lon="8.243672"><ele>88</ele></trkpt>
   <trkpt lat="50.014581" lon="8.243238"><ele>88</ele></trkpt>
   <trkpt lat="50.014669" lon="8.243154"><ele>87.75</ele></trkpt>
   <trkpt lat="50.014763" lon="8.243065"><ele>87.75</ele></trkpt>
   <trkpt lat="50.015019" lon="8.242852"><ele>87.25</ele></trkpt>
   <trkpt lat="50.015406" lon="8.242586"><ele>88</ele></trkpt>
   <trkpt lat="50.015851" lon="8.242358"><ele>88.75</ele></trkpt>
   <trkpt lat="50.016209" lon="8.242199"><ele>88</ele></trkpt>
   <trkpt lat="50.016358" lon="8.24214"><ele>87.75</ele></trkpt>
   <trkpt lat="50.016951" lon="8.241906"><ele>87.25</ele></trkpt>
   <trkpt lat="50.01704" lon="8.241872"><ele>87.25</ele></trkpt>
   <trkpt lat="50.017867" lon="8.241609"><ele>87.25</ele></trkpt>
   <trkpt lat="50.017912" lon="8.241589"><ele>87.25</ele></trkpt>
   <trkpt lat="50.018166" lon="8.241475"><ele>87.5</ele></trkpt>
   <trkpt lat="50.018495" lon="8.241308"><ele>87.75</ele></trkpt>
   <trkpt lat="50.018918" lon="8.24106"><ele>87.75</ele></trkpt>
   <trkpt lat="50.019248" lon="8.240798"><ele>88</ele></trkpt>
   <trkpt lat="50.019443" lon="8.24062"><ele>88.25</ele></trkpt>
   <trkpt lat="50.019816" lon="8.240204"><ele>89.25</ele></trkpt>
   <trkpt lat="50.019988" lon="8.239992"><ele>89.75</ele></trkpt>
   <trkpt lat="50.020157" lon="8.23976"><ele>89.25</ele></trkpt>
   <trkpt lat="50.020444" lon="8.239293"><ele>88.25</ele></trkpt>
   <trkpt lat="50.020632" lon="8.23894"><ele>88</ele></trkpt>
   <trkpt lat="50.020821" lon="8.23852"><ele>88</ele></trkpt>
   <trkpt lat="50.020964" lon="8.238155"><ele>87.75</ele></trkpt>
   <trkpt lat="50.021086" lon="8.237802"><ele>87.5</ele></trkpt>
   <trkpt lat="50.021148" lon="8.2376"><ele>87.25</ele></trkpt>
   <trkpt lat="50.021217" lon="8.23738"><ele>87.25</ele></trkpt>
   <trkpt lat="50.021297" lon="8.237067"><ele>87.25</ele></trkpt>
   <trkpt lat="50.021382" lon="8.2367"><ele>87</ele></trkpt>
   <trkpt lat="50.02153" lon="8.235963"><ele>87.5</ele></trkpt>
   <trkpt lat="50.021572" lon="8.235721"><ele>87.5</ele></trkpt>
   <trkpt lat="50.021578" lon="8.23569"><ele>87.75</ele></trkpt>
   <trkpt lat="50.021582" lon="8.235671"><ele>87.75</ele></trkpt>
   <trkpt lat="50.021744" lon="8.234856"><ele>88</ele></trkpt>
   <trkpt lat="50.021813" lon="8.234402"><ele>88</ele></trkpt>
   <trkpt lat="50.02192" lon="8.233617"><ele>88.25</ele></trkpt>
   <trkpt lat="50.022183" lon="8.232234"><ele>86.75</ele></trkpt>
   <trkpt lat="50.02273" lon="8.229349"><ele>88</ele></trkpt>
   <trkpt lat="50.022853" lon="8.228722"><ele>89</ele></trkpt>
   <trkpt lat="50.022981" lon="8.228095"><ele>89.5</ele></trkpt>
   <trkpt lat="50.023119" lon="8.22738"><ele>89</ele></trkpt>
   <trkpt lat="50.023545" lon="8.225083"><ele>88.5</ele></trkpt>
   <trkpt lat="50.023677" lon="8.224439"><ele>88.5</ele></trkpt>
   <trkpt lat="50.023801" lon="8.223796"><ele>88.5</ele></trkpt>
   <trkpt lat="50.023876" lon="8.223462"><ele>88.25</ele></trkpt>
   <trkpt lat="50.023974" lon="8.22309"><ele>87.5</ele></trkpt>
   <trkpt lat="50.024036" lon="8.222804"><ele>86.75</ele></trkpt>
   <trkpt lat="50.024148" lon="8.222214"><ele>86</ele></trkpt>
   <trkpt lat="50.024166" lon="8.222121"><ele>86</ele></trkpt>
   <trkpt lat="50.024305" lon="8.221408"><ele>85.25</ele></trkpt>
   <trkpt lat="50.024324" lon="8.22129"><ele>85.25</ele></trkpt>
   <trkpt lat="50.024341" lon="8.221207"><ele>85.25</ele></trkpt>
   <trkpt lat="50.024383" lon="8.220979"><ele>85</ele></trkpt>
   <trkpt lat="50.024396" lon="8.220915"><ele>85</ele></trkpt>
   <trkpt lat="50.024491" lon="8.220418"><ele>85</ele></trkpt>
   <trkpt lat="50.024701" lon="8.21931"><ele>85.75</ele></trkpt>
   <trkpt lat="50.024781" lon="8.218839"><ele>86</ele></trkpt>
   <trkpt lat="50.025161" lon="8.216847"><ele>84.25</ele></trkpt>
   <trkpt lat="50.025842" lon="8.213286"><ele>87</ele></trkpt>
   <trkpt lat="50.025895" lon="8.213004"><ele>87</ele></trkpt>
   <trkpt lat="50.025925" lon="8.212848"><ele>87.25</ele></trkpt>
   <trkpt lat="50.026416" lon="8.210248"><ele>86.5</ele></trkpt>
   <trkpt lat="50.026454" lon="8.210047"><ele>86.5</ele></trkpt>
   <trkpt lat="50.026785" lon="8.208319"><ele>85.5</ele></trkpt>
   <trkpt lat="50.027407" lon="8.204974"><ele>83</ele></trkpt>
   <trkpt lat="50.027914" lon="8.202364"><ele>85.5</ele></trkpt>
   <trkpt lat="50.028039" lon="8.201697"><ele>85.25</ele></trkpt>
   <trkpt lat="50.029213" lon="8.195525"><ele>87</ele></trkpt>
   <trkpt lat="50.029294" lon="8.195073"><ele>87.25</ele></trkpt>
   <trkpt lat="50.029405" lon="8.194376"><ele>87.5</ele></trkpt>
   <trkpt lat="50.029495" lon="8.193764"><ele>87.25</ele></trkpt>
   <trkpt lat="50.02958" lon="8.193106"><ele>86.75</ele></trkpt>
   <trkpt lat="50.029716" lon="8.19171"><ele>86</ele></trkpt>
   <trkpt lat="50.029751" lon="8.191187"><ele>86.75</ele></trkpt>
   <trkpt lat="50.029779" lon="8.190686"><ele>87.5</ele></trkpt>
   <trkpt lat="50.029806" lon="8.190038"><ele>88</ele></trkpt>
   <trkpt lat="50.029823" lon="8.189307"><ele>87</ele></trkpt>
   <trkpt lat="50.02983" lon="8.188986"><ele>86.5</ele></trkpt>
   <trkpt lat="50.029794" lon="8.187146"><ele>85</ele></trkpt>
   <trkpt lat="50.029761" lon="8.18645"><ele>84.75</ele></trkpt>
   <trkpt lat="50.02967" lon="8.185277"><ele>84.5</ele></trkpt>
   <trkpt lat="50.029557" lon="8.184221"><ele>86</ele></trkpt>
   <trkpt lat="50.02941" lon="8.183158"><ele>87.5</ele></trkpt>
   <trkpt lat="50.029315" lon="8.182572"><ele>87.5</ele></trkpt>
   <trkpt lat="50.029212" lon="8.181989"><ele>87.75</ele></trkpt>
   <trkpt lat="50.029098" lon="8.181412"><ele>87.75</ele></trkpt>
   <trkpt lat="50.028969" lon="8.180807"><ele>87.25</ele></trkpt>
   <trkpt lat="50.028822" lon="8.180155"><ele>86.5</ele></trkpt>
   <trkpt lat="50.028645" lon="8.179446"><ele>87</ele></trkpt>
   <trkpt lat="50.028397" lon="8.178543"><ele>87</ele></trkpt>
   <trkpt lat="50.028129" lon="8.177628"><ele>86.5</ele></trkpt>
   <trkpt lat="50.027276" lon="8.175136"><ele>87</ele></trkpt>
   <trkpt lat="50.026974" lon="8.174256"><ele>88</ele></trkpt>
   <trkpt lat="50.026859" lon="8.173921"><ele>88</ele></trkpt>
   <trkpt lat="50.02655" lon="8.17303"><ele>88.75</ele></trkpt>
   <trkpt lat="50.026421" lon="8.17268"><ele>88.5</ele></trkpt>
   <trkpt lat="50.025699" lon="8.170602"><ele>87.75</ele></trkpt>
   <trkpt lat="50.025532" lon="8.170127"><ele>87.5</ele></trkpt>
   <trkpt lat="50.025281" lon="8.169412"><ele>87</ele></trkpt>
   <trkpt lat="50.024941" lon="8.16854"><ele>86</ele></trkpt>
   <trkpt lat="50.024607" lon="8.167742"><ele>85</ele></trkpt>
   <trkpt lat="50.024576" lon="8.167667"><ele>84.75</ele></trkpt>
   <trkpt lat="50.023948" lon="8.166259"><ele>83.25</ele></trkpt>
   <trkpt lat="50.023436" lon="8.165248"><ele>84.5</ele></trkpt>
   <trkpt lat="50.023362" lon="8.165102"><ele>84.75</ele></trkpt>
   <trkpt lat="50.021182" lon="8.161202"><ele>87.25</ele></trkpt>
   <trkpt lat="50.020358" lon="8.159735"><ele>86.75</ele></trkpt>
   <trkpt lat="50.017735" lon="8.155052"><ele>93.5</ele></trkpt>
   <trkpt lat="50.014267" lon="8.148863"><ele>96.75</ele></trkpt>
   <trkpt lat="50.013568" lon="8.147619"><ele>96.5</ele></trkpt>
   <trkpt lat="50.012918" lon="8.146462"><ele>94.5</ele></trkpt>
   <trkpt lat="50.012542" lon="8.145793"><ele>93.75</ele></trkpt>
   <trkpt lat="50.011682" lon="8.144293"><ele>92</ele></trkpt>
   <trkpt lat="50.011137" lon="8.143298"><ele>93.75</ele></trkpt>
   <trkpt lat="50.011051" lon="8.14314"><ele>93.75</ele></trkpt>
   <trkpt lat="50.011001" lon="8.143049"><ele>94</ele></trkpt>
   <trkpt lat="50.010456" lon="8.142072"><ele>94.75</ele></trkpt>
   <trkpt lat="50.010207" lon="8.141624"><ele>94.25</ele></trkpt>
   <trkpt lat="50.009688" lon="8.140783"><ele>93.5</ele></trkpt>
   <trkpt lat="50.009619" lon="8.140666"><ele>93.5</ele></trkpt>
   <trkpt lat="50.009554" lon="8.140554"><ele>93.5</ele></trkpt>
   <trkpt lat="50.009179" lon="8.139962"><ele>92.75</ele></trkpt>
   <trkpt lat="50.008911" lon="8.139488"><ele>93.75</ele></trkpt>
   <trkpt lat="50.007724" lon="8.137385"><ele>93.25</ele></trkpt>
   <trkpt lat="50.004357" lon="8.131384"><ele>92</ele></trkpt>
   <trkpt lat="50.004121" lon="8.130959"><ele>92.25</ele></trkpt>
   <trkpt lat="50.003653" lon="8.130019"><ele>93</ele></trkpt>
   <trkpt lat="50.003509" lon="8.129775"><ele>93.75</ele></trkpt>
   <trkpt lat="50.003364" lon="8.129528"><ele>94.25</ele></trkpt>
   <trkpt lat="50.002993" lon="8.128794"><ele>96</ele></trkpt>
   <trkpt lat="50.002796" lon="8.12843"><ele>96.25</ele></trkpt>
   <trkpt lat="50.002018" lon="8.127054"><ele>94.5</ele></trkpt>
   <trkpt lat="50.001434" lon="8.125993"><ele>94</ele></trkpt>
   <trkpt lat="50.001084" lon="8.125351"><ele>94.5</ele></trkpt>
   <trkpt lat="50.000838" lon="8.124877"><ele>94.5</ele></trkpt>
   <trkpt lat="50.000596" lon="8.1244"><ele>93.75</ele></trkpt>
   <trkpt lat="50.000361" lon="8.123915"><ele>93</ele></trkpt>
   <trkpt lat="50.000134" lon="8.123421"><ele>92</ele></trkpt>
   <trkpt lat="49.999913" lon="8.12292"><ele>92</ele></trkpt>
   <trkpt lat="49.9997" lon="8.122412"><ele>93.25</ele></trkpt>
   <trkpt lat="49.999305" lon="8.121377"><ele>95</ele></trkpt>
   <trkpt lat="49.999109" lon="8.120833"><ele>93.5</ele></trkpt>
   <trkpt lat="49.998928" lon="8.120307"><ele>94</ele></trkpt>
   <trkpt lat="49.998754" lon="8.119764"><ele>94.75</ele></trkpt>
   <trkpt lat="49.998536" lon="8.119045"><ele>94.75</ele></trkpt>
   <trkpt lat="49.998332" lon="8.118318"><ele>91</ele></trkpt>
   <trkpt lat="49.99813" lon="8.117527"><ele>92</ele></trkpt>
   <trkpt lat="49.997995" lon="8.116967"><ele>92.5</ele></trkpt>
   <trkpt lat="49.997746" lon="8.115803"><ele>92.25</ele></trkpt>
   <trkpt lat="49.997636" lon="8.115233"><ele>90.5</ele></trkpt>
   <trkpt lat="49.997461" lon="8.114176"><ele>89.25</ele></trkpt>
   <trkpt lat="49.997295" lon="8.113109"><ele>90.75</ele></trkpt>
   <trkpt lat="49.997071" lon="8.111654"><ele>90.5</ele></trkpt>
   <trkpt lat="49.996926" lon="8.110657"><ele>89.5</ele></trkpt>
   <trkpt lat="49.996599" lon="8.108452"><ele>88.5</ele></trkpt>
   <trkpt lat="49.996522" lon="8.107952"><ele>88</ele></trkpt>
   <trkpt lat="49.995981" lon="8.104456"><ele>86.5</ele></trkpt>
   <trkpt lat="49.995608" lon="8.101961"><ele>86.25</ele></trkpt>
   <trkpt lat="49.99402" lon="8.09146"><ele>93.25</ele></trkpt>
   <trkpt lat="49.993624" lon="8.088837"><ele>95</ele></trkpt>
   <trkpt lat="49.993577" lon="8.088541"><ele>95</ele></trkpt>
   <trkpt lat="49.993125" lon="8.085612"><ele>91.5</ele></trkpt>
   <trkpt lat="49.992811" lon="8.083485"><ele>90.75</ele></trkpt>
   <trkpt lat="49.992474" lon="8.081413"><ele>92.75</ele></trkpt>
   <trkpt lat="49.992122" lon="8.079777"><ele>92.75</ele></trkpt>
   <trkpt lat="49.991859" lon="8.078781"><ele>92</ele></trkpt>
   <trkpt lat="49.991639" lon="8.077949"><ele>90</ele></trkpt>
   <trkpt lat="49.991126" lon="8.076312"><ele>89.75</ele></trkpt>
   <trkpt lat="49.990914" lon="8.075745"><ele>89.75</ele></trkpt>
   <trkpt lat="49.990522" lon="8.074696"><ele>89.5</ele></trkpt>
   <trkpt lat="49.990465" lon="8.074543"><ele>89.25</ele></trkpt>
   <trkpt lat="49.99015" lon="8.073802"><ele>89.75</ele></trkpt>
   <trkpt lat="49.989778" lon="8.072973"><ele>89.25</ele></trkpt>
   <trkpt lat="49.989407" lon="8.072206"><ele>88.75</ele></trkpt>
   <trkpt lat="49.989002" lon="8.07145"><ele>90.5</ele></trkpt>
   <trkpt lat="49.988588" lon="8.070703"><ele>90.25</ele></trkpt>
   <trkpt lat="49.988134" lon="8.06995"><ele>88.25</ele></trkpt>
   <trkpt lat="49.987388" lon="8.068822"><ele>88.75</ele></trkpt>
   <trkpt lat="49.986951" lon="8.068228"><ele>90.75</ele></trkpt>
   <trkpt lat="49.986458" lon="8.06761"><ele>91.75</ele></trkpt>
   <trkpt lat="49.985899" lon="8.066935"><ele>91.75</ele></trkpt>
   <trkpt lat="49.984492" lon="8.065347"><ele>93</ele></trkpt>
   <trkpt lat="49.982799" lon="8.063437"><ele>93</ele></trkpt>
   <trkpt lat="49.982426" lon="8.063017"><ele>93.25</ele></trkpt>
   <trkpt lat="49.981275" lon="8.061733"><ele>91.5</ele></trkpt>
   <trkpt lat="49.9805" lon="8.060849"><ele>91</ele></trkpt>
   <trkpt lat="49.97994" lon="8.060307"><ele>90.75</ele></trkpt>
   <trkpt lat="49.979671" lon="8.060008"><ele>90.5</ele></trkpt>
   <trkpt lat="49.979187" lon="8.05941"><ele>90</ele></trkpt>
   <trkpt lat="49.979047" lon="8.059237"><ele>90.25</ele></trkpt>
   <trkpt lat="49.978504" lon="8.058455"><ele>90.25</ele></trkpt>
   <trkpt lat="49.977962" lon="8.057519"><ele>89.75</ele></trkpt>
   <trkpt lat="49.97764" lon="8.056904"><ele>90.75</ele></trkpt>
   <trkpt lat="49.977341" lon="8.056259"><ele>90.5</ele></trkpt>
   <trkpt lat="49.976841" lon="8.055002"><ele>90</ele></trkpt>
   <trkpt lat="49.976336" lon="8.053674"><ele>89.75</ele></trkpt>
   <trkpt lat="49.976011" lon="8.052857"><ele>89.75</ele></trkpt>
   <trkpt lat="49.975927" lon="8.052647"><ele>89.75</ele></trkpt>
   <trkpt lat="49.975734" lon="8.052195"><ele>89.75</ele></trkpt>
   <trkpt lat="49.975581" lon="8.05183"><ele>89.75</ele></trkpt>
   <trkpt lat="49.975116" lon="8.050776"><ele>90.25</ele></trkpt>
   <trkpt lat="49.974931" lon="8.050308"><ele>90.75</ele></trkpt>
   <trkpt lat="49.974593" lon="8.04951"><ele>89.25</ele></trkpt>
   <trkpt lat="49.974536" lon="8.049375"><ele>89</ele></trkpt>
   <trkpt lat="49.97442" lon="8.049079"><ele>88.75</ele></trkpt>
   <trkpt lat="49.973826" lon="8.047568"><ele>91.5</ele></trkpt>
   <trkpt lat="49.972665" lon="8.044633"><ele>94.25</ele></trkpt>
   <trkpt lat="49.972619" lon="8.044517"><ele>94.75</ele></trkpt>
   <trkpt lat="49.972222" lon="8.043487"><ele>92</ele></trkpt>
   <trkpt lat="49.971693" lon="8.042163"><ele>91.25</ele></trkpt>
   <trkpt lat="49.970978" lon="8.040375"><ele>91.25</ele></trkpt>
   <trkpt lat="49.968777" lon="8.034818"><ele>94.25</ele></trkpt>
   <trkpt lat="49.968152" lon="8.033236"><ele>94.25</ele></trkpt>
   <trkpt lat="49.967717" lon="8.032143"><ele>93.75</ele></trkpt>
   <trkpt lat="49.967651" lon="8.031977"><ele>94</ele></trkpt>
   <trkpt lat="49.967092" lon="8.030558"><ele>95.25</ele></trkpt>
   <trkpt lat="49.966525" lon="8.029242"><ele>96.5</ele></trkpt>
   <trkpt lat="49.966473" lon="8.029106"><ele>96.5</ele></trkpt>
   <trkpt lat="49.966421" lon="8.028971"><ele>96.5</ele></trkpt>
   <trkpt lat="49.966273" lon="8.028592"><ele>96</ele></trkpt>
   <trkpt lat="49.965863" lon="8.027537"><ele>93</ele></trkpt>
   <trkpt lat="49.964801" lon="8.024688"><ele>96.75</ele></trkpt>
   <trkpt lat="49.962883" lon="8.019774"><ele>95</ele></trkpt>
   <trkpt lat="49.961431" lon="8.016103"><ele>95</ele></trkpt>
   <trkpt lat="49.960907" lon="8.014798"><ele>95.5</ele></trkpt>
   <trkpt lat="49.960422" lon="8.013591"><ele>95</ele></trkpt>
   <trkpt lat="49.960284" lon="8.013247"><ele>95</ele></trkpt>
   <trkpt lat="49.959882" lon="8.012249"><ele>94.5</ele></trkpt>
   <trkpt lat="49.95985" lon="8.012172"><ele>94.5</ele></trkpt>
   <trkpt lat="49.959696" lon="8.011791"><ele>93.75</ele></trkpt>
   <trkpt lat="49.959618" lon="8.011596"><ele>93.25</ele></trkpt>
   <trkpt lat="49.959026" lon="8.010094"><ele>94</ele></trkpt>
   <trkpt lat="49.958659" lon="8.009016"><ele>93.25</ele></trkpt>
   <trkpt lat="49.958469" lon="8.008333"><ele>91.5</ele></trkpt>
   <trkpt lat="49.958265" lon="8.007469"><ele>92.25</ele></trkpt>
   <trkpt lat="49.958113" lon="8.00671"><ele>91.5</ele></trkpt>
   <trkpt lat="49.957995" lon="8.005947"><ele>91.5</ele></trkpt>
   <trkpt lat="49.957931" lon="8.005489"><ele>91.5</ele></trkpt>
   <trkpt lat="49.957838" lon="8.004508"><ele>90.25</ele></trkpt>
   <trkpt lat="49.957798" lon="8.003952"><ele>89.25</ele></trkpt>
   <trkpt lat="49.95777" lon="8.003173"><ele>88.5</ele></trkpt>
   <trkpt lat="49.957765" lon="8.002206"><ele>87.75</ele></trkpt>
   <trkpt lat="49.957831" lon="8.000828"><ele>87.5</ele></trkpt>
   <trkpt lat="49.957965" lon="7.999607"><ele>87.5</ele></trkpt>
   <trkpt lat="49.958043" lon="7.999039"><ele>86.75</ele></trkpt>
   <trkpt lat="49.958145" lon="7.99849"><ele>86.25</ele></trkpt>
   <trkpt lat="49.958391" lon="7.99713"><ele>87.75</ele></trkpt>
   <trkpt lat="49.958396" lon="7.997103"><ele>87.75</ele></trkpt>
   <trkpt lat="49.9587" lon="7.995461"><ele>87.75</ele></trkpt>
   <trkpt lat="49.959145" lon="7.993049"><ele>85</ele></trkpt>
   <trkpt lat="49.960883" lon="7.983822"><ele>86.5</ele></trkpt>
   <trkpt lat="49.96115" lon="7.982406"><ele>85</ele></trkpt>
   <trkpt lat="49.962435" lon="7.975584"><ele>84</ele></trkpt>
   <trkpt lat="49.96274" lon="7.973991"><ele>85</ele></trkpt>
   <trkpt lat="49.963707" lon="7.968854"><ele>84.5</ele></trkpt>
   <trkpt lat="49.964212" lon="7.966168"><ele>89</ele></trkpt>
   <trkpt lat="49.964734" lon="7.963395"><ele>85.5</ele></trkpt>
   <trkpt lat="49.96528" lon="7.96049"><ele>87.25</ele></trkpt>
   <trkpt lat="49.966225" lon="7.955453"><ele>86</ele></trkpt>
   <trkpt lat="49.966751" lon="7.952648"><ele>85.75</ele></trkpt>
   <trkpt lat="49.967504" lon="7.948557"><ele>84</ele></trkpt>
   <trkpt lat="49.967792" lon="7.946887"><ele>85</ele></trkpt>
   <trkpt lat="49.968079" lon="7.945043"><ele>86.5</ele></trkpt>
   <trkpt lat="49.968561" lon="7.941774"><ele>86</ele></trkpt>
   <trkpt lat="49.968909" lon="7.93959"><ele>84.25</ele></trkpt>
   <trkpt lat="49.969356" lon="7.936654"><ele>85</ele></trkpt>
   <trkpt lat="49.969506" lon="7.935681"><ele>84.5</ele></trkpt>
   <trkpt lat="49.969951" lon="7.93269"><ele>88.5</ele></trkpt>
   <trkpt lat="49.970056" lon="7.931828"><ele>88</ele></trkpt>
   <trkpt lat="49.970114" lon="7.931198"><ele>87.75</ele></trkpt>
   <trkpt lat="49.970133" lon="7.930882"><ele>87.75</ele></trkpt>
   <trkpt lat="49.970178" lon="7.929888"><ele>86.5</ele></trkpt>
   <trkpt lat="49.970189" lon="7.928682"><ele>86.25</ele></trkpt>
   <trkpt lat="49.96996" lon="7.922954"><ele>86</ele></trkpt>
   <trkpt lat="49.969827" lon="7.919627"><ele>85.5</ele></trkpt>
   <trkpt lat="49.969751" lon="7.91749"><ele>88.75</ele></trkpt>
   <trkpt lat="49.969746" lon="7.917224"><ele>88.25</ele></trkpt>
   <trkpt lat="49.969745" lon="7.915735"><ele>85.25</ele></trkpt>
   <trkpt lat="49.969744" lon="7.915103"><ele>85</ele></trkpt>
   <trkpt lat="49.969744" lon="7.914984"><ele>85</ele></trkpt>
   <trkpt lat="49.96977" lon="7.914282"><ele>84.75</ele></trkpt>
   <trkpt lat="49.969784" lon="7.913779"><ele>85</ele></trkpt>
   <trkpt lat="49.969785" lon="7.913646"><ele>85.25</ele></trkpt>
   <trkpt lat="49.969793" lon="7.912569"><ele>87.75</ele></trkpt>
   <trkpt lat="49.969789" lon="7.911724"><ele>88.5</ele></trkpt>
   <trkpt lat="49.969795" lon="7.906471"><ele>87.5</ele></trkpt>
   <trkpt lat="49.969792" lon="7.902764"><ele>85.5</ele></trkpt>
   <trkpt lat="49.969787" lon="7.902565"><ele>85.5</ele></trkpt>
   <trkpt lat="49.969764" lon="7.901771"><ele>86.25</ele></trkpt>
   <trkpt lat="49.969672" lon="7.899916"><ele>84.5</ele></trkpt>
   <trkpt lat="49.969666" lon="7.899802"><ele>84.75</ele></trkpt>
   <trkpt lat="49.969556" lon="7.897679"><ele>86.75</ele></trkpt>
   <trkpt lat="49.969533" lon="7.897242"><ele>86.75</ele></trkpt>
   <trkpt lat="49.969458" lon="7.895671"><ele>86.5</ele></trkpt>
   <trkpt lat="49.969433" lon="7.895395"><ele>85.75</ele></trkpt>
   <trkpt lat="49.969395" lon="7.894978"><ele>85</ele></trkpt>
   <trkpt lat="49.969072" lon="7.892469"><ele>86.25</ele></trkpt>
   <trkpt lat="49.968871" lon="7.890876"><ele>85.25</ele></trkpt>
   <trkpt lat="49.968809" lon="7.8905"><ele>83</ele></trkpt>
   <trkpt lat="49.968786" lon="7.890392"><ele>82.75</ele></trkpt>
   <trkpt lat="49.96874" lon="7.890118"><ele>82.25</ele></trkpt>
   <trkpt lat="49.968716" lon="7.889956"><ele>82</ele></trkpt>
   <trkpt lat="49.968713" lon="7.889934"><ele>81.75</ele></trkpt>
   <trkpt lat="49.968711" lon="7.889919"><ele>81.75</ele></trkpt>
   <trkpt lat="49.968678" lon="7.889594"><ele>81.25</ele></trkpt>
   <trkpt lat="49.968658" lon="7.889303"><ele>80.75</ele></trkpt>
   <trkpt lat="49.968625" lon="7.889011"><ele>80.25</ele></trkpt>
   <trkpt lat="49.968605" lon="7.888841"><ele>80</ele></trkpt>
   <trkpt lat="49.968603" lon="7.888816"><ele>80</ele></trkpt>
   <trkpt lat="49.968596" lon="7.888761"><ele>80.25</ele></trkpt>
   <trkpt lat="49.968507" lon="7.88807"><ele>83.25</ele></trkpt>
   <trkpt lat="49.968462" lon="7.887603"><ele>85.25</ele></trkpt>
   <trkpt lat="49.968437" lon="7.887099"><ele>84.25</ele></trkpt>
   <trkpt lat="49.968436" lon="7.886869"><ele>83.75</ele></trkpt>
   <trkpt lat="49.968443" lon="7.886573"><ele>83.25</ele></trkpt>
   <trkpt lat="49.968468" lon="7.886114"><ele>84.5</ele></trkpt>
   <trkpt lat="49.968489" lon="7.885874"><ele>85.25</ele></trkpt>
   <trkpt lat="49.96853" lon="7.885535"><ele>85.5</ele></trkpt>
   <trkpt lat="49.968641" lon="7.884878"><ele>85.75</ele></trkpt>
   <trkpt lat="49.968694" lon="7.884603"><ele>85.5</ele></trkpt>
   <trkpt lat="49.968746" lon="7.884384"><ele>85.5</ele></trkpt>
   <trkpt lat="49.968792" lon="7.884195"><ele>85.25</ele></trkpt>
   <trkpt lat="49.96919" lon="7.882627"><ele>86.5</ele></trkpt>
   <trkpt lat="49.969384" lon="7.881868"><ele>86.5</ele></trkpt>
   <trkpt lat="49.969792" lon="7.880282"><ele>86.75</ele></trkpt>
   <trkpt lat="49.969804" lon="7.880233"><ele>86.75</ele></trkpt>
   <trkpt lat="49.969925" lon="7.879763"><ele>86.25</ele></trkpt>
   <trkpt lat="49.970281" lon="7.87828"><ele>89.5</ele></trkpt>
   <trkpt lat="49.970507" lon="7.877266"><ele>92.75</ele></trkpt>
   <trkpt lat="49.970753" lon="7.876158"><ele>89.5</ele></trkpt>
   <trkpt lat="49.970761" lon="7.876116"><ele>89.5</ele></trkpt>
   <trkpt lat="49.970857" lon="7.87575"><ele>87.5</ele></trkpt>
   <trkpt lat="49.970919" lon="7.87555"><ele>89.25</ele></trkpt>
   <trkpt lat="49.971183" lon="7.874875"><ele>92.5</ele></trkpt>
   <trkpt lat="49.971422" lon="7.874322"><ele>92.5</ele></trkpt>
   <trkpt lat="49.971468" lon="7.874211"><ele>91.75</ele></trkpt>
   <trkpt lat="49.971763" lon="7.873515"><ele>90.25</ele></trkpt>
   <trkpt lat="49.971957" lon="7.873052"><ele>93.5</ele></trkpt>
   <trkpt lat="49.972382" lon="7.872059"><ele>89.75</ele></trkpt>
   <trkpt lat="49.972943" lon="7.870543"><ele>90.25</ele></trkpt>
   <trkpt lat="49.97368" lon="7.868656"><ele>90</ele></trkpt>
   <trkpt lat="49.974236" lon="7.867545"><ele>83.75</ele></trkpt>
   <trkpt lat="49.974461" lon="7.867173"><ele>85.25</ele></trkpt>
   <trkpt lat="49.975013" lon="7.8664"><ele>84.25</ele></trkpt>
   <trkpt lat="49.975285" lon="7.865993"><ele>85.75</ele></trkpt>
   <trkpt lat="49.975445" lon="7.865766"><ele>86.75</ele></trkpt>
   <trkpt lat="49.975614" lon="7.865575"><ele>87.75</ele></trkpt>
   <trkpt lat="49.97618" lon="7.865026"><ele>86.5</ele></trkpt>
   <trkpt lat="49.976392" lon="7.864838"><ele>88.25</ele></trkpt>
   <trkpt lat="49.976653" lon="7.864628"><ele>89.5</ele></trkpt>
   <trkpt lat="49.976911" lon="7.864437"><ele>89.5</ele></trkpt>
   <trkpt lat="49.976939" lon="7.864417"><ele>89.25</ele></trkpt>
   <trkpt lat="49.977155" lon="7.864229"><ele>88.25</ele></trkpt>
   <trkpt lat="49.977528" lon="7.863869"><ele>88.5</ele></trkpt>
   <trkpt lat="49.977695" lon="7.863711"><ele>89.5</ele></trkpt>
   <trkpt lat="49.977968" lon="7.863488"><ele>89.5</ele></trkpt>
   <trkpt lat="49.97802" lon="7.863447"><ele>89.25</ele></trkpt>
   <trkpt lat="49.978067" lon="7.86341"><ele>89</ele></trkpt>
   <trkpt lat="49.979032" lon="7.86268"><ele>93.5</ele></trkpt>
   <trkpt lat="49.979476" lon="7.862337"><ele>96.5</ele></trkpt>
   <trkpt lat="49.979824" lon="7.862092"><ele>99</ele></trkpt>
   <trkpt lat="49.980419" lon="7.861723"><ele>95.5</ele></trkpt>
   <trkpt lat="49.980536" lon="7.86165"><ele>94.25</ele></trkpt>
   <trkpt lat="49.981307" lon="7.86123"><ele>93</ele></trkpt>
   <trkpt lat="49.98215" lon="7.860856"><ele>88.5</ele></trkpt>
   <trkpt lat="49.983098" lon="7.860539"><ele>90.5</ele></trkpt>
   <trkpt lat="49.984107" lon="7.860326"><ele>90</ele></trkpt>
   <trkpt lat="49.984902" lon="7.860236"><ele>92.75</ele></trkpt>
   <trkpt lat="49.986587" lon="7.860184"><ele>90.5</ele></trkpt>
   <trkpt lat="49.987175" lon="7.860126"><ele>87.25</ele></trkpt>
   <trkpt lat="49.98759" lon="7.860062"><ele>85.25</ele></trkpt>
   <trkpt lat="49.989328" lon="7.859732"><ele>94.25</ele></trkpt>
   <trkpt lat="49.990306" lon="7.859615"><ele>91.25</ele></trkpt>
   <trkpt lat="49.992542" lon="7.859434"><ele>92.75</ele></trkpt>
   <trkpt lat="49.993333" lon="7.859371"><ele>91</ele></trkpt>
   <trkpt lat="49.993859" lon="7.859272"><ele>87.75</ele></trkpt>
   <trkpt lat="49.994346" lon="7.859123"><ele>86.25</ele></trkpt>
   <trkpt lat="49.994904" lon="7.858891"><ele>90</ele></trkpt>
   <trkpt lat="49.99545" lon="7.858598"><ele>94.25</ele></trkpt>
   <trkpt lat="49.996774" lon="7.857828"><ele>95</ele></trkpt>
   <trkpt lat="49.99833" lon="7.856925"><ele>89.5</ele></trkpt>
   <trkpt lat="49.999187" lon="7.856456"><ele>95.25</ele></trkpt>
   <trkpt lat="49.999749" lon="7.85621"><ele>100.75</ele></trkpt>
   <trkpt lat="50.000738" lon="7.85591"><ele>110.75</ele></trkpt>
   <trkpt lat="50.001886" lon="7.855546"><ele>109.75</ele></trkpt>
   <trkpt lat="50.003018" lon="7.855241"><ele>102.5</ele></trkpt>
   <trkpt lat="50.00418" lon="7.855054"><ele>90.5</ele></trkpt>
   <trkpt lat="50.004757" lon="7.854934"><ele>90.5</ele></trkpt>
   <trkpt lat="50.005105" lon="7.854819"><ele>91</ele></trkpt>
   <trkpt lat="50.005259" lon="7.854775"><ele>90.75</ele></trkpt>
   <trkpt lat="50.005608" lon="7.854641"><ele>91.5</ele></trkpt>
   <trkpt lat="50.005804" lon="7.854562"><ele>92.5</ele></trkpt>
   <trkpt lat="50.006207" lon="7.854358"><ele>93.5</ele></trkpt>
   <trkpt lat="50.006643" lon="7.854105"><ele>94.25</ele></trkpt>
   <trkpt lat="50.007254" lon="7.853691"><ele>89.75</ele></trkpt>
   <trkpt lat="50.008435" lon="7.852845"><ele>86.75</ele></trkpt>
   <trkpt lat="50.008875" lon="7.852505"><ele>87</ele></trkpt>
   <trkpt lat="50.010926" lon="7.850958"><ele>81.25</ele></trkpt>
   <trkpt lat="50.011033" lon="7.85087"><ele>81</ele></trkpt>
   <trkpt lat="50.011052" lon="7.850852"><ele>81</ele></trkpt>
   <trkpt lat="50.011091" lon="7.850816"><ele>80.75</ele></trkpt>
   <trkpt lat="50.011402" lon="7.850488"><ele>79</ele></trkpt>
   <trkpt lat="50.011683" lon="7.850142"><ele>76</ele></trkpt>
   <trkpt lat="50.012008" lon="7.849722"><ele>78.25</ele></trkpt>
   <trkpt lat="50.012265" lon="7.849369"><ele>80.5</ele></trkpt>
   <trkpt lat="50.012443" lon="7.84909"><ele>81.5</ele></trkpt>
   <trkpt lat="50.012666" lon="7.848683"><ele>81.75</ele></trkpt>
   <trkpt lat="50.012875" lon="7.848278"><ele>81.25</ele></trkpt>
   <trkpt lat="50.013071" lon="7.847863"><ele>81.5</ele></trkpt>
   <trkpt lat="50.013237" lon="7.84746"><ele>81.5</ele></trkpt>
   <trkpt lat="50.013527" lon="7.846701"><ele>81.75</ele></trkpt>
   <trkpt lat="50.014506" lon="7.843973"><ele>84</ele></trkpt>
   <trkpt lat="50.015559" lon="7.841067"><ele>86</ele></trkpt>
   <trkpt lat="50.016629" lon="7.838006"><ele>85.25</ele></trkpt>
   <trkpt lat="50.017325" lon="7.836067"><ele>83.75</ele></trkpt>
   <trkpt lat="50.017767" lon="7.834857"><ele>85.75</ele></trkpt>
   <trkpt lat="50.018851" lon="7.831945"><ele>91.5</ele></trkpt>
   <trkpt lat="50.019049" lon="7.831444"><ele>90.75</ele></trkpt>
   <trkpt lat="50.019346" lon="7.830774"><ele>93.75</ele></trkpt>
   <trkpt lat="50.019512" lon="7.830443"><ele>94</ele></trkpt>
   <trkpt lat="50.019766" lon="7.829996"><ele>91.25</ele></trkpt>
   <trkpt lat="50.020042" lon="7.829522"><ele>91.25</ele></trkpt>
   <trkpt lat="50.020864" lon="7.828338"><ele>88.25</ele></trkpt>
   <trkpt lat="50.02137" lon="7.82759"><ele>87.75</ele></trkpt>
   <trkpt lat="50.022073" lon="7.826388"><ele>85</ele></trkpt>
   <trkpt lat="50.022386" lon="7.825805"><ele>86</ele></trkpt>
   <trkpt lat="50.022837" lon="7.824865"><ele>85</ele></trkpt>
   <trkpt lat="50.0232" lon="7.82403"><ele>83</ele></trkpt>
   <trkpt lat="50.023542" lon="7.823139"><ele>83</ele></trkpt>
   <trkpt lat="50.024459" lon="7.820597"><ele>86.5</ele></trkpt>
   <trkpt lat="50.024774" lon="7.819804"><ele>87.5</ele></trkpt>
   <trkpt lat="50.025062" lon="7.819178"><ele>88.5</ele></trkpt>
   <trkpt lat="50.025279" lon="7.818772"><ele>87</ele></trkpt>
   <trkpt lat="50.02546" lon="7.818465"><ele>84</ele></trkpt>
   <trkpt lat="50.025677" lon="7.818128"><ele>82.5</ele></trkpt>
   <trkpt lat="50.025891" lon="7.817839"><ele>83.5</ele></trkpt>
   <trkpt lat="50.026448" lon="7.817195"><ele>88</ele></trkpt>
   <trkpt lat="50.028998" lon="7.814703"><ele>82.5</ele></trkpt>
   <trkpt lat="50.029507" lon="7.814172"><ele>85.75</ele></trkpt>
   <trkpt lat="50.030675" lon="7.812726"><ele>85.75</ele></trkpt>
   <trkpt lat="50.03119" lon="7.812043"><ele>85</ele></trkpt>
   <trkpt lat="50.031312" lon="7.811866"><ele>83.25</ele></trkpt>
   <trkpt lat="50.031675" lon="7.811339"><ele>80.5</ele></trkpt>
   <trkpt lat="50.032391" lon="7.810182"><ele>87.25</ele></trkpt>
   <trkpt lat="50.03258" lon="7.809858"><ele>87.5</ele></trkpt>
   <trkpt lat="50.032901" lon="7.809362"><ele>88.75</ele></trkpt>
   <trkpt lat="50.033105" lon="7.809082"><ele>86.25</ele></trkpt>
   <trkpt lat="50.033154" lon="7.809014"><ele>85.25</ele></trkpt>
   <trkpt lat="50.033466" lon="7.80861"><ele>81</ele></trkpt>
   <trkpt lat="50.033713" lon="7.808332"><ele>81</ele></trkpt>
   <trkpt lat="50.033982" lon="7.808052"><ele>82.25</ele></trkpt>
   <trkpt lat="50.034078" lon="7.807947"><ele>82</ele></trkpt>
   <trkpt lat="50.034119" lon="7.807901"><ele>82</ele></trkpt>
   <trkpt lat="50.034389" lon="7.807551"><ele>82</ele></trkpt>
   <trkpt lat="50.034605" lon="7.807285"><ele>81.75</ele></trkpt>
   <trkpt lat="50.034776" lon="7.807101"><ele>81.25</ele></trkpt>
   <trkpt lat="50.03495" lon="7.806901"><ele>80.5</ele></trkpt>
   <trkpt lat="50.03505" lon="7.806773"><ele>80</ele></trkpt>
   <trkpt lat="50.035134" lon="7.806667"><ele>79.75</ele></trkpt>
   <trkpt lat="50.035287" lon="7.806445"><ele>81</ele></trkpt>
   <trkpt lat="50.035372" lon="7.806328"><ele>81.5</ele></trkpt>
   <trkpt lat="50.035658" lon="7.805981"><ele>82.25</ele></trkpt>
   <trkpt lat="50.035835" lon="7.805744"><ele>82.5</ele></trkpt>
   <trkpt lat="50.036039" lon="7.805428"><ele>82.75</ele></trkpt>
   <trkpt lat="50.036597" lon="7.804437"><ele>82.5</ele></trkpt>
   <trkpt lat="50.036854" lon="7.803943"><ele>84.25</ele></trkpt>
   <trkpt lat="50.037025" lon="7.803576"><ele>85</ele></trkpt>
   <trkpt lat="50.037242" lon="7.803063"><ele>85.5</ele></trkpt>
   <trkpt lat="50.037405" lon="7.802639"><ele>85.75</ele></trkpt>
   <trkpt lat="50.038809" lon="7.798806"><ele>86</ele></trkpt>
   <trkpt lat="50.039183" lon="7.797801"><ele>84.5</ele></trkpt>
   <trkpt lat="50.039205" lon="7.797736"><ele>84.75</ele></trkpt>
   <trkpt lat="50.039293" lon="7.797522"><ele>84.75</ele></trkpt>
   <trkpt lat="50.039421" lon="7.797243"><ele>84.25</ele></trkpt>
   <trkpt lat="50.039591" lon="7.796812"><ele>82.75</ele></trkpt>
   <trkpt lat="50.039675" lon="7.796582"><ele>81.75</ele></trkpt>
   <trkpt lat="50.039848" lon="7.796148"><ele>80.75</ele></trkpt>
   <trkpt lat="50.039917" lon="7.795993"><ele>80.5</ele></trkpt>
   <trkpt lat="50.0401" lon="7.795528"><ele>80.75</ele></trkpt>
   <trkpt lat="50.04038" lon="7.794779"><ele>81.25</ele></trkpt>
   <trkpt lat="50.040652" lon="7.794107"><ele>81.25</ele></trkpt>
   <trkpt lat="50.040978" lon="7.793363"><ele>79.5</ele></trkpt>
   <trkpt lat="50.04139" lon="7.792448"><ele>81.75</ele></trkpt>
   <trkpt lat="50.041619" lon="7.79194"><ele>80</ele></trkpt>
   <trkpt lat="50.04194" lon="7.791277"><ele>79.75</ele></trkpt>
   <trkpt lat="50.04214" lon="7.79081"><ele>80</ele></trkpt>
   <trkpt lat="50.042456" lon="7.790058"><ele>79.25</ele></trkpt>
   <trkpt lat="50.042505" lon="7.789922"><ele>79.75</ele></trkpt>
   <trkpt lat="50.042773" lon="7.789199"><ele>83.75</ele></trkpt>
   <trkpt lat="50.042809" lon="7.789095"><ele>83.75</ele></trkpt>
   <trkpt lat="50.043248" lon="7.787806"><ele>84.5</ele></trkpt>
   <trkpt lat="50.043711" lon="7.786491"><ele>89.5</ele></trkpt>
   <trkpt lat="50.043934" lon="7.785938"><ele>91.25</ele></trkpt>
   <trkpt lat="50.044204" lon="7.785353"><ele>89</ele></trkpt>
   <trkpt lat="50.044546" lon="7.78473"><ele>92</ele></trkpt>
   <trkpt lat="50.044837" lon="7.784222"><ele>93.75</ele></trkpt>
   <trkpt lat="50.045689" lon="7.782901"><ele>88.75</ele></trkpt>
   <trkpt lat="50.046066" lon="7.782309"><ele>87.5</ele></trkpt>
   <trkpt lat="50.046512" lon="7.781582"><ele>86.75</ele></trkpt>
   <trkpt lat="50.046692" lon="7.78126"><ele>91.25</ele></trkpt>
   <trkpt lat="50.046865" lon="7.780948"><ele>94.25</ele></trkpt>
   <trkpt lat="50.047498" lon="7.779754"><ele>90.25</ele></trkpt>
   <trkpt lat="50.047692" lon="7.779386"><ele>93.75</ele></trkpt>
   <trkpt lat="50.048043" lon="7.778767"><ele>93.75</ele></trkpt>
   <trkpt lat="50.048454" lon="7.778088"><ele>91.25</ele></trkpt>
   <trkpt lat="50.048873" lon="7.777446"><ele>92.5</ele></trkpt>
   <trkpt lat="50.049334" lon="7.776721"><ele>88</ele></trkpt>
   <trkpt lat="50.049697" lon="7.776219"><ele>89</ele></trkpt>
   <trkpt lat="50.049892" lon="7.775955"><ele>88</ele></trkpt>
   <trkpt lat="50.050145" lon="7.775639"><ele>87.25</ele></trkpt>
   <trkpt lat="50.050358" lon="7.775421"><ele>87</ele></trkpt>
   <trkpt lat="50.050877" lon="7.774787"><ele>90</ele></trkpt>
   <trkpt lat="50.051462" lon="7.774014"><ele>92.25</ele></trkpt>
   <trkpt lat="50.05336" lon="7.771673"><ele>85.5</ele></trkpt>
   <trkpt lat="50.054012" lon="7.771018"><ele>91.75</ele></trkpt>
   <trkpt lat="50.054417" lon="7.770709"><ele>91</ele></trkpt>
   <trkpt lat="50.055428" lon="7.770091"><ele>85.75</ele></trkpt>
   <trkpt lat="50.055982" lon="7.769758"><ele>88</ele></trkpt>
   <trkpt lat="50.056237" lon="7.769638"><ele>89</ele></trkpt>
   <trkpt lat="50.056485" lon="7.769534"><ele>88.75</ele></trkpt>
   <trkpt lat="50.056679" lon="7.769464"><ele>88</ele></trkpt>
   <trkpt lat="50.0569" lon="7.76939"><ele>87.75</ele></trkpt>
   <trkpt lat="50.057102" lon="7.769341"><ele>87</ele></trkpt>
   <trkpt lat="50.057215" lon="7.769326"><ele>86.5</ele></trkpt>
   <trkpt lat="50.05741" lon="7.769321"><ele>85.5</ele></trkpt>
   <trkpt lat="50.057704" lon="7.769282"><ele>84.75</ele></trkpt>
   <trkpt lat="50.057854" lon="7.769282"><ele>84.25</ele></trkpt>
   <trkpt lat="50.058362" lon="7.769257"><ele>83.25</ele></trkpt>
   <trkpt lat="50.058565" lon="7.76923"><ele>83</ele></trkpt>
   <trkpt lat="50.058675" lon="7.769219"><ele>82.75</ele></trkpt>
   <trkpt lat="50.059026" lon="7.769169"><ele>82.25</ele></trkpt>
   <trkpt lat="50.059262" lon="7.769158"><ele>81.75</ele></trkpt>
   <trkpt lat="50.059313" lon="7.769158"><ele>81.75</ele></trkpt>
   <trkpt lat="50.059696" lon="7.76914"><ele>81.25</ele></trkpt>
   <trkpt lat="50.05976" lon="7.769137"><ele>81.25</ele></trkpt>
   <trkpt lat="50.059831" lon="7.769138"><ele>81.25</ele></trkpt>
   <trkpt lat="50.06022" lon="7.769119"><ele>80.75</ele></trkpt>
   <trkpt lat="50.060258" lon="7.769116"><ele>80.75</ele></trkpt>
   <trkpt lat="50.060338" lon="7.769118"><ele>80.75</ele></trkpt>
   <trkpt lat="50.060712" lon="7.769098"><ele>80.25</ele></trkpt>
   <trkpt lat="50.060821" lon="7.769092"><ele>80.25</ele></trkpt>
   <trkpt lat="50.061583" lon="7.76906"><ele>82.25</ele></trkpt>
   <trkpt lat="50.062246" lon="7.769028"><ele>84.75</ele></trkpt>
   <trkpt lat="50.064161" lon="7.768964"><ele>95</ele></trkpt>
   <trkpt lat="50.064341" lon="7.768964"><ele>96</ele></trkpt>
   <trkpt lat="50.064652" lon="7.768989"><ele>97.25</ele></trkpt>
   <trkpt lat="50.064949" lon="7.769028"><ele>98</ele></trkpt>
   <trkpt lat="50.065344" lon="7.769116"><ele>98.25</ele></trkpt>
   <trkpt lat="50.065755" lon="7.769227"><ele>98</ele></trkpt>
   <trkpt lat="50.066403" lon="7.769476"><ele>96</ele></trkpt>
   <trkpt lat="50.0669" lon="7.769685"><ele>94.25</ele></trkpt>
   <trkpt lat="50.067544" lon="7.7699"><ele>93.25</ele></trkpt>
   <trkpt lat="50.067919" lon="7.769994"><ele>91.25</ele></trkpt>
   <trkpt lat="50.068203" lon="7.770047"><ele>91.75</ele></trkpt>
   <trkpt lat="50.068455" lon="7.770081"><ele>91.5</ele></trkpt>
   <trkpt lat="50.068839" lon="7.770114"><ele>88.75</ele></trkpt>
   <trkpt lat="50.069481" lon="7.770154"><ele>84.75</ele></trkpt>
   <trkpt lat="50.069902" lon="7.770188"><ele>82.25</ele></trkpt>
   <trkpt lat="50.070315" lon="7.770237"><ele>80.5</ele></trkpt>
   <trkpt lat="50.07059" lon="7.770282"><ele>79.5</ele></trkpt>
   <trkpt lat="50.070789" lon="7.770328"><ele>78.75</ele></trkpt>
   <trkpt lat="50.071335" lon="7.770455"><ele>80.25</ele></trkpt>
   <trkpt lat="50.072033" lon="7.770647"><ele>85</ele></trkpt>
   <trkpt lat="50.072366" lon="7.770714"><ele>88.25</ele></trkpt>
   <trkpt lat="50.072666" lon="7.770752"><ele>90.75</ele></trkpt>
   <trkpt lat="50.073007" lon="7.770779"><ele>92.75</ele></trkpt>
   <trkpt lat="50.073184" lon="7.770782"><ele>94</ele></trkpt>
   <trkpt lat="50.073731" lon="7.770732"><ele>94.25</ele></trkpt>
   <trkpt lat="50.07413" lon="7.770648"><ele>93.75</ele></trkpt>
   <trkpt lat="50.074515" lon="7.770526"><ele>93.75</ele></trkpt>
   <trkpt lat="50.074796" lon="7.770425"><ele>93.5</ele></trkpt>
   <trkpt lat="50.075079" lon="7.770298"><ele>93.75</ele></trkpt>
   <trkpt lat="50.075407" lon="7.77012"><ele>93.75</ele></trkpt>
   <trkpt lat="50.075637" lon="7.769967"><ele>95</ele></trkpt>
   <trkpt lat="50.075918" lon="7.769765"><ele>101</ele></trkpt>
   <trkpt lat="50.076247" lon="7.769493"><ele>104.75</ele></trkpt>
   <trkpt lat="50.076711" lon="7.769033"><ele>105.25</ele></trkpt>
   <trkpt lat="50.078178" lon="7.767442"><ele>104</ele></trkpt>
   <trkpt lat="50.078648" lon="7.766906"><ele>103.5</ele></trkpt>
   <trkpt lat="50.078969" lon="7.766513"><ele>102.5</ele></trkpt>
   <trkpt lat="50.080273" lon="7.764768"><ele>100</ele></trkpt>
   <trkpt lat="50.080521" lon="7.764468"><ele>98.5</ele></trkpt>
   <trkpt lat="50.080741" lon="7.764216"><ele>93.5</ele></trkpt>
   <trkpt lat="50.081676" lon="7.763251"><ele>90.25</ele></trkpt>
   <trkpt lat="50.082027" lon="7.762903"><ele>95.75</ele></trkpt>
   <trkpt lat="50.082309" lon="7.76262"><ele>99</ele></trkpt>
   <trkpt lat="50.082682" lon="7.762207"><ele>100.75</ele></trkpt>
   <trkpt lat="50.083111" lon="7.761679"><ele>96</ele></trkpt>
   <trkpt lat="50.083412" lon="7.761247"><ele>100.75</ele></trkpt>
   <trkpt lat="50.083545" lon="7.761045"><ele>103.25</ele></trkpt>
   <trkpt lat="50.084231" lon="7.760032"><ele>99.75</ele></trkpt>
   <trkpt lat="50.086085" lon="7.75723"><ele>106.5</ele></trkpt>
   <trkpt lat="50.086991" lon="7.755978"><ele>107.25</ele></trkpt>
   <trkpt lat="50.088069" lon="7.754566"><ele>103.25</ele></trkpt>
   <trkpt lat="50.088366" lon="7.754163"><ele>107</ele></trkpt>
   <trkpt lat="50.088616" lon="7.753806"><ele>109.5</ele></trkpt>
   <trkpt lat="50.089167" lon="7.752969"><ele>105.5</ele></trkpt>
   <trkpt lat="50.089546" lon="7.752369"><ele>109.75</ele></trkpt>
   <trkpt lat="50.089839" lon="7.751921"><ele>105</ele></trkpt>
   <trkpt lat="50.091014" lon="7.750125"><ele>99.25</ele></trkpt>
   <trkpt lat="50.093546" lon="7.746306"><ele>89.25</ele></trkpt>
   <trkpt lat="50.094" lon="7.745654"><ele>88</ele></trkpt>
   <trkpt lat="50.094391" lon="7.745113"><ele>83.25</ele></trkpt>
   <trkpt lat="50.095535" lon="7.743685"><ele>80.75</ele></trkpt>
   <trkpt lat="50.095595" lon="7.743611"><ele>80.75</ele></trkpt>
   <trkpt lat="50.096473" lon="7.742534"><ele>84.5</ele></trkpt>
   <trkpt lat="50.097124" lon="7.741736"><ele>84.25</ele></trkpt>
   <trkpt lat="50.097917" lon="7.740743"><ele>96</ele></trkpt>
   <trkpt lat="50.098374" lon="7.740084"><ele>88.75</ele></trkpt>
   <trkpt lat="50.099025" lon="7.739202"><ele>90.25</ele></trkpt>
   <trkpt lat="50.099084" lon="7.739115"><ele>89.25</ele></trkpt>
   <trkpt lat="50.099544" lon="7.738458"><ele>84.5</ele></trkpt>
   <trkpt lat="50.09974" lon="7.738145"><ele>84.75</ele></trkpt>
   <trkpt lat="50.100134" lon="7.737573"><ele>85.5</ele></trkpt>
   <trkpt lat="50.101449" lon="7.735612"><ele>85.25</ele></trkpt>
   <trkpt lat="50.102043" lon="7.734757"><ele>83.75</ele></trkpt>
   <trkpt lat="50.102515" lon="7.734103"><ele>82.25</ele></trkpt>
   <trkpt lat="50.102758" lon="7.733755"><ele>82.75</ele></trkpt>
   <trkpt lat="50.103836" lon="7.73228"><ele>82.5</ele></trkpt>
   <trkpt lat="50.104128" lon="7.731929"><ele>82.25</ele></trkpt>
   <trkpt lat="50.104202" lon="7.731836"><ele>81</ele></trkpt>
   <trkpt lat="50.104454" lon="7.731525"><ele>81</ele></trkpt>
   <trkpt lat="50.104761" lon="7.731173"><ele>80.25</ele></trkpt>
   <trkpt lat="50.104794" lon="7.731131"><ele>80</ele></trkpt>
   <trkpt lat="50.104901" lon="7.73101"><ele>79.75</ele></trkpt>
   <trkpt lat="50.105673" lon="7.730123"><ele>78.5</ele></trkpt>
   <trkpt lat="50.105702" lon="7.73009"><ele>78.5</ele></trkpt>
   <trkpt lat="50.105814" lon="7.729953"><ele>78.25</ele></trkpt>
   <trkpt lat="50.10655" lon="7.729113"><ele>78.5</ele></trkpt>
   <trkpt lat="50.106768" lon="7.728862"><ele>78</ele></trkpt>
   <trkpt lat="50.106978" lon="7.728604"><ele>77.75</ele></trkpt>
   <trkpt lat="50.107713" lon="7.727616"><ele>77</ele></trkpt>
   <trkpt lat="50.10792" lon="7.727337"><ele>77.25</ele></trkpt>
   <trkpt lat="50.108525" lon="7.726515"><ele>77.75</ele></trkpt>
   <trkpt lat="50.108667" lon="7.726341"><ele>77.25</ele></trkpt>
   <trkpt lat="50.108756" lon="7.726217"><ele>77</ele></trkpt>
   <trkpt lat="50.10942" lon="7.725308"><ele>76.5</ele></trkpt>
   <trkpt lat="50.109539" lon="7.725148"><ele>76</ele></trkpt>
   <trkpt lat="50.110108" lon="7.724373"><ele>74.5</ele></trkpt>
   <trkpt lat="50.110205" lon="7.724243"><ele>75</ele></trkpt>
   <trkpt lat="50.110315" lon="7.724095"><ele>75.5</ele></trkpt>
   <trkpt lat="50.110707" lon="7.72357"><ele>76</ele></trkpt>
   <trkpt lat="50.110813" lon="7.723429"><ele>75.75</ele></trkpt>
   <trkpt lat="50.111317" lon="7.722755"><ele>75.25</ele></trkpt>
   <trkpt lat="50.111404" lon="7.72264"><ele>75.25</ele></trkpt>
   <trkpt lat="50.111567" lon="7.722434"><ele>74.75</ele></trkpt>
   <trkpt lat="50.111811" lon="7.722097"><ele>74.5</ele></trkpt>
   <trkpt lat="50.11182" lon="7.722084"><ele>74.5</ele></trkpt>
   <trkpt lat="50.111892" lon="7.72198"><ele>74.5</ele></trkpt>
   <trkpt lat="50.113089" lon="7.720395"><ele>80.25</ele></trkpt>
   <trkpt lat="50.113286" lon="7.720163"><ele>80.25</ele></trkpt>
   <trkpt lat="50.113509" lon="7.719933"><ele>81.25</ele></trkpt>
   <trkpt lat="50.114071" lon="7.719445"><ele>87.5</ele></trkpt>
   <trkpt lat="50.114322" lon="7.719271"><ele>89.5</ele></trkpt>
   <trkpt lat="50.114474" lon="7.719185"><ele>90.5</ele></trkpt>
   <trkpt lat="50.114742" lon="7.719056"><ele>91.75</ele></trkpt>
   <trkpt lat="50.114979" lon="7.718969"><ele>92.25</ele></trkpt>
   <trkpt lat="50.115411" lon="7.718895"><ele>92</ele></trkpt>
   <trkpt lat="50.115741" lon="7.718862"><ele>91.75</ele></trkpt>
   <trkpt lat="50.116067" lon="7.718866"><ele>91.75</ele></trkpt>
   <trkpt lat="50.116505" lon="7.718909"><ele>91.5</ele></trkpt>
   <trkpt lat="50.11659" lon="7.718918"><ele>91.5</ele></trkpt>
   <trkpt lat="50.116946" lon="7.719036"><ele>94.25</ele></trkpt>
   <trkpt lat="50.117532" lon="7.719342"><ele>97.25</ele></trkpt>
   <trkpt lat="50.11774" lon="7.719459"><ele>98.5</ele></trkpt>
   <trkpt lat="50.117877" lon="7.719561"><ele>98</ele></trkpt>
   <trkpt lat="50.118156" lon="7.71981"><ele>94.5</ele></trkpt>
   <trkpt lat="50.118368" lon="7.72004"><ele>91</ele></trkpt>
   <trkpt lat="50.11863" lon="7.720352"><ele>97</ele></trkpt>
   <trkpt lat="50.118875" lon="7.720678"><ele>99.5</ele></trkpt>
   <trkpt lat="50.119088" lon="7.720999"><ele>98.5</ele></trkpt>
   <trkpt lat="50.119106" lon="7.721024"><ele>98.25</ele></trkpt>
   <trkpt lat="50.119623" lon="7.721984"><ele>93.5</ele></trkpt>
   <trkpt lat="50.11998" lon="7.722665"><ele>91.25</ele></trkpt>
   <trkpt lat="50.12025" lon="7.723266"><ele>88</ele></trkpt>
   <trkpt lat="50.120513" lon="7.723944"><ele>90.5</ele></trkpt>
   <trkpt lat="50.121091" lon="7.725716"><ele>93.25</ele></trkpt>
   <trkpt lat="50.121263" lon="7.72616"><ele>91.75</ele></trkpt>
   <trkpt lat="50.121512" lon="7.726686"><ele>87.75</ele></trkpt>
   <trkpt lat="50.121837" lon="7.727291"><ele>91</ele></trkpt>
   <trkpt lat="50.122178" lon="7.727797"><ele>88.25</ele></trkpt>
   <trkpt lat="50.122595" lon="7.728305"><ele>78.5</ele></trkpt>
   <trkpt lat="50.123615" lon="7.729648"><ele>92.5</ele></trkpt>
   <trkpt lat="50.124145" lon="7.730207"><ele>92.25</ele></trkpt>
   <trkpt lat="50.124552" lon="7.730769"><ele>94.25</ele></trkpt>
   <trkpt lat="50.124779" lon="7.731136"><ele>92</ele></trkpt>
   <trkpt lat="50.125186" lon="7.731806"><ele>90.75</ele></trkpt>
   <trkpt lat="50.125305" lon="7.731999"><ele>93</ele></trkpt>
   <trkpt lat="50.125444" lon="7.732233"><ele>94</ele></trkpt>
   <trkpt lat="50.126093" lon="7.733091"><ele>90</ele></trkpt>
   <trkpt lat="50.126683" lon="7.733774"><ele>91.5</ele></trkpt>
   <trkpt lat="50.126731" lon="7.733837"><ele>92.25</ele></trkpt>
   <trkpt lat="50.126801" lon="7.733934"><ele>92.75</ele></trkpt>
   <trkpt lat="50.127291" lon="7.734578"><ele>90.75</ele></trkpt>
   <trkpt lat="50.1278" lon="7.735218"><ele>91.25</ele></trkpt>
   <trkpt lat="50.128004" lon="7.735486"><ele>93.5</ele></trkpt>
   <trkpt lat="50.12818" lon="7.735696"><ele>93.75</ele></trkpt>
   <trkpt lat="50.12846" lon="7.735941"><ele>95.5</ele></trkpt>
   <trkpt lat="50.128778" lon="7.736178"><ele>96.75</ele></trkpt>
   <trkpt lat="50.129014" lon="7.736341"><ele>97.5</ele></trkpt>
   <trkpt lat="50.129234" lon="7.736464"><ele>98.5</ele></trkpt>
   <trkpt lat="50.129655" lon="7.736564"><ele>100</ele></trkpt>
   <trkpt lat="50.13011" lon="7.736566"><ele>101.5</ele></trkpt>
   <trkpt lat="50.130416" lon="7.736524"><ele>102.75</ele></trkpt>
   <trkpt lat="50.13115" lon="7.736334"><ele>105.5</ele></trkpt>
   <trkpt lat="50.131341" lon="7.736265"><ele>106.25</ele></trkpt>
   <trkpt lat="50.131524" lon="7.736203"><ele>106.25</ele></trkpt>
   <trkpt lat="50.132012" lon="7.73602"><ele>104.25</ele></trkpt>
   <trkpt lat="50.132489" lon="7.735821"><ele>102.5</ele></trkpt>
   <trkpt lat="50.133477" lon="7.735388"><ele>99.25</ele></trkpt>
   <trkpt lat="50.133958" lon="7.735118"><ele>101.25</ele></trkpt>
   <trkpt lat="50.134128" lon="7.734979"><ele>101</ele></trkpt>
   <trkpt lat="50.134566" lon="7.734561"><ele>101</ele></trkpt>
   <trkpt lat="50.134965" lon="7.734058"><ele>100.75</ele></trkpt>
   <trkpt lat="50.135246" lon="7.733561"><ele>100.5</ele></trkpt>
   <trkpt lat="50.135542" lon="7.732885"><ele>100.5</ele></trkpt>
   <trkpt lat="50.135713" lon="7.732303"><ele>100.5</ele></trkpt>
   <trkpt lat="50.136003" lon="7.730951"><ele>103</ele></trkpt>
   <trkpt lat="50.136148" lon="7.730243"><ele>102</ele></trkpt>
   <trkpt lat="50.136227" lon="7.729823"><ele>101.25</ele></trkpt>
   <trkpt lat="50.136249" lon="7.729686"><ele>101.5</ele></trkpt>
   <trkpt lat="50.136416" lon="7.72855"><ele>102</ele></trkpt>
   <trkpt lat="50.1365" lon="7.728069"><ele>101</ele></trkpt>
   <trkpt lat="50.136631" lon="7.727383"><ele>100.25</ele></trkpt>
   <trkpt lat="50.136758" lon="7.726906"><ele>100.25</ele></trkpt>
   <trkpt lat="50.136919" lon="7.726364"><ele>102.25</ele></trkpt>
   <trkpt lat="50.1371" lon="7.725858"><ele>102.5</ele></trkpt>
   <trkpt lat="50.137429" lon="7.725128"><ele>94</ele></trkpt>
   <trkpt lat="50.137712" lon="7.724596"><ele>95.25</ele></trkpt>
   <trkpt lat="50.138093" lon="7.723926"><ele>96.5</ele></trkpt>
   <trkpt lat="50.138862" lon="7.722797"><ele>98</ele></trkpt>
   <trkpt lat="50.139193" lon="7.722415"><ele>99.75</ele></trkpt>
   <trkpt lat="50.139376" lon="7.722215"><ele>101.75</ele></trkpt>
   <trkpt lat="50.139622" lon="7.721986"><ele>102.25</ele></trkpt>
   <trkpt lat="50.139886" lon="7.721768"><ele>100.75</ele></trkpt>
   <trkpt lat="50.140344" lon="7.721476"><ele>100.75</ele></trkpt>
   <trkpt lat="50.140706" lon="7.721304"><ele>99.75</ele></trkpt>
   <trkpt lat="50.141087" lon="7.721146"><ele>99.5</ele></trkpt>
   <trkpt lat="50.141638" lon="7.720996"><ele>96</ele></trkpt>
   <trkpt lat="50.141983" lon="7.72093"><ele>99.75</ele></trkpt>
   <trkpt lat="50.142435" lon="7.720877"><ele>104.75</ele></trkpt>
   <trkpt lat="50.142805" lon="7.720889"><ele>107</ele></trkpt>
   <trkpt lat="50.143146" lon="7.720941"><ele>107.25</ele></trkpt>
   <trkpt lat="50.14356" lon="7.721039"><ele>105</ele></trkpt>
   <trkpt lat="50.144147" lon="7.721194"><ele>100</ele></trkpt>
   <trkpt lat="50.144517" lon="7.721281"><ele>98.75</ele></trkpt>
   <trkpt lat="50.145357" lon="7.721398"><ele>103.5</ele></trkpt>
   <trkpt lat="50.145617" lon="7.721427"><ele>105</ele></trkpt>
   <trkpt lat="50.145888" lon="7.721422"><ele>106.5</ele></trkpt>
   <trkpt lat="50.146158" lon="7.721395"><ele>108</ele></trkpt>
   <trkpt lat="50.146427" lon="7.721336"><ele>109.5</ele></trkpt>
   <trkpt lat="50.146692" lon="7.721249"><ele>111</ele></trkpt>
   <trkpt lat="50.146954" lon="7.721136"><ele>112.75</ele></trkpt>
   <trkpt lat="50.14721" lon="7.720998"><ele>114.25</ele></trkpt>
   <trkpt lat="50.14746" lon="7.720833"><ele>115.75</ele></trkpt>
   <trkpt lat="50.147703" lon="7.720644"><ele>117.25</ele></trkpt>
   <trkpt lat="50.147937" lon="7.720431"><ele>118.75</ele></trkpt>
   <trkpt lat="50.148162" lon="7.720196"><ele>120.25</ele></trkpt>
   <trkpt lat="50.148377" lon="7.719937"><ele>121.75</ele></trkpt>
   <trkpt lat="50.148519" lon="7.719777"><ele>122</ele></trkpt>
   <trkpt lat="50.148672" lon="7.719556"><ele>116.75</ele></trkpt>
   <trkpt lat="50.148794" lon="7.719348"><ele>112.25</ele></trkpt>
   <trkpt lat="50.14893" lon="7.71909"><ele>106.75</ele></trkpt>
   <trkpt lat="50.149054" lon="7.718819"><ele>101</ele></trkpt>
   <trkpt lat="50.14924" lon="7.718335"><ele>95.5</ele></trkpt>
   <trkpt lat="50.149311" lon="7.718107"><ele>97.5</ele></trkpt>
   <trkpt lat="50.14943" lon="7.717634"><ele>100.75</ele></trkpt>
   <trkpt lat="50.149564" lon="7.717005"><ele>103.25</ele></trkpt>
   <trkpt lat="50.149841" lon="7.715528"><ele>101.5</ele></trkpt>
   <trkpt lat="50.149935" lon="7.715052"><ele>97.75</ele></trkpt>
   <trkpt lat="50.150025" lon="7.714637"><ele>98</ele></trkpt>
   <trkpt lat="50.150037" lon="7.714583"><ele>98.5</ele></trkpt>
   <trkpt lat="50.150103" lon="7.714314"><ele>100.5</ele></trkpt>
   <trkpt lat="50.150181" lon="7.714047"><ele>101.75</ele></trkpt>
   <trkpt lat="50.150214" lon="7.713938"><ele>101.75</ele></trkpt>
   <trkpt lat="50.150301" lon="7.71368"><ele>101.5</ele></trkpt>
   <trkpt lat="50.150469" lon="7.713245"><ele>99.5</ele></trkpt>
   <trkpt lat="50.150652" lon="7.712824"><ele>98</ele></trkpt>
   <trkpt lat="50.151034" lon="7.712064"><ele>92.75</ele></trkpt>
   <trkpt lat="50.151047" lon="7.71204"><ele>92.5</ele></trkpt>
   <trkpt lat="50.1514" lon="7.711309"><ele>91.25</ele></trkpt>
   <trkpt lat="50.151502" lon="7.711097"><ele>90</ele></trkpt>
   <trkpt lat="50.151548" lon="7.711007"><ele>89.25</ele></trkpt>
   <trkpt lat="50.151685" lon="7.71074"><ele>86.25</ele></trkpt>
   <trkpt lat="50.152067" lon="7.709952"><ele>86.25</ele></trkpt>
   <trkpt lat="50.152458" lon="7.709173"><ele>88.75</ele></trkpt>
   <trkpt lat="50.15274" lon="7.708653"><ele>88.75</ele></trkpt>
   <trkpt lat="50.153048" lon="7.708148"><ele>90.25</ele></trkpt>
   <trkpt lat="50.153432" lon="7.707662"><ele>96.5</ele></trkpt>
   <trkpt lat="50.15374" lon="7.707323"><ele>98.75</ele></trkpt>
   <trkpt lat="50.154551" lon="7.706488"><ele>94.25</ele></trkpt>
   <trkpt lat="50.155094" lon="7.705957"><ele>92</ele></trkpt>
   <trkpt lat="50.155537" lon="7.705552"><ele>87.25</ele></trkpt>
   <trkpt lat="50.155876" lon="7.705311"><ele>79</ele></trkpt>
   <trkpt lat="50.156134" lon="7.705157"><ele>79</ele></trkpt>
   <trkpt lat="50.156282" lon="7.705082"><ele>78.75</ele></trkpt>
   <trkpt lat="50.156559" lon="7.704959"><ele>78.5</ele></trkpt>
   <trkpt lat="50.157344" lon="7.704656"><ele>93</ele></trkpt>
   <trkpt lat="50.157965" lon="7.704415"><ele>97.5</ele></trkpt>
   <trkpt lat="50.158186" lon="7.704318"><ele>98.25</ele></trkpt>
   <trkpt lat="50.158441" lon="7.704185"><ele>100</ele></trkpt>
   <trkpt lat="50.158496" lon="7.704155"><ele>100.25</ele></trkpt>
   <trkpt lat="50.158712" lon="7.704027"><ele>101.75</ele></trkpt>
   <trkpt lat="50.16004" lon="7.703098"><ele>83.75</ele></trkpt>
   <trkpt lat="50.161727" lon="7.701895"><ele>95.5</ele></trkpt>
   <trkpt lat="50.162493" lon="7.701318"><ele>89</ele></trkpt>
   <trkpt lat="50.162838" lon="7.701047"><ele>97</ele></trkpt>
   <trkpt lat="50.163231" lon="7.700683"><ele>101</ele></trkpt>
   <trkpt lat="50.163554" lon="7.700317"><ele>99.25</ele></trkpt>
   <trkpt lat="50.163835" lon="7.699945"><ele>94</ele></trkpt>
   <trkpt lat="50.164132" lon="7.699492"><ele>93.5</ele></trkpt>
   <trkpt lat="50.164445" lon="7.698929"><ele>97</ele></trkpt>
   <trkpt lat="50.16473" lon="7.698311"><ele>94.25</ele></trkpt>
   <trkpt lat="50.164899" lon="7.697888"><ele>91</ele></trkpt>
   <trkpt lat="50.165114" lon="7.69733"><ele>90.25</ele></trkpt>
   <trkpt lat="50.165457" lon="7.696345"><ele>88.5</ele></trkpt>
   <trkpt lat="50.165786" lon="7.695332"><ele>79.25</ele></trkpt>
   <trkpt lat="50.166308" lon="7.693617"><ele>77.75</ele></trkpt>
   <trkpt lat="50.166661" lon="7.692461"><ele>75.25</ele></trkpt>
   <trkpt lat="50.167088" lon="7.691004"><ele>76.25</ele></trkpt>
   <trkpt lat="50.167299" lon="7.690237"><ele>75.75</ele></trkpt>
   <trkpt lat="50.16741" lon="7.689805"><ele>75.75</ele></trkpt>
   <trkpt lat="50.167614" lon="7.688889"><ele>76.75</ele></trkpt>
   <trkpt lat="50.167759" lon="7.6882"><ele>76.75</ele></trkpt>
   <trkpt lat="50.167867" lon="7.687625"><ele>76.25</ele></trkpt>
   <trkpt lat="50.167978" lon="7.686875"><ele>75.75</ele></trkpt>
   <trkpt lat="50.168013" lon="7.686546"><ele>75.75</ele></trkpt>
   <trkpt lat="50.168047" lon="7.686241"><ele>75.5</ele></trkpt>
   <trkpt lat="50.168217" lon="7.684909"><ele>74.25</ele></trkpt>
   <trkpt lat="50.168316" lon="7.683871"><ele>74.5</ele></trkpt>
   <trkpt lat="50.16839" lon="7.682832"><ele>75</ele></trkpt>
   <trkpt lat="50.168428" lon="7.681779"><ele>76</ele></trkpt>
   <trkpt lat="50.168452" lon="7.680877"><ele>76.75</ele></trkpt>
   <trkpt lat="50.16847" lon="7.679829"><ele>76.75</ele></trkpt>
   <trkpt lat="50.168517" lon="7.676563"><ele>83.75</ele></trkpt>
   <trkpt lat="50.168528" lon="7.676311"><ele>84.75</ele></trkpt>
   <trkpt lat="50.168562" lon="7.675834"><ele>86.25</ele></trkpt>
   <trkpt lat="50.168578" lon="7.675292"><ele>88.5</ele></trkpt>
   <trkpt lat="50.168616" lon="7.674123"><ele>89.5</ele></trkpt>
   <trkpt lat="50.168616" lon="7.67405"><ele>89.5</ele></trkpt>
   <trkpt lat="50.168662" lon="7.673281"><ele>87.5</ele></trkpt>
   <trkpt lat="50.168685" lon="7.672744"><ele>84.75</ele></trkpt>
   <trkpt lat="50.168689" lon="7.672586"><ele>84</ele></trkpt>
   <trkpt lat="50.168726" lon="7.671401"><ele>81.25</ele></trkpt>
   <trkpt lat="50.168726" lon="7.671355"><ele>81.5</ele></trkpt>
   <trkpt lat="50.16878" lon="7.669427"><ele>87</ele></trkpt>
   <trkpt lat="50.168831" lon="7.668685"><ele>88.75</ele></trkpt>
   <trkpt lat="50.168895" lon="7.668105"><ele>90.5</ele></trkpt>
   <trkpt lat="50.168925" lon="7.667858"><ele>92.5</ele></trkpt>
   <trkpt lat="50.168978" lon="7.667499"><ele>94.75</ele></trkpt>
   <trkpt lat="50.169081" lon="7.666953"><ele>95.5</ele></trkpt>
   <trkpt lat="50.169266" lon="7.666183"><ele>98.25</ele></trkpt>
   <trkpt lat="50.169452" lon="7.665517"><ele>99.25</ele></trkpt>
   <trkpt lat="50.169938" lon="7.663909"><ele>91</ele></trkpt>
   <trkpt lat="50.170081" lon="7.663507"><ele>90.75</ele></trkpt>
   <trkpt lat="50.170334" lon="7.662924"><ele>94.25</ele></trkpt>
   <trkpt lat="50.170752" lon="7.662101"><ele>89.25</ele></trkpt>
   <trkpt lat="50.17182" lon="7.660231"><ele>94.25</ele></trkpt>
   <trkpt lat="50.17215" lon="7.659597"><ele>94.25</ele></trkpt>
   <trkpt lat="50.172476" lon="7.658818"><ele>91.5</ele></trkpt>
   <trkpt lat="50.172737" lon="7.65797"><ele>94.75</ele></trkpt>
   <trkpt lat="50.172886" lon="7.657331"><ele>94.75</ele></trkpt>
   <trkpt lat="50.173002" lon="7.656694"><ele>93</ele></trkpt>
   <trkpt lat="50.173137" lon="7.655848"><ele>89.75</ele></trkpt>
   <trkpt lat="50.173175" lon="7.655579"><ele>88.5</ele></trkpt>
   <trkpt lat="50.173338" lon="7.654622"><ele>85.25</ele></trkpt>
   <trkpt lat="50.173476" lon="7.654028"><ele>89.25</ele></trkpt>
   <trkpt lat="50.173613" lon="7.653495"><ele>89.5</ele></trkpt>
   <trkpt lat="50.173895" lon="7.65255"><ele>93</ele></trkpt>
   <trkpt lat="50.173979" lon="7.652254"><ele>93</ele></trkpt>
   <trkpt lat="50.174249" lon="7.651361"><ele>94</ele></trkpt>
   <trkpt lat="50.174477" lon="7.65051"><ele>101.5</ele></trkpt>
   <trkpt lat="50.174854" lon="7.649353"><ele>94.75</ele></trkpt>
   <trkpt lat="50.175184" lon="7.648453"><ele>89.5</ele></trkpt>
   <trkpt lat="50.175439" lon="7.647887"><ele>88.75</ele></trkpt>
   <trkpt lat="50.175643" lon="7.647496"><ele>84.75</ele></trkpt>
   <trkpt lat="50.175805" lon="7.647209"><ele>79.75</ele></trkpt>
   <trkpt lat="50.175979" lon="7.646932"><ele>78.25</ele></trkpt>
   <trkpt lat="50.176078" lon="7.646789"><ele>77.25</ele></trkpt>
   <trkpt lat="50.17628" lon="7.646517"><ele>76.25</ele></trkpt>
   <trkpt lat="50.176306" lon="7.64648"><ele>76.25</ele></trkpt>
   <trkpt lat="50.176722" lon="7.645903"><ele>74.75</ele></trkpt>
   <trkpt lat="50.17792" lon="7.644314"><ele>74</ele></trkpt>
   <trkpt lat="50.177961" lon="7.644259"><ele>74</ele></trkpt>
   <trkpt lat="50.178873" lon="7.643105"><ele>74.25</ele></trkpt>
   <trkpt lat="50.179099" lon="7.642874"><ele>75</ele></trkpt>
   <trkpt lat="50.179382" lon="7.642591"><ele>76.75</ele></trkpt>
   <trkpt lat="50.179473" lon="7.642505"><ele>77.25</ele></trkpt>
   <trkpt lat="50.179753" lon="7.642272"><ele>77.75</ele></trkpt>
   <trkpt lat="50.180075" lon="7.642027"><ele>77</ele></trkpt>
   <trkpt lat="50.180092" lon="7.642015"><ele>76.75</ele></trkpt>
   <trkpt lat="50.180164" lon="7.641961"><ele>76.25</ele></trkpt>
   <trkpt lat="50.180723" lon="7.641631"><ele>71.75</ele></trkpt>
   <trkpt lat="50.181232" lon="7.641428"><ele>78</ele></trkpt>
   <trkpt lat="50.18149" lon="7.641371"><ele>80.25</ele></trkpt>
   <trkpt lat="50.181763" lon="7.641328"><ele>82.25</ele></trkpt>
   <trkpt lat="50.182013" lon="7.641319"><ele>83.25</ele></trkpt>
   <trkpt lat="50.18249" lon="7.64135"><ele>83.25</ele></trkpt>
   <trkpt lat="50.182787" lon="7.641427"><ele>82.25</ele></trkpt>
   <trkpt lat="50.183366" lon="7.641598"><ele>78.75</ele></trkpt>
   <trkpt lat="50.183725" lon="7.641738"><ele>80</ele></trkpt>
   <trkpt lat="50.183737" lon="7.641742"><ele>80.25</ele></trkpt>
   <trkpt lat="50.184595" lon="7.642144"><ele>88.25</ele></trkpt>
   <trkpt lat="50.185576" lon="7.642605"><ele>91.75</ele></trkpt>
   <trkpt lat="50.186903" lon="7.643296"><ele>77.25</ele></trkpt>
   <trkpt lat="50.187744" lon="7.643764"><ele>89.5</ele></trkpt>
   <trkpt lat="50.18824" lon="7.644002"><ele>92.5</ele></trkpt>
   <trkpt lat="50.188709" lon="7.644202"><ele>88.5</ele></trkpt>
   <trkpt lat="50.189295" lon="7.644386"><ele>83</ele></trkpt>
   <trkpt lat="50.189995" lon="7.644545"><ele>77</ele></trkpt>
   <trkpt lat="50.190466" lon="7.644618"><ele>78.25</ele></trkpt>
   <trkpt lat="50.190945" lon="7.644637"><ele>80</ele></trkpt>
   <trkpt lat="50.191319" lon="7.644632"><ele>81</ele></trkpt>
   <trkpt lat="50.191683" lon="7.644596"><ele>83</ele></trkpt>
   <trkpt lat="50.191819" lon="7.644573"><ele>83</ele></trkpt>
   <trkpt lat="50.192256" lon="7.644471"><ele>84.25</ele></trkpt>
   <trkpt lat="50.192715" lon="7.644353"><ele>85.25</ele></trkpt>
   <trkpt lat="50.194193" lon="7.643972"><ele>89.5</ele></trkpt>
   <trkpt lat="50.194446" lon="7.643905"><ele>89.75</ele></trkpt>
   <trkpt lat="50.19491" lon="7.643783"><ele>89.75</ele></trkpt>
   <trkpt lat="50.197095" lon="7.643206"><ele>72</ele></trkpt>
   <trkpt lat="50.197545" lon="7.643036"><ele>75.25</ele></trkpt>
   <trkpt lat="50.198018" lon="7.642811"><ele>77.5</ele></trkpt>
   <trkpt lat="50.198306" lon="7.642643"><ele>78.25</ele></trkpt>
   <trkpt lat="50.198463" lon="7.642524"><ele>78.5</ele></trkpt>
   <trkpt lat="50.198539" lon="7.642467"><ele>78.5</ele></trkpt>
   <trkpt lat="50.199092" lon="7.642002"><ele>76.25</ele></trkpt>
   <trkpt lat="50.19995" lon="7.641218"><ele>77</ele></trkpt>
   <trkpt lat="50.2003" lon="7.640927"><ele>76.25</ele></trkpt>
   <trkpt lat="50.201589" lon="7.639736"><ele>74.25</ele></trkpt>
   <trkpt lat="50.202996" lon="7.638462"><ele>74.25</ele></trkpt>
   <trkpt lat="50.203219" lon="7.638218"><ele>74.5</ele></trkpt>
   <trkpt lat="50.203541" lon="7.637886"><ele>73.75</ele></trkpt>
   <trkpt lat="50.204032" lon="7.63728"><ele>73.25</ele></trkpt>
   <trkpt lat="50.205084" lon="7.635819"><ele>74.75</ele></trkpt>
   <trkpt lat="50.206461" lon="7.633916"><ele>74.5</ele></trkpt>
   <trkpt lat="50.206498" lon="7.633865"><ele>74.25</ele></trkpt>
   <trkpt lat="50.206575" lon="7.633765"><ele>74.25</ele></trkpt>
   <trkpt lat="50.207036" lon="7.633117"><ele>74.25</ele></trkpt>
   <trkpt lat="50.207334" lon="7.632644"><ele>74.75</ele></trkpt>
   <trkpt lat="50.207604" lon="7.632185"><ele>75</ele></trkpt>
   <trkpt lat="50.207889" lon="7.631647"><ele>75</ele></trkpt>
   <trkpt lat="50.208101" lon="7.631165"><ele>75.5</ele></trkpt>
   <trkpt lat="50.208501" lon="7.63015"><ele>76.5</ele></trkpt>
   <trkpt lat="50.209063" lon="7.628515"><ele>77.5</ele></trkpt>
   <trkpt lat="50.209212" lon="7.628092"><ele>77.25</ele></trkpt>
   <trkpt lat="50.209633" lon="7.627086"><ele>76</ele></trkpt>
   <trkpt lat="50.210095" lon="7.626144"><ele>76.5</ele></trkpt>
   <trkpt lat="50.210488" lon="7.625478"><ele>76.75</ele></trkpt>
   <trkpt lat="50.211977" lon="7.623026"><ele>76.25</ele></trkpt>
   <trkpt lat="50.212369" lon="7.622381"><ele>77.5</ele></trkpt>
   <trkpt lat="50.212524" lon="7.622125"><ele>77.5</ele></trkpt>
   <trkpt lat="50.213455" lon="7.620622"><ele>79.5</ele></trkpt>
   <trkpt lat="50.213896" lon="7.619997"><ele>79.25</ele></trkpt>
   <trkpt lat="50.214334" lon="7.619441"><ele>86.75</ele></trkpt>
   <trkpt lat="50.214831" lon="7.618876"><ele>88.5</ele></trkpt>
   <trkpt lat="50.215209" lon="7.618493"><ele>86.5</ele></trkpt>
   <trkpt lat="50.215313" lon="7.618389"><ele>85.5</ele></trkpt>
   <trkpt lat="50.216009" lon="7.617755"><ele>96</ele></trkpt>
   <trkpt lat="50.216877" lon="7.617052"><ele>99.75</ele></trkpt>
   <trkpt lat="50.217388" lon="7.616712"><ele>92.75</ele></trkpt>
   <trkpt lat="50.217953" lon="7.616414"><ele>93</ele></trkpt>
   <trkpt lat="50.219452" lon="7.615812"><ele>99.25</ele></trkpt>
   <trkpt lat="50.220492" lon="7.615453"><ele>103.75</ele></trkpt>
   <trkpt lat="50.221008" lon="7.615293"><ele>103.25</ele></trkpt>
   <trkpt lat="50.222071" lon="7.614961"><ele>90.25</ele></trkpt>
   <trkpt lat="50.222814" lon="7.614691"><ele>93.25</ele></trkpt>
   <trkpt lat="50.223432" lon="7.614374"><ele>96</ele></trkpt>
   <trkpt lat="50.223817" lon="7.614129"><ele>96</ele></trkpt>
   <trkpt lat="50.223923" lon="7.614061"><ele>95.25</ele></trkpt>
   <trkpt lat="50.224446" lon="7.61362"><ele>91</ele></trkpt>
   <trkpt lat="50.224843" lon="7.613221"><ele>86.25</ele></trkpt>
   <trkpt lat="50.22548" lon="7.612417"><ele>92.5</ele></trkpt>
   <trkpt lat="50.22578" lon="7.61198"><ele>88.25</ele></trkpt>
   <trkpt lat="50.226597" lon="7.61052"><ele>92.25</ele></trkpt>
   <trkpt lat="50.226991" lon="7.609817"><ele>90.25</ele></trkpt>
   <trkpt lat="50.22742" lon="7.608925"><ele>85.25</ele></trkpt>
   <trkpt lat="50.227752" lon="7.608158"><ele>85</ele></trkpt>
   <trkpt lat="50.228155" lon="7.607111"><ele>84</ele></trkpt>
   <trkpt lat="50.228418" lon="7.6063"><ele>81.5</ele></trkpt>
   <trkpt lat="50.228705" lon="7.605305"><ele>81.25</ele></trkpt>
   <trkpt lat="50.229" lon="7.604042"><ele>81.5</ele></trkpt>
   <trkpt lat="50.22978" lon="7.600411"><ele>82.75</ele></trkpt>
   <trkpt lat="50.230022" lon="7.599111"><ele>81.75</ele></trkpt>
   <trkpt lat="50.230073" lon="7.598747"><ele>82</ele></trkpt>
   <trkpt lat="50.230135" lon="7.598186"><ele>82</ele></trkpt>
   <trkpt lat="50.230169" lon="7.597734"><ele>81.5</ele></trkpt>
   <trkpt lat="50.230203" lon="7.597025"><ele>80.75</ele></trkpt>
   <trkpt lat="50.230207" lon="7.596797"><ele>80.5</ele></trkpt>
   <trkpt lat="50.230218" lon="7.595237"><ele>83.25</ele></trkpt>
   <trkpt lat="50.23022" lon="7.594841"><ele>83.75</ele></trkpt>
   <trkpt lat="50.230234" lon="7.594227"><ele>84.5</ele></trkpt>
   <trkpt lat="50.230242" lon="7.594023"><ele>84.5</ele></trkpt>
   <trkpt lat="50.230289" lon="7.59341"><ele>84.25</ele></trkpt>
   <trkpt lat="50.230398" lon="7.592535"><ele>82.5</ele></trkpt>
   <trkpt lat="50.230402" lon="7.592508"><ele>82.5</ele></trkpt>
   <trkpt lat="50.230466" lon="7.592092"><ele>81.75</ele></trkpt>
   <trkpt lat="50.230535" lon="7.591617"><ele>81</ele></trkpt>
   <trkpt lat="50.230642" lon="7.59076"><ele>81</ele></trkpt>
   <trkpt lat="50.230653" lon="7.590683"><ele>81</ele></trkpt>
   <trkpt lat="50.230916" lon="7.589084"><ele>78.75</ele></trkpt>
   <trkpt lat="50.230972" lon="7.588741"><ele>78.5</ele></trkpt>
   <trkpt lat="50.231449" lon="7.585973"><ele>79.75</ele></trkpt>
   <trkpt lat="50.231518" lon="7.585596"><ele>81.25</ele></trkpt>
   <trkpt lat="50.231811" lon="7.584008"><ele>81.25</ele></trkpt>
   <trkpt lat="50.231935" lon="7.583413"><ele>81.25</ele></trkpt>
   <trkpt lat="50.232017" lon="7.583074"><ele>82.25</ele></trkpt>
   <trkpt lat="50.232116" lon="7.582686"><ele>83.5</ele></trkpt>
   <trkpt lat="50.232321" lon="7.581971"><ele>84.25</ele></trkpt>
   <trkpt lat="50.232439" lon="7.581614"><ele>84</ele></trkpt>
   <trkpt lat="50.23259" lon="7.581192"><ele>84.25</ele></trkpt>
   <trkpt lat="50.232798" lon="7.580685"><ele>84.5</ele></trkpt>
   <trkpt lat="50.2329" lon="7.580449"><ele>84.5</ele></trkpt>
   <trkpt lat="50.233685" lon="7.579138"><ele>85.75</ele></trkpt>
   <trkpt lat="50.233702" lon="7.579109"><ele>85.75</ele></trkpt>
   <trkpt lat="50.233739" lon="7.57905"><ele>85.5</ele></trkpt>
   <trkpt lat="50.234131" lon="7.578416"><ele>82.25</ele></trkpt>
   <trkpt lat="50.234276" lon="7.578194"><ele>81.75</ele></trkpt>
   <trkpt lat="50.234604" lon="7.577766"><ele>81</ele></trkpt>
   <trkpt lat="50.234924" lon="7.577428"><ele>78.75</ele></trkpt>
   <trkpt lat="50.23511" lon="7.577252"><ele>77.5</ele></trkpt>
   <trkpt lat="50.235399" lon="7.577001"><ele>77.25</ele></trkpt>
   <trkpt lat="50.235722" lon="7.576751"><ele>77.5</ele></trkpt>
   <trkpt lat="50.235776" lon="7.576714"><ele>77.75</ele></trkpt>
   <trkpt lat="50.236093" lon="7.576531"><ele>79.25</ele></trkpt>
   <trkpt lat="50.23639" lon="7.576394"><ele>82.5</ele></trkpt>
   <trkpt lat="50.236635" lon="7.576308"><ele>85.75</ele></trkpt>
   <trkpt lat="50.236889" lon="7.576232"><ele>88</ele></trkpt>
   <trkpt lat="50.237291" lon="7.576143"><ele>91.5</ele></trkpt>
   <trkpt lat="50.237795" lon="7.576071"><ele>93.25</ele></trkpt>
   <trkpt lat="50.238411" lon="7.575986"><ele>93.5</ele></trkpt>
   <trkpt lat="50.239223" lon="7.575884"><ele>95</ele></trkpt>
   <trkpt lat="50.239759" lon="7.575821"><ele>97.25</ele></trkpt>
   <trkpt lat="50.240277" lon="7.575776"><ele>99.75</ele></trkpt>
   <trkpt lat="50.240663" lon="7.57579"><ele>100</ele></trkpt>
   <trkpt lat="50.241049" lon="7.575841"><ele>100</ele></trkpt>
   <trkpt lat="50.241543" lon="7.575949"><ele>98.75</ele></trkpt>
   <trkpt lat="50.241942" lon="7.576086"><ele>96.5</ele></trkpt>
   <trkpt lat="50.242522" lon="7.576291"><ele>93.75</ele></trkpt>
   <trkpt lat="50.243036" lon="7.576522"><ele>89.75</ele></trkpt>
   <trkpt lat="50.2432" lon="7.57661"><ele>87.75</ele></trkpt>
   <trkpt lat="50.24353" lon="7.576818"><ele>87.25</ele></trkpt>
   <trkpt lat="50.243546" lon="7.57683"><ele>87.25</ele></trkpt>
   <trkpt lat="50.243683" lon="7.576934"><ele>87.25</ele></trkpt>
   <trkpt lat="50.243792" lon="7.577025"><ele>87</ele></trkpt>
   <trkpt lat="50.243995" lon="7.577191"><ele>86</ele></trkpt>
   <trkpt lat="50.244302" lon="7.577495"><ele>85.75</ele></trkpt>
   <trkpt lat="50.244562" lon="7.577783"><ele>86.75</ele></trkpt>
   <trkpt lat="50.244797" lon="7.578096"><ele>85</ele></trkpt>
   <trkpt lat="50.24495" lon="7.578288"><ele>83.25</ele></trkpt>
   <trkpt lat="50.245873" lon="7.579603"><ele>84.5</ele></trkpt>
   <trkpt lat="50.246262" lon="7.580126"><ele>84.25</ele></trkpt>
   <trkpt lat="50.247099" lon="7.581286"><ele>83.75</ele></trkpt>
   <trkpt lat="50.247586" lon="7.582034"><ele>83.25</ele></trkpt>
   <trkpt lat="50.247794" lon="7.582375"><ele>84</ele></trkpt>
   <trkpt lat="50.248153" lon="7.583054"><ele>80.25</ele></trkpt>
   <trkpt lat="50.24851" lon="7.583757"><ele>81.5</ele></trkpt>
   <trkpt lat="50.248863" lon="7.584425"><ele>83.25</ele></trkpt>
   <trkpt lat="50.248953" lon="7.584585"><ele>82.5</ele></trkpt>
   <trkpt lat="50.249183" lon="7.584992"><ele>78.75</ele></trkpt>
   <trkpt lat="50.249494" lon="7.585513"><ele>84.25</ele></trkpt>
   <trkpt lat="50.249845" lon="7.586139"><ele>83.75</ele></trkpt>
   <trkpt lat="50.249995" lon="7.586428"><ele>80.75</ele></trkpt>
   <trkpt lat="50.250149" lon="7.586749"><ele>78.75</ele></trkpt>
   <trkpt lat="50.250396" lon="7.587391"><ele>81</ele></trkpt>
   <trkpt lat="50.250641" lon="7.588203"><ele>80.75</ele></trkpt>
   <trkpt lat="50.250726" lon="7.588548"><ele>81.25</ele></trkpt>
   <trkpt lat="50.250895" lon="7.589297"><ele>83.75</ele></trkpt>
   <trkpt lat="50.251398" lon="7.591719"><ele>86.25</ele></trkpt>
   <trkpt lat="50.251643" lon="7.592995"><ele>82</ele></trkpt>
   <trkpt lat="50.251732" lon="7.593553"><ele>82.25</ele></trkpt>
   <trkpt lat="50.251815" lon="7.594177"><ele>85.75</ele></trkpt>
   <trkpt lat="50.251884" lon="7.595069"><ele>87</ele></trkpt>
   <trkpt lat="50.251992" lon="7.596728"><ele>85.75</ele></trkpt>
   <trkpt lat="50.252036" lon="7.597444"><ele>85.75</ele></trkpt>
   <trkpt lat="50.252073" lon="7.598083"><ele>84.5</ele></trkpt>
   <trkpt lat="50.252096" lon="7.598775"><ele>84</ele></trkpt>
   <trkpt lat="50.252091" lon="7.599393"><ele>83.5</ele></trkpt>
   <trkpt lat="50.252064" lon="7.600069"><ele>82.75</ele></trkpt>
   <trkpt lat="50.252045" lon="7.600364"><ele>83.5</ele></trkpt>
   <trkpt lat="50.252014" lon="7.600714"><ele>84</ele></trkpt>
   <trkpt lat="50.251919" lon="7.601635"><ele>85</ele></trkpt>
   <trkpt lat="50.251835" lon="7.602403"><ele>84.5</ele></trkpt>
   <trkpt lat="50.251661" lon="7.604018"><ele>82.25</ele></trkpt>
   <trkpt lat="50.251591" lon="7.604689"><ele>83.75</ele></trkpt>
   <trkpt lat="50.251472" lon="7.605764"><ele>85.75</ele></trkpt>
   <trkpt lat="50.251389" lon="7.60649"><ele>86.25</ele></trkpt>
   <trkpt lat="50.251201" lon="7.607797"><ele>82.75</ele></trkpt>
   <trkpt lat="50.250852" lon="7.610207"><ele>82.25</ele></trkpt>
   <trkpt lat="50.250779" lon="7.610877"><ele>82</ele></trkpt>
   <trkpt lat="50.25073" lon="7.611349"><ele>82</ele></trkpt>
   <trkpt lat="50.25065" lon="7.612249"><ele>83</ele></trkpt>
   <trkpt lat="50.250513" lon="7.613986"><ele>84</ele></trkpt>
   <trkpt lat="50.250453" lon="7.614807"><ele>84.25</ele></trkpt>
   <trkpt lat="50.250443" lon="7.614931"><ele>84.5</ele></trkpt>
   <trkpt lat="50.250405" lon="7.615434"><ele>84</ele></trkpt>
   <trkpt lat="50.250351" lon="7.616108"><ele>82.75</ele></trkpt>
   <trkpt lat="50.250175" lon="7.617724"><ele>81</ele></trkpt>
   <trkpt lat="50.250091" lon="7.618354"><ele>80.75</ele></trkpt>
   <trkpt lat="50.249962" lon="7.619242"><ele>80.75</ele></trkpt>
   <trkpt lat="50.249554" lon="7.622085"><ele>82</ele></trkpt>
   <trkpt lat="50.24918" lon="7.624698"><ele>78.5</ele></trkpt>
   <trkpt lat="50.248816" lon="7.627309"><ele>82.75</ele></trkpt>
   <trkpt lat="50.248741" lon="7.627961"><ele>82.75</ele></trkpt>
   <trkpt lat="50.248678" lon="7.628495"><ele>82.5</ele></trkpt>
   <trkpt lat="50.248624" lon="7.62914"><ele>83</ele></trkpt>
   <trkpt lat="50.248589" lon="7.629899"><ele>84.25</ele></trkpt>
   <trkpt lat="50.248587" lon="7.630083"><ele>84.25</ele></trkpt>
   <trkpt lat="50.248586" lon="7.630642"><ele>84</ele></trkpt>
   <trkpt lat="50.248585" lon="7.630727"><ele>83.75</ele></trkpt>
   <trkpt lat="50.248592" lon="7.631289"><ele>84</ele></trkpt>
   <trkpt lat="50.248629" lon="7.631968"><ele>84</ele></trkpt>
   <trkpt lat="50.24868" lon="7.632672"><ele>82</ele></trkpt>
   <trkpt lat="50.248737" lon="7.633216"><ele>80.25</ele></trkpt>
   <trkpt lat="50.248762" lon="7.633409"><ele>80</ele></trkpt>
   <trkpt lat="50.248884" lon="7.6342"><ele>79.25</ele></trkpt>
   <trkpt lat="50.248993" lon="7.6348"><ele>78</ele></trkpt>
   <trkpt lat="50.249215" lon="7.635797"><ele>79</ele></trkpt>
   <trkpt lat="50.249256" lon="7.635961"><ele>79.5</ele></trkpt>
   <trkpt lat="50.24937" lon="7.636395"><ele>80</ele></trkpt>
   <trkpt lat="50.249674" lon="7.637441"><ele>79.5</ele></trkpt>
   <trkpt lat="50.249888" lon="7.63808"><ele>78.25</ele></trkpt>
   <trkpt lat="50.250106" lon="7.638652"><ele>79</ele></trkpt>
   <trkpt lat="50.250331" lon="7.639213"><ele>80.5</ele></trkpt>
   <trkpt lat="50.250641" lon="7.639911"><ele>79</ele></trkpt>
   <trkpt lat="50.250929" lon="7.640491"><ele>80.5</ele></trkpt>
   <trkpt lat="50.251137" lon="7.640867"><ele>82.25</ele></trkpt>
   <trkpt lat="50.251334" lon="7.641227"><ele>82</ele></trkpt>
   <trkpt lat="50.251687" lon="7.641795"><ele>80</ele></trkpt>
   <trkpt lat="50.251708" lon="7.641833"><ele>80</ele></trkpt>
   <trkpt lat="50.25203" lon="7.642306"><ele>82</ele></trkpt>
   <trkpt lat="50.252397" lon="7.642793"><ele>81</ele></trkpt>
   <trkpt lat="50.252609" lon="7.643052"><ele>80</ele></trkpt>
   <trkpt lat="50.252969" lon="7.643464"><ele>78.25</ele></trkpt>
   <trkpt lat="50.253326" lon="7.643842"><ele>79</ele></trkpt>
   <trkpt lat="50.253811" lon="7.644295"><ele>81</ele></trkpt>
   <trkpt lat="50.254203" lon="7.644617"><ele>80.75</ele></trkpt>
   <trkpt lat="50.254665" lon="7.644965"><ele>78</ele></trkpt>
   <trkpt lat="50.254853" lon="7.645091"><ele>77.5</ele></trkpt>
   <trkpt lat="50.255246" lon="7.645332"><ele>77.5</ele></trkpt>
   <trkpt lat="50.255413" lon="7.645428"><ele>77.25</ele></trkpt>
   <trkpt lat="50.255836" lon="7.645636"><ele>77</ele></trkpt>
   <trkpt lat="50.256392" lon="7.64588"><ele>77.5</ele></trkpt>
   <trkpt lat="50.256796" lon="7.646027"><ele>77</ele></trkpt>
   <trkpt lat="50.257116" lon="7.646118"><ele>76.75</ele></trkpt>
   <trkpt lat="50.25758" lon="7.646239"><ele>76.25</ele></trkpt>
   <trkpt lat="50.257738" lon="7.646277"><ele>75.75</ele></trkpt>
   <trkpt lat="50.257941" lon="7.646311"><ele>75.25</ele></trkpt>
   <trkpt lat="50.258345" lon="7.646378"><ele>74.25</ele></trkpt>
   <trkpt lat="50.258628" lon="7.646412"><ele>74.25</ele></trkpt>
   <trkpt lat="50.258927" lon="7.646434"><ele>74.25</ele></trkpt>
   <trkpt lat="50.25931" lon="7.646439"><ele>74.25</ele></trkpt>
   <trkpt lat="50.259624" lon="7.646422"><ele>74.75</ele></trkpt>
   <trkpt lat="50.259718" lon="7.646415"><ele>74.75</ele></trkpt>
   <trkpt lat="50.259939" lon="7.646391"><ele>75.25</ele></trkpt>
   <trkpt lat="50.260644" lon="7.646245"><ele>76.25</ele></trkpt>
   <trkpt lat="50.260972" lon="7.646141"><ele>76.75</ele></trkpt>
   <trkpt lat="50.261374" lon="7.64599"><ele>77.5</ele></trkpt>
   <trkpt lat="50.261962" lon="7.645712"><ele>77.75</ele></trkpt>
   <trkpt lat="50.262308" lon="7.645505"><ele>77.75</ele></trkpt>
   <trkpt lat="50.262819" lon="7.645169"><ele>77.5</ele></trkpt>
   <trkpt lat="50.263191" lon="7.644868"><ele>76.75</ele></trkpt>
   <trkpt lat="50.263762" lon="7.644335"><ele>75.75</ele></trkpt>
   <trkpt lat="50.263914" lon="7.644183"><ele>75.5</ele></trkpt>
   <trkpt lat="50.264122" lon="7.643974"><ele>75.5</ele></trkpt>
   <trkpt lat="50.265355" lon="7.64246"><ele>77</ele></trkpt>
   <trkpt lat="50.265486" lon="7.642297"><ele>76.75</ele></trkpt>
   <trkpt lat="50.267034" lon="7.640368"><ele>73.75</ele></trkpt>
   <trkpt lat="50.267793" lon="7.639422"><ele>74.25</ele></trkpt>
   <trkpt lat="50.268163" lon="7.638961"><ele>74.25</ele></trkpt>
   <trkpt lat="50.269292" lon="7.637551"><ele>74.5</ele></trkpt>
   <trkpt lat="50.270977" lon="7.635465"><ele>72.25</ele></trkpt>
   <trkpt lat="50.272538" lon="7.633521"><ele>70</ele></trkpt>
   <trkpt lat="50.272657" lon="7.633374"><ele>70.25</ele></trkpt>
   <trkpt lat="50.273456" lon="7.632386"><ele>71.25</ele></trkpt>
   <trkpt lat="50.273498" lon="7.632332"><ele>71.25</ele></trkpt>
   <trkpt lat="50.273637" lon="7.632164"><ele>71.75</ele></trkpt>
   <trkpt lat="50.27503" lon="7.63041"><ele>72.25</ele></trkpt>
   <trkpt lat="50.275961" lon="7.629251"><ele>69.25</ele></trkpt>
   <trkpt lat="50.276026" lon="7.629169"><ele>69.75</ele></trkpt>
   <trkpt lat="50.276694" lon="7.62833"><ele>72.5</ele></trkpt>
   <trkpt lat="50.276785" lon="7.628215"><ele>72</ele></trkpt>
   <trkpt lat="50.27719" lon="7.627659"><ele>70.25</ele></trkpt>
   <trkpt lat="50.27772" lon="7.626833"><ele>70.25</ele></trkpt>
   <trkpt lat="50.278142" lon="7.626122"><ele>69.5</ele></trkpt>
   <trkpt lat="50.278536" lon="7.625359"><ele>70.5</ele></trkpt>
   <trkpt lat="50.278852" lon="7.624709"><ele>69.75</ele></trkpt>
   <trkpt lat="50.279108" lon="7.62418"><ele>70.25</ele></trkpt>
   <trkpt lat="50.279761" lon="7.622984"><ele>72.25</ele></trkpt>
   <trkpt lat="50.280152" lon="7.622346"><ele>73</ele></trkpt>
   <trkpt lat="50.280509" lon="7.621775"><ele>75</ele></trkpt>
   <trkpt lat="50.280859" lon="7.621284"><ele>75</ele></trkpt>
   <trkpt lat="50.281356" lon="7.620574"><ele>73.25</ele></trkpt>
   <trkpt lat="50.282043" lon="7.619634"><ele>71.75</ele></trkpt>
   <trkpt lat="50.28209" lon="7.619569"><ele>71.5</ele></trkpt>
   <trkpt lat="50.282292" lon="7.619317"><ele>70.75</ele></trkpt>
   <trkpt lat="50.282404" lon="7.619194"><ele>70.5</ele></trkpt>
   <trkpt lat="50.282612" lon="7.618939"><ele>70.75</ele></trkpt>
   <trkpt lat="50.28346" lon="7.617751"><ele>72.5</ele></trkpt>
   <trkpt lat="50.283897" lon="7.617102"><ele>72.75</ele></trkpt>
   <trkpt lat="50.284148" lon="7.616676"><ele>73</ele></trkpt>
   <trkpt lat="50.284389" lon="7.616226"><ele>72.75</ele></trkpt>
   <trkpt lat="50.284789" lon="7.615394"><ele>72</ele></trkpt>
   <trkpt lat="50.28485" lon="7.615258"><ele>71.75</ele></trkpt>
   <trkpt lat="50.285086" lon="7.614678"><ele>72</ele></trkpt>
   <trkpt lat="50.285231" lon="7.614281"><ele>72.75</ele></trkpt>
   <trkpt lat="50.285562" lon="7.613375"><ele>72.25</ele></trkpt>
   <trkpt lat="50.286059" lon="7.611905"><ele>75</ele></trkpt>
   <trkpt lat="50.286361" lon="7.611095"><ele>78.25</ele></trkpt>
   <trkpt lat="50.286652" lon="7.610401"><ele>78.25</ele></trkpt>
   <trkpt lat="50.287052" lon="7.609587"><ele>81.5</ele></trkpt>
   <trkpt lat="50.287401" lon="7.608933"><ele>81.75</ele></trkpt>
   <trkpt lat="50.287838" lon="7.608223"><ele>80.25</ele></trkpt>
   <trkpt lat="50.288259" lon="7.607613"><ele>80</ele></trkpt>
   <trkpt lat="50.288903" lon="7.606756"><ele>79</ele></trkpt>
   <trkpt lat="50.290495" lon="7.604663"><ele>79</ele></trkpt>
   <trkpt lat="50.290964" lon="7.604058"><ele>79.5</ele></trkpt>
   <trkpt lat="50.291134" lon="7.603857"><ele>79.5</ele></trkpt>
   <trkpt lat="50.291374" lon="7.603574"><ele>78.75</ele></trkpt>
   <trkpt lat="50.291695" lon="7.603231"><ele>77.25</ele></trkpt>
   <trkpt lat="50.291946" lon="7.602976"><ele>78.75</ele></trkpt>
   <trkpt lat="50.292608" lon="7.602401"><ele>78</ele></trkpt>
   <trkpt lat="50.293757" lon="7.601494"><ele>75.75</ele></trkpt>
   <trkpt lat="50.294253" lon="7.601104"><ele>79</ele></trkpt>
   <trkpt lat="50.294682" lon="7.600781"><ele>79</ele></trkpt>
   <trkpt lat="50.295453" lon="7.600176"><ele>74.75</ele></trkpt>
   <trkpt lat="50.297682" lon="7.59844"><ele>77.25</ele></trkpt>
   <trkpt lat="50.299221" lon="7.597214"><ele>82.75</ele></trkpt>
   <trkpt lat="50.301734" lon="7.595253"><ele>78.25</ele></trkpt>
   <trkpt lat="50.301977" lon="7.595061"><ele>76.25</ele></trkpt>
   <trkpt lat="50.302483" lon="7.594686"><ele>78.5</ele></trkpt>
   <trkpt lat="50.302909" lon="7.594404"><ele>80.5</ele></trkpt>
   <trkpt lat="50.303142" lon="7.59427"><ele>79.5</ele></trkpt>
   <trkpt lat="50.303269" lon="7.594197"><ele>78.5</ele></trkpt>
   <trkpt lat="50.304116" lon="7.593769"><ele>72</ele></trkpt>
   <trkpt lat="50.304688" lon="7.593469"><ele>69.5</ele></trkpt>
   <trkpt lat="50.304942" lon="7.593318"><ele>68.5</ele></trkpt>
   <trkpt lat="50.305318" lon="7.593075"><ele>71.25</ele></trkpt>
   <trkpt lat="50.306514" lon="7.592154"><ele>75.25</ele></trkpt>
   <trkpt lat="50.306797" lon="7.591921"><ele>73.5</ele></trkpt>
   <trkpt lat="50.306922" lon="7.591817"><ele>72.5</ele></trkpt>
   <trkpt lat="50.307769" lon="7.591174"><ele>83</ele></trkpt>
   <trkpt lat="50.308053" lon="7.591004"><ele>87.25</ele></trkpt>
   <trkpt lat="50.309705" lon="7.590057"><ele>85.5</ele></trkpt>
   <trkpt lat="50.310749" lon="7.589493"><ele>89.5</ele></trkpt>
   <trkpt lat="50.311799" lon="7.588959"><ele>86.75</ele></trkpt>
   <trkpt lat="50.312892" lon="7.588423"><ele>80.5</ele></trkpt>
   <trkpt lat="50.31346" lon="7.588202"><ele>73.75</ele></trkpt>
   <trkpt lat="50.314025" lon="7.588042"><ele>81.75</ele></trkpt>
   <trkpt lat="50.314246" lon="7.587999"><ele>84</ele></trkpt>
   <trkpt lat="50.314673" lon="7.587936"><ele>85</ele></trkpt>
   <trkpt lat="50.315264" lon="7.587874"><ele>85.25</ele></trkpt>
   <trkpt lat="50.315873" lon="7.587818"><ele>84.25</ele></trkpt>
   <trkpt lat="50.316537" lon="7.587736"><ele>86.25</ele></trkpt>
   <trkpt lat="50.317175" lon="7.587622"><ele>88.25</ele></trkpt>
   <trkpt lat="50.317839" lon="7.587469"><ele>90.25</ele></trkpt>
   <trkpt lat="50.318587" lon="7.587283"><ele>88.5</ele></trkpt>
   <trkpt lat="50.318941" lon="7.587216"><ele>83.75</ele></trkpt>
   <trkpt lat="50.319394" lon="7.587154"><ele>79.25</ele></trkpt>
   <trkpt lat="50.321304" lon="7.58667"><ele>70.75</ele></trkpt>
   <trkpt lat="50.322368" lon="7.586387"><ele>74.5</ele></trkpt>
   <trkpt lat="50.323029" lon="7.586192"><ele>77</ele></trkpt>
   <trkpt lat="50.325023" lon="7.58557"><ele>75.75</ele></trkpt>
   <trkpt lat="50.326011" lon="7.585247"><ele>76</ele></trkpt>
   <trkpt lat="50.326271" lon="7.585142"><ele>75.75</ele></trkpt>
   <trkpt lat="50.326521" lon="7.585025"><ele>75.25</ele></trkpt>
   <trkpt lat="50.327737" lon="7.584628"><ele>84.5</ele></trkpt>
   <trkpt lat="50.328747" lon="7.584337"><ele>88</ele></trkpt>
   <trkpt lat="50.329835" lon="7.584077"><ele>89.25</ele></trkpt>
   <trkpt lat="50.330317" lon="7.583963"><ele>86.5</ele></trkpt>
   <trkpt lat="50.330925" lon="7.583837"><ele>80.25</ele></trkpt>
   <trkpt lat="50.331232" lon="7.583783"><ele>77.75</ele></trkpt>
   <trkpt lat="50.331616" lon="7.58373"><ele>74</ele></trkpt>
   <trkpt lat="50.331963" lon="7.583699"><ele>74.75</ele></trkpt>
   <trkpt lat="50.332385" lon="7.583684"><ele>76.75</ele></trkpt>
   <trkpt lat="50.333466" lon="7.583712"><ele>76</ele></trkpt>
   <trkpt lat="50.334308" lon="7.583766"><ele>74.5</ele></trkpt>
   <trkpt lat="50.335974" lon="7.583866"><ele>75.5</ele></trkpt>
   <trkpt lat="50.336436" lon="7.58392"><ele>76</ele></trkpt>
   <trkpt lat="50.336772" lon="7.583976"><ele>76</ele></trkpt>
   <trkpt lat="50.337272" lon="7.584098"><ele>75.25</ele></trkpt>
   <trkpt lat="50.337674" lon="7.584232"><ele>74.75</ele></trkpt>
   <trkpt lat="50.337989" lon="7.584356"><ele>74.5</ele></trkpt>
   <trkpt lat="50.338498" lon="7.584598"><ele>74.25</ele></trkpt>
   <trkpt lat="50.338835" lon="7.584769"><ele>73.5</ele></trkpt>
   <trkpt lat="50.340025" lon="7.585386"><ele>72</ele></trkpt>
   <trkpt lat="50.340791" lon="7.585778"><ele>75.75</ele></trkpt>
   <trkpt lat="50.341092" lon="7.585918"><ele>75</ele></trkpt>
   <trkpt lat="50.341399" lon="7.586046"><ele>74.5</ele></trkpt>
   <trkpt lat="50.341888" lon="7.586221"><ele>75</ele></trkpt>
   <trkpt lat="50.343662" lon="7.586772"><ele>75.25</ele></trkpt>
   <trkpt lat="50.344298" lon="7.586969"><ele>75.75</ele></trkpt>
   <trkpt lat="50.344881" lon="7.587151"><ele>75.5</ele></trkpt>
   <trkpt lat="50.345119" lon="7.587222"><ele>75.25</ele></trkpt>
   <trkpt lat="50.345303" lon="7.587278"><ele>75</ele></trkpt>
   <trkpt lat="50.345598" lon="7.58737"><ele>74.25</ele></trkpt>
   <trkpt lat="50.34603" lon="7.587449"><ele>73.75</ele></trkpt>
   <trkpt lat="50.346375" lon="7.58755"><ele>74</ele></trkpt>
   <trkpt lat="50.346421" lon="7.587563"><ele>74</ele></trkpt>
   <trkpt lat="50.346638" lon="7.587614"><ele>74</ele></trkpt>
   <trkpt lat="50.347587" lon="7.587786"><ele>77</ele></trkpt>
   <trkpt lat="50.347768" lon="7.587823"><ele>77</ele></trkpt>
   <trkpt lat="50.347954" lon="7.587861"><ele>77</ele></trkpt>
   <trkpt lat="50.34814" lon="7.587899"><ele>77</ele></trkpt>
   <trkpt lat="50.348289" lon="7.587918"><ele>76.75</ele></trkpt>
   <trkpt lat="50.348612" lon="7.587929"><ele>77.25</ele></trkpt>
   <trkpt lat="50.349557" lon="7.588118"><ele>77.75</ele></trkpt>
   <trkpt lat="50.349704" lon="7.58814"><ele>78</ele></trkpt>
   <trkpt lat="50.350086" lon="7.588174"><ele>78.5</ele></trkpt>
   <trkpt lat="50.350976" lon="7.588335"><ele>77.5</ele></trkpt>
   <trkpt lat="50.351169" lon="7.588381"><ele>77</ele></trkpt>
   <trkpt lat="50.351353" lon="7.588417"><ele>75.75</ele></trkpt>
   <trkpt lat="50.351718" lon="7.58849"><ele>75.75</ele></trkpt>
   <trkpt lat="50.35201" lon="7.588549"><ele>75.5</ele></trkpt>
   <trkpt lat="50.352371" lon="7.58862"><ele>75</ele></trkpt>
   <trkpt lat="50.352914" lon="7.588827"><ele>74.75</ele></trkpt>
   <trkpt lat="50.353429" lon="7.589021"><ele>74.75</ele></trkpt>
   <trkpt lat="50.353434" lon="7.589023"><ele>74.75</ele></trkpt>
   <trkpt lat="50.353872" lon="7.58919"><ele>75</ele></trkpt>
   <trkpt lat="50.354159" lon="7.589299"><ele>75</ele></trkpt>
   <trkpt lat="50.354239" lon="7.589322"><ele>75</ele></trkpt>
   <trkpt lat="50.354363" lon="7.589353"><ele>75</ele></trkpt>
   <trkpt lat="50.354444" lon="7.589369"><ele>75.25</ele></trkpt>
   <trkpt lat="50.354582" lon="7.589396"><ele>75.25</ele></trkpt>
   <trkpt lat="50.354685" lon="7.589418"><ele>75.25</ele></trkpt>
   <trkpt lat="50.354982" lon="7.589478"><ele>75.25</ele></trkpt>
   <trkpt lat="50.3552" lon="7.589506"><ele>75.5</ele></trkpt>
   <trkpt lat="50.355474" lon="7.589517"><ele>75.75</ele></trkpt>
   <trkpt lat="50.355621" lon="7.589541"><ele>76</ele></trkpt>
   <trkpt lat="50.355642" lon="7.589545"><ele>76</ele></trkpt>
   <trkpt lat="50.356502" lon="7.589716"><ele>74.25</ele></trkpt>
   <trkpt lat="50.356537" lon="7.589723"><ele>74</ele></trkpt>
   <trkpt lat="50.356872" lon="7.589796"><ele>73.5</ele></trkpt>
   <trkpt lat="50.357119" lon="7.589826"><ele>73.5</ele></trkpt>
   <trkpt lat="50.357322" lon="7.58983"><ele>73.5</ele></trkpt>
   <trkpt lat="50.357442" lon="7.589835"><ele>73.5</ele></trkpt>
   <trkpt lat="50.35772" lon="7.589848"><ele>74.25</ele></trkpt>
   <trkpt lat="50.358347" lon="7.589928"><ele>76.5</ele></trkpt>
   <trkpt lat="50.358568" lon="7.589947"><ele>76.25</ele></trkpt>
   <trkpt lat="50.358934" lon="7.589955"><ele>75.25</ele></trkpt>
   <trkpt lat="50.360216" lon="7.589952"><ele>72.5</ele></trkpt>
   <trkpt lat="50.360755" lon="7.589977"><ele>71</ele></trkpt>
   <trkpt lat="50.360828" lon="7.589986"><ele>70.75</ele></trkpt>
   <trkpt lat="50.361264" lon="7.590044"><ele>72.5</ele></trkpt>
   <trkpt lat="50.361688" lon="7.590119"><ele>73.5</ele></trkpt>
   <trkpt lat="50.362471" lon="7.590266"><ele>71.5</ele></trkpt>
   <trkpt lat="50.364122" lon="7.590564"><ele>67.75</ele></trkpt>
   <trkpt lat="50.364852" lon="7.59069"><ele>66.25</ele></trkpt>
   <trkpt lat="50.365291" lon="7.590765"><ele>65.25</ele></trkpt>
   <trkpt lat="50.365376" lon="7.590786"><ele>65.25</ele></trkpt>
   <trkpt lat="50.365943" lon="7.590902"><ele>68.5</ele></trkpt>
   <trkpt lat="50.366178" lon="7.590974"><ele>69.75</ele></trkpt>
   <trkpt lat="50.366231" lon="7.590992"><ele>70</ele></trkpt>
   <trkpt lat="50.366373" lon="7.59104"><ele>70.5</ele></trkpt>
   <trkpt lat="50.366618" lon="7.591121"><ele>71.75</ele></trkpt>
   <trkpt lat="50.367143" lon="7.591255"><ele>72.5</ele></trkpt>
   <trkpt lat="50.367458" lon="7.591355"><ele>72.5</ele></trkpt>
   <trkpt lat="50.367591" lon="7.591411"><ele>72.5</ele></trkpt>
   <trkpt lat="50.36783" lon="7.591515"><ele>72.25</ele></trkpt>
   <trkpt lat="50.368219" lon="7.591734"><ele>72</ele></trkpt>
   <trkpt lat="50.370235" lon="7.592975"><ele>73.75</ele></trkpt>
   <trkpt lat="50.370457" lon="7.593095"><ele>73.75</ele></trkpt>
   <trkpt lat="50.370801" lon="7.593255"><ele>73.5</ele></trkpt>
   <trkpt lat="50.371134" lon="7.593367"><ele>72.5</ele></trkpt>
   <trkpt lat="50.371466" lon="7.593441"><ele>72</ele></trkpt>
   <trkpt lat="50.371821" lon="7.593474"><ele>71.75</ele></trkpt>
   <trkpt lat="50.372185" lon="7.593469"><ele>71.25</ele></trkpt>
   <trkpt lat="50.372837" lon="7.59341"><ele>71.25</ele></trkpt>
   <trkpt lat="50.373755" lon="7.593312"><ele>71.5</ele></trkpt>
   <trkpt lat="50.374017" lon="7.593259"><ele>71.5</ele></trkpt>
   <trkpt lat="50.3742" lon="7.593207"><ele>71.75</ele></trkpt>
   <trkpt lat="50.374272" lon="7.593182"><ele>71.75</ele></trkpt>
   <trkpt lat="50.374302" lon="7.593172"><ele>72</ele></trkpt>
   <trkpt lat="50.374309" lon="7.593169"><ele>72</ele></trkpt>
   <trkpt lat="50.374897" lon="7.592918"><ele>73.25</ele></trkpt>
   <trkpt lat="50.375228" lon="7.592757"><ele>73.5</ele></trkpt>
   <trkpt lat="50.375375" lon="7.592675"><ele>73.5</ele></trkpt>
   <trkpt lat="50.375666" lon="7.592494"><ele>73.25</ele></trkpt>
   <trkpt lat="50.375882" lon="7.592339"><ele>72.75</ele></trkpt>
   <trkpt lat="50.375985" lon="7.592253"><ele>72.5</ele></trkpt>
   <trkpt lat="50.376269" lon="7.592018"><ele>71.75</ele></trkpt>
   <trkpt lat="50.376479" lon="7.591825"><ele>71.25</ele></trkpt>
   <trkpt lat="50.376679" lon="7.591628"><ele>71</ele></trkpt>
   <trkpt lat="50.376981" lon="7.591287"><ele>71.5</ele></trkpt>
   <trkpt lat="50.377228" lon="7.590966"><ele>72</ele></trkpt>
   <trkpt lat="50.37747" lon="7.590608"><ele>72</ele></trkpt>
   <trkpt lat="50.377617" lon="7.590368"><ele>71.75</ele></trkpt>
   <trkpt lat="50.377759" lon="7.590106"><ele>71.5</ele></trkpt>
   <trkpt lat="50.37791" lon="7.589815"><ele>71.5</ele></trkpt>
   <trkpt lat="50.37805" lon="7.589514"><ele>71.25</ele></trkpt>
   <trkpt lat="50.378314" lon="7.588878"><ele>71</ele></trkpt>
   <trkpt lat="50.378563" lon="7.588223"><ele>70.75</ele></trkpt>
   <trkpt lat="50.380856" lon="7.582047"><ele>69.75</ele></trkpt>
   <trkpt lat="50.382791" lon="7.576837"><ele>72</ele></trkpt>
   <trkpt lat="50.383361" lon="7.575328"><ele>71</ele></trkpt>
   <trkpt lat="50.383405" lon="7.575212"><ele>71</ele></trkpt>
   <trkpt lat="50.383626" lon="7.57465"><ele>70.5</ele></trkpt>
   <trkpt lat="50.383746" lon="7.574395"><ele>70.25</ele></trkpt>
   <trkpt lat="50.384045" lon="7.573585"><ele>69.25</ele></trkpt>
   <trkpt lat="50.384148" lon="7.573296"><ele>69</ele></trkpt>
   <trkpt lat="50.38427" lon="7.572953"><ele>68.75</ele></trkpt>
   <trkpt lat="50.384556" lon="7.572166"><ele>68</ele></trkpt>
   <trkpt lat="50.384871" lon="7.571259"><ele>68.5</ele></trkpt>
   <trkpt lat="50.385041" lon="7.570779"><ele>70</ele></trkpt>
   <trkpt lat="50.386865" lon="7.565626"><ele>71</ele></trkpt>
   <trkpt lat="50.38734" lon="7.564282"><ele>71</ele></trkpt>
   <trkpt lat="50.387511" lon="7.563795"><ele>70.5</ele></trkpt>
   <trkpt lat="50.387625" lon="7.563466"><ele>70</ele></trkpt>
   <trkpt lat="50.388186" lon="7.561801"><ele>73.75</ele></trkpt>
   <trkpt lat="50.388304" lon="7.561472"><ele>74.25</ele></trkpt>
   <trkpt lat="50.388504" lon="7.560968"><ele>74.75</ele></trkpt>
   <trkpt lat="50.388615" lon="7.560722"><ele>74.75</ele></trkpt>
   <trkpt lat="50.388801" lon="7.560349"><ele>74.25</ele></trkpt>
   <trkpt lat="50.389003" lon="7.560001"><ele>73.75</ele></trkpt>
   <trkpt lat="50.389226" lon="7.559661"><ele>73.25</ele></trkpt>
   <trkpt lat="50.389422" lon="7.5594"><ele>73</ele></trkpt>
   <trkpt lat="50.389635" lon="7.559137"><ele>73</ele></trkpt>
   <trkpt lat="50.389814" lon="7.558931"><ele>73</ele></trkpt>
   <trkpt lat="50.393073" lon="7.555265"><ele>70</ele></trkpt>
   <trkpt lat="50.394982" lon="7.55311"><ele>68.75</ele></trkpt>
   <trkpt lat="50.395623" lon="7.552386"><ele>68.5</ele></trkpt>
   <trkpt lat="50.396108" lon="7.55184"><ele>69.25</ele></trkpt>
   <trkpt lat="50.396308" lon="7.551614"><ele>69.5</ele></trkpt>
   <trkpt lat="50.396424" lon="7.551483"><ele>69.75</ele></trkpt>
   <trkpt lat="50.396702" lon="7.551164"><ele>69.75</ele></trkpt>
   <trkpt lat="50.39774" lon="7.549998"><ele>70.5</ele></trkpt>
   <trkpt lat="50.398345" lon="7.549314"><ele>69</ele></trkpt>
   <trkpt lat="50.399917" lon="7.54754"><ele>68</ele></trkpt>
   <trkpt lat="50.401227" lon="7.546091"><ele>68.5</ele></trkpt>
   <trkpt lat="50.402408" lon="7.544751"><ele>68.5</ele></trkpt>
   <trkpt lat="50.402626" lon="7.54451"><ele>68.5</ele></trkpt>
   <trkpt lat="50.402756" lon="7.544368"><ele>68.5</ele></trkpt>
   <trkpt lat="50.405155" lon="7.541645"><ele>66.75</ele></trkpt>
   <trkpt lat="50.405358" lon="7.541414"><ele>66.75</ele></trkpt>
   <trkpt lat="50.405582" lon="7.54116"><ele>66.75</ele></trkpt>
   <trkpt lat="50.405758" lon="7.54096"><ele>66.75</ele></trkpt>
   <trkpt lat="50.406195" lon="7.540463"><ele>67.75</ele></trkpt>
   <trkpt lat="50.408912" lon="7.537405"><ele>68</ele></trkpt>
   <trkpt lat="50.413598" lon="7.532101"><ele>68</ele></trkpt>
   <trkpt lat="50.415009" lon="7.530502"><ele>68</ele></trkpt>
   <trkpt lat="50.415719" lon="7.529714"><ele>68</ele></trkpt>
   <trkpt lat="50.416158" lon="7.529295"><ele>67.5</ele></trkpt>
   <trkpt lat="50.41661" lon="7.528965"><ele>67.25</ele></trkpt>
   <trkpt lat="50.416815" lon="7.528827"><ele>67.25</ele></trkpt>
   <trkpt lat="50.417367" lon="7.528503"><ele>67.5</ele></trkpt>
   <trkpt lat="50.417565" lon="7.528406"><ele>67.75</ele></trkpt>
   <trkpt lat="50.41867" lon="7.52788"><ele>67.5</ele></trkpt>
   <trkpt lat="50.419364" lon="7.52755"><ele>65.25</ele></trkpt>
   <trkpt lat="50.419398" lon="7.527534"><ele>65</ele></trkpt>
   <trkpt lat="50.424128" lon="7.525289"><ele>63.25</ele></trkpt>
   <trkpt lat="50.424431" lon="7.525146"><ele>63</ele></trkpt>
   <trkpt lat="50.424722" lon="7.524997"><ele>63.25</ele></trkpt>
   <trkpt lat="50.425016" lon="7.524864"><ele>63.5</ele></trkpt>
   <trkpt lat="50.42581" lon="7.52449"><ele>63.5</ele></trkpt>
   <trkpt lat="50.426602" lon="7.524104"><ele>64.75</ele></trkpt>
   <trkpt lat="50.427003" lon="7.523915"><ele>66.25</ele></trkpt>
   <trkpt lat="50.427975" lon="7.523465"><ele>69.25</ele></trkpt>
   <trkpt lat="50.42823" lon="7.523351"><ele>69.75</ele></trkpt>
   <trkpt lat="50.428887" lon="7.523026"><ele>70.5</ele></trkpt>
   <trkpt lat="50.429455" lon="7.522755"><ele>72</ele></trkpt>
   <trkpt lat="50.429747" lon="7.522572"><ele>72.5</ele></trkpt>
   <trkpt lat="50.429944" lon="7.522416"><ele>73</ele></trkpt>
   <trkpt lat="50.430166" lon="7.522238"><ele>72.75</ele></trkpt>
   <trkpt lat="50.430362" lon="7.522045"><ele>72.5</ele></trkpt>
   <trkpt lat="50.430719" lon="7.521626"><ele>72</ele></trkpt>
   <trkpt lat="50.430826" lon="7.521485"><ele>71.5</ele></trkpt>
   <trkpt lat="50.431174" lon="7.520978"><ele>69.5</ele></trkpt>
   <trkpt lat="50.431317" lon="7.520713"><ele>69.25</ele></trkpt>
   <trkpt lat="50.431461" lon="7.520403"><ele>69</ele></trkpt>
   <trkpt lat="50.431594" lon="7.520096"><ele>69</ele></trkpt>
   <trkpt lat="50.431727" lon="7.519775"><ele>69.25</ele></trkpt>
   <trkpt lat="50.431824" lon="7.51951"><ele>69.5</ele></trkpt>
   <trkpt lat="50.431926" lon="7.519201"><ele>69.75</ele></trkpt>
   <trkpt lat="50.431986" lon="7.518979"><ele>70</ele></trkpt>
   <trkpt lat="50.431998" lon="7.518937"><ele>70</ele></trkpt>
   <trkpt lat="50.432118" lon="7.518419"><ele>70</ele></trkpt>
   <trkpt lat="50.432174" lon="7.518102"><ele>70</ele></trkpt>
   <trkpt lat="50.432287" lon="7.517357"><ele>70</ele></trkpt>
   <trkpt lat="50.432375" lon="7.516694"><ele>70</ele></trkpt>
   <trkpt lat="50.432398" lon="7.516497"><ele>70</ele></trkpt>
   <trkpt lat="50.432438" lon="7.516203"><ele>70.5</ele></trkpt>
   <trkpt lat="50.432861" lon="7.512398"><ele>69</ele></trkpt>
   <trkpt lat="50.433061" lon="7.510732"><ele>69.25</ele></trkpt>
   <trkpt lat="50.433163" lon="7.509572"><ele>69</ele></trkpt>
   <trkpt lat="50.433238" lon="7.50839"><ele>69</ele></trkpt>
   <trkpt lat="50.433247" lon="7.507567"><ele>68.75</ele></trkpt>
   <trkpt lat="50.43325" lon="7.506549"><ele>68.75</ele></trkpt>
   <trkpt lat="50.433236" lon="7.505498"><ele>68.75</ele></trkpt>
   <trkpt lat="50.433197" lon="7.504529"><ele>68</ele></trkpt>
   <trkpt lat="50.433184" lon="7.504334"><ele>67.75</ele></trkpt>
   <trkpt lat="50.433137" lon="7.503503"><ele>67.75</ele></trkpt>
   <trkpt lat="50.433054" lon="7.502649"><ele>67.75</ele></trkpt>
   <trkpt lat="50.432947" lon="7.501725"><ele>68</ele></trkpt>
   <trkpt lat="50.432704" lon="7.499983"><ele>69.25</ele></trkpt>
   <trkpt lat="50.432219" lon="7.496524"><ele>67.25</ele></trkpt>
   <trkpt lat="50.432148" lon="7.49609"><ele>66.75</ele></trkpt>
   <trkpt lat="50.432022" lon="7.495396"><ele>66.25</ele></trkpt>
   <trkpt lat="50.431894" lon="7.494573"><ele>66.5</ele></trkpt>
   <trkpt lat="50.431871" lon="7.494383"><ele>66.75</ele></trkpt>
   <trkpt lat="50.431697" lon="7.493313"><ele>67.75</ele></trkpt>
   <trkpt lat="50.43166" lon="7.493007"><ele>67.5</ele></trkpt>
   <trkpt lat="50.431469" lon="7.491524"><ele>65.75</ele></trkpt>
   <trkpt lat="50.431437" lon="7.491305"><ele>65.75</ele></trkpt>
   <trkpt lat="50.431196" lon="7.489413"><ele>67</ele></trkpt>
   <trkpt lat="50.431082" lon="7.488528"><ele>68</ele></trkpt>
   <trkpt lat="50.430713" lon="7.485635"><ele>66.75</ele></trkpt>
   <trkpt lat="50.430547" lon="7.484329"><ele>65.5</ele></trkpt>
   <trkpt lat="50.430487" lon="7.483531"><ele>64.75</ele></trkpt>
   <trkpt lat="50.43047" lon="7.48308"><ele>65</ele></trkpt>
   <trkpt lat="50.430463" lon="7.482146"><ele>66</ele></trkpt>
   <trkpt lat="50.430487" lon="7.481663"><ele>66.25</ele></trkpt>
   <trkpt lat="50.430518" lon="7.481166"><ele>66</ele></trkpt>
   <trkpt lat="50.430577" lon="7.480507"><ele>66</ele></trkpt>
   <trkpt lat="50.430694" lon="7.479389"><ele>66</ele></trkpt>
   <trkpt lat="50.430742" lon="7.478954"><ele>66</ele></trkpt>
   <trkpt lat="50.430865" lon="7.478153"><ele>66</ele></trkpt>
   <trkpt lat="50.43089" lon="7.477897"><ele>66.5</ele></trkpt>
   <trkpt lat="50.431385" lon="7.47331"><ele>67.25</ele></trkpt>
   <trkpt lat="50.431387" lon="7.473286"><ele>69.5</ele></trkpt>
   <trkpt lat="50.431866" lon="7.46878"><ele>69.5</ele></trkpt>
   <trkpt lat="50.431941" lon="7.468125"><ele>69</ele></trkpt>
   <trkpt lat="50.431993" lon="7.467583"><ele>68.25</ele></trkpt>
   <trkpt lat="50.432012" lon="7.46741"><ele>68</ele></trkpt>
   <trkpt lat="50.432038" lon="7.46718"><ele>67.75</ele></trkpt>
   <trkpt lat="50.4321" lon="7.466678"><ele>67.25</ele></trkpt>
   <trkpt lat="50.432168" lon="7.466223"><ele>67.25</ele></trkpt>
   <trkpt lat="50.432255" lon="7.465736"><ele>67</ele></trkpt>
   <trkpt lat="50.43237" lon="7.465235"><ele>66.5</ele></trkpt>
   <trkpt lat="50.432422" lon="7.465037"><ele>66.25</ele></trkpt>
   <trkpt lat="50.432558" lon="7.464552"><ele>64.75</ele></trkpt>
   <trkpt lat="50.432688" lon="7.464157"><ele>63.75</ele></trkpt>
   <trkpt lat="50.432971" lon="7.463389"><ele>62.5</ele></trkpt>
   <trkpt lat="50.433105" lon="7.463059"><ele>62</ele></trkpt>
   <trkpt lat="50.433472" lon="7.462167"><ele>61.25</ele></trkpt>
   <trkpt lat="50.43365" lon="7.461733"><ele>61.25</ele></trkpt>
   <trkpt lat="50.433691" lon="7.461631"><ele>61.25</ele></trkpt>
   <trkpt lat="50.433831" lon="7.461297"><ele>61.75</ele></trkpt>
   <trkpt lat="50.434262" lon="7.460282"><ele>61.75</ele></trkpt>
   <trkpt lat="50.434512" lon="7.459666"><ele>61.5</ele></trkpt>
   <trkpt lat="50.435129" lon="7.458177"><ele>62.75</ele></trkpt>
   <trkpt lat="50.435218" lon="7.457976"><ele>62.75</ele></trkpt>
   <trkpt lat="50.435343" lon="7.457673"><ele>62.5</ele></trkpt>
   <trkpt lat="50.43861" lon="7.449795"><ele>64.5</ele></trkpt>
   <trkpt lat="50.438701" lon="7.449585"><ele>65.25</ele></trkpt>
   <trkpt lat="50.439044" lon="7.448769"><ele>66.25</ele></trkpt>
   <trkpt lat="50.439111" lon="7.448607"><ele>66</ele></trkpt>
   <trkpt lat="50.4401" lon="7.446216"><ele>63</ele></trkpt>
   <trkpt lat="50.440261" lon="7.445886"><ele>62</ele></trkpt>
   <trkpt lat="50.440363" lon="7.445684"><ele>61.5</ele></trkpt>
   <trkpt lat="50.440498" lon="7.445416"><ele>61.25</ele></trkpt>
   <trkpt lat="50.440579" lon="7.445248"><ele>61.25</ele></trkpt>
   <trkpt lat="50.440988" lon="7.444522"><ele>61</ele></trkpt>
   <trkpt lat="50.441086" lon="7.444345"><ele>61</ele></trkpt>
   <trkpt lat="50.44169" lon="7.443345"><ele>60</ele></trkpt>
   <trkpt lat="50.442367" lon="7.442221"><ele>62</ele></trkpt>
   <trkpt lat="50.442414" lon="7.442136"><ele>62</ele></trkpt>
   <trkpt lat="50.442465" lon="7.442049"><ele>62.25</ele></trkpt>
   <trkpt lat="50.442801" lon="7.441451"><ele>62.25</ele></trkpt>
   <trkpt lat="50.443014" lon="7.44105"><ele>62</ele></trkpt>
   <trkpt lat="50.443557" lon="7.439919"><ele>62.5</ele></trkpt>
   <trkpt lat="50.444301" lon="7.438055"><ele>62.25</ele></trkpt>
   <trkpt lat="50.444615" lon="7.437135"><ele>62.5</ele></trkpt>
   <trkpt lat="50.444801" lon="7.436496"><ele>62.25</ele></trkpt>
   <trkpt lat="50.445096" lon="7.435362"><ele>60.25</ele></trkpt>
   <trkpt lat="50.445323" lon="7.434337"><ele>61</ele></trkpt>
   <trkpt lat="50.445573" lon="7.433175"><ele>62.75</ele></trkpt>
   <trkpt lat="50.445581" lon="7.433144"><ele>62.75</ele></trkpt>
   <trkpt lat="50.44564" lon="7.432885"><ele>62.75</ele></trkpt>
   <trkpt lat="50.445722" lon="7.43249"><ele>62.25</ele></trkpt>
   <trkpt lat="50.44591" lon="7.431465"><ele>62.25</ele></trkpt>
   <trkpt lat="50.446016" lon="7.430587"><ele>62.5</ele></trkpt>
   <trkpt lat="50.4461" lon="7.429381"><ele>62.5</ele></trkpt>
   <trkpt lat="50.446111" lon="7.428925"><ele>62.5</ele></trkpt>
   <trkpt lat="50.446099" lon="7.428335"><ele>62</ele></trkpt>
   <trkpt lat="50.446046" lon="7.427748"><ele>63.5</ele></trkpt>
   <trkpt lat="50.445872" lon="7.426425"><ele>65.5</ele></trkpt>
   <trkpt lat="50.445822" lon="7.425846"><ele>66.75</ele></trkpt>
   <trkpt lat="50.445787" lon="7.424895"><ele>69</ele></trkpt>
   <trkpt lat="50.445789" lon="7.424432"><ele>68</ele></trkpt>
   <trkpt lat="50.445776" lon="7.423856"><ele>67</ele></trkpt>
   <trkpt lat="50.445772" lon="7.423757"><ele>66.75</ele></trkpt>
   <trkpt lat="50.44577" lon="7.423712"><ele>66.75</ele></trkpt>
   <trkpt lat="50.445725" lon="7.422971"><ele>66.5</ele></trkpt>
   <trkpt lat="50.445623" lon="7.421737"><ele>67</ele></trkpt>
   <trkpt lat="50.445469" lon="7.419715"><ele>65.75</ele></trkpt>
   <trkpt lat="50.445441" lon="7.41905"><ele>64.5</ele></trkpt>
   <trkpt lat="50.445439" lon="7.417773"><ele>63.5</ele></trkpt>
   <trkpt lat="50.445433" lon="7.416196"><ele>63</ele></trkpt>
   <trkpt lat="50.44542" lon="7.414772"><ele>62.25</ele></trkpt>
   <trkpt lat="50.445408" lon="7.414124"><ele>62.75</ele></trkpt>
   <trkpt lat="50.445391" lon="7.413727"><ele>63</ele></trkpt>
   <trkpt lat="50.445357" lon="7.413322"><ele>63</ele></trkpt>
   <trkpt lat="50.445282" lon="7.412742"><ele>65.5</ele></trkpt>
   <trkpt lat="50.445214" lon="7.412324"><ele>66.25</ele></trkpt>
   <trkpt lat="50.445002" lon="7.411242"><ele>67.5</ele></trkpt>
   <trkpt lat="50.444887" lon="7.410668"><ele>71.25</ele></trkpt>
   <trkpt lat="50.444709" lon="7.409657"><ele>73.75</ele></trkpt>
   <trkpt lat="50.44465" lon="7.409257"><ele>74.25</ele></trkpt>
   <trkpt lat="50.444574" lon="7.40852"><ele>75.5</ele></trkpt>
   <trkpt lat="50.444551" lon="7.408097"><ele>76.25</ele></trkpt>
   <trkpt lat="50.444529" lon="7.407658"><ele>76.75</ele></trkpt>
   <trkpt lat="50.444523" lon="7.407039"><ele>78</ele></trkpt>
   <trkpt lat="50.444516" lon="7.406222"><ele>77</ele></trkpt>
   <trkpt lat="50.444601" lon="7.404237"><ele>74.75</ele></trkpt>
   <trkpt lat="50.444703" lon="7.402735"><ele>74.25</ele></trkpt>
   <trkpt lat="50.444807" lon="7.401593"><ele>73</ele></trkpt>
   <trkpt lat="50.444889" lon="7.40054"><ele>73.25</ele></trkpt>
   <trkpt lat="50.445001" lon="7.399287"><ele>71.5</ele></trkpt>
   <trkpt lat="50.44508" lon="7.398507"><ele>72</ele></trkpt>
   <trkpt lat="50.445181" lon="7.397823"><ele>72.25</ele></trkpt>
   <trkpt lat="50.445259" lon="7.397425"><ele>73</ele></trkpt>
   <trkpt lat="50.44537" lon="7.39693"><ele>74.25</ele></trkpt>
   <trkpt lat="50.445484" lon="7.396483"><ele>75.25</ele></trkpt>
   <trkpt lat="50.445621" lon="7.396039"><ele>75.25</ele></trkpt>
   <trkpt lat="50.445777" lon="7.395606"><ele>73.25</ele></trkpt>
   <trkpt lat="50.445982" lon="7.395098"><ele>69.25</ele></trkpt>
   <trkpt lat="50.446197" lon="7.394654"><ele>69</ele></trkpt>
   <trkpt lat="50.446418" lon="7.394239"><ele>69.25</ele></trkpt>
   <trkpt lat="50.446494" lon="7.394114"><ele>69.25</ele></trkpt>
   <trkpt lat="50.446575" lon="7.393984"><ele>69</ele></trkpt>
   <trkpt lat="50.446704" lon="7.39377"><ele>68.5</ele></trkpt>
   <trkpt lat="50.446814" lon="7.393605"><ele>68.25</ele></trkpt>
   <trkpt lat="50.447568" lon="7.392484"><ele>68</ele></trkpt>
   <trkpt lat="50.447638" lon="7.39237"><ele>68.75</ele></trkpt>
   <trkpt lat="50.448105" lon="7.391608"><ele>65.25</ele></trkpt>
   <trkpt lat="50.448455" lon="7.391026"><ele>66.75</ele></trkpt>
   <trkpt lat="50.448914" lon="7.390264"><ele>66.5</ele></trkpt>
   <trkpt lat="50.449272" lon="7.389712"><ele>64.5</ele></trkpt>
   <trkpt lat="50.449521" lon="7.389281"><ele>65.25</ele></trkpt>
   <trkpt lat="50.449742" lon="7.388882"><ele>65.25</ele></trkpt>
   <trkpt lat="50.450631" lon="7.387155"><ele>65.5</ele></trkpt>
   <trkpt lat="50.451658" lon="7.385168"><ele>66</ele></trkpt>
   <trkpt lat="50.451728" lon="7.385015"><ele>66.25</ele></trkpt>
   <trkpt lat="50.452634" lon="7.383247"><ele>65</ele></trkpt>
   <trkpt lat="50.452729" lon="7.383072"><ele>65</ele></trkpt>
   <trkpt lat="50.453428" lon="7.38178"><ele>64.25</ele></trkpt>
   <trkpt lat="50.453508" lon="7.38162"><ele>64</ele></trkpt>
   <trkpt lat="50.453987" lon="7.380674"><ele>62.5</ele></trkpt>
   <trkpt lat="50.454423" lon="7.379814"><ele>64</ele></trkpt>
   <trkpt lat="50.454826" lon="7.37904"><ele>65.5</ele></trkpt>
   <trkpt lat="50.455067" lon="7.378647"><ele>65.75</ele></trkpt>
   <trkpt lat="50.455238" lon="7.37837"><ele>65.75</ele></trkpt>
   <trkpt lat="50.456205" lon="7.376912"><ele>65</ele></trkpt>
   <trkpt lat="50.45773" lon="7.374618"><ele>65.75</ele></trkpt>
   <trkpt lat="50.458779" lon="7.373052"><ele>66</ele></trkpt>
   <trkpt lat="50.458854" lon="7.372943"><ele>66</ele></trkpt>
   <trkpt lat="50.459258" lon="7.372329"><ele>66.75</ele></trkpt>
   <trkpt lat="50.460316" lon="7.370726"><ele>64.75</ele></trkpt>
   <trkpt lat="50.46127" lon="7.369319"><ele>64.25</ele></trkpt>
   <trkpt lat="50.461369" lon="7.369169"><ele>64.25</ele></trkpt>
   <trkpt lat="50.462317" lon="7.367745"><ele>64.75</ele></trkpt>
   <trkpt lat="50.462913" lon="7.366834"><ele>64.5</ele></trkpt>
   <trkpt lat="50.464345" lon="7.364706"><ele>66.5</ele></trkpt>
   <trkpt lat="50.465237" lon="7.363459"><ele>65.5</ele></trkpt>
   <trkpt lat="50.465553" lon="7.363019"><ele>66.25</ele></trkpt>
   <trkpt lat="50.466246" lon="7.362099"><ele>68.75</ele></trkpt>
   <trkpt lat="50.466873" lon="7.361281"><ele>67.5</ele></trkpt>
   <trkpt lat="50.466933" lon="7.361201"><ele>68</ele></trkpt>
   <trkpt lat="50.467523" lon="7.360379"><ele>67.5</ele></trkpt>
   <trkpt lat="50.467532" lon="7.360366"><ele>67.5</ele></trkpt>
   <trkpt lat="50.468052" lon="7.359627"><ele>69.5</ele></trkpt>
   <trkpt lat="50.468212" lon="7.359376"><ele>70</ele></trkpt>
   <trkpt lat="50.468422" lon="7.359016"><ele>71</ele></trkpt>
   <trkpt lat="50.468598" lon="7.358692"><ele>72.25</ele></trkpt>
   <trkpt lat="50.468758" lon="7.358354"><ele>72.75</ele></trkpt>
   <trkpt lat="50.469047" lon="7.357718"><ele>74</ele></trkpt>
   <trkpt lat="50.469305" lon="7.357128"><ele>76.5</ele></trkpt>
   <trkpt lat="50.469569" lon="7.356549"><ele>79.75</ele></trkpt>
   <trkpt lat="50.46982" lon="7.356022"><ele>77.5</ele></trkpt>
   <trkpt lat="50.470089" lon="7.355576"><ele>73</ele></trkpt>
   <trkpt lat="50.470372" lon="7.355161"><ele>66.5</ele></trkpt>
   <trkpt lat="50.470588" lon="7.354887"><ele>62.75</ele></trkpt>
   <trkpt lat="50.471167" lon="7.354246"><ele>63</ele></trkpt>
   <trkpt lat="50.47227" lon="7.353122"><ele>58.25</ele></trkpt>
   <trkpt lat="50.472999" lon="7.352407"><ele>60</ele></trkpt>
   <trkpt lat="50.473527" lon="7.351875"><ele>60.25</ele></trkpt>
   <trkpt lat="50.473557" lon="7.351846"><ele>60</ele></trkpt>
   <trkpt lat="50.474965" lon="7.350398"><ele>57.75</ele></trkpt>
   <trkpt lat="50.474999" lon="7.350363"><ele>57.75</ele></trkpt>
   <trkpt lat="50.475482" lon="7.349838"><ele>58.5</ele></trkpt>
   <trkpt lat="50.476126" lon="7.349156"><ele>58.25</ele></trkpt>
   <trkpt lat="50.476475" lon="7.348769"><ele>57.5</ele></trkpt>
   <trkpt lat="50.476886" lon="7.348307"><ele>56.5</ele></trkpt>
   <trkpt lat="50.48025" lon="7.344331"><ele>58.75</ele></trkpt>
   <trkpt lat="50.481451" lon="7.342961"><ele>58.75</ele></trkpt>
   <trkpt lat="50.482204" lon="7.342141"><ele>65.25</ele></trkpt>
   <trkpt lat="50.482234" lon="7.342107"><ele>65.5</ele></trkpt>
   <trkpt lat="50.482267" lon="7.342071"><ele>65.5</ele></trkpt>
   <trkpt lat="50.48241" lon="7.341896"><ele>65.5</ele></trkpt>
   <trkpt lat="50.482718" lon="7.341505"><ele>70</ele></trkpt>
   <trkpt lat="50.482899" lon="7.341244"><ele>72.25</ele></trkpt>
   <trkpt lat="50.483133" lon="7.340847"><ele>71.5</ele></trkpt>
   <trkpt lat="50.483315" lon="7.340505"><ele>67.5</ele></trkpt>
   <trkpt lat="50.483437" lon="7.340253"><ele>68</ele></trkpt>
   <trkpt lat="50.483912" lon="7.339238"><ele>72.75</ele></trkpt>
   <trkpt lat="50.484113" lon="7.338845"><ele>68.5</ele></trkpt>
   <trkpt lat="50.484369" lon="7.338394"><ele>64.75</ele></trkpt>
   <trkpt lat="50.484579" lon="7.338068"><ele>67.75</ele></trkpt>
   <trkpt lat="50.484781" lon="7.337824"><ele>70.5</ele></trkpt>
   <trkpt lat="50.484953" lon="7.337615"><ele>71</ele></trkpt>
   <trkpt lat="50.485364" lon="7.337222"><ele>72.75</ele></trkpt>
   <trkpt lat="50.485394" lon="7.337193"><ele>72.75</ele></trkpt>
   <trkpt lat="50.485745" lon="7.336863"><ele>69.25</ele></trkpt>
   <trkpt lat="50.486013" lon="7.336579"><ele>66</ele></trkpt>
   <trkpt lat="50.486117" lon="7.336459"><ele>66.5</ele></trkpt>
   <trkpt lat="50.486402" lon="7.336179"><ele>67.25</ele></trkpt>
   <trkpt lat="50.486417" lon="7.336166"><ele>67.25</ele></trkpt>
   <trkpt lat="50.486466" lon="7.336122"><ele>67.5</ele></trkpt>
   <trkpt lat="50.486748" lon="7.335835"><ele>67.25</ele></trkpt>
   <trkpt lat="50.486892" lon="7.335667"><ele>67</ele></trkpt>
   <trkpt lat="50.487135" lon="7.335426"><ele>66</ele></trkpt>
   <trkpt lat="50.487798" lon="7.334793"><ele>62.25</ele></trkpt>
   <trkpt lat="50.488035" lon="7.334566"><ele>62.75</ele></trkpt>
   <trkpt lat="50.488988" lon="7.333678"><ele>63</ele></trkpt>
   <trkpt lat="50.489265" lon="7.333409"><ele>63.25</ele></trkpt>
   <trkpt lat="50.489566" lon="7.33313"><ele>62.25</ele></trkpt>
   <trkpt lat="50.489689" lon="7.333027"><ele>61.75</ele></trkpt>
   <trkpt lat="50.489815" lon="7.33292"><ele>61.75</ele></trkpt>
   <trkpt lat="50.489929" lon="7.332803"><ele>61.5</ele></trkpt>
   <trkpt lat="50.490277" lon="7.332488"><ele>61.5</ele></trkpt>
   <trkpt lat="50.491272" lon="7.331561"><ele>60.75</ele></trkpt>
   <trkpt lat="50.491313" lon="7.331524"><ele>60.75</ele></trkpt>
   <trkpt lat="50.491322" lon="7.331515"><ele>60.75</ele></trkpt>
   <trkpt lat="50.492053" lon="7.330816"><ele>60.75</ele></trkpt>
   <trkpt lat="50.492102" lon="7.33077"><ele>60.75</ele></trkpt>
   <trkpt lat="50.492402" lon="7.330505"><ele>60.5</ele></trkpt>
   <trkpt lat="50.492452" lon="7.330464"><ele>60.5</ele></trkpt>
   <trkpt lat="50.492862" lon="7.330106"><ele>60.75</ele></trkpt>
   <trkpt lat="50.493192" lon="7.329785"><ele>61.5</ele></trkpt>
   <trkpt lat="50.493807" lon="7.329191"><ele>61.25</ele></trkpt>
   <trkpt lat="50.493865" lon="7.329135"><ele>61.25</ele></trkpt>
   <trkpt lat="50.494249" lon="7.328754"><ele>60.5</ele></trkpt>
   <trkpt lat="50.495091" lon="7.327928"><ele>61.5</ele></trkpt>
   <trkpt lat="50.496493" lon="7.326589"><ele>62.25</ele></trkpt>
   <trkpt lat="50.497693" lon="7.325409"><ele>58.25</ele></trkpt>
   <trkpt lat="50.49773" lon="7.325368"><ele>58.25</ele></trkpt>
   <trkpt lat="50.498241" lon="7.324861"><ele>60</ele></trkpt>
   <trkpt lat="50.498989" lon="7.324184"><ele>62</ele></trkpt>
   <trkpt lat="50.499939" lon="7.323249"><ele>62.25</ele></trkpt>
   <trkpt lat="50.500658" lon="7.322619"><ele>61.5</ele></trkpt>
   <trkpt lat="50.502868" lon="7.320859"><ele>61.5</ele></trkpt>
   <trkpt lat="50.504118" lon="7.319851"><ele>63.5</ele></trkpt>
   <trkpt lat="50.504247" lon="7.319744"><ele>63.75</ele></trkpt>
   <trkpt lat="50.505176" lon="7.319024"><ele>65.75</ele></trkpt>
   <trkpt lat="50.505462" lon="7.318772"><ele>67.25</ele></trkpt>
   <trkpt lat="50.5057" lon="7.318539"><ele>68.75</ele></trkpt>
   <trkpt lat="50.50581" lon="7.318444"><ele>69.5</ele></trkpt>
   <trkpt lat="50.505979" lon="7.318303"><ele>69.5</ele></trkpt>
   <trkpt lat="50.506682" lon="7.317751"><ele>73</ele></trkpt>
   <trkpt lat="50.507057" lon="7.31744"><ele>74.5</ele></trkpt>
   <trkpt lat="50.507811" lon="7.316837"><ele>71.75</ele></trkpt>
   <trkpt lat="50.508141" lon="7.316561"><ele>68.25</ele></trkpt>
   <trkpt lat="50.508492" lon="7.316261"><ele>66</ele></trkpt>
   <trkpt lat="50.509112" lon="7.31569"><ele>62.25</ele></trkpt>
   <trkpt lat="50.509545" lon="7.315285"><ele>62</ele></trkpt>
   <trkpt lat="50.50965" lon="7.315184"><ele>62.25</ele></trkpt>
   <trkpt lat="50.510037" lon="7.31482"><ele>63</ele></trkpt>
   <trkpt lat="50.510475" lon="7.314384"><ele>63.75</ele></trkpt>
   <trkpt lat="50.510779" lon="7.314066"><ele>63.75</ele></trkpt>
   <trkpt lat="50.511353" lon="7.313443"><ele>63.75</ele></trkpt>
   <trkpt lat="50.511786" lon="7.31295"><ele>64</ele></trkpt>
   <trkpt lat="50.511999" lon="7.312725"><ele>64</ele></trkpt>
   <trkpt lat="50.512284" lon="7.312434"><ele>63.75</ele></trkpt>
   <trkpt lat="50.51314" lon="7.311457"><ele>63</ele></trkpt>
   <trkpt lat="50.513764" lon="7.310739"><ele>63.25</ele></trkpt>
   <trkpt lat="50.513933" lon="7.310542"><ele>63.25</ele></trkpt>
   <trkpt lat="50.515197" lon="7.309184"><ele>65</ele></trkpt>
   <trkpt lat="50.515806" lon="7.308517"><ele>64</ele></trkpt>
   <trkpt lat="50.515969" lon="7.308355"><ele>64</ele></trkpt>
   <trkpt lat="50.516602" lon="7.307643"><ele>64</ele></trkpt>
   <trkpt lat="50.516615" lon="7.307626"><ele>64</ele></trkpt>
   <trkpt lat="50.516705" lon="7.307525"><ele>64</ele></trkpt>
   <trkpt lat="50.519322" lon="7.304542"><ele>62.5</ele></trkpt>
   <trkpt lat="50.519407" lon="7.304441"><ele>62.25</ele></trkpt>
   <trkpt lat="50.520351" lon="7.303305"><ele>61.75</ele></trkpt>
   <trkpt lat="50.521289" lon="7.30216"><ele>63.25</ele></trkpt>
   <trkpt lat="50.523477" lon="7.299505"><ele>63</ele></trkpt>
   <trkpt lat="50.523753" lon="7.299213"><ele>62.75</ele></trkpt>
   <trkpt lat="50.524227" lon="7.298768"><ele>61.5</ele></trkpt>
   <trkpt lat="50.524379" lon="7.298635"><ele>61.5</ele></trkpt>
   <trkpt lat="50.524579" lon="7.298461"><ele>60.75</ele></trkpt>
   <trkpt lat="50.525184" lon="7.297998"><ele>59.75</ele></trkpt>
   <trkpt lat="50.529426" lon="7.295256"><ele>58.25</ele></trkpt>
   <trkpt lat="50.529632" lon="7.295122"><ele>59</ele></trkpt>
   <trkpt lat="50.529787" lon="7.295028"><ele>59.5</ele></trkpt>
   <trkpt lat="50.530505" lon="7.294586"><ele>60.5</ele></trkpt>
   <trkpt lat="50.531736" lon="7.293828"><ele>60.75</ele></trkpt>
   <trkpt lat="50.537141" lon="7.290902"><ele>71.75</ele></trkpt>
   <trkpt lat="50.537814" lon="7.290563"><ele>67</ele></trkpt>
   <trkpt lat="50.53858" lon="7.290258"><ele>62.75</ele></trkpt>
   <trkpt lat="50.539856" lon="7.289757"><ele>62</ele></trkpt>
   <trkpt lat="50.542219" lon="7.288816"><ele>59.5</ele></trkpt>
   <trkpt lat="50.542948" lon="7.288503"><ele>59.5</ele></trkpt>
   <trkpt lat="50.543675" lon="7.288132"><ele>57.5</ele></trkpt>
   <trkpt lat="50.544966" lon="7.287382"><ele>57.5</ele></trkpt>
   <trkpt lat="50.546248" lon="7.286652"><ele>59.25</ele></trkpt>
   <trkpt lat="50.546369" lon="7.286579"><ele>59.25</ele></trkpt>
   <trkpt lat="50.546783" lon="7.286321"><ele>59.25</ele></trkpt>
   <trkpt lat="50.547014" lon="7.286182"><ele>60</ele></trkpt>
   <trkpt lat="50.547632" lon="7.285768"><ele>61.5</ele></trkpt>
   <trkpt lat="50.548508" lon="7.285202"><ele>65.5</ele></trkpt>
   <trkpt lat="50.549128" lon="7.284801"><ele>66</ele></trkpt>
   <trkpt lat="50.549999" lon="7.284265"><ele>70.75</ele></trkpt>
   <trkpt lat="50.550454" lon="7.284032"><ele>69.75</ele></trkpt>
   <trkpt lat="50.550916" lon="7.283827"><ele>67.5</ele></trkpt>
   <trkpt lat="50.551316" lon="7.283675"><ele>66</ele></trkpt>
   <trkpt lat="50.551611" lon="7.28358"><ele>65</ele></trkpt>
   <trkpt lat="50.552009" lon="7.28347"><ele>64.75</ele></trkpt>
   <trkpt lat="50.552409" lon="7.283373"><ele>65.25</ele></trkpt>
   <trkpt lat="50.553496" lon="7.283135"><ele>68.5</ele></trkpt>
   <trkpt lat="50.553825" lon="7.283074"><ele>71</ele></trkpt>
   <trkpt lat="50.553985" lon="7.283044"><ele>72</ele></trkpt>
   <trkpt lat="50.556029" lon="7.282578"><ele>62.75</ele></trkpt>
   <trkpt lat="50.557013" lon="7.282318"><ele>63</ele></trkpt>
   <trkpt lat="50.557795" lon="7.28213"><ele>66.25</ele></trkpt>
   <trkpt lat="50.558545" lon="7.281929"><ele>65.75</ele></trkpt>
   <trkpt lat="50.558869" lon="7.281819"><ele>65</ele></trkpt>
   <trkpt lat="50.559217" lon="7.281713"><ele>64.25</ele></trkpt>
   <trkpt lat="50.560104" lon="7.281342"><ele>63</ele></trkpt>
   <trkpt lat="50.560316" lon="7.281237"><ele>63</ele></trkpt>
   <trkpt lat="50.561146" lon="7.280858"><ele>61</ele></trkpt>
   <trkpt lat="50.56199" lon="7.280444"><ele>60.75</ele></trkpt>
   <trkpt lat="50.562333" lon="7.280274"><ele>60.75</ele></trkpt>
   <trkpt lat="50.562495" lon="7.280191"><ele>60.75</ele></trkpt>
   <trkpt lat="50.562734" lon="7.280066"><ele>60.5</ele></trkpt>
   <trkpt lat="50.563267" lon="7.279735"><ele>60.5</ele></trkpt>
   <trkpt lat="50.5635" lon="7.279576"><ele>60.5</ele></trkpt>
   <trkpt lat="50.564766" lon="7.278771"><ele>60.25</ele></trkpt>
   <trkpt lat="50.565139" lon="7.278577"><ele>60.25</ele></trkpt>
   <trkpt lat="50.565607" lon="7.278339"><ele>60.25</ele></trkpt>
   <trkpt lat="50.565795" lon="7.278271"><ele>60</ele></trkpt>
   <trkpt lat="50.56604" lon="7.278203"><ele>60</ele></trkpt>
   <trkpt lat="50.566204" lon="7.278172"><ele>60</ele></trkpt>
   <trkpt lat="50.566392" lon="7.278121"><ele>60</ele></trkpt>
   <trkpt lat="50.56669" lon="7.277999"><ele>60</ele></trkpt>
   <trkpt lat="50.567223" lon="7.277724"><ele>60</ele></trkpt>
   <trkpt lat="50.567493" lon="7.277544"><ele>60</ele></trkpt>
   <trkpt lat="50.567503" lon="7.277537"><ele>60</ele></trkpt>
   <trkpt lat="50.567579" lon="7.277484"><ele>60.25</ele></trkpt>
   <trkpt lat="50.568215" lon="7.277"><ele>62</ele></trkpt>
   <trkpt lat="50.568669" lon="7.276604"><ele>61.75</ele></trkpt>
   <trkpt lat="50.569298" lon="7.27607"><ele>65</ele></trkpt>
   <trkpt lat="50.569742" lon="7.27569"><ele>65.5</ele></trkpt>
   <trkpt lat="50.570036" lon="7.27544"><ele>65.5</ele></trkpt>
   <trkpt lat="50.570435" lon="7.275075"><ele>63.5</ele></trkpt>
   <trkpt lat="50.570687" lon="7.274832"><ele>62.75</ele></trkpt>
   <trkpt lat="50.571119" lon="7.274358"><ele>65.75</ele></trkpt>
   <trkpt lat="50.571573" lon="7.273813"><ele>64.75</ele></trkpt>
   <trkpt lat="50.571864" lon="7.273433"><ele>61.25</ele></trkpt>
   <trkpt lat="50.572222" lon="7.272968"><ele>60.5</ele></trkpt>
   <trkpt lat="50.572405" lon="7.272705"><ele>60.25</ele></trkpt>
   <trkpt lat="50.572885" lon="7.271976"><ele>62</ele></trkpt>
   <trkpt lat="50.573116" lon="7.271594"><ele>62</ele></trkpt>
   <trkpt lat="50.573298" lon="7.271284"><ele>62.25</ele></trkpt>
   <trkpt lat="50.573504" lon="7.270915"><ele>66</ele></trkpt>
   <trkpt lat="50.573867" lon="7.270282"><ele>68</ele></trkpt>
   <trkpt lat="50.574167" lon="7.26974"><ele>66</ele></trkpt>
   <trkpt lat="50.574213" lon="7.269657"><ele>66.75</ele></trkpt>
   <trkpt lat="50.574289" lon="7.269524"><ele>68</ele></trkpt>
   <trkpt lat="50.574744" lon="7.268619"><ele>64.5</ele></trkpt>
   <trkpt lat="50.574783" lon="7.268545"><ele>63.5</ele></trkpt>
   <trkpt lat="50.574808" lon="7.2685"><ele>63</ele></trkpt>
   <trkpt lat="50.575398" lon="7.267456"><ele>61.75</ele></trkpt>
   <trkpt lat="50.576167" lon="7.266069"><ele>62.75</ele></trkpt>
   <trkpt lat="50.577502" lon="7.263699"><ele>58.75</ele></trkpt>
   <trkpt lat="50.577853" lon="7.262997"><ele>59.5</ele></trkpt>
   <trkpt lat="50.578272" lon="7.262035"><ele>59.25</ele></trkpt>
   <trkpt lat="50.578423" lon="7.261641"><ele>58.75</ele></trkpt>
   <trkpt lat="50.578438" lon="7.2616"><ele>59</ele></trkpt>
   <trkpt lat="50.578626" lon="7.261085"><ele>59.5</ele></trkpt>
   <trkpt lat="50.578899" lon="7.260209"><ele>58.75</ele></trkpt>
   <trkpt lat="50.579125" lon="7.25938"><ele>56.5</ele></trkpt>
   <trkpt lat="50.579166" lon="7.25921"><ele>56</ele></trkpt>
   <trkpt lat="50.579194" lon="7.259096"><ele>56</ele></trkpt>
   <trkpt lat="50.579802" lon="7.256212"><ele>59.5</ele></trkpt>
   <trkpt lat="50.579838" lon="7.256043"><ele>59.25</ele></trkpt>
   <trkpt lat="50.580158" lon="7.254463"><ele>62</ele></trkpt>
   <trkpt lat="50.580333" lon="7.253534"><ele>64.75</ele></trkpt>
   <trkpt lat="50.580454" lon="7.252748"><ele>65.75</ele></trkpt>
   <trkpt lat="50.580487" lon="7.252465"><ele>66</ele></trkpt>
   <trkpt lat="50.580543" lon="7.251903"><ele>65.75</ele></trkpt>
   <trkpt lat="50.580586" lon="7.251326"><ele>66.25</ele></trkpt>
   <trkpt lat="50.580615" lon="7.250748"><ele>67.25</ele></trkpt>
   <trkpt lat="50.580686" lon="7.248675"><ele>65.5</ele></trkpt>
   <trkpt lat="50.58069" lon="7.248569"><ele>65.25</ele></trkpt>
   <trkpt lat="50.580733" lon="7.24731"><ele>67</ele></trkpt>
   <trkpt lat="50.580737" lon="7.247214"><ele>67.25</ele></trkpt>
   <trkpt lat="50.580767" lon="7.246459"><ele>67.5</ele></trkpt>
   <trkpt lat="50.58079" lon="7.246097"><ele>66.5</ele></trkpt>
   <trkpt lat="50.580791" lon="7.246078"><ele>66.25</ele></trkpt>
   <trkpt lat="50.580807" lon="7.245829"><ele>65.5</ele></trkpt>
   <trkpt lat="50.580848" lon="7.245424"><ele>65.5</ele></trkpt>
   <trkpt lat="50.580895" lon="7.245053"><ele>66.5</ele></trkpt>
   <trkpt lat="50.580946" lon="7.244722"><ele>66.5</ele></trkpt>
   <trkpt lat="50.581003" lon="7.244385"><ele>66.25</ele></trkpt>
   <trkpt lat="50.581081" lon="7.244034"><ele>66</ele></trkpt>
   <trkpt lat="50.581183" lon="7.243632"><ele>65.25</ele></trkpt>
   <trkpt lat="50.581218" lon="7.243501"><ele>64.75</ele></trkpt>
   <trkpt lat="50.581302" lon="7.243212"><ele>64.5</ele></trkpt>
   <trkpt lat="50.581395" lon="7.242924"><ele>64.75</ele></trkpt>
   <trkpt lat="50.581594" lon="7.242395"><ele>64.5</ele></trkpt>
   <trkpt lat="50.581773" lon="7.24199"><ele>64.75</ele></trkpt>
   <trkpt lat="50.581805" lon="7.24192"><ele>64.75</ele></trkpt>
   <trkpt lat="50.581985" lon="7.241553"><ele>64.75</ele></trkpt>
   <trkpt lat="50.582186" lon="7.2412"><ele>66</ele></trkpt>
   <trkpt lat="50.5822" lon="7.241178"><ele>66.25</ele></trkpt>
   <trkpt lat="50.582336" lon="7.240955"><ele>66.75</ele></trkpt>
   <trkpt lat="50.582526" lon="7.240667"><ele>67.5</ele></trkpt>
   <trkpt lat="50.582675" lon="7.240448"><ele>67.5</ele></trkpt>
   <trkpt lat="50.583303" lon="7.239538"><ele>66</ele></trkpt>
   <trkpt lat="50.584143" lon="7.238277"><ele>62.75</ele></trkpt>
   <trkpt lat="50.584308" lon="7.238038"><ele>63</ele></trkpt>
   <trkpt lat="50.584978" lon="7.237037"><ele>61</ele></trkpt>
   <trkpt lat="50.585642" lon="7.236133"><ele>62.25</ele></trkpt>
   <trkpt lat="50.585952" lon="7.235738"><ele>62.25</ele></trkpt>
   <trkpt lat="50.587785" lon="7.233646"><ele>62</ele></trkpt>
   <trkpt lat="50.587872" lon="7.233548"><ele>61.5</ele></trkpt>
   <trkpt lat="50.588366" lon="7.232993"><ele>60.25</ele></trkpt>
   <trkpt lat="50.589247" lon="7.231964"><ele>62.25</ele></trkpt>
   <trkpt lat="50.589967" lon="7.231168"><ele>60</ele></trkpt>
   <trkpt lat="50.590982" lon="7.230006"><ele>57.25</ele></trkpt>
   <trkpt lat="50.592013" lon="7.228847"><ele>57.75</ele></trkpt>
   <trkpt lat="50.594046" lon="7.226513"><ele>55.5</ele></trkpt>
   <trkpt lat="50.597641" lon="7.22242"><ele>61</ele></trkpt>
   <trkpt lat="50.597862" lon="7.222185"><ele>61.25</ele></trkpt>
   <trkpt lat="50.598104" lon="7.221945"><ele>61.25</ele></trkpt>
   <trkpt lat="50.598383" lon="7.221691"><ele>60.75</ele></trkpt>
   <trkpt lat="50.59866" lon="7.221457"><ele>60</ele></trkpt>
   <trkpt lat="50.598959" lon="7.221226"><ele>59.25</ele></trkpt>
   <trkpt lat="50.599295" lon="7.220994"><ele>59</ele></trkpt>
   <trkpt lat="50.599649" lon="7.220767"><ele>59</ele></trkpt>
   <trkpt lat="50.600145" lon="7.220507"><ele>58.75</ele></trkpt>
   <trkpt lat="50.600816" lon="7.220213"><ele>58</ele></trkpt>
   <trkpt lat="50.60106" lon="7.220145"><ele>58.25</ele></trkpt>
   <trkpt lat="50.601597" lon="7.220038"><ele>58.75</ele></trkpt>
   <trkpt lat="50.601789" lon="7.219986"><ele>59</ele></trkpt>
   <trkpt lat="50.601944" lon="7.219949"><ele>59.25</ele></trkpt>
   <trkpt lat="50.601959" lon="7.219944"><ele>59.25</ele></trkpt>
   <trkpt lat="50.601993" lon="7.219933"><ele>59.25</ele></trkpt>
   <trkpt lat="50.602527" lon="7.219797"><ele>59.75</ele></trkpt>
   <trkpt lat="50.603064" lon="7.219673"><ele>59.5</ele></trkpt>
   <trkpt lat="50.603807" lon="7.219503"><ele>58.25</ele></trkpt>
   <trkpt lat="50.604457" lon="7.219356"><ele>58.25</ele></trkpt>
   <trkpt lat="50.605502" lon="7.219121"><ele>58.25</ele></trkpt>
   <trkpt lat="50.605897" lon="7.219032"><ele>57.75</ele></trkpt>
   <trkpt lat="50.606033" lon="7.219001"><ele>57.5</ele></trkpt>
   <trkpt lat="50.607483" lon="7.218676"><ele>56.75</ele></trkpt>
   <trkpt lat="50.608094" lon="7.218535"><ele>57.25</ele></trkpt>
   <trkpt lat="50.609371" lon="7.218252"><ele>57.25</ele></trkpt>
   <trkpt lat="50.610668" lon="7.217956"><ele>60</ele></trkpt>
   <trkpt lat="50.611065" lon="7.217868"><ele>60.25</ele></trkpt>
   <trkpt lat="50.611102" lon="7.217858"><ele>60.25</ele></trkpt>
   <trkpt lat="50.611387" lon="7.217793"><ele>60</ele></trkpt>
   <trkpt lat="50.612116" lon="7.217654"><ele>60.25</ele></trkpt>
   <trkpt lat="50.612639" lon="7.21759"><ele>60.5</ele></trkpt>
   <trkpt lat="50.612895" lon="7.217577"><ele>60.75</ele></trkpt>
   <trkpt lat="50.613059" lon="7.217573"><ele>61</ele></trkpt>
   <trkpt lat="50.613648" lon="7.217589"><ele>61</ele></trkpt>
   <trkpt lat="50.614316" lon="7.217637"><ele>60.25</ele></trkpt>
   <trkpt lat="50.614877" lon="7.217688"><ele>60.25</ele></trkpt>
   <trkpt lat="50.616289" lon="7.217826"><ele>61.5</ele></trkpt>
   <trkpt lat="50.616679" lon="7.217863"><ele>60.75</ele></trkpt>
   <trkpt lat="50.617215" lon="7.217915"><ele>60.25</ele></trkpt>
   <trkpt lat="50.61844" lon="7.218031"><ele>61</ele></trkpt>
   <trkpt lat="50.619646" lon="7.218144"><ele>63.75</ele></trkpt>
   <trkpt lat="50.619961" lon="7.218171"><ele>63.75</ele></trkpt>
   <trkpt lat="50.621983" lon="7.218374"><ele>59.75</ele></trkpt>
   <trkpt lat="50.623163" lon="7.218479"><ele>57.25</ele></trkpt>
   <trkpt lat="50.623503" lon="7.218518"><ele>57.25</ele></trkpt>
   <trkpt lat="50.624118" lon="7.218572"><ele>57.75</ele></trkpt>
   <trkpt lat="50.625571" lon="7.218713"><ele>57.25</ele></trkpt>
   <trkpt lat="50.626747" lon="7.218827"><ele>58</ele></trkpt>
   <trkpt lat="50.627184" lon="7.218868"><ele>58.5</ele></trkpt>
   <trkpt lat="50.628706" lon="7.219017"><ele>58.75</ele></trkpt>
   <trkpt lat="50.629065" lon="7.219046"><ele>59.75</ele></trkpt>
   <trkpt lat="50.630776" lon="7.219209"><ele>58</ele></trkpt>
   <trkpt lat="50.631363" lon="7.219264"><ele>57.75</ele></trkpt>
   <trkpt lat="50.632762" lon="7.219373"><ele>57.5</ele></trkpt>
   <trkpt lat="50.632907" lon="7.219387"><ele>57.25</ele></trkpt>
   <trkpt lat="50.633765" lon="7.219441"><ele>58</ele></trkpt>
   <trkpt lat="50.634194" lon="7.219483"><ele>58.5</ele></trkpt>
   <trkpt lat="50.635008" lon="7.219539"><ele>57.5</ele></trkpt>
   <trkpt lat="50.63646" lon="7.219596"><ele>57.25</ele></trkpt>
   <trkpt lat="50.636667" lon="7.219588"><ele>57.5</ele></trkpt>
   <trkpt lat="50.637525" lon="7.219579"><ele>56.5</ele></trkpt>
   <trkpt lat="50.639553" lon="7.219511"><ele>57</ele></trkpt>
   <trkpt lat="50.639988" lon="7.219501"><ele>57.25</ele></trkpt>
   <trkpt lat="50.640089" lon="7.219499"><ele>57.25</ele></trkpt>
   <trkpt lat="50.640373" lon="7.219476"><ele>57.5</ele></trkpt>
   <trkpt lat="50.641042" lon="7.219387"><ele>58</ele></trkpt>
   <trkpt lat="50.641466" lon="7.219287"><ele>58.75</ele></trkpt>
   <trkpt lat="50.641715" lon="7.219215"><ele>59</ele></trkpt>
   <trkpt lat="50.642068" lon="7.219083"><ele>58.25</ele></trkpt>
   <trkpt lat="50.642413" lon="7.218931"><ele>57.75</ele></trkpt>
   <trkpt lat="50.642891" lon="7.218687"><ele>57.5</ele></trkpt>
   <trkpt lat="50.643253" lon="7.218496"><ele>57.25</ele></trkpt>
   <trkpt lat="50.64375" lon="7.218242"><ele>57.25</ele></trkpt>
   <trkpt lat="50.644643" lon="7.217803"><ele>57.25</ele></trkpt>
   <trkpt lat="50.646475" lon="7.21691"><ele>56.75</ele></trkpt>
   <trkpt lat="50.647773" lon="7.216266"><ele>60</ele></trkpt>
   <trkpt lat="50.648346" lon="7.215991"><ele>60.25</ele></trkpt>
   <trkpt lat="50.649485" lon="7.215427"><ele>58.5</ele></trkpt>
   <trkpt lat="50.650226" lon="7.215072"><ele>57</ele></trkpt>
   <trkpt lat="50.650745" lon="7.214819"><ele>56.75</ele></trkpt>
   <trkpt lat="50.651838" lon="7.214218"><ele>57.25</ele></trkpt>
   <trkpt lat="50.652697" lon="7.213687"><ele>57.5</ele></trkpt>
   <trkpt lat="50.652956" lon="7.213509"><ele>57</ele></trkpt>
   <trkpt lat="50.653173" lon="7.213339"><ele>56.75</ele></trkpt>
   <trkpt lat="50.653497" lon="7.213113"><ele>56.5</ele></trkpt>
   <trkpt lat="50.653722" lon="7.212971"><ele>56.5</ele></trkpt>
   <trkpt lat="50.656573" lon="7.211187"><ele>59.25</ele></trkpt>
   <trkpt lat="50.657111" lon="7.210841"><ele>59</ele></trkpt>
   <trkpt lat="50.657579" lon="7.210506"><ele>58.25</ele></trkpt>
   <trkpt lat="50.657643" lon="7.210462"><ele>58.25</ele></trkpt>
   <trkpt lat="50.65775" lon="7.210374"><ele>58.25</ele></trkpt>
   <trkpt lat="50.657907" lon="7.21025"><ele>58.5</ele></trkpt>
   <trkpt lat="50.658223" lon="7.209973"><ele>58.5</ele></trkpt>
   <trkpt lat="50.658313" lon="7.209888"><ele>58.25</ele></trkpt>
   <trkpt lat="50.658511" lon="7.209688"><ele>58.25</ele></trkpt>
   <trkpt lat="50.658785" lon="7.209388"><ele>58</ele></trkpt>
   <trkpt lat="50.658989" lon="7.209133"><ele>58</ele></trkpt>
   <trkpt lat="50.65927" lon="7.208754"><ele>57.75</ele></trkpt>
   <trkpt lat="50.659569" lon="7.208344"><ele>57.75</ele></trkpt>
   <trkpt lat="50.659636" lon="7.208256"><ele>58</ele></trkpt>
   <trkpt lat="50.660046" lon="7.207752"><ele>58</ele></trkpt>
   <trkpt lat="50.660325" lon="7.207432"><ele>57.5</ele></trkpt>
   <trkpt lat="50.660598" lon="7.207071"><ele>56.75</ele></trkpt>
   <trkpt lat="50.660858" lon="7.206692"><ele>56</ele></trkpt>
   <trkpt lat="50.661229" lon="7.206178"><ele>56</ele></trkpt>
   <trkpt lat="50.661424" lon="7.205924"><ele>55.75</ele></trkpt>
   <trkpt lat="50.661496" lon="7.205827"><ele>55.5</ele></trkpt>
   <trkpt lat="50.662196" lon="7.204885"><ele>56.25</ele></trkpt>
   <trkpt lat="50.662499" lon="7.204475"><ele>56.25</ele></trkpt>
   <trkpt lat="50.663694" lon="7.202881"><ele>56.5</ele></trkpt>
   <trkpt lat="50.664078" lon="7.202381"><ele>57.25</ele></trkpt>
   <trkpt lat="50.664427" lon="7.201939"><ele>59</ele></trkpt>
   <trkpt lat="50.664766" lon="7.201535"><ele>60.25</ele></trkpt>
   <trkpt lat="50.665386" lon="7.20082"><ele>63.5</ele></trkpt>
   <trkpt lat="50.665764" lon="7.200401"><ele>62.75</ele></trkpt>
   <trkpt lat="50.666108" lon="7.200002"><ele>60.5</ele></trkpt>
   <trkpt lat="50.666755" lon="7.199283"><ele>61.75</ele></trkpt>
   <trkpt lat="50.667221" lon="7.198791"><ele>62.5</ele></trkpt>
   <trkpt lat="50.667658" lon="7.198419"><ele>63.5</ele></trkpt>
   <trkpt lat="50.667863" lon="7.198268"><ele>64.25</ele></trkpt>
   <trkpt lat="50.668147" lon="7.198082"><ele>66</ele></trkpt>
   <trkpt lat="50.668432" lon="7.197913"><ele>67</ele></trkpt>
   <trkpt lat="50.668743" lon="7.197759"><ele>67.25</ele></trkpt>
   <trkpt lat="50.66921" lon="7.197583"><ele>68</ele></trkpt>
   <trkpt lat="50.669369" lon="7.197536"><ele>68</ele></trkpt>
   <trkpt lat="50.669823" lon="7.197438"><ele>68.5</ele></trkpt>
   <trkpt lat="50.670532" lon="7.197337"><ele>70.75</ele></trkpt>
   <trkpt lat="50.671412" lon="7.197246"><ele>71.25</ele></trkpt>
   <trkpt lat="50.672217" lon="7.197179"><ele>69.25</ele></trkpt>
   <trkpt lat="50.672365" lon="7.197165"><ele>68.75</ele></trkpt>
   <trkpt lat="50.672731" lon="7.197127"><ele>67.5</ele></trkpt>
   <trkpt lat="50.673346" lon="7.197064"><ele>65.25</ele></trkpt>
   <trkpt lat="50.673799" lon="7.196992"><ele>65.25</ele></trkpt>
   <trkpt lat="50.674108" lon="7.196923"><ele>65.25</ele></trkpt>
   <trkpt lat="50.674456" lon="7.196818"><ele>65</ele></trkpt>
   <trkpt lat="50.674856" lon="7.196662"><ele>63.75</ele></trkpt>
   <trkpt lat="50.67515" lon="7.196532"><ele>64.25</ele></trkpt>
   <trkpt lat="50.675287" lon="7.196457"><ele>64.5</ele></trkpt>
   <trkpt lat="50.67564" lon="7.196253"><ele>65</ele></trkpt>
   <trkpt lat="50.675946" lon="7.196041"><ele>64.75</ele></trkpt>
   <trkpt lat="50.676427" lon="7.195656"><ele>64.75</ele></trkpt>
   <trkpt lat="50.676713" lon="7.1954"><ele>65</ele></trkpt>
   <trkpt lat="50.677157" lon="7.194985"><ele>65</ele></trkpt>
   <trkpt lat="50.677686" lon="7.194477"><ele>64.25</ele></trkpt>
   <trkpt lat="50.67782" lon="7.194351"><ele>63.5</ele></trkpt>
   <trkpt lat="50.678533" lon="7.193673"><ele>61.5</ele></trkpt>
   <trkpt lat="50.67862" lon="7.193589"><ele>61.25</ele></trkpt>
   <trkpt lat="50.678751" lon="7.193464"><ele>61</ele></trkpt>
   <trkpt lat="50.680215" lon="7.192074"><ele>64.5</ele></trkpt>
   <trkpt lat="50.680274" lon="7.192017"><ele>64.5</ele></trkpt>
   <trkpt lat="50.680296" lon="7.191997"><ele>64.5</ele></trkpt>
   <trkpt lat="50.681731" lon="7.190634"><ele>62.5</ele></trkpt>
   <trkpt lat="50.682617" lon="7.189802"><ele>60.75</ele></trkpt>
   <trkpt lat="50.68317" lon="7.189283"><ele>60</ele></trkpt>
   <trkpt lat="50.683266" lon="7.189198"><ele>60</ele></trkpt>
   <trkpt lat="50.68331" lon="7.189154"><ele>59.75</ele></trkpt>
   <trkpt lat="50.683433" lon="7.189052"><ele>59.75</ele></trkpt>
   <trkpt lat="50.683894" lon="7.188666"><ele>59</ele></trkpt>
   <trkpt lat="50.68448" lon="7.188227"><ele>58.5</ele></trkpt>
   <trkpt lat="50.684709" lon="7.188072"><ele>58.25</ele></trkpt>
   <trkpt lat="50.685098" lon="7.187809"><ele>57.25</ele></trkpt>
   <trkpt lat="50.685185" lon="7.187752"><ele>57</ele></trkpt>
   <trkpt lat="50.68599" lon="7.187212"><ele>57.5</ele></trkpt>
   <trkpt lat="50.686002" lon="7.187204"><ele>57.5</ele></trkpt>
   <trkpt lat="50.686586" lon="7.186812"><ele>59.5</ele></trkpt>
   <trkpt lat="50.68856" lon="7.185489"><ele>57.25</ele></trkpt>
   <trkpt lat="50.689876" lon="7.184606"><ele>55</ele></trkpt>
   <trkpt lat="50.69057" lon="7.184141"><ele>55</ele></trkpt>
   <trkpt lat="50.690675" lon="7.184072"><ele>55</ele></trkpt>
   <trkpt lat="50.690982" lon="7.183867"><ele>55.5</ele></trkpt>
   <trkpt lat="50.691811" lon="7.183315"><ele>58</ele></trkpt>
   <trkpt lat="50.692877" lon="7.182599"><ele>58.75</ele></trkpt>
   <trkpt lat="50.693171" lon="7.182408"><ele>59</ele></trkpt>
   <trkpt lat="50.693487" lon="7.182207"><ele>58.75</ele></trkpt>
   <trkpt lat="50.693588" lon="7.182139"><ele>58.5</ele></trkpt>
   <trkpt lat="50.694173" lon="7.181757"><ele>57</ele></trkpt>
   <trkpt lat="50.694529" lon="7.181498"><ele>58</ele></trkpt>
   <trkpt lat="50.694547" lon="7.181485"><ele>58</ele></trkpt>
   <trkpt lat="50.694741" lon="7.181344"><ele>58.75</ele></trkpt>
   <trkpt lat="50.695088" lon="7.181051"><ele>59.5</ele></trkpt>
   <trkpt lat="50.695425" lon="7.180741"><ele>58.75</ele></trkpt>
   <trkpt lat="50.695973" lon="7.180192"><ele>57</ele></trkpt>
   <trkpt lat="50.69627" lon="7.179877"><ele>56.25</ele></trkpt>
   <trkpt lat="50.69688" lon="7.179256"><ele>55</ele></trkpt>
   <trkpt lat="50.696959" lon="7.179178"><ele>55</ele></trkpt>
   <trkpt lat="50.697435" lon="7.17871"><ele>54.25</ele></trkpt>
   <trkpt lat="50.698165" lon="7.177987"><ele>55</ele></trkpt>
   <trkpt lat="50.70253" lon="7.173673"><ele>58.75</ele></trkpt>
   <trkpt lat="50.702688" lon="7.17352"><ele>58.25</ele></trkpt>
   <trkpt lat="50.70304" lon="7.17317"><ele>56.5</ele></trkpt>
   <trkpt lat="50.703599" lon="7.172652"><ele>54.75</ele></trkpt>
   <trkpt lat="50.703625" lon="7.172629"><ele>54.75</ele></trkpt>
   <trkpt lat="50.703703" lon="7.172554"><ele>54.75</ele></trkpt>
   <trkpt lat="50.703721" lon="7.172537"><ele>54.75</ele></trkpt>
   <trkpt lat="50.703739" lon="7.172519"><ele>55</ele></trkpt>
   <trkpt lat="50.703884" lon="7.172383"><ele>55.25</ele></trkpt>
   <trkpt lat="50.704458" lon="7.171847"><ele>56.5</ele></trkpt>
   <trkpt lat="50.704966" lon="7.171351"><ele>56.75</ele></trkpt>
   <trkpt lat="50.70568" lon="7.170595"><ele>54.75</ele></trkpt>
   <trkpt lat="50.706846" lon="7.169327"><ele>56.25</ele></trkpt>
   <trkpt lat="50.70734" lon="7.168788"><ele>56</ele></trkpt>
   <trkpt lat="50.708297" lon="7.167739"><ele>57.25</ele></trkpt>
   <trkpt lat="50.708456" lon="7.167556"><ele>57</ele></trkpt>
   <trkpt lat="50.708477" lon="7.167531"><ele>57</ele></trkpt>
   <trkpt lat="50.708983" lon="7.166896"><ele>57.75</ele></trkpt>
   <trkpt lat="50.709105" lon="7.16674"><ele>57.75</ele></trkpt>
   <trkpt lat="50.709546" lon="7.166134"><ele>58.5</ele></trkpt>
   <trkpt lat="50.70962" lon="7.166032"><ele>58.5</ele></trkpt>
   <trkpt lat="50.710126" lon="7.165351"><ele>58.5</ele></trkpt>
   <trkpt lat="50.710275" lon="7.165154"><ele>58.5</ele></trkpt>
   <trkpt lat="50.711157" lon="7.163962"><ele>57.5</ele></trkpt>
   <trkpt lat="50.711222" lon="7.163877"><ele>57.75</ele></trkpt>
   <trkpt lat="50.711439" lon="7.163565"><ele>58.25</ele></trkpt>
   <trkpt lat="50.711739" lon="7.163168"><ele>59.25</ele></trkpt>
   <trkpt lat="50.712521" lon="7.162114"><ele>57</ele></trkpt>
   <trkpt lat="50.712604" lon="7.162006"><ele>57.25</ele></trkpt>
   <trkpt lat="50.712627" lon="7.161977"><ele>57.5</ele></trkpt>
   <trkpt lat="50.713066" lon="7.161454"><ele>59</ele></trkpt>
   <trkpt lat="50.714349" lon="7.160072"><ele>60.25</ele></trkpt>
   <trkpt lat="50.71435" lon="7.160072"><ele>60.25</ele></trkpt>
   <trkpt lat="50.714414" lon="7.160003"><ele>60.25</ele></trkpt>
   <trkpt lat="50.715189" lon="7.159172"><ele>59</ele></trkpt>
   <trkpt lat="50.715826" lon="7.158479"><ele>57.25</ele></trkpt>
   <trkpt lat="50.717863" lon="7.156302"><ele>57.75</ele></trkpt>
   <trkpt lat="50.71831" lon="7.155824"><ele>58</ele></trkpt>
   <trkpt lat="50.718609" lon="7.155508"><ele>57.25</ele></trkpt>
   <trkpt lat="50.719079" lon="7.155012"><ele>56</ele></trkpt>
   <trkpt lat="50.720269" lon="7.153732"><ele>59.25</ele></trkpt>
   <trkpt lat="50.720534" lon="7.153451"><ele>59.5</ele></trkpt>
   <trkpt lat="50.721048" lon="7.152834"><ele>61</ele></trkpt>
   <trkpt lat="50.721538" lon="7.152177"><ele>59.75</ele></trkpt>
   <trkpt lat="50.721731" lon="7.151886"><ele>59.25</ele></trkpt>
   <trkpt lat="50.722064" lon="7.151364"><ele>61.5</ele></trkpt>
   <trkpt lat="50.72235" lon="7.150854"><ele>62.5</ele></trkpt>
   <trkpt lat="50.722737" lon="7.150104"><ele>60</ele></trkpt>
   <trkpt lat="50.722776" lon="7.150021"><ele>59.5</ele></trkpt>
   <trkpt lat="50.722831" lon="7.149904"><ele>59.25</ele></trkpt>
   <trkpt lat="50.723054" lon="7.14943"><ele>58.25</ele></trkpt>
   <trkpt lat="50.723111" lon="7.149302"><ele>58.25</ele></trkpt>
   <trkpt lat="50.723218" lon="7.149028"><ele>58</ele></trkpt>
   <trkpt lat="50.723443" lon="7.14845"><ele>57.25</ele></trkpt>
   <trkpt lat="50.723634" lon="7.147921"><ele>56.5</ele></trkpt>
   <trkpt lat="50.72366" lon="7.147846"><ele>56.5</ele></trkpt>
   <trkpt lat="50.724129" lon="7.146483"><ele>55.5</ele></trkpt>
   <trkpt lat="50.724605" lon="7.145136"><ele>58.25</ele></trkpt>
   <trkpt lat="50.724635" lon="7.145045"><ele>58.25</ele></trkpt>
   <trkpt lat="50.724696" lon="7.144871"><ele>58.25</ele></trkpt>
   <trkpt lat="50.72539" lon="7.14288"><ele>55.5</ele></trkpt>
   <trkpt lat="50.726389" lon="7.140028"><ele>57.25</ele></trkpt>
   <trkpt lat="50.72695" lon="7.138422"><ele>57.75</ele></trkpt>
   <trkpt lat="50.727061" lon="7.138112"><ele>57.75</ele></trkpt>
   <trkpt lat="50.727094" lon="7.138018"><ele>57.75</ele></trkpt>
   <trkpt lat="50.727351" lon="7.137335"><ele>57.5</ele></trkpt>
   <trkpt lat="50.727557" lon="7.136864"><ele>57.5</ele></trkpt>
   <trkpt lat="50.727684" lon="7.136593"><ele>57</ele></trkpt>
   <trkpt lat="50.727932" lon="7.136104"><ele>56.75</ele></trkpt>
   <trkpt lat="50.728194" lon="7.135659"><ele>56.5</ele></trkpt>
   <trkpt lat="50.728363" lon="7.135396"><ele>56.25</ele></trkpt>
   <trkpt lat="50.728404" lon="7.135332"><ele>56.5</ele></trkpt>
   <trkpt lat="50.728709" lon="7.134917"><ele>56.5</ele></trkpt>
   <trkpt lat="50.728891" lon="7.134684"><ele>56.5</ele></trkpt>
   <trkpt lat="50.728906" lon="7.134665"><ele>56.5</ele></trkpt>
   <trkpt lat="50.728913" lon="7.134656"><ele>56.5</ele></trkpt>
   <trkpt lat="50.729115" lon="7.134413"><ele>56</ele></trkpt>
   <trkpt lat="50.729202" lon="7.134318"><ele>55.75</ele></trkpt>
   <trkpt lat="50.729354" lon="7.134156"><ele>55.75</ele></trkpt>
   <trkpt lat="50.729462" lon="7.134048"><ele>55.5</ele></trkpt>
   <trkpt lat="50.729646" lon="7.133868"><ele>55</ele></trkpt>
   <trkpt lat="50.730055" lon="7.133506"><ele>54.25</ele></trkpt>
   <trkpt lat="50.730453" lon="7.133192"><ele>54.75</ele></trkpt>
   <trkpt lat="50.731263" lon="7.132635"><ele>56.25</ele></trkpt>
   <trkpt lat="50.731418" lon="7.132526"><ele>56.25</ele></trkpt>
   <trkpt lat="50.731474" lon="7.132487"><ele>56.5</ele></trkpt>
   <trkpt lat="50.731524" lon="7.132454"><ele>56.5</ele></trkpt>
   <trkpt lat="50.732075" lon="7.132075"><ele>57</ele></trkpt>
   <trkpt lat="50.732461" lon="7.13181"><ele>57.25</ele></trkpt>
   <trkpt lat="50.734012" lon="7.130744"><ele>57.5</ele></trkpt>
   <trkpt lat="50.734243" lon="7.130587"><ele>57.5</ele></trkpt>
   <trkpt lat="50.734655" lon="7.130306"><ele>57.75</ele></trkpt>
   <trkpt lat="50.734916" lon="7.130128"><ele>58</ele></trkpt>
   <trkpt lat="50.735146" lon="7.129974"><ele>57.75</ele></trkpt>
   <trkpt lat="50.735925" lon="7.129446"><ele>56.5</ele></trkpt>
   <trkpt lat="50.736613" lon="7.128979"><ele>55.5</ele></trkpt>
   <trkpt lat="50.737797" lon="7.128206"><ele>57.25</ele></trkpt>
   <trkpt lat="50.738815" lon="7.127512"><ele>60.25</ele></trkpt>
   <trkpt lat="50.739007" lon="7.127382"><ele>60.25</ele></trkpt>
   <trkpt lat="50.739022" lon="7.127371"><ele>60.25</ele></trkpt>
   <trkpt lat="50.739296" lon="7.127181"><ele>60.25</ele></trkpt>
   <trkpt lat="50.739399" lon="7.12711"><ele>60.25</ele></trkpt>
   <trkpt lat="50.739476" lon="7.127058"><ele>60</ele></trkpt>
   <trkpt lat="50.739946" lon="7.126738"><ele>58.25</ele></trkpt>
   <trkpt lat="50.740037" lon="7.12668"><ele>58</ele></trkpt>
   <trkpt lat="50.740316" lon="7.126511"><ele>58.5</ele></trkpt>
   <trkpt lat="50.740697" lon="7.126307"><ele>58.75</ele></trkpt>
   <trkpt lat="50.740969" lon="7.126187"><ele>59</ele></trkpt>
   <trkpt lat="50.741082" lon="7.126147"><ele>59</ele></trkpt>
   <trkpt lat="50.741522" lon="7.12603"><ele>59.25</ele></trkpt>
   <trkpt lat="50.741747" lon="7.125996"><ele>59.5</ele></trkpt>
   <trkpt lat="50.74198" lon="7.125975"><ele>60</ele></trkpt>
   <trkpt lat="50.742166" lon="7.12598"><ele>60.5</ele></trkpt>
   <trkpt lat="50.742465" lon="7.126"><ele>61.25</ele></trkpt>
   <trkpt lat="50.742703" lon="7.126035"><ele>61.5</ele></trkpt>
   <trkpt lat="50.742805" lon="7.126057"><ele>61.5</ele></trkpt>
   <trkpt lat="50.743151" lon="7.126154"><ele>61.5</ele></trkpt>
   <trkpt lat="50.743319" lon="7.126217"><ele>61.5</ele></trkpt>
   <trkpt lat="50.743717" lon="7.126403"><ele>61.5</ele></trkpt>
   <trkpt lat="50.744141" lon="7.126677"><ele>61.75</ele></trkpt>
   <trkpt lat="50.744427" lon="7.126884"><ele>61.5</ele></trkpt>
   <trkpt lat="50.74531" lon="7.127577"><ele>61.5</ele></trkpt>
   <trkpt lat="50.745331" lon="7.127595"><ele>61.25</ele></trkpt>
   <trkpt lat="50.745385" lon="7.127638"><ele>61.5</ele></trkpt>
   <trkpt lat="50.745431" lon="7.127679"><ele>61.5</ele></trkpt>
   <trkpt lat="50.745729" lon="7.127944"><ele>61.5</ele></trkpt>
   <trkpt lat="50.746045" lon="7.128255"><ele>61.5</ele></trkpt>
   <trkpt lat="50.746356" lon="7.128552"><ele>62</ele></trkpt>
   <trkpt lat="50.746829" lon="7.128945"><ele>62</ele></trkpt>
   <trkpt lat="50.746951" lon="7.129044"><ele>61.75</ele></trkpt>
   <trkpt lat="50.747077" lon="7.129144"><ele>61.5</ele></trkpt>
   <trkpt lat="50.749037" lon="7.130699"><ele>61</ele></trkpt>
   <trkpt lat="50.749441" lon="7.131025"><ele>61.5</ele></trkpt>
   <trkpt lat="50.750118" lon="7.131594"><ele>62.75</ele></trkpt>
   <trkpt lat="50.750921" lon="7.132287"><ele>61.75</ele></trkpt>
   <trkpt lat="50.751626" lon="7.13286"><ele>62.25</ele></trkpt>
   <trkpt lat="50.751984" lon="7.133136"><ele>62.5</ele></trkpt>
   <trkpt lat="50.75235" lon="7.133398"><ele>62</ele></trkpt>
   <trkpt lat="50.752662" lon="7.133603"><ele>62</ele></trkpt>
   <trkpt lat="50.753128" lon="7.133872"><ele>62</ele></trkpt>
   <trkpt lat="50.753439" lon="7.134024"><ele>61.25</ele></trkpt>
   <trkpt lat="50.753473" lon="7.134041"><ele>61</ele></trkpt>
   <trkpt lat="50.753564" lon="7.134086"><ele>60.5</ele></trkpt>
   <trkpt lat="50.755523" lon="7.135204"><ele>51.5</ele></trkpt>
   <trkpt lat="50.755607" lon="7.135258"><ele>51.25</ele></trkpt>
   <trkpt lat="50.756787" lon="7.135964"><ele>50.25</ele></trkpt>
   <trkpt lat="50.756818" lon="7.135982"><ele>50.25</ele></trkpt>
   <trkpt lat="50.758744" lon="7.1372"><ele>53</ele></trkpt>
   <trkpt lat="50.759183" lon="7.137462"><ele>54.75</ele></trkpt>
   <trkpt lat="50.760107" lon="7.13805"><ele>58.5</ele></trkpt>
   <trkpt lat="50.760879" lon="7.138513"><ele>59</ele></trkpt>
   <trkpt lat="50.76281" lon="7.139572"><ele>59.5</ele></trkpt>
   <trkpt lat="50.763334" lon="7.139874"><ele>59.25</ele></trkpt>
   <trkpt lat="50.768227" lon="7.142786"><ele>58.75</ele></trkpt>
   <trkpt lat="50.771383" lon="7.144642"><ele>58</ele></trkpt>
   <trkpt lat="50.775344" lon="7.146972"><ele>56.75</ele></trkpt>
   <trkpt lat="50.776228" lon="7.147512"><ele>56.75</ele></trkpt>
   <trkpt lat="50.777297" lon="7.148179"><ele>57</ele></trkpt>
   <trkpt lat="50.777484" lon="7.148294"><ele>57</ele></trkpt>
   <trkpt lat="50.778243" lon="7.148793"><ele>57</ele></trkpt>
   <trkpt lat="50.779053" lon="7.149293"><ele>57</ele></trkpt>
   <trkpt lat="50.779863" lon="7.149774"><ele>56</ele></trkpt>
   <trkpt lat="50.780214" lon="7.149976"><ele>56.5</ele></trkpt>
   <trkpt lat="50.78032" lon="7.15004"><ele>56.75</ele></trkpt>
   <trkpt lat="50.780627" lon="7.150215"><ele>57.5</ele></trkpt>
   <trkpt lat="50.781277" lon="7.150574"><ele>56.75</ele></trkpt>
   <trkpt lat="50.78213" lon="7.150971"><ele>56</ele></trkpt>
   <trkpt lat="50.782441" lon="7.151107"><ele>56.25</ele></trkpt>
   <trkpt lat="50.782744" lon="7.151257"><ele>56.25</ele></trkpt>
   <trkpt lat="50.783142" lon="7.151471"><ele>56.5</ele></trkpt>
   <trkpt lat="50.783537" lon="7.151701"><ele>57.25</ele></trkpt>
   <trkpt lat="50.78419" lon="7.15209"><ele>58.25</ele></trkpt>
   <trkpt lat="50.784557" lon="7.152308"><ele>57.5</ele></trkpt>
   <trkpt lat="50.784583" lon="7.152324"><ele>57.5</ele></trkpt>
   <trkpt lat="50.78493" lon="7.152531"><ele>57</ele></trkpt>
   <trkpt lat="50.786294" lon="7.153339"><ele>55.25</ele></trkpt>
   <trkpt lat="50.786703" lon="7.153585"><ele>55</ele></trkpt>
   <trkpt lat="50.786721" lon="7.153596"><ele>55</ele></trkpt>
   <trkpt lat="50.786909" lon="7.153708"><ele>54.5</ele></trkpt>
   <trkpt lat="50.787684" lon="7.154161"><ele>53.75</ele></trkpt>
   <trkpt lat="50.788031" lon="7.15434"><ele>53.75</ele></trkpt>
   <trkpt lat="50.788128" lon="7.154384"><ele>54</ele></trkpt>
   <trkpt lat="50.788187" lon="7.154412"><ele>54</ele></trkpt>
   <trkpt lat="50.788323" lon="7.154472"><ele>54</ele></trkpt>
   <trkpt lat="50.788581" lon="7.154579"><ele>55</ele></trkpt>
   <trkpt lat="50.788839" lon="7.154668"><ele>56.25</ele></trkpt>
   <trkpt lat="50.789105" lon="7.154757"><ele>57</ele></trkpt>
   <trkpt lat="50.789417" lon="7.154845"><ele>57</ele></trkpt>
   <trkpt lat="50.789836" lon="7.154958"><ele>56.25</ele></trkpt>
   <trkpt lat="50.790529" lon="7.155156"><ele>56</ele></trkpt>
   <trkpt lat="50.79091" lon="7.155254"><ele>56</ele></trkpt>
   <trkpt lat="50.791607" lon="7.155449"><ele>56.75</ele></trkpt>
   <trkpt lat="50.792853" lon="7.155793"><ele>55.5</ele></trkpt>
   <trkpt lat="50.793092" lon="7.155859"><ele>55.25</ele></trkpt>
   <trkpt lat="50.794367" lon="7.156203"><ele>55.75</ele></trkpt>
   <trkpt lat="50.79496" lon="7.15638"><ele>57.5</ele></trkpt>
   <trkpt lat="50.79516" lon="7.156438"><ele>57.75</ele></trkpt>
   <trkpt lat="50.795178" lon="7.156443"><ele>57.75</ele></trkpt>
   <trkpt lat="50.795772" lon="7.156608"><ele>58.75</ele></trkpt>
   <trkpt lat="50.796333" lon="7.156766"><ele>56</ele></trkpt>
   <trkpt lat="50.796365" lon="7.156776"><ele>55.75</ele></trkpt>
   <trkpt lat="50.798162" lon="7.157273"><ele>53.5</ele></trkpt>
   <trkpt lat="50.798206" lon="7.157283"><ele>53.75</ele></trkpt>
   <trkpt lat="50.798231" lon="7.157291"><ele>53.75</ele></trkpt>
   <trkpt lat="50.798464" lon="7.157362"><ele>54</ele></trkpt>
   <trkpt lat="50.798945" lon="7.157519"><ele>54.5</ele></trkpt>
   <trkpt lat="50.799147" lon="7.157613"><ele>54.75</ele></trkpt>
   <trkpt lat="50.799349" lon="7.157709"><ele>55.25</ele></trkpt>
   <trkpt lat="50.799748" lon="7.157933"><ele>56</ele></trkpt>
   <trkpt lat="50.800501" lon="7.15843"><ele>56</ele></trkpt>
   <trkpt lat="50.800915" lon="7.158732"><ele>56</ele></trkpt>
   <trkpt lat="50.80184" lon="7.159503"><ele>56.5</ele></trkpt>
   <trkpt lat="50.801875" lon="7.159527"><ele>56.5</ele></trkpt>
   <trkpt lat="50.802053" lon="7.159676"><ele>56.5</ele></trkpt>
   <trkpt lat="50.80216" lon="7.159751"><ele>56.5</ele></trkpt>
   <trkpt lat="50.802461" lon="7.159964"><ele>56.75</ele></trkpt>
   <trkpt lat="50.802797" lon="7.160187"><ele>56.25</ele></trkpt>
   <trkpt lat="50.802973" lon="7.160285"><ele>55</ele></trkpt>
   <trkpt lat="50.803236" lon="7.160431"><ele>55</ele></trkpt>
   <trkpt lat="50.80348" lon="7.160552"><ele>54.75</ele></trkpt>
   <trkpt lat="50.80369" lon="7.160635"><ele>54.75</ele></trkpt>
   <trkpt lat="50.803993" lon="7.160733"><ele>54.75</ele></trkpt>
   <trkpt lat="50.804271" lon="7.160805"><ele>55</ele></trkpt>
   <trkpt lat="50.804626" lon="7.160871"><ele>55.5</ele></trkpt>
   <trkpt lat="50.804871" lon="7.160894"><ele>55.75</ele></trkpt>
   <trkpt lat="50.805304" lon="7.160898"><ele>56</ele></trkpt>
   <trkpt lat="50.805535" lon="7.160881"><ele>56</ele></trkpt>
   <trkpt lat="50.805784" lon="7.160844"><ele>56</ele></trkpt>
   <trkpt lat="50.806114" lon="7.160769"><ele>55.75</ele></trkpt>
   <trkpt lat="50.806254" lon="7.160726"><ele>55.75</ele></trkpt>
   <trkpt lat="50.806335" lon="7.1607"><ele>55.75</ele></trkpt>
   <trkpt lat="50.806438" lon="7.160662"><ele>55.75</ele></trkpt>
   <trkpt lat="50.806736" lon="7.160529"><ele>55.5</ele></trkpt>
   <trkpt lat="50.806911" lon="7.160441"><ele>55.5</ele></trkpt>
   <trkpt lat="50.807143" lon="7.16031"><ele>55.5</ele></trkpt>
   <trkpt lat="50.807247" lon="7.160249"><ele>55.75</ele></trkpt>
   <trkpt lat="50.80748" lon="7.16009"><ele>55.75</ele></trkpt>
   <trkpt lat="50.807602" lon="7.159987"><ele>56</ele></trkpt>
   <trkpt lat="50.807824" lon="7.159834"><ele>56</ele></trkpt>
   <trkpt lat="50.807872" lon="7.159805"><ele>56</ele></trkpt>
   <trkpt lat="50.808695" lon="7.159309"><ele>54.75</ele></trkpt>
   <trkpt lat="50.809537" lon="7.158792"><ele>53.75</ele></trkpt>
   <trkpt lat="50.809772" lon="7.158651"><ele>53.5</ele></trkpt>
   <trkpt lat="50.809928" lon="7.158544"><ele>53.75</ele></trkpt>
   <trkpt lat="50.809967" lon="7.158518"><ele>53.75</ele></trkpt>
   <trkpt lat="50.810097" lon="7.15843"><ele>54</ele></trkpt>
   <trkpt lat="50.810261" lon="7.158307"><ele>54.25</ele></trkpt>
   <trkpt lat="50.810274" lon="7.15829"><ele>54.25</ele></trkpt>
   <trkpt lat="50.810584" lon="7.158018"><ele>55</ele></trkpt>
   <trkpt lat="50.810844" lon="7.157747"><ele>55.5</ele></trkpt>
   <trkpt lat="50.811121" lon="7.157404"><ele>56.5</ele></trkpt>
   <trkpt lat="50.811274" lon="7.157191"><ele>56.75</ele></trkpt>
   <trkpt lat="50.811489" lon="7.156844"><ele>56.75</ele></trkpt>
   <trkpt lat="50.81151" lon="7.15681"><ele>56.75</ele></trkpt>
   <trkpt lat="50.811672" lon="7.156518"><ele>56.75</ele></trkpt>
   <trkpt lat="50.811795" lon="7.156273"><ele>57</ele></trkpt>
   <trkpt lat="50.812021" lon="7.155728"><ele>57.5</ele></trkpt>
   <trkpt lat="50.812157" lon="7.15534"><ele>58</ele></trkpt>
   <trkpt lat="50.81233" lon="7.154869"><ele>58.25</ele></trkpt>
   <trkpt lat="50.812419" lon="7.154646"><ele>58.25</ele></trkpt>
   <trkpt lat="50.812569" lon="7.154198"><ele>58</ele></trkpt>
   <trkpt lat="50.812641" lon="7.153949"><ele>57.75</ele></trkpt>
   <trkpt lat="50.812722" lon="7.153695"><ele>57.5</ele></trkpt>
   <trkpt lat="50.812755" lon="7.153593"><ele>57.5</ele></trkpt>
   <trkpt lat="50.812954" lon="7.153028"><ele>57.5</ele></trkpt>
   <trkpt lat="50.81311" lon="7.152538"><ele>58.25</ele></trkpt>
   <trkpt lat="50.813147" lon="7.152409"><ele>58.5</ele></trkpt>
   <trkpt lat="50.813291" lon="7.151963"><ele>59.5</ele></trkpt>
   <trkpt lat="50.813374" lon="7.151728"><ele>59.75</ele></trkpt>
   <trkpt lat="50.813649" lon="7.151045"><ele>59.5</ele></trkpt>
   <trkpt lat="50.813823" lon="7.150548"><ele>59.25</ele></trkpt>
   <trkpt lat="50.813844" lon="7.150476"><ele>59.25</ele></trkpt>
   <trkpt lat="50.81435" lon="7.148868"><ele>58.75</ele></trkpt>
   <trkpt lat="50.814592" lon="7.148102"><ele>58.25</ele></trkpt>
   <trkpt lat="50.814708" lon="7.147736"><ele>58.5</ele></trkpt>
   <trkpt lat="50.815158" lon="7.1463"><ele>58.5</ele></trkpt>
   <trkpt lat="50.815474" lon="7.145297"><ele>58</ele></trkpt>
   <trkpt lat="50.815515" lon="7.145172"><ele>58</ele></trkpt>
   <trkpt lat="50.816031" lon="7.143557"><ele>58.75</ele></trkpt>
   <trkpt lat="50.816722" lon="7.141382"><ele>58</ele></trkpt>
   <trkpt lat="50.816917" lon="7.140776"><ele>57.75</ele></trkpt>
   <trkpt lat="50.817154" lon="7.140026"><ele>57.25</ele></trkpt>
   <trkpt lat="50.81733" lon="7.139493"><ele>57.75</ele></trkpt>
   <trkpt lat="50.817514" lon="7.138986"><ele>58</ele></trkpt>
   <trkpt lat="50.81767" lon="7.13858"><ele>58.25</ele></trkpt>
   <trkpt lat="50.818173" lon="7.137348"><ele>57.75</ele></trkpt>
   <trkpt lat="50.818191" lon="7.137305"><ele>57.75</ele></trkpt>
   <trkpt lat="50.818308" lon="7.137015"><ele>57.25</ele></trkpt>
   <trkpt lat="50.818515" lon="7.136464"><ele>56.75</ele></trkpt>
   <trkpt lat="50.818707" lon="7.135895"><ele>57</ele></trkpt>
   <trkpt lat="50.818792" lon="7.13563"><ele>57</ele></trkpt>
   <trkpt lat="50.818797" lon="7.135612"><ele>57</ele></trkpt>
   <trkpt lat="50.81951" lon="7.13336"><ele>55.75</ele></trkpt>
   <trkpt lat="50.820657" lon="7.129736"><ele>57.25</ele></trkpt>
   <trkpt lat="50.820761" lon="7.129407"><ele>57</ele></trkpt>
   <trkpt lat="50.821811" lon="7.126105"><ele>55.25</ele></trkpt>
   <trkpt lat="50.821933" lon="7.125724"><ele>55.25</ele></trkpt>
   <trkpt lat="50.822182" lon="7.124942"><ele>55.5</ele></trkpt>
   <trkpt lat="50.822452" lon="7.124108"><ele>54.75</ele></trkpt>
   <trkpt lat="50.82252" lon="7.123904"><ele>54.5</ele></trkpt>
   <trkpt lat="50.822714" lon="7.123326"><ele>54</ele></trkpt>
   <trkpt lat="50.823039" lon="7.122396"><ele>55.25</ele></trkpt>
   <trkpt lat="50.823203" lon="7.121933"><ele>55.25</ele></trkpt>
   <trkpt lat="50.823586" lon="7.120932"><ele>55.75</ele></trkpt>
   <trkpt lat="50.823937" lon="7.120084"><ele>56</ele></trkpt>
   <trkpt lat="50.824105" lon="7.119693"><ele>56</ele></trkpt>
   <trkpt lat="50.824497" lon="7.118839"><ele>56</ele></trkpt>
   <trkpt lat="50.824969" lon="7.117873"><ele>56.5</ele></trkpt>
   <trkpt lat="50.825172" lon="7.117513"><ele>56.5</ele></trkpt>
   <trkpt lat="50.82524" lon="7.117393"><ele>56.25</ele></trkpt>
   <trkpt lat="50.825527" lon="7.116886"><ele>55.5</ele></trkpt>
   <trkpt lat="50.82576" lon="7.116502"><ele>55.25</ele></trkpt>
   <trkpt lat="50.825964" lon="7.116165"><ele>55.5</ele></trkpt>
   <trkpt lat="50.826354" lon="7.115583"><ele>55.75</ele></trkpt>
   <trkpt lat="50.827044" lon="7.114571"><ele>55.25</ele></trkpt>
  </trkseg>
 </trk>
</gpx>