<?xml version="1.0" encoding="UTF-8"?>
<!-- track-length = 399514 filtered ascend = 734 plain-ascend = 131 cost=399514 energy=4.9kwh time=8h 52m 42s -->
<gpx 
 xmlns="http://www.topografix.com/GPX/1/1" 
 xmlns:xsi="http://www.w3.org/2001/XMLSchema-instance" 
 xsi:schemaLocation="http://www.topografix.com/GPX/1/1 http://www.topografix.com/GPX/1/1/gpx.xsd" 
 version="1.1" 
 creator="BRouter-Web 0.18.1">
 <trk>
  <name>Malbork - Bialystok</name>
  <trkseg>
   <trkpt lat="54.035509" lon="19.044358"><ele>13.5</ele></trkpt>
   <trkpt lat="54.035267" lon="19.0453"><ele>13</ele></trkpt>
   <trkpt lat="54.035103" lon="19.045899"><ele>13</ele></trkpt>
   <trkpt lat="54.034889" lon="19.04665"><ele>13</ele></trkpt>
   <trkpt lat="54.034783" lon="19.04714"><ele>13.25</ele></trkpt>
   <trkpt lat="54.03467" lon="19.047586"><ele>13.25</ele></trkpt>
   <trkpt lat="54.034518" lon="19.048022"><ele>13</ele></trkpt>
   <trkpt lat="54.034276" lon="19.048695"><ele>13</ele></trkpt>
   <trkpt lat="54.034085" lon="19.04926"><ele>13</ele></trkpt>
   <trkpt lat="54.034044" lon="19.049377"><ele>13.25</ele></trkpt>
   <trkpt lat="54.033804" lon="19.050039"><ele>13.25</ele></trkpt>
   <trkpt lat="54.033749" lon="19.050177"><ele>13.5</ele></trkpt>
   <trkpt lat="54.033639" lon="19.050419"><ele>13.5</ele></trkpt>
   <trkpt lat="54.03346" lon="19.050772"><ele>13.75</ele></trkpt>
   <trkpt lat="54.033355" lon="19.051027"><ele>13.5</ele></trkpt>
   <trkpt lat="54.033196" lon="19.051395"><ele>13</ele></trkpt>
   <trkpt lat="54.033004" lon="19.051774"><ele>12.5</ele></trkpt>
   <trkpt lat="54.032809" lon="19.052116"><ele>12.25</ele></trkpt>
   <trkpt lat="54.032604" lon="19.052436"><ele>12</ele></trkpt>
   <trkpt lat="54.032412" lon="19.052695"><ele>12.25</ele></trkpt>
   <trkpt lat="54.032284" lon="19.052854"><ele>12.5</ele></trkpt>
   <trkpt lat="54.032069" lon="19.053094"><ele>12.75</ele></trkpt>
   <trkpt lat="54.031804" lon="19.053349"><ele>13</ele></trkpt>
   <trkpt lat="54.031547" lon="19.053555"><ele>13</ele></trkpt>
   <trkpt lat="54.03129" lon="19.05373"><ele>13</ele></trkpt>
   <trkpt lat="54.03104" lon="19.053871"><ele>13</ele></trkpt>
   <trkpt lat="54.030764" lon="19.053991"><ele>13</ele></trkpt>
   <trkpt lat="54.030498" lon="19.054076"><ele>13</ele></trkpt>
   <trkpt lat="54.030359" lon="19.054109"><ele>13</ele></trkpt>
   <trkpt lat="54.03008" lon="19.054152"><ele>12.75</ele></trkpt>
   <trkpt lat="54.029794" lon="19.054162"><ele>13</ele></trkpt>
   <trkpt lat="54.0295" lon="19.054141"><ele>13.5</ele></trkpt>
   <trkpt lat="54.029367" lon="19.054118"><ele>13.75</ele></trkpt>
   <trkpt lat="54.029096" lon="19.054051"><ele>14</ele></trkpt>
   <trkpt lat="54.02897" lon="19.05401"><ele>14</ele></trkpt>
   <trkpt lat="54.028821" lon="19.053954"><ele>14</ele></trkpt>
   <trkpt lat="54.028614" lon="19.053858"><ele>14</ele></trkpt>
   <trkpt lat="54.02819" lon="19.053624"><ele>14</ele></trkpt>
   <trkpt lat="54.027235" lon="19.053006"><ele>14</ele></trkpt>
   <trkpt lat="54.026872" lon="19.052738"><ele>14</ele></trkpt>
   <trkpt lat="54.026621" lon="19.052583"><ele>14</ele></trkpt>
   <trkpt lat="54.026426" lon="19.052485"><ele>14.25</ele></trkpt>
   <trkpt lat="54.02601" lon="19.052278"><ele>14.75</ele></trkpt>
   <trkpt lat="54.025787" lon="19.052144"><ele>15</ele></trkpt>
   <trkpt lat="54.025637" lon="19.052048"><ele>15</ele></trkpt>
   <trkpt lat="54.025397" lon="19.051905"><ele>15.5</ele></trkpt>
   <trkpt lat="54.025094" lon="19.051754"><ele>15.75</ele></trkpt>
   <trkpt lat="54.024842" lon="19.051605"><ele>16</ele></trkpt>
   <trkpt lat="54.024746" lon="19.051543"><ele>16.25</ele></trkpt>
   <trkpt lat="54.024522" lon="19.051385"><ele>16.25</ele></trkpt>
   <trkpt lat="54.024212" lon="19.051137"><ele>16.25</ele></trkpt>
   <trkpt lat="54.02398" lon="19.050973"><ele>16</ele></trkpt>
   <trkpt lat="54.023894" lon="19.050917"><ele>16</ele></trkpt>
   <trkpt lat="54.023765" lon="19.050833"><ele>15.75</ele></trkpt>
   <trkpt lat="54.023692" lon="19.050787"><ele>15.75</ele></trkpt>
   <trkpt lat="54.023484" lon="19.050653"><ele>15.75</ele></trkpt>
   <trkpt lat="54.022935" lon="19.050305"><ele>16</ele></trkpt>
   <trkpt lat="54.022645" lon="19.050135"><ele>16.5</ele></trkpt>
   <trkpt lat="54.022437" lon="19.050021"><ele>17</ele></trkpt>
   <trkpt lat="54.021988" lon="19.049812"><ele>17</ele></trkpt>
   <trkpt lat="54.0215" lon="19.049633"><ele>16.5</ele></trkpt>
   <trkpt lat="54.02118" lon="19.049542"><ele>16</ele></trkpt>
   <trkpt lat="54.020963" lon="19.049494"><ele>15.5</ele></trkpt>
   <trkpt lat="54.020706" lon="19.049447"><ele>15.25</ele></trkpt>
   <trkpt lat="54.020312" lon="19.049404"><ele>15.25</ele></trkpt>
   <trkpt lat="54.019431" lon="19.049361"><ele>15.75</ele></trkpt>
   <trkpt lat="54.01941" lon="19.04936"><ele>16</ele></trkpt>
   <trkpt lat="54.01867" lon="19.049337"><ele>16.75</ele></trkpt>
   <trkpt lat="54.01792" lon="19.049312"><ele>17.75</ele></trkpt>
   <trkpt lat="54.015972" lon="19.049249"><ele>20</ele></trkpt>
   <trkpt lat="54.014017" lon="19.049186"><ele>21</ele></trkpt>
   <trkpt lat="54.008925" lon="19.049006"><ele>23</ele></trkpt>
   <trkpt lat="54.008651" lon="19.048996"><ele>23</ele></trkpt>
   <trkpt lat="54.005036" lon="19.048867"><ele>23.75</ele></trkpt>
   <trkpt lat="54.002551" lon="19.048778"><ele>27</ele></trkpt>
   <trkpt lat="54.001351" lon="19.048736"><ele>27</ele></trkpt>
   <trkpt lat="53.999066" lon="19.048655"><ele>27.75</ele></trkpt>
   <trkpt lat="53.998513" lon="19.048644"><ele>28.5</ele></trkpt>
   <trkpt lat="53.998006" lon="19.048653"><ele>29.5</ele></trkpt>
   <trkpt lat="53.997475" lon="19.0487"><ele>30.75</ele></trkpt>
   <trkpt lat="53.997118" lon="19.048763"><ele>30.25</ele></trkpt>
   <trkpt lat="53.996789" lon="19.048838"><ele>29.75</ele></trkpt>
   <trkpt lat="53.996541" lon="19.048907"><ele>29.5</ele></trkpt>
   <trkpt lat="53.996233" lon="19.049013"><ele>29.5</ele></trkpt>
   <trkpt lat="53.996073" lon="19.049072"><ele>29.75</ele></trkpt>
   <trkpt lat="53.995681" lon="19.049246"><ele>30.75</ele></trkpt>
   <trkpt lat="53.995376" lon="19.049404"><ele>32</ele></trkpt>
   <trkpt lat="53.994863" lon="19.049712"><ele>33.5</ele></trkpt>
   <trkpt lat="53.994503" lon="19.049967"><ele>33.25</ele></trkpt>
   <trkpt lat="53.994256" lon="19.050159"><ele>32.75</ele></trkpt>
   <trkpt lat="53.993901" lon="19.050465"><ele>31.5</ele></trkpt>
   <trkpt lat="53.993713" lon="19.050638"><ele>31.25</ele></trkpt>
   <trkpt lat="53.993473" lon="19.050885"><ele>30.75</ele></trkpt>
   <trkpt lat="53.993186" lon="19.051195"><ele>30.5</ele></trkpt>
   <trkpt lat="53.99292" lon="19.051504"><ele>30.25</ele></trkpt>
   <trkpt lat="53.992507" lon="19.052035"><ele>31.25</ele></trkpt>
   <trkpt lat="53.992162" lon="19.052534"><ele>31.5</ele></trkpt>
   <trkpt lat="53.991855" lon="19.053023"><ele>32.25</ele></trkpt>
   <trkpt lat="53.991572" lon="19.05352"><ele>33.5</ele></trkpt>
   <trkpt lat="53.991423" lon="19.053802"><ele>34.25</ele></trkpt>
   <trkpt lat="53.99124" lon="19.054165"><ele>34.75</ele></trkpt>
   <trkpt lat="53.990957" lon="19.054777"><ele>36.5</ele></trkpt>
   <trkpt lat="53.990691" lon="19.055418"><ele>37</ele></trkpt>
   <trkpt lat="53.990438" lon="19.056099"><ele>37</ele></trkpt>
   <trkpt lat="53.99022" lon="19.056762"><ele>36.5</ele></trkpt>
   <trkpt lat="53.990113" lon="19.05711"><ele>36.25</ele></trkpt>
   <trkpt lat="53.990017" lon="19.05745"><ele>36</ele></trkpt>
   <trkpt lat="53.989812" lon="19.058263"><ele>35.5</ele></trkpt>
   <trkpt lat="53.989695" lon="19.05878"><ele>35.25</ele></trkpt>
   <trkpt lat="53.989604" lon="19.059206"><ele>35</ele></trkpt>
   <trkpt lat="53.98938" lon="19.060339"><ele>34.5</ele></trkpt>
   <trkpt lat="53.988186" lon="19.066471"><ele>32.25</ele></trkpt>
   <trkpt lat="53.988123" lon="19.066793"><ele>31.25</ele></trkpt>
   <trkpt lat="53.988022" lon="19.067301"><ele>30.25</ele></trkpt>
   <trkpt lat="53.987932" lon="19.067734"><ele>29.25</ele></trkpt>
   <trkpt lat="53.987816" lon="19.068279"><ele>28.25</ele></trkpt>
   <trkpt lat="53.987612" lon="19.069156"><ele>30.25</ele></trkpt>
   <trkpt lat="53.987504" lon="19.069599"><ele>32</ele></trkpt>
   <trkpt lat="53.98725" lon="19.070545"><ele>34.25</ele></trkpt>
   <trkpt lat="53.987022" lon="19.071324"><ele>33.75</ele></trkpt>
   <trkpt lat="53.986844" lon="19.071893"><ele>33</ele></trkpt>
   <trkpt lat="53.986542" lon="19.072787"><ele>32</ele></trkpt>
   <trkpt lat="53.986535" lon="19.072806"><ele>32</ele></trkpt>
   <trkpt lat="53.986389" lon="19.073213"><ele>30.75</ele></trkpt>
   <trkpt lat="53.986189" lon="19.073749"><ele>30</ele></trkpt>
   <trkpt lat="53.985848" lon="19.074596"><ele>29.75</ele></trkpt>
   <trkpt lat="53.985501" lon="19.075393"><ele>30</ele></trkpt>
   <trkpt lat="53.985136" lon="19.076163"><ele>30</ele></trkpt>
   <trkpt lat="53.984951" lon="19.076535"><ele>29.75</ele></trkpt>
   <trkpt lat="53.984757" lon="19.076913"><ele>30</ele></trkpt>
   <trkpt lat="53.984361" lon="19.077639"><ele>30.75</ele></trkpt>
   <trkpt lat="53.983921" lon="19.07839"><ele>31.75</ele></trkpt>
   <trkpt lat="53.98352" lon="19.079019"><ele>31.75</ele></trkpt>
   <trkpt lat="53.983117" lon="19.079616"><ele>31.25</ele></trkpt>
   <trkpt lat="53.982464" lon="19.080519"><ele>32</ele></trkpt>
   <trkpt lat="53.980313" lon="19.083371"><ele>33</ele></trkpt>
   <trkpt lat="53.97945" lon="19.084516"><ele>32.5</ele></trkpt>
   <trkpt lat="53.979237" lon="19.084797"><ele>32.75</ele></trkpt>
   <trkpt lat="53.978227" lon="19.086137"><ele>31.5</ele></trkpt>
   <trkpt lat="53.977522" lon="19.087072"><ele>35.25</ele></trkpt>
   <trkpt lat="53.97681" lon="19.08801"><ele>39.5</ele></trkpt>
   <trkpt lat="53.976221" lon="19.088747"><ele>41</ele></trkpt>
   <trkpt lat="53.975809" lon="19.089223"><ele>41</ele></trkpt>
   <trkpt lat="53.975422" lon="19.089628"><ele>41.25</ele></trkpt>
   <trkpt lat="53.975053" lon="19.08998"><ele>41.75</ele></trkpt>
   <trkpt lat="53.974803" lon="19.090198"><ele>42</ele></trkpt>
   <trkpt lat="53.974395" lon="19.090528"><ele>42.5</ele></trkpt>
   <trkpt lat="53.97397" lon="19.090833"><ele>43</ele></trkpt>
   <trkpt lat="53.973747" lon="19.090976"><ele>43</ele></trkpt>
   <trkpt lat="53.973304" lon="19.091234"><ele>42.5</ele></trkpt>
   <trkpt lat="53.973088" lon="19.091348"><ele>42.25</ele></trkpt>
   <trkpt lat="53.97276" lon="19.091501"><ele>42.25</ele></trkpt>
   <trkpt lat="53.972418" lon="19.091642"><ele>42</ele></trkpt>
   <trkpt lat="53.97194" lon="19.091804"><ele>42.5</ele></trkpt>
   <trkpt lat="53.971723" lon="19.091866"><ele>42.75</ele></trkpt>
   <trkpt lat="53.971268" lon="19.091969"><ele>42.5</ele></trkpt>
   <trkpt lat="53.97055" lon="19.092085"><ele>42</ele></trkpt>
   <trkpt lat="53.968692" lon="19.092285"><ele>42</ele></trkpt>
   <trkpt lat="53.968115" lon="19.092362"><ele>42</ele></trkpt>
   <trkpt lat="53.967638" lon="19.092448"><ele>42</ele></trkpt>
   <trkpt lat="53.967393" lon="19.092504"><ele>41.75</ele></trkpt>
   <trkpt lat="53.966937" lon="19.092635"><ele>41</ele></trkpt>
   <trkpt lat="53.966606" lon="19.092751"><ele>40.5</ele></trkpt>
   <trkpt lat="53.966123" lon="19.092956"><ele>38.75</ele></trkpt>
   <trkpt lat="53.965746" lon="19.093145"><ele>37.75</ele></trkpt>
   <trkpt lat="53.965249" lon="19.093432"><ele>36.5</ele></trkpt>
   <trkpt lat="53.964764" lon="19.093756"><ele>36</ele></trkpt>
   <trkpt lat="53.964553" lon="19.093907"><ele>36</ele></trkpt>
   <trkpt lat="53.963869" lon="19.094415"><ele>34.5</ele></trkpt>
   <trkpt lat="53.960976" lon="19.096611"><ele>29</ele></trkpt>
   <trkpt lat="53.960485" lon="19.097006"><ele>30.5</ele></trkpt>
   <trkpt lat="53.960255" lon="19.097206"><ele>31.25</ele></trkpt>
   <trkpt lat="53.960042" lon="19.097394"><ele>31.75</ele></trkpt>
   <trkpt lat="53.959598" lon="19.097822"><ele>32.25</ele></trkpt>
   <trkpt lat="53.959393" lon="19.098034"><ele>32.5</ele></trkpt>
   <trkpt lat="53.958977" lon="19.098493"><ele>32.75</ele></trkpt>
   <trkpt lat="53.958574" lon="19.098978"><ele>31.5</ele></trkpt>
   <trkpt lat="53.958382" lon="19.099223"><ele>30.75</ele></trkpt>
   <trkpt lat="53.957762" lon="19.100057"><ele>29.5</ele></trkpt>
   <trkpt lat="53.956113" lon="19.10236"><ele>37.25</ele></trkpt>
   <trkpt lat="53.955405" lon="19.10335"><ele>37.5</ele></trkpt>
   <trkpt lat="53.954608" lon="19.104466"><ele>36</ele></trkpt>
   <trkpt lat="53.951913" lon="19.108233"><ele>28</ele></trkpt>
   <trkpt lat="53.951821" lon="19.108365"><ele>27.5</ele></trkpt>
   <trkpt lat="53.951312" lon="19.109117"><ele>26</ele></trkpt>
   <trkpt lat="53.950868" lon="19.109833"><ele>25.75</ele></trkpt>
   <trkpt lat="53.950468" lon="19.110519"><ele>27</ele></trkpt>
   <trkpt lat="53.949301" lon="19.112613"><ele>30.5</ele></trkpt>
   <trkpt lat="53.947681" lon="19.115518"><ele>35.5</ele></trkpt>
   <trkpt lat="53.94723" lon="19.116286"><ele>36</ele></trkpt>
   <trkpt lat="53.946883" lon="19.116838"><ele>35</ele></trkpt>
   <trkpt lat="53.946703" lon="19.117104"><ele>34</ele></trkpt>
   <trkpt lat="53.946324" lon="19.11763"><ele>32.25</ele></trkpt>
   <trkpt lat="53.946146" lon="19.11786"><ele>31.5</ele></trkpt>
   <trkpt lat="53.945759" lon="19.118325"><ele>30.5</ele></trkpt>
   <trkpt lat="53.945365" lon="19.118757"><ele>29</ele></trkpt>
   <trkpt lat="53.944965" lon="19.119151"><ele>27.75</ele></trkpt>
   <trkpt lat="53.944744" lon="19.119352"><ele>28.25</ele></trkpt>
   <trkpt lat="53.944553" lon="19.119518"><ele>28.75</ele></trkpt>
   <trkpt lat="53.944127" lon="19.119857"><ele>30.5</ele></trkpt>
   <trkpt lat="53.943702" lon="19.120155"><ele>31.75</ele></trkpt>
   <trkpt lat="53.943487" lon="19.120292"><ele>32.5</ele></trkpt>
   <trkpt lat="53.943036" lon="19.120551"><ele>34.25</ele></trkpt>
   <trkpt lat="53.942627" lon="19.12075"><ele>36.25</ele></trkpt>
   <trkpt lat="53.942112" lon="19.120965"><ele>37.5</ele></trkpt>
   <trkpt lat="53.941886" lon="19.121045"><ele>37.75</ele></trkpt>
   <trkpt lat="53.941866" lon="19.121051"><ele>37.75</ele></trkpt>
   <trkpt lat="53.941758" lon="19.121088"><ele>37.75</ele></trkpt>
   <trkpt lat="53.940877" lon="19.121366"><ele>37.25</ele></trkpt>
   <trkpt lat="53.940597" lon="19.12145"><ele>37</ele></trkpt>
   <trkpt lat="53.939992" lon="19.121609"><ele>36.75</ele></trkpt>
   <trkpt lat="53.939788" lon="19.121657"><ele>37.25</ele></trkpt>
   <trkpt lat="53.939098" lon="19.121783"><ele>39</ele></trkpt>
   <trkpt lat="53.938691" lon="19.121839"><ele>39.5</ele></trkpt>
   <trkpt lat="53.938151" lon="19.121884"><ele>40</ele></trkpt>
   <trkpt lat="53.93734" lon="19.121916"><ele>40</ele></trkpt>
   <trkpt lat="53.935957" lon="19.12195"><ele>41.75</ele></trkpt>
   <trkpt lat="53.932802" lon="19.122024"><ele>42</ele></trkpt>
   <trkpt lat="53.93252" lon="19.12203"><ele>42</ele></trkpt>
   <trkpt lat="53.931566" lon="19.12205"><ele>41.75</ele></trkpt>
   <trkpt lat="53.93069" lon="19.122068"><ele>39.75</ele></trkpt>
   <trkpt lat="53.929574" lon="19.122091"><ele>39.5</ele></trkpt>
   <trkpt lat="53.929418" lon="19.122097"><ele>39.5</ele></trkpt>
   <trkpt lat="53.928527" lon="19.122115"><ele>40.75</ele></trkpt>
   <trkpt lat="53.926996" lon="19.122153"><ele>43.75</ele></trkpt>
   <trkpt lat="53.924145" lon="19.122221"><ele>45.75</ele></trkpt>
   <trkpt lat="53.92072" lon="19.122303"><ele>45</ele></trkpt>
   <trkpt lat="53.919186" lon="19.122341"><ele>45.75</ele></trkpt>
   <trkpt lat="53.919032" lon="19.122343"><ele>46</ele></trkpt>
   <trkpt lat="53.918635" lon="19.122365"><ele>46</ele></trkpt>
   <trkpt lat="53.918072" lon="19.122429"><ele>46.25</ele></trkpt>
   <trkpt lat="53.917683" lon="19.122448"><ele>46.75</ele></trkpt>
   <trkpt lat="53.916966" lon="19.122471"><ele>46.25</ele></trkpt>
   <trkpt lat="53.916563" lon="19.122493"><ele>46</ele></trkpt>
   <trkpt lat="53.91588" lon="19.12256"><ele>46</ele></trkpt>
   <trkpt lat="53.915401" lon="19.122619"><ele>46.75</ele></trkpt>
   <trkpt lat="53.914668" lon="19.122746"><ele>47.25</ele></trkpt>
   <trkpt lat="53.913751" lon="19.12295"><ele>47.5</ele></trkpt>
   <trkpt lat="53.912895" lon="19.123175"><ele>47.5</ele></trkpt>
   <trkpt lat="53.912733" lon="19.12322"><ele>47.25</ele></trkpt>
   <trkpt lat="53.9118" lon="19.123474"><ele>45.75</ele></trkpt>
   <trkpt lat="53.911103" lon="19.123666"><ele>44.75</ele></trkpt>
   <trkpt lat="53.910622" lon="19.123811"><ele>45</ele></trkpt>
   <trkpt lat="53.910352" lon="19.123899"><ele>45.75</ele></trkpt>
   <trkpt lat="53.910103" lon="19.123993"><ele>46.5</ele></trkpt>
   <trkpt lat="53.909877" lon="19.124085"><ele>47</ele></trkpt>
   <trkpt lat="53.909449" lon="19.124281"><ele>47.5</ele></trkpt>
   <trkpt lat="53.908983" lon="19.124533"><ele>47</ele></trkpt>
   <trkpt lat="53.908549" lon="19.124806"><ele>45.75</ele></trkpt>
   <trkpt lat="53.908321" lon="19.124965"><ele>45</ele></trkpt>
   <trkpt lat="53.907901" lon="19.125283"><ele>44</ele></trkpt>
   <trkpt lat="53.907691" lon="19.125458"><ele>43.5</ele></trkpt>
   <trkpt lat="53.907287" lon="19.125822"><ele>43.5</ele></trkpt>
   <trkpt lat="53.907075" lon="19.12603"><ele>43.5</ele></trkpt>
   <trkpt lat="53.906678" lon="19.126444"><ele>44</ele></trkpt>
   <trkpt lat="53.906286" lon="19.126882"><ele>44.75</ele></trkpt>
   <trkpt lat="53.905879" lon="19.127359"><ele>45.75</ele></trkpt>
   <trkpt lat="53.899544" lon="19.134916"><ele>52</ele></trkpt>
   <trkpt lat="53.899313" lon="19.135191"><ele>53.25</ele></trkpt>
   <trkpt lat="53.897203" lon="19.137705"><ele>48.5</ele></trkpt>
   <trkpt lat="53.896803" lon="19.138153"><ele>48.5</ele></trkpt>
   <trkpt lat="53.896603" lon="19.138364"><ele>48.75</ele></trkpt>
   <trkpt lat="53.89642" lon="19.138543"><ele>49.25</ele></trkpt>
   <trkpt lat="53.896069" lon="19.138857"><ele>49.75</ele></trkpt>
   <trkpt lat="53.895874" lon="19.139012"><ele>50.25</ele></trkpt>
   <trkpt lat="53.895492" lon="19.139286"><ele>51.5</ele></trkpt>
   <trkpt lat="53.895317" lon="19.139398"><ele>51.75</ele></trkpt>
   <trkpt lat="53.894932" lon="19.139612"><ele>52.5</ele></trkpt>
   <trkpt lat="53.894729" lon="19.13971"><ele>53</ele></trkpt>
   <trkpt lat="53.894334" lon="19.139872"><ele>53.5</ele></trkpt>
   <trkpt lat="53.893938" lon="19.139994"><ele>54.75</ele></trkpt>
   <trkpt lat="53.893542" lon="19.140079"><ele>56.5</ele></trkpt>
   <trkpt lat="53.893132" lon="19.140127"><ele>57.5</ele></trkpt>
   <trkpt lat="53.892926" lon="19.140136"><ele>57.75</ele></trkpt>
   <trkpt lat="53.892529" lon="19.140129"><ele>58</ele></trkpt>
   <trkpt lat="53.892336" lon="19.140112"><ele>58.5</ele></trkpt>
   <trkpt lat="53.892135" lon="19.140086"><ele>59.25</ele></trkpt>
   <trkpt lat="53.891923" lon="19.140045"><ele>60</ele></trkpt>
   <trkpt lat="53.891517" lon="19.139944"><ele>61</ele></trkpt>
   <trkpt lat="53.891114" lon="19.139804"><ele>61.75</ele></trkpt>
   <trkpt lat="53.890932" lon="19.139727"><ele>62</ele></trkpt>
   <trkpt lat="53.890719" lon="19.139625"><ele>62.25</ele></trkpt>
   <trkpt lat="53.89035" lon="19.13942"><ele>62.25</ele></trkpt>
   <trkpt lat="53.889961" lon="19.139166"><ele>61.75</ele></trkpt>
   <trkpt lat="53.889518" lon="19.138831"><ele>60.5</ele></trkpt>
   <trkpt lat="53.888816" lon="19.138253"><ele>59.75</ele></trkpt>
   <trkpt lat="53.885955" lon="19.13586"><ele>61</ele></trkpt>
   <trkpt lat="53.885287" lon="19.135309"><ele>61.25</ele></trkpt>
   <trkpt lat="53.884911" lon="19.135023"><ele>61.25</ele></trkpt>
   <trkpt lat="53.88473" lon="19.134899"><ele>61.75</ele></trkpt>
   <trkpt lat="53.884555" lon="19.134784"><ele>62</ele></trkpt>
   <trkpt lat="53.884179" lon="19.134567"><ele>62.75</ele></trkpt>
   <trkpt lat="53.883993" lon="19.134473"><ele>62.75</ele></trkpt>
   <trkpt lat="53.883653" lon="19.13432"><ele>62.75</ele></trkpt>
   <trkpt lat="53.883184" lon="19.134138"><ele>63</ele></trkpt>
   <trkpt lat="53.880779" lon="19.133269"><ele>68.75</ele></trkpt>
   <trkpt lat="53.880281" lon="19.133058"><ele>67.5</ele></trkpt>
   <trkpt lat="53.879777" lon="19.132812"><ele>66.25</ele></trkpt>
   <trkpt lat="53.879316" lon="19.132549"><ele>65.25</ele></trkpt>
   <trkpt lat="53.878987" lon="19.132346"><ele>64.75</ele></trkpt>
   <trkpt lat="53.87793" lon="19.131644"><ele>65.75</ele></trkpt>
   <trkpt lat="53.873755" lon="19.128868"><ele>65.75</ele></trkpt>
   <trkpt lat="53.873294" lon="19.128566"><ele>67</ele></trkpt>
   <trkpt lat="53.87297" lon="19.128365"><ele>67</ele></trkpt>
   <trkpt lat="53.872664" lon="19.12819"><ele>66.75</ele></trkpt>
   <trkpt lat="53.872265" lon="19.127996"><ele>66.75</ele></trkpt>
   <trkpt lat="53.871912" lon="19.127858"><ele>67.5</ele></trkpt>
   <trkpt lat="53.871722" lon="19.127797"><ele>67.75</ele></trkpt>
   <trkpt lat="53.871337" lon="19.127704"><ele>68.5</ele></trkpt>
   <trkpt lat="53.871138" lon="19.127669"><ele>69</ele></trkpt>
   <trkpt lat="53.870764" lon="19.127632"><ele>70</ele></trkpt>
   <trkpt lat="53.870358" lon="19.12763"><ele>71</ele></trkpt>
   <trkpt lat="53.869973" lon="19.127666"><ele>72</ele></trkpt>
   <trkpt lat="53.86959" lon="19.127739"><ele>72.25</ele></trkpt>
   <trkpt lat="53.869412" lon="19.127785"><ele>72.5</ele></trkpt>
   <trkpt lat="53.869028" lon="19.127911"><ele>73.5</ele></trkpt>
   <trkpt lat="53.86884" lon="19.127987"><ele>74.25</ele></trkpt>
   <trkpt lat="53.86846" lon="19.128171"><ele>75.5</ele></trkpt>
   <trkpt lat="53.868276" lon="19.128273"><ele>76</ele></trkpt>
   <trkpt lat="53.8679" lon="19.128503"><ele>76.5</ele></trkpt>
   <trkpt lat="53.867585" lon="19.128709"><ele>76.75</ele></trkpt>
   <trkpt lat="53.865095" lon="19.130426"><ele>78</ele></trkpt>
   <trkpt lat="53.86469" lon="19.130746"><ele>78.25</ele></trkpt>
   <trkpt lat="53.864329" lon="19.131057"><ele>78.5</ele></trkpt>
   <trkpt lat="53.864018" lon="19.131342"><ele>78</ele></trkpt>
   <trkpt lat="53.863704" lon="19.13168"><ele>76.75</ele></trkpt>
   <trkpt lat="53.863392" lon="19.132063"><ele>76</ele></trkpt>
   <trkpt lat="53.863108" lon="19.132448"><ele>75.5</ele></trkpt>
   <trkpt lat="53.862973" lon="19.132645"><ele>75.5</ele></trkpt>
   <trkpt lat="53.86268" lon="19.133114"><ele>75.75</ele></trkpt>
   <trkpt lat="53.862368" lon="19.133657"><ele>76</ele></trkpt>
   <trkpt lat="53.861073" lon="19.136062"><ele>74.25</ele></trkpt>
   <trkpt lat="53.86069" lon="19.136749"><ele>75</ele></trkpt>
   <trkpt lat="53.860532" lon="19.137017"><ele>75.25</ele></trkpt>
   <trkpt lat="53.860058" lon="19.137787"><ele>76.25</ele></trkpt>
   <trkpt lat="53.859879" lon="19.138056"><ele>76.75</ele></trkpt>
   <trkpt lat="53.859632" lon="19.138424"><ele>77.5</ele></trkpt>
   <trkpt lat="53.859182" lon="19.139051"><ele>78</ele></trkpt>
   <trkpt lat="53.858487" lon="19.139996"><ele>77</ele></trkpt>
   <trkpt lat="53.857786" lon="19.140946"><ele>76</ele></trkpt>
   <trkpt lat="53.857538" lon="19.141284"><ele>76.25</ele></trkpt>
   <trkpt lat="53.857342" lon="19.141549"><ele>76.5</ele></trkpt>
   <trkpt lat="53.856841" lon="19.142227"><ele>76</ele></trkpt>
   <trkpt lat="53.85614" lon="19.143178"><ele>77.25</ele></trkpt>
   <trkpt lat="53.855831" lon="19.143601"><ele>78</ele></trkpt>
   <trkpt lat="53.85545" lon="19.144143"><ele>78.25</ele></trkpt>
   <trkpt lat="53.855087" lon="19.144705"><ele>79.5</ele></trkpt>
   <trkpt lat="53.854792" lon="19.145195"><ele>79.5</ele></trkpt>
   <trkpt lat="53.854531" lon="19.145651"><ele>79.25</ele></trkpt>
   <trkpt lat="53.854192" lon="19.146299"><ele>80</ele></trkpt>
   <trkpt lat="53.854026" lon="19.146636"><ele>80.5</ele></trkpt>
   <trkpt lat="53.853861" lon="19.146978"><ele>80.25</ele></trkpt>
   <trkpt lat="53.853704" lon="19.147325"><ele>80.25</ele></trkpt>
   <trkpt lat="53.853419" lon="19.147993"><ele>80.5</ele></trkpt>
   <trkpt lat="53.853294" lon="19.1483"><ele>80.75</ele></trkpt>
   <trkpt lat="53.853026" lon="19.149005"><ele>81</ele></trkpt>
   <trkpt lat="53.852656" lon="19.150057"><ele>81</ele></trkpt>
   <trkpt lat="53.852408" lon="19.150783"><ele>80.75</ele></trkpt>
   <trkpt lat="53.851582" lon="19.15318"><ele>80.75</ele></trkpt>
   <trkpt lat="53.85098" lon="19.154927"><ele>81.75</ele></trkpt>
   <trkpt lat="53.850701" lon="19.155736"><ele>82</ele></trkpt>
   <trkpt lat="53.850529" lon="19.156233"><ele>82.25</ele></trkpt>
   <trkpt lat="53.850241" lon="19.157071"><ele>82.75</ele></trkpt>
   <trkpt lat="53.850088" lon="19.157512"><ele>82.75</ele></trkpt>
   <trkpt lat="53.849843" lon="19.158217"><ele>82.25</ele></trkpt>
   <trkpt lat="53.849599" lon="19.158881"><ele>82.25</ele></trkpt>
   <trkpt lat="53.849464" lon="19.159221"><ele>82.5</ele></trkpt>
   <trkpt lat="53.849286" lon="19.159641"><ele>82.25</ele></trkpt>
   <trkpt lat="53.84908" lon="19.160083"><ele>81.25</ele></trkpt>
   <trkpt lat="53.848889" lon="19.160455"><ele>80.25</ele></trkpt>
   <trkpt lat="53.848832" lon="19.160565"><ele>79.75</ele></trkpt>
   <trkpt lat="53.848589" lon="19.160984"><ele>78.75</ele></trkpt>
   <trkpt lat="53.848457" lon="19.161197"><ele>78.25</ele></trkpt>
   <trkpt lat="53.848159" lon="19.161641"><ele>77</ele></trkpt>
   <trkpt lat="53.847879" lon="19.162012"><ele>76</ele></trkpt>
   <trkpt lat="53.847493" lon="19.162465"><ele>74.75</ele></trkpt>
   <trkpt lat="53.84725" lon="19.162714"><ele>75.25</ele></trkpt>
   <trkpt lat="53.847095" lon="19.162861"><ele>75.5</ele></trkpt>
   <trkpt lat="53.846756" lon="19.163162"><ele>76.5</ele></trkpt>
   <trkpt lat="53.846286" lon="19.16354"><ele>77.25</ele></trkpt>
   <trkpt lat="53.845975" lon="19.16377"><ele>77.75</ele></trkpt>
   <trkpt lat="53.843782" lon="19.165373"><ele>81.75</ele></trkpt>
   <trkpt lat="53.843301" lon="19.165712"><ele>82</ele></trkpt>
   <trkpt lat="53.843057" lon="19.165872"><ele>82</ele></trkpt>
   <trkpt lat="53.842628" lon="19.166123"><ele>82.25</ele></trkpt>
   <trkpt lat="53.842255" lon="19.1663"><ele>82.5</ele></trkpt>
   <trkpt lat="53.841895" lon="19.166433"><ele>82.25</ele></trkpt>
   <trkpt lat="53.841536" lon="19.166531"><ele>82</ele></trkpt>
   <trkpt lat="53.841369" lon="19.166565"><ele>82</ele></trkpt>
   <trkpt lat="53.841013" lon="19.166614"><ele>82</ele></trkpt>
   <trkpt lat="53.840645" lon="19.16663"><ele>82.5</ele></trkpt>
   <trkpt lat="53.840441" lon="19.166624"><ele>83.25</ele></trkpt>
   <trkpt lat="53.840069" lon="19.166582"><ele>84.5</ele></trkpt>
   <trkpt lat="53.839673" lon="19.166503"><ele>84.75</ele></trkpt>
   <trkpt lat="53.839491" lon="19.166454"><ele>85</ele></trkpt>
   <trkpt lat="53.839188" lon="19.166346"><ele>85</ele></trkpt>
   <trkpt lat="53.83891" lon="19.166229"><ele>84.75</ele></trkpt>
   <trkpt lat="53.838662" lon="19.166105"><ele>84.5</ele></trkpt>
   <trkpt lat="53.838321" lon="19.165907"><ele>84</ele></trkpt>
   <trkpt lat="53.837866" lon="19.165597"><ele>85</ele></trkpt>
   <trkpt lat="53.837493" lon="19.16532"><ele>85.75</ele></trkpt>
   <trkpt lat="53.836673" lon="19.164688"><ele>88</ele></trkpt>
   <trkpt lat="53.836408" lon="19.164483"><ele>88.25</ele></trkpt>
   <trkpt lat="53.835593" lon="19.163855"><ele>88.25</ele></trkpt>
   <trkpt lat="53.835119" lon="19.163499"><ele>88</ele></trkpt>
   <trkpt lat="53.834763" lon="19.163252"><ele>88</ele></trkpt>
   <trkpt lat="53.834313" lon="19.162975"><ele>88.25</ele></trkpt>
   <trkpt lat="53.833912" lon="19.162777"><ele>88.75</ele></trkpt>
   <trkpt lat="53.833758" lon="19.162711"><ele>89</ele></trkpt>
   <trkpt lat="53.833384" lon="19.162583"><ele>89.75</ele></trkpt>
   <trkpt lat="53.83301" lon="19.162492"><ele>88.75</ele></trkpt>
   <trkpt lat="53.832605" lon="19.162427"><ele>87.25</ele></trkpt>
   <trkpt lat="53.831901" lon="19.162364"><ele>86</ele></trkpt>
   <trkpt lat="53.830266" lon="19.162269"><ele>96.25</ele></trkpt>
   <trkpt lat="53.829765" lon="19.162257"><ele>97.5</ele></trkpt>
   <trkpt lat="53.82952" lon="19.162263"><ele>97.25</ele></trkpt>
   <trkpt lat="53.829295" lon="19.162276"><ele>97</ele></trkpt>
   <trkpt lat="53.828873" lon="19.162328"><ele>96.5</ele></trkpt>
   <trkpt lat="53.828444" lon="19.162421"><ele>96</ele></trkpt>
   <trkpt lat="53.828234" lon="19.162478"><ele>95.75</ele></trkpt>
   <trkpt lat="53.827811" lon="19.162625"><ele>94.5</ele></trkpt>
   <trkpt lat="53.827402" lon="19.162808"><ele>93.5</ele></trkpt>
   <trkpt lat="53.827196" lon="19.162916"><ele>93.5</ele></trkpt>
   <trkpt lat="53.826747" lon="19.163176"><ele>93</ele></trkpt>
   <trkpt lat="53.826021" lon="19.163656"><ele>93</ele></trkpt>
   <trkpt lat="53.823832" lon="19.165151"><ele>86.25</ele></trkpt>
   <trkpt lat="53.823561" lon="19.165336"><ele>84.75</ele></trkpt>
   <trkpt lat="53.817352" lon="19.16958"><ele>89</ele></trkpt>
   <trkpt lat="53.816516" lon="19.170151"><ele>89.5</ele></trkpt>
   <trkpt lat="53.815694" lon="19.170712"><ele>88.5</ele></trkpt>
   <trkpt lat="53.812875" lon="19.172638"><ele>90.5</ele></trkpt>
   <trkpt lat="53.812608" lon="19.172821"><ele>91.25</ele></trkpt>
   <trkpt lat="53.806538" lon="19.176969"><ele>93</ele></trkpt>
   <trkpt lat="53.798064" lon="19.182755"><ele>99</ele></trkpt>
   <trkpt lat="53.796204" lon="19.184025"><ele>98.75</ele></trkpt>
   <trkpt lat="53.795703" lon="19.184358"><ele>98.5</ele></trkpt>
   <trkpt lat="53.795205" lon="19.18467"><ele>99.75</ele></trkpt>
   <trkpt lat="53.794605" lon="19.185008"><ele>99.5</ele></trkpt>
   <trkpt lat="53.794353" lon="19.185139"><ele>99</ele></trkpt>
   <trkpt lat="53.793785" lon="19.185409"><ele>98.25</ele></trkpt>
   <trkpt lat="53.790598" lon="19.18679"><ele>95.5</ele></trkpt>
   <trkpt lat="53.790319" lon="19.18691"><ele>95.25</ele></trkpt>
   <trkpt lat="53.786222" lon="19.18868"><ele>91.75</ele></trkpt>
   <trkpt lat="53.785939" lon="19.18881"><ele>92.5</ele></trkpt>
   <trkpt lat="53.785683" lon="19.188935"><ele>92.5</ele></trkpt>
   <trkpt lat="53.785264" lon="19.189165"><ele>92.25</ele></trkpt>
   <trkpt lat="53.785039" lon="19.189309"><ele>92.5</ele></trkpt>
   <trkpt lat="53.784697" lon="19.189562"><ele>92.5</ele></trkpt>
   <trkpt lat="53.784373" lon="19.189854"><ele>92.25</ele></trkpt>
   <trkpt lat="53.784049" lon="19.190179"><ele>91.25</ele></trkpt>
   <trkpt lat="53.783739" lon="19.190536"><ele>89.5</ele></trkpt>
   <trkpt lat="53.783592" lon="19.190723"><ele>88.5</ele></trkpt>
   <trkpt lat="53.783299" lon="19.191125"><ele>86.25</ele></trkpt>
   <trkpt lat="53.783155" lon="19.191344"><ele>85.5</ele></trkpt>
   <trkpt lat="53.783026" lon="19.191554"><ele>85</ele></trkpt>
   <trkpt lat="53.782751" lon="19.192035"><ele>84</ele></trkpt>
   <trkpt lat="53.782468" lon="19.192581"><ele>82.75</ele></trkpt>
   <trkpt lat="53.7823" lon="19.192923"><ele>83</ele></trkpt>
   <trkpt lat="53.781326" lon="19.19494"><ele>84</ele></trkpt>
   <trkpt lat="53.780915" lon="19.195739"><ele>83.75</ele></trkpt>
   <trkpt lat="53.780684" lon="19.196145"><ele>84</ele></trkpt>
   <trkpt lat="53.780525" lon="19.196401"><ele>84.25</ele></trkpt>
   <trkpt lat="53.780359" lon="19.196646"><ele>84.75</ele></trkpt>
   <trkpt lat="53.780097" lon="19.196997"><ele>84.75</ele></trkpt>
   <trkpt lat="53.779957" lon="19.197168"><ele>84.75</ele></trkpt>
   <trkpt lat="53.779814" lon="19.197335"><ele>84.75</ele></trkpt>
   <trkpt lat="53.779487" lon="19.197673"><ele>85.25</ele></trkpt>
   <trkpt lat="53.779101" lon="19.198025"><ele>87</ele></trkpt>
   <trkpt lat="53.778936" lon="19.198168"><ele>87.75</ele></trkpt>
   <trkpt lat="53.778004" lon="19.198927"><ele>90.5</ele></trkpt>
   <trkpt lat="53.77679" lon="19.199906"><ele>92</ele></trkpt>
   <trkpt lat="53.776109" lon="19.200436"><ele>92</ele></trkpt>
   <trkpt lat="53.775903" lon="19.200585"><ele>92.5</ele></trkpt>
   <trkpt lat="53.775521" lon="19.200832"><ele>93.75</ele></trkpt>
   <trkpt lat="53.775185" lon="19.201015"><ele>94</ele></trkpt>
   <trkpt lat="53.774851" lon="19.201161"><ele>93.75</ele></trkpt>
   <trkpt lat="53.77449" lon="19.201285"><ele>93.5</ele></trkpt>
   <trkpt lat="53.774309" lon="19.201335"><ele>93.5</ele></trkpt>
   <trkpt lat="53.774125" lon="19.201373"><ele>93.25</ele></trkpt>
   <trkpt lat="53.77377" lon="19.201424"><ele>93.5</ele></trkpt>
   <trkpt lat="53.773415" lon="19.201441"><ele>93.5</ele></trkpt>
   <trkpt lat="53.773018" lon="19.201424"><ele>93.5</ele></trkpt>
   <trkpt lat="53.772583" lon="19.201376"><ele>93.25</ele></trkpt>
   <trkpt lat="53.771108" lon="19.201138"><ele>97.75</ele></trkpt>
   <trkpt lat="53.770559" lon="19.201053"><ele>99.25</ele></trkpt>
   <trkpt lat="53.770135" lon="19.20101"><ele>99.5</ele></trkpt>
   <trkpt lat="53.769924" lon="19.201002"><ele>99.75</ele></trkpt>
   <trkpt lat="53.769576" lon="19.20101"><ele>99.75</ele></trkpt>
   <trkpt lat="53.769395" lon="19.201026"><ele>99.75</ele></trkpt>
   <trkpt lat="53.76904" lon="19.201088"><ele>99.5</ele></trkpt>
   <trkpt lat="53.768754" lon="19.201161"><ele>98.75</ele></trkpt>
   <trkpt lat="53.768509" lon="19.201244"><ele>98</ele></trkpt>
   <trkpt lat="53.768161" lon="19.20139"><ele>96.75</ele></trkpt>
   <trkpt lat="53.767816" lon="19.201574"><ele>95.25</ele></trkpt>
   <trkpt lat="53.767631" lon="19.201691"><ele>94.25</ele></trkpt>
   <trkpt lat="53.767313" lon="19.201911"><ele>93</ele></trkpt>
   <trkpt lat="53.767153" lon="19.202037"><ele>92.5</ele></trkpt>
   <trkpt lat="53.76683" lon="19.202313"><ele>91.5</ele></trkpt>
   <trkpt lat="53.766552" lon="19.202568"><ele>90.5</ele></trkpt>
   <trkpt lat="53.766104" lon="19.203003"><ele>88.75</ele></trkpt>
   <trkpt lat="53.765665" lon="19.203433"><ele>87.75</ele></trkpt>
   <trkpt lat="53.765522" lon="19.203573"><ele>87.25</ele></trkpt>
   <trkpt lat="53.765392" lon="19.2037"><ele>87</ele></trkpt>
   <trkpt lat="53.765235" lon="19.203855"><ele>86.5</ele></trkpt>
   <trkpt lat="53.764675" lon="19.204406"><ele>86.25</ele></trkpt>
   <trkpt lat="53.764309" lon="19.204767"><ele>86.75</ele></trkpt>
   <trkpt lat="53.764265" lon="19.20481"><ele>86.75</ele></trkpt>
   <trkpt lat="53.763919" lon="19.20514"><ele>86.5</ele></trkpt>
   <trkpt lat="53.763453" lon="19.205545"><ele>86.25</ele></trkpt>
   <trkpt lat="53.763118" lon="19.205862"><ele>86</ele></trkpt>
   <trkpt lat="53.762677" lon="19.206294"><ele>87</ele></trkpt>
   <trkpt lat="53.762476" lon="19.206495"><ele>88.25</ele></trkpt>
   <trkpt lat="53.762374" lon="19.206595"><ele>88.5</ele></trkpt>
   <trkpt lat="53.762037" lon="19.206924"><ele>89</ele></trkpt>
   <trkpt lat="53.76182" lon="19.207152"><ele>89.25</ele></trkpt>
   <trkpt lat="53.761559" lon="19.207459"><ele>90</ele></trkpt>
   <trkpt lat="53.761334" lon="19.20769"><ele>91</ele></trkpt>
   <trkpt lat="53.761287" lon="19.207736"><ele>91.25</ele></trkpt>
   <trkpt lat="53.760649" lon="19.208354"><ele>95</ele></trkpt>
   <trkpt lat="53.760495" lon="19.208496"><ele>95.25</ele></trkpt>
   <trkpt lat="53.760453" lon="19.208535"><ele>95.25</ele></trkpt>
   <trkpt lat="53.760147" lon="19.208835"><ele>95.75</ele></trkpt>
   <trkpt lat="53.759867" lon="19.209133"><ele>95.75</ele></trkpt>
   <trkpt lat="53.759797" lon="19.209208"><ele>95.5</ele></trkpt>
   <trkpt lat="53.759643" lon="19.209365"><ele>95.25</ele></trkpt>
   <trkpt lat="53.759457" lon="19.209535"><ele>95</ele></trkpt>
   <trkpt lat="53.759198" lon="19.209753"><ele>95</ele></trkpt>
   <trkpt lat="53.758956" lon="19.209932"><ele>95</ele></trkpt>
   <trkpt lat="53.758648" lon="19.210137"><ele>95.5</ele></trkpt>
   <trkpt lat="53.757812" lon="19.210703"><ele>96.5</ele></trkpt>
   <trkpt lat="53.757364" lon="19.211007"><ele>96.75</ele></trkpt>
   <trkpt lat="53.756972" lon="19.211264"><ele>96.25</ele></trkpt>
   <trkpt lat="53.756422" lon="19.21161"><ele>96</ele></trkpt>
   <trkpt lat="53.756024" lon="19.211818"><ele>96.25</ele></trkpt>
   <trkpt lat="53.755206" lon="19.212227"><ele>96.75</ele></trkpt>
   <trkpt lat="53.75474" lon="19.212499"><ele>97.5</ele></trkpt>
   <trkpt lat="53.754273" lon="19.212785"><ele>98.5</ele></trkpt>
   <trkpt lat="53.753842" lon="19.213062"><ele>97.5</ele></trkpt>
   <trkpt lat="53.752742" lon="19.213795"><ele>97.25</ele></trkpt>
   <trkpt lat="53.752287" lon="19.2141"><ele>98.25</ele></trkpt>
   <trkpt lat="53.751673" lon="19.21455"><ele>98</ele></trkpt>
   <trkpt lat="53.75164" lon="19.214572"><ele>98</ele></trkpt>
   <trkpt lat="53.751603" lon="19.214597"><ele>97.75</ele></trkpt>
   <trkpt lat="53.750739" lon="19.215165"><ele>96.5</ele></trkpt>
   <trkpt lat="53.750459" lon="19.215393"><ele>96.25</ele></trkpt>
   <trkpt lat="53.750322" lon="19.215521"><ele>96</ele></trkpt>
   <trkpt lat="53.750162" lon="19.215678"><ele>96</ele></trkpt>
   <trkpt lat="53.749791" lon="19.216057"><ele>95.5</ele></trkpt>
   <trkpt lat="53.749435" lon="19.216464"><ele>94.5</ele></trkpt>
   <trkpt lat="53.749049" lon="19.216939"><ele>94</ele></trkpt>
   <trkpt lat="53.748653" lon="19.217478"><ele>94</ele></trkpt>
   <trkpt lat="53.748328" lon="19.217958"><ele>93.25</ele></trkpt>
   <trkpt lat="53.748033" lon="19.218431"><ele>91.25</ele></trkpt>
   <trkpt lat="53.747905" lon="19.21865"><ele>90.75</ele></trkpt>
   <trkpt lat="53.74788" lon="19.218693"><ele>90.5</ele></trkpt>
   <trkpt lat="53.747617" lon="19.219168"><ele>89.25</ele></trkpt>
   <trkpt lat="53.747205" lon="19.219976"><ele>89.5</ele></trkpt>
   <trkpt lat="53.74683" lon="19.220781"><ele>89.25</ele></trkpt>
   <trkpt lat="53.746377" lon="19.221811"><ele>88.75</ele></trkpt>
   <trkpt lat="53.746257" lon="19.22209"><ele>88.75</ele></trkpt>
   <trkpt lat="53.74405" lon="19.227196"><ele>90.75</ele></trkpt>
   <trkpt lat="53.743987" lon="19.227342"><ele>90.75</ele></trkpt>
   <trkpt lat="53.739566" lon="19.237584"><ele>93</ele></trkpt>
   <trkpt lat="53.739055" lon="19.238765"><ele>93</ele></trkpt>
   <trkpt lat="53.738869" lon="19.239196"><ele>94.5</ele></trkpt>
   <trkpt lat="53.738337" lon="19.240421"><ele>94.5</ele></trkpt>
   <trkpt lat="53.738071" lon="19.241046"><ele>94.25</ele></trkpt>
   <trkpt lat="53.737819" lon="19.241662"><ele>92.75</ele></trkpt>
   <trkpt lat="53.737489" lon="19.242513"><ele>91</ele></trkpt>
   <trkpt lat="53.737347" lon="19.242913"><ele>91.25</ele></trkpt>
   <trkpt lat="53.737139" lon="19.243528"><ele>92.25</ele></trkpt>
   <trkpt lat="53.736916" lon="19.244276"><ele>92.25</ele></trkpt>
   <trkpt lat="53.736685" lon="19.245111"><ele>92.75</ele></trkpt>
   <trkpt lat="53.736487" lon="19.245911"><ele>93.25</ele></trkpt>
   <trkpt lat="53.736297" lon="19.246754"><ele>95</ele></trkpt>
   <trkpt lat="53.735947" lon="19.248446"><ele>97.75</ele></trkpt>
   <trkpt lat="53.734189" lon="19.257162"><ele>88.75</ele></trkpt>
   <trkpt lat="53.734083" lon="19.257688"><ele>88.75</ele></trkpt>
   <trkpt lat="53.733046" lon="19.262802"><ele>100.5</ele></trkpt>
   <trkpt lat="53.733021" lon="19.262925"><ele>100.75</ele></trkpt>
   <trkpt lat="53.731257" lon="19.271655"><ele>94</ele></trkpt>
   <trkpt lat="53.731237" lon="19.271754"><ele>94.25</ele></trkpt>
   <trkpt lat="53.729913" lon="19.278292"><ele>107.75</ele></trkpt>
   <trkpt lat="53.729798" lon="19.278859"><ele>105.25</ele></trkpt>
   <trkpt lat="53.728685" lon="19.284356"><ele>96.5</ele></trkpt>
   <trkpt lat="53.728525" lon="19.285114"><ele>98.75</ele></trkpt>
   <trkpt lat="53.728392" lon="19.285716"><ele>99.75</ele></trkpt>
   <trkpt lat="53.728175" lon="19.286623"><ele>104.75</ele></trkpt>
   <trkpt lat="53.728031" lon="19.287179"><ele>106.25</ele></trkpt>
   <trkpt lat="53.727883" lon="19.287719"><ele>106.75</ele></trkpt>
   <trkpt lat="53.727569" lon="19.288785"><ele>104</ele></trkpt>
   <trkpt lat="53.72722" lon="19.289854"><ele>97.75</ele></trkpt>
   <trkpt lat="53.72421" lon="19.298437"><ele>102.75</ele></trkpt>
   <trkpt lat="53.724029" lon="19.298952"><ele>102.25</ele></trkpt>
   <trkpt lat="53.722151" lon="19.304304"><ele>108.25</ele></trkpt>
   <trkpt lat="53.720777" lon="19.308217"><ele>102.75</ele></trkpt>
   <trkpt lat="53.720595" lon="19.30873"><ele>102.5</ele></trkpt>
   <trkpt lat="53.720545" lon="19.308875"><ele>102</ele></trkpt>
   <trkpt lat="53.719733" lon="19.311182"><ele>93</ele></trkpt>
   <trkpt lat="53.719282" lon="19.312428"><ele>91.75</ele></trkpt>
   <trkpt lat="53.71909" lon="19.312937"><ele>92</ele></trkpt>
   <trkpt lat="53.718787" lon="19.313722"><ele>92</ele></trkpt>
   <trkpt lat="53.718482" lon="19.314486"><ele>92.25</ele></trkpt>
   <trkpt lat="53.718444" lon="19.314579"><ele>92</ele></trkpt>
   <trkpt lat="53.718174" lon="19.315235"><ele>92.5</ele></trkpt>
   <trkpt lat="53.717746" lon="19.316233"><ele>94.25</ele></trkpt>
   <trkpt lat="53.717357" lon="19.317109"><ele>94.75</ele></trkpt>
   <trkpt lat="53.717017" lon="19.317849"><ele>95</ele></trkpt>
   <trkpt lat="53.716505" lon="19.318924"><ele>96</ele></trkpt>
   <trkpt lat="53.716368" lon="19.3192"><ele>96.25</ele></trkpt>
   <trkpt lat="53.715969" lon="19.319996"><ele>98.5</ele></trkpt>
   <trkpt lat="53.715672" lon="19.320567"><ele>98</ele></trkpt>
   <trkpt lat="53.715547" lon="19.320807"><ele>98</ele></trkpt>
   <trkpt lat="53.715403" lon="19.321062"><ele>98</ele></trkpt>
   <trkpt lat="53.715131" lon="19.321482"><ele>98.5</ele></trkpt>
   <trkpt lat="53.715002" lon="19.321711"><ele>99</ele></trkpt>
   <trkpt lat="53.714901" lon="19.321909"><ele>99.25</ele></trkpt>
   <trkpt lat="53.714736" lon="19.322227"><ele>99.25</ele></trkpt>
   <trkpt lat="53.714615" lon="19.322459"><ele>99.5</ele></trkpt>
   <trkpt lat="53.714318" lon="19.32303"><ele>99.75</ele></trkpt>
   <trkpt lat="53.713627" lon="19.324356"><ele>99.25</ele></trkpt>
   <trkpt lat="53.712261" lon="19.326981"><ele>101</ele></trkpt>
   <trkpt lat="53.711294" lon="19.328834"><ele>102.25</ele></trkpt>
   <trkpt lat="53.711252" lon="19.328913"><ele>102.25</ele></trkpt>
   <trkpt lat="53.711181" lon="19.329049"><ele>102.5</ele></trkpt>
   <trkpt lat="53.711155" lon="19.329098"><ele>102.5</ele></trkpt>
   <trkpt lat="53.711064" lon="19.329272"><ele>102.75</ele></trkpt>
   <trkpt lat="53.711028" lon="19.329341"><ele>103</ele></trkpt>
   <trkpt lat="53.710447" lon="19.330444"><ele>104.75</ele></trkpt>
   <trkpt lat="53.710317" lon="19.330674"><ele>104.25</ele></trkpt>
   <trkpt lat="53.710064" lon="19.331088"><ele>103.75</ele></trkpt>
   <trkpt lat="53.709805" lon="19.33146"><ele>103</ele></trkpt>
   <trkpt lat="53.709688" lon="19.331605"><ele>102.5</ele></trkpt>
   <trkpt lat="53.709472" lon="19.331865"><ele>102.25</ele></trkpt>
   <trkpt lat="53.709209" lon="19.33214"><ele>102</ele></trkpt>
   <trkpt lat="53.709072" lon="19.332269"><ele>102</ele></trkpt>
   <trkpt lat="53.708807" lon="19.332489"><ele>102.75</ele></trkpt>
   <trkpt lat="53.708664" lon="19.332597"><ele>103.25</ele></trkpt>
   <trkpt lat="53.708382" lon="19.332782"><ele>104</ele></trkpt>
   <trkpt lat="53.708089" lon="19.332941"><ele>104.5</ele></trkpt>
   <trkpt lat="53.707832" lon="19.333051"><ele>104.25</ele></trkpt>
   <trkpt lat="53.707493" lon="19.333164"><ele>104.25</ele></trkpt>
   <trkpt lat="53.707341" lon="19.333201"><ele>105.75</ele></trkpt>
   <trkpt lat="53.707022" lon="19.333248"><ele>109.25</ele></trkpt>
   <trkpt lat="53.706713" lon="19.333264"><ele>112.75</ele></trkpt>
   <trkpt lat="53.706554" lon="19.333258"><ele>113.75</ele></trkpt>
   <trkpt lat="53.70639" lon="19.333246"><ele>114.75</ele></trkpt>
   <trkpt lat="53.706045" lon="19.333192"><ele>116.75</ele></trkpt>
   <trkpt lat="53.705106" lon="19.332971"><ele>117.5</ele></trkpt>
   <trkpt lat="53.704865" lon="19.332911"><ele>117.25</ele></trkpt>
   <trkpt lat="53.703683" lon="19.332615"><ele>116.25</ele></trkpt>
   <trkpt lat="53.702843" lon="19.332411"><ele>114.75</ele></trkpt>
   <trkpt lat="53.702431" lon="19.332339"><ele>113.5</ele></trkpt>
   <trkpt lat="53.702133" lon="19.332307"><ele>111.75</ele></trkpt>
   <trkpt lat="53.701819" lon="19.332298"><ele>109.75</ele></trkpt>
   <trkpt lat="53.701644" lon="19.332304"><ele>108.75</ele></trkpt>
   <trkpt lat="53.701255" lon="19.33234"><ele>109.25</ele></trkpt>
   <trkpt lat="53.70106" lon="19.332372"><ele>109.25</ele></trkpt>
   <trkpt lat="53.700669" lon="19.332465"><ele>110</ele></trkpt>
   <trkpt lat="53.700485" lon="19.332521"><ele>110.5</ele></trkpt>
   <trkpt lat="53.700113" lon="19.33266"><ele>111</ele></trkpt>
   <trkpt lat="53.699731" lon="19.332839"><ele>110.25</ele></trkpt>
   <trkpt lat="53.699551" lon="19.332939"><ele>109.5</ele></trkpt>
   <trkpt lat="53.699364" lon="19.333051"><ele>108.75</ele></trkpt>
   <trkpt lat="53.698958" lon="19.333333"><ele>106.75</ele></trkpt>
   <trkpt lat="53.69865" lon="19.333577"><ele>105.75</ele></trkpt>
   <trkpt lat="53.698476" lon="19.33373"><ele>105</ele></trkpt>
   <trkpt lat="53.69831" lon="19.333885"><ele>104.5</ele></trkpt>
   <trkpt lat="53.697981" lon="19.334219"><ele>103</ele></trkpt>
   <trkpt lat="53.697666" lon="19.334582"><ele>102.5</ele></trkpt>
   <trkpt lat="53.697518" lon="19.33477"><ele>102.5</ele></trkpt>
   <trkpt lat="53.697373" lon="19.334963"><ele>103.25</ele></trkpt>
   <trkpt lat="53.697129" lon="19.335311"><ele>103.5</ele></trkpt>
   <trkpt lat="53.696857" lon="19.335739"><ele>103.75</ele></trkpt>
   <trkpt lat="53.69674" lon="19.335936"><ele>103.5</ele></trkpt>
   <trkpt lat="53.696546" lon="19.336287"><ele>103.75</ele></trkpt>
   <trkpt lat="53.696499" lon="19.336375"><ele>104</ele></trkpt>
   <trkpt lat="53.696177" lon="19.337036"><ele>104.75</ele></trkpt>
   <trkpt lat="53.695936" lon="19.337604"><ele>105</ele></trkpt>
   <trkpt lat="53.695709" lon="19.338185"><ele>106.5</ele></trkpt>
   <trkpt lat="53.695453" lon="19.338882"><ele>109</ele></trkpt>
   <trkpt lat="53.695169" lon="19.339692"><ele>108.75</ele></trkpt>
   <trkpt lat="53.695007" lon="19.340154"><ele>108</ele></trkpt>
   <trkpt lat="53.694885" lon="19.3405"><ele>108</ele></trkpt>
   <trkpt lat="53.694821" lon="19.340682"><ele>108</ele></trkpt>
   <trkpt lat="53.693381" lon="19.344774"><ele>105.75</ele></trkpt>
   <trkpt lat="53.692616" lon="19.346947"><ele>107.25</ele></trkpt>
   <trkpt lat="53.69038" lon="19.353298"><ele>106.75</ele></trkpt>
   <trkpt lat="53.689461" lon="19.355908"><ele>109</ele></trkpt>
   <trkpt lat="53.689298" lon="19.356371"><ele>109</ele></trkpt>
   <trkpt lat="53.688828" lon="19.357706"><ele>110</ele></trkpt>
   <trkpt lat="53.688818" lon="19.357735"><ele>110.25</ele></trkpt>
   <trkpt lat="53.688632" lon="19.358261"><ele>111.75</ele></trkpt>
   <trkpt lat="53.684274" lon="19.370636"><ele>114.25</ele></trkpt>
   <trkpt lat="53.681714" lon="19.3779"><ele>117.25</ele></trkpt>
   <trkpt lat="53.681528" lon="19.37843"><ele>118</ele></trkpt>
   <trkpt lat="53.679721" lon="19.383566"><ele>108.5</ele></trkpt>
   <trkpt lat="53.675348" lon="19.395999"><ele>99.75</ele></trkpt>
   <trkpt lat="53.675172" lon="19.396498"><ele>99</ele></trkpt>
   <trkpt lat="53.67486" lon="19.39738"><ele>99.5</ele></trkpt>
   <trkpt lat="53.673676" lon="19.400732"><ele>101</ele></trkpt>
   <trkpt lat="53.673594" lon="19.400963"><ele>101</ele></trkpt>
   <trkpt lat="53.673052" lon="19.402497"><ele>103.25</ele></trkpt>
   <trkpt lat="53.672891" lon="19.402952"><ele>103.75</ele></trkpt>
   <trkpt lat="53.672707" lon="19.403473"><ele>104</ele></trkpt>
   <trkpt lat="53.672628" lon="19.4037"><ele>104</ele></trkpt>
   <trkpt lat="53.671831" lon="19.405957"><ele>104.25</ele></trkpt>
   <trkpt lat="53.670989" lon="19.408344"><ele>103.75</ele></trkpt>
   <trkpt lat="53.670576" lon="19.409517"><ele>104.25</ele></trkpt>
   <trkpt lat="53.670487" lon="19.409767"><ele>104.25</ele></trkpt>
   <trkpt lat="53.670068" lon="19.410953"><ele>104</ele></trkpt>
   <trkpt lat="53.6687" lon="19.414835"><ele>104</ele></trkpt>
   <trkpt lat="53.667708" lon="19.417647"><ele>103</ele></trkpt>
   <trkpt lat="53.667625" lon="19.417875"><ele>103</ele></trkpt>
   <trkpt lat="53.667091" lon="19.419393"><ele>102.75</ele></trkpt>
   <trkpt lat="53.666913" lon="19.419897"><ele>103</ele></trkpt>
   <trkpt lat="53.666613" lon="19.42074"><ele>102.75</ele></trkpt>
   <trkpt lat="53.666286" lon="19.421618"><ele>103.25</ele></trkpt>
   <trkpt lat="53.666049" lon="19.422213"><ele>103.5</ele></trkpt>
   <trkpt lat="53.66575" lon="19.422917"><ele>103.5</ele></trkpt>
   <trkpt lat="53.665603" lon="19.423245"><ele>103.5</ele></trkpt>
   <trkpt lat="53.665273" lon="19.423927"><ele>104.25</ele></trkpt>
   <trkpt lat="53.665111" lon="19.424244"><ele>104.75</ele></trkpt>
   <trkpt lat="53.664766" lon="19.424882"><ele>106</ele></trkpt>
   <trkpt lat="53.664591" lon="19.425188"><ele>106.25</ele></trkpt>
   <trkpt lat="53.664206" lon="19.425822"><ele>105</ele></trkpt>
   <trkpt lat="53.66383" lon="19.426391"><ele>103.75</ele></trkpt>
   <trkpt lat="53.663417" lon="19.426972"><ele>103.75</ele></trkpt>
   <trkpt lat="53.663061" lon="19.427433"><ele>104.25</ele></trkpt>
   <trkpt lat="53.662624" lon="19.427959"><ele>105.25</ele></trkpt>
   <trkpt lat="53.662043" lon="19.4286"><ele>106.5</ele></trkpt>
   <trkpt lat="53.659245" lon="19.431462"><ele>108</ele></trkpt>
   <trkpt lat="53.655482" lon="19.435301"><ele>103</ele></trkpt>
   <trkpt lat="53.655411" lon="19.435374"><ele>103</ele></trkpt>
   <trkpt lat="53.653402" lon="19.437424"><ele>103</ele></trkpt>
   <trkpt lat="53.653089" lon="19.437743"><ele>102.5</ele></trkpt>
   <trkpt lat="53.652323" lon="19.438525"><ele>102</ele></trkpt>
   <trkpt lat="53.651557" lon="19.439308"><ele>102.25</ele></trkpt>
   <trkpt lat="53.651332" lon="19.439542"><ele>102.75</ele></trkpt>
   <trkpt lat="53.650795" lon="19.440121"><ele>104.75</ele></trkpt>
   <trkpt lat="53.650342" lon="19.440652"><ele>105</ele></trkpt>
   <trkpt lat="53.650058" lon="19.441011"><ele>104.75</ele></trkpt>
   <trkpt lat="53.6497" lon="19.441486"><ele>104.5</ele></trkpt>
   <trkpt lat="53.649314" lon="19.442045"><ele>104.5</ele></trkpt>
   <trkpt lat="53.649106" lon="19.442364"><ele>104.75</ele></trkpt>
   <trkpt lat="53.648728" lon="19.442981"><ele>105.75</ele></trkpt>
   <trkpt lat="53.648374" lon="19.44361"><ele>105</ele></trkpt>
   <trkpt lat="53.648047" lon="19.444234"><ele>105</ele></trkpt>
   <trkpt lat="53.647711" lon="19.444908"><ele>105</ele></trkpt>
   <trkpt lat="53.645522" lon="19.44945"><ele>106.25</ele></trkpt>
   <trkpt lat="53.644937" lon="19.450665"><ele>105.25</ele></trkpt>
   <trkpt lat="53.643927" lon="19.452761"><ele>104.5</ele></trkpt>
   <trkpt lat="53.643622" lon="19.453376"><ele>103.75</ele></trkpt>
   <trkpt lat="53.643347" lon="19.45391"><ele>103.25</ele></trkpt>
   <trkpt lat="53.643062" lon="19.454433"><ele>102.75</ele></trkpt>
   <trkpt lat="53.642729" lon="19.455005"><ele>102.5</ele></trkpt>
   <trkpt lat="53.64231" lon="19.455668"><ele>102</ele></trkpt>
   <trkpt lat="53.642067" lon="19.456027"><ele>101.75</ele></trkpt>
   <trkpt lat="53.641906" lon="19.456257"><ele>101.25</ele></trkpt>
   <trkpt lat="53.641372" lon="19.456968"><ele>100.5</ele></trkpt>
   <trkpt lat="53.641097" lon="19.457306"><ele>100.25</ele></trkpt>
   <trkpt lat="53.640642" lon="19.45783"><ele>99.75</ele></trkpt>
   <trkpt lat="53.640217" lon="19.458274"><ele>99.75</ele></trkpt>
   <trkpt lat="53.639995" lon="19.458491"><ele>99.75</ele></trkpt>
   <trkpt lat="53.639534" lon="19.458917"><ele>98.75</ele></trkpt>
   <trkpt lat="53.639299" lon="19.459124"><ele>98.25</ele></trkpt>
   <trkpt lat="53.638037" lon="19.460188"><ele>98.5</ele></trkpt>
   <trkpt lat="53.637073" lon="19.461"><ele>99.5</ele></trkpt>
   <trkpt lat="53.636259" lon="19.461686"><ele>99.5</ele></trkpt>
   <trkpt lat="53.635461" lon="19.462356"><ele>97.5</ele></trkpt>
   <trkpt lat="53.635086" lon="19.462671"><ele>96.25</ele></trkpt>
   <trkpt lat="53.633643" lon="19.463884"><ele>97</ele></trkpt>
   <trkpt lat="53.632174" lon="19.465119"><ele>98.5</ele></trkpt>
   <trkpt lat="53.630667" lon="19.466387"><ele>96.75</ele></trkpt>
   <trkpt lat="53.629989" lon="19.466956"><ele>96.75</ele></trkpt>
   <trkpt lat="53.628802" lon="19.467953"><ele>96.5</ele></trkpt>
   <trkpt lat="53.628477" lon="19.468226"><ele>96.75</ele></trkpt>
   <trkpt lat="53.625019" lon="19.471132"><ele>96.5</ele></trkpt>
   <trkpt lat="53.621946" lon="19.473714"><ele>102</ele></trkpt>
   <trkpt lat="53.615532" lon="19.479102"><ele>97.75</ele></trkpt>
   <trkpt lat="53.615211" lon="19.479372"><ele>96.75</ele></trkpt>
   <trkpt lat="53.614414" lon="19.48004"><ele>97</ele></trkpt>
   <trkpt lat="53.613934" lon="19.480445"><ele>97</ele></trkpt>
   <trkpt lat="53.613904" lon="19.48047"><ele>97</ele></trkpt>
   <trkpt lat="53.613616" lon="19.480712"><ele>97</ele></trkpt>
   <trkpt lat="53.613112" lon="19.481141"><ele>97.5</ele></trkpt>
   <trkpt lat="53.612827" lon="19.4814"><ele>98.5</ele></trkpt>
   <trkpt lat="53.612534" lon="19.481679"><ele>99.75</ele></trkpt>
   <trkpt lat="53.612355" lon="19.481861"><ele>100</ele></trkpt>
   <trkpt lat="53.61206" lon="19.482181"><ele>100.5</ele></trkpt>
   <trkpt lat="53.611812" lon="19.482468"><ele>100.75</ele></trkpt>
   <trkpt lat="53.611651" lon="19.482669"><ele>101</ele></trkpt>
   <trkpt lat="53.611323" lon="19.483098"><ele>100.75</ele></trkpt>
   <trkpt lat="53.611161" lon="19.483327"><ele>100.25</ele></trkpt>
   <trkpt lat="53.61085" lon="19.483794"><ele>101</ele></trkpt>
   <trkpt lat="53.610702" lon="19.484032"><ele>102.25</ele></trkpt>
   <trkpt lat="53.610397" lon="19.484559"><ele>104.75</ele></trkpt>
   <trkpt lat="53.610132" lon="19.485054"><ele>106.25</ele></trkpt>
   <trkpt lat="53.610003" lon="19.48531"><ele>106.5</ele></trkpt>
   <trkpt lat="53.609733" lon="19.485885"><ele>106.75</ele></trkpt>
   <trkpt lat="53.609308" lon="19.486883"><ele>107.25</ele></trkpt>
   <trkpt lat="53.608881" lon="19.487953"><ele>109</ele></trkpt>
   <trkpt lat="53.607678" lon="19.490979"><ele>109</ele></trkpt>
   <trkpt lat="53.604486" lon="19.499013"><ele>117.5</ele></trkpt>
   <trkpt lat="53.604287" lon="19.499512"><ele>116.25</ele></trkpt>
   <trkpt lat="53.60401" lon="19.500209"><ele>116.25</ele></trkpt>
   <trkpt lat="53.603966" lon="19.500318"><ele>116.75</ele></trkpt>
   <trkpt lat="53.603809" lon="19.500713"><ele>118</ele></trkpt>
   <trkpt lat="53.602685" lon="19.503546"><ele>122.25</ele></trkpt>
   <trkpt lat="53.602233" lon="19.504684"><ele>121.5</ele></trkpt>
   <trkpt lat="53.600048" lon="19.510182"><ele>105.5</ele></trkpt>
   <trkpt lat="53.599736" lon="19.510982"><ele>103.5</ele></trkpt>
   <trkpt lat="53.599479" lon="19.511673"><ele>102</ele></trkpt>
   <trkpt lat="53.599246" lon="19.512355"><ele>101.75</ele></trkpt>
   <trkpt lat="53.599027" lon="19.51306"><ele>102</ele></trkpt>
   <trkpt lat="53.598874" lon="19.513613"><ele>103</ele></trkpt>
   <trkpt lat="53.598736" lon="19.514155"><ele>104</ele></trkpt>
   <trkpt lat="53.598574" lon="19.514859"><ele>105.75</ele></trkpt>
   <trkpt lat="53.598422" lon="19.515631"><ele>106.5</ele></trkpt>
   <trkpt lat="53.598286" lon="19.51645"><ele>106.25</ele></trkpt>
   <trkpt lat="53.598263" lon="19.516607"><ele>106.25</ele></trkpt>
   <trkpt lat="53.598192" lon="19.517124"><ele>106.5</ele></trkpt>
   <trkpt lat="53.598103" lon="19.517922"><ele>108</ele></trkpt>
   <trkpt lat="53.598035" lon="19.518718"><ele>108.75</ele></trkpt>
   <trkpt lat="53.59801" lon="19.519092"><ele>108.25</ele></trkpt>
   <trkpt lat="53.597661" lon="19.525298"><ele>110.25</ele></trkpt>
   <trkpt lat="53.597628" lon="19.525901"><ele>110.5</ele></trkpt>
   <trkpt lat="53.59757" lon="19.526947"><ele>110.5</ele></trkpt>
   <trkpt lat="53.597451" lon="19.529106"><ele>112.25</ele></trkpt>
   <trkpt lat="53.597325" lon="19.531627"><ele>119.5</ele></trkpt>
   <trkpt lat="53.597105" lon="19.536062"><ele>116.25</ele></trkpt>
   <trkpt lat="53.596863" lon="19.540957"><ele>107.5</ele></trkpt>
   <trkpt lat="53.596811" lon="19.541998"><ele>105.5</ele></trkpt>
   <trkpt lat="53.596747" lon="19.543251"><ele>103.75</ele></trkpt>
   <trkpt lat="53.596695" lon="19.543962"><ele>106.75</ele></trkpt>
   <trkpt lat="53.596645" lon="19.544455"><ele>109.25</ele></trkpt>
   <trkpt lat="53.596563" lon="19.545067"><ele>112.5</ele></trkpt>
   <trkpt lat="53.596459" lon="19.545683"><ele>114.5</ele></trkpt>
   <trkpt lat="53.596402" lon="19.545974"><ele>115.5</ele></trkpt>
   <trkpt lat="53.596307" lon="19.546408"><ele>117.25</ele></trkpt>
   <trkpt lat="53.596269" lon="19.546567"><ele>118</ele></trkpt>
   <trkpt lat="53.596198" lon="19.546851"><ele>118</ele></trkpt>
   <trkpt lat="53.596037" lon="19.547425"><ele>116.5</ele></trkpt>
   <trkpt lat="53.595947" lon="19.547706"><ele>115.25</ele></trkpt>
   <trkpt lat="53.595895" lon="19.547866"><ele>114.5</ele></trkpt>
   <trkpt lat="53.595769" lon="19.548227"><ele>113</ele></trkpt>
   <trkpt lat="53.595662" lon="19.54851"><ele>113</ele></trkpt>
   <trkpt lat="53.595437" lon="19.549051"><ele>113.25</ele></trkpt>
   <trkpt lat="53.5954" lon="19.549132"><ele>113.25</ele></trkpt>
   <trkpt lat="53.595109" lon="19.549754"><ele>112.5</ele></trkpt>
   <trkpt lat="53.594833" lon="19.55031"><ele>111.5</ele></trkpt>
   <trkpt lat="53.594522" lon="19.55091"><ele>110.25</ele></trkpt>
   <trkpt lat="53.594243" lon="19.551423"><ele>108.25</ele></trkpt>
   <trkpt lat="53.593719" lon="19.552378"><ele>108.5</ele></trkpt>
   <trkpt lat="53.593636" lon="19.55253"><ele>108.5</ele></trkpt>
   <trkpt lat="53.593381" lon="19.553007"><ele>107.5</ele></trkpt>
   <trkpt lat="53.593194" lon="19.553378"><ele>107</ele></trkpt>
   <trkpt lat="53.59308" lon="19.553622"><ele>107</ele></trkpt>
   <trkpt lat="53.592827" lon="19.554217"><ele>107</ele></trkpt>
   <trkpt lat="53.592749" lon="19.554415"><ele>107</ele></trkpt>
   <trkpt lat="53.59256" lon="19.554942"><ele>106.5</ele></trkpt>
   <trkpt lat="53.592381" lon="19.55551"><ele>106.25</ele></trkpt>
   <trkpt lat="53.5923" lon="19.555794"><ele>106.25</ele></trkpt>
   <trkpt lat="53.592223" lon="19.556093"><ele>105.75</ele></trkpt>
   <trkpt lat="53.592146" lon="19.556407"><ele>105.25</ele></trkpt>
   <trkpt lat="53.592066" lon="19.556769"><ele>105</ele></trkpt>
   <trkpt lat="53.592038" lon="19.556908"><ele>105.25</ele></trkpt>
   <trkpt lat="53.591915" lon="19.557583"><ele>106.25</ele></trkpt>
   <trkpt lat="53.591868" lon="19.557893"><ele>106.5</ele></trkpt>
   <trkpt lat="53.591809" lon="19.558359"><ele>106.75</ele></trkpt>
   <trkpt lat="53.591757" lon="19.55885"><ele>106.5</ele></trkpt>
   <trkpt lat="53.591733" lon="19.559147"><ele>106.25</ele></trkpt>
   <trkpt lat="53.591723" lon="19.559298"><ele>106.25</ele></trkpt>
   <trkpt lat="53.591698" lon="19.559745"><ele>106</ele></trkpt>
   <trkpt lat="53.591682" lon="19.560386"><ele>105.75</ele></trkpt>
   <trkpt lat="53.591682" lon="19.560734"><ele>105.75</ele></trkpt>
   <trkpt lat="53.591697" lon="19.56136"><ele>106.25</ele></trkpt>
   <trkpt lat="53.591735" lon="19.561995"><ele>106.5</ele></trkpt>
   <trkpt lat="53.59179" lon="19.562608"><ele>106.75</ele></trkpt>
   <trkpt lat="53.591807" lon="19.562761"><ele>107</ele></trkpt>
   <trkpt lat="53.59191" lon="19.563623"><ele>106.75</ele></trkpt>
   <trkpt lat="53.592038" lon="19.564592"><ele>106.25</ele></trkpt>
   <trkpt lat="53.592062" lon="19.564774"><ele>106.25</ele></trkpt>
   <trkpt lat="53.592097" lon="19.565035"><ele>106.5</ele></trkpt>
   <trkpt lat="53.592173" lon="19.565596"><ele>107.25</ele></trkpt>
   <trkpt lat="53.592247" lon="19.5662"><ele>108.75</ele></trkpt>
   <trkpt lat="53.592292" lon="19.566629"><ele>109.75</ele></trkpt>
   <trkpt lat="53.592324" lon="19.567016"><ele>110</ele></trkpt>
   <trkpt lat="53.59234" lon="19.567301"><ele>109.75</ele></trkpt>
   <trkpt lat="53.592353" lon="19.567813"><ele>109.5</ele></trkpt>
   <trkpt lat="53.592352" lon="19.568125"><ele>109.25</ele></trkpt>
   <trkpt lat="53.59235" lon="19.568245"><ele>109.25</ele></trkpt>
   <trkpt lat="53.592348" lon="19.568341"><ele>109.25</ele></trkpt>
   <trkpt lat="53.592344" lon="19.568431"><ele>109</ele></trkpt>
   <trkpt lat="53.592325" lon="19.568845"><ele>108.5</ele></trkpt>
   <trkpt lat="53.592283" lon="19.569345"><ele>107.75</ele></trkpt>
   <trkpt lat="53.592221" lon="19.569847"><ele>106.25</ele></trkpt>
   <trkpt lat="53.592144" lon="19.570327"><ele>105.75</ele></trkpt>
   <trkpt lat="53.592051" lon="19.5708"><ele>105.5</ele></trkpt>
   <trkpt lat="53.591935" lon="19.571272"><ele>105</ele></trkpt>
   <trkpt lat="53.591799" lon="19.571748"><ele>104.75</ele></trkpt>
   <trkpt lat="53.591667" lon="19.572145"><ele>104.25</ele></trkpt>
   <trkpt lat="53.591563" lon="19.572426"><ele>104</ele></trkpt>
   <trkpt lat="53.591381" lon="19.572863"><ele>103.5</ele></trkpt>
   <trkpt lat="53.59128" lon="19.57308"><ele>103.5</ele></trkpt>
   <trkpt lat="53.591077" lon="19.573478"><ele>103.5</ele></trkpt>
   <trkpt lat="53.590925" lon="19.573743"><ele>103.25</ele></trkpt>
   <trkpt lat="53.590871" lon="19.573831"><ele>103.25</ele></trkpt>
   <trkpt lat="53.590625" lon="19.574205"><ele>103.5</ele></trkpt>
   <trkpt lat="53.590388" lon="19.574521"><ele>103.75</ele></trkpt>
   <trkpt lat="53.590266" lon="19.574668"><ele>103.75</ele></trkpt>
   <trkpt lat="53.590001" lon="19.574957"><ele>104</ele></trkpt>
   <trkpt lat="53.589718" lon="19.575221"><ele>104</ele></trkpt>
   <trkpt lat="53.589458" lon="19.575432"><ele>104.25</ele></trkpt>
   <trkpt lat="53.589356" lon="19.575505"><ele>104.25</ele></trkpt>
   <trkpt lat="53.588984" lon="19.575751"><ele>105.25</ele></trkpt>
   <trkpt lat="53.58869" lon="19.575926"><ele>106.5</ele></trkpt>
   <trkpt lat="53.588451" lon="19.57605"><ele>108</ele></trkpt>
   <trkpt lat="53.588206" lon="19.576136"><ele>108.75</ele></trkpt>
   <trkpt lat="53.588122" lon="19.576156"><ele>109</ele></trkpt>
   <trkpt lat="53.587959" lon="19.576189"><ele>109.5</ele></trkpt>
   <trkpt lat="53.587741" lon="19.576224"><ele>109.75</ele></trkpt>
   <trkpt lat="53.587331" lon="19.576267"><ele>110</ele></trkpt>
   <trkpt lat="53.587203" lon="19.576276"><ele>110</ele></trkpt>
   <trkpt lat="53.586933" lon="19.576271"><ele>109.5</ele></trkpt>
   <trkpt lat="53.58666" lon="19.576235"><ele>109.5</ele></trkpt>
   <trkpt lat="53.586504" lon="19.576197"><ele>109.25</ele></trkpt>
   <trkpt lat="53.58633" lon="19.576142"><ele>109.25</ele></trkpt>
   <trkpt lat="53.586094" lon="19.576051"><ele>109.5</ele></trkpt>
   <trkpt lat="53.585557" lon="19.575854"><ele>109.25</ele></trkpt>
   <trkpt lat="53.585169" lon="19.57564"><ele>108.25</ele></trkpt>
   <trkpt lat="53.58512" lon="19.575612"><ele>108.25</ele></trkpt>
   <trkpt lat="53.584545" lon="19.575293"><ele>107</ele></trkpt>
   <trkpt lat="53.584487" lon="19.575261"><ele>106.75</ele></trkpt>
   <trkpt lat="53.583953" lon="19.57496"><ele>106</ele></trkpt>
   <trkpt lat="53.583783" lon="19.57485"><ele>106.25</ele></trkpt>
   <trkpt lat="53.583092" lon="19.574362"><ele>106.75</ele></trkpt>
   <trkpt lat="53.582939" lon="19.574265"><ele>106.75</ele></trkpt>
   <trkpt lat="53.582323" lon="19.573917"><ele>107</ele></trkpt>
   <trkpt lat="53.581454" lon="19.573433"><ele>105.5</ele></trkpt>
   <trkpt lat="53.581443" lon="19.573427"><ele>105.5</ele></trkpt>
   <trkpt lat="53.581042" lon="19.573204"><ele>105</ele></trkpt>
   <trkpt lat="53.578945" lon="19.572016"><ele>105.25</ele></trkpt>
   <trkpt lat="53.581042" lon="19.573204"><ele>105</ele></trkpt>
   <trkpt lat="53.581443" lon="19.573427"><ele>105.5</ele></trkpt>
   <trkpt lat="53.581454" lon="19.573433"><ele>105.5</ele></trkpt>
   <trkpt lat="53.582323" lon="19.573917"><ele>107</ele></trkpt>
   <trkpt lat="53.582939" lon="19.574265"><ele>106.75</ele></trkpt>
   <trkpt lat="53.583092" lon="19.574362"><ele>106.75</ele></trkpt>
   <trkpt lat="53.583783" lon="19.57485"><ele>106.25</ele></trkpt>
   <trkpt lat="53.583953" lon="19.57496"><ele>106</ele></trkpt>
   <trkpt lat="53.584487" lon="19.575261"><ele>106.75</ele></trkpt>
   <trkpt lat="53.584545" lon="19.575293"><ele>107</ele></trkpt>
   <trkpt lat="53.58512" lon="19.575612"><ele>108.25</ele></trkpt>
   <trkpt lat="53.585169" lon="19.57564"><ele>108.25</ele></trkpt>
   <trkpt lat="53.585557" lon="19.575854"><ele>109.25</ele></trkpt>
   <trkpt lat="53.585767" lon="19.575971"><ele>109.25</ele></trkpt>
   <trkpt lat="53.58604" lon="19.576123"><ele>109</ele></trkpt>
   <trkpt lat="53.586302" lon="19.576268"><ele>108.75</ele></trkpt>
   <trkpt lat="53.5866" lon="19.57645"><ele>108.5</ele></trkpt>
   <trkpt lat="53.586876" lon="19.576651"><ele>108.25</ele></trkpt>
   <trkpt lat="53.586981" lon="19.576738"><ele>108.25</ele></trkpt>
   <trkpt lat="53.587258" lon="19.576997"><ele>108.25</ele></trkpt>
   <trkpt lat="53.587386" lon="19.577133"><ele>108.25</ele></trkpt>
   <trkpt lat="53.587619" lon="19.577407"><ele>107.75</ele></trkpt>
   <trkpt lat="53.587749" lon="19.577575"><ele>107.5</ele></trkpt>
   <trkpt lat="53.58797" lon="19.577888"><ele>106.5</ele></trkpt>
   <trkpt lat="53.588273" lon="19.578373"><ele>105</ele></trkpt>
   <trkpt lat="53.588312" lon="19.578438"><ele>105</ele></trkpt>
   <trkpt lat="53.588801" lon="19.579244"><ele>101.5</ele></trkpt>
   <trkpt lat="53.589217" lon="19.579929"><ele>100.5</ele></trkpt>
   <trkpt lat="53.589566" lon="19.580503"><ele>100</ele></trkpt>
   <trkpt lat="53.589594" lon="19.580548"><ele>99.75</ele></trkpt>
   <trkpt lat="53.589622" lon="19.580594"><ele>99.75</ele></trkpt>
   <trkpt lat="53.589887" lon="19.58103"><ele>100</ele></trkpt>
   <trkpt lat="53.592013" lon="19.584533"><ele>111.25</ele></trkpt>
   <trkpt lat="53.593608" lon="19.587161"><ele>106.75</ele></trkpt>
   <trkpt lat="53.593917" lon="19.587669"><ele>107.25</ele></trkpt>
   <trkpt lat="53.594703" lon="19.588964"><ele>107.75</ele></trkpt>
   <trkpt lat="53.594894" lon="19.589279"><ele>107.75</ele></trkpt>
   <trkpt lat="53.596134" lon="19.591322"><ele>107.75</ele></trkpt>
   <trkpt lat="53.596294" lon="19.591585"><ele>107</ele></trkpt>
   <trkpt lat="53.596941" lon="19.592651"><ele>104.75</ele></trkpt>
   <trkpt lat="53.597585" lon="19.593713"><ele>104.25</ele></trkpt>
   <trkpt lat="53.597939" lon="19.594296"><ele>105.5</ele></trkpt>
   <trkpt lat="53.598232" lon="19.594779"><ele>106</ele></trkpt>
   <trkpt lat="53.598236" lon="19.594785"><ele>106</ele></trkpt>
   <trkpt lat="53.599251" lon="19.596458"><ele>104.5</ele></trkpt>
   <trkpt lat="53.601093" lon="19.599493"><ele>104</ele></trkpt>
   <trkpt lat="53.601455" lon="19.600093"><ele>104</ele></trkpt>
   <trkpt lat="53.604543" lon="19.605181"><ele>106.25</ele></trkpt>
   <trkpt lat="53.606057" lon="19.607675"><ele>106</ele></trkpt>
   <trkpt lat="53.607587" lon="19.610206"><ele>106.75</ele></trkpt>
   <trkpt lat="53.607963" lon="19.610862"><ele>105.75</ele></trkpt>
   <trkpt lat="53.608229" lon="19.611362"><ele>105.75</ele></trkpt>
   <trkpt lat="53.608517" lon="19.611956"><ele>105.5</ele></trkpt>
   <trkpt lat="53.608728" lon="19.61243"><ele>105</ele></trkpt>
   <trkpt lat="53.609016" lon="19.613143"><ele>104.75</ele></trkpt>
   <trkpt lat="53.609266" lon="19.61384"><ele>104.25</ele></trkpt>
   <trkpt lat="53.609469" lon="19.614468"><ele>103.5</ele></trkpt>
   <trkpt lat="53.609762" lon="19.615448"><ele>103.25</ele></trkpt>
   <trkpt lat="53.610154" lon="19.616813"><ele>104</ele></trkpt>
   <trkpt lat="53.61027" lon="19.617216"><ele>103.75</ele></trkpt>
   <trkpt lat="53.611112" lon="19.620152"><ele>106.5</ele></trkpt>
   <trkpt lat="53.6119" lon="19.622901"><ele>109.25</ele></trkpt>
   <trkpt lat="53.612738" lon="19.625822"><ele>109</ele></trkpt>
   <trkpt lat="53.613053" lon="19.626916"><ele>109</ele></trkpt>
   <trkpt lat="53.613225" lon="19.62748"><ele>110</ele></trkpt>
   <trkpt lat="53.613398" lon="19.62802"><ele>110.75</ele></trkpt>
   <trkpt lat="53.613557" lon="19.628477"><ele>110.75</ele></trkpt>
   <trkpt lat="53.613677" lon="19.628802"><ele>110.5</ele></trkpt>
   <trkpt lat="53.613878" lon="19.629311"><ele>110</ele></trkpt>
   <trkpt lat="53.614089" lon="19.629805"><ele>110.5</ele></trkpt>
   <trkpt lat="53.61428" lon="19.630225"><ele>110.5</ele></trkpt>
   <trkpt lat="53.614471" lon="19.630617"><ele>109.75</ele></trkpt>
   <trkpt lat="53.614641" lon="19.63095"><ele>109.25</ele></trkpt>
   <trkpt lat="53.615016" lon="19.631626"><ele>108.75</ele></trkpt>
   <trkpt lat="53.615276" lon="19.632049"><ele>109.5</ele></trkpt>
   <trkpt lat="53.615562" lon="19.632485"><ele>110.25</ele></trkpt>
   <trkpt lat="53.615962" lon="19.633041"><ele>110.75</ele></trkpt>
   <trkpt lat="53.616259" lon="19.633434"><ele>111.5</ele></trkpt>
   <trkpt lat="53.621228" lon="19.639733"><ele>106</ele></trkpt>
   <trkpt lat="53.621267" lon="19.639782"><ele>106</ele></trkpt>
   <trkpt lat="53.621839" lon="19.640508"><ele>106.5</ele></trkpt>
   <trkpt lat="53.622156" lon="19.64091"><ele>106.25</ele></trkpt>
   <trkpt lat="53.622736" lon="19.641645"><ele>106</ele></trkpt>
   <trkpt lat="53.623332" lon="19.6424"><ele>105</ele></trkpt>
   <trkpt lat="53.624229" lon="19.643537"><ele>104.5</ele></trkpt>
   <trkpt lat="53.624952" lon="19.644454"><ele>103.5</ele></trkpt>
   <trkpt lat="53.6257" lon="19.645402"><ele>104.5</ele></trkpt>
   <trkpt lat="53.626425" lon="19.646321"><ele>106</ele></trkpt>
   <trkpt lat="53.628405" lon="19.648831"><ele>107.5</ele></trkpt>
   <trkpt lat="53.629448" lon="19.650154"><ele>107.75</ele></trkpt>
   <trkpt lat="53.630889" lon="19.651981"><ele>109.5</ele></trkpt>
   <trkpt lat="53.631065" lon="19.652204"><ele>109.5</ele></trkpt>
   <trkpt lat="53.632224" lon="19.653682"><ele>107.5</ele></trkpt>
   <trkpt lat="53.632494" lon="19.65404"><ele>107</ele></trkpt>
   <trkpt lat="53.632943" lon="19.654678"><ele>107.25</ele></trkpt>
   <trkpt lat="53.633349" lon="19.655306"><ele>106.75</ele></trkpt>
   <trkpt lat="53.633593" lon="19.65571"><ele>106.75</ele></trkpt>
   <trkpt lat="53.633934" lon="19.656308"><ele>106.75</ele></trkpt>
   <trkpt lat="53.634243" lon="19.656893"><ele>107</ele></trkpt>
   <trkpt lat="53.634561" lon="19.657537"><ele>107.25</ele></trkpt>
   <trkpt lat="53.634787" lon="19.658026"><ele>107.25</ele></trkpt>
   <trkpt lat="53.63509" lon="19.658727"><ele>108</ele></trkpt>
   <trkpt lat="53.635332" lon="19.659329"><ele>108.5</ele></trkpt>
   <trkpt lat="53.635637" lon="19.660154"><ele>109</ele></trkpt>
   <trkpt lat="53.635833" lon="19.66073"><ele>109</ele></trkpt>
   <trkpt lat="53.636129" lon="19.661673"><ele>108.5</ele></trkpt>
   <trkpt lat="53.636299" lon="19.662221"><ele>109</ele></trkpt>
   <trkpt lat="53.636689" lon="19.663479"><ele>112</ele></trkpt>
   <trkpt lat="53.636759" lon="19.663707"><ele>112</ele></trkpt>
   <trkpt lat="53.636858" lon="19.663997"><ele>112</ele></trkpt>
   <trkpt lat="53.636995" lon="19.664353"><ele>112.25</ele></trkpt>
   <trkpt lat="53.637086" lon="19.66462"><ele>112.75</ele></trkpt>
   <trkpt lat="53.6371" lon="19.664666"><ele>112.75</ele></trkpt>
   <trkpt lat="53.637183" lon="19.664958"><ele>113</ele></trkpt>
   <trkpt lat="53.637246" lon="19.665233"><ele>113</ele></trkpt>
   <trkpt lat="53.637356" lon="19.665643"><ele>112.5</ele></trkpt>
   <trkpt lat="53.637432" lon="19.665887"><ele>112.5</ele></trkpt>
   <trkpt lat="53.637516" lon="19.66619"><ele>112.5</ele></trkpt>
   <trkpt lat="53.637637" lon="19.666717"><ele>112</ele></trkpt>
   <trkpt lat="53.637717" lon="19.667027"><ele>111.75</ele></trkpt>
   <trkpt lat="53.637802" lon="19.667308"><ele>111.5</ele></trkpt>
   <trkpt lat="53.637938" lon="19.667776"><ele>111.75</ele></trkpt>
   <trkpt lat="53.638087" lon="19.668293"><ele>112.25</ele></trkpt>
   <trkpt lat="53.638284" lon="19.668907"><ele>114.25</ele></trkpt>
   <trkpt lat="53.638852" lon="19.670748"><ele>115.5</ele></trkpt>
   <trkpt lat="53.639148" lon="19.671656"><ele>115.75</ele></trkpt>
   <trkpt lat="53.639888" lon="19.674056"><ele>121.25</ele></trkpt>
   <trkpt lat="53.640566" lon="19.676216"><ele>113.75</ele></trkpt>
   <trkpt lat="53.640673" lon="19.676566"><ele>112.5</ele></trkpt>
   <trkpt lat="53.640737" lon="19.676754"><ele>111.75</ele></trkpt>
   <trkpt lat="53.64091" lon="19.677202"><ele>111</ele></trkpt>
   <trkpt lat="53.641008" lon="19.677491"><ele>110.25</ele></trkpt>
   <trkpt lat="53.641082" lon="19.677737"><ele>109.75</ele></trkpt>
   <trkpt lat="53.641138" lon="19.677923"><ele>109.5</ele></trkpt>
   <trkpt lat="53.641292" lon="19.678429"><ele>109</ele></trkpt>
   <trkpt lat="53.641351" lon="19.678629"><ele>109</ele></trkpt>
   <trkpt lat="53.641595" lon="19.679442"><ele>109.75</ele></trkpt>
   <trkpt lat="53.641836" lon="19.680269"><ele>111.25</ele></trkpt>
   <trkpt lat="53.64201" lon="19.680905"><ele>113</ele></trkpt>
   <trkpt lat="53.642234" lon="19.681807"><ele>115.25</ele></trkpt>
   <trkpt lat="53.642318" lon="19.682168"><ele>114.75</ele></trkpt>
   <trkpt lat="53.642506" lon="19.683035"><ele>114.5</ele></trkpt>
   <trkpt lat="53.642643" lon="19.683735"><ele>115</ele></trkpt>
   <trkpt lat="53.642953" lon="19.685464"><ele>113.5</ele></trkpt>
   <trkpt lat="53.643014" lon="19.6858"><ele>113.5</ele></trkpt>
   <trkpt lat="53.644445" lon="19.693826"><ele>107.75</ele></trkpt>
   <trkpt lat="53.644966" lon="19.69675"><ele>107</ele></trkpt>
   <trkpt lat="53.644984" lon="19.696852"><ele>107</ele></trkpt>
   <trkpt lat="53.64525" lon="19.698343"><ele>108.5</ele></trkpt>
   <trkpt lat="53.645513" lon="19.699818"><ele>110.75</ele></trkpt>
   <trkpt lat="53.645533" lon="19.69993"><ele>111</ele></trkpt>
   <trkpt lat="53.645606" lon="19.700351"><ele>111</ele></trkpt>
   <trkpt lat="53.647591" lon="19.711497"><ele>107.75</ele></trkpt>
   <trkpt lat="53.648165" lon="19.714723"><ele>106.25</ele></trkpt>
   <trkpt lat="53.648189" lon="19.714856"><ele>106</ele></trkpt>
   <trkpt lat="53.648679" lon="19.717616"><ele>106.25</ele></trkpt>
   <trkpt lat="53.648954" lon="19.719161"><ele>108.75</ele></trkpt>
   <trkpt lat="53.649142" lon="19.720178"><ele>109.75</ele></trkpt>
   <trkpt lat="53.649339" lon="19.721141"><ele>110.5</ele></trkpt>
   <trkpt lat="53.649569" lon="19.722106"><ele>110.5</ele></trkpt>
   <trkpt lat="53.649755" lon="19.722806"><ele>110</ele></trkpt>
   <trkpt lat="53.649943" lon="19.723455"><ele>109.5</ele></trkpt>
   <trkpt lat="53.650132" lon="19.72406"><ele>108.5</ele></trkpt>
   <trkpt lat="53.650234" lon="19.724364"><ele>108</ele></trkpt>
   <trkpt lat="53.650444" lon="19.724963"><ele>107</ele></trkpt>
   <trkpt lat="53.650778" lon="19.725838"><ele>106.75</ele></trkpt>
   <trkpt lat="53.651144" lon="19.7267"><ele>107</ele></trkpt>
   <trkpt lat="53.651493" lon="19.727468"><ele>107.5</ele></trkpt>
   <trkpt lat="53.65196" lon="19.72847"><ele>108.5</ele></trkpt>
   <trkpt lat="53.652226" lon="19.729041"><ele>109</ele></trkpt>
   <trkpt lat="53.655453" lon="19.735964"><ele>108.25</ele></trkpt>
   <trkpt lat="53.655873" lon="19.736866"><ele>109</ele></trkpt>
   <trkpt lat="53.656288" lon="19.737756"><ele>109.5</ele></trkpt>
   <trkpt lat="53.656455" lon="19.738115"><ele>109.5</ele></trkpt>
   <trkpt lat="53.657078" lon="19.739464"><ele>109.25</ele></trkpt>
   <trkpt lat="53.657503" lon="19.740439"><ele>110.25</ele></trkpt>
   <trkpt lat="53.657807" lon="19.741195"><ele>110.25</ele></trkpt>
   <trkpt lat="53.65814" lon="19.742085"><ele>110.75</ele></trkpt>
   <trkpt lat="53.659998" lon="19.747286"><ele>112</ele></trkpt>
   <trkpt lat="53.660924" lon="19.749883"><ele>112.25</ele></trkpt>
   <trkpt lat="53.662191" lon="19.753433"><ele>110.75</ele></trkpt>
   <trkpt lat="53.665762" lon="19.763449"><ele>108</ele></trkpt>
   <trkpt lat="53.666049" lon="19.764274"><ele>106.75</ele></trkpt>
   <trkpt lat="53.666337" lon="19.765159"><ele>104</ele></trkpt>
   <trkpt lat="53.666517" lon="19.765767"><ele>103</ele></trkpt>
   <trkpt lat="53.666734" lon="19.766562"><ele>102.25</ele></trkpt>
   <trkpt lat="53.666842" lon="19.766996"><ele>103</ele></trkpt>
   <trkpt lat="53.666987" lon="19.767624"><ele>105</ele></trkpt>
   <trkpt lat="53.667122" lon="19.76827"><ele>107.75</ele></trkpt>
   <trkpt lat="53.667246" lon="19.768913"><ele>110</ele></trkpt>
   <trkpt lat="53.667482" lon="19.77025"><ele>113.25</ele></trkpt>
   <trkpt lat="53.668743" lon="19.777617"><ele>114</ele></trkpt>
   <trkpt lat="53.669241" lon="19.780526"><ele>113</ele></trkpt>
   <trkpt lat="53.669338" lon="19.781096"><ele>113.25</ele></trkpt>
   <trkpt lat="53.670428" lon="19.787466"><ele>106.75</ele></trkpt>
   <trkpt lat="53.670683" lon="19.788956"><ele>108.25</ele></trkpt>
   <trkpt lat="53.670931" lon="19.79041"><ele>109</ele></trkpt>
   <trkpt lat="53.671064" lon="19.791209"><ele>109.25</ele></trkpt>
   <trkpt lat="53.671168" lon="19.791881"><ele>109</ele></trkpt>
   <trkpt lat="53.671312" lon="19.792987"><ele>107.75</ele></trkpt>
   <trkpt lat="53.67141" lon="19.793971"><ele>106.5</ele></trkpt>
   <trkpt lat="53.671482" lon="19.794957"><ele>104.75</ele></trkpt>
   <trkpt lat="53.671523" lon="19.7958"><ele>104</ele></trkpt>
   <trkpt lat="53.671542" lon="19.796541"><ele>104.5</ele></trkpt>
   <trkpt lat="53.671553" lon="19.797458"><ele>104.5</ele></trkpt>
   <trkpt lat="53.6716" lon="19.804142"><ele>102</ele></trkpt>
   <trkpt lat="53.671624" lon="19.80765"><ele>95.5</ele></trkpt>
   <trkpt lat="53.671632" lon="19.808681"><ele>94</ele></trkpt>
   <trkpt lat="53.671635" lon="19.809218"><ele>93.75</ele></trkpt>
   <trkpt lat="53.671636" lon="19.809416"><ele>93.5</ele></trkpt>
   <trkpt lat="53.67165" lon="19.810719"><ele>93</ele></trkpt>
   <trkpt lat="53.671655" lon="19.810989"><ele>93</ele></trkpt>
   <trkpt lat="53.671672" lon="19.811818"><ele>93.75</ele></trkpt>
   <trkpt lat="53.671678" lon="19.812095"><ele>93.75</ele></trkpt>
   <trkpt lat="53.67167" lon="19.812573"><ele>94</ele></trkpt>
   <trkpt lat="53.671661" lon="19.812757"><ele>94.25</ele></trkpt>
   <trkpt lat="53.671656" lon="19.81311"><ele>94.5</ele></trkpt>
   <trkpt lat="53.671664" lon="19.813519"><ele>95</ele></trkpt>
   <trkpt lat="53.671712" lon="19.81409"><ele>95.75</ele></trkpt>
   <trkpt lat="53.671723" lon="19.814369"><ele>96</ele></trkpt>
   <trkpt lat="53.671728" lon="19.81464"><ele>96.25</ele></trkpt>
   <trkpt lat="53.671739" lon="19.814923"><ele>96.5</ele></trkpt>
   <trkpt lat="53.671774" lon="19.815349"><ele>96.5</ele></trkpt>
   <trkpt lat="53.671789" lon="19.8157"><ele>96.5</ele></trkpt>
   <trkpt lat="53.67179" lon="19.815794"><ele>96.5</ele></trkpt>
   <trkpt lat="53.671794" lon="19.815978"><ele>96.5</ele></trkpt>
   <trkpt lat="53.671808" lon="19.816296"><ele>96.25</ele></trkpt>
   <trkpt lat="53.671856" lon="19.81684"><ele>96</ele></trkpt>
   <trkpt lat="53.671857" lon="19.816929"><ele>96</ele></trkpt>
   <trkpt lat="53.671882" lon="19.818264"><ele>95.75</ele></trkpt>
   <trkpt lat="53.671884" lon="19.818358"><ele>95.5</ele></trkpt>
   <trkpt lat="53.671912" lon="19.819906"><ele>96.25</ele></trkpt>
   <trkpt lat="53.671932" lon="19.821528"><ele>94.75</ele></trkpt>
   <trkpt lat="53.671966" lon="19.827106"><ele>95.25</ele></trkpt>
   <trkpt lat="53.671961" lon="19.827913"><ele>95.25</ele></trkpt>
   <trkpt lat="53.671946" lon="19.82842"><ele>95.25</ele></trkpt>
   <trkpt lat="53.671924" lon="19.828829"><ele>95.25</ele></trkpt>
   <trkpt lat="53.671879" lon="19.829603"><ele>94.75</ele></trkpt>
   <trkpt lat="53.671867" lon="19.830092"><ele>94.5</ele></trkpt>
   <trkpt lat="53.67187" lon="19.830564"><ele>94.5</ele></trkpt>
   <trkpt lat="53.67187" lon="19.830583"><ele>94.5</ele></trkpt>
   <trkpt lat="53.671843" lon="19.83096"><ele>94.25</ele></trkpt>
   <trkpt lat="53.671833" lon="19.831425"><ele>94</ele></trkpt>
   <trkpt lat="53.671835" lon="19.831697"><ele>93.75</ele></trkpt>
   <trkpt lat="53.671842" lon="19.832569"><ele>93.75</ele></trkpt>
   <trkpt lat="53.671843" lon="19.832767"><ele>93.75</ele></trkpt>
   <trkpt lat="53.671848" lon="19.834022"><ele>93.75</ele></trkpt>
   <trkpt lat="53.671857" lon="19.835581"><ele>94.75</ele></trkpt>
   <trkpt lat="53.671909" lon="19.843967"><ele>95</ele></trkpt>
   <trkpt lat="53.671928" lon="19.845369"><ele>94</ele></trkpt>
   <trkpt lat="53.67195" lon="19.846079"><ele>93.75</ele></trkpt>
   <trkpt lat="53.671998" lon="19.84714"><ele>93.5</ele></trkpt>
   <trkpt lat="53.672039" lon="19.847837"><ele>93.5</ele></trkpt>
   <trkpt lat="53.672146" lon="19.849236"><ele>93.75</ele></trkpt>
   <trkpt lat="53.672213" lon="19.849931"><ele>93.25</ele></trkpt>
   <trkpt lat="53.672292" lon="19.850664"><ele>93.25</ele></trkpt>
   <trkpt lat="53.672398" lon="19.851546"><ele>93</ele></trkpt>
   <trkpt lat="53.67248" lon="19.852147"><ele>93</ele></trkpt>
   <trkpt lat="53.672609" lon="19.853009"><ele>93.25</ele></trkpt>
   <trkpt lat="53.672716" lon="19.85365"><ele>93.5</ele></trkpt>
   <trkpt lat="53.672845" lon="19.854358"><ele>93.75</ele></trkpt>
   <trkpt lat="53.672978" lon="19.855034"><ele>95</ele></trkpt>
   <trkpt lat="53.673121" lon="19.855717"><ele>95</ele></trkpt>
   <trkpt lat="53.673271" lon="19.856383"><ele>94.25</ele></trkpt>
   <trkpt lat="53.673446" lon="19.857117"><ele>94</ele></trkpt>
   <trkpt lat="53.673605" lon="19.857742"><ele>94</ele></trkpt>
   <trkpt lat="53.673777" lon="19.858383"><ele>94.5</ele></trkpt>
   <trkpt lat="53.673956" lon="19.859016"><ele>94.75</ele></trkpt>
   <trkpt lat="53.674142" lon="19.859644"><ele>95.5</ele></trkpt>
   <trkpt lat="53.674337" lon="19.860269"><ele>96</ele></trkpt>
   <trkpt lat="53.674653" lon="19.861218"><ele>96</ele></trkpt>
   <trkpt lat="53.674868" lon="19.861827"><ele>96</ele></trkpt>
   <trkpt lat="53.675088" lon="19.862424"><ele>96.75</ele></trkpt>
   <trkpt lat="53.675487" lon="19.86344"><ele>97.25</ele></trkpt>
   <trkpt lat="53.676303" lon="19.865422"><ele>97</ele></trkpt>
   <trkpt lat="53.677344" lon="19.867945"><ele>95.25</ele></trkpt>
   <trkpt lat="53.681623" lon="19.87832"><ele>98.75</ele></trkpt>
   <trkpt lat="53.691194" lon="19.901528"><ele>97.75</ele></trkpt>
   <trkpt lat="53.691708" lon="19.902773"><ele>100.75</ele></trkpt>
   <trkpt lat="53.692218" lon="19.904021"><ele>103.5</ele></trkpt>
   <trkpt lat="53.692579" lon="19.904942"><ele>100.75</ele></trkpt>
   <trkpt lat="53.692707" lon="19.905289"><ele>101.5</ele></trkpt>
   <trkpt lat="53.692903" lon="19.905832"><ele>102.25</ele></trkpt>
   <trkpt lat="53.693111" lon="19.906444"><ele>101.75</ele></trkpt>
   <trkpt lat="53.693407" lon="19.907383"><ele>99.25</ele></trkpt>
   <trkpt lat="53.693683" lon="19.908341"><ele>97</ele></trkpt>
   <trkpt lat="53.693937" lon="19.909313"><ele>97.75</ele></trkpt>
   <trkpt lat="53.694165" lon="19.910298"><ele>96</ele></trkpt>
   <trkpt lat="53.694235" lon="19.910631"><ele>95.5</ele></trkpt>
   <trkpt lat="53.694365" lon="19.911306"><ele>95.25</ele></trkpt>
   <trkpt lat="53.694493" lon="19.912042"><ele>95</ele></trkpt>
   <trkpt lat="53.69485" lon="19.914291"><ele>96.25</ele></trkpt>
   <trkpt lat="53.694976" lon="19.915175"><ele>97.75</ele></trkpt>
   <trkpt lat="53.695077" lon="19.916072"><ele>97.75</ele></trkpt>
   <trkpt lat="53.695151" lon="19.916976"><ele>97.5</ele></trkpt>
   <trkpt lat="53.695204" lon="19.917857"><ele>97.25</ele></trkpt>
   <trkpt lat="53.69561" lon="19.925434"><ele>98</ele></trkpt>
   <trkpt lat="53.695674" lon="19.926417"><ele>96.5</ele></trkpt>
   <trkpt lat="53.695746" lon="19.927288"><ele>96</ele></trkpt>
   <trkpt lat="53.695837" lon="19.928182"><ele>95</ele></trkpt>
   <trkpt lat="53.69595" lon="19.929101"><ele>95</ele></trkpt>
   <trkpt lat="53.696049" lon="19.9298"><ele>95.25</ele></trkpt>
   <trkpt lat="53.696182" lon="19.930642"><ele>94.25</ele></trkpt>
   <trkpt lat="53.696319" lon="19.931431"><ele>93.5</ele></trkpt>
   <trkpt lat="53.696838" lon="19.934374"><ele>95.5</ele></trkpt>
   <trkpt lat="53.696846" lon="19.934418"><ele>95.75</ele></trkpt>
   <trkpt lat="53.696915" lon="19.934859"><ele>96.25</ele></trkpt>
   <trkpt lat="53.696996" lon="19.93548"><ele>96.5</ele></trkpt>
   <trkpt lat="53.697043" lon="19.935769"><ele>96.5</ele></trkpt>
   <trkpt lat="53.697132" lon="19.936271"><ele>96</ele></trkpt>
   <trkpt lat="53.69722" lon="19.936773"><ele>95.75</ele></trkpt>
   <trkpt lat="53.697428" lon="19.937947"><ele>94.5</ele></trkpt>
   <trkpt lat="53.697712" lon="19.939561"><ele>94.25</ele></trkpt>
   <trkpt lat="53.698606" lon="19.944638"><ele>96.25</ele></trkpt>
   <trkpt lat="53.69878" lon="19.945691"><ele>96.25</ele></trkpt>
   <trkpt lat="53.69891" lon="19.946547"><ele>96.25</ele></trkpt>
   <trkpt lat="53.699003" lon="19.947168"><ele>96</ele></trkpt>
   <trkpt lat="53.699339" lon="19.949364"><ele>96</ele></trkpt>
   <trkpt lat="53.699418" lon="19.949846"><ele>96.5</ele></trkpt>
   <trkpt lat="53.699487" lon="19.950247"><ele>97</ele></trkpt>
   <trkpt lat="53.699649" lon="19.951178"><ele>97</ele></trkpt>
   <trkpt lat="53.69973" lon="19.951624"><ele>97.5</ele></trkpt>
   <trkpt lat="53.700068" lon="19.953471"><ele>97.75</ele></trkpt>
   <trkpt lat="53.700089" lon="19.953586"><ele>97.75</ele></trkpt>
   <trkpt lat="53.700253" lon="19.954484"><ele>97.75</ele></trkpt>
   <trkpt lat="53.70051" lon="19.955898"><ele>98</ele></trkpt>
   <trkpt lat="53.70058" lon="19.956317"><ele>98.25</ele></trkpt>
   <trkpt lat="53.700637" lon="19.956708"><ele>98.25</ele></trkpt>
   <trkpt lat="53.700703" lon="19.957226"><ele>98</ele></trkpt>
   <trkpt lat="53.700753" lon="19.957709"><ele>98</ele></trkpt>
   <trkpt lat="53.700763" lon="19.957826"><ele>98</ele></trkpt>
   <trkpt lat="53.700772" lon="19.957924"><ele>98</ele></trkpt>
   <trkpt lat="53.70082" lon="19.958633"><ele>98.5</ele></trkpt>
   <trkpt lat="53.700853" lon="19.959552"><ele>99.25</ele></trkpt>
   <trkpt lat="53.70086" lon="19.959851"><ele>99.5</ele></trkpt>
   <trkpt lat="53.700866" lon="19.960093"><ele>100</ele></trkpt>
   <trkpt lat="53.700871" lon="19.960297"><ele>100.75</ele></trkpt>
   <trkpt lat="53.700886" lon="19.960915"><ele>102.75</ele></trkpt>
   <trkpt lat="53.700891" lon="19.96141"><ele>104.5</ele></trkpt>
   <trkpt lat="53.700887" lon="19.961916"><ele>105.25</ele></trkpt>
   <trkpt lat="53.700872" lon="19.962389"><ele>104.75</ele></trkpt>
   <trkpt lat="53.700823" lon="19.963229"><ele>104.25</ele></trkpt>
   <trkpt lat="53.700709" lon="19.964638"><ele>105.25</ele></trkpt>
   <trkpt lat="53.700418" lon="19.96819"><ele>102.75</ele></trkpt>
   <trkpt lat="53.699933" lon="19.974096"><ele>103.5</ele></trkpt>
   <trkpt lat="53.699809" lon="19.975689"><ele>103.75</ele></trkpt>
   <trkpt lat="53.699769" lon="19.976448"><ele>102.75</ele></trkpt>
   <trkpt lat="53.699754" lon="19.976948"><ele>102</ele></trkpt>
   <trkpt lat="53.699748" lon="19.977709"><ele>100.75</ele></trkpt>
   <trkpt lat="53.699755" lon="19.978218"><ele>99.5</ele></trkpt>
   <trkpt lat="53.699783" lon="19.978976"><ele>99.25</ele></trkpt>
   <trkpt lat="53.699826" lon="19.97967"><ele>99.5</ele></trkpt>
   <trkpt lat="53.69989" lon="19.980401"><ele>99</ele></trkpt>
   <trkpt lat="53.699949" lon="19.980942"><ele>98.5</ele></trkpt>
   <trkpt lat="53.700047" lon="19.981683"><ele>98.75</ele></trkpt>
   <trkpt lat="53.700173" lon="19.982458"><ele>99.5</ele></trkpt>
   <trkpt lat="53.70032" lon="19.983223"><ele>100.25</ele></trkpt>
   <trkpt lat="53.700429" lon="19.983726"><ele>100.25</ele></trkpt>
   <trkpt lat="53.70061" lon="19.984467"><ele>100.25</ele></trkpt>
   <trkpt lat="53.700829" lon="19.985274"><ele>100</ele></trkpt>
   <trkpt lat="53.701217" lon="19.986641"><ele>99</ele></trkpt>
   <trkpt lat="53.701607" lon="19.988009"><ele>95.75</ele></trkpt>
   <trkpt lat="53.701654" lon="19.988175"><ele>95.25</ele></trkpt>
   <trkpt lat="53.701769" lon="19.988577"><ele>94.75</ele></trkpt>
   <trkpt lat="53.701996" lon="19.989373"><ele>94.25</ele></trkpt>
   <trkpt lat="53.70285" lon="19.992372"><ele>94.75</ele></trkpt>
   <trkpt lat="53.703047" lon="19.9931"><ele>95</ele></trkpt>
   <trkpt lat="53.703179" lon="19.993632"><ele>95.25</ele></trkpt>
   <trkpt lat="53.703292" lon="19.994121"><ele>95.75</ele></trkpt>
   <trkpt lat="53.703452" lon="19.994915"><ele>96.75</ele></trkpt>
   <trkpt lat="53.703587" lon="19.995727"><ele>98.25</ele></trkpt>
   <trkpt lat="53.703699" lon="19.996556"><ele>100.25</ele></trkpt>
   <trkpt lat="53.703784" lon="19.997385"><ele>101.75</ele></trkpt>
   <trkpt lat="53.703847" lon="19.99823"><ele>103.25</ele></trkpt>
   <trkpt lat="53.703884" lon="19.999076"><ele>103</ele></trkpt>
   <trkpt lat="53.703896" lon="19.999872"><ele>102.25</ele></trkpt>
   <trkpt lat="53.703894" lon="20.000133"><ele>102</ele></trkpt>
   <trkpt lat="53.703883" lon="20.000747"><ele>101</ele></trkpt>
   <trkpt lat="53.703859" lon="20.00133"><ele>100</ele></trkpt>
   <trkpt lat="53.703803" lon="20.002156"><ele>99.5</ele></trkpt>
   <trkpt lat="53.703753" lon="20.002707"><ele>99.75</ele></trkpt>
   <trkpt lat="53.703708" lon="20.003125"><ele>100</ele></trkpt>
   <trkpt lat="53.703544" lon="20.00451"><ele>100</ele></trkpt>
   <trkpt lat="53.70306" lon="20.008475"><ele>98.75</ele></trkpt>
   <trkpt lat="53.702521" lon="20.0129"><ele>102.5</ele></trkpt>
   <trkpt lat="53.702286" lon="20.014828"><ele>108.5</ele></trkpt>
   <trkpt lat="53.702089" lon="20.016415"><ele>107.5</ele></trkpt>
   <trkpt lat="53.701997" lon="20.017087"><ele>106.5</ele></trkpt>
   <trkpt lat="53.70189" lon="20.017789"><ele>105.25</ele></trkpt>
   <trkpt lat="53.701839" lon="20.018093"><ele>104.75</ele></trkpt>
   <trkpt lat="53.701665" lon="20.019068"><ele>104</ele></trkpt>
   <trkpt lat="53.701449" lon="20.020134"><ele>105.25</ele></trkpt>
   <trkpt lat="53.701405" lon="20.020342"><ele>105.5</ele></trkpt>
   <trkpt lat="53.70135" lon="20.0206"><ele>105.25</ele></trkpt>
   <trkpt lat="53.70103" lon="20.022098"><ele>105.75</ele></trkpt>
   <trkpt lat="53.700834" lon="20.023006"><ele>107</ele></trkpt>
   <trkpt lat="53.700812" lon="20.023109"><ele>107.25</ele></trkpt>
   <trkpt lat="53.700602" lon="20.02409"><ele>108.25</ele></trkpt>
   <trkpt lat="53.700012" lon="20.026832"><ele>111</ele></trkpt>
   <trkpt lat="53.699952" lon="20.027112"><ele>110.75</ele></trkpt>
   <trkpt lat="53.699743" lon="20.028087"><ele>111</ele></trkpt>
   <trkpt lat="53.699492" lon="20.029254"><ele>110.75</ele></trkpt>
   <trkpt lat="53.698845" lon="20.032273"><ele>110.75</ele></trkpt>
   <trkpt lat="53.697754" lon="20.037354"><ele>110.25</ele></trkpt>
   <trkpt lat="53.697397" lon="20.039009"><ele>110</ele></trkpt>
   <trkpt lat="53.697187" lon="20.039928"><ele>110.75</ele></trkpt>
   <trkpt lat="53.697075" lon="20.040387"><ele>111</ele></trkpt>
   <trkpt lat="53.69683" lon="20.041317"><ele>112.5</ele></trkpt>
   <trkpt lat="53.696562" lon="20.042244"><ele>114</ele></trkpt>
   <trkpt lat="53.696373" lon="20.042847"><ele>114</ele></trkpt>
   <trkpt lat="53.696078" lon="20.043734"><ele>114.25</ele></trkpt>
   <trkpt lat="53.695094" lon="20.046512"><ele>115.5</ele></trkpt>
   <trkpt lat="53.694128" lon="20.049229"><ele>117.75</ele></trkpt>
   <trkpt lat="53.693559" lon="20.050831"><ele>116.25</ele></trkpt>
   <trkpt lat="53.692143" lon="20.054815"><ele>117.25</ele></trkpt>
   <trkpt lat="53.691208" lon="20.057446"><ele>116.5</ele></trkpt>
   <trkpt lat="53.690496" lon="20.059453"><ele>119</ele></trkpt>
   <trkpt lat="53.690318" lon="20.059977"><ele>120</ele></trkpt>
   <trkpt lat="53.690148" lon="20.060503"><ele>119.5</ele></trkpt>
   <trkpt lat="53.689988" lon="20.061033"><ele>119</ele></trkpt>
   <trkpt lat="53.689843" lon="20.061564"><ele>119.25</ele></trkpt>
   <trkpt lat="53.689709" lon="20.062106"><ele>120</ele></trkpt>
   <trkpt lat="53.689582" lon="20.062662"><ele>121.25</ele></trkpt>
   <trkpt lat="53.689471" lon="20.063216"><ele>123.25</ele></trkpt>
   <trkpt lat="53.689317" lon="20.064103"><ele>125.5</ele></trkpt>
   <trkpt lat="53.689293" lon="20.064259"><ele>126</ele></trkpt>
   <trkpt lat="53.689201" lon="20.064928"><ele>127.75</ele></trkpt>
   <trkpt lat="53.689128" lon="20.065585"><ele>128.75</ele></trkpt>
   <trkpt lat="53.68906" lon="20.066373"><ele>130.25</ele></trkpt>
   <trkpt lat="53.689018" lon="20.067076"><ele>130.5</ele></trkpt>
   <trkpt lat="53.688992" lon="20.067848"><ele>129.25</ele></trkpt>
   <trkpt lat="53.688987" lon="20.068598"><ele>128.25</ele></trkpt>
   <trkpt lat="53.688993" lon="20.069032"><ele>127.75</ele></trkpt>
   <trkpt lat="53.689012" lon="20.069618"><ele>127</ele></trkpt>
   <trkpt lat="53.689041" lon="20.07019"><ele>126</ele></trkpt>
   <trkpt lat="53.689096" lon="20.070985"><ele>124.5</ele></trkpt>
   <trkpt lat="53.689807" lon="20.079407"><ele>105.75</ele></trkpt>
   <trkpt lat="53.690092" lon="20.082773"><ele>113.25</ele></trkpt>
   <trkpt lat="53.690174" lon="20.083734"><ele>118.5</ele></trkpt>
   <trkpt lat="53.690306" lon="20.085298"><ele>127</ele></trkpt>
   <trkpt lat="53.690436" lon="20.086827"><ele>132.25</ele></trkpt>
   <trkpt lat="53.690552" lon="20.088197"><ele>133</ele></trkpt>
   <trkpt lat="53.690631" lon="20.089117"><ele>133.25</ele></trkpt>
   <trkpt lat="53.690731" lon="20.090089"><ele>133.25</ele></trkpt>
   <trkpt lat="53.690829" lon="20.090867"><ele>131.75</ele></trkpt>
   <trkpt lat="53.690911" lon="20.091425"><ele>130.25</ele></trkpt>
   <trkpt lat="53.690996" lon="20.091953"><ele>129</ele></trkpt>
   <trkpt lat="53.691089" lon="20.092482"><ele>128.75</ele></trkpt>
   <trkpt lat="53.6912" lon="20.093055"><ele>128</ele></trkpt>
   <trkpt lat="53.691326" lon="20.093656"><ele>127.25</ele></trkpt>
   <trkpt lat="53.691338" lon="20.093711"><ele>127</ele></trkpt>
   <trkpt lat="53.691375" lon="20.093879"><ele>126.75</ele></trkpt>
   <trkpt lat="53.691405" lon="20.09402"><ele>126.5</ele></trkpt>
   <trkpt lat="53.691477" lon="20.09434"><ele>126</ele></trkpt>
   <trkpt lat="53.691738" lon="20.09544"><ele>124.25</ele></trkpt>
   <trkpt lat="53.691914" lon="20.096147"><ele>123.5</ele></trkpt>
   <trkpt lat="53.692189" lon="20.097163"><ele>123.75</ele></trkpt>
   <trkpt lat="53.692333" lon="20.097658"><ele>123.75</ele></trkpt>
   <trkpt lat="53.692639" lon="20.098643"><ele>123.5</ele></trkpt>
   <trkpt lat="53.692843" lon="20.099253"><ele>124.25</ele></trkpt>
   <trkpt lat="53.693166" lon="20.100161"><ele>124.75</ele></trkpt>
   <trkpt lat="53.693962" lon="20.102235"><ele>121.5</ele></trkpt>
   <trkpt lat="53.695112" lon="20.105212"><ele>124</ele></trkpt>
   <trkpt lat="53.695628" lon="20.106529"><ele>124.5</ele></trkpt>
   <trkpt lat="53.695657" lon="20.106605"><ele>124.5</ele></trkpt>
   <trkpt lat="53.695719" lon="20.106764"><ele>124</ele></trkpt>
   <trkpt lat="53.696107" lon="20.107755"><ele>122.75</ele></trkpt>
   <trkpt lat="53.696493" lon="20.108741"><ele>121</ele></trkpt>
   <trkpt lat="53.696993" lon="20.110005"><ele>120.5</ele></trkpt>
   <trkpt lat="53.700674" lon="20.119294"><ele>133.75</ele></trkpt>
   <trkpt lat="53.701159" lon="20.12053"><ele>137.75</ele></trkpt>
   <trkpt lat="53.701421" lon="20.121242"><ele>138.5</ele></trkpt>
   <trkpt lat="53.701595" lon="20.12176"><ele>137.5</ele></trkpt>
   <trkpt lat="53.70168" lon="20.122033"><ele>137.75</ele></trkpt>
   <trkpt lat="53.701902" lon="20.122792"><ele>140.75</ele></trkpt>
   <trkpt lat="53.702115" lon="20.123631"><ele>143</ele></trkpt>
   <trkpt lat="53.702237" lon="20.12418"><ele>144.5</ele></trkpt>
   <trkpt lat="53.702402" lon="20.125032"><ele>146</ele></trkpt>
   <trkpt lat="53.702499" lon="20.125617"><ele>145</ele></trkpt>
   <trkpt lat="53.702618" lon="20.126481"><ele>146</ele></trkpt>
   <trkpt lat="53.702686" lon="20.127095"><ele>145.75</ele></trkpt>
   <trkpt lat="53.702735" lon="20.127653"><ele>145</ele></trkpt>
   <trkpt lat="53.702775" lon="20.128233"><ele>143.75</ele></trkpt>
   <trkpt lat="53.702802" lon="20.12881"><ele>143.75</ele></trkpt>
   <trkpt lat="53.70282" lon="20.129426"><ele>144</ele></trkpt>
   <trkpt lat="53.702828" lon="20.130627"><ele>141.25</ele></trkpt>
   <trkpt lat="53.702807" lon="20.133759"><ele>137.75</ele></trkpt>
   <trkpt lat="53.702702" lon="20.148676"><ele>143.75</ele></trkpt>
   <trkpt lat="53.7027" lon="20.149013"><ele>143.5</ele></trkpt>
   <trkpt lat="53.702698" lon="20.149775"><ele>143.5</ele></trkpt>
   <trkpt lat="53.702704" lon="20.150362"><ele>143.75</ele></trkpt>
   <trkpt lat="53.702735" lon="20.151246"><ele>145.25</ele></trkpt>
   <trkpt lat="53.702765" lon="20.15174"><ele>145.75</ele></trkpt>
   <trkpt lat="53.70282" lon="20.152408"><ele>144.25</ele></trkpt>
   <trkpt lat="53.702915" lon="20.153276"><ele>143</ele></trkpt>
   <trkpt lat="53.702951" lon="20.153565"><ele>142</ele></trkpt>
   <trkpt lat="53.703036" lon="20.15414"><ele>140.25</ele></trkpt>
   <trkpt lat="53.703136" lon="20.154733"><ele>138.5</ele></trkpt>
   <trkpt lat="53.703294" lon="20.15554"><ele>137.5</ele></trkpt>
   <trkpt lat="53.703419" lon="20.156089"><ele>137.25</ele></trkpt>
   <trkpt lat="53.703486" lon="20.156356"><ele>137</ele></trkpt>
   <trkpt lat="53.703701" lon="20.15716"><ele>140</ele></trkpt>
   <trkpt lat="53.703859" lon="20.157688"><ele>142</ele></trkpt>
   <trkpt lat="53.703993" lon="20.158106"><ele>142.25</ele></trkpt>
   <trkpt lat="53.704194" lon="20.158683"><ele>143.25</ele></trkpt>
   <trkpt lat="53.704286" lon="20.158929"><ele>144.5</ele></trkpt>
   <trkpt lat="53.704474" lon="20.159413"><ele>146.5</ele></trkpt>
   <trkpt lat="53.704574" lon="20.159649"><ele>147</ele></trkpt>
   <trkpt lat="53.704779" lon="20.16012"><ele>147.25</ele></trkpt>
   <trkpt lat="53.704997" lon="20.160584"><ele>148.75</ele></trkpt>
   <trkpt lat="53.705351" lon="20.161273"><ele>151.25</ele></trkpt>
   <trkpt lat="53.705589" lon="20.161693"><ele>151</ele></trkpt>
   <trkpt lat="53.705888" lon="20.162201"><ele>151.25</ele></trkpt>
   <trkpt lat="53.706136" lon="20.162599"><ele>151.5</ele></trkpt>
   <trkpt lat="53.708761" lon="20.166737"><ele>144.25</ele></trkpt>
   <trkpt lat="53.709025" lon="20.167153"><ele>142.5</ele></trkpt>
   <trkpt lat="53.709683" lon="20.16819"><ele>137</ele></trkpt>
   <trkpt lat="53.710341" lon="20.169226"><ele>133.5</ele></trkpt>
   <trkpt lat="53.710999" lon="20.170263"><ele>129.5</ele></trkpt>
   <trkpt lat="53.712712" lon="20.172962"><ele>126.25</ele></trkpt>
   <trkpt lat="53.714818" lon="20.176282"><ele>128</ele></trkpt>
   <trkpt lat="53.715843" lon="20.177899"><ele>137.75</ele></trkpt>
   <trkpt lat="53.716276" lon="20.17859"><ele>141</ele></trkpt>
   <trkpt lat="53.716664" lon="20.179256"><ele>139.5</ele></trkpt>
   <trkpt lat="53.71689" lon="20.179679"><ele>137</ele></trkpt>
   <trkpt lat="53.717118" lon="20.180136"><ele>134.75</ele></trkpt>
   <trkpt lat="53.717207" lon="20.180324"><ele>134.25</ele></trkpt>
   <trkpt lat="53.717469" lon="20.180908"><ele>133</ele></trkpt>
   <trkpt lat="53.717601" lon="20.181223"><ele>132.5</ele></trkpt>
   <trkpt lat="53.717787" lon="20.181693"><ele>131.75</ele></trkpt>
   <trkpt lat="53.718049" lon="20.182425"><ele>131</ele></trkpt>
   <trkpt lat="53.718114" lon="20.18262"><ele>130.75</ele></trkpt>
   <trkpt lat="53.718132" lon="20.182675"><ele>130.75</ele></trkpt>
   <trkpt lat="53.71837" lon="20.183453"><ele>129.75</ele></trkpt>
   <trkpt lat="53.718487" lon="20.183875"><ele>129.5</ele></trkpt>
   <trkpt lat="53.718572" lon="20.184199"><ele>129.25</ele></trkpt>
   <trkpt lat="53.718581" lon="20.184233"><ele>129.25</ele></trkpt>
   <trkpt lat="53.718648" lon="20.184502"><ele>128.75</ele></trkpt>
   <trkpt lat="53.718682" lon="20.184639"><ele>128.5</ele></trkpt>
   <trkpt lat="53.718806" lon="20.185188"><ele>128</ele></trkpt>
   <trkpt lat="53.718943" lon="20.185858"><ele>127.5</ele></trkpt>
   <trkpt lat="53.719125" lon="20.186854"><ele>127</ele></trkpt>
   <trkpt lat="53.719846" lon="20.191317"><ele>129.25</ele></trkpt>
   <trkpt lat="53.720024" lon="20.19242"><ele>130.75</ele></trkpt>
   <trkpt lat="53.720202" lon="20.193523"><ele>132.75</ele></trkpt>
   <trkpt lat="53.720326" lon="20.194287"><ele>132.25</ele></trkpt>
   <trkpt lat="53.720747" lon="20.196891"><ele>131.5</ele></trkpt>
   <trkpt lat="53.720834" lon="20.19743"><ele>131</ele></trkpt>
   <trkpt lat="53.720883" lon="20.197734"><ele>130.25</ele></trkpt>
   <trkpt lat="53.721052" lon="20.198789"><ele>128.5</ele></trkpt>
   <trkpt lat="53.721216" lon="20.199809"><ele>128.5</ele></trkpt>
   <trkpt lat="53.721273" lon="20.200114"><ele>128.5</ele></trkpt>
   <trkpt lat="53.721362" lon="20.200492"><ele>128.5</ele></trkpt>
   <trkpt lat="53.721441" lon="20.200903"><ele>128.75</ele></trkpt>
   <trkpt lat="53.721482" lon="20.201154"><ele>129</ele></trkpt>
   <trkpt lat="53.7218" lon="20.203116"><ele>128</ele></trkpt>
   <trkpt lat="53.722322" lon="20.206336"><ele>124.5</ele></trkpt>
   <trkpt lat="53.722844" lon="20.20957"><ele>122.75</ele></trkpt>
   <trkpt lat="53.72307" lon="20.210973"><ele>123.75</ele></trkpt>
   <trkpt lat="53.72401" lon="20.216785"><ele>121.25</ele></trkpt>
   <trkpt lat="53.724194" lon="20.2178"><ele>121.25</ele></trkpt>
   <trkpt lat="53.724407" lon="20.218803"><ele>121.5</ele></trkpt>
   <trkpt lat="53.724493" lon="20.219172"><ele>121.5</ele></trkpt>
   <trkpt lat="53.724643" lon="20.219773"><ele>121.25</ele></trkpt>
   <trkpt lat="53.72483" lon="20.220455"><ele>119.5</ele></trkpt>
   <trkpt lat="53.725002" lon="20.221037"><ele>117.25</ele></trkpt>
   <trkpt lat="53.725205" lon="20.221676"><ele>113.5</ele></trkpt>
   <trkpt lat="53.725434" lon="20.222358"><ele>111.5</ele></trkpt>
   <trkpt lat="53.725699" lon="20.223141"><ele>110.75</ele></trkpt>
   <trkpt lat="53.725848" lon="20.22358"><ele>111</ele></trkpt>
   <trkpt lat="53.726216" lon="20.224667"><ele>111.25</ele></trkpt>
   <trkpt lat="53.726375" lon="20.225131"><ele>111.75</ele></trkpt>
   <trkpt lat="53.726458" lon="20.225377"><ele>112</ele></trkpt>
   <trkpt lat="53.726526" lon="20.225576"><ele>112.25</ele></trkpt>
   <trkpt lat="53.727445" lon="20.228288"><ele>119.5</ele></trkpt>
   <trkpt lat="53.728997" lon="20.232872"><ele>108.25</ele></trkpt>
   <trkpt lat="53.729261" lon="20.233703"><ele>109.25</ele></trkpt>
   <trkpt lat="53.729448" lon="20.234341"><ele>109.75</ele></trkpt>
   <trkpt lat="53.729624" lon="20.23499"><ele>110.25</ele></trkpt>
   <trkpt lat="53.729792" lon="20.235672"><ele>110.25</ele></trkpt>
   <trkpt lat="53.729936" lon="20.236308"><ele>110</ele></trkpt>
   <trkpt lat="53.730033" lon="20.236777"><ele>109.5</ele></trkpt>
   <trkpt lat="53.730137" lon="20.237307"><ele>108.25</ele></trkpt>
   <trkpt lat="53.730255" lon="20.237984"><ele>106.5</ele></trkpt>
   <trkpt lat="53.730412" lon="20.239017"><ele>105.5</ele></trkpt>
   <trkpt lat="53.730498" lon="20.239703"><ele>105.5</ele></trkpt>
   <trkpt lat="53.730574" lon="20.240407"><ele>106</ele></trkpt>
   <trkpt lat="53.730647" lon="20.24126"><ele>107.25</ele></trkpt>
   <trkpt lat="53.730672" lon="20.241628"><ele>108.25</ele></trkpt>
   <trkpt lat="53.730704" lon="20.242153"><ele>109</ele></trkpt>
   <trkpt lat="53.730734" lon="20.242857"><ele>110.25</ele></trkpt>
   <trkpt lat="53.73075" lon="20.243557"><ele>111.25</ele></trkpt>
   <trkpt lat="53.730755" lon="20.244442"><ele>110.25</ele></trkpt>
   <trkpt lat="53.730681" lon="20.252117"><ele>112.5</ele></trkpt>
   <trkpt lat="53.730656" lon="20.254597"><ele>116.5</ele></trkpt>
   <trkpt lat="53.730644" lon="20.255188"><ele>116.5</ele></trkpt>
   <trkpt lat="53.730624" lon="20.255809"><ele>115</ele></trkpt>
   <trkpt lat="53.730592" lon="20.256416"><ele>113.25</ele></trkpt>
   <trkpt lat="53.730521" lon="20.257319"><ele>112.25</ele></trkpt>
   <trkpt lat="53.730457" lon="20.257916"><ele>112.25</ele></trkpt>
   <trkpt lat="53.730382" lon="20.258509"><ele>112.5</ele></trkpt>
   <trkpt lat="53.730295" lon="20.259093"><ele>113</ele></trkpt>
   <trkpt lat="53.730194" lon="20.259684"><ele>113.25</ele></trkpt>
   <trkpt lat="53.730021" lon="20.260548"><ele>113.5</ele></trkpt>
   <trkpt lat="53.729888" lon="20.261136"><ele>113.5</ele></trkpt>
   <trkpt lat="53.728205" lon="20.267982"><ele>115.75</ele></trkpt>
   <trkpt lat="53.728024" lon="20.268725"><ele>115.25</ele></trkpt>
   <trkpt lat="53.727799" lon="20.269715"><ele>114.5</ele></trkpt>
   <trkpt lat="53.727593" lon="20.270733"><ele>115.25</ele></trkpt>
   <trkpt lat="53.72747" lon="20.271406"><ele>116</ele></trkpt>
   <trkpt lat="53.727365" lon="20.272046"><ele>116</ele></trkpt>
   <trkpt lat="53.727249" lon="20.272823"><ele>116</ele></trkpt>
   <trkpt lat="53.727125" lon="20.273786"><ele>116.5</ele></trkpt>
   <trkpt lat="53.727055" lon="20.274418"><ele>117</ele></trkpt>
   <trkpt lat="53.726964" lon="20.275392"><ele>117.5</ele></trkpt>
   <trkpt lat="53.726894" lon="20.276367"><ele>117.25</ele></trkpt>
   <trkpt lat="53.726844" lon="20.277348"><ele>118.5</ele></trkpt>
   <trkpt lat="53.726822" lon="20.278004"><ele>120.5</ele></trkpt>
   <trkpt lat="53.726809" lon="20.278655"><ele>121.75</ele></trkpt>
   <trkpt lat="53.726807" lon="20.279645"><ele>122.25</ele></trkpt>
   <trkpt lat="53.726825" lon="20.280628"><ele>122.5</ele></trkpt>
   <trkpt lat="53.726848" lon="20.281267"><ele>122</ele></trkpt>
   <trkpt lat="53.726881" lon="20.281918"><ele>121.5</ele></trkpt>
   <trkpt lat="53.726947" lon="20.282908"><ele>121.25</ele></trkpt>
   <trkpt lat="53.727002" lon="20.28356"><ele>121</ele></trkpt>
   <trkpt lat="53.7271" lon="20.284516"><ele>121.25</ele></trkpt>
   <trkpt lat="53.727256" lon="20.28581"><ele>120.75</ele></trkpt>
   <trkpt lat="53.727885" lon="20.290674"><ele>121.75</ele></trkpt>
   <trkpt lat="53.728064" lon="20.292065"><ele>122</ele></trkpt>
   <trkpt lat="53.728452" lon="20.295052"><ele>121.75</ele></trkpt>
   <trkpt lat="53.728845" lon="20.298081"><ele>123</ele></trkpt>
   <trkpt lat="53.729005" lon="20.299313"><ele>124</ele></trkpt>
   <trkpt lat="53.729135" lon="20.300308"><ele>123.75</ele></trkpt>
   <trkpt lat="53.729167" lon="20.300556"><ele>123.75</ele></trkpt>
   <trkpt lat="53.729667" lon="20.304411"><ele>123.75</ele></trkpt>
   <trkpt lat="53.730424" lon="20.310242"><ele>119.25</ele></trkpt>
   <trkpt lat="53.730738" lon="20.312628"><ele>114.75</ele></trkpt>
   <trkpt lat="53.730813" lon="20.313147"><ele>112.5</ele></trkpt>
   <trkpt lat="53.73092" lon="20.313819"><ele>111.75</ele></trkpt>
   <trkpt lat="53.731061" lon="20.314619"><ele>111.25</ele></trkpt>
   <trkpt lat="53.731167" lon="20.315168"><ele>110.75</ele></trkpt>
   <trkpt lat="53.731305" lon="20.315834"><ele>110.25</ele></trkpt>
   <trkpt lat="53.731533" lon="20.316821"><ele>110.75</ele></trkpt>
   <trkpt lat="53.731682" lon="20.317416"><ele>111.75</ele></trkpt>
   <trkpt lat="53.731869" lon="20.318113"><ele>113.5</ele></trkpt>
   <trkpt lat="53.732049" lon="20.318738"><ele>115</ele></trkpt>
   <trkpt lat="53.732495" lon="20.320183"><ele>116.75</ele></trkpt>
   <trkpt lat="53.733894" lon="20.324618"><ele>117</ele></trkpt>
   <trkpt lat="53.733948" lon="20.324787"><ele>117.25</ele></trkpt>
   <trkpt lat="53.734743" lon="20.327307"><ele>117.75</ele></trkpt>
   <trkpt lat="53.734795" lon="20.327473"><ele>117.75</ele></trkpt>
   <trkpt lat="53.736478" lon="20.332807"><ele>123.75</ele></trkpt>
   <trkpt lat="53.736565" lon="20.333085"><ele>123.75</ele></trkpt>
   <trkpt lat="53.736812" lon="20.333868"><ele>123.25</ele></trkpt>
   <trkpt lat="53.736858" lon="20.334014"><ele>123.25</ele></trkpt>
   <trkpt lat="53.737322" lon="20.335485"><ele>122.75</ele></trkpt>
   <trkpt lat="53.737452" lon="20.335896"><ele>123</ele></trkpt>
   <trkpt lat="53.73754" lon="20.336175"><ele>123.5</ele></trkpt>
   <trkpt lat="53.737676" lon="20.336609"><ele>125.25</ele></trkpt>
   <trkpt lat="53.737765" lon="20.336891"><ele>126</ele></trkpt>
   <trkpt lat="53.738357" lon="20.338769"><ele>126</ele></trkpt>
   <trkpt lat="53.738642" lon="20.339712"><ele>126.5</ele></trkpt>
   <trkpt lat="53.738814" lon="20.340325"><ele>126.5</ele></trkpt>
   <trkpt lat="53.738978" lon="20.340952"><ele>127.25</ele></trkpt>
   <trkpt lat="53.739134" lon="20.341586"><ele>127.75</ele></trkpt>
   <trkpt lat="53.73925" lon="20.342089"><ele>129.25</ele></trkpt>
   <trkpt lat="53.739438" lon="20.342958"><ele>130.75</ele></trkpt>
   <trkpt lat="53.73968" lon="20.344155"><ele>129.5</ele></trkpt>
   <trkpt lat="53.740234" lon="20.346896"><ele>128.5</ele></trkpt>
   <trkpt lat="53.740475" lon="20.348086"><ele>133</ele></trkpt>
   <trkpt lat="53.740523" lon="20.348319"><ele>133.5</ele></trkpt>
   <trkpt lat="53.740814" lon="20.349758"><ele>133</ele></trkpt>
   <trkpt lat="53.740838" lon="20.349878"><ele>133</ele></trkpt>
   <trkpt lat="53.741061" lon="20.350978"><ele>134.75</ele></trkpt>
   <trkpt lat="53.741105" lon="20.351196"><ele>134.75</ele></trkpt>
   <trkpt lat="53.7423" lon="20.357092"><ele>134.25</ele></trkpt>
   <trkpt lat="53.742852" lon="20.359818"><ele>134.75</ele></trkpt>
   <trkpt lat="53.742883" lon="20.359974"><ele>134.5</ele></trkpt>
   <trkpt lat="53.744012" lon="20.365548"><ele>140.25</ele></trkpt>
   <trkpt lat="53.744325" lon="20.367091"><ele>140</ele></trkpt>
   <trkpt lat="53.74449" lon="20.36791"><ele>141.25</ele></trkpt>
   <trkpt lat="53.744835" lon="20.369613"><ele>143.5</ele></trkpt>
   <trkpt lat="53.744847" lon="20.369672"><ele>143.5</ele></trkpt>
   <trkpt lat="53.744911" lon="20.370029"><ele>143.75</ele></trkpt>
   <trkpt lat="53.744951" lon="20.370352"><ele>144.25</ele></trkpt>
   <trkpt lat="53.745021" lon="20.370759"><ele>145</ele></trkpt>
   <trkpt lat="53.745072" lon="20.371008"><ele>145.5</ele></trkpt>
   <trkpt lat="53.745075" lon="20.371027"><ele>145.75</ele></trkpt>
   <trkpt lat="53.745523" lon="20.373233"><ele>146</ele></trkpt>
   <trkpt lat="53.746199" lon="20.37657"><ele>142.75</ele></trkpt>
   <trkpt lat="53.746255" lon="20.376847"><ele>142.5</ele></trkpt>
   <trkpt lat="53.746416" lon="20.377653"><ele>141.75</ele></trkpt>
   <trkpt lat="53.746472" lon="20.377932"><ele>141</ele></trkpt>
   <trkpt lat="53.746543" lon="20.378281"><ele>140.25</ele></trkpt>
   <trkpt lat="53.746694" lon="20.379028"><ele>139.25</ele></trkpt>
   <trkpt lat="53.747842" lon="20.384695"><ele>137.75</ele></trkpt>
   <trkpt lat="53.74797" lon="20.385331"><ele>137.5</ele></trkpt>
   <trkpt lat="53.748486" lon="20.387885"><ele>136.75</ele></trkpt>
   <trkpt lat="53.748612" lon="20.388503"><ele>136.5</ele></trkpt>
   <trkpt lat="53.748675" lon="20.388808"><ele>136.75</ele></trkpt>
   <trkpt lat="53.748874" lon="20.389798"><ele>136.75</ele></trkpt>
   <trkpt lat="53.749273" lon="20.391774"><ele>133.25</ele></trkpt>
   <trkpt lat="53.749519" lon="20.392991"><ele>129.75</ele></trkpt>
   <trkpt lat="53.749819" lon="20.39448"><ele>128</ele></trkpt>
   <trkpt lat="53.750495" lon="20.397834"><ele>126.75</ele></trkpt>
   <trkpt lat="53.750545" lon="20.398084"><ele>126.75</ele></trkpt>
   <trkpt lat="53.750811" lon="20.399386"><ele>126.25</ele></trkpt>
   <trkpt lat="53.752285" lon="20.406686"><ele>122.5</ele></trkpt>
   <trkpt lat="53.752489" lon="20.40775"><ele>129.25</ele></trkpt>
   <trkpt lat="53.752675" lon="20.408855"><ele>136.75</ele></trkpt>
   <trkpt lat="53.752814" lon="20.409804"><ele>140.25</ele></trkpt>
   <trkpt lat="53.752881" lon="20.410322"><ele>141.25</ele></trkpt>
   <trkpt lat="53.752943" lon="20.410844"><ele>141.5</ele></trkpt>
   <trkpt lat="53.753044" lon="20.411839"><ele>141.75</ele></trkpt>
   <trkpt lat="53.753172" lon="20.413324"><ele>139.75</ele></trkpt>
   <trkpt lat="53.753241" lon="20.414152"><ele>138.75</ele></trkpt>
   <trkpt lat="53.753552" lon="20.417917"><ele>140</ele></trkpt>
   <trkpt lat="53.753675" lon="20.419411"><ele>139.25</ele></trkpt>
   <trkpt lat="53.753753" lon="20.420295"><ele>138.25</ele></trkpt>
   <trkpt lat="53.753813" lon="20.420895"><ele>136.75</ele></trkpt>
   <trkpt lat="53.753918" lon="20.421783"><ele>133.5</ele></trkpt>
   <trkpt lat="53.754001" lon="20.422374"><ele>129.75</ele></trkpt>
   <trkpt lat="53.754145" lon="20.423244"><ele>122.75</ele></trkpt>
   <trkpt lat="53.754258" lon="20.42382"><ele>123.25</ele></trkpt>
   <trkpt lat="53.75438" lon="20.424376"><ele>124.5</ele></trkpt>
   <trkpt lat="53.754528" lon="20.424989"><ele>125.25</ele></trkpt>
   <trkpt lat="53.754599" lon="20.425259"><ele>124.75</ele></trkpt>
   <trkpt lat="53.754737" lon="20.425747"><ele>124</ele></trkpt>
   <trkpt lat="53.754899" lon="20.42628"><ele>124.5</ele></trkpt>
   <trkpt lat="53.755148" lon="20.427016"><ele>128.25</ele></trkpt>
   <trkpt lat="53.755318" lon="20.427474"><ele>130.5</ele></trkpt>
   <trkpt lat="53.755467" lon="20.427851"><ele>131.75</ele></trkpt>
   <trkpt lat="53.755818" lon="20.428662"><ele>131</ele></trkpt>
   <trkpt lat="53.756102" lon="20.42925"><ele>129.75</ele></trkpt>
   <trkpt lat="53.75634" lon="20.429706"><ele>128.25</ele></trkpt>
   <trkpt lat="53.756583" lon="20.43014"><ele>126.5</ele></trkpt>
   <trkpt lat="53.756825" lon="20.430542"><ele>124.25</ele></trkpt>
   <trkpt lat="53.756971" lon="20.430774"><ele>123</ele></trkpt>
   <trkpt lat="53.757241" lon="20.431178"><ele>120</ele></trkpt>
   <trkpt lat="53.75752" lon="20.431564"><ele>116.75</ele></trkpt>
   <trkpt lat="53.757806" lon="20.431934"><ele>114.5</ele></trkpt>
   <trkpt lat="53.758254" lon="20.43246"><ele>111.5</ele></trkpt>
   <trkpt lat="53.75871" lon="20.432936"><ele>112.5</ele></trkpt>
   <trkpt lat="53.758751" lon="20.432973"><ele>113.75</ele></trkpt>
   <trkpt lat="53.759184" lon="20.433373"><ele>113.75</ele></trkpt>
   <trkpt lat="53.759631" lon="20.433738"><ele>114</ele></trkpt>
   <trkpt lat="53.759979" lon="20.433995"><ele>114.5</ele></trkpt>
   <trkpt lat="53.760445" lon="20.43432"><ele>117.25</ele></trkpt>
   <trkpt lat="53.761372" lon="20.434951"><ele>123.25</ele></trkpt>
   <trkpt lat="53.761969" lon="20.435357"><ele>125</ele></trkpt>
   <trkpt lat="53.762114" lon="20.435457"><ele>125</ele></trkpt>
   <trkpt lat="53.762587" lon="20.435776"><ele>124.5</ele></trkpt>
   <trkpt lat="53.762812" lon="20.435944"><ele>124.25</ele></trkpt>
   <trkpt lat="53.763093" lon="20.436176"><ele>124</ele></trkpt>
   <trkpt lat="53.763314" lon="20.436338"><ele>123.5</ele></trkpt>
   <trkpt lat="53.763825" lon="20.436693"><ele>123.25</ele></trkpt>
   <trkpt lat="53.764307" lon="20.437062"><ele>122.75</ele></trkpt>
   <trkpt lat="53.764464" lon="20.437191"><ele>123</ele></trkpt>
   <trkpt lat="53.76492" lon="20.437588"><ele>123.5</ele></trkpt>
   <trkpt lat="53.765255" lon="20.437895"><ele>123</ele></trkpt>
   <trkpt lat="53.765258" lon="20.437898"><ele>123</ele></trkpt>
   <trkpt lat="53.765817" lon="20.438435"><ele>121.5</ele></trkpt>
   <trkpt lat="53.766139" lon="20.438762"><ele>120.25</ele></trkpt>
   <trkpt lat="53.766422" lon="20.439066"><ele>119.25</ele></trkpt>
   <trkpt lat="53.766683" lon="20.439359"><ele>118</ele></trkpt>
   <trkpt lat="53.767132" lon="20.439899"><ele>120.25</ele></trkpt>
   <trkpt lat="53.767671" lon="20.440606"><ele>120.25</ele></trkpt>
   <trkpt lat="53.767805" lon="20.440791"><ele>119.75</ele></trkpt>
   <trkpt lat="53.768225" lon="20.441392"><ele>118</ele></trkpt>
   <trkpt lat="53.768775" lon="20.442238"><ele>115.25</ele></trkpt>
   <trkpt lat="53.769235" lon="20.442978"><ele>112.25</ele></trkpt>
   <trkpt lat="53.769826" lon="20.443977"><ele>110.5</ele></trkpt>
   <trkpt lat="53.770261" lon="20.444754"><ele>109.25</ele></trkpt>
   <trkpt lat="53.770655" lon="20.445511"><ele>108.25</ele></trkpt>
   <trkpt lat="53.771034" lon="20.446298"><ele>107.25</ele></trkpt>
   <trkpt lat="53.771292" lon="20.446869"><ele>106.5</ele></trkpt>
   <trkpt lat="53.771652" lon="20.447724"><ele>106.5</ele></trkpt>
   <trkpt lat="53.771805" lon="20.448111"><ele>106.25</ele></trkpt>
   <trkpt lat="53.771996" lon="20.448614"><ele>106</ele></trkpt>
   <trkpt lat="53.772273" lon="20.449393"><ele>106.25</ele></trkpt>
   <trkpt lat="53.77271" lon="20.450699"><ele>106.75</ele></trkpt>
   <trkpt lat="53.773285" lon="20.45245"><ele>108.75</ele></trkpt>
   <trkpt lat="53.773598" lon="20.453405"><ele>108.5</ele></trkpt>
   <trkpt lat="53.773899" lon="20.454321"><ele>106.5</ele></trkpt>
   <trkpt lat="53.774056" lon="20.454796"><ele>105.5</ele></trkpt>
   <trkpt lat="53.774651" lon="20.456609"><ele>106.25</ele></trkpt>
   <trkpt lat="53.775278" lon="20.458519"><ele>107</ele></trkpt>
   <trkpt lat="53.775371" lon="20.458803"><ele>107</ele></trkpt>
   <trkpt lat="53.775715" lon="20.45985"><ele>107.5</ele></trkpt>
   <trkpt lat="53.775893" lon="20.460393"><ele>108.5</ele></trkpt>
   <trkpt lat="53.776152" lon="20.461183"><ele>110</ele></trkpt>
   <trkpt lat="53.776548" lon="20.462389"><ele>110.75</ele></trkpt>
   <trkpt lat="53.77659" lon="20.462518"><ele>110.75</ele></trkpt>
   <trkpt lat="53.777002" lon="20.463796"><ele>109</ele></trkpt>
   <trkpt lat="53.777069" lon="20.464003"><ele>109</ele></trkpt>
   <trkpt lat="53.77721" lon="20.464456"><ele>108.75</ele></trkpt>
   <trkpt lat="53.777563" lon="20.465603"><ele>111.5</ele></trkpt>
   <trkpt lat="53.77764" lon="20.465851"><ele>112</ele></trkpt>
   <trkpt lat="53.777975" lon="20.46696"><ele>115.25</ele></trkpt>
   <trkpt lat="53.778077" lon="20.467299"><ele>115.75</ele></trkpt>
   <trkpt lat="53.778277" lon="20.46796"><ele>116.5</ele></trkpt>
   <trkpt lat="53.778508" lon="20.468722"><ele>116.25</ele></trkpt>
   <trkpt lat="53.778589" lon="20.468994"><ele>116</ele></trkpt>
   <trkpt lat="53.778875" lon="20.469957"><ele>114</ele></trkpt>
   <trkpt lat="53.778999" lon="20.470399"><ele>113</ele></trkpt>
   <trkpt lat="53.779362" lon="20.471703"><ele>109.75</ele></trkpt>
   <trkpt lat="53.779558" lon="20.47235"><ele>108.25</ele></trkpt>
   <trkpt lat="53.779711" lon="20.472815"><ele>107.5</ele></trkpt>
   <trkpt lat="53.780035" lon="20.473799"><ele>109.5</ele></trkpt>
   <trkpt lat="53.780325" lon="20.474638"><ele>114</ele></trkpt>
   <trkpt lat="53.780583" lon="20.475293"><ele>119</ele></trkpt>
   <trkpt lat="53.780916" lon="20.476113"><ele>124.25</ele></trkpt>
   <trkpt lat="53.781079" lon="20.476526"><ele>126</ele></trkpt>
   <trkpt lat="53.78122" lon="20.476906"><ele>126.75</ele></trkpt>
   <trkpt lat="53.781367" lon="20.47732"><ele>127.25</ele></trkpt>
   <trkpt lat="53.781631" lon="20.478132"><ele>127.75</ele></trkpt>
   <trkpt lat="53.78193" lon="20.479199"><ele>129.25</ele></trkpt>
   <trkpt lat="53.781996" lon="20.479464"><ele>129.75</ele></trkpt>
   <trkpt lat="53.782139" lon="20.480058"><ele>130.25</ele></trkpt>
   <trkpt lat="53.782427" lon="20.481391"><ele>128.25</ele></trkpt>
   <trkpt lat="53.782685" lon="20.482606"><ele>126.75</ele></trkpt>
   <trkpt lat="53.782876" lon="20.483542"><ele>125</ele></trkpt>
   <trkpt lat="53.783099" lon="20.484657"><ele>124</ele></trkpt>
   <trkpt lat="53.783226" lon="20.485318"><ele>124</ele></trkpt>
   <trkpt lat="53.783272" lon="20.485563"><ele>124</ele></trkpt>
   <trkpt lat="53.783401" lon="20.486209"><ele>124.5</ele></trkpt>
   <trkpt lat="53.783617" lon="20.487183"><ele>126.5</ele></trkpt>
   <trkpt lat="53.783742" lon="20.487815"><ele>128</ele></trkpt>
   <trkpt lat="53.783894" lon="20.488633"><ele>129</ele></trkpt>
   <trkpt lat="53.78391" lon="20.488721"><ele>129</ele></trkpt>
   <trkpt lat="53.784064" lon="20.489539"><ele>129</ele></trkpt>
   <trkpt lat="53.784284" lon="20.490711"><ele>129.75</ele></trkpt>
   <trkpt lat="53.784618" lon="20.492476"><ele>132</ele></trkpt>
   <trkpt lat="53.784794" lon="20.493317"><ele>130.5</ele></trkpt>
   <trkpt lat="53.784981" lon="20.494132"><ele>129</ele></trkpt>
   <trkpt lat="53.785243" lon="20.495254"><ele>128.25</ele></trkpt>
   <trkpt lat="53.785362" lon="20.495793"><ele>128.25</ele></trkpt>
   <trkpt lat="53.785456" lon="20.496253"><ele>128.25</ele></trkpt>
   <trkpt lat="53.785526" lon="20.496611"><ele>128.25</ele></trkpt>
   <trkpt lat="53.785595" lon="20.49697"><ele>128.25</ele></trkpt>
   <trkpt lat="53.785726" lon="20.497673"><ele>128.25</ele></trkpt>
   <trkpt lat="53.785857" lon="20.498401"><ele>128</ele></trkpt>
   <trkpt lat="53.78592" lon="20.498763"><ele>128</ele></trkpt>
   <trkpt lat="53.785984" lon="20.499128"><ele>128</ele></trkpt>
   <trkpt lat="53.786093" lon="20.499751"><ele>128.25</ele></trkpt>
   <trkpt lat="53.786119" lon="20.499893"><ele>128.25</ele></trkpt>
   <trkpt lat="53.786189" lon="20.50029"><ele>128.25</ele></trkpt>
   <trkpt lat="53.786273" lon="20.500772"><ele>128.5</ele></trkpt>
   <trkpt lat="53.786607" lon="20.502714"><ele>127.75</ele></trkpt>
   <trkpt lat="53.786751" lon="20.503611"><ele>128</ele></trkpt>
   <trkpt lat="53.786842" lon="20.504126"><ele>128</ele></trkpt>
   <trkpt lat="53.786928" lon="20.504981"><ele>127.5</ele></trkpt>
   <trkpt lat="53.787052" lon="20.505698"><ele>127.5</ele></trkpt>
   <trkpt lat="53.787287" lon="20.506966"><ele>127</ele></trkpt>
   <trkpt lat="53.787944" lon="20.510495"><ele>128</ele></trkpt>
   <trkpt lat="53.788091" lon="20.51127"><ele>127.75</ele></trkpt>
   <trkpt lat="53.788191" lon="20.511648"><ele>127.75</ele></trkpt>
   <trkpt lat="53.788228" lon="20.511946"><ele>127.75</ele></trkpt>
   <trkpt lat="53.788281" lon="20.512289"><ele>127.75</ele></trkpt>
   <trkpt lat="53.788297" lon="20.512385"><ele>127.75</ele></trkpt>
   <trkpt lat="53.7883" lon="20.512398"><ele>127.75</ele></trkpt>
   <trkpt lat="53.788431" lon="20.513181"><ele>128</ele></trkpt>
   <trkpt lat="53.788472" lon="20.513474"><ele>128</ele></trkpt>
   <trkpt lat="53.788506" lon="20.513852"><ele>128</ele></trkpt>
   <trkpt lat="53.788516" lon="20.514144"><ele>128</ele></trkpt>
   <trkpt lat="53.788515" lon="20.514413"><ele>128.25</ele></trkpt>
   <trkpt lat="53.788503" lon="20.514701"><ele>128.25</ele></trkpt>
   <trkpt lat="53.788468" lon="20.515117"><ele>128.25</ele></trkpt>
   <trkpt lat="53.788442" lon="20.515307"><ele>128.5</ele></trkpt>
   <trkpt lat="53.788413" lon="20.515499"><ele>128.5</ele></trkpt>
   <trkpt lat="53.788357" lon="20.515793"><ele>128.75</ele></trkpt>
   <trkpt lat="53.788246" lon="20.516245"><ele>129</ele></trkpt>
   <trkpt lat="53.788184" lon="20.516449"><ele>129</ele></trkpt>
   <trkpt lat="53.788101" lon="20.516688"><ele>129</ele></trkpt>
   <trkpt lat="53.78801" lon="20.516917"><ele>129.25</ele></trkpt>
   <trkpt lat="53.787865" lon="20.517226"><ele>129.25</ele></trkpt>
   <trkpt lat="53.787787" lon="20.517372"><ele>129.25</ele></trkpt>
   <trkpt lat="53.787691" lon="20.517536"><ele>129.5</ele></trkpt>
   <trkpt lat="53.787524" lon="20.517797"><ele>130</ele></trkpt>
   <trkpt lat="53.786706" lon="20.518984"><ele>127.75</ele></trkpt>
   <trkpt lat="53.786639" lon="20.519082"><ele>127.75</ele></trkpt>
   <trkpt lat="53.786556" lon="20.519203"><ele>127.75</ele></trkpt>
   <trkpt lat="53.786478" lon="20.519317"><ele>127.5</ele></trkpt>
   <trkpt lat="53.785973" lon="20.520047"><ele>127.25</ele></trkpt>
   <trkpt lat="53.785565" lon="20.520618"><ele>126.75</ele></trkpt>
   <trkpt lat="53.785398" lon="20.520823"><ele>126.75</ele></trkpt>
   <trkpt lat="53.785221" lon="20.521019"><ele>127.25</ele></trkpt>
   <trkpt lat="53.784998" lon="20.521233"><ele>127.75</ele></trkpt>
   <trkpt lat="53.784896" lon="20.521318"><ele>128</ele></trkpt>
   <trkpt lat="53.784697" lon="20.521464"><ele>128.25</ele></trkpt>
   <trkpt lat="53.784465" lon="20.521607"><ele>128.75</ele></trkpt>
   <trkpt lat="53.784217" lon="20.521726"><ele>129</ele></trkpt>
   <trkpt lat="53.784034" lon="20.521796"><ele>129.25</ele></trkpt>
   <trkpt lat="53.783905" lon="20.521834"><ele>129.25</ele></trkpt>
   <trkpt lat="53.783577" lon="20.521905"><ele>129</ele></trkpt>
   <trkpt lat="53.78312" lon="20.52198"><ele>128.75</ele></trkpt>
   <trkpt lat="53.781666" lon="20.522215"><ele>130.5</ele></trkpt>
   <trkpt lat="53.781402" lon="20.522265"><ele>130.5</ele></trkpt>
   <trkpt lat="53.781092" lon="20.52234"><ele>130.5</ele></trkpt>
   <trkpt lat="53.78078" lon="20.522438"><ele>130.5</ele></trkpt>
   <trkpt lat="53.780452" lon="20.52257"><ele>130.25</ele></trkpt>
   <trkpt lat="53.780114" lon="20.522733"><ele>130.25</ele></trkpt>
   <trkpt lat="53.779743" lon="20.522947"><ele>129.75</ele></trkpt>
   <trkpt lat="53.77953" lon="20.523088"><ele>129.25</ele></trkpt>
   <trkpt lat="53.779209" lon="20.523326"><ele>128</ele></trkpt>
   <trkpt lat="53.779011" lon="20.52349"><ele>127.5</ele></trkpt>
   <trkpt lat="53.778731" lon="20.523742"><ele>126.75</ele></trkpt>
   <trkpt lat="53.778584" lon="20.523886"><ele>126.5</ele></trkpt>
   <trkpt lat="53.778237" lon="20.524259"><ele>125.75</ele></trkpt>
   <trkpt lat="53.777941" lon="20.524604"><ele>125.75</ele></trkpt>
   <trkpt lat="53.777506" lon="20.525136"><ele>125</ele></trkpt>
   <trkpt lat="53.777197" lon="20.525517"><ele>127</ele></trkpt>
   <trkpt lat="53.77678" lon="20.526031"><ele>128</ele></trkpt>
   <trkpt lat="53.775777" lon="20.527269"><ele>125.5</ele></trkpt>
   <trkpt lat="53.775634" lon="20.527454"><ele>125.75</ele></trkpt>
   <trkpt lat="53.775364" lon="20.527833"><ele>126</ele></trkpt>
   <trkpt lat="53.775084" lon="20.528276"><ele>125.25</ele></trkpt>
   <trkpt lat="53.775081" lon="20.528281"><ele>125.25</ele></trkpt>
   <trkpt lat="53.774848" lon="20.528686"><ele>126.25</ele></trkpt>
   <trkpt lat="53.774563" lon="20.529246"><ele>128</ele></trkpt>
   <trkpt lat="53.774452" lon="20.529484"><ele>128.25</ele></trkpt>
   <trkpt lat="53.774167" lon="20.530157"><ele>128</ele></trkpt>
   <trkpt lat="53.77269" lon="20.533846"><ele>125.5</ele></trkpt>
   <trkpt lat="53.772481" lon="20.534336"><ele>125.75</ele></trkpt>
   <trkpt lat="53.772221" lon="20.534878"><ele>125.25</ele></trkpt>
   <trkpt lat="53.772037" lon="20.535229"><ele>124.75</ele></trkpt>
   <trkpt lat="53.771755" lon="20.535713"><ele>124</ele></trkpt>
   <trkpt lat="53.77154" lon="20.536045"><ele>123.5</ele></trkpt>
   <trkpt lat="53.7713" lon="20.536388"><ele>122.75</ele></trkpt>
   <trkpt lat="53.771033" lon="20.536736"><ele>121.5</ele></trkpt>
   <trkpt lat="53.769013" lon="20.539249"><ele>120.75</ele></trkpt>
   <trkpt lat="53.766814" lon="20.541983"><ele>125</ele></trkpt>
   <trkpt lat="53.766386" lon="20.542515"><ele>125.75</ele></trkpt>
   <trkpt lat="53.764976" lon="20.544267"><ele>125.75</ele></trkpt>
   <trkpt lat="53.763879" lon="20.545632"><ele>128.5</ele></trkpt>
   <trkpt lat="53.76304" lon="20.546675"><ele>128.75</ele></trkpt>
   <trkpt lat="53.762696" lon="20.547106"><ele>128.75</ele></trkpt>
   <trkpt lat="53.761771" lon="20.54825"><ele>129.75</ele></trkpt>
   <trkpt lat="53.759554" lon="20.551001"><ele>131</ele></trkpt>
   <trkpt lat="53.756503" lon="20.554793"><ele>122</ele></trkpt>
   <trkpt lat="53.755958" lon="20.555468"><ele>122.5</ele></trkpt>
   <trkpt lat="53.755631" lon="20.555847"><ele>122.25</ele></trkpt>
   <trkpt lat="53.755334" lon="20.556151"><ele>121.75</ele></trkpt>
   <trkpt lat="53.75512" lon="20.55634"><ele>121.5</ele></trkpt>
   <trkpt lat="53.754889" lon="20.556529"><ele>121.25</ele></trkpt>
   <trkpt lat="53.754734" lon="20.556639"><ele>120.75</ele></trkpt>
   <trkpt lat="53.754413" lon="20.556839"><ele>120</ele></trkpt>
   <trkpt lat="53.754183" lon="20.556963"><ele>119.25</ele></trkpt>
   <trkpt lat="53.754" lon="20.557047"><ele>118.75</ele></trkpt>
   <trkpt lat="53.753661" lon="20.557179"><ele>118</ele></trkpt>
   <trkpt lat="53.751049" lon="20.558051"><ele>117.25</ele></trkpt>
   <trkpt lat="53.749807" lon="20.558465"><ele>117.25</ele></trkpt>
   <trkpt lat="53.749455" lon="20.558561"><ele>117.5</ele></trkpt>
   <trkpt lat="53.74908" lon="20.558646"><ele>117.75</ele></trkpt>
   <trkpt lat="53.748894" lon="20.558678"><ele>118.25</ele></trkpt>
   <trkpt lat="53.747091" lon="20.558914"><ele>120.5</ele></trkpt>
   <trkpt lat="53.746679" lon="20.55899"><ele>121</ele></trkpt>
   <trkpt lat="53.746338" lon="20.559093"><ele>120.75</ele></trkpt>
   <trkpt lat="53.74605" lon="20.559225"><ele>120.75</ele></trkpt>
   <trkpt lat="53.745778" lon="20.559391"><ele>121</ele></trkpt>
   <trkpt lat="53.745588" lon="20.559533"><ele>121.5</ele></trkpt>
   <trkpt lat="53.74556" lon="20.559556"><ele>121.5</ele></trkpt>
   <trkpt lat="53.745351" lon="20.559745"><ele>122.25</ele></trkpt>
   <trkpt lat="53.745204" lon="20.559891"><ele>122.75</ele></trkpt>
   <trkpt lat="53.744913" lon="20.560213"><ele>122.75</ele></trkpt>
   <trkpt lat="53.744522" lon="20.560666"><ele>122.5</ele></trkpt>
   <trkpt lat="53.744221" lon="20.561017"><ele>122.75</ele></trkpt>
   <trkpt lat="53.744073" lon="20.561189"><ele>123</ele></trkpt>
   <trkpt lat="53.743049" lon="20.562385"><ele>126</ele></trkpt>
   <trkpt lat="53.742156" lon="20.563427"><ele>128.5</ele></trkpt>
   <trkpt lat="53.741867" lon="20.563764"><ele>128.5</ele></trkpt>
   <trkpt lat="53.740285" lon="20.56561"><ele>126.5</ele></trkpt>
   <trkpt lat="53.739962" lon="20.565962"><ele>126</ele></trkpt>
   <trkpt lat="53.739672" lon="20.566238"><ele>125.5</ele></trkpt>
   <trkpt lat="53.739342" lon="20.5665"><ele>124.5</ele></trkpt>
   <trkpt lat="53.739205" lon="20.566594"><ele>124</ele></trkpt>
   <trkpt lat="53.739008" lon="20.566713"><ele>123.25</ele></trkpt>
   <trkpt lat="53.73865" lon="20.5669"><ele>121.75</ele></trkpt>
   <trkpt lat="53.737945" lon="20.567233"><ele>120.75</ele></trkpt>
   <trkpt lat="53.737437" lon="20.567462"><ele>120.75</ele></trkpt>
   <trkpt lat="53.737037" lon="20.567663"><ele>120.75</ele></trkpt>
   <trkpt lat="53.73699" lon="20.567692"><ele>120.75</ele></trkpt>
   <trkpt lat="53.736734" lon="20.567843"><ele>120.75</ele></trkpt>
   <trkpt lat="53.736539" lon="20.567976"><ele>120.5</ele></trkpt>
   <trkpt lat="53.736233" lon="20.568224"><ele>119.5</ele></trkpt>
   <trkpt lat="53.73598" lon="20.568457"><ele>118.75</ele></trkpt>
   <trkpt lat="53.735735" lon="20.568712"><ele>118.25</ele></trkpt>
   <trkpt lat="53.735516" lon="20.568961"><ele>118</ele></trkpt>
   <trkpt lat="53.735374" lon="20.56914"><ele>117.5</ele></trkpt>
   <trkpt lat="53.735231" lon="20.569333"><ele>117.5</ele></trkpt>
   <trkpt lat="53.734919" lon="20.56978"><ele>117</ele></trkpt>
   <trkpt lat="53.732746" lon="20.573044"><ele>115.75</ele></trkpt>
   <trkpt lat="53.732414" lon="20.573565"><ele>117.75</ele></trkpt>
   <trkpt lat="53.732355" lon="20.573661"><ele>118.25</ele></trkpt>
   <trkpt lat="53.732137" lon="20.574046"><ele>119.25</ele></trkpt>
   <trkpt lat="53.73195" lon="20.574419"><ele>119.75</ele></trkpt>
   <trkpt lat="53.731794" lon="20.574761"><ele>120</ele></trkpt>
   <trkpt lat="53.731563" lon="20.57534"><ele>118.75</ele></trkpt>
   <trkpt lat="53.731369" lon="20.57591"><ele>117</ele></trkpt>
   <trkpt lat="53.731187" lon="20.57656"><ele>116.25</ele></trkpt>
   <trkpt lat="53.731069" lon="20.577064"><ele>116</ele></trkpt>
   <trkpt lat="53.730997" lon="20.577421"><ele>116.25</ele></trkpt>
   <trkpt lat="53.730943" lon="20.577733"><ele>116.5</ele></trkpt>
   <trkpt lat="53.730854" lon="20.578358"><ele>117.75</ele></trkpt>
   <trkpt lat="53.730786" lon="20.579055"><ele>117.75</ele></trkpt>
   <trkpt lat="53.730729" lon="20.58"><ele>117.5</ele></trkpt>
   <trkpt lat="53.730699" lon="20.580562"><ele>118</ele></trkpt>
   <trkpt lat="53.730474" lon="20.584791"><ele>124</ele></trkpt>
   <trkpt lat="53.730387" lon="20.586416"><ele>122.75</ele></trkpt>
   <trkpt lat="53.730365" lon="20.586748"><ele>122.5</ele></trkpt>
   <trkpt lat="53.730334" lon="20.587086"><ele>122.5</ele></trkpt>
   <trkpt lat="53.730301" lon="20.587346"><ele>122.5</ele></trkpt>
   <trkpt lat="53.730254" lon="20.587633"><ele>122.5</ele></trkpt>
   <trkpt lat="53.730196" lon="20.587916"><ele>122.5</ele></trkpt>
   <trkpt lat="53.730135" lon="20.588155"><ele>122.25</ele></trkpt>
   <trkpt lat="53.730055" lon="20.588426"><ele>122</ele></trkpt>
   <trkpt lat="53.729967" lon="20.588679"><ele>121.75</ele></trkpt>
   <trkpt lat="53.729878" lon="20.588911"><ele>121.5</ele></trkpt>
   <trkpt lat="53.729781" lon="20.589122"><ele>121.25</ele></trkpt>
   <trkpt lat="53.729674" lon="20.589333"><ele>121.5</ele></trkpt>
   <trkpt lat="53.729576" lon="20.589507"><ele>121.75</ele></trkpt>
   <trkpt lat="53.729436" lon="20.589727"><ele>122</ele></trkpt>
   <trkpt lat="53.729293" lon="20.589919"><ele>122.5</ele></trkpt>
   <trkpt lat="53.729158" lon="20.590085"><ele>123</ele></trkpt>
   <trkpt lat="53.7289" lon="20.590374"><ele>122.75</ele></trkpt>
   <trkpt lat="53.72876" lon="20.590526"><ele>122.75</ele></trkpt>
   <trkpt lat="53.724979" lon="20.594666"><ele>126.25</ele></trkpt>
   <trkpt lat="53.724184" lon="20.595537"><ele>128.5</ele></trkpt>
   <trkpt lat="53.723873" lon="20.595917"><ele>128.75</ele></trkpt>
   <trkpt lat="53.723735" lon="20.596111"><ele>129</ele></trkpt>
   <trkpt lat="53.723584" lon="20.596353"><ele>129.75</ele></trkpt>
   <trkpt lat="53.723463" lon="20.596577"><ele>130.5</ele></trkpt>
   <trkpt lat="53.723352" lon="20.59681"><ele>131.5</ele></trkpt>
   <trkpt lat="53.723257" lon="20.597034"><ele>132.25</ele></trkpt>
   <trkpt lat="53.723161" lon="20.597294"><ele>133</ele></trkpt>
   <trkpt lat="53.723075" lon="20.597557"><ele>133.5</ele></trkpt>
   <trkpt lat="53.722993" lon="20.597864"><ele>133.75</ele></trkpt>
   <trkpt lat="53.722878" lon="20.59841"><ele>134</ele></trkpt>
   <trkpt lat="53.722842" lon="20.598655"><ele>134.75</ele></trkpt>
   <trkpt lat="53.722809" lon="20.598938"><ele>135.75</ele></trkpt>
   <trkpt lat="53.722789" lon="20.599196"><ele>136.5</ele></trkpt>
   <trkpt lat="53.722775" lon="20.59948"><ele>137.25</ele></trkpt>
   <trkpt lat="53.722769" lon="20.599788"><ele>138</ele></trkpt>
   <trkpt lat="53.722778" lon="20.600333"><ele>138.75</ele></trkpt>
   <trkpt lat="53.722867" lon="20.603156"><ele>142.5</ele></trkpt>
   <trkpt lat="53.722875" lon="20.603546"><ele>142.25</ele></trkpt>
   <trkpt lat="53.722873" lon="20.603917"><ele>141.5</ele></trkpt>
   <trkpt lat="53.722861" lon="20.604263"><ele>140.75</ele></trkpt>
   <trkpt lat="53.722834" lon="20.604628"><ele>140.25</ele></trkpt>
   <trkpt lat="53.722794" lon="20.60497"><ele>140.25</ele></trkpt>
   <trkpt lat="53.722745" lon="20.60529"><ele>139.5</ele></trkpt>
   <trkpt lat="53.722685" lon="20.605595"><ele>138.75</ele></trkpt>
   <trkpt lat="53.722621" lon="20.605877"><ele>138.25</ele></trkpt>
   <trkpt lat="53.722547" lon="20.606144"><ele>137.75</ele></trkpt>
   <trkpt lat="53.722469" lon="20.606387"><ele>137.25</ele></trkpt>
   <trkpt lat="53.72238" lon="20.60664"><ele>137</ele></trkpt>
   <trkpt lat="53.722291" lon="20.606861"><ele>136.5</ele></trkpt>
   <trkpt lat="53.722166" lon="20.607137"><ele>136</ele></trkpt>
   <trkpt lat="53.722046" lon="20.607373"><ele>135.5</ele></trkpt>
   <trkpt lat="53.721926" lon="20.60758"><ele>135.25</ele></trkpt>
   <trkpt lat="53.721635" lon="20.608021"><ele>134.75</ele></trkpt>
   <trkpt lat="53.72002" lon="20.610237"><ele>142</ele></trkpt>
   <trkpt lat="53.719641" lon="20.610815"><ele>138.25</ele></trkpt>
   <trkpt lat="53.719325" lon="20.611323"><ele>136.5</ele></trkpt>
   <trkpt lat="53.719003" lon="20.611865"><ele>134.5</ele></trkpt>
   <trkpt lat="53.718694" lon="20.612416"><ele>133.5</ele></trkpt>
   <trkpt lat="53.718485" lon="20.612804"><ele>133.25</ele></trkpt>
   <trkpt lat="53.718246" lon="20.613255"><ele>133.25</ele></trkpt>
   <trkpt lat="53.71794" lon="20.613866"><ele>132.5</ele></trkpt>
   <trkpt lat="53.715623" lon="20.618756"><ele>133</ele></trkpt>
   <trkpt lat="53.715386" lon="20.61929"><ele>132.5</ele></trkpt>
   <trkpt lat="53.715279" lon="20.619561"><ele>132</ele></trkpt>
   <trkpt lat="53.715175" lon="20.619867"><ele>131</ele></trkpt>
   <trkpt lat="53.715105" lon="20.6201"><ele>130.75</ele></trkpt>
   <trkpt lat="53.71496" lon="20.620664"><ele>132.75</ele></trkpt>
   <trkpt lat="53.714706" lon="20.621745"><ele>136.25</ele></trkpt>
   <trkpt lat="53.71455" lon="20.622297"><ele>135.25</ele></trkpt>
   <trkpt lat="53.714472" lon="20.622528"><ele>134.5</ele></trkpt>
   <trkpt lat="53.71437" lon="20.622789"><ele>133.5</ele></trkpt>
   <trkpt lat="53.71424" lon="20.623084"><ele>132.25</ele></trkpt>
   <trkpt lat="53.714035" lon="20.623478"><ele>131.25</ele></trkpt>
   <trkpt lat="53.713811" lon="20.62383"><ele>131.5</ele></trkpt>
   <trkpt lat="53.713667" lon="20.624023"><ele>131.75</ele></trkpt>
   <trkpt lat="53.713541" lon="20.624175"><ele>131.75</ele></trkpt>
   <trkpt lat="53.713252" lon="20.624484"><ele>131.5</ele></trkpt>
   <trkpt lat="53.713095" lon="20.624632"><ele>131.25</ele></trkpt>
   <trkpt lat="53.711375" lon="20.626253"><ele>128.5</ele></trkpt>
   <trkpt lat="53.71106" lon="20.626567"><ele>128.25</ele></trkpt>
   <trkpt lat="53.710785" lon="20.626878"><ele>128.25</ele></trkpt>
   <trkpt lat="53.710645" lon="20.627054"><ele>128</ele></trkpt>
   <trkpt lat="53.710385" lon="20.627427"><ele>127.25</ele></trkpt>
   <trkpt lat="53.71026" lon="20.627626"><ele>126.75</ele></trkpt>
   <trkpt lat="53.710011" lon="20.628089"><ele>125</ele></trkpt>
   <trkpt lat="53.70988" lon="20.628356"><ele>124</ele></trkpt>
   <trkpt lat="53.709757" lon="20.628638"><ele>124.25</ele></trkpt>
   <trkpt lat="53.709652" lon="20.628902"><ele>124.5</ele></trkpt>
   <trkpt lat="53.709553" lon="20.629182"><ele>125</ele></trkpt>
   <trkpt lat="53.709453" lon="20.629491"><ele>125.25</ele></trkpt>
   <trkpt lat="53.709352" lon="20.629831"><ele>125.75</ele></trkpt>
   <trkpt lat="53.709262" lon="20.630164"><ele>126.5</ele></trkpt>
   <trkpt lat="53.70774" lon="20.636052"><ele>143.75</ele></trkpt>
   <trkpt lat="53.706708" lon="20.640043"><ele>146.25</ele></trkpt>
   <trkpt lat="53.706324" lon="20.641529"><ele>147.25</ele></trkpt>
   <trkpt lat="53.705978" lon="20.642871"><ele>143.5</ele></trkpt>
   <trkpt lat="53.705606" lon="20.644319"><ele>144</ele></trkpt>
   <trkpt lat="53.705585" lon="20.6444"><ele>144.5</ele></trkpt>
   <trkpt lat="53.704155" lon="20.649937"><ele>149.25</ele></trkpt>
   <trkpt lat="53.703318" lon="20.653175"><ele>152.25</ele></trkpt>
   <trkpt lat="53.702902" lon="20.654788"><ele>152.5</ele></trkpt>
   <trkpt lat="53.702523" lon="20.656256"><ele>153.75</ele></trkpt>
   <trkpt lat="53.702169" lon="20.657623"><ele>153</ele></trkpt>
   <trkpt lat="53.702076" lon="20.657986"><ele>152.25</ele></trkpt>
   <trkpt lat="53.701955" lon="20.658394"><ele>151</ele></trkpt>
   <trkpt lat="53.701645" lon="20.659301"><ele>147.25</ele></trkpt>
   <trkpt lat="53.701306" lon="20.660304"><ele>141.5</ele></trkpt>
   <trkpt lat="53.701066" lon="20.660986"><ele>139</ele></trkpt>
   <trkpt lat="53.700844" lon="20.66152"><ele>138</ele></trkpt>
   <trkpt lat="53.70063" lon="20.661965"><ele>138</ele></trkpt>
   <trkpt lat="53.700386" lon="20.662417"><ele>138</ele></trkpt>
   <trkpt lat="53.699815" lon="20.663334"><ele>137</ele></trkpt>
   <trkpt lat="53.69952" lon="20.6638"><ele>137.75</ele></trkpt>
   <trkpt lat="53.699302" lon="20.664234"><ele>138.5</ele></trkpt>
   <trkpt lat="53.699199" lon="20.66442"><ele>139</ele></trkpt>
   <trkpt lat="53.695513" lon="20.67075"><ele>142.75</ele></trkpt>
   <trkpt lat="53.695165" lon="20.671347"><ele>143</ele></trkpt>
   <trkpt lat="53.694842" lon="20.671902"><ele>142.75</ele></trkpt>
   <trkpt lat="53.694436" lon="20.672774"><ele>141.75</ele></trkpt>
   <trkpt lat="53.694115" lon="20.673467"><ele>140.5</ele></trkpt>
   <trkpt lat="53.694014" lon="20.673662"><ele>140.25</ele></trkpt>
   <trkpt lat="53.693962" lon="20.673751"><ele>140</ele></trkpt>
   <trkpt lat="53.693839" lon="20.673962"><ele>139.75</ele></trkpt>
   <trkpt lat="53.693724" lon="20.674159"><ele>139.25</ele></trkpt>
   <trkpt lat="53.693349" lon="20.674804"><ele>139</ele></trkpt>
   <trkpt lat="53.693093" lon="20.675244"><ele>139.25</ele></trkpt>
   <trkpt lat="53.692699" lon="20.675921"><ele>139.25</ele></trkpt>
   <trkpt lat="53.689541" lon="20.681344"><ele>135.25</ele></trkpt>
   <trkpt lat="53.689464" lon="20.681477"><ele>135.5</ele></trkpt>
   <trkpt lat="53.689293" lon="20.681772"><ele>135.25</ele></trkpt>
   <trkpt lat="53.688896" lon="20.682454"><ele>133</ele></trkpt>
   <trkpt lat="53.688255" lon="20.683557"><ele>128.75</ele></trkpt>
   <trkpt lat="53.687639" lon="20.684615"><ele>129.75</ele></trkpt>
   <trkpt lat="53.687435" lon="20.684964"><ele>130</ele></trkpt>
   <trkpt lat="53.686413" lon="20.68673"><ele>130.75</ele></trkpt>
   <trkpt lat="53.686167" lon="20.687198"><ele>132</ele></trkpt>
   <trkpt lat="53.685922" lon="20.687706"><ele>133</ele></trkpt>
   <trkpt lat="53.68574" lon="20.688115"><ele>134.25</ele></trkpt>
   <trkpt lat="53.685591" lon="20.68848"><ele>136</ele></trkpt>
   <trkpt lat="53.685508" lon="20.688686"><ele>136.75</ele></trkpt>
   <trkpt lat="53.685312" lon="20.689221"><ele>138</ele></trkpt>
   <trkpt lat="53.685112" lon="20.689827"><ele>138</ele></trkpt>
   <trkpt lat="53.683107" lon="20.69638"><ele>124.5</ele></trkpt>
   <trkpt lat="53.683027" lon="20.696642"><ele>125.25</ele></trkpt>
   <trkpt lat="53.682938" lon="20.696938"><ele>127</ele></trkpt>
   <trkpt lat="53.682781" lon="20.697444"><ele>129.75</ele></trkpt>
   <trkpt lat="53.682693" lon="20.697701"><ele>131</ele></trkpt>
   <trkpt lat="53.682573" lon="20.69802"><ele>132.5</ele></trkpt>
   <trkpt lat="53.682414" lon="20.698412"><ele>134.5</ele></trkpt>
   <trkpt lat="53.68223" lon="20.698816"><ele>136</ele></trkpt>
   <trkpt lat="53.681927" lon="20.699417"><ele>137.25</ele></trkpt>
   <trkpt lat="53.681682" lon="20.699855"><ele>136.75</ele></trkpt>
   <trkpt lat="53.681549" lon="20.700075"><ele>136</ele></trkpt>
   <trkpt lat="53.68143" lon="20.700267"><ele>135.25</ele></trkpt>
   <trkpt lat="53.681189" lon="20.70063"><ele>134.25</ele></trkpt>
   <trkpt lat="53.680932" lon="20.700981"><ele>133.75</ele></trkpt>
   <trkpt lat="53.680634" lon="20.701346"><ele>132.75</ele></trkpt>
   <trkpt lat="53.680347" lon="20.701664"><ele>132</ele></trkpt>
   <trkpt lat="53.6802" lon="20.701814"><ele>131.75</ele></trkpt>
   <trkpt lat="53.679796" lon="20.702185"><ele>131</ele></trkpt>
   <trkpt lat="53.679635" lon="20.702317"><ele>130.25</ele></trkpt>
   <trkpt lat="53.679319" lon="20.702555"><ele>129.25</ele></trkpt>
   <trkpt lat="53.678893" lon="20.702827"><ele>130.75</ele></trkpt>
   <trkpt lat="53.678582" lon="20.702995"><ele>133.25</ele></trkpt>
   <trkpt lat="53.678233" lon="20.70315"><ele>135.75</ele></trkpt>
   <trkpt lat="53.678048" lon="20.703222"><ele>136.25</ele></trkpt>
   <trkpt lat="53.676495" lon="20.703748"><ele>133.5</ele></trkpt>
   <trkpt lat="53.676438" lon="20.703767"><ele>133.5</ele></trkpt>
   <trkpt lat="53.675961" lon="20.703951"><ele>134.25</ele></trkpt>
   <trkpt lat="53.67582" lon="20.704017"><ele>134.5</ele></trkpt>
   <trkpt lat="53.675566" lon="20.704166"><ele>134.25</ele></trkpt>
   <trkpt lat="53.675303" lon="20.704363"><ele>134.25</ele></trkpt>
   <trkpt lat="53.67503" lon="20.704615"><ele>134.5</ele></trkpt>
   <trkpt lat="53.674902" lon="20.70475"><ele>134.5</ele></trkpt>
   <trkpt lat="53.674769" lon="20.704909"><ele>134.25</ele></trkpt>
   <trkpt lat="53.674635" lon="20.705086"><ele>134</ele></trkpt>
   <trkpt lat="53.674377" lon="20.705472"><ele>133.25</ele></trkpt>
   <trkpt lat="53.674189" lon="20.705814"><ele>133</ele></trkpt>
   <trkpt lat="53.674085" lon="20.706023"><ele>133.5</ele></trkpt>
   <trkpt lat="53.673985" lon="20.70625"><ele>134</ele></trkpt>
   <trkpt lat="53.673814" lon="20.706688"><ele>135</ele></trkpt>
   <trkpt lat="53.673649" lon="20.707213"><ele>137</ele></trkpt>
   <trkpt lat="53.673578" lon="20.707494"><ele>138.25</ele></trkpt>
   <trkpt lat="53.673461" lon="20.708046"><ele>140.75</ele></trkpt>
   <trkpt lat="53.673405" lon="20.708358"><ele>142</ele></trkpt>
   <trkpt lat="53.671799" lon="20.718378"><ele>149.5</ele></trkpt>
   <trkpt lat="53.671678" lon="20.71903"><ele>147.5</ele></trkpt>
   <trkpt lat="53.671625" lon="20.719266"><ele>147.25</ele></trkpt>
   <trkpt lat="53.671514" lon="20.719688"><ele>147.25</ele></trkpt>
   <trkpt lat="53.671375" lon="20.720126"><ele>147.5</ele></trkpt>
   <trkpt lat="53.671291" lon="20.720348"><ele>147.75</ele></trkpt>
   <trkpt lat="53.671125" lon="20.720738"><ele>147.25</ele></trkpt>
   <trkpt lat="53.670949" lon="20.721084"><ele>146.25</ele></trkpt>
   <trkpt lat="53.670762" lon="20.721407"><ele>145</ele></trkpt>
   <trkpt lat="53.670667" lon="20.721554"><ele>144.75</ele></trkpt>
   <trkpt lat="53.670439" lon="20.721861"><ele>145.75</ele></trkpt>
   <trkpt lat="53.67033" lon="20.721991"><ele>146.25</ele></trkpt>
   <trkpt lat="53.67021" lon="20.722124"><ele>146.75</ele></trkpt>
   <trkpt lat="53.669949" lon="20.722373"><ele>147</ele></trkpt>
   <trkpt lat="53.669687" lon="20.722578"><ele>147.25</ele></trkpt>
   <trkpt lat="53.669431" lon="20.722738"><ele>147.25</ele></trkpt>
   <trkpt lat="53.669298" lon="20.722806"><ele>147.25</ele></trkpt>
   <trkpt lat="53.669049" lon="20.722907"><ele>147</ele></trkpt>
   <trkpt lat="53.668803" lon="20.722981"><ele>146.5</ele></trkpt>
   <trkpt lat="53.664161" lon="20.723956"><ele>152.75</ele></trkpt>
   <trkpt lat="53.663312" lon="20.724134"><ele>151.25</ele></trkpt>
   <trkpt lat="53.662954" lon="20.724227"><ele>150.75</ele></trkpt>
   <trkpt lat="53.662773" lon="20.724292"><ele>150.25</ele></trkpt>
   <trkpt lat="53.662588" lon="20.724371"><ele>149.5</ele></trkpt>
   <trkpt lat="53.662374" lon="20.724488"><ele>148.5</ele></trkpt>
   <trkpt lat="53.662179" lon="20.724617"><ele>147.75</ele></trkpt>
   <trkpt lat="53.661992" lon="20.724764"><ele>147</ele></trkpt>
   <trkpt lat="53.661818" lon="20.724917"><ele>146</ele></trkpt>
   <trkpt lat="53.661483" lon="20.725278"><ele>146</ele></trkpt>
   <trkpt lat="53.661131" lon="20.725703"><ele>146</ele></trkpt>
   <trkpt lat="53.65653" lon="20.731434"><ele>151.5</ele></trkpt>
   <trkpt lat="53.656022" lon="20.732066"><ele>151.75</ele></trkpt>
   <trkpt lat="53.655456" lon="20.732756"><ele>150.75</ele></trkpt>
   <trkpt lat="53.655284" lon="20.732939"><ele>150</ele></trkpt>
   <trkpt lat="53.65513" lon="20.733091"><ele>149.5</ele></trkpt>
   <trkpt lat="53.654958" lon="20.733239"><ele>148.75</ele></trkpt>
   <trkpt lat="53.654786" lon="20.733366"><ele>148.5</ele></trkpt>
   <trkpt lat="53.65446" lon="20.733573"><ele>148.25</ele></trkpt>
   <trkpt lat="53.651933" lon="20.734988"><ele>136.5</ele></trkpt>
   <trkpt lat="53.651511" lon="20.735266"><ele>136</ele></trkpt>
   <trkpt lat="53.651252" lon="20.735454"><ele>136.25</ele></trkpt>
   <trkpt lat="53.650934" lon="20.735709"><ele>136.75</ele></trkpt>
   <trkpt lat="53.650578" lon="20.736026"><ele>137.5</ele></trkpt>
   <trkpt lat="53.650198" lon="20.736402"><ele>138.25</ele></trkpt>
   <trkpt lat="53.650002" lon="20.736614"><ele>138.75</ele></trkpt>
   <trkpt lat="53.649823" lon="20.736817"><ele>139</ele></trkpt>
   <trkpt lat="53.649474" lon="20.737245"><ele>139</ele></trkpt>
   <trkpt lat="53.649149" lon="20.737683"><ele>139</ele></trkpt>
   <trkpt lat="53.648656" lon="20.738394"><ele>140.25</ele></trkpt>
   <trkpt lat="53.646785" lon="20.7411"><ele>144</ele></trkpt>
   <trkpt lat="53.646642" lon="20.741296"><ele>143.75</ele></trkpt>
   <trkpt lat="53.646326" lon="20.7417"><ele>143.25</ele></trkpt>
   <trkpt lat="53.64617" lon="20.741879"><ele>143.25</ele></trkpt>
   <trkpt lat="53.645861" lon="20.742201"><ele>143.25</ele></trkpt>
   <trkpt lat="53.645802" lon="20.742259"><ele>143</ele></trkpt>
   <trkpt lat="53.644221" lon="20.743821"><ele>140.25</ele></trkpt>
   <trkpt lat="53.643579" lon="20.744455"><ele>139.75</ele></trkpt>
   <trkpt lat="53.642224" lon="20.745793"><ele>140</ele></trkpt>
   <trkpt lat="53.641447" lon="20.746556"><ele>139.75</ele></trkpt>
   <trkpt lat="53.64121" lon="20.746789"><ele>140.5</ele></trkpt>
   <trkpt lat="53.640666" lon="20.747326"><ele>142.25</ele></trkpt>
   <trkpt lat="53.639896" lon="20.748086"><ele>141.5</ele></trkpt>
   <trkpt lat="53.638728" lon="20.749237"><ele>139.5</ele></trkpt>
   <trkpt lat="53.637948" lon="20.750019"><ele>139</ele></trkpt>
   <trkpt lat="53.637658" lon="20.750323"><ele>139</ele></trkpt>
   <trkpt lat="53.637388" lon="20.750637"><ele>139</ele></trkpt>
   <trkpt lat="53.637257" lon="20.750806"><ele>139</ele></trkpt>
   <trkpt lat="53.63699" lon="20.751195"><ele>139.25</ele></trkpt>
   <trkpt lat="53.636709" lon="20.751657"><ele>139.75</ele></trkpt>
   <trkpt lat="53.635164" lon="20.754494"><ele>142</ele></trkpt>
   <trkpt lat="53.635" lon="20.754807"><ele>142</ele></trkpt>
   <trkpt lat="53.634854" lon="20.755111"><ele>142</ele></trkpt>
   <trkpt lat="53.634776" lon="20.755289"><ele>142</ele></trkpt>
   <trkpt lat="53.634657" lon="20.755588"><ele>142</ele></trkpt>
   <trkpt lat="53.634601" lon="20.755751"><ele>142</ele></trkpt>
   <trkpt lat="53.634493" lon="20.756115"><ele>141.5</ele></trkpt>
   <trkpt lat="53.63444" lon="20.75633"><ele>141.25</ele></trkpt>
   <trkpt lat="53.634355" lon="20.756748"><ele>140.75</ele></trkpt>
   <trkpt lat="53.634295" lon="20.757134"><ele>141.75</ele></trkpt>
   <trkpt lat="53.634251" lon="20.757487"><ele>142.75</ele></trkpt>
   <trkpt lat="53.634114" lon="20.758713"><ele>145</ele></trkpt>
   <trkpt lat="53.634082" lon="20.759006"><ele>145</ele></trkpt>
   <trkpt lat="53.634043" lon="20.759291"><ele>145</ele></trkpt>
   <trkpt lat="53.633912" lon="20.760015"><ele>144.75</ele></trkpt>
   <trkpt lat="53.633842" lon="20.76035"><ele>145.25</ele></trkpt>
   <trkpt lat="53.633653" lon="20.761071"><ele>146.25</ele></trkpt>
   <trkpt lat="53.633584" lon="20.761319"><ele>146.5</ele></trkpt>
   <trkpt lat="53.633508" lon="20.761552"><ele>146.75</ele></trkpt>
   <trkpt lat="53.6334" lon="20.76184"><ele>146.75</ele></trkpt>
   <trkpt lat="53.633345" lon="20.761976"><ele>146.75</ele></trkpt>
   <trkpt lat="53.631781" lon="20.765409"><ele>145</ele></trkpt>
   <trkpt lat="53.631443" lon="20.76615"><ele>145.25</ele></trkpt>
   <trkpt lat="53.631204" lon="20.766673"><ele>145.25</ele></trkpt>
   <trkpt lat="53.631078" lon="20.76698"><ele>145</ele></trkpt>
   <trkpt lat="53.630851" lon="20.767605"><ele>144.75</ele></trkpt>
   <trkpt lat="53.630729" lon="20.767955"><ele>144.75</ele></trkpt>
   <trkpt lat="53.630587" lon="20.768297"><ele>144.75</ele></trkpt>
   <trkpt lat="53.630506" lon="20.76848"><ele>144.5</ele></trkpt>
   <trkpt lat="53.630449" lon="20.768604"><ele>144.5</ele></trkpt>
   <trkpt lat="53.630146" lon="20.769267"><ele>143.5</ele></trkpt>
   <trkpt lat="53.62959" lon="20.770476"><ele>142.75</ele></trkpt>
   <trkpt lat="53.629296" lon="20.771063"><ele>142.25</ele></trkpt>
   <trkpt lat="53.629004" lon="20.771571"><ele>140.5</ele></trkpt>
   <trkpt lat="53.62881" lon="20.771884"><ele>139.5</ele></trkpt>
   <trkpt lat="53.628659" lon="20.772107"><ele>139.25</ele></trkpt>
   <trkpt lat="53.628514" lon="20.772313"><ele>139</ele></trkpt>
   <trkpt lat="53.628363" lon="20.77251"><ele>139</ele></trkpt>
   <trkpt lat="53.628183" lon="20.772738"><ele>139.25</ele></trkpt>
   <trkpt lat="53.627214" lon="20.773895"><ele>140</ele></trkpt>
   <trkpt lat="53.623909" lon="20.777841"><ele>140</ele></trkpt>
   <trkpt lat="53.623184" lon="20.778706"><ele>140.75</ele></trkpt>
   <trkpt lat="53.62318" lon="20.778711"><ele>140.75</ele></trkpt>
   <trkpt lat="53.622442" lon="20.779591"><ele>139.75</ele></trkpt>
   <trkpt lat="53.621722" lon="20.78045"><ele>140</ele></trkpt>
   <trkpt lat="53.621707" lon="20.780468"><ele>140</ele></trkpt>
   <trkpt lat="53.617295" lon="20.78573"><ele>142.5</ele></trkpt>
   <trkpt lat="53.617123" lon="20.785939"><ele>142.5</ele></trkpt>
   <trkpt lat="53.616844" lon="20.786279"><ele>142.5</ele></trkpt>
   <trkpt lat="53.616705" lon="20.786466"><ele>142.75</ele></trkpt>
   <trkpt lat="53.61645" lon="20.786849"><ele>142.5</ele></trkpt>
   <trkpt lat="53.616319" lon="20.787085"><ele>142.5</ele></trkpt>
   <trkpt lat="53.616201" lon="20.787325"><ele>142.25</ele></trkpt>
   <trkpt lat="53.616111" lon="20.787528"><ele>142.25</ele></trkpt>
   <trkpt lat="53.616024" lon="20.78775"><ele>142.5</ele></trkpt>
   <trkpt lat="53.61593" lon="20.788019"><ele>142.5</ele></trkpt>
   <trkpt lat="53.615851" lon="20.788282"><ele>142.75</ele></trkpt>
   <trkpt lat="53.615781" lon="20.788554"><ele>143</ele></trkpt>
   <trkpt lat="53.615719" lon="20.788847"><ele>143.25</ele></trkpt>
   <trkpt lat="53.615667" lon="20.78914"><ele>143.5</ele></trkpt>
   <trkpt lat="53.615575" lon="20.78982"><ele>144</ele></trkpt>
   <trkpt lat="53.615413" lon="20.791342"><ele>143.25</ele></trkpt>
   <trkpt lat="53.615371" lon="20.791678"><ele>142.75</ele></trkpt>
   <trkpt lat="53.615322" lon="20.792009"><ele>143</ele></trkpt>
   <trkpt lat="53.615273" lon="20.792291"><ele>143</ele></trkpt>
   <trkpt lat="53.615213" lon="20.792583"><ele>143.25</ele></trkpt>
   <trkpt lat="53.615154" lon="20.792848"><ele>143.5</ele></trkpt>
   <trkpt lat="53.615085" lon="20.79312"><ele>143.75</ele></trkpt>
   <trkpt lat="53.61501" lon="20.793384"><ele>144</ele></trkpt>
   <trkpt lat="53.614924" lon="20.793664"><ele>144.25</ele></trkpt>
   <trkpt lat="53.614763" lon="20.794125"><ele>144.5</ele></trkpt>
   <trkpt lat="53.614583" lon="20.79456"><ele>144.75</ele></trkpt>
   <trkpt lat="53.614485" lon="20.794778"><ele>145</ele></trkpt>
   <trkpt lat="53.613447" lon="20.797008"><ele>146.25</ele></trkpt>
   <trkpt lat="53.613328" lon="20.797285"><ele>146.5</ele></trkpt>
   <trkpt lat="53.61322" lon="20.797557"><ele>146.75</ele></trkpt>
   <trkpt lat="53.613113" lon="20.797859"><ele>147</ele></trkpt>
   <trkpt lat="53.613026" lon="20.798146"><ele>147.25</ele></trkpt>
   <trkpt lat="53.612946" lon="20.798447"><ele>147.5</ele></trkpt>
   <trkpt lat="53.612879" lon="20.798743"><ele>147.5</ele></trkpt>
   <trkpt lat="53.612815" lon="20.799092"><ele>147.5</ele></trkpt>
   <trkpt lat="53.61277" lon="20.799389"><ele>147.75</ele></trkpt>
   <trkpt lat="53.61273" lon="20.799748"><ele>148.25</ele></trkpt>
   <trkpt lat="53.612703" lon="20.800074"><ele>148.5</ele></trkpt>
   <trkpt lat="53.612687" lon="20.800383"><ele>148.5</ele></trkpt>
   <trkpt lat="53.612663" lon="20.80142"><ele>147.5</ele></trkpt>
   <trkpt lat="53.61262" lon="20.803353"><ele>147.25</ele></trkpt>
   <trkpt lat="53.612603" lon="20.803748"><ele>147.5</ele></trkpt>
   <trkpt lat="53.61255" lon="20.804522"><ele>147.25</ele></trkpt>
   <trkpt lat="53.612471" lon="20.805296"><ele>147</ele></trkpt>
   <trkpt lat="53.612068" lon="20.808706"><ele>148.75</ele></trkpt>
   <trkpt lat="53.612006" lon="20.809449"><ele>148</ele></trkpt>
   <trkpt lat="53.611981" lon="20.809839"><ele>147.25</ele></trkpt>
   <trkpt lat="53.611949" lon="20.810622"><ele>147.5</ele></trkpt>
   <trkpt lat="53.611944" lon="20.811015"><ele>147.75</ele></trkpt>
   <trkpt lat="53.611919" lon="20.816433"><ele>146</ele></trkpt>
   <trkpt lat="53.611902" lon="20.819976"><ele>145</ele></trkpt>
   <trkpt lat="53.61187" lon="20.827381"><ele>149.5</ele></trkpt>
   <trkpt lat="53.611873" lon="20.827747"><ele>149</ele></trkpt>
   <trkpt lat="53.611881" lon="20.828129"><ele>148.5</ele></trkpt>
   <trkpt lat="53.611896" lon="20.828442"><ele>148.25</ele></trkpt>
   <trkpt lat="53.611954" lon="20.829114"><ele>147</ele></trkpt>
   <trkpt lat="53.611999" lon="20.829468"><ele>146.5</ele></trkpt>
   <trkpt lat="53.612277" lon="20.831466"><ele>151.25</ele></trkpt>
   <trkpt lat="53.612375" lon="20.832223"><ele>155.25</ele></trkpt>
   <trkpt lat="53.612403" lon="20.832527"><ele>157</ele></trkpt>
   <trkpt lat="53.61243" lon="20.833096"><ele>159.75</ele></trkpt>
   <trkpt lat="53.61243" lon="20.833428"><ele>160.75</ele></trkpt>
   <trkpt lat="53.612403" lon="20.834162"><ele>158.75</ele></trkpt>
   <trkpt lat="53.612236" lon="20.837475"><ele>148</ele></trkpt>
   <trkpt lat="53.612181" lon="20.83821"><ele>145.75</ele></trkpt>
   <trkpt lat="53.612141" lon="20.838615"><ele>145.25</ele></trkpt>
   <trkpt lat="53.612099" lon="20.838968"><ele>145</ele></trkpt>
   <trkpt lat="53.611996" lon="20.83971"><ele>144.5</ele></trkpt>
   <trkpt lat="53.611788" lon="20.840919"><ele>142.75</ele></trkpt>
   <trkpt lat="53.61144" lon="20.842872"><ele>141</ele></trkpt>
   <trkpt lat="53.610919" lon="20.8458"><ele>141</ele></trkpt>
   <trkpt lat="53.610847" lon="20.846207"><ele>141.25</ele></trkpt>
   <trkpt lat="53.610559" lon="20.847829"><ele>142</ele></trkpt>
   <trkpt lat="53.610341" lon="20.849055"><ele>142.5</ele></trkpt>
   <trkpt lat="53.610198" lon="20.849859"><ele>142.75</ele></trkpt>
   <trkpt lat="53.609818" lon="20.851993"><ele>145.25</ele></trkpt>
   <trkpt lat="53.609606" lon="20.85318"><ele>144</ele></trkpt>
   <trkpt lat="53.609297" lon="20.854911"><ele>142.25</ele></trkpt>
   <trkpt lat="53.609195" lon="20.855468"><ele>142</ele></trkpt>
   <trkpt lat="53.60912" lon="20.855848"><ele>142</ele></trkpt>
   <trkpt lat="53.609042" lon="20.856203"><ele>142.25</ele></trkpt>
   <trkpt lat="53.608876" lon="20.856856"><ele>142.25</ele></trkpt>
   <trkpt lat="53.608773" lon="20.857213"><ele>142.25</ele></trkpt>
   <trkpt lat="53.608685" lon="20.857504"><ele>142.25</ele></trkpt>
   <trkpt lat="53.608513" lon="20.858007"><ele>142.5</ele></trkpt>
   <trkpt lat="53.608365" lon="20.858402"><ele>143</ele></trkpt>
   <trkpt lat="53.608153" lon="20.858916"><ele>142.75</ele></trkpt>
   <trkpt lat="53.608018" lon="20.859212"><ele>142.5</ele></trkpt>
   <trkpt lat="53.607796" lon="20.859665"><ele>142.5</ele></trkpt>
   <trkpt lat="53.60756" lon="20.860101"><ele>142.75</ele></trkpt>
   <trkpt lat="53.607267" lon="20.860583"><ele>142.5</ele></trkpt>
   <trkpt lat="53.606874" lon="20.861166"><ele>142</ele></trkpt>
   <trkpt lat="53.606718" lon="20.861392"><ele>142</ele></trkpt>
   <trkpt lat="53.606292" lon="20.862009"><ele>141.25</ele></trkpt>
   <trkpt lat="53.605866" lon="20.862624"><ele>140.75</ele></trkpt>
   <trkpt lat="53.60554" lon="20.863095"><ele>141.5</ele></trkpt>
   <trkpt lat="53.604038" lon="20.865266"><ele>141.5</ele></trkpt>
   <trkpt lat="53.602825" lon="20.867018"><ele>138.5</ele></trkpt>
   <trkpt lat="53.602678" lon="20.867231"><ele>138.25</ele></trkpt>
   <trkpt lat="53.601995" lon="20.868216"><ele>139.75</ele></trkpt>
   <trkpt lat="53.600769" lon="20.869989"><ele>139.75</ele></trkpt>
   <trkpt lat="53.600607" lon="20.870223"><ele>139.5</ele></trkpt>
   <trkpt lat="53.60018" lon="20.870847"><ele>139</ele></trkpt>
   <trkpt lat="53.600003" lon="20.871125"><ele>139</ele></trkpt>
   <trkpt lat="53.599854" lon="20.871376"><ele>139.25</ele></trkpt>
   <trkpt lat="53.599696" lon="20.871671"><ele>139.5</ele></trkpt>
   <trkpt lat="53.599544" lon="20.872002"><ele>139.5</ele></trkpt>
   <trkpt lat="53.599357" lon="20.872483"><ele>139.5</ele></trkpt>
   <trkpt lat="53.599251" lon="20.872817"><ele>139.25</ele></trkpt>
   <trkpt lat="53.599156" lon="20.873168"><ele>139</ele></trkpt>
   <trkpt lat="53.599074" lon="20.873522"><ele>138.75</ele></trkpt>
   <trkpt lat="53.598975" lon="20.874097"><ele>138.5</ele></trkpt>
   <trkpt lat="53.598932" lon="20.874456"><ele>138.75</ele></trkpt>
   <trkpt lat="53.598888" lon="20.874958"><ele>139</ele></trkpt>
   <trkpt lat="53.598868" lon="20.875289"><ele>139.5</ele></trkpt>
   <trkpt lat="53.598793" lon="20.877452"><ele>142.25</ele></trkpt>
   <trkpt lat="53.598775" lon="20.877847"><ele>142</ele></trkpt>
   <trkpt lat="53.598752" lon="20.8782"><ele>142</ele></trkpt>
   <trkpt lat="53.598722" lon="20.87852"><ele>142</ele></trkpt>
   <trkpt lat="53.598681" lon="20.878851"><ele>142</ele></trkpt>
   <trkpt lat="53.598632" lon="20.879172"><ele>141.75</ele></trkpt>
   <trkpt lat="53.598566" lon="20.879509"><ele>141.75</ele></trkpt>
   <trkpt lat="53.598479" lon="20.879874"><ele>141.25</ele></trkpt>
   <trkpt lat="53.598406" lon="20.880141"><ele>141.25</ele></trkpt>
   <trkpt lat="53.598316" lon="20.880432"><ele>141.25</ele></trkpt>
   <trkpt lat="53.59821" lon="20.880722"><ele>141.25</ele></trkpt>
   <trkpt lat="53.598109" lon="20.880972"><ele>141</ele></trkpt>
   <trkpt lat="53.598" lon="20.881216"><ele>141</ele></trkpt>
   <trkpt lat="53.597789" lon="20.881625"><ele>140.5</ele></trkpt>
   <trkpt lat="53.597668" lon="20.881829"><ele>140</ele></trkpt>
   <trkpt lat="53.597538" lon="20.882029"><ele>139.5</ele></trkpt>
   <trkpt lat="53.597417" lon="20.882198"><ele>139.25</ele></trkpt>
   <trkpt lat="53.597293" lon="20.882356"><ele>139.25</ele></trkpt>
   <trkpt lat="53.597151" lon="20.882516"><ele>139</ele></trkpt>
   <trkpt lat="53.597001" lon="20.882675"><ele>139</ele></trkpt>
   <trkpt lat="53.596882" lon="20.882786"><ele>139</ele></trkpt>
   <trkpt lat="53.59673" lon="20.882916"><ele>139</ele></trkpt>
   <trkpt lat="53.596588" lon="20.883019"><ele>139.75</ele></trkpt>
   <trkpt lat="53.5963" lon="20.883207"><ele>142.5</ele></trkpt>
   <trkpt lat="53.596157" lon="20.883291"><ele>144</ele></trkpt>
   <trkpt lat="53.595021" lon="20.883895"><ele>150.5</ele></trkpt>
   <trkpt lat="53.59477" lon="20.88404"><ele>152</ele></trkpt>
   <trkpt lat="53.594542" lon="20.884186"><ele>153</ele></trkpt>
   <trkpt lat="53.594214" lon="20.884432"><ele>154.5</ele></trkpt>
   <trkpt lat="53.593954" lon="20.884661"><ele>154.5</ele></trkpt>
   <trkpt lat="53.593618" lon="20.884988"><ele>154</ele></trkpt>
   <trkpt lat="53.591861" lon="20.886766"><ele>144</ele></trkpt>
   <trkpt lat="53.59165" lon="20.886988"><ele>142.75</ele></trkpt>
   <trkpt lat="53.591467" lon="20.8872"><ele>142.25</ele></trkpt>
   <trkpt lat="53.591274" lon="20.887448"><ele>142</ele></trkpt>
   <trkpt lat="53.591097" lon="20.887689"><ele>141.75</ele></trkpt>
   <trkpt lat="53.590947" lon="20.887914"><ele>142</ele></trkpt>
   <trkpt lat="53.590793" lon="20.888162"><ele>142.75</ele></trkpt>
   <trkpt lat="53.590635" lon="20.888438"><ele>143.75</ele></trkpt>
   <trkpt lat="53.590481" lon="20.888732"><ele>143.75</ele></trkpt>
   <trkpt lat="53.590223" lon="20.889285"><ele>142.5</ele></trkpt>
   <trkpt lat="53.590103" lon="20.889574"><ele>141.75</ele></trkpt>
   <trkpt lat="53.589983" lon="20.889896"><ele>140.5</ele></trkpt>
   <trkpt lat="53.589864" lon="20.890242"><ele>140.25</ele></trkpt>
   <trkpt lat="53.58976" lon="20.89057"><ele>140.5</ele></trkpt>
   <trkpt lat="53.58964" lon="20.890982"><ele>140.75</ele></trkpt>
   <trkpt lat="53.586141" lon="20.902964"><ele>159.5</ele></trkpt>
   <trkpt lat="53.585902" lon="20.903743"><ele>158.75</ele></trkpt>
   <trkpt lat="53.585767" lon="20.904145"><ele>158.25</ele></trkpt>
   <trkpt lat="53.585639" lon="20.904497"><ele>158</ele></trkpt>
   <trkpt lat="53.585404" lon="20.905097"><ele>158.25</ele></trkpt>
   <trkpt lat="53.585154" lon="20.905681"><ele>158</ele></trkpt>
   <trkpt lat="53.584913" lon="20.906188"><ele>156.5</ele></trkpt>
   <trkpt lat="53.584767" lon="20.906477"><ele>156</ele></trkpt>
   <trkpt lat="53.581802" lon="20.912195"><ele>160.25</ele></trkpt>
   <trkpt lat="53.581676" lon="20.912453"><ele>160</ele></trkpt>
   <trkpt lat="53.581429" lon="20.913012"><ele>158.75</ele></trkpt>
   <trkpt lat="53.5813" lon="20.913344"><ele>157.75</ele></trkpt>
   <trkpt lat="53.581101" lon="20.913935"><ele>157.5</ele></trkpt>
   <trkpt lat="53.581009" lon="20.914248"><ele>157</ele></trkpt>
   <trkpt lat="53.580868" lon="20.9148"><ele>155.5</ele></trkpt>
   <trkpt lat="53.580793" lon="20.915146"><ele>155</ele></trkpt>
   <trkpt lat="53.580673" lon="20.915822"><ele>155.75</ele></trkpt>
   <trkpt lat="53.580557" lon="20.916716"><ele>155.25</ele></trkpt>
   <trkpt lat="53.579549" lon="20.9254"><ele>158</ele></trkpt>
   <trkpt lat="53.579453" lon="20.926108"><ele>158</ele></trkpt>
   <trkpt lat="53.579328" lon="20.926822"><ele>158.5</ele></trkpt>
   <trkpt lat="53.579247" lon="20.927219"><ele>158.75</ele></trkpt>
   <trkpt lat="53.579169" lon="20.927563"><ele>159</ele></trkpt>
   <trkpt lat="53.579088" lon="20.927887"><ele>159.25</ele></trkpt>
   <trkpt lat="53.57892" lon="20.928496"><ele>159.75</ele></trkpt>
   <trkpt lat="53.578741" lon="20.929055"><ele>159.5</ele></trkpt>
   <trkpt lat="53.578638" lon="20.92935"><ele>159</ele></trkpt>
   <trkpt lat="53.578445" lon="20.929857"><ele>158.25</ele></trkpt>
   <trkpt lat="53.578226" lon="20.930368"><ele>158.25</ele></trkpt>
   <trkpt lat="53.577946" lon="20.930964"><ele>159.5</ele></trkpt>
   <trkpt lat="53.576917" lon="20.933085"><ele>161.5</ele></trkpt>
   <trkpt lat="53.576689" lon="20.933521"><ele>161</ele></trkpt>
   <trkpt lat="53.576445" lon="20.933939"><ele>161.25</ele></trkpt>
   <trkpt lat="53.576212" lon="20.934287"><ele>161.25</ele></trkpt>
   <trkpt lat="53.575954" lon="20.934633"><ele>160.75</ele></trkpt>
   <trkpt lat="53.575697" lon="20.934947"><ele>160.25</ele></trkpt>
   <trkpt lat="53.574907" lon="20.93587"><ele>161.75</ele></trkpt>
   <trkpt lat="53.574638" lon="20.936211"><ele>161.75</ele></trkpt>
   <trkpt lat="53.574386" lon="20.936585"><ele>161.25</ele></trkpt>
   <trkpt lat="53.574257" lon="20.936801"><ele>160.75</ele></trkpt>
   <trkpt lat="53.574023" lon="20.937269"><ele>159.75</ele></trkpt>
   <trkpt lat="53.573916" lon="20.937519"><ele>159.25</ele></trkpt>
   <trkpt lat="53.573822" lon="20.937758"><ele>158.5</ele></trkpt>
   <trkpt lat="53.57373" lon="20.938024"><ele>158</ele></trkpt>
   <trkpt lat="53.573644" lon="20.938308"><ele>157.25</ele></trkpt>
   <trkpt lat="53.573564" lon="20.938602"><ele>157</ele></trkpt>
   <trkpt lat="53.573493" lon="20.938908"><ele>157</ele></trkpt>
   <trkpt lat="53.573428" lon="20.939236"><ele>156.75</ele></trkpt>
   <trkpt lat="53.573323" lon="20.939898"><ele>156</ele></trkpt>
   <trkpt lat="53.572912" lon="20.942867"><ele>150</ele></trkpt>
   <trkpt lat="53.572854" lon="20.943293"><ele>148.5</ele></trkpt>
   <trkpt lat="53.572445" lon="20.946249"><ele>146.75</ele></trkpt>
   <trkpt lat="53.572349" lon="20.94685"><ele>146.25</ele></trkpt>
   <trkpt lat="53.572282" lon="20.947183"><ele>145.75</ele></trkpt>
   <trkpt lat="53.572211" lon="20.947493"><ele>145.25</ele></trkpt>
   <trkpt lat="53.572125" lon="20.947806"><ele>144.75</ele></trkpt>
   <trkpt lat="53.572036" lon="20.94809"><ele>144.5</ele></trkpt>
   <trkpt lat="53.571875" lon="20.94853"><ele>144.75</ele></trkpt>
   <trkpt lat="53.571712" lon="20.948905"><ele>144.75</ele></trkpt>
   <trkpt lat="53.571489" lon="20.949348"><ele>145</ele></trkpt>
   <trkpt lat="53.57065" lon="20.950831"><ele>147.5</ele></trkpt>
   <trkpt lat="53.569869" lon="20.952205"><ele>150.5</ele></trkpt>
   <trkpt lat="53.569587" lon="20.952735"><ele>150.25</ele></trkpt>
   <trkpt lat="53.569354" lon="20.953222"><ele>150.75</ele></trkpt>
   <trkpt lat="53.569161" lon="20.953671"><ele>150.75</ele></trkpt>
   <trkpt lat="53.569076" lon="20.953884"><ele>150.25</ele></trkpt>
   <trkpt lat="53.568968" lon="20.954169"><ele>149.75</ele></trkpt>
   <trkpt lat="53.568816" lon="20.954602"><ele>149.5</ele></trkpt>
   <trkpt lat="53.568487" lon="20.955626"><ele>149.25</ele></trkpt>
   <trkpt lat="53.568197" lon="20.956539"><ele>148</ele></trkpt>
   <trkpt lat="53.567683" lon="20.958154"><ele>149.5</ele></trkpt>
   <trkpt lat="53.567598" lon="20.958422"><ele>149.5</ele></trkpt>
   <trkpt lat="53.567187" lon="20.959721"><ele>149.25</ele></trkpt>
   <trkpt lat="53.566968" lon="20.960469"><ele>148.75</ele></trkpt>
   <trkpt lat="53.566872" lon="20.960837"><ele>148.25</ele></trkpt>
   <trkpt lat="53.566782" lon="20.961219"><ele>147.25</ele></trkpt>
   <trkpt lat="53.566647" lon="20.961869"><ele>145.75</ele></trkpt>
   <trkpt lat="53.566582" lon="20.962234"><ele>145.25</ele></trkpt>
   <trkpt lat="53.566526" lon="20.962594"><ele>145</ele></trkpt>
   <trkpt lat="53.566427" lon="20.963331"><ele>144.75</ele></trkpt>
   <trkpt lat="53.566253" lon="20.964795"><ele>148.5</ele></trkpt>
   <trkpt lat="53.566029" lon="20.966681"><ele>149.75</ele></trkpt>
   <trkpt lat="53.565971" lon="20.967118"><ele>149.25</ele></trkpt>
   <trkpt lat="53.565892" lon="20.967658"><ele>148.75</ele></trkpt>
   <trkpt lat="53.565791" lon="20.968247"><ele>148</ele></trkpt>
   <trkpt lat="53.565686" lon="20.968804"><ele>148.5</ele></trkpt>
   <trkpt lat="53.565507" lon="20.969746"><ele>150</ele></trkpt>
   <trkpt lat="53.565418" lon="20.970213"><ele>150</ele></trkpt>
   <trkpt lat="53.565136" lon="20.971698"><ele>148.75</ele></trkpt>
   <trkpt lat="53.564509" lon="20.975009"><ele>147</ele></trkpt>
   <trkpt lat="53.564405" lon="20.975558"><ele>147.25</ele></trkpt>
   <trkpt lat="53.564398" lon="20.975591"><ele>147.25</ele></trkpt>
   <trkpt lat="53.564225" lon="20.976504"><ele>147</ele></trkpt>
   <trkpt lat="53.564209" lon="20.976587"><ele>146.75</ele></trkpt>
   <trkpt lat="53.564135" lon="20.976976"><ele>147</ele></trkpt>
   <trkpt lat="53.563671" lon="20.979424"><ele>147.5</ele></trkpt>
   <trkpt lat="53.563585" lon="20.979879"><ele>147.5</ele></trkpt>
   <trkpt lat="53.562886" lon="20.983562"><ele>145.75</ele></trkpt>
   <trkpt lat="53.562779" lon="20.984128"><ele>145.25</ele></trkpt>
   <trkpt lat="53.562712" lon="20.984479"><ele>144.75</ele></trkpt>
   <trkpt lat="53.562701" lon="20.984539"><ele>144.75</ele></trkpt>
   <trkpt lat="53.562689" lon="20.984598"><ele>144.5</ele></trkpt>
   <trkpt lat="53.562504" lon="20.985577"><ele>144</ele></trkpt>
   <trkpt lat="53.562489" lon="20.985653"><ele>144</ele></trkpt>
   <trkpt lat="53.562308" lon="20.986612"><ele>143.75</ele></trkpt>
   <trkpt lat="53.562222" lon="20.987063"><ele>143.5</ele></trkpt>
   <trkpt lat="53.562166" lon="20.987359"><ele>143.5</ele></trkpt>
   <trkpt lat="53.562091" lon="20.987755"><ele>143.5</ele></trkpt>
   <trkpt lat="53.562048" lon="20.987983"><ele>143.25</ele></trkpt>
   <trkpt lat="53.562029" lon="20.988083"><ele>143.25</ele></trkpt>
   <trkpt lat="53.561721" lon="20.989684"><ele>143.5</ele></trkpt>
   <trkpt lat="53.561536" lon="20.990646"><ele>144.25</ele></trkpt>
   <trkpt lat="53.561477" lon="20.990949"><ele>144.25</ele></trkpt>
   <trkpt lat="53.561258" lon="20.992067"><ele>143.5</ele></trkpt>
   <trkpt lat="53.561237" lon="20.992172"><ele>143.75</ele></trkpt>
   <trkpt lat="53.561222" lon="20.992248"><ele>143.75</ele></trkpt>
   <trkpt lat="53.561064" lon="20.993038"><ele>144.25</ele></trkpt>
   <trkpt lat="53.560878" lon="20.99395"><ele>144</ele></trkpt>
   <trkpt lat="53.560669" lon="20.994913"><ele>144.25</ele></trkpt>
   <trkpt lat="53.560331" lon="20.996469"><ele>144</ele></trkpt>
   <trkpt lat="53.560088" lon="20.997693"><ele>143</ele></trkpt>
   <trkpt lat="53.560075" lon="20.997762"><ele>143</ele></trkpt>
   <trkpt lat="53.560034" lon="20.997973"><ele>143</ele></trkpt>
   <trkpt lat="53.559938" lon="20.998472"><ele>142.75</ele></trkpt>
   <trkpt lat="53.55914" lon="21.002593"><ele>142</ele></trkpt>
   <trkpt lat="53.558764" lon="21.004561"><ele>143</ele></trkpt>
   <trkpt lat="53.558728" lon="21.004855"><ele>142.75</ele></trkpt>
   <trkpt lat="53.558689" lon="21.005176"><ele>142.75</ele></trkpt>
   <trkpt lat="53.558542" lon="21.005944"><ele>142.5</ele></trkpt>
   <trkpt lat="53.55853" lon="21.006007"><ele>142.5</ele></trkpt>
   <trkpt lat="53.558341" lon="21.006995"><ele>142.75</ele></trkpt>
   <trkpt lat="53.557819" lon="21.009846"><ele>143.5</ele></trkpt>
   <trkpt lat="53.557803" lon="21.009932"><ele>143.5</ele></trkpt>
   <trkpt lat="53.557788" lon="21.010012"><ele>143.5</ele></trkpt>
   <trkpt lat="53.557561" lon="21.011257"><ele>143.25</ele></trkpt>
   <trkpt lat="53.557532" lon="21.011416"><ele>143.25</ele></trkpt>
   <trkpt lat="53.557518" lon="21.011492"><ele>143</ele></trkpt>
   <trkpt lat="53.557379" lon="21.012271"><ele>142</ele></trkpt>
   <trkpt lat="53.557291" lon="21.012817"><ele>141.25</ele></trkpt>
   <trkpt lat="53.557227" lon="21.013284"><ele>140.25</ele></trkpt>
   <trkpt lat="53.557136" lon="21.014111"><ele>140.25</ele></trkpt>
   <trkpt lat="53.557091" lon="21.014646"><ele>140</ele></trkpt>
   <trkpt lat="53.557042" lon="21.015497"><ele>140.25</ele></trkpt>
   <trkpt lat="53.556804" lon="21.021349"><ele>144</ele></trkpt>
   <trkpt lat="53.556771" lon="21.022158"><ele>145.5</ele></trkpt>
   <trkpt lat="53.55659" lon="21.026634"><ele>153.25</ele></trkpt>
   <trkpt lat="53.556541" lon="21.027826"><ele>154.5</ele></trkpt>
   <trkpt lat="53.556528" lon="21.028148"><ele>155</ele></trkpt>
   <trkpt lat="53.556467" lon="21.029652"><ele>154.75</ele></trkpt>
   <trkpt lat="53.556406" lon="21.031152"><ele>153.75</ele></trkpt>
   <trkpt lat="53.556331" lon="21.033004"><ele>150.5</ele></trkpt>
   <trkpt lat="53.556093" lon="21.038851"><ele>151</ele></trkpt>
   <trkpt lat="53.556063" lon="21.039813"><ele>150.25</ele></trkpt>
   <trkpt lat="53.556058" lon="21.040516"><ele>150</ele></trkpt>
   <trkpt lat="53.556065" lon="21.040976"><ele>150</ele></trkpt>
   <trkpt lat="53.556088" lon="21.041559"><ele>150.25</ele></trkpt>
   <trkpt lat="53.556124" lon="21.042148"><ele>148.75</ele></trkpt>
   <trkpt lat="53.556183" lon="21.042902"><ele>145.75</ele></trkpt>
   <trkpt lat="53.556312" lon="21.044449"><ele>142</ele></trkpt>
   <trkpt lat="53.556324" lon="21.044603"><ele>142</ele></trkpt>
   <trkpt lat="53.55687" lon="21.051196"><ele>148</ele></trkpt>
   <trkpt lat="53.556879" lon="21.051306"><ele>147.75</ele></trkpt>
   <trkpt lat="53.556942" lon="21.052128"><ele>147.5</ele></trkpt>
   <trkpt lat="53.556977" lon="21.052713"><ele>147.5</ele></trkpt>
   <trkpt lat="53.556999" lon="21.053454"><ele>147.75</ele></trkpt>
   <trkpt lat="53.557001" lon="21.05414"><ele>148.75</ele></trkpt>
   <trkpt lat="53.556986" lon="21.054803"><ele>149.75</ele></trkpt>
   <trkpt lat="53.556961" lon="21.055336"><ele>150.25</ele></trkpt>
   <trkpt lat="53.5568" lon="21.057893"><ele>151</ele></trkpt>
   <trkpt lat="53.556701" lon="21.059448"><ele>155</ele></trkpt>
   <trkpt lat="53.556532" lon="21.062117"><ele>155.25</ele></trkpt>
   <trkpt lat="53.555842" lon="21.072881"><ele>156.75</ele></trkpt>
   <trkpt lat="53.555741" lon="21.074459"><ele>154.75</ele></trkpt>
   <trkpt lat="53.555092" lon="21.084585"><ele>147.25</ele></trkpt>
   <trkpt lat="53.554894" lon="21.087666"><ele>149.75</ele></trkpt>
   <trkpt lat="53.554881" lon="21.087882"><ele>150.5</ele></trkpt>
   <trkpt lat="53.554706" lon="21.09066"><ele>150.5</ele></trkpt>
   <trkpt lat="53.55457" lon="21.093295"><ele>144</ele></trkpt>
   <trkpt lat="53.554464" lon="21.095402"><ele>143</ele></trkpt>
   <trkpt lat="53.554084" lon="21.102918"><ele>142</ele></trkpt>
   <trkpt lat="53.553924" lon="21.106077"><ele>143.75</ele></trkpt>
   <trkpt lat="53.553922" lon="21.106131"><ele>143.75</ele></trkpt>
   <trkpt lat="53.553912" lon="21.106316"><ele>144</ele></trkpt>
   <trkpt lat="53.553907" lon="21.106412"><ele>144.25</ele></trkpt>
   <trkpt lat="53.553862" lon="21.107315"><ele>145.25</ele></trkpt>
   <trkpt lat="53.553816" lon="21.108223"><ele>146.75</ele></trkpt>
   <trkpt lat="53.553757" lon="21.109379"><ele>146.5</ele></trkpt>
   <trkpt lat="53.553324" lon="21.117934"><ele>142.25</ele></trkpt>
   <trkpt lat="53.553208" lon="21.120231"><ele>142.5</ele></trkpt>
   <trkpt lat="53.553147" lon="21.121439"><ele>142.25</ele></trkpt>
   <trkpt lat="53.553145" lon="21.121466"><ele>142.25</ele></trkpt>
   <trkpt lat="53.552994" lon="21.124459"><ele>142.5</ele></trkpt>
   <trkpt lat="53.55289" lon="21.126505"><ele>141.5</ele></trkpt>
   <trkpt lat="53.552659" lon="21.131061"><ele>147</ele></trkpt>
   <trkpt lat="53.552562" lon="21.132973"><ele>148.5</ele></trkpt>
   <trkpt lat="53.552362" lon="21.136902"><ele>145.5</ele></trkpt>
   <trkpt lat="53.552341" lon="21.137331"><ele>145.5</ele></trkpt>
   <trkpt lat="53.552208" lon="21.139941"><ele>145</ele></trkpt>
   <trkpt lat="53.552189" lon="21.140308"><ele>144</ele></trkpt>
   <trkpt lat="53.551975" lon="21.144517"><ele>139</ele></trkpt>
   <trkpt lat="53.551954" lon="21.144992"><ele>139</ele></trkpt>
   <trkpt lat="53.551935" lon="21.145612"><ele>139</ele></trkpt>
   <trkpt lat="53.551931" lon="21.146034"><ele>139</ele></trkpt>
   <trkpt lat="53.551939" lon="21.146715"><ele>139.5</ele></trkpt>
   <trkpt lat="53.551964" lon="21.147349"><ele>139.5</ele></trkpt>
   <trkpt lat="53.552009" lon="21.148025"><ele>139.5</ele></trkpt>
   <trkpt lat="53.552039" lon="21.148362"><ele>139.5</ele></trkpt>
   <trkpt lat="53.552105" lon="21.149003"><ele>139.25</ele></trkpt>
   <trkpt lat="53.552586" lon="21.153177"><ele>140</ele></trkpt>
   <trkpt lat="53.552689" lon="21.154064"><ele>140</ele></trkpt>
   <trkpt lat="53.552793" lon="21.154956"><ele>140.25</ele></trkpt>
   <trkpt lat="53.552827" lon="21.155243"><ele>140.25</ele></trkpt>
   <trkpt lat="53.553128" lon="21.157848"><ele>140.5</ele></trkpt>
   <trkpt lat="53.553706" lon="21.162831"><ele>139.5</ele></trkpt>
   <trkpt lat="53.553931" lon="21.164774"><ele>140</ele></trkpt>
   <trkpt lat="53.554298" lon="21.16795"><ele>140.5</ele></trkpt>
   <trkpt lat="53.554365" lon="21.168526"><ele>140.75</ele></trkpt>
   <trkpt lat="53.554587" lon="21.170439"><ele>138.25</ele></trkpt>
   <trkpt lat="53.554929" lon="21.173401"><ele>139.25</ele></trkpt>
   <trkpt lat="53.555169" lon="21.175472"><ele>145.75</ele></trkpt>
   <trkpt lat="53.55542" lon="21.177638"><ele>149.25</ele></trkpt>
   <trkpt lat="53.555598" lon="21.179183"><ele>148</ele></trkpt>
   <trkpt lat="53.555762" lon="21.180592"><ele>147.5</ele></trkpt>
   <trkpt lat="53.556401" lon="21.186115"><ele>143</ele></trkpt>
   <trkpt lat="53.557134" lon="21.192462"><ele>155.25</ele></trkpt>
   <trkpt lat="53.557296" lon="21.193832"><ele>152.75</ele></trkpt>
   <trkpt lat="53.557406" lon="21.194597"><ele>150.25</ele></trkpt>
   <trkpt lat="53.557474" lon="21.194987"><ele>149</ele></trkpt>
   <trkpt lat="53.557579" lon="21.195538"><ele>149.5</ele></trkpt>
   <trkpt lat="53.557679" lon="21.19601"><ele>150</ele></trkpt>
   <trkpt lat="53.5583" lon="21.1988"><ele>145.75</ele></trkpt>
   <trkpt lat="53.559266" lon="21.203141"><ele>143.75</ele></trkpt>
   <trkpt lat="53.559633" lon="21.204787"><ele>141</ele></trkpt>
   <trkpt lat="53.55967" lon="21.204954"><ele>141</ele></trkpt>
   <trkpt lat="53.559941" lon="21.206183"><ele>141</ele></trkpt>
   <trkpt lat="53.560045" lon="21.206703"><ele>141</ele></trkpt>
   <trkpt lat="53.560129" lon="21.207175"><ele>141</ele></trkpt>
   <trkpt lat="53.560223" lon="21.207841"><ele>141.5</ele></trkpt>
   <trkpt lat="53.560273" lon="21.208276"><ele>141.75</ele></trkpt>
   <trkpt lat="53.560342" lon="21.209081"><ele>142</ele></trkpt>
   <trkpt lat="53.560372" lon="21.209467"><ele>141.75</ele></trkpt>
   <trkpt lat="53.560396" lon="21.209792"><ele>141.5</ele></trkpt>
   <trkpt lat="53.560577" lon="21.212236"><ele>140.25</ele></trkpt>
   <trkpt lat="53.560618" lon="21.21279"><ele>139.75</ele></trkpt>
   <trkpt lat="53.560801" lon="21.215251"><ele>139</ele></trkpt>
   <trkpt lat="53.560901" lon="21.216609"><ele>139.75</ele></trkpt>
   <trkpt lat="53.560906" lon="21.216668"><ele>140</ele></trkpt>
   <trkpt lat="53.560914" lon="21.216786"><ele>140</ele></trkpt>
   <trkpt lat="53.560925" lon="21.216926"><ele>140</ele></trkpt>
   <trkpt lat="53.560953" lon="21.217306"><ele>140</ele></trkpt>
   <trkpt lat="53.561141" lon="21.219829"><ele>139.75</ele></trkpt>
   <trkpt lat="53.561274" lon="21.22162"><ele>140.5</ele></trkpt>
   <trkpt lat="53.561377" lon="21.222878"><ele>140.75</ele></trkpt>
   <trkpt lat="53.561391" lon="21.223014"><ele>140.75</ele></trkpt>
   <trkpt lat="53.561463" lon="21.223622"><ele>141</ele></trkpt>
   <trkpt lat="53.561548" lon="21.224222"><ele>141</ele></trkpt>
   <trkpt lat="53.561614" lon="21.224618"><ele>141</ele></trkpt>
   <trkpt lat="53.561714" lon="21.225155"><ele>141</ele></trkpt>
   <trkpt lat="53.561835" lon="21.225736"><ele>141</ele></trkpt>
   <trkpt lat="53.561956" lon="21.226246"><ele>141</ele></trkpt>
   <trkpt lat="53.562149" lon="21.226964"><ele>141</ele></trkpt>
   <trkpt lat="53.562322" lon="21.227549"><ele>140.75</ele></trkpt>
   <trkpt lat="53.562416" lon="21.227859"><ele>140.5</ele></trkpt>
   <trkpt lat="53.562488" lon="21.228092"><ele>140.25</ele></trkpt>
   <trkpt lat="53.562598" lon="21.228453"><ele>140</ele></trkpt>
   <trkpt lat="53.562735" lon="21.228897"><ele>140</ele></trkpt>
   <trkpt lat="53.562982" lon="21.229707"><ele>141</ele></trkpt>
   <trkpt lat="53.563876" lon="21.232627"><ele>141.25</ele></trkpt>
   <trkpt lat="53.564067" lon="21.233253"><ele>141.75</ele></trkpt>
   <trkpt lat="53.564746" lon="21.235469"><ele>141.25</ele></trkpt>
   <trkpt lat="53.564839" lon="21.235776"><ele>141</ele></trkpt>
   <trkpt lat="53.564932" lon="21.236077"><ele>141.25</ele></trkpt>
   <trkpt lat="53.564939" lon="21.236103"><ele>141.25</ele></trkpt>
   <trkpt lat="53.566274" lon="21.240471"><ele>142</ele></trkpt>
   <trkpt lat="53.566443" lon="21.241049"><ele>141.75</ele></trkpt>
   <trkpt lat="53.566569" lon="21.24151"><ele>141.25</ele></trkpt>
   <trkpt lat="53.566601" lon="21.241634"><ele>141</ele></trkpt>
   <trkpt lat="53.566717" lon="21.242125"><ele>140.75</ele></trkpt>
   <trkpt lat="53.566829" lon="21.242641"><ele>140.25</ele></trkpt>
   <trkpt lat="53.566842" lon="21.242708"><ele>140.25</ele></trkpt>
   <trkpt lat="53.566864" lon="21.242819"><ele>140</ele></trkpt>
   <trkpt lat="53.567009" lon="21.243643"><ele>139.25</ele></trkpt>
   <trkpt lat="53.567074" lon="21.244073"><ele>139</ele></trkpt>
   <trkpt lat="53.567134" lon="21.244542"><ele>138.5</ele></trkpt>
   <trkpt lat="53.567216" lon="21.245351"><ele>138</ele></trkpt>
   <trkpt lat="53.567271" lon="21.246088"><ele>138</ele></trkpt>
   <trkpt lat="53.567308" lon="21.247047"><ele>139</ele></trkpt>
   <trkpt lat="53.567315" lon="21.24757"><ele>139.5</ele></trkpt>
   <trkpt lat="53.56731" lon="21.249432"><ele>138.75</ele></trkpt>
   <trkpt lat="53.56731" lon="21.249636"><ele>138.25</ele></trkpt>
   <trkpt lat="53.567308" lon="21.250369"><ele>137.5</ele></trkpt>
   <trkpt lat="53.567305" lon="21.251834"><ele>139.25</ele></trkpt>
   <trkpt lat="53.567301" lon="21.253237"><ele>139.5</ele></trkpt>
   <trkpt lat="53.567301" lon="21.253322"><ele>139.5</ele></trkpt>
   <trkpt lat="53.567301" lon="21.25343"><ele>139.5</ele></trkpt>
   <trkpt lat="53.567297" lon="21.254944"><ele>138.25</ele></trkpt>
   <trkpt lat="53.56729" lon="21.257362"><ele>137.75</ele></trkpt>
   <trkpt lat="53.56728" lon="21.2611"><ele>138.75</ele></trkpt>
   <trkpt lat="53.567279" lon="21.26158"><ele>139.25</ele></trkpt>
   <trkpt lat="53.567272" lon="21.264212"><ele>139.5</ele></trkpt>
   <trkpt lat="53.567271" lon="21.264291"><ele>139.25</ele></trkpt>
   <trkpt lat="53.567269" lon="21.264724"><ele>138</ele></trkpt>
   <trkpt lat="53.567256" lon="21.270019"><ele>140</ele></trkpt>
   <trkpt lat="53.567255" lon="21.270379"><ele>140</ele></trkpt>
   <trkpt lat="53.567254" lon="21.270693"><ele>140</ele></trkpt>
   <trkpt lat="53.567253" lon="21.27082"><ele>140</ele></trkpt>
   <trkpt lat="53.56725" lon="21.271605"><ele>140</ele></trkpt>
   <trkpt lat="53.567247" lon="21.272505"><ele>139.75</ele></trkpt>
   <trkpt lat="53.567239" lon="21.275382"><ele>139</ele></trkpt>
   <trkpt lat="53.567228" lon="21.279822"><ele>138.25</ele></trkpt>
   <trkpt lat="53.567224" lon="21.281457"><ele>140.75</ele></trkpt>
   <trkpt lat="53.567223" lon="21.281555"><ele>141</ele></trkpt>
   <trkpt lat="53.567215" lon="21.284596"><ele>141.5</ele></trkpt>
   <trkpt lat="53.567224" lon="21.285258"><ele>141.75</ele></trkpt>
   <trkpt lat="53.567239" lon="21.285718"><ele>141.75</ele></trkpt>
   <trkpt lat="53.567249" lon="21.28592"><ele>141.75</ele></trkpt>
   <trkpt lat="53.567292" lon="21.286586"><ele>140.75</ele></trkpt>
   <trkpt lat="53.567327" lon="21.287001"><ele>140.75</ele></trkpt>
   <trkpt lat="53.567378" lon="21.287478"><ele>141.25</ele></trkpt>
   <trkpt lat="53.56746" lon="21.288127"><ele>142.5</ele></trkpt>
   <trkpt lat="53.567587" lon="21.288917"><ele>143</ele></trkpt>
   <trkpt lat="53.567722" lon="21.289611"><ele>144.25</ele></trkpt>
   <trkpt lat="53.567825" lon="21.290079"><ele>145.5</ele></trkpt>
   <trkpt lat="53.567913" lon="21.290444"><ele>146.75</ele></trkpt>
   <trkpt lat="53.568259" lon="21.291737"><ele>149.25</ele></trkpt>
   <trkpt lat="53.56898" lon="21.294365"><ele>150</ele></trkpt>
   <trkpt lat="53.569558" lon="21.29647"><ele>150.25</ele></trkpt>
   <trkpt lat="53.569754" lon="21.297185"><ele>150.25</ele></trkpt>
   <trkpt lat="53.57274" lon="21.308086"><ele>144.5</ele></trkpt>
   <trkpt lat="53.573766" lon="21.31183"><ele>139.5</ele></trkpt>
   <trkpt lat="53.575843" lon="21.319407"><ele>139.5</ele></trkpt>
   <trkpt lat="53.575988" lon="21.319908"><ele>140.75</ele></trkpt>
   <trkpt lat="53.576187" lon="21.320532"><ele>141</ele></trkpt>
   <trkpt lat="53.576391" lon="21.321102"><ele>140.25</ele></trkpt>
   <trkpt lat="53.576589" lon="21.321607"><ele>138.5</ele></trkpt>
   <trkpt lat="53.576626" lon="21.321695"><ele>138.25</ele></trkpt>
   <trkpt lat="53.576958" lon="21.32244"><ele>138.5</ele></trkpt>
   <trkpt lat="53.580618" lon="21.330133"><ele>150.5</ele></trkpt>
   <trkpt lat="53.58078" lon="21.330474"><ele>151</ele></trkpt>
   <trkpt lat="53.581342" lon="21.331655"><ele>150.75</ele></trkpt>
   <trkpt lat="53.581904" lon="21.332836"><ele>147.25</ele></trkpt>
   <trkpt lat="53.582214" lon="21.333488"><ele>145.25</ele></trkpt>
   <trkpt lat="53.582465" lon="21.334015"><ele>143.25</ele></trkpt>
   <trkpt lat="53.583634" lon="21.336472"><ele>144</ele></trkpt>
   <trkpt lat="53.584075" lon="21.33741"><ele>145</ele></trkpt>
   <trkpt lat="53.58452" lon="21.33841"><ele>147.25</ele></trkpt>
   <trkpt lat="53.584786" lon="21.339049"><ele>147.75</ele></trkpt>
   <trkpt lat="53.586198" lon="21.342541"><ele>149.75</ele></trkpt>
   <trkpt lat="53.587408" lon="21.345533"><ele>144.5</ele></trkpt>
   <trkpt lat="53.587474" lon="21.345698"><ele>144.75</ele></trkpt>
   <trkpt lat="53.58774" lon="21.346354"><ele>144.25</ele></trkpt>
   <trkpt lat="53.58828" lon="21.34769"><ele>143.5</ele></trkpt>
   <trkpt lat="53.589278" lon="21.350157"><ele>136</ele></trkpt>
   <trkpt lat="53.58971" lon="21.351225"><ele>135.5</ele></trkpt>
   <trkpt lat="53.589822" lon="21.351501"><ele>134.5</ele></trkpt>
   <trkpt lat="53.589851" lon="21.351573"><ele>134.25</ele></trkpt>
   <trkpt lat="53.589893" lon="21.351677"><ele>134</ele></trkpt>
   <trkpt lat="53.59023" lon="21.352518"><ele>132.5</ele></trkpt>
   <trkpt lat="53.590635" lon="21.353584"><ele>131</ele></trkpt>
   <trkpt lat="53.590943" lon="21.354364"><ele>131</ele></trkpt>
   <trkpt lat="53.591237" lon="21.355093"><ele>131</ele></trkpt>
   <trkpt lat="53.591521" lon="21.355797"><ele>131</ele></trkpt>
   <trkpt lat="53.591876" lon="21.356646"><ele>130.75</ele></trkpt>
   <trkpt lat="53.592177" lon="21.357345"><ele>130.25</ele></trkpt>
   <trkpt lat="53.592406" lon="21.357898"><ele>130.5</ele></trkpt>
   <trkpt lat="53.592534" lon="21.358213"><ele>130.75</ele></trkpt>
   <trkpt lat="53.592887" lon="21.359086"><ele>130.5</ele></trkpt>
   <trkpt lat="53.593273" lon="21.360039"><ele>131</ele></trkpt>
   <trkpt lat="53.593664" lon="21.361007"><ele>133</ele></trkpt>
   <trkpt lat="53.593762" lon="21.36125"><ele>133.25</ele></trkpt>
   <trkpt lat="53.593808" lon="21.361365"><ele>133.25</ele></trkpt>
   <trkpt lat="53.593837" lon="21.361437"><ele>133.25</ele></trkpt>
   <trkpt lat="53.59387" lon="21.36152"><ele>133.25</ele></trkpt>
   <trkpt lat="53.59413" lon="21.362196"><ele>133.75</ele></trkpt>
   <trkpt lat="53.594317" lon="21.362733"><ele>135</ele></trkpt>
   <trkpt lat="53.594435" lon="21.363101"><ele>136.25</ele></trkpt>
   <trkpt lat="53.594568" lon="21.363547"><ele>137.75</ele></trkpt>
   <trkpt lat="53.594678" lon="21.363945"><ele>139</ele></trkpt>
   <trkpt lat="53.594943" lon="21.365008"><ele>141</ele></trkpt>
   <trkpt lat="53.595197" lon="21.366056"><ele>141</ele></trkpt>
   <trkpt lat="53.5953" lon="21.366483"><ele>140.75</ele></trkpt>
   <trkpt lat="53.595331" lon="21.36661"><ele>140.5</ele></trkpt>
   <trkpt lat="53.595461" lon="21.367145"><ele>140.75</ele></trkpt>
   <trkpt lat="53.595662" lon="21.367976"><ele>140.25</ele></trkpt>
   <trkpt lat="53.596327" lon="21.370717"><ele>139.5</ele></trkpt>
   <trkpt lat="53.596547" lon="21.371623"><ele>136.75</ele></trkpt>
   <trkpt lat="53.597787" lon="21.376745"><ele>137.5</ele></trkpt>
   <trkpt lat="53.598176" lon="21.378353"><ele>137.25</ele></trkpt>
   <trkpt lat="53.598321" lon="21.37902"><ele>137.75</ele></trkpt>
   <trkpt lat="53.598445" lon="21.379681"><ele>138.25</ele></trkpt>
   <trkpt lat="53.598566" lon="21.380449"><ele>139.5</ele></trkpt>
   <trkpt lat="53.598604" lon="21.380717"><ele>139.75</ele></trkpt>
   <trkpt lat="53.598812" lon="21.382185"><ele>141.75</ele></trkpt>
   <trkpt lat="53.599019" lon="21.38365"><ele>143.75</ele></trkpt>
   <trkpt lat="53.59915" lon="21.384574"><ele>144</ele></trkpt>
   <trkpt lat="53.599227" lon="21.385114"><ele>144</ele></trkpt>
   <trkpt lat="53.599343" lon="21.385937"><ele>144.25</ele></trkpt>
   <trkpt lat="53.599503" lon="21.387064"><ele>144.25</ele></trkpt>
   <trkpt lat="53.600261" lon="21.39241"><ele>142.5</ele></trkpt>
   <trkpt lat="53.600363" lon="21.393112"><ele>143.5</ele></trkpt>
   <trkpt lat="53.600439" lon="21.393585"><ele>143.5</ele></trkpt>
   <trkpt lat="53.600573" lon="21.394303"><ele>141.75</ele></trkpt>
   <trkpt lat="53.600671" lon="21.39476"><ele>140.25</ele></trkpt>
   <trkpt lat="53.600857" lon="21.395523"><ele>139</ele></trkpt>
   <trkpt lat="53.600993" lon="21.396014"><ele>138.75</ele></trkpt>
   <trkpt lat="53.601136" lon="21.396488"><ele>138</ele></trkpt>
   <trkpt lat="53.601358" lon="21.39715"><ele>136.25</ele></trkpt>
   <trkpt lat="53.601505" lon="21.397552"><ele>135.25</ele></trkpt>
   <trkpt lat="53.601755" lon="21.398169"><ele>133.5</ele></trkpt>
   <trkpt lat="53.601933" lon="21.398573"><ele>133.25</ele></trkpt>
   <trkpt lat="53.602227" lon="21.39919"><ele>132.75</ele></trkpt>
   <trkpt lat="53.602286" lon="21.399307"><ele>132.75</ele></trkpt>
   <trkpt lat="53.602546" lon="21.399818"><ele>131.25</ele></trkpt>
   <trkpt lat="53.606352" lon="21.40732"><ele>140.75</ele></trkpt>
   <trkpt lat="53.607005" lon="21.40862"><ele>139</ele></trkpt>
   <trkpt lat="53.607294" lon="21.409262"><ele>137.5</ele></trkpt>
   <trkpt lat="53.607409" lon="21.409539"><ele>136.25</ele></trkpt>
   <trkpt lat="53.607615" lon="21.410072"><ele>133.75</ele></trkpt>
   <trkpt lat="53.608163" lon="21.411577"><ele>134.25</ele></trkpt>
   <trkpt lat="53.612835" lon="21.424478"><ele>140</ele></trkpt>
   <trkpt lat="53.61371" lon="21.426893"><ele>142.25</ele></trkpt>
   <trkpt lat="53.61455" lon="21.429223"><ele>144.75</ele></trkpt>
   <trkpt lat="53.614719" lon="21.429733"><ele>145</ele></trkpt>
   <trkpt lat="53.614868" lon="21.430223"><ele>144.5</ele></trkpt>
   <trkpt lat="53.614994" lon="21.430682"><ele>144.75</ele></trkpt>
   <trkpt lat="53.61516" lon="21.431349"><ele>146.25</ele></trkpt>
   <trkpt lat="53.61578" lon="21.434022"><ele>144.25</ele></trkpt>
   <trkpt lat="53.616366" lon="21.436554"><ele>145</ele></trkpt>
   <trkpt lat="53.616469" lon="21.437047"><ele>144.75</ele></trkpt>
   <trkpt lat="53.616562" lon="21.437539"><ele>144.25</ele></trkpt>
   <trkpt lat="53.616651" lon="21.438085"><ele>143.25</ele></trkpt>
   <trkpt lat="53.616725" lon="21.438611"><ele>143.25</ele></trkpt>
   <trkpt lat="53.616787" lon="21.439133"><ele>143.25</ele></trkpt>
   <trkpt lat="53.617109" lon="21.442169"><ele>134.75</ele></trkpt>
   <trkpt lat="53.617121" lon="21.442276"><ele>134.75</ele></trkpt>
   <trkpt lat="53.617936" lon="21.449989"><ele>139.5</ele></trkpt>
   <trkpt lat="53.618056" lon="21.450944"><ele>141</ele></trkpt>
   <trkpt lat="53.618323" lon="21.452882"><ele>139.5</ele></trkpt>
   <trkpt lat="53.61833" lon="21.452927"><ele>139.5</ele></trkpt>
   <trkpt lat="53.61873" lon="21.455832"><ele>141</ele></trkpt>
   <trkpt lat="53.619322" lon="21.460128"><ele>145.5</ele></trkpt>
   <trkpt lat="53.619419" lon="21.460937"><ele>146.5</ele></trkpt>
   <trkpt lat="53.619464" lon="21.461434"><ele>147.25</ele></trkpt>
   <trkpt lat="53.61952" lon="21.462292"><ele>148.25</ele></trkpt>
   <trkpt lat="53.619745" lon="21.46644"><ele>152.5</ele></trkpt>
   <trkpt lat="53.619791" lon="21.467257"><ele>152.5</ele></trkpt>
   <trkpt lat="53.619829" lon="21.467801"><ele>152</ele></trkpt>
   <trkpt lat="53.61987" lon="21.468237"><ele>151.25</ele></trkpt>
   <trkpt lat="53.61996" lon="21.468902"><ele>151</ele></trkpt>
   <trkpt lat="53.620042" lon="21.46937"><ele>150.75</ele></trkpt>
   <trkpt lat="53.620127" lon="21.469776"><ele>150.5</ele></trkpt>
   <trkpt lat="53.620219" lon="21.470153"><ele>150.25</ele></trkpt>
   <trkpt lat="53.620325" lon="21.470537"><ele>149.5</ele></trkpt>
   <trkpt lat="53.620433" lon="21.470886"><ele>148.75</ele></trkpt>
   <trkpt lat="53.620564" lon="21.471267"><ele>147</ele></trkpt>
   <trkpt lat="53.620856" lon="21.472037"><ele>144.25</ele></trkpt>
   <trkpt lat="53.622635" lon="21.476576"><ele>143.75</ele></trkpt>
   <trkpt lat="53.62288" lon="21.477231"><ele>143.5</ele></trkpt>
   <trkpt lat="53.623048" lon="21.477721"><ele>143</ele></trkpt>
   <trkpt lat="53.623241" lon="21.478328"><ele>141.5</ele></trkpt>
   <trkpt lat="53.624068" lon="21.481003"><ele>140</ele></trkpt>
   <trkpt lat="53.624075" lon="21.481026"><ele>140</ele></trkpt>
   <trkpt lat="53.625265" lon="21.484869"><ele>140.25</ele></trkpt>
   <trkpt lat="53.626114" lon="21.48761"><ele>142.5</ele></trkpt>
   <trkpt lat="53.626266" lon="21.488061"><ele>142.75</ele></trkpt>
   <trkpt lat="53.626436" lon="21.488531"><ele>142.5</ele></trkpt>
   <trkpt lat="53.626672" lon="21.489125"><ele>143</ele></trkpt>
   <trkpt lat="53.628644" lon="21.493952"><ele>138.25</ele></trkpt>
   <trkpt lat="53.628686" lon="21.494055"><ele>138</ele></trkpt>
   <trkpt lat="53.632348" lon="21.503031"><ele>142.75</ele></trkpt>
   <trkpt lat="53.633728" lon="21.506413"><ele>147.25</ele></trkpt>
   <trkpt lat="53.633935" lon="21.506905"><ele>145.75</ele></trkpt>
   <trkpt lat="53.63414" lon="21.507359"><ele>144.25</ele></trkpt>
   <trkpt lat="53.634302" lon="21.507693"><ele>143.25</ele></trkpt>
   <trkpt lat="53.634518" lon="21.508111"><ele>141.75</ele></trkpt>
   <trkpt lat="53.634794" lon="21.508604"><ele>140</ele></trkpt>
   <trkpt lat="53.636517" lon="21.511579"><ele>141.5</ele></trkpt>
   <trkpt lat="53.636971" lon="21.512361"><ele>143</ele></trkpt>
   <trkpt lat="53.639885" lon="21.517401"><ele>145.25</ele></trkpt>
   <trkpt lat="53.640162" lon="21.517917"><ele>145.5</ele></trkpt>
   <trkpt lat="53.640338" lon="21.518274"><ele>145.5</ele></trkpt>
   <trkpt lat="53.640579" lon="21.518797"><ele>144.5</ele></trkpt>
   <trkpt lat="53.640853" lon="21.519424"><ele>142.75</ele></trkpt>
   <trkpt lat="53.640909" lon="21.519551"><ele>142.75</ele></trkpt>
   <trkpt lat="53.641763" lon="21.521514"><ele>146</ele></trkpt>
   <trkpt lat="53.642294" lon="21.522733"><ele>144.25</ele></trkpt>
   <trkpt lat="53.642706" lon="21.523679"><ele>141.25</ele></trkpt>
   <trkpt lat="53.642825" lon="21.523953"><ele>141</ele></trkpt>
   <trkpt lat="53.643433" lon="21.525347"><ele>138.75</ele></trkpt>
   <trkpt lat="53.645258" lon="21.529537"><ele>144</ele></trkpt>
   <trkpt lat="53.645835" lon="21.530861"><ele>146</ele></trkpt>
   <trkpt lat="53.646413" lon="21.532186"><ele>143.5</ele></trkpt>
   <trkpt lat="53.64705" lon="21.533646"><ele>140.5</ele></trkpt>
   <trkpt lat="53.648518" lon="21.537014"><ele>138.75</ele></trkpt>
   <trkpt lat="53.648624" lon="21.537257"><ele>139.75</ele></trkpt>
   <trkpt lat="53.649566" lon="21.539417"><ele>145.5</ele></trkpt>
   <trkpt lat="53.650589" lon="21.541752"><ele>145.5</ele></trkpt>
   <trkpt lat="53.650891" lon="21.542369"><ele>145</ele></trkpt>
   <trkpt lat="53.651159" lon="21.542873"><ele>144.25</ele></trkpt>
   <trkpt lat="53.651303" lon="21.54313"><ele>143.5</ele></trkpt>
   <trkpt lat="53.651733" lon="21.543854"><ele>139.5</ele></trkpt>
   <trkpt lat="53.651771" lon="21.543918"><ele>139.25</ele></trkpt>
   <trkpt lat="53.651817" lon="21.543994"><ele>139</ele></trkpt>
   <trkpt lat="53.652682" lon="21.545415"><ele>131.75</ele></trkpt>
   <trkpt lat="53.652941" lon="21.545842"><ele>129.75</ele></trkpt>
   <trkpt lat="53.653177" lon="21.546251"><ele>128.25</ele></trkpt>
   <trkpt lat="53.653378" lon="21.546636"><ele>127</ele></trkpt>
   <trkpt lat="53.653456" lon="21.546799"><ele>126.75</ele></trkpt>
   <trkpt lat="53.653607" lon="21.547147"><ele>126.75</ele></trkpt>
   <trkpt lat="53.653756" lon="21.547537"><ele>126.25</ele></trkpt>
   <trkpt lat="53.653838" lon="21.547772"><ele>126</ele></trkpt>
   <trkpt lat="53.653912" lon="21.548008"><ele>125.75</ele></trkpt>
   <trkpt lat="53.654014" lon="21.548376"><ele>125.5</ele></trkpt>
   <trkpt lat="53.654058" lon="21.548547"><ele>125</ele></trkpt>
   <trkpt lat="53.654147" lon="21.548945"><ele>124.25</ele></trkpt>
   <trkpt lat="53.654214" lon="21.549301"><ele>123.5</ele></trkpt>
   <trkpt lat="53.654277" lon="21.549712"><ele>122.5</ele></trkpt>
   <trkpt lat="53.654335" lon="21.550221"><ele>121.75</ele></trkpt>
   <trkpt lat="53.654348" lon="21.55038"><ele>121.75</ele></trkpt>
   <trkpt lat="53.654362" lon="21.55056"><ele>122</ele></trkpt>
   <trkpt lat="53.654382" lon="21.550977"><ele>121.75</ele></trkpt>
   <trkpt lat="53.654388" lon="21.551428"><ele>121.25</ele></trkpt>
   <trkpt lat="53.654384" lon="21.551672"><ele>121</ele></trkpt>
   <trkpt lat="53.654359" lon="21.552208"><ele>121.75</ele></trkpt>
   <trkpt lat="53.654306" lon="21.552791"><ele>122.75</ele></trkpt>
   <trkpt lat="53.654217" lon="21.55341"><ele>124.75</ele></trkpt>
   <trkpt lat="53.654098" lon="21.554008"><ele>127.5</ele></trkpt>
   <trkpt lat="53.653984" lon="21.554465"><ele>130.25</ele></trkpt>
   <trkpt lat="53.653854" lon="21.554905"><ele>132.75</ele></trkpt>
   <trkpt lat="53.653741" lon="21.555234"><ele>135.25</ele></trkpt>
   <trkpt lat="53.653593" lon="21.555617"><ele>137.25</ele></trkpt>
   <trkpt lat="53.65351" lon="21.555812"><ele>138</ele></trkpt>
   <trkpt lat="53.653397" lon="21.556051"><ele>138.25</ele></trkpt>
   <trkpt lat="53.65327" lon="21.556305"><ele>138</ele></trkpt>
   <trkpt lat="53.653089" lon="21.556632"><ele>138</ele></trkpt>
   <trkpt lat="53.652908" lon="21.556937"><ele>139</ele></trkpt>
   <trkpt lat="53.652476" lon="21.557633"><ele>138.5</ele></trkpt>
   <trkpt lat="53.650188" lon="21.561324"><ele>131.5</ele></trkpt>
   <trkpt lat="53.649562" lon="21.562335"><ele>132.5</ele></trkpt>
   <trkpt lat="53.649107" lon="21.563069"><ele>132.25</ele></trkpt>
   <trkpt lat="53.648648" lon="21.56381"><ele>131</ele></trkpt>
   <trkpt lat="53.647788" lon="21.565195"><ele>130.75</ele></trkpt>
   <trkpt lat="53.647759" lon="21.565242"><ele>130.75</ele></trkpt>
   <trkpt lat="53.647235" lon="21.566088"><ele>130.75</ele></trkpt>
   <trkpt lat="53.646924" lon="21.566558"><ele>129.5</ele></trkpt>
   <trkpt lat="53.646881" lon="21.566617"><ele>129.25</ele></trkpt>
   <trkpt lat="53.646843" lon="21.566669"><ele>129</ele></trkpt>
   <trkpt lat="53.646678" lon="21.566881"><ele>128.25</ele></trkpt>
   <trkpt lat="53.64643" lon="21.567173"><ele>127.25</ele></trkpt>
   <trkpt lat="53.646256" lon="21.567358"><ele>126.75</ele></trkpt>
   <trkpt lat="53.64596" lon="21.567643"><ele>125.75</ele></trkpt>
   <trkpt lat="53.645539" lon="21.568023"><ele>124.75</ele></trkpt>
   <trkpt lat="53.645505" lon="21.568053"><ele>124.75</ele></trkpt>
   <trkpt lat="53.645131" lon="21.568395"><ele>126</ele></trkpt>
   <trkpt lat="53.642982" lon="21.570366"><ele>135.25</ele></trkpt>
   <trkpt lat="53.642803" lon="21.57053"><ele>134.75</ele></trkpt>
   <trkpt lat="53.642653" lon="21.570665"><ele>134.25</ele></trkpt>
   <trkpt lat="53.642486" lon="21.570816"><ele>133.75</ele></trkpt>
   <trkpt lat="53.64225" lon="21.571037"><ele>132.5</ele></trkpt>
   <trkpt lat="53.641909" lon="21.571371"><ele>131.25</ele></trkpt>
   <trkpt lat="53.641759" lon="21.571533"><ele>131</ele></trkpt>
   <trkpt lat="53.641566" lon="21.57177"><ele>131.5</ele></trkpt>
   <trkpt lat="53.641407" lon="21.571991"><ele>132.75</ele></trkpt>
   <trkpt lat="53.641243" lon="21.572246"><ele>134.25</ele></trkpt>
   <trkpt lat="53.641109" lon="21.572481"><ele>135.75</ele></trkpt>
   <trkpt lat="53.64098" lon="21.572732"><ele>137.5</ele></trkpt>
   <trkpt lat="53.640871" lon="21.572971"><ele>139.25</ele></trkpt>
   <trkpt lat="53.640738" lon="21.573287"><ele>141.75</ele></trkpt>
   <trkpt lat="53.6405" lon="21.573895"><ele>146</ele></trkpt>
   <trkpt lat="53.639784" lon="21.575765"><ele>148</ele></trkpt>
   <trkpt lat="53.639316" lon="21.576989"><ele>148</ele></trkpt>
   <trkpt lat="53.639184" lon="21.577367"><ele>148</ele></trkpt>
   <trkpt lat="53.639" lon="21.57797"><ele>149.25</ele></trkpt>
   <trkpt lat="53.63889" lon="21.578394"><ele>150.25</ele></trkpt>
   <trkpt lat="53.638861" lon="21.578514"><ele>150.25</ele></trkpt>
   <trkpt lat="53.638786" lon="21.578861"><ele>150.5</ele></trkpt>
   <trkpt lat="53.638695" lon="21.579361"><ele>150.25</ele></trkpt>
   <trkpt lat="53.638644" lon="21.579683"><ele>150.25</ele></trkpt>
   <trkpt lat="53.638582" lon="21.580172"><ele>150</ele></trkpt>
   <trkpt lat="53.638532" lon="21.580718"><ele>150.25</ele></trkpt>
   <trkpt lat="53.638499" lon="21.58136"><ele>150.25</ele></trkpt>
   <trkpt lat="53.638493" lon="21.581726"><ele>150.25</ele></trkpt>
   <trkpt lat="53.638495" lon="21.582032"><ele>150</ele></trkpt>
   <trkpt lat="53.638512" lon="21.58257"><ele>149.5</ele></trkpt>
   <trkpt lat="53.638543" lon="21.583042"><ele>149</ele></trkpt>
   <trkpt lat="53.638623" lon="21.583843"><ele>148</ele></trkpt>
   <trkpt lat="53.638841" lon="21.585757"><ele>144</ele></trkpt>
   <trkpt lat="53.638858" lon="21.585907"><ele>143.75</ele></trkpt>
   <trkpt lat="53.639105" lon="21.588061"><ele>143.75</ele></trkpt>
   <trkpt lat="53.639809" lon="21.594182"><ele>149</ele></trkpt>
   <trkpt lat="53.640139" lon="21.59705"><ele>148</ele></trkpt>
   <trkpt lat="53.640807" lon="21.602906"><ele>144</ele></trkpt>
   <trkpt lat="53.642503" lon="21.617752"><ele>142.25</ele></trkpt>
   <trkpt lat="53.644194" lon="21.632597"><ele>145</ele></trkpt>
   <trkpt lat="53.644292" lon="21.633457"><ele>145.75</ele></trkpt>
   <trkpt lat="53.644353" lon="21.634072"><ele>146</ele></trkpt>
   <trkpt lat="53.644402" lon="21.63475"><ele>146</ele></trkpt>
   <trkpt lat="53.644427" lon="21.635352"><ele>146</ele></trkpt>
   <trkpt lat="53.644436" lon="21.635886"><ele>146</ele></trkpt>
   <trkpt lat="53.644434" lon="21.636174"><ele>146.25</ele></trkpt>
   <trkpt lat="53.64442" lon="21.636696"><ele>146.5</ele></trkpt>
   <trkpt lat="53.644392" lon="21.637265"><ele>146</ele></trkpt>
   <trkpt lat="53.644354" lon="21.637764"><ele>145.75</ele></trkpt>
   <trkpt lat="53.644327" lon="21.638032"><ele>145.5</ele></trkpt>
   <trkpt lat="53.64425" lon="21.638679"><ele>145</ele></trkpt>
   <trkpt lat="53.644199" lon="21.639025"><ele>145</ele></trkpt>
   <trkpt lat="53.644103" lon="21.639603"><ele>144.75</ele></trkpt>
   <trkpt lat="53.642603" lon="21.647226"><ele>145.25</ele></trkpt>
   <trkpt lat="53.642245" lon="21.649047"><ele>144.5</ele></trkpt>
   <trkpt lat="53.641583" lon="21.652339"><ele>145</ele></trkpt>
   <trkpt lat="53.639923" lon="21.660599"><ele>143</ele></trkpt>
   <trkpt lat="53.63974" lon="21.661558"><ele>142</ele></trkpt>
   <trkpt lat="53.639654" lon="21.662103"><ele>141.75</ele></trkpt>
   <trkpt lat="53.639579" lon="21.662717"><ele>141.25</ele></trkpt>
   <trkpt lat="53.639537" lon="21.663192"><ele>141.25</ele></trkpt>
   <trkpt lat="53.639505" lon="21.663694"><ele>141</ele></trkpt>
   <trkpt lat="53.63948" lon="21.664531"><ele>140.5</ele></trkpt>
   <trkpt lat="53.639342" lon="21.673579"><ele>137.75</ele></trkpt>
   <trkpt lat="53.639327" lon="21.674571"><ele>135</ele></trkpt>
   <trkpt lat="53.639293" lon="21.676629"><ele>139.5</ele></trkpt>
   <trkpt lat="53.639258" lon="21.679158"><ele>143</ele></trkpt>
   <trkpt lat="53.63919" lon="21.683605"><ele>140</ele></trkpt>
   <trkpt lat="53.639162" lon="21.685414"><ele>141</ele></trkpt>
   <trkpt lat="53.639129" lon="21.687641"><ele>140</ele></trkpt>
   <trkpt lat="53.639124" lon="21.688238"><ele>140</ele></trkpt>
   <trkpt lat="53.639127" lon="21.688913"><ele>140</ele></trkpt>
   <trkpt lat="53.639148" lon="21.689801"><ele>139.25</ele></trkpt>
   <trkpt lat="53.639169" lon="21.690381"><ele>138.5</ele></trkpt>
   <trkpt lat="53.639199" lon="21.690957"><ele>137.75</ele></trkpt>
   <trkpt lat="53.639247" lon="21.691697"><ele>137</ele></trkpt>
   <trkpt lat="53.639328" lon="21.692692"><ele>139.25</ele></trkpt>
   <trkpt lat="53.639636" lon="21.696172"><ele>140.25</ele></trkpt>
   <trkpt lat="53.639672" lon="21.696665"><ele>139.75</ele></trkpt>
   <trkpt lat="53.6397" lon="21.697215"><ele>139</ele></trkpt>
   <trkpt lat="53.639717" lon="21.697726"><ele>138.25</ele></trkpt>
   <trkpt lat="53.639726" lon="21.698627"><ele>137</ele></trkpt>
   <trkpt lat="53.639731" lon="21.699385"><ele>136.75</ele></trkpt>
   <trkpt lat="53.639732" lon="21.699539"><ele>136.75</ele></trkpt>
   <trkpt lat="53.639738" lon="21.700451"><ele>135.75</ele></trkpt>
   <trkpt lat="53.63975" lon="21.701473"><ele>134</ele></trkpt>
   <trkpt lat="53.639766" lon="21.702033"><ele>134</ele></trkpt>
   <trkpt lat="53.639809" lon="21.702773"><ele>134.75</ele></trkpt>
   <trkpt lat="53.639856" lon="21.703277"><ele>135.25</ele></trkpt>
   <trkpt lat="53.639935" lon="21.703925"><ele>135.25</ele></trkpt>
   <trkpt lat="53.639997" lon="21.704341"><ele>135.25</ele></trkpt>
   <trkpt lat="53.640381" lon="21.706619"><ele>139</ele></trkpt>
   <trkpt lat="53.640698" lon="21.708484"><ele>140</ele></trkpt>
   <trkpt lat="53.640777" lon="21.709027"><ele>139.25</ele></trkpt>
   <trkpt lat="53.640835" lon="21.709501"><ele>139</ele></trkpt>
   <trkpt lat="53.640898" lon="21.710139"><ele>139.25</ele></trkpt>
   <trkpt lat="53.641369" lon="21.715275"><ele>138.25</ele></trkpt>
   <trkpt lat="53.641699" lon="21.718879"><ele>135.25</ele></trkpt>
   <trkpt lat="53.641949" lon="21.721502"><ele>137.5</ele></trkpt>
   <trkpt lat="53.642157" lon="21.723702"><ele>137.25</ele></trkpt>
   <trkpt lat="53.642216" lon="21.724569"><ele>137</ele></trkpt>
   <trkpt lat="53.642227" lon="21.724818"><ele>137</ele></trkpt>
   <trkpt lat="53.642247" lon="21.725549"><ele>136.5</ele></trkpt>
   <trkpt lat="53.642251" lon="21.726199"><ele>136</ele></trkpt>
   <trkpt lat="53.642236" lon="21.726979"><ele>134.5</ele></trkpt>
   <trkpt lat="53.6422" lon="21.727959"><ele>132</ele></trkpt>
   <trkpt lat="53.641875" lon="21.736584"><ele>125.25</ele></trkpt>
   <trkpt lat="53.641782" lon="21.738767"><ele>123</ele></trkpt>
   <trkpt lat="53.641757" lon="21.739341"><ele>123</ele></trkpt>
   <trkpt lat="53.641713" lon="21.740005"><ele>123</ele></trkpt>
   <trkpt lat="53.64167" lon="21.740426"><ele>123.5</ele></trkpt>
   <trkpt lat="53.641642" lon="21.740645"><ele>123.5</ele></trkpt>
   <trkpt lat="53.641581" lon="21.74101"><ele>124</ele></trkpt>
   <trkpt lat="53.641467" lon="21.741546"><ele>124.5</ele></trkpt>
   <trkpt lat="53.641374" lon="21.741893"><ele>124.25</ele></trkpt>
   <trkpt lat="53.641233" lon="21.742334"><ele>124</ele></trkpt>
   <trkpt lat="53.641097" lon="21.742697"><ele>123.5</ele></trkpt>
   <trkpt lat="53.640882" lon="21.74321"><ele>123</ele></trkpt>
   <trkpt lat="53.638895" lon="21.747725"><ele>121.5</ele></trkpt>
   <trkpt lat="53.637996" lon="21.749771"><ele>119.25</ele></trkpt>
   <trkpt lat="53.637915" lon="21.749955"><ele>119</ele></trkpt>
   <trkpt lat="53.637077" lon="21.751863"><ele>118</ele></trkpt>
   <trkpt lat="53.636922" lon="21.752219"><ele>118</ele></trkpt>
   <trkpt lat="53.636783" lon="21.752566"><ele>117.75</ele></trkpt>
   <trkpt lat="53.636714" lon="21.752752"><ele>117.5</ele></trkpt>
   <trkpt lat="53.636599" lon="21.753094"><ele>117.25</ele></trkpt>
   <trkpt lat="53.636489" lon="21.753472"><ele>117.75</ele></trkpt>
   <trkpt lat="53.636397" lon="21.753837"><ele>118.5</ele></trkpt>
   <trkpt lat="53.636258" lon="21.754495"><ele>119.75</ele></trkpt>
   <trkpt lat="53.636164" lon="21.754977"><ele>120.75</ele></trkpt>
   <trkpt lat="53.636092" lon="21.755342"><ele>121</ele></trkpt>
   <trkpt lat="53.635927" lon="21.756186"><ele>121.75</ele></trkpt>
   <trkpt lat="53.635536" lon="21.758186"><ele>120.25</ele></trkpt>
   <trkpt lat="53.635257" lon="21.759611"><ele>120.75</ele></trkpt>
   <trkpt lat="53.634977" lon="21.761042"><ele>120.75</ele></trkpt>
   <trkpt lat="53.634695" lon="21.762484"><ele>118.75</ele></trkpt>
   <trkpt lat="53.634484" lon="21.763557"><ele>118.75</ele></trkpt>
   <trkpt lat="53.634261" lon="21.764698"><ele>121.75</ele></trkpt>
   <trkpt lat="53.634139" lon="21.76532"><ele>123.5</ele></trkpt>
   <trkpt lat="53.633901" lon="21.766533"><ele>127.5</ele></trkpt>
   <trkpt lat="53.63218" lon="21.775335"><ele>124.25</ele></trkpt>
   <trkpt lat="53.632051" lon="21.776092"><ele>123.75</ele></trkpt>
   <trkpt lat="53.631953" lon="21.776798"><ele>122.5</ele></trkpt>
   <trkpt lat="53.63194" lon="21.776911"><ele>122.5</ele></trkpt>
   <trkpt lat="53.631901" lon="21.777251"><ele>122</ele></trkpt>
   <trkpt lat="53.631858" lon="21.777696"><ele>121.5</ele></trkpt>
   <trkpt lat="53.631823" lon="21.778157"><ele>120.5</ele></trkpt>
   <trkpt lat="53.631784" lon="21.778934"><ele>120</ele></trkpt>
   <trkpt lat="53.631767" lon="21.779728"><ele>119.5</ele></trkpt>
   <trkpt lat="53.631778" lon="21.782117"><ele>120.25</ele></trkpt>
   <trkpt lat="53.631779" lon="21.782214"><ele>120</ele></trkpt>
   <trkpt lat="53.631791" lon="21.784209"><ele>117.75</ele></trkpt>
   <trkpt lat="53.631805" lon="21.786565"><ele>116</ele></trkpt>
   <trkpt lat="53.631831" lon="21.790723"><ele>115</ele></trkpt>
   <trkpt lat="53.631854" lon="21.792189"><ele>115.75</ele></trkpt>
   <trkpt lat="53.631862" lon="21.793124"><ele>115</ele></trkpt>
   <trkpt lat="53.631862" lon="21.793209"><ele>115</ele></trkpt>
   <trkpt lat="53.631867" lon="21.793981"><ele>115.5</ele></trkpt>
   <trkpt lat="53.631871" lon="21.794746"><ele>116.25</ele></trkpt>
   <trkpt lat="53.631876" lon="21.795495"><ele>116.5</ele></trkpt>
   <trkpt lat="53.631879" lon="21.796151"><ele>116.25</ele></trkpt>
   <trkpt lat="53.63188" lon="21.796274"><ele>116.25</ele></trkpt>
   <trkpt lat="53.631883" lon="21.796823"><ele>116.25</ele></trkpt>
   <trkpt lat="53.631889" lon="21.797726"><ele>116</ele></trkpt>
   <trkpt lat="53.631897" lon="21.799164"><ele>115.5</ele></trkpt>
   <trkpt lat="53.6319" lon="21.799757"><ele>115.75</ele></trkpt>
   <trkpt lat="53.631901" lon="21.799859"><ele>115.75</ele></trkpt>
   <trkpt lat="53.631895" lon="21.802167"><ele>116.25</ele></trkpt>
   <trkpt lat="53.631895" lon="21.802284"><ele>116.25</ele></trkpt>
   <trkpt lat="53.631896" lon="21.802786"><ele>116</ele></trkpt>
   <trkpt lat="53.631896" lon="21.802862"><ele>116</ele></trkpt>
   <trkpt lat="53.631897" lon="21.802948"><ele>115.75</ele></trkpt>
   <trkpt lat="53.631906" lon="21.804709"><ele>115.25</ele></trkpt>
   <trkpt lat="53.63191" lon="21.805313"><ele>115.5</ele></trkpt>
   <trkpt lat="53.631925" lon="21.808261"><ele>117.25</ele></trkpt>
   <trkpt lat="53.631926" lon="21.808309"><ele>117.25</ele></trkpt>
   <trkpt lat="53.631925" lon="21.809116"><ele>117.25</ele></trkpt>
   <trkpt lat="53.631905" lon="21.809636"><ele>116.75</ele></trkpt>
   <trkpt lat="53.631862" lon="21.810134"><ele>116</ele></trkpt>
   <trkpt lat="53.631824" lon="21.810448"><ele>115.5</ele></trkpt>
   <trkpt lat="53.631789" lon="21.810679"><ele>115</ele></trkpt>
   <trkpt lat="53.631705" lon="21.81116"><ele>114</ele></trkpt>
   <trkpt lat="53.631649" lon="21.811447"><ele>113.5</ele></trkpt>
   <trkpt lat="53.631498" lon="21.812243"><ele>115</ele></trkpt>
   <trkpt lat="53.63114" lon="21.814064"><ele>116</ele></trkpt>
   <trkpt lat="53.630905" lon="21.815258"><ele>114.75</ele></trkpt>
   <trkpt lat="53.630023" lon="21.81972"><ele>116.75</ele></trkpt>
   <trkpt lat="53.629962" lon="21.82003"><ele>116.75</ele></trkpt>
   <trkpt lat="53.629948" lon="21.820102"><ele>116.75</ele></trkpt>
   <trkpt lat="53.629935" lon="21.820169"><ele>116.75</ele></trkpt>
   <trkpt lat="53.629921" lon="21.820237"><ele>116.75</ele></trkpt>
   <trkpt lat="53.629786" lon="21.820918"><ele>116.5</ele></trkpt>
   <trkpt lat="53.629739" lon="21.821149"><ele>116.25</ele></trkpt>
   <trkpt lat="53.629577" lon="21.821869"><ele>115.25</ele></trkpt>
   <trkpt lat="53.629399" lon="21.822544"><ele>115.25</ele></trkpt>
   <trkpt lat="53.629377" lon="21.82262"><ele>115.25</ele></trkpt>
   <trkpt lat="53.628998" lon="21.823891"><ele>116</ele></trkpt>
   <trkpt lat="53.628584" lon="21.82526"><ele>116</ele></trkpt>
   <trkpt lat="53.628579" lon="21.825276"><ele>116</ele></trkpt>
   <trkpt lat="53.627773" lon="21.827942"><ele>117.5</ele></trkpt>
   <trkpt lat="53.627665" lon="21.828328"><ele>117.75</ele></trkpt>
   <trkpt lat="53.627591" lon="21.82863"><ele>117.75</ele></trkpt>
   <trkpt lat="53.627553" lon="21.828799"><ele>117.75</ele></trkpt>
   <trkpt lat="53.627534" lon="21.828886"><ele>117.75</ele></trkpt>
   <trkpt lat="53.627481" lon="21.829162"><ele>117.75</ele></trkpt>
   <trkpt lat="53.627423" lon="21.829508"><ele>118.25</ele></trkpt>
   <trkpt lat="53.627376" lon="21.829844"><ele>118.5</ele></trkpt>
   <trkpt lat="53.62737" lon="21.829897"><ele>118.5</ele></trkpt>
   <trkpt lat="53.62732" lon="21.830381"><ele>118.5</ele></trkpt>
   <trkpt lat="53.627319" lon="21.830393"><ele>118.5</ele></trkpt>
   <trkpt lat="53.627273" lon="21.830955"><ele>118.25</ele></trkpt>
   <trkpt lat="53.627035" lon="21.83389"><ele>117.75</ele></trkpt>
   <trkpt lat="53.627016" lon="21.834121"><ele>117.75</ele></trkpt>
   <trkpt lat="53.626896" lon="21.83559"><ele>116.5</ele></trkpt>
   <trkpt lat="53.626879" lon="21.835799"><ele>116.5</ele></trkpt>
   <trkpt lat="53.626789" lon="21.836893"><ele>116.75</ele></trkpt>
   <trkpt lat="53.626629" lon="21.838581"><ele>117.75</ele></trkpt>
   <trkpt lat="53.62644" lon="21.840489"><ele>117</ele></trkpt>
   <trkpt lat="53.626398" lon="21.840916"><ele>116.5</ele></trkpt>
   <trkpt lat="53.626339" lon="21.841517"><ele>116</ele></trkpt>
   <trkpt lat="53.626095" lon="21.843975"><ele>116.5</ele></trkpt>
   <trkpt lat="53.626056" lon="21.844372"><ele>117.25</ele></trkpt>
   <trkpt lat="53.625908" lon="21.845868"><ele>118</ele></trkpt>
   <trkpt lat="53.625797" lon="21.846989"><ele>118.25</ele></trkpt>
   <trkpt lat="53.625551" lon="21.849431"><ele>116.75</ele></trkpt>
   <trkpt lat="53.625487" lon="21.849953"><ele>117.5</ele></trkpt>
   <trkpt lat="53.625336" lon="21.851035"><ele>117.25</ele></trkpt>
   <trkpt lat="53.62523" lon="21.851798"><ele>117</ele></trkpt>
   <trkpt lat="53.625095" lon="21.852823"><ele>116.5</ele></trkpt>
   <trkpt lat="53.625045" lon="21.853295"><ele>116</ele></trkpt>
   <trkpt lat="53.624994" lon="21.853867"><ele>116.5</ele></trkpt>
   <trkpt lat="53.624884" lon="21.855185"><ele>118</ele></trkpt>
   <trkpt lat="53.624871" lon="21.85535"><ele>118</ele></trkpt>
   <trkpt lat="53.624773" lon="21.856532"><ele>117.75</ele></trkpt>
   <trkpt lat="53.624584" lon="21.858838"><ele>117</ele></trkpt>
   <trkpt lat="53.624506" lon="21.859726"><ele>116.75</ele></trkpt>
   <trkpt lat="53.624433" lon="21.86041"><ele>117</ele></trkpt>
   <trkpt lat="53.624311" lon="21.86139"><ele>117.5</ele></trkpt>
   <trkpt lat="53.624267" lon="21.861739"><ele>117.75</ele></trkpt>
   <trkpt lat="53.623969" lon="21.86411"><ele>116.5</ele></trkpt>
   <trkpt lat="53.623876" lon="21.864851"><ele>115.75</ele></trkpt>
   <trkpt lat="53.623651" lon="21.866642"><ele>116.5</ele></trkpt>
   <trkpt lat="53.623579" lon="21.867221"><ele>116.5</ele></trkpt>
   <trkpt lat="53.623327" lon="21.869228"><ele>115.75</ele></trkpt>
   <trkpt lat="53.622945" lon="21.872271"><ele>116.25</ele></trkpt>
   <trkpt lat="53.622633" lon="21.874753"><ele>117.75</ele></trkpt>
   <trkpt lat="53.622229" lon="21.877975"><ele>119.5</ele></trkpt>
   <trkpt lat="53.621987" lon="21.8799"><ele>120.75</ele></trkpt>
   <trkpt lat="53.621792" lon="21.88145"><ele>121.75</ele></trkpt>
   <trkpt lat="53.621293" lon="21.885416"><ele>129.25</ele></trkpt>
   <trkpt lat="53.6211" lon="21.886955"><ele>131.5</ele></trkpt>
   <trkpt lat="53.620647" lon="21.890554"><ele>129.75</ele></trkpt>
   <trkpt lat="53.619931" lon="21.896238"><ele>130.75</ele></trkpt>
   <trkpt lat="53.619809" lon="21.897206"><ele>131.25</ele></trkpt>
   <trkpt lat="53.619753" lon="21.897651"><ele>131.75</ele></trkpt>
   <trkpt lat="53.61965" lon="21.898474"><ele>132.25</ele></trkpt>
   <trkpt lat="53.619466" lon="21.899932"><ele>129.75</ele></trkpt>
   <trkpt lat="53.61865" lon="21.906409"><ele>125.5</ele></trkpt>
   <trkpt lat="53.618541" lon="21.907275"><ele>124.25</ele></trkpt>
   <trkpt lat="53.618404" lon="21.908301"><ele>123.75</ele></trkpt>
   <trkpt lat="53.618323" lon="21.908781"><ele>124</ele></trkpt>
   <trkpt lat="53.618251" lon="21.909136"><ele>124</ele></trkpt>
   <trkpt lat="53.61818" lon="21.909427"><ele>124</ele></trkpt>
   <trkpt lat="53.618039" lon="21.909962"><ele>124</ele></trkpt>
   <trkpt lat="53.618036" lon="21.909975"><ele>124</ele></trkpt>
   <trkpt lat="53.61779" lon="21.910871"><ele>123.75</ele></trkpt>
   <trkpt lat="53.617606" lon="21.911543"><ele>123</ele></trkpt>
   <trkpt lat="53.61635" lon="21.916127"><ele>128</ele></trkpt>
   <trkpt lat="53.61617" lon="21.916784"><ele>127</ele></trkpt>
   <trkpt lat="53.616143" lon="21.916883"><ele>127</ele></trkpt>
   <trkpt lat="53.614316" lon="21.923547"><ele>129.25</ele></trkpt>
   <trkpt lat="53.614053" lon="21.924507"><ele>128.5</ele></trkpt>
   <trkpt lat="53.614028" lon="21.924597"><ele>128.25</ele></trkpt>
   <trkpt lat="53.613864" lon="21.925195"><ele>128.25</ele></trkpt>
   <trkpt lat="53.613793" lon="21.925454"><ele>128.5</ele></trkpt>
   <trkpt lat="53.613777" lon="21.925511"><ele>128.5</ele></trkpt>
   <trkpt lat="53.613652" lon="21.925968"><ele>128.75</ele></trkpt>
   <trkpt lat="53.613466" lon="21.926661"><ele>127.75</ele></trkpt>
   <trkpt lat="53.613447" lon="21.926737"><ele>127.75</ele></trkpt>
   <trkpt lat="53.613316" lon="21.927303"><ele>127.5</ele></trkpt>
   <trkpt lat="53.613192" lon="21.927966"><ele>128.25</ele></trkpt>
   <trkpt lat="53.613085" lon="21.928709"><ele>129.25</ele></trkpt>
   <trkpt lat="53.61303" lon="21.929267"><ele>130.25</ele></trkpt>
   <trkpt lat="53.612984" lon="21.929941"><ele>132.25</ele></trkpt>
   <trkpt lat="53.612965" lon="21.930546"><ele>132</ele></trkpt>
   <trkpt lat="53.612969" lon="21.931205"><ele>131.5</ele></trkpt>
   <trkpt lat="53.613006" lon="21.932025"><ele>131</ele></trkpt>
   <trkpt lat="53.61305" lon="21.93254"><ele>131</ele></trkpt>
   <trkpt lat="53.613134" lon="21.933237"><ele>131</ele></trkpt>
   <trkpt lat="53.613247" lon="21.933933"><ele>130.75</ele></trkpt>
   <trkpt lat="53.613327" lon="21.934329"><ele>130.25</ele></trkpt>
   <trkpt lat="53.613387" lon="21.934599"><ele>130</ele></trkpt>
   <trkpt lat="53.613493" lon="21.935027"><ele>129.75</ele></trkpt>
   <trkpt lat="53.614043" lon="21.937062"><ele>127.25</ele></trkpt>
   <trkpt lat="53.614203" lon="21.937656"><ele>128.25</ele></trkpt>
   <trkpt lat="53.614344" lon="21.938247"><ele>129.25</ele></trkpt>
   <trkpt lat="53.614406" lon="21.938568"><ele>129.25</ele></trkpt>
   <trkpt lat="53.61446" lon="21.938923"><ele>129.25</ele></trkpt>
   <trkpt lat="53.614521" lon="21.939511"><ele>129.25</ele></trkpt>
   <trkpt lat="53.614539" lon="21.939867"><ele>129</ele></trkpt>
   <trkpt lat="53.614545" lon="21.940127"><ele>129</ele></trkpt>
   <trkpt lat="53.614544" lon="21.940539"><ele>129.25</ele></trkpt>
   <trkpt lat="53.614487" lon="21.943162"><ele>127.25</ele></trkpt>
   <trkpt lat="53.614363" lon="21.948694"><ele>136.25</ele></trkpt>
   <trkpt lat="53.614334" lon="21.949268"><ele>135.5</ele></trkpt>
   <trkpt lat="53.61428" lon="21.949806"><ele>135</ele></trkpt>
   <trkpt lat="53.614203" lon="21.950333"><ele>134.75</ele></trkpt>
   <trkpt lat="53.6137" lon="21.953489"><ele>135.75</ele></trkpt>
   <trkpt lat="53.613631" lon="21.953859"><ele>136.5</ele></trkpt>
   <trkpt lat="53.613414" lon="21.955028"><ele>137.25</ele></trkpt>
   <trkpt lat="53.613328" lon="21.955641"><ele>137</ele></trkpt>
   <trkpt lat="53.613276" lon="21.956253"><ele>137.75</ele></trkpt>
   <trkpt lat="53.613261" lon="21.956839"><ele>138</ele></trkpt>
   <trkpt lat="53.61328" lon="21.957381"><ele>137.25</ele></trkpt>
   <trkpt lat="53.613327" lon="21.957942"><ele>136.5</ele></trkpt>
   <trkpt lat="53.613406" lon="21.958475"><ele>136</ele></trkpt>
   <trkpt lat="53.613517" lon="21.959027"><ele>137.25</ele></trkpt>
   <trkpt lat="53.613637" lon="21.959477"><ele>139</ele></trkpt>
   <trkpt lat="53.613792" lon="21.959923"><ele>141.25</ele></trkpt>
   <trkpt lat="53.616555" lon="21.967426"><ele>148</ele></trkpt>
   <trkpt lat="53.617744" lon="21.970656"><ele>153.5</ele></trkpt>
   <trkpt lat="53.617906" lon="21.971145"><ele>154</ele></trkpt>
   <trkpt lat="53.618048" lon="21.971651"><ele>153.5</ele></trkpt>
   <trkpt lat="53.618177" lon="21.97217"><ele>152.5</ele></trkpt>
   <trkpt lat="53.618823" lon="21.974976"><ele>154.25</ele></trkpt>
   <trkpt lat="53.618969" lon="21.975581"><ele>151.75</ele></trkpt>
   <trkpt lat="53.619066" lon="21.976063"><ele>149.75</ele></trkpt>
   <trkpt lat="53.619125" lon="21.976526"><ele>148.5</ele></trkpt>
   <trkpt lat="53.619154" lon="21.976957"><ele>147.5</ele></trkpt>
   <trkpt lat="53.619163" lon="21.977419"><ele>147</ele></trkpt>
   <trkpt lat="53.619191" lon="21.981495"><ele>143.25</ele></trkpt>
   <trkpt lat="53.619218" lon="21.985612"><ele>140</ele></trkpt>
   <trkpt lat="53.619207" lon="21.986251"><ele>139.5</ele></trkpt>
   <trkpt lat="53.618966" lon="21.991997"><ele>141</ele></trkpt>
   <trkpt lat="53.618958" lon="21.99255"><ele>142.5</ele></trkpt>
   <trkpt lat="53.61897" lon="21.993139"><ele>144.25</ele></trkpt>
   <trkpt lat="53.619005" lon="21.993718"><ele>145</ele></trkpt>
   <trkpt lat="53.619067" lon="21.994328"><ele>145.25</ele></trkpt>
   <trkpt lat="53.619377" lon="21.996496"><ele>143.75</ele></trkpt>
   <trkpt lat="53.620127" lon="22.00167"><ele>137.25</ele></trkpt>
   <trkpt lat="53.620228" lon="22.002401"><ele>137</ele></trkpt>
   <trkpt lat="53.620304" lon="22.003046"><ele>136.5</ele></trkpt>
   <trkpt lat="53.620348" lon="22.003627"><ele>136.25</ele></trkpt>
   <trkpt lat="53.620379" lon="22.004248"><ele>136.5</ele></trkpt>
   <trkpt lat="53.620411" lon="22.005077"><ele>136.75</ele></trkpt>
   <trkpt lat="53.620637" lon="22.011416"><ele>135.5</ele></trkpt>
   <trkpt lat="53.6209" lon="22.018761"><ele>140.5</ele></trkpt>
   <trkpt lat="53.620915" lon="22.019408"><ele>139.5</ele></trkpt>
   <trkpt lat="53.620901" lon="22.019992"><ele>138</ele></trkpt>
   <trkpt lat="53.620859" lon="22.020606"><ele>137.25</ele></trkpt>
   <trkpt lat="53.620787" lon="22.021195"><ele>136.25</ele></trkpt>
   <trkpt lat="53.620701" lon="22.021799"><ele>135.75</ele></trkpt>
   <trkpt lat="53.620592" lon="22.022394"><ele>136.25</ele></trkpt>
   <trkpt lat="53.620456" lon="22.022956"><ele>137</ele></trkpt>
   <trkpt lat="53.620301" lon="22.02353"><ele>137.25</ele></trkpt>
   <trkpt lat="53.620113" lon="22.024077"><ele>137.5</ele></trkpt>
   <trkpt lat="53.619896" lon="22.024627"><ele>137.75</ele></trkpt>
   <trkpt lat="53.619696" lon="22.02506"><ele>137.5</ele></trkpt>
   <trkpt lat="53.619469" lon="22.025496"><ele>138</ele></trkpt>
   <trkpt lat="53.619297" lon="22.025779"><ele>138.5</ele></trkpt>
   <trkpt lat="53.618962" lon="22.026321"><ele>139.5</ele></trkpt>
   <trkpt lat="53.616546" lon="22.029952"><ele>136</ele></trkpt>
   <trkpt lat="53.616342" lon="22.0303"><ele>135.75</ele></trkpt>
   <trkpt lat="53.616161" lon="22.030675"><ele>135.5</ele></trkpt>
   <trkpt lat="53.616002" lon="22.031096"><ele>135.5</ele></trkpt>
   <trkpt lat="53.615873" lon="22.031532"><ele>135.75</ele></trkpt>
   <trkpt lat="53.615779" lon="22.031991"><ele>136</ele></trkpt>
   <trkpt lat="53.615709" lon="22.032462"><ele>136.25</ele></trkpt>
   <trkpt lat="53.615672" lon="22.032968"><ele>136.5</ele></trkpt>
   <trkpt lat="53.615665" lon="22.033419"><ele>136.75</ele></trkpt>
   <trkpt lat="53.615696" lon="22.033907"><ele>137</ele></trkpt>
   <trkpt lat="53.615739" lon="22.034352"><ele>137.5</ele></trkpt>
   <trkpt lat="53.615928" lon="22.036133"><ele>136.75</ele></trkpt>
   <trkpt lat="53.616179" lon="22.038343"><ele>135.5</ele></trkpt>
   <trkpt lat="53.616539" lon="22.041527"><ele>140.75</ele></trkpt>
   <trkpt lat="53.616598" lon="22.042129"><ele>141</ele></trkpt>
   <trkpt lat="53.616627" lon="22.042731"><ele>141</ele></trkpt>
   <trkpt lat="53.616632" lon="22.043347"><ele>141</ele></trkpt>
   <trkpt lat="53.616614" lon="22.043932"><ele>140.25</ele></trkpt>
   <trkpt lat="53.616564" lon="22.044618"><ele>139</ele></trkpt>
   <trkpt lat="53.615878" lon="22.05331"><ele>136</ele></trkpt>
   <trkpt lat="53.615397" lon="22.059416"><ele>130</ele></trkpt>
   <trkpt lat="53.615192" lon="22.061955"><ele>128.75</ele></trkpt>
   <trkpt lat="53.615076" lon="22.063409"><ele>128</ele></trkpt>
   <trkpt lat="53.615009" lon="22.064366"><ele>129.25</ele></trkpt>
   <trkpt lat="53.614694" lon="22.068279"><ele>131.25</ele></trkpt>
   <trkpt lat="53.614272" lon="22.073579"><ele>134</ele></trkpt>
   <trkpt lat="53.614216" lon="22.074292"><ele>134</ele></trkpt>
   <trkpt lat="53.614186" lon="22.074729"><ele>134.5</ele></trkpt>
   <trkpt lat="53.614169" lon="22.075171"><ele>135</ele></trkpt>
   <trkpt lat="53.614166" lon="22.075618"><ele>135.5</ele></trkpt>
   <trkpt lat="53.61418" lon="22.076044"><ele>136.5</ele></trkpt>
   <trkpt lat="53.614217" lon="22.076505"><ele>137.5</ele></trkpt>
   <trkpt lat="53.614275" lon="22.076936"><ele>138.5</ele></trkpt>
   <trkpt lat="53.614359" lon="22.077373"><ele>139.25</ele></trkpt>
   <trkpt lat="53.614449" lon="22.077776"><ele>140</ele></trkpt>
   <trkpt lat="53.614555" lon="22.078163"><ele>140.5</ele></trkpt>
   <trkpt lat="53.614682" lon="22.07855"><ele>141</ele></trkpt>
   <trkpt lat="53.614828" lon="22.078915"><ele>141</ele></trkpt>
   <trkpt lat="53.614987" lon="22.079262"><ele>141.25</ele></trkpt>
   <trkpt lat="53.615164" lon="22.07961"><ele>141.5</ele></trkpt>
   <trkpt lat="53.616597" lon="22.081834"><ele>138.25</ele></trkpt>
   <trkpt lat="53.618717" lon="22.085125"><ele>137</ele></trkpt>
   <trkpt lat="53.622941" lon="22.091696"><ele>135</ele></trkpt>
   <trkpt lat="53.623205" lon="22.092077"><ele>136.25</ele></trkpt>
   <trkpt lat="53.623459" lon="22.092383"><ele>137</ele></trkpt>
   <trkpt lat="53.623803" lon="22.09274"><ele>136.75</ele></trkpt>
   <trkpt lat="53.623901" lon="22.092835"><ele>136.75</ele></trkpt>
   <trkpt lat="53.630969" lon="22.099698"><ele>147.75</ele></trkpt>
   <trkpt lat="53.635839" lon="22.104427"><ele>137.25</ele></trkpt>
   <trkpt lat="53.63875" lon="22.107256"><ele>133.25</ele></trkpt>
   <trkpt lat="53.64144" lon="22.109872"><ele>131.5</ele></trkpt>
   <trkpt lat="53.641755" lon="22.110151"><ele>132</ele></trkpt>
   <trkpt lat="53.642088" lon="22.11041"><ele>132</ele></trkpt>
   <trkpt lat="53.642416" lon="22.110605"><ele>132.5</ele></trkpt>
   <trkpt lat="53.642701" lon="22.110722"><ele>132.5</ele></trkpt>
   <trkpt lat="53.642981" lon="22.110796"><ele>132.25</ele></trkpt>
   <trkpt lat="53.643275" lon="22.110834"><ele>132</ele></trkpt>
   <trkpt lat="53.643543" lon="22.110846"><ele>131.5</ele></trkpt>
   <trkpt lat="53.643776" lon="22.110815"><ele>130.75</ele></trkpt>
   <trkpt lat="53.644046" lon="22.110744"><ele>130.25</ele></trkpt>
   <trkpt lat="53.644336" lon="22.110625"><ele>130</ele></trkpt>
   <trkpt lat="53.644594" lon="22.110495"><ele>130</ele></trkpt>
   <trkpt lat="53.644874" lon="22.110305"><ele>130</ele></trkpt>
   <trkpt lat="53.645141" lon="22.110086"><ele>130</ele></trkpt>
   <trkpt lat="53.645387" lon="22.109826"><ele>129.75</ele></trkpt>
   <trkpt lat="53.645672" lon="22.109479"><ele>129.25</ele></trkpt>
   <trkpt lat="53.64675" lon="22.108035"><ele>129</ele></trkpt>
   <trkpt lat="53.65075" lon="22.102673"><ele>130.75</ele></trkpt>
   <trkpt lat="53.652848" lon="22.099848"><ele>132.75</ele></trkpt>
   <trkpt lat="53.653134" lon="22.099515"><ele>132.25</ele></trkpt>
   <trkpt lat="53.653451" lon="22.099225"><ele>132</ele></trkpt>
   <trkpt lat="53.653769" lon="22.098991"><ele>132.25</ele></trkpt>
   <trkpt lat="53.653904" lon="22.098905"><ele>132.25</ele></trkpt>
   <trkpt lat="53.654045" lon="22.098815"><ele>132.25</ele></trkpt>
   <trkpt lat="53.654338" lon="22.09866"><ele>132</ele></trkpt>
   <trkpt lat="53.657502" lon="22.09743"><ele>133</ele></trkpt>
   <trkpt lat="53.660208" lon="22.096392"><ele>134.25</ele></trkpt>
   <trkpt lat="53.660526" lon="22.096302"><ele>134.75</ele></trkpt>
   <trkpt lat="53.660873" lon="22.096266"><ele>135.5</ele></trkpt>
   <trkpt lat="53.661209" lon="22.096266"><ele>135.5</ele></trkpt>
   <trkpt lat="53.661541" lon="22.096317"><ele>135.75</ele></trkpt>
   <trkpt lat="53.661914" lon="22.096396"><ele>136</ele></trkpt>
   <trkpt lat="53.662654" lon="22.096559"><ele>136.75</ele></trkpt>
   <trkpt lat="53.668651" lon="22.097879"><ele>140.25</ele></trkpt>
   <trkpt lat="53.671565" lon="22.098523"><ele>145.75</ele></trkpt>
   <trkpt lat="53.674967" lon="22.099276"><ele>148.75</ele></trkpt>
   <trkpt lat="53.675227" lon="22.099333"><ele>148.75</ele></trkpt>
   <trkpt lat="53.675625" lon="22.099457"><ele>148.5</ele></trkpt>
   <trkpt lat="53.675977" lon="22.099624"><ele>148.5</ele></trkpt>
   <trkpt lat="53.676241" lon="22.099808"><ele>149</ele></trkpt>
   <trkpt lat="53.67651" lon="22.100038"><ele>149.5</ele></trkpt>
   <trkpt lat="53.676795" lon="22.100338"><ele>149.75</ele></trkpt>
   <trkpt lat="53.677064" lon="22.100681"><ele>149.5</ele></trkpt>
   <trkpt lat="53.677427" lon="22.101241"><ele>149</ele></trkpt>
   <trkpt lat="53.677514" lon="22.101373"><ele>148.75</ele></trkpt>
   <trkpt lat="53.678067" lon="22.102208"><ele>147.25</ele></trkpt>
   <trkpt lat="53.679001" lon="22.103557"><ele>146</ele></trkpt>
   <trkpt lat="53.679501" lon="22.104317"><ele>145.75</ele></trkpt>
   <trkpt lat="53.679786" lon="22.104761"><ele>146.25</ele></trkpt>
   <trkpt lat="53.680445" lon="22.105816"><ele>144.75</ele></trkpt>
   <trkpt lat="53.68077" lon="22.106315"><ele>144.25</ele></trkpt>
   <trkpt lat="53.681818" lon="22.107908"><ele>146.5</ele></trkpt>
   <trkpt lat="53.681962" lon="22.108138"><ele>146.75</ele></trkpt>
   <trkpt lat="53.682218" lon="22.108502"><ele>147</ele></trkpt>
   <trkpt lat="53.682455" lon="22.108806"><ele>147</ele></trkpt>
   <trkpt lat="53.682743" lon="22.109102"><ele>146.25</ele></trkpt>
   <trkpt lat="53.683035" lon="22.109371"><ele>145.5</ele></trkpt>
   <trkpt lat="53.683962" lon="22.110112"><ele>141.5</ele></trkpt>
   <trkpt lat="53.686946" lon="22.112572"><ele>139.75</ele></trkpt>
   <trkpt lat="53.687202" lon="22.112783"><ele>139.5</ele></trkpt>
   <trkpt lat="53.691131" lon="22.115996"><ele>133.25</ele></trkpt>
   <trkpt lat="53.694222" lon="22.118552"><ele>130</ele></trkpt>
   <trkpt lat="53.695011" lon="22.119195"><ele>131</ele></trkpt>
   <trkpt lat="53.696076" lon="22.120064"><ele>133</ele></trkpt>
   <trkpt lat="53.69646" lon="22.120378"><ele>133.75</ele></trkpt>
   <trkpt lat="53.696748" lon="22.120653"><ele>134.25</ele></trkpt>
   <trkpt lat="53.696993" lon="22.120966"><ele>134.5</ele></trkpt>
   <trkpt lat="53.69722" lon="22.121303"><ele>135</ele></trkpt>
   <trkpt lat="53.69742" lon="22.121703"><ele>136</ele></trkpt>
   <trkpt lat="53.697601" lon="22.122149"><ele>136</ele></trkpt>
   <trkpt lat="53.697741" lon="22.122609"><ele>135.5</ele></trkpt>
   <trkpt lat="53.697849" lon="22.123064"><ele>135.5</ele></trkpt>
   <trkpt lat="53.697947" lon="22.123598"><ele>135.25</ele></trkpt>
   <trkpt lat="53.69888" lon="22.129114"><ele>137.75</ele></trkpt>
   <trkpt lat="53.698995" lon="22.129735"><ele>139.25</ele></trkpt>
   <trkpt lat="53.699113" lon="22.130318"><ele>140</ele></trkpt>
   <trkpt lat="53.699233" lon="22.130839"><ele>139.75</ele></trkpt>
   <trkpt lat="53.699384" lon="22.131454"><ele>138.75</ele></trkpt>
   <trkpt lat="53.699528" lon="22.131964"><ele>138.5</ele></trkpt>
   <trkpt lat="53.699882" lon="22.133027"><ele>137.5</ele></trkpt>
   <trkpt lat="53.700094" lon="22.13358"><ele>137.25</ele></trkpt>
   <trkpt lat="53.70029" lon="22.134045"><ele>137.5</ele></trkpt>
   <trkpt lat="53.700538" lon="22.134583"><ele>137.75</ele></trkpt>
   <trkpt lat="53.700747" lon="22.135012"><ele>138</ele></trkpt>
   <trkpt lat="53.701257" lon="22.135923"><ele>139.5</ele></trkpt>
   <trkpt lat="53.701538" lon="22.136365"><ele>140.25</ele></trkpt>
   <trkpt lat="53.70184" lon="22.136809"><ele>140.75</ele></trkpt>
   <trkpt lat="53.702119" lon="22.137182"><ele>140</ele></trkpt>
   <trkpt lat="53.703618" lon="22.138971"><ele>136.25</ele></trkpt>
   <trkpt lat="53.70383" lon="22.139256"><ele>135.5</ele></trkpt>
   <trkpt lat="53.704091" lon="22.139653"><ele>134.5</ele></trkpt>
   <trkpt lat="53.704289" lon="22.14005"><ele>133.75</ele></trkpt>
   <trkpt lat="53.704447" lon="22.14043"><ele>133.75</ele></trkpt>
   <trkpt lat="53.704596" lon="22.140913"><ele>133.25</ele></trkpt>
   <trkpt lat="53.705133" lon="22.142737"><ele>130.5</ele></trkpt>
   <trkpt lat="53.707296" lon="22.150089"><ele>131.25</ele></trkpt>
   <trkpt lat="53.709123" lon="22.156299"><ele>131</ele></trkpt>
   <trkpt lat="53.709409" lon="22.15727"><ele>131</ele></trkpt>
   <trkpt lat="53.710095" lon="22.159557"><ele>128.75</ele></trkpt>
   <trkpt lat="53.71027" lon="22.160081"><ele>128.5</ele></trkpt>
   <trkpt lat="53.710483" lon="22.160621"><ele>127.75</ele></trkpt>
   <trkpt lat="53.710742" lon="22.161188"><ele>126.75</ele></trkpt>
   <trkpt lat="53.7142" lon="22.167473"><ele>122.75</ele></trkpt>
   <trkpt lat="53.714586" lon="22.168174"><ele>123.25</ele></trkpt>
   <trkpt lat="53.715456" lon="22.169753"><ele>122</ele></trkpt>
   <trkpt lat="53.715521" lon="22.169871"><ele>121.75</ele></trkpt>
   <trkpt lat="53.718633" lon="22.175511"><ele>123</ele></trkpt>
   <trkpt lat="53.720712" lon="22.17927"><ele>123.75</ele></trkpt>
   <trkpt lat="53.72232" lon="22.182179"><ele>126</ele></trkpt>
   <trkpt lat="53.722649" lon="22.182736"><ele>126.5</ele></trkpt>
   <trkpt lat="53.722935" lon="22.183155"><ele>127.5</ele></trkpt>
   <trkpt lat="53.723255" lon="22.18355"><ele>129</ele></trkpt>
   <trkpt lat="53.723609" lon="22.183903"><ele>130</ele></trkpt>
   <trkpt lat="53.723993" lon="22.184205"><ele>130.75</ele></trkpt>
   <trkpt lat="53.724355" lon="22.184434"><ele>130.25</ele></trkpt>
   <trkpt lat="53.72473" lon="22.184604"><ele>129.25</ele></trkpt>
   <trkpt lat="53.725125" lon="22.184728"><ele>128.75</ele></trkpt>
   <trkpt lat="53.725499" lon="22.184778"><ele>129</ele></trkpt>
   <trkpt lat="53.725895" lon="22.18478"><ele>129.5</ele></trkpt>
   <trkpt lat="53.726319" lon="22.184715"><ele>131</ele></trkpt>
   <trkpt lat="53.726677" lon="22.184621"><ele>132</ele></trkpt>
   <trkpt lat="53.728457" lon="22.18404"><ele>141</ele></trkpt>
   <trkpt lat="53.728946" lon="22.183881"><ele>141</ele></trkpt>
   <trkpt lat="53.729318" lon="22.183793"><ele>140.75</ele></trkpt>
   <trkpt lat="53.729643" lon="22.183753"><ele>140.5</ele></trkpt>
   <trkpt lat="53.729995" lon="22.183763"><ele>140.25</ele></trkpt>
   <trkpt lat="53.730367" lon="22.183829"><ele>140</ele></trkpt>
   <trkpt lat="53.730696" lon="22.183966"><ele>140</ele></trkpt>
   <trkpt lat="53.73105" lon="22.184143"><ele>140.25</ele></trkpt>
   <trkpt lat="53.731358" lon="22.184367"><ele>140.5</ele></trkpt>
   <trkpt lat="53.731678" lon="22.184673"><ele>141</ele></trkpt>
   <trkpt lat="53.731967" lon="22.185009"><ele>142.75</ele></trkpt>
   <trkpt lat="53.735834" lon="22.190135"><ele>147</ele></trkpt>
   <trkpt lat="53.736122" lon="22.19054"><ele>148</ele></trkpt>
   <trkpt lat="53.736566" lon="22.191207"><ele>149</ele></trkpt>
   <trkpt lat="53.736838" lon="22.191691"><ele>150</ele></trkpt>
   <trkpt lat="53.737105" lon="22.192212"><ele>152</ele></trkpt>
   <trkpt lat="53.73735" lon="22.192743"><ele>153.25</ele></trkpt>
   <trkpt lat="53.737589" lon="22.193322"><ele>153</ele></trkpt>
   <trkpt lat="53.737774" lon="22.193845"><ele>153.25</ele></trkpt>
   <trkpt lat="53.737976" lon="22.19447"><ele>153.5</ele></trkpt>
   <trkpt lat="53.738164" lon="22.195136"><ele>153</ele></trkpt>
   <trkpt lat="53.738362" lon="22.195879"><ele>153</ele></trkpt>
   <trkpt lat="53.739287" lon="22.199469"><ele>156.75</ele></trkpt>
   <trkpt lat="53.739461" lon="22.200181"><ele>156.5</ele></trkpt>
   <trkpt lat="53.73961" lon="22.200893"><ele>156.25</ele></trkpt>
   <trkpt lat="53.739747" lon="22.201622"><ele>155.75</ele></trkpt>
   <trkpt lat="53.739874" lon="22.202365"><ele>154.5</ele></trkpt>
   <trkpt lat="53.739986" lon="22.20313"><ele>154</ele></trkpt>
   <trkpt lat="53.74008" lon="22.203888"><ele>154.5</ele></trkpt>
   <trkpt lat="53.740164" lon="22.204679"><ele>155.75</ele></trkpt>
   <trkpt lat="53.74023" lon="22.205475"><ele>156</ele></trkpt>
   <trkpt lat="53.740273" lon="22.206209"><ele>155.5</ele></trkpt>
   <trkpt lat="53.740306" lon="22.207043"><ele>154.75</ele></trkpt>
   <trkpt lat="53.74032" lon="22.20784"><ele>154</ele></trkpt>
   <trkpt lat="53.740317" lon="22.208603"><ele>153.25</ele></trkpt>
   <trkpt lat="53.740307" lon="22.209285"><ele>153.25</ele></trkpt>
   <trkpt lat="53.740273" lon="22.209995"><ele>153</ele></trkpt>
   <trkpt lat="53.740168" lon="22.211449"><ele>154.5</ele></trkpt>
   <trkpt lat="53.739532" lon="22.218923"><ele>159.5</ele></trkpt>
   <trkpt lat="53.738256" lon="22.233921"><ele>157.25</ele></trkpt>
   <trkpt lat="53.738212" lon="22.234408"><ele>158</ele></trkpt>
   <trkpt lat="53.738154" lon="22.234894"><ele>158.75</ele></trkpt>
   <trkpt lat="53.738078" lon="22.235414"><ele>159.5</ele></trkpt>
   <trkpt lat="53.737991" lon="22.235922"><ele>160.75</ele></trkpt>
   <trkpt lat="53.737881" lon="22.236515"><ele>161.75</ele></trkpt>
   <trkpt lat="53.73777" lon="22.237068"><ele>162.75</ele></trkpt>
   <trkpt lat="53.736078" lon="22.24512"><ele>163</ele></trkpt>
   <trkpt lat="53.735964" lon="22.245736"><ele>162.75</ele></trkpt>
   <trkpt lat="53.735865" lon="22.246411"><ele>162.25</ele></trkpt>
   <trkpt lat="53.735611" lon="22.248407"><ele>162</ele></trkpt>
   <trkpt lat="53.734848" lon="22.254344"><ele>167</ele></trkpt>
   <trkpt lat="53.734782" lon="22.254896"><ele>166.75</ele></trkpt>
   <trkpt lat="53.734734" lon="22.25545"><ele>166.75</ele></trkpt>
   <trkpt lat="53.734698" lon="22.256052"><ele>167</ele></trkpt>
   <trkpt lat="53.734697" lon="22.256672"><ele>167</ele></trkpt>
   <trkpt lat="53.734723" lon="22.25729"><ele>168</ele></trkpt>
   <trkpt lat="53.734767" lon="22.258048"><ele>170.25</ele></trkpt>
   <trkpt lat="53.73481" lon="22.258641"><ele>171.5</ele></trkpt>
   <trkpt lat="53.734887" lon="22.259297"><ele>172.25</ele></trkpt>
   <trkpt lat="53.734997" lon="22.259934"><ele>173.75</ele></trkpt>
   <trkpt lat="53.735126" lon="22.260501"><ele>174</ele></trkpt>
   <trkpt lat="53.735275" lon="22.261059"><ele>174</ele></trkpt>
   <trkpt lat="53.735447" lon="22.261608"><ele>174.25</ele></trkpt>
   <trkpt lat="53.735615" lon="22.262102"><ele>174.25</ele></trkpt>
   <trkpt lat="53.73595" lon="22.26297"><ele>173</ele></trkpt>
   <trkpt lat="53.737706" lon="22.267519"><ele>173.25</ele></trkpt>
   <trkpt lat="53.737899" lon="22.268035"><ele>171.75</ele></trkpt>
   <trkpt lat="53.738106" lon="22.268538"><ele>169.5</ele></trkpt>
   <trkpt lat="53.738319" lon="22.268982"><ele>167.5</ele></trkpt>
   <trkpt lat="53.738538" lon="22.269415"><ele>166.5</ele></trkpt>
   <trkpt lat="53.738766" lon="22.269836"><ele>166</ele></trkpt>
   <trkpt lat="53.739018" lon="22.27026"><ele>166</ele></trkpt>
   <trkpt lat="53.741414" lon="22.27404"><ele>167.75</ele></trkpt>
   <trkpt lat="53.741696" lon="22.27451"><ele>162.75</ele></trkpt>
   <trkpt lat="53.741948" lon="22.27496"><ele>158</ele></trkpt>
   <trkpt lat="53.742197" lon="22.275444"><ele>158.25</ele></trkpt>
   <trkpt lat="53.742406" lon="22.275886"><ele>158.5</ele></trkpt>
   <trkpt lat="53.74263" lon="22.276384"><ele>158.25</ele></trkpt>
   <trkpt lat="53.74302" lon="22.277419"><ele>157.5</ele></trkpt>
   <trkpt lat="53.743217" lon="22.277983"><ele>157</ele></trkpt>
   <trkpt lat="53.7434" lon="22.278571"><ele>156.75</ele></trkpt>
   <trkpt lat="53.743543" lon="22.279137"><ele>156.5</ele></trkpt>
   <trkpt lat="53.743695" lon="22.279774"><ele>156</ele></trkpt>
   <trkpt lat="53.743824" lon="22.280373"><ele>156.25</ele></trkpt>
   <trkpt lat="53.743946" lon="22.280997"><ele>156.75</ele></trkpt>
   <trkpt lat="53.7452" lon="22.287488"><ele>159</ele></trkpt>
   <trkpt lat="53.745334" lon="22.288174"><ele>159</ele></trkpt>
   <trkpt lat="53.745837" lon="22.290756"><ele>157.25</ele></trkpt>
   <trkpt lat="53.745958" lon="22.291296"><ele>155.25</ele></trkpt>
   <trkpt lat="53.746102" lon="22.291845"><ele>153.75</ele></trkpt>
   <trkpt lat="53.746246" lon="22.292351"><ele>153.5</ele></trkpt>
   <trkpt lat="53.748833" lon="22.302104"><ele>153.25</ele></trkpt>
   <trkpt lat="53.74884" lon="22.302131"><ele>153.25</ele></trkpt>
   <trkpt lat="53.749001" lon="22.3027"><ele>153</ele></trkpt>
   <trkpt lat="53.749188" lon="22.303225"><ele>152.5</ele></trkpt>
   <trkpt lat="53.749385" lon="22.303667"><ele>154.75</ele></trkpt>
   <trkpt lat="53.749586" lon="22.304009"><ele>155.75</ele></trkpt>
   <trkpt lat="53.749807" lon="22.304323"><ele>156</ele></trkpt>
   <trkpt lat="53.750051" lon="22.304574"><ele>155</ele></trkpt>
   <trkpt lat="53.750263" lon="22.304749"><ele>153.75</ele></trkpt>
   <trkpt lat="53.750498" lon="22.304913"><ele>153</ele></trkpt>
   <trkpt lat="53.750738" lon="22.305035"><ele>152.75</ele></trkpt>
   <trkpt lat="53.750981" lon="22.305125"><ele>151.5</ele></trkpt>
   <trkpt lat="53.751238" lon="22.305178"><ele>149.75</ele></trkpt>
   <trkpt lat="53.751468" lon="22.30519"><ele>148.25</ele></trkpt>
   <trkpt lat="53.751678" lon="22.305152"><ele>146.75</ele></trkpt>
   <trkpt lat="53.751947" lon="22.305084"><ele>146.75</ele></trkpt>
   <trkpt lat="53.754678" lon="22.304328"><ele>143</ele></trkpt>
   <trkpt lat="53.755004" lon="22.304286"><ele>142.75</ele></trkpt>
   <trkpt lat="53.755317" lon="22.304309"><ele>143.5</ele></trkpt>
   <trkpt lat="53.755608" lon="22.304375"><ele>144</ele></trkpt>
   <trkpt lat="53.755901" lon="22.304486"><ele>144.25</ele></trkpt>
   <trkpt lat="53.75694" lon="22.30497"><ele>142.75</ele></trkpt>
   <trkpt lat="53.761074" lon="22.306895"><ele>132</ele></trkpt>
   <trkpt lat="53.761409" lon="22.307085"><ele>131.25</ele></trkpt>
   <trkpt lat="53.761716" lon="22.30732"><ele>130.5</ele></trkpt>
   <trkpt lat="53.762011" lon="22.307602"><ele>130.75</ele></trkpt>
   <trkpt lat="53.762272" lon="22.307894"><ele>130.75</ele></trkpt>
   <trkpt lat="53.762529" lon="22.308228"><ele>130.75</ele></trkpt>
   <trkpt lat="53.762772" lon="22.308591"><ele>130.75</ele></trkpt>
   <trkpt lat="53.763108" lon="22.309127"><ele>130.75</ele></trkpt>
   <trkpt lat="53.764377" lon="22.311203"><ele>126.25</ele></trkpt>
   <trkpt lat="53.764717" lon="22.311757"><ele>125.5</ele></trkpt>
   <trkpt lat="53.771237" lon="22.322413"><ele>122</ele></trkpt>
   <trkpt lat="53.771723" lon="22.323195"><ele>123</ele></trkpt>
   <trkpt lat="53.772207" lon="22.323997"><ele>125</ele></trkpt>
   <trkpt lat="53.772227" lon="22.324031"><ele>125</ele></trkpt>
   <trkpt lat="53.772402" lon="22.32432"><ele>125.25</ele></trkpt>
   <trkpt lat="53.772554" lon="22.324594"><ele>125</ele></trkpt>
   <trkpt lat="53.772668" lon="22.324824"><ele>124.5</ele></trkpt>
   <trkpt lat="53.772756" lon="22.325035"><ele>124.25</ele></trkpt>
   <trkpt lat="53.772889" lon="22.32539"><ele>123.75</ele></trkpt>
   <trkpt lat="53.773015" lon="22.325761"><ele>123.5</ele></trkpt>
   <trkpt lat="53.77414" lon="22.32928"><ele>119.75</ele></trkpt>
   <trkpt lat="53.774358" lon="22.329948"><ele>118.75</ele></trkpt>
   <trkpt lat="53.774471" lon="22.330288"><ele>118.75</ele></trkpt>
   <trkpt lat="53.7746" lon="22.33064"><ele>119</ele></trkpt>
   <trkpt lat="53.774739" lon="22.330969"><ele>119.25</ele></trkpt>
   <trkpt lat="53.774948" lon="22.33134"><ele>119.5</ele></trkpt>
   <trkpt lat="53.774963" lon="22.331362"><ele>119.5</ele></trkpt>
   <trkpt lat="53.77517" lon="22.331661"><ele>120.25</ele></trkpt>
   <trkpt lat="53.775366" lon="22.331901"><ele>121</ele></trkpt>
   <trkpt lat="53.775564" lon="22.332084"><ele>122</ele></trkpt>
   <trkpt lat="53.775785" lon="22.33226"><ele>123</ele></trkpt>
   <trkpt lat="53.776043" lon="22.332423"><ele>124.5</ele></trkpt>
   <trkpt lat="53.777086" lon="22.332991"><ele>129</ele></trkpt>
   <trkpt lat="53.781752" lon="22.33553"><ele>125.5</ele></trkpt>
   <trkpt lat="53.781995" lon="22.335679"><ele>126.25</ele></trkpt>
   <trkpt lat="53.782217" lon="22.335834"><ele>127</ele></trkpt>
   <trkpt lat="53.782431" lon="22.33601"><ele>127.5</ele></trkpt>
   <trkpt lat="53.782656" lon="22.336226"><ele>127.5</ele></trkpt>
   <trkpt lat="53.785315" lon="22.338875"><ele>126.5</ele></trkpt>
   <trkpt lat="53.787252" lon="22.340805"><ele>125.75</ele></trkpt>
   <trkpt lat="53.788955" lon="22.342503"><ele>127.5</ele></trkpt>
   <trkpt lat="53.789172" lon="22.342752"><ele>127.5</ele></trkpt>
   <trkpt lat="53.789357" lon="22.342998"><ele>129</ele></trkpt>
   <trkpt lat="53.789624" lon="22.34342"><ele>130.75</ele></trkpt>
   <trkpt lat="53.789839" lon="22.343822"><ele>132.5</ele></trkpt>
   <trkpt lat="53.791965" lon="22.348691"><ele>136.25</ele></trkpt>
   <trkpt lat="53.794825" lon="22.355245"><ele>127.5</ele></trkpt>
   <trkpt lat="53.796677" lon="22.359486"><ele>130.25</ele></trkpt>
   <trkpt lat="53.797298" lon="22.360911"><ele>128.75</ele></trkpt>
   <trkpt lat="53.798164" lon="22.362898"><ele>124.75</ele></trkpt>
   <trkpt lat="53.799777" lon="22.366595"><ele>126.75</ele></trkpt>
   <trkpt lat="53.799783" lon="22.366608"><ele>126.75</ele></trkpt>
   <trkpt lat="53.799982" lon="22.36705"><ele>126.5</ele></trkpt>
   <trkpt lat="53.800147" lon="22.36739"><ele>126.75</ele></trkpt>
   <trkpt lat="53.800327" lon="22.367735"><ele>126.5</ele></trkpt>
   <trkpt lat="53.800573" lon="22.368163"><ele>125.5</ele></trkpt>
   <trkpt lat="53.800813" lon="22.368545"><ele>124.75</ele></trkpt>
   <trkpt lat="53.800989" lon="22.3688"><ele>125</ele></trkpt>
   <trkpt lat="53.801281" lon="22.369191"><ele>124.75</ele></trkpt>
   <trkpt lat="53.801471" lon="22.369424"><ele>124.75</ele></trkpt>
   <trkpt lat="53.801484" lon="22.369439"><ele>124.5</ele></trkpt>
   <trkpt lat="53.801488" lon="22.369444"><ele>124.5</ele></trkpt>
   <trkpt lat="53.801572" lon="22.369541"><ele>124.5</ele></trkpt>
   <trkpt lat="53.801626" lon="22.369602"><ele>124.5</ele></trkpt>
   <trkpt lat="53.801873" lon="22.369869"><ele>124</ele></trkpt>
   <trkpt lat="53.80217" lon="22.370157"><ele>124</ele></trkpt>
   <trkpt lat="53.802242" lon="22.370222"><ele>124</ele></trkpt>
   <trkpt lat="53.802596" lon="22.370519"><ele>124</ele></trkpt>
   <trkpt lat="53.802775" lon="22.370654"><ele>124</ele></trkpt>
   <trkpt lat="53.802814" lon="22.370682"><ele>124</ele></trkpt>
   <trkpt lat="53.802854" lon="22.370711"><ele>124</ele></trkpt>
   <trkpt lat="53.803118" lon="22.370884"><ele>123.75</ele></trkpt>
   <trkpt lat="53.803146" lon="22.370903"><ele>123.75</ele></trkpt>
   <trkpt lat="53.803459" lon="22.37111"><ele>123.75</ele></trkpt>
   <trkpt lat="53.803792" lon="22.371354"><ele>123.75</ele></trkpt>
   <trkpt lat="53.804116" lon="22.371581"><ele>124</ele></trkpt>
   <trkpt lat="53.80422" lon="22.37164"><ele>124</ele></trkpt>
   <trkpt lat="53.804403" lon="22.371725"><ele>123.75</ele></trkpt>
   <trkpt lat="53.804551" lon="22.371779"><ele>123.75</ele></trkpt>
   <trkpt lat="53.804613" lon="22.371796"><ele>123.75</ele></trkpt>
   <trkpt lat="53.804689" lon="22.371817"><ele>123.75</ele></trkpt>
   <trkpt lat="53.805008" lon="22.371864"><ele>123.75</ele></trkpt>
   <trkpt lat="53.805318" lon="22.371853"><ele>123.25</ele></trkpt>
   <trkpt lat="53.805508" lon="22.371828"><ele>123</ele></trkpt>
   <trkpt lat="53.805678" lon="22.371794"><ele>123</ele></trkpt>
   <trkpt lat="53.805789" lon="22.371768"><ele>122.75</ele></trkpt>
   <trkpt lat="53.805931" lon="22.371734"><ele>122.75</ele></trkpt>
   <trkpt lat="53.806426" lon="22.371617"><ele>123</ele></trkpt>
   <trkpt lat="53.806642" lon="22.371556"><ele>123</ele></trkpt>
   <trkpt lat="53.807103" lon="22.37139"><ele>126</ele></trkpt>
   <trkpt lat="53.807276" lon="22.371343"><ele>127.25</ele></trkpt>
   <trkpt lat="53.807307" lon="22.371335"><ele>127.5</ele></trkpt>
   <trkpt lat="53.807912" lon="22.371191"><ele>128.25</ele></trkpt>
   <trkpt lat="53.809489" lon="22.370794"><ele>126.5</ele></trkpt>
   <trkpt lat="53.809614" lon="22.370764"><ele>126.5</ele></trkpt>
   <trkpt lat="53.812507" lon="22.370076"><ele>125</ele></trkpt>
   <trkpt lat="53.81447" lon="22.36961"><ele>125.5</ele></trkpt>
   <trkpt lat="53.814927" lon="22.369488"><ele>125.75</ele></trkpt>
   <trkpt lat="53.815293" lon="22.369364"><ele>126.25</ele></trkpt>
   <trkpt lat="53.815654" lon="22.369213"><ele>126.5</ele></trkpt>
   <trkpt lat="53.815943" lon="22.369072"><ele>127</ele></trkpt>
   <trkpt lat="53.81627" lon="22.36889"><ele>127.5</ele></trkpt>
   <trkpt lat="53.816696" lon="22.368614"><ele>127.75</ele></trkpt>
   <trkpt lat="53.817203" lon="22.368242"><ele>126</ele></trkpt>
   <trkpt lat="53.817751" lon="22.367834"><ele>123.75</ele></trkpt>
   <trkpt lat="53.818297" lon="22.367426"><ele>122</ele></trkpt>
   <trkpt lat="53.818417" lon="22.367337"><ele>121.75</ele></trkpt>
   <trkpt lat="53.819752" lon="22.366341"><ele>123.75</ele></trkpt>
   <trkpt lat="53.819981" lon="22.36617"><ele>123.75</ele></trkpt>
   <trkpt lat="53.82099" lon="22.365417"><ele>126.75</ele></trkpt>
   <trkpt lat="53.821011" lon="22.365401"><ele>126.75</ele></trkpt>
   <trkpt lat="53.821431" lon="22.365088"><ele>126.25</ele></trkpt>
   <trkpt lat="53.821704" lon="22.364884"><ele>126.25</ele></trkpt>
   <trkpt lat="53.822465" lon="22.364317"><ele>126</ele></trkpt>
   <trkpt lat="53.82263" lon="22.364194"><ele>126</ele></trkpt>
   <trkpt lat="53.823243" lon="22.363731"><ele>126</ele></trkpt>
   <trkpt lat="53.824461" lon="22.362768"><ele>126.75</ele></trkpt>
   <trkpt lat="53.824543" lon="22.362703"><ele>126.75</ele></trkpt>
   <trkpt lat="53.825042" lon="22.362307"><ele>127</ele></trkpt>
   <trkpt lat="53.824543" lon="22.362703"><ele>126.75</ele></trkpt>
   <trkpt lat="53.824461" lon="22.362768"><ele>126.75</ele></trkpt>
   <trkpt lat="53.823243" lon="22.363731"><ele>126</ele></trkpt>
   <trkpt lat="53.82263" lon="22.364194"><ele>126</ele></trkpt>
   <trkpt lat="53.822465" lon="22.364317"><ele>126</ele></trkpt>
   <trkpt lat="53.821704" lon="22.364884"><ele>126.25</ele></trkpt>
   <trkpt lat="53.821431" lon="22.365088"><ele>126.25</ele></trkpt>
   <trkpt lat="53.821011" lon="22.365401"><ele>126.75</ele></trkpt>
   <trkpt lat="53.82099" lon="22.365417"><ele>126.75</ele></trkpt>
   <trkpt lat="53.819981" lon="22.36617"><ele>123.75</ele></trkpt>
   <trkpt lat="53.819752" lon="22.366341"><ele>123.75</ele></trkpt>
   <trkpt lat="53.818417" lon="22.367337"><ele>121.75</ele></trkpt>
   <trkpt lat="53.818297" lon="22.367426"><ele>122</ele></trkpt>
   <trkpt lat="53.817751" lon="22.367834"><ele>123.75</ele></trkpt>
   <trkpt lat="53.817203" lon="22.368242"><ele>126</ele></trkpt>
   <trkpt lat="53.816696" lon="22.368614"><ele>127.75</ele></trkpt>
   <trkpt lat="53.81627" lon="22.36889"><ele>127.5</ele></trkpt>
   <trkpt lat="53.815943" lon="22.369072"><ele>127</ele></trkpt>
   <trkpt lat="53.815654" lon="22.369213"><ele>126.5</ele></trkpt>
   <trkpt lat="53.815293" lon="22.369364"><ele>126.25</ele></trkpt>
   <trkpt lat="53.814927" lon="22.369488"><ele>125.75</ele></trkpt>
   <trkpt lat="53.81447" lon="22.36961"><ele>125.5</ele></trkpt>
   <trkpt lat="53.812507" lon="22.370076"><ele>125</ele></trkpt>
   <trkpt lat="53.809614" lon="22.370764"><ele>126.5</ele></trkpt>
   <trkpt lat="53.809489" lon="22.370794"><ele>126.5</ele></trkpt>
   <trkpt lat="53.807912" lon="22.371191"><ele>128.25</ele></trkpt>
   <trkpt lat="53.807307" lon="22.371335"><ele>127.5</ele></trkpt>
   <trkpt lat="53.807276" lon="22.371343"><ele>127.25</ele></trkpt>
   <trkpt lat="53.807103" lon="22.37139"><ele>126</ele></trkpt>
   <trkpt lat="53.806642" lon="22.371556"><ele>123</ele></trkpt>
   <trkpt lat="53.806426" lon="22.371617"><ele>123</ele></trkpt>
   <trkpt lat="53.805931" lon="22.371734"><ele>122.75</ele></trkpt>
   <trkpt lat="53.805789" lon="22.371768"><ele>122.75</ele></trkpt>
   <trkpt lat="53.805678" lon="22.371794"><ele>123</ele></trkpt>
   <trkpt lat="53.80436" lon="22.372107"><ele>123.25</ele></trkpt>
   <trkpt lat="53.804071" lon="22.372176"><ele>123.25</ele></trkpt>
   <trkpt lat="53.803898" lon="22.372224"><ele>123</ele></trkpt>
   <trkpt lat="53.803487" lon="22.372372"><ele>123</ele></trkpt>
   <trkpt lat="53.803222" lon="22.37245"><ele>123.25</ele></trkpt>
   <trkpt lat="53.803184" lon="22.372459"><ele>123.25</ele></trkpt>
   <trkpt lat="53.802777" lon="22.372556"><ele>124.25</ele></trkpt>
   <trkpt lat="53.80275" lon="22.372562"><ele>124.25</ele></trkpt>
   <trkpt lat="53.802321" lon="22.372664"><ele>125</ele></trkpt>
   <trkpt lat="53.802103" lon="22.372716"><ele>125.25</ele></trkpt>
   <trkpt lat="53.801823" lon="22.372783"><ele>125.5</ele></trkpt>
   <trkpt lat="53.801233" lon="22.372923"><ele>127</ele></trkpt>
   <trkpt lat="53.800788" lon="22.373029"><ele>128</ele></trkpt>
   <trkpt lat="53.799811" lon="22.373261"><ele>127</ele></trkpt>
   <trkpt lat="53.799697" lon="22.373288"><ele>127.25</ele></trkpt>
   <trkpt lat="53.799663" lon="22.373296"><ele>127.25</ele></trkpt>
   <trkpt lat="53.798932" lon="22.373469"><ele>128.5</ele></trkpt>
   <trkpt lat="53.797228" lon="22.373873"><ele>134</ele></trkpt>
   <trkpt lat="53.796877" lon="22.373957"><ele>134.5</ele></trkpt>
   <trkpt lat="53.796068" lon="22.37415"><ele>136.25</ele></trkpt>
   <trkpt lat="53.795386" lon="22.374313"><ele>137</ele></trkpt>
   <trkpt lat="53.794187" lon="22.374598"><ele>139.25</ele></trkpt>
   <trkpt lat="53.792985" lon="22.374884"><ele>138</ele></trkpt>
   <trkpt lat="53.792859" lon="22.374915"><ele>138</ele></trkpt>
   <trkpt lat="53.79263" lon="22.374973"><ele>138</ele></trkpt>
   <trkpt lat="53.791788" lon="22.375208"><ele>138.5</ele></trkpt>
   <trkpt lat="53.791258" lon="22.375382"><ele>139</ele></trkpt>
   <trkpt lat="53.790603" lon="22.375633"><ele>138</ele></trkpt>
   <trkpt lat="53.790174" lon="22.375817"><ele>136</ele></trkpt>
   <trkpt lat="53.789418" lon="22.376183"><ele>130.75</ele></trkpt>
   <trkpt lat="53.7888" lon="22.376521"><ele>128</ele></trkpt>
   <trkpt lat="53.788359" lon="22.376781"><ele>125.75</ele></trkpt>
   <trkpt lat="53.786668" lon="22.377826"><ele>127.25</ele></trkpt>
   <trkpt lat="53.781808" lon="22.380848"><ele>127.25</ele></trkpt>
   <trkpt lat="53.779779" lon="22.382107"><ele>126.5</ele></trkpt>
   <trkpt lat="53.771727" lon="22.38711"><ele>132.25</ele></trkpt>
   <trkpt lat="53.771485" lon="22.387261"><ele>132.5</ele></trkpt>
   <trkpt lat="53.764621" lon="22.391541"><ele>131</ele></trkpt>
   <trkpt lat="53.764005" lon="22.391844"><ele>131</ele></trkpt>
   <trkpt lat="53.763221" lon="22.3922"><ele>130.5</ele></trkpt>
   <trkpt lat="53.763012" lon="22.392261"><ele>130.25</ele></trkpt>
   <trkpt lat="53.762483" lon="22.392416"><ele>129.75</ele></trkpt>
   <trkpt lat="53.755548" lon="22.393718"><ele>128</ele></trkpt>
   <trkpt lat="53.754091" lon="22.393979"><ele>126.5</ele></trkpt>
   <trkpt lat="53.745169" lon="22.395581"><ele>128.25</ele></trkpt>
   <trkpt lat="53.744847" lon="22.395639"><ele>128.5</ele></trkpt>
   <trkpt lat="53.739337" lon="22.396632"><ele>119</ele></trkpt>
   <trkpt lat="53.738955" lon="22.396701"><ele>120</ele></trkpt>
   <trkpt lat="53.738306" lon="22.396823"><ele>123.25</ele></trkpt>
   <trkpt lat="53.737902" lon="22.396929"><ele>122.5</ele></trkpt>
   <trkpt lat="53.737456" lon="22.39707"><ele>121.75</ele></trkpt>
   <trkpt lat="53.73721" lon="22.397162"><ele>121.25</ele></trkpt>
   <trkpt lat="53.736821" lon="22.397316"><ele>120.25</ele></trkpt>
   <trkpt lat="53.736386" lon="22.397508"><ele>119.75</ele></trkpt>
   <trkpt lat="53.736265" lon="22.39757"><ele>119.75</ele></trkpt>
   <trkpt lat="53.735568" lon="22.397943"><ele>119.75</ele></trkpt>
   <trkpt lat="53.734881" lon="22.39843"><ele>120.25</ele></trkpt>
   <trkpt lat="53.734088" lon="22.399097"><ele>122</ele></trkpt>
   <trkpt lat="53.733455" lon="22.399655"><ele>121.25</ele></trkpt>
   <trkpt lat="53.731395" lon="22.401601"><ele>117.75</ele></trkpt>
   <trkpt lat="53.730621" lon="22.402363"><ele>121.25</ele></trkpt>
   <trkpt lat="53.728308" lon="22.404578"><ele>119.75</ele></trkpt>
   <trkpt lat="53.720496" lon="22.41206"><ele>127</ele></trkpt>
   <trkpt lat="53.717802" lon="22.414639"><ele>122.5</ele></trkpt>
   <trkpt lat="53.714416" lon="22.417835"><ele>125.25</ele></trkpt>
   <trkpt lat="53.712567" lon="22.419167"><ele>126.75</ele></trkpt>
   <trkpt lat="53.707646" lon="22.422728"><ele>118</ele></trkpt>
   <trkpt lat="53.705171" lon="22.424491"><ele>117.25</ele></trkpt>
   <trkpt lat="53.705062" lon="22.424574"><ele>117</ele></trkpt>
   <trkpt lat="53.704307" lon="22.425139"><ele>118.5</ele></trkpt>
   <trkpt lat="53.703309" lon="22.425886"><ele>117.75</ele></trkpt>
   <trkpt lat="53.701865" lon="22.426985"><ele>118.75</ele></trkpt>
   <trkpt lat="53.701335" lon="22.427366"><ele>118.5</ele></trkpt>
   <trkpt lat="53.701294" lon="22.427397"><ele>118.5</ele></trkpt>
   <trkpt lat="53.701261" lon="22.427419"><ele>118.5</ele></trkpt>
   <trkpt lat="53.700369" lon="22.428039"><ele>117.5</ele></trkpt>
   <trkpt lat="53.699948" lon="22.428268"><ele>118</ele></trkpt>
   <trkpt lat="53.698738" lon="22.429145"><ele>118.5</ele></trkpt>
   <trkpt lat="53.696719" lon="22.430553"><ele>119</ele></trkpt>
   <trkpt lat="53.693787" lon="22.432658"><ele>118.25</ele></trkpt>
   <trkpt lat="53.691716" lon="22.43427"><ele>119</ele></trkpt>
   <trkpt lat="53.690089" lon="22.435434"><ele>118</ele></trkpt>
   <trkpt lat="53.689379" lon="22.435949"><ele>117.25</ele></trkpt>
   <trkpt lat="53.689207" lon="22.436102"><ele>117</ele></trkpt>
   <trkpt lat="53.689042" lon="22.436269"><ele>117</ele></trkpt>
   <trkpt lat="53.688408" lon="22.436728"><ele>116.75</ele></trkpt>
   <trkpt lat="53.688121" lon="22.436951"><ele>116.5</ele></trkpt>
   <trkpt lat="53.687817" lon="22.437184"><ele>116.25</ele></trkpt>
   <trkpt lat="53.687683" lon="22.437287"><ele>116</ele></trkpt>
   <trkpt lat="53.687067" lon="22.437725"><ele>115.5</ele></trkpt>
   <trkpt lat="53.686482" lon="22.438127"><ele>116</ele></trkpt>
   <trkpt lat="53.68138" lon="22.441245"><ele>120</ele></trkpt>
   <trkpt lat="53.679408" lon="22.442476"><ele>124.25</ele></trkpt>
   <trkpt lat="53.676558" lon="22.444254"><ele>125.75</ele></trkpt>
   <trkpt lat="53.675647" lon="22.444755"><ele>125.75</ele></trkpt>
   <trkpt lat="53.675193" lon="22.444991"><ele>125.75</ele></trkpt>
   <trkpt lat="53.674735" lon="22.445154"><ele>126</ele></trkpt>
   <trkpt lat="53.674235" lon="22.445267"><ele>126.25</ele></trkpt>
   <trkpt lat="53.673741" lon="22.445314"><ele>125.25</ele></trkpt>
   <trkpt lat="53.673244" lon="22.445294"><ele>124.5</ele></trkpt>
   <trkpt lat="53.672745" lon="22.445224"><ele>125.5</ele></trkpt>
   <trkpt lat="53.672311" lon="22.445096"><ele>126</ele></trkpt>
   <trkpt lat="53.671872" lon="22.444933"><ele>125.75</ele></trkpt>
   <trkpt lat="53.671303" lon="22.444613"><ele>125.75</ele></trkpt>
   <trkpt lat="53.67077" lon="22.444292"><ele>125.25</ele></trkpt>
   <trkpt lat="53.667181" lon="22.442016"><ele>123.25</ele></trkpt>
   <trkpt lat="53.666804" lon="22.44181"><ele>123.75</ele></trkpt>
   <trkpt lat="53.666295" lon="22.441538"><ele>124</ele></trkpt>
   <trkpt lat="53.666043" lon="22.441415"><ele>124</ele></trkpt>
   <trkpt lat="53.665322" lon="22.441124"><ele>123.5</ele></trkpt>
   <trkpt lat="53.662357" lon="22.440123"><ele>120.25</ele></trkpt>
   <trkpt lat="53.661317" lon="22.439774"><ele>121.25</ele></trkpt>
   <trkpt lat="53.661075" lon="22.439704"><ele>121.25</ele></trkpt>
   <trkpt lat="53.660587" lon="22.439591"><ele>121</ele></trkpt>
   <trkpt lat="53.660332" lon="22.439558"><ele>120.75</ele></trkpt>
   <trkpt lat="53.660072" lon="22.439546"><ele>120.5</ele></trkpt>
   <trkpt lat="53.659938" lon="22.439545"><ele>120.5</ele></trkpt>
   <trkpt lat="53.659721" lon="22.43956"><ele>120.5</ele></trkpt>
   <trkpt lat="53.659515" lon="22.439585"><ele>120.25</ele></trkpt>
   <trkpt lat="53.659226" lon="22.439643"><ele>120.25</ele></trkpt>
   <trkpt lat="53.658969" lon="22.439721"><ele>120.25</ele></trkpt>
   <trkpt lat="53.658704" lon="22.439822"><ele>120.5</ele></trkpt>
   <trkpt lat="53.658465" lon="22.439935"><ele>120.75</ele></trkpt>
   <trkpt lat="53.658296" lon="22.440027"><ele>120.75</ele></trkpt>
   <trkpt lat="53.657975" lon="22.44023"><ele>120.5</ele></trkpt>
   <trkpt lat="53.657629" lon="22.440491"><ele>120.25</ele></trkpt>
   <trkpt lat="53.657349" lon="22.440743"><ele>119.75</ele></trkpt>
   <trkpt lat="53.656983" lon="22.441097"><ele>119.25</ele></trkpt>
   <trkpt lat="53.65648" lon="22.441605"><ele>119</ele></trkpt>
   <trkpt lat="53.656198" lon="22.44189"><ele>118.75</ele></trkpt>
   <trkpt lat="53.654485" lon="22.443637"><ele>120.75</ele></trkpt>
   <trkpt lat="53.653634" lon="22.444502"><ele>121.5</ele></trkpt>
   <trkpt lat="53.649316" lon="22.448899"><ele>122.75</ele></trkpt>
   <trkpt lat="53.649165" lon="22.449054"><ele>122.75</ele></trkpt>
   <trkpt lat="53.648248" lon="22.449953"><ele>121</ele></trkpt>
   <trkpt lat="53.647337" lon="22.450874"><ele>122</ele></trkpt>
   <trkpt lat="53.647135" lon="22.451085"><ele>122.25</ele></trkpt>
   <trkpt lat="53.647039" lon="22.451172"><ele>122.25</ele></trkpt>
   <trkpt lat="53.646688" lon="22.451458"><ele>122</ele></trkpt>
   <trkpt lat="53.646468" lon="22.451675"><ele>122</ele></trkpt>
   <trkpt lat="53.646148" lon="22.45208"><ele>123</ele></trkpt>
   <trkpt lat="53.646048" lon="22.452188"><ele>123.25</ele></trkpt>
   <trkpt lat="53.645963" lon="22.45228"><ele>123.5</ele></trkpt>
   <trkpt lat="53.645906" lon="22.452338"><ele>123.5</ele></trkpt>
   <trkpt lat="53.645848" lon="22.452394"><ele>123.75</ele></trkpt>
   <trkpt lat="53.644835" lon="22.453429"><ele>128.25</ele></trkpt>
   <trkpt lat="53.644431" lon="22.453858"><ele>129.25</ele></trkpt>
   <trkpt lat="53.644043" lon="22.45431"><ele>130</ele></trkpt>
   <trkpt lat="53.643796" lon="22.45463"><ele>130</ele></trkpt>
   <trkpt lat="53.643545" lon="22.454975"><ele>130</ele></trkpt>
   <trkpt lat="53.643097" lon="22.455671"><ele>130</ele></trkpt>
   <trkpt lat="53.642423" lon="22.456822"><ele>128</ele></trkpt>
   <trkpt lat="53.641184" lon="22.458993"><ele>128.5</ele></trkpt>
   <trkpt lat="53.641143" lon="22.459065"><ele>128.5</ele></trkpt>
   <trkpt lat="53.641106" lon="22.45913"><ele>128.5</ele></trkpt>
   <trkpt lat="53.63939" lon="22.462136"><ele>127.75</ele></trkpt>
   <trkpt lat="53.639197" lon="22.462474"><ele>127.75</ele></trkpt>
   <trkpt lat="53.638236" lon="22.464159"><ele>128</ele></trkpt>
   <trkpt lat="53.633155" lon="22.473064"><ele>126.25</ele></trkpt>
   <trkpt lat="53.630013" lon="22.478573"><ele>124.5</ele></trkpt>
   <trkpt lat="53.629829" lon="22.478897"><ele>124.25</ele></trkpt>
   <trkpt lat="53.629468" lon="22.479496"><ele>123.5</ele></trkpt>
   <trkpt lat="53.629102" lon="22.480051"><ele>123</ele></trkpt>
   <trkpt lat="53.628705" lon="22.48059"><ele>123.75</ele></trkpt>
   <trkpt lat="53.628458" lon="22.480899"><ele>123.5</ele></trkpt>
   <trkpt lat="53.628041" lon="22.481381"><ele>123</ele></trkpt>
   <trkpt lat="53.627447" lon="22.481972"><ele>122.75</ele></trkpt>
   <trkpt lat="53.627254" lon="22.482146"><ele>122.75</ele></trkpt>
   <trkpt lat="53.626881" lon="22.482452"><ele>122.25</ele></trkpt>
   <trkpt lat="53.626418" lon="22.482793"><ele>121.25</ele></trkpt>
   <trkpt lat="53.626026" lon="22.483074"><ele>121</ele></trkpt>
   <trkpt lat="53.620881" lon="22.486656"><ele>124.75</ele></trkpt>
   <trkpt lat="53.61979" lon="22.487455"><ele>128.25</ele></trkpt>
   <trkpt lat="53.619298" lon="22.48784"><ele>128.25</ele></trkpt>
   <trkpt lat="53.618834" lon="22.488252"><ele>127.5</ele></trkpt>
   <trkpt lat="53.618409" lon="22.488683"><ele>127</ele></trkpt>
   <trkpt lat="53.61822" lon="22.488909"><ele>127</ele></trkpt>
   <trkpt lat="53.617963" lon="22.489215"><ele>127.25</ele></trkpt>
   <trkpt lat="53.617557" lon="22.489749"><ele>126.5</ele></trkpt>
   <trkpt lat="53.617151" lon="22.490346"><ele>125</ele></trkpt>
   <trkpt lat="53.616816" lon="22.490874"><ele>124</ele></trkpt>
   <trkpt lat="53.61642" lon="22.491579"><ele>124.5</ele></trkpt>
   <trkpt lat="53.615775" lon="22.492988"><ele>125</ele></trkpt>
   <trkpt lat="53.613143" lon="22.499128"><ele>123.5</ele></trkpt>
   <trkpt lat="53.612827" lon="22.499884"><ele>121.5</ele></trkpt>
   <trkpt lat="53.612536" lon="22.500504"><ele>119</ele></trkpt>
   <trkpt lat="53.61225" lon="22.501068"><ele>118.5</ele></trkpt>
   <trkpt lat="53.611966" lon="22.501583"><ele>118.5</ele></trkpt>
   <trkpt lat="53.611641" lon="22.502133"><ele>120</ele></trkpt>
   <trkpt lat="53.611332" lon="22.502613"><ele>120.25</ele></trkpt>
   <trkpt lat="53.61101" lon="22.503069"><ele>119.5</ele></trkpt>
   <trkpt lat="53.610631" lon="22.503533"><ele>118.5</ele></trkpt>
   <trkpt lat="53.61019" lon="22.504013"><ele>117.5</ele></trkpt>
   <trkpt lat="53.609742" lon="22.504476"><ele>117.75</ele></trkpt>
   <trkpt lat="53.605128" lon="22.508868"><ele>115</ele></trkpt>
   <trkpt lat="53.598203" lon="22.515458"><ele>115.75</ele></trkpt>
   <trkpt lat="53.597322" lon="22.516317"><ele>115</ele></trkpt>
   <trkpt lat="53.596739" lon="22.516872"><ele>118.5</ele></trkpt>
   <trkpt lat="53.596312" lon="22.517231"><ele>119</ele></trkpt>
   <trkpt lat="53.595879" lon="22.51754"><ele>119</ele></trkpt>
   <trkpt lat="53.595119" lon="22.518"><ele>120.5</ele></trkpt>
   <trkpt lat="53.59124" lon="22.519732"><ele>126.5</ele></trkpt>
   <trkpt lat="53.5888" lon="22.520858"><ele>129.25</ele></trkpt>
   <trkpt lat="53.58011" lon="22.5248"><ele>130.5</ele></trkpt>
   <trkpt lat="53.57142" lon="22.528741"><ele>129.25</ele></trkpt>
   <trkpt lat="53.565656" lon="22.531354"><ele>129.5</ele></trkpt>
   <trkpt lat="53.563881" lon="22.532154"><ele>131.25</ele></trkpt>
   <trkpt lat="53.563575" lon="22.532233"><ele>131</ele></trkpt>
   <trkpt lat="53.563289" lon="22.532336"><ele>130.75</ele></trkpt>
   <trkpt lat="53.557204" lon="22.535063"><ele>125.75</ele></trkpt>
   <trkpt lat="53.556945" lon="22.535199"><ele>127</ele></trkpt>
   <trkpt lat="53.556588" lon="22.535445"><ele>128.75</ele></trkpt>
   <trkpt lat="53.554084" lon="22.53658"><ele>130</ele></trkpt>
   <trkpt lat="53.549095" lon="22.538841"><ele>129.5</ele></trkpt>
   <trkpt lat="53.545405" lon="22.54049"><ele>124</ele></trkpt>
   <trkpt lat="53.542059" lon="22.541984"><ele>115</ele></trkpt>
   <trkpt lat="53.536893" lon="22.544319"><ele>113</ele></trkpt>
   <trkpt lat="53.536721" lon="22.544405"><ele>112.75</ele></trkpt>
   <trkpt lat="53.536322" lon="22.544606"><ele>113</ele></trkpt>
   <trkpt lat="53.535698" lon="22.544948"><ele>112.75</ele></trkpt>
   <trkpt lat="53.535103" lon="22.545296"><ele>112</ele></trkpt>
   <trkpt lat="53.534531" lon="22.545664"><ele>112</ele></trkpt>
   <trkpt lat="53.53397" lon="22.546084"><ele>112.25</ele></trkpt>
   <trkpt lat="53.533378" lon="22.546552"><ele>112.75</ele></trkpt>
   <trkpt lat="53.530151" lon="22.549349"><ele>113.25</ele></trkpt>
   <trkpt lat="53.528575" lon="22.55072"><ele>113</ele></trkpt>
   <trkpt lat="53.526978" lon="22.55211"><ele>114</ele></trkpt>
   <trkpt lat="53.520599" lon="22.557652"><ele>117.75</ele></trkpt>
   <trkpt lat="53.512624" lon="22.564579"><ele>116</ele></trkpt>
   <trkpt lat="53.508791" lon="22.567908"><ele>114.25</ele></trkpt>
   <trkpt lat="53.508334" lon="22.568337"><ele>113.75</ele></trkpt>
   <trkpt lat="53.507778" lon="22.56896"><ele>115.25</ele></trkpt>
   <trkpt lat="53.507507" lon="22.569288"><ele>116</ele></trkpt>
   <trkpt lat="53.507103" lon="22.569831"><ele>117.75</ele></trkpt>
   <trkpt lat="53.506729" lon="22.570414"><ele>118.75</ele></trkpt>
   <trkpt lat="53.506381" lon="22.571009"><ele>120</ele></trkpt>
   <trkpt lat="53.506031" lon="22.571672"><ele>120</ele></trkpt>
   <trkpt lat="53.505699" lon="22.572376"><ele>120.25</ele></trkpt>
   <trkpt lat="53.505395" lon="22.573149"><ele>119.75</ele></trkpt>
   <trkpt lat="53.505303" lon="22.573384"><ele>119.25</ele></trkpt>
   <trkpt lat="53.500782" lon="22.58608"><ele>120.5</ele></trkpt>
   <trkpt lat="53.496176" lon="22.599016"><ele>119.25</ele></trkpt>
   <trkpt lat="53.49157" lon="22.61195"><ele>112</ele></trkpt>
   <trkpt lat="53.491208" lon="22.612966"><ele>110.75</ele></trkpt>
   <trkpt lat="53.486956" lon="22.624875"><ele>106</ele></trkpt>
   <trkpt lat="53.486469" lon="22.626238"><ele>106.25</ele></trkpt>
   <trkpt lat="53.486419" lon="22.62637"><ele>106.5</ele></trkpt>
   <trkpt lat="53.486315" lon="22.626672"><ele>107</ele></trkpt>
   <trkpt lat="53.482524" lon="22.637385"><ele>107.25</ele></trkpt>
   <trkpt lat="53.48232" lon="22.637962"><ele>107.25</ele></trkpt>
   <trkpt lat="53.482233" lon="22.638209"><ele>107.5</ele></trkpt>
   <trkpt lat="53.480575" lon="22.642795"><ele>107.5</ele></trkpt>
   <trkpt lat="53.480118" lon="22.644074"><ele>109.75</ele></trkpt>
   <trkpt lat="53.479665" lon="22.64517"><ele>113</ele></trkpt>
   <trkpt lat="53.479331" lon="22.645895"><ele>113.75</ele></trkpt>
   <trkpt lat="53.478995" lon="22.646591"><ele>113</ele></trkpt>
   <trkpt lat="53.478635" lon="22.64727"><ele>113.5</ele></trkpt>
   <trkpt lat="53.478263" lon="22.647946"><ele>113</ele></trkpt>
   <trkpt lat="53.477783" lon="22.648738"><ele>114.5</ele></trkpt>
   <trkpt lat="53.477311" lon="22.649527"><ele>114.5</ele></trkpt>
   <trkpt lat="53.477114" lon="22.649854"><ele>114</ele></trkpt>
   <trkpt lat="53.472058" lon="22.658231"><ele>112.5</ele></trkpt>
   <trkpt lat="53.47105" lon="22.6599"><ele>114.75</ele></trkpt>
   <trkpt lat="53.470809" lon="22.660286"><ele>115</ele></trkpt>
   <trkpt lat="53.470684" lon="22.660493"><ele>115.25</ele></trkpt>
   <trkpt lat="53.469846" lon="22.661871"><ele>115.5</ele></trkpt>
   <trkpt lat="53.467753" lon="22.665338"><ele>111.5</ele></trkpt>
   <trkpt lat="53.467534" lon="22.665716"><ele>111</ele></trkpt>
   <trkpt lat="53.467329" lon="22.666102"><ele>111.5</ele></trkpt>
   <trkpt lat="53.466943" lon="22.666875"><ele>112</ele></trkpt>
   <trkpt lat="53.466721" lon="22.667344"><ele>112</ele></trkpt>
   <trkpt lat="53.466519" lon="22.667801"><ele>111.75</ele></trkpt>
   <trkpt lat="53.466239" lon="22.668478"><ele>112.25</ele></trkpt>
   <trkpt lat="53.465922" lon="22.669305"><ele>113.25</ele></trkpt>
   <trkpt lat="53.465617" lon="22.670204"><ele>112.75</ele></trkpt>
   <trkpt lat="53.46532" lon="22.671128"><ele>112.25</ele></trkpt>
   <trkpt lat="53.46504" lon="22.67206"><ele>112</ele></trkpt>
   <trkpt lat="53.46478" lon="22.673047"><ele>111.75</ele></trkpt>
   <trkpt lat="53.46454" lon="22.674106"><ele>110.75</ele></trkpt>
   <trkpt lat="53.464345" lon="22.67509"><ele>111</ele></trkpt>
   <trkpt lat="53.46417" lon="22.676097"><ele>110.5</ele></trkpt>
   <trkpt lat="53.46259" lon="22.686537"><ele>115.25</ele></trkpt>
   <trkpt lat="53.462472" lon="22.687366"><ele>117</ele></trkpt>
   <trkpt lat="53.462344" lon="22.688316"><ele>118.5</ele></trkpt>
   <trkpt lat="53.462226" lon="22.689417"><ele>119.5</ele></trkpt>
   <trkpt lat="53.461255" lon="22.699904"><ele>124.25</ele></trkpt>
   <trkpt lat="53.461145" lon="22.700937"><ele>125</ele></trkpt>
   <trkpt lat="53.461093" lon="22.70135"><ele>125.5</ele></trkpt>
   <trkpt lat="53.461016" lon="22.701966"><ele>126</ele></trkpt>
   <trkpt lat="53.459823" lon="22.710227"><ele>130.5</ele></trkpt>
   <trkpt lat="53.459682" lon="22.711326"><ele>131.5</ele></trkpt>
   <trkpt lat="53.459596" lon="22.71231"><ele>131.5</ele></trkpt>
   <trkpt lat="53.459536" lon="22.71337"><ele>131.25</ele></trkpt>
   <trkpt lat="53.459513" lon="22.714414"><ele>132.25</ele></trkpt>
   <trkpt lat="53.459507" lon="22.715131"><ele>133</ele></trkpt>
   <trkpt lat="53.459499" lon="22.716086"><ele>133</ele></trkpt>
   <trkpt lat="53.45938" lon="22.731201"><ele>135.25</ele></trkpt>
   <trkpt lat="53.459357" lon="22.734147"><ele>135</ele></trkpt>
   <trkpt lat="53.459336" lon="22.734875"><ele>136</ele></trkpt>
   <trkpt lat="53.459292" lon="22.735619"><ele>136</ele></trkpt>
   <trkpt lat="53.459237" lon="22.736175"><ele>136.25</ele></trkpt>
   <trkpt lat="53.459175" lon="22.736643"><ele>136.75</ele></trkpt>
   <trkpt lat="53.459114" lon="22.737051"><ele>136.75</ele></trkpt>
   <trkpt lat="53.458982" lon="22.737784"><ele>136.5</ele></trkpt>
   <trkpt lat="53.45884" lon="22.73846"><ele>136</ele></trkpt>
   <trkpt lat="53.45866" lon="22.739139"><ele>136.5</ele></trkpt>
   <trkpt lat="53.458464" lon="22.739803"><ele>137.5</ele></trkpt>
   <trkpt lat="53.458241" lon="22.740443"><ele>138</ele></trkpt>
   <trkpt lat="53.457847" lon="22.741389"><ele>138.5</ele></trkpt>
   <trkpt lat="53.457559" lon="22.741996"><ele>139.25</ele></trkpt>
   <trkpt lat="53.457243" lon="22.74258"><ele>139.75</ele></trkpt>
   <trkpt lat="53.456894" lon="22.743182"><ele>140.25</ele></trkpt>
   <trkpt lat="53.456067" lon="22.744535"><ele>141.25</ele></trkpt>
   <trkpt lat="53.455191" lon="22.745969"><ele>139.25</ele></trkpt>
   <trkpt lat="53.454864" lon="22.746472"><ele>139.75</ele></trkpt>
   <trkpt lat="53.454508" lon="22.746946"><ele>140</ele></trkpt>
   <trkpt lat="53.454145" lon="22.747385"><ele>140</ele></trkpt>
   <trkpt lat="53.453761" lon="22.747782"><ele>140.75</ele></trkpt>
   <trkpt lat="53.45337" lon="22.748153"><ele>141.5</ele></trkpt>
   <trkpt lat="53.452958" lon="22.748473"><ele>142.25</ele></trkpt>
   <trkpt lat="53.452528" lon="22.748746"><ele>142.75</ele></trkpt>
   <trkpt lat="53.452104" lon="22.748987"><ele>143.25</ele></trkpt>
   <trkpt lat="53.451676" lon="22.749178"><ele>143.75</ele></trkpt>
   <trkpt lat="53.451234" lon="22.74934"><ele>144.25</ele></trkpt>
   <trkpt lat="53.44801" lon="22.750247"><ele>147.5</ele></trkpt>
   <trkpt lat="53.445556" lon="22.750937"><ele>153.5</ele></trkpt>
   <trkpt lat="53.442165" lon="22.751925"><ele>160.25</ele></trkpt>
   <trkpt lat="53.441766" lon="22.752073"><ele>159.75</ele></trkpt>
   <trkpt lat="53.441386" lon="22.75224"><ele>159.5</ele></trkpt>
   <trkpt lat="53.441001" lon="22.752475"><ele>159.75</ele></trkpt>
   <trkpt lat="53.440639" lon="22.752741"><ele>160.5</ele></trkpt>
   <trkpt lat="53.440295" lon="22.753041"><ele>160.75</ele></trkpt>
   <trkpt lat="53.439958" lon="22.753405"><ele>160.5</ele></trkpt>
   <trkpt lat="53.439641" lon="22.753782"><ele>158.5</ele></trkpt>
   <trkpt lat="53.439433" lon="22.754077"><ele>157</ele></trkpt>
   <trkpt lat="53.439335" lon="22.754215"><ele>156.25</ele></trkpt>
   <trkpt lat="53.439083" lon="22.754604"><ele>155.25</ele></trkpt>
   <trkpt lat="53.438858" lon="22.755037"><ele>156</ele></trkpt>
   <trkpt lat="53.438607" lon="22.755548"><ele>156.5</ele></trkpt>
   <trkpt lat="53.438382" lon="22.756077"><ele>156.25</ele></trkpt>
   <trkpt lat="53.438184" lon="22.756649"><ele>157</ele></trkpt>
   <trkpt lat="53.437999" lon="22.757222"><ele>157.75</ele></trkpt>
   <trkpt lat="53.43782" lon="22.75794"><ele>158.5</ele></trkpt>
   <trkpt lat="53.437667" lon="22.758603"><ele>159.25</ele></trkpt>
   <trkpt lat="53.437041" lon="22.761379"><ele>161</ele></trkpt>
   <trkpt lat="53.436873" lon="22.762075"><ele>161.5</ele></trkpt>
   <trkpt lat="53.436713" lon="22.762676"><ele>162.25</ele></trkpt>
   <trkpt lat="53.436523" lon="22.763266"><ele>163.5</ele></trkpt>
   <trkpt lat="53.436307" lon="22.763832"><ele>163</ele></trkpt>
   <trkpt lat="53.436076" lon="22.764354"><ele>162.5</ele></trkpt>
   <trkpt lat="53.435818" lon="22.764873"><ele>162</ele></trkpt>
   <trkpt lat="53.435545" lon="22.765339"><ele>162.75</ele></trkpt>
   <trkpt lat="53.435246" lon="22.765793"><ele>163.5</ele></trkpt>
   <trkpt lat="53.434903" lon="22.766267"><ele>165</ele></trkpt>
   <trkpt lat="53.434689" lon="22.766545"><ele>166</ele></trkpt>
   <trkpt lat="53.427592" lon="22.775764"><ele>166.75</ele></trkpt>
   <trkpt lat="53.427419" lon="22.775989"><ele>166.75</ele></trkpt>
   <trkpt lat="53.426952" lon="22.776548"><ele>166.75</ele></trkpt>
   <trkpt lat="53.426471" lon="22.777076"><ele>166.75</ele></trkpt>
   <trkpt lat="53.425968" lon="22.77758"><ele>167.5</ele></trkpt>
   <trkpt lat="53.424054" lon="22.779395"><ele>170.5</ele></trkpt>
   <trkpt lat="53.422136" lon="22.781231"><ele>172</ele></trkpt>
   <trkpt lat="53.419857" lon="22.783397"><ele>169.25</ele></trkpt>
   <trkpt lat="53.413113" lon="22.789808"><ele>175.75</ele></trkpt>
   <trkpt lat="53.412676" lon="22.790172"><ele>176.75</ele></trkpt>
   <trkpt lat="53.412232" lon="22.790484"><ele>176</ele></trkpt>
   <trkpt lat="53.411985" lon="22.790635"><ele>175</ele></trkpt>
   <trkpt lat="53.4118" lon="22.790748"><ele>174.25</ele></trkpt>
   <trkpt lat="53.411319" lon="22.791002"><ele>173.5</ele></trkpt>
   <trkpt lat="53.410484" lon="22.791399"><ele>172.5</ele></trkpt>
   <trkpt lat="53.406611" lon="22.793232"><ele>172</ele></trkpt>
   <trkpt lat="53.406157" lon="22.793475"><ele>172.5</ele></trkpt>
   <trkpt lat="53.405731" lon="22.793731"><ele>172.5</ele></trkpt>
   <trkpt lat="53.405521" lon="22.79387"><ele>172.5</ele></trkpt>
   <trkpt lat="53.405292" lon="22.794049"><ele>172.75</ele></trkpt>
   <trkpt lat="53.404711" lon="22.794537"><ele>172.25</ele></trkpt>
   <trkpt lat="53.404663" lon="22.794576"><ele>172.25</ele></trkpt>
   <trkpt lat="53.404611" lon="22.794626"><ele>172.25</ele></trkpt>
   <trkpt lat="53.404277" lon="22.794951"><ele>171.75</ele></trkpt>
   <trkpt lat="53.403548" lon="22.795662"><ele>171.25</ele></trkpt>
   <trkpt lat="53.403281" lon="22.795923"><ele>171</ele></trkpt>
   <trkpt lat="53.403057" lon="22.796198"><ele>171.25</ele></trkpt>
   <trkpt lat="53.402902" lon="22.796362"><ele>171.5</ele></trkpt>
   <trkpt lat="53.401828" lon="22.797418"><ele>172</ele></trkpt>
   <trkpt lat="53.397332" lon="22.801744"><ele>169.75</ele></trkpt>
   <trkpt lat="53.39687" lon="22.80209"><ele>169</ele></trkpt>
   <trkpt lat="53.396335" lon="22.802596"><ele>168.75</ele></trkpt>
   <trkpt lat="53.396103" lon="22.802818"><ele>168.5</ele></trkpt>
   <trkpt lat="53.395745" lon="22.803158"><ele>168</ele></trkpt>
   <trkpt lat="53.395382" lon="22.803499"><ele>167.75</ele></trkpt>
   <trkpt lat="53.394831" lon="22.80395"><ele>167</ele></trkpt>
   <trkpt lat="53.394272" lon="22.804361"><ele>165.75</ele></trkpt>
   <trkpt lat="53.393711" lon="22.804743"><ele>164.75</ele></trkpt>
   <trkpt lat="53.389025" lon="22.807617"><ele>162</ele></trkpt>
   <trkpt lat="53.3874" lon="22.808608"><ele>162</ele></trkpt>
   <trkpt lat="53.384221" lon="22.810548"><ele>162</ele></trkpt>
   <trkpt lat="53.37976" lon="22.813266"><ele>160</ele></trkpt>
   <trkpt lat="53.37925" lon="22.813591"><ele>160</ele></trkpt>
   <trkpt lat="53.378938" lon="22.813815"><ele>160</ele></trkpt>
   <trkpt lat="53.37861" lon="22.814063"><ele>160</ele></trkpt>
   <trkpt lat="53.377885" lon="22.814726"><ele>158.75</ele></trkpt>
   <trkpt lat="53.375764" lon="22.816969"><ele>156.75</ele></trkpt>
   <trkpt lat="53.375307" lon="22.817435"><ele>156.75</ele></trkpt>
   <trkpt lat="53.374885" lon="22.817832"><ele>157</ele></trkpt>
   <trkpt lat="53.374476" lon="22.818161"><ele>155.5</ele></trkpt>
   <trkpt lat="53.374027" lon="22.818465"><ele>153.25</ele></trkpt>
   <trkpt lat="53.37358" lon="22.818721"><ele>151.75</ele></trkpt>
   <trkpt lat="53.373112" lon="22.818937"><ele>150.5</ele></trkpt>
   <trkpt lat="53.370764" lon="22.819769"><ele>152.25</ele></trkpt>
   <trkpt lat="53.366059" lon="22.821435"><ele>147.25</ele></trkpt>
   <trkpt lat="53.362001" lon="22.822864"><ele>143.5</ele></trkpt>
   <trkpt lat="53.358509" lon="22.824093"><ele>140.5</ele></trkpt>
   <trkpt lat="53.357314" lon="22.824511"><ele>137</ele></trkpt>
   <trkpt lat="53.356835" lon="22.824707"><ele>136.5</ele></trkpt>
   <trkpt lat="53.356455" lon="22.824915"><ele>136.25</ele></trkpt>
   <trkpt lat="53.35609" lon="22.825165"><ele>136.5</ele></trkpt>
   <trkpt lat="53.35574" lon="22.825457"><ele>137</ele></trkpt>
   <trkpt lat="53.355395" lon="22.825796"><ele>137.5</ele></trkpt>
   <trkpt lat="53.35506" lon="22.826186"><ele>137.5</ele></trkpt>
   <trkpt lat="53.354686" lon="22.826682"><ele>138.25</ele></trkpt>
   <trkpt lat="53.354265" lon="22.827307"><ele>139.75</ele></trkpt>
   <trkpt lat="53.353915" lon="22.827874"><ele>139.5</ele></trkpt>
   <trkpt lat="53.353824" lon="22.828037"><ele>139.5</ele></trkpt>
   <trkpt lat="53.353631" lon="22.828381"><ele>139</ele></trkpt>
   <trkpt lat="53.353368" lon="22.828911"><ele>137.75</ele></trkpt>
   <trkpt lat="53.353121" lon="22.82948"><ele>135.75</ele></trkpt>
   <trkpt lat="53.352904" lon="22.830045"><ele>133.25</ele></trkpt>
   <trkpt lat="53.352721" lon="22.830651"><ele>132.75</ele></trkpt>
   <trkpt lat="53.352531" lon="22.831332"><ele>131.75</ele></trkpt>
   <trkpt lat="53.352281" lon="22.832315"><ele>132</ele></trkpt>
   <trkpt lat="53.350099" lon="22.841092"><ele>133.5</ele></trkpt>
   <trkpt lat="53.349985" lon="22.841519"><ele>132.5</ele></trkpt>
   <trkpt lat="53.349879" lon="22.841919"><ele>132.25</ele></trkpt>
   <trkpt lat="53.349678" lon="22.842622"><ele>133</ele></trkpt>
   <trkpt lat="53.349516" lon="22.843102"><ele>133.5</ele></trkpt>
   <trkpt lat="53.349303" lon="22.843656"><ele>133.75</ele></trkpt>
   <trkpt lat="53.349057" lon="22.844195"><ele>134</ele></trkpt>
   <trkpt lat="53.3488" lon="22.844677"><ele>134.5</ele></trkpt>
   <trkpt lat="53.348517" lon="22.845141"><ele>135</ele></trkpt>
   <trkpt lat="53.34821" lon="22.845566"><ele>136.5</ele></trkpt>
   <trkpt lat="53.347888" lon="22.845981"><ele>137.5</ele></trkpt>
   <trkpt lat="53.346908" lon="22.84698"><ele>132.75</ele></trkpt>
   <trkpt lat="53.346413" lon="22.847456"><ele>129.5</ele></trkpt>
   <trkpt lat="53.346056" lon="22.847758"><ele>128.75</ele></trkpt>
   <trkpt lat="53.345691" lon="22.848027"><ele>128.25</ele></trkpt>
   <trkpt lat="53.345294" lon="22.848254"><ele>127</ele></trkpt>
   <trkpt lat="53.344929" lon="22.848441"><ele>126.25</ele></trkpt>
   <trkpt lat="53.344535" lon="22.848566"><ele>125.75</ele></trkpt>
   <trkpt lat="53.34413" lon="22.848655"><ele>125.25</ele></trkpt>
   <trkpt lat="53.343788" lon="22.84868"><ele>125</ele></trkpt>
   <trkpt lat="53.343344" lon="22.848684"><ele>124.25</ele></trkpt>
   <trkpt lat="53.342685" lon="22.848636"><ele>124</ele></trkpt>
   <trkpt lat="53.336746" lon="22.848117"><ele>117.5</ele></trkpt>
   <trkpt lat="53.336589" lon="22.848103"><ele>117.5</ele></trkpt>
   <trkpt lat="53.333713" lon="22.847858"><ele>118.5</ele></trkpt>
   <trkpt lat="53.332725" lon="22.847769"><ele>121.25</ele></trkpt>
   <trkpt lat="53.332187" lon="22.847699"><ele>123</ele></trkpt>
   <trkpt lat="53.331595" lon="22.847584"><ele>124.75</ele></trkpt>
   <trkpt lat="53.330421" lon="22.847312"><ele>123.5</ele></trkpt>
   <trkpt lat="53.329956" lon="22.847244"><ele>123</ele></trkpt>
   <trkpt lat="53.329488" lon="22.847217"><ele>122.75</ele></trkpt>
   <trkpt lat="53.329004" lon="22.84724"><ele>122.25</ele></trkpt>
   <trkpt lat="53.328532" lon="22.847313"><ele>122</ele></trkpt>
   <trkpt lat="53.328071" lon="22.847436"><ele>122.5</ele></trkpt>
   <trkpt lat="53.327598" lon="22.847606"><ele>123.75</ele></trkpt>
   <trkpt lat="53.324848" lon="22.848697"><ele>125</ele></trkpt>
   <trkpt lat="53.323459" lon="22.849248"><ele>130.25</ele></trkpt>
   <trkpt lat="53.321248" lon="22.850109"><ele>130.25</ele></trkpt>
   <trkpt lat="53.320226" lon="22.850522"><ele>134</ele></trkpt>
   <trkpt lat="53.319727" lon="22.850744"><ele>135</ele></trkpt>
   <trkpt lat="53.319251" lon="22.851001"><ele>134.25</ele></trkpt>
   <trkpt lat="53.318757" lon="22.851317"><ele>134</ele></trkpt>
   <trkpt lat="53.318306" lon="22.851658"><ele>133</ele></trkpt>
   <trkpt lat="53.317847" lon="22.852045"><ele>134.75</ele></trkpt>
   <trkpt lat="53.317369" lon="22.852507"><ele>135.5</ele></trkpt>
   <trkpt lat="53.316397" lon="22.853473"><ele>132.25</ele></trkpt>
   <trkpt lat="53.313136" lon="22.856703"><ele>137.5</ele></trkpt>
   <trkpt lat="53.312487" lon="22.857283"><ele>135.75</ele></trkpt>
   <trkpt lat="53.311542" lon="22.858015"><ele>133.25</ele></trkpt>
   <trkpt lat="53.308442" lon="22.860474"><ele>127.5</ele></trkpt>
   <trkpt lat="53.307157" lon="22.86148"><ele>127.5</ele></trkpt>
   <trkpt lat="53.305728" lon="22.862635"><ele>128</ele></trkpt>
   <trkpt lat="53.305259" lon="22.863074"><ele>128.25</ele></trkpt>
   <trkpt lat="53.304813" lon="22.863554"><ele>129.25</ele></trkpt>
   <trkpt lat="53.304528" lon="22.863884"><ele>129.75</ele></trkpt>
   <trkpt lat="53.304199" lon="22.8643"><ele>130</ele></trkpt>
   <trkpt lat="53.303489" lon="22.865338"><ele>130</ele></trkpt>
   <trkpt lat="53.301247" lon="22.86918"><ele>124.75</ele></trkpt>
   <trkpt lat="53.299163" lon="22.872778"><ele>121.25</ele></trkpt>
   <trkpt lat="53.295014" lon="22.879926"><ele>116</ele></trkpt>
   <trkpt lat="53.292037" lon="22.88506"><ele>117.25</ele></trkpt>
   <trkpt lat="53.289662" lon="22.889139"><ele>112.5</ele></trkpt>
   <trkpt lat="53.28925" lon="22.889798"><ele>111.25</ele></trkpt>
   <trkpt lat="53.28871" lon="22.890576"><ele>111</ele></trkpt>
   <trkpt lat="53.288409" lon="22.891002"><ele>110.75</ele></trkpt>
   <trkpt lat="53.287983" lon="22.891563"><ele>110.5</ele></trkpt>
   <trkpt lat="53.287479" lon="22.892205"><ele>110</ele></trkpt>
   <trkpt lat="53.286171" lon="22.893941"><ele>110.5</ele></trkpt>
   <trkpt lat="53.285991" lon="22.894179"><ele>109.75</ele></trkpt>
   <trkpt lat="53.285896" lon="22.894306"><ele>109.25</ele></trkpt>
   <trkpt lat="53.285783" lon="22.894456"><ele>109.25</ele></trkpt>
   <trkpt lat="53.285491" lon="22.894853"><ele>110.25</ele></trkpt>
   <trkpt lat="53.285266" lon="22.895097"><ele>110.5</ele></trkpt>
   <trkpt lat="53.285005" lon="22.89539"><ele>110.75</ele></trkpt>
   <trkpt lat="53.284757" lon="22.895684"><ele>111.25</ele></trkpt>
   <trkpt lat="53.284553" lon="22.895942"><ele>111.5</ele></trkpt>
   <trkpt lat="53.280765" lon="22.901066"><ele>110</ele></trkpt>
   <trkpt lat="53.280544" lon="22.901384"><ele>110.25</ele></trkpt>
   <trkpt lat="53.280257" lon="22.901865"><ele>110</ele></trkpt>
   <trkpt lat="53.279968" lon="22.902321"><ele>110</ele></trkpt>
   <trkpt lat="53.279214" lon="22.903367"><ele>111.75</ele></trkpt>
   <trkpt lat="53.278121" lon="22.904828"><ele>112.75</ele></trkpt>
   <trkpt lat="53.277715" lon="22.905324"><ele>113.5</ele></trkpt>
   <trkpt lat="53.277305" lon="22.905787"><ele>113.75</ele></trkpt>
   <trkpt lat="53.276799" lon="22.906336"><ele>113</ele></trkpt>
   <trkpt lat="53.274601" lon="22.908623"><ele>114.75</ele></trkpt>
   <trkpt lat="53.274452" lon="22.90878"><ele>114.75</ele></trkpt>
   <trkpt lat="53.26907" lon="22.914478"><ele>115.25</ele></trkpt>
   <trkpt lat="53.266868" lon="22.916782"><ele>112.75</ele></trkpt>
   <trkpt lat="53.259259" lon="22.924745"><ele>110.75</ele></trkpt>
   <trkpt lat="53.258288" lon="22.925761"><ele>113</ele></trkpt>
   <trkpt lat="53.257941" lon="22.926085"><ele>113.25</ele></trkpt>
   <trkpt lat="53.257623" lon="22.926355"><ele>113.75</ele></trkpt>
   <trkpt lat="53.257244" lon="22.926622"><ele>114.25</ele></trkpt>
   <trkpt lat="53.256824" lon="22.926873"><ele>114.75</ele></trkpt>
   <trkpt lat="53.256416" lon="22.927067"><ele>115</ele></trkpt>
   <trkpt lat="53.256073" lon="22.927166"><ele>115</ele></trkpt>
   <trkpt lat="53.255754" lon="22.927241"><ele>114.75</ele></trkpt>
   <trkpt lat="53.255443" lon="22.927274"><ele>114.75</ele></trkpt>
   <trkpt lat="53.255167" lon="22.927285"><ele>114.75</ele></trkpt>
   <trkpt lat="53.254576" lon="22.927248"><ele>114.5</ele></trkpt>
   <trkpt lat="53.25422" lon="22.927157"><ele>114.5</ele></trkpt>
   <trkpt lat="53.25377" lon="22.926981"><ele>115</ele></trkpt>
   <trkpt lat="53.253274" lon="22.926749"><ele>116</ele></trkpt>
   <trkpt lat="53.250675" lon="22.925266"><ele>116.5</ele></trkpt>
   <trkpt lat="53.250621" lon="22.925235"><ele>116.5</ele></trkpt>
   <trkpt lat="53.249865" lon="22.924806"><ele>115.75</ele></trkpt>
   <trkpt lat="53.249082" lon="22.924393"><ele>115</ele></trkpt>
   <trkpt lat="53.248442" lon="22.924137"><ele>113.25</ele></trkpt>
   <trkpt lat="53.248006" lon="22.924021"><ele>112.75</ele></trkpt>
   <trkpt lat="53.247637" lon="22.923952"><ele>112.75</ele></trkpt>
   <trkpt lat="53.247152" lon="22.92391"><ele>112.25</ele></trkpt>
   <trkpt lat="53.246846" lon="22.923904"><ele>112</ele></trkpt>
   <trkpt lat="53.24299" lon="22.924061"><ele>112.5</ele></trkpt>
   <trkpt lat="53.242461" lon="22.924071"><ele>112</ele></trkpt>
   <trkpt lat="53.241902" lon="22.924113"><ele>111.25</ele></trkpt>
   <trkpt lat="53.241338" lon="22.924166"><ele>111</ele></trkpt>
   <trkpt lat="53.240787" lon="22.924239"><ele>111</ele></trkpt>
   <trkpt lat="53.239366" lon="22.924532"><ele>111.5</ele></trkpt>
   <trkpt lat="53.235149" lon="22.925448"><ele>109</ele></trkpt>
   <trkpt lat="53.234621" lon="22.925592"><ele>108.5</ele></trkpt>
   <trkpt lat="53.234342" lon="22.925683"><ele>108</ele></trkpt>
   <trkpt lat="53.234063" lon="22.925796"><ele>108</ele></trkpt>
   <trkpt lat="53.233652" lon="22.926001"><ele>108.5</ele></trkpt>
   <trkpt lat="53.23308" lon="22.926372"><ele>108.25</ele></trkpt>
   <trkpt lat="53.23267" lon="22.926647"><ele>108.75</ele></trkpt>
   <trkpt lat="53.228691" lon="22.929728"><ele>111</ele></trkpt>
   <trkpt lat="53.22803" lon="22.930218"><ele>112.75</ele></trkpt>
   <trkpt lat="53.227368" lon="22.930782"><ele>112</ele></trkpt>
   <trkpt lat="53.22671" lon="22.931504"><ele>111</ele></trkpt>
   <trkpt lat="53.226104" lon="22.932233"><ele>110.75</ele></trkpt>
   <trkpt lat="53.225192" lon="22.933397"><ele>109</ele></trkpt>
   <trkpt lat="53.224299" lon="22.934518"><ele>108.5</ele></trkpt>
   <trkpt lat="53.223714" lon="22.935332"><ele>111.25</ele></trkpt>
   <trkpt lat="53.222974" lon="22.936587"><ele>114</ele></trkpt>
   <trkpt lat="53.219057" lon="22.943081"><ele>109.75</ele></trkpt>
   <trkpt lat="53.218686" lon="22.943697"><ele>110.25</ele></trkpt>
   <trkpt lat="53.215131" lon="22.949605"><ele>116.25</ele></trkpt>
   <trkpt lat="53.212318" lon="22.954266"><ele>118</ele></trkpt>
   <trkpt lat="53.20977" lon="22.958488"><ele>119</ele></trkpt>
   <trkpt lat="53.207086" lon="22.962974"><ele>122.5</ele></trkpt>
   <trkpt lat="53.206735" lon="22.9636"><ele>120.75</ele></trkpt>
   <trkpt lat="53.206454" lon="22.964164"><ele>119.25</ele></trkpt>
   <trkpt lat="53.20608" lon="22.96503"><ele>116.75</ele></trkpt>
   <trkpt lat="53.205802" lon="22.965712"><ele>115</ele></trkpt>
   <trkpt lat="53.204908" lon="22.967962"><ele>112.5</ele></trkpt>
   <trkpt lat="53.204582" lon="22.968802"><ele>113.25</ele></trkpt>
   <trkpt lat="53.204397" lon="22.969337"><ele>113.5</ele></trkpt>
   <trkpt lat="53.20423" lon="22.96987"><ele>113</ele></trkpt>
   <trkpt lat="53.204047" lon="22.970521"><ele>112.75</ele></trkpt>
   <trkpt lat="53.203903" lon="22.971133"><ele>112.5</ele></trkpt>
   <trkpt lat="53.203372" lon="22.973808"><ele>113</ele></trkpt>
   <trkpt lat="53.202734" lon="22.977178"><ele>115</ele></trkpt>
   <trkpt lat="53.202571" lon="22.97801"><ele>115.5</ele></trkpt>
   <trkpt lat="53.20245" lon="22.978592"><ele>116</ele></trkpt>
   <trkpt lat="53.202373" lon="22.978939"><ele>116</ele></trkpt>
   <trkpt lat="53.202277" lon="22.979291"><ele>116</ele></trkpt>
   <trkpt lat="53.20218" lon="22.979625"><ele>116</ele></trkpt>
   <trkpt lat="53.20196" lon="22.980324"><ele>116.5</ele></trkpt>
   <trkpt lat="53.199352" lon="22.988026"><ele>117</ele></trkpt>
   <trkpt lat="53.198113" lon="22.991677"><ele>112.25</ele></trkpt>
   <trkpt lat="53.197556" lon="22.993319"><ele>112</ele></trkpt>
   <trkpt lat="53.197491" lon="22.99351"><ele>112</ele></trkpt>
   <trkpt lat="53.197047" lon="22.994833"><ele>114</ele></trkpt>
   <trkpt lat="53.193597" lon="23.004981"><ele>112.25</ele></trkpt>
   <trkpt lat="53.192773" lon="23.007404"><ele>111.75</ele></trkpt>
   <trkpt lat="53.191834" lon="23.010153"><ele>116.5</ele></trkpt>
   <trkpt lat="53.19153" lon="23.010898"><ele>115.25</ele></trkpt>
   <trkpt lat="53.191161" lon="23.011641"><ele>113.75</ele></trkpt>
   <trkpt lat="53.190914" lon="23.012062"><ele>113</ele></trkpt>
   <trkpt lat="53.190631" lon="23.012462"><ele>112.5</ele></trkpt>
   <trkpt lat="53.189352" lon="23.014214"><ele>110</ele></trkpt>
   <trkpt lat="53.188052" lon="23.015859"><ele>110.75</ele></trkpt>
   <trkpt lat="53.187972" lon="23.015949"><ele>110.75</ele></trkpt>
   <trkpt lat="53.186912" lon="23.017148"><ele>111</ele></trkpt>
   <trkpt lat="53.186354" lon="23.017706"><ele>110.25</ele></trkpt>
   <trkpt lat="53.185768" lon="23.018251"><ele>110</ele></trkpt>
   <trkpt lat="53.185194" lon="23.01873"><ele>110</ele></trkpt>
   <trkpt lat="53.184552" lon="23.019222"><ele>109.75</ele></trkpt>
   <trkpt lat="53.183283" lon="23.020171"><ele>109.75</ele></trkpt>
   <trkpt lat="53.179922" lon="23.022518"><ele>110.75</ele></trkpt>
   <trkpt lat="53.179092" lon="23.023098"><ele>109.5</ele></trkpt>
   <trkpt lat="53.17862" lon="23.023445"><ele>111</ele></trkpt>
   <trkpt lat="53.177337" lon="23.024393"><ele>114</ele></trkpt>
   <trkpt lat="53.177006" lon="23.024678"><ele>113.75</ele></trkpt>
   <trkpt lat="53.176671" lon="23.025006"><ele>114</ele></trkpt>
   <trkpt lat="53.176034" lon="23.025706"><ele>114.75</ele></trkpt>
   <trkpt lat="53.175528" lon="23.026388"><ele>114.75</ele></trkpt>
   <trkpt lat="53.175328" lon="23.02667"><ele>115</ele></trkpt>
   <trkpt lat="53.174979" lon="23.027276"><ele>115.25</ele></trkpt>
   <trkpt lat="53.174607" lon="23.02799"><ele>115.25</ele></trkpt>
   <trkpt lat="53.174392" lon="23.028449"><ele>116</ele></trkpt>
   <trkpt lat="53.174183" lon="23.028928"><ele>116</ele></trkpt>
   <trkpt lat="53.173964" lon="23.029522"><ele>116.25</ele></trkpt>
   <trkpt lat="53.173756" lon="23.030122"><ele>116.75</ele></trkpt>
   <trkpt lat="53.17339" lon="23.031425"><ele>119.5</ele></trkpt>
   <trkpt lat="53.173299" lon="23.031807"><ele>120</ele></trkpt>
   <trkpt lat="53.173135" lon="23.032503"><ele>120.25</ele></trkpt>
   <trkpt lat="53.172921" lon="23.033681"><ele>119.25</ele></trkpt>
   <trkpt lat="53.17282" lon="23.034316"><ele>119</ele></trkpt>
   <trkpt lat="53.172674" lon="23.035588"><ele>118.25</ele></trkpt>
   <trkpt lat="53.172532" lon="23.037292"><ele>118.75</ele></trkpt>
   <trkpt lat="53.172373" lon="23.039995"><ele>118.75</ele></trkpt>
   <trkpt lat="53.172284" lon="23.04109"><ele>121.5</ele></trkpt>
   <trkpt lat="53.172142" lon="23.042199"><ele>123.25</ele></trkpt>
   <trkpt lat="53.172034" lon="23.042764"><ele>123.75</ele></trkpt>
   <trkpt lat="53.171916" lon="23.043246"><ele>124.5</ele></trkpt>
   <trkpt lat="53.171775" lon="23.043744"><ele>124.75</ele></trkpt>
   <trkpt lat="53.171655" lon="23.04413"><ele>125</ele></trkpt>
   <trkpt lat="53.17152" lon="23.044518"><ele>124.75</ele></trkpt>
   <trkpt lat="53.171365" lon="23.044915"><ele>124.5</ele></trkpt>
   <trkpt lat="53.171186" lon="23.045313"><ele>124.25</ele></trkpt>
   <trkpt lat="53.170874" lon="23.045953"><ele>123.5</ele></trkpt>
   <trkpt lat="53.170624" lon="23.046463"><ele>122.25</ele></trkpt>
   <trkpt lat="53.169302" lon="23.049168"><ele>122.5</ele></trkpt>
   <trkpt lat="53.16912" lon="23.049623"><ele>122.5</ele></trkpt>
   <trkpt lat="53.168982" lon="23.049995"><ele>122.25</ele></trkpt>
   <trkpt lat="53.168866" lon="23.050379"><ele>122.25</ele></trkpt>
   <trkpt lat="53.168756" lon="23.050795"><ele>122</ele></trkpt>
   <trkpt lat="53.168562" lon="23.051673"><ele>120.25</ele></trkpt>
   <trkpt lat="53.167548" lon="23.056473"><ele>124.5</ele></trkpt>
   <trkpt lat="53.166965" lon="23.059206"><ele>126.5</ele></trkpt>
   <trkpt lat="53.166875" lon="23.059598"><ele>126.25</ele></trkpt>
   <trkpt lat="53.1666" lon="23.060457"><ele>127.25</ele></trkpt>
   <trkpt lat="53.166287" lon="23.061218"><ele>129</ele></trkpt>
   <trkpt lat="53.16597" lon="23.061863"><ele>130.25</ele></trkpt>
   <trkpt lat="53.165641" lon="23.062433"><ele>131</ele></trkpt>
   <trkpt lat="53.165287" lon="23.062979"><ele>130</ele></trkpt>
   <trkpt lat="53.164922" lon="23.063446"><ele>128.5</ele></trkpt>
   <trkpt lat="53.164542" lon="23.063827"><ele>128</ele></trkpt>
   <trkpt lat="53.164134" lon="23.064205"><ele>127.75</ele></trkpt>
   <trkpt lat="53.163945" lon="23.064343"><ele>127</ele></trkpt>
   <trkpt lat="53.163732" lon="23.064495"><ele>126.5</ele></trkpt>
   <trkpt lat="53.16331" lon="23.064745"><ele>125.75</ele></trkpt>
   <trkpt lat="53.160698" lon="23.066168"><ele>133.5</ele></trkpt>
   <trkpt lat="53.159619" lon="23.066739"><ele>134.5</ele></trkpt>
   <trkpt lat="53.156648" lon="23.068311"><ele>133.75</ele></trkpt>
   <trkpt lat="53.155237" lon="23.069011"><ele>131</ele></trkpt>
   <trkpt lat="53.154358" lon="23.069469"><ele>129.75</ele></trkpt>
   <trkpt lat="53.153628" lon="23.069906"><ele>129</ele></trkpt>
   <trkpt lat="53.152411" lon="23.070733"><ele>131</ele></trkpt>
   <trkpt lat="53.151264" lon="23.07153"><ele>132</ele></trkpt>
   <trkpt lat="53.151134" lon="23.071619"><ele>132</ele></trkpt>
   <trkpt lat="53.14933" lon="23.072858"><ele>132.25</ele></trkpt>
   <trkpt lat="53.146009" lon="23.075132"><ele>134.5</ele></trkpt>
   <trkpt lat="53.145802" lon="23.075281"><ele>135</ele></trkpt>
   <trkpt lat="53.144168" lon="23.076419"><ele>135.5</ele></trkpt>
   <trkpt lat="53.143735" lon="23.076702"><ele>136</ele></trkpt>
   <trkpt lat="53.143301" lon="23.076926"><ele>135.75</ele></trkpt>
   <trkpt lat="53.142821" lon="23.077118"><ele>135</ele></trkpt>
   <trkpt lat="53.142417" lon="23.07724"><ele>134.5</ele></trkpt>
   <trkpt lat="53.141976" lon="23.077339"><ele>134.75</ele></trkpt>
   <trkpt lat="53.141687" lon="23.077377"><ele>134.75</ele></trkpt>
   <trkpt lat="53.141407" lon="23.077393"><ele>135</ele></trkpt>
   <trkpt lat="53.137108" lon="23.077321"><ele>138.25</ele></trkpt>
   <trkpt lat="53.136083" lon="23.077343"><ele>140.5</ele></trkpt>
   <trkpt lat="53.135838" lon="23.077363"><ele>141</ele></trkpt>
   <trkpt lat="53.135735" lon="23.077372"><ele>141</ele></trkpt>
   <trkpt lat="53.135005" lon="23.077489"><ele>141</ele></trkpt>
   <trkpt lat="53.134303" lon="23.077706"><ele>141.5</ele></trkpt>
   <trkpt lat="53.133862" lon="23.077861"><ele>142.5</ele></trkpt>
   <trkpt lat="53.133647" lon="23.077946"><ele>142.75</ele></trkpt>
   <trkpt lat="53.133168" lon="23.078165"><ele>142.75</ele></trkpt>
   <trkpt lat="53.132794" lon="23.07835"><ele>142</ele></trkpt>
   <trkpt lat="53.132421" lon="23.078555"><ele>141</ele></trkpt>
   <trkpt lat="53.131984" lon="23.078842"><ele>139.75</ele></trkpt>
   <trkpt lat="53.131074" lon="23.079485"><ele>138</ele></trkpt>
   <trkpt lat="53.130309" lon="23.080047"><ele>136.75</ele></trkpt>
   <trkpt lat="53.129381" lon="23.080724"><ele>139</ele></trkpt>
   <trkpt lat="53.129343" lon="23.080751"><ele>139.25</ele></trkpt>
   <trkpt lat="53.129295" lon="23.080786"><ele>139.25</ele></trkpt>
   <trkpt lat="53.129127" lon="23.080907"><ele>140</ele></trkpt>
   <trkpt lat="53.128894" lon="23.081037"><ele>139.75</ele></trkpt>
   <trkpt lat="53.128676" lon="23.081175"><ele>139.5</ele></trkpt>
   <trkpt lat="53.128457" lon="23.081318"><ele>139</ele></trkpt>
   <trkpt lat="53.128224" lon="23.081486"><ele>139</ele></trkpt>
   <trkpt lat="53.123181" lon="23.085181"><ele>142.5</ele></trkpt>
   <trkpt lat="53.122315" lon="23.085803"><ele>143.75</ele></trkpt>
   <trkpt lat="53.119905" lon="23.08758"><ele>143.5</ele></trkpt>
   <trkpt lat="53.119536" lon="23.087854"><ele>142.75</ele></trkpt>
   <trkpt lat="53.119158" lon="23.088207"><ele>142</ele></trkpt>
   <trkpt lat="53.118862" lon="23.08848"><ele>142.25</ele></trkpt>
   <trkpt lat="53.118667" lon="23.088677"><ele>142.5</ele></trkpt>
   <trkpt lat="53.118259" lon="23.089173"><ele>142.75</ele></trkpt>
   <trkpt lat="53.117738" lon="23.089703"><ele>141.75</ele></trkpt>
   <trkpt lat="53.117481" lon="23.089987"><ele>141</ele></trkpt>
   <trkpt lat="53.117242" lon="23.090286"><ele>141</ele></trkpt>
   <trkpt lat="53.117053" lon="23.090546"><ele>141</ele></trkpt>
   <trkpt lat="53.116862" lon="23.090824"><ele>141</ele></trkpt>
   <trkpt lat="53.116507" lon="23.091391"><ele>140.25</ele></trkpt>
   <trkpt lat="53.116142" lon="23.092044"><ele>140.25</ele></trkpt>
   <trkpt lat="53.115854" lon="23.092613"><ele>139.75</ele></trkpt>
   <trkpt lat="53.115683" lon="23.092974"><ele>139.5</ele></trkpt>
   <trkpt lat="53.115556" lon="23.093277"><ele>139.25</ele></trkpt>
   <trkpt lat="53.115398" lon="23.093691"><ele>139</ele></trkpt>
   <trkpt lat="53.115322" lon="23.093909"><ele>138.75</ele></trkpt>
   <trkpt lat="53.115212" lon="23.094256"><ele>138.5</ele></trkpt>
   <trkpt lat="53.11512" lon="23.094573"><ele>137.75</ele></trkpt>
   <trkpt lat="53.115027" lon="23.094937"><ele>137</ele></trkpt>
   <trkpt lat="53.114939" lon="23.095328"><ele>136.75</ele></trkpt>
   <trkpt lat="53.11488" lon="23.095636"><ele>136.5</ele></trkpt>
   <trkpt lat="53.114794" lon="23.096175"><ele>136.25</ele></trkpt>
   <trkpt lat="53.114739" lon="23.096622"><ele>135.75</ele></trkpt>
   <trkpt lat="53.114711" lon="23.096934"><ele>135.75</ele></trkpt>
   <trkpt lat="53.114689" lon="23.097267"><ele>135.75</ele></trkpt>
   <trkpt lat="53.114677" lon="23.097491"><ele>135.75</ele></trkpt>
   <trkpt lat="53.114667" lon="23.097887"><ele>135.25</ele></trkpt>
   <trkpt lat="53.114672" lon="23.098332"><ele>134.75</ele></trkpt>
   <trkpt lat="53.114674" lon="23.098495"><ele>134.75</ele></trkpt>
   <trkpt lat="53.114698" lon="23.098975"><ele>134.5</ele></trkpt>
   <trkpt lat="53.114746" lon="23.099513"><ele>134</ele></trkpt>
   <trkpt lat="53.114771" lon="23.099738"><ele>133.75</ele></trkpt>
   <trkpt lat="53.114826" lon="23.100129"><ele>133.25</ele></trkpt>
   <trkpt lat="53.114871" lon="23.100393"><ele>133.25</ele></trkpt>
   <trkpt lat="53.114953" lon="23.100805"><ele>133</ele></trkpt>
   <trkpt lat="53.115053" lon="23.101218"><ele>133.25</ele></trkpt>
   <trkpt lat="53.115145" lon="23.10155"><ele>133</ele></trkpt>
   <trkpt lat="53.115304" lon="23.102035"><ele>132.5</ele></trkpt>
   <trkpt lat="53.115483" lon="23.102496"><ele>132.25</ele></trkpt>
   <trkpt lat="53.115626" lon="23.102817"><ele>132</ele></trkpt>
   <trkpt lat="53.115717" lon="23.103006"><ele>131.75</ele></trkpt>
   <trkpt lat="53.115917" lon="23.103385"><ele>131.75</ele></trkpt>
   <trkpt lat="53.116159" lon="23.103819"><ele>131.5</ele></trkpt>
   <trkpt lat="53.116225" lon="23.103936"><ele>131.5</ele></trkpt>
   <trkpt lat="53.116851" lon="23.105057"><ele>132.25</ele></trkpt>
   <trkpt lat="53.117745" lon="23.106778"><ele>130.5</ele></trkpt>
   <trkpt lat="53.118029" lon="23.107307"><ele>130.25</ele></trkpt>
   <trkpt lat="53.118321" lon="23.107826"><ele>131</ele></trkpt>
   <trkpt lat="53.118849" lon="23.108763"><ele>132.75</ele></trkpt>
   <trkpt lat="53.119451" lon="23.109832"><ele>133.75</ele></trkpt>
   <trkpt lat="53.119789" lon="23.110432"><ele>133.25</ele></trkpt>
   <trkpt lat="53.120495" lon="23.111686"><ele>132</ele></trkpt>
   <trkpt lat="53.120805" lon="23.112235"><ele>131.75</ele></trkpt>
   <trkpt lat="53.120833" lon="23.112285"><ele>131.5</ele></trkpt>
   <trkpt lat="53.121517" lon="23.1135"><ele>130.75</ele></trkpt>
   <trkpt lat="53.121799" lon="23.114"><ele>130.25</ele></trkpt>
   <trkpt lat="53.122209" lon="23.114728"><ele>130</ele></trkpt>
   <trkpt lat="53.127909" lon="23.124848"><ele>129.75</ele></trkpt>
   <trkpt lat="53.127941" lon="23.124905"><ele>129.75</ele></trkpt>
   <trkpt lat="53.128489" lon="23.125877"><ele>129.75</ele></trkpt>
   <trkpt lat="53.128587" lon="23.126052"><ele>130</ele></trkpt>
   <trkpt lat="53.129115" lon="23.126989"><ele>131</ele></trkpt>
   <trkpt lat="53.130118" lon="23.128769"><ele>132.25</ele></trkpt>
   <trkpt lat="53.130647" lon="23.129708"><ele>132.5</ele></trkpt>
   <trkpt lat="53.131158" lon="23.130617"><ele>132</ele></trkpt>
   <trkpt lat="53.131954" lon="23.132032"><ele>132</ele></trkpt>
   <trkpt lat="53.133745" lon="23.135216"><ele>133.25</ele></trkpt>
   <trkpt lat="53.133751" lon="23.135225"><ele>133.5</ele></trkpt>
   <trkpt lat="53.133755" lon="23.135233"><ele>133.5</ele></trkpt>
   <trkpt lat="53.134081" lon="23.135814"><ele>133.75</ele></trkpt>
   <trkpt lat="53.134561" lon="23.136678"><ele>133.5</ele></trkpt>
  </trkseg>
 </trk>
</gpx>