<?xml version="1.0" encoding="UTF-8"?>
<!-- track-length = 199724 filtered ascend = 1266 plain-ascend = 507 cost=199724 energy=2.6kwh time=4h 26m 18s -->
<gpx 
 xmlns="http://www.topografix.com/GPX/1/1" 
 xmlns:xsi="http://www.w3.org/2001/XMLSchema-instance" 
 xsi:schemaLocation="http://www.topografix.com/GPX/1/1 http://www.topografix.com/GPX/1/1/gpx.xsd" 
 version="1.1" 
 creator="BRouter-Web 0.18.1">
 <trk>
  <name>Praha - Zelezna Ruda</name>
  <trkseg>
   <trkpt lat="50.082967" lon="14.435893"><ele>216.5</ele></trkpt>
   <trkpt lat="50.082114" lon="14.435265"><ele>213.75</ele></trkpt>
   <trkpt lat="50.081857" lon="14.435076"><ele>212</ele></trkpt>
   <trkpt lat="50.081841" lon="14.435064"><ele>212</ele></trkpt>
   <trkpt lat="50.081491" lon="14.434808"><ele>211</ele></trkpt>
   <trkpt lat="50.081285" lon="14.434673"><ele>211.25</ele></trkpt>
   <trkpt lat="50.081011" lon="14.434528"><ele>212.25</ele></trkpt>
   <trkpt lat="50.080863" lon="14.434417"><ele>212.75</ele></trkpt>
   <trkpt lat="50.080744" lon="14.434316"><ele>214</ele></trkpt>
   <trkpt lat="50.080478" lon="14.434068"><ele>217</ele></trkpt>
   <trkpt lat="50.080346" lon="14.433963"><ele>218.25</ele></trkpt>
   <trkpt lat="50.079993" lon="14.433702"><ele>220.75</ele></trkpt>
   <trkpt lat="50.079749" lon="14.433524"><ele>221.25</ele></trkpt>
   <trkpt lat="50.079596" lon="14.433408"><ele>221.75</ele></trkpt>
   <trkpt lat="50.079392" lon="14.433214"><ele>222.75</ele></trkpt>
   <trkpt lat="50.079265" lon="14.433107"><ele>222.5</ele></trkpt>
   <trkpt lat="50.079228" lon="14.433077"><ele>222.5</ele></trkpt>
   <trkpt lat="50.078981" lon="14.432922"><ele>222.5</ele></trkpt>
   <trkpt lat="50.07867" lon="14.432745"><ele>222.5</ele></trkpt>
   <trkpt lat="50.078253" lon="14.432596"><ele>222.25</ele></trkpt>
   <trkpt lat="50.077985" lon="14.432533"><ele>222.25</ele></trkpt>
   <trkpt lat="50.07772" lon="14.432509"><ele>222.25</ele></trkpt>
   <trkpt lat="50.077441" lon="14.432526"><ele>222.25</ele></trkpt>
   <trkpt lat="50.077024" lon="14.432595"><ele>222</ele></trkpt>
   <trkpt lat="50.076602" lon="14.432755"><ele>222</ele></trkpt>
   <trkpt lat="50.06936" lon="14.436242"><ele>220.25</ele></trkpt>
   <trkpt lat="50.069251" lon="14.436294"><ele>220.25</ele></trkpt>
   <trkpt lat="50.068827" lon="14.436494"><ele>213.5</ele></trkpt>
   <trkpt lat="50.068641" lon="14.436567"><ele>211.25</ele></trkpt>
   <trkpt lat="50.068422" lon="14.436631"><ele>209</ele></trkpt>
   <trkpt lat="50.06827" lon="14.436655"><ele>207.75</ele></trkpt>
   <trkpt lat="50.068156" lon="14.436664"><ele>206.75</ele></trkpt>
   <trkpt lat="50.067975" lon="14.43666"><ele>205.5</ele></trkpt>
   <trkpt lat="50.067808" lon="14.436636"><ele>205.5</ele></trkpt>
   <trkpt lat="50.067644" lon="14.436592"><ele>204.75</ele></trkpt>
   <trkpt lat="50.067498" lon="14.436536"><ele>204.25</ele></trkpt>
   <trkpt lat="50.067341" lon="14.436457"><ele>204</ele></trkpt>
   <trkpt lat="50.067104" lon="14.4363"><ele>204</ele></trkpt>
   <trkpt lat="50.066911" lon="14.436133"><ele>204.25</ele></trkpt>
   <trkpt lat="50.066829" lon="14.436047"><ele>204.25</ele></trkpt>
   <trkpt lat="50.066679" lon="14.435874"><ele>204.75</ele></trkpt>
   <trkpt lat="50.066547" lon="14.435696"><ele>204.25</ele></trkpt>
   <trkpt lat="50.066413" lon="14.435493"><ele>203.5</ele></trkpt>
   <trkpt lat="50.066118" lon="14.435012"><ele>201</ele></trkpt>
   <trkpt lat="50.065567" lon="14.434081"><ele>199</ele></trkpt>
   <trkpt lat="50.065328" lon="14.433668"><ele>199.5</ele></trkpt>
   <trkpt lat="50.065236" lon="14.433491"><ele>199.75</ele></trkpt>
   <trkpt lat="50.065146" lon="14.433295"><ele>200</ele></trkpt>
   <trkpt lat="50.065075" lon="14.433122"><ele>200.25</ele></trkpt>
   <trkpt lat="50.064988" lon="14.432886"><ele>201.25</ele></trkpt>
   <trkpt lat="50.06489" lon="14.432539"><ele>203.5</ele></trkpt>
   <trkpt lat="50.064827" lon="14.432253"><ele>204.75</ele></trkpt>
   <trkpt lat="50.06479" lon="14.432052"><ele>205.25</ele></trkpt>
   <trkpt lat="50.06476" lon="14.431851"><ele>205.75</ele></trkpt>
   <trkpt lat="50.064743" lon="14.431661"><ele>206</ele></trkpt>
   <trkpt lat="50.064726" lon="14.431412"><ele>207.25</ele></trkpt>
   <trkpt lat="50.064715" lon="14.431133"><ele>208.5</ele></trkpt>
   <trkpt lat="50.064673" lon="14.429784"><ele>211.75</ele></trkpt>
   <trkpt lat="50.064622" lon="14.429176"><ele>210</ele></trkpt>
   <trkpt lat="50.064604" lon="14.428632"><ele>208.25</ele></trkpt>
   <trkpt lat="50.064594" lon="14.428327"><ele>207.25</ele></trkpt>
   <trkpt lat="50.064532" lon="14.427631"><ele>208.5</ele></trkpt>
   <trkpt lat="50.064496" lon="14.426314"><ele>208.75</ele></trkpt>
   <trkpt lat="50.064496" lon="14.426158"><ele>208.25</ele></trkpt>
   <trkpt lat="50.064514" lon="14.425813"><ele>207.25</ele></trkpt>
   <trkpt lat="50.064556" lon="14.425429"><ele>206.25</ele></trkpt>
   <trkpt lat="50.06458" lon="14.425277"><ele>206</ele></trkpt>
   <trkpt lat="50.06465" lon="14.424929"><ele>205.25</ele></trkpt>
   <trkpt lat="50.064722" lon="14.424652"><ele>205</ele></trkpt>
   <trkpt lat="50.064831" lon="14.424321"><ele>204.25</ele></trkpt>
   <trkpt lat="50.064886" lon="14.424179"><ele>203.75</ele></trkpt>
   <trkpt lat="50.065062" lon="14.423798"><ele>202</ele></trkpt>
   <trkpt lat="50.065226" lon="14.423511"><ele>200.5</ele></trkpt>
   <trkpt lat="50.065325" lon="14.42336"><ele>199.5</ele></trkpt>
   <trkpt lat="50.065642" lon="14.422918"><ele>199.75</ele></trkpt>
   <trkpt lat="50.066529" lon="14.4217"><ele>198</ele></trkpt>
   <trkpt lat="50.066614" lon="14.421581"><ele>197.75</ele></trkpt>
   <trkpt lat="50.066782" lon="14.421335"><ele>198.5</ele></trkpt>
   <trkpt lat="50.066856" lon="14.421217"><ele>199</ele></trkpt>
   <trkpt lat="50.066963" lon="14.421026"><ele>199.5</ele></trkpt>
   <trkpt lat="50.067088" lon="14.420771"><ele>200</ele></trkpt>
   <trkpt lat="50.067216" lon="14.420468"><ele>200.5</ele></trkpt>
   <trkpt lat="50.067301" lon="14.420229"><ele>200.5</ele></trkpt>
   <trkpt lat="50.06741" lon="14.419858"><ele>200.25</ele></trkpt>
   <trkpt lat="50.067474" lon="14.419595"><ele>199.5</ele></trkpt>
   <trkpt lat="50.067541" lon="14.419285"><ele>199</ele></trkpt>
   <trkpt lat="50.067585" lon="14.419007"><ele>199</ele></trkpt>
   <trkpt lat="50.06761" lon="14.41878"><ele>199</ele></trkpt>
   <trkpt lat="50.067621" lon="14.418571"><ele>199</ele></trkpt>
   <trkpt lat="50.067631" lon="14.418262"><ele>199</ele></trkpt>
   <trkpt lat="50.067606" lon="14.417803"><ele>198.25</ele></trkpt>
   <trkpt lat="50.067569" lon="14.417429"><ele>197.75</ele></trkpt>
   <trkpt lat="50.067522" lon="14.417047"><ele>197.25</ele></trkpt>
   <trkpt lat="50.067489" lon="14.416828"><ele>197</ele></trkpt>
   <trkpt lat="50.067399" lon="14.416285"><ele>196.25</ele></trkpt>
   <trkpt lat="50.067364" lon="14.416077"><ele>196</ele></trkpt>
   <trkpt lat="50.067242" lon="14.415314"><ele>195</ele></trkpt>
   <trkpt lat="50.066942" lon="14.413528"><ele>192.5</ele></trkpt>
   <trkpt lat="50.0667" lon="14.412039"><ele>190.5</ele></trkpt>
   <trkpt lat="50.06668" lon="14.411912"><ele>190.75</ele></trkpt>
   <trkpt lat="50.066645" lon="14.4117"><ele>191</ele></trkpt>
   <trkpt lat="50.066512" lon="14.410908"><ele>191.5</ele></trkpt>
   <trkpt lat="50.066467" lon="14.410644"><ele>191.75</ele></trkpt>
   <trkpt lat="50.066366" lon="14.410098"><ele>192.5</ele></trkpt>
   <trkpt lat="50.066286" lon="14.409779"><ele>193.5</ele></trkpt>
   <trkpt lat="50.066196" lon="14.409494"><ele>194.25</ele></trkpt>
   <trkpt lat="50.066151" lon="14.409365"><ele>194.5</ele></trkpt>
   <trkpt lat="50.066067" lon="14.40917"><ele>195</ele></trkpt>
   <trkpt lat="50.065938" lon="14.408902"><ele>195.5</ele></trkpt>
   <trkpt lat="50.06571" lon="14.408548"><ele>196</ele></trkpt>
   <trkpt lat="50.065635" lon="14.408447"><ele>196</ele></trkpt>
   <trkpt lat="50.065481" lon="14.408275"><ele>196</ele></trkpt>
   <trkpt lat="50.065333" lon="14.408132"><ele>196</ele></trkpt>
   <trkpt lat="50.065213" lon="14.408034"><ele>196</ele></trkpt>
   <trkpt lat="50.065092" lon="14.407952"><ele>196</ele></trkpt>
   <trkpt lat="50.064931" lon="14.407857"><ele>196.25</ele></trkpt>
   <trkpt lat="50.064797" lon="14.407801"><ele>196.25</ele></trkpt>
   <trkpt lat="50.064705" lon="14.407762"><ele>196.25</ele></trkpt>
   <trkpt lat="50.064482" lon="14.407706"><ele>196</ele></trkpt>
   <trkpt lat="50.064378" lon="14.40769"><ele>196</ele></trkpt>
   <trkpt lat="50.064252" lon="14.407684"><ele>195.75</ele></trkpt>
   <trkpt lat="50.064113" lon="14.407688"><ele>195.5</ele></trkpt>
   <trkpt lat="50.063961" lon="14.407705"><ele>195.5</ele></trkpt>
   <trkpt lat="50.063623" lon="14.40776"><ele>195</ele></trkpt>
   <trkpt lat="50.063242" lon="14.407817"><ele>194.75</ele></trkpt>
   <trkpt lat="50.063063" lon="14.407877"><ele>195</ele></trkpt>
   <trkpt lat="50.062777" lon="14.407993"><ele>195.25</ele></trkpt>
   <trkpt lat="50.062544" lon="14.408068"><ele>195.5</ele></trkpt>
   <trkpt lat="50.062212" lon="14.408169"><ele>195.25</ele></trkpt>
   <trkpt lat="50.06194" lon="14.408238"><ele>195</ele></trkpt>
   <trkpt lat="50.061031" lon="14.40835"><ele>196.5</ele></trkpt>
   <trkpt lat="50.059818" lon="14.408491"><ele>194.5</ele></trkpt>
   <trkpt lat="50.05938" lon="14.408545"><ele>194</ele></trkpt>
   <trkpt lat="50.059188" lon="14.408533"><ele>194</ele></trkpt>
   <trkpt lat="50.058844" lon="14.408491"><ele>193.75</ele></trkpt>
   <trkpt lat="50.058627" lon="14.408499"><ele>193.75</ele></trkpt>
   <trkpt lat="50.058457" lon="14.408519"><ele>193.75</ele></trkpt>
   <trkpt lat="50.058349" lon="14.408534"><ele>193.75</ele></trkpt>
   <trkpt lat="50.05786" lon="14.408526"><ele>192.75</ele></trkpt>
   <trkpt lat="50.057777" lon="14.408536"><ele>192.5</ele></trkpt>
   <trkpt lat="50.0559" lon="14.408758"><ele>194.25</ele></trkpt>
   <trkpt lat="50.055614" lon="14.40877"><ele>194.25</ele></trkpt>
   <trkpt lat="50.05544" lon="14.408762"><ele>194.25</ele></trkpt>
   <trkpt lat="50.054976" lon="14.408731"><ele>194.5</ele></trkpt>
   <trkpt lat="50.054444" lon="14.408626"><ele>194.75</ele></trkpt>
   <trkpt lat="50.054361" lon="14.40862"><ele>194.75</ele></trkpt>
   <trkpt lat="50.053996" lon="14.408601"><ele>195.25</ele></trkpt>
   <trkpt lat="50.053784" lon="14.408612"><ele>196</ele></trkpt>
   <trkpt lat="50.052558" lon="14.408749"><ele>196.5</ele></trkpt>
   <trkpt lat="50.05227" lon="14.408786"><ele>196.25</ele></trkpt>
   <trkpt lat="50.051969" lon="14.408818"><ele>196</ele></trkpt>
   <trkpt lat="50.051756" lon="14.408812"><ele>195.75</ele></trkpt>
   <trkpt lat="50.051438" lon="14.408817"><ele>196</ele></trkpt>
   <trkpt lat="50.05138" lon="14.408823"><ele>196</ele></trkpt>
   <trkpt lat="50.049211" lon="14.40908"><ele>198.5</ele></trkpt>
   <trkpt lat="50.048201" lon="14.409201"><ele>198</ele></trkpt>
   <trkpt lat="50.047675" lon="14.409254"><ele>198.75</ele></trkpt>
   <trkpt lat="50.047337" lon="14.409262"><ele>198.5</ele></trkpt>
   <trkpt lat="50.047025" lon="14.409231"><ele>197.75</ele></trkpt>
   <trkpt lat="50.046741" lon="14.409182"><ele>197</ele></trkpt>
   <trkpt lat="50.046462" lon="14.409107"><ele>196.75</ele></trkpt>
   <trkpt lat="50.046245" lon="14.409026"><ele>196.5</ele></trkpt>
   <trkpt lat="50.04598" lon="14.408913"><ele>196</ele></trkpt>
   <trkpt lat="50.045734" lon="14.408787"><ele>195.5</ele></trkpt>
   <trkpt lat="50.045468" lon="14.408616"><ele>195.25</ele></trkpt>
   <trkpt lat="50.045239" lon="14.408452"><ele>194.75</ele></trkpt>
   <trkpt lat="50.044978" lon="14.408234"><ele>194.5</ele></trkpt>
   <trkpt lat="50.044685" lon="14.40795"><ele>196.75</ele></trkpt>
   <trkpt lat="50.044308" lon="14.407529"><ele>199</ele></trkpt>
   <trkpt lat="50.043173" lon="14.406196"><ele>198.75</ele></trkpt>
   <trkpt lat="50.042746" lon="14.405695"><ele>197</ele></trkpt>
   <trkpt lat="50.042538" lon="14.405463"><ele>194.75</ele></trkpt>
   <trkpt lat="50.042298" lon="14.405197"><ele>194.5</ele></trkpt>
   <trkpt lat="50.041893" lon="14.404845"><ele>195</ele></trkpt>
   <trkpt lat="50.041708" lon="14.404713"><ele>195</ele></trkpt>
   <trkpt lat="50.041339" lon="14.404483"><ele>195.75</ele></trkpt>
   <trkpt lat="50.041273" lon="14.404448"><ele>195.75</ele></trkpt>
   <trkpt lat="50.040947" lon="14.404273"><ele>195.75</ele></trkpt>
   <trkpt lat="50.040747" lon="14.40416"><ele>196.25</ele></trkpt>
   <trkpt lat="50.040096" lon="14.403832"><ele>199.5</ele></trkpt>
   <trkpt lat="50.0398" lon="14.403654"><ele>200.25</ele></trkpt>
   <trkpt lat="50.039573" lon="14.403504"><ele>201</ele></trkpt>
   <trkpt lat="50.039397" lon="14.403363"><ele>202</ele></trkpt>
   <trkpt lat="50.039233" lon="14.403218"><ele>202.5</ele></trkpt>
   <trkpt lat="50.039057" lon="14.403042"><ele>202.75</ele></trkpt>
   <trkpt lat="50.038892" lon="14.40285"><ele>202.75</ele></trkpt>
   <trkpt lat="50.038712" lon="14.40262"><ele>203</ele></trkpt>
   <trkpt lat="50.038468" lon="14.402254"><ele>202.75</ele></trkpt>
   <trkpt lat="50.038305" lon="14.401979"><ele>203.25</ele></trkpt>
   <trkpt lat="50.038182" lon="14.401744"><ele>206</ele></trkpt>
   <trkpt lat="50.038071" lon="14.401511"><ele>208.75</ele></trkpt>
   <trkpt lat="50.03793" lon="14.401155"><ele>211</ele></trkpt>
   <trkpt lat="50.037852" lon="14.40091"><ele>211.25</ele></trkpt>
   <trkpt lat="50.037742" lon="14.400483"><ele>210.5</ele></trkpt>
   <trkpt lat="50.037682" lon="14.400073"><ele>208</ele></trkpt>
   <trkpt lat="50.03765" lon="14.399545"><ele>207.25</ele></trkpt>
   <trkpt lat="50.037647" lon="14.399284"><ele>207</ele></trkpt>
   <trkpt lat="50.037655" lon="14.399016"><ele>206.75</ele></trkpt>
   <trkpt lat="50.037676" lon="14.398639"><ele>207</ele></trkpt>
   <trkpt lat="50.037695" lon="14.398457"><ele>207</ele></trkpt>
   <trkpt lat="50.037799" lon="14.397842"><ele>207</ele></trkpt>
   <trkpt lat="50.037903" lon="14.397454"><ele>207.25</ele></trkpt>
   <trkpt lat="50.03802" lon="14.397092"><ele>207.75</ele></trkpt>
   <trkpt lat="50.038145" lon="14.396816"><ele>208</ele></trkpt>
   <trkpt lat="50.038289" lon="14.396529"><ele>210.5</ele></trkpt>
   <trkpt lat="50.03844" lon="14.396274"><ele>213</ele></trkpt>
   <trkpt lat="50.038655" lon="14.395994"><ele>216</ele></trkpt>
   <trkpt lat="50.038798" lon="14.395834"><ele>218</ele></trkpt>
   <trkpt lat="50.03898" lon="14.395652"><ele>218</ele></trkpt>
   <trkpt lat="50.039237" lon="14.395433"><ele>218.5</ele></trkpt>
   <trkpt lat="50.039688" lon="14.395109"><ele>217.75</ele></trkpt>
   <trkpt lat="50.039867" lon="14.394967"><ele>217</ele></trkpt>
   <trkpt lat="50.039971" lon="14.394871"><ele>216.75</ele></trkpt>
   <trkpt lat="50.040023" lon="14.394817"><ele>216.75</ele></trkpt>
   <trkpt lat="50.040252" lon="14.394562"><ele>216.5</ele></trkpt>
   <trkpt lat="50.040478" lon="14.394243"><ele>216.75</ele></trkpt>
   <trkpt lat="50.040565" lon="14.394103"><ele>216.75</ele></trkpt>
   <trkpt lat="50.040692" lon="14.393866"><ele>216.75</ele></trkpt>
   <trkpt lat="50.040762" lon="14.393718"><ele>217</ele></trkpt>
   <trkpt lat="50.040902" lon="14.393384"><ele>217.25</ele></trkpt>
   <trkpt lat="50.040952" lon="14.393241"><ele>217.5</ele></trkpt>
   <trkpt lat="50.041045" lon="14.392943"><ele>217.5</ele></trkpt>
   <trkpt lat="50.041088" lon="14.392782"><ele>217.75</ele></trkpt>
   <trkpt lat="50.041159" lon="14.392452"><ele>218</ele></trkpt>
   <trkpt lat="50.04119" lon="14.392258"><ele>218</ele></trkpt>
   <trkpt lat="50.041237" lon="14.391885"><ele>218.25</ele></trkpt>
   <trkpt lat="50.041259" lon="14.391562"><ele>218.5</ele></trkpt>
   <trkpt lat="50.041265" lon="14.39109"><ele>219</ele></trkpt>
   <trkpt lat="50.041255" lon="14.390779"><ele>219.5</ele></trkpt>
   <trkpt lat="50.041237" lon="14.390527"><ele>219.5</ele></trkpt>
   <trkpt lat="50.041202" lon="14.390195"><ele>220</ele></trkpt>
   <trkpt lat="50.041159" lon="14.389872"><ele>220</ele></trkpt>
   <trkpt lat="50.041129" lon="14.389667"><ele>220</ele></trkpt>
   <trkpt lat="50.041113" lon="14.38957"><ele>220</ele></trkpt>
   <trkpt lat="50.041001" lon="14.38892"><ele>219.25</ele></trkpt>
   <trkpt lat="50.040889" lon="14.388362"><ele>218.25</ele></trkpt>
   <trkpt lat="50.040396" lon="14.386086"><ele>221.25</ele></trkpt>
   <trkpt lat="50.040318" lon="14.385672"><ele>222</ele></trkpt>
   <trkpt lat="50.040283" lon="14.38542"><ele>222.25</ele></trkpt>
   <trkpt lat="50.040257" lon="14.385144"><ele>222.5</ele></trkpt>
   <trkpt lat="50.04024" lon="14.384791"><ele>223</ele></trkpt>
   <trkpt lat="50.040242" lon="14.38447"><ele>223.75</ele></trkpt>
   <trkpt lat="50.04025" lon="14.38426"><ele>224</ele></trkpt>
   <trkpt lat="50.040296" lon="14.383786"><ele>224.5</ele></trkpt>
   <trkpt lat="50.040365" lon="14.383382"><ele>224.75</ele></trkpt>
   <trkpt lat="50.040569" lon="14.382428"><ele>228.25</ele></trkpt>
   <trkpt lat="50.040582" lon="14.382364"><ele>228.5</ele></trkpt>
   <trkpt lat="50.040682" lon="14.381892"><ele>228.25</ele></trkpt>
   <trkpt lat="50.040722" lon="14.381669"><ele>228</ele></trkpt>
   <trkpt lat="50.040777" lon="14.381255"><ele>229.25</ele></trkpt>
   <trkpt lat="50.040792" lon="14.381073"><ele>229.75</ele></trkpt>
   <trkpt lat="50.040806" lon="14.380759"><ele>231</ele></trkpt>
   <trkpt lat="50.040802" lon="14.380475"><ele>232.5</ele></trkpt>
   <trkpt lat="50.040795" lon="14.380334"><ele>233.5</ele></trkpt>
   <trkpt lat="50.040747" lon="14.379877"><ele>237</ele></trkpt>
   <trkpt lat="50.040649" lon="14.379233"><ele>240.25</ele></trkpt>
   <trkpt lat="50.040564" lon="14.378705"><ele>243</ele></trkpt>
   <trkpt lat="50.040541" lon="14.378528"><ele>243.5</ele></trkpt>
   <trkpt lat="50.040492" lon="14.378084"><ele>244.75</ele></trkpt>
   <trkpt lat="50.04047" lon="14.377749"><ele>245</ele></trkpt>
   <trkpt lat="50.040454" lon="14.377391"><ele>245</ele></trkpt>
   <trkpt lat="50.040458" lon="14.37709"><ele>244.5</ele></trkpt>
   <trkpt lat="50.040511" lon="14.376565"><ele>243.75</ele></trkpt>
   <trkpt lat="50.040561" lon="14.376289"><ele>244.5</ele></trkpt>
   <trkpt lat="50.040609" lon="14.376065"><ele>244.5</ele></trkpt>
   <trkpt lat="50.040686" lon="14.375782"><ele>244.25</ele></trkpt>
   <trkpt lat="50.040793" lon="14.375444"><ele>243.25</ele></trkpt>
   <trkpt lat="50.041121" lon="14.374541"><ele>249.25</ele></trkpt>
   <trkpt lat="50.041213" lon="14.374232"><ele>249.5</ele></trkpt>
   <trkpt lat="50.041301" lon="14.373894"><ele>248.5</ele></trkpt>
   <trkpt lat="50.041425" lon="14.373262"><ele>243.75</ele></trkpt>
   <trkpt lat="50.041457" lon="14.372939"><ele>243.5</ele></trkpt>
   <trkpt lat="50.041467" lon="14.372563"><ele>244.25</ele></trkpt>
   <trkpt lat="50.041453" lon="14.372274"><ele>245</ele></trkpt>
   <trkpt lat="50.041418" lon="14.371982"><ele>246.25</ele></trkpt>
   <trkpt lat="50.041369" lon="14.37166"><ele>247.75</ele></trkpt>
   <trkpt lat="50.04128" lon="14.371201"><ele>250.25</ele></trkpt>
   <trkpt lat="50.041213" lon="14.37087"><ele>250.75</ele></trkpt>
   <trkpt lat="50.040882" lon="14.36919"><ele>250</ele></trkpt>
   <trkpt lat="50.04066" lon="14.368072"><ele>256</ele></trkpt>
   <trkpt lat="50.040518" lon="14.367319"><ele>258.25</ele></trkpt>
   <trkpt lat="50.040407" lon="14.366804"><ele>257.25</ele></trkpt>
   <trkpt lat="50.040321" lon="14.366468"><ele>256.75</ele></trkpt>
   <trkpt lat="50.040214" lon="14.366114"><ele>256</ele></trkpt>
   <trkpt lat="50.039634" lon="14.364559"><ele>255.25</ele></trkpt>
   <trkpt lat="50.039524" lon="14.364198"><ele>256</ele></trkpt>
   <trkpt lat="50.039436" lon="14.363822"><ele>256</ele></trkpt>
   <trkpt lat="50.039381" lon="14.363483"><ele>255.75</ele></trkpt>
   <trkpt lat="50.039346" lon="14.363153"><ele>255.5</ele></trkpt>
   <trkpt lat="50.039256" lon="14.362166"><ele>255.5</ele></trkpt>
   <trkpt lat="50.03922" lon="14.361835"><ele>255</ele></trkpt>
   <trkpt lat="50.039158" lon="14.361513"><ele>254.25</ele></trkpt>
   <trkpt lat="50.039059" lon="14.361133"><ele>255</ele></trkpt>
   <trkpt lat="50.038938" lon="14.360771"><ele>255</ele></trkpt>
   <trkpt lat="50.038837" lon="14.360534"><ele>254.25</ele></trkpt>
   <trkpt lat="50.038723" lon="14.360295"><ele>252.75</ele></trkpt>
   <trkpt lat="50.038597" lon="14.360066"><ele>250.5</ele></trkpt>
   <trkpt lat="50.038472" lon="14.359856"><ele>250.5</ele></trkpt>
   <trkpt lat="50.03832" lon="14.359642"><ele>250.75</ele></trkpt>
   <trkpt lat="50.038111" lon="14.359404"><ele>252.25</ele></trkpt>
   <trkpt lat="50.038001" lon="14.359296"><ele>252.75</ele></trkpt>
   <trkpt lat="50.037872" lon="14.35918"><ele>253.25</ele></trkpt>
   <trkpt lat="50.037129" lon="14.358652"><ele>255.25</ele></trkpt>
   <trkpt lat="50.036891" lon="14.358496"><ele>255.5</ele></trkpt>
   <trkpt lat="50.03668" lon="14.358305"><ele>255</ele></trkpt>
   <trkpt lat="50.036515" lon="14.358125"><ele>258.75</ele></trkpt>
   <trkpt lat="50.036305" lon="14.357858"><ele>262.75</ele></trkpt>
   <trkpt lat="50.036133" lon="14.3576"><ele>264.5</ele></trkpt>
   <trkpt lat="50.036008" lon="14.357358"><ele>264.5</ele></trkpt>
   <trkpt lat="50.03586" lon="14.357051"><ele>263.5</ele></trkpt>
   <trkpt lat="50.03573" lon="14.356714"><ele>264.5</ele></trkpt>
   <trkpt lat="50.035648" lon="14.356434"><ele>266.5</ele></trkpt>
   <trkpt lat="50.035588" lon="14.356195"><ele>268.25</ele></trkpt>
   <trkpt lat="50.035533" lon="14.355914"><ele>269.25</ele></trkpt>
   <trkpt lat="50.035491" lon="14.355657"><ele>270</ele></trkpt>
   <trkpt lat="50.035459" lon="14.355362"><ele>270.25</ele></trkpt>
   <trkpt lat="50.035441" lon="14.354697"><ele>270.5</ele></trkpt>
   <trkpt lat="50.035467" lon="14.3536"><ele>272.25</ele></trkpt>
   <trkpt lat="50.035465" lon="14.353241"><ele>272.75</ele></trkpt>
   <trkpt lat="50.035443" lon="14.352858"><ele>272.25</ele></trkpt>
   <trkpt lat="50.0354" lon="14.352528"><ele>272.25</ele></trkpt>
   <trkpt lat="50.035339" lon="14.352165"><ele>272</ele></trkpt>
   <trkpt lat="50.035162" lon="14.351539"><ele>271</ele></trkpt>
   <trkpt lat="50.035054" lon="14.351244"><ele>271.5</ele></trkpt>
   <trkpt lat="50.034917" lon="14.350948"><ele>271.5</ele></trkpt>
   <trkpt lat="50.034752" lon="14.350651"><ele>270.75</ele></trkpt>
   <trkpt lat="50.03469" lon="14.350548"><ele>270.5</ele></trkpt>
   <trkpt lat="50.034594" lon="14.350406"><ele>270</ele></trkpt>
   <trkpt lat="50.034471" lon="14.350244"><ele>269</ele></trkpt>
   <trkpt lat="50.034328" lon="14.350077"><ele>268</ele></trkpt>
   <trkpt lat="50.034162" lon="14.349903"><ele>267.75</ele></trkpt>
   <trkpt lat="50.033698" lon="14.349522"><ele>269.5</ele></trkpt>
   <trkpt lat="50.033554" lon="14.349399"><ele>269.25</ele></trkpt>
   <trkpt lat="50.033191" lon="14.34905"><ele>269</ele></trkpt>
   <trkpt lat="50.033089" lon="14.34891"><ele>269.5</ele></trkpt>
   <trkpt lat="50.032987" lon="14.348756"><ele>270</ele></trkpt>
   <trkpt lat="50.032875" lon="14.348563"><ele>270.5</ele></trkpt>
   <trkpt lat="50.032721" lon="14.348222"><ele>271.25</ele></trkpt>
   <trkpt lat="50.032581" lon="14.347887"><ele>271</ele></trkpt>
   <trkpt lat="50.032407" lon="14.347379"><ele>271</ele></trkpt>
   <trkpt lat="50.032193" lon="14.346844"><ele>273</ele></trkpt>
   <trkpt lat="50.031895" lon="14.346064"><ele>275.75</ele></trkpt>
   <trkpt lat="50.031472" lon="14.345152"><ele>276.5</ele></trkpt>
   <trkpt lat="50.03134" lon="14.344817"><ele>279</ele></trkpt>
   <trkpt lat="50.031239" lon="14.344492"><ele>281.5</ele></trkpt>
   <trkpt lat="50.031213" lon="14.344392"><ele>282</ele></trkpt>
   <trkpt lat="50.031187" lon="14.344272"><ele>282.5</ele></trkpt>
   <trkpt lat="50.031136" lon="14.344029"><ele>283.25</ele></trkpt>
   <trkpt lat="50.031079" lon="14.343646"><ele>283.75</ele></trkpt>
   <trkpt lat="50.031054" lon="14.343319"><ele>283.75</ele></trkpt>
   <trkpt lat="50.031044" lon="14.343065"><ele>284.5</ele></trkpt>
   <trkpt lat="50.031048" lon="14.342756"><ele>285</ele></trkpt>
   <trkpt lat="50.031062" lon="14.342388"><ele>285.75</ele></trkpt>
   <trkpt lat="50.031106" lon="14.341593"><ele>286.25</ele></trkpt>
   <trkpt lat="50.031113" lon="14.341269"><ele>286.25</ele></trkpt>
   <trkpt lat="50.03111" lon="14.341005"><ele>286.5</ele></trkpt>
   <trkpt lat="50.031081" lon="14.340623"><ele>286.75</ele></trkpt>
   <trkpt lat="50.031026" lon="14.340205"><ele>287</ele></trkpt>
   <trkpt lat="50.03085" lon="14.339182"><ele>288</ele></trkpt>
   <trkpt lat="50.030813" lon="14.33881"><ele>288.75</ele></trkpt>
   <trkpt lat="50.030793" lon="14.338487"><ele>289.75</ele></trkpt>
   <trkpt lat="50.030796" lon="14.337338"><ele>289.5</ele></trkpt>
   <trkpt lat="50.03078" lon="14.336979"><ele>289.75</ele></trkpt>
   <trkpt lat="50.030748" lon="14.336614"><ele>290.25</ele></trkpt>
   <trkpt lat="50.030696" lon="14.336273"><ele>291.25</ele></trkpt>
   <trkpt lat="50.030608" lon="14.335921"><ele>292</ele></trkpt>
   <trkpt lat="50.030526" lon="14.335633"><ele>292</ele></trkpt>
   <trkpt lat="50.030245" lon="14.334871"><ele>290.5</ele></trkpt>
   <trkpt lat="50.030125" lon="14.334507"><ele>290.5</ele></trkpt>
   <trkpt lat="50.030063" lon="14.334258"><ele>290.25</ele></trkpt>
   <trkpt lat="50.030001" lon="14.333976"><ele>290</ele></trkpt>
   <trkpt lat="50.029973" lon="14.333815"><ele>290.5</ele></trkpt>
   <trkpt lat="50.029934" lon="14.333485"><ele>291</ele></trkpt>
   <trkpt lat="50.029913" lon="14.333175"><ele>291</ele></trkpt>
   <trkpt lat="50.029912" lon="14.332881"><ele>290.75</ele></trkpt>
   <trkpt lat="50.029946" lon="14.332313"><ele>290.25</ele></trkpt>
   <trkpt lat="50.029971" lon="14.332089"><ele>290</ele></trkpt>
   <trkpt lat="50.03" lon="14.331865"><ele>290</ele></trkpt>
   <trkpt lat="50.03008" lon="14.331445"><ele>291</ele></trkpt>
   <trkpt lat="50.0302" lon="14.330993"><ele>292.5</ele></trkpt>
   <trkpt lat="50.030345" lon="14.330598"><ele>292.75</ele></trkpt>
   <trkpt lat="50.030615" lon="14.329924"><ele>291.75</ele></trkpt>
   <trkpt lat="50.030722" lon="14.329603"><ele>291.25</ele></trkpt>
   <trkpt lat="50.030795" lon="14.329351"><ele>291</ele></trkpt>
   <trkpt lat="50.030856" lon="14.329091"><ele>291</ele></trkpt>
   <trkpt lat="50.030905" lon="14.328823"><ele>291.75</ele></trkpt>
   <trkpt lat="50.030923" lon="14.328693"><ele>292</ele></trkpt>
   <trkpt lat="50.030945" lon="14.328543"><ele>292.25</ele></trkpt>
   <trkpt lat="50.030974" lon="14.328241"><ele>293</ele></trkpt>
   <trkpt lat="50.030991" lon="14.327913"><ele>294.5</ele></trkpt>
   <trkpt lat="50.030984" lon="14.327594"><ele>295.5</ele></trkpt>
   <trkpt lat="50.030962" lon="14.327249"><ele>296.5</ele></trkpt>
   <trkpt lat="50.030941" lon="14.327028"><ele>296.75</ele></trkpt>
   <trkpt lat="50.030905" lon="14.326776"><ele>297.25</ele></trkpt>
   <trkpt lat="50.030887" lon="14.326681"><ele>297.25</ele></trkpt>
   <trkpt lat="50.030665" lon="14.325572"><ele>298.5</ele></trkpt>
   <trkpt lat="50.030605" lon="14.325197"><ele>299</ele></trkpt>
   <trkpt lat="50.030569" lon="14.324887"><ele>299.5</ele></trkpt>
   <trkpt lat="50.030541" lon="14.324556"><ele>300.5</ele></trkpt>
   <trkpt lat="50.030539" lon="14.324196"><ele>301</ele></trkpt>
   <trkpt lat="50.030558" lon="14.323805"><ele>301.5</ele></trkpt>
   <trkpt lat="50.030606" lon="14.323357"><ele>302</ele></trkpt>
   <trkpt lat="50.030671" lon="14.322844"><ele>301.75</ele></trkpt>
   <trkpt lat="50.030748" lon="14.322093"><ele>301.5</ele></trkpt>
   <trkpt lat="50.030783" lon="14.321479"><ele>301</ele></trkpt>
   <trkpt lat="50.030786" lon="14.320803"><ele>300.5</ele></trkpt>
   <trkpt lat="50.030733" lon="14.319633"><ele>301</ele></trkpt>
   <trkpt lat="50.030661" lon="14.318347"><ele>301.75</ele></trkpt>
   <trkpt lat="50.030611" lon="14.317954"><ele>303.25</ele></trkpt>
   <trkpt lat="50.030524" lon="14.317415"><ele>305</ele></trkpt>
   <trkpt lat="50.030421" lon="14.316865"><ele>306.25</ele></trkpt>
   <trkpt lat="50.030367" lon="14.316464"><ele>306.5</ele></trkpt>
   <trkpt lat="50.03033" lon="14.316047"><ele>306.25</ele></trkpt>
   <trkpt lat="50.030323" lon="14.315846"><ele>306.25</ele></trkpt>
   <trkpt lat="50.030328" lon="14.315599"><ele>306.5</ele></trkpt>
   <trkpt lat="50.030352" lon="14.315237"><ele>306.5</ele></trkpt>
   <trkpt lat="50.030402" lon="14.314827"><ele>307.25</ele></trkpt>
   <trkpt lat="50.030434" lon="14.314638"><ele>307.5</ele></trkpt>
   <trkpt lat="50.03054" lon="14.314154"><ele>308.5</ele></trkpt>
   <trkpt lat="50.030642" lon="14.313824"><ele>309.25</ele></trkpt>
   <trkpt lat="50.030756" lon="14.313519"><ele>309.75</ele></trkpt>
   <trkpt lat="50.030892" lon="14.313226"><ele>310</ele></trkpt>
   <trkpt lat="50.03152" lon="14.312062"><ele>312</ele></trkpt>
   <trkpt lat="50.031667" lon="14.311737"><ele>312.75</ele></trkpt>
   <trkpt lat="50.031743" lon="14.311548"><ele>313</ele></trkpt>
   <trkpt lat="50.031814" lon="14.311333"><ele>313.25</ele></trkpt>
   <trkpt lat="50.031926" lon="14.310911"><ele>313.75</ele></trkpt>
   <trkpt lat="50.031952" lon="14.310813"><ele>313.75</ele></trkpt>
   <trkpt lat="50.031974" lon="14.310721"><ele>313.75</ele></trkpt>
   <trkpt lat="50.032097" lon="14.310211"><ele>313.75</ele></trkpt>
   <trkpt lat="50.032255" lon="14.309492"><ele>313.75</ele></trkpt>
   <trkpt lat="50.032808" lon="14.305899"><ele>318.75</ele></trkpt>
   <trkpt lat="50.032837" lon="14.305595"><ele>319.25</ele></trkpt>
   <trkpt lat="50.032857" lon="14.305068"><ele>320.25</ele></trkpt>
   <trkpt lat="50.032847" lon="14.304564"><ele>319.5</ele></trkpt>
   <trkpt lat="50.032834" lon="14.30408"><ele>318.75</ele></trkpt>
   <trkpt lat="50.032806" lon="14.303762"><ele>318.5</ele></trkpt>
   <trkpt lat="50.032757" lon="14.303417"><ele>318.25</ele></trkpt>
   <trkpt lat="50.032697" lon="14.303098"><ele>318.75</ele></trkpt>
   <trkpt lat="50.032629" lon="14.302802"><ele>319.5</ele></trkpt>
   <trkpt lat="50.032556" lon="14.302518"><ele>319.75</ele></trkpt>
   <trkpt lat="50.032431" lon="14.30214"><ele>320.75</ele></trkpt>
   <trkpt lat="50.031813" lon="14.300386"><ele>324.25</ele></trkpt>
   <trkpt lat="50.031493" lon="14.299521"><ele>325</ele></trkpt>
   <trkpt lat="50.031346" lon="14.299165"><ele>325.5</ele></trkpt>
   <trkpt lat="50.031189" lon="14.298781"><ele>326</ele></trkpt>
   <trkpt lat="50.031049" lon="14.298469"><ele>326</ele></trkpt>
   <trkpt lat="50.029555" lon="14.295017"><ele>330.25</ele></trkpt>
   <trkpt lat="50.028711" lon="14.293073"><ele>331.75</ele></trkpt>
   <trkpt lat="50.027751" lon="14.290834"><ele>337.25</ele></trkpt>
   <trkpt lat="50.027602" lon="14.290427"><ele>338.25</ele></trkpt>
   <trkpt lat="50.027487" lon="14.290063"><ele>339</ele></trkpt>
   <trkpt lat="50.027429" lon="14.289855"><ele>339.25</ele></trkpt>
   <trkpt lat="50.027327" lon="14.289424"><ele>339.5</ele></trkpt>
   <trkpt lat="50.027267" lon="14.289127"><ele>339.75</ele></trkpt>
   <trkpt lat="50.027219" lon="14.288834"><ele>339.75</ele></trkpt>
   <trkpt lat="50.027154" lon="14.288307"><ele>339.75</ele></trkpt>
   <trkpt lat="50.027122" lon="14.287968"><ele>339.75</ele></trkpt>
   <trkpt lat="50.026773" lon="14.28382"><ele>343.25</ele></trkpt>
   <trkpt lat="50.026727" lon="14.283341"><ele>343.5</ele></trkpt>
   <trkpt lat="50.026677" lon="14.282892"><ele>344.25</ele></trkpt>
   <trkpt lat="50.026623" lon="14.282493"><ele>345.25</ele></trkpt>
   <trkpt lat="50.026562" lon="14.282066"><ele>345.75</ele></trkpt>
   <trkpt lat="50.026492" lon="14.28165"><ele>346.5</ele></trkpt>
   <trkpt lat="50.026386" lon="14.281061"><ele>347.25</ele></trkpt>
   <trkpt lat="50.02629" lon="14.280509"><ele>348</ele></trkpt>
   <trkpt lat="50.02551" lon="14.276098"><ele>352.75</ele></trkpt>
   <trkpt lat="50.025045" lon="14.273468"><ele>355.75</ele></trkpt>
   <trkpt lat="50.025006" lon="14.27319"><ele>356</ele></trkpt>
   <trkpt lat="50.024979" lon="14.27293"><ele>356.5</ele></trkpt>
   <trkpt lat="50.024973" lon="14.27284"><ele>356.75</ele></trkpt>
   <trkpt lat="50.024955" lon="14.272442"><ele>357.25</ele></trkpt>
   <trkpt lat="50.024962" lon="14.272134"><ele>357.5</ele></trkpt>
   <trkpt lat="50.024978" lon="14.271863"><ele>357.75</ele></trkpt>
   <trkpt lat="50.025009" lon="14.271539"><ele>358.25</ele></trkpt>
   <trkpt lat="50.025059" lon="14.271236"><ele>358.75</ele></trkpt>
   <trkpt lat="50.025129" lon="14.270908"><ele>359</ele></trkpt>
   <trkpt lat="50.025207" lon="14.270617"><ele>359.5</ele></trkpt>
   <trkpt lat="50.025289" lon="14.270354"><ele>359.75</ele></trkpt>
   <trkpt lat="50.02539" lon="14.270101"><ele>359.75</ele></trkpt>
   <trkpt lat="50.02554" lon="14.269768"><ele>359.75</ele></trkpt>
   <trkpt lat="50.025692" lon="14.269481"><ele>359.75</ele></trkpt>
   <trkpt lat="50.026822" lon="14.267566"><ele>362.25</ele></trkpt>
   <trkpt lat="50.027105" lon="14.267075"><ele>363.25</ele></trkpt>
   <trkpt lat="50.027322" lon="14.266683"><ele>364.25</ele></trkpt>
   <trkpt lat="50.027451" lon="14.266428"><ele>365</ele></trkpt>
   <trkpt lat="50.027584" lon="14.266155"><ele>366</ele></trkpt>
   <trkpt lat="50.027831" lon="14.265599"><ele>367.5</ele></trkpt>
   <trkpt lat="50.028877" lon="14.26304"><ele>371.5</ele></trkpt>
   <trkpt lat="50.029003" lon="14.262713"><ele>372</ele></trkpt>
   <trkpt lat="50.029422" lon="14.261691"><ele>373.25</ele></trkpt>
   <trkpt lat="50.029535" lon="14.26144"><ele>373.25</ele></trkpt>
   <trkpt lat="50.029624" lon="14.261262"><ele>373.25</ele></trkpt>
   <trkpt lat="50.02966" lon="14.261194"><ele>373.5</ele></trkpt>
   <trkpt lat="50.029743" lon="14.261042"><ele>373.5</ele></trkpt>
   <trkpt lat="50.030009" lon="14.26063"><ele>373.25</ele></trkpt>
   <trkpt lat="50.030391" lon="14.260166"><ele>373.75</ele></trkpt>
   <trkpt lat="50.031915" lon="14.25845"><ele>377</ele></trkpt>
   <trkpt lat="50.035127" lon="14.254832"><ele>385.5</ele></trkpt>
   <trkpt lat="50.038131" lon="14.251463"><ele>391</ele></trkpt>
   <trkpt lat="50.038619" lon="14.250903"><ele>390.75</ele></trkpt>
   <trkpt lat="50.038808" lon="14.250663"><ele>391</ele></trkpt>
   <trkpt lat="50.03898" lon="14.250428"><ele>391</ele></trkpt>
   <trkpt lat="50.039117" lon="14.250206"><ele>391</ele></trkpt>
   <trkpt lat="50.039242" lon="14.249967"><ele>390.75</ele></trkpt>
   <trkpt lat="50.039368" lon="14.249687"><ele>390.25</ele></trkpt>
   <trkpt lat="50.039468" lon="14.249433"><ele>390</ele></trkpt>
   <trkpt lat="50.039559" lon="14.249134"><ele>390</ele></trkpt>
   <trkpt lat="50.039623" lon="14.248895"><ele>390</ele></trkpt>
   <trkpt lat="50.039681" lon="14.248625"><ele>390.25</ele></trkpt>
   <trkpt lat="50.039727" lon="14.248336"><ele>390.5</ele></trkpt>
   <trkpt lat="50.039762" lon="14.248056"><ele>390.5</ele></trkpt>
   <trkpt lat="50.039779" lon="14.247861"><ele>390.5</ele></trkpt>
   <trkpt lat="50.039787" lon="14.247626"><ele>390.5</ele></trkpt>
   <trkpt lat="50.039783" lon="14.247211"><ele>390.5</ele></trkpt>
   <trkpt lat="50.039777" lon="14.247117"><ele>390.5</ele></trkpt>
   <trkpt lat="50.039748" lon="14.246695"><ele>390.5</ele></trkpt>
   <trkpt lat="50.039708" lon="14.246164"><ele>390.25</ele></trkpt>
   <trkpt lat="50.039534" lon="14.24393"><ele>390.25</ele></trkpt>
   <trkpt lat="50.039434" lon="14.24309"><ele>390.5</ele></trkpt>
   <trkpt lat="50.039387" lon="14.242519"><ele>390.75</ele></trkpt>
   <trkpt lat="50.039344" lon="14.241769"><ele>391</ele></trkpt>
   <trkpt lat="50.039302" lon="14.240599"><ele>390.75</ele></trkpt>
   <trkpt lat="50.039258" lon="14.240124"><ele>390.75</ele></trkpt>
   <trkpt lat="50.039215" lon="14.239683"><ele>390.5</ele></trkpt>
   <trkpt lat="50.039174" lon="14.2394"><ele>390.25</ele></trkpt>
   <trkpt lat="50.039109" lon="14.239016"><ele>390</ele></trkpt>
   <trkpt lat="50.038998" lon="14.238487"><ele>390</ele></trkpt>
   <trkpt lat="50.038906" lon="14.238178"><ele>389.75</ele></trkpt>
   <trkpt lat="50.038819" lon="14.237923"><ele>389.5</ele></trkpt>
   <trkpt lat="50.038727" lon="14.237696"><ele>389</ele></trkpt>
   <trkpt lat="50.038623" lon="14.237473"><ele>388.75</ele></trkpt>
   <trkpt lat="50.038487" lon="14.237215"><ele>388.5</ele></trkpt>
   <trkpt lat="50.038351" lon="14.237006"><ele>388.25</ele></trkpt>
   <trkpt lat="50.038198" lon="14.236796"><ele>388.25</ele></trkpt>
   <trkpt lat="50.038057" lon="14.23662"><ele>388.25</ele></trkpt>
   <trkpt lat="50.037762" lon="14.236347"><ele>388.25</ele></trkpt>
   <trkpt lat="50.037565" lon="14.2362"><ele>388.25</ele></trkpt>
   <trkpt lat="50.03738" lon="14.236091"><ele>388</ele></trkpt>
   <trkpt lat="50.03717" lon="14.235987"><ele>387.5</ele></trkpt>
   <trkpt lat="50.036986" lon="14.235921"><ele>387.25</ele></trkpt>
   <trkpt lat="50.036801" lon="14.235876"><ele>387</ele></trkpt>
   <trkpt lat="50.036285" lon="14.235813"><ele>386.5</ele></trkpt>
   <trkpt lat="50.035458" lon="14.235734"><ele>385</ele></trkpt>
   <trkpt lat="50.034966" lon="14.235671"><ele>383.5</ele></trkpt>
   <trkpt lat="50.034793" lon="14.235627"><ele>384</ele></trkpt>
   <trkpt lat="50.034612" lon="14.235558"><ele>384.25</ele></trkpt>
   <trkpt lat="50.03446" lon="14.23549"><ele>384.5</ele></trkpt>
   <trkpt lat="50.034279" lon="14.235385"><ele>385</ele></trkpt>
   <trkpt lat="50.034058" lon="14.23523"><ele>385.25</ele></trkpt>
   <trkpt lat="50.031439" lon="14.233282"><ele>383.25</ele></trkpt>
   <trkpt lat="50.031003" lon="14.232951"><ele>382.5</ele></trkpt>
   <trkpt lat="50.030304" lon="14.23246"><ele>380.25</ele></trkpt>
   <trkpt lat="50.030124" lon="14.232351"><ele>379.5</ele></trkpt>
   <trkpt lat="50.029686" lon="14.232127"><ele>377.75</ele></trkpt>
   <trkpt lat="50.0293" lon="14.231971"><ele>376.25</ele></trkpt>
   <trkpt lat="50.029004" lon="14.231878"><ele>375.25</ele></trkpt>
   <trkpt lat="50.028567" lon="14.231786"><ele>373.75</ele></trkpt>
   <trkpt lat="50.028277" lon="14.231755"><ele>373</ele></trkpt>
   <trkpt lat="50.027383" lon="14.231725"><ele>372.75</ele></trkpt>
   <trkpt lat="50.027133" lon="14.231708"><ele>372.75</ele></trkpt>
   <trkpt lat="50.026895" lon="14.231663"><ele>373</ele></trkpt>
   <trkpt lat="50.02674" lon="14.231612"><ele>373</ele></trkpt>
   <trkpt lat="50.026572" lon="14.231538"><ele>372.75</ele></trkpt>
   <trkpt lat="50.026386" lon="14.231423"><ele>372.25</ele></trkpt>
   <trkpt lat="50.02624" lon="14.23132"><ele>371.75</ele></trkpt>
   <trkpt lat="50.026092" lon="14.231188"><ele>371.5</ele></trkpt>
   <trkpt lat="50.025963" lon="14.231048"><ele>371</ele></trkpt>
   <trkpt lat="50.025839" lon="14.230902"><ele>370.75</ele></trkpt>
   <trkpt lat="50.025695" lon="14.230696"><ele>370.75</ele></trkpt>
   <trkpt lat="50.025558" lon="14.230465"><ele>370.5</ele></trkpt>
   <trkpt lat="50.025448" lon="14.23024"><ele>370.25</ele></trkpt>
   <trkpt lat="50.025359" lon="14.230039"><ele>370.25</ele></trkpt>
   <trkpt lat="50.025271" lon="14.229781"><ele>370.5</ele></trkpt>
   <trkpt lat="50.025191" lon="14.229521"><ele>370.75</ele></trkpt>
   <trkpt lat="50.025106" lon="14.229211"><ele>371.25</ele></trkpt>
   <trkpt lat="50.025029" lon="14.22892"><ele>371.5</ele></trkpt>
   <trkpt lat="50.024902" lon="14.228553"><ele>371.75</ele></trkpt>
   <trkpt lat="50.024622" lon="14.227552"><ele>371.5</ele></trkpt>
   <trkpt lat="50.023675" lon="14.223974"><ele>368.75</ele></trkpt>
   <trkpt lat="50.023548" lon="14.223451"><ele>368.75</ele></trkpt>
   <trkpt lat="50.023467" lon="14.223016"><ele>368</ele></trkpt>
   <trkpt lat="50.02341" lon="14.222791"><ele>367.5</ele></trkpt>
   <trkpt lat="50.0234" lon="14.222751"><ele>367.5</ele></trkpt>
   <trkpt lat="50.02263" lon="14.219849"><ele>359.25</ele></trkpt>
   <trkpt lat="50.022358" lon="14.218788"><ele>358.25</ele></trkpt>
   <trkpt lat="50.0223" lon="14.218563"><ele>358</ele></trkpt>
   <trkpt lat="50.022123" lon="14.21793"><ele>357.75</ele></trkpt>
   <trkpt lat="50.022026" lon="14.217642"><ele>358</ele></trkpt>
   <trkpt lat="50.021917" lon="14.217366"><ele>358</ele></trkpt>
   <trkpt lat="50.021796" lon="14.217111"><ele>358.25</ele></trkpt>
   <trkpt lat="50.021669" lon="14.216875"><ele>358.5</ele></trkpt>
   <trkpt lat="50.021502" lon="14.216625"><ele>358.75</ele></trkpt>
   <trkpt lat="50.021361" lon="14.21644"><ele>358.5</ele></trkpt>
   <trkpt lat="50.021217" lon="14.216272"><ele>358.25</ele></trkpt>
   <trkpt lat="50.021099" lon="14.216149"><ele>358</ele></trkpt>
   <trkpt lat="50.020959" lon="14.216024"><ele>357.5</ele></trkpt>
   <trkpt lat="50.020673" lon="14.215819"><ele>357</ele></trkpt>
   <trkpt lat="50.02036" lon="14.215661"><ele>357.5</ele></trkpt>
   <trkpt lat="50.020204" lon="14.215607"><ele>357.75</ele></trkpt>
   <trkpt lat="50.020024" lon="14.215564"><ele>357.75</ele></trkpt>
   <trkpt lat="50.019828" lon="14.215535"><ele>358</ele></trkpt>
   <trkpt lat="50.019589" lon="14.215533"><ele>358.25</ele></trkpt>
   <trkpt lat="50.019318" lon="14.215544"><ele>358.75</ele></trkpt>
   <trkpt lat="50.017614" lon="14.215631"><ele>363</ele></trkpt>
   <trkpt lat="50.017335" lon="14.215638"><ele>363.25</ele></trkpt>
   <trkpt lat="50.01712" lon="14.215616"><ele>363.25</ele></trkpt>
   <trkpt lat="50.016947" lon="14.215568"><ele>363.25</ele></trkpt>
   <trkpt lat="50.016744" lon="14.215489"><ele>363.25</ele></trkpt>
   <trkpt lat="50.016575" lon="14.21541"><ele>363</ele></trkpt>
   <trkpt lat="50.016399" lon="14.215285"><ele>362.25</ele></trkpt>
   <trkpt lat="50.016348" lon="14.215248"><ele>362</ele></trkpt>
   <trkpt lat="50.016246" lon="14.215158"><ele>361.75</ele></trkpt>
   <trkpt lat="50.016067" lon="14.214971"><ele>361</ele></trkpt>
   <trkpt lat="50.015923" lon="14.214795"><ele>360.5</ele></trkpt>
   <trkpt lat="50.015799" lon="14.214613"><ele>360.25</ele></trkpt>
   <trkpt lat="50.015656" lon="14.214377"><ele>360.5</ele></trkpt>
   <trkpt lat="50.015548" lon="14.214156"><ele>360.5</ele></trkpt>
   <trkpt lat="50.015455" lon="14.213941"><ele>360.5</ele></trkpt>
   <trkpt lat="50.015375" lon="14.21371"><ele>360.25</ele></trkpt>
   <trkpt lat="50.015299" lon="14.213437"><ele>360.25</ele></trkpt>
   <trkpt lat="50.015226" lon="14.213134"><ele>359.75</ele></trkpt>
   <trkpt lat="50.015076" lon="14.212405"><ele>358.25</ele></trkpt>
   <trkpt lat="50.014618" lon="14.210087"><ele>357</ele></trkpt>
   <trkpt lat="50.014439" lon="14.209263"><ele>356</ele></trkpt>
   <trkpt lat="50.014364" lon="14.208984"><ele>355.25</ele></trkpt>
   <trkpt lat="50.014262" lon="14.208648"><ele>354</ele></trkpt>
   <trkpt lat="50.014183" lon="14.208424"><ele>353.25</ele></trkpt>
   <trkpt lat="50.014078" lon="14.208161"><ele>352.75</ele></trkpt>
   <trkpt lat="50.013859" lon="14.207701"><ele>351.75</ele></trkpt>
   <trkpt lat="50.013719" lon="14.207448"><ele>350.75</ele></trkpt>
   <trkpt lat="50.013596" lon="14.207256"><ele>349.75</ele></trkpt>
   <trkpt lat="50.013433" lon="14.207023"><ele>348.5</ele></trkpt>
   <trkpt lat="50.013269" lon="14.206814"><ele>347.5</ele></trkpt>
   <trkpt lat="50.011432" lon="14.204621"><ele>343.75</ele></trkpt>
   <trkpt lat="50.011069" lon="14.204238"><ele>342.75</ele></trkpt>
   <trkpt lat="50.010876" lon="14.204066"><ele>341.5</ele></trkpt>
   <trkpt lat="50.010694" lon="14.203918"><ele>340.25</ele></trkpt>
   <trkpt lat="50.009975" lon="14.203411"><ele>337</ele></trkpt>
   <trkpt lat="50.009796" lon="14.203265"><ele>336.25</ele></trkpt>
   <trkpt lat="50.009619" lon="14.203093"><ele>335</ele></trkpt>
   <trkpt lat="50.009454" lon="14.202904"><ele>334</ele></trkpt>
   <trkpt lat="50.009321" lon="14.20273"><ele>333</ele></trkpt>
   <trkpt lat="50.009179" lon="14.202517"><ele>332</ele></trkpt>
   <trkpt lat="50.009051" lon="14.202293"><ele>331.75</ele></trkpt>
   <trkpt lat="50.008996" lon="14.202191"><ele>331.5</ele></trkpt>
   <trkpt lat="50.008861" lon="14.20191"><ele>331.75</ele></trkpt>
   <trkpt lat="50.008794" lon="14.201735"><ele>331.75</ele></trkpt>
   <trkpt lat="50.008634" lon="14.201227"><ele>331.25</ele></trkpt>
   <trkpt lat="50.00856" lon="14.200913"><ele>330.75</ele></trkpt>
   <trkpt lat="50.00851" lon="14.200646"><ele>330.5</ele></trkpt>
   <trkpt lat="50.008465" lon="14.200327"><ele>330</ele></trkpt>
   <trkpt lat="50.008438" lon="14.200059"><ele>329.5</ele></trkpt>
   <trkpt lat="50.008414" lon="14.199739"><ele>329</ele></trkpt>
   <trkpt lat="50.008167" lon="14.196047"><ele>323</ele></trkpt>
   <trkpt lat="50.008141" lon="14.195645"><ele>322</ele></trkpt>
   <trkpt lat="50.008133" lon="14.195528"><ele>321.75</ele></trkpt>
   <trkpt lat="50.008111" lon="14.195198"><ele>321.25</ele></trkpt>
   <trkpt lat="50.008082" lon="14.194878"><ele>320.25</ele></trkpt>
   <trkpt lat="50.008048" lon="14.194604"><ele>319.25</ele></trkpt>
   <trkpt lat="50.008005" lon="14.194343"><ele>318.25</ele></trkpt>
   <trkpt lat="50.007943" lon="14.194056"><ele>317.25</ele></trkpt>
   <trkpt lat="50.00789" lon="14.193853"><ele>316.75</ele></trkpt>
   <trkpt lat="50.007812" lon="14.1936"><ele>316.25</ele></trkpt>
   <trkpt lat="50.007707" lon="14.193308"><ele>315.5</ele></trkpt>
   <trkpt lat="50.006812" lon="14.190979"><ele>309.5</ele></trkpt>
   <trkpt lat="50.006776" lon="14.190885"><ele>309.25</ele></trkpt>
   <trkpt lat="50.005286" lon="14.186995"><ele>303.5</ele></trkpt>
   <trkpt lat="50.004783" lon="14.185694"><ele>300</ele></trkpt>
   <trkpt lat="50.004736" lon="14.185569"><ele>299.75</ele></trkpt>
   <trkpt lat="50.004141" lon="14.184016"><ele>298.75</ele></trkpt>
   <trkpt lat="50.004044" lon="14.183717"><ele>298.5</ele></trkpt>
   <trkpt lat="50.003967" lon="14.183458"><ele>298.25</ele></trkpt>
   <trkpt lat="50.003884" lon="14.183141"><ele>297.5</ele></trkpt>
   <trkpt lat="50.003808" lon="14.182818"><ele>296.75</ele></trkpt>
   <trkpt lat="50.003735" lon="14.182441"><ele>295.75</ele></trkpt>
   <trkpt lat="50.00372" lon="14.182345"><ele>295.75</ele></trkpt>
   <trkpt lat="50.003532" lon="14.181161"><ele>293.5</ele></trkpt>
   <trkpt lat="50.003465" lon="14.180804"><ele>292.75</ele></trkpt>
   <trkpt lat="50.003334" lon="14.180229"><ele>291.75</ele></trkpt>
   <trkpt lat="50.003158" lon="14.179586"><ele>290.25</ele></trkpt>
   <trkpt lat="50.003048" lon="14.179236"><ele>289.5</ele></trkpt>
   <trkpt lat="50.002933" lon="14.17891"><ele>288.75</ele></trkpt>
   <trkpt lat="50.002719" lon="14.178371"><ele>288</ele></trkpt>
   <trkpt lat="50.00242" lon="14.177717"><ele>286.25</ele></trkpt>
   <trkpt lat="50.002278" lon="14.177441"><ele>285</ele></trkpt>
   <trkpt lat="50.001194" lon="14.175542"><ele>279</ele></trkpt>
   <trkpt lat="50.001104" lon="14.175383"><ele>278.5</ele></trkpt>
   <trkpt lat="50.000672" lon="14.174636"><ele>277.75</ele></trkpt>
   <trkpt lat="50.000029" lon="14.173496"><ele>275.75</ele></trkpt>
   <trkpt lat="49.999919" lon="14.173285"><ele>275.5</ele></trkpt>
   <trkpt lat="49.999781" lon="14.172996"><ele>275.75</ele></trkpt>
   <trkpt lat="49.999652" lon="14.172697"><ele>275.5</ele></trkpt>
   <trkpt lat="49.998524" lon="14.169591"><ele>266.75</ele></trkpt>
   <trkpt lat="49.998299" lon="14.16901"><ele>266.75</ele></trkpt>
   <trkpt lat="49.998203" lon="14.168792"><ele>267</ele></trkpt>
   <trkpt lat="49.998048" lon="14.168468"><ele>266.5</ele></trkpt>
   <trkpt lat="49.99774" lon="14.167896"><ele>265.75</ele></trkpt>
   <trkpt lat="49.99771" lon="14.167842"><ele>265.5</ele></trkpt>
   <trkpt lat="49.997335" lon="14.167153"><ele>264</ele></trkpt>
   <trkpt lat="49.997219" lon="14.166953"><ele>264</ele></trkpt>
   <trkpt lat="49.99709" lon="14.166756"><ele>263.75</ele></trkpt>
   <trkpt lat="49.997007" lon="14.166647"><ele>263.5</ele></trkpt>
   <trkpt lat="49.996784" lon="14.166383"><ele>263.5</ele></trkpt>
   <trkpt lat="49.996642" lon="14.166242"><ele>263</ele></trkpt>
   <trkpt lat="49.996313" lon="14.165969"><ele>263</ele></trkpt>
   <trkpt lat="49.99529" lon="14.165192"><ele>261.25</ele></trkpt>
   <trkpt lat="49.995202" lon="14.165127"><ele>261</ele></trkpt>
   <trkpt lat="49.99512" lon="14.165069"><ele>260.5</ele></trkpt>
   <trkpt lat="49.994885" lon="14.164887"><ele>261</ele></trkpt>
   <trkpt lat="49.994052" lon="14.164251"><ele>262</ele></trkpt>
   <trkpt lat="49.993783" lon="14.164036"><ele>263.25</ele></trkpt>
   <trkpt lat="49.993589" lon="14.163864"><ele>263.75</ele></trkpt>
   <trkpt lat="49.993433" lon="14.163711"><ele>263</ele></trkpt>
   <trkpt lat="49.993178" lon="14.163412"><ele>263</ele></trkpt>
   <trkpt lat="49.992851" lon="14.163013"><ele>265.25</ele></trkpt>
   <trkpt lat="49.992589" lon="14.162688"><ele>263.25</ele></trkpt>
   <trkpt lat="49.992062" lon="14.16205"><ele>267.75</ele></trkpt>
   <trkpt lat="49.991873" lon="14.161822"><ele>267.75</ele></trkpt>
   <trkpt lat="49.991401" lon="14.161224"><ele>270.75</ele></trkpt>
   <trkpt lat="49.99124" lon="14.160983"><ele>271</ele></trkpt>
   <trkpt lat="49.991094" lon="14.160741"><ele>269.75</ele></trkpt>
   <trkpt lat="49.990991" lon="14.160536"><ele>268.25</ele></trkpt>
   <trkpt lat="49.990896" lon="14.160326"><ele>265.25</ele></trkpt>
   <trkpt lat="49.990833" lon="14.16016"><ele>262.25</ele></trkpt>
   <trkpt lat="49.990776" lon="14.159997"><ele>260</ele></trkpt>
   <trkpt lat="49.990712" lon="14.159782"><ele>259.75</ele></trkpt>
   <trkpt lat="49.990649" lon="14.159534"><ele>258.75</ele></trkpt>
   <trkpt lat="49.9906" lon="14.159318"><ele>257.5</ele></trkpt>
   <trkpt lat="49.990557" lon="14.159073"><ele>256.5</ele></trkpt>
   <trkpt lat="49.990505" lon="14.158588"><ele>257.25</ele></trkpt>
   <trkpt lat="49.990487" lon="14.158298"><ele>257.25</ele></trkpt>
   <trkpt lat="49.990489" lon="14.158026"><ele>256.75</ele></trkpt>
   <trkpt lat="49.9905" lon="14.157708"><ele>256.25</ele></trkpt>
   <trkpt lat="49.99051" lon="14.157589"><ele>256</ele></trkpt>
   <trkpt lat="49.990536" lon="14.157361"><ele>255.5</ele></trkpt>
   <trkpt lat="49.990575" lon="14.157094"><ele>254.75</ele></trkpt>
   <trkpt lat="49.990833" lon="14.1557"><ele>253.75</ele></trkpt>
   <trkpt lat="49.990908" lon="14.155296"><ele>254</ele></trkpt>
   <trkpt lat="49.990977" lon="14.154937"><ele>254</ele></trkpt>
   <trkpt lat="49.991022" lon="14.154623"><ele>253.5</ele></trkpt>
   <trkpt lat="49.991048" lon="14.154329"><ele>253</ele></trkpt>
   <trkpt lat="49.991066" lon="14.154016"><ele>252.75</ele></trkpt>
   <trkpt lat="49.991066" lon="14.153702"><ele>253</ele></trkpt>
   <trkpt lat="49.991051" lon="14.153371"><ele>253.25</ele></trkpt>
   <trkpt lat="49.991022" lon="14.153072"><ele>254</ele></trkpt>
   <trkpt lat="49.99098" lon="14.15279"><ele>254.75</ele></trkpt>
   <trkpt lat="49.990927" lon="14.152509"><ele>255.25</ele></trkpt>
   <trkpt lat="49.990854" lon="14.152222"><ele>255.75</ele></trkpt>
   <trkpt lat="49.990782" lon="14.151983"><ele>256</ele></trkpt>
   <trkpt lat="49.990681" lon="14.151693"><ele>256.5</ele></trkpt>
   <trkpt lat="49.990543" lon="14.15138"><ele>256.75</ele></trkpt>
   <trkpt lat="49.990417" lon="14.15112"><ele>257.75</ele></trkpt>
   <trkpt lat="49.99032" lon="14.150928"><ele>259.25</ele></trkpt>
   <trkpt lat="49.990074" lon="14.150426"><ele>262.5</ele></trkpt>
   <trkpt lat="49.989941" lon="14.150186"><ele>263.5</ele></trkpt>
   <trkpt lat="49.989788" lon="14.149941"><ele>264.25</ele></trkpt>
   <trkpt lat="49.98966" lon="14.149763"><ele>265</ele></trkpt>
   <trkpt lat="49.98906" lon="14.148995"><ele>268.75</ele></trkpt>
   <trkpt lat="49.988934" lon="14.148811"><ele>269</ele></trkpt>
   <trkpt lat="49.988821" lon="14.148619"><ele>269.75</ele></trkpt>
   <trkpt lat="49.988711" lon="14.14841"><ele>271</ele></trkpt>
   <trkpt lat="49.988613" lon="14.1482"><ele>272.25</ele></trkpt>
   <trkpt lat="49.98851" lon="14.147949"><ele>273.75</ele></trkpt>
   <trkpt lat="49.988414" lon="14.147657"><ele>275.5</ele></trkpt>
   <trkpt lat="49.988343" lon="14.147397"><ele>277.25</ele></trkpt>
   <trkpt lat="49.988272" lon="14.147082"><ele>279</ele></trkpt>
   <trkpt lat="49.988219" lon="14.146782"><ele>280.25</ele></trkpt>
   <trkpt lat="49.988183" lon="14.146462"><ele>280.5</ele></trkpt>
   <trkpt lat="49.988159" lon="14.146155"><ele>280</ele></trkpt>
   <trkpt lat="49.988152" lon="14.14583"><ele>279.5</ele></trkpt>
   <trkpt lat="49.988152" lon="14.144651"><ele>281.75</ele></trkpt>
   <trkpt lat="49.988142" lon="14.144258"><ele>282.5</ele></trkpt>
   <trkpt lat="49.98812" lon="14.143937"><ele>283.25</ele></trkpt>
   <trkpt lat="49.988082" lon="14.143551"><ele>284</ele></trkpt>
   <trkpt lat="49.988027" lon="14.14313"><ele>284.5</ele></trkpt>
   <trkpt lat="49.987779" lon="14.141564"><ele>285.75</ele></trkpt>
   <trkpt lat="49.987625" lon="14.140519"><ele>286</ele></trkpt>
   <trkpt lat="49.987528" lon="14.139899"><ele>287</ele></trkpt>
   <trkpt lat="49.987497" lon="14.139732"><ele>287.5</ele></trkpt>
   <trkpt lat="49.987357" lon="14.139024"><ele>289.75</ele></trkpt>
   <trkpt lat="49.987216" lon="14.138435"><ele>293</ele></trkpt>
   <trkpt lat="49.987116" lon="14.138078"><ele>295</ele></trkpt>
   <trkpt lat="49.986741" lon="14.136809"><ele>300</ele></trkpt>
   <trkpt lat="49.986683" lon="14.13657"><ele>300.75</ele></trkpt>
   <trkpt lat="49.986635" lon="14.136288"><ele>301</ele></trkpt>
   <trkpt lat="49.986607" lon="14.136035"><ele>301.25</ele></trkpt>
   <trkpt lat="49.986587" lon="14.13575"><ele>301.75</ele></trkpt>
   <trkpt lat="49.986582" lon="14.135519"><ele>301.75</ele></trkpt>
   <trkpt lat="49.986589" lon="14.135235"><ele>301.75</ele></trkpt>
   <trkpt lat="49.986602" lon="14.135017"><ele>301.75</ele></trkpt>
   <trkpt lat="49.986629" lon="14.134783"><ele>301.75</ele></trkpt>
   <trkpt lat="49.986732" lon="14.134226"><ele>302.5</ele></trkpt>
   <trkpt lat="49.986855" lon="14.133693"><ele>302.75</ele></trkpt>
   <trkpt lat="49.986915" lon="14.133381"><ele>303.25</ele></trkpt>
   <trkpt lat="49.986952" lon="14.133142"><ele>304</ele></trkpt>
   <trkpt lat="49.986975" lon="14.132897"><ele>305</ele></trkpt>
   <trkpt lat="49.986992" lon="14.132614"><ele>305.75</ele></trkpt>
   <trkpt lat="49.986994" lon="14.132369"><ele>306.75</ele></trkpt>
   <trkpt lat="49.986988" lon="14.132117"><ele>307.5</ele></trkpt>
   <trkpt lat="49.986942" lon="14.131668"><ele>308.5</ele></trkpt>
   <trkpt lat="49.986901" lon="14.131428"><ele>309.5</ele></trkpt>
   <trkpt lat="49.986847" lon="14.131174"><ele>310.25</ele></trkpt>
   <trkpt lat="49.986777" lon="14.130923"><ele>310.75</ele></trkpt>
   <trkpt lat="49.986648" lon="14.130515"><ele>312.5</ele></trkpt>
   <trkpt lat="49.986022" lon="14.128565"><ele>315.75</ele></trkpt>
   <trkpt lat="49.985765" lon="14.127808"><ele>316.75</ele></trkpt>
   <trkpt lat="49.985627" lon="14.127438"><ele>317.75</ele></trkpt>
   <trkpt lat="49.984871" lon="14.125637"><ele>319</ele></trkpt>
   <trkpt lat="49.984779" lon="14.12542"><ele>319.25</ele></trkpt>
   <trkpt lat="49.984661" lon="14.125141"><ele>319.25</ele></trkpt>
   <trkpt lat="49.984536" lon="14.124874"><ele>319.25</ele></trkpt>
   <trkpt lat="49.984424" lon="14.124644"><ele>319.25</ele></trkpt>
   <trkpt lat="49.984302" lon="14.124431"><ele>319</ele></trkpt>
   <trkpt lat="49.984182" lon="14.124237"><ele>319</ele></trkpt>
   <trkpt lat="49.983892" lon="14.123835"><ele>319.75</ele></trkpt>
   <trkpt lat="49.983802" lon="14.123733"><ele>319.75</ele></trkpt>
   <trkpt lat="49.983655" lon="14.123571"><ele>320</ele></trkpt>
   <trkpt lat="49.98352" lon="14.123437"><ele>320</ele></trkpt>
   <trkpt lat="49.983273" lon="14.123229"><ele>320</ele></trkpt>
   <trkpt lat="49.983094" lon="14.123097"><ele>320.75</ele></trkpt>
   <trkpt lat="49.982043" lon="14.122492"><ele>320.75</ele></trkpt>
   <trkpt lat="49.981797" lon="14.12236"><ele>320</ele></trkpt>
   <trkpt lat="49.981757" lon="14.122337"><ele>320</ele></trkpt>
   <trkpt lat="49.981712" lon="14.122311"><ele>319.75</ele></trkpt>
   <trkpt lat="49.981605" lon="14.12225"><ele>319.5</ele></trkpt>
   <trkpt lat="49.981305" lon="14.122037"><ele>318.75</ele></trkpt>
   <trkpt lat="49.981168" lon="14.121914"><ele>318.25</ele></trkpt>
   <trkpt lat="49.980934" lon="14.121658"><ele>317</ele></trkpt>
   <trkpt lat="49.980742" lon="14.121383"><ele>316.25</ele></trkpt>
   <trkpt lat="49.980568" lon="14.121076"><ele>315.5</ele></trkpt>
   <trkpt lat="49.980477" lon="14.12088"><ele>314.75</ele></trkpt>
   <trkpt lat="49.980342" lon="14.120507"><ele>313.5</ele></trkpt>
   <trkpt lat="49.98029" lon="14.120339"><ele>313</ele></trkpt>
   <trkpt lat="49.980228" lon="14.120085"><ele>312.25</ele></trkpt>
   <trkpt lat="49.980171" lon="14.119785"><ele>311.75</ele></trkpt>
   <trkpt lat="49.980142" lon="14.119547"><ele>311.5</ele></trkpt>
   <trkpt lat="49.980116" lon="14.119247"><ele>311.25</ele></trkpt>
   <trkpt lat="49.980106" lon="14.118921"><ele>310</ele></trkpt>
   <trkpt lat="49.980117" lon="14.118632"><ele>308.75</ele></trkpt>
   <trkpt lat="49.980138" lon="14.11837"><ele>307.75</ele></trkpt>
   <trkpt lat="49.980193" lon="14.117996"><ele>307.5</ele></trkpt>
   <trkpt lat="49.980331" lon="14.117263"><ele>308</ele></trkpt>
   <trkpt lat="49.980382" lon="14.116953"><ele>308.25</ele></trkpt>
   <trkpt lat="49.980421" lon="14.116633"><ele>308.5</ele></trkpt>
   <trkpt lat="49.980435" lon="14.116364"><ele>308.25</ele></trkpt>
   <trkpt lat="49.98044" lon="14.116106"><ele>308</ele></trkpt>
   <trkpt lat="49.980434" lon="14.115834"><ele>307.5</ele></trkpt>
   <trkpt lat="49.980416" lon="14.115578"><ele>307.75</ele></trkpt>
   <trkpt lat="49.980388" lon="14.115324"><ele>308</ele></trkpt>
   <trkpt lat="49.980344" lon="14.115051"><ele>308</ele></trkpt>
   <trkpt lat="49.980286" lon="14.114759"><ele>307.25</ele></trkpt>
   <trkpt lat="49.98022" lon="14.114511"><ele>306.5</ele></trkpt>
   <trkpt lat="49.980139" lon="14.114258"><ele>305.5</ele></trkpt>
   <trkpt lat="49.980091" lon="14.114132"><ele>305</ele></trkpt>
   <trkpt lat="49.980033" lon="14.113981"><ele>304.75</ele></trkpt>
   <trkpt lat="49.979938" lon="14.113773"><ele>304</ele></trkpt>
   <trkpt lat="49.979511" lon="14.112903"><ele>299.75</ele></trkpt>
   <trkpt lat="49.979409" lon="14.112674"><ele>299</ele></trkpt>
   <trkpt lat="49.979337" lon="14.112487"><ele>298.25</ele></trkpt>
   <trkpt lat="49.979262" lon="14.112264"><ele>297.5</ele></trkpt>
   <trkpt lat="49.979193" lon="14.112024"><ele>296.75</ele></trkpt>
   <trkpt lat="49.979138" lon="14.111803"><ele>296.5</ele></trkpt>
   <trkpt lat="49.979047" lon="14.111271"><ele>295.5</ele></trkpt>
   <trkpt lat="49.979021" lon="14.111052"><ele>295.25</ele></trkpt>
   <trkpt lat="49.978888" lon="14.108867"><ele>290.5</ele></trkpt>
   <trkpt lat="49.978861" lon="14.108543"><ele>290.25</ele></trkpt>
   <trkpt lat="49.978829" lon="14.108265"><ele>290</ele></trkpt>
   <trkpt lat="49.978795" lon="14.108005"><ele>290.5</ele></trkpt>
   <trkpt lat="49.978745" lon="14.107689"><ele>290.75</ele></trkpt>
   <trkpt lat="49.978685" lon="14.10737"><ele>291</ele></trkpt>
   <trkpt lat="49.978558" lon="14.106793"><ele>290.75</ele></trkpt>
   <trkpt lat="49.978492" lon="14.106542"><ele>290</ele></trkpt>
   <trkpt lat="49.978404" lon="14.106238"><ele>288.75</ele></trkpt>
   <trkpt lat="49.978328" lon="14.106004"><ele>287.25</ele></trkpt>
   <trkpt lat="49.976215" lon="14.09972"><ele>276.25</ele></trkpt>
   <trkpt lat="49.975446" lon="14.09744"><ele>272</ele></trkpt>
   <trkpt lat="49.975425" lon="14.097376"><ele>271.75</ele></trkpt>
   <trkpt lat="49.975271" lon="14.096922"><ele>270</ele></trkpt>
   <trkpt lat="49.975154" lon="14.096535"><ele>268.5</ele></trkpt>
   <trkpt lat="49.974995" lon="14.09584"><ele>267.75</ele></trkpt>
   <trkpt lat="49.974938" lon="14.095514"><ele>268.5</ele></trkpt>
   <trkpt lat="49.974856" lon="14.094915"><ele>269.5</ele></trkpt>
   <trkpt lat="49.974828" lon="14.094589"><ele>269.5</ele></trkpt>
   <trkpt lat="49.974804" lon="14.093993"><ele>269</ele></trkpt>
   <trkpt lat="49.974792" lon="14.093418"><ele>268.25</ele></trkpt>
   <trkpt lat="49.97479" lon="14.093006"><ele>267.75</ele></trkpt>
   <trkpt lat="49.974789" lon="14.092916"><ele>267.75</ele></trkpt>
   <trkpt lat="49.974779" lon="14.091892"><ele>266.75</ele></trkpt>
   <trkpt lat="49.974766" lon="14.091392"><ele>267.25</ele></trkpt>
   <trkpt lat="49.974753" lon="14.091152"><ele>267.75</ele></trkpt>
   <trkpt lat="49.974724" lon="14.090852"><ele>267.75</ele></trkpt>
   <trkpt lat="49.974684" lon="14.090581"><ele>267.25</ele></trkpt>
   <trkpt lat="49.974611" lon="14.090236"><ele>265.75</ele></trkpt>
   <trkpt lat="49.974564" lon="14.090045"><ele>264.75</ele></trkpt>
   <trkpt lat="49.974494" lon="14.089813"><ele>263.75</ele></trkpt>
   <trkpt lat="49.974422" lon="14.089602"><ele>262.75</ele></trkpt>
   <trkpt lat="49.97435" lon="14.089419"><ele>261.25</ele></trkpt>
   <trkpt lat="49.974161" lon="14.089031"><ele>257.25</ele></trkpt>
   <trkpt lat="49.973916" lon="14.088568"><ele>256.5</ele></trkpt>
   <trkpt lat="49.972964" lon="14.086786"><ele>256</ele></trkpt>
   <trkpt lat="49.972621" lon="14.086088"><ele>253</ele></trkpt>
   <trkpt lat="49.972379" lon="14.085535"><ele>251.5</ele></trkpt>
   <trkpt lat="49.971884" lon="14.08433"><ele>246.75</ele></trkpt>
   <trkpt lat="49.971568" lon="14.083579"><ele>243</ele></trkpt>
   <trkpt lat="49.971448" lon="14.083337"><ele>242.5</ele></trkpt>
   <trkpt lat="49.971281" lon="14.083076"><ele>242</ele></trkpt>
   <trkpt lat="49.971067" lon="14.082785"><ele>240.25</ele></trkpt>
   <trkpt lat="49.970872" lon="14.082557"><ele>237.5</ele></trkpt>
   <trkpt lat="49.970637" lon="14.082346"><ele>238.25</ele></trkpt>
   <trkpt lat="49.970508" lon="14.082256"><ele>238.75</ele></trkpt>
   <trkpt lat="49.970259" lon="14.082103"><ele>239.25</ele></trkpt>
   <trkpt lat="49.970066" lon="14.082004"><ele>239.25</ele></trkpt>
   <trkpt lat="49.969802" lon="14.081867"><ele>237.25</ele></trkpt>
   <trkpt lat="49.969606" lon="14.081775"><ele>235.5</ele></trkpt>
   <trkpt lat="49.969399" lon="14.08169"><ele>234</ele></trkpt>
   <trkpt lat="49.969269" lon="14.081655"><ele>233.25</ele></trkpt>
   <trkpt lat="49.969052" lon="14.081631"><ele>232</ele></trkpt>
   <trkpt lat="49.968954" lon="14.081635"><ele>231.5</ele></trkpt>
   <trkpt lat="49.968803" lon="14.081657"><ele>230.75</ele></trkpt>
   <trkpt lat="49.968702" lon="14.081681"><ele>230.25</ele></trkpt>
   <trkpt lat="49.968565" lon="14.081732"><ele>229.75</ele></trkpt>
   <trkpt lat="49.968447" lon="14.081788"><ele>229.25</ele></trkpt>
   <trkpt lat="49.968325" lon="14.081864"><ele>228.75</ele></trkpt>
   <trkpt lat="49.968201" lon="14.081954"><ele>229</ele></trkpt>
   <trkpt lat="49.968016" lon="14.082129"><ele>229.25</ele></trkpt>
   <trkpt lat="49.96793" lon="14.082229"><ele>229.5</ele></trkpt>
   <trkpt lat="49.967853" lon="14.082325"><ele>229.5</ele></trkpt>
   <trkpt lat="49.967709" lon="14.082543"><ele>229.75</ele></trkpt>
   <trkpt lat="49.967351" lon="14.083143"><ele>230.5</ele></trkpt>
   <trkpt lat="49.967249" lon="14.083319"><ele>230.25</ele></trkpt>
   <trkpt lat="49.966643" lon="14.084359"><ele>229.75</ele></trkpt>
   <trkpt lat="49.966566" lon="14.084492"><ele>230</ele></trkpt>
   <trkpt lat="49.965261" lon="14.086726"><ele>228.5</ele></trkpt>
   <trkpt lat="49.964794" lon="14.08753"><ele>227.75</ele></trkpt>
   <trkpt lat="49.964671" lon="14.087726"><ele>228.75</ele></trkpt>
   <trkpt lat="49.964547" lon="14.087903"><ele>229.5</ele></trkpt>
   <trkpt lat="49.964374" lon="14.088114"><ele>230</ele></trkpt>
   <trkpt lat="49.964165" lon="14.088324"><ele>229.75</ele></trkpt>
   <trkpt lat="49.964037" lon="14.088434"><ele>230.25</ele></trkpt>
   <trkpt lat="49.963897" lon="14.088535"><ele>230.75</ele></trkpt>
   <trkpt lat="49.963635" lon="14.088683"><ele>231</ele></trkpt>
   <trkpt lat="49.963495" lon="14.088745"><ele>231</ele></trkpt>
   <trkpt lat="49.963345" lon="14.088792"><ele>231</ele></trkpt>
   <trkpt lat="49.963162" lon="14.08883"><ele>229.5</ele></trkpt>
   <trkpt lat="49.962902" lon="14.088848"><ele>227.25</ele></trkpt>
   <trkpt lat="49.96262" lon="14.088805"><ele>225</ele></trkpt>
   <trkpt lat="49.962494" lon="14.088767"><ele>223.75</ele></trkpt>
   <trkpt lat="49.962231" lon="14.088661"><ele>223.5</ele></trkpt>
   <trkpt lat="49.962158" lon="14.088628"><ele>223.25</ele></trkpt>
   <trkpt lat="49.962067" lon="14.088582"><ele>223.25</ele></trkpt>
   <trkpt lat="49.962018" lon="14.088553"><ele>223.25</ele></trkpt>
   <trkpt lat="49.961756" lon="14.088388"><ele>223</ele></trkpt>
   <trkpt lat="49.961621" lon="14.088279"><ele>222.5</ele></trkpt>
   <trkpt lat="49.961465" lon="14.088133"><ele>221.5</ele></trkpt>
   <trkpt lat="49.961331" lon="14.087985"><ele>221</ele></trkpt>
   <trkpt lat="49.961149" lon="14.087744"><ele>220.25</ele></trkpt>
   <trkpt lat="49.961052" lon="14.087601"><ele>220.25</ele></trkpt>
   <trkpt lat="49.959945" lon="14.085848"><ele>220.5</ele></trkpt>
   <trkpt lat="49.959942" lon="14.085843"><ele>220.5</ele></trkpt>
   <trkpt lat="49.959939" lon="14.085838"><ele>220.5</ele></trkpt>
   <trkpt lat="49.959572" lon="14.085258"><ele>220.75</ele></trkpt>
   <trkpt lat="49.959536" lon="14.085199"><ele>220.75</ele></trkpt>
   <trkpt lat="49.95937" lon="14.084925"><ele>222</ele></trkpt>
   <trkpt lat="49.959245" lon="14.08469"><ele>222.25</ele></trkpt>
   <trkpt lat="49.959092" lon="14.084349"><ele>223</ele></trkpt>
   <trkpt lat="49.958985" lon="14.084061"><ele>224.5</ele></trkpt>
   <trkpt lat="49.958893" lon="14.083764"><ele>225.75</ele></trkpt>
   <trkpt lat="49.958846" lon="14.083588"><ele>226</ele></trkpt>
   <trkpt lat="49.958669" lon="14.082904"><ele>226.5</ele></trkpt>
   <trkpt lat="49.958642" lon="14.082799"><ele>226.5</ele></trkpt>
   <trkpt lat="49.958484" lon="14.082178"><ele>226</ele></trkpt>
   <trkpt lat="49.958407" lon="14.081769"><ele>225.75</ele></trkpt>
   <trkpt lat="49.958389" lon="14.081654"><ele>225.5</ele></trkpt>
   <trkpt lat="49.95827" lon="14.080876"><ele>225.5</ele></trkpt>
   <trkpt lat="49.958152" lon="14.080102"><ele>228</ele></trkpt>
   <trkpt lat="49.958071" lon="14.079614"><ele>228</ele></trkpt>
   <trkpt lat="49.957963" lon="14.079046"><ele>227</ele></trkpt>
   <trkpt lat="49.957865" lon="14.078595"><ele>225.75</ele></trkpt>
   <trkpt lat="49.957383" lon="14.076669"><ele>225.5</ele></trkpt>
   <trkpt lat="49.957156" lon="14.075814"><ele>224</ele></trkpt>
   <trkpt lat="49.957123" lon="14.0757"><ele>223.75</ele></trkpt>
   <trkpt lat="49.956997" lon="14.075267"><ele>223.75</ele></trkpt>
   <trkpt lat="49.956943" lon="14.075082"><ele>223.5</ele></trkpt>
   <trkpt lat="49.956708" lon="14.074301"><ele>223.75</ele></trkpt>
   <trkpt lat="49.956568" lon="14.073836"><ele>225</ele></trkpt>
   <trkpt lat="49.956551" lon="14.073783"><ele>225</ele></trkpt>
   <trkpt lat="49.956535" lon="14.07373"><ele>225.25</ele></trkpt>
   <trkpt lat="49.956434" lon="14.073422"><ele>226</ele></trkpt>
   <trkpt lat="49.956287" lon="14.073035"><ele>226.25</ele></trkpt>
   <trkpt lat="49.956231" lon="14.07286"><ele>226.5</ele></trkpt>
   <trkpt lat="49.956161" lon="14.072606"><ele>226.5</ele></trkpt>
   <trkpt lat="49.956035" lon="14.072106"><ele>226.75</ele></trkpt>
   <trkpt lat="49.956017" lon="14.072034"><ele>226.75</ele></trkpt>
   <trkpt lat="49.956009" lon="14.072001"><ele>226.75</ele></trkpt>
   <trkpt lat="49.955861" lon="14.071411"><ele>226.25</ele></trkpt>
   <trkpt lat="49.955759" lon="14.071058"><ele>226.25</ele></trkpt>
   <trkpt lat="49.955556" lon="14.070428"><ele>226.5</ele></trkpt>
   <trkpt lat="49.955449" lon="14.070098"><ele>226.5</ele></trkpt>
   <trkpt lat="49.955345" lon="14.069775"><ele>227</ele></trkpt>
   <trkpt lat="49.955149" lon="14.069166"><ele>228</ele></trkpt>
   <trkpt lat="49.955089" lon="14.068951"><ele>228</ele></trkpt>
   <trkpt lat="49.955056" lon="14.068817"><ele>228.25</ele></trkpt>
   <trkpt lat="49.954969" lon="14.068463"><ele>228.25</ele></trkpt>
   <trkpt lat="49.954865" lon="14.068083"><ele>227.5</ele></trkpt>
   <trkpt lat="49.954813" lon="14.067931"><ele>227.25</ele></trkpt>
   <trkpt lat="49.95475" lon="14.067776"><ele>226.75</ele></trkpt>
   <trkpt lat="49.954614" lon="14.067469"><ele>225.75</ele></trkpt>
   <trkpt lat="49.954489" lon="14.06713"><ele>225.25</ele></trkpt>
   <trkpt lat="49.954389" lon="14.066797"><ele>224.75</ele></trkpt>
   <trkpt lat="49.954288" lon="14.066453"><ele>224.75</ele></trkpt>
   <trkpt lat="49.954229" lon="14.066275"><ele>224.75</ele></trkpt>
   <trkpt lat="49.954077" lon="14.065897"><ele>225</ele></trkpt>
   <trkpt lat="49.952811" lon="14.063044"><ele>225.75</ele></trkpt>
   <trkpt lat="49.951676" lon="14.060462"><ele>227.5</ele></trkpt>
   <trkpt lat="49.951567" lon="14.060218"><ele>229</ele></trkpt>
   <trkpt lat="49.951425" lon="14.05994"><ele>230.25</ele></trkpt>
   <trkpt lat="49.951256" lon="14.059627"><ele>231.75</ele></trkpt>
   <trkpt lat="49.951124" lon="14.059336"><ele>232</ele></trkpt>
   <trkpt lat="49.95097" lon="14.058943"><ele>231.5</ele></trkpt>
   <trkpt lat="49.950884" lon="14.058732"><ele>231</ele></trkpt>
   <trkpt lat="49.95086" lon="14.058678"><ele>230.75</ele></trkpt>
   <trkpt lat="49.950578" lon="14.058046"><ele>236.5</ele></trkpt>
   <trkpt lat="49.950362" lon="14.057543"><ele>237.5</ele></trkpt>
   <trkpt lat="49.95027" lon="14.057352"><ele>237.75</ele></trkpt>
   <trkpt lat="49.950163" lon="14.057155"><ele>237.75</ele></trkpt>
   <trkpt lat="49.949981" lon="14.056819"><ele>236.5</ele></trkpt>
   <trkpt lat="49.949791" lon="14.056413"><ele>240</ele></trkpt>
   <trkpt lat="49.949574" lon="14.05592"><ele>242.25</ele></trkpt>
   <trkpt lat="49.947363" lon="14.050837"><ele>233.75</ele></trkpt>
   <trkpt lat="49.947055" lon="14.05015"><ele>233.75</ele></trkpt>
   <trkpt lat="49.946248" lon="14.048346"><ele>231.5</ele></trkpt>
   <trkpt lat="49.946183" lon="14.048201"><ele>231.5</ele></trkpt>
   <trkpt lat="49.946072" lon="14.047931"><ele>231.75</ele></trkpt>
   <trkpt lat="49.945909" lon="14.047456"><ele>231.5</ele></trkpt>
   <trkpt lat="49.945801" lon="14.047189"><ele>232</ele></trkpt>
   <trkpt lat="49.945534" lon="14.046577"><ele>233</ele></trkpt>
   <trkpt lat="49.945429" lon="14.046337"><ele>233.25</ele></trkpt>
   <trkpt lat="49.945337" lon="14.046108"><ele>233.5</ele></trkpt>
   <trkpt lat="49.945176" lon="14.045659"><ele>233.5</ele></trkpt>
   <trkpt lat="49.945077" lon="14.045409"><ele>233.5</ele></trkpt>
   <trkpt lat="49.945036" lon="14.045313"><ele>233.25</ele></trkpt>
   <trkpt lat="49.944769" lon="14.044707"><ele>234</ele></trkpt>
   <trkpt lat="49.94376" lon="14.042397"><ele>234.5</ele></trkpt>
   <trkpt lat="49.943508" lon="14.041816"><ele>233</ele></trkpt>
   <trkpt lat="49.942813" lon="14.040224"><ele>234.5</ele></trkpt>
   <trkpt lat="49.941649" lon="14.037678"><ele>235.25</ele></trkpt>
   <trkpt lat="49.939807" lon="14.033451"><ele>237</ele></trkpt>
   <trkpt lat="49.939521" lon="14.032811"><ele>237.5</ele></trkpt>
   <trkpt lat="49.939387" lon="14.032519"><ele>238.25</ele></trkpt>
   <trkpt lat="49.9391" lon="14.031948"><ele>237.75</ele></trkpt>
   <trkpt lat="49.938791" lon="14.031411"><ele>237</ele></trkpt>
   <trkpt lat="49.938651" lon="14.031192"><ele>236.5</ele></trkpt>
   <trkpt lat="49.938504" lon="14.030969"><ele>235.5</ele></trkpt>
   <trkpt lat="49.938337" lon="14.030735"><ele>234.75</ele></trkpt>
   <trkpt lat="49.938015" lon="14.030332"><ele>235</ele></trkpt>
   <trkpt lat="49.937832" lon="14.030121"><ele>235.25</ele></trkpt>
   <trkpt lat="49.937249" lon="14.029509"><ele>236</ele></trkpt>
   <trkpt lat="49.934154" lon="14.026396"><ele>238.5</ele></trkpt>
   <trkpt lat="49.9316" lon="14.023831"><ele>238.75</ele></trkpt>
   <trkpt lat="49.931462" lon="14.02369"><ele>239</ele></trkpt>
   <trkpt lat="49.93012" lon="14.022344"><ele>240.5</ele></trkpt>
   <trkpt lat="49.929749" lon="14.02197"><ele>240.25</ele></trkpt>
   <trkpt lat="49.929302" lon="14.021504"><ele>240</ele></trkpt>
   <trkpt lat="49.928129" lon="14.020199"><ele>243.75</ele></trkpt>
   <trkpt lat="49.927637" lon="14.019637"><ele>245</ele></trkpt>
   <trkpt lat="49.926311" lon="14.018154"><ele>244.5</ele></trkpt>
   <trkpt lat="49.923915" lon="14.015464"><ele>249</ele></trkpt>
   <trkpt lat="49.923549" lon="14.015032"><ele>248.5</ele></trkpt>
   <trkpt lat="49.923221" lon="14.014631"><ele>248.75</ele></trkpt>
   <trkpt lat="49.922899" lon="14.014186"><ele>250.75</ele></trkpt>
   <trkpt lat="49.922591" lon="14.013699"><ele>250.5</ele></trkpt>
   <trkpt lat="49.922298" lon="14.013169"><ele>251.5</ele></trkpt>
   <trkpt lat="49.922085" lon="14.012731"><ele>252.5</ele></trkpt>
   <trkpt lat="49.921899" lon="14.012305"><ele>251.75</ele></trkpt>
   <trkpt lat="49.921716" lon="14.011853"><ele>251.5</ele></trkpt>
   <trkpt lat="49.921523" lon="14.011351"><ele>253.25</ele></trkpt>
   <trkpt lat="49.920391" lon="14.008377"><ele>256.75</ele></trkpt>
   <trkpt lat="49.920247" lon="14.008011"><ele>256.5</ele></trkpt>
   <trkpt lat="49.920097" lon="14.007629"><ele>255</ele></trkpt>
   <trkpt lat="49.919797" lon="14.006923"><ele>254.5</ele></trkpt>
   <trkpt lat="49.919477" lon="14.006213"><ele>252.75</ele></trkpt>
   <trkpt lat="49.919132" lon="14.005503"><ele>249.75</ele></trkpt>
   <trkpt lat="49.918277" lon="14.003847"><ele>256</ele></trkpt>
   <trkpt lat="49.918229" lon="14.003755"><ele>257.5</ele></trkpt>
   <trkpt lat="49.917925" lon="14.0032"><ele>262.75</ele></trkpt>
   <trkpt lat="49.917586" lon="14.002615"><ele>261.25</ele></trkpt>
   <trkpt lat="49.91741" lon="14.002339"><ele>259.25</ele></trkpt>
   <trkpt lat="49.91704" lon="14.001799"><ele>258.5</ele></trkpt>
   <trkpt lat="49.916934" lon="14.001638"><ele>258</ele></trkpt>
   <trkpt lat="49.915628" lon="13.999703"><ele>255.25</ele></trkpt>
   <trkpt lat="49.91505" lon="13.998856"><ele>253</ele></trkpt>
   <trkpt lat="49.913669" lon="13.996806"><ele>252</ele></trkpt>
   <trkpt lat="49.913322" lon="13.996281"><ele>252</ele></trkpt>
   <trkpt lat="49.913016" lon="13.995774"><ele>252.75</ele></trkpt>
   <trkpt lat="49.912864" lon="13.995499"><ele>253.25</ele></trkpt>
   <trkpt lat="49.912565" lon="13.994912"><ele>253.75</ele></trkpt>
   <trkpt lat="49.912436" lon="13.994633"><ele>254.75</ele></trkpt>
   <trkpt lat="49.912306" lon="13.994333"><ele>255.5</ele></trkpt>
   <trkpt lat="49.912081" lon="13.993773"><ele>256.5</ele></trkpt>
   <trkpt lat="49.911769" lon="13.992874"><ele>256.75</ele></trkpt>
   <trkpt lat="49.911383" lon="13.991575"><ele>256.75</ele></trkpt>
   <trkpt lat="49.911289" lon="13.991264"><ele>256</ele></trkpt>
   <trkpt lat="49.911089" lon="13.990671"><ele>254.75</ele></trkpt>
   <trkpt lat="49.910954" lon="13.990315"><ele>254.75</ele></trkpt>
   <trkpt lat="49.910823" lon="13.989929"><ele>254.75</ele></trkpt>
   <trkpt lat="49.91078" lon="13.989792"><ele>254.5</ele></trkpt>
   <trkpt lat="49.910569" lon="13.989106"><ele>253.75</ele></trkpt>
   <trkpt lat="49.910378" lon="13.988488"><ele>254.5</ele></trkpt>
   <trkpt lat="49.91015" lon="13.987745"><ele>256.25</ele></trkpt>
   <trkpt lat="49.910034" lon="13.98737"><ele>256.75</ele></trkpt>
   <trkpt lat="49.90991" lon="13.986931"><ele>256.25</ele></trkpt>
   <trkpt lat="49.909893" lon="13.986869"><ele>256</ele></trkpt>
   <trkpt lat="49.909754" lon="13.986426"><ele>256</ele></trkpt>
   <trkpt lat="49.909556" lon="13.985852"><ele>256</ele></trkpt>
   <trkpt lat="49.909273" lon="13.9848"><ele>256.5</ele></trkpt>
   <trkpt lat="49.909205" lon="13.984549"><ele>256.5</ele></trkpt>
   <trkpt lat="49.909189" lon="13.984491"><ele>256.5</ele></trkpt>
   <trkpt lat="49.909168" lon="13.984421"><ele>256.75</ele></trkpt>
   <trkpt lat="49.909042" lon="13.983996"><ele>256.75</ele></trkpt>
   <trkpt lat="49.908719" lon="13.98295"><ele>257</ele></trkpt>
   <trkpt lat="49.908136" lon="13.981042"><ele>257.25</ele></trkpt>
   <trkpt lat="49.907732" lon="13.979728"><ele>257.75</ele></trkpt>
   <trkpt lat="49.907036" lon="13.977463"><ele>258.5</ele></trkpt>
   <trkpt lat="49.906826" lon="13.976778"><ele>258.5</ele></trkpt>
   <trkpt lat="49.906659" lon="13.976232"><ele>259.5</ele></trkpt>
   <trkpt lat="49.906581" lon="13.975928"><ele>260</ele></trkpt>
   <trkpt lat="49.906547" lon="13.975767"><ele>260.25</ele></trkpt>
   <trkpt lat="49.906412" lon="13.97516"><ele>261</ele></trkpt>
   <trkpt lat="49.906315" lon="13.974804"><ele>261</ele></trkpt>
   <trkpt lat="49.90615" lon="13.974264"><ele>260.5</ele></trkpt>
   <trkpt lat="49.906125" lon="13.974178"><ele>260.5</ele></trkpt>
   <trkpt lat="49.906119" lon="13.974158"><ele>260.5</ele></trkpt>
   <trkpt lat="49.905957" lon="13.973636"><ele>260.75</ele></trkpt>
   <trkpt lat="49.905941" lon="13.973584"><ele>260.75</ele></trkpt>
   <trkpt lat="49.905681" lon="13.972583"><ele>261</ele></trkpt>
   <trkpt lat="49.905586" lon="13.97228"><ele>261.25</ele></trkpt>
   <trkpt lat="49.905535" lon="13.972116"><ele>261.5</ele></trkpt>
   <trkpt lat="49.905003" lon="13.970381"><ele>260.75</ele></trkpt>
   <trkpt lat="49.90487" lon="13.969956"><ele>260.5</ele></trkpt>
   <trkpt lat="49.904692" lon="13.969437"><ele>262.25</ele></trkpt>
   <trkpt lat="49.90446" lon="13.968834"><ele>263</ele></trkpt>
   <trkpt lat="49.904337" lon="13.968565"><ele>263</ele></trkpt>
   <trkpt lat="49.904199" lon="13.96827"><ele>263</ele></trkpt>
   <trkpt lat="49.904073" lon="13.968036"><ele>264</ele></trkpt>
   <trkpt lat="49.903931" lon="13.967789"><ele>265.5</ele></trkpt>
   <trkpt lat="49.903641" lon="13.967344"><ele>268.75</ele></trkpt>
   <trkpt lat="49.903494" lon="13.967148"><ele>269.5</ele></trkpt>
   <trkpt lat="49.903157" lon="13.966744"><ele>270.75</ele></trkpt>
   <trkpt lat="49.902819" lon="13.966405"><ele>272.5</ele></trkpt>
   <trkpt lat="49.90265" lon="13.966258"><ele>273.25</ele></trkpt>
   <trkpt lat="49.902281" lon="13.965976"><ele>275.25</ele></trkpt>
   <trkpt lat="49.901899" lon="13.96575"><ele>277.25</ele></trkpt>
   <trkpt lat="49.901503" lon="13.965562"><ele>278.25</ele></trkpt>
   <trkpt lat="49.901121" lon="13.965438"><ele>278.5</ele></trkpt>
   <trkpt lat="49.900893" lon="13.965387"><ele>278.75</ele></trkpt>
   <trkpt lat="49.900481" lon="13.965336"><ele>277</ele></trkpt>
   <trkpt lat="49.900245" lon="13.965329"><ele>276.25</ele></trkpt>
   <trkpt lat="49.899866" lon="13.965355"><ele>275</ele></trkpt>
   <trkpt lat="49.899471" lon="13.965428"><ele>273.25</ele></trkpt>
   <trkpt lat="49.899056" lon="13.965567"><ele>271.5</ele></trkpt>
   <trkpt lat="49.898619" lon="13.965743"><ele>270.25</ele></trkpt>
   <trkpt lat="49.896289" lon="13.966854"><ele>274.75</ele></trkpt>
   <trkpt lat="49.896282" lon="13.966857"><ele>274.75</ele></trkpt>
   <trkpt lat="49.895365" lon="13.967288"><ele>276.5</ele></trkpt>
   <trkpt lat="49.894951" lon="13.967455"><ele>276.5</ele></trkpt>
   <trkpt lat="49.89474" lon="13.967523"><ele>276.75</ele></trkpt>
   <trkpt lat="49.894364" lon="13.967608"><ele>277</ele></trkpt>
   <trkpt lat="49.894179" lon="13.967634"><ele>276.75</ele></trkpt>
   <trkpt lat="49.893788" lon="13.967653"><ele>277.25</ele></trkpt>
   <trkpt lat="49.893585" lon="13.967645"><ele>277.25</ele></trkpt>
   <trkpt lat="49.893399" lon="13.967626"><ele>277.25</ele></trkpt>
   <trkpt lat="49.89322" lon="13.967595"><ele>277.75</ele></trkpt>
   <trkpt lat="49.892932" lon="13.967534"><ele>278.5</ele></trkpt>
   <trkpt lat="49.892557" lon="13.967404"><ele>279.5</ele></trkpt>
   <trkpt lat="49.892386" lon="13.967331"><ele>279.75</ele></trkpt>
   <trkpt lat="49.891995" lon="13.967132"><ele>279.75</ele></trkpt>
   <trkpt lat="49.891816" lon="13.967018"><ele>279.5</ele></trkpt>
   <trkpt lat="49.891418" lon="13.966732"><ele>279.25</ele></trkpt>
   <trkpt lat="49.889854" lon="13.965525"><ele>281.25</ele></trkpt>
   <trkpt lat="49.889496" lon="13.965219"><ele>282</ele></trkpt>
   <trkpt lat="49.889156" lon="13.964904"><ele>282.5</ele></trkpt>
   <trkpt lat="49.888957" lon="13.964702"><ele>283.25</ele></trkpt>
   <trkpt lat="49.888603" lon="13.964291"><ele>283.75</ele></trkpt>
   <trkpt lat="49.888258" lon="13.963831"><ele>284.5</ele></trkpt>
   <trkpt lat="49.887935" lon="13.963336"><ele>284.75</ele></trkpt>
   <trkpt lat="49.887784" lon="13.963081"><ele>284.75</ele></trkpt>
   <trkpt lat="49.88762" lon="13.962785"><ele>285</ele></trkpt>
   <trkpt lat="49.887468" lon="13.962491"><ele>285</ele></trkpt>
   <trkpt lat="49.886646" lon="13.960817"><ele>286</ele></trkpt>
   <trkpt lat="49.88664" lon="13.960804"><ele>286</ele></trkpt>
   <trkpt lat="49.885855" lon="13.959195"><ele>288.75</ele></trkpt>
   <trkpt lat="49.88484" lon="13.957105"><ele>287</ele></trkpt>
   <trkpt lat="49.884687" lon="13.956793"><ele>287</ele></trkpt>
   <trkpt lat="49.883753" lon="13.954862"><ele>289.25</ele></trkpt>
   <trkpt lat="49.883488" lon="13.954264"><ele>292</ele></trkpt>
   <trkpt lat="49.883257" lon="13.953665"><ele>292</ele></trkpt>
   <trkpt lat="49.883154" lon="13.953372"><ele>292</ele></trkpt>
   <trkpt lat="49.883052" lon="13.953053"><ele>293.25</ele></trkpt>
   <trkpt lat="49.882956" lon="13.952721"><ele>294.5</ele></trkpt>
   <trkpt lat="49.882795" lon="13.952068"><ele>297.75</ele></trkpt>
   <trkpt lat="49.882724" lon="13.951742"><ele>299.5</ele></trkpt>
   <trkpt lat="49.882663" lon="13.951409"><ele>301.25</ele></trkpt>
   <trkpt lat="49.882601" lon="13.951047"><ele>303</ele></trkpt>
   <trkpt lat="49.882545" lon="13.950675"><ele>303.25</ele></trkpt>
   <trkpt lat="49.882329" lon="13.949176"><ele>292</ele></trkpt>
   <trkpt lat="49.88221" lon="13.948441"><ele>286</ele></trkpt>
   <trkpt lat="49.88207" lon="13.947748"><ele>286</ele></trkpt>
   <trkpt lat="49.881945" lon="13.94723"><ele>287.75</ele></trkpt>
   <trkpt lat="49.881914" lon="13.947107"><ele>288.25</ele></trkpt>
   <trkpt lat="49.881728" lon="13.946486"><ele>290.25</ele></trkpt>
   <trkpt lat="49.881621" lon="13.946179"><ele>291</ele></trkpt>
   <trkpt lat="49.881505" lon="13.945862"><ele>291.25</ele></trkpt>
   <trkpt lat="49.881389" lon="13.945575"><ele>291.5</ele></trkpt>
   <trkpt lat="49.881133" lon="13.945"><ele>292.25</ele></trkpt>
   <trkpt lat="49.88099" lon="13.944713"><ele>294</ele></trkpt>
   <trkpt lat="49.880695" lon="13.944183"><ele>298</ele></trkpt>
   <trkpt lat="49.88054" lon="13.943934"><ele>298.25</ele></trkpt>
   <trkpt lat="49.880131" lon="13.943335"><ele>301</ele></trkpt>
   <trkpt lat="49.880021" lon="13.943201"><ele>301.25</ele></trkpt>
   <trkpt lat="49.879678" lon="13.942798"><ele>302.5</ele></trkpt>
   <trkpt lat="49.879497" lon="13.942604"><ele>303.25</ele></trkpt>
   <trkpt lat="49.8793" lon="13.942409"><ele>304.5</ele></trkpt>
   <trkpt lat="49.878989" lon="13.942132"><ele>305.25</ele></trkpt>
   <trkpt lat="49.878881" lon="13.942039"><ele>305.25</ele></trkpt>
   <trkpt lat="49.877962" lon="13.941318"><ele>305</ele></trkpt>
   <trkpt lat="49.874574" lon="13.938706"><ele>307.75</ele></trkpt>
   <trkpt lat="49.873676" lon="13.938014"><ele>308.75</ele></trkpt>
   <trkpt lat="49.873368" lon="13.937757"><ele>309.5</ele></trkpt>
   <trkpt lat="49.872996" lon="13.937432"><ele>308.75</ele></trkpt>
   <trkpt lat="49.872876" lon="13.93731"><ele>308.25</ele></trkpt>
   <trkpt lat="49.872673" lon="13.937107"><ele>307.75</ele></trkpt>
   <trkpt lat="49.8723" lon="13.936673"><ele>308</ele></trkpt>
   <trkpt lat="49.871954" lon="13.936212"><ele>309.75</ele></trkpt>
   <trkpt lat="49.871794" lon="13.935971"><ele>310.5</ele></trkpt>
   <trkpt lat="49.871638" lon="13.935726"><ele>311.25</ele></trkpt>
   <trkpt lat="49.871341" lon="13.935201"><ele>312.25</ele></trkpt>
   <trkpt lat="49.871198" lon="13.934925"><ele>312.75</ele></trkpt>
   <trkpt lat="49.870908" lon="13.934307"><ele>313</ele></trkpt>
   <trkpt lat="49.870789" lon="13.934037"><ele>313.25</ele></trkpt>
   <trkpt lat="49.869257" lon="13.930505"><ele>317.5</ele></trkpt>
   <trkpt lat="49.86922" lon="13.93042"><ele>317.75</ele></trkpt>
   <trkpt lat="49.868969" lon="13.929842"><ele>319</ele></trkpt>
   <trkpt lat="49.868685" lon="13.929137"><ele>320.25</ele></trkpt>
   <trkpt lat="49.868429" lon="13.928413"><ele>320.5</ele></trkpt>
   <trkpt lat="49.868314" lon="13.92805"><ele>320</ele></trkpt>
   <trkpt lat="49.868046" lon="13.92708"><ele>318.75</ele></trkpt>
   <trkpt lat="49.867989" lon="13.926835"><ele>318.25</ele></trkpt>
   <trkpt lat="49.867772" lon="13.925807"><ele>318.25</ele></trkpt>
   <trkpt lat="49.866902" lon="13.921475"><ele>325</ele></trkpt>
   <trkpt lat="49.866898" lon="13.921459"><ele>325</ele></trkpt>
   <trkpt lat="49.866654" lon="13.920241"><ele>327</ele></trkpt>
   <trkpt lat="49.866494" lon="13.919501"><ele>327.5</ele></trkpt>
   <trkpt lat="49.866416" lon="13.919174"><ele>327.75</ele></trkpt>
   <trkpt lat="49.866235" lon="13.918517"><ele>327.25</ele></trkpt>
   <trkpt lat="49.866128" lon="13.918177"><ele>327.25</ele></trkpt>
   <trkpt lat="49.865932" lon="13.917627"><ele>327.25</ele></trkpt>
   <trkpt lat="49.865804" lon="13.917301"><ele>327</ele></trkpt>
   <trkpt lat="49.865548" lon="13.916733"><ele>327</ele></trkpt>
   <trkpt lat="49.865409" lon="13.916457"><ele>327.25</ele></trkpt>
   <trkpt lat="49.865274" lon="13.916197"><ele>327.25</ele></trkpt>
   <trkpt lat="49.864961" lon="13.915667"><ele>326.75</ele></trkpt>
   <trkpt lat="49.864787" lon="13.915406"><ele>325.75</ele></trkpt>
   <trkpt lat="49.864626" lon="13.915179"><ele>325</ele></trkpt>
   <trkpt lat="49.864454" lon="13.914952"><ele>324.25</ele></trkpt>
   <trkpt lat="49.86409" lon="13.914521"><ele>323.5</ele></trkpt>
   <trkpt lat="49.863897" lon="13.914321"><ele>323.75</ele></trkpt>
   <trkpt lat="49.863537" lon="13.913975"><ele>324.25</ele></trkpt>
   <trkpt lat="49.863344" lon="13.913811"><ele>324.75</ele></trkpt>
   <trkpt lat="49.86293" lon="13.913498"><ele>327</ele></trkpt>
   <trkpt lat="49.862735" lon="13.913374"><ele>328</ele></trkpt>
   <trkpt lat="49.862524" lon="13.913249"><ele>329</ele></trkpt>
   <trkpt lat="49.862088" lon="13.913031"><ele>331</ele></trkpt>
   <trkpt lat="49.861648" lon="13.912861"><ele>332.5</ele></trkpt>
   <trkpt lat="49.861419" lon="13.912791"><ele>333.25</ele></trkpt>
   <trkpt lat="49.860986" lon="13.912699"><ele>335</ele></trkpt>
   <trkpt lat="49.860774" lon="13.912667"><ele>335.5</ele></trkpt>
   <trkpt lat="49.860304" lon="13.912642"><ele>336.75</ele></trkpt>
   <trkpt lat="49.859868" lon="13.912666"><ele>337.5</ele></trkpt>
   <trkpt lat="49.859631" lon="13.912695"><ele>337.75</ele></trkpt>
   <trkpt lat="49.859385" lon="13.912743"><ele>337.75</ele></trkpt>
   <trkpt lat="49.859137" lon="13.912805"><ele>337.75</ele></trkpt>
   <trkpt lat="49.858674" lon="13.912937"><ele>336.75</ele></trkpt>
   <trkpt lat="49.858591" lon="13.912972"><ele>336.5</ele></trkpt>
   <trkpt lat="49.85815" lon="13.913151"><ele>336.75</ele></trkpt>
   <trkpt lat="49.858141" lon="13.913155"><ele>336.75</ele></trkpt>
   <trkpt lat="49.857419" lon="13.913459"><ele>338.25</ele></trkpt>
   <trkpt lat="49.856941" lon="13.913643"><ele>338</ele></trkpt>
   <trkpt lat="49.856491" lon="13.913766"><ele>338</ele></trkpt>
   <trkpt lat="49.856272" lon="13.913809"><ele>338.25</ele></trkpt>
   <trkpt lat="49.856044" lon="13.913842"><ele>338.5</ele></trkpt>
   <trkpt lat="49.855718" lon="13.913873"><ele>339</ele></trkpt>
   <trkpt lat="49.855634" lon="13.913874"><ele>339.5</ele></trkpt>
   <trkpt lat="49.855373" lon="13.913883"><ele>340.5</ele></trkpt>
   <trkpt lat="49.85514" lon="13.913865"><ele>341.75</ele></trkpt>
   <trkpt lat="49.854919" lon="13.913839"><ele>342.5</ele></trkpt>
   <trkpt lat="49.854473" lon="13.91375"><ele>344</ele></trkpt>
   <trkpt lat="49.854028" lon="13.913612"><ele>345.25</ele></trkpt>
   <trkpt lat="49.853817" lon="13.913525"><ele>345.75</ele></trkpt>
   <trkpt lat="49.853591" lon="13.913426"><ele>346.25</ele></trkpt>
   <trkpt lat="49.85317" lon="13.913195"><ele>347</ele></trkpt>
   <trkpt lat="49.852971" lon="13.91307"><ele>347</ele></trkpt>
   <trkpt lat="49.852759" lon="13.912924"><ele>347</ele></trkpt>
   <trkpt lat="49.852564" lon="13.912775"><ele>347</ele></trkpt>
   <trkpt lat="49.852176" lon="13.912441"><ele>346.25</ele></trkpt>
   <trkpt lat="49.851974" lon="13.912244"><ele>346</ele></trkpt>
   <trkpt lat="49.851587" lon="13.911826"><ele>345.75</ele></trkpt>
   <trkpt lat="49.851194" lon="13.911337"><ele>347.25</ele></trkpt>
   <trkpt lat="49.851003" lon="13.911073"><ele>348</ele></trkpt>
   <trkpt lat="49.848995" lon="13.908236"><ele>351.5</ele></trkpt>
   <trkpt lat="49.848555" lon="13.907618"><ele>352.5</ele></trkpt>
   <trkpt lat="49.847407" lon="13.905975"><ele>353</ele></trkpt>
   <trkpt lat="49.847097" lon="13.905533"><ele>354.5</ele></trkpt>
   <trkpt lat="49.846663" lon="13.904913"><ele>355.25</ele></trkpt>
   <trkpt lat="49.846606" lon="13.90483"><ele>355.25</ele></trkpt>
   <trkpt lat="49.846456" lon="13.904627"><ele>355.75</ele></trkpt>
   <trkpt lat="49.846232" lon="13.90436"><ele>356.25</ele></trkpt>
   <trkpt lat="49.846073" lon="13.904153"><ele>356.5</ele></trkpt>
   <trkpt lat="49.846034" lon="13.904097"><ele>356.75</ele></trkpt>
   <trkpt lat="49.845996" lon="13.90404"><ele>357</ele></trkpt>
   <trkpt lat="49.845821" lon="13.903814"><ele>357.5</ele></trkpt>
   <trkpt lat="49.845713" lon="13.903689"><ele>357</ele></trkpt>
   <trkpt lat="49.845567" lon="13.903507"><ele>357</ele></trkpt>
   <trkpt lat="49.845175" lon="13.902943"><ele>356.5</ele></trkpt>
   <trkpt lat="49.844856" lon="13.902438"><ele>356.75</ele></trkpt>
   <trkpt lat="49.844519" lon="13.901846"><ele>358.75</ele></trkpt>
   <trkpt lat="49.844214" lon="13.901267"><ele>359</ele></trkpt>
   <trkpt lat="49.843896" lon="13.900623"><ele>357</ele></trkpt>
   <trkpt lat="49.842897" lon="13.898559"><ele>356.75</ele></trkpt>
   <trkpt lat="49.842277" lon="13.897238"><ele>357.25</ele></trkpt>
   <trkpt lat="49.841815" lon="13.896315"><ele>358.75</ele></trkpt>
   <trkpt lat="49.841628" lon="13.895971"><ele>359</ele></trkpt>
   <trkpt lat="49.84148" lon="13.895718"><ele>359</ele></trkpt>
   <trkpt lat="49.841159" lon="13.895224"><ele>359.75</ele></trkpt>
   <trkpt lat="49.840762" lon="13.894582"><ele>361.5</ele></trkpt>
   <trkpt lat="49.840563" lon="13.894296"><ele>361.25</ele></trkpt>
   <trkpt lat="49.840457" lon="13.894157"><ele>361</ele></trkpt>
   <trkpt lat="49.840288" lon="13.893943"><ele>360.75</ele></trkpt>
   <trkpt lat="49.84013" lon="13.893749"><ele>361</ele></trkpt>
   <trkpt lat="49.839782" lon="13.893337"><ele>362.25</ele></trkpt>
   <trkpt lat="49.839628" lon="13.893134"><ele>362.25</ele></trkpt>
   <trkpt lat="49.839437" lon="13.892858"><ele>362.75</ele></trkpt>
   <trkpt lat="49.839285" lon="13.892659"><ele>363.25</ele></trkpt>
   <trkpt lat="49.839238" lon="13.892604"><ele>363.5</ele></trkpt>
   <trkpt lat="49.838975" lon="13.892293"><ele>363.25</ele></trkpt>
   <trkpt lat="49.838607" lon="13.891854"><ele>364.25</ele></trkpt>
   <trkpt lat="49.837997" lon="13.891124"><ele>362.5</ele></trkpt>
   <trkpt lat="49.837782" lon="13.890848"><ele>361.25</ele></trkpt>
   <trkpt lat="49.837535" lon="13.890508"><ele>360.5</ele></trkpt>
   <trkpt lat="49.837426" lon="13.890348"><ele>360.75</ele></trkpt>
   <trkpt lat="49.837096" lon="13.889838"><ele>361.25</ele></trkpt>
   <trkpt lat="49.836893" lon="13.8895"><ele>361.25</ele></trkpt>
   <trkpt lat="49.836127" lon="13.888173"><ele>365.5</ele></trkpt>
   <trkpt lat="49.833731" lon="13.884035"><ele>369.75</ele></trkpt>
   <trkpt lat="49.833532" lon="13.883683"><ele>369</ele></trkpt>
   <trkpt lat="49.833153" lon="13.88295"><ele>368.75</ele></trkpt>
   <trkpt lat="49.832863" lon="13.882325"><ele>369.5</ele></trkpt>
   <trkpt lat="49.832816" lon="13.882217"><ele>369.5</ele></trkpt>
   <trkpt lat="49.832636" lon="13.881799"><ele>370.5</ele></trkpt>
   <trkpt lat="49.832402" lon="13.881215"><ele>370.75</ele></trkpt>
   <trkpt lat="49.832264" lon="13.880852"><ele>370.5</ele></trkpt>
   <trkpt lat="49.832121" lon="13.880445"><ele>371.25</ele></trkpt>
   <trkpt lat="49.831855" lon="13.87962"><ele>372.25</ele></trkpt>
   <trkpt lat="49.83162" lon="13.878798"><ele>374</ele></trkpt>
   <trkpt lat="49.831521" lon="13.878424"><ele>375</ele></trkpt>
   <trkpt lat="49.831422" lon="13.878017"><ele>375.75</ele></trkpt>
   <trkpt lat="49.831236" lon="13.877184"><ele>379.5</ele></trkpt>
   <trkpt lat="49.831072" lon="13.876312"><ele>385</ele></trkpt>
   <trkpt lat="49.83096" lon="13.875631"><ele>386.25</ele></trkpt>
   <trkpt lat="49.830884" lon="13.875103"><ele>385.75</ele></trkpt>
   <trkpt lat="49.830776" lon="13.874245"><ele>385.5</ele></trkpt>
   <trkpt lat="49.830464" lon="13.871346"><ele>382.75</ele></trkpt>
   <trkpt lat="49.830202" lon="13.86893"><ele>379.75</ele></trkpt>
   <trkpt lat="49.830105" lon="13.868177"><ele>382.25</ele></trkpt>
   <trkpt lat="49.829983" lon="13.867459"><ele>385</ele></trkpt>
   <trkpt lat="49.829831" lon="13.866774"><ele>386.5</ele></trkpt>
   <trkpt lat="49.829659" lon="13.866149"><ele>385.25</ele></trkpt>
   <trkpt lat="49.829446" lon="13.865499"><ele>383.75</ele></trkpt>
   <trkpt lat="49.829322" lon="13.865163"><ele>383</ele></trkpt>
   <trkpt lat="49.829139" lon="13.864707"><ele>383</ele></trkpt>
   <trkpt lat="49.82906" lon="13.864513"><ele>383.5</ele></trkpt>
   <trkpt lat="49.827989" lon="13.862008"><ele>388.5</ele></trkpt>
   <trkpt lat="49.827704" lon="13.861313"><ele>389.75</ele></trkpt>
   <trkpt lat="49.827487" lon="13.86072"><ele>391.25</ele></trkpt>
   <trkpt lat="49.827291" lon="13.8601"><ele>393.5</ele></trkpt>
   <trkpt lat="49.827127" lon="13.859482"><ele>394.25</ele></trkpt>
   <trkpt lat="49.826982" lon="13.85882"><ele>395.25</ele></trkpt>
   <trkpt lat="49.826868" lon="13.858159"><ele>396.25</ele></trkpt>
   <trkpt lat="49.826783" lon="13.857496"><ele>397.25</ele></trkpt>
   <trkpt lat="49.82672" lon="13.856703"><ele>397.75</ele></trkpt>
   <trkpt lat="49.82669" lon="13.855521"><ele>398.5</ele></trkpt>
   <trkpt lat="49.826706" lon="13.854998"><ele>399</ele></trkpt>
   <trkpt lat="49.826744" lon="13.854439"><ele>399.25</ele></trkpt>
   <trkpt lat="49.826814" lon="13.853782"><ele>399.75</ele></trkpt>
   <trkpt lat="49.826954" lon="13.853"><ele>400.25</ele></trkpt>
   <trkpt lat="49.827098" lon="13.852311"><ele>401</ele></trkpt>
   <trkpt lat="49.827208" lon="13.851863"><ele>401</ele></trkpt>
   <trkpt lat="49.827368" lon="13.851313"><ele>400.25</ele></trkpt>
   <trkpt lat="49.827559" lon="13.850753"><ele>398.75</ele></trkpt>
   <trkpt lat="49.827771" lon="13.850206"><ele>398.75</ele></trkpt>
   <trkpt lat="49.828013" lon="13.849669"><ele>398.5</ele></trkpt>
   <trkpt lat="49.828254" lon="13.849195"><ele>398.25</ele></trkpt>
   <trkpt lat="49.828538" lon="13.848689"><ele>399</ele></trkpt>
   <trkpt lat="49.828645" lon="13.84851"><ele>399.25</ele></trkpt>
   <trkpt lat="49.830511" lon="13.845398"><ele>398.25</ele></trkpt>
   <trkpt lat="49.831686" lon="13.843444"><ele>398.75</ele></trkpt>
   <trkpt lat="49.832887" lon="13.841452"><ele>397.25</ele></trkpt>
   <trkpt lat="49.832958" lon="13.841328"><ele>397.25</ele></trkpt>
   <trkpt lat="49.833642" lon="13.840204"><ele>398</ele></trkpt>
   <trkpt lat="49.833977" lon="13.839693"><ele>398.25</ele></trkpt>
   <trkpt lat="49.834139" lon="13.839464"><ele>398.25</ele></trkpt>
   <trkpt lat="49.83448" lon="13.839015"><ele>399.5</ele></trkpt>
   <trkpt lat="49.834672" lon="13.838782"><ele>400.25</ele></trkpt>
   <trkpt lat="49.834862" lon="13.83857"><ele>400.75</ele></trkpt>
   <trkpt lat="49.83531" lon="13.838109"><ele>400.75</ele></trkpt>
   <trkpt lat="49.836523" lon="13.836934"><ele>401.5</ele></trkpt>
   <trkpt lat="49.837082" lon="13.836394"><ele>402</ele></trkpt>
   <trkpt lat="49.837462" lon="13.836014"><ele>402.5</ele></trkpt>
   <trkpt lat="49.837602" lon="13.835862"><ele>402.75</ele></trkpt>
   <trkpt lat="49.837889" lon="13.835545"><ele>403</ele></trkpt>
   <trkpt lat="49.837977" lon="13.835437"><ele>403</ele></trkpt>
   <trkpt lat="49.838355" lon="13.834968"><ele>403</ele></trkpt>
   <trkpt lat="49.838674" lon="13.834515"><ele>404.75</ele></trkpt>
   <trkpt lat="49.83901" lon="13.83395"><ele>407</ele></trkpt>
   <trkpt lat="49.839175" lon="13.833655"><ele>408</ele></trkpt>
   <trkpt lat="49.83933" lon="13.833366"><ele>409</ele></trkpt>
   <trkpt lat="49.839619" lon="13.832779"><ele>411</ele></trkpt>
   <trkpt lat="49.839757" lon="13.832467"><ele>412</ele></trkpt>
   <trkpt lat="49.84001" lon="13.831841"><ele>414.25</ele></trkpt>
   <trkpt lat="49.840232" lon="13.831205"><ele>415</ele></trkpt>
   <trkpt lat="49.840329" lon="13.830908"><ele>415.25</ele></trkpt>
   <trkpt lat="49.840447" lon="13.830511"><ele>415.25</ele></trkpt>
   <trkpt lat="49.840632" lon="13.829792"><ele>415.75</ele></trkpt>
   <trkpt lat="49.84078" lon="13.829108"><ele>416.25</ele></trkpt>
   <trkpt lat="49.840844" lon="13.828767"><ele>416.25</ele></trkpt>
   <trkpt lat="49.840909" lon="13.828374"><ele>416.25</ele></trkpt>
   <trkpt lat="49.840962" lon="13.828002"><ele>417</ele></trkpt>
   <trkpt lat="49.841049" lon="13.827236"><ele>418</ele></trkpt>
   <trkpt lat="49.841081" lon="13.826861"><ele>417.75</ele></trkpt>
   <trkpt lat="49.841103" lon="13.82651"><ele>417.75</ele></trkpt>
   <trkpt lat="49.84113" lon="13.825764"><ele>417.25</ele></trkpt>
   <trkpt lat="49.841129" lon="13.825013"><ele>416.5</ele></trkpt>
   <trkpt lat="49.841117" lon="13.824623"><ele>416</ele></trkpt>
   <trkpt lat="49.841099" lon="13.824271"><ele>415.5</ele></trkpt>
   <trkpt lat="49.841043" lon="13.823537"><ele>415.5</ele></trkpt>
   <trkpt lat="49.841" lon="13.823144"><ele>415.5</ele></trkpt>
   <trkpt lat="49.840957" lon="13.822819"><ele>415.75</ele></trkpt>
   <trkpt lat="49.840955" lon="13.822803"><ele>415.75</ele></trkpt>
   <trkpt lat="49.840894" lon="13.822389"><ele>415.75</ele></trkpt>
   <trkpt lat="49.840779" lon="13.821725"><ele>415.5</ele></trkpt>
   <trkpt lat="49.840638" lon="13.82108"><ele>415</ele></trkpt>
   <trkpt lat="49.840459" lon="13.820386"><ele>415.5</ele></trkpt>
   <trkpt lat="49.840358" lon="13.820037"><ele>416</ele></trkpt>
   <trkpt lat="49.840151" lon="13.819393"><ele>417.75</ele></trkpt>
   <trkpt lat="49.839915" lon="13.818759"><ele>417.75</ele></trkpt>
   <trkpt lat="49.839668" lon="13.81812"><ele>418.25</ele></trkpt>
   <trkpt lat="49.838302" lon="13.814662"><ele>423.25</ele></trkpt>
   <trkpt lat="49.83806" lon="13.814031"><ele>422</ele></trkpt>
   <trkpt lat="49.837817" lon="13.813334"><ele>422</ele></trkpt>
   <trkpt lat="49.837609" lon="13.812669"><ele>423.25</ele></trkpt>
   <trkpt lat="49.83735" lon="13.811715"><ele>421.25</ele></trkpt>
   <trkpt lat="49.837246" lon="13.811322"><ele>421</ele></trkpt>
   <trkpt lat="49.837008" lon="13.810411"><ele>421.5</ele></trkpt>
   <trkpt lat="49.836544" lon="13.808682"><ele>425</ele></trkpt>
   <trkpt lat="49.836538" lon="13.808658"><ele>425</ele></trkpt>
   <trkpt lat="49.835417" lon="13.804466"><ele>431.75</ele></trkpt>
   <trkpt lat="49.834999" lon="13.802925"><ele>434.25</ele></trkpt>
   <trkpt lat="49.834587" lon="13.801369"><ele>438.75</ele></trkpt>
   <trkpt lat="49.8344" lon="13.800617"><ele>440.25</ele></trkpt>
   <trkpt lat="49.834248" lon="13.799886"><ele>441.5</ele></trkpt>
   <trkpt lat="49.834126" lon="13.799158"><ele>442</ele></trkpt>
   <trkpt lat="49.834077" lon="13.798797"><ele>442</ele></trkpt>
   <trkpt lat="49.834033" lon="13.79841"><ele>442.25</ele></trkpt>
   <trkpt lat="49.833996" lon="13.79802"><ele>443.25</ele></trkpt>
   <trkpt lat="49.833962" lon="13.797594"><ele>444.5</ele></trkpt>
   <trkpt lat="49.833829" lon="13.795238"><ele>444.5</ele></trkpt>
   <trkpt lat="49.833681" lon="13.792627"><ele>442.75</ele></trkpt>
   <trkpt lat="49.833665" lon="13.792323"><ele>442</ele></trkpt>
   <trkpt lat="49.83364" lon="13.791879"><ele>441.25</ele></trkpt>
   <trkpt lat="49.833621" lon="13.791553"><ele>440.75</ele></trkpt>
   <trkpt lat="49.833566" lon="13.790834"><ele>440</ele></trkpt>
   <trkpt lat="49.833536" lon="13.790517"><ele>439.75</ele></trkpt>
   <trkpt lat="49.833499" lon="13.790195"><ele>439.75</ele></trkpt>
   <trkpt lat="49.833417" lon="13.789613"><ele>440.25</ele></trkpt>
   <trkpt lat="49.833306" lon="13.78901"><ele>441</ele></trkpt>
   <trkpt lat="49.833241" lon="13.788716"><ele>441</ele></trkpt>
   <trkpt lat="49.833088" lon="13.78811"><ele>441.5</ele></trkpt>
   <trkpt lat="49.832906" lon="13.787501"><ele>442</ele></trkpt>
   <trkpt lat="49.832703" lon="13.786934"><ele>442.75</ele></trkpt>
   <trkpt lat="49.832461" lon="13.786349"><ele>443.75</ele></trkpt>
   <trkpt lat="49.832324" lon="13.786051"><ele>444.5</ele></trkpt>
   <trkpt lat="49.832188" lon="13.785778"><ele>445.25</ele></trkpt>
   <trkpt lat="49.832037" lon="13.785495"><ele>445.5</ele></trkpt>
   <trkpt lat="49.831895" lon="13.785248"><ele>445.5</ele></trkpt>
   <trkpt lat="49.831572" lon="13.784736"><ele>445.5</ele></trkpt>
   <trkpt lat="49.831412" lon="13.784508"><ele>445.75</ele></trkpt>
   <trkpt lat="49.831258" lon="13.784307"><ele>445.5</ele></trkpt>
   <trkpt lat="49.830903" lon="13.78388"><ele>445</ele></trkpt>
   <trkpt lat="49.830707" lon="13.783662"><ele>445.75</ele></trkpt>
   <trkpt lat="49.830517" lon="13.783473"><ele>447</ele></trkpt>
   <trkpt lat="49.830317" lon="13.783289"><ele>447.75</ele></trkpt>
   <trkpt lat="49.829916" lon="13.782956"><ele>448</ele></trkpt>
   <trkpt lat="49.829477" lon="13.782654"><ele>445.5</ele></trkpt>
   <trkpt lat="49.828976" lon="13.782368"><ele>443.5</ele></trkpt>
   <trkpt lat="49.828158" lon="13.781942"><ele>440.25</ele></trkpt>
   <trkpt lat="49.827891" lon="13.781801"><ele>439</ele></trkpt>
   <trkpt lat="49.827749" lon="13.781728"><ele>438.75</ele></trkpt>
   <trkpt lat="49.826074" lon="13.780867"><ele>438.25</ele></trkpt>
   <trkpt lat="49.826057" lon="13.780858"><ele>438.25</ele></trkpt>
   <trkpt lat="49.821833" lon="13.778667"><ele>448.25</ele></trkpt>
   <trkpt lat="49.815616" lon="13.77546"><ele>449.25</ele></trkpt>
   <trkpt lat="49.815603" lon="13.775453"><ele>449.25</ele></trkpt>
   <trkpt lat="49.812054" lon="13.773622"><ele>448.5</ele></trkpt>
   <trkpt lat="49.811971" lon="13.77358"><ele>448.5</ele></trkpt>
   <trkpt lat="49.810117" lon="13.772614"><ele>454.75</ele></trkpt>
   <trkpt lat="49.807547" lon="13.771292"><ele>465.25</ele></trkpt>
   <trkpt lat="49.80661" lon="13.770798"><ele>464.5</ele></trkpt>
   <trkpt lat="49.806174" lon="13.770566"><ele>462</ele></trkpt>
   <trkpt lat="49.804138" lon="13.769532"><ele>456.25</ele></trkpt>
   <trkpt lat="49.804108" lon="13.769515"><ele>456.25</ele></trkpt>
   <trkpt lat="49.803898" lon="13.769428"><ele>456.75</ele></trkpt>
   <trkpt lat="49.803641" lon="13.769343"><ele>457.25</ele></trkpt>
   <trkpt lat="49.803398" lon="13.769247"><ele>457.5</ele></trkpt>
   <trkpt lat="49.803326" lon="13.769213"><ele>457.25</ele></trkpt>
   <trkpt lat="49.80304" lon="13.769041"><ele>457.25</ele></trkpt>
   <trkpt lat="49.802768" lon="13.768848"><ele>457.25</ele></trkpt>
   <trkpt lat="49.80253" lon="13.768701"><ele>457.75</ele></trkpt>
   <trkpt lat="49.802482" lon="13.768676"><ele>457.75</ele></trkpt>
   <trkpt lat="49.802404" lon="13.768632"><ele>457.75</ele></trkpt>
   <trkpt lat="49.801791" lon="13.768254"><ele>457.75</ele></trkpt>
   <trkpt lat="49.800451" lon="13.767562"><ele>459.75</ele></trkpt>
   <trkpt lat="49.799589" lon="13.767111"><ele>459.25</ele></trkpt>
   <trkpt lat="49.799151" lon="13.766853"><ele>459.75</ele></trkpt>
   <trkpt lat="49.79892" lon="13.766706"><ele>459.5</ele></trkpt>
   <trkpt lat="49.798741" lon="13.76658"><ele>459.5</ele></trkpt>
   <trkpt lat="49.798528" lon="13.766427"><ele>459.5</ele></trkpt>
   <trkpt lat="49.798141" lon="13.766098"><ele>460</ele></trkpt>
   <trkpt lat="49.797664" lon="13.765667"><ele>459.75</ele></trkpt>
   <trkpt lat="49.797432" lon="13.765436"><ele>459.5</ele></trkpt>
   <trkpt lat="49.797008" lon="13.764962"><ele>458.5</ele></trkpt>
   <trkpt lat="49.796603" lon="13.764444"><ele>456</ele></trkpt>
   <trkpt lat="49.796217" lon="13.763891"><ele>455.5</ele></trkpt>
   <trkpt lat="49.795861" lon="13.763311"><ele>455</ele></trkpt>
   <trkpt lat="49.795573" lon="13.762794"><ele>454.75</ele></trkpt>
   <trkpt lat="49.795277" lon="13.762218"><ele>454.25</ele></trkpt>
   <trkpt lat="49.795078" lon="13.76186"><ele>454</ele></trkpt>
   <trkpt lat="49.794995" lon="13.761729"><ele>453.75</ele></trkpt>
   <trkpt lat="49.794816" lon="13.761401"><ele>453</ele></trkpt>
   <trkpt lat="49.794355" lon="13.760453"><ele>452</ele></trkpt>
   <trkpt lat="49.794321" lon="13.760384"><ele>451.75</ele></trkpt>
   <trkpt lat="49.79431" lon="13.76036"><ele>451.75</ele></trkpt>
   <trkpt lat="49.794253" lon="13.760249"><ele>451.75</ele></trkpt>
   <trkpt lat="49.793869" lon="13.759475"><ele>451.75</ele></trkpt>
   <trkpt lat="49.793372" lon="13.758484"><ele>452.75</ele></trkpt>
   <trkpt lat="49.793051" lon="13.757891"><ele>451.25</ele></trkpt>
   <trkpt lat="49.7929" lon="13.75763"><ele>451.25</ele></trkpt>
   <trkpt lat="49.79273" lon="13.757361"><ele>451.25</ele></trkpt>
   <trkpt lat="49.792381" lon="13.756849"><ele>451.25</ele></trkpt>
   <trkpt lat="49.792213" lon="13.756623"><ele>452</ele></trkpt>
   <trkpt lat="49.792049" lon="13.756421"><ele>452.25</ele></trkpt>
   <trkpt lat="49.791845" lon="13.756178"><ele>451.5</ele></trkpt>
   <trkpt lat="49.791664" lon="13.755978"><ele>450.25</ele></trkpt>
   <trkpt lat="49.791448" lon="13.755752"><ele>449.25</ele></trkpt>
   <trkpt lat="49.791027" lon="13.755355"><ele>447.5</ele></trkpt>
   <trkpt lat="49.790375" lon="13.754806"><ele>444.25</ele></trkpt>
   <trkpt lat="49.789893" lon="13.754419"><ele>442.5</ele></trkpt>
   <trkpt lat="49.789441" lon="13.754034"><ele>443.5</ele></trkpt>
   <trkpt lat="49.789009" lon="13.753642"><ele>443.25</ele></trkpt>
   <trkpt lat="49.78862" lon="13.753233"><ele>443</ele></trkpt>
   <trkpt lat="49.788249" lon="13.752787"><ele>442.75</ele></trkpt>
   <trkpt lat="49.787881" lon="13.752294"><ele>443.75</ele></trkpt>
   <trkpt lat="49.787546" lon="13.751776"><ele>444.75</ele></trkpt>
   <trkpt lat="49.787234" lon="13.751227"><ele>445.25</ele></trkpt>
   <trkpt lat="49.786936" lon="13.750629"><ele>445.75</ele></trkpt>
   <trkpt lat="49.786664" lon="13.750016"><ele>446</ele></trkpt>
   <trkpt lat="49.786415" lon="13.749367"><ele>447.5</ele></trkpt>
   <trkpt lat="49.786185" lon="13.748694"><ele>449</ele></trkpt>
   <trkpt lat="49.785363" lon="13.746111"><ele>447.25</ele></trkpt>
   <trkpt lat="49.785356" lon="13.746089"><ele>447.25</ele></trkpt>
   <trkpt lat="49.784136" lon="13.742271"><ele>442</ele></trkpt>
   <trkpt lat="49.784075" lon="13.742081"><ele>442.25</ele></trkpt>
   <trkpt lat="49.783287" lon="13.739576"><ele>445.75</ele></trkpt>
   <trkpt lat="49.78171" lon="13.734625"><ele>440.25</ele></trkpt>
   <trkpt lat="49.781665" lon="13.734481"><ele>440.25</ele></trkpt>
   <trkpt lat="49.781619" lon="13.734341"><ele>440.25</ele></trkpt>
   <trkpt lat="49.781418" lon="13.733644"><ele>438.75</ele></trkpt>
   <trkpt lat="49.781238" lon="13.73293"><ele>439</ele></trkpt>
   <trkpt lat="49.781083" lon="13.732211"><ele>438.5</ele></trkpt>
   <trkpt lat="49.780955" lon="13.731467"><ele>437.75</ele></trkpt>
   <trkpt lat="49.780852" lon="13.730701"><ele>438.75</ele></trkpt>
   <trkpt lat="49.780501" lon="13.727502"><ele>434.75</ele></trkpt>
   <trkpt lat="49.780497" lon="13.727473"><ele>434.5</ele></trkpt>
   <trkpt lat="49.7804" lon="13.72658"><ele>432.75</ele></trkpt>
   <trkpt lat="49.780372" lon="13.726323"><ele>432.5</ele></trkpt>
   <trkpt lat="49.780123" lon="13.724041"><ele>435</ele></trkpt>
   <trkpt lat="49.780026" lon="13.723246"><ele>436.5</ele></trkpt>
   <trkpt lat="49.779974" lon="13.722861"><ele>437.25</ele></trkpt>
   <trkpt lat="49.779849" lon="13.722122"><ele>438.25</ele></trkpt>
   <trkpt lat="49.779771" lon="13.721734"><ele>438.5</ele></trkpt>
   <trkpt lat="49.779604" lon="13.720996"><ele>437.5</ele></trkpt>
   <trkpt lat="49.779019" lon="13.71869"><ele>434.25</ele></trkpt>
   <trkpt lat="49.778564" lon="13.716886"><ele>431.75</ele></trkpt>
   <trkpt lat="49.778491" lon="13.71659"><ele>431.25</ele></trkpt>
   <trkpt lat="49.777488" lon="13.71266"><ele>430.25</ele></trkpt>
   <trkpt lat="49.777315" lon="13.711973"><ele>429.5</ele></trkpt>
   <trkpt lat="49.776542" lon="13.708927"><ele>427.25</ele></trkpt>
   <trkpt lat="49.776531" lon="13.708882"><ele>427.25</ele></trkpt>
   <trkpt lat="49.776424" lon="13.708517"><ele>427.75</ele></trkpt>
   <trkpt lat="49.776238" lon="13.707912"><ele>428.75</ele></trkpt>
   <trkpt lat="49.776225" lon="13.707858"><ele>428.75</ele></trkpt>
   <trkpt lat="49.776211" lon="13.7078"><ele>428.75</ele></trkpt>
   <trkpt lat="49.776061" lon="13.707211"><ele>429.75</ele></trkpt>
   <trkpt lat="49.775965" lon="13.706879"><ele>430.25</ele></trkpt>
   <trkpt lat="49.775891" lon="13.70666"><ele>430.5</ele></trkpt>
   <trkpt lat="49.775806" lon="13.706383"><ele>431</ele></trkpt>
   <trkpt lat="49.775655" lon="13.705791"><ele>431.5</ele></trkpt>
   <trkpt lat="49.775102" lon="13.703616"><ele>429.75</ele></trkpt>
   <trkpt lat="49.774884" lon="13.702799"><ele>428.75</ele></trkpt>
   <trkpt lat="49.774666" lon="13.702085"><ele>428</ele></trkpt>
   <trkpt lat="49.773952" lon="13.700039"><ele>426.5</ele></trkpt>
   <trkpt lat="49.773182" lon="13.697859"><ele>427</ele></trkpt>
   <trkpt lat="49.773129" lon="13.697712"><ele>427</ele></trkpt>
   <trkpt lat="49.77302" lon="13.697455"><ele>426.75</ele></trkpt>
   <trkpt lat="49.772841" lon="13.696999"><ele>425.75</ele></trkpt>
   <trkpt lat="49.772743" lon="13.69673"><ele>425.5</ele></trkpt>
   <trkpt lat="49.772633" lon="13.696454"><ele>425.25</ele></trkpt>
   <trkpt lat="49.772587" lon="13.696352"><ele>425.25</ele></trkpt>
   <trkpt lat="49.772244" lon="13.695584"><ele>424.75</ele></trkpt>
   <trkpt lat="49.771773" lon="13.694552"><ele>423</ele></trkpt>
   <trkpt lat="49.771516" lon="13.694033"><ele>422</ele></trkpt>
   <trkpt lat="49.77129" lon="13.693621"><ele>422</ele></trkpt>
   <trkpt lat="49.771119" lon="13.693336"><ele>422</ele></trkpt>
   <trkpt lat="49.770947" lon="13.693079"><ele>422.25</ele></trkpt>
   <trkpt lat="49.770658" lon="13.692674"><ele>422.25</ele></trkpt>
   <trkpt lat="49.770352" lon="13.692305"><ele>422</ele></trkpt>
   <trkpt lat="49.770001" lon="13.69193"><ele>420.75</ele></trkpt>
   <trkpt lat="49.769933" lon="13.691867"><ele>421</ele></trkpt>
   <trkpt lat="49.769689" lon="13.69164"><ele>421.75</ele></trkpt>
   <trkpt lat="49.769317" lon="13.691322"><ele>422.25</ele></trkpt>
   <trkpt lat="49.768516" lon="13.690674"><ele>423</ele></trkpt>
   <trkpt lat="49.768142" lon="13.69035"><ele>422.75</ele></trkpt>
   <trkpt lat="49.767732" lon="13.68996"><ele>423.25</ele></trkpt>
   <trkpt lat="49.767657" lon="13.689877"><ele>423.5</ele></trkpt>
   <trkpt lat="49.767445" lon="13.689642"><ele>423.5</ele></trkpt>
   <trkpt lat="49.767132" lon="13.689236"><ele>423.5</ele></trkpt>
   <trkpt lat="49.76686" lon="13.688846"><ele>423.5</ele></trkpt>
   <trkpt lat="49.766607" lon="13.688436"><ele>423</ele></trkpt>
   <trkpt lat="49.766346" lon="13.687965"><ele>424.25</ele></trkpt>
   <trkpt lat="49.766097" lon="13.687457"><ele>423.75</ele></trkpt>
   <trkpt lat="49.765608" lon="13.686341"><ele>423.5</ele></trkpt>
   <trkpt lat="49.762049" lon="13.677965"><ele>419.75</ele></trkpt>
   <trkpt lat="49.762042" lon="13.677947"><ele>419.75</ele></trkpt>
   <trkpt lat="49.757771" lon="13.667913"><ele>409.25</ele></trkpt>
   <trkpt lat="49.757662" lon="13.667654"><ele>409</ele></trkpt>
   <trkpt lat="49.756823" lon="13.665679"><ele>407.75</ele></trkpt>
   <trkpt lat="49.756483" lon="13.664832"><ele>405</ele></trkpt>
   <trkpt lat="49.756271" lon="13.664235"><ele>403.75</ele></trkpt>
   <trkpt lat="49.756188" lon="13.663972"><ele>403.5</ele></trkpt>
   <trkpt lat="49.756017" lon="13.663351"><ele>403.75</ele></trkpt>
   <trkpt lat="49.755881" lon="13.662734"><ele>403.25</ele></trkpt>
   <trkpt lat="49.755825" lon="13.662437"><ele>403</ele></trkpt>
   <trkpt lat="49.755727" lon="13.661828"><ele>403.5</ele></trkpt>
   <trkpt lat="49.755606" lon="13.660851"><ele>405.25</ele></trkpt>
   <trkpt lat="49.755288" lon="13.65799"><ele>402.75</ele></trkpt>
   <trkpt lat="49.755272" lon="13.65785"><ele>402</ele></trkpt>
   <trkpt lat="49.755261" lon="13.657744"><ele>401.5</ele></trkpt>
   <trkpt lat="49.755259" lon="13.657731"><ele>401.5</ele></trkpt>
   <trkpt lat="49.755237" lon="13.657523"><ele>400.25</ele></trkpt>
   <trkpt lat="49.755212" lon="13.657305"><ele>400.25</ele></trkpt>
   <trkpt lat="49.755064" lon="13.655975"><ele>398.25</ele></trkpt>
   <trkpt lat="49.754747" lon="13.653108"><ele>398.25</ele></trkpt>
   <trkpt lat="49.754662" lon="13.65239"><ele>398</ele></trkpt>
   <trkpt lat="49.754561" lon="13.651717"><ele>398.5</ele></trkpt>
   <trkpt lat="49.754446" lon="13.651117"><ele>398.25</ele></trkpt>
   <trkpt lat="49.754317" lon="13.650582"><ele>398.5</ele></trkpt>
   <trkpt lat="49.754151" lon="13.649989"><ele>400.25</ele></trkpt>
   <trkpt lat="49.753958" lon="13.64941"><ele>403.25</ele></trkpt>
   <trkpt lat="49.75374" lon="13.648847"><ele>405.5</ele></trkpt>
   <trkpt lat="49.753481" lon="13.648262"><ele>406.75</ele></trkpt>
   <trkpt lat="49.752101" lon="13.645315"><ele>404.75</ele></trkpt>
   <trkpt lat="49.751972" lon="13.645025"><ele>404.5</ele></trkpt>
   <trkpt lat="49.751735" lon="13.644459"><ele>404.25</ele></trkpt>
   <trkpt lat="49.751645" lon="13.644219"><ele>404.25</ele></trkpt>
   <trkpt lat="49.751444" lon="13.643619"><ele>404.5</ele></trkpt>
   <trkpt lat="49.751272" lon="13.643016"><ele>404.25</ele></trkpt>
   <trkpt lat="49.751201" lon="13.642718"><ele>404</ele></trkpt>
   <trkpt lat="49.75113" lon="13.642399"><ele>403.75</ele></trkpt>
   <trkpt lat="49.751067" lon="13.642066"><ele>403.75</ele></trkpt>
   <trkpt lat="49.751013" lon="13.641743"><ele>403.75</ele></trkpt>
   <trkpt lat="49.750925" lon="13.641116"><ele>404</ele></trkpt>
   <trkpt lat="49.750848" lon="13.640412"><ele>403.75</ele></trkpt>
   <trkpt lat="49.750503" lon="13.636629"><ele>389</ele></trkpt>
   <trkpt lat="49.750501" lon="13.636609"><ele>389</ele></trkpt>
   <trkpt lat="49.750131" lon="13.632556"><ele>385.25</ele></trkpt>
   <trkpt lat="49.750059" lon="13.631878"><ele>385.5</ele></trkpt>
   <trkpt lat="49.750018" lon="13.631575"><ele>385.75</ele></trkpt>
   <trkpt lat="49.749969" lon="13.631254"><ele>386.75</ele></trkpt>
   <trkpt lat="49.749915" lon="13.630971"><ele>387.5</ele></trkpt>
   <trkpt lat="49.749844" lon="13.630645"><ele>388</ele></trkpt>
   <trkpt lat="49.749698" lon="13.630089"><ele>388.25</ele></trkpt>
   <trkpt lat="49.749511" lon="13.629523"><ele>388.5</ele></trkpt>
   <trkpt lat="49.749302" lon="13.628999"><ele>388</ele></trkpt>
   <trkpt lat="49.749063" lon="13.628491"><ele>388</ele></trkpt>
   <trkpt lat="49.748808" lon="13.627992"><ele>389</ele></trkpt>
   <trkpt lat="49.747333" lon="13.625175"><ele>380.75</ele></trkpt>
   <trkpt lat="49.747197" lon="13.624898"><ele>379</ele></trkpt>
   <trkpt lat="49.747083" lon="13.624646"><ele>378.25</ele></trkpt>
   <trkpt lat="49.746951" lon="13.624331"><ele>377.75</ele></trkpt>
   <trkpt lat="49.746855" lon="13.624079"><ele>378</ele></trkpt>
   <trkpt lat="49.746774" lon="13.623849"><ele>378.75</ele></trkpt>
   <trkpt lat="49.746675" lon="13.623556"><ele>379.5</ele></trkpt>
   <trkpt lat="49.746626" lon="13.623388"><ele>380</ele></trkpt>
   <trkpt lat="49.746492" lon="13.622926"><ele>379.5</ele></trkpt>
   <trkpt lat="49.745528" lon="13.619367"><ele>382</ele></trkpt>
   <trkpt lat="49.745374" lon="13.6188"><ele>380.75</ele></trkpt>
   <trkpt lat="49.745337" lon="13.618663"><ele>380.5</ele></trkpt>
   <trkpt lat="49.743712" lon="13.612666"><ele>376.25</ele></trkpt>
   <trkpt lat="49.743493" lon="13.611901"><ele>376.5</ele></trkpt>
   <trkpt lat="49.743392" lon="13.611592"><ele>376.25</ele></trkpt>
   <trkpt lat="49.743331" lon="13.611412"><ele>376.25</ele></trkpt>
   <trkpt lat="49.743177" lon="13.611005"><ele>376</ele></trkpt>
   <trkpt lat="49.743031" lon="13.610667"><ele>375.25</ele></trkpt>
   <trkpt lat="49.742873" lon="13.610337"><ele>374.75</ele></trkpt>
   <trkpt lat="49.74271" lon="13.610036"><ele>374.75</ele></trkpt>
   <trkpt lat="49.742504" lon="13.609692"><ele>375.75</ele></trkpt>
   <trkpt lat="49.742294" lon="13.609385"><ele>377.75</ele></trkpt>
   <trkpt lat="49.742106" lon="13.609136"><ele>379</ele></trkpt>
   <trkpt lat="49.74181" lon="13.608794"><ele>380.25</ele></trkpt>
   <trkpt lat="49.74164" lon="13.608613"><ele>381</ele></trkpt>
   <trkpt lat="49.741317" lon="13.608296"><ele>379.75</ele></trkpt>
   <trkpt lat="49.740607" lon="13.607627"><ele>378.5</ele></trkpt>
   <trkpt lat="49.7406" lon="13.60762"><ele>378.5</ele></trkpt>
   <trkpt lat="49.740591" lon="13.607612"><ele>378.5</ele></trkpt>
   <trkpt lat="49.740581" lon="13.607602"><ele>378.5</ele></trkpt>
   <trkpt lat="49.74046" lon="13.607488"><ele>378.25</ele></trkpt>
   <trkpt lat="49.740452" lon="13.607481"><ele>378.25</ele></trkpt>
   <trkpt lat="49.740447" lon="13.607475"><ele>378.25</ele></trkpt>
   <trkpt lat="49.739973" lon="13.607016"><ele>376</ele></trkpt>
   <trkpt lat="49.739738" lon="13.60676"><ele>374.5</ele></trkpt>
   <trkpt lat="49.739539" lon="13.606514"><ele>372.75</ele></trkpt>
   <trkpt lat="49.739356" lon="13.606262"><ele>371</ele></trkpt>
   <trkpt lat="49.739089" lon="13.605836"><ele>369.25</ele></trkpt>
   <trkpt lat="49.739" lon="13.605679"><ele>368.75</ele></trkpt>
   <trkpt lat="49.738862" lon="13.605405"><ele>367.75</ele></trkpt>
   <trkpt lat="49.738723" lon="13.6051"><ele>366.75</ele></trkpt>
   <trkpt lat="49.738611" lon="13.604825"><ele>366</ele></trkpt>
   <trkpt lat="49.738491" lon="13.604494"><ele>366</ele></trkpt>
   <trkpt lat="49.738402" lon="13.604216"><ele>365.75</ele></trkpt>
   <trkpt lat="49.73826" lon="13.603685"><ele>366</ele></trkpt>
   <trkpt lat="49.738202" lon="13.603426"><ele>366.25</ele></trkpt>
   <trkpt lat="49.738146" lon="13.60313"><ele>366.5</ele></trkpt>
   <trkpt lat="49.738098" lon="13.602825"><ele>367</ele></trkpt>
   <trkpt lat="49.73804" lon="13.602324"><ele>367.75</ele></trkpt>
   <trkpt lat="49.738015" lon="13.602006"><ele>368.25</ele></trkpt>
   <trkpt lat="49.738" lon="13.601641"><ele>369</ele></trkpt>
   <trkpt lat="49.738" lon="13.601107"><ele>368.75</ele></trkpt>
   <trkpt lat="49.738023" lon="13.600672"><ele>368.75</ele></trkpt>
   <trkpt lat="49.738053" lon="13.600348"><ele>368.75</ele></trkpt>
   <trkpt lat="49.738095" lon="13.600012"><ele>368.75</ele></trkpt>
   <trkpt lat="49.738138" lon="13.599743"><ele>369</ele></trkpt>
   <trkpt lat="49.73823" lon="13.59929"><ele>369</ele></trkpt>
   <trkpt lat="49.738345" lon="13.598816"><ele>369</ele></trkpt>
   <trkpt lat="49.738349" lon="13.5988"><ele>369</ele></trkpt>
   <trkpt lat="49.738352" lon="13.598787"><ele>369</ele></trkpt>
   <trkpt lat="49.738355" lon="13.598776"><ele>369</ele></trkpt>
   <trkpt lat="49.738367" lon="13.598729"><ele>369</ele></trkpt>
   <trkpt lat="49.738552" lon="13.598023"><ele>368.75</ele></trkpt>
   <trkpt lat="49.738692" lon="13.597489"><ele>368.5</ele></trkpt>
   <trkpt lat="49.73872" lon="13.597383"><ele>368.5</ele></trkpt>
   <trkpt lat="49.73888" lon="13.596773"><ele>368.25</ele></trkpt>
   <trkpt lat="49.738939" lon="13.596522"><ele>368.25</ele></trkpt>
   <trkpt lat="49.739122" lon="13.595527"><ele>369</ele></trkpt>
   <trkpt lat="49.739191" lon="13.595225"><ele>369</ele></trkpt>
   <trkpt lat="49.739218" lon="13.595119"><ele>369</ele></trkpt>
   <trkpt lat="49.739296" lon="13.594784"><ele>369</ele></trkpt>
   <trkpt lat="49.739338" lon="13.594567"><ele>368.75</ele></trkpt>
   <trkpt lat="49.739445" lon="13.593949"><ele>369.25</ele></trkpt>
   <trkpt lat="49.739478" lon="13.593794"><ele>369.75</ele></trkpt>
   <trkpt lat="49.739486" lon="13.593756"><ele>369.75</ele></trkpt>
   <trkpt lat="49.74009" lon="13.591427"><ele>370</ele></trkpt>
   <trkpt lat="49.740159" lon="13.591123"><ele>370</ele></trkpt>
   <trkpt lat="49.740357" lon="13.590077"><ele>370.25</ele></trkpt>
   <trkpt lat="49.740396" lon="13.589823"><ele>370.25</ele></trkpt>
   <trkpt lat="49.740458" lon="13.589329"><ele>370</ele></trkpt>
   <trkpt lat="49.740482" lon="13.589056"><ele>370</ele></trkpt>
   <trkpt lat="49.74051" lon="13.588541"><ele>369.75</ele></trkpt>
   <trkpt lat="49.740515" lon="13.588047"><ele>369.5</ele></trkpt>
   <trkpt lat="49.7405" lon="13.587502"><ele>369</ele></trkpt>
   <trkpt lat="49.740496" lon="13.587388"><ele>368.75</ele></trkpt>
   <trkpt lat="49.740499" lon="13.587133"><ele>368.5</ele></trkpt>
   <trkpt lat="49.740527" lon="13.58663"><ele>367.75</ele></trkpt>
   <trkpt lat="49.740531" lon="13.58651"><ele>367.5</ele></trkpt>
   <trkpt lat="49.740528" lon="13.586249"><ele>367.25</ele></trkpt>
   <trkpt lat="49.740518" lon="13.586017"><ele>367.25</ele></trkpt>
   <trkpt lat="49.740517" lon="13.585808"><ele>367</ele></trkpt>
   <trkpt lat="49.740556" lon="13.585175"><ele>366.5</ele></trkpt>
   <trkpt lat="49.740569" lon="13.584756"><ele>366</ele></trkpt>
   <trkpt lat="49.740572" lon="13.584377"><ele>365.25</ele></trkpt>
   <trkpt lat="49.740567" lon="13.584151"><ele>364.75</ele></trkpt>
   <trkpt lat="49.740566" lon="13.584118"><ele>364.75</ele></trkpt>
   <trkpt lat="49.740565" lon="13.584094"><ele>364.75</ele></trkpt>
   <trkpt lat="49.740564" lon="13.584069"><ele>364.75</ele></trkpt>
   <trkpt lat="49.740547" lon="13.583659"><ele>364</ele></trkpt>
   <trkpt lat="49.7405" lon="13.582563"><ele>363.25</ele></trkpt>
   <trkpt lat="49.740486" lon="13.582246"><ele>363</ele></trkpt>
   <trkpt lat="49.740436" lon="13.581081"><ele>364.25</ele></trkpt>
   <trkpt lat="49.740433" lon="13.581031"><ele>364.25</ele></trkpt>
   <trkpt lat="49.740295" lon="13.577797"><ele>367</ele></trkpt>
   <trkpt lat="49.740274" lon="13.577186"><ele>367</ele></trkpt>
   <trkpt lat="49.740259" lon="13.576486"><ele>366.75</ele></trkpt>
   <trkpt lat="49.740265" lon="13.575773"><ele>365.5</ele></trkpt>
   <trkpt lat="49.740293" lon="13.575111"><ele>364.25</ele></trkpt>
   <trkpt lat="49.740297" lon="13.575045"><ele>364</ele></trkpt>
   <trkpt lat="49.740342" lon="13.574446"><ele>363.5</ele></trkpt>
   <trkpt lat="49.740411" lon="13.573804"><ele>363</ele></trkpt>
   <trkpt lat="49.740491" lon="13.573232"><ele>362.75</ele></trkpt>
   <trkpt lat="49.740559" lon="13.572822"><ele>363.25</ele></trkpt>
   <trkpt lat="49.740643" lon="13.57238"><ele>363.75</ele></trkpt>
   <trkpt lat="49.74065" lon="13.572348"><ele>363.75</ele></trkpt>
   <trkpt lat="49.740774" lon="13.57178"><ele>364</ele></trkpt>
   <trkpt lat="49.740879" lon="13.571356"><ele>363.75</ele></trkpt>
   <trkpt lat="49.740988" lon="13.570957"><ele>363.5</ele></trkpt>
   <trkpt lat="49.741091" lon="13.570612"><ele>363</ele></trkpt>
   <trkpt lat="49.74111" lon="13.570551"><ele>362.75</ele></trkpt>
   <trkpt lat="49.741193" lon="13.570296"><ele>362.5</ele></trkpt>
   <trkpt lat="49.741348" lon="13.569847"><ele>362.5</ele></trkpt>
   <trkpt lat="49.741559" lon="13.569299"><ele>363.25</ele></trkpt>
   <trkpt lat="49.741721" lon="13.568914"><ele>363.5</ele></trkpt>
   <trkpt lat="49.74194" lon="13.568439"><ele>364.5</ele></trkpt>
   <trkpt lat="49.742141" lon="13.568037"><ele>365.5</ele></trkpt>
   <trkpt lat="49.742463" lon="13.567441"><ele>366.25</ele></trkpt>
   <trkpt lat="49.743256" lon="13.566028"><ele>365.5</ele></trkpt>
   <trkpt lat="49.743317" lon="13.56592"><ele>365.5</ele></trkpt>
   <trkpt lat="49.744262" lon="13.564233"><ele>367</ele></trkpt>
   <trkpt lat="49.74427" lon="13.564218"><ele>367</ele></trkpt>
   <trkpt lat="49.74574" lon="13.561591"><ele>367.75</ele></trkpt>
   <trkpt lat="49.746329" lon="13.56056"><ele>367.75</ele></trkpt>
   <trkpt lat="49.746374" lon="13.56048"><ele>367.25</ele></trkpt>
   <trkpt lat="49.74725" lon="13.558958"><ele>361.25</ele></trkpt>
   <trkpt lat="49.747485" lon="13.558526"><ele>361.5</ele></trkpt>
   <trkpt lat="49.747652" lon="13.558198"><ele>361.5</ele></trkpt>
   <trkpt lat="49.747874" lon="13.557717"><ele>361</ele></trkpt>
   <trkpt lat="49.748038" lon="13.557324"><ele>360.5</ele></trkpt>
   <trkpt lat="49.748154" lon="13.557022"><ele>360.75</ele></trkpt>
   <trkpt lat="49.74829" lon="13.556631"><ele>361.5</ele></trkpt>
   <trkpt lat="49.748321" lon="13.556538"><ele>362</ele></trkpt>
   <trkpt lat="49.748446" lon="13.556134"><ele>363.25</ele></trkpt>
   <trkpt lat="49.74856" lon="13.555722"><ele>364.25</ele></trkpt>
   <trkpt lat="49.748613" lon="13.555513"><ele>364.5</ele></trkpt>
   <trkpt lat="49.748735" lon="13.554971"><ele>365.25</ele></trkpt>
   <trkpt lat="49.748809" lon="13.554587"><ele>365.75</ele></trkpt>
   <trkpt lat="49.748872" lon="13.554207"><ele>366.25</ele></trkpt>
   <trkpt lat="49.748948" lon="13.553655"><ele>367.75</ele></trkpt>
   <trkpt lat="49.748985" lon="13.553316"><ele>368.5</ele></trkpt>
   <trkpt lat="49.749041" lon="13.552575"><ele>367.25</ele></trkpt>
   <trkpt lat="49.749056" lon="13.552189"><ele>366.25</ele></trkpt>
   <trkpt lat="49.749062" lon="13.551664"><ele>364.75</ele></trkpt>
   <trkpt lat="49.749057" lon="13.551281"><ele>364.25</ele></trkpt>
   <trkpt lat="49.749034" lon="13.550731"><ele>363.75</ele></trkpt>
   <trkpt lat="49.749007" lon="13.550351"><ele>363.5</ele></trkpt>
   <trkpt lat="49.748972" lon="13.549979"><ele>363.25</ele></trkpt>
   <trkpt lat="49.748931" lon="13.54962"><ele>363.5</ele></trkpt>
   <trkpt lat="49.74887" lon="13.549192"><ele>363.75</ele></trkpt>
   <trkpt lat="49.748775" lon="13.548609"><ele>363.25</ele></trkpt>
   <trkpt lat="49.748551" lon="13.547355"><ele>362</ele></trkpt>
   <trkpt lat="49.748448" lon="13.546713"><ele>360.75</ele></trkpt>
   <trkpt lat="49.748366" lon="13.546068"><ele>360</ele></trkpt>
   <trkpt lat="49.74833" lon="13.545681"><ele>359.75</ele></trkpt>
   <trkpt lat="49.748302" lon="13.54529"><ele>359.5</ele></trkpt>
   <trkpt lat="49.748293" lon="13.545147"><ele>359.5</ele></trkpt>
   <trkpt lat="49.748273" lon="13.544462"><ele>361.25</ele></trkpt>
   <trkpt lat="49.748274" lon="13.544062"><ele>362.5</ele></trkpt>
   <trkpt lat="49.748285" lon="13.543653"><ele>363</ele></trkpt>
   <trkpt lat="49.748303" lon="13.54329"><ele>363.25</ele></trkpt>
   <trkpt lat="49.748337" lon="13.542846"><ele>362.25</ele></trkpt>
   <trkpt lat="49.748409" lon="13.542171"><ele>361</ele></trkpt>
   <trkpt lat="49.748509" lon="13.541502"><ele>360.5</ele></trkpt>
   <trkpt lat="49.748591" lon="13.541033"><ele>361</ele></trkpt>
   <trkpt lat="49.749108" lon="13.538282"><ele>358.5</ele></trkpt>
   <trkpt lat="49.749672" lon="13.535285"><ele>352.25</ele></trkpt>
   <trkpt lat="49.749709" lon="13.535089"><ele>352</ele></trkpt>
   <trkpt lat="49.750416" lon="13.531325"><ele>353.5</ele></trkpt>
   <trkpt lat="49.750678" lon="13.529926"><ele>353.75</ele></trkpt>
   <trkpt lat="49.750783" lon="13.5293"><ele>352.5</ele></trkpt>
   <trkpt lat="49.750839" lon="13.528901"><ele>352.25</ele></trkpt>
   <trkpt lat="49.750905" lon="13.528311"><ele>352</ele></trkpt>
   <trkpt lat="49.750934" lon="13.527946"><ele>351.75</ele></trkpt>
   <trkpt lat="49.750962" lon="13.527407"><ele>351.25</ele></trkpt>
   <trkpt lat="49.750974" lon="13.526854"><ele>350.5</ele></trkpt>
   <trkpt lat="49.750966" lon="13.526292"><ele>350.5</ele></trkpt>
   <trkpt lat="49.750958" lon="13.526081"><ele>350.5</ele></trkpt>
   <trkpt lat="49.750922" lon="13.525489"><ele>350.5</ele></trkpt>
   <trkpt lat="49.750889" lon="13.525114"><ele>350.75</ele></trkpt>
   <trkpt lat="49.750847" lon="13.524724"><ele>350.5</ele></trkpt>
   <trkpt lat="49.750673" lon="13.523301"><ele>348.75</ele></trkpt>
   <trkpt lat="49.750591" lon="13.522531"><ele>348.75</ele></trkpt>
   <trkpt lat="49.750567" lon="13.522232"><ele>348.75</ele></trkpt>
   <trkpt lat="49.750538" lon="13.521714"><ele>348.75</ele></trkpt>
   <trkpt lat="49.750525" lon="13.521116"><ele>348.75</ele></trkpt>
   <trkpt lat="49.750532" lon="13.52051"><ele>349.25</ele></trkpt>
   <trkpt lat="49.750543" lon="13.520241"><ele>349.5</ele></trkpt>
   <trkpt lat="49.750588" lon="13.519575"><ele>349.75</ele></trkpt>
   <trkpt lat="49.750616" lon="13.519262"><ele>349.5</ele></trkpt>
   <trkpt lat="49.750695" lon="13.518544"><ele>349.5</ele></trkpt>
   <trkpt lat="49.751032" lon="13.515949"><ele>341.25</ele></trkpt>
   <trkpt lat="49.751095" lon="13.515461"><ele>341</ele></trkpt>
   <trkpt lat="49.751116" lon="13.515305"><ele>341.25</ele></trkpt>
   <trkpt lat="49.751122" lon="13.515263"><ele>341.25</ele></trkpt>
   <trkpt lat="49.751194" lon="13.514771"><ele>342.25</ele></trkpt>
   <trkpt lat="49.7513" lon="13.514174"><ele>343.5</ele></trkpt>
   <trkpt lat="49.751319" lon="13.514054"><ele>344</ele></trkpt>
   <trkpt lat="49.751386" lon="13.513603"><ele>345.25</ele></trkpt>
   <trkpt lat="49.751401" lon="13.513492"><ele>345.5</ele></trkpt>
   <trkpt lat="49.751443" lon="13.513217"><ele>346</ele></trkpt>
   <trkpt lat="49.751588" lon="13.512466"><ele>346.25</ele></trkpt>
   <trkpt lat="49.751598" lon="13.512412"><ele>346.25</ele></trkpt>
   <trkpt lat="49.751628" lon="13.512253"><ele>346.5</ele></trkpt>
   <trkpt lat="49.751714" lon="13.511708"><ele>347.5</ele></trkpt>
   <trkpt lat="49.751822" lon="13.510867"><ele>347.5</ele></trkpt>
   <trkpt lat="49.7519" lon="13.510213"><ele>348.25</ele></trkpt>
   <trkpt lat="49.751998" lon="13.509229"><ele>346.5</ele></trkpt>
   <trkpt lat="49.752074" lon="13.50865"><ele>346.25</ele></trkpt>
   <trkpt lat="49.752178" lon="13.50807"><ele>346.25</ele></trkpt>
   <trkpt lat="49.752332" lon="13.507391"><ele>346.25</ele></trkpt>
   <trkpt lat="49.752425" lon="13.507038"><ele>346.5</ele></trkpt>
   <trkpt lat="49.752523" lon="13.506704"><ele>346.5</ele></trkpt>
   <trkpt lat="49.752689" lon="13.506189"><ele>345.75</ele></trkpt>
   <trkpt lat="49.752928" lon="13.505551"><ele>346</ele></trkpt>
   <trkpt lat="49.753063" lon="13.505224"><ele>346.5</ele></trkpt>
   <trkpt lat="49.753208" lon="13.504896"><ele>347.25</ele></trkpt>
   <trkpt lat="49.753486" lon="13.504298"><ele>348</ele></trkpt>
   <trkpt lat="49.753595" lon="13.504065"><ele>348</ele></trkpt>
   <trkpt lat="49.753615" lon="13.504023"><ele>348</ele></trkpt>
   <trkpt lat="49.75378" lon="13.503656"><ele>348</ele></trkpt>
   <trkpt lat="49.754002" lon="13.50311"><ele>348.5</ele></trkpt>
   <trkpt lat="49.754228" lon="13.502598"><ele>349.25</ele></trkpt>
   <trkpt lat="49.754346" lon="13.502349"><ele>349.75</ele></trkpt>
   <trkpt lat="49.754522" lon="13.501957"><ele>351.5</ele></trkpt>
   <trkpt lat="49.754823" lon="13.501223"><ele>354.5</ele></trkpt>
   <trkpt lat="49.75496" lon="13.500924"><ele>354.75</ele></trkpt>
   <trkpt lat="49.754982" lon="13.500875"><ele>354.75</ele></trkpt>
   <trkpt lat="49.755156" lon="13.500507"><ele>353.75</ele></trkpt>
   <trkpt lat="49.756623" lon="13.497386"><ele>351.5</ele></trkpt>
   <trkpt lat="49.756831" lon="13.496953"><ele>352.25</ele></trkpt>
   <trkpt lat="49.757219" lon="13.496167"><ele>355</ele></trkpt>
   <trkpt lat="49.757686" lon="13.49528"><ele>357.75</ele></trkpt>
   <trkpt lat="49.757992" lon="13.494722"><ele>359</ele></trkpt>
   <trkpt lat="49.759004" lon="13.492932"><ele>360</ele></trkpt>
   <trkpt lat="49.759573" lon="13.491923"><ele>358.25</ele></trkpt>
   <trkpt lat="49.759931" lon="13.491278"><ele>355.75</ele></trkpt>
   <trkpt lat="49.760204" lon="13.490761"><ele>353</ele></trkpt>
   <trkpt lat="49.760534" lon="13.490094"><ele>352</ele></trkpt>
   <trkpt lat="49.760835" lon="13.489436"><ele>351.5</ele></trkpt>
   <trkpt lat="49.76112" lon="13.488762"><ele>352.25</ele></trkpt>
   <trkpt lat="49.761389" lon="13.488075"><ele>354</ele></trkpt>
   <trkpt lat="49.761649" lon="13.487348"><ele>355</ele></trkpt>
   <trkpt lat="49.761892" lon="13.486608"><ele>356</ele></trkpt>
   <trkpt lat="49.762111" lon="13.485873"><ele>357.25</ele></trkpt>
   <trkpt lat="49.762314" lon="13.485124"><ele>359.5</ele></trkpt>
   <trkpt lat="49.762481" lon="13.484438"><ele>362</ele></trkpt>
   <trkpt lat="49.762702" lon="13.483414"><ele>364</ele></trkpt>
   <trkpt lat="49.762776" lon="13.483029"><ele>365</ele></trkpt>
   <trkpt lat="49.762851" lon="13.482596"><ele>366.5</ele></trkpt>
   <trkpt lat="49.762974" lon="13.481837"><ele>367.25</ele></trkpt>
   <trkpt lat="49.763066" lon="13.481161"><ele>367.75</ele></trkpt>
   <trkpt lat="49.763171" lon="13.480223"><ele>369.75</ele></trkpt>
   <trkpt lat="49.763199" lon="13.47996"><ele>370.5</ele></trkpt>
   <trkpt lat="49.763217" lon="13.479797"><ele>371</ele></trkpt>
   <trkpt lat="49.763238" lon="13.479601"><ele>370.75</ele></trkpt>
   <trkpt lat="49.763668" lon="13.475229"><ele>367.5</ele></trkpt>
   <trkpt lat="49.763895" lon="13.472999"><ele>366</ele></trkpt>
   <trkpt lat="49.763925" lon="13.472699"><ele>365.75</ele></trkpt>
   <trkpt lat="49.76393" lon="13.472656"><ele>365.75</ele></trkpt>
   <trkpt lat="49.764596" lon="13.466557"><ele>361.25</ele></trkpt>
   <trkpt lat="49.765314" lon="13.459991"><ele>356.5</ele></trkpt>
   <trkpt lat="49.765486" lon="13.458415"><ele>355.5</ele></trkpt>
   <trkpt lat="49.766036" lon="13.453378"><ele>351.75</ele></trkpt>
   <trkpt lat="49.766648" lon="13.447779"><ele>347.75</ele></trkpt>
   <trkpt lat="49.76672" lon="13.447122"><ele>347.25</ele></trkpt>
   <trkpt lat="49.767047" lon="13.444114"><ele>345.25</ele></trkpt>
   <trkpt lat="49.767215" lon="13.442174"><ele>343.75</ele></trkpt>
   <trkpt lat="49.7673" lon="13.440794"><ele>342.75</ele></trkpt>
   <trkpt lat="49.767353" lon="13.438802"><ele>341.5</ele></trkpt>
   <trkpt lat="49.767333" lon="13.437089"><ele>340.25</ele></trkpt>
   <trkpt lat="49.76725" lon="13.435344"><ele>339</ele></trkpt>
   <trkpt lat="49.767203" lon="13.434787"><ele>338.5</ele></trkpt>
   <trkpt lat="49.767073" lon="13.433568"><ele>337.75</ele></trkpt>
   <trkpt lat="49.766759" lon="13.431709"><ele>336.25</ele></trkpt>
   <trkpt lat="49.76632" lon="13.429845"><ele>335</ele></trkpt>
   <trkpt lat="49.766101" lon="13.429092"><ele>334.25</ele></trkpt>
   <trkpt lat="49.765844" lon="13.428274"><ele>333.75</ele></trkpt>
   <trkpt lat="49.765289" lon="13.426686"><ele>332.25</ele></trkpt>
   <trkpt lat="49.764689" lon="13.425211"><ele>331.25</ele></trkpt>
   <trkpt lat="49.764052" lon="13.423748"><ele>330</ele></trkpt>
   <trkpt lat="49.76402" lon="13.423679"><ele>330</ele></trkpt>
   <trkpt lat="49.763922" lon="13.423482"><ele>328.25</ele></trkpt>
   <trkpt lat="49.763817" lon="13.423276"><ele>326.5</ele></trkpt>
   <trkpt lat="49.763735" lon="13.423115"><ele>325.25</ele></trkpt>
   <trkpt lat="49.763405" lon="13.4225"><ele>321.25</ele></trkpt>
   <trkpt lat="49.763084" lon="13.421942"><ele>319.5</ele></trkpt>
   <trkpt lat="49.76289" lon="13.421619"><ele>319.5</ele></trkpt>
   <trkpt lat="49.762513" lon="13.421022"><ele>321</ele></trkpt>
   <trkpt lat="49.762174" lon="13.42052"><ele>320.5</ele></trkpt>
   <trkpt lat="49.762138" lon="13.420469"><ele>320.25</ele></trkpt>
   <trkpt lat="49.761922" lon="13.420163"><ele>319</ele></trkpt>
   <trkpt lat="49.761517" lon="13.419621"><ele>315.5</ele></trkpt>
   <trkpt lat="49.761387" lon="13.419456"><ele>314.75</ele></trkpt>
   <trkpt lat="49.761058" lon="13.419048"><ele>315</ele></trkpt>
   <trkpt lat="49.760524" lon="13.418412"><ele>318.5</ele></trkpt>
   <trkpt lat="49.758369" lon="13.415913"><ele>321.75</ele></trkpt>
   <trkpt lat="49.756913" lon="13.414226"><ele>315.75</ele></trkpt>
   <trkpt lat="49.756903" lon="13.414215"><ele>315.75</ele></trkpt>
   <trkpt lat="49.756895" lon="13.414205"><ele>315.75</ele></trkpt>
   <trkpt lat="49.756887" lon="13.414196"><ele>315.75</ele></trkpt>
   <trkpt lat="49.756837" lon="13.414138"><ele>315.25</ele></trkpt>
   <trkpt lat="49.756526" lon="13.413777"><ele>313.5</ele></trkpt>
   <trkpt lat="49.756438" lon="13.413677"><ele>313.75</ele></trkpt>
   <trkpt lat="49.754716" lon="13.411681"><ele>317.75</ele></trkpt>
   <trkpt lat="49.754704" lon="13.411668"><ele>317.75</ele></trkpt>
   <trkpt lat="49.754695" lon="13.411656"><ele>317.75</ele></trkpt>
   <trkpt lat="49.754685" lon="13.411645"><ele>317.75</ele></trkpt>
   <trkpt lat="49.754064" lon="13.410916"><ele>318.25</ele></trkpt>
   <trkpt lat="49.753673" lon="13.410417"><ele>319.5</ele></trkpt>
   <trkpt lat="49.753339" lon="13.409957"><ele>321.5</ele></trkpt>
   <trkpt lat="49.753078" lon="13.409573"><ele>320.75</ele></trkpt>
   <trkpt lat="49.752834" lon="13.409192"><ele>321.25</ele></trkpt>
   <trkpt lat="49.752672" lon="13.408921"><ele>321</ele></trkpt>
   <trkpt lat="49.752518" lon="13.408643"><ele>320.5</ele></trkpt>
   <trkpt lat="49.752373" lon="13.408358"><ele>319.5</ele></trkpt>
   <trkpt lat="49.752247" lon="13.408089"><ele>318</ele></trkpt>
   <trkpt lat="49.752122" lon="13.407796"><ele>316.25</ele></trkpt>
   <trkpt lat="49.752004" lon="13.407493"><ele>314.75</ele></trkpt>
   <trkpt lat="49.751877" lon="13.407137"><ele>313.75</ele></trkpt>
   <trkpt lat="49.751727" lon="13.406663"><ele>312.5</ele></trkpt>
   <trkpt lat="49.751637" lon="13.406352"><ele>311</ele></trkpt>
   <trkpt lat="49.751444" lon="13.405655"><ele>308</ele></trkpt>
   <trkpt lat="49.751138" lon="13.404534"><ele>307.75</ele></trkpt>
   <trkpt lat="49.750993" lon="13.404004"><ele>309.5</ele></trkpt>
   <trkpt lat="49.750989" lon="13.403991"><ele>309.5</ele></trkpt>
   <trkpt lat="49.750986" lon="13.40398"><ele>309.75</ele></trkpt>
   <trkpt lat="49.750983" lon="13.403969"><ele>309.75</ele></trkpt>
   <trkpt lat="49.75084" lon="13.403473"><ele>312.25</ele></trkpt>
   <trkpt lat="49.750715" lon="13.403105"><ele>312.5</ele></trkpt>
   <trkpt lat="49.750585" lon="13.402781"><ele>312.25</ele></trkpt>
   <trkpt lat="49.750465" lon="13.402517"><ele>312.25</ele></trkpt>
   <trkpt lat="49.750433" lon="13.402454"><ele>312.5</ele></trkpt>
   <trkpt lat="49.750263" lon="13.402142"><ele>313.5</ele></trkpt>
   <trkpt lat="49.750097" lon="13.401883"><ele>314.25</ele></trkpt>
   <trkpt lat="49.74983" lon="13.401519"><ele>314.5</ele></trkpt>
   <trkpt lat="49.749549" lon="13.401208"><ele>315.25</ele></trkpt>
   <trkpt lat="49.749223" lon="13.40088"><ele>317.5</ele></trkpt>
   <trkpt lat="49.749218" lon="13.400875"><ele>317.5</ele></trkpt>
   <trkpt lat="49.749212" lon="13.400869"><ele>317.5</ele></trkpt>
   <trkpt lat="49.749207" lon="13.400864"><ele>317.5</ele></trkpt>
   <trkpt lat="49.7492" lon="13.400857"><ele>317.75</ele></trkpt>
   <trkpt lat="49.749167" lon="13.400826"><ele>317.75</ele></trkpt>
   <trkpt lat="49.749007" lon="13.400652"><ele>316.5</ele></trkpt>
   <trkpt lat="49.748784" lon="13.400383"><ele>315.25</ele></trkpt>
   <trkpt lat="49.748608" lon="13.400192"><ele>314.5</ele></trkpt>
   <trkpt lat="49.748543" lon="13.40013"><ele>314.5</ele></trkpt>
   <trkpt lat="49.748263" lon="13.399813"><ele>314.75</ele></trkpt>
   <trkpt lat="49.748078" lon="13.399591"><ele>315.75</ele></trkpt>
   <trkpt lat="49.747662" lon="13.399178"><ele>317.25</ele></trkpt>
   <trkpt lat="49.747319" lon="13.398831"><ele>317.5</ele></trkpt>
   <trkpt lat="49.747099" lon="13.398576"><ele>318.25</ele></trkpt>
   <trkpt lat="49.746852" lon="13.398251"><ele>319</ele></trkpt>
   <trkpt lat="49.74666" lon="13.397961"><ele>319</ele></trkpt>
   <trkpt lat="49.746454" lon="13.397612"><ele>319</ele></trkpt>
   <trkpt lat="49.746276" lon="13.397267"><ele>319</ele></trkpt>
   <trkpt lat="49.746164" lon="13.397023"><ele>318.75</ele></trkpt>
   <trkpt lat="49.745963" lon="13.396528"><ele>318.25</ele></trkpt>
   <trkpt lat="49.7459" lon="13.39636"><ele>318</ele></trkpt>
   <trkpt lat="49.745852" lon="13.396224"><ele>318</ele></trkpt>
   <trkpt lat="49.745503" lon="13.395255"><ele>318.75</ele></trkpt>
   <trkpt lat="49.745389" lon="13.39494"><ele>319.5</ele></trkpt>
   <trkpt lat="49.745274" lon="13.394618"><ele>320.25</ele></trkpt>
   <trkpt lat="49.745056" lon="13.393848"><ele>320.75</ele></trkpt>
   <trkpt lat="49.744998" lon="13.393635"><ele>320.75</ele></trkpt>
   <trkpt lat="49.744966" lon="13.393505"><ele>320.75</ele></trkpt>
   <trkpt lat="49.744766" lon="13.392743"><ele>320.5</ele></trkpt>
   <trkpt lat="49.744628" lon="13.392182"><ele>321</ele></trkpt>
   <trkpt lat="49.744566" lon="13.391896"><ele>321.25</ele></trkpt>
   <trkpt lat="49.744363" lon="13.390976"><ele>319.5</ele></trkpt>
   <trkpt lat="49.744305" lon="13.390738"><ele>319</ele></trkpt>
   <trkpt lat="49.744019" lon="13.389713"><ele>319.25</ele></trkpt>
   <trkpt lat="49.744002" lon="13.389654"><ele>319.5</ele></trkpt>
   <trkpt lat="49.743969" lon="13.389538"><ele>319.75</ele></trkpt>
   <trkpt lat="49.74373" lon="13.388708"><ele>320.5</ele></trkpt>
   <trkpt lat="49.743307" lon="13.387237"><ele>317.25</ele></trkpt>
   <trkpt lat="49.743113" lon="13.386594"><ele>315.75</ele></trkpt>
   <trkpt lat="49.743052" lon="13.386393"><ele>315.75</ele></trkpt>
   <trkpt lat="49.743" lon="13.386226"><ele>315.5</ele></trkpt>
   <trkpt lat="49.742845" lon="13.385719"><ele>315</ele></trkpt>
   <trkpt lat="49.742672" lon="13.385206"><ele>316.25</ele></trkpt>
   <trkpt lat="49.742606" lon="13.385025"><ele>317</ele></trkpt>
   <trkpt lat="49.742594" lon="13.384994"><ele>317.25</ele></trkpt>
   <trkpt lat="49.742277" lon="13.384125"><ele>315.5</ele></trkpt>
   <trkpt lat="49.742011" lon="13.383389"><ele>314.75</ele></trkpt>
   <trkpt lat="49.741831" lon="13.382849"><ele>314.75</ele></trkpt>
   <trkpt lat="49.74172" lon="13.382485"><ele>314.75</ele></trkpt>
   <trkpt lat="49.741544" lon="13.381869"><ele>309.75</ele></trkpt>
   <trkpt lat="49.741653" lon="13.382223"><ele>312.75</ele></trkpt>
   <trkpt lat="49.741948" lon="13.383054"><ele>314.75</ele></trkpt>
   <trkpt lat="49.742086" lon="13.38345"><ele>314.75</ele></trkpt>
   <trkpt lat="49.742103" lon="13.3835"><ele>314.75</ele></trkpt>
   <trkpt lat="49.74224" lon="13.383848"><ele>315.25</ele></trkpt>
   <trkpt lat="49.742578" lon="13.384621"><ele>316.75</ele></trkpt>
   <trkpt lat="49.74244" lon="13.384285"><ele>316.5</ele></trkpt>
   <trkpt lat="49.74227" lon="13.383807"><ele>315.25</ele></trkpt>
   <trkpt lat="49.742231" lon="13.38369"><ele>315</ele></trkpt>
   <trkpt lat="49.742041" lon="13.383052"><ele>314.5</ele></trkpt>
   <trkpt lat="49.741682" lon="13.381737"><ele>309.25</ele></trkpt>
   <trkpt lat="49.741673" lon="13.381704"><ele>309.25</ele></trkpt>
   <trkpt lat="49.741254" lon="13.380156"><ele>313.25</ele></trkpt>
   <trkpt lat="49.741237" lon="13.380092"><ele>313.5</ele></trkpt>
   <trkpt lat="49.741138" lon="13.379734"><ele>315.25</ele></trkpt>
   <trkpt lat="49.741029" lon="13.379303"><ele>317.75</ele></trkpt>
   <trkpt lat="49.740976" lon="13.379041"><ele>319</ele></trkpt>
   <trkpt lat="49.740951" lon="13.378887"><ele>319</ele></trkpt>
   <trkpt lat="49.740903" lon="13.378467"><ele>319.75</ele></trkpt>
   <trkpt lat="49.740884" lon="13.378106"><ele>320</ele></trkpt>
   <trkpt lat="49.740882" lon="13.377937"><ele>320</ele></trkpt>
   <trkpt lat="49.74089" lon="13.377241"><ele>320.5</ele></trkpt>
   <trkpt lat="49.740887" lon="13.376896"><ele>321.5</ele></trkpt>
   <trkpt lat="49.740866" lon="13.376545"><ele>322.25</ele></trkpt>
   <trkpt lat="49.740844" lon="13.376374"><ele>322.5</ele></trkpt>
   <trkpt lat="49.740783" lon="13.376026"><ele>323.25</ele></trkpt>
   <trkpt lat="49.740694" lon="13.375694"><ele>324.25</ele></trkpt>
   <trkpt lat="49.740579" lon="13.37538"><ele>325.25</ele></trkpt>
   <trkpt lat="49.740453" lon="13.375106"><ele>326</ele></trkpt>
   <trkpt lat="49.740371" lon="13.374951"><ele>326</ele></trkpt>
   <trkpt lat="49.740215" lon="13.374713"><ele>326</ele></trkpt>
   <trkpt lat="49.740148" lon="13.374623"><ele>326</ele></trkpt>
   <trkpt lat="49.74" lon="13.37445"><ele>326</ele></trkpt>
   <trkpt lat="49.73988" lon="13.374332"><ele>326.25</ele></trkpt>
   <trkpt lat="49.739781" lon="13.374244"><ele>326.25</ele></trkpt>
   <trkpt lat="49.73962" lon="13.374123"><ele>326.75</ele></trkpt>
   <trkpt lat="49.739454" lon="13.374023"><ele>327.5</ele></trkpt>
   <trkpt lat="49.739352" lon="13.373974"><ele>327.75</ele></trkpt>
   <trkpt lat="49.739158" lon="13.373904"><ele>328.5</ele></trkpt>
   <trkpt lat="49.73897" lon="13.373863"><ele>329.5</ele></trkpt>
   <trkpt lat="49.738881" lon="13.373853"><ele>329.75</ele></trkpt>
   <trkpt lat="49.73878" lon="13.373847"><ele>330.25</ele></trkpt>
   <trkpt lat="49.738618" lon="13.373855"><ele>330.75</ele></trkpt>
   <trkpt lat="49.738414" lon="13.37389"><ele>331.5</ele></trkpt>
   <trkpt lat="49.738196" lon="13.37396"><ele>332</ele></trkpt>
   <trkpt lat="49.737953" lon="13.374082"><ele>332.5</ele></trkpt>
   <trkpt lat="49.737846" lon="13.374147"><ele>332.75</ele></trkpt>
   <trkpt lat="49.737789" lon="13.374183"><ele>332.75</ele></trkpt>
   <trkpt lat="49.73753" lon="13.37436"><ele>332.75</ele></trkpt>
   <trkpt lat="49.737519" lon="13.374368"><ele>332.5</ele></trkpt>
   <trkpt lat="49.737509" lon="13.374374"><ele>332.5</ele></trkpt>
   <trkpt lat="49.737429" lon="13.374429"><ele>332.75</ele></trkpt>
   <trkpt lat="49.737407" lon="13.374445"><ele>332.75</ele></trkpt>
   <trkpt lat="49.736792" lon="13.374869"><ele>333.75</ele></trkpt>
   <trkpt lat="49.735159" lon="13.375999"><ele>331.25</ele></trkpt>
   <trkpt lat="49.734805" lon="13.376243"><ele>331</ele></trkpt>
   <trkpt lat="49.733045" lon="13.37746"><ele>332</ele></trkpt>
   <trkpt lat="49.732591" lon="13.37777"><ele>332</ele></trkpt>
   <trkpt lat="49.732202" lon="13.378009"><ele>332</ele></trkpt>
   <trkpt lat="49.730773" lon="13.378758"><ele>335</ele></trkpt>
   <trkpt lat="49.730513" lon="13.378902"><ele>334</ele></trkpt>
   <trkpt lat="49.730292" lon="13.379041"><ele>333.5</ele></trkpt>
   <trkpt lat="49.730019" lon="13.379245"><ele>333.5</ele></trkpt>
   <trkpt lat="49.729717" lon="13.379528"><ele>333.25</ele></trkpt>
   <trkpt lat="49.729612" lon="13.379643"><ele>333.25</ele></trkpt>
   <trkpt lat="49.729481" lon="13.379803"><ele>333.25</ele></trkpt>
   <trkpt lat="49.72933" lon="13.380004"><ele>333</ele></trkpt>
   <trkpt lat="49.729148" lon="13.380281"><ele>332.25</ele></trkpt>
   <trkpt lat="49.729045" lon="13.380455"><ele>332</ele></trkpt>
   <trkpt lat="49.728801" lon="13.380899"><ele>330.75</ele></trkpt>
   <trkpt lat="49.72876" lon="13.380975"><ele>330.5</ele></trkpt>
   <trkpt lat="49.72853" lon="13.381384"><ele>329</ele></trkpt>
   <trkpt lat="49.728366" lon="13.381652"><ele>327.75</ele></trkpt>
   <trkpt lat="49.728148" lon="13.381954"><ele>326.75</ele></trkpt>
   <trkpt lat="49.728041" lon="13.382086"><ele>326.5</ele></trkpt>
   <trkpt lat="49.727815" lon="13.38233"><ele>326.5</ele></trkpt>
   <trkpt lat="49.7276" lon="13.382527"><ele>327.25</ele></trkpt>
   <trkpt lat="49.727418" lon="13.382669"><ele>326.75</ele></trkpt>
   <trkpt lat="49.727211" lon="13.382807"><ele>326</ele></trkpt>
   <trkpt lat="49.727038" lon="13.382905"><ele>325.5</ele></trkpt>
   <trkpt lat="49.726826" lon="13.383001"><ele>325.25</ele></trkpt>
   <trkpt lat="49.726702" lon="13.383046"><ele>325.25</ele></trkpt>
   <trkpt lat="49.72647" lon="13.383115"><ele>324.75</ele></trkpt>
   <trkpt lat="49.726331" lon="13.383144"><ele>324.75</ele></trkpt>
   <trkpt lat="49.726062" lon="13.383184"><ele>324.25</ele></trkpt>
   <trkpt lat="49.724774" lon="13.38329"><ele>324.5</ele></trkpt>
   <trkpt lat="49.724355" lon="13.383325"><ele>324.75</ele></trkpt>
   <trkpt lat="49.723855" lon="13.383361"><ele>326.25</ele></trkpt>
   <trkpt lat="49.723159" lon="13.383416"><ele>328.5</ele></trkpt>
   <trkpt lat="49.722876" lon="13.383422"><ele>328.75</ele></trkpt>
   <trkpt lat="49.722567" lon="13.383398"><ele>329.25</ele></trkpt>
   <trkpt lat="49.72229" lon="13.383337"><ele>330</ele></trkpt>
   <trkpt lat="49.721966" lon="13.383224"><ele>331</ele></trkpt>
   <trkpt lat="49.721864" lon="13.383177"><ele>331.25</ele></trkpt>
   <trkpt lat="49.721547" lon="13.382999"><ele>331.25</ele></trkpt>
   <trkpt lat="49.721272" lon="13.382803"><ele>331.25</ele></trkpt>
   <trkpt lat="49.721086" lon="13.382643"><ele>331.5</ele></trkpt>
   <trkpt lat="49.720862" lon="13.382419"><ele>331.75</ele></trkpt>
   <trkpt lat="49.720695" lon="13.382227"><ele>330</ele></trkpt>
   <trkpt lat="49.720528" lon="13.382011"><ele>328.25</ele></trkpt>
   <trkpt lat="49.720376" lon="13.381788"><ele>327</ele></trkpt>
   <trkpt lat="49.720296" lon="13.381658"><ele>326.25</ele></trkpt>
   <trkpt lat="49.720149" lon="13.381398"><ele>325.75</ele></trkpt>
   <trkpt lat="49.720005" lon="13.381103"><ele>325.25</ele></trkpt>
   <trkpt lat="49.719895" lon="13.380845"><ele>325</ele></trkpt>
   <trkpt lat="49.719729" lon="13.380392"><ele>326</ele></trkpt>
   <trkpt lat="49.719633" lon="13.380088"><ele>326.5</ele></trkpt>
   <trkpt lat="49.718916" lon="13.377639"><ele>328.75</ele></trkpt>
   <trkpt lat="49.71891" lon="13.377619"><ele>328.75</ele></trkpt>
   <trkpt lat="49.718903" lon="13.377597"><ele>328.75</ele></trkpt>
   <trkpt lat="49.718791" lon="13.377212"><ele>328.75</ele></trkpt>
   <trkpt lat="49.718778" lon="13.377162"><ele>328.75</ele></trkpt>
   <trkpt lat="49.718641" lon="13.376627"><ele>328.25</ele></trkpt>
   <trkpt lat="49.71857" lon="13.376283"><ele>328.25</ele></trkpt>
   <trkpt lat="49.718538" lon="13.376095"><ele>328.5</ele></trkpt>
   <trkpt lat="49.718514" lon="13.375927"><ele>328.5</ele></trkpt>
   <trkpt lat="49.718475" lon="13.375565"><ele>328.75</ele></trkpt>
   <trkpt lat="49.718453" lon="13.37516"><ele>329.25</ele></trkpt>
   <trkpt lat="49.718452" lon="13.375131"><ele>329.5</ele></trkpt>
   <trkpt lat="49.71845" lon="13.374753"><ele>330</ele></trkpt>
   <trkpt lat="49.718482" lon="13.374168"><ele>331</ele></trkpt>
   <trkpt lat="49.718525" lon="13.373729"><ele>331.75</ele></trkpt>
   <trkpt lat="49.718649" lon="13.372609"><ele>331.25</ele></trkpt>
   <trkpt lat="49.718716" lon="13.372104"><ele>332</ele></trkpt>
   <trkpt lat="49.718785" lon="13.371684"><ele>333</ele></trkpt>
   <trkpt lat="49.718859" lon="13.371332"><ele>332.75</ele></trkpt>
   <trkpt lat="49.71898" lon="13.370858"><ele>332.5</ele></trkpt>
   <trkpt lat="49.71906" lon="13.370594"><ele>332.75</ele></trkpt>
   <trkpt lat="49.719227" lon="13.370127"><ele>332.75</ele></trkpt>
   <trkpt lat="49.719549" lon="13.369356"><ele>329.5</ele></trkpt>
   <trkpt lat="49.719712" lon="13.368948"><ele>328.25</ele></trkpt>
   <trkpt lat="49.719811" lon="13.368665"><ele>328</ele></trkpt>
   <trkpt lat="49.719895" lon="13.368386"><ele>328</ele></trkpt>
   <trkpt lat="49.719923" lon="13.368287"><ele>328.25</ele></trkpt>
   <trkpt lat="49.719986" lon="13.368033"><ele>329</ele></trkpt>
   <trkpt lat="49.720041" lon="13.367768"><ele>329.75</ele></trkpt>
   <trkpt lat="49.720112" lon="13.367326"><ele>330.75</ele></trkpt>
   <trkpt lat="49.720159" lon="13.366889"><ele>331.5</ele></trkpt>
   <trkpt lat="49.720183" lon="13.36644"><ele>332.25</ele></trkpt>
   <trkpt lat="49.720186" lon="13.36614"><ele>333</ele></trkpt>
   <trkpt lat="49.720176" lon="13.365796"><ele>333.5</ele></trkpt>
   <trkpt lat="49.720154" lon="13.365438"><ele>333</ele></trkpt>
   <trkpt lat="49.720093" lon="13.3647"><ele>332.25</ele></trkpt>
   <trkpt lat="49.720062" lon="13.364147"><ele>332.5</ele></trkpt>
   <trkpt lat="49.720057" lon="13.363744"><ele>332.75</ele></trkpt>
   <trkpt lat="49.72006" lon="13.363553"><ele>333</ele></trkpt>
   <trkpt lat="49.720075" lon="13.363205"><ele>333.5</ele></trkpt>
   <trkpt lat="49.720103" lon="13.362855"><ele>333.75</ele></trkpt>
   <trkpt lat="49.720169" lon="13.36231"><ele>334.25</ele></trkpt>
   <trkpt lat="49.720266" lon="13.361763"><ele>334.25</ele></trkpt>
   <trkpt lat="49.720348" lon="13.361391"><ele>334.75</ele></trkpt>
   <trkpt lat="49.720876" lon="13.35921"><ele>333.25</ele></trkpt>
   <trkpt lat="49.720947" lon="13.358876"><ele>334</ele></trkpt>
   <trkpt lat="49.721021" lon="13.35844"><ele>335</ele></trkpt>
   <trkpt lat="49.721044" lon="13.358264"><ele>335.25</ele></trkpt>
   <trkpt lat="49.721075" lon="13.357943"><ele>334.75</ele></trkpt>
   <trkpt lat="49.721095" lon="13.357517"><ele>333.75</ele></trkpt>
   <trkpt lat="49.72109" lon="13.357085"><ele>332</ele></trkpt>
   <trkpt lat="49.721073" lon="13.356779"><ele>330.75</ele></trkpt>
   <trkpt lat="49.72105" lon="13.356505"><ele>330</ele></trkpt>
   <trkpt lat="49.720977" lon="13.355842"><ele>328.75</ele></trkpt>
   <trkpt lat="49.720823" lon="13.354518"><ele>331</ele></trkpt>
   <trkpt lat="49.720787" lon="13.354158"><ele>332.5</ele></trkpt>
   <trkpt lat="49.720744" lon="13.35348"><ele>335.25</ele></trkpt>
   <trkpt lat="49.72074" lon="13.352896"><ele>336.25</ele></trkpt>
   <trkpt lat="49.720764" lon="13.352297"><ele>335</ele></trkpt>
   <trkpt lat="49.72079" lon="13.351935"><ele>332.75</ele></trkpt>
   <trkpt lat="49.721011" lon="13.350037"><ele>328</ele></trkpt>
   <trkpt lat="49.721038" lon="13.34974"><ele>328</ele></trkpt>
   <trkpt lat="49.72108" lon="13.349176"><ele>327.25</ele></trkpt>
   <trkpt lat="49.721102" lon="13.348722"><ele>329.5</ele></trkpt>
   <trkpt lat="49.721182" lon="13.346393"><ele>332.5</ele></trkpt>
   <trkpt lat="49.721186" lon="13.345811"><ele>332.75</ele></trkpt>
   <trkpt lat="49.721163" lon="13.345301"><ele>332.75</ele></trkpt>
   <trkpt lat="49.721129" lon="13.344931"><ele>332.5</ele></trkpt>
   <trkpt lat="49.721108" lon="13.344763"><ele>332.5</ele></trkpt>
   <trkpt lat="49.721056" lon="13.344433"><ele>332.5</ele></trkpt>
   <trkpt lat="49.720979" lon="13.34406"><ele>332.25</ele></trkpt>
   <trkpt lat="49.720931" lon="13.343867"><ele>331.75</ele></trkpt>
   <trkpt lat="49.720883" lon="13.34369"><ele>331.25</ele></trkpt>
   <trkpt lat="49.720791" lon="13.343396"><ele>330.5</ele></trkpt>
   <trkpt lat="49.720705" lon="13.343155"><ele>330.5</ele></trkpt>
   <trkpt lat="49.720609" lon="13.342915"><ele>331</ele></trkpt>
   <trkpt lat="49.720431" lon="13.34254"><ele>331.25</ele></trkpt>
   <trkpt lat="49.720185" lon="13.342091"><ele>332</ele></trkpt>
   <trkpt lat="49.72005" lon="13.341865"><ele>331.75</ele></trkpt>
   <trkpt lat="49.719432" lon="13.340862"><ele>332</ele></trkpt>
   <trkpt lat="49.718965" lon="13.340106"><ele>332.75</ele></trkpt>
   <trkpt lat="49.718903" lon="13.340005"><ele>333.25</ele></trkpt>
   <trkpt lat="49.718272" lon="13.33899"><ele>337.75</ele></trkpt>
   <trkpt lat="49.718264" lon="13.338977"><ele>337.75</ele></trkpt>
   <trkpt lat="49.718254" lon="13.338962"><ele>337.75</ele></trkpt>
   <trkpt lat="49.718133" lon="13.338777"><ele>337.75</ele></trkpt>
   <trkpt lat="49.718117" lon="13.338753"><ele>337.75</ele></trkpt>
   <trkpt lat="49.718099" lon="13.338726"><ele>337.75</ele></trkpt>
   <trkpt lat="49.71794" lon="13.338519"><ele>336.75</ele></trkpt>
   <trkpt lat="49.717811" lon="13.338372"><ele>335.5</ele></trkpt>
   <trkpt lat="49.717502" lon="13.338079"><ele>333</ele></trkpt>
   <trkpt lat="49.717146" lon="13.337776"><ele>331.25</ele></trkpt>
   <trkpt lat="49.716969" lon="13.337651"><ele>330.25</ele></trkpt>
   <trkpt lat="49.716791" lon="13.337542"><ele>329</ele></trkpt>
   <trkpt lat="49.716611" lon="13.33745"><ele>328.5</ele></trkpt>
   <trkpt lat="49.71635" lon="13.337349"><ele>329.5</ele></trkpt>
   <trkpt lat="49.716147" lon="13.33729"><ele>329.75</ele></trkpt>
   <trkpt lat="49.715963" lon="13.337259"><ele>329.5</ele></trkpt>
   <trkpt lat="49.71585" lon="13.33725"><ele>329.25</ele></trkpt>
   <trkpt lat="49.71572" lon="13.337252"><ele>329</ele></trkpt>
   <trkpt lat="49.715521" lon="13.337251"><ele>329</ele></trkpt>
   <trkpt lat="49.715307" lon="13.337231"><ele>329.5</ele></trkpt>
   <trkpt lat="49.714604" lon="13.33714"><ele>330.25</ele></trkpt>
   <trkpt lat="49.7136" lon="13.337064"><ele>331.5</ele></trkpt>
   <trkpt lat="49.713158" lon="13.337031"><ele>332.25</ele></trkpt>
   <trkpt lat="49.71301" lon="13.337019"><ele>332</ele></trkpt>
   <trkpt lat="49.712521" lon="13.336979"><ele>331.75</ele></trkpt>
   <trkpt lat="49.712373" lon="13.336961"><ele>331.75</ele></trkpt>
   <trkpt lat="49.712236" lon="13.336931"><ele>332</ele></trkpt>
   <trkpt lat="49.711851" lon="13.336834"><ele>332.5</ele></trkpt>
   <trkpt lat="49.711682" lon="13.336788"><ele>332.75</ele></trkpt>
   <trkpt lat="49.711464" lon="13.336757"><ele>331.75</ele></trkpt>
   <trkpt lat="49.711118" lon="13.336729"><ele>330</ele></trkpt>
   <trkpt lat="49.711091" lon="13.336727"><ele>329.75</ele></trkpt>
   <trkpt lat="49.711083" lon="13.336727"><ele>329.25</ele></trkpt>
   <trkpt lat="49.711073" lon="13.336726"><ele>328.75</ele></trkpt>
   <trkpt lat="49.710893" lon="13.336711"><ele>319</ele></trkpt>
   <trkpt lat="49.70868" lon="13.336535"><ele>319.25</ele></trkpt>
   <trkpt lat="49.708553" lon="13.336525"><ele>319</ele></trkpt>
   <trkpt lat="49.708325" lon="13.336507"><ele>318.25</ele></trkpt>
   <trkpt lat="49.708249" lon="13.336502"><ele>318.75</ele></trkpt>
   <trkpt lat="49.70521" lon="13.336255"><ele>334</ele></trkpt>
   <trkpt lat="49.704976" lon="13.336221"><ele>334.25</ele></trkpt>
   <trkpt lat="49.704746" lon="13.336172"><ele>333.25</ele></trkpt>
   <trkpt lat="49.704619" lon="13.336136"><ele>332.75</ele></trkpt>
   <trkpt lat="49.704416" lon="13.336063"><ele>332</ele></trkpt>
   <trkpt lat="49.704207" lon="13.335964"><ele>331.5</ele></trkpt>
   <trkpt lat="49.704016" lon="13.335855"><ele>330.75</ele></trkpt>
   <trkpt lat="49.703792" lon="13.335698"><ele>329.5</ele></trkpt>
   <trkpt lat="49.703549" lon="13.335496"><ele>328.5</ele></trkpt>
   <trkpt lat="49.703428" lon="13.335383"><ele>328</ele></trkpt>
   <trkpt lat="49.703053" lon="13.335003"><ele>326.5</ele></trkpt>
   <trkpt lat="49.702323" lon="13.334234"><ele>325.5</ele></trkpt>
   <trkpt lat="49.702278" lon="13.334188"><ele>325.5</ele></trkpt>
   <trkpt lat="49.702219" lon="13.334127"><ele>325.5</ele></trkpt>
   <trkpt lat="49.700107" lon="13.331907"><ele>327.5</ele></trkpt>
   <trkpt lat="49.700082" lon="13.33188"><ele>327.75</ele></trkpt>
   <trkpt lat="49.699264" lon="13.331019"><ele>329.75</ele></trkpt>
   <trkpt lat="49.699053" lon="13.330809"><ele>329.5</ele></trkpt>
   <trkpt lat="49.698818" lon="13.330596"><ele>329.5</ele></trkpt>
   <trkpt lat="49.698565" lon="13.3304"><ele>329</ele></trkpt>
   <trkpt lat="49.698289" lon="13.330219"><ele>328.25</ele></trkpt>
   <trkpt lat="49.697995" lon="13.330062"><ele>329.5</ele></trkpt>
   <trkpt lat="49.697721" lon="13.329945"><ele>330.5</ele></trkpt>
   <trkpt lat="49.697446" lon="13.329858"><ele>331</ele></trkpt>
   <trkpt lat="49.697113" lon="13.329787"><ele>330.25</ele></trkpt>
   <trkpt lat="49.696944" lon="13.329765"><ele>329.75</ele></trkpt>
   <trkpt lat="49.696743" lon="13.329754"><ele>329.25</ele></trkpt>
   <trkpt lat="49.696543" lon="13.329757"><ele>329</ele></trkpt>
   <trkpt lat="49.696183" lon="13.329793"><ele>328.25</ele></trkpt>
   <trkpt lat="49.695983" lon="13.329834"><ele>327.75</ele></trkpt>
   <trkpt lat="49.69581" lon="13.329879"><ele>327</ele></trkpt>
   <trkpt lat="49.695429" lon="13.330012"><ele>324.25</ele></trkpt>
   <trkpt lat="49.69542" lon="13.330015"><ele>324.25</ele></trkpt>
   <trkpt lat="49.695412" lon="13.330018"><ele>324.25</ele></trkpt>
   <trkpt lat="49.694756" lon="13.330273"><ele>321</ele></trkpt>
   <trkpt lat="49.694181" lon="13.330497"><ele>320.5</ele></trkpt>
   <trkpt lat="49.693866" lon="13.33062"><ele>321.75</ele></trkpt>
   <trkpt lat="49.693614" lon="13.330708"><ele>324</ele></trkpt>
   <trkpt lat="49.69343" lon="13.330753"><ele>325.75</ele></trkpt>
   <trkpt lat="49.693111" lon="13.330791"><ele>328.75</ele></trkpt>
   <trkpt lat="49.692916" lon="13.330788"><ele>328.75</ele></trkpt>
   <trkpt lat="49.692722" lon="13.330766"><ele>330.25</ele></trkpt>
   <trkpt lat="49.692434" lon="13.330698"><ele>332</ele></trkpt>
   <trkpt lat="49.69227" lon="13.33064"><ele>333.5</ele></trkpt>
   <trkpt lat="49.69209" lon="13.330559"><ele>334.75</ele></trkpt>
   <trkpt lat="49.691812" lon="13.330397"><ele>335.5</ele></trkpt>
   <trkpt lat="49.69156" lon="13.330207"><ele>336</ele></trkpt>
   <trkpt lat="49.691482" lon="13.33014"><ele>336</ele></trkpt>
   <trkpt lat="49.691309" lon="13.32997"><ele>336.25</ele></trkpt>
   <trkpt lat="49.691129" lon="13.329778"><ele>336</ele></trkpt>
   <trkpt lat="49.690622" lon="13.329199"><ele>333</ele></trkpt>
   <trkpt lat="49.69038" lon="13.328948"><ele>335.5</ele></trkpt>
   <trkpt lat="49.690256" lon="13.328832"><ele>336.75</ele></trkpt>
   <trkpt lat="49.690002" lon="13.328631"><ele>338.75</ele></trkpt>
   <trkpt lat="49.689754" lon="13.328466"><ele>337.5</ele></trkpt>
   <trkpt lat="49.689512" lon="13.328338"><ele>336.25</ele></trkpt>
   <trkpt lat="49.689153" lon="13.328178"><ele>335.5</ele></trkpt>
   <trkpt lat="49.689148" lon="13.328176"><ele>335.5</ele></trkpt>
   <trkpt lat="49.689143" lon="13.328174"><ele>335.5</ele></trkpt>
   <trkpt lat="49.687754" lon="13.327602"><ele>328.25</ele></trkpt>
   <trkpt lat="49.6872" lon="13.327375"><ele>326.5</ele></trkpt>
   <trkpt lat="49.687088" lon="13.327329"><ele>326.25</ele></trkpt>
   <trkpt lat="49.684567" lon="13.326288"><ele>329.5</ele></trkpt>
   <trkpt lat="49.684221" lon="13.326118"><ele>328.75</ele></trkpt>
   <trkpt lat="49.683974" lon="13.325966"><ele>328.25</ele></trkpt>
   <trkpt lat="49.683782" lon="13.325828"><ele>327.75</ele></trkpt>
   <trkpt lat="49.683505" lon="13.325613"><ele>327.75</ele></trkpt>
   <trkpt lat="49.683028" lon="13.325224"><ele>329</ele></trkpt>
   <trkpt lat="49.682784" lon="13.325023"><ele>329.5</ele></trkpt>
   <trkpt lat="49.681301" lon="13.323806"><ele>329.75</ele></trkpt>
   <trkpt lat="49.679113" lon="13.322017"><ele>327.75</ele></trkpt>
   <trkpt lat="49.679061" lon="13.321974"><ele>327.75</ele></trkpt>
   <trkpt lat="49.67647" lon="13.319855"><ele>332.75</ele></trkpt>
   <trkpt lat="49.673684" lon="13.31757"><ele>334.5</ele></trkpt>
   <trkpt lat="49.673415" lon="13.317331"><ele>333.75</ele></trkpt>
   <trkpt lat="49.673086" lon="13.317009"><ele>332.75</ele></trkpt>
   <trkpt lat="49.672963" lon="13.31688"><ele>332.75</ele></trkpt>
   <trkpt lat="49.672792" lon="13.3167"><ele>333</ele></trkpt>
   <trkpt lat="49.669726" lon="13.313408"><ele>335.25</ele></trkpt>
   <trkpt lat="49.669692" lon="13.313371"><ele>335.25</ele></trkpt>
   <trkpt lat="49.66905" lon="13.312681"><ele>335.5</ele></trkpt>
   <trkpt lat="49.6687" lon="13.312306"><ele>335.25</ele></trkpt>
   <trkpt lat="49.668454" lon="13.312042"><ele>335.25</ele></trkpt>
   <trkpt lat="49.667912" lon="13.311459"><ele>334.75</ele></trkpt>
   <trkpt lat="49.667855" lon="13.311398"><ele>334.75</ele></trkpt>
   <trkpt lat="49.667312" lon="13.310824"><ele>334.75</ele></trkpt>
   <trkpt lat="49.667109" lon="13.310632"><ele>334.75</ele></trkpt>
   <trkpt lat="49.666918" lon="13.310468"><ele>334.75</ele></trkpt>
   <trkpt lat="49.666688" lon="13.310291"><ele>335.25</ele></trkpt>
   <trkpt lat="49.666416" lon="13.310107"><ele>335.25</ele></trkpt>
   <trkpt lat="49.666149" lon="13.309954"><ele>335.5</ele></trkpt>
   <trkpt lat="49.665878" lon="13.309823"><ele>335.75</ele></trkpt>
   <trkpt lat="49.665588" lon="13.309708"><ele>335.75</ele></trkpt>
   <trkpt lat="49.665314" lon="13.309623"><ele>336</ele></trkpt>
   <trkpt lat="49.665096" lon="13.309574"><ele>336.25</ele></trkpt>
   <trkpt lat="49.664857" lon="13.309534"><ele>336.5</ele></trkpt>
   <trkpt lat="49.664438" lon="13.309501"><ele>337.5</ele></trkpt>
   <trkpt lat="49.663281" lon="13.309462"><ele>336.75</ele></trkpt>
   <trkpt lat="49.663243" lon="13.309461"><ele>336.75</ele></trkpt>
   <trkpt lat="49.662884" lon="13.30945"><ele>337.25</ele></trkpt>
   <trkpt lat="49.662874" lon="13.309449"><ele>337.25</ele></trkpt>
   <trkpt lat="49.662865" lon="13.309449"><ele>337.25</ele></trkpt>
   <trkpt lat="49.662823" lon="13.309447"><ele>337.25</ele></trkpt>
   <trkpt lat="49.662545" lon="13.309427"><ele>337.75</ele></trkpt>
   <trkpt lat="49.662372" lon="13.309404"><ele>337.75</ele></trkpt>
   <trkpt lat="49.66207" lon="13.309327"><ele>337.25</ele></trkpt>
   <trkpt lat="49.661902" lon="13.309263"><ele>337.25</ele></trkpt>
   <trkpt lat="49.661737" lon="13.309185"><ele>337</ele></trkpt>
   <trkpt lat="49.661477" lon="13.309032"><ele>336.5</ele></trkpt>
   <trkpt lat="49.661291" lon="13.308896"><ele>336.25</ele></trkpt>
   <trkpt lat="49.661107" lon="13.308741"><ele>336</ele></trkpt>
   <trkpt lat="49.661071" lon="13.308708"><ele>336</ele></trkpt>
   <trkpt lat="49.660899" lon="13.308543"><ele>336</ele></trkpt>
   <trkpt lat="49.660755" lon="13.308391"><ele>336</ele></trkpt>
   <trkpt lat="49.660359" lon="13.307957"><ele>335.5</ele></trkpt>
   <trkpt lat="49.660189" lon="13.307743"><ele>335.5</ele></trkpt>
   <trkpt lat="49.660005" lon="13.307457"><ele>335.75</ele></trkpt>
   <trkpt lat="49.659918" lon="13.307306"><ele>336</ele></trkpt>
   <trkpt lat="49.659807" lon="13.307116"><ele>336.25</ele></trkpt>
   <trkpt lat="49.65969" lon="13.306935"><ele>336.5</ele></trkpt>
   <trkpt lat="49.659462" lon="13.306622"><ele>337</ele></trkpt>
   <trkpt lat="49.659346" lon="13.306443"><ele>337.25</ele></trkpt>
   <trkpt lat="49.658973" lon="13.305813"><ele>338.5</ele></trkpt>
   <trkpt lat="49.658812" lon="13.305571"><ele>338.75</ele></trkpt>
   <trkpt lat="49.658644" lon="13.305347"><ele>338.75</ele></trkpt>
   <trkpt lat="49.6584" lon="13.305065"><ele>338.75</ele></trkpt>
   <trkpt lat="49.658226" lon="13.304892"><ele>339</ele></trkpt>
   <trkpt lat="49.658039" lon="13.304733"><ele>339</ele></trkpt>
   <trkpt lat="49.656895" lon="13.303849"><ele>339</ele></trkpt>
   <trkpt lat="49.656013" lon="13.30317"><ele>340</ele></trkpt>
   <trkpt lat="49.655533" lon="13.3028"><ele>338.75</ele></trkpt>
   <trkpt lat="49.655398" lon="13.30268"><ele>338.25</ele></trkpt>
   <trkpt lat="49.655175" lon="13.302464"><ele>337.75</ele></trkpt>
   <trkpt lat="49.654976" lon="13.302307"><ele>337.75</ele></trkpt>
   <trkpt lat="49.654769" lon="13.30218"><ele>336.75</ele></trkpt>
   <trkpt lat="49.654594" lon="13.302097"><ele>336</ele></trkpt>
   <trkpt lat="49.654561" lon="13.302085"><ele>335.75</ele></trkpt>
   <trkpt lat="49.654394" lon="13.302027"><ele>335</ele></trkpt>
   <trkpt lat="49.654352" lon="13.302015"><ele>334.75</ele></trkpt>
   <trkpt lat="49.654192" lon="13.301977"><ele>334</ele></trkpt>
   <trkpt lat="49.65407" lon="13.301958"><ele>334</ele></trkpt>
   <trkpt lat="49.653784" lon="13.301946"><ele>334.75</ele></trkpt>
   <trkpt lat="49.653545" lon="13.301966"><ele>335</ele></trkpt>
   <trkpt lat="49.652887" lon="13.302069"><ele>337</ele></trkpt>
   <trkpt lat="49.652579" lon="13.302099"><ele>338</ele></trkpt>
   <trkpt lat="49.652569" lon="13.3021"><ele>338</ele></trkpt>
   <trkpt lat="49.652558" lon="13.3021"><ele>338.25</ele></trkpt>
   <trkpt lat="49.652292" lon="13.302097"><ele>339</ele></trkpt>
   <trkpt lat="49.652067" lon="13.302073"><ele>339.75</ele></trkpt>
   <trkpt lat="49.651863" lon="13.30203"><ele>340.25</ele></trkpt>
   <trkpt lat="49.651556" lon="13.30193"><ele>341.25</ele></trkpt>
   <trkpt lat="49.651352" lon="13.301838"><ele>342</ele></trkpt>
   <trkpt lat="49.651224" lon="13.30177"><ele>342.5</ele></trkpt>
   <trkpt lat="49.650998" lon="13.301628"><ele>343.25</ele></trkpt>
   <trkpt lat="49.650787" lon="13.301469"><ele>344</ele></trkpt>
   <trkpt lat="49.650541" lon="13.30125"><ele>344</ele></trkpt>
   <trkpt lat="49.650479" lon="13.301191"><ele>344</ele></trkpt>
   <trkpt lat="49.650203" lon="13.300873"><ele>343.5</ele></trkpt>
   <trkpt lat="49.650169" lon="13.300828"><ele>343.25</ele></trkpt>
   <trkpt lat="49.649894" lon="13.300451"><ele>342.25</ele></trkpt>
   <trkpt lat="49.648527" lon="13.298462"><ele>342.75</ele></trkpt>
   <trkpt lat="49.648507" lon="13.298433"><ele>342.75</ele></trkpt>
   <trkpt lat="49.646864" lon="13.296033"><ele>345.5</ele></trkpt>
   <trkpt lat="49.646663" lon="13.295755"><ele>345.5</ele></trkpt>
   <trkpt lat="49.646475" lon="13.295522"><ele>345.25</ele></trkpt>
   <trkpt lat="49.646292" lon="13.295327"><ele>345.25</ele></trkpt>
   <trkpt lat="49.646181" lon="13.295224"><ele>345.25</ele></trkpt>
   <trkpt lat="49.646003" lon="13.295082"><ele>345.5</ele></trkpt>
   <trkpt lat="49.645798" lon="13.294948"><ele>346</ele></trkpt>
   <trkpt lat="49.645554" lon="13.294828"><ele>346.5</ele></trkpt>
   <trkpt lat="49.645427" lon="13.294781"><ele>346.75</ele></trkpt>
   <trkpt lat="49.645193" lon="13.294722"><ele>347.5</ele></trkpt>
   <trkpt lat="49.644929" lon="13.294695"><ele>348.25</ele></trkpt>
   <trkpt lat="49.644706" lon="13.294701"><ele>348.25</ele></trkpt>
   <trkpt lat="49.644472" lon="13.29474"><ele>348.5</ele></trkpt>
   <trkpt lat="49.644333" lon="13.294777"><ele>348.75</ele></trkpt>
   <trkpt lat="49.644083" lon="13.294877"><ele>349</ele></trkpt>
   <trkpt lat="49.643836" lon="13.295016"><ele>348.25</ele></trkpt>
   <trkpt lat="49.643709" lon="13.295104"><ele>348.25</ele></trkpt>
   <trkpt lat="49.643597" lon="13.295192"><ele>348</ele></trkpt>
   <trkpt lat="49.643382" lon="13.295394"><ele>348.5</ele></trkpt>
   <trkpt lat="49.643261" lon="13.295526"><ele>348.5</ele></trkpt>
   <trkpt lat="49.643052" lon="13.295797"><ele>348.25</ele></trkpt>
   <trkpt lat="49.642887" lon="13.296059"><ele>348</ele></trkpt>
   <trkpt lat="49.64279" lon="13.296234"><ele>348</ele></trkpt>
   <trkpt lat="49.642713" lon="13.296395"><ele>348</ele></trkpt>
   <trkpt lat="49.642574" lon="13.296725"><ele>348.5</ele></trkpt>
   <trkpt lat="49.642439" lon="13.297113"><ele>348.5</ele></trkpt>
   <trkpt lat="49.642328" lon="13.297474"><ele>348.25</ele></trkpt>
   <trkpt lat="49.642069" lon="13.298368"><ele>347.75</ele></trkpt>
   <trkpt lat="49.641953" lon="13.298725"><ele>348.25</ele></trkpt>
   <trkpt lat="49.641833" lon="13.299052"><ele>349</ele></trkpt>
   <trkpt lat="49.641724" lon="13.299311"><ele>349.25</ele></trkpt>
   <trkpt lat="49.641534" lon="13.29969"><ele>349</ele></trkpt>
   <trkpt lat="49.641394" lon="13.299928"><ele>349</ele></trkpt>
   <trkpt lat="49.641206" lon="13.300201"><ele>349.5</ele></trkpt>
   <trkpt lat="49.641107" lon="13.300326"><ele>350</ele></trkpt>
   <trkpt lat="49.640911" lon="13.300547"><ele>350.5</ele></trkpt>
   <trkpt lat="49.640705" lon="13.300741"><ele>351</ele></trkpt>
   <trkpt lat="49.640506" lon="13.300899"><ele>351.25</ele></trkpt>
   <trkpt lat="49.640293" lon="13.301037"><ele>351.5</ele></trkpt>
   <trkpt lat="49.640061" lon="13.301158"><ele>352</ele></trkpt>
   <trkpt lat="49.639808" lon="13.301256"><ele>352.75</ele></trkpt>
   <trkpt lat="49.639534" lon="13.301324"><ele>353.5</ele></trkpt>
   <trkpt lat="49.639282" lon="13.301357"><ele>354</ele></trkpt>
   <trkpt lat="49.639043" lon="13.30136"><ele>354.5</ele></trkpt>
   <trkpt lat="49.638937" lon="13.301352"><ele>355</ele></trkpt>
   <trkpt lat="49.638735" lon="13.301322"><ele>355.75</ele></trkpt>
   <trkpt lat="49.638532" lon="13.301271"><ele>356.5</ele></trkpt>
   <trkpt lat="49.63823" lon="13.301156"><ele>357</ele></trkpt>
   <trkpt lat="49.637633" lon="13.300853"><ele>355</ele></trkpt>
   <trkpt lat="49.637618" lon="13.300846"><ele>354.75</ele></trkpt>
   <trkpt lat="49.637606" lon="13.300839"><ele>354.75</ele></trkpt>
   <trkpt lat="49.637555" lon="13.300812"><ele>354.5</ele></trkpt>
   <trkpt lat="49.637324" lon="13.300687"><ele>354.5</ele></trkpt>
   <trkpt lat="49.637173" lon="13.300606"><ele>354.25</ele></trkpt>
   <trkpt lat="49.635039" lon="13.299467"><ele>359</ele></trkpt>
   <trkpt lat="49.632337" lon="13.298028"><ele>360</ele></trkpt>
   <trkpt lat="49.629875" lon="13.296717"><ele>363</ele></trkpt>
   <trkpt lat="49.629808" lon="13.296683"><ele>363</ele></trkpt>
   <trkpt lat="49.629067" lon="13.296287"><ele>364</ele></trkpt>
   <trkpt lat="49.628397" lon="13.295931"><ele>365</ele></trkpt>
   <trkpt lat="49.62763" lon="13.295522"><ele>366.25</ele></trkpt>
   <trkpt lat="49.627132" lon="13.295257"><ele>366.5</ele></trkpt>
   <trkpt lat="49.627073" lon="13.295227"><ele>366.5</ele></trkpt>
   <trkpt lat="49.626402" lon="13.29487"><ele>367.5</ele></trkpt>
   <trkpt lat="49.626088" lon="13.294698"><ele>368</ele></trkpt>
   <trkpt lat="49.626022" lon="13.29466"><ele>368</ele></trkpt>
   <trkpt lat="49.62547" lon="13.294313"><ele>368</ele></trkpt>
   <trkpt lat="49.625082" lon="13.294037"><ele>367.75</ele></trkpt>
   <trkpt lat="49.624827" lon="13.293836"><ele>368.25</ele></trkpt>
   <trkpt lat="49.624455" lon="13.293524"><ele>369.25</ele></trkpt>
   <trkpt lat="49.623947" lon="13.293048"><ele>370.25</ele></trkpt>
   <trkpt lat="49.623589" lon="13.292709"><ele>370.5</ele></trkpt>
   <trkpt lat="49.623507" lon="13.292632"><ele>370.75</ele></trkpt>
   <trkpt lat="49.623476" lon="13.292602"><ele>370.75</ele></trkpt>
   <trkpt lat="49.623416" lon="13.292544"><ele>370.75</ele></trkpt>
   <trkpt lat="49.623264" lon="13.292397"><ele>371</ele></trkpt>
   <trkpt lat="49.622888" lon="13.292037"><ele>371</ele></trkpt>
   <trkpt lat="49.622054" lon="13.291241"><ele>370.25</ele></trkpt>
   <trkpt lat="49.621836" lon="13.291035"><ele>370</ele></trkpt>
   <trkpt lat="49.621599" lon="13.290823"><ele>370</ele></trkpt>
   <trkpt lat="49.621379" lon="13.290648"><ele>370.75</ele></trkpt>
   <trkpt lat="49.621249" lon="13.290555"><ele>371.5</ele></trkpt>
   <trkpt lat="49.621061" lon="13.290437"><ele>372.25</ele></trkpt>
   <trkpt lat="49.620826" lon="13.290313"><ele>373.25</ele></trkpt>
   <trkpt lat="49.620612" lon="13.290219"><ele>374.75</ele></trkpt>
   <trkpt lat="49.620581" lon="13.290207"><ele>375</ele></trkpt>
   <trkpt lat="49.620263" lon="13.290101"><ele>377</ele></trkpt>
   <trkpt lat="49.620032" lon="13.290046"><ele>378.5</ele></trkpt>
   <trkpt lat="49.619888" lon="13.290022"><ele>379.75</ele></trkpt>
   <trkpt lat="49.619636" lon="13.289999"><ele>381.5</ele></trkpt>
   <trkpt lat="49.61934" lon="13.290001"><ele>383.75</ele></trkpt>
   <trkpt lat="49.618973" lon="13.290041"><ele>384.75</ele></trkpt>
   <trkpt lat="49.618899" lon="13.290056"><ele>384.75</ele></trkpt>
   <trkpt lat="49.618558" lon="13.290145"><ele>384.75</ele></trkpt>
   <trkpt lat="49.618351" lon="13.290221"><ele>384.75</ele></trkpt>
   <trkpt lat="49.618149" lon="13.290311"><ele>385</ele></trkpt>
   <trkpt lat="49.617902" lon="13.29044"><ele>384.75</ele></trkpt>
   <trkpt lat="49.617564" lon="13.290662"><ele>383.75</ele></trkpt>
   <trkpt lat="49.617354" lon="13.290826"><ele>383.25</ele></trkpt>
   <trkpt lat="49.617167" lon="13.29099"><ele>383.75</ele></trkpt>
   <trkpt lat="49.616988" lon="13.291165"><ele>383.75</ele></trkpt>
   <trkpt lat="49.616863" lon="13.291299"><ele>383.5</ele></trkpt>
   <trkpt lat="49.616714" lon="13.291472"><ele>382.75</ele></trkpt>
   <trkpt lat="49.616571" lon="13.291655"><ele>382.25</ele></trkpt>
   <trkpt lat="49.616543" lon="13.291693"><ele>382.25</ele></trkpt>
   <trkpt lat="49.616367" lon="13.291943"><ele>382.5</ele></trkpt>
   <trkpt lat="49.616186" lon="13.292229"><ele>383</ele></trkpt>
   <trkpt lat="49.614092" lon="13.295759"><ele>386.75</ele></trkpt>
   <trkpt lat="49.613752" lon="13.296312"><ele>388.75</ele></trkpt>
   <trkpt lat="49.61372" lon="13.29636"><ele>389</ele></trkpt>
   <trkpt lat="49.613635" lon="13.296488"><ele>389.5</ele></trkpt>
   <trkpt lat="49.613459" lon="13.296729"><ele>390.75</ele></trkpt>
   <trkpt lat="49.613179" lon="13.297078"><ele>391.75</ele></trkpt>
   <trkpt lat="49.612868" lon="13.297411"><ele>392.25</ele></trkpt>
   <trkpt lat="49.612496" lon="13.297752"><ele>393.75</ele></trkpt>
   <trkpt lat="49.612243" lon="13.297951"><ele>392</ele></trkpt>
   <trkpt lat="49.611916" lon="13.298172"><ele>389.5</ele></trkpt>
   <trkpt lat="49.611562" lon="13.29837"><ele>387.25</ele></trkpt>
   <trkpt lat="49.611229" lon="13.298517"><ele>385.75</ele></trkpt>
   <trkpt lat="49.610945" lon="13.298614"><ele>384.25</ele></trkpt>
   <trkpt lat="49.610585" lon="13.2987"><ele>383.75</ele></trkpt>
   <trkpt lat="49.610542" lon="13.298708"><ele>383.75</ele></trkpt>
   <trkpt lat="49.610409" lon="13.298729"><ele>383.75</ele></trkpt>
   <trkpt lat="49.610135" lon="13.298759"><ele>383.25</ele></trkpt>
   <trkpt lat="49.609826" lon="13.298773"><ele>383.25</ele></trkpt>
   <trkpt lat="49.6098" lon="13.298774"><ele>383.25</ele></trkpt>
   <trkpt lat="49.609776" lon="13.298775"><ele>383.25</ele></trkpt>
   <trkpt lat="49.606085" lon="13.298902"><ele>383.5</ele></trkpt>
   <trkpt lat="49.605962" lon="13.298906"><ele>383</ele></trkpt>
   <trkpt lat="49.601425" lon="13.29906"><ele>375.5</ele></trkpt>
   <trkpt lat="49.600762" lon="13.299098"><ele>377</ele></trkpt>
   <trkpt lat="49.600607" lon="13.299114"><ele>377.25</ele></trkpt>
   <trkpt lat="49.600232" lon="13.299164"><ele>377.5</ele></trkpt>
   <trkpt lat="49.599834" lon="13.299234"><ele>378.5</ele></trkpt>
   <trkpt lat="49.599404" lon="13.29933"><ele>379.5</ele></trkpt>
   <trkpt lat="49.598955" lon="13.299455"><ele>379.25</ele></trkpt>
   <trkpt lat="49.598472" lon="13.299616"><ele>376.75</ele></trkpt>
   <trkpt lat="49.598045" lon="13.299783"><ele>375.5</ele></trkpt>
   <trkpt lat="49.597677" lon="13.299945"><ele>375.25</ele></trkpt>
   <trkpt lat="49.5973" lon="13.300128"><ele>375</ele></trkpt>
   <trkpt lat="49.596918" lon="13.300335"><ele>375</ele></trkpt>
   <trkpt lat="49.596523" lon="13.300568"><ele>374.5</ele></trkpt>
   <trkpt lat="49.595996" lon="13.300918"><ele>374.5</ele></trkpt>
   <trkpt lat="49.59382" lon="13.302538"><ele>372.75</ele></trkpt>
   <trkpt lat="49.593443" lon="13.30282"><ele>372.5</ele></trkpt>
   <trkpt lat="49.593404" lon="13.302849"><ele>372.5</ele></trkpt>
   <trkpt lat="49.589743" lon="13.305588"><ele>374.25</ele></trkpt>
   <trkpt lat="49.589274" lon="13.305957"><ele>372.75</ele></trkpt>
   <trkpt lat="49.589171" lon="13.306046"><ele>372.5</ele></trkpt>
   <trkpt lat="49.588925" lon="13.306285"><ele>372.25</ele></trkpt>
   <trkpt lat="49.588716" lon="13.306523"><ele>372</ele></trkpt>
   <trkpt lat="49.588549" lon="13.306742"><ele>371.75</ele></trkpt>
   <trkpt lat="49.588311" lon="13.30711"><ele>371.75</ele></trkpt>
   <trkpt lat="49.588278" lon="13.307168"><ele>371.75</ele></trkpt>
   <trkpt lat="49.588081" lon="13.307545"><ele>371.5</ele></trkpt>
   <trkpt lat="49.588009" lon="13.307704"><ele>371.25</ele></trkpt>
   <trkpt lat="49.587887" lon="13.308007"><ele>370.75</ele></trkpt>
   <trkpt lat="49.587825" lon="13.308179"><ele>370.75</ele></trkpt>
   <trkpt lat="49.587765" lon="13.308362"><ele>371</ele></trkpt>
   <trkpt lat="49.587671" lon="13.308686"><ele>371.25</ele></trkpt>
   <trkpt lat="49.587628" lon="13.308855"><ele>371.5</ele></trkpt>
   <trkpt lat="49.587553" lon="13.3092"><ele>371.75</ele></trkpt>
   <trkpt lat="49.587481" lon="13.309639"><ele>372.5</ele></trkpt>
   <trkpt lat="49.587412" lon="13.310175"><ele>373.25</ele></trkpt>
   <trkpt lat="49.587049" lon="13.313125"><ele>376</ele></trkpt>
   <trkpt lat="49.586999" lon="13.313459"><ele>375.5</ele></trkpt>
   <trkpt lat="49.58694" lon="13.313777"><ele>375.25</ele></trkpt>
   <trkpt lat="49.586859" lon="13.314132"><ele>375.25</ele></trkpt>
   <trkpt lat="49.586769" lon="13.314452"><ele>375.25</ele></trkpt>
   <trkpt lat="49.586669" lon="13.314757"><ele>375.25</ele></trkpt>
   <trkpt lat="49.586544" lon="13.315082"><ele>374.75</ele></trkpt>
   <trkpt lat="49.586416" lon="13.315372"><ele>374.5</ele></trkpt>
   <trkpt lat="49.586342" lon="13.315521"><ele>374.5</ele></trkpt>
   <trkpt lat="49.586199" lon="13.315784"><ele>374.5</ele></trkpt>
   <trkpt lat="49.586104" lon="13.315941"><ele>374.75</ele></trkpt>
   <trkpt lat="49.585929" lon="13.316201"><ele>374.75</ele></trkpt>
   <trkpt lat="49.585736" lon="13.31645"><ele>374.5</ele></trkpt>
   <trkpt lat="49.585664" lon="13.316534"><ele>374.5</ele></trkpt>
   <trkpt lat="49.585414" lon="13.316791"><ele>374.75</ele></trkpt>
   <trkpt lat="49.585213" lon="13.316966"><ele>375.25</ele></trkpt>
   <trkpt lat="49.585016" lon="13.31712"><ele>375.75</ele></trkpt>
   <trkpt lat="49.5822" lon="13.319084"><ele>373</ele></trkpt>
   <trkpt lat="49.581781" lon="13.319376"><ele>372.75</ele></trkpt>
   <trkpt lat="49.580935" lon="13.319963"><ele>373.5</ele></trkpt>
   <trkpt lat="49.580923" lon="13.31997"><ele>373.5</ele></trkpt>
   <trkpt lat="49.580913" lon="13.319978"><ele>373.5</ele></trkpt>
   <trkpt lat="49.580525" lon="13.320249"><ele>374</ele></trkpt>
   <trkpt lat="49.580507" lon="13.320262"><ele>374</ele></trkpt>
   <trkpt lat="49.579709" lon="13.320816"><ele>376</ele></trkpt>
   <trkpt lat="49.579461" lon="13.32098"><ele>376.5</ele></trkpt>
   <trkpt lat="49.579066" lon="13.321195"><ele>377.25</ele></trkpt>
   <trkpt lat="49.578986" lon="13.321235"><ele>377.25</ele></trkpt>
   <trkpt lat="49.578699" lon="13.321371"><ele>377</ele></trkpt>
   <trkpt lat="49.578473" lon="13.321463"><ele>376.75</ele></trkpt>
   <trkpt lat="49.578194" lon="13.32155"><ele>376</ele></trkpt>
   <trkpt lat="49.577817" lon="13.321692"><ele>374.5</ele></trkpt>
   <trkpt lat="49.577782" lon="13.321706"><ele>374.5</ele></trkpt>
   <trkpt lat="49.577427" lon="13.321822"><ele>374</ele></trkpt>
   <trkpt lat="49.576422" lon="13.322109"><ele>378</ele></trkpt>
   <trkpt lat="49.576074" lon="13.322209"><ele>379</ele></trkpt>
   <trkpt lat="49.575847" lon="13.322275"><ele>379.75</ele></trkpt>
   <trkpt lat="49.574899" lon="13.322547"><ele>379.25</ele></trkpt>
   <trkpt lat="49.57457" lon="13.322645"><ele>378.25</ele></trkpt>
   <trkpt lat="49.574298" lon="13.322729"><ele>377.5</ele></trkpt>
   <trkpt lat="49.574016" lon="13.322854"><ele>376.5</ele></trkpt>
   <trkpt lat="49.573783" lon="13.322938"><ele>375.25</ele></trkpt>
   <trkpt lat="49.57349" lon="13.323025"><ele>373.75</ele></trkpt>
   <trkpt lat="49.573465" lon="13.323032"><ele>373.5</ele></trkpt>
   <trkpt lat="49.573149" lon="13.323125"><ele>371.75</ele></trkpt>
   <trkpt lat="49.572939" lon="13.323187"><ele>370.5</ele></trkpt>
   <trkpt lat="49.572537" lon="13.323303"><ele>368.25</ele></trkpt>
   <trkpt lat="49.572268" lon="13.323381"><ele>367.25</ele></trkpt>
   <trkpt lat="49.571516" lon="13.323598"><ele>366</ele></trkpt>
   <trkpt lat="49.571298" lon="13.323661"><ele>367</ele></trkpt>
   <trkpt lat="49.571189" lon="13.323694"><ele>367.25</ele></trkpt>
   <trkpt lat="49.571038" lon="13.323738"><ele>368</ele></trkpt>
   <trkpt lat="49.567652" lon="13.324723"><ele>377.5</ele></trkpt>
   <trkpt lat="49.567275" lon="13.324822"><ele>376</ele></trkpt>
   <trkpt lat="49.567116" lon="13.324849"><ele>375.25</ele></trkpt>
   <trkpt lat="49.566959" lon="13.324863"><ele>374.25</ele></trkpt>
   <trkpt lat="49.566796" lon="13.324864"><ele>373.5</ele></trkpt>
   <trkpt lat="49.566614" lon="13.324845"><ele>372.5</ele></trkpt>
   <trkpt lat="49.566423" lon="13.3248"><ele>371.75</ele></trkpt>
   <trkpt lat="49.566275" lon="13.324751"><ele>371.25</ele></trkpt>
   <trkpt lat="49.566088" lon="13.324672"><ele>371</ele></trkpt>
   <trkpt lat="49.565918" lon="13.324578"><ele>370.75</ele></trkpt>
   <trkpt lat="49.56586" lon="13.324541"><ele>370.75</ele></trkpt>
   <trkpt lat="49.565775" lon="13.324485"><ele>371</ele></trkpt>
   <trkpt lat="49.565642" lon="13.324381"><ele>371.5</ele></trkpt>
   <trkpt lat="49.565498" lon="13.324257"><ele>372</ele></trkpt>
   <trkpt lat="49.565228" lon="13.323969"><ele>372.75</ele></trkpt>
   <trkpt lat="49.565116" lon="13.323821"><ele>373.25</ele></trkpt>
   <trkpt lat="49.564997" lon="13.323644"><ele>374</ele></trkpt>
   <trkpt lat="49.564877" lon="13.323446"><ele>374.75</ele></trkpt>
   <trkpt lat="49.564771" lon="13.323244"><ele>375.25</ele></trkpt>
   <trkpt lat="49.564651" lon="13.322977"><ele>375.5</ele></trkpt>
   <trkpt lat="49.564555" lon="13.322726"><ele>375.75</ele></trkpt>
   <trkpt lat="49.56447" lon="13.32246"><ele>376</ele></trkpt>
   <trkpt lat="49.56439" lon="13.322161"><ele>376</ele></trkpt>
   <trkpt lat="49.564335" lon="13.321906"><ele>375.75</ele></trkpt>
   <trkpt lat="49.564254" lon="13.321373"><ele>375.5</ele></trkpt>
   <trkpt lat="49.564095" lon="13.320074"><ele>373.5</ele></trkpt>
   <trkpt lat="49.563959" lon="13.319024"><ele>371.25</ele></trkpt>
   <trkpt lat="49.563914" lon="13.318783"><ele>370.5</ele></trkpt>
   <trkpt lat="49.563845" lon="13.318484"><ele>369.75</ele></trkpt>
   <trkpt lat="49.56377" lon="13.318219"><ele>368.75</ele></trkpt>
   <trkpt lat="49.563673" lon="13.317929"><ele>368</ele></trkpt>
   <trkpt lat="49.563552" lon="13.317645"><ele>367</ele></trkpt>
   <trkpt lat="49.563448" lon="13.317433"><ele>366.5</ele></trkpt>
   <trkpt lat="49.563333" lon="13.317221"><ele>366.25</ele></trkpt>
   <trkpt lat="49.563189" lon="13.317001"><ele>366</ele></trkpt>
   <trkpt lat="49.562945" lon="13.316683"><ele>366</ele></trkpt>
   <trkpt lat="49.562681" lon="13.316418"><ele>365.25</ele></trkpt>
   <trkpt lat="49.56253" lon="13.316296"><ele>365.25</ele></trkpt>
   <trkpt lat="49.562385" lon="13.3162"><ele>365.5</ele></trkpt>
   <trkpt lat="49.5622" lon="13.316092"><ele>365.75</ele></trkpt>
   <trkpt lat="49.562045" lon="13.316019"><ele>366</ele></trkpt>
   <trkpt lat="49.561665" lon="13.315908"><ele>366.75</ele></trkpt>
   <trkpt lat="49.56149" lon="13.31588"><ele>366.25</ele></trkpt>
   <trkpt lat="49.558122" lon="13.315549"><ele>361</ele></trkpt>
   <trkpt lat="49.557992" lon="13.315535"><ele>361</ele></trkpt>
   <trkpt lat="49.554858" lon="13.315225"><ele>361.25</ele></trkpt>
   <trkpt lat="49.55481" lon="13.315221"><ele>361.25</ele></trkpt>
   <trkpt lat="49.550405" lon="13.314783"><ele>362.25</ele></trkpt>
   <trkpt lat="49.54807" lon="13.314556"><ele>361.25</ele></trkpt>
   <trkpt lat="49.546756" lon="13.314423"><ele>362.5</ele></trkpt>
   <trkpt lat="49.546299" lon="13.314362"><ele>363</ele></trkpt>
   <trkpt lat="49.546042" lon="13.314308"><ele>363.5</ele></trkpt>
   <trkpt lat="49.545835" lon="13.31424"><ele>363.75</ele></trkpt>
   <trkpt lat="49.545614" lon="13.314143"><ele>362.75</ele></trkpt>
   <trkpt lat="49.545423" lon="13.314032"><ele>362.25</ele></trkpt>
   <trkpt lat="49.545232" lon="13.313898"><ele>361.75</ele></trkpt>
   <trkpt lat="49.545019" lon="13.313706"><ele>361.5</ele></trkpt>
   <trkpt lat="49.544807" lon="13.313478"><ele>361.75</ele></trkpt>
   <trkpt lat="49.544485" lon="13.313056"><ele>361</ele></trkpt>
   <trkpt lat="49.544177" lon="13.31259"><ele>360</ele></trkpt>
   <trkpt lat="49.543245" lon="13.311176"><ele>361.25</ele></trkpt>
   <trkpt lat="49.543064" lon="13.310926"><ele>361.5</ele></trkpt>
   <trkpt lat="49.542867" lon="13.310677"><ele>361.5</ele></trkpt>
   <trkpt lat="49.542737" lon="13.310533"><ele>361.25</ele></trkpt>
   <trkpt lat="49.542591" lon="13.31039"><ele>361</ele></trkpt>
   <trkpt lat="49.542356" lon="13.310193"><ele>361</ele></trkpt>
   <trkpt lat="49.542317" lon="13.310165"><ele>361</ele></trkpt>
   <trkpt lat="49.542279" lon="13.310138"><ele>361</ele></trkpt>
   <trkpt lat="49.541999" lon="13.309943"><ele>361.5</ele></trkpt>
   <trkpt lat="49.540127" lon="13.308799"><ele>360</ele></trkpt>
   <trkpt lat="49.54007" lon="13.308761"><ele>360</ele></trkpt>
   <trkpt lat="49.537196" lon="13.307006"><ele>360</ele></trkpt>
   <trkpt lat="49.537164" lon="13.306985"><ele>360</ele></trkpt>
   <trkpt lat="49.531897" lon="13.303768"><ele>360.5</ele></trkpt>
   <trkpt lat="49.530146" lon="13.302696"><ele>361.25</ele></trkpt>
   <trkpt lat="49.530038" lon="13.302629"><ele>361.75</ele></trkpt>
   <trkpt lat="49.529475" lon="13.302289"><ele>362.25</ele></trkpt>
   <trkpt lat="49.529135" lon="13.302073"><ele>362.25</ele></trkpt>
   <trkpt lat="49.528991" lon="13.30197"><ele>362</ele></trkpt>
   <trkpt lat="49.528849" lon="13.301853"><ele>362</ele></trkpt>
   <trkpt lat="49.528607" lon="13.301625"><ele>362</ele></trkpt>
   <trkpt lat="49.528376" lon="13.30137"><ele>362.25</ele></trkpt>
   <trkpt lat="49.527586" lon="13.300394"><ele>362</ele></trkpt>
   <trkpt lat="49.527235" lon="13.299947"><ele>362.25</ele></trkpt>
   <trkpt lat="49.526762" lon="13.299347"><ele>363.5</ele></trkpt>
   <trkpt lat="49.526599" lon="13.299168"><ele>363.75</ele></trkpt>
   <trkpt lat="49.526395" lon="13.29896"><ele>364</ele></trkpt>
   <trkpt lat="49.526228" lon="13.298816"><ele>364.25</ele></trkpt>
   <trkpt lat="49.526049" lon="13.298684"><ele>364.5</ele></trkpt>
   <trkpt lat="49.525843" lon="13.298569"><ele>364.5</ele></trkpt>
   <trkpt lat="49.525599" lon="13.298457"><ele>364.75</ele></trkpt>
   <trkpt lat="49.525376" lon="13.298399"><ele>364.75</ele></trkpt>
   <trkpt lat="49.525142" lon="13.298368"><ele>364.75</ele></trkpt>
   <trkpt lat="49.524903" lon="13.298378"><ele>364.75</ele></trkpt>
   <trkpt lat="49.524642" lon="13.298418"><ele>364.5</ele></trkpt>
   <trkpt lat="49.524413" lon="13.29849"><ele>364.25</ele></trkpt>
   <trkpt lat="49.524342" lon="13.298519"><ele>364.25</ele></trkpt>
   <trkpt lat="49.524074" lon="13.29863"><ele>364.25</ele></trkpt>
   <trkpt lat="49.524038" lon="13.298647"><ele>364.5</ele></trkpt>
   <trkpt lat="49.523963" lon="13.298682"><ele>364.5</ele></trkpt>
   <trkpt lat="49.523235" lon="13.299023"><ele>365</ele></trkpt>
   <trkpt lat="49.522922" lon="13.299167"><ele>364.5</ele></trkpt>
   <trkpt lat="49.521615" lon="13.29978"><ele>364.25</ele></trkpt>
   <trkpt lat="49.521589" lon="13.299792"><ele>364.25</ele></trkpt>
   <trkpt lat="49.520487" lon="13.300308"><ele>365.25</ele></trkpt>
   <trkpt lat="49.520133" lon="13.300451"><ele>365.5</ele></trkpt>
   <trkpt lat="49.519929" lon="13.300518"><ele>365.75</ele></trkpt>
   <trkpt lat="49.519785" lon="13.300554"><ele>365.75</ele></trkpt>
   <trkpt lat="49.519595" lon="13.30059"><ele>365.75</ele></trkpt>
   <trkpt lat="49.519337" lon="13.300611"><ele>365.75</ele></trkpt>
   <trkpt lat="49.519135" lon="13.300602"><ele>366</ele></trkpt>
   <trkpt lat="49.518872" lon="13.300564"><ele>366.25</ele></trkpt>
   <trkpt lat="49.5187" lon="13.300528"><ele>366.5</ele></trkpt>
   <trkpt lat="49.518541" lon="13.300477"><ele>367</ele></trkpt>
   <trkpt lat="49.518316" lon="13.300387"><ele>367.5</ele></trkpt>
   <trkpt lat="49.518017" lon="13.30025"><ele>367.5</ele></trkpt>
   <trkpt lat="49.517076" lon="13.299769"><ele>367</ele></trkpt>
   <trkpt lat="49.517043" lon="13.299751"><ele>367</ele></trkpt>
   <trkpt lat="49.515178" lon="13.298801"><ele>369</ele></trkpt>
   <trkpt lat="49.514659" lon="13.298578"><ele>371.75</ele></trkpt>
   <trkpt lat="49.513983" lon="13.298342"><ele>376.5</ele></trkpt>
   <trkpt lat="49.513937" lon="13.298327"><ele>376.75</ele></trkpt>
   <trkpt lat="49.513586" lon="13.298235"><ele>378.75</ele></trkpt>
   <trkpt lat="49.513253" lon="13.29816"><ele>380.75</ele></trkpt>
   <trkpt lat="49.51293" lon="13.2981"><ele>382.5</ele></trkpt>
   <trkpt lat="49.512657" lon="13.29806"><ele>384</ele></trkpt>
   <trkpt lat="49.512412" lon="13.298031"><ele>384.75</ele></trkpt>
   <trkpt lat="49.510504" lon="13.297893"><ele>374.75</ele></trkpt>
   <trkpt lat="49.510373" lon="13.297883"><ele>374.25</ele></trkpt>
   <trkpt lat="49.509212" lon="13.297798"><ele>371.25</ele></trkpt>
   <trkpt lat="49.50902" lon="13.297795"><ele>371</ele></trkpt>
   <trkpt lat="49.508811" lon="13.297804"><ele>371</ele></trkpt>
   <trkpt lat="49.508637" lon="13.297828"><ele>371</ele></trkpt>
   <trkpt lat="49.508454" lon="13.297868"><ele>370.75</ele></trkpt>
   <trkpt lat="49.507241" lon="13.29816"><ele>368.5</ele></trkpt>
   <trkpt lat="49.50704" lon="13.298193"><ele>368.5</ele></trkpt>
   <trkpt lat="49.506784" lon="13.298203"><ele>368.5</ele></trkpt>
   <trkpt lat="49.506616" lon="13.2982"><ele>368.5</ele></trkpt>
   <trkpt lat="49.506391" lon="13.298176"><ele>368.5</ele></trkpt>
   <trkpt lat="49.505627" lon="13.298033"><ele>370</ele></trkpt>
   <trkpt lat="49.505415" lon="13.29801"><ele>370.25</ele></trkpt>
   <trkpt lat="49.505272" lon="13.298003"><ele>370.25</ele></trkpt>
   <trkpt lat="49.505096" lon="13.298011"><ele>370.25</ele></trkpt>
   <trkpt lat="49.50496" lon="13.298029"><ele>370</ele></trkpt>
   <trkpt lat="49.504795" lon="13.298061"><ele>369.25</ele></trkpt>
   <trkpt lat="49.504588" lon="13.298137"><ele>368.5</ele></trkpt>
   <trkpt lat="49.504308" lon="13.298263"><ele>367.25</ele></trkpt>
   <trkpt lat="49.504173" lon="13.298351"><ele>366.75</ele></trkpt>
   <trkpt lat="49.504012" lon="13.298465"><ele>366</ele></trkpt>
   <trkpt lat="49.503871" lon="13.298589"><ele>365.5</ele></trkpt>
   <trkpt lat="49.503691" lon="13.298768"><ele>365</ele></trkpt>
   <trkpt lat="49.503514" lon="13.29898"><ele>364.75</ele></trkpt>
   <trkpt lat="49.503385" lon="13.299163"><ele>364.75</ele></trkpt>
   <trkpt lat="49.503226" lon="13.299406"><ele>364.75</ele></trkpt>
   <trkpt lat="49.502959" lon="13.299865"><ele>365.5</ele></trkpt>
   <trkpt lat="49.502258" lon="13.301105"><ele>366.5</ele></trkpt>
   <trkpt lat="49.501494" lon="13.302447"><ele>365.5</ele></trkpt>
   <trkpt lat="49.501313" lon="13.302765"><ele>365.5</ele></trkpt>
   <trkpt lat="49.500291" lon="13.304572"><ele>364.25</ele></trkpt>
   <trkpt lat="49.500059" lon="13.304967"><ele>364.75</ele></trkpt>
   <trkpt lat="49.499982" lon="13.305079"><ele>365</ele></trkpt>
   <trkpt lat="49.499799" lon="13.305332"><ele>366</ele></trkpt>
   <trkpt lat="49.49966" lon="13.305492"><ele>366.75</ele></trkpt>
   <trkpt lat="49.49951" lon="13.305641"><ele>367.75</ele></trkpt>
   <trkpt lat="49.499384" lon="13.305754"><ele>368.75</ele></trkpt>
   <trkpt lat="49.499234" lon="13.305863"><ele>370</ele></trkpt>
   <trkpt lat="49.499078" lon="13.305957"><ele>371.25</ele></trkpt>
   <trkpt lat="49.498768" lon="13.306097"><ele>372.5</ele></trkpt>
   <trkpt lat="49.498458" lon="13.306175"><ele>373.25</ele></trkpt>
   <trkpt lat="49.498287" lon="13.306194"><ele>373.5</ele></trkpt>
   <trkpt lat="49.49814" lon="13.306198"><ele>373.75</ele></trkpt>
   <trkpt lat="49.497987" lon="13.306186"><ele>374</ele></trkpt>
   <trkpt lat="49.497819" lon="13.306161"><ele>374.25</ele></trkpt>
   <trkpt lat="49.497656" lon="13.306119"><ele>374.25</ele></trkpt>
   <trkpt lat="49.497507" lon="13.306067"><ele>374.25</ele></trkpt>
   <trkpt lat="49.497375" lon="13.306005"><ele>373.75</ele></trkpt>
   <trkpt lat="49.497105" lon="13.305858"><ele>372.5</ele></trkpt>
   <trkpt lat="49.496842" lon="13.305686"><ele>371.5</ele></trkpt>
   <trkpt lat="49.496554" lon="13.305479"><ele>370.75</ele></trkpt>
   <trkpt lat="49.49582" lon="13.304958"><ele>370.75</ele></trkpt>
   <trkpt lat="49.495603" lon="13.304813"><ele>371</ele></trkpt>
   <trkpt lat="49.494806" lon="13.304224"><ele>371.25</ele></trkpt>
   <trkpt lat="49.494512" lon="13.303972"><ele>371</ele></trkpt>
   <trkpt lat="49.494251" lon="13.303723"><ele>370.75</ele></trkpt>
   <trkpt lat="49.493988" lon="13.303448"><ele>370.25</ele></trkpt>
   <trkpt lat="49.493753" lon="13.303167"><ele>369.5</ele></trkpt>
   <trkpt lat="49.493497" lon="13.302838"><ele>369.25</ele></trkpt>
   <trkpt lat="49.493233" lon="13.302461"><ele>369</ele></trkpt>
   <trkpt lat="49.492912" lon="13.301969"><ele>370</ele></trkpt>
   <trkpt lat="49.492757" lon="13.301731"><ele>370.25</ele></trkpt>
   <trkpt lat="49.490828" lon="13.298711"><ele>373</ele></trkpt>
   <trkpt lat="49.490794" lon="13.298658"><ele>373.5</ele></trkpt>
   <trkpt lat="49.487969" lon="13.294254"><ele>376.25</ele></trkpt>
   <trkpt lat="49.487803" lon="13.294"><ele>376</ele></trkpt>
   <trkpt lat="49.487675" lon="13.293821"><ele>376</ele></trkpt>
   <trkpt lat="49.487515" lon="13.293623"><ele>375.75</ele></trkpt>
   <trkpt lat="49.487253" lon="13.293368"><ele>376.25</ele></trkpt>
   <trkpt lat="49.487129" lon="13.293262"><ele>376.25</ele></trkpt>
   <trkpt lat="49.486936" lon="13.293129"><ele>376.5</ele></trkpt>
   <trkpt lat="49.486748" lon="13.293025"><ele>376.75</ele></trkpt>
   <trkpt lat="49.486541" lon="13.292942"><ele>378</ele></trkpt>
   <trkpt lat="49.486374" lon="13.292886"><ele>379.75</ele></trkpt>
   <trkpt lat="49.486192" lon="13.292851"><ele>381.5</ele></trkpt>
   <trkpt lat="49.485997" lon="13.292836"><ele>383.5</ele></trkpt>
   <trkpt lat="49.48577" lon="13.292843"><ele>385</ele></trkpt>
   <trkpt lat="49.485561" lon="13.292876"><ele>383.5</ele></trkpt>
   <trkpt lat="49.485382" lon="13.292928"><ele>382.25</ele></trkpt>
   <trkpt lat="49.485216" lon="13.292993"><ele>381</ele></trkpt>
   <trkpt lat="49.485047" lon="13.293077"><ele>379.75</ele></trkpt>
   <trkpt lat="49.484858" lon="13.293198"><ele>379.25</ele></trkpt>
   <trkpt lat="49.48468" lon="13.293336"><ele>379</ele></trkpt>
   <trkpt lat="49.484451" lon="13.293537"><ele>379</ele></trkpt>
   <trkpt lat="49.484195" lon="13.293799"><ele>378.5</ele></trkpt>
   <trkpt lat="49.483766" lon="13.294202"><ele>378.25</ele></trkpt>
   <trkpt lat="49.483607" lon="13.294321"><ele>378.75</ele></trkpt>
   <trkpt lat="49.483401" lon="13.294455"><ele>378.75</ele></trkpt>
   <trkpt lat="49.483231" lon="13.294549"><ele>379</ele></trkpt>
   <trkpt lat="49.483044" lon="13.294624"><ele>379.25</ele></trkpt>
   <trkpt lat="49.482852" lon="13.294686"><ele>379.5</ele></trkpt>
   <trkpt lat="49.48265" lon="13.294732"><ele>379.5</ele></trkpt>
   <trkpt lat="49.482477" lon="13.294753"><ele>379.5</ele></trkpt>
   <trkpt lat="49.482366" lon="13.294757"><ele>380.25</ele></trkpt>
   <trkpt lat="49.482228" lon="13.294758"><ele>381.25</ele></trkpt>
   <trkpt lat="49.481662" lon="13.294708"><ele>385.25</ele></trkpt>
   <trkpt lat="49.479515" lon="13.294468"><ele>387.5</ele></trkpt>
   <trkpt lat="49.479307" lon="13.294437"><ele>386</ele></trkpt>
   <trkpt lat="49.479081" lon="13.294389"><ele>384.25</ele></trkpt>
   <trkpt lat="49.478868" lon="13.294327"><ele>383.25</ele></trkpt>
   <trkpt lat="49.478661" lon="13.294238"><ele>382</ele></trkpt>
   <trkpt lat="49.478498" lon="13.294156"><ele>381</ele></trkpt>
   <trkpt lat="49.478353" lon="13.294067"><ele>380.25</ele></trkpt>
   <trkpt lat="49.47827" lon="13.29401"><ele>380</ele></trkpt>
   <trkpt lat="49.47814" lon="13.293922"><ele>380</ele></trkpt>
   <trkpt lat="49.477988" lon="13.293797"><ele>379.75</ele></trkpt>
   <trkpt lat="49.477844" lon="13.293663"><ele>379.75</ele></trkpt>
   <trkpt lat="49.477426" lon="13.293232"><ele>379.5</ele></trkpt>
   <trkpt lat="49.477221" lon="13.293005"><ele>379</ele></trkpt>
   <trkpt lat="49.477119" lon="13.292891"><ele>378.75</ele></trkpt>
   <trkpt lat="49.476883" lon="13.292694"><ele>378.75</ele></trkpt>
   <trkpt lat="49.476389" lon="13.292211"><ele>379</ele></trkpt>
   <trkpt lat="49.476207" lon="13.292053"><ele>379</ele></trkpt>
   <trkpt lat="49.476022" lon="13.291906"><ele>378.75</ele></trkpt>
   <trkpt lat="49.475831" lon="13.291769"><ele>378.75</ele></trkpt>
   <trkpt lat="49.475434" lon="13.291519"><ele>380.25</ele></trkpt>
   <trkpt lat="49.475215" lon="13.291408"><ele>381.25</ele></trkpt>
   <trkpt lat="49.474834" lon="13.291242"><ele>382</ele></trkpt>
   <trkpt lat="49.473887" lon="13.290886"><ele>380.75</ele></trkpt>
   <trkpt lat="49.471449" lon="13.289962"><ele>381</ele></trkpt>
   <trkpt lat="49.471212" lon="13.289818"><ele>380.25</ele></trkpt>
   <trkpt lat="49.470846" lon="13.289671"><ele>380</ele></trkpt>
   <trkpt lat="49.470694" lon="13.289618"><ele>381.5</ele></trkpt>
   <trkpt lat="49.470309" lon="13.289469"><ele>384.75</ele></trkpt>
   <trkpt lat="49.469903" lon="13.2893"><ele>388</ele></trkpt>
   <trkpt lat="49.46971" lon="13.289201"><ele>391</ele></trkpt>
   <trkpt lat="49.469508" lon="13.289071"><ele>393.5</ele></trkpt>
   <trkpt lat="49.469317" lon="13.288915"><ele>394.5</ele></trkpt>
   <trkpt lat="49.469099" lon="13.288715"><ele>392.75</ele></trkpt>
   <trkpt lat="49.468582" lon="13.288144"><ele>380.25</ele></trkpt>
   <trkpt lat="49.468309" lon="13.287848"><ele>376.75</ele></trkpt>
   <trkpt lat="49.466578" lon="13.285936"><ele>377.75</ele></trkpt>
   <trkpt lat="49.466266" lon="13.285606"><ele>377.25</ele></trkpt>
   <trkpt lat="49.466099" lon="13.285446"><ele>377</ele></trkpt>
   <trkpt lat="49.465912" lon="13.285286"><ele>377</ele></trkpt>
   <trkpt lat="49.465835" lon="13.285226"><ele>377.25</ele></trkpt>
   <trkpt lat="49.465707" lon="13.285125"><ele>377.5</ele></trkpt>
   <trkpt lat="49.465447" lon="13.284945"><ele>378.75</ele></trkpt>
   <trkpt lat="49.46511" lon="13.284762"><ele>380.25</ele></trkpt>
   <trkpt lat="49.464717" lon="13.284602"><ele>381.75</ele></trkpt>
   <trkpt lat="49.464522" lon="13.284548"><ele>382.5</ele></trkpt>
   <trkpt lat="49.46413" lon="13.284478"><ele>383.75</ele></trkpt>
   <trkpt lat="49.46386" lon="13.284455"><ele>384</ele></trkpt>
   <trkpt lat="49.463651" lon="13.284458"><ele>384.25</ele></trkpt>
   <trkpt lat="49.463428" lon="13.284473"><ele>384.25</ele></trkpt>
   <trkpt lat="49.46321" lon="13.284504"><ele>384.25</ele></trkpt>
   <trkpt lat="49.461963" lon="13.284795"><ele>382</ele></trkpt>
   <trkpt lat="49.46191" lon="13.284808"><ele>382</ele></trkpt>
   <trkpt lat="49.461213" lon="13.284973"><ele>381.75</ele></trkpt>
   <trkpt lat="49.460653" lon="13.285119"><ele>383.25</ele></trkpt>
   <trkpt lat="49.460283" lon="13.285267"><ele>384</ele></trkpt>
   <trkpt lat="49.459876" lon="13.285493"><ele>384.25</ele></trkpt>
   <trkpt lat="49.459761" lon="13.285572"><ele>384.5</ele></trkpt>
   <trkpt lat="49.459594" lon="13.285695"><ele>384.5</ele></trkpt>
   <trkpt lat="49.459356" lon="13.285896"><ele>384</ele></trkpt>
   <trkpt lat="49.457662" lon="13.287492"><ele>382.25</ele></trkpt>
   <trkpt lat="49.457431" lon="13.2877"><ele>382.5</ele></trkpt>
   <trkpt lat="49.45719" lon="13.287899"><ele>383</ele></trkpt>
   <trkpt lat="49.457004" lon="13.288025"><ele>383.5</ele></trkpt>
   <trkpt lat="49.456827" lon="13.288127"><ele>384</ele></trkpt>
   <trkpt lat="49.456647" lon="13.288213"><ele>384.5</ele></trkpt>
   <trkpt lat="49.456466" lon="13.288283"><ele>385.5</ele></trkpt>
   <trkpt lat="49.4563" lon="13.288329"><ele>386.5</ele></trkpt>
   <trkpt lat="49.456117" lon="13.28836"><ele>387.75</ele></trkpt>
   <trkpt lat="49.455964" lon="13.28838"><ele>388.75</ele></trkpt>
   <trkpt lat="49.455777" lon="13.288388"><ele>389.5</ele></trkpt>
   <trkpt lat="49.455601" lon="13.288382"><ele>389.5</ele></trkpt>
   <trkpt lat="49.455432" lon="13.28836"><ele>389.25</ele></trkpt>
   <trkpt lat="49.455283" lon="13.288328"><ele>389.25</ele></trkpt>
   <trkpt lat="49.455072" lon="13.288256"><ele>389.5</ele></trkpt>
   <trkpt lat="49.454795" lon="13.288132"><ele>389</ele></trkpt>
   <trkpt lat="49.454621" lon="13.288035"><ele>388.5</ele></trkpt>
   <trkpt lat="49.454308" lon="13.287809"><ele>387.75</ele></trkpt>
   <trkpt lat="49.454171" lon="13.287686"><ele>387.25</ele></trkpt>
   <trkpt lat="49.45339" lon="13.286877"><ele>385.75</ele></trkpt>
   <trkpt lat="49.453078" lon="13.286596"><ele>385.75</ele></trkpt>
   <trkpt lat="49.452932" lon="13.28649"><ele>386</ele></trkpt>
   <trkpt lat="49.452855" lon="13.28644"><ele>386</ele></trkpt>
   <trkpt lat="49.452634" lon="13.286312"><ele>386.25</ele></trkpt>
   <trkpt lat="49.452436" lon="13.286229"><ele>386.25</ele></trkpt>
   <trkpt lat="49.452257" lon="13.286163"><ele>386.25</ele></trkpt>
   <trkpt lat="49.452058" lon="13.28611"><ele>386.25</ele></trkpt>
   <trkpt lat="49.451695" lon="13.286068"><ele>385.75</ele></trkpt>
   <trkpt lat="49.451476" lon="13.286074"><ele>385.75</ele></trkpt>
   <trkpt lat="49.451287" lon="13.286101"><ele>385.75</ele></trkpt>
   <trkpt lat="49.451113" lon="13.286145"><ele>385.75</ele></trkpt>
   <trkpt lat="49.451044" lon="13.286166"><ele>385.5</ele></trkpt>
   <trkpt lat="49.451009" lon="13.286178"><ele>385.5</ele></trkpt>
   <trkpt lat="49.450869" lon="13.286225"><ele>385.5</ele></trkpt>
   <trkpt lat="49.450651" lon="13.286325"><ele>385.5</ele></trkpt>
   <trkpt lat="49.450459" lon="13.28644"><ele>385.5</ele></trkpt>
   <trkpt lat="49.450277" lon="13.286562"><ele>385.5</ele></trkpt>
   <trkpt lat="49.450113" lon="13.286705"><ele>385.5</ele></trkpt>
   <trkpt lat="49.449977" lon="13.286837"><ele>385.25</ele></trkpt>
   <trkpt lat="49.449769" lon="13.287051"><ele>385</ele></trkpt>
   <trkpt lat="49.449531" lon="13.28735"><ele>384.5</ele></trkpt>
   <trkpt lat="49.449313" lon="13.287642"><ele>384.5</ele></trkpt>
   <trkpt lat="49.448835" lon="13.288329"><ele>385.75</ele></trkpt>
   <trkpt lat="49.448662" lon="13.288567"><ele>386</ele></trkpt>
   <trkpt lat="49.448472" lon="13.288801"><ele>386</ele></trkpt>
   <trkpt lat="49.448306" lon="13.288976"><ele>386</ele></trkpt>
   <trkpt lat="49.448075" lon="13.289183"><ele>385.75</ele></trkpt>
   <trkpt lat="49.447888" lon="13.289317"><ele>385.5</ele></trkpt>
   <trkpt lat="49.447772" lon="13.289386"><ele>385.25</ele></trkpt>
   <trkpt lat="49.447635" lon="13.289459"><ele>385</ele></trkpt>
   <trkpt lat="49.447407" lon="13.289563"><ele>385.25</ele></trkpt>
   <trkpt lat="49.447167" lon="13.289632"><ele>385.75</ele></trkpt>
   <trkpt lat="49.446996" lon="13.289669"><ele>386.25</ele></trkpt>
   <trkpt lat="49.446712" lon="13.289712"><ele>387</ele></trkpt>
   <trkpt lat="49.446344" lon="13.289751"><ele>388</ele></trkpt>
   <trkpt lat="49.445848" lon="13.289836"><ele>389.25</ele></trkpt>
   <trkpt lat="49.445462" lon="13.28997"><ele>389.75</ele></trkpt>
   <trkpt lat="49.445253" lon="13.290074"><ele>390</ele></trkpt>
   <trkpt lat="49.445056" lon="13.290192"><ele>390.25</ele></trkpt>
   <trkpt lat="49.444857" lon="13.29033"><ele>390.25</ele></trkpt>
   <trkpt lat="49.444668" lon="13.290488"><ele>390</ele></trkpt>
   <trkpt lat="49.44449" lon="13.290655"><ele>389.75</ele></trkpt>
   <trkpt lat="49.444303" lon="13.290857"><ele>389.75</ele></trkpt>
   <trkpt lat="49.444135" lon="13.291064"><ele>389.25</ele></trkpt>
   <trkpt lat="49.443972" lon="13.291286"><ele>389</ele></trkpt>
   <trkpt lat="49.443881" lon="13.291431"><ele>389</ele></trkpt>
   <trkpt lat="49.443779" lon="13.291605"><ele>389</ele></trkpt>
   <trkpt lat="49.443634" lon="13.291871"><ele>389.25</ele></trkpt>
   <trkpt lat="49.443483" lon="13.292186"><ele>389.5</ele></trkpt>
   <trkpt lat="49.443365" lon="13.292478"><ele>389.75</ele></trkpt>
   <trkpt lat="49.443258" lon="13.292773"><ele>390.75</ele></trkpt>
   <trkpt lat="49.44317" lon="13.293056"><ele>391.75</ele></trkpt>
   <trkpt lat="49.443005" lon="13.293771"><ele>394.25</ele></trkpt>
   <trkpt lat="49.442822" lon="13.294679"><ele>396.5</ele></trkpt>
   <trkpt lat="49.442753" lon="13.295056"><ele>397.25</ele></trkpt>
   <trkpt lat="49.442695" lon="13.295422"><ele>396.75</ele></trkpt>
   <trkpt lat="49.442603" lon="13.296111"><ele>395.75</ele></trkpt>
   <trkpt lat="49.442523" lon="13.296958"><ele>394.5</ele></trkpt>
   <trkpt lat="49.442489" lon="13.297497"><ele>394</ele></trkpt>
   <trkpt lat="49.442254" lon="13.302823"><ele>396.25</ele></trkpt>
   <trkpt lat="49.442243" lon="13.303037"><ele>397.5</ele></trkpt>
   <trkpt lat="49.442227" lon="13.303661"><ele>399.5</ele></trkpt>
   <trkpt lat="49.442203" lon="13.304022"><ele>400.5</ele></trkpt>
   <trkpt lat="49.442177" lon="13.304276"><ele>401.25</ele></trkpt>
   <trkpt lat="49.442092" lon="13.30488"><ele>402</ele></trkpt>
   <trkpt lat="49.441982" lon="13.305454"><ele>402</ele></trkpt>
   <trkpt lat="49.441914" lon="13.305741"><ele>401.75</ele></trkpt>
   <trkpt lat="49.441842" lon="13.30601"><ele>401.25</ele></trkpt>
   <trkpt lat="49.441659" lon="13.30657"><ele>399.75</ele></trkpt>
   <trkpt lat="49.441446" lon="13.307108"><ele>398.25</ele></trkpt>
   <trkpt lat="49.441207" lon="13.307608"><ele>396.25</ele></trkpt>
   <trkpt lat="49.440927" lon="13.308088"><ele>394.25</ele></trkpt>
   <trkpt lat="49.440787" lon="13.308297"><ele>393.75</ele></trkpt>
   <trkpt lat="49.440491" lon="13.308693"><ele>395</ele></trkpt>
   <trkpt lat="49.440361" lon="13.308843"><ele>395.25</ele></trkpt>
   <trkpt lat="49.44016" lon="13.309056"><ele>395.5</ele></trkpt>
   <trkpt lat="49.439969" lon="13.309239"><ele>395.75</ele></trkpt>
   <trkpt lat="49.439855" lon="13.309335"><ele>396.75</ele></trkpt>
   <trkpt lat="49.439677" lon="13.309477"><ele>397.75</ele></trkpt>
   <trkpt lat="49.439477" lon="13.30962"><ele>399.25</ele></trkpt>
   <trkpt lat="49.439298" lon="13.309734"><ele>400.25</ele></trkpt>
   <trkpt lat="49.439099" lon="13.30984"><ele>401</ele></trkpt>
   <trkpt lat="49.438893" lon="13.309937"><ele>400.75</ele></trkpt>
   <trkpt lat="49.438664" lon="13.310022"><ele>401</ele></trkpt>
   <trkpt lat="49.438604" lon="13.310041"><ele>401.25</ele></trkpt>
   <trkpt lat="49.438311" lon="13.310118"><ele>401.75</ele></trkpt>
   <trkpt lat="49.437856" lon="13.310204"><ele>402.25</ele></trkpt>
   <trkpt lat="49.437225" lon="13.310304"><ele>403</ele></trkpt>
   <trkpt lat="49.435791" lon="13.310541"><ele>404</ele></trkpt>
   <trkpt lat="49.434522" lon="13.310755"><ele>401.5</ele></trkpt>
   <trkpt lat="49.433621" lon="13.310897"><ele>402.5</ele></trkpt>
   <trkpt lat="49.433506" lon="13.310918"><ele>402.75</ele></trkpt>
   <trkpt lat="49.432952" lon="13.310999"><ele>401.75</ele></trkpt>
   <trkpt lat="49.432768" lon="13.311011"><ele>401.25</ele></trkpt>
   <trkpt lat="49.432552" lon="13.311009"><ele>400.5</ele></trkpt>
   <trkpt lat="49.432266" lon="13.310985"><ele>401</ele></trkpt>
   <trkpt lat="49.432138" lon="13.310967"><ele>401.25</ele></trkpt>
   <trkpt lat="49.431952" lon="13.310927"><ele>401.75</ele></trkpt>
   <trkpt lat="49.431741" lon="13.310869"><ele>402.5</ele></trkpt>
   <trkpt lat="49.431345" lon="13.310712"><ele>402.25</ele></trkpt>
   <trkpt lat="49.430979" lon="13.310512"><ele>401.5</ele></trkpt>
   <trkpt lat="49.430626" lon="13.310258"><ele>401.5</ele></trkpt>
   <trkpt lat="49.430327" lon="13.310031"><ele>401.25</ele></trkpt>
   <trkpt lat="49.429481" lon="13.30937"><ele>402.5</ele></trkpt>
   <trkpt lat="49.426828" lon="13.307311"><ele>400.5</ele></trkpt>
   <trkpt lat="49.42642" lon="13.30699"><ele>400.5</ele></trkpt>
   <trkpt lat="49.426392" lon="13.306968"><ele>400.75</ele></trkpt>
   <trkpt lat="49.425388" lon="13.306176"><ele>401</ele></trkpt>
   <trkpt lat="49.424989" lon="13.305814"><ele>401</ele></trkpt>
   <trkpt lat="49.424813" lon="13.305633"><ele>401</ele></trkpt>
   <trkpt lat="49.424639" lon="13.305443"><ele>401.25</ele></trkpt>
   <trkpt lat="49.424371" lon="13.305122"><ele>401.75</ele></trkpt>
   <trkpt lat="49.424088" lon="13.304748"><ele>401.75</ele></trkpt>
   <trkpt lat="49.421349" lon="13.300979"><ele>401</ele></trkpt>
   <trkpt lat="49.420457" lon="13.299756"><ele>399.25</ele></trkpt>
   <trkpt lat="49.420178" lon="13.299394"><ele>399</ele></trkpt>
   <trkpt lat="49.420039" lon="13.299225"><ele>399</ele></trkpt>
   <trkpt lat="49.419738" lon="13.298904"><ele>399.75</ele></trkpt>
   <trkpt lat="49.419562" lon="13.298736"><ele>400.5</ele></trkpt>
   <trkpt lat="49.419384" lon="13.298584"><ele>401</ele></trkpt>
   <trkpt lat="49.418999" lon="13.298292"><ele>402</ele></trkpt>
   <trkpt lat="49.418595" lon="13.298039"><ele>403</ele></trkpt>
   <trkpt lat="49.415295" lon="13.296046"><ele>398.25</ele></trkpt>
   <trkpt lat="49.415171" lon="13.295972"><ele>398.5</ele></trkpt>
   <trkpt lat="49.414062" lon="13.295308"><ele>399.25</ele></trkpt>
   <trkpt lat="49.413928" lon="13.295227"><ele>399.75</ele></trkpt>
   <trkpt lat="49.41217" lon="13.294169"><ele>402.25</ele></trkpt>
   <trkpt lat="49.411659" lon="13.29385"><ele>403.75</ele></trkpt>
   <trkpt lat="49.411515" lon="13.293753"><ele>404.25</ele></trkpt>
   <trkpt lat="49.411195" lon="13.293494"><ele>405.5</ele></trkpt>
   <trkpt lat="49.410997" lon="13.293301"><ele>406.5</ele></trkpt>
   <trkpt lat="49.410842" lon="13.293121"><ele>406.75</ele></trkpt>
   <trkpt lat="49.410673" lon="13.292907"><ele>407.25</ele></trkpt>
   <trkpt lat="49.410411" lon="13.292522"><ele>407.5</ele></trkpt>
   <trkpt lat="49.410283" lon="13.292299"><ele>407.5</ele></trkpt>
   <trkpt lat="49.410165" lon="13.292072"><ele>407.25</ele></trkpt>
   <trkpt lat="49.410053" lon="13.291834"><ele>407</ele></trkpt>
   <trkpt lat="49.409966" lon="13.291619"><ele>407</ele></trkpt>
   <trkpt lat="49.40981" lon="13.291185"><ele>407.25</ele></trkpt>
   <trkpt lat="49.409656" lon="13.290626"><ele>406.75</ele></trkpt>
   <trkpt lat="49.409595" lon="13.290331"><ele>406.5</ele></trkpt>
   <trkpt lat="49.409553" lon="13.290075"><ele>406.5</ele></trkpt>
   <trkpt lat="49.40951" lon="13.289779"><ele>406.5</ele></trkpt>
   <trkpt lat="49.409483" lon="13.28953"><ele>406.75</ele></trkpt>
   <trkpt lat="49.409413" lon="13.288799"><ele>405.5</ele></trkpt>
   <trkpt lat="49.409283" lon="13.287289"><ele>402</ele></trkpt>
   <trkpt lat="49.409248" lon="13.286948"><ele>402</ele></trkpt>
   <trkpt lat="49.409197" lon="13.286574"><ele>401.75</ele></trkpt>
   <trkpt lat="49.40914" lon="13.28624"><ele>401</ele></trkpt>
   <trkpt lat="49.409064" lon="13.285901"><ele>400.25</ele></trkpt>
   <trkpt lat="49.408963" lon="13.285542"><ele>400</ele></trkpt>
   <trkpt lat="49.408903" lon="13.285358"><ele>400</ele></trkpt>
   <trkpt lat="49.408798" lon="13.285068"><ele>399.75</ele></trkpt>
   <trkpt lat="49.408658" lon="13.284728"><ele>399.75</ele></trkpt>
   <trkpt lat="49.408533" lon="13.284469"><ele>399.5</ele></trkpt>
   <trkpt lat="49.408381" lon="13.284189"><ele>399</ele></trkpt>
   <trkpt lat="49.408235" lon="13.283961"><ele>398.5</ele></trkpt>
   <trkpt lat="49.408076" lon="13.283732"><ele>397.75</ele></trkpt>
   <trkpt lat="49.407935" lon="13.283556"><ele>397.5</ele></trkpt>
   <trkpt lat="49.407778" lon="13.283381"><ele>397</ele></trkpt>
   <trkpt lat="49.407491" lon="13.2831"><ele>397</ele></trkpt>
   <trkpt lat="49.407315" lon="13.282955"><ele>397</ele></trkpt>
   <trkpt lat="49.407113" lon="13.282816"><ele>397</ele></trkpt>
   <trkpt lat="49.406889" lon="13.282687"><ele>396.75</ele></trkpt>
   <trkpt lat="49.406688" lon="13.282589"><ele>396.25</ele></trkpt>
   <trkpt lat="49.406484" lon="13.282512"><ele>396.5</ele></trkpt>
   <trkpt lat="49.406301" lon="13.282459"><ele>397</ele></trkpt>
   <trkpt lat="49.406053" lon="13.282403"><ele>397.75</ele></trkpt>
   <trkpt lat="49.4052" lon="13.282286"><ele>398.5</ele></trkpt>
   <trkpt lat="49.405004" lon="13.282245"><ele>398.25</ele></trkpt>
   <trkpt lat="49.40481" lon="13.282193"><ele>397.75</ele></trkpt>
   <trkpt lat="49.404517" lon="13.282067"><ele>396.75</ele></trkpt>
   <trkpt lat="49.404406" lon="13.282"><ele>396.25</ele></trkpt>
   <trkpt lat="49.404231" lon="13.281886"><ele>395.75</ele></trkpt>
   <trkpt lat="49.404095" lon="13.281774"><ele>395.25</ele></trkpt>
   <trkpt lat="49.403956" lon="13.281645"><ele>394.5</ele></trkpt>
   <trkpt lat="49.403825" lon="13.281508"><ele>394.25</ele></trkpt>
   <trkpt lat="49.403702" lon="13.281361"><ele>393.75</ele></trkpt>
   <trkpt lat="49.403588" lon="13.281206"><ele>393.25</ele></trkpt>
   <trkpt lat="49.403453" lon="13.281002"><ele>392.5</ele></trkpt>
   <trkpt lat="49.40334" lon="13.280806"><ele>391.75</ele></trkpt>
   <trkpt lat="49.403037" lon="13.280249"><ele>392</ele></trkpt>
   <trkpt lat="49.402755" lon="13.27971"><ele>393.25</ele></trkpt>
   <trkpt lat="49.402571" lon="13.279273"><ele>394.5</ele></trkpt>
   <trkpt lat="49.402477" lon="13.278996"><ele>394.75</ele></trkpt>
   <trkpt lat="49.402417" lon="13.278786"><ele>394.75</ele></trkpt>
   <trkpt lat="49.402364" lon="13.278589"><ele>394.75</ele></trkpt>
   <trkpt lat="49.40222" lon="13.277987"><ele>395.25</ele></trkpt>
   <trkpt lat="49.402125" lon="13.277653"><ele>395.75</ele></trkpt>
   <trkpt lat="49.402033" lon="13.277335"><ele>396</ele></trkpt>
   <trkpt lat="49.401964" lon="13.277077"><ele>395.75</ele></trkpt>
   <trkpt lat="49.401895" lon="13.276847"><ele>395.5</ele></trkpt>
   <trkpt lat="49.401698" lon="13.275893"><ele>395.75</ele></trkpt>
   <trkpt lat="49.401045" lon="13.272472"><ele>395.25</ele></trkpt>
   <trkpt lat="49.40076" lon="13.271018"><ele>394.25</ele></trkpt>
   <trkpt lat="49.400481" lon="13.269545"><ele>396</ele></trkpt>
   <trkpt lat="49.400331" lon="13.268783"><ele>396.5</ele></trkpt>
   <trkpt lat="49.400288" lon="13.268591"><ele>396.5</ele></trkpt>
   <trkpt lat="49.400165" lon="13.268154"><ele>396.25</ele></trkpt>
   <trkpt lat="49.400014" lon="13.267745"><ele>396.25</ele></trkpt>
   <trkpt lat="49.399836" lon="13.267359"><ele>396</ele></trkpt>
   <trkpt lat="49.399734" lon="13.267179"><ele>396.25</ele></trkpt>
   <trkpt lat="49.399642" lon="13.267024"><ele>396.25</ele></trkpt>
   <trkpt lat="49.399534" lon="13.266861"><ele>396.25</ele></trkpt>
   <trkpt lat="49.399429" lon="13.26672"><ele>396.25</ele></trkpt>
   <trkpt lat="49.399315" lon="13.266582"><ele>396.25</ele></trkpt>
   <trkpt lat="49.398667" lon="13.265845"><ele>396.75</ele></trkpt>
   <trkpt lat="49.398308" lon="13.265456"><ele>395.5</ele></trkpt>
   <trkpt lat="49.397929" lon="13.265083"><ele>395.5</ele></trkpt>
   <trkpt lat="49.397717" lon="13.264884"><ele>395.75</ele></trkpt>
   <trkpt lat="49.397352" lon="13.264527"><ele>397.75</ele></trkpt>
   <trkpt lat="49.395562" lon="13.262788"><ele>398.25</ele></trkpt>
   <trkpt lat="49.395281" lon="13.262502"><ele>395</ele></trkpt>
   <trkpt lat="49.395071" lon="13.262259"><ele>394.75</ele></trkpt>
   <trkpt lat="49.394928" lon="13.262073"><ele>394.25</ele></trkpt>
   <trkpt lat="49.394715" lon="13.261776"><ele>393.25</ele></trkpt>
   <trkpt lat="49.394521" lon="13.261459"><ele>392.5</ele></trkpt>
   <trkpt lat="49.394348" lon="13.261139"><ele>392</ele></trkpt>
   <trkpt lat="49.394284" lon="13.261006"><ele>392</ele></trkpt>
   <trkpt lat="49.394082" lon="13.260532"><ele>391.5</ele></trkpt>
   <trkpt lat="49.393985" lon="13.260272"><ele>391</ele></trkpt>
   <trkpt lat="49.393862" lon="13.259911"><ele>390.5</ele></trkpt>
   <trkpt lat="49.39338" lon="13.258298"><ele>393.75</ele></trkpt>
   <trkpt lat="49.393302" lon="13.258023"><ele>393.5</ele></trkpt>
   <trkpt lat="49.392915" lon="13.256704"><ele>391</ele></trkpt>
   <trkpt lat="49.392731" lon="13.256072"><ele>391.5</ele></trkpt>
   <trkpt lat="49.392408" lon="13.254968"><ele>392</ele></trkpt>
   <trkpt lat="49.392194" lon="13.254315"><ele>392.75</ele></trkpt>
   <trkpt lat="49.392095" lon="13.254047"><ele>392.75</ele></trkpt>
   <trkpt lat="49.391983" lon="13.253772"><ele>392.5</ele></trkpt>
   <trkpt lat="49.391875" lon="13.253533"><ele>392.25</ele></trkpt>
   <trkpt lat="49.391757" lon="13.253298"><ele>392</ele></trkpt>
   <trkpt lat="49.391646" lon="13.253103"><ele>392.5</ele></trkpt>
   <trkpt lat="49.391408" lon="13.252733"><ele>393.25</ele></trkpt>
   <trkpt lat="49.391209" lon="13.252439"><ele>393.25</ele></trkpt>
   <trkpt lat="49.390981" lon="13.25212"><ele>393</ele></trkpt>
   <trkpt lat="49.389778" lon="13.25051"><ele>394.25</ele></trkpt>
   <trkpt lat="49.38938" lon="13.249953"><ele>394</ele></trkpt>
   <trkpt lat="49.387479" lon="13.247068"><ele>394.25</ele></trkpt>
   <trkpt lat="49.387451" lon="13.247026"><ele>394.25</ele></trkpt>
   <trkpt lat="49.384107" lon="13.241939"><ele>397</ele></trkpt>
   <trkpt lat="49.384067" lon="13.241879"><ele>397</ele></trkpt>
   <trkpt lat="49.381479" lon="13.237943"><ele>398.75</ele></trkpt>
   <trkpt lat="49.381424" lon="13.237859"><ele>398.5</ele></trkpt>
   <trkpt lat="49.380405" lon="13.236317"><ele>399.75</ele></trkpt>
   <trkpt lat="49.379604" lon="13.235099"><ele>398.75</ele></trkpt>
   <trkpt lat="49.377795" lon="13.232348"><ele>400</ele></trkpt>
   <trkpt lat="49.377768" lon="13.232306"><ele>400</ele></trkpt>
   <trkpt lat="49.377739" lon="13.232261"><ele>400.25</ele></trkpt>
   <trkpt lat="49.376663" lon="13.23062"><ele>399.75</ele></trkpt>
   <trkpt lat="49.376644" lon="13.230591"><ele>399.75</ele></trkpt>
   <trkpt lat="49.375595" lon="13.229004"><ele>400</ele></trkpt>
   <trkpt lat="49.375558" lon="13.228948"><ele>400</ele></trkpt>
   <trkpt lat="49.374994" lon="13.22809"><ele>400.25</ele></trkpt>
   <trkpt lat="49.374969" lon="13.228051"><ele>400.25</ele></trkpt>
   <trkpt lat="49.374281" lon="13.227006"><ele>401</ele></trkpt>
   <trkpt lat="49.373784" lon="13.226249"><ele>401</ele></trkpt>
   <trkpt lat="49.373292" lon="13.225517"><ele>402.25</ele></trkpt>
   <trkpt lat="49.372885" lon="13.224971"><ele>402.75</ele></trkpt>
   <trkpt lat="49.372491" lon="13.224461"><ele>402.75</ele></trkpt>
   <trkpt lat="49.372434" lon="13.224386"><ele>402.75</ele></trkpt>
   <trkpt lat="49.368839" lon="13.219721"><ele>406</ele></trkpt>
   <trkpt lat="49.367505" lon="13.217998"><ele>405</ele></trkpt>
   <trkpt lat="49.367455" lon="13.217932"><ele>405</ele></trkpt>
   <trkpt lat="49.364031" lon="13.213497"><ele>408.5</ele></trkpt>
   <trkpt lat="49.363208" lon="13.212429"><ele>407</ele></trkpt>
   <trkpt lat="49.362976" lon="13.212141"><ele>407.5</ele></trkpt>
   <trkpt lat="49.362775" lon="13.211907"><ele>408</ele></trkpt>
   <trkpt lat="49.362488" lon="13.211604"><ele>408.75</ele></trkpt>
   <trkpt lat="49.362209" lon="13.211342"><ele>408.5</ele></trkpt>
   <trkpt lat="49.361954" lon="13.211121"><ele>408.25</ele></trkpt>
   <trkpt lat="49.361672" lon="13.210905"><ele>408</ele></trkpt>
   <trkpt lat="49.361499" lon="13.210779"><ele>407.75</ele></trkpt>
   <trkpt lat="49.361284" lon="13.21064"><ele>407.75</ele></trkpt>
   <trkpt lat="49.36078" lon="13.210358"><ele>408</ele></trkpt>
   <trkpt lat="49.360661" lon="13.210293"><ele>408.5</ele></trkpt>
   <trkpt lat="49.357148" lon="13.208507"><ele>410.5</ele></trkpt>
   <trkpt lat="49.356636" lon="13.208233"><ele>411.25</ele></trkpt>
   <trkpt lat="49.35637" lon="13.20806"><ele>412</ele></trkpt>
   <trkpt lat="49.356156" lon="13.207898"><ele>412.75</ele></trkpt>
   <trkpt lat="49.355803" lon="13.207589"><ele>413.5</ele></trkpt>
   <trkpt lat="49.355638" lon="13.207425"><ele>413.5</ele></trkpt>
   <trkpt lat="49.355428" lon="13.207194"><ele>413.5</ele></trkpt>
   <trkpt lat="49.354968" lon="13.206651"><ele>413.75</ele></trkpt>
   <trkpt lat="49.354714" lon="13.20628"><ele>414</ele></trkpt>
   <trkpt lat="49.354552" lon="13.206077"><ele>414.25</ele></trkpt>
   <trkpt lat="49.353761" lon="13.205139"><ele>414.25</ele></trkpt>
   <trkpt lat="49.353002" lon="13.204161"><ele>414.75</ele></trkpt>
   <trkpt lat="49.351437" lon="13.202304"><ele>414.75</ele></trkpt>
   <trkpt lat="49.351273" lon="13.202126"><ele>414.5</ele></trkpt>
   <trkpt lat="49.350995" lon="13.201873"><ele>413.75</ele></trkpt>
   <trkpt lat="49.350796" lon="13.201633"><ele>413</ele></trkpt>
   <trkpt lat="49.350572" lon="13.2014"><ele>413.75</ele></trkpt>
   <trkpt lat="49.350523" lon="13.201343"><ele>414</ele></trkpt>
   <trkpt lat="49.35041" lon="13.20122"><ele>414.5</ele></trkpt>
   <trkpt lat="49.350103" lon="13.200921"><ele>415.5</ele></trkpt>
   <trkpt lat="49.349979" lon="13.200813"><ele>415.75</ele></trkpt>
   <trkpt lat="49.349564" lon="13.200503"><ele>415.25</ele></trkpt>
   <trkpt lat="49.349278" lon="13.200333"><ele>415.25</ele></trkpt>
   <trkpt lat="49.348986" lon="13.200193"><ele>415.25</ele></trkpt>
   <trkpt lat="49.347034" lon="13.199406"><ele>415.75</ele></trkpt>
   <trkpt lat="49.346462" lon="13.199234"><ele>415.5</ele></trkpt>
   <trkpt lat="49.346214" lon="13.199189"><ele>415.25</ele></trkpt>
   <trkpt lat="49.345824" lon="13.199158"><ele>414.75</ele></trkpt>
   <trkpt lat="49.345509" lon="13.199177"><ele>413.75</ele></trkpt>
   <trkpt lat="49.345334" lon="13.199202"><ele>413</ele></trkpt>
   <trkpt lat="49.344971" lon="13.199283"><ele>411.5</ele></trkpt>
   <trkpt lat="49.34477" lon="13.19934"><ele>411.5</ele></trkpt>
   <trkpt lat="49.344655" lon="13.199375"><ele>411.5</ele></trkpt>
   <trkpt lat="49.344062" lon="13.199541"><ele>411.5</ele></trkpt>
   <trkpt lat="49.342172" lon="13.200086"><ele>415.5</ele></trkpt>
   <trkpt lat="49.341767" lon="13.200202"><ele>417.5</ele></trkpt>
   <trkpt lat="49.340508" lon="13.200561"><ele>416</ele></trkpt>
   <trkpt lat="49.340331" lon="13.200611"><ele>415</ele></trkpt>
   <trkpt lat="49.34014" lon="13.200652"><ele>414</ele></trkpt>
   <trkpt lat="49.339925" lon="13.200686"><ele>413.25</ele></trkpt>
   <trkpt lat="49.339688" lon="13.2007"><ele>412.5</ele></trkpt>
   <trkpt lat="49.339489" lon="13.200696"><ele>412</ele></trkpt>
   <trkpt lat="49.339308" lon="13.200676"><ele>411.5</ele></trkpt>
   <trkpt lat="49.339112" lon="13.200643"><ele>411.25</ele></trkpt>
   <trkpt lat="49.338915" lon="13.200593"><ele>411.5</ele></trkpt>
   <trkpt lat="49.338849" lon="13.200572"><ele>411.5</ele></trkpt>
   <trkpt lat="49.338654" lon="13.200508"><ele>411.75</ele></trkpt>
   <trkpt lat="49.338476" lon="13.200432"><ele>411.75</ele></trkpt>
   <trkpt lat="49.338298" lon="13.20034"><ele>412</ele></trkpt>
   <trkpt lat="49.338139" lon="13.200249"><ele>412.25</ele></trkpt>
   <trkpt lat="49.337861" lon="13.200053"><ele>413</ele></trkpt>
   <trkpt lat="49.337706" lon="13.199929"><ele>413.25</ele></trkpt>
   <trkpt lat="49.337355" lon="13.199606"><ele>414</ele></trkpt>
   <trkpt lat="49.336123" lon="13.198386"><ele>418</ele></trkpt>
   <trkpt lat="49.335344" lon="13.197614"><ele>419.75</ele></trkpt>
   <trkpt lat="49.334781" lon="13.197039"><ele>421.5</ele></trkpt>
   <trkpt lat="49.334238" lon="13.196511"><ele>422.75</ele></trkpt>
   <trkpt lat="49.332961" lon="13.195247"><ele>422</ele></trkpt>
   <trkpt lat="49.332197" lon="13.194495"><ele>421.75</ele></trkpt>
   <trkpt lat="49.331788" lon="13.194074"><ele>421.25</ele></trkpt>
   <trkpt lat="49.331726" lon="13.194007"><ele>421.25</ele></trkpt>
   <trkpt lat="49.331521" lon="13.193783"><ele>421</ele></trkpt>
   <trkpt lat="49.331338" lon="13.193567"><ele>421</ele></trkpt>
   <trkpt lat="49.330864" lon="13.192952"><ele>422.25</ele></trkpt>
   <trkpt lat="49.330618" lon="13.192596"><ele>423</ele></trkpt>
   <trkpt lat="49.33037" lon="13.192207"><ele>423.25</ele></trkpt>
   <trkpt lat="49.33014" lon="13.191812"><ele>423.5</ele></trkpt>
   <trkpt lat="49.329918" lon="13.191406"><ele>423.5</ele></trkpt>
   <trkpt lat="49.328883" lon="13.189356"><ele>426.75</ele></trkpt>
   <trkpt lat="49.328853" lon="13.189297"><ele>426.75</ele></trkpt>
   <trkpt lat="49.328429" lon="13.18845"><ele>427.75</ele></trkpt>
   <trkpt lat="49.328083" lon="13.187804"><ele>429</ele></trkpt>
   <trkpt lat="49.32789" lon="13.187469"><ele>429.5</ele></trkpt>
   <trkpt lat="49.327715" lon="13.187183"><ele>429.25</ele></trkpt>
   <trkpt lat="49.327505" lon="13.186863"><ele>429.25</ele></trkpt>
   <trkpt lat="49.327258" lon="13.186515"><ele>430</ele></trkpt>
   <trkpt lat="49.326991" lon="13.186165"><ele>430.25</ele></trkpt>
   <trkpt lat="49.326661" lon="13.185765"><ele>431</ele></trkpt>
   <trkpt lat="49.324566" lon="13.183477"><ele>432.25</ele></trkpt>
   <trkpt lat="49.324524" lon="13.183429"><ele>432.25</ele></trkpt>
   <trkpt lat="49.324495" lon="13.1834"><ele>432.25</ele></trkpt>
   <trkpt lat="49.322012" lon="13.180709"><ele>434.75</ele></trkpt>
   <trkpt lat="49.320776" lon="13.179355"><ele>436.5</ele></trkpt>
   <trkpt lat="49.320509" lon="13.17907"><ele>437</ele></trkpt>
   <trkpt lat="49.320196" lon="13.17872"><ele>438</ele></trkpt>
   <trkpt lat="49.320029" lon="13.178546"><ele>438.75</ele></trkpt>
   <trkpt lat="49.319602" lon="13.178043"><ele>440.5</ele></trkpt>
   <trkpt lat="49.31943" lon="13.177827"><ele>441.25</ele></trkpt>
   <trkpt lat="49.319101" lon="13.177352"><ele>441.75</ele></trkpt>
   <trkpt lat="49.318825" lon="13.176879"><ele>441.75</ele></trkpt>
   <trkpt lat="49.317693" lon="13.174592"><ele>440.75</ele></trkpt>
   <trkpt lat="49.317526" lon="13.174244"><ele>441</ele></trkpt>
   <trkpt lat="49.317445" lon="13.174086"><ele>441</ele></trkpt>
   <trkpt lat="49.317031" lon="13.173239"><ele>442.5</ele></trkpt>
   <trkpt lat="49.316902" lon="13.172998"><ele>442.75</ele></trkpt>
   <trkpt lat="49.316749" lon="13.17274"><ele>442.5</ele></trkpt>
   <trkpt lat="49.316606" lon="13.172519"><ele>442.25</ele></trkpt>
   <trkpt lat="49.316323" lon="13.172132"><ele>443.25</ele></trkpt>
   <trkpt lat="49.316166" lon="13.171946"><ele>444</ele></trkpt>
   <trkpt lat="49.315864" lon="13.171628"><ele>445.5</ele></trkpt>
   <trkpt lat="49.315527" lon="13.171341"><ele>446</ele></trkpt>
   <trkpt lat="49.315261" lon="13.171142"><ele>446.25</ele></trkpt>
   <trkpt lat="49.314526" lon="13.170635"><ele>449</ele></trkpt>
   <trkpt lat="49.31408" lon="13.170338"><ele>451.75</ele></trkpt>
   <trkpt lat="49.312947" lon="13.169554"><ele>453.5</ele></trkpt>
   <trkpt lat="49.310263" lon="13.167708"><ele>452</ele></trkpt>
   <trkpt lat="49.310138" lon="13.167622"><ele>452.25</ele></trkpt>
   <trkpt lat="49.307758" lon="13.165988"><ele>456.25</ele></trkpt>
   <trkpt lat="49.307675" lon="13.165932"><ele>456.5</ele></trkpt>
   <trkpt lat="49.307042" lon="13.165497"><ele>458.25</ele></trkpt>
   <trkpt lat="49.306719" lon="13.165274"><ele>459</ele></trkpt>
   <trkpt lat="49.306471" lon="13.165092"><ele>459.75</ele></trkpt>
   <trkpt lat="49.306323" lon="13.164968"><ele>460.25</ele></trkpt>
   <trkpt lat="49.306167" lon="13.164827"><ele>461</ele></trkpt>
   <trkpt lat="49.305963" lon="13.16462"><ele>462.25</ele></trkpt>
   <trkpt lat="49.305624" lon="13.164231"><ele>464.75</ele></trkpt>
   <trkpt lat="49.305444" lon="13.164005"><ele>466</ele></trkpt>
   <trkpt lat="49.305296" lon="13.163796"><ele>467</ele></trkpt>
   <trkpt lat="49.305155" lon="13.163577"><ele>468</ele></trkpt>
   <trkpt lat="49.304848" lon="13.163014"><ele>470</ele></trkpt>
   <trkpt lat="49.304728" lon="13.162762"><ele>470.75</ele></trkpt>
   <trkpt lat="49.304601" lon="13.162474"><ele>471.75</ele></trkpt>
   <trkpt lat="49.304397" lon="13.16193"><ele>471.75</ele></trkpt>
   <trkpt lat="49.304281" lon="13.161567"><ele>471.5</ele></trkpt>
   <trkpt lat="49.304205" lon="13.161301"><ele>471.5</ele></trkpt>
   <trkpt lat="49.304133" lon="13.161012"><ele>471.25</ele></trkpt>
   <trkpt lat="49.304057" lon="13.16067"><ele>471</ele></trkpt>
   <trkpt lat="49.303793" lon="13.159322"><ele>467.75</ele></trkpt>
   <trkpt lat="49.303682" lon="13.158721"><ele>467</ele></trkpt>
   <trkpt lat="49.303576" lon="13.158193"><ele>466.25</ele></trkpt>
   <trkpt lat="49.303519" lon="13.15795"><ele>466</ele></trkpt>
   <trkpt lat="49.303491" lon="13.157838"><ele>465.75</ele></trkpt>
   <trkpt lat="49.303395" lon="13.157503"><ele>465</ele></trkpt>
   <trkpt lat="49.303265" lon="13.157124"><ele>464.75</ele></trkpt>
   <trkpt lat="49.303227" lon="13.157024"><ele>464.5</ele></trkpt>
   <trkpt lat="49.303059" lon="13.156644"><ele>463.75</ele></trkpt>
   <trkpt lat="49.302922" lon="13.156367"><ele>462.75</ele></trkpt>
   <trkpt lat="49.302785" lon="13.156132"><ele>462.25</ele></trkpt>
   <trkpt lat="49.302654" lon="13.155932"><ele>461.75</ele></trkpt>
   <trkpt lat="49.302509" lon="13.155731"><ele>461.25</ele></trkpt>
   <trkpt lat="49.302353" lon="13.155534"><ele>460.5</ele></trkpt>
   <trkpt lat="49.302158" lon="13.155317"><ele>459.75</ele></trkpt>
   <trkpt lat="49.301877" lon="13.155061"><ele>459.25</ele></trkpt>
   <trkpt lat="49.30169" lon="13.15492"><ele>459.25</ele></trkpt>
   <trkpt lat="49.301366" lon="13.154719"><ele>458.5</ele></trkpt>
   <trkpt lat="49.301165" lon="13.154617"><ele>458.75</ele></trkpt>
   <trkpt lat="49.300909" lon="13.154494"><ele>459.5</ele></trkpt>
   <trkpt lat="49.300506" lon="13.154347"><ele>461.25</ele></trkpt>
   <trkpt lat="49.300323" lon="13.154279"><ele>461.75</ele></trkpt>
   <trkpt lat="49.299908" lon="13.154167"><ele>463.25</ele></trkpt>
   <trkpt lat="49.299527" lon="13.15406"><ele>465</ele></trkpt>
   <trkpt lat="49.297337" lon="13.153324"><ele>465.75</ele></trkpt>
   <trkpt lat="49.297042" lon="13.153226"><ele>465.25</ele></trkpt>
   <trkpt lat="49.296544" lon="13.153036"><ele>465</ele></trkpt>
   <trkpt lat="49.296144" lon="13.15286"><ele>466</ele></trkpt>
   <trkpt lat="49.295751" lon="13.152732"><ele>467</ele></trkpt>
   <trkpt lat="49.295473" lon="13.152643"><ele>467.25</ele></trkpt>
   <trkpt lat="49.295199" lon="13.152559"><ele>467.75</ele></trkpt>
   <trkpt lat="49.294999" lon="13.152512"><ele>468</ele></trkpt>
   <trkpt lat="49.294817" lon="13.152496"><ele>467.5</ele></trkpt>
   <trkpt lat="49.294661" lon="13.152506"><ele>467</ele></trkpt>
   <trkpt lat="49.294475" lon="13.152525"><ele>466.75</ele></trkpt>
   <trkpt lat="49.294307" lon="13.152565"><ele>466.75</ele></trkpt>
   <trkpt lat="49.294156" lon="13.152612"><ele>466.75</ele></trkpt>
   <trkpt lat="49.293956" lon="13.152693"><ele>466.25</ele></trkpt>
   <trkpt lat="49.293737" lon="13.152815"><ele>466.25</ele></trkpt>
   <trkpt lat="49.293534" lon="13.152952"><ele>466.25</ele></trkpt>
   <trkpt lat="49.293343" lon="13.153117"><ele>466.75</ele></trkpt>
   <trkpt lat="49.293172" lon="13.153292"><ele>467.5</ele></trkpt>
   <trkpt lat="49.293014" lon="13.153486"><ele>468.25</ele></trkpt>
   <trkpt lat="49.292867" lon="13.153687"><ele>468.75</ele></trkpt>
   <trkpt lat="49.292726" lon="13.153911"><ele>469.25</ele></trkpt>
   <trkpt lat="49.292607" lon="13.154145"><ele>469.75</ele></trkpt>
   <trkpt lat="49.292508" lon="13.154357"><ele>469.75</ele></trkpt>
   <trkpt lat="49.292327" lon="13.154849"><ele>469.5</ele></trkpt>
   <trkpt lat="49.292224" lon="13.155234"><ele>469</ele></trkpt>
   <trkpt lat="49.29218" lon="13.155424"><ele>468.5</ele></trkpt>
   <trkpt lat="49.292124" lon="13.155763"><ele>467.75</ele></trkpt>
   <trkpt lat="49.292092" lon="13.156057"><ele>467.5</ele></trkpt>
   <trkpt lat="49.292073" lon="13.156377"><ele>467.25</ele></trkpt>
   <trkpt lat="49.292069" lon="13.156686"><ele>467.25</ele></trkpt>
   <trkpt lat="49.292076" lon="13.156939"><ele>467.5</ele></trkpt>
   <trkpt lat="49.292106" lon="13.157261"><ele>468.25</ele></trkpt>
   <trkpt lat="49.29215" lon="13.157567"><ele>469</ele></trkpt>
   <trkpt lat="49.292201" lon="13.157861"><ele>469</ele></trkpt>
   <trkpt lat="49.292273" lon="13.1582"><ele>469.25</ele></trkpt>
   <trkpt lat="49.292431" lon="13.15888"><ele>469.75</ele></trkpt>
   <trkpt lat="49.292504" lon="13.159227"><ele>470</ele></trkpt>
   <trkpt lat="49.292566" lon="13.159584"><ele>471</ele></trkpt>
   <trkpt lat="49.292606" lon="13.159893"><ele>471.75</ele></trkpt>
   <trkpt lat="49.292634" lon="13.16025"><ele>472.25</ele></trkpt>
   <trkpt lat="49.292642" lon="13.160553"><ele>472.5</ele></trkpt>
   <trkpt lat="49.292641" lon="13.16089"><ele>472.75</ele></trkpt>
   <trkpt lat="49.292622" lon="13.161204"><ele>473</ele></trkpt>
   <trkpt lat="49.292596" lon="13.161488"><ele>473.25</ele></trkpt>
   <trkpt lat="49.292557" lon="13.161724"><ele>473.5</ele></trkpt>
   <trkpt lat="49.292537" lon="13.161838"><ele>473.75</ele></trkpt>
   <trkpt lat="49.292471" lon="13.162162"><ele>475.25</ele></trkpt>
   <trkpt lat="49.292422" lon="13.162377"><ele>476.25</ele></trkpt>
   <trkpt lat="49.292333" lon="13.162696"><ele>477.75</ele></trkpt>
   <trkpt lat="49.292208" lon="13.163103"><ele>479.75</ele></trkpt>
   <trkpt lat="49.291829" lon="13.164294"><ele>482.25</ele></trkpt>
   <trkpt lat="49.2908" lon="13.167553"><ele>480.75</ele></trkpt>
   <trkpt lat="49.290759" lon="13.167676"><ele>481</ele></trkpt>
   <trkpt lat="49.290265" lon="13.169236"><ele>487.75</ele></trkpt>
   <trkpt lat="49.290153" lon="13.169647"><ele>489.25</ele></trkpt>
   <trkpt lat="49.290064" lon="13.170001"><ele>490.25</ele></trkpt>
   <trkpt lat="49.289976" lon="13.170402"><ele>491.25</ele></trkpt>
   <trkpt lat="49.289897" lon="13.170829"><ele>492</ele></trkpt>
   <trkpt lat="49.289815" lon="13.171407"><ele>491.25</ele></trkpt>
   <trkpt lat="49.289539" lon="13.174011"><ele>492.25</ele></trkpt>
   <trkpt lat="49.28949" lon="13.174364"><ele>492.75</ele></trkpt>
   <trkpt lat="49.28943" lon="13.174733"><ele>493.25</ele></trkpt>
   <trkpt lat="49.289352" lon="13.175076"><ele>493.25</ele></trkpt>
   <trkpt lat="49.289268" lon="13.17538"><ele>493</ele></trkpt>
   <trkpt lat="49.28915" lon="13.175736"><ele>492.75</ele></trkpt>
   <trkpt lat="49.288976" lon="13.176125"><ele>493</ele></trkpt>
   <trkpt lat="49.288845" lon="13.176383"><ele>493.5</ele></trkpt>
   <trkpt lat="49.288708" lon="13.176624"><ele>493.75</ele></trkpt>
   <trkpt lat="49.288638" lon="13.176739"><ele>494</ele></trkpt>
   <trkpt lat="49.288438" lon="13.177005"><ele>494.25</ele></trkpt>
   <trkpt lat="49.28828" lon="13.17719"><ele>494.75</ele></trkpt>
   <trkpt lat="49.287902" lon="13.177549"><ele>496.5</ele></trkpt>
   <trkpt lat="49.287139" lon="13.17811"><ele>500.5</ele></trkpt>
   <trkpt lat="49.286694" lon="13.178451"><ele>502.25</ele></trkpt>
   <trkpt lat="49.286269" lon="13.178749"><ele>500.25</ele></trkpt>
   <trkpt lat="49.286108" lon="13.17885"><ele>499.5</ele></trkpt>
   <trkpt lat="49.285801" lon="13.178998"><ele>498</ele></trkpt>
   <trkpt lat="49.285603" lon="13.179063"><ele>498</ele></trkpt>
   <trkpt lat="49.285396" lon="13.1791"><ele>498</ele></trkpt>
   <trkpt lat="49.285206" lon="13.179119"><ele>498</ele></trkpt>
   <trkpt lat="49.284991" lon="13.179116"><ele>497.75</ele></trkpt>
   <trkpt lat="49.284707" lon="13.179074"><ele>499.5</ele></trkpt>
   <trkpt lat="49.284528" lon="13.179019"><ele>500.5</ele></trkpt>
   <trkpt lat="49.284342" lon="13.178937"><ele>501.5</ele></trkpt>
   <trkpt lat="49.28414" lon="13.178827"><ele>502.5</ele></trkpt>
   <trkpt lat="49.283956" lon="13.178699"><ele>503.75</ele></trkpt>
   <trkpt lat="49.28377" lon="13.17854"><ele>505</ele></trkpt>
   <trkpt lat="49.283597" lon="13.178376"><ele>506.25</ele></trkpt>
   <trkpt lat="49.283414" lon="13.178156"><ele>507.25</ele></trkpt>
   <trkpt lat="49.28324" lon="13.177904"><ele>507.75</ele></trkpt>
   <trkpt lat="49.283098" lon="13.177665"><ele>507.75</ele></trkpt>
   <trkpt lat="49.282959" lon="13.17739"><ele>507.75</ele></trkpt>
   <trkpt lat="49.282828" lon="13.177066"><ele>507.5</ele></trkpt>
   <trkpt lat="49.282685" lon="13.176664"><ele>506.75</ele></trkpt>
   <trkpt lat="49.282264" lon="13.175342"><ele>506.75</ele></trkpt>
   <trkpt lat="49.282156" lon="13.175038"><ele>507</ele></trkpt>
   <trkpt lat="49.282012" lon="13.174702"><ele>507.5</ele></trkpt>
   <trkpt lat="49.281867" lon="13.174428"><ele>508.5</ele></trkpt>
   <trkpt lat="49.281706" lon="13.174164"><ele>509.5</ele></trkpt>
   <trkpt lat="49.28152" lon="13.173907"><ele>510.5</ele></trkpt>
   <trkpt lat="49.281315" lon="13.17368"><ele>511.5</ele></trkpt>
   <trkpt lat="49.281124" lon="13.173502"><ele>512.5</ele></trkpt>
   <trkpt lat="49.280918" lon="13.173345"><ele>513.25</ele></trkpt>
   <trkpt lat="49.28068" lon="13.173199"><ele>514</ele></trkpt>
   <trkpt lat="49.280451" lon="13.1731"><ele>514.75</ele></trkpt>
   <trkpt lat="49.280247" lon="13.17304"><ele>515.5</ele></trkpt>
   <trkpt lat="49.280027" lon="13.173"><ele>516.5</ele></trkpt>
   <trkpt lat="49.279811" lon="13.172992"><ele>517.75</ele></trkpt>
   <trkpt lat="49.279523" lon="13.173024"><ele>519.75</ele></trkpt>
   <trkpt lat="49.27933" lon="13.173065"><ele>521.25</ele></trkpt>
   <trkpt lat="49.279112" lon="13.173136"><ele>522.75</ele></trkpt>
   <trkpt lat="49.278908" lon="13.173226"><ele>524.5</ele></trkpt>
   <trkpt lat="49.278705" lon="13.173347"><ele>526.25</ele></trkpt>
   <trkpt lat="49.278531" lon="13.173475"><ele>528</ele></trkpt>
   <trkpt lat="49.27837" lon="13.173621"><ele>529.25</ele></trkpt>
   <trkpt lat="49.278237" lon="13.173758"><ele>529.75</ele></trkpt>
   <trkpt lat="49.278098" lon="13.173932"><ele>529.5</ele></trkpt>
   <trkpt lat="49.277956" lon="13.174134"><ele>528.75</ele></trkpt>
   <trkpt lat="49.277534" lon="13.17485"><ele>523.75</ele></trkpt>
   <trkpt lat="49.277274" lon="13.175293"><ele>521.25</ele></trkpt>
   <trkpt lat="49.276925" lon="13.175817"><ele>519.5</ele></trkpt>
   <trkpt lat="49.276734" lon="13.176039"><ele>518</ele></trkpt>
   <trkpt lat="49.276519" lon="13.176271"><ele>516.5</ele></trkpt>
   <trkpt lat="49.276344" lon="13.176431"><ele>515.75</ele></trkpt>
   <trkpt lat="49.276144" lon="13.176593"><ele>515.5</ele></trkpt>
   <trkpt lat="49.275842" lon="13.176781"><ele>514.25</ele></trkpt>
   <trkpt lat="49.275546" lon="13.176939"><ele>512.75</ele></trkpt>
   <trkpt lat="49.274943" lon="13.177225"><ele>513.75</ele></trkpt>
   <trkpt lat="49.273593" lon="13.177874"><ele>530.25</ele></trkpt>
   <trkpt lat="49.273382" lon="13.177987"><ele>532.5</ele></trkpt>
   <trkpt lat="49.273145" lon="13.178154"><ele>534.5</ele></trkpt>
   <trkpt lat="49.27289" lon="13.178367"><ele>536.25</ele></trkpt>
   <trkpt lat="49.272722" lon="13.178531"><ele>537.25</ele></trkpt>
   <trkpt lat="49.272518" lon="13.178774"><ele>538</ele></trkpt>
   <trkpt lat="49.272361" lon="13.178997"><ele>537.25</ele></trkpt>
   <trkpt lat="49.272223" lon="13.179217"><ele>536.75</ele></trkpt>
   <trkpt lat="49.272057" lon="13.17952"><ele>536.25</ele></trkpt>
   <trkpt lat="49.271947" lon="13.179747"><ele>535.75</ele></trkpt>
   <trkpt lat="49.271799" lon="13.180117"><ele>535.25</ele></trkpt>
   <trkpt lat="49.271706" lon="13.18038"><ele>534.75</ele></trkpt>
   <trkpt lat="49.271628" lon="13.180658"><ele>534.75</ele></trkpt>
   <trkpt lat="49.271554" lon="13.180981"><ele>534.25</ele></trkpt>
   <trkpt lat="49.271498" lon="13.181289"><ele>533.75</ele></trkpt>
   <trkpt lat="49.271426" lon="13.181832"><ele>533.25</ele></trkpt>
   <trkpt lat="49.271405" lon="13.182199"><ele>533.5</ele></trkpt>
   <trkpt lat="49.271395" lon="13.18254"><ele>534</ele></trkpt>
   <trkpt lat="49.271395" lon="13.182997"><ele>534.25</ele></trkpt>
   <trkpt lat="49.271404" lon="13.183505"><ele>534.25</ele></trkpt>
   <trkpt lat="49.271407" lon="13.18364"><ele>534.25</ele></trkpt>
   <trkpt lat="49.271457" lon="13.186621"><ele>540.75</ele></trkpt>
   <trkpt lat="49.271459" lon="13.187035"><ele>542.25</ele></trkpt>
   <trkpt lat="49.271442" lon="13.18744"><ele>543.75</ele></trkpt>
   <trkpt lat="49.271414" lon="13.187739"><ele>545</ele></trkpt>
   <trkpt lat="49.27139" lon="13.187931"><ele>545.5</ele></trkpt>
   <trkpt lat="49.271354" lon="13.188135"><ele>546.25</ele></trkpt>
   <trkpt lat="49.271325" lon="13.188269"><ele>546.75</ele></trkpt>
   <trkpt lat="49.271276" lon="13.188471"><ele>547.75</ele></trkpt>
   <trkpt lat="49.271165" lon="13.188824"><ele>549.5</ele></trkpt>
   <trkpt lat="49.271024" lon="13.189198"><ele>551</ele></trkpt>
   <trkpt lat="49.270857" lon="13.189556"><ele>552</ele></trkpt>
   <trkpt lat="49.270682" lon="13.189838"><ele>553</ele></trkpt>
   <trkpt lat="49.270455" lon="13.190156"><ele>554.5</ele></trkpt>
   <trkpt lat="49.270294" lon="13.190331"><ele>555</ele></trkpt>
   <trkpt lat="49.27011" lon="13.190519"><ele>555.25</ele></trkpt>
   <trkpt lat="49.269872" lon="13.190686"><ele>554.75</ele></trkpt>
   <trkpt lat="49.269636" lon="13.190835"><ele>553.5</ele></trkpt>
   <trkpt lat="49.269524" lon="13.190889"><ele>553</ele></trkpt>
   <trkpt lat="49.269184" lon="13.191002"><ele>550.75</ele></trkpt>
   <trkpt lat="49.269061" lon="13.191028"><ele>550.5</ele></trkpt>
   <trkpt lat="49.268916" lon="13.191045"><ele>550</ele></trkpt>
   <trkpt lat="49.268626" lon="13.191046"><ele>548.75</ele></trkpt>
   <trkpt lat="49.268403" lon="13.191012"><ele>547.5</ele></trkpt>
   <trkpt lat="49.268134" lon="13.190934"><ele>547.25</ele></trkpt>
   <trkpt lat="49.267997" lon="13.190881"><ele>547.25</ele></trkpt>
   <trkpt lat="49.267855" lon="13.190803"><ele>547.5</ele></trkpt>
   <trkpt lat="49.267682" lon="13.190697"><ele>547.5</ele></trkpt>
   <trkpt lat="49.267409" lon="13.190484"><ele>548</ele></trkpt>
   <trkpt lat="49.267236" lon="13.190317"><ele>548</ele></trkpt>
   <trkpt lat="49.267036" lon="13.190077"><ele>548.5</ele></trkpt>
   <trkpt lat="49.266821" lon="13.189773"><ele>548.25</ele></trkpt>
   <trkpt lat="49.266684" lon="13.189527"><ele>548.25</ele></trkpt>
   <trkpt lat="49.266532" lon="13.189224"><ele>549.25</ele></trkpt>
   <trkpt lat="49.266378" lon="13.188823"><ele>550.25</ele></trkpt>
   <trkpt lat="49.26632" lon="13.188632"><ele>551</ele></trkpt>
   <trkpt lat="49.266217" lon="13.188219"><ele>553</ele></trkpt>
   <trkpt lat="49.266169" lon="13.187976"><ele>555.25</ele></trkpt>
   <trkpt lat="49.266118" lon="13.187558"><ele>558.5</ele></trkpt>
   <trkpt lat="49.266095" lon="13.187306"><ele>561.25</ele></trkpt>
   <trkpt lat="49.266088" lon="13.187049"><ele>564</ele></trkpt>
   <trkpt lat="49.266085" lon="13.186847"><ele>566</ele></trkpt>
   <trkpt lat="49.266094" lon="13.18662"><ele>568</ele></trkpt>
   <trkpt lat="49.266116" lon="13.186299"><ele>570.25</ele></trkpt>
   <trkpt lat="49.2663" lon="13.184795"><ele>575.75</ele></trkpt>
   <trkpt lat="49.266337" lon="13.184431"><ele>576.25</ele></trkpt>
   <trkpt lat="49.266356" lon="13.184169"><ele>576.75</ele></trkpt>
   <trkpt lat="49.266364" lon="13.183642"><ele>578.25</ele></trkpt>
   <trkpt lat="49.26635" lon="13.183417"><ele>579.5</ele></trkpt>
   <trkpt lat="49.266291" lon="13.1829"><ele>576.75</ele></trkpt>
   <trkpt lat="49.26624" lon="13.182618"><ele>575</ele></trkpt>
   <trkpt lat="49.266199" lon="13.182428"><ele>573.5</ele></trkpt>
   <trkpt lat="49.266093" lon="13.182053"><ele>569.5</ele></trkpt>
   <trkpt lat="49.265979" lon="13.181723"><ele>565.25</ele></trkpt>
   <trkpt lat="49.265867" lon="13.181459"><ele>563.5</ele></trkpt>
   <trkpt lat="49.265753" lon="13.181238"><ele>562.5</ele></trkpt>
   <trkpt lat="49.265601" lon="13.180972"><ele>561.25</ele></trkpt>
   <trkpt lat="49.265368" lon="13.18061"><ele>561</ele></trkpt>
   <trkpt lat="49.26507" lon="13.180168"><ele>562.75</ele></trkpt>
   <trkpt lat="49.264929" lon="13.179943"><ele>563.5</ele></trkpt>
   <trkpt lat="49.264775" lon="13.179653"><ele>564.5</ele></trkpt>
   <trkpt lat="49.264642" lon="13.179361"><ele>565.25</ele></trkpt>
   <trkpt lat="49.26449" lon="13.178951"><ele>566.25</ele></trkpt>
   <trkpt lat="49.264396" lon="13.17864"><ele>567.25</ele></trkpt>
   <trkpt lat="49.264317" lon="13.178263"><ele>568.5</ele></trkpt>
   <trkpt lat="49.264257" lon="13.177887"><ele>570.5</ele></trkpt>
   <trkpt lat="49.26423" lon="13.177567"><ele>571.75</ele></trkpt>
   <trkpt lat="49.26422" lon="13.177367"><ele>573</ele></trkpt>
   <trkpt lat="49.264225" lon="13.176891"><ele>576.25</ele></trkpt>
   <trkpt lat="49.264238" lon="13.176623"><ele>577.5</ele></trkpt>
   <trkpt lat="49.264311" lon="13.176065"><ele>577.75</ele></trkpt>
   <trkpt lat="49.264387" lon="13.175726"><ele>577.5</ele></trkpt>
   <trkpt lat="49.26453" lon="13.175238"><ele>576.5</ele></trkpt>
   <trkpt lat="49.264832" lon="13.174364"><ele>574.25</ele></trkpt>
   <trkpt lat="49.264926" lon="13.174065"><ele>573.5</ele></trkpt>
   <trkpt lat="49.264989" lon="13.173851"><ele>572.75</ele></trkpt>
   <trkpt lat="49.265052" lon="13.173596"><ele>572.25</ele></trkpt>
   <trkpt lat="49.265123" lon="13.173239"><ele>571.75</ele></trkpt>
   <trkpt lat="49.265178" lon="13.172885"><ele>571.25</ele></trkpt>
   <trkpt lat="49.265225" lon="13.172493"><ele>571</ele></trkpt>
   <trkpt lat="49.265258" lon="13.172045"><ele>572.5</ele></trkpt>
   <trkpt lat="49.265265" lon="13.171796"><ele>573.5</ele></trkpt>
   <trkpt lat="49.265269" lon="13.171539"><ele>576</ele></trkpt>
   <trkpt lat="49.265314" lon="13.166331"><ele>606.75</ele></trkpt>
   <trkpt lat="49.265311" lon="13.165035"><ele>610.5</ele></trkpt>
   <trkpt lat="49.265283" lon="13.16301"><ele>600.75</ele></trkpt>
   <trkpt lat="49.265271" lon="13.161856"><ele>594.5</ele></trkpt>
   <trkpt lat="49.265256" lon="13.161296"><ele>593.5</ele></trkpt>
   <trkpt lat="49.265239" lon="13.161066"><ele>593.5</ele></trkpt>
   <trkpt lat="49.265163" lon="13.160594"><ele>593.75</ele></trkpt>
   <trkpt lat="49.265111" lon="13.160342"><ele>593.25</ele></trkpt>
   <trkpt lat="49.265044" lon="13.160088"><ele>593.25</ele></trkpt>
   <trkpt lat="49.264877" lon="13.159584"><ele>594.5</ele></trkpt>
   <trkpt lat="49.26474" lon="13.159285"><ele>596.25</ele></trkpt>
   <trkpt lat="49.264576" lon="13.158967"><ele>598.75</ele></trkpt>
   <trkpt lat="49.264264" lon="13.158504"><ele>603.25</ele></trkpt>
   <trkpt lat="49.264107" lon="13.158315"><ele>605.5</ele></trkpt>
   <trkpt lat="49.263921" lon="13.158162"><ele>609.5</ele></trkpt>
   <trkpt lat="49.263643" lon="13.157957"><ele>615.25</ele></trkpt>
   <trkpt lat="49.263335" lon="13.157758"><ele>616</ele></trkpt>
   <trkpt lat="49.263116" lon="13.157651"><ele>616.5</ele></trkpt>
   <trkpt lat="49.262965" lon="13.157598"><ele>616.75</ele></trkpt>
   <trkpt lat="49.262737" lon="13.15756"><ele>617.5</ele></trkpt>
   <trkpt lat="49.262527" lon="13.157558"><ele>618</ele></trkpt>
   <trkpt lat="49.26231" lon="13.157605"><ele>618.5</ele></trkpt>
   <trkpt lat="49.261934" lon="13.157732"><ele>619.5</ele></trkpt>
   <trkpt lat="49.261678" lon="13.157848"><ele>619.5</ele></trkpt>
   <trkpt lat="49.261555" lon="13.157913"><ele>617.75</ele></trkpt>
   <trkpt lat="49.261396" lon="13.158019"><ele>615.5</ele></trkpt>
   <trkpt lat="49.261239" lon="13.158151"><ele>613.5</ele></trkpt>
   <trkpt lat="49.261032" lon="13.158357"><ele>610.25</ele></trkpt>
   <trkpt lat="49.260864" lon="13.158552"><ele>608</ele></trkpt>
   <trkpt lat="49.260688" lon="13.158774"><ele>606</ele></trkpt>
   <trkpt lat="49.26052" lon="13.159045"><ele>604.5</ele></trkpt>
   <trkpt lat="49.260366" lon="13.159354"><ele>604</ele></trkpt>
   <trkpt lat="49.260216" lon="13.159714"><ele>604.25</ele></trkpt>
   <trkpt lat="49.260041" lon="13.160174"><ele>605.5</ele></trkpt>
   <trkpt lat="49.259732" lon="13.160928"><ele>608.75</ele></trkpt>
   <trkpt lat="49.259522" lon="13.161379"><ele>610.5</ele></trkpt>
   <trkpt lat="49.259362" lon="13.161684"><ele>611.25</ele></trkpt>
   <trkpt lat="49.259171" lon="13.161998"><ele>612.75</ele></trkpt>
   <trkpt lat="49.258981" lon="13.162286"><ele>614.5</ele></trkpt>
   <trkpt lat="49.258617" lon="13.16279"><ele>620</ele></trkpt>
   <trkpt lat="49.258007" lon="13.163579"><ele>627.5</ele></trkpt>
   <trkpt lat="49.257798" lon="13.163878"><ele>627</ele></trkpt>
   <trkpt lat="49.257555" lon="13.164275"><ele>624</ele></trkpt>
   <trkpt lat="49.257398" lon="13.164568"><ele>620.75</ele></trkpt>
   <trkpt lat="49.2572" lon="13.165015"><ele>618.5</ele></trkpt>
   <trkpt lat="49.257025" lon="13.165454"><ele>620.25</ele></trkpt>
   <trkpt lat="49.2558" lon="13.168702"><ele>633.75</ele></trkpt>
   <trkpt lat="49.254958" lon="13.170884"><ele>635</ele></trkpt>
   <trkpt lat="49.254141" lon="13.172886"><ele>635</ele></trkpt>
   <trkpt lat="49.25342" lon="13.174686"><ele>637.25</ele></trkpt>
   <trkpt lat="49.25316" lon="13.175302"><ele>634.75</ele></trkpt>
   <trkpt lat="49.253003" lon="13.175656"><ele>634</ele></trkpt>
   <trkpt lat="49.252716" lon="13.176171"><ele>632.25</ele></trkpt>
   <trkpt lat="49.252572" lon="13.176403"><ele>631</ele></trkpt>
   <trkpt lat="49.252388" lon="13.176657"><ele>629.5</ele></trkpt>
   <trkpt lat="49.252209" lon="13.176883"><ele>629.25</ele></trkpt>
   <trkpt lat="49.252018" lon="13.17709"><ele>628.75</ele></trkpt>
   <trkpt lat="49.251619" lon="13.177463"><ele>627.25</ele></trkpt>
   <trkpt lat="49.251536" lon="13.177541"><ele>627.5</ele></trkpt>
   <trkpt lat="49.251262" lon="13.17773"><ele>628.75</ele></trkpt>
   <trkpt lat="49.250792" lon="13.17801"><ele>629.25</ele></trkpt>
   <trkpt lat="49.25068" lon="13.178078"><ele>630</ele></trkpt>
   <trkpt lat="49.250289" lon="13.178329"><ele>632.25</ele></trkpt>
   <trkpt lat="49.249932" lon="13.178586"><ele>634</ele></trkpt>
   <trkpt lat="49.249514" lon="13.178856"><ele>635</ele></trkpt>
   <trkpt lat="49.248774" lon="13.179294"><ele>634.75</ele></trkpt>
   <trkpt lat="49.247797" lon="13.179888"><ele>634</ele></trkpt>
   <trkpt lat="49.246888" lon="13.180354"><ele>631.5</ele></trkpt>
   <trkpt lat="49.246632" lon="13.180501"><ele>630.25</ele></trkpt>
   <trkpt lat="49.246222" lon="13.180754"><ele>630.75</ele></trkpt>
   <trkpt lat="49.246155" lon="13.1808"><ele>630.75</ele></trkpt>
   <trkpt lat="49.245936" lon="13.180941"><ele>631.5</ele></trkpt>
   <trkpt lat="49.245697" lon="13.181119"><ele>632.5</ele></trkpt>
   <trkpt lat="49.245478" lon="13.181323"><ele>633.5</ele></trkpt>
   <trkpt lat="49.245221" lon="13.181622"><ele>635.5</ele></trkpt>
   <trkpt lat="49.244902" lon="13.182044"><ele>638</ele></trkpt>
   <trkpt lat="49.244208" lon="13.182988"><ele>642</ele></trkpt>
   <trkpt lat="49.243925" lon="13.183332"><ele>641</ele></trkpt>
   <trkpt lat="49.243719" lon="13.183547"><ele>640.5</ele></trkpt>
   <trkpt lat="49.243519" lon="13.183723"><ele>639.75</ele></trkpt>
   <trkpt lat="49.243446" lon="13.183776"><ele>639.5</ele></trkpt>
   <trkpt lat="49.243318" lon="13.183866"><ele>638.75</ele></trkpt>
   <trkpt lat="49.24311" lon="13.183989"><ele>639</ele></trkpt>
   <trkpt lat="49.242985" lon="13.184055"><ele>639</ele></trkpt>
   <trkpt lat="49.242844" lon="13.184116"><ele>638.75</ele></trkpt>
   <trkpt lat="49.242612" lon="13.184188"><ele>638.25</ele></trkpt>
   <trkpt lat="49.2423" lon="13.184248"><ele>639</ele></trkpt>
   <trkpt lat="49.241992" lon="13.184256"><ele>639</ele></trkpt>
   <trkpt lat="49.241658" lon="13.184221"><ele>638</ele></trkpt>
   <trkpt lat="49.240498" lon="13.183991"><ele>641</ele></trkpt>
   <trkpt lat="49.239812" lon="13.183869"><ele>640.5</ele></trkpt>
   <trkpt lat="49.239683" lon="13.183854"><ele>641</ele></trkpt>
   <trkpt lat="49.23953" lon="13.183853"><ele>641.5</ele></trkpt>
   <trkpt lat="49.239275" lon="13.18387"><ele>642.75</ele></trkpt>
   <trkpt lat="49.238964" lon="13.183935"><ele>645</ele></trkpt>
   <trkpt lat="49.238647" lon="13.184058"><ele>647.75</ele></trkpt>
   <trkpt lat="49.23835" lon="13.184213"><ele>650</ele></trkpt>
   <trkpt lat="49.238133" lon="13.184372"><ele>650</ele></trkpt>
   <trkpt lat="49.237902" lon="13.184574"><ele>649.75</ele></trkpt>
   <trkpt lat="49.237632" lon="13.184855"><ele>649.75</ele></trkpt>
   <trkpt lat="49.23742" lon="13.185138"><ele>649.25</ele></trkpt>
   <trkpt lat="49.237155" lon="13.185563"><ele>647.25</ele></trkpt>
   <trkpt lat="49.236987" lon="13.185893"><ele>646.75</ele></trkpt>
   <trkpt lat="49.236525" lon="13.186896"><ele>647</ele></trkpt>
   <trkpt lat="49.236377" lon="13.187204"><ele>649</ele></trkpt>
   <trkpt lat="49.236156" lon="13.18762"><ele>653</ele></trkpt>
   <trkpt lat="49.235953" lon="13.187924"><ele>657</ele></trkpt>
   <trkpt lat="49.23577" lon="13.188176"><ele>660</ele></trkpt>
   <trkpt lat="49.235659" lon="13.188308"><ele>662.25</ele></trkpt>
   <trkpt lat="49.235592" lon="13.18838"><ele>664</ele></trkpt>
   <trkpt lat="49.234543" lon="13.189498"><ele>669.5</ele></trkpt>
   <trkpt lat="49.234177" lon="13.18987"><ele>664.75</ele></trkpt>
   <trkpt lat="49.233899" lon="13.19017"><ele>663</ele></trkpt>
   <trkpt lat="49.233524" lon="13.19068"><ele>661.25</ele></trkpt>
   <trkpt lat="49.233368" lon="13.190922"><ele>660.5</ele></trkpt>
   <trkpt lat="49.23317" lon="13.191279"><ele>663.5</ele></trkpt>
   <trkpt lat="49.232469" lon="13.19263"><ele>668.5</ele></trkpt>
   <trkpt lat="49.232215" lon="13.193089"><ele>669</ele></trkpt>
   <trkpt lat="49.231698" lon="13.193819"><ele>670.25</ele></trkpt>
   <trkpt lat="49.230055" lon="13.196067"><ele>679.25</ele></trkpt>
   <trkpt lat="49.22978" lon="13.196419"><ele>676</ele></trkpt>
   <trkpt lat="49.229588" lon="13.196628"><ele>674.25</ele></trkpt>
   <trkpt lat="49.229244" lon="13.196919"><ele>672.25</ele></trkpt>
   <trkpt lat="49.228966" lon="13.197125"><ele>672.75</ele></trkpt>
   <trkpt lat="49.22877" lon="13.197233"><ele>673.25</ele></trkpt>
   <trkpt lat="49.228413" lon="13.197391"><ele>673.5</ele></trkpt>
   <trkpt lat="49.228233" lon="13.19745"><ele>674.25</ele></trkpt>
   <trkpt lat="49.227918" lon="13.1975"><ele>675.25</ele></trkpt>
   <trkpt lat="49.22776" lon="13.197498"><ele>675.5</ele></trkpt>
   <trkpt lat="49.227599" lon="13.197484"><ele>675.5</ele></trkpt>
   <trkpt lat="49.227457" lon="13.197465"><ele>675.5</ele></trkpt>
   <trkpt lat="49.227301" lon="13.19742"><ele>675.75</ele></trkpt>
   <trkpt lat="49.227148" lon="13.197362"><ele>675.5</ele></trkpt>
   <trkpt lat="49.226984" lon="13.197283"><ele>675</ele></trkpt>
   <trkpt lat="49.226683" lon="13.197085"><ele>672.75</ele></trkpt>
   <trkpt lat="49.22648" lon="13.196904"><ele>670</ele></trkpt>
   <trkpt lat="49.226357" lon="13.19678"><ele>667.75</ele></trkpt>
   <trkpt lat="49.226224" lon="13.196624"><ele>665.5</ele></trkpt>
   <trkpt lat="49.226099" lon="13.196455"><ele>664.75</ele></trkpt>
   <trkpt lat="49.22598" lon="13.196275"><ele>664</ele></trkpt>
   <trkpt lat="49.225848" lon="13.196046"><ele>663.75</ele></trkpt>
   <trkpt lat="49.225722" lon="13.195785"><ele>664</ele></trkpt>
   <trkpt lat="49.22562" lon="13.195527"><ele>666.5</ele></trkpt>
   <trkpt lat="49.225516" lon="13.195219"><ele>669.5</ele></trkpt>
   <trkpt lat="49.225456" lon="13.195004"><ele>671.5</ele></trkpt>
   <trkpt lat="49.225403" lon="13.194757"><ele>674.25</ele></trkpt>
   <trkpt lat="49.225347" lon="13.194451"><ele>677.5</ele></trkpt>
   <trkpt lat="49.225313" lon="13.194156"><ele>680.5</ele></trkpt>
   <trkpt lat="49.225296" lon="13.193899"><ele>682.75</ele></trkpt>
   <trkpt lat="49.225289" lon="13.193651"><ele>685</ele></trkpt>
   <trkpt lat="49.225293" lon="13.193385"><ele>687.25</ele></trkpt>
   <trkpt lat="49.225302" lon="13.19312"><ele>689.5</ele></trkpt>
   <trkpt lat="49.225328" lon="13.192859"><ele>691.25</ele></trkpt>
   <trkpt lat="49.225385" lon="13.192448"><ele>693.75</ele></trkpt>
   <trkpt lat="49.225433" lon="13.192186"><ele>696</ele></trkpt>
   <trkpt lat="49.225504" lon="13.191918"><ele>697.75</ele></trkpt>
   <trkpt lat="49.225631" lon="13.191529"><ele>700</ele></trkpt>
   <trkpt lat="49.225775" lon="13.191161"><ele>702.25</ele></trkpt>
   <trkpt lat="49.225956" lon="13.190799"><ele>705</ele></trkpt>
   <trkpt lat="49.226149" lon="13.190506"><ele>707.25</ele></trkpt>
   <trkpt lat="49.226337" lon="13.190249"><ele>708.25</ele></trkpt>
   <trkpt lat="49.226569" lon="13.19"><ele>707.75</ele></trkpt>
   <trkpt lat="49.226801" lon="13.189791"><ele>707.25</ele></trkpt>
   <trkpt lat="49.227071" lon="13.189598"><ele>705.75</ele></trkpt>
   <trkpt lat="49.22759" lon="13.189273"><ele>701.75</ele></trkpt>
   <trkpt lat="49.22793" lon="13.189041"><ele>699.5</ele></trkpt>
   <trkpt lat="49.2282" lon="13.18883"><ele>697.5</ele></trkpt>
   <trkpt lat="49.228412" lon="13.188611"><ele>696</ele></trkpt>
   <trkpt lat="49.228535" lon="13.188459"><ele>695.25</ele></trkpt>
   <trkpt lat="49.228651" lon="13.188299"><ele>694.5</ele></trkpt>
   <trkpt lat="49.228757" lon="13.188136"><ele>694</ele></trkpt>
   <trkpt lat="49.228847" lon="13.187975"><ele>693.75</ele></trkpt>
   <trkpt lat="49.228909" lon="13.187852"><ele>693.5</ele></trkpt>
   <trkpt lat="49.229035" lon="13.187571"><ele>693.25</ele></trkpt>
   <trkpt lat="49.229134" lon="13.18731"><ele>694</ele></trkpt>
   <trkpt lat="49.229203" lon="13.187085"><ele>695.25</ele></trkpt>
   <trkpt lat="49.229263" lon="13.186851"><ele>697</ele></trkpt>
   <trkpt lat="49.229347" lon="13.186426"><ele>699.75</ele></trkpt>
   <trkpt lat="49.22938" lon="13.186154"><ele>702</ele></trkpt>
   <trkpt lat="49.229401" lon="13.185909"><ele>704.25</ele></trkpt>
   <trkpt lat="49.22941" lon="13.185622"><ele>705.25</ele></trkpt>
   <trkpt lat="49.229408" lon="13.1853"><ele>706.25</ele></trkpt>
   <trkpt lat="49.229395" lon="13.185023"><ele>707.25</ele></trkpt>
   <trkpt lat="49.229353" lon="13.184693"><ele>708.75</ele></trkpt>
   <trkpt lat="49.229306" lon="13.184383"><ele>710.25</ele></trkpt>
   <trkpt lat="49.229237" lon="13.184077"><ele>711.75</ele></trkpt>
   <trkpt lat="49.22916" lon="13.18381"><ele>713.5</ele></trkpt>
   <trkpt lat="49.229074" lon="13.183555"><ele>715</ele></trkpt>
   <trkpt lat="49.228957" lon="13.183276"><ele>716.25</ele></trkpt>
   <trkpt lat="49.228826" lon="13.18301"><ele>715.75</ele></trkpt>
   <trkpt lat="49.228716" lon="13.182821"><ele>715.25</ele></trkpt>
   <trkpt lat="49.228568" lon="13.182598"><ele>714.5</ele></trkpt>
   <trkpt lat="49.228379" lon="13.182363"><ele>712</ele></trkpt>
   <trkpt lat="49.228231" lon="13.182211"><ele>709.75</ele></trkpt>
   <trkpt lat="49.228067" lon="13.182062"><ele>707.25</ele></trkpt>
   <trkpt lat="49.227798" lon="13.181872"><ele>703</ele></trkpt>
   <trkpt lat="49.227508" lon="13.181718"><ele>698.5</ele></trkpt>
   <trkpt lat="49.227233" lon="13.181633"><ele>696.75</ele></trkpt>
   <trkpt lat="49.22707" lon="13.181602"><ele>696</ele></trkpt>
   <trkpt lat="49.226912" lon="13.181584"><ele>695.25</ele></trkpt>
   <trkpt lat="49.226673" lon="13.181598"><ele>695.25</ele></trkpt>
   <trkpt lat="49.226387" lon="13.181656"><ele>695.5</ele></trkpt>
   <trkpt lat="49.226249" lon="13.181696"><ele>696</ele></trkpt>
   <trkpt lat="49.226132" lon="13.181746"><ele>696.75</ele></trkpt>
   <trkpt lat="49.225875" lon="13.181879"><ele>698.25</ele></trkpt>
   <trkpt lat="49.22555" lon="13.182121"><ele>701.25</ele></trkpt>
   <trkpt lat="49.225318" lon="13.18237"><ele>703</ele></trkpt>
   <trkpt lat="49.22507" lon="13.182702"><ele>705</ele></trkpt>
   <trkpt lat="49.224821" lon="13.183096"><ele>708.75</ele></trkpt>
   <trkpt lat="49.224507" lon="13.183617"><ele>715</ele></trkpt>
   <trkpt lat="49.224144" lon="13.184275"><ele>718</ele></trkpt>
   <trkpt lat="49.224002" lon="13.184541"><ele>720.25</ele></trkpt>
   <trkpt lat="49.223662" lon="13.185076"><ele>723.25</ele></trkpt>
   <trkpt lat="49.2234" lon="13.185422"><ele>726.25</ele></trkpt>
   <trkpt lat="49.223174" lon="13.185674"><ele>728.75</ele></trkpt>
   <trkpt lat="49.222953" lon="13.185878"><ele>730.5</ele></trkpt>
   <trkpt lat="49.222662" lon="13.186101"><ele>731.75</ele></trkpt>
   <trkpt lat="49.222338" lon="13.186288"><ele>732.25</ele></trkpt>
   <trkpt lat="49.222028" lon="13.186424"><ele>732.25</ele></trkpt>
   <trkpt lat="49.221822" lon="13.186486"><ele>731.75</ele></trkpt>
   <trkpt lat="49.221526" lon="13.186556"><ele>730.25</ele></trkpt>
   <trkpt lat="49.221254" lon="13.186576"><ele>728.75</ele></trkpt>
   <trkpt lat="49.220968" lon="13.186544"><ele>727</ele></trkpt>
   <trkpt lat="49.220796" lon="13.186507"><ele>725.5</ele></trkpt>
   <trkpt lat="49.22048" lon="13.186393"><ele>722.25</ele></trkpt>
   <trkpt lat="49.220293" lon="13.186312"><ele>719.75</ele></trkpt>
   <trkpt lat="49.218855" lon="13.185647"><ele>715.5</ele></trkpt>
   <trkpt lat="49.218268" lon="13.185374"><ele>718.75</ele></trkpt>
   <trkpt lat="49.217991" lon="13.185207"><ele>722</ele></trkpt>
   <trkpt lat="49.217867" lon="13.185128"><ele>723.25</ele></trkpt>
   <trkpt lat="49.217613" lon="13.184926"><ele>725.5</ele></trkpt>
   <trkpt lat="49.217451" lon="13.18476"><ele>727.5</ele></trkpt>
   <trkpt lat="49.2173" lon="13.184598"><ele>730.5</ele></trkpt>
   <trkpt lat="49.217141" lon="13.184392"><ele>732.75</ele></trkpt>
   <trkpt lat="49.217004" lon="13.184178"><ele>734</ele></trkpt>
   <trkpt lat="49.21678" lon="13.183766"><ele>735.75</ele></trkpt>
   <trkpt lat="49.216693" lon="13.183562"><ele>736.25</ele></trkpt>
   <trkpt lat="49.216563" lon="13.183225"><ele>736.75</ele></trkpt>
   <trkpt lat="49.216528" lon="13.183124"><ele>737</ele></trkpt>
   <trkpt lat="49.216463" lon="13.182908"><ele>737.5</ele></trkpt>
   <trkpt lat="49.216397" lon="13.182651"><ele>737.5</ele></trkpt>
   <trkpt lat="49.216306" lon="13.182191"><ele>736.75</ele></trkpt>
   <trkpt lat="49.216276" lon="13.181965"><ele>736.25</ele></trkpt>
   <trkpt lat="49.216254" lon="13.181743"><ele>735.75</ele></trkpt>
   <trkpt lat="49.21624" lon="13.181495"><ele>735.75</ele></trkpt>
   <trkpt lat="49.216238" lon="13.180911"><ele>737</ele></trkpt>
   <trkpt lat="49.216256" lon="13.180663"><ele>738.25</ele></trkpt>
   <trkpt lat="49.216316" lon="13.180154"><ele>741.25</ele></trkpt>
   <trkpt lat="49.216417" lon="13.179674"><ele>743.25</ele></trkpt>
   <trkpt lat="49.216487" lon="13.179418"><ele>743.75</ele></trkpt>
   <trkpt lat="49.21666" lon="13.178897"><ele>742</ele></trkpt>
   <trkpt lat="49.216892" lon="13.178238"><ele>738.25</ele></trkpt>
   <trkpt lat="49.217008" lon="13.177877"><ele>736.75</ele></trkpt>
   <trkpt lat="49.217108" lon="13.177464"><ele>736.75</ele></trkpt>
   <trkpt lat="49.21713" lon="13.177363"><ele>737.25</ele></trkpt>
   <trkpt lat="49.21719" lon="13.176992"><ele>739.25</ele></trkpt>
   <trkpt lat="49.217226" lon="13.176496"><ele>742.75</ele></trkpt>
   <trkpt lat="49.217228" lon="13.176269"><ele>745</ele></trkpt>
   <trkpt lat="49.217225" lon="13.17605"><ele>747</ele></trkpt>
   <trkpt lat="49.217213" lon="13.175807"><ele>749.5</ele></trkpt>
   <trkpt lat="49.217157" lon="13.175346"><ele>752.75</ele></trkpt>
   <trkpt lat="49.217117" lon="13.175135"><ele>754.25</ele></trkpt>
   <trkpt lat="49.217024" lon="13.174752"><ele>756.25</ele></trkpt>
   <trkpt lat="49.216961" lon="13.174545"><ele>757</ele></trkpt>
   <trkpt lat="49.216886" lon="13.174324"><ele>757.25</ele></trkpt>
   <trkpt lat="49.216796" lon="13.174103"><ele>756.25</ele></trkpt>
   <trkpt lat="49.216694" lon="13.17389"><ele>752.5</ele></trkpt>
   <trkpt lat="49.216577" lon="13.173674"><ele>749.5</ele></trkpt>
   <trkpt lat="49.216446" lon="13.173473"><ele>747</ele></trkpt>
   <trkpt lat="49.216273" lon="13.173232"><ele>743.75</ele></trkpt>
   <trkpt lat="49.216161" lon="13.173104"><ele>742</ele></trkpt>
   <trkpt lat="49.21609" lon="13.173023"><ele>740.5</ele></trkpt>
   <trkpt lat="49.216079" lon="13.17301"><ele>740.25</ele></trkpt>
   <trkpt lat="49.215885" lon="13.172836"><ele>737.5</ele></trkpt>
   <trkpt lat="49.215673" lon="13.172681"><ele>735.25</ele></trkpt>
   <trkpt lat="49.215476" lon="13.17256"><ele>734.25</ele></trkpt>
   <trkpt lat="49.215218" lon="13.172455"><ele>734.75</ele></trkpt>
   <trkpt lat="49.215002" lon="13.172397"><ele>736</ele></trkpt>
   <trkpt lat="49.214771" lon="13.172366"><ele>736.75</ele></trkpt>
   <trkpt lat="49.214479" lon="13.172383"><ele>738.5</ele></trkpt>
   <trkpt lat="49.214267" lon="13.17244"><ele>740</ele></trkpt>
   <trkpt lat="49.214047" lon="13.172514"><ele>740.75</ele></trkpt>
   <trkpt lat="49.213759" lon="13.172648"><ele>742</ele></trkpt>
   <trkpt lat="49.213515" lon="13.172827"><ele>743</ele></trkpt>
   <trkpt lat="49.213336" lon="13.172972"><ele>743</ele></trkpt>
   <trkpt lat="49.213078" lon="13.173222"><ele>743.25</ele></trkpt>
   <trkpt lat="49.212882" lon="13.173439"><ele>743.75</ele></trkpt>
   <trkpt lat="49.211429" lon="13.175097"><ele>745</ele></trkpt>
   <trkpt lat="49.210854" lon="13.175741"><ele>746.75</ele></trkpt>
   <trkpt lat="49.210324" lon="13.176262"><ele>751.75</ele></trkpt>
   <trkpt lat="49.209796" lon="13.176881"><ele>751.5</ele></trkpt>
   <trkpt lat="49.209618" lon="13.177157"><ele>750.5</ele></trkpt>
   <trkpt lat="49.209439" lon="13.177487"><ele>748.75</ele></trkpt>
   <trkpt lat="49.209324" lon="13.177768"><ele>748</ele></trkpt>
   <trkpt lat="49.209178" lon="13.178185"><ele>746.5</ele></trkpt>
   <trkpt lat="49.209101" lon="13.178469"><ele>746.25</ele></trkpt>
   <trkpt lat="49.209018" lon="13.178833"><ele>746.5</ele></trkpt>
   <trkpt lat="49.20874" lon="13.180215"><ele>754</ele></trkpt>
   <trkpt lat="49.208563" lon="13.181034"><ele>759.25</ele></trkpt>
   <trkpt lat="49.208476" lon="13.181376"><ele>760.75</ele></trkpt>
   <trkpt lat="49.208367" lon="13.181752"><ele>761.75</ele></trkpt>
   <trkpt lat="49.208233" lon="13.182155"><ele>762.25</ele></trkpt>
   <trkpt lat="49.207589" lon="13.183765"><ele>765.75</ele></trkpt>
   <trkpt lat="49.207409" lon="13.184147"><ele>766</ele></trkpt>
   <trkpt lat="49.207243" lon="13.184471"><ele>768.5</ele></trkpt>
   <trkpt lat="49.207018" lon="13.184845"><ele>768.75</ele></trkpt>
   <trkpt lat="49.206782" lon="13.185219"><ele>768.25</ele></trkpt>
   <trkpt lat="49.20658" lon="13.185507"><ele>768.5</ele></trkpt>
   <trkpt lat="49.206232" lon="13.185935"><ele>768.25</ele></trkpt>
   <trkpt lat="49.205164" lon="13.187207"><ele>766.5</ele></trkpt>
   <trkpt lat="49.20422" lon="13.188365"><ele>767</ele></trkpt>
   <trkpt lat="49.203974" lon="13.188697"><ele>767.5</ele></trkpt>
   <trkpt lat="49.203747" lon="13.189031"><ele>768.5</ele></trkpt>
   <trkpt lat="49.203488" lon="13.189447"><ele>770.75</ele></trkpt>
   <trkpt lat="49.20199" lon="13.191926"><ele>777.75</ele></trkpt>
   <trkpt lat="49.20082" lon="13.193659"><ele>772.75</ele></trkpt>
   <trkpt lat="49.200635" lon="13.193969"><ele>776</ele></trkpt>
   <trkpt lat="49.200442" lon="13.194309"><ele>779.25</ele></trkpt>
   <trkpt lat="49.200298" lon="13.1946"><ele>781.25</ele></trkpt>
   <trkpt lat="49.200167" lon="13.194885"><ele>783.25</ele></trkpt>
   <trkpt lat="49.199691" lon="13.196115"><ele>788.5</ele></trkpt>
   <trkpt lat="49.198874" lon="13.198316"><ele>780.25</ele></trkpt>
   <trkpt lat="49.198697" lon="13.198727"><ele>783</ele></trkpt>
   <trkpt lat="49.198536" lon="13.199068"><ele>785.75</ele></trkpt>
   <trkpt lat="49.19837" lon="13.19937"><ele>789.25</ele></trkpt>
   <trkpt lat="49.198221" lon="13.199624"><ele>791.5</ele></trkpt>
   <trkpt lat="49.197975" lon="13.199996"><ele>793.5</ele></trkpt>
   <trkpt lat="49.19644" lon="13.202249"><ele>789.25</ele></trkpt>
   <trkpt lat="49.196338" lon="13.202395"><ele>789.75</ele></trkpt>
   <trkpt lat="49.195313" lon="13.203909"><ele>797.75</ele></trkpt>
   <trkpt lat="49.195165" lon="13.204162"><ele>798.25</ele></trkpt>
   <trkpt lat="49.194993" lon="13.204483"><ele>799</ele></trkpt>
   <trkpt lat="49.194843" lon="13.204795"><ele>800.25</ele></trkpt>
   <trkpt lat="49.194674" lon="13.205196"><ele>800.75</ele></trkpt>
   <trkpt lat="49.194497" lon="13.20569"><ele>799.5</ele></trkpt>
   <trkpt lat="49.194377" lon="13.206051"><ele>797.75</ele></trkpt>
   <trkpt lat="49.194273" lon="13.206405"><ele>795.75</ele></trkpt>
   <trkpt lat="49.194167" lon="13.206804"><ele>793.75</ele></trkpt>
   <trkpt lat="49.194068" lon="13.207238"><ele>795.75</ele></trkpt>
   <trkpt lat="49.19393" lon="13.208041"><ele>799.5</ele></trkpt>
   <trkpt lat="49.193892" lon="13.208327"><ele>801.25</ele></trkpt>
   <trkpt lat="49.193863" lon="13.208587"><ele>802</ele></trkpt>
   <trkpt lat="49.193844" lon="13.208952"><ele>804</ele></trkpt>
   <trkpt lat="49.193834" lon="13.20931"><ele>804.75</ele></trkpt>
   <trkpt lat="49.193841" lon="13.209681"><ele>803.5</ele></trkpt>
   <trkpt lat="49.193865" lon="13.2104"><ele>799.75</ele></trkpt>
   <trkpt lat="49.193885" lon="13.210731"><ele>797.75</ele></trkpt>
   <trkpt lat="49.193907" lon="13.211035"><ele>796.5</ele></trkpt>
   <trkpt lat="49.193951" lon="13.211383"><ele>795.5</ele></trkpt>
   <trkpt lat="49.194053" lon="13.212018"><ele>795.25</ele></trkpt>
   <trkpt lat="49.194123" lon="13.212364"><ele>795.5</ele></trkpt>
   <trkpt lat="49.194431" lon="13.213607"><ele>800.25</ele></trkpt>
   <trkpt lat="49.195391" lon="13.217381"><ele>795</ele></trkpt>
   <trkpt lat="49.195476" lon="13.217756"><ele>794</ele></trkpt>
   <trkpt lat="49.195528" lon="13.218036"><ele>793</ele></trkpt>
   <trkpt lat="49.195568" lon="13.218355"><ele>791.75</ele></trkpt>
   <trkpt lat="49.195598" lon="13.218654"><ele>793.25</ele></trkpt>
   <trkpt lat="49.19561" lon="13.218904"><ele>794</ele></trkpt>
   <trkpt lat="49.195606" lon="13.219179"><ele>794.75</ele></trkpt>
   <trkpt lat="49.195589" lon="13.219427"><ele>796.75</ele></trkpt>
   <trkpt lat="49.195557" lon="13.219715"><ele>798.75</ele></trkpt>
   <trkpt lat="49.195518" lon="13.22"><ele>800.75</ele></trkpt>
   <trkpt lat="49.195452" lon="13.22033"><ele>802</ele></trkpt>
   <trkpt lat="49.195387" lon="13.220597"><ele>803</ele></trkpt>
   <trkpt lat="49.195304" lon="13.220872"><ele>804</ele></trkpt>
   <trkpt lat="49.195182" lon="13.221188"><ele>803.75</ele></trkpt>
   <trkpt lat="49.195076" lon="13.221415"><ele>803.75</ele></trkpt>
   <trkpt lat="49.194922" lon="13.221702"><ele>803.25</ele></trkpt>
   <trkpt lat="49.194805" lon="13.221895"><ele>803.75</ele></trkpt>
   <trkpt lat="49.194638" lon="13.222125"><ele>803.75</ele></trkpt>
   <trkpt lat="49.194471" lon="13.222323"><ele>803.75</ele></trkpt>
   <trkpt lat="49.194316" lon="13.222472"><ele>803.25</ele></trkpt>
   <trkpt lat="49.194146" lon="13.222618"><ele>802.75</ele></trkpt>
   <trkpt lat="49.193956" lon="13.222754"><ele>803.5</ele></trkpt>
   <trkpt lat="49.193787" lon="13.222849"><ele>804</ele></trkpt>
   <trkpt lat="49.193631" lon="13.22292"><ele>804.5</ele></trkpt>
   <trkpt lat="49.193468" lon="13.222981"><ele>805</ele></trkpt>
   <trkpt lat="49.193312" lon="13.223025"><ele>805.75</ele></trkpt>
   <trkpt lat="49.19313" lon="13.223055"><ele>806.75</ele></trkpt>
   <trkpt lat="49.192912" lon="13.223063"><ele>808</ele></trkpt>
   <trkpt lat="49.192743" lon="13.223052"><ele>808.75</ele></trkpt>
   <trkpt lat="49.192539" lon="13.223017"><ele>809.25</ele></trkpt>
   <trkpt lat="49.192311" lon="13.222956"><ele>810.25</ele></trkpt>
   <trkpt lat="49.191574" lon="13.222695"><ele>811.75</ele></trkpt>
   <trkpt lat="49.191216" lon="13.222564"><ele>811</ele></trkpt>
   <trkpt lat="49.190976" lon="13.222491"><ele>810.5</ele></trkpt>
   <trkpt lat="49.190733" lon="13.222437"><ele>811</ele></trkpt>
   <trkpt lat="49.190509" lon="13.222419"><ele>811.5</ele></trkpt>
   <trkpt lat="49.190301" lon="13.222422"><ele>812.25</ele></trkpt>
   <trkpt lat="49.190099" lon="13.222441"><ele>813</ele></trkpt>
   <trkpt lat="49.189862" lon="13.222493"><ele>813.5</ele></trkpt>
   <trkpt lat="49.189665" lon="13.222563"><ele>813.75</ele></trkpt>
   <trkpt lat="49.189479" lon="13.222643"><ele>813.75</ele></trkpt>
   <trkpt lat="49.189284" lon="13.222744"><ele>813.75</ele></trkpt>
   <trkpt lat="49.189113" lon="13.222859"><ele>813.5</ele></trkpt>
   <trkpt lat="49.188951" lon="13.222977"><ele>812.75</ele></trkpt>
   <trkpt lat="49.188814" lon="13.223097"><ele>812.25</ele></trkpt>
   <trkpt lat="49.188672" lon="13.223232"><ele>812</ele></trkpt>
   <trkpt lat="49.188389" lon="13.223567"><ele>812</ele></trkpt>
   <trkpt lat="49.188137" lon="13.22394"><ele>811.75</ele></trkpt>
   <trkpt lat="49.187985" lon="13.224202"><ele>812</ele></trkpt>
   <trkpt lat="49.187494" lon="13.225141"><ele>815.25</ele></trkpt>
   <trkpt lat="49.187432" lon="13.225262"><ele>815.75</ele></trkpt>
   <trkpt lat="49.186938" lon="13.226205"><ele>816.75</ele></trkpt>
   <trkpt lat="49.186781" lon="13.226479"><ele>816.25</ele></trkpt>
   <trkpt lat="49.186614" lon="13.226722"><ele>815.75</ele></trkpt>
   <trkpt lat="49.186482" lon="13.226888"><ele>815.75</ele></trkpt>
   <trkpt lat="49.186282" lon="13.227109"><ele>817</ele></trkpt>
   <trkpt lat="49.186097" lon="13.227273"><ele>818.5</ele></trkpt>
   <trkpt lat="49.185927" lon="13.227398"><ele>820.25</ele></trkpt>
   <trkpt lat="49.185723" lon="13.227525"><ele>822.25</ele></trkpt>
   <trkpt lat="49.18558" lon="13.227595"><ele>823</ele></trkpt>
   <trkpt lat="49.185506" lon="13.227624"><ele>823.25</ele></trkpt>
   <trkpt lat="49.185419" lon="13.227654"><ele>823.75</ele></trkpt>
   <trkpt lat="49.18523" lon="13.227701"><ele>824</ele></trkpt>
   <trkpt lat="49.185014" lon="13.227738"><ele>824.5</ele></trkpt>
   <trkpt lat="49.184813" lon="13.227749"><ele>824.5</ele></trkpt>
   <trkpt lat="49.18457" lon="13.227733"><ele>824.5</ele></trkpt>
   <trkpt lat="49.184349" lon="13.227682"><ele>824</ele></trkpt>
   <trkpt lat="49.18409" lon="13.227587"><ele>823.75</ele></trkpt>
   <trkpt lat="49.183844" lon="13.227458"><ele>824</ele></trkpt>
   <trkpt lat="49.183616" lon="13.227301"><ele>824.25</ele></trkpt>
   <trkpt lat="49.183416" lon="13.227116"><ele>824.5</ele></trkpt>
   <trkpt lat="49.183227" lon="13.226924"><ele>825.75</ele></trkpt>
   <trkpt lat="49.183037" lon="13.226684"><ele>828.5</ele></trkpt>
   <trkpt lat="49.182865" lon="13.226422"><ele>831.75</ele></trkpt>
   <trkpt lat="49.182735" lon="13.226192"><ele>834</ele></trkpt>
   <trkpt lat="49.182608" lon="13.225941"><ele>836.25</ele></trkpt>
   <trkpt lat="49.18249" lon="13.225652"><ele>836.5</ele></trkpt>
   <trkpt lat="49.182376" lon="13.225289"><ele>834.75</ele></trkpt>
   <trkpt lat="49.18228" lon="13.22488"><ele>833</ele></trkpt>
   <trkpt lat="49.182221" lon="13.224566"><ele>832.75</ele></trkpt>
   <trkpt lat="49.182183" lon="13.224281"><ele>832.25</ele></trkpt>
   <trkpt lat="49.182105" lon="13.223313"><ele>841.25</ele></trkpt>
   <trkpt lat="49.182052" lon="13.222781"><ele>849</ele></trkpt>
   <trkpt lat="49.182003" lon="13.222461"><ele>853.25</ele></trkpt>
   <trkpt lat="49.181934" lon="13.222125"><ele>854.5</ele></trkpt>
   <trkpt lat="49.181843" lon="13.221789"><ele>856.5</ele></trkpt>
   <trkpt lat="49.181747" lon="13.221509"><ele>856.75</ele></trkpt>
   <trkpt lat="49.181625" lon="13.221205"><ele>856.25</ele></trkpt>
   <trkpt lat="49.18149" lon="13.220932"><ele>856.5</ele></trkpt>
   <trkpt lat="49.181358" lon="13.220704"><ele>856</ele></trkpt>
   <trkpt lat="49.181232" lon="13.220528"><ele>855.5</ele></trkpt>
   <trkpt lat="49.181076" lon="13.22033"><ele>855</ele></trkpt>
   <trkpt lat="49.180917" lon="13.22016"><ele>854.5</ele></trkpt>
   <trkpt lat="49.180723" lon="13.219987"><ele>855.75</ele></trkpt>
   <trkpt lat="49.180606" lon="13.219896"><ele>859.25</ele></trkpt>
   <trkpt lat="49.180477" lon="13.219809"><ele>863</ele></trkpt>
   <trkpt lat="49.180256" lon="13.21969"><ele>869.75</ele></trkpt>
   <trkpt lat="49.180086" lon="13.219613"><ele>869.5</ele></trkpt>
   <trkpt lat="49.179788" lon="13.219513"><ele>869.25</ele></trkpt>
   <trkpt lat="49.179637" lon="13.219479"><ele>869.25</ele></trkpt>
   <trkpt lat="49.179362" lon="13.219443"><ele>869</ele></trkpt>
   <trkpt lat="49.179085" lon="13.219442"><ele>868.75</ele></trkpt>
   <trkpt lat="49.166275" lon="13.220699"><ele>860.25</ele></trkpt>
   <trkpt lat="49.165026" lon="13.220885"><ele>859.25</ele></trkpt>
   <trkpt lat="49.164408" lon="13.221034"><ele>859</ele></trkpt>
   <trkpt lat="49.164248" lon="13.221066"><ele>859</ele></trkpt>
   <trkpt lat="49.164105" lon="13.221107"><ele>857.5</ele></trkpt>
   <trkpt lat="49.163798" lon="13.221263"><ele>854</ele></trkpt>
   <trkpt lat="49.163488" lon="13.221446"><ele>850</ele></trkpt>
   <trkpt lat="49.163008" lon="13.221759"><ele>845.25</ele></trkpt>
   <trkpt lat="49.161712" lon="13.222632"><ele>838.5</ele></trkpt>
   <trkpt lat="49.161576" lon="13.222722"><ele>838</ele></trkpt>
   <trkpt lat="49.160744" lon="13.223281"><ele>836.25</ele></trkpt>
   <trkpt lat="49.160629" lon="13.223353"><ele>835.75</ele></trkpt>
   <trkpt lat="49.160103" lon="13.22364"><ele>832.5</ele></trkpt>
   <trkpt lat="49.159783" lon="13.223848"><ele>831.25</ele></trkpt>
   <trkpt lat="49.159348" lon="13.224137"><ele>829.5</ele></trkpt>
   <trkpt lat="49.159024" lon="13.224316"><ele>828.75</ele></trkpt>
   <trkpt lat="49.158864" lon="13.224386"><ele>828.5</ele></trkpt>
   <trkpt lat="49.158756" lon="13.224425"><ele>828</ele></trkpt>
   <trkpt lat="49.15857" lon="13.22447"><ele>827.5</ele></trkpt>
   <trkpt lat="49.158266" lon="13.224495"><ele>826.25</ele></trkpt>
   <trkpt lat="49.15808" lon="13.224494"><ele>825.25</ele></trkpt>
   <trkpt lat="49.15787" lon="13.224455"><ele>824.25</ele></trkpt>
   <trkpt lat="49.157649" lon="13.224391"><ele>823.25</ele></trkpt>
   <trkpt lat="49.157505" lon="13.224329"><ele>822.75</ele></trkpt>
   <trkpt lat="49.157354" lon="13.224247"><ele>821.75</ele></trkpt>
   <trkpt lat="49.157228" lon="13.224167"><ele>821.25</ele></trkpt>
   <trkpt lat="49.157026" lon="13.224009"><ele>820.5</ele></trkpt>
   <trkpt lat="49.156857" lon="13.22385"><ele>820.25</ele></trkpt>
   <trkpt lat="49.156675" lon="13.223633"><ele>820.5</ele></trkpt>
   <trkpt lat="49.156462" lon="13.223328"><ele>820.25</ele></trkpt>
   <trkpt lat="49.156317" lon="13.223077"><ele>819.5</ele></trkpt>
   <trkpt lat="49.156162" lon="13.222769"><ele>819</ele></trkpt>
   <trkpt lat="49.15604" lon="13.222474"><ele>818.5</ele></trkpt>
   <trkpt lat="49.155969" lon="13.222272"><ele>818</ele></trkpt>
   <trkpt lat="49.155924" lon="13.222104"><ele>817.75</ele></trkpt>
   <trkpt lat="49.155851" lon="13.221798"><ele>817</ele></trkpt>
   <trkpt lat="49.155765" lon="13.221267"><ele>817</ele></trkpt>
   <trkpt lat="49.155586" lon="13.219678"><ele>819.25</ele></trkpt>
   <trkpt lat="49.155527" lon="13.219198"><ele>820.5</ele></trkpt>
   <trkpt lat="49.155466" lon="13.2188"><ele>820.75</ele></trkpt>
   <trkpt lat="49.155404" lon="13.218494"><ele>820.75</ele></trkpt>
   <trkpt lat="49.155331" lon="13.218189"><ele>820.5</ele></trkpt>
   <trkpt lat="49.15525" lon="13.217942"><ele>819.5</ele></trkpt>
   <trkpt lat="49.155144" lon="13.217649"><ele>818.25</ele></trkpt>
   <trkpt lat="49.155027" lon="13.217387"><ele>817.5</ele></trkpt>
   <trkpt lat="49.154898" lon="13.217149"><ele>816.75</ele></trkpt>
   <trkpt lat="49.154761" lon="13.216921"><ele>816.25</ele></trkpt>
   <trkpt lat="49.154631" lon="13.216741"><ele>815.5</ele></trkpt>
   <trkpt lat="49.154464" lon="13.216542"><ele>816</ele></trkpt>
   <trkpt lat="49.154325" lon="13.21639"><ele>817.25</ele></trkpt>
   <trkpt lat="49.154177" lon="13.216257"><ele>818.75</ele></trkpt>
   <trkpt lat="49.154013" lon="13.216136"><ele>820.75</ele></trkpt>
   <trkpt lat="49.153823" lon="13.216015"><ele>823</ele></trkpt>
   <trkpt lat="49.153679" lon="13.215939"><ele>824.75</ele></trkpt>
   <trkpt lat="49.15347" lon="13.215856"><ele>827</ele></trkpt>
   <trkpt lat="49.153261" lon="13.215798"><ele>828.75</ele></trkpt>
   <trkpt lat="49.153045" lon="13.215755"><ele>830.25</ele></trkpt>
   <trkpt lat="49.152835" lon="13.215752"><ele>830.5</ele></trkpt>
   <trkpt lat="49.152621" lon="13.215777"><ele>830.25</ele></trkpt>
   <trkpt lat="49.152408" lon="13.215823"><ele>830.25</ele></trkpt>
   <trkpt lat="49.149647" lon="13.216827"><ele>826.25</ele></trkpt>
   <trkpt lat="49.149254" lon="13.216982"><ele>823.5</ele></trkpt>
   <trkpt lat="49.149085" lon="13.217086"><ele>821.5</ele></trkpt>
   <trkpt lat="49.148772" lon="13.217316"><ele>817</ele></trkpt>
   <trkpt lat="49.148647" lon="13.217431"><ele>815</ele></trkpt>
   <trkpt lat="49.148536" lon="13.217538"><ele>813.25</ele></trkpt>
   <trkpt lat="49.14838" lon="13.217739"><ele>811</ele></trkpt>
   <trkpt lat="49.148247" lon="13.217921"><ele>810.5</ele></trkpt>
   <trkpt lat="49.148098" lon="13.218157"><ele>810.25</ele></trkpt>
   <trkpt lat="49.147957" lon="13.218419"><ele>810.5</ele></trkpt>
   <trkpt lat="49.147851" lon="13.218644"><ele>811.25</ele></trkpt>
   <trkpt lat="49.147755" lon="13.218882"><ele>811.5</ele></trkpt>
   <trkpt lat="49.147662" lon="13.219169"><ele>811.75</ele></trkpt>
   <trkpt lat="49.147585" lon="13.219484"><ele>809.25</ele></trkpt>
   <trkpt lat="49.147484" lon="13.220075"><ele>803.75</ele></trkpt>
   <trkpt lat="49.147449" lon="13.220366"><ele>802.5</ele></trkpt>
   <trkpt lat="49.147436" lon="13.220695"><ele>801.25</ele></trkpt>
   <trkpt lat="49.147433" lon="13.220973"><ele>800.25</ele></trkpt>
   <trkpt lat="49.147441" lon="13.22125"><ele>799.25</ele></trkpt>
   <trkpt lat="49.147521" lon="13.222449"><ele>790</ele></trkpt>
   <trkpt lat="49.147539" lon="13.222744"><ele>789</ele></trkpt>
   <trkpt lat="49.147655" lon="13.224395"><ele>786.75</ele></trkpt>
   <trkpt lat="49.147682" lon="13.22472"><ele>786.25</ele></trkpt>
   <trkpt lat="49.147699" lon="13.225044"><ele>785.5</ele></trkpt>
   <trkpt lat="49.147698" lon="13.225378"><ele>784.75</ele></trkpt>
   <trkpt lat="49.147694" lon="13.225703"><ele>784.25</ele></trkpt>
   <trkpt lat="49.14767" lon="13.225997"><ele>783.75</ele></trkpt>
   <trkpt lat="49.147632" lon="13.226306"><ele>783.75</ele></trkpt>
   <trkpt lat="49.147576" lon="13.226605"><ele>783.75</ele></trkpt>
   <trkpt lat="49.147485" lon="13.226962"><ele>785.5</ele></trkpt>
   <trkpt lat="49.147338" lon="13.227393"><ele>788.25</ele></trkpt>
   <trkpt lat="49.147274" lon="13.227537"><ele>789.25</ele></trkpt>
   <trkpt lat="49.147221" lon="13.227659"><ele>790.5</ele></trkpt>
   <trkpt lat="49.147056" lon="13.227975"><ele>793.75</ele></trkpt>
   <trkpt lat="49.146915" lon="13.228211"><ele>796</ele></trkpt>
   <trkpt lat="49.146783" lon="13.228391"><ele>797.5</ele></trkpt>
   <trkpt lat="49.146622" lon="13.228581"><ele>798.5</ele></trkpt>
   <trkpt lat="49.146474" lon="13.228729"><ele>798.75</ele></trkpt>
   <trkpt lat="49.146254" lon="13.228911"><ele>799</ele></trkpt>
   <trkpt lat="49.146052" lon="13.229052"><ele>799.5</ele></trkpt>
   <trkpt lat="49.145707" lon="13.229237"><ele>799.5</ele></trkpt>
   <trkpt lat="49.145493" lon="13.229328"><ele>798.5</ele></trkpt>
   <trkpt lat="49.145312" lon="13.229372"><ele>797.5</ele></trkpt>
   <trkpt lat="49.144982" lon="13.229402"><ele>795.25</ele></trkpt>
   <trkpt lat="49.143329" lon="13.229388"><ele>788.75</ele></trkpt>
   <trkpt lat="49.142701" lon="13.229394"><ele>785.25</ele></trkpt>
   <trkpt lat="49.14241" lon="13.229443"><ele>784</ele></trkpt>
   <trkpt lat="49.142221" lon="13.229499"><ele>783.25</ele></trkpt>
   <trkpt lat="49.142028" lon="13.229588"><ele>782.75</ele></trkpt>
   <trkpt lat="49.141686" lon="13.229811"><ele>782.5</ele></trkpt>
   <trkpt lat="49.141449" lon="13.230008"><ele>783</ele></trkpt>
   <trkpt lat="49.141356" lon="13.230096"><ele>783</ele></trkpt>
   <trkpt lat="49.141022" lon="13.230416"><ele>784.25</ele></trkpt>
   <trkpt lat="49.140799" lon="13.230657"><ele>785.25</ele></trkpt>
   <trkpt lat="49.140606" lon="13.230906"><ele>786</ele></trkpt>
   <trkpt lat="49.140459" lon="13.231132"><ele>786.5</ele></trkpt>
   <trkpt lat="49.140314" lon="13.231387"><ele>787</ele></trkpt>
   <trkpt lat="49.140172" lon="13.231697"><ele>787.75</ele></trkpt>
   <trkpt lat="49.140073" lon="13.231952"><ele>789.5</ele></trkpt>
   <trkpt lat="49.139997" lon="13.232179"><ele>791.5</ele></trkpt>
   <trkpt lat="49.139919" lon="13.232448"><ele>793.75</ele></trkpt>
   <trkpt lat="49.139864" lon="13.232684"><ele>795.25</ele></trkpt>
   <trkpt lat="49.139633" lon="13.233867"><ele>793.25</ele></trkpt>
   <trkpt lat="49.139436" lon="13.234804"><ele>791.75</ele></trkpt>
   <trkpt lat="49.139349" lon="13.235076"><ele>791.25</ele></trkpt>
   <trkpt lat="49.139247" lon="13.235306"><ele>791</ele></trkpt>
   <trkpt lat="49.139036" lon="13.235697"><ele>790</ele></trkpt>
   <trkpt lat="49.138875" lon="13.235932"><ele>789.5</ele></trkpt>
   <trkpt lat="49.138718" lon="13.236114"><ele>789</ele></trkpt>
   <trkpt lat="49.138541" lon="13.236303"><ele>789.25</ele></trkpt>
   <trkpt lat="49.138368" lon="13.23647"><ele>784.5</ele></trkpt>
   <trkpt lat="49.138187" lon="13.236614"><ele>781.75</ele></trkpt>
   <trkpt lat="49.138154" lon="13.23664"><ele>781.25</ele></trkpt>
   <trkpt lat="49.138005" lon="13.236741"><ele>779.75</ele></trkpt>
   <trkpt lat="49.137851" lon="13.236829"><ele>778.25</ele></trkpt>
   <trkpt lat="49.137573" lon="13.236948"><ele>776.25</ele></trkpt>
   <trkpt lat="49.137417" lon="13.236996"><ele>775.5</ele></trkpt>
   <trkpt lat="49.137285" lon="13.237022"><ele>775.5</ele></trkpt>
   <trkpt lat="49.136998" lon="13.237039"><ele>775</ele></trkpt>
   <trkpt lat="49.136785" lon="13.237023"><ele>774.5</ele></trkpt>
   <trkpt lat="49.136607" lon="13.236991"><ele>774.25</ele></trkpt>
   <trkpt lat="49.136357" lon="13.236918"><ele>774.25</ele></trkpt>
   <trkpt lat="49.136059" lon="13.236784"><ele>774</ele></trkpt>
   <trkpt lat="49.136028" lon="13.236764"><ele>774</ele></trkpt>
   <trkpt lat="49.135978" lon="13.236733"><ele>773.75</ele></trkpt>
   <trkpt lat="49.135854" lon="13.236654"><ele>773.75</ele></trkpt>
   <trkpt lat="49.135658" lon="13.236506"><ele>775.25</ele></trkpt>
   <trkpt lat="49.135523" lon="13.236383"><ele>776.25</ele></trkpt>
   <trkpt lat="49.135375" lon="13.236225"><ele>777.25</ele></trkpt>
   <trkpt lat="49.135152" lon="13.235927"><ele>778.75</ele></trkpt>
   <trkpt lat="49.13503" lon="13.235748"><ele>779.25</ele></trkpt>
   <trkpt lat="49.134897" lon="13.235508"><ele>780</ele></trkpt>
   <trkpt lat="49.134768" lon="13.235206"><ele>780.75</ele></trkpt>
   <trkpt lat="49.134668" lon="13.234945"><ele>781.5</ele></trkpt>
   <trkpt lat="49.134583" lon="13.23468"><ele>781.5</ele></trkpt>
   <trkpt lat="49.134523" lon="13.234453"><ele>781.5</ele></trkpt>
   <trkpt lat="49.134459" lon="13.234158"><ele>781.25</ele></trkpt>
   <trkpt lat="49.134362" lon="13.233596"><ele>779</ele></trkpt>
   <trkpt lat="49.134318" lon="13.233245"><ele>777</ele></trkpt>
   <trkpt lat="49.134294" lon="13.232887"><ele>774.25</ele></trkpt>
   <trkpt lat="49.134295" lon="13.232554"><ele>771.25</ele></trkpt>
   <trkpt lat="49.134316" lon="13.232283"><ele>768.5</ele></trkpt>
   <trkpt lat="49.134359" lon="13.231988"><ele>765.5</ele></trkpt>
   <trkpt lat="49.134411" lon="13.231687"><ele>762.5</ele></trkpt>
   <trkpt lat="49.134482" lon="13.231401"><ele>760.25</ele></trkpt>
   <trkpt lat="49.134569" lon="13.231104"><ele>758</ele></trkpt>
   <trkpt lat="49.134662" lon="13.230834"><ele>756.25</ele></trkpt>
   <trkpt lat="49.134792" lon="13.230526"><ele>755.75</ele></trkpt>
   <trkpt lat="49.134948" lon="13.230216"><ele>755.75</ele></trkpt>
   <trkpt lat="49.135231" lon="13.229775"><ele>755</ele></trkpt>
   <trkpt lat="49.135418" lon="13.229488"><ele>754.5</ele></trkpt>
   <trkpt lat="49.135867" lon="13.22878"><ele>754.5</ele></trkpt>
   <trkpt lat="49.135974" lon="13.228585"><ele>754.25</ele></trkpt>
   <trkpt lat="49.13613" lon="13.228257"><ele>753.5</ele></trkpt>
   <trkpt lat="49.136227" lon="13.22803"><ele>752.5</ele></trkpt>
   <trkpt lat="49.136329" lon="13.22773"><ele>751.5</ele></trkpt>
   <trkpt lat="49.136408" lon="13.227465"><ele>750.5</ele></trkpt>
   <trkpt lat="49.136522" lon="13.227006"><ele>748.75</ele></trkpt>
   <trkpt lat="49.136594" lon="13.226576"><ele>747.75</ele></trkpt>
   <trkpt lat="49.136624" lon="13.226313"><ele>747.75</ele></trkpt>
   <trkpt lat="49.136646" lon="13.226017"><ele>747.75</ele></trkpt>
   <trkpt lat="49.136658" lon="13.225687"><ele>748.25</ele></trkpt>
   <trkpt lat="49.136655" lon="13.225305"><ele>749.75</ele></trkpt>
   <trkpt lat="49.136639" lon="13.225028"><ele>750.5</ele></trkpt>
   <trkpt lat="49.136569" lon="13.224491"><ele>752.25</ele></trkpt>
   <trkpt lat="49.136531" lon="13.224249"><ele>753</ele></trkpt>
   <trkpt lat="49.13642" lon="13.223768"><ele>759.75</ele></trkpt>
   <trkpt lat="49.136346" lon="13.223528"><ele>762.5</ele></trkpt>
   <trkpt lat="49.136238" lon="13.223211"><ele>766</ele></trkpt>
   <trkpt lat="49.136134" lon="13.222954"><ele>769</ele></trkpt>
   <trkpt lat="49.136014" lon="13.222694"><ele>770.75</ele></trkpt>
   <trkpt lat="49.135883" lon="13.222453"><ele>771</ele></trkpt>
   <trkpt lat="49.135722" lon="13.222187"><ele>772</ele></trkpt>
   <trkpt lat="49.135544" lon="13.22193"><ele>771.25</ele></trkpt>
   <trkpt lat="49.133832" lon="13.219631"><ele>749.5</ele></trkpt>
   <trkpt lat="49.133656" lon="13.219402"><ele>747</ele></trkpt>
   <trkpt lat="49.133525" lon="13.219244"><ele>745.5</ele></trkpt>
   <trkpt lat="49.133436" lon="13.219144"><ele>744.75</ele></trkpt>
   <trkpt lat="49.133261" lon="13.218976"><ele>744.75</ele></trkpt>
   <trkpt lat="49.133126" lon="13.218862"><ele>746.25</ele></trkpt>
   <trkpt lat="49.132974" lon="13.218754"><ele>748</ele></trkpt>
   <trkpt lat="49.13279" lon="13.218647"><ele>750.5</ele></trkpt>
   <trkpt lat="49.132615" lon="13.218568"><ele>752.75</ele></trkpt>
   <trkpt lat="49.132248" lon="13.21847"><ele>756.75</ele></trkpt>
   <trkpt lat="49.13206" lon="13.218442"><ele>758.25</ele></trkpt>
   <trkpt lat="49.131875" lon="13.218442"><ele>759.25</ele></trkpt>
   <trkpt lat="49.131685" lon="13.21846"><ele>759.75</ele></trkpt>
   <trkpt lat="49.131475" lon="13.218504"><ele>758.5</ele></trkpt>
   <trkpt lat="49.131328" lon="13.218546"><ele>757</ele></trkpt>
   <trkpt lat="49.131046" lon="13.218672"><ele>752.75</ele></trkpt>
   <trkpt lat="49.130704" lon="13.218878"><ele>745</ele></trkpt>
   <trkpt lat="49.130505" lon="13.219004"><ele>740.5</ele></trkpt>
   <trkpt lat="49.129885" lon="13.219382"><ele>733.5</ele></trkpt>
   <trkpt lat="49.129617" lon="13.219555"><ele>731.75</ele></trkpt>
   <trkpt lat="49.129324" lon="13.21972"><ele>730.75</ele></trkpt>
   <trkpt lat="49.129085" lon="13.21982"><ele>730.75</ele></trkpt>
   <trkpt lat="49.1289" lon="13.219872"><ele>732</ele></trkpt>
   <trkpt lat="49.128547" lon="13.21991"><ele>734.5</ele></trkpt>
   <trkpt lat="49.128357" lon="13.219899"><ele>735.5</ele></trkpt>
   <trkpt lat="49.12817" lon="13.219871"><ele>738.25</ele></trkpt>
   <trkpt lat="49.128013" lon="13.219835"><ele>740.5</ele></trkpt>
   <trkpt lat="49.127844" lon="13.219777"><ele>742.25</ele></trkpt>
   <trkpt lat="49.127695" lon="13.219707"><ele>743.5</ele></trkpt>
   <trkpt lat="49.127452" lon="13.219563"><ele>744.5</ele></trkpt>
   <trkpt lat="49.127257" lon="13.219415"><ele>745.75</ele></trkpt>
   <trkpt lat="49.127088" lon="13.219257"><ele>746.5</ele></trkpt>
   <trkpt lat="49.126937" lon="13.219096"><ele>746.75</ele></trkpt>
   <trkpt lat="49.126662" lon="13.218737"><ele>743</ele></trkpt>
   <trkpt lat="49.12605" lon="13.217907"><ele>738.25</ele></trkpt>
   <trkpt lat="49.124639" lon="13.215925"><ele>742.25</ele></trkpt>
   <trkpt lat="49.124194" lon="13.215266"><ele>740.75</ele></trkpt>
   <trkpt lat="49.124052" lon="13.215025"><ele>738</ele></trkpt>
   <trkpt lat="49.123887" lon="13.214684"><ele>735.25</ele></trkpt>
   <trkpt lat="49.123786" lon="13.214438"><ele>733.25</ele></trkpt>
   <trkpt lat="49.123564" lon="13.213937"><ele>730</ele></trkpt>
   <trkpt lat="49.123143" lon="13.212991"><ele>726.5</ele></trkpt>
   <trkpt lat="49.122185" lon="13.210781"><ele>725</ele></trkpt>
   <trkpt lat="49.121887" lon="13.210091"><ele>724.25</ele></trkpt>
   <trkpt lat="49.121878" lon="13.210072"><ele>724.25</ele></trkpt>
  </trkseg>
 </trk>
</gpx>