<?xml version="1.0" encoding="UTF-8"?>
<!-- track-length = 59007 filtered ascend = 213 plain-ascend = -256 cost=59007 energy=.7kwh time=1h 18m 41s -->
<gpx 
 xmlns="http://www.topografix.com/GPX/1/1" 
 xmlns:xsi="http://www.w3.org/2001/XMLSchema-instance" 
 xsi:schemaLocation="http://www.topografix.com/GPX/1/1 http://www.topografix.com/GPX/1/1/gpx.xsd" 
 creator="BRouter-1.7.0" version="1.1">
 <trk>
  <name>Rumburk - Decin</name>
  <trkseg>
   <trkpt lon="14.550405" lat="50.956827"><ele>388.25</ele></trkpt>
   <trkpt lon="14.549988" lat="50.956814"><ele>389.0</ele></trkpt>
   <trkpt lon="14.547658" lat="50.956747"><ele>385.5</ele></trkpt>
   <trkpt lon="14.547508" lat="50.956743"><ele>385.25</ele></trkpt>
   <trkpt lon="14.546786" lat="50.956765"><ele>385.25</ele></trkpt>
   <trkpt lon="14.546072" lat="50.956744"><ele>386.0</ele></trkpt>
   <trkpt lon="14.545763" lat="50.956711"><ele>386.25</ele></trkpt>
   <trkpt lon="14.545466" lat="50.956685"><ele>386.5</ele></trkpt>
   <trkpt lon="14.544935" lat="50.956666"><ele>386.75</ele></trkpt>
   <trkpt lon="14.544350" lat="50.956607"><ele>386.0</ele></trkpt>
   <trkpt lon="14.544101" lat="50.956560"><ele>385.75</ele></trkpt>
   <trkpt lon="14.543919" lat="50.956518"><ele>385.75</ele></trkpt>
   <trkpt lon="14.543747" lat="50.956474"><ele>385.75</ele></trkpt>
   <trkpt lon="14.543387" lat="50.956361"><ele>385.5</ele></trkpt>
   <trkpt lon="14.542119" lat="50.955912"><ele>384.75</ele></trkpt>
   <trkpt lon="14.539682" lat="50.955051"><ele>381.75</ele></trkpt>
   <trkpt lon="14.539376" lat="50.954940"><ele>382.5</ele></trkpt>
   <trkpt lon="14.539044" lat="50.954825"><ele>383.5</ele></trkpt>
   <trkpt lon="14.538830" lat="50.954750"><ele>384.25</ele></trkpt>
   <trkpt lon="14.537010" lat="50.954101"><ele>386.5</ele></trkpt>
   <trkpt lon="14.536529" lat="50.953935"><ele>385.5</ele></trkpt>
   <trkpt lon="14.536005" lat="50.953739"><ele>384.0</ele></trkpt>
   <trkpt lon="14.535627" lat="50.953587"><ele>383.0</ele></trkpt>
   <trkpt lon="14.535413" lat="50.953488"><ele>382.5</ele></trkpt>
   <trkpt lon="14.535188" lat="50.953373"><ele>382.0</ele></trkpt>
   <trkpt lon="14.534878" lat="50.953195"><ele>382.25</ele></trkpt>
   <trkpt lon="14.534655" lat="50.953050"><ele>382.75</ele></trkpt>
   <trkpt lon="14.534541" lat="50.952966"><ele>383.25</ele></trkpt>
   <trkpt lon="14.534293" lat="50.952769"><ele>384.25</ele></trkpt>
   <trkpt lon="14.534068" lat="50.952548"><ele>385.25</ele></trkpt>
   <trkpt lon="14.533934" lat="50.952400"><ele>385.75</ele></trkpt>
   <trkpt lon="14.533794" lat="50.952226"><ele>386.25</ele></trkpt>
   <trkpt lon="14.533671" lat="50.952033"><ele>386.5</ele></trkpt>
   <trkpt lon="14.533487" lat="50.951681"><ele>386.75</ele></trkpt>
   <trkpt lon="14.533413" lat="50.951475"><ele>387.5</ele></trkpt>
   <trkpt lon="14.533352" lat="50.951271"><ele>388.25</ele></trkpt>
   <trkpt lon="14.533302" lat="50.950859"><ele>389.75</ele></trkpt>
   <trkpt lon="14.533316" lat="50.950685"><ele>390.75</ele></trkpt>
   <trkpt lon="14.533316" lat="50.950618"><ele>391.25</ele></trkpt>
   <trkpt lon="14.533343" lat="50.950402"><ele>392.5</ele></trkpt>
   <trkpt lon="14.533412" lat="50.950156"><ele>393.75</ele></trkpt>
   <trkpt lon="14.533503" lat="50.949893"><ele>395.0</ele></trkpt>
   <trkpt lon="14.533749" lat="50.949414"><ele>395.75</ele></trkpt>
   <trkpt lon="14.534035" lat="50.948919"><ele>396.5</ele></trkpt>
   <trkpt lon="14.534188" lat="50.948612"><ele>396.5</ele></trkpt>
   <trkpt lon="14.534241" lat="50.948470"><ele>396.5</ele></trkpt>
   <trkpt lon="14.534328" lat="50.948211"><ele>396.5</ele></trkpt>
   <trkpt lon="14.534408" lat="50.947841"><ele>397.0</ele></trkpt>
   <trkpt lon="14.534953" lat="50.944472"><ele>411.75</ele></trkpt>
   <trkpt lon="14.535099" lat="50.943626"><ele>415.0</ele></trkpt>
   <trkpt lon="14.535269" lat="50.942481"><ele>417.75</ele></trkpt>
   <trkpt lon="14.535533" lat="50.940833"><ele>422.0</ele></trkpt>
   <trkpt lon="14.535550" lat="50.940552"><ele>422.75</ele></trkpt>
   <trkpt lon="14.535552" lat="50.940300"><ele>423.5</ele></trkpt>
   <trkpt lon="14.535528" lat="50.940101"><ele>424.25</ele></trkpt>
   <trkpt lon="14.535477" lat="50.939861"><ele>424.5</ele></trkpt>
   <trkpt lon="14.535416" lat="50.939671"><ele>424.5</ele></trkpt>
   <trkpt lon="14.535317" lat="50.939443"><ele>424.25</ele></trkpt>
   <trkpt lon="14.535219" lat="50.939265"><ele>424.0</ele></trkpt>
   <trkpt lon="14.535061" lat="50.939016"><ele>424.0</ele></trkpt>
   <trkpt lon="14.534932" lat="50.938850"><ele>424.75</ele></trkpt>
   <trkpt lon="14.534761" lat="50.938660"><ele>425.75</ele></trkpt>
   <trkpt lon="14.534575" lat="50.938482"><ele>426.5</ele></trkpt>
   <trkpt lon="14.534341" lat="50.938297"><ele>426.75</ele></trkpt>
   <trkpt lon="14.534110" lat="50.938131"><ele>425.5</ele></trkpt>
   <trkpt lon="14.533835" lat="50.937960"><ele>424.0</ele></trkpt>
   <trkpt lon="14.533271" lat="50.937671"><ele>421.5</ele></trkpt>
   <trkpt lon="14.532979" lat="50.937551"><ele>422.0</ele></trkpt>
   <trkpt lon="14.532596" lat="50.937399"><ele>423.5</ele></trkpt>
   <trkpt lon="14.532058" lat="50.937205"><ele>425.5</ele></trkpt>
   <trkpt lon="14.531391" lat="50.936953"><ele>427.25</ele></trkpt>
   <trkpt lon="14.530085" lat="50.936489"><ele>430.75</ele></trkpt>
   <trkpt lon="14.528387" lat="50.935873"><ele>426.25</ele></trkpt>
   <trkpt lon="14.527815" lat="50.935635"><ele>426.0</ele></trkpt>
   <trkpt lon="14.527527" lat="50.935499"><ele>426.25</ele></trkpt>
   <trkpt lon="14.527277" lat="50.935358"><ele>426.25</ele></trkpt>
   <trkpt lon="14.527029" lat="50.935210"><ele>426.75</ele></trkpt>
   <trkpt lon="14.526802" lat="50.935054"><ele>427.25</ele></trkpt>
   <trkpt lon="14.526578" lat="50.934872"><ele>429.75</ele></trkpt>
   <trkpt lon="14.526328" lat="50.934646"><ele>433.5</ele></trkpt>
   <trkpt lon="14.525994" lat="50.934319"><ele>439.0</ele></trkpt>
   <trkpt lon="14.525687" lat="50.933997"><ele>441.5</ele></trkpt>
   <trkpt lon="14.525404" lat="50.933722"><ele>440.75</ele></trkpt>
   <trkpt lon="14.524981" lat="50.933341"><ele>438.0</ele></trkpt>
   <trkpt lon="14.524610" lat="50.933024"><ele>437.25</ele></trkpt>
   <trkpt lon="14.524485" lat="50.932931"><ele>437.25</ele></trkpt>
   <trkpt lon="14.524209" lat="50.932724"><ele>437.25</ele></trkpt>
   <trkpt lon="14.523725" lat="50.932400"><ele>437.75</ele></trkpt>
   <trkpt lon="14.523036" lat="50.931989"><ele>439.0</ele></trkpt>
   <trkpt lon="14.522333" lat="50.931582"><ele>439.75</ele></trkpt>
   <trkpt lon="14.521767" lat="50.931269"><ele>439.75</ele></trkpt>
   <trkpt lon="14.519862" lat="50.930182"><ele>450.75</ele></trkpt>
   <trkpt lon="14.519400" lat="50.929941"><ele>449.25</ele></trkpt>
   <trkpt lon="14.519235" lat="50.929863"><ele>448.75</ele></trkpt>
   <trkpt lon="14.519060" lat="50.929789"><ele>448.0</ele></trkpt>
   <trkpt lon="14.518650" lat="50.929640"><ele>446.75</ele></trkpt>
   <trkpt lon="14.518383" lat="50.929555"><ele>445.75</ele></trkpt>
   <trkpt lon="14.517777" lat="50.929405"><ele>446.25</ele></trkpt>
   <trkpt lon="14.517433" lat="50.929339"><ele>446.75</ele></trkpt>
   <trkpt lon="14.516629" lat="50.929214"><ele>448.0</ele></trkpt>
   <trkpt lon="14.515963" lat="50.929103"><ele>450.75</ele></trkpt>
   <trkpt lon="14.515402" lat="50.928980"><ele>452.25</ele></trkpt>
   <trkpt lon="14.515105" lat="50.928893"><ele>452.75</ele></trkpt>
   <trkpt lon="14.514841" lat="50.928805"><ele>453.5</ele></trkpt>
   <trkpt lon="14.514549" lat="50.928695"><ele>454.5</ele></trkpt>
   <trkpt lon="14.514090" lat="50.928499"><ele>454.75</ele></trkpt>
   <trkpt lon="14.512140" lat="50.927613"><ele>449.75</ele></trkpt>
   <trkpt lon="14.511564" lat="50.927335"><ele>445.75</ele></trkpt>
   <trkpt lon="14.511085" lat="50.927081"><ele>444.0</ele></trkpt>
   <trkpt lon="14.510870" lat="50.926958"><ele>443.5</ele></trkpt>
   <trkpt lon="14.510650" lat="50.926806"><ele>443.25</ele></trkpt>
   <trkpt lon="14.510575" lat="50.926753"><ele>443.0</ele></trkpt>
   <trkpt lon="14.510232" lat="50.926492"><ele>443.25</ele></trkpt>
   <trkpt lon="14.510046" lat="50.926327"><ele>443.75</ele></trkpt>
   <trkpt lon="14.509743" lat="50.926019"><ele>445.5</ele></trkpt>
   <trkpt lon="14.509560" lat="50.925792"><ele>446.25</ele></trkpt>
   <trkpt lon="14.509396" lat="50.925563"><ele>446.5</ele></trkpt>
   <trkpt lon="14.509150" lat="50.925117"><ele>446.25</ele></trkpt>
   <trkpt lon="14.509067" lat="50.924918"><ele>446.0</ele></trkpt>
   <trkpt lon="14.508991" lat="50.924673"><ele>445.5</ele></trkpt>
   <trkpt lon="14.508938" lat="50.924433"><ele>445.0</ele></trkpt>
   <trkpt lon="14.508893" lat="50.924060"><ele>444.25</ele></trkpt>
   <trkpt lon="14.508889" lat="50.923889"><ele>444.5</ele></trkpt>
   <trkpt lon="14.508907" lat="50.923481"><ele>445.0</ele></trkpt>
   <trkpt lon="14.508936" lat="50.923276"><ele>445.25</ele></trkpt>
   <trkpt lon="14.508973" lat="50.923131"><ele>445.25</ele></trkpt>
   <trkpt lon="14.509022" lat="50.922987"><ele>445.5</ele></trkpt>
   <trkpt lon="14.509083" lat="50.922844"><ele>445.5</ele></trkpt>
   <trkpt lon="14.509270" lat="50.922529"><ele>445.5</ele></trkpt>
   <trkpt lon="14.509376" lat="50.922372"><ele>446.0</ele></trkpt>
   <trkpt lon="14.509612" lat="50.922098"><ele>446.75</ele></trkpt>
   <trkpt lon="14.510316" lat="50.921292"><ele>450.0</ele></trkpt>
   <trkpt lon="14.512691" lat="50.918565"><ele>448.5</ele></trkpt>
   <trkpt lon="14.513202" lat="50.917988"><ele>448.25</ele></trkpt>
   <trkpt lon="14.513589" lat="50.917527"><ele>448.75</ele></trkpt>
   <trkpt lon="14.513708" lat="50.917339"><ele>449.0</ele></trkpt>
   <trkpt lon="14.513823" lat="50.917177"><ele>449.25</ele></trkpt>
   <trkpt lon="14.514168" lat="50.916777"><ele>450.0</ele></trkpt>
   <trkpt lon="14.514433" lat="50.916528"><ele>450.75</ele></trkpt>
   <trkpt lon="14.514562" lat="50.916427"><ele>451.25</ele></trkpt>
   <trkpt lon="14.514912" lat="50.916206"><ele>452.25</ele></trkpt>
   <trkpt lon="14.515115" lat="50.916098"><ele>452.5</ele></trkpt>
   <trkpt lon="14.515300" lat="50.916011"><ele>452.5</ele></trkpt>
   <trkpt lon="14.515533" lat="50.915917"><ele>452.25</ele></trkpt>
   <trkpt lon="14.515919" lat="50.915791"><ele>451.5</ele></trkpt>
   <trkpt lon="14.516197" lat="50.915722"><ele>451.25</ele></trkpt>
   <trkpt lon="14.516420" lat="50.915675"><ele>451.0</ele></trkpt>
   <trkpt lon="14.517209" lat="50.915528"><ele>450.5</ele></trkpt>
   <trkpt lon="14.517511" lat="50.915456"><ele>450.0</ele></trkpt>
   <trkpt lon="14.517766" lat="50.915382"><ele>449.75</ele></trkpt>
   <trkpt lon="14.517994" lat="50.915304"><ele>449.5</ele></trkpt>
   <trkpt lon="14.518360" lat="50.915145"><ele>448.75</ele></trkpt>
   <trkpt lon="14.518493" lat="50.915075"><ele>448.25</ele></trkpt>
   <trkpt lon="14.518673" lat="50.914975"><ele>447.25</ele></trkpt>
   <trkpt lon="14.518820" lat="50.914881"><ele>446.5</ele></trkpt>
   <trkpt lon="14.519062" lat="50.914715"><ele>445.75</ele></trkpt>
   <trkpt lon="14.519239" lat="50.914570"><ele>445.5</ele></trkpt>
   <trkpt lon="14.519377" lat="50.914444"><ele>445.5</ele></trkpt>
   <trkpt lon="14.519561" lat="50.914271"><ele>445.75</ele></trkpt>
   <trkpt lon="14.519722" lat="50.914094"><ele>446.5</ele></trkpt>
   <trkpt lon="14.519832" lat="50.913945"><ele>447.0</ele></trkpt>
   <trkpt lon="14.519930" lat="50.913795"><ele>447.5</ele></trkpt>
   <trkpt lon="14.520013" lat="50.913631"><ele>448.0</ele></trkpt>
   <trkpt lon="14.520112" lat="50.913379"><ele>448.75</ele></trkpt>
   <trkpt lon="14.520156" lat="50.913181"><ele>448.75</ele></trkpt>
   <trkpt lon="14.520175" lat="50.913029"><ele>448.75</ele></trkpt>
   <trkpt lon="14.520181" lat="50.912879"><ele>448.5</ele></trkpt>
   <trkpt lon="14.520156" lat="50.912634"><ele>448.0</ele></trkpt>
   <trkpt lon="14.520123" lat="50.912490"><ele>447.75</ele></trkpt>
   <trkpt lon="14.520029" lat="50.912224"><ele>448.25</ele></trkpt>
   <trkpt lon="14.519934" lat="50.912033"><ele>449.0</ele></trkpt>
   <trkpt lon="14.519821" lat="50.911862"><ele>450.0</ele></trkpt>
   <trkpt lon="14.519701" lat="50.911705"><ele>450.75</ele></trkpt>
   <trkpt lon="14.519466" lat="50.911454"><ele>452.75</ele></trkpt>
   <trkpt lon="14.519166" lat="50.911216"><ele>454.75</ele></trkpt>
   <trkpt lon="14.518994" lat="50.911096"><ele>455.75</ele></trkpt>
   <trkpt lon="14.518801" lat="50.910985"><ele>456.5</ele></trkpt>
   <trkpt lon="14.518588" lat="50.910877"><ele>457.5</ele></trkpt>
   <trkpt lon="14.518368" lat="50.910778"><ele>458.5</ele></trkpt>
   <trkpt lon="14.518140" lat="50.910690"><ele>459.75</ele></trkpt>
   <trkpt lon="14.517930" lat="50.910620"><ele>460.75</ele></trkpt>
   <trkpt lon="14.517707" lat="50.910552"><ele>461.5</ele></trkpt>
   <trkpt lon="14.517439" lat="50.910494"><ele>462.0</ele></trkpt>
   <trkpt lon="14.516888" lat="50.910402"><ele>462.75</ele></trkpt>
   <trkpt lon="14.516568" lat="50.910361"><ele>462.5</ele></trkpt>
   <trkpt lon="14.515407" lat="50.910232"><ele>460.75</ele></trkpt>
   <trkpt lon="14.515029" lat="50.910174"><ele>460.25</ele></trkpt>
   <trkpt lon="14.514742" lat="50.910116"><ele>459.75</ele></trkpt>
   <trkpt lon="14.514450" lat="50.910045"><ele>459.5</ele></trkpt>
   <trkpt lon="14.514266" lat="50.909993"><ele>459.25</ele></trkpt>
   <trkpt lon="14.514016" lat="50.909903"><ele>458.5</ele></trkpt>
   <trkpt lon="14.513755" lat="50.909800"><ele>457.75</ele></trkpt>
   <trkpt lon="14.513563" lat="50.909712"><ele>457.25</ele></trkpt>
   <trkpt lon="14.513379" lat="50.909616"><ele>457.0</ele></trkpt>
   <trkpt lon="14.513138" lat="50.909457"><ele>457.25</ele></trkpt>
   <trkpt lon="14.512859" lat="50.909248"><ele>458.0</ele></trkpt>
   <trkpt lon="14.512565" lat="50.908973"><ele>459.0</ele></trkpt>
   <trkpt lon="14.512442" lat="50.908825"><ele>459.25</ele></trkpt>
   <trkpt lon="14.512340" lat="50.908682"><ele>459.25</ele></trkpt>
   <trkpt lon="14.512298" lat="50.908617"><ele>459.25</ele></trkpt>
   <trkpt lon="14.512188" lat="50.908399"><ele>459.0</ele></trkpt>
   <trkpt lon="14.512141" lat="50.908273"><ele>459.0</ele></trkpt>
   <trkpt lon="14.512098" lat="50.908127"><ele>458.75</ele></trkpt>
   <trkpt lon="14.512044" lat="50.907755"><ele>458.0</ele></trkpt>
   <trkpt lon="14.512053" lat="50.907535"><ele>457.75</ele></trkpt>
   <trkpt lon="14.512081" lat="50.907254"><ele>457.5</ele></trkpt>
   <trkpt lon="14.512273" lat="50.906060"><ele>457.25</ele></trkpt>
   <trkpt lon="14.512281" lat="50.906008"><ele>457.25</ele></trkpt>
   <trkpt lon="14.512567" lat="50.904272"><ele>457.25</ele></trkpt>
   <trkpt lon="14.512614" lat="50.904075"><ele>457.25</ele></trkpt>
   <trkpt lon="14.512638" lat="50.903997"><ele>457.5</ele></trkpt>
   <trkpt lon="14.512728" lat="50.903696"><ele>457.75</ele></trkpt>
   <trkpt lon="14.512829" lat="50.903443"><ele>458.25</ele></trkpt>
   <trkpt lon="14.513426" lat="50.902129"><ele>462.75</ele></trkpt>
   <trkpt lon="14.514102" lat="50.900681"><ele>463.75</ele></trkpt>
   <trkpt lon="14.514392" lat="50.900065"><ele>463.0</ele></trkpt>
   <trkpt lon="14.514564" lat="50.899661"><ele>462.5</ele></trkpt>
   <trkpt lon="14.514769" lat="50.899212"><ele>462.0</ele></trkpt>
   <trkpt lon="14.514931" lat="50.898811"><ele>461.0</ele></trkpt>
   <trkpt lon="14.515067" lat="50.898388"><ele>460.0</ele></trkpt>
   <trkpt lon="14.515185" lat="50.897986"><ele>458.75</ele></trkpt>
   <trkpt lon="14.515288" lat="50.897585"><ele>457.5</ele></trkpt>
   <trkpt lon="14.515379" lat="50.897137"><ele>457.25</ele></trkpt>
   <trkpt lon="14.515600" lat="50.895879"><ele>457.0</ele></trkpt>
   <trkpt lon="14.515671" lat="50.895529"><ele>457.25</ele></trkpt>
   <trkpt lon="14.515688" lat="50.895432"><ele>457.5</ele></trkpt>
   <trkpt lon="14.516134" lat="50.892915"><ele>457.25</ele></trkpt>
   <trkpt lon="14.516151" lat="50.892823"><ele>457.5</ele></trkpt>
   <trkpt lon="14.516595" lat="50.890384"><ele>464.25</ele></trkpt>
   <trkpt lon="14.516709" lat="50.889696"><ele>465.5</ele></trkpt>
   <trkpt lon="14.516727" lat="50.889503"><ele>466.0</ele></trkpt>
   <trkpt lon="14.516723" lat="50.889008"><ele>467.5</ele></trkpt>
   <trkpt lon="14.516660" lat="50.888553"><ele>469.0</ele></trkpt>
   <trkpt lon="14.516612" lat="50.888362"><ele>469.75</ele></trkpt>
   <trkpt lon="14.516479" lat="50.888007"><ele>469.5</ele></trkpt>
   <trkpt lon="14.516349" lat="50.887743"><ele>469.0</ele></trkpt>
   <trkpt lon="14.515780" lat="50.886777"><ele>467.0</ele></trkpt>
   <trkpt lon="14.515727" lat="50.886691"><ele>467.0</ele></trkpt>
   <trkpt lon="14.515516" lat="50.886345"><ele>466.25</ele></trkpt>
   <trkpt lon="14.515412" lat="50.886190"><ele>466.0</ele></trkpt>
   <trkpt lon="14.515297" lat="50.886027"><ele>465.75</ele></trkpt>
   <trkpt lon="14.515107" lat="50.885808"><ele>465.75</ele></trkpt>
   <trkpt lon="14.514841" lat="50.885551"><ele>465.5</ele></trkpt>
   <trkpt lon="14.514579" lat="50.885336"><ele>465.75</ele></trkpt>
   <trkpt lon="14.514259" lat="50.885112"><ele>466.0</ele></trkpt>
   <trkpt lon="14.513954" lat="50.884932"><ele>466.0</ele></trkpt>
   <trkpt lon="14.513741" lat="50.884822"><ele>465.75</ele></trkpt>
   <trkpt lon="14.513117" lat="50.884536"><ele>465.5</ele></trkpt>
   <trkpt lon="14.512956" lat="50.884466"><ele>465.5</ele></trkpt>
   <trkpt lon="14.512851" lat="50.884417"><ele>465.25</ele></trkpt>
   <trkpt lon="14.512724" lat="50.884358"><ele>465.25</ele></trkpt>
   <trkpt lon="14.512154" lat="50.884095"><ele>465.0</ele></trkpt>
   <trkpt lon="14.511160" lat="50.883680"><ele>465.0</ele></trkpt>
   <trkpt lon="14.509964" lat="50.883118"><ele>463.75</ele></trkpt>
   <trkpt lon="14.509781" lat="50.883033"><ele>463.75</ele></trkpt>
   <trkpt lon="14.507169" lat="50.881818"><ele>463.5</ele></trkpt>
   <trkpt lon="14.506010" lat="50.881268"><ele>465.0</ele></trkpt>
   <trkpt lon="14.505754" lat="50.881135"><ele>465.25</ele></trkpt>
   <trkpt lon="14.505536" lat="50.881008"><ele>465.25</ele></trkpt>
   <trkpt lon="14.505294" lat="50.880872"><ele>465.0</ele></trkpt>
   <trkpt lon="14.504913" lat="50.880659"><ele>465.25</ele></trkpt>
   <trkpt lon="14.504464" lat="50.880344"><ele>467.0</ele></trkpt>
   <trkpt lon="14.504273" lat="50.880191"><ele>467.25</ele></trkpt>
   <trkpt lon="14.504083" lat="50.880019"><ele>467.25</ele></trkpt>
   <trkpt lon="14.503898" lat="50.879828"><ele>467.5</ele></trkpt>
   <trkpt lon="14.503721" lat="50.879624"><ele>467.5</ele></trkpt>
   <trkpt lon="14.503583" lat="50.879454"><ele>467.25</ele></trkpt>
   <trkpt lon="14.503446" lat="50.879265"><ele>467.0</ele></trkpt>
   <trkpt lon="14.503302" lat="50.879034"><ele>467.25</ele></trkpt>
   <trkpt lon="14.503199" lat="50.878837"><ele>467.75</ele></trkpt>
   <trkpt lon="14.503093" lat="50.878602"><ele>468.25</ele></trkpt>
   <trkpt lon="14.503009" lat="50.878378"><ele>468.5</ele></trkpt>
   <trkpt lon="14.502959" lat="50.878177"><ele>469.25</ele></trkpt>
   <trkpt lon="14.502918" lat="50.877947"><ele>469.75</ele></trkpt>
   <trkpt lon="14.502899" lat="50.877825"><ele>470.25</ele></trkpt>
   <trkpt lon="14.502878" lat="50.877611"><ele>470.75</ele></trkpt>
   <trkpt lon="14.502873" lat="50.877395"><ele>471.25</ele></trkpt>
   <trkpt lon="14.502892" lat="50.877173"><ele>472.0</ele></trkpt>
   <trkpt lon="14.502934" lat="50.876915"><ele>472.5</ele></trkpt>
   <trkpt lon="14.503029" lat="50.876454"><ele>472.5</ele></trkpt>
   <trkpt lon="14.503147" lat="50.875795"><ele>471.5</ele></trkpt>
   <trkpt lon="14.503168" lat="50.875461"><ele>471.25</ele></trkpt>
   <trkpt lon="14.503166" lat="50.875278"><ele>471.0</ele></trkpt>
   <trkpt lon="14.503142" lat="50.875077"><ele>470.75</ele></trkpt>
   <trkpt lon="14.503106" lat="50.874884"><ele>471.5</ele></trkpt>
   <trkpt lon="14.502970" lat="50.874524"><ele>474.25</ele></trkpt>
   <trkpt lon="14.502835" lat="50.874250"><ele>475.75</ele></trkpt>
   <trkpt lon="14.502684" lat="50.874035"><ele>476.5</ele></trkpt>
   <trkpt lon="14.502047" lat="50.873196"><ele>478.5</ele></trkpt>
   <trkpt lon="14.501913" lat="50.872997"><ele>478.5</ele></trkpt>
   <trkpt lon="14.501709" lat="50.872602"><ele>479.5</ele></trkpt>
   <trkpt lon="14.501631" lat="50.872413"><ele>479.25</ele></trkpt>
   <trkpt lon="14.501524" lat="50.872054"><ele>478.0</ele></trkpt>
   <trkpt lon="14.501486" lat="50.871859"><ele>478.0</ele></trkpt>
   <trkpt lon="14.501469" lat="50.871693"><ele>478.0</ele></trkpt>
   <trkpt lon="14.501463" lat="50.871280"><ele>478.5</ele></trkpt>
   <trkpt lon="14.501490" lat="50.871065"><ele>479.25</ele></trkpt>
   <trkpt lon="14.501536" lat="50.870857"><ele>480.0</ele></trkpt>
   <trkpt lon="14.501611" lat="50.870597"><ele>480.5</ele></trkpt>
   <trkpt lon="14.501882" lat="50.869841"><ele>481.0</ele></trkpt>
   <trkpt lon="14.502222" lat="50.868959"><ele>482.0</ele></trkpt>
   <trkpt lon="14.502533" lat="50.868152"><ele>482.25</ele></trkpt>
   <trkpt lon="14.502655" lat="50.867865"><ele>482.0</ele></trkpt>
   <trkpt lon="14.502725" lat="50.867734"><ele>482.0</ele></trkpt>
   <trkpt lon="14.502753" lat="50.867687"><ele>482.0</ele></trkpt>
   <trkpt lon="14.502825" lat="50.867565"><ele>482.0</ele></trkpt>
   <trkpt lon="14.502959" lat="50.867368"><ele>482.0</ele></trkpt>
   <trkpt lon="14.503122" lat="50.867165"><ele>482.5</ele></trkpt>
   <trkpt lon="14.503262" lat="50.867009"><ele>482.75</ele></trkpt>
   <trkpt lon="14.503413" lat="50.866868"><ele>483.5</ele></trkpt>
   <trkpt lon="14.503597" lat="50.866711"><ele>484.25</ele></trkpt>
   <trkpt lon="14.503801" lat="50.866559"><ele>485.0</ele></trkpt>
   <trkpt lon="14.504004" lat="50.866426"><ele>485.75</ele></trkpt>
   <trkpt lon="14.504252" lat="50.866278"><ele>487.0</ele></trkpt>
   <trkpt lon="14.504471" lat="50.866164"><ele>488.5</ele></trkpt>
   <trkpt lon="14.504710" lat="50.866049"><ele>490.5</ele></trkpt>
   <trkpt lon="14.504959" lat="50.865943"><ele>492.75</ele></trkpt>
   <trkpt lon="14.505229" lat="50.865844"><ele>493.75</ele></trkpt>
   <trkpt lon="14.505491" lat="50.865759"><ele>493.5</ele></trkpt>
   <trkpt lon="14.506018" lat="50.865621"><ele>493.0</ele></trkpt>
   <trkpt lon="14.506338" lat="50.865561"><ele>493.0</ele></trkpt>
   <trkpt lon="14.506648" lat="50.865512"><ele>493.0</ele></trkpt>
   <trkpt lon="14.507293" lat="50.865444"><ele>492.5</ele></trkpt>
   <trkpt lon="14.507944" lat="50.865403"><ele>492.75</ele></trkpt>
   <trkpt lon="14.508884" lat="50.865367"><ele>493.0</ele></trkpt>
   <trkpt lon="14.509661" lat="50.865364"><ele>492.75</ele></trkpt>
   <trkpt lon="14.510005" lat="50.865382"><ele>493.0</ele></trkpt>
   <trkpt lon="14.510326" lat="50.865407"><ele>492.25</ele></trkpt>
   <trkpt lon="14.510681" lat="50.865447"><ele>491.75</ele></trkpt>
   <trkpt lon="14.510980" lat="50.865499"><ele>491.5</ele></trkpt>
   <trkpt lon="14.511268" lat="50.865557"><ele>491.25</ele></trkpt>
   <trkpt lon="14.511588" lat="50.865641"><ele>491.5</ele></trkpt>
   <trkpt lon="14.511891" lat="50.865734"><ele>492.0</ele></trkpt>
   <trkpt lon="14.512498" lat="50.865945"><ele>494.0</ele></trkpt>
   <trkpt lon="14.513273" lat="50.866245"><ele>497.5</ele></trkpt>
   <trkpt lon="14.513876" lat="50.866517"><ele>498.75</ele></trkpt>
   <trkpt lon="14.514246" lat="50.866722"><ele>499.0</ele></trkpt>
   <trkpt lon="14.514571" lat="50.866926"><ele>499.5</ele></trkpt>
   <trkpt lon="14.514891" lat="50.867141"><ele>500.25</ele></trkpt>
   <trkpt lon="14.515940" lat="50.867870"><ele>498.5</ele></trkpt>
   <trkpt lon="14.516195" lat="50.868032"><ele>497.75</ele></trkpt>
   <trkpt lon="14.516411" lat="50.868151"><ele>497.25</ele></trkpt>
   <trkpt lon="14.516853" lat="50.868358"><ele>497.5</ele></trkpt>
   <trkpt lon="14.517102" lat="50.868449"><ele>498.25</ele></trkpt>
   <trkpt lon="14.517408" lat="50.868546"><ele>498.75</ele></trkpt>
   <trkpt lon="14.517716" lat="50.868627"><ele>498.75</ele></trkpt>
   <trkpt lon="14.518067" lat="50.868706"><ele>498.5</ele></trkpt>
   <trkpt lon="14.518407" lat="50.868761"><ele>498.0</ele></trkpt>
   <trkpt lon="14.518677" lat="50.868793"><ele>498.75</ele></trkpt>
   <trkpt lon="14.518994" lat="50.868814"><ele>499.0</ele></trkpt>
   <trkpt lon="14.519471" lat="50.868824"><ele>499.0</ele></trkpt>
   <trkpt lon="14.519748" lat="50.868812"><ele>498.75</ele></trkpt>
   <trkpt lon="14.520137" lat="50.868776"><ele>498.5</ele></trkpt>
   <trkpt lon="14.520504" lat="50.868717"><ele>498.5</ele></trkpt>
   <trkpt lon="14.521220" lat="50.868545"><ele>498.25</ele></trkpt>
   <trkpt lon="14.521539" lat="50.868451"><ele>498.0</ele></trkpt>
   <trkpt lon="14.521893" lat="50.868334"><ele>496.5</ele></trkpt>
   <trkpt lon="14.522309" lat="50.868199"><ele>495.5</ele></trkpt>
   <trkpt lon="14.523632" lat="50.867751"><ele>493.25</ele></trkpt>
   <trkpt lon="14.524920" lat="50.867319"><ele>493.0</ele></trkpt>
   <trkpt lon="14.525559" lat="50.867127"><ele>492.5</ele></trkpt>
   <trkpt lon="14.526110" lat="50.866954"><ele>492.0</ele></trkpt>
   <trkpt lon="14.527723" lat="50.866417"><ele>488.5</ele></trkpt>
   <trkpt lon="14.528413" lat="50.866172"><ele>488.25</ele></trkpt>
   <trkpt lon="14.528699" lat="50.866053"><ele>488.5</ele></trkpt>
   <trkpt lon="14.528987" lat="50.865904"><ele>489.25</ele></trkpt>
   <trkpt lon="14.529178" lat="50.865795"><ele>490.0</ele></trkpt>
   <trkpt lon="14.529364" lat="50.865682"><ele>491.25</ele></trkpt>
   <trkpt lon="14.529556" lat="50.865551"><ele>493.0</ele></trkpt>
   <trkpt lon="14.529823" lat="50.865345"><ele>495.5</ele></trkpt>
   <trkpt lon="14.530074" lat="50.865103"><ele>498.75</ele></trkpt>
   <trkpt lon="14.530378" lat="50.864764"><ele>501.25</ele></trkpt>
   <trkpt lon="14.530766" lat="50.864179"><ele>503.5</ele></trkpt>
   <trkpt lon="14.531127" lat="50.863599"><ele>506.25</ele></trkpt>
   <trkpt lon="14.531628" lat="50.862817"><ele>509.75</ele></trkpt>
   <trkpt lon="14.531781" lat="50.862547"><ele>510.5</ele></trkpt>
   <trkpt lon="14.531854" lat="50.862381"><ele>511.75</ele></trkpt>
   <trkpt lon="14.531927" lat="50.862178"><ele>513.25</ele></trkpt>
   <trkpt lon="14.531971" lat="50.862006"><ele>514.5</ele></trkpt>
   <trkpt lon="14.532011" lat="50.861765"><ele>515.75</ele></trkpt>
   <trkpt lon="14.532018" lat="50.861591"><ele>516.0</ele></trkpt>
   <trkpt lon="14.531965" lat="50.861120"><ele>514.75</ele></trkpt>
   <trkpt lon="14.531895" lat="50.860749"><ele>513.75</ele></trkpt>
   <trkpt lon="14.531851" lat="50.860449"><ele>513.25</ele></trkpt>
   <trkpt lon="14.531836" lat="50.860251"><ele>513.25</ele></trkpt>
   <trkpt lon="14.531856" lat="50.860029"><ele>513.75</ele></trkpt>
   <trkpt lon="14.531898" lat="50.859818"><ele>513.5</ele></trkpt>
   <trkpt lon="14.531956" lat="50.859617"><ele>513.0</ele></trkpt>
   <trkpt lon="14.532046" lat="50.859400"><ele>513.0</ele></trkpt>
   <trkpt lon="14.532507" lat="50.858523"><ele>513.5</ele></trkpt>
   <trkpt lon="14.532684" lat="50.858108"><ele>514.25</ele></trkpt>
   <trkpt lon="14.532727" lat="50.857934"><ele>514.25</ele></trkpt>
   <trkpt lon="14.532747" lat="50.857807"><ele>514.25</ele></trkpt>
   <trkpt lon="14.532760" lat="50.857623"><ele>514.0</ele></trkpt>
   <trkpt lon="14.532744" lat="50.857369"><ele>514.25</ele></trkpt>
   <trkpt lon="14.532713" lat="50.857215"><ele>514.75</ele></trkpt>
   <trkpt lon="14.532660" lat="50.857031"><ele>515.0</ele></trkpt>
   <trkpt lon="14.532579" lat="50.856861"><ele>514.75</ele></trkpt>
   <trkpt lon="14.532441" lat="50.856618"><ele>514.25</ele></trkpt>
   <trkpt lon="14.532221" lat="50.856302"><ele>513.0</ele></trkpt>
   <trkpt lon="14.531921" lat="50.855937"><ele>512.75</ele></trkpt>
   <trkpt lon="14.531661" lat="50.855536"><ele>512.25</ele></trkpt>
   <trkpt lon="14.531577" lat="50.855367"><ele>511.75</ele></trkpt>
   <trkpt lon="14.531504" lat="50.855194"><ele>511.25</ele></trkpt>
   <trkpt lon="14.531321" lat="50.854610"><ele>511.75</ele></trkpt>
   <trkpt lon="14.531072" lat="50.853717"><ele>514.75</ele></trkpt>
   <trkpt lon="14.530982" lat="50.853311"><ele>516.75</ele></trkpt>
   <trkpt lon="14.530962" lat="50.853127"><ele>516.75</ele></trkpt>
   <trkpt lon="14.530947" lat="50.852734"><ele>517.5</ele></trkpt>
   <trkpt lon="14.530960" lat="50.852514"><ele>518.25</ele></trkpt>
   <trkpt lon="14.530994" lat="50.852255"><ele>517.75</ele></trkpt>
   <trkpt lon="14.531047" lat="50.851981"><ele>517.5</ele></trkpt>
   <trkpt lon="14.531123" lat="50.851725"><ele>517.5</ele></trkpt>
   <trkpt lon="14.531228" lat="50.851428"><ele>517.25</ele></trkpt>
   <trkpt lon="14.531333" lat="50.851157"><ele>517.0</ele></trkpt>
   <trkpt lon="14.531431" lat="50.850934"><ele>517.0</ele></trkpt>
   <trkpt lon="14.531698" lat="50.850396"><ele>518.75</ele></trkpt>
   <trkpt lon="14.531859" lat="50.850113"><ele>520.0</ele></trkpt>
   <trkpt lon="14.532056" lat="50.849825"><ele>520.5</ele></trkpt>
   <trkpt lon="14.532296" lat="50.849523"><ele>520.0</ele></trkpt>
   <trkpt lon="14.532511" lat="50.849328"><ele>520.25</ele></trkpt>
   <trkpt lon="14.532690" lat="50.849177"><ele>520.5</ele></trkpt>
   <trkpt lon="14.532844" lat="50.849062"><ele>519.75</ele></trkpt>
   <trkpt lon="14.532913" lat="50.849016"><ele>519.5</ele></trkpt>
   <trkpt lon="14.533108" lat="50.848887"><ele>518.75</ele></trkpt>
   <trkpt lon="14.533617" lat="50.848604"><ele>517.25</ele></trkpt>
   <trkpt lon="14.533930" lat="50.848469"><ele>517.5</ele></trkpt>
   <trkpt lon="14.534349" lat="50.848309"><ele>518.25</ele></trkpt>
   <trkpt lon="14.535684" lat="50.847873"><ele>521.25</ele></trkpt>
   <trkpt lon="14.536589" lat="50.847595"><ele>522.0</ele></trkpt>
   <trkpt lon="14.537062" lat="50.847477"><ele>521.5</ele></trkpt>
   <trkpt lon="14.537419" lat="50.847397"><ele>522.0</ele></trkpt>
   <trkpt lon="14.537725" lat="50.847339"><ele>522.5</ele></trkpt>
   <trkpt lon="14.538187" lat="50.847271"><ele>524.0</ele></trkpt>
   <trkpt lon="14.538663" lat="50.847214"><ele>524.0</ele></trkpt>
   <trkpt lon="14.539066" lat="50.847186"><ele>524.0</ele></trkpt>
   <trkpt lon="14.539478" lat="50.847166"><ele>524.25</ele></trkpt>
   <trkpt lon="14.539793" lat="50.847157"><ele>524.5</ele></trkpt>
   <trkpt lon="14.540449" lat="50.847168"><ele>525.5</ele></trkpt>
   <trkpt lon="14.541191" lat="50.847191"><ele>525.75</ele></trkpt>
   <trkpt lon="14.541596" lat="50.847195"><ele>525.5</ele></trkpt>
   <trkpt lon="14.541669" lat="50.847196"><ele>525.25</ele></trkpt>
   <trkpt lon="14.542513" lat="50.847225"><ele>524.25</ele></trkpt>
   <trkpt lon="14.542837" lat="50.847250"><ele>524.0</ele></trkpt>
   <trkpt lon="14.543135" lat="50.847283"><ele>524.25</ele></trkpt>
   <trkpt lon="14.543595" lat="50.847362"><ele>524.75</ele></trkpt>
   <trkpt lon="14.543862" lat="50.847421"><ele>525.25</ele></trkpt>
   <trkpt lon="14.544154" lat="50.847505"><ele>526.0</ele></trkpt>
   <trkpt lon="14.544446" lat="50.847604"><ele>526.25</ele></trkpt>
   <trkpt lon="14.544699" lat="50.847706"><ele>526.5</ele></trkpt>
   <trkpt lon="14.544954" lat="50.847821"><ele>526.5</ele></trkpt>
   <trkpt lon="14.545498" lat="50.848127"><ele>528.25</ele></trkpt>
   <trkpt lon="14.545827" lat="50.848323"><ele>529.75</ele></trkpt>
   <trkpt lon="14.546071" lat="50.848453"><ele>530.5</ele></trkpt>
   <trkpt lon="14.546352" lat="50.848593"><ele>530.75</ele></trkpt>
   <trkpt lon="14.546562" lat="50.848686"><ele>530.5</ele></trkpt>
   <trkpt lon="14.546872" lat="50.848800"><ele>529.75</ele></trkpt>
   <trkpt lon="14.547251" lat="50.848907"><ele>528.75</ele></trkpt>
   <trkpt lon="14.547506" lat="50.848962"><ele>528.25</ele></trkpt>
   <trkpt lon="14.547972" lat="50.849034"><ele>526.75</ele></trkpt>
   <trkpt lon="14.548245" lat="50.849061"><ele>525.75</ele></trkpt>
   <trkpt lon="14.548488" lat="50.849075"><ele>525.75</ele></trkpt>
   <trkpt lon="14.548761" lat="50.849079"><ele>526.5</ele></trkpt>
   <trkpt lon="14.549007" lat="50.849070"><ele>527.0</ele></trkpt>
   <trkpt lon="14.549320" lat="50.849046"><ele>527.5</ele></trkpt>
   <trkpt lon="14.549585" lat="50.849009"><ele>527.75</ele></trkpt>
   <trkpt lon="14.549886" lat="50.848956"><ele>527.75</ele></trkpt>
   <trkpt lon="14.550152" lat="50.848895"><ele>528.75</ele></trkpt>
   <trkpt lon="14.550381" lat="50.848828"><ele>530.25</ele></trkpt>
   <trkpt lon="14.550862" lat="50.848657"><ele>532.25</ele></trkpt>
   <trkpt lon="14.551121" lat="50.848534"><ele>532.75</ele></trkpt>
   <trkpt lon="14.551401" lat="50.848386"><ele>532.5</ele></trkpt>
   <trkpt lon="14.551675" lat="50.848218"><ele>532.25</ele></trkpt>
   <trkpt lon="14.552218" lat="50.847861"><ele>532.0</ele></trkpt>
   <trkpt lon="14.552596" lat="50.847646"><ele>532.25</ele></trkpt>
   <trkpt lon="14.552985" lat="50.847473"><ele>533.75</ele></trkpt>
   <trkpt lon="14.553186" lat="50.847397"><ele>534.5</ele></trkpt>
   <trkpt lon="14.553485" lat="50.847300"><ele>535.25</ele></trkpt>
   <trkpt lon="14.554155" lat="50.847107"><ele>536.25</ele></trkpt>
   <trkpt lon="14.554500" lat="50.847017"><ele>537.0</ele></trkpt>
   <trkpt lon="14.555288" lat="50.846843"><ele>538.25</ele></trkpt>
   <trkpt lon="14.555945" lat="50.846727"><ele>537.75</ele></trkpt>
   <trkpt lon="14.556240" lat="50.846692"><ele>538.0</ele></trkpt>
   <trkpt lon="14.556841" lat="50.846653"><ele>538.0</ele></trkpt>
   <trkpt lon="14.557097" lat="50.846651"><ele>537.5</ele></trkpt>
   <trkpt lon="14.557411" lat="50.846657"><ele>537.0</ele></trkpt>
   <trkpt lon="14.557853" lat="50.846686"><ele>536.5</ele></trkpt>
   <trkpt lon="14.558183" lat="50.846725"><ele>536.5</ele></trkpt>
   <trkpt lon="14.558574" lat="50.846784"><ele>538.25</ele></trkpt>
   <trkpt lon="14.559340" lat="50.846911"><ele>543.0</ele></trkpt>
   <trkpt lon="14.559485" lat="50.846934"><ele>543.75</ele></trkpt>
   <trkpt lon="14.560621" lat="50.847134"><ele>547.75</ele></trkpt>
   <trkpt lon="14.561556" lat="50.847284"><ele>549.25</ele></trkpt>
   <trkpt lon="14.562202" lat="50.847375"><ele>550.25</ele></trkpt>
   <trkpt lon="14.563362" lat="50.847504"><ele>550.75</ele></trkpt>
   <trkpt lon="14.563824" lat="50.847542"><ele>549.25</ele></trkpt>
   <trkpt lon="14.564155" lat="50.847567"><ele>548.0</ele></trkpt>
   <trkpt lon="14.564434" lat="50.847578"><ele>546.75</ele></trkpt>
   <trkpt lon="14.564734" lat="50.847582"><ele>545.0</ele></trkpt>
   <trkpt lon="14.565190" lat="50.847564"><ele>543.0</ele></trkpt>
   <trkpt lon="14.565495" lat="50.847536"><ele>542.5</ele></trkpt>
   <trkpt lon="14.565851" lat="50.847488"><ele>541.75</ele></trkpt>
   <trkpt lon="14.566115" lat="50.847444"><ele>541.25</ele></trkpt>
   <trkpt lon="14.566566" lat="50.847342"><ele>540.5</ele></trkpt>
   <trkpt lon="14.566960" lat="50.847223"><ele>540.0</ele></trkpt>
   <trkpt lon="14.567174" lat="50.847146"><ele>539.75</ele></trkpt>
   <trkpt lon="14.567433" lat="50.847042"><ele>539.75</ele></trkpt>
   <trkpt lon="14.567690" lat="50.846929"><ele>539.75</ele></trkpt>
   <trkpt lon="14.567917" lat="50.846814"><ele>539.75</ele></trkpt>
   <trkpt lon="14.568108" lat="50.846697"><ele>539.75</ele></trkpt>
   <trkpt lon="14.568316" lat="50.846553"><ele>540.75</ele></trkpt>
   <trkpt lon="14.568483" lat="50.846413"><ele>542.25</ele></trkpt>
   <trkpt lon="14.568671" lat="50.846240"><ele>544.0</ele></trkpt>
   <trkpt lon="14.568800" lat="50.846098"><ele>545.75</ele></trkpt>
   <trkpt lon="14.568964" lat="50.845908"><ele>548.25</ele></trkpt>
   <trkpt lon="14.569208" lat="50.845516"><ele>551.25</ele></trkpt>
   <trkpt lon="14.569291" lat="50.845324"><ele>552.0</ele></trkpt>
   <trkpt lon="14.569385" lat="50.845066"><ele>553.0</ele></trkpt>
   <trkpt lon="14.569466" lat="50.844775"><ele>550.5</ele></trkpt>
   <trkpt lon="14.569583" lat="50.844520"><ele>547.5</ele></trkpt>
   <trkpt lon="14.569955" lat="50.843813"><ele>542.0</ele></trkpt>
   <trkpt lon="14.570052" lat="50.843584"><ele>541.25</ele></trkpt>
   <trkpt lon="14.570129" lat="50.843363"><ele>540.75</ele></trkpt>
   <trkpt lon="14.570172" lat="50.843175"><ele>541.75</ele></trkpt>
   <trkpt lon="14.570194" lat="50.843002"><ele>543.0</ele></trkpt>
   <trkpt lon="14.570199" lat="50.842824"><ele>544.0</ele></trkpt>
   <trkpt lon="14.570192" lat="50.842760"><ele>544.5</ele></trkpt>
   <trkpt lon="14.570150" lat="50.842489"><ele>545.5</ele></trkpt>
   <trkpt lon="14.570090" lat="50.842265"><ele>546.5</ele></trkpt>
   <trkpt lon="14.570035" lat="50.842117"><ele>547.0</ele></trkpt>
   <trkpt lon="14.569940" lat="50.841939"><ele>548.0</ele></trkpt>
   <trkpt lon="14.569829" lat="50.841752"><ele>549.75</ele></trkpt>
   <trkpt lon="14.569705" lat="50.841572"><ele>551.25</ele></trkpt>
   <trkpt lon="14.569357" lat="50.841189"><ele>553.25</ele></trkpt>
   <trkpt lon="14.569138" lat="50.840972"><ele>553.75</ele></trkpt>
   <trkpt lon="14.568897" lat="50.840764"><ele>553.75</ele></trkpt>
   <trkpt lon="14.568568" lat="50.840544"><ele>553.0</ele></trkpt>
   <trkpt lon="14.567961" lat="50.840150"><ele>550.5</ele></trkpt>
   <trkpt lon="14.567868" lat="50.840089"><ele>549.75</ele></trkpt>
   <trkpt lon="14.567102" lat="50.839596"><ele>547.25</ele></trkpt>
   <trkpt lon="14.566671" lat="50.839295"><ele>545.75</ele></trkpt>
   <trkpt lon="14.566490" lat="50.839145"><ele>545.5</ele></trkpt>
   <trkpt lon="14.566304" lat="50.838976"><ele>545.0</ele></trkpt>
   <trkpt lon="14.566159" lat="50.838827"><ele>544.75</ele></trkpt>
   <trkpt lon="14.565929" lat="50.838533"><ele>545.25</ele></trkpt>
   <trkpt lon="14.565734" lat="50.838199"><ele>545.75</ele></trkpt>
   <trkpt lon="14.565657" lat="50.838028"><ele>545.5</ele></trkpt>
   <trkpt lon="14.565534" lat="50.837652"><ele>545.0</ele></trkpt>
   <trkpt lon="14.565504" lat="50.837272"><ele>545.0</ele></trkpt>
   <trkpt lon="14.565519" lat="50.837041"><ele>545.0</ele></trkpt>
   <trkpt lon="14.565568" lat="50.836790"><ele>545.0</ele></trkpt>
   <trkpt lon="14.565636" lat="50.836573"><ele>545.0</ele></trkpt>
   <trkpt lon="14.565720" lat="50.836382"><ele>544.5</ele></trkpt>
   <trkpt lon="14.565823" lat="50.836195"><ele>543.5</ele></trkpt>
   <trkpt lon="14.565952" lat="50.836005"><ele>541.5</ele></trkpt>
   <trkpt lon="14.566052" lat="50.835883"><ele>540.0</ele></trkpt>
   <trkpt lon="14.566335" lat="50.835593"><ele>537.5</ele></trkpt>
   <trkpt lon="14.566653" lat="50.835340"><ele>534.0</ele></trkpt>
   <trkpt lon="14.566858" lat="50.835206"><ele>534.25</ele></trkpt>
   <trkpt lon="14.567094" lat="50.835066"><ele>534.5</ele></trkpt>
   <trkpt lon="14.567307" lat="50.834952"><ele>534.5</ele></trkpt>
   <trkpt lon="14.567531" lat="50.834846"><ele>534.25</ele></trkpt>
   <trkpt lon="14.567769" lat="50.834745"><ele>534.0</ele></trkpt>
   <trkpt lon="14.568019" lat="50.834656"><ele>533.25</ele></trkpt>
   <trkpt lon="14.568361" lat="50.834550"><ele>532.5</ele></trkpt>
   <trkpt lon="14.568778" lat="50.834452"><ele>533.5</ele></trkpt>
   <trkpt lon="14.569109" lat="50.834389"><ele>534.25</ele></trkpt>
   <trkpt lon="14.569485" lat="50.834335"><ele>535.0</ele></trkpt>
   <trkpt lon="14.569865" lat="50.834288"><ele>535.5</ele></trkpt>
   <trkpt lon="14.571091" lat="50.834169"><ele>532.0</ele></trkpt>
   <trkpt lon="14.572434" lat="50.834024"><ele>529.5</ele></trkpt>
   <trkpt lon="14.572548" lat="50.834011"><ele>529.5</ele></trkpt>
   <trkpt lon="14.573313" lat="50.833935"><ele>530.25</ele></trkpt>
   <trkpt lon="14.573638" lat="50.833888"><ele>531.25</ele></trkpt>
   <trkpt lon="14.573970" lat="50.833826"><ele>532.0</ele></trkpt>
   <trkpt lon="14.574258" lat="50.833760"><ele>532.75</ele></trkpt>
   <trkpt lon="14.574504" lat="50.833682"><ele>533.25</ele></trkpt>
   <trkpt lon="14.574860" lat="50.833550"><ele>533.25</ele></trkpt>
   <trkpt lon="14.575147" lat="50.833423"><ele>533.0</ele></trkpt>
   <trkpt lon="14.575457" lat="50.833252"><ele>532.0</ele></trkpt>
   <trkpt lon="14.575767" lat="50.833043"><ele>531.25</ele></trkpt>
   <trkpt lon="14.576063" lat="50.832774"><ele>529.25</ele></trkpt>
   <trkpt lon="14.576214" lat="50.832611"><ele>527.5</ele></trkpt>
   <trkpt lon="14.576403" lat="50.832344"><ele>524.75</ele></trkpt>
   <trkpt lon="14.576532" lat="50.832089"><ele>522.75</ele></trkpt>
   <trkpt lon="14.576621" lat="50.831840"><ele>521.0</ele></trkpt>
   <trkpt lon="14.576662" lat="50.831631"><ele>519.75</ele></trkpt>
   <trkpt lon="14.576679" lat="50.831429"><ele>519.25</ele></trkpt>
   <trkpt lon="14.576666" lat="50.831249"><ele>518.75</ele></trkpt>
   <trkpt lon="14.576631" lat="50.831069"><ele>518.5</ele></trkpt>
   <trkpt lon="14.576589" lat="50.830919"><ele>518.0</ele></trkpt>
   <trkpt lon="14.576509" lat="50.830703"><ele>518.75</ele></trkpt>
   <trkpt lon="14.576409" lat="50.830508"><ele>520.25</ele></trkpt>
   <trkpt lon="14.576274" lat="50.830316"><ele>521.5</ele></trkpt>
   <trkpt lon="14.576126" lat="50.830134"><ele>522.25</ele></trkpt>
   <trkpt lon="14.575949" lat="50.829964"><ele>522.75</ele></trkpt>
   <trkpt lon="14.575672" lat="50.829736"><ele>522.75</ele></trkpt>
   <trkpt lon="14.575522" lat="50.829626"><ele>522.75</ele></trkpt>
   <trkpt lon="14.575354" lat="50.829522"><ele>522.5</ele></trkpt>
   <trkpt lon="14.575041" lat="50.829358"><ele>522.0</ele></trkpt>
   <trkpt lon="14.574798" lat="50.829257"><ele>522.25</ele></trkpt>
   <trkpt lon="14.574491" lat="50.829145"><ele>522.5</ele></trkpt>
   <trkpt lon="14.574263" lat="50.829073"><ele>523.0</ele></trkpt>
   <trkpt lon="14.574009" lat="50.829010"><ele>523.5</ele></trkpt>
   <trkpt lon="14.573874" lat="50.828982"><ele>523.75</ele></trkpt>
   <trkpt lon="14.573703" lat="50.828949"><ele>524.0</ele></trkpt>
   <trkpt lon="14.573342" lat="50.828892"><ele>524.5</ele></trkpt>
   <trkpt lon="14.572816" lat="50.828847"><ele>524.25</ele></trkpt>
   <trkpt lon="14.571340" lat="50.828750"><ele>522.0</ele></trkpt>
   <trkpt lon="14.570026" lat="50.828645"><ele>518.25</ele></trkpt>
   <trkpt lon="14.569577" lat="50.828577"><ele>516.75</ele></trkpt>
   <trkpt lon="14.569277" lat="50.828520"><ele>515.75</ele></trkpt>
   <trkpt lon="14.568967" lat="50.828444"><ele>514.75</ele></trkpt>
   <trkpt lon="14.568799" lat="50.828394"><ele>514.5</ele></trkpt>
   <trkpt lon="14.568408" lat="50.828261"><ele>513.75</ele></trkpt>
   <trkpt lon="14.568053" lat="50.828117"><ele>513.0</ele></trkpt>
   <trkpt lon="14.567740" lat="50.827961"><ele>512.5</ele></trkpt>
   <trkpt lon="14.567445" lat="50.827782"><ele>512.0</ele></trkpt>
   <trkpt lon="14.567150" lat="50.827584"><ele>511.25</ele></trkpt>
   <trkpt lon="14.566601" lat="50.827185"><ele>511.0</ele></trkpt>
   <trkpt lon="14.566554" lat="50.827149"><ele>511.0</ele></trkpt>
   <trkpt lon="14.565222" lat="50.826152"><ele>505.0</ele></trkpt>
   <trkpt lon="14.564081" lat="50.825317"><ele>501.25</ele></trkpt>
   <trkpt lon="14.563758" lat="50.825104"><ele>500.75</ele></trkpt>
   <trkpt lon="14.563518" lat="50.824955"><ele>500.5</ele></trkpt>
   <trkpt lon="14.563249" lat="50.824816"><ele>500.25</ele></trkpt>
   <trkpt lon="14.563072" lat="50.824727"><ele>500.0</ele></trkpt>
   <trkpt lon="14.562612" lat="50.824537"><ele>499.25</ele></trkpt>
   <trkpt lon="14.562255" lat="50.824414"><ele>498.5</ele></trkpt>
   <trkpt lon="14.562002" lat="50.824337"><ele>498.0</ele></trkpt>
   <trkpt lon="14.561675" lat="50.824252"><ele>497.0</ele></trkpt>
   <trkpt lon="14.561262" lat="50.824161"><ele>495.5</ele></trkpt>
   <trkpt lon="14.560281" lat="50.823971"><ele>493.75</ele></trkpt>
   <trkpt lon="14.560191" lat="50.823954"><ele>493.75</ele></trkpt>
   <trkpt lon="14.559628" lat="50.823844"><ele>496.25</ele></trkpt>
   <trkpt lon="14.558606" lat="50.823649"><ele>501.75</ele></trkpt>
   <trkpt lon="14.558114" lat="50.823563"><ele>501.25</ele></trkpt>
   <trkpt lon="14.557531" lat="50.823498"><ele>497.75</ele></trkpt>
   <trkpt lon="14.557278" lat="50.823483"><ele>496.5</ele></trkpt>
   <trkpt lon="14.557001" lat="50.823477"><ele>494.75</ele></trkpt>
   <trkpt lon="14.556728" lat="50.823479"><ele>493.25</ele></trkpt>
   <trkpt lon="14.556415" lat="50.823498"><ele>492.5</ele></trkpt>
   <trkpt lon="14.556091" lat="50.823535"><ele>492.0</ele></trkpt>
   <trkpt lon="14.555767" lat="50.823581"><ele>491.75</ele></trkpt>
   <trkpt lon="14.555365" lat="50.823664"><ele>491.75</ele></trkpt>
   <trkpt lon="14.554240" lat="50.823924"><ele>488.25</ele></trkpt>
   <trkpt lon="14.553780" lat="50.824017"><ele>486.25</ele></trkpt>
   <trkpt lon="14.553480" lat="50.824068"><ele>485.0</ele></trkpt>
   <trkpt lon="14.553006" lat="50.824110"><ele>485.0</ele></trkpt>
   <trkpt lon="14.552829" lat="50.824117"><ele>485.0</ele></trkpt>
   <trkpt lon="14.552554" lat="50.824119"><ele>485.25</ele></trkpt>
   <trkpt lon="14.552203" lat="50.824100"><ele>485.25</ele></trkpt>
   <trkpt lon="14.551901" lat="50.824070"><ele>484.75</ele></trkpt>
   <trkpt lon="14.551595" lat="50.824021"><ele>484.5</ele></trkpt>
   <trkpt lon="14.551341" lat="50.823968"><ele>485.5</ele></trkpt>
   <trkpt lon="14.551062" lat="50.823896"><ele>486.0</ele></trkpt>
   <trkpt lon="14.550793" lat="50.823813"><ele>486.0</ele></trkpt>
   <trkpt lon="14.550532" lat="50.823720"><ele>485.5</ele></trkpt>
   <trkpt lon="14.550255" lat="50.823596"><ele>484.25</ele></trkpt>
   <trkpt lon="14.549906" lat="50.823434"><ele>482.5</ele></trkpt>
   <trkpt lon="14.548583" lat="50.822781"><ele>480.5</ele></trkpt>
   <trkpt lon="14.548327" lat="50.822669"><ele>479.25</ele></trkpt>
   <trkpt lon="14.547658" lat="50.822445"><ele>477.25</ele></trkpt>
   <trkpt lon="14.547349" lat="50.822372"><ele>477.75</ele></trkpt>
   <trkpt lon="14.547099" lat="50.822323"><ele>478.0</ele></trkpt>
   <trkpt lon="14.546861" lat="50.822284"><ele>478.0</ele></trkpt>
   <trkpt lon="14.546417" lat="50.822234"><ele>477.25</ele></trkpt>
   <trkpt lon="14.546194" lat="50.822220"><ele>476.75</ele></trkpt>
   <trkpt lon="14.545056" lat="50.822176"><ele>474.5</ele></trkpt>
   <trkpt lon="14.544670" lat="50.822136"><ele>475.25</ele></trkpt>
   <trkpt lon="14.544347" lat="50.822086"><ele>475.75</ele></trkpt>
   <trkpt lon="14.544061" lat="50.822028"><ele>476.0</ele></trkpt>
   <trkpt lon="14.543733" lat="50.821945"><ele>475.5</ele></trkpt>
   <trkpt lon="14.543158" lat="50.821739"><ele>475.25</ele></trkpt>
   <trkpt lon="14.542932" lat="50.821630"><ele>476.75</ele></trkpt>
   <trkpt lon="14.542580" lat="50.821427"><ele>479.25</ele></trkpt>
   <trkpt lon="14.542454" lat="50.821343"><ele>480.0</ele></trkpt>
   <trkpt lon="14.542239" lat="50.821180"><ele>480.5</ele></trkpt>
   <trkpt lon="14.542056" lat="50.821020"><ele>480.5</ele></trkpt>
   <trkpt lon="14.541888" lat="50.820837"><ele>479.75</ele></trkpt>
   <trkpt lon="14.541756" lat="50.820652"><ele>478.5</ele></trkpt>
   <trkpt lon="14.541631" lat="50.820459"><ele>477.0</ele></trkpt>
   <trkpt lon="14.541219" lat="50.819669"><ele>473.5</ele></trkpt>
   <trkpt lon="14.541038" lat="50.819396"><ele>473.25</ele></trkpt>
   <trkpt lon="14.540818" lat="50.819140"><ele>472.75</ele></trkpt>
   <trkpt lon="14.540682" lat="50.819018"><ele>472.0</ele></trkpt>
   <trkpt lon="14.540263" lat="50.818706"><ele>469.0</ele></trkpt>
   <trkpt lon="14.539769" lat="50.818370"><ele>462.0</ele></trkpt>
   <trkpt lon="14.539549" lat="50.818223"><ele>462.0</ele></trkpt>
   <trkpt lon="14.538928" lat="50.817812"><ele>462.25</ele></trkpt>
   <trkpt lon="14.538705" lat="50.817666"><ele>461.25</ele></trkpt>
   <trkpt lon="14.536319" lat="50.816085"><ele>450.25</ele></trkpt>
   <trkpt lon="14.535777" lat="50.815733"><ele>449.75</ele></trkpt>
   <trkpt lon="14.535632" lat="50.815642"><ele>450.25</ele></trkpt>
   <trkpt lon="14.535409" lat="50.815514"><ele>451.5</ele></trkpt>
   <trkpt lon="14.535165" lat="50.815390"><ele>452.75</ele></trkpt>
   <trkpt lon="14.534814" lat="50.815233"><ele>454.0</ele></trkpt>
   <trkpt lon="14.534444" lat="50.815080"><ele>454.25</ele></trkpt>
   <trkpt lon="14.534069" lat="50.814954"><ele>454.0</ele></trkpt>
   <trkpt lon="14.533652" lat="50.814832"><ele>453.25</ele></trkpt>
   <trkpt lon="14.533357" lat="50.814755"><ele>452.5</ele></trkpt>
   <trkpt lon="14.533063" lat="50.814694"><ele>451.5</ele></trkpt>
   <trkpt lon="14.532740" lat="50.814634"><ele>450.5</ele></trkpt>
   <trkpt lon="14.532344" lat="50.814576"><ele>449.25</ele></trkpt>
   <trkpt lon="14.532137" lat="50.814555"><ele>448.75</ele></trkpt>
   <trkpt lon="14.531675" lat="50.814515"><ele>447.5</ele></trkpt>
   <trkpt lon="14.531446" lat="50.814503"><ele>448.0</ele></trkpt>
   <trkpt lon="14.531101" lat="50.814497"><ele>448.5</ele></trkpt>
   <trkpt lon="14.530765" lat="50.814501"><ele>448.75</ele></trkpt>
   <trkpt lon="14.530417" lat="50.814518"><ele>448.5</ele></trkpt>
   <trkpt lon="14.530057" lat="50.814545"><ele>448.25</ele></trkpt>
   <trkpt lon="14.529690" lat="50.814586"><ele>447.5</ele></trkpt>
   <trkpt lon="14.529298" lat="50.814645"><ele>446.5</ele></trkpt>
   <trkpt lon="14.528986" lat="50.814699"><ele>445.75</ele></trkpt>
   <trkpt lon="14.528697" lat="50.814764"><ele>445.25</ele></trkpt>
   <trkpt lon="14.528335" lat="50.814856"><ele>444.25</ele></trkpt>
   <trkpt lon="14.527949" lat="50.814966"><ele>443.25</ele></trkpt>
   <trkpt lon="14.527552" lat="50.815093"><ele>443.0</ele></trkpt>
   <trkpt lon="14.527368" lat="50.815151"><ele>443.0</ele></trkpt>
   <trkpt lon="14.526528" lat="50.815377"><ele>442.75</ele></trkpt>
   <trkpt lon="14.526164" lat="50.815456"><ele>442.5</ele></trkpt>
   <trkpt lon="14.525692" lat="50.815550"><ele>441.25</ele></trkpt>
   <trkpt lon="14.525328" lat="50.815614"><ele>440.25</ele></trkpt>
   <trkpt lon="14.524975" lat="50.815666"><ele>439.0</ele></trkpt>
   <trkpt lon="14.524659" lat="50.815709"><ele>438.25</ele></trkpt>
   <trkpt lon="14.524302" lat="50.815747"><ele>438.0</ele></trkpt>
   <trkpt lon="14.523605" lat="50.815799"><ele>437.25</ele></trkpt>
   <trkpt lon="14.523059" lat="50.815819"><ele>437.25</ele></trkpt>
   <trkpt lon="14.522871" lat="50.815812"><ele>437.5</ele></trkpt>
   <trkpt lon="14.522524" lat="50.815803"><ele>438.0</ele></trkpt>
   <trkpt lon="14.522020" lat="50.815762"><ele>438.0</ele></trkpt>
   <trkpt lon="14.521716" lat="50.815718"><ele>437.75</ele></trkpt>
   <trkpt lon="14.521474" lat="50.815686"><ele>437.5</ele></trkpt>
   <trkpt lon="14.521238" lat="50.815635"><ele>437.25</ele></trkpt>
   <trkpt lon="14.520760" lat="50.815517"><ele>436.25</ele></trkpt>
   <trkpt lon="14.520537" lat="50.815451"><ele>435.75</ele></trkpt>
   <trkpt lon="14.520300" lat="50.815369"><ele>435.25</ele></trkpt>
   <trkpt lon="14.519818" lat="50.815172"><ele>435.25</ele></trkpt>
   <trkpt lon="14.519221" lat="50.814880"><ele>437.5</ele></trkpt>
   <trkpt lon="14.519052" lat="50.814797"><ele>438.0</ele></trkpt>
   <trkpt lon="14.518135" lat="50.814366"><ele>435.5</ele></trkpt>
   <trkpt lon="14.517523" lat="50.814127"><ele>431.25</ele></trkpt>
   <trkpt lon="14.517237" lat="50.814027"><ele>430.75</ele></trkpt>
   <trkpt lon="14.516851" lat="50.813898"><ele>429.75</ele></trkpt>
   <trkpt lon="14.516163" lat="50.813711"><ele>429.5</ele></trkpt>
   <trkpt lon="14.515852" lat="50.813638"><ele>429.25</ele></trkpt>
   <trkpt lon="14.515512" lat="50.813574"><ele>429.0</ele></trkpt>
   <trkpt lon="14.515333" lat="50.813544"><ele>429.0</ele></trkpt>
   <trkpt lon="14.515062" lat="50.813502"><ele>428.75</ele></trkpt>
   <trkpt lon="14.514757" lat="50.813471"><ele>428.5</ele></trkpt>
   <trkpt lon="14.514632" lat="50.813458"><ele>428.25</ele></trkpt>
   <trkpt lon="14.514332" lat="50.813437"><ele>428.0</ele></trkpt>
   <trkpt lon="14.513958" lat="50.813420"><ele>427.75</ele></trkpt>
   <trkpt lon="14.513691" lat="50.813418"><ele>427.5</ele></trkpt>
   <trkpt lon="14.513374" lat="50.813424"><ele>427.5</ele></trkpt>
   <trkpt lon="14.513024" lat="50.813443"><ele>427.25</ele></trkpt>
   <trkpt lon="14.512499" lat="50.813484"><ele>426.75</ele></trkpt>
   <trkpt lon="14.512080" lat="50.813537"><ele>427.0</ele></trkpt>
   <trkpt lon="14.511500" lat="50.813600"><ele>427.25</ele></trkpt>
   <trkpt lon="14.511094" lat="50.813649"><ele>428.0</ele></trkpt>
   <trkpt lon="14.510643" lat="50.813695"><ele>428.25</ele></trkpt>
   <trkpt lon="14.510314" lat="50.813716"><ele>428.25</ele></trkpt>
   <trkpt lon="14.510206" lat="50.813719"><ele>428.0</ele></trkpt>
   <trkpt lon="14.509889" lat="50.813719"><ele>427.5</ele></trkpt>
   <trkpt lon="14.509617" lat="50.813708"><ele>426.75</ele></trkpt>
   <trkpt lon="14.509338" lat="50.813683"><ele>425.75</ele></trkpt>
   <trkpt lon="14.509133" lat="50.813658"><ele>425.0</ele></trkpt>
   <trkpt lon="14.508595" lat="50.813549"><ele>423.75</ele></trkpt>
   <trkpt lon="14.508493" lat="50.813519"><ele>423.25</ele></trkpt>
   <trkpt lon="14.508314" lat="50.813467"><ele>423.0</ele></trkpt>
   <trkpt lon="14.507976" lat="50.813350"><ele>423.25</ele></trkpt>
   <trkpt lon="14.507527" lat="50.813145"><ele>424.5</ele></trkpt>
   <trkpt lon="14.507456" lat="50.813107"><ele>424.75</ele></trkpt>
   <trkpt lon="14.507231" lat="50.812973"><ele>424.5</ele></trkpt>
   <trkpt lon="14.506809" lat="50.812682"><ele>421.75</ele></trkpt>
   <trkpt lon="14.506056" lat="50.812105"><ele>421.5</ele></trkpt>
   <trkpt lon="14.505963" lat="50.812039"><ele>421.0</ele></trkpt>
   <trkpt lon="14.505691" lat="50.811853"><ele>419.0</ele></trkpt>
   <trkpt lon="14.505498" lat="50.811731"><ele>417.0</ele></trkpt>
   <trkpt lon="14.505154" lat="50.811535"><ele>415.25</ele></trkpt>
   <trkpt lon="14.504810" lat="50.811354"><ele>416.5</ele></trkpt>
   <trkpt lon="14.504371" lat="50.811147"><ele>418.5</ele></trkpt>
   <trkpt lon="14.504106" lat="50.811039"><ele>418.25</ele></trkpt>
   <trkpt lon="14.504003" lat="50.810998"><ele>418.0</ele></trkpt>
   <trkpt lon="14.503787" lat="50.810913"><ele>416.75</ele></trkpt>
   <trkpt lon="14.503719" lat="50.810888"><ele>416.25</ele></trkpt>
   <trkpt lon="14.503419" lat="50.810792"><ele>415.5</ele></trkpt>
   <trkpt lon="14.503103" lat="50.810703"><ele>416.25</ele></trkpt>
   <trkpt lon="14.502630" lat="50.810609"><ele>416.25</ele></trkpt>
   <trkpt lon="14.502317" lat="50.810564"><ele>415.75</ele></trkpt>
   <trkpt lon="14.502093" lat="50.810545"><ele>415.25</ele></trkpt>
   <trkpt lon="14.501697" lat="50.810539"><ele>414.25</ele></trkpt>
   <trkpt lon="14.501512" lat="50.810542"><ele>413.75</ele></trkpt>
   <trkpt lon="14.501268" lat="50.810549"><ele>413.0</ele></trkpt>
   <trkpt lon="14.500974" lat="50.810576"><ele>412.0</ele></trkpt>
   <trkpt lon="14.500470" lat="50.810651"><ele>410.5</ele></trkpt>
   <trkpt lon="14.500199" lat="50.810721"><ele>409.75</ele></trkpt>
   <trkpt lon="14.499943" lat="50.810793"><ele>408.75</ele></trkpt>
   <trkpt lon="14.499676" lat="50.810882"><ele>409.0</ele></trkpt>
   <trkpt lon="14.499140" lat="50.811083"><ele>409.25</ele></trkpt>
   <trkpt lon="14.498349" lat="50.811375"><ele>407.25</ele></trkpt>
   <trkpt lon="14.498246" lat="50.811413"><ele>407.25</ele></trkpt>
   <trkpt lon="14.498077" lat="50.811476"><ele>407.5</ele></trkpt>
   <trkpt lon="14.496183" lat="50.812184"><ele>405.75</ele></trkpt>
   <trkpt lon="14.495835" lat="50.812315"><ele>404.75</ele></trkpt>
   <trkpt lon="14.495542" lat="50.812414"><ele>403.5</ele></trkpt>
   <trkpt lon="14.495268" lat="50.812492"><ele>402.0</ele></trkpt>
   <trkpt lon="14.495054" lat="50.812553"><ele>402.0</ele></trkpt>
   <trkpt lon="14.494803" lat="50.812603"><ele>402.75</ele></trkpt>
   <trkpt lon="14.494583" lat="50.812637"><ele>403.25</ele></trkpt>
   <trkpt lon="14.494260" lat="50.812674"><ele>404.0</ele></trkpt>
   <trkpt lon="14.493860" lat="50.812704"><ele>404.5</ele></trkpt>
   <trkpt lon="14.493376" lat="50.812724"><ele>405.0</ele></trkpt>
   <trkpt lon="14.492938" lat="50.812724"><ele>404.75</ele></trkpt>
   <trkpt lon="14.492516" lat="50.812697"><ele>404.0</ele></trkpt>
   <trkpt lon="14.492098" lat="50.812655"><ele>403.0</ele></trkpt>
   <trkpt lon="14.491534" lat="50.812562"><ele>402.25</ele></trkpt>
   <trkpt lon="14.491246" lat="50.812498"><ele>402.5</ele></trkpt>
   <trkpt lon="14.490780" lat="50.812377"><ele>404.5</ele></trkpt>
   <trkpt lon="14.490252" lat="50.812194"><ele>405.0</ele></trkpt>
   <trkpt lon="14.490055" lat="50.812107"><ele>404.5</ele></trkpt>
   <trkpt lon="14.489884" lat="50.812030"><ele>404.5</ele></trkpt>
   <trkpt lon="14.489735" lat="50.811954"><ele>404.75</ele></trkpt>
   <trkpt lon="14.489541" lat="50.811843"><ele>404.5</ele></trkpt>
   <trkpt lon="14.489088" lat="50.811573"><ele>404.0</ele></trkpt>
   <trkpt lon="14.488063" lat="50.810934"><ele>400.0</ele></trkpt>
   <trkpt lon="14.487930" lat="50.810856"><ele>399.5</ele></trkpt>
   <trkpt lon="14.487562" lat="50.810656"><ele>402.0</ele></trkpt>
   <trkpt lon="14.487260" lat="50.810522"><ele>402.25</ele></trkpt>
   <trkpt lon="14.487133" lat="50.810474"><ele>402.0</ele></trkpt>
   <trkpt lon="14.486752" lat="50.810349"><ele>400.5</ele></trkpt>
   <trkpt lon="14.486358" lat="50.810251"><ele>400.0</ele></trkpt>
   <trkpt lon="14.486151" lat="50.810212"><ele>400.0</ele></trkpt>
   <trkpt lon="14.485965" lat="50.810179"><ele>400.0</ele></trkpt>
   <trkpt lon="14.485762" lat="50.810140"><ele>400.0</ele></trkpt>
   <trkpt lon="14.485376" lat="50.810077"><ele>400.0</ele></trkpt>
   <trkpt lon="14.484947" lat="50.809996"><ele>399.75</ele></trkpt>
   <trkpt lon="14.484082" lat="50.809797"><ele>397.0</ele></trkpt>
   <trkpt lon="14.483227" lat="50.809572"><ele>393.5</ele></trkpt>
   <trkpt lon="14.483066" lat="50.809524"><ele>393.75</ele></trkpt>
   <trkpt lon="14.482098" lat="50.809216"><ele>389.5</ele></trkpt>
   <trkpt lon="14.481840" lat="50.809139"><ele>388.0</ele></trkpt>
   <trkpt lon="14.481293" lat="50.808994"><ele>389.25</ele></trkpt>
   <trkpt lon="14.481021" lat="50.808934"><ele>390.25</ele></trkpt>
   <trkpt lon="14.480409" lat="50.808831"><ele>391.75</ele></trkpt>
   <trkpt lon="14.479890" lat="50.808775"><ele>392.75</ele></trkpt>
   <trkpt lon="14.479548" lat="50.808752"><ele>393.5</ele></trkpt>
   <trkpt lon="14.478530" lat="50.808708"><ele>396.0</ele></trkpt>
   <trkpt lon="14.478357" lat="50.808701"><ele>396.5</ele></trkpt>
   <trkpt lon="14.476307" lat="50.808623"><ele>398.25</ele></trkpt>
   <trkpt lon="14.475551" lat="50.808612"><ele>396.5</ele></trkpt>
   <trkpt lon="14.475222" lat="50.808623"><ele>395.75</ele></trkpt>
   <trkpt lon="14.475046" lat="50.808631"><ele>395.5</ele></trkpt>
   <trkpt lon="14.474815" lat="50.808642"><ele>395.5</ele></trkpt>
   <trkpt lon="14.474564" lat="50.808662"><ele>395.5</ele></trkpt>
   <trkpt lon="14.474274" lat="50.808693"><ele>395.25</ele></trkpt>
   <trkpt lon="14.473625" lat="50.808783"><ele>394.0</ele></trkpt>
   <trkpt lon="14.472995" lat="50.808909"><ele>394.5</ele></trkpt>
   <trkpt lon="14.471599" lat="50.809264"><ele>394.25</ele></trkpt>
   <trkpt lon="14.471464" lat="50.809302"><ele>395.75</ele></trkpt>
   <trkpt lon="14.469523" lat="50.809809"><ele>397.75</ele></trkpt>
   <trkpt lon="14.468815" lat="50.809969"><ele>392.0</ele></trkpt>
   <trkpt lon="14.468656" lat="50.810005"><ele>390.75</ele></trkpt>
   <trkpt lon="14.467816" lat="50.810163"><ele>392.25</ele></trkpt>
   <trkpt lon="14.467421" lat="50.810226"><ele>392.75</ele></trkpt>
   <trkpt lon="14.466934" lat="50.810284"><ele>392.75</ele></trkpt>
   <trkpt lon="14.466431" lat="50.810305"><ele>391.75</ele></trkpt>
   <trkpt lon="14.466239" lat="50.810304"><ele>391.0</ele></trkpt>
   <trkpt lon="14.465998" lat="50.810290"><ele>390.0</ele></trkpt>
   <trkpt lon="14.465562" lat="50.810234"><ele>387.75</ele></trkpt>
   <trkpt lon="14.465327" lat="50.810194"><ele>386.25</ele></trkpt>
   <trkpt lon="14.465078" lat="50.810132"><ele>384.75</ele></trkpt>
   <trkpt lon="14.464846" lat="50.810058"><ele>385.0</ele></trkpt>
   <trkpt lon="14.464635" lat="50.809980"><ele>386.5</ele></trkpt>
   <trkpt lon="14.464392" lat="50.809880"><ele>388.75</ele></trkpt>
   <trkpt lon="14.464272" lat="50.809823"><ele>389.5</ele></trkpt>
   <trkpt lon="14.464067" lat="50.809709"><ele>389.75</ele></trkpt>
   <trkpt lon="14.463909" lat="50.809608"><ele>389.0</ele></trkpt>
   <trkpt lon="14.463597" lat="50.809356"><ele>385.25</ele></trkpt>
   <trkpt lon="14.463426" lat="50.809167"><ele>380.75</ele></trkpt>
   <trkpt lon="14.463365" lat="50.809089"><ele>380.0</ele></trkpt>
   <trkpt lon="14.463270" lat="50.808957"><ele>380.75</ele></trkpt>
   <trkpt lon="14.463169" lat="50.808783"><ele>382.5</ele></trkpt>
   <trkpt lon="14.463086" lat="50.808600"><ele>384.0</ele></trkpt>
   <trkpt lon="14.463014" lat="50.808409"><ele>385.25</ele></trkpt>
   <trkpt lon="14.462730" lat="50.807548"><ele>390.0</ele></trkpt>
   <trkpt lon="14.462701" lat="50.807451"><ele>390.75</ele></trkpt>
   <trkpt lon="14.462421" lat="50.806626"><ele>396.0</ele></trkpt>
   <trkpt lon="14.462402" lat="50.806570"><ele>395.5</ele></trkpt>
   <trkpt lon="14.462077" lat="50.805602"><ele>384.25</ele></trkpt>
   <trkpt lon="14.461955" lat="50.805278"><ele>378.75</ele></trkpt>
   <trkpt lon="14.461887" lat="50.805139"><ele>376.5</ele></trkpt>
   <trkpt lon="14.461818" lat="50.805025"><ele>374.25</ele></trkpt>
   <trkpt lon="14.461695" lat="50.804852"><ele>372.0</ele></trkpt>
   <trkpt lon="14.461547" lat="50.804679"><ele>373.0</ele></trkpt>
   <trkpt lon="14.461377" lat="50.804512"><ele>374.0</ele></trkpt>
   <trkpt lon="14.461187" lat="50.804353"><ele>374.25</ele></trkpt>
   <trkpt lon="14.461005" lat="50.804228"><ele>374.0</ele></trkpt>
   <trkpt lon="14.460802" lat="50.804106"><ele>375.75</ele></trkpt>
   <trkpt lon="14.460556" lat="50.803979"><ele>380.75</ele></trkpt>
   <trkpt lon="14.460297" lat="50.803869"><ele>385.25</ele></trkpt>
   <trkpt lon="14.460178" lat="50.803825"><ele>387.25</ele></trkpt>
   <trkpt lon="14.459838" lat="50.803709"><ele>392.0</ele></trkpt>
   <trkpt lon="14.459652" lat="50.803663"><ele>393.25</ele></trkpt>
   <trkpt lon="14.459318" lat="50.803590"><ele>395.0</ele></trkpt>
   <trkpt lon="14.459059" lat="50.803541"><ele>395.75</ele></trkpt>
   <trkpt lon="14.458861" lat="50.803518"><ele>395.75</ele></trkpt>
   <trkpt lon="14.458652" lat="50.803509"><ele>395.5</ele></trkpt>
   <trkpt lon="14.458320" lat="50.803508"><ele>394.75</ele></trkpt>
   <trkpt lon="14.457853" lat="50.803538"><ele>394.5</ele></trkpt>
   <trkpt lon="14.457579" lat="50.803572"><ele>393.75</ele></trkpt>
   <trkpt lon="14.457241" lat="50.803631"><ele>392.0</ele></trkpt>
   <trkpt lon="14.456867" lat="50.803713"><ele>389.0</ele></trkpt>
   <trkpt lon="14.456373" lat="50.803883"><ele>384.0</ele></trkpt>
   <trkpt lon="14.456155" lat="50.803976"><ele>381.25</ele></trkpt>
   <trkpt lon="14.455238" lat="50.804457"><ele>371.0</ele></trkpt>
   <trkpt lon="14.454742" lat="50.804688"><ele>365.75</ele></trkpt>
   <trkpt lon="14.454479" lat="50.804787"><ele>364.0</ele></trkpt>
   <trkpt lon="14.454203" lat="50.804872"><ele>362.5</ele></trkpt>
   <trkpt lon="14.453955" lat="50.804933"><ele>361.75</ele></trkpt>
   <trkpt lon="14.453635" lat="50.804998"><ele>361.0</ele></trkpt>
   <trkpt lon="14.453385" lat="50.805041"><ele>361.25</ele></trkpt>
   <trkpt lon="14.453101" lat="50.805069"><ele>361.0</ele></trkpt>
   <trkpt lon="14.452827" lat="50.805084"><ele>360.5</ele></trkpt>
   <trkpt lon="14.452321" lat="50.805084"><ele>359.25</ele></trkpt>
   <trkpt lon="14.452084" lat="50.805075"><ele>358.5</ele></trkpt>
   <trkpt lon="14.451736" lat="50.805035"><ele>357.0</ele></trkpt>
   <trkpt lon="14.451370" lat="50.804967"><ele>359.25</ele></trkpt>
   <trkpt lon="14.451123" lat="50.804913"><ele>361.5</ele></trkpt>
   <trkpt lon="14.450857" lat="50.804837"><ele>363.0</ele></trkpt>
   <trkpt lon="14.450612" lat="50.804758"><ele>363.75</ele></trkpt>
   <trkpt lon="14.450406" lat="50.804681"><ele>363.25</ele></trkpt>
   <trkpt lon="14.450210" lat="50.804594"><ele>362.0</ele></trkpt>
   <trkpt lon="14.449815" lat="50.804381"><ele>356.0</ele></trkpt>
   <trkpt lon="14.449422" lat="50.804116"><ele>349.5</ele></trkpt>
   <trkpt lon="14.448313" lat="50.803360"><ele>345.0</ele></trkpt>
   <trkpt lon="14.448093" lat="50.803217"><ele>348.0</ele></trkpt>
   <trkpt lon="14.447616" lat="50.802933"><ele>353.5</ele></trkpt>
   <trkpt lon="14.447346" lat="50.802805"><ele>354.25</ele></trkpt>
   <trkpt lon="14.446877" lat="50.802604"><ele>353.0</ele></trkpt>
   <trkpt lon="14.446669" lat="50.802527"><ele>351.5</ele></trkpt>
   <trkpt lon="14.446404" lat="50.802449"><ele>350.0</ele></trkpt>
   <trkpt lon="14.445108" lat="50.802101"><ele>341.5</ele></trkpt>
   <trkpt lon="14.444790" lat="50.802011"><ele>340.25</ele></trkpt>
   <trkpt lon="14.444334" lat="50.801836"><ele>339.5</ele></trkpt>
   <trkpt lon="14.444109" lat="50.801742"><ele>339.0</ele></trkpt>
   <trkpt lon="14.443857" lat="50.801621"><ele>339.0</ele></trkpt>
   <trkpt lon="14.443630" lat="50.801496"><ele>339.75</ele></trkpt>
   <trkpt lon="14.443414" lat="50.801364"><ele>340.25</ele></trkpt>
   <trkpt lon="14.443046" lat="50.801109"><ele>341.5</ele></trkpt>
   <trkpt lon="14.442732" lat="50.800842"><ele>342.0</ele></trkpt>
   <trkpt lon="14.442360" lat="50.800486"><ele>339.0</ele></trkpt>
   <trkpt lon="14.442007" lat="50.800150"><ele>336.0</ele></trkpt>
   <trkpt lon="14.441594" lat="50.799830"><ele>332.75</ele></trkpt>
   <trkpt lon="14.441414" lat="50.799721"><ele>332.0</ele></trkpt>
   <trkpt lon="14.441095" lat="50.799557"><ele>331.0</ele></trkpt>
   <trkpt lon="14.440836" lat="50.799443"><ele>330.5</ele></trkpt>
   <trkpt lon="14.440643" lat="50.799369"><ele>330.25</ele></trkpt>
   <trkpt lon="14.440361" lat="50.799284"><ele>330.0</ele></trkpt>
   <trkpt lon="14.440066" lat="50.799205"><ele>329.75</ele></trkpt>
   <trkpt lon="14.439787" lat="50.799149"><ele>330.0</ele></trkpt>
   <trkpt lon="14.439497" lat="50.799099"><ele>330.5</ele></trkpt>
   <trkpt lon="14.439158" lat="50.799066"><ele>331.0</ele></trkpt>
   <trkpt lon="14.438847" lat="50.799055"><ele>331.25</ele></trkpt>
   <trkpt lon="14.438700" lat="50.799052"><ele>331.25</ele></trkpt>
   <trkpt lon="14.438552" lat="50.799053"><ele>331.5</ele></trkpt>
   <trkpt lon="14.438358" lat="50.799060"><ele>331.5</ele></trkpt>
   <trkpt lon="14.438115" lat="50.799078"><ele>331.75</ele></trkpt>
   <trkpt lon="14.437899" lat="50.799101"><ele>332.0</ele></trkpt>
   <trkpt lon="14.437578" lat="50.799152"><ele>332.0</ele></trkpt>
   <trkpt lon="14.437410" lat="50.799188"><ele>331.75</ele></trkpt>
   <trkpt lon="14.436611" lat="50.799386"><ele>331.0</ele></trkpt>
   <trkpt lon="14.436469" lat="50.799422"><ele>332.5</ele></trkpt>
   <trkpt lon="14.435381" lat="50.799706"><ele>336.0</ele></trkpt>
   <trkpt lon="14.435050" lat="50.799782"><ele>335.0</ele></trkpt>
   <trkpt lon="14.434744" lat="50.799838"><ele>333.75</ele></trkpt>
   <trkpt lon="14.434517" lat="50.799871"><ele>333.0</ele></trkpt>
   <trkpt lon="14.434004" lat="50.799920"><ele>332.75</ele></trkpt>
   <trkpt lon="14.433752" lat="50.799927"><ele>333.5</ele></trkpt>
   <trkpt lon="14.433487" lat="50.799922"><ele>334.5</ele></trkpt>
   <trkpt lon="14.433249" lat="50.799909"><ele>335.25</ele></trkpt>
   <trkpt lon="14.433047" lat="50.799892"><ele>334.75</ele></trkpt>
   <trkpt lon="14.432736" lat="50.799850"><ele>334.25</ele></trkpt>
   <trkpt lon="14.432418" lat="50.799785"><ele>334.0</ele></trkpt>
   <trkpt lon="14.432155" lat="50.799723"><ele>333.5</ele></trkpt>
   <trkpt lon="14.431655" lat="50.799570"><ele>331.5</ele></trkpt>
   <trkpt lon="14.431344" lat="50.799460"><ele>330.25</ele></trkpt>
   <trkpt lon="14.430059" lat="50.798980"><ele>324.25</ele></trkpt>
   <trkpt lon="14.429913" lat="50.798926"><ele>324.0</ele></trkpt>
   <trkpt lon="14.429362" lat="50.798714"><ele>324.25</ele></trkpt>
   <trkpt lon="14.428992" lat="50.798582"><ele>324.25</ele></trkpt>
   <trkpt lon="14.428586" lat="50.798447"><ele>324.5</ele></trkpt>
   <trkpt lon="14.428280" lat="50.798354"><ele>324.5</ele></trkpt>
   <trkpt lon="14.428128" lat="50.798311"><ele>324.25</ele></trkpt>
   <trkpt lon="14.423457" lat="50.797078"><ele>325.75</ele></trkpt>
   <trkpt lon="14.422937" lat="50.796946"><ele>324.5</ele></trkpt>
   <trkpt lon="14.422212" lat="50.796757"><ele>321.75</ele></trkpt>
   <trkpt lon="14.421818" lat="50.796662"><ele>319.75</ele></trkpt>
   <trkpt lon="14.421444" lat="50.796581"><ele>318.75</ele></trkpt>
   <trkpt lon="14.420828" lat="50.796476"><ele>318.25</ele></trkpt>
   <trkpt lon="14.420563" lat="50.796440"><ele>318.25</ele></trkpt>
   <trkpt lon="14.420173" lat="50.796394"><ele>318.25</ele></trkpt>
   <trkpt lon="14.418593" lat="50.796247"><ele>321.0</ele></trkpt>
   <trkpt lon="14.418071" lat="50.796197"><ele>321.0</ele></trkpt>
   <trkpt lon="14.417423" lat="50.796102"><ele>320.5</ele></trkpt>
   <trkpt lon="14.417164" lat="50.796075"><ele>320.25</ele></trkpt>
   <trkpt lon="14.416909" lat="50.796040"><ele>320.25</ele></trkpt>
   <trkpt lon="14.416455" lat="50.795969"><ele>320.75</ele></trkpt>
   <trkpt lon="14.412983" lat="50.795649"><ele>322.75</ele></trkpt>
   <trkpt lon="14.412289" lat="50.795593"><ele>322.0</ele></trkpt>
   <trkpt lon="14.411225" lat="50.795534"><ele>320.75</ele></trkpt>
   <trkpt lon="14.408334" lat="50.795265"><ele>320.75</ele></trkpt>
   <trkpt lon="14.407781" lat="50.795184"><ele>319.75</ele></trkpt>
   <trkpt lon="14.407283" lat="50.795076"><ele>319.5</ele></trkpt>
   <trkpt lon="14.406794" lat="50.794962"><ele>319.5</ele></trkpt>
   <trkpt lon="14.406559" lat="50.794888"><ele>319.25</ele></trkpt>
   <trkpt lon="14.406298" lat="50.794797"><ele>318.75</ele></trkpt>
   <trkpt lon="14.406031" lat="50.794693"><ele>318.5</ele></trkpt>
   <trkpt lon="14.405592" lat="50.794493"><ele>318.25</ele></trkpt>
   <trkpt lon="14.405159" lat="50.794244"><ele>318.75</ele></trkpt>
   <trkpt lon="14.404983" lat="50.794133"><ele>319.0</ele></trkpt>
   <trkpt lon="14.404593" lat="50.793868"><ele>319.5</ele></trkpt>
   <trkpt lon="14.404268" lat="50.793608"><ele>319.75</ele></trkpt>
   <trkpt lon="14.403330" lat="50.792849"><ele>320.25</ele></trkpt>
   <trkpt lon="14.403119" lat="50.792705"><ele>320.5</ele></trkpt>
   <trkpt lon="14.402881" lat="50.792557"><ele>320.5</ele></trkpt>
   <trkpt lon="14.402691" lat="50.792452"><ele>320.5</ele></trkpt>
   <trkpt lon="14.402459" lat="50.792339"><ele>320.0</ele></trkpt>
   <trkpt lon="14.402197" lat="50.792221"><ele>319.5</ele></trkpt>
   <trkpt lon="14.401932" lat="50.792114"><ele>319.0</ele></trkpt>
   <trkpt lon="14.401705" lat="50.792035"><ele>318.5</ele></trkpt>
   <trkpt lon="14.401482" lat="50.791968"><ele>317.75</ele></trkpt>
   <trkpt lon="14.400988" lat="50.791845"><ele>316.5</ele></trkpt>
   <trkpt lon="14.400732" lat="50.791794"><ele>316.25</ele></trkpt>
   <trkpt lon="14.400440" lat="50.791748"><ele>316.0</ele></trkpt>
   <trkpt lon="14.400203" lat="50.791719"><ele>315.75</ele></trkpt>
   <trkpt lon="14.399933" lat="50.791690"><ele>316.0</ele></trkpt>
   <trkpt lon="14.399693" lat="50.791672"><ele>316.5</ele></trkpt>
   <trkpt lon="14.399397" lat="50.791663"><ele>317.25</ele></trkpt>
   <trkpt lon="14.399094" lat="50.791662"><ele>318.0</ele></trkpt>
   <trkpt lon="14.398775" lat="50.791672"><ele>318.75</ele></trkpt>
   <trkpt lon="14.398522" lat="50.791689"><ele>319.25</ele></trkpt>
   <trkpt lon="14.398243" lat="50.791716"><ele>320.0</ele></trkpt>
   <trkpt lon="14.397908" lat="50.791759"><ele>320.5</ele></trkpt>
   <trkpt lon="14.396374" lat="50.792035"><ele>320.25</ele></trkpt>
   <trkpt lon="14.396066" lat="50.792081"><ele>319.25</ele></trkpt>
   <trkpt lon="14.395800" lat="50.792115"><ele>318.5</ele></trkpt>
   <trkpt lon="14.395517" lat="50.792142"><ele>318.0</ele></trkpt>
   <trkpt lon="14.395215" lat="50.792162"><ele>317.5</ele></trkpt>
   <trkpt lon="14.394910" lat="50.792169"><ele>317.0</ele></trkpt>
   <trkpt lon="14.394562" lat="50.792166"><ele>316.0</ele></trkpt>
   <trkpt lon="14.394239" lat="50.792148"><ele>315.0</ele></trkpt>
   <trkpt lon="14.393952" lat="50.792121"><ele>314.75</ele></trkpt>
   <trkpt lon="14.393631" lat="50.792080"><ele>314.5</ele></trkpt>
   <trkpt lon="14.393240" lat="50.792014"><ele>314.5</ele></trkpt>
   <trkpt lon="14.391882" lat="50.791740"><ele>315.5</ele></trkpt>
   <trkpt lon="14.391299" lat="50.791633"><ele>315.75</ele></trkpt>
   <trkpt lon="14.390646" lat="50.791547"><ele>315.5</ele></trkpt>
   <trkpt lon="14.390124" lat="50.791512"><ele>315.0</ele></trkpt>
   <trkpt lon="14.389574" lat="50.791500"><ele>316.0</ele></trkpt>
   <trkpt lon="14.389221" lat="50.791506"><ele>317.0</ele></trkpt>
   <trkpt lon="14.388886" lat="50.791521"><ele>317.25</ele></trkpt>
   <trkpt lon="14.388546" lat="50.791550"><ele>317.5</ele></trkpt>
   <trkpt lon="14.388194" lat="50.791590"><ele>317.5</ele></trkpt>
   <trkpt lon="14.387840" lat="50.791638"><ele>317.25</ele></trkpt>
   <trkpt lon="14.386600" lat="50.791816"><ele>315.5</ele></trkpt>
   <trkpt lon="14.383080" lat="50.792317"><ele>312.5</ele></trkpt>
   <trkpt lon="14.381647" lat="50.792524"><ele>313.75</ele></trkpt>
   <trkpt lon="14.381378" lat="50.792559"><ele>314.25</ele></trkpt>
   <trkpt lon="14.381121" lat="50.792583"><ele>315.0</ele></trkpt>
   <trkpt lon="14.380979" lat="50.792593"><ele>315.25</ele></trkpt>
   <trkpt lon="14.380709" lat="50.792602"><ele>316.0</ele></trkpt>
   <trkpt lon="14.379930" lat="50.792603"><ele>318.0</ele></trkpt>
   <trkpt lon="14.379247" lat="50.792618"><ele>317.5</ele></trkpt>
   <trkpt lon="14.378712" lat="50.792666"><ele>317.5</ele></trkpt>
   <trkpt lon="14.378275" lat="50.792732"><ele>317.5</ele></trkpt>
   <trkpt lon="14.377848" lat="50.792839"><ele>315.25</ele></trkpt>
   <trkpt lon="14.377479" lat="50.792947"><ele>313.25</ele></trkpt>
   <trkpt lon="14.377129" lat="50.793058"><ele>312.0</ele></trkpt>
   <trkpt lon="14.376023" lat="50.793448"><ele>309.0</ele></trkpt>
   <trkpt lon="14.372589" lat="50.794636"><ele>302.5</ele></trkpt>
   <trkpt lon="14.371855" lat="50.794859"><ele>303.0</ele></trkpt>
   <trkpt lon="14.371508" lat="50.794946"><ele>303.0</ele></trkpt>
   <trkpt lon="14.371205" lat="50.795010"><ele>302.25</ele></trkpt>
   <trkpt lon="14.370926" lat="50.795061"><ele>301.25</ele></trkpt>
   <trkpt lon="14.370587" lat="50.795112"><ele>300.5</ele></trkpt>
   <trkpt lon="14.370266" lat="50.795151"><ele>299.5</ele></trkpt>
   <trkpt lon="14.369980" lat="50.795178"><ele>298.75</ele></trkpt>
   <trkpt lon="14.369481" lat="50.795201"><ele>298.25</ele></trkpt>
   <trkpt lon="14.368882" lat="50.795202"><ele>297.5</ele></trkpt>
   <trkpt lon="14.368562" lat="50.795188"><ele>297.25</ele></trkpt>
   <trkpt lon="14.368309" lat="50.795169"><ele>296.75</ele></trkpt>
   <trkpt lon="14.367761" lat="50.795114"><ele>296.0</ele></trkpt>
   <trkpt lon="14.366375" lat="50.794921"><ele>295.25</ele></trkpt>
   <trkpt lon="14.366091" lat="50.794881"><ele>294.75</ele></trkpt>
   <trkpt lon="14.364653" lat="50.794689"><ele>295.0</ele></trkpt>
   <trkpt lon="14.362835" lat="50.794426"><ele>297.25</ele></trkpt>
   <trkpt lon="14.361710" lat="50.794270"><ele>297.75</ele></trkpt>
   <trkpt lon="14.361349" lat="50.794210"><ele>298.25</ele></trkpt>
   <trkpt lon="14.361033" lat="50.794146"><ele>298.5</ele></trkpt>
   <trkpt lon="14.360744" lat="50.794078"><ele>298.5</ele></trkpt>
   <trkpt lon="14.360498" lat="50.794008"><ele>298.25</ele></trkpt>
   <trkpt lon="14.360017" lat="50.793845"><ele>297.75</ele></trkpt>
   <trkpt lon="14.359793" lat="50.793755"><ele>298.25</ele></trkpt>
   <trkpt lon="14.359575" lat="50.793658"><ele>298.75</ele></trkpt>
   <trkpt lon="14.359196" lat="50.793466"><ele>299.5</ele></trkpt>
   <trkpt lon="14.359097" lat="50.793413"><ele>299.5</ele></trkpt>
   <trkpt lon="14.358808" lat="50.793235"><ele>299.75</ele></trkpt>
   <trkpt lon="14.358625" lat="50.793108"><ele>299.75</ele></trkpt>
   <trkpt lon="14.358466" lat="50.792980"><ele>299.75</ele></trkpt>
   <trkpt lon="14.358266" lat="50.792803"><ele>299.75</ele></trkpt>
   <trkpt lon="14.358113" lat="50.792648"><ele>299.75</ele></trkpt>
   <trkpt lon="14.357931" lat="50.792440"><ele>299.5</ele></trkpt>
   <trkpt lon="14.357803" lat="50.792266"><ele>299.0</ele></trkpt>
   <trkpt lon="14.357688" lat="50.792073"><ele>298.25</ele></trkpt>
   <trkpt lon="14.357589" lat="50.791882"><ele>297.25</ele></trkpt>
   <trkpt lon="14.357525" lat="50.791726"><ele>296.25</ele></trkpt>
   <trkpt lon="14.357471" lat="50.791566"><ele>295.0</ele></trkpt>
   <trkpt lon="14.357417" lat="50.791346"><ele>293.0</ele></trkpt>
   <trkpt lon="14.357392" lat="50.791154"><ele>291.25</ele></trkpt>
   <trkpt lon="14.357374" lat="50.790904"><ele>288.75</ele></trkpt>
   <trkpt lon="14.357375" lat="50.790519"><ele>288.5</ele></trkpt>
   <trkpt lon="14.357374" lat="50.790453"><ele>288.75</ele></trkpt>
   <trkpt lon="14.357365" lat="50.790125"><ele>289.25</ele></trkpt>
   <trkpt lon="14.357349" lat="50.789901"><ele>290.0</ele></trkpt>
   <trkpt lon="14.357310" lat="50.789697"><ele>291.5</ele></trkpt>
   <trkpt lon="14.357228" lat="50.789430"><ele>293.25</ele></trkpt>
   <trkpt lon="14.357172" lat="50.789288"><ele>294.25</ele></trkpt>
   <trkpt lon="14.357034" lat="50.789014"><ele>295.0</ele></trkpt>
   <trkpt lon="14.356963" lat="50.788894"><ele>294.75</ele></trkpt>
   <trkpt lon="14.356868" lat="50.788758"><ele>294.75</ele></trkpt>
   <trkpt lon="14.356758" lat="50.788619"><ele>294.5</ele></trkpt>
   <trkpt lon="14.356485" lat="50.788329"><ele>294.25</ele></trkpt>
   <trkpt lon="14.356336" lat="50.788193"><ele>293.5</ele></trkpt>
   <trkpt lon="14.356167" lat="50.788052"><ele>292.75</ele></trkpt>
   <trkpt lon="14.355967" lat="50.787905"><ele>292.0</ele></trkpt>
   <trkpt lon="14.355798" lat="50.787790"><ele>291.25</ele></trkpt>
   <trkpt lon="14.355595" lat="50.787669"><ele>290.75</ele></trkpt>
   <trkpt lon="14.355350" lat="50.787536"><ele>289.75</ele></trkpt>
   <trkpt lon="14.355108" lat="50.787421"><ele>289.0</ele></trkpt>
   <trkpt lon="14.354855" lat="50.787310"><ele>288.5</ele></trkpt>
   <trkpt lon="14.354558" lat="50.787200"><ele>288.0</ele></trkpt>
   <trkpt lon="14.354082" lat="50.787054"><ele>287.75</ele></trkpt>
   <trkpt lon="14.354010" lat="50.787034"><ele>287.75</ele></trkpt>
   <trkpt lon="14.353685" lat="50.786959"><ele>287.75</ele></trkpt>
   <trkpt lon="14.353349" lat="50.786891"><ele>287.75</ele></trkpt>
   <trkpt lon="14.353010" lat="50.786837"><ele>287.5</ele></trkpt>
   <trkpt lon="14.352587" lat="50.786783"><ele>287.5</ele></trkpt>
   <trkpt lon="14.351906" lat="50.786720"><ele>287.25</ele></trkpt>
   <trkpt lon="14.351294" lat="50.786689"><ele>286.5</ele></trkpt>
   <trkpt lon="14.350986" lat="50.786682"><ele>286.25</ele></trkpt>
   <trkpt lon="14.350692" lat="50.786683"><ele>286.0</ele></trkpt>
   <trkpt lon="14.350601" lat="50.786685"><ele>286.0</ele></trkpt>
   <trkpt lon="14.350381" lat="50.786690"><ele>286.0</ele></trkpt>
   <trkpt lon="14.350063" lat="50.786709"><ele>286.25</ele></trkpt>
   <trkpt lon="14.349769" lat="50.786734"><ele>285.75</ele></trkpt>
   <trkpt lon="14.349471" lat="50.786770"><ele>285.25</ele></trkpt>
   <trkpt lon="14.349220" lat="50.786805"><ele>284.75</ele></trkpt>
   <trkpt lon="14.348948" lat="50.786852"><ele>284.75</ele></trkpt>
   <trkpt lon="14.347640" lat="50.787104"><ele>283.75</ele></trkpt>
   <trkpt lon="14.347291" lat="50.787152"><ele>283.5</ele></trkpt>
   <trkpt lon="14.347019" lat="50.787181"><ele>283.25</ele></trkpt>
   <trkpt lon="14.346760" lat="50.787202"><ele>283.0</ele></trkpt>
   <trkpt lon="14.346475" lat="50.787216"><ele>282.5</ele></trkpt>
   <trkpt lon="14.345941" lat="50.787215"><ele>281.5</ele></trkpt>
   <trkpt lon="14.345701" lat="50.787202"><ele>280.75</ele></trkpt>
   <trkpt lon="14.345367" lat="50.787170"><ele>280.0</ele></trkpt>
   <trkpt lon="14.345090" lat="50.787136"><ele>279.25</ele></trkpt>
   <trkpt lon="14.344709" lat="50.787073"><ele>279.25</ele></trkpt>
   <trkpt lon="14.344406" lat="50.787008"><ele>279.75</ele></trkpt>
   <trkpt lon="14.343997" lat="50.786900"><ele>280.0</ele></trkpt>
   <trkpt lon="14.343772" lat="50.786830"><ele>280.25</ele></trkpt>
   <trkpt lon="14.343352" lat="50.786677"><ele>280.75</ele></trkpt>
   <trkpt lon="14.343131" lat="50.786580"><ele>281.0</ele></trkpt>
   <trkpt lon="14.342795" lat="50.786407"><ele>281.25</ele></trkpt>
   <trkpt lon="14.342479" lat="50.786229"><ele>281.25</ele></trkpt>
   <trkpt lon="14.342160" lat="50.786016"><ele>281.0</ele></trkpt>
   <trkpt lon="14.341843" lat="50.785750"><ele>280.0</ele></trkpt>
   <trkpt lon="14.341694" lat="50.785606"><ele>279.0</ele></trkpt>
   <trkpt lon="14.341573" lat="50.785476"><ele>278.25</ele></trkpt>
   <trkpt lon="14.341291" lat="50.785140"><ele>276.25</ele></trkpt>
   <trkpt lon="14.340472" lat="50.784117"><ele>277.5</ele></trkpt>
   <trkpt lon="14.339428" lat="50.782806"><ele>278.5</ele></trkpt>
   <trkpt lon="14.339195" lat="50.782505"><ele>277.75</ele></trkpt>
   <trkpt lon="14.339077" lat="50.782328"><ele>278.25</ele></trkpt>
   <trkpt lon="14.338988" lat="50.782175"><ele>278.5</ele></trkpt>
   <trkpt lon="14.338958" lat="50.782116"><ele>278.75</ele></trkpt>
   <trkpt lon="14.338853" lat="50.781861"><ele>279.0</ele></trkpt>
   <trkpt lon="14.338808" lat="50.781693"><ele>279.25</ele></trkpt>
   <trkpt lon="14.338768" lat="50.781505"><ele>278.75</ele></trkpt>
   <trkpt lon="14.338752" lat="50.781325"><ele>278.25</ele></trkpt>
   <trkpt lon="14.338761" lat="50.781114"><ele>277.25</ele></trkpt>
   <trkpt lon="14.338794" lat="50.780877"><ele>276.5</ele></trkpt>
   <trkpt lon="14.338846" lat="50.780677"><ele>276.0</ele></trkpt>
   <trkpt lon="14.338905" lat="50.780495"><ele>275.5</ele></trkpt>
   <trkpt lon="14.339002" lat="50.780288"><ele>274.75</ele></trkpt>
   <trkpt lon="14.339115" lat="50.780082"><ele>274.25</ele></trkpt>
   <trkpt lon="14.339237" lat="50.779888"><ele>274.0</ele></trkpt>
   <trkpt lon="14.339364" lat="50.779724"><ele>274.25</ele></trkpt>
   <trkpt lon="14.339508" lat="50.779561"><ele>274.25</ele></trkpt>
   <trkpt lon="14.339651" lat="50.779415"><ele>274.5</ele></trkpt>
   <trkpt lon="14.339727" lat="50.779340"><ele>274.75</ele></trkpt>
   <trkpt lon="14.339884" lat="50.779201"><ele>275.0</ele></trkpt>
   <trkpt lon="14.340048" lat="50.779073"><ele>275.0</ele></trkpt>
   <trkpt lon="14.340257" lat="50.778926"><ele>274.75</ele></trkpt>
   <trkpt lon="14.340435" lat="50.778813"><ele>274.5</ele></trkpt>
   <trkpt lon="14.340636" lat="50.778700"><ele>274.25</ele></trkpt>
   <trkpt lon="14.340814" lat="50.778610"><ele>274.0</ele></trkpt>
   <trkpt lon="14.341011" lat="50.778519"><ele>273.5</ele></trkpt>
   <trkpt lon="14.341267" lat="50.778415"><ele>272.5</ele></trkpt>
   <trkpt lon="14.341536" lat="50.778320"><ele>271.5</ele></trkpt>
   <trkpt lon="14.341792" lat="50.778242"><ele>270.75</ele></trkpt>
   <trkpt lon="14.342039" lat="50.778176"><ele>270.25</ele></trkpt>
   <trkpt lon="14.342299" lat="50.778119"><ele>269.5</ele></trkpt>
   <trkpt lon="14.342587" lat="50.778067"><ele>269.0</ele></trkpt>
   <trkpt lon="14.343000" lat="50.778015"><ele>267.5</ele></trkpt>
   <trkpt lon="14.343631" lat="50.777948"><ele>266.25</ele></trkpt>
   <trkpt lon="14.343762" lat="50.777933"><ele>266.25</ele></trkpt>
   <trkpt lon="14.344387" lat="50.777856"><ele>266.75</ele></trkpt>
   <trkpt lon="14.344775" lat="50.777801"><ele>267.25</ele></trkpt>
   <trkpt lon="14.345129" lat="50.777733"><ele>267.75</ele></trkpt>
   <trkpt lon="14.345359" lat="50.777680"><ele>268.0</ele></trkpt>
   <trkpt lon="14.345616" lat="50.777607"><ele>268.25</ele></trkpt>
   <trkpt lon="14.345909" lat="50.777510"><ele>268.75</ele></trkpt>
   <trkpt lon="14.346169" lat="50.777409"><ele>268.5</ele></trkpt>
   <trkpt lon="14.346456" lat="50.777280"><ele>268.5</ele></trkpt>
   <trkpt lon="14.346704" lat="50.777157"><ele>268.5</ele></trkpt>
   <trkpt lon="14.346910" lat="50.777042"><ele>268.25</ele></trkpt>
   <trkpt lon="14.347405" lat="50.776692"><ele>268.25</ele></trkpt>
   <trkpt lon="14.347557" lat="50.776556"><ele>267.5</ele></trkpt>
   <trkpt lon="14.347759" lat="50.776341"><ele>266.25</ele></trkpt>
   <trkpt lon="14.347919" lat="50.776147"><ele>265.0</ele></trkpt>
   <trkpt lon="14.348016" lat="50.776007"><ele>264.5</ele></trkpt>
   <trkpt lon="14.348122" lat="50.775824"><ele>263.5</ele></trkpt>
   <trkpt lon="14.348199" lat="50.775664"><ele>262.75</ele></trkpt>
   <trkpt lon="14.348266" lat="50.775510"><ele>262.0</ele></trkpt>
   <trkpt lon="14.348323" lat="50.775322"><ele>261.0</ele></trkpt>
   <trkpt lon="14.348364" lat="50.775142"><ele>260.25</ele></trkpt>
   <trkpt lon="14.348391" lat="50.774850"><ele>259.75</ele></trkpt>
   <trkpt lon="14.348393" lat="50.774780"><ele>259.75</ele></trkpt>
   <trkpt lon="14.348349" lat="50.774427"><ele>259.75</ele></trkpt>
   <trkpt lon="14.348307" lat="50.774263"><ele>260.0</ele></trkpt>
   <trkpt lon="14.348241" lat="50.774082"><ele>260.5</ele></trkpt>
   <trkpt lon="14.348209" lat="50.774013"><ele>260.5</ele></trkpt>
   <trkpt lon="14.348107" lat="50.773821"><ele>261.25</ele></trkpt>
   <trkpt lon="14.348001" lat="50.773657"><ele>261.5</ele></trkpt>
   <trkpt lon="14.347834" lat="50.773440"><ele>262.0</ele></trkpt>
   <trkpt lon="14.347738" lat="50.773327"><ele>262.25</ele></trkpt>
   <trkpt lon="14.347590" lat="50.773176"><ele>262.75</ele></trkpt>
   <trkpt lon="14.347327" lat="50.772959"><ele>263.0</ele></trkpt>
   <trkpt lon="14.347083" lat="50.772777"><ele>263.25</ele></trkpt>
   <trkpt lon="14.346832" lat="50.772628"><ele>263.0</ele></trkpt>
   <trkpt lon="14.346566" lat="50.772484"><ele>262.75</ele></trkpt>
   <trkpt lon="14.346018" lat="50.772224"><ele>262.5</ele></trkpt>
   <trkpt lon="14.344914" lat="50.771727"><ele>261.75</ele></trkpt>
   <trkpt lon="14.344326" lat="50.771436"><ele>259.0</ele></trkpt>
   <trkpt lon="14.343847" lat="50.771183"><ele>257.75</ele></trkpt>
   <trkpt lon="14.343339" lat="50.770928"><ele>258.0</ele></trkpt>
   <trkpt lon="14.343086" lat="50.770795"><ele>258.75</ele></trkpt>
   <trkpt lon="14.342869" lat="50.770671"><ele>259.25</ele></trkpt>
   <trkpt lon="14.342483" lat="50.770421"><ele>260.0</ele></trkpt>
   <trkpt lon="14.342140" lat="50.770131"><ele>260.0</ele></trkpt>
   <trkpt lon="14.341909" lat="50.769884"><ele>260.25</ele></trkpt>
   <trkpt lon="14.341787" lat="50.769729"><ele>260.25</ele></trkpt>
   <trkpt lon="14.340615" lat="50.768172"><ele>256.75</ele></trkpt>
   <trkpt lon="14.339897" lat="50.767227"><ele>253.25</ele></trkpt>
   <trkpt lon="14.339839" lat="50.767135"><ele>253.5</ele></trkpt>
   <trkpt lon="14.339774" lat="50.767044"><ele>253.75</ele></trkpt>
   <trkpt lon="14.339562" lat="50.766727"><ele>254.75</ele></trkpt>
   <trkpt lon="14.339388" lat="50.766403"><ele>255.5</ele></trkpt>
   <trkpt lon="14.338418" lat="50.764304"><ele>247.75</ele></trkpt>
   <trkpt lon="14.338059" lat="50.763516"><ele>244.25</ele></trkpt>
   <trkpt lon="14.337909" lat="50.763127"><ele>244.0</ele></trkpt>
   <trkpt lon="14.337860" lat="50.762943"><ele>244.25</ele></trkpt>
   <trkpt lon="14.337831" lat="50.762767"><ele>244.75</ele></trkpt>
   <trkpt lon="14.337818" lat="50.762623"><ele>244.75</ele></trkpt>
   <trkpt lon="14.337812" lat="50.762470"><ele>245.0</ele></trkpt>
   <trkpt lon="14.337821" lat="50.762312"><ele>245.75</ele></trkpt>
   <trkpt lon="14.337880" lat="50.761947"><ele>246.5</ele></trkpt>
   <trkpt lon="14.338005" lat="50.761599"><ele>247.0</ele></trkpt>
   <trkpt lon="14.338116" lat="50.761375"><ele>246.5</ele></trkpt>
   <trkpt lon="14.338381" lat="50.760887"><ele>245.5</ele></trkpt>
   <trkpt lon="14.338472" lat="50.760699"><ele>245.0</ele></trkpt>
   <trkpt lon="14.338540" lat="50.760512"><ele>244.25</ele></trkpt>
   <trkpt lon="14.338579" lat="50.760373"><ele>243.75</ele></trkpt>
   <trkpt lon="14.338612" lat="50.760214"><ele>243.25</ele></trkpt>
   <trkpt lon="14.338639" lat="50.760008"><ele>242.75</ele></trkpt>
   <trkpt lon="14.338643" lat="50.759827"><ele>243.25</ele></trkpt>
   <trkpt lon="14.338634" lat="50.759631"><ele>243.75</ele></trkpt>
   <trkpt lon="14.338547" lat="50.759208"><ele>245.0</ele></trkpt>
   <trkpt lon="14.338496" lat="50.759036"><ele>244.25</ele></trkpt>
   <trkpt lon="14.338309" lat="50.758665"><ele>241.75</ele></trkpt>
   <trkpt lon="14.338082" lat="50.758339"><ele>239.75</ele></trkpt>
   <trkpt lon="14.338056" lat="50.758304"><ele>239.75</ele></trkpt>
   <trkpt lon="14.338016" lat="50.758253"><ele>239.5</ele></trkpt>
   <trkpt lon="14.337652" lat="50.757830"><ele>237.25</ele></trkpt>
   <trkpt lon="14.337493" lat="50.757626"><ele>236.0</ele></trkpt>
   <trkpt lon="14.337353" lat="50.757410"><ele>234.75</ele></trkpt>
   <trkpt lon="14.337262" lat="50.757234"><ele>234.25</ele></trkpt>
   <trkpt lon="14.337184" lat="50.757051"><ele>233.75</ele></trkpt>
   <trkpt lon="14.337129" lat="50.756893"><ele>233.5</ele></trkpt>
   <trkpt lon="14.337093" lat="50.756751"><ele>233.0</ele></trkpt>
   <trkpt lon="14.337069" lat="50.756628"><ele>233.0</ele></trkpt>
   <trkpt lon="14.337046" lat="50.756435"><ele>233.5</ele></trkpt>
   <trkpt lon="14.337040" lat="50.756218"><ele>234.0</ele></trkpt>
   <trkpt lon="14.337057" lat="50.756027"><ele>234.5</ele></trkpt>
   <trkpt lon="14.337091" lat="50.755801"><ele>235.0</ele></trkpt>
   <trkpt lon="14.337142" lat="50.755605"><ele>235.5</ele></trkpt>
   <trkpt lon="14.337201" lat="50.755439"><ele>236.0</ele></trkpt>
   <trkpt lon="14.337291" lat="50.755239"><ele>236.5</ele></trkpt>
   <trkpt lon="14.337451" lat="50.754947"><ele>237.0</ele></trkpt>
   <trkpt lon="14.337742" lat="50.754421"><ele>236.0</ele></trkpt>
   <trkpt lon="14.337828" lat="50.754228"><ele>235.5</ele></trkpt>
   <trkpt lon="14.337941" lat="50.753878"><ele>233.75</ele></trkpt>
   <trkpt lon="14.337966" lat="50.753704"><ele>233.0</ele></trkpt>
   <trkpt lon="14.337969" lat="50.753672"><ele>233.0</ele></trkpt>
   <trkpt lon="14.337984" lat="50.753515"><ele>232.25</ele></trkpt>
   <trkpt lon="14.337981" lat="50.753308"><ele>231.75</ele></trkpt>
   <trkpt lon="14.337932" lat="50.752964"><ele>231.5</ele></trkpt>
   <trkpt lon="14.337876" lat="50.752758"><ele>231.25</ele></trkpt>
   <trkpt lon="14.337807" lat="50.752570"><ele>231.25</ele></trkpt>
   <trkpt lon="14.337688" lat="50.752311"><ele>231.0</ele></trkpt>
   <trkpt lon="14.337571" lat="50.752122"><ele>230.75</ele></trkpt>
   <trkpt lon="14.337435" lat="50.751944"><ele>230.5</ele></trkpt>
   <trkpt lon="14.337284" lat="50.751775"><ele>230.0</ele></trkpt>
   <trkpt lon="14.337164" lat="50.751637"><ele>229.5</ele></trkpt>
   <trkpt lon="14.336561" lat="50.750988"><ele>227.25</ele></trkpt>
   <trkpt lon="14.335882" lat="50.750241"><ele>226.5</ele></trkpt>
   <trkpt lon="14.335460" lat="50.749792"><ele>226.25</ele></trkpt>
   <trkpt lon="14.334255" lat="50.748489"><ele>223.25</ele></trkpt>
   <trkpt lon="14.334205" lat="50.748436"><ele>223.25</ele></trkpt>
   <trkpt lon="14.333966" lat="50.748216"><ele>223.5</ele></trkpt>
   <trkpt lon="14.333770" lat="50.748060"><ele>223.75</ele></trkpt>
   <trkpt lon="14.333569" lat="50.747914"><ele>223.75</ele></trkpt>
   <trkpt lon="14.333357" lat="50.747781"><ele>223.75</ele></trkpt>
   <trkpt lon="14.333159" lat="50.747669"><ele>224.0</ele></trkpt>
   <trkpt lon="14.332417" lat="50.747285"><ele>224.0</ele></trkpt>
   <trkpt lon="14.332295" lat="50.747224"><ele>223.75</ele></trkpt>
   <trkpt lon="14.331504" lat="50.746823"><ele>221.5</ele></trkpt>
   <trkpt lon="14.331315" lat="50.746727"><ele>221.0</ele></trkpt>
   <trkpt lon="14.330944" lat="50.746538"><ele>220.5</ele></trkpt>
   <trkpt lon="14.329997" lat="50.746093"><ele>220.0</ele></trkpt>
   <trkpt lon="14.329757" lat="50.745989"><ele>220.0</ele></trkpt>
   <trkpt lon="14.329673" lat="50.745952"><ele>220.0</ele></trkpt>
   <trkpt lon="14.329524" lat="50.745886"><ele>220.0</ele></trkpt>
   <trkpt lon="14.329350" lat="50.745808"><ele>220.0</ele></trkpt>
   <trkpt lon="14.328884" lat="50.745570"><ele>219.25</ele></trkpt>
   <trkpt lon="14.328465" lat="50.745293"><ele>217.5</ele></trkpt>
   <trkpt lon="14.328213" lat="50.745099"><ele>216.5</ele></trkpt>
   <trkpt lon="14.327901" lat="50.744864"><ele>215.75</ele></trkpt>
   <trkpt lon="14.327652" lat="50.744696"><ele>215.25</ele></trkpt>
   <trkpt lon="14.327488" lat="50.744593"><ele>215.0</ele></trkpt>
   <trkpt lon="14.327354" lat="50.744513"><ele>214.75</ele></trkpt>
   <trkpt lon="14.327149" lat="50.744410"><ele>214.5</ele></trkpt>
   <trkpt lon="14.326869" lat="50.744281"><ele>214.25</ele></trkpt>
   <trkpt lon="14.326699" lat="50.744212"><ele>214.25</ele></trkpt>
   <trkpt lon="14.326110" lat="50.744008"><ele>213.5</ele></trkpt>
   <trkpt lon="14.325819" lat="50.743927"><ele>213.0</ele></trkpt>
   <trkpt lon="14.325311" lat="50.743820"><ele>211.75</ele></trkpt>
   <trkpt lon="14.325043" lat="50.743777"><ele>211.25</ele></trkpt>
   <trkpt lon="14.324520" lat="50.743720"><ele>210.25</ele></trkpt>
   <trkpt lon="14.324017" lat="50.743696"><ele>209.75</ele></trkpt>
   <trkpt lon="14.323609" lat="50.743690"><ele>209.5</ele></trkpt>
   <trkpt lon="14.323544" lat="50.743689"><ele>209.5</ele></trkpt>
   <trkpt lon="14.323022" lat="50.743680"><ele>209.5</ele></trkpt>
   <trkpt lon="14.322806" lat="50.743671"><ele>209.75</ele></trkpt>
   <trkpt lon="14.322391" lat="50.743632"><ele>209.75</ele></trkpt>
   <trkpt lon="14.322113" lat="50.743599"><ele>209.5</ele></trkpt>
   <trkpt lon="14.321802" lat="50.743548"><ele>209.0</ele></trkpt>
   <trkpt lon="14.321570" lat="50.743501"><ele>208.5</ele></trkpt>
   <trkpt lon="14.321310" lat="50.743440"><ele>208.0</ele></trkpt>
   <trkpt lon="14.320728" lat="50.743256"><ele>206.5</ele></trkpt>
   <trkpt lon="14.320261" lat="50.743069"><ele>205.5</ele></trkpt>
   <trkpt lon="14.319897" lat="50.742889"><ele>204.5</ele></trkpt>
   <trkpt lon="14.319606" lat="50.742725"><ele>203.5</ele></trkpt>
   <trkpt lon="14.318371" lat="50.741989"><ele>200.25</ele></trkpt>
   <trkpt lon="14.318037" lat="50.741802"><ele>199.75</ele></trkpt>
   <trkpt lon="14.316999" lat="50.741188"><ele>201.75</ele></trkpt>
   <trkpt lon="14.316572" lat="50.740945"><ele>202.75</ele></trkpt>
   <trkpt lon="14.316112" lat="50.740717"><ele>203.25</ele></trkpt>
   <trkpt lon="14.315851" lat="50.740600"><ele>203.5</ele></trkpt>
   <trkpt lon="14.315518" lat="50.740468"><ele>203.5</ele></trkpt>
   <trkpt lon="14.315134" lat="50.740325"><ele>203.25</ele></trkpt>
   <trkpt lon="14.314324" lat="50.740040"><ele>201.5</ele></trkpt>
   <trkpt lon="14.314069" lat="50.739948"><ele>200.75</ele></trkpt>
   <trkpt lon="14.313673" lat="50.739812"><ele>199.25</ele></trkpt>
   <trkpt lon="14.313331" lat="50.739685"><ele>196.75</ele></trkpt>
   <trkpt lon="14.312870" lat="50.739556"><ele>196.25</ele></trkpt>
   <trkpt lon="14.312622" lat="50.739499"><ele>195.5</ele></trkpt>
   <trkpt lon="14.312466" lat="50.739464"><ele>195.0</ele></trkpt>
   <trkpt lon="14.312319" lat="50.739439"><ele>194.75</ele></trkpt>
   <trkpt lon="14.311854" lat="50.739358"><ele>194.75</ele></trkpt>
   <trkpt lon="14.311629" lat="50.739327"><ele>194.5</ele></trkpt>
   <trkpt lon="14.311245" lat="50.739270"><ele>194.0</ele></trkpt>
   <trkpt lon="14.310678" lat="50.739189"><ele>193.75</ele></trkpt>
   <trkpt lon="14.310432" lat="50.739153"><ele>194.0</ele></trkpt>
   <trkpt lon="14.309704" lat="50.739043"><ele>196.25</ele></trkpt>
   <trkpt lon="14.309125" lat="50.738954"><ele>198.0</ele></trkpt>
   <trkpt lon="14.307862" lat="50.738763"><ele>200.5</ele></trkpt>
   <trkpt lon="14.307438" lat="50.738695"><ele>200.75</ele></trkpt>
   <trkpt lon="14.306419" lat="50.738583"><ele>199.75</ele></trkpt>
   <trkpt lon="14.305459" lat="50.738437"><ele>199.5</ele></trkpt>
   <trkpt lon="14.304982" lat="50.738366"><ele>199.5</ele></trkpt>
   <trkpt lon="14.302689" lat="50.738011"><ele>205.25</ele></trkpt>
   <trkpt lon="14.301470" lat="50.737785"><ele>208.5</ele></trkpt>
   <trkpt lon="14.301039" lat="50.737728"><ele>208.25</ele></trkpt>
   <trkpt lon="14.300750" lat="50.737701"><ele>207.75</ele></trkpt>
   <trkpt lon="14.300411" lat="50.737690"><ele>207.0</ele></trkpt>
   <trkpt lon="14.300130" lat="50.737696"><ele>206.0</ele></trkpt>
   <trkpt lon="14.299931" lat="50.737707"><ele>205.5</ele></trkpt>
   <trkpt lon="14.299540" lat="50.737747"><ele>205.5</ele></trkpt>
   <trkpt lon="14.299177" lat="50.737798"><ele>205.0</ele></trkpt>
   <trkpt lon="14.298687" lat="50.737885"><ele>203.25</ele></trkpt>
   <trkpt lon="14.298196" lat="50.737982"><ele>201.5</ele></trkpt>
   <trkpt lon="14.297724" lat="50.738071"><ele>201.0</ele></trkpt>
   <trkpt lon="14.297341" lat="50.738155"><ele>200.25</ele></trkpt>
   <trkpt lon="14.296912" lat="50.738267"><ele>199.25</ele></trkpt>
   <trkpt lon="14.295732" lat="50.738632"><ele>200.0</ele></trkpt>
   <trkpt lon="14.295363" lat="50.738727"><ele>199.5</ele></trkpt>
   <trkpt lon="14.294856" lat="50.738828"><ele>198.5</ele></trkpt>
   <trkpt lon="14.294493" lat="50.738879"><ele>198.0</ele></trkpt>
   <trkpt lon="14.294198" lat="50.738905"><ele>198.0</ele></trkpt>
   <trkpt lon="14.293822" lat="50.738927"><ele>198.25</ele></trkpt>
   <trkpt lon="14.293469" lat="50.738933"><ele>198.75</ele></trkpt>
   <trkpt lon="14.292481" lat="50.738888"><ele>198.5</ele></trkpt>
   <trkpt lon="14.291113" lat="50.738791"><ele>198.5</ele></trkpt>
   <trkpt lon="14.290660" lat="50.738737"><ele>198.75</ele></trkpt>
   <trkpt lon="14.290021" lat="50.738611"><ele>200.0</ele></trkpt>
   <trkpt lon="14.289710" lat="50.738537"><ele>200.25</ele></trkpt>
   <trkpt lon="14.287684" lat="50.738012"><ele>200.25</ele></trkpt>
   <trkpt lon="14.285908" lat="50.737539"><ele>195.0</ele></trkpt>
   <trkpt lon="14.284761" lat="50.737247"><ele>198.75</ele></trkpt>
   <trkpt lon="14.284321" lat="50.737159"><ele>200.0</ele></trkpt>
   <trkpt lon="14.283921" lat="50.737103"><ele>200.25</ele></trkpt>
   <trkpt lon="14.283456" lat="50.737067"><ele>199.5</ele></trkpt>
   <trkpt lon="14.282931" lat="50.737048"><ele>197.75</ele></trkpt>
   <trkpt lon="14.282003" lat="50.737069"><ele>193.5</ele></trkpt>
   <trkpt lon="14.281578" lat="50.737108"><ele>191.5</ele></trkpt>
   <trkpt lon="14.281235" lat="50.737154"><ele>191.5</ele></trkpt>
   <trkpt lon="14.280878" lat="50.737218"><ele>191.25</ele></trkpt>
   <trkpt lon="14.280491" lat="50.737311"><ele>189.75</ele></trkpt>
   <trkpt lon="14.280129" lat="50.737425"><ele>187.5</ele></trkpt>
   <trkpt lon="14.279729" lat="50.737574"><ele>188.75</ele></trkpt>
   <trkpt lon="14.279392" lat="50.737739"><ele>190.75</ele></trkpt>
   <trkpt lon="14.278982" lat="50.737981"><ele>190.5</ele></trkpt>
   <trkpt lon="14.278740" lat="50.738165"><ele>188.5</ele></trkpt>
   <trkpt lon="14.278490" lat="50.738374"><ele>185.5</ele></trkpt>
   <trkpt lon="14.278271" lat="50.738603"><ele>185.25</ele></trkpt>
   <trkpt lon="14.278091" lat="50.738829"><ele>186.0</ele></trkpt>
   <trkpt lon="14.277955" lat="50.739054"><ele>185.75</ele></trkpt>
   <trkpt lon="14.277823" lat="50.739300"><ele>185.75</ele></trkpt>
   <trkpt lon="14.277746" lat="50.739467"><ele>186.0</ele></trkpt>
   <trkpt lon="14.277517" lat="50.739914"><ele>186.0</ele></trkpt>
   <trkpt lon="14.277402" lat="50.740117"><ele>186.25</ele></trkpt>
   <trkpt lon="14.277236" lat="50.740325"><ele>186.5</ele></trkpt>
   <trkpt lon="14.277087" lat="50.740488"><ele>186.75</ele></trkpt>
   <trkpt lon="14.276616" lat="50.740871"><ele>187.25</ele></trkpt>
   <trkpt lon="14.276459" lat="50.740978"><ele>188.25</ele></trkpt>
   <trkpt lon="14.276043" lat="50.741205"><ele>189.5</ele></trkpt>
   <trkpt lon="14.275763" lat="50.741335"><ele>189.25</ele></trkpt>
   <trkpt lon="14.275448" lat="50.741454"><ele>188.75</ele></trkpt>
   <trkpt lon="14.275105" lat="50.741565"><ele>187.5</ele></trkpt>
   <trkpt lon="14.273393" lat="50.742045"><ele>188.0</ele></trkpt>
   <trkpt lon="14.273293" lat="50.742073"><ele>187.75</ele></trkpt>
   <trkpt lon="14.272542" lat="50.742281"><ele>186.25</ele></trkpt>
   <trkpt lon="14.272036" lat="50.742426"><ele>184.75</ele></trkpt>
   <trkpt lon="14.271952" lat="50.742447"><ele>184.5</ele></trkpt>
   <trkpt lon="14.271655" lat="50.742523"><ele>183.75</ele></trkpt>
   <trkpt lon="14.271378" lat="50.742581"><ele>184.0</ele></trkpt>
   <trkpt lon="14.271066" lat="50.742636"><ele>184.0</ele></trkpt>
   <trkpt lon="14.270308" lat="50.742754"><ele>183.0</ele></trkpt>
   <trkpt lon="14.270139" lat="50.742778"><ele>182.5</ele></trkpt>
   <trkpt lon="14.269794" lat="50.742833"><ele>183.25</ele></trkpt>
   <trkpt lon="14.269487" lat="50.742893"><ele>184.5</ele></trkpt>
   <trkpt lon="14.269165" lat="50.742969"><ele>185.25</ele></trkpt>
   <trkpt lon="14.268851" lat="50.743059"><ele>185.0</ele></trkpt>
   <trkpt lon="14.266256" lat="50.743891"><ele>179.5</ele></trkpt>
   <trkpt lon="14.265920" lat="50.744008"><ele>178.5</ele></trkpt>
   <trkpt lon="14.265573" lat="50.744141"><ele>177.25</ele></trkpt>
   <trkpt lon="14.265251" lat="50.744278"><ele>177.25</ele></trkpt>
   <trkpt lon="14.264802" lat="50.744493"><ele>177.0</ele></trkpt>
   <trkpt lon="14.264206" lat="50.744837"><ele>175.5</ele></trkpt>
   <trkpt lon="14.264029" lat="50.744950"><ele>174.5</ele></trkpt>
   <trkpt lon="14.263720" lat="50.745175"><ele>173.75</ele></trkpt>
   <trkpt lon="14.263521" lat="50.745337"><ele>173.5</ele></trkpt>
   <trkpt lon="14.263456" lat="50.745390"><ele>173.25</ele></trkpt>
   <trkpt lon="14.263101" lat="50.745717"><ele>174.0</ele></trkpt>
   <trkpt lon="14.262555" lat="50.746254"><ele>174.5</ele></trkpt>
   <trkpt lon="14.262275" lat="50.746509"><ele>174.25</ele></trkpt>
   <trkpt lon="14.261970" lat="50.746758"><ele>173.75</ele></trkpt>
   <trkpt lon="14.261181" lat="50.747380"><ele>172.5</ele></trkpt>
   <trkpt lon="14.260855" lat="50.747618"><ele>172.75</ele></trkpt>
   <trkpt lon="14.260803" lat="50.747655"><ele>172.75</ele></trkpt>
   <trkpt lon="14.260371" lat="50.747946"><ele>171.75</ele></trkpt>
   <trkpt lon="14.260131" lat="50.748089"><ele>170.75</ele></trkpt>
   <trkpt lon="14.260063" lat="50.748133"><ele>170.5</ele></trkpt>
   <trkpt lon="14.258089" lat="50.749380"><ele>178.5</ele></trkpt>
   <trkpt lon="14.257731" lat="50.749632"><ele>185.25</ele></trkpt>
   <trkpt lon="14.257576" lat="50.749759"><ele>187.5</ele></trkpt>
   <trkpt lon="14.257444" lat="50.749882"><ele>189.0</ele></trkpt>
   <trkpt lon="14.257343" lat="50.749983"><ele>189.75</ele></trkpt>
   <trkpt lon="14.257219" lat="50.750118"><ele>191.25</ele></trkpt>
   <trkpt lon="14.257115" lat="50.750252"><ele>192.0</ele></trkpt>
   <trkpt lon="14.256934" lat="50.750535"><ele>192.25</ele></trkpt>
   <trkpt lon="14.256825" lat="50.750768"><ele>191.25</ele></trkpt>
   <trkpt lon="14.256753" lat="50.750993"><ele>190.5</ele></trkpt>
   <trkpt lon="14.256707" lat="50.751171"><ele>190.0</ele></trkpt>
   <trkpt lon="14.256678" lat="50.751362"><ele>189.0</ele></trkpt>
   <trkpt lon="14.256671" lat="50.751559"><ele>187.5</ele></trkpt>
   <trkpt lon="14.256707" lat="50.751873"><ele>183.5</ele></trkpt>
   <trkpt lon="14.256748" lat="50.752058"><ele>180.5</ele></trkpt>
   <trkpt lon="14.256858" lat="50.752359"><ele>175.5</ele></trkpt>
   <trkpt lon="14.257319" lat="50.753346"><ele>170.25</ele></trkpt>
   <trkpt lon="14.257374" lat="50.753462"><ele>170.75</ele></trkpt>
   <trkpt lon="14.257675" lat="50.754151"><ele>172.0</ele></trkpt>
   <trkpt lon="14.257753" lat="50.754393"><ele>173.75</ele></trkpt>
   <trkpt lon="14.257809" lat="50.754644"><ele>175.5</ele></trkpt>
   <trkpt lon="14.257828" lat="50.754872"><ele>177.75</ele></trkpt>
   <trkpt lon="14.257825" lat="50.755104"><ele>179.25</ele></trkpt>
   <trkpt lon="14.257790" lat="50.755303"><ele>179.75</ele></trkpt>
   <trkpt lon="14.257735" lat="50.755505"><ele>181.0</ele></trkpt>
   <trkpt lon="14.257669" lat="50.755659"><ele>182.75</ele></trkpt>
   <trkpt lon="14.257588" lat="50.755807"><ele>184.5</ele></trkpt>
   <trkpt lon="14.257456" lat="50.756003"><ele>185.0</ele></trkpt>
   <trkpt lon="14.257323" lat="50.756176"><ele>184.25</ele></trkpt>
   <trkpt lon="14.256339" lat="50.757277"><ele>173.5</ele></trkpt>
   <trkpt lon="14.255970" lat="50.757665"><ele>171.5</ele></trkpt>
   <trkpt lon="14.255832" lat="50.757786"><ele>171.0</ele></trkpt>
   <trkpt lon="14.255691" lat="50.757897"><ele>170.5</ele></trkpt>
   <trkpt lon="14.255412" lat="50.758089"><ele>168.5</ele></trkpt>
   <trkpt lon="14.255250" lat="50.758189"><ele>167.0</ele></trkpt>
   <trkpt lon="14.255064" lat="50.758292"><ele>164.75</ele></trkpt>
   <trkpt lon="14.254875" lat="50.758383"><ele>164.0</ele></trkpt>
   <trkpt lon="14.254685" lat="50.758463"><ele>164.0</ele></trkpt>
   <trkpt lon="14.254358" lat="50.758589"><ele>164.0</ele></trkpt>
   <trkpt lon="14.254031" lat="50.758697"><ele>163.75</ele></trkpt>
   <trkpt lon="14.253724" lat="50.758774"><ele>163.5</ele></trkpt>
   <trkpt lon="14.253391" lat="50.758844"><ele>163.0</ele></trkpt>
   <trkpt lon="14.252222" lat="50.759033"><ele>163.25</ele></trkpt>
   <trkpt lon="14.251908" lat="50.759098"><ele>162.75</ele></trkpt>
   <trkpt lon="14.251415" lat="50.759223"><ele>162.25</ele></trkpt>
   <trkpt lon="14.250513" lat="50.759481"><ele>162.0</ele></trkpt>
   <trkpt lon="14.250437" lat="50.759503"><ele>162.0</ele></trkpt>
   <trkpt lon="14.250290" lat="50.759545"><ele>161.75</ele></trkpt>
   <trkpt lon="14.248865" lat="50.759953"><ele>162.5</ele></trkpt>
   <trkpt lon="14.248347" lat="50.760100"><ele>164.0</ele></trkpt>
   <trkpt lon="14.248277" lat="50.760120"><ele>164.25</ele></trkpt>
   <trkpt lon="14.246958" lat="50.760501"><ele>162.25</ele></trkpt>
   <trkpt lon="14.246634" lat="50.760587"><ele>160.5</ele></trkpt>
   <trkpt lon="14.246307" lat="50.760666"><ele>159.0</ele></trkpt>
   <trkpt lon="14.245964" lat="50.760738"><ele>157.75</ele></trkpt>
   <trkpt lon="14.245606" lat="50.760803"><ele>156.5</ele></trkpt>
   <trkpt lon="14.245293" lat="50.760852"><ele>155.75</ele></trkpt>
   <trkpt lon="14.245026" lat="50.760886"><ele>155.75</ele></trkpt>
   <trkpt lon="14.243935" lat="50.760998"><ele>155.75</ele></trkpt>
   <trkpt lon="14.243305" lat="50.761068"><ele>155.0</ele></trkpt>
   <trkpt lon="14.242688" lat="50.761158"><ele>157.0</ele></trkpt>
   <trkpt lon="14.242578" lat="50.761179"><ele>157.5</ele></trkpt>
   <trkpt lon="14.242017" lat="50.761313"><ele>157.5</ele></trkpt>
   <trkpt lon="14.241546" lat="50.761442"><ele>156.75</ele></trkpt>
   <trkpt lon="14.241036" lat="50.761623"><ele>156.0</ele></trkpt>
   <trkpt lon="14.240663" lat="50.761785"><ele>155.5</ele></trkpt>
   <trkpt lon="14.240276" lat="50.761968"><ele>155.25</ele></trkpt>
   <trkpt lon="14.239934" lat="50.762166"><ele>154.5</ele></trkpt>
   <trkpt lon="14.239883" lat="50.762199"><ele>154.5</ele></trkpt>
   <trkpt lon="14.239520" lat="50.762434"><ele>154.75</ele></trkpt>
   <trkpt lon="14.238858" lat="50.762891"><ele>153.75</ele></trkpt>
   <trkpt lon="14.238732" lat="50.762973"><ele>153.5</ele></trkpt>
   <trkpt lon="14.238331" lat="50.763234"><ele>151.75</ele></trkpt>
   <trkpt lon="14.238084" lat="50.763378"><ele>152.25</ele></trkpt>
   <trkpt lon="14.237896" lat="50.763466"><ele>152.75</ele></trkpt>
   <trkpt lon="14.237791" lat="50.763511"><ele>153.0</ele></trkpt>
   <trkpt lon="14.237501" lat="50.763625"><ele>153.5</ele></trkpt>
   <trkpt lon="14.237322" lat="50.763686"><ele>153.25</ele></trkpt>
   <trkpt lon="14.236956" lat="50.763797"><ele>153.25</ele></trkpt>
   <trkpt lon="14.236717" lat="50.763855"><ele>153.0</ele></trkpt>
   <trkpt lon="14.235838" lat="50.764044"><ele>153.75</ele></trkpt>
   <trkpt lon="14.235514" lat="50.764137"><ele>153.75</ele></trkpt>
   <trkpt lon="14.235226" lat="50.764229"><ele>154.0</ele></trkpt>
   <trkpt lon="14.235015" lat="50.764308"><ele>154.0</ele></trkpt>
   <trkpt lon="14.234817" lat="50.764400"><ele>155.0</ele></trkpt>
   <trkpt lon="14.234652" lat="50.764482"><ele>155.5</ele></trkpt>
   <trkpt lon="14.234354" lat="50.764641"><ele>156.5</ele></trkpt>
   <trkpt lon="14.234082" lat="50.764817"><ele>156.5</ele></trkpt>
   <trkpt lon="14.233908" lat="50.764944"><ele>156.0</ele></trkpt>
   <trkpt lon="14.233758" lat="50.765070"><ele>155.5</ele></trkpt>
   <trkpt lon="14.233490" lat="50.765323"><ele>154.5</ele></trkpt>
   <trkpt lon="14.232412" lat="50.766441"><ele>152.25</ele></trkpt>
   <trkpt lon="14.232066" lat="50.766756"><ele>151.5</ele></trkpt>
   <trkpt lon="14.231679" lat="50.767052"><ele>150.25</ele></trkpt>
   <trkpt lon="14.231460" lat="50.767180"><ele>150.0</ele></trkpt>
   <trkpt lon="14.231234" lat="50.767295"><ele>150.0</ele></trkpt>
   <trkpt lon="14.230875" lat="50.767461"><ele>150.0</ele></trkpt>
   <trkpt lon="14.230455" lat="50.767618"><ele>151.0</ele></trkpt>
   <trkpt lon="14.230052" lat="50.767742"><ele>152.0</ele></trkpt>
   <trkpt lon="14.229219" lat="50.767974"><ele>151.5</ele></trkpt>
   <trkpt lon="14.228849" lat="50.768099"><ele>150.75</ele></trkpt>
   <trkpt lon="14.228668" lat="50.768171"><ele>150.25</ele></trkpt>
   <trkpt lon="14.228493" lat="50.768255"><ele>149.5</ele></trkpt>
   <trkpt lon="14.228308" lat="50.768346"><ele>148.75</ele></trkpt>
   <trkpt lon="14.228110" lat="50.768458"><ele>148.25</ele></trkpt>
   <trkpt lon="14.227971" lat="50.768545"><ele>147.75</ele></trkpt>
   <trkpt lon="14.227807" lat="50.768662"><ele>147.25</ele></trkpt>
   <trkpt lon="14.227683" lat="50.768763"><ele>146.75</ele></trkpt>
   <trkpt lon="14.227457" lat="50.768978"><ele>145.75</ele></trkpt>
   <trkpt lon="14.227331" lat="50.769111"><ele>145.25</ele></trkpt>
   <trkpt lon="14.227244" lat="50.769225"><ele>145.0</ele></trkpt>
   <trkpt lon="14.227158" lat="50.769358"><ele>144.25</ele></trkpt>
   <trkpt lon="14.227011" lat="50.769638"><ele>142.75</ele></trkpt>
   <trkpt lon="14.226960" lat="50.769771"><ele>142.25</ele></trkpt>
   <trkpt lon="14.226936" lat="50.769864"><ele>141.75</ele></trkpt>
   <trkpt lon="14.226888" lat="50.770079"><ele>140.5</ele></trkpt>
   <trkpt lon="14.226880" lat="50.770228"><ele>139.75</ele></trkpt>
   <trkpt lon="14.226884" lat="50.770369"><ele>139.0</ele></trkpt>
   <trkpt lon="14.226904" lat="50.770558"><ele>138.25</ele></trkpt>
   <trkpt lon="14.226978" lat="50.771090"><ele>136.75</ele></trkpt>
   <trkpt lon="14.227016" lat="50.771386"><ele>136.5</ele></trkpt>
   <trkpt lon="14.227046" lat="50.771676"><ele>136.25</ele></trkpt>
   <trkpt lon="14.227040" lat="50.771874"><ele>137.0</ele></trkpt>
   <trkpt lon="14.227007" lat="50.772059"><ele>137.5</ele></trkpt>
   <trkpt lon="14.226955" lat="50.772203"><ele>138.0</ele></trkpt>
   <trkpt lon="14.226827" lat="50.772460"><ele>138.75</ele></trkpt>
   <trkpt lon="14.226627" lat="50.772727"><ele>139.0</ele></trkpt>
   <trkpt lon="14.226377" lat="50.773012"><ele>139.0</ele></trkpt>
   <trkpt lon="14.226205" lat="50.773182"><ele>139.0</ele></trkpt>
   <trkpt lon="14.226110" lat="50.773258"><ele>139.0</ele></trkpt>
   <trkpt lon="14.225896" lat="50.773415"><ele>139.0</ele></trkpt>
   <trkpt lon="14.225697" lat="50.773546"><ele>139.25</ele></trkpt>
   <trkpt lon="14.225453" lat="50.773698"><ele>139.25</ele></trkpt>
   <trkpt lon="14.225255" lat="50.773812"><ele>139.5</ele></trkpt>
   <trkpt lon="14.221321" lat="50.776078"><ele>138.0</ele></trkpt>
   <trkpt lon="14.220772" lat="50.776403"><ele>137.0</ele></trkpt>
   <trkpt lon="14.220570" lat="50.776555"><ele>137.0</ele></trkpt>
   <trkpt lon="14.220384" lat="50.776676"><ele>136.75</ele></trkpt>
   <trkpt lon="14.220044" lat="50.776859"><ele>137.0</ele></trkpt>
   <trkpt lon="14.219750" lat="50.776990"><ele>137.0</ele></trkpt>
   <trkpt lon="14.219692" lat="50.777012"><ele>137.0</ele></trkpt>
   <trkpt lon="14.219406" lat="50.777110"><ele>137.0</ele></trkpt>
   <trkpt lon="14.219372" lat="50.777119"><ele>137.0</ele></trkpt>
   <trkpt lon="14.219243" lat="50.777155"><ele>136.75</ele></trkpt>
   <trkpt lon="14.219048" lat="50.777198"><ele>136.75</ele></trkpt>
   <trkpt lon="14.218845" lat="50.777234"><ele>136.5</ele></trkpt>
   <trkpt lon="14.218646" lat="50.777260"><ele>136.5</ele></trkpt>
   <trkpt lon="14.218284" lat="50.777293"><ele>136.0</ele></trkpt>
   <trkpt lon="14.217864" lat="50.777308"><ele>135.75</ele></trkpt>
   <trkpt lon="14.217654" lat="50.777305"><ele>135.5</ele></trkpt>
   <trkpt lon="14.217365" lat="50.777292"><ele>135.25</ele></trkpt>
   <trkpt lon="14.216941" lat="50.777247"><ele>134.75</ele></trkpt>
   <trkpt lon="14.216717" lat="50.777211"><ele>134.5</ele></trkpt>
   <trkpt lon="14.216351" lat="50.777134"><ele>134.0</ele></trkpt>
   <trkpt lon="14.216153" lat="50.777081"><ele>133.75</ele></trkpt>
   <trkpt lon="14.215952" lat="50.777019"><ele>133.5</ele></trkpt>
   <trkpt lon="14.215550" lat="50.776862"><ele>133.0</ele></trkpt>
   <trkpt lon="14.215249" lat="50.776720"><ele>133.0</ele></trkpt>
   <trkpt lon="14.214505" lat="50.776301"><ele>132.5</ele></trkpt>
   <trkpt lon="14.214297" lat="50.776201"><ele>132.25</ele></trkpt>
   <trkpt lon="14.214012" lat="50.776078"><ele>131.75</ele></trkpt>
   <trkpt lon="14.213710" lat="50.775977"><ele>131.5</ele></trkpt>
   <trkpt lon="14.213288" lat="50.775872"><ele>131.5</ele></trkpt>
   <trkpt lon="14.212457" lat="50.775693"><ele>131.5</ele></trkpt>
   <trkpt lon="14.212070" lat="50.775610"><ele>131.5</ele></trkpt>
   <trkpt lon="14.211643" lat="50.775545"><ele>131.5</ele></trkpt>
   <trkpt lon="14.211418" lat="50.775524"><ele>131.25</ele></trkpt>
   <trkpt lon="14.211204" lat="50.775512"><ele>130.75</ele></trkpt>
   <trkpt lon="14.210979" lat="50.775509"><ele>130.5</ele></trkpt>
   <trkpt lon="14.210526" lat="50.775532"><ele>130.0</ele></trkpt>
   <trkpt lon="14.210298" lat="50.775558"><ele>129.75</ele></trkpt>
   <trkpt lon="14.210098" lat="50.775590"><ele>129.5</ele></trkpt>
   <trkpt lon="14.209889" lat="50.775632"><ele>129.5</ele></trkpt>
   <trkpt lon="14.209657" lat="50.775689"><ele>129.5</ele></trkpt>
   <trkpt lon="14.209390" lat="50.775770"><ele>129.5</ele></trkpt>
   <trkpt lon="14.209262" lat="50.775813"><ele>129.75</ele></trkpt>
   <trkpt lon="14.208754" lat="50.776019"><ele>130.0</ele></trkpt>
   <trkpt lon="14.208434" lat="50.776136"><ele>130.25</ele></trkpt>
   <trkpt lon="14.208250" lat="50.776185"><ele>130.0</ele></trkpt>
   <trkpt lon="14.208053" lat="50.776226"><ele>129.75</ele></trkpt>
   <trkpt lon="14.207633" lat="50.776292"><ele>130.0</ele></trkpt>
   <trkpt lon="14.207446" lat="50.776314"><ele>130.0</ele></trkpt>
   <trkpt lon="14.207020" lat="50.776349"><ele>130.25</ele></trkpt>
   <trkpt lon="14.206804" lat="50.776359"><ele>130.5</ele></trkpt>
   <trkpt lon="14.206516" lat="50.776361"><ele>130.75</ele></trkpt>
   <trkpt lon="14.204320" lat="50.776325"><ele>132.25</ele></trkpt>
   <trkpt lon="14.204134" lat="50.776316"><ele>132.25</ele></trkpt>
   <trkpt lon="14.203795" lat="50.776277"><ele>132.5</ele></trkpt>
   <trkpt lon="14.203463" lat="50.776209"><ele>132.75</ele></trkpt>
   <trkpt lon="14.203318" lat="50.776169"><ele>132.75</ele></trkpt>
   <trkpt lon="14.203136" lat="50.776108"><ele>133.0</ele></trkpt>
   <trkpt lon="14.202984" lat="50.776049"><ele>133.25</ele></trkpt>
   <trkpt lon="14.202885" lat="50.776003"><ele>133.25</ele></trkpt>
   <trkpt lon="14.202713" lat="50.775907"><ele>133.5</ele></trkpt>
   <trkpt lon="14.202587" lat="50.775828"><ele>133.5</ele></trkpt>
   <trkpt lon="14.202474" lat="50.775744"><ele>133.5</ele></trkpt>
   <trkpt lon="14.202454" lat="50.775727"><ele>133.75</ele></trkpt>
   <trkpt lon="14.202290" lat="50.775573"><ele>134.0</ele></trkpt>
   <trkpt lon="14.202212" lat="50.775480"><ele>134.0</ele></trkpt>
   <trkpt lon="14.202153" lat="50.775385"><ele>134.0</ele></trkpt>
   <trkpt lon="14.202066" lat="50.775204"><ele>134.25</ele></trkpt>
   <trkpt lon="14.202046" lat="50.775155"><ele>134.25</ele></trkpt>
   <trkpt lon="14.201844" lat="50.774707"><ele>134.25</ele></trkpt>
   <trkpt lon="14.201814" lat="50.774624"><ele>134.25</ele></trkpt>
   <trkpt lon="14.201595" lat="50.774099"><ele>134.0</ele></trkpt>
   <trkpt lon="14.201341" lat="50.773503"><ele>133.75</ele></trkpt>
   <trkpt lon="14.200870" lat="50.772410"><ele>131.0</ele></trkpt>
  </trkseg>
 </trk>
</gpx>
