<?xml version="1.0" encoding="UTF-8"?>
<!-- track-length = 527387 filtered ascend = 1205 plain-ascend = -453 cost=527387 energy=6.3kwh time=11h 43m 11s -->
<gpx 
 xmlns="http://www.topografix.com/GPX/1/1" 
 xmlns:xsi="http://www.w3.org/2001/XMLSchema-instance" 
 xsi:schemaLocation="http://www.topografix.com/GPX/1/1 http://www.topografix.com/GPX/1/1/gpx.xsd" 
 version="1.1" 
 creator="BRouter-Web 0.18.1">
 <trk>
  <name>Sofia - Bucuresti Nord</name>
  <trkseg>
   <trkpt lat="42.713506" lon="23.319322"><ele>541</ele></trkpt>
   <trkpt lat="42.715016" lon="23.315158"><ele>541.5</ele></trkpt>
   <trkpt lat="42.715234" lon="23.314561"><ele>542.5</ele></trkpt>
   <trkpt lat="42.715149" lon="23.314948"><ele>542</ele></trkpt>
   <trkpt lat="42.715331" lon="23.314431"><ele>542.5</ele></trkpt>
   <trkpt lat="42.715564" lon="23.313823"><ele>542.5</ele></trkpt>
   <trkpt lat="42.716205" lon="23.312305"><ele>541.25</ele></trkpt>
   <trkpt lat="42.716451" lon="23.311886"><ele>540</ele></trkpt>
   <trkpt lat="42.716751" lon="23.311552"><ele>539.25</ele></trkpt>
   <trkpt lat="42.716879" lon="23.311375"><ele>540</ele></trkpt>
   <trkpt lat="42.717252" lon="23.311002"><ele>541.25</ele></trkpt>
   <trkpt lat="42.717646" lon="23.310762"><ele>541.5</ele></trkpt>
   <trkpt lat="42.717955" lon="23.310667"><ele>540.75</ele></trkpt>
   <trkpt lat="42.71824" lon="23.310634"><ele>540</ele></trkpt>
   <trkpt lat="42.718667" lon="23.310673"><ele>539.75</ele></trkpt>
   <trkpt lat="42.718897" lon="23.310737"><ele>539.75</ele></trkpt>
   <trkpt lat="42.719092" lon="23.310829"><ele>539.75</ele></trkpt>
   <trkpt lat="42.71927" lon="23.310937"><ele>539.25</ele></trkpt>
   <trkpt lat="42.71946" lon="23.311093"><ele>538.25</ele></trkpt>
   <trkpt lat="42.719499" lon="23.311125"><ele>538</ele></trkpt>
   <trkpt lat="42.720127" lon="23.311835"><ele>535.25</ele></trkpt>
   <trkpt lat="42.72034" lon="23.312077"><ele>535.25</ele></trkpt>
   <trkpt lat="42.72096" lon="23.312679"><ele>532.25</ele></trkpt>
   <trkpt lat="42.721479" lon="23.313113"><ele>530.75</ele></trkpt>
   <trkpt lat="42.722222" lon="23.313675"><ele>530.75</ele></trkpt>
   <trkpt lat="42.722449" lon="23.313858"><ele>530.75</ele></trkpt>
   <trkpt lat="42.722638" lon="23.31401"><ele>531</ele></trkpt>
   <trkpt lat="42.722815" lon="23.314155"><ele>531.25</ele></trkpt>
   <trkpt lat="42.723278" lon="23.314587"><ele>531.25</ele></trkpt>
   <trkpt lat="42.723629" lon="23.314867"><ele>531</ele></trkpt>
   <trkpt lat="42.725272" lon="23.316189"><ele>530.75</ele></trkpt>
   <trkpt lat="42.725813" lon="23.316582"><ele>530.75</ele></trkpt>
   <trkpt lat="42.726377" lon="23.316976"><ele>531.5</ele></trkpt>
   <trkpt lat="42.727381" lon="23.317576"><ele>531.75</ele></trkpt>
   <trkpt lat="42.727644" lon="23.317733"><ele>531.75</ele></trkpt>
   <trkpt lat="42.728375" lon="23.31809"><ele>531</ele></trkpt>
   <trkpt lat="42.728726" lon="23.318244"><ele>531</ele></trkpt>
   <trkpt lat="42.729795" lon="23.318622"><ele>530.75</ele></trkpt>
   <trkpt lat="42.72992" lon="23.318666"><ele>530.5</ele></trkpt>
   <trkpt lat="42.732185" lon="23.319539"><ele>529</ele></trkpt>
   <trkpt lat="42.743266" lon="23.32388"><ele>522.75</ele></trkpt>
   <trkpt lat="42.747205" lon="23.325392"><ele>524.25</ele></trkpt>
   <trkpt lat="42.747928" lon="23.325677"><ele>525</ele></trkpt>
   <trkpt lat="42.750702" lon="23.326749"><ele>524.75</ele></trkpt>
   <trkpt lat="42.751431" lon="23.32703"><ele>524.5</ele></trkpt>
   <trkpt lat="42.755645" lon="23.328653"><ele>523</ele></trkpt>
   <trkpt lat="42.756075" lon="23.328826"><ele>522.5</ele></trkpt>
   <trkpt lat="42.756824" lon="23.329112"><ele>522</ele></trkpt>
   <trkpt lat="42.760188" lon="23.330373"><ele>519.75</ele></trkpt>
   <trkpt lat="42.770983" lon="23.334553"><ele>517</ele></trkpt>
   <trkpt lat="42.772201" lon="23.335003"><ele>516.25</ele></trkpt>
   <trkpt lat="42.773165" lon="23.335299"><ele>514.75</ele></trkpt>
   <trkpt lat="42.774391" lon="23.335583"><ele>512.75</ele></trkpt>
   <trkpt lat="42.774506" lon="23.335611"><ele>512.75</ele></trkpt>
   <trkpt lat="42.782445" lon="23.337401"><ele>509.5</ele></trkpt>
   <trkpt lat="42.78642" lon="23.338294"><ele>510.75</ele></trkpt>
   <trkpt lat="42.789398" lon="23.338974"><ele>511</ele></trkpt>
   <trkpt lat="42.790252" lon="23.339185"><ele>511.25</ele></trkpt>
   <trkpt lat="42.790654" lon="23.339276"><ele>511.5</ele></trkpt>
   <trkpt lat="42.791815" lon="23.339524"><ele>511.5</ele></trkpt>
   <trkpt lat="42.794878" lon="23.340225"><ele>513.75</ele></trkpt>
   <trkpt lat="42.798095" lon="23.340973"><ele>514.25</ele></trkpt>
   <trkpt lat="42.799072" lon="23.341187"><ele>514.25</ele></trkpt>
   <trkpt lat="42.799672" lon="23.34134"><ele>515.25</ele></trkpt>
   <trkpt lat="42.799984" lon="23.341443"><ele>515.75</ele></trkpt>
   <trkpt lat="42.800047" lon="23.341469"><ele>516</ele></trkpt>
   <trkpt lat="42.800279" lon="23.341564"><ele>516</ele></trkpt>
   <trkpt lat="42.800536" lon="23.341692"><ele>515.75</ele></trkpt>
   <trkpt lat="42.800955" lon="23.341946"><ele>516</ele></trkpt>
   <trkpt lat="42.801127" lon="23.34207"><ele>516</ele></trkpt>
   <trkpt lat="42.801324" lon="23.342225"><ele>516.25</ele></trkpt>
   <trkpt lat="42.801496" lon="23.342377"><ele>516</ele></trkpt>
   <trkpt lat="42.801657" lon="23.342532"><ele>515.75</ele></trkpt>
   <trkpt lat="42.801836" lon="23.342719"><ele>516</ele></trkpt>
   <trkpt lat="42.802017" lon="23.342926"><ele>516.25</ele></trkpt>
   <trkpt lat="42.802222" lon="23.343177"><ele>516</ele></trkpt>
   <trkpt lat="42.802404" lon="23.343414"><ele>515.5</ele></trkpt>
   <trkpt lat="42.803462" lon="23.34488"><ele>513.5</ele></trkpt>
   <trkpt lat="42.804604" lon="23.346467"><ele>515.25</ele></trkpt>
   <trkpt lat="42.80483" lon="23.346747"><ele>514.75</ele></trkpt>
   <trkpt lat="42.805067" lon="23.347016"><ele>514.25</ele></trkpt>
   <trkpt lat="42.805295" lon="23.347252"><ele>514</ele></trkpt>
   <trkpt lat="42.805504" lon="23.347451"><ele>513.75</ele></trkpt>
   <trkpt lat="42.805722" lon="23.347642"><ele>513.25</ele></trkpt>
   <trkpt lat="42.806208" lon="23.348049"><ele>513.75</ele></trkpt>
   <trkpt lat="42.809" lon="23.350328"><ele>517</ele></trkpt>
   <trkpt lat="42.809329" lon="23.350607"><ele>518</ele></trkpt>
   <trkpt lat="42.80964" lon="23.350824"><ele>518.25</ele></trkpt>
   <trkpt lat="42.809973" lon="23.351013"><ele>518.25</ele></trkpt>
   <trkpt lat="42.81025" lon="23.351143"><ele>518.25</ele></trkpt>
   <trkpt lat="42.810541" lon="23.351262"><ele>518.5</ele></trkpt>
   <trkpt lat="42.810943" lon="23.35139"><ele>518.75</ele></trkpt>
   <trkpt lat="42.81175" lon="23.351591"><ele>518.5</ele></trkpt>
   <trkpt lat="42.81206" lon="23.351652"><ele>517.5</ele></trkpt>
   <trkpt lat="42.812611" lon="23.351762"><ele>516.5</ele></trkpt>
   <trkpt lat="42.813709" lon="23.352047"><ele>516.75</ele></trkpt>
   <trkpt lat="42.814737" lon="23.352345"><ele>517</ele></trkpt>
   <trkpt lat="42.815056" lon="23.352491"><ele>517</ele></trkpt>
   <trkpt lat="42.815294" lon="23.352621"><ele>516.75</ele></trkpt>
   <trkpt lat="42.815536" lon="23.352775"><ele>516.75</ele></trkpt>
   <trkpt lat="42.815665" lon="23.35287"><ele>516.75</ele></trkpt>
   <trkpt lat="42.816007" lon="23.35316"><ele>516.75</ele></trkpt>
   <trkpt lat="42.816151" lon="23.353312"><ele>516.75</ele></trkpt>
   <trkpt lat="42.816512" lon="23.353746"><ele>517</ele></trkpt>
   <trkpt lat="42.816638" lon="23.353936"><ele>517</ele></trkpt>
   <trkpt lat="42.816827" lon="23.35426"><ele>517</ele></trkpt>
   <trkpt lat="42.816924" lon="23.354455"><ele>517</ele></trkpt>
   <trkpt lat="42.817294" lon="23.355278"><ele>517.75</ele></trkpt>
   <trkpt lat="42.818847" lon="23.358806"><ele>518</ele></trkpt>
   <trkpt lat="42.819233" lon="23.35965"><ele>517.5</ele></trkpt>
   <trkpt lat="42.819496" lon="23.360224"><ele>517.5</ele></trkpt>
   <trkpt lat="42.819787" lon="23.360852"><ele>517.25</ele></trkpt>
   <trkpt lat="42.820421" lon="23.362163"><ele>515</ele></trkpt>
   <trkpt lat="42.820667" lon="23.362609"><ele>514.5</ele></trkpt>
   <trkpt lat="42.820795" lon="23.36281"><ele>514.5</ele></trkpt>
   <trkpt lat="42.820903" lon="23.362968"><ele>514.25</ele></trkpt>
   <trkpt lat="42.821181" lon="23.363297"><ele>514</ele></trkpt>
   <trkpt lat="42.821347" lon="23.363456"><ele>514</ele></trkpt>
   <trkpt lat="42.821516" lon="23.363597"><ele>514</ele></trkpt>
   <trkpt lat="42.821643" lon="23.363687"><ele>514.25</ele></trkpt>
   <trkpt lat="42.821765" lon="23.363761"><ele>514.5</ele></trkpt>
   <trkpt lat="42.821956" lon="23.363864"><ele>514.5</ele></trkpt>
   <trkpt lat="42.822206" lon="23.363961"><ele>514.5</ele></trkpt>
   <trkpt lat="42.822429" lon="23.364024"><ele>514.25</ele></trkpt>
   <trkpt lat="42.822662" lon="23.364062"><ele>514</ele></trkpt>
   <trkpt lat="42.822878" lon="23.364066"><ele>513.75</ele></trkpt>
   <trkpt lat="42.823094" lon="23.364054"><ele>513.75</ele></trkpt>
   <trkpt lat="42.823329" lon="23.36401"><ele>513.75</ele></trkpt>
   <trkpt lat="42.82356" lon="23.363934"><ele>513.75</ele></trkpt>
   <trkpt lat="42.823785" lon="23.363839"><ele>514</ele></trkpt>
   <trkpt lat="42.82398" lon="23.363728"><ele>514.5</ele></trkpt>
   <trkpt lat="42.824189" lon="23.363578"><ele>515.25</ele></trkpt>
   <trkpt lat="42.824481" lon="23.363318"><ele>514.25</ele></trkpt>
   <trkpt lat="42.824682" lon="23.363095"><ele>513.25</ele></trkpt>
   <trkpt lat="42.825777" lon="23.361704"><ele>510</ele></trkpt>
   <trkpt lat="42.826127" lon="23.361314"><ele>509</ele></trkpt>
   <trkpt lat="42.826481" lon="23.360986"><ele>508.75</ele></trkpt>
   <trkpt lat="42.826839" lon="23.360726"><ele>508.75</ele></trkpt>
   <trkpt lat="42.827217" lon="23.360509"><ele>508.5</ele></trkpt>
   <trkpt lat="42.827692" lon="23.360266"><ele>508.25</ele></trkpt>
   <trkpt lat="42.828139" lon="23.360054"><ele>509.25</ele></trkpt>
   <trkpt lat="42.828441" lon="23.35989"><ele>510</ele></trkpt>
   <trkpt lat="42.828749" lon="23.359672"><ele>510.75</ele></trkpt>
   <trkpt lat="42.829004" lon="23.359438"><ele>512.25</ele></trkpt>
   <trkpt lat="42.829213" lon="23.359188"><ele>513.75</ele></trkpt>
   <trkpt lat="42.829408" lon="23.358903"><ele>514.75</ele></trkpt>
   <trkpt lat="42.829605" lon="23.358532"><ele>515.25</ele></trkpt>
   <trkpt lat="42.829744" lon="23.35821"><ele>515.5</ele></trkpt>
   <trkpt lat="42.82985" lon="23.357875"><ele>516.75</ele></trkpt>
   <trkpt lat="42.830041" lon="23.357164"><ele>521.25</ele></trkpt>
   <trkpt lat="42.830188" lon="23.35665"><ele>525</ele></trkpt>
   <trkpt lat="42.830316" lon="23.356282"><ele>525.5</ele></trkpt>
   <trkpt lat="42.830455" lon="23.355954"><ele>524.25</ele></trkpt>
   <trkpt lat="42.830674" lon="23.355571"><ele>520.75</ele></trkpt>
   <trkpt lat="42.83085" lon="23.355347"><ele>518</ele></trkpt>
   <trkpt lat="42.831029" lon="23.355146"><ele>518.5</ele></trkpt>
   <trkpt lat="42.831264" lon="23.354937"><ele>518.75</ele></trkpt>
   <trkpt lat="42.831506" lon="23.354772"><ele>519.75</ele></trkpt>
   <trkpt lat="42.831866" lon="23.354601"><ele>521.5</ele></trkpt>
   <trkpt lat="42.832217" lon="23.354518"><ele>522.5</ele></trkpt>
   <trkpt lat="42.832538" lon="23.354498"><ele>522.5</ele></trkpt>
   <trkpt lat="42.832875" lon="23.354538"><ele>523.75</ele></trkpt>
   <trkpt lat="42.833148" lon="23.354628"><ele>523</ele></trkpt>
   <trkpt lat="42.833378" lon="23.354737"><ele>521</ele></trkpt>
   <trkpt lat="42.833661" lon="23.354923"><ele>519.5</ele></trkpt>
   <trkpt lat="42.833933" lon="23.355162"><ele>519.5</ele></trkpt>
   <trkpt lat="42.834119" lon="23.355371"><ele>518.25</ele></trkpt>
   <trkpt lat="42.834293" lon="23.355613"><ele>514.75</ele></trkpt>
   <trkpt lat="42.83443" lon="23.355839"><ele>512</ele></trkpt>
   <trkpt lat="42.834568" lon="23.356128"><ele>512.75</ele></trkpt>
   <trkpt lat="42.834684" lon="23.356432"><ele>513.25</ele></trkpt>
   <trkpt lat="42.834906" lon="23.357069"><ele>514.25</ele></trkpt>
   <trkpt lat="42.835775" lon="23.359692"><ele>515.75</ele></trkpt>
   <trkpt lat="42.835926" lon="23.360124"><ele>515.25</ele></trkpt>
   <trkpt lat="42.836061" lon="23.360454"><ele>517.25</ele></trkpt>
   <trkpt lat="42.836247" lon="23.360802"><ele>518.75</ele></trkpt>
   <trkpt lat="42.836433" lon="23.361077"><ele>519.25</ele></trkpt>
   <trkpt lat="42.836657" lon="23.361349"><ele>517.5</ele></trkpt>
   <trkpt lat="42.836867" lon="23.361552"><ele>515.5</ele></trkpt>
   <trkpt lat="42.837078" lon="23.361712"><ele>514.25</ele></trkpt>
   <trkpt lat="42.837347" lon="23.361875"><ele>514.75</ele></trkpt>
   <trkpt lat="42.839631" lon="23.36311"><ele>518.75</ele></trkpt>
   <trkpt lat="42.839965" lon="23.363324"><ele>518.75</ele></trkpt>
   <trkpt lat="42.840319" lon="23.3636"><ele>522.75</ele></trkpt>
   <trkpt lat="42.841297" lon="23.364495"><ele>521.5</ele></trkpt>
   <trkpt lat="42.841856" lon="23.365038"><ele>522</ele></trkpt>
   <trkpt lat="42.842194" lon="23.365418"><ele>525.5</ele></trkpt>
   <trkpt lat="42.842411" lon="23.365712"><ele>523</ele></trkpt>
   <trkpt lat="42.842635" lon="23.366087"><ele>522.25</ele></trkpt>
   <trkpt lat="42.842875" lon="23.366557"><ele>522.5</ele></trkpt>
   <trkpt lat="42.843043" lon="23.367033"><ele>521.5</ele></trkpt>
   <trkpt lat="42.843205" lon="23.367581"><ele>519.75</ele></trkpt>
   <trkpt lat="42.843477" lon="23.368691"><ele>521.25</ele></trkpt>
   <trkpt lat="42.843678" lon="23.36938"><ele>523.5</ele></trkpt>
   <trkpt lat="42.843917" lon="23.369989"><ele>520.75</ele></trkpt>
   <trkpt lat="42.844125" lon="23.370411"><ele>517.5</ele></trkpt>
   <trkpt lat="42.844408" lon="23.370896"><ele>516.75</ele></trkpt>
   <trkpt lat="42.844658" lon="23.371251"><ele>518.25</ele></trkpt>
   <trkpt lat="42.844949" lon="23.371628"><ele>513.75</ele></trkpt>
   <trkpt lat="42.845206" lon="23.371898"><ele>514.75</ele></trkpt>
   <trkpt lat="42.845513" lon="23.372199"><ele>514.75</ele></trkpt>
   <trkpt lat="42.845918" lon="23.372521"><ele>512</ele></trkpt>
   <trkpt lat="42.846347" lon="23.37279"><ele>515.5</ele></trkpt>
   <trkpt lat="42.84676" lon="23.372981"><ele>515.5</ele></trkpt>
   <trkpt lat="42.847163" lon="23.373138"><ele>513.75</ele></trkpt>
   <trkpt lat="42.847829" lon="23.373378"><ele>508.25</ele></trkpt>
   <trkpt lat="42.848483" lon="23.373605"><ele>506.75</ele></trkpt>
   <trkpt lat="42.848961" lon="23.37373"><ele>508.5</ele></trkpt>
   <trkpt lat="42.84917" lon="23.373748"><ele>509.5</ele></trkpt>
   <trkpt lat="42.849323" lon="23.373754"><ele>510</ele></trkpt>
   <trkpt lat="42.84963" lon="23.373715"><ele>511</ele></trkpt>
   <trkpt lat="42.849849" lon="23.373658"><ele>511.5</ele></trkpt>
   <trkpt lat="42.850078" lon="23.37357"><ele>512</ele></trkpt>
   <trkpt lat="42.850305" lon="23.373455"><ele>512.75</ele></trkpt>
   <trkpt lat="42.850582" lon="23.373257"><ele>513.25</ele></trkpt>
   <trkpt lat="42.850779" lon="23.373096"><ele>513</ele></trkpt>
   <trkpt lat="42.850983" lon="23.372884"><ele>513.5</ele></trkpt>
   <trkpt lat="42.851199" lon="23.372609"><ele>513.5</ele></trkpt>
   <trkpt lat="42.851423" lon="23.372248"><ele>512.5</ele></trkpt>
   <trkpt lat="42.851838" lon="23.371456"><ele>510.5</ele></trkpt>
   <trkpt lat="42.852247" lon="23.370655"><ele>511.5</ele></trkpt>
   <trkpt lat="42.85255" lon="23.370132"><ele>512.25</ele></trkpt>
   <trkpt lat="42.852959" lon="23.369634"><ele>513.75</ele></trkpt>
   <trkpt lat="42.853364" lon="23.369266"><ele>514.5</ele></trkpt>
   <trkpt lat="42.853859" lon="23.368919"><ele>516.75</ele></trkpt>
   <trkpt lat="42.854461" lon="23.368796"><ele>519.25</ele></trkpt>
   <trkpt lat="42.854789" lon="23.368781"><ele>520.5</ele></trkpt>
   <trkpt lat="42.855221" lon="23.368837"><ele>522.25</ele></trkpt>
   <trkpt lat="42.855782" lon="23.368976"><ele>524.75</ele></trkpt>
   <trkpt lat="42.85695" lon="23.369398"><ele>529.75</ele></trkpt>
   <trkpt lat="42.858088" lon="23.369857"><ele>534.5</ele></trkpt>
   <trkpt lat="42.858231" lon="23.369944"><ele>534.75</ele></trkpt>
   <trkpt lat="42.859002" lon="23.370472"><ele>507.25</ele></trkpt>
   <trkpt lat="42.860226" lon="23.371223"><ele>510.75</ele></trkpt>
   <trkpt lat="42.860799" lon="23.371533"><ele>511.75</ele></trkpt>
   <trkpt lat="42.862076" lon="23.372126"><ele>516.5</ele></trkpt>
   <trkpt lat="42.86335" lon="23.372699"><ele>520.5</ele></trkpt>
   <trkpt lat="42.863983" lon="23.373005"><ele>521</ele></trkpt>
   <trkpt lat="42.864381" lon="23.373236"><ele>518.5</ele></trkpt>
   <trkpt lat="42.865235" lon="23.373784"><ele>519.25</ele></trkpt>
   <trkpt lat="42.865407" lon="23.373931"><ele>518.5</ele></trkpt>
   <trkpt lat="42.865797" lon="23.374366"><ele>513.75</ele></trkpt>
   <trkpt lat="42.866005" lon="23.374654"><ele>516.25</ele></trkpt>
   <trkpt lat="42.866204" lon="23.374965"><ele>519.25</ele></trkpt>
   <trkpt lat="42.866468" lon="23.375566"><ele>518.5</ele></trkpt>
   <trkpt lat="42.866707" lon="23.376307"><ele>516</ele></trkpt>
   <trkpt lat="42.867239" lon="23.377901"><ele>514.25</ele></trkpt>
   <trkpt lat="42.867442" lon="23.378388"><ele>513.5</ele></trkpt>
   <trkpt lat="42.867563" lon="23.378598"><ele>513.25</ele></trkpt>
   <trkpt lat="42.867708" lon="23.378804"><ele>513</ele></trkpt>
   <trkpt lat="42.867941" lon="23.37906"><ele>512.75</ele></trkpt>
   <trkpt lat="42.86817" lon="23.379297"><ele>512.75</ele></trkpt>
   <trkpt lat="42.868472" lon="23.379544"><ele>509.25</ele></trkpt>
   <trkpt lat="42.868806" lon="23.379747"><ele>505.75</ele></trkpt>
   <trkpt lat="42.869135" lon="23.37987"><ele>502.5</ele></trkpt>
   <trkpt lat="42.869291" lon="23.379914"><ele>502.5</ele></trkpt>
   <trkpt lat="42.869575" lon="23.379956"><ele>504.5</ele></trkpt>
   <trkpt lat="42.869806" lon="23.37996"><ele>506.25</ele></trkpt>
   <trkpt lat="42.870087" lon="23.379947"><ele>508.25</ele></trkpt>
   <trkpt lat="42.870286" lon="23.379919"><ele>509.75</ele></trkpt>
   <trkpt lat="42.870541" lon="23.379855"><ele>511</ele></trkpt>
   <trkpt lat="42.870762" lon="23.379779"><ele>511.75</ele></trkpt>
   <trkpt lat="42.871316" lon="23.379509"><ele>513.75</ele></trkpt>
   <trkpt lat="42.871797" lon="23.379236"><ele>511</ele></trkpt>
   <trkpt lat="42.872354" lon="23.378943"><ele>510.5</ele></trkpt>
   <trkpt lat="42.872545" lon="23.378873"><ele>510.25</ele></trkpt>
   <trkpt lat="42.872884" lon="23.378768"><ele>509.5</ele></trkpt>
   <trkpt lat="42.873208" lon="23.378705"><ele>509.5</ele></trkpt>
   <trkpt lat="42.873631" lon="23.378665"><ele>509.5</ele></trkpt>
   <trkpt lat="42.873951" lon="23.378672"><ele>509.75</ele></trkpt>
   <trkpt lat="42.874223" lon="23.378698"><ele>510</ele></trkpt>
   <trkpt lat="42.875307" lon="23.3789"><ele>510.5</ele></trkpt>
   <trkpt lat="42.875705" lon="23.378969"><ele>511</ele></trkpt>
   <trkpt lat="42.876952" lon="23.379215"><ele>509.75</ele></trkpt>
   <trkpt lat="42.87722" lon="23.37928"><ele>511.25</ele></trkpt>
   <trkpt lat="42.87745" lon="23.379353"><ele>512.75</ele></trkpt>
   <trkpt lat="42.877905" lon="23.379573"><ele>513.25</ele></trkpt>
   <trkpt lat="42.878251" lon="23.379811"><ele>511</ele></trkpt>
   <trkpt lat="42.878513" lon="23.380024"><ele>510.25</ele></trkpt>
   <trkpt lat="42.878748" lon="23.380244"><ele>512</ele></trkpt>
   <trkpt lat="42.878938" lon="23.380446"><ele>511.75</ele></trkpt>
   <trkpt lat="42.879143" lon="23.38074"><ele>510.5</ele></trkpt>
   <trkpt lat="42.87929" lon="23.380981"><ele>511.25</ele></trkpt>
   <trkpt lat="42.879437" lon="23.38127"><ele>512.25</ele></trkpt>
   <trkpt lat="42.879561" lon="23.381577"><ele>513</ele></trkpt>
   <trkpt lat="42.879722" lon="23.382096"><ele>512</ele></trkpt>
   <trkpt lat="42.879827" lon="23.382666"><ele>511.5</ele></trkpt>
   <trkpt lat="42.879951" lon="23.384421"><ele>510.5</ele></trkpt>
   <trkpt lat="42.879976" lon="23.384679"><ele>509.75</ele></trkpt>
   <trkpt lat="42.880018" lon="23.385004"><ele>508.75</ele></trkpt>
   <trkpt lat="42.880079" lon="23.385285"><ele>507.5</ele></trkpt>
   <trkpt lat="42.880132" lon="23.385485"><ele>506.75</ele></trkpt>
   <trkpt lat="42.880265" lon="23.385875"><ele>505.25</ele></trkpt>
   <trkpt lat="42.880396" lon="23.386167"><ele>504.5</ele></trkpt>
   <trkpt lat="42.880574" lon="23.386519"><ele>503.5</ele></trkpt>
   <trkpt lat="42.880768" lon="23.386802"><ele>502.25</ele></trkpt>
   <trkpt lat="42.880884" lon="23.38694"><ele>504</ele></trkpt>
   <trkpt lat="42.88122" lon="23.387265"><ele>509.25</ele></trkpt>
   <trkpt lat="42.88147" lon="23.387449"><ele>513</ele></trkpt>
   <trkpt lat="42.881599" lon="23.387524"><ele>515</ele></trkpt>
   <trkpt lat="42.881879" lon="23.387637"><ele>514.75</ele></trkpt>
   <trkpt lat="42.882197" lon="23.387775"><ele>514.75</ele></trkpt>
   <trkpt lat="42.88261" lon="23.387812"><ele>514.75</ele></trkpt>
   <trkpt lat="42.882919" lon="23.387786"><ele>514.75</ele></trkpt>
   <trkpt lat="42.883325" lon="23.387727"><ele>514.75</ele></trkpt>
   <trkpt lat="42.883774" lon="23.3875"><ele>510.5</ele></trkpt>
   <trkpt lat="42.884189" lon="23.387168"><ele>509</ele></trkpt>
   <trkpt lat="42.884998" lon="23.386407"><ele>508.75</ele></trkpt>
   <trkpt lat="42.885461" lon="23.386088"><ele>509</ele></trkpt>
   <trkpt lat="42.885757" lon="23.385969"><ele>507.25</ele></trkpt>
   <trkpt lat="42.885825" lon="23.385951"><ele>506.75</ele></trkpt>
   <trkpt lat="42.88587" lon="23.385939"><ele>507</ele></trkpt>
   <trkpt lat="42.886365" lon="23.385836"><ele>509.75</ele></trkpt>
   <trkpt lat="42.886751" lon="23.385851"><ele>511.75</ele></trkpt>
   <trkpt lat="42.887198" lon="23.385977"><ele>514.5</ele></trkpt>
   <trkpt lat="42.887639" lon="23.386199"><ele>513.75</ele></trkpt>
   <trkpt lat="42.887981" lon="23.386483"><ele>509.25</ele></trkpt>
   <trkpt lat="42.888279" lon="23.3868"><ele>505.75</ele></trkpt>
   <trkpt lat="42.88889" lon="23.387547"><ele>513.25</ele></trkpt>
   <trkpt lat="42.889204" lon="23.387866"><ele>514</ele></trkpt>
   <trkpt lat="42.889458" lon="23.388086"><ele>514</ele></trkpt>
   <trkpt lat="42.889734" lon="23.388254"><ele>514</ele></trkpt>
   <trkpt lat="42.890028" lon="23.388381"><ele>514</ele></trkpt>
   <trkpt lat="42.890419" lon="23.388469"><ele>514</ele></trkpt>
   <trkpt lat="42.890824" lon="23.388489"><ele>514</ele></trkpt>
   <trkpt lat="42.89133" lon="23.388438"><ele>510.25</ele></trkpt>
   <trkpt lat="42.891714" lon="23.388319"><ele>508.5</ele></trkpt>
   <trkpt lat="42.892208" lon="23.38813"><ele>517.5</ele></trkpt>
   <trkpt lat="42.892664" lon="23.388025"><ele>521.75</ele></trkpt>
   <trkpt lat="42.893049" lon="23.388"><ele>521.25</ele></trkpt>
   <trkpt lat="42.893674" lon="23.387985"><ele>522</ele></trkpt>
   <trkpt lat="42.893786" lon="23.387976"><ele>522.75</ele></trkpt>
   <trkpt lat="42.89419" lon="23.387972"><ele>524.25</ele></trkpt>
   <trkpt lat="42.894893" lon="23.387941"><ele>519</ele></trkpt>
   <trkpt lat="42.895334" lon="23.387989"><ele>515.25</ele></trkpt>
   <trkpt lat="42.896477" lon="23.388298"><ele>509.75</ele></trkpt>
   <trkpt lat="42.897015" lon="23.388358"><ele>509.75</ele></trkpt>
   <trkpt lat="42.897502" lon="23.388348"><ele>510.5</ele></trkpt>
   <trkpt lat="42.898017" lon="23.388289"><ele>510</ele></trkpt>
   <trkpt lat="42.899599" lon="23.388159"><ele>510.5</ele></trkpt>
   <trkpt lat="42.900192" lon="23.388092"><ele>511</ele></trkpt>
   <trkpt lat="42.900909" lon="23.387828"><ele>513.75</ele></trkpt>
   <trkpt lat="42.901482" lon="23.387596"><ele>511.75</ele></trkpt>
   <trkpt lat="42.9016" lon="23.387554"><ele>511</ele></trkpt>
   <trkpt lat="42.902138" lon="23.387373"><ele>513</ele></trkpt>
   <trkpt lat="42.902718" lon="23.387247"><ele>516.5</ele></trkpt>
   <trkpt lat="42.903624" lon="23.387216"><ele>516.5</ele></trkpt>
   <trkpt lat="42.904258" lon="23.387134"><ele>515.25</ele></trkpt>
   <trkpt lat="42.907218" lon="23.386652"><ele>507.75</ele></trkpt>
   <trkpt lat="42.907704" lon="23.386523"><ele>510</ele></trkpt>
   <trkpt lat="42.908059" lon="23.386382"><ele>512.75</ele></trkpt>
   <trkpt lat="42.908661" lon="23.386006"><ele>516</ele></trkpt>
   <trkpt lat="42.909114" lon="23.385628"><ele>516.75</ele></trkpt>
   <trkpt lat="42.911397" lon="23.383588"><ele>509.5</ele></trkpt>
   <trkpt lat="42.911882" lon="23.383226"><ele>510</ele></trkpt>
   <trkpt lat="42.912446" lon="23.382864"><ele>510.5</ele></trkpt>
   <trkpt lat="42.912997" lon="23.382587"><ele>513</ele></trkpt>
   <trkpt lat="42.914361" lon="23.382016"><ele>512.5</ele></trkpt>
   <trkpt lat="42.914728" lon="23.381907"><ele>512.25</ele></trkpt>
   <trkpt lat="42.915218" lon="23.381869"><ele>510.5</ele></trkpt>
   <trkpt lat="42.915615" lon="23.38193"><ele>509.25</ele></trkpt>
   <trkpt lat="42.916055" lon="23.382097"><ele>510.25</ele></trkpt>
   <trkpt lat="42.916341" lon="23.382252"><ele>512.75</ele></trkpt>
   <trkpt lat="42.916586" lon="23.38246"><ele>512.25</ele></trkpt>
   <trkpt lat="42.916816" lon="23.38268"><ele>514</ele></trkpt>
   <trkpt lat="42.917401" lon="23.383316"><ele>511.5</ele></trkpt>
   <trkpt lat="42.91769" lon="23.383609"><ele>512.75</ele></trkpt>
   <trkpt lat="42.917908" lon="23.383802"><ele>513.5</ele></trkpt>
   <trkpt lat="42.918213" lon="23.384026"><ele>513</ele></trkpt>
   <trkpt lat="42.918477" lon="23.384209"><ele>512.75</ele></trkpt>
   <trkpt lat="42.91921" lon="23.384698"><ele>514</ele></trkpt>
   <trkpt lat="42.919693" lon="23.385008"><ele>515</ele></trkpt>
   <trkpt lat="42.919975" lon="23.385084"><ele>515.5</ele></trkpt>
   <trkpt lat="42.920557" lon="23.38504"><ele>516.75</ele></trkpt>
   <trkpt lat="42.920856" lon="23.384987"><ele>516.75</ele></trkpt>
   <trkpt lat="42.921065" lon="23.384924"><ele>514</ele></trkpt>
   <trkpt lat="42.921269" lon="23.384845"><ele>511.5</ele></trkpt>
   <trkpt lat="42.921539" lon="23.384703"><ele>508.25</ele></trkpt>
   <trkpt lat="42.921773" lon="23.384548"><ele>505.75</ele></trkpt>
   <trkpt lat="42.922078" lon="23.384268"><ele>503</ele></trkpt>
   <trkpt lat="42.922273" lon="23.384035"><ele>501.75</ele></trkpt>
   <trkpt lat="42.922419" lon="23.383838"><ele>501.5</ele></trkpt>
   <trkpt lat="42.922582" lon="23.383579"><ele>501.5</ele></trkpt>
   <trkpt lat="42.923182" lon="23.382404"><ele>504.75</ele></trkpt>
   <trkpt lat="42.923532" lon="23.381774"><ele>505.5</ele></trkpt>
   <trkpt lat="42.92367" lon="23.381536"><ele>504.75</ele></trkpt>
   <trkpt lat="42.923953" lon="23.381137"><ele>503.5</ele></trkpt>
   <trkpt lat="42.92412" lon="23.380925"><ele>503</ele></trkpt>
   <trkpt lat="42.92433" lon="23.380703"><ele>502.25</ele></trkpt>
   <trkpt lat="42.926512" lon="23.378492"><ele>502.25</ele></trkpt>
   <trkpt lat="42.92692" lon="23.378127"><ele>500</ele></trkpt>
   <trkpt lat="42.927172" lon="23.377915"><ele>498.25</ele></trkpt>
   <trkpt lat="42.92749" lon="23.377713"><ele>495.5</ele></trkpt>
   <trkpt lat="42.928085" lon="23.377408"><ele>499.75</ele></trkpt>
   <trkpt lat="42.928539" lon="23.377211"><ele>508.25</ele></trkpt>
   <trkpt lat="42.928777" lon="23.377145"><ele>510.75</ele></trkpt>
   <trkpt lat="42.929041" lon="23.377096"><ele>512.25</ele></trkpt>
   <trkpt lat="42.929413" lon="23.377119"><ele>513.5</ele></trkpt>
   <trkpt lat="42.929832" lon="23.377212"><ele>513.5</ele></trkpt>
   <trkpt lat="42.930153" lon="23.377336"><ele>511.25</ele></trkpt>
   <trkpt lat="42.930417" lon="23.377454"><ele>509.75</ele></trkpt>
   <trkpt lat="42.930772" lon="23.377676"><ele>509.75</ele></trkpt>
   <trkpt lat="42.931001" lon="23.377841"><ele>507.5</ele></trkpt>
   <trkpt lat="42.931288" lon="23.378127"><ele>503.25</ele></trkpt>
   <trkpt lat="42.931843" lon="23.378733"><ele>502.5</ele></trkpt>
   <trkpt lat="42.9322" lon="23.378989"><ele>503.25</ele></trkpt>
   <trkpt lat="42.932539" lon="23.379162"><ele>504</ele></trkpt>
   <trkpt lat="42.932816" lon="23.379253"><ele>503</ele></trkpt>
   <trkpt lat="42.933093" lon="23.379323"><ele>502.25</ele></trkpt>
   <trkpt lat="42.933669" lon="23.379404"><ele>500</ele></trkpt>
   <trkpt lat="42.934388" lon="23.37957"><ele>495.75</ele></trkpt>
   <trkpt lat="42.935092" lon="23.379691"><ele>497.5</ele></trkpt>
   <trkpt lat="42.935426" lon="23.37971"><ele>499</ele></trkpt>
   <trkpt lat="42.935662" lon="23.379689"><ele>501.25</ele></trkpt>
   <trkpt lat="42.936013" lon="23.3796"><ele>501.5</ele></trkpt>
   <trkpt lat="42.936324" lon="23.379488"><ele>498.25</ele></trkpt>
   <trkpt lat="42.936603" lon="23.379362"><ele>495</ele></trkpt>
   <trkpt lat="42.937051" lon="23.379186"><ele>494.25</ele></trkpt>
   <trkpt lat="42.937353" lon="23.379056"><ele>501.25</ele></trkpt>
   <trkpt lat="42.937589" lon="23.37898"><ele>505.25</ele></trkpt>
   <trkpt lat="42.937825" lon="23.378936"><ele>505</ele></trkpt>
   <trkpt lat="42.938198" lon="23.378892"><ele>501.75</ele></trkpt>
   <trkpt lat="42.93861" lon="23.378876"><ele>499.25</ele></trkpt>
   <trkpt lat="42.938985" lon="23.378923"><ele>496</ele></trkpt>
   <trkpt lat="42.94004" lon="23.379284"><ele>498.75</ele></trkpt>
   <trkpt lat="42.94046" lon="23.379435"><ele>500</ele></trkpt>
   <trkpt lat="42.940921" lon="23.379528"><ele>501.25</ele></trkpt>
   <trkpt lat="42.941313" lon="23.379531"><ele>502.5</ele></trkpt>
   <trkpt lat="42.941724" lon="23.379385"><ele>503.5</ele></trkpt>
   <trkpt lat="42.942103" lon="23.379199"><ele>504.75</ele></trkpt>
   <trkpt lat="42.942636" lon="23.378626"><ele>506.5</ele></trkpt>
   <trkpt lat="42.942982" lon="23.378021"><ele>508.25</ele></trkpt>
   <trkpt lat="42.943662" lon="23.376648"><ele>508.25</ele></trkpt>
   <trkpt lat="42.943996" lon="23.376085"><ele>508.25</ele></trkpt>
   <trkpt lat="42.944528" lon="23.375627"><ele>505</ele></trkpt>
   <trkpt lat="42.945581" lon="23.375095"><ele>507.5</ele></trkpt>
   <trkpt lat="42.947147" lon="23.374593"><ele>498.25</ele></trkpt>
   <trkpt lat="42.948764" lon="23.374018"><ele>491.5</ele></trkpt>
   <trkpt lat="42.949306" lon="23.373695"><ele>491.25</ele></trkpt>
   <trkpt lat="42.949805" lon="23.373209"><ele>490</ele></trkpt>
   <trkpt lat="42.950217" lon="23.372639"><ele>487</ele></trkpt>
   <trkpt lat="42.950442" lon="23.372228"><ele>485.75</ele></trkpt>
   <trkpt lat="42.950644" lon="23.371733"><ele>484.5</ele></trkpt>
   <trkpt lat="42.950771" lon="23.371286"><ele>485.25</ele></trkpt>
   <trkpt lat="42.950893" lon="23.370641"><ele>486.5</ele></trkpt>
   <trkpt lat="42.951149" lon="23.368135"><ele>488</ele></trkpt>
   <trkpt lat="42.951269" lon="23.366883"><ele>484.75</ele></trkpt>
   <trkpt lat="42.951335" lon="23.366324"><ele>484</ele></trkpt>
   <trkpt lat="42.951633" lon="23.364481"><ele>481.75</ele></trkpt>
   <trkpt lat="42.951861" lon="23.363037"><ele>478.75</ele></trkpt>
   <trkpt lat="42.951974" lon="23.362208"><ele>479.5</ele></trkpt>
   <trkpt lat="42.952007" lon="23.361205"><ele>480.75</ele></trkpt>
   <trkpt lat="42.951978" lon="23.360152"><ele>481.5</ele></trkpt>
   <trkpt lat="42.95202" lon="23.359576"><ele>485.75</ele></trkpt>
   <trkpt lat="42.9521" lon="23.359035"><ele>490.5</ele></trkpt>
   <trkpt lat="42.952228" lon="23.358505"><ele>494.25</ele></trkpt>
   <trkpt lat="42.952481" lon="23.357975"><ele>486</ele></trkpt>
   <trkpt lat="42.952735" lon="23.357566"><ele>485.75</ele></trkpt>
   <trkpt lat="42.953286" lon="23.356849"><ele>484.75</ele></trkpt>
   <trkpt lat="42.95368" lon="23.356471"><ele>488.25</ele></trkpt>
   <trkpt lat="42.954148" lon="23.356142"><ele>488.25</ele></trkpt>
   <trkpt lat="42.954587" lon="23.355917"><ele>486.5</ele></trkpt>
   <trkpt lat="42.95511" lon="23.355773"><ele>484.75</ele></trkpt>
   <trkpt lat="42.956592" lon="23.355738"><ele>480</ele></trkpt>
   <trkpt lat="42.957006" lon="23.355632"><ele>480</ele></trkpt>
   <trkpt lat="42.957784" lon="23.355117"><ele>475.5</ele></trkpt>
   <trkpt lat="42.958278" lon="23.35465"><ele>473.25</ele></trkpt>
   <trkpt lat="42.958501" lon="23.354468"><ele>472</ele></trkpt>
   <trkpt lat="42.958661" lon="23.354337"><ele>471</ele></trkpt>
   <trkpt lat="42.958756" lon="23.354233"><ele>470.25</ele></trkpt>
   <trkpt lat="42.959105" lon="23.35389"><ele>466.75</ele></trkpt>
   <trkpt lat="42.959249" lon="23.353733"><ele>466.75</ele></trkpt>
   <trkpt lat="42.959482" lon="23.35332"><ele>468.5</ele></trkpt>
   <trkpt lat="42.959675" lon="23.352917"><ele>468.75</ele></trkpt>
   <trkpt lat="42.959883" lon="23.35239"><ele>468</ele></trkpt>
   <trkpt lat="42.960038" lon="23.35185"><ele>467.25</ele></trkpt>
   <trkpt lat="42.960141" lon="23.351329"><ele>466.5</ele></trkpt>
   <trkpt lat="42.960212" lon="23.350627"><ele>466.5</ele></trkpt>
   <trkpt lat="42.960244" lon="23.348134"><ele>465.75</ele></trkpt>
   <trkpt lat="42.960261" lon="23.347743"><ele>466</ele></trkpt>
   <trkpt lat="42.960303" lon="23.347271"><ele>466.75</ele></trkpt>
   <trkpt lat="42.960367" lon="23.346904"><ele>467.75</ele></trkpt>
   <trkpt lat="42.960481" lon="23.346464"><ele>468.5</ele></trkpt>
   <trkpt lat="42.960679" lon="23.345965"><ele>468.5</ele></trkpt>
   <trkpt lat="42.960918" lon="23.345511"><ele>468.25</ele></trkpt>
   <trkpt lat="42.961085" lon="23.345258"><ele>468</ele></trkpt>
   <trkpt lat="42.961301" lon="23.344946"><ele>467.25</ele></trkpt>
   <trkpt lat="42.961495" lon="23.344716"><ele>466.25</ele></trkpt>
   <trkpt lat="42.961763" lon="23.34447"><ele>463.75</ele></trkpt>
   <trkpt lat="42.962097" lon="23.344251"><ele>461.75</ele></trkpt>
   <trkpt lat="42.962312" lon="23.344146"><ele>460.5</ele></trkpt>
   <trkpt lat="42.962538" lon="23.344061"><ele>459.5</ele></trkpt>
   <trkpt lat="42.96277" lon="23.343998"><ele>459.5</ele></trkpt>
   <trkpt lat="42.963123" lon="23.343971"><ele>461.75</ele></trkpt>
   <trkpt lat="42.963343" lon="23.343982"><ele>463</ele></trkpt>
   <trkpt lat="42.96355" lon="23.34402"><ele>464.5</ele></trkpt>
   <trkpt lat="42.964054" lon="23.344226"><ele>464.5</ele></trkpt>
   <trkpt lat="42.964277" lon="23.344364"><ele>465</ele></trkpt>
   <trkpt lat="42.9645" lon="23.344514"><ele>466.25</ele></trkpt>
   <trkpt lat="42.964666" lon="23.344665"><ele>467</ele></trkpt>
   <trkpt lat="42.964899" lon="23.344922"><ele>468.75</ele></trkpt>
   <trkpt lat="42.965079" lon="23.345161"><ele>469.75</ele></trkpt>
   <trkpt lat="42.965296" lon="23.345517"><ele>471</ele></trkpt>
   <trkpt lat="42.96592" lon="23.346635"><ele>468.75</ele></trkpt>
   <trkpt lat="42.966191" lon="23.347019"><ele>471</ele></trkpt>
   <trkpt lat="42.966616" lon="23.347517"><ele>467.75</ele></trkpt>
   <trkpt lat="42.967489" lon="23.348568"><ele>469</ele></trkpt>
   <trkpt lat="42.968155" lon="23.349356"><ele>471.75</ele></trkpt>
   <trkpt lat="42.968498" lon="23.349785"><ele>471.75</ele></trkpt>
   <trkpt lat="42.968675" lon="23.350062"><ele>471.5</ele></trkpt>
   <trkpt lat="42.968827" lon="23.350337"><ele>471.75</ele></trkpt>
   <trkpt lat="42.969345" lon="23.351388"><ele>468.5</ele></trkpt>
   <trkpt lat="42.969721" lon="23.352169"><ele>469.75</ele></trkpt>
   <trkpt lat="42.969987" lon="23.352682"><ele>467.5</ele></trkpt>
   <trkpt lat="42.97022" lon="23.353056"><ele>470.5</ele></trkpt>
   <trkpt lat="42.970465" lon="23.353357"><ele>471.75</ele></trkpt>
   <trkpt lat="42.970742" lon="23.353634"><ele>472</ele></trkpt>
   <trkpt lat="42.971033" lon="23.353882"><ele>472.5</ele></trkpt>
   <trkpt lat="42.9714" lon="23.354135"><ele>473.75</ele></trkpt>
   <trkpt lat="42.971921" lon="23.354448"><ele>476.75</ele></trkpt>
   <trkpt lat="42.972181" lon="23.354651"><ele>475</ele></trkpt>
   <trkpt lat="42.972411" lon="23.354858"><ele>470.75</ele></trkpt>
   <trkpt lat="42.973355" lon="23.355738"><ele>472</ele></trkpt>
   <trkpt lat="42.97434" lon="23.35668"><ele>474.5</ele></trkpt>
   <trkpt lat="42.974637" lon="23.357017"><ele>480.75</ele></trkpt>
   <trkpt lat="42.974873" lon="23.357312"><ele>479.75</ele></trkpt>
   <trkpt lat="42.975021" lon="23.357536"><ele>476.5</ele></trkpt>
   <trkpt lat="42.975155" lon="23.357783"><ele>479.75</ele></trkpt>
   <trkpt lat="42.97543" lon="23.358357"><ele>479.5</ele></trkpt>
   <trkpt lat="42.975785" lon="23.359131"><ele>468.75</ele></trkpt>
   <trkpt lat="42.976015" lon="23.359562"><ele>467</ele></trkpt>
   <trkpt lat="42.976254" lon="23.359929"><ele>467</ele></trkpt>
   <trkpt lat="42.976539" lon="23.360284"><ele>467.75</ele></trkpt>
   <trkpt lat="42.977057" lon="23.360888"><ele>464</ele></trkpt>
   <trkpt lat="42.97738" lon="23.361245"><ele>463.75</ele></trkpt>
   <trkpt lat="42.977902" lon="23.361666"><ele>462.75</ele></trkpt>
   <trkpt lat="42.978226" lon="23.361855"><ele>465.25</ele></trkpt>
   <trkpt lat="42.978522" lon="23.361986"><ele>465.25</ele></trkpt>
   <trkpt lat="42.978877" lon="23.362088"><ele>464.75</ele></trkpt>
   <trkpt lat="42.979195" lon="23.362135"><ele>465</ele></trkpt>
   <trkpt lat="42.979602" lon="23.362165"><ele>464.5</ele></trkpt>
   <trkpt lat="42.981938" lon="23.362238"><ele>464.75</ele></trkpt>
   <trkpt lat="42.982382" lon="23.362223"><ele>464.75</ele></trkpt>
   <trkpt lat="42.982737" lon="23.362155"><ele>464.25</ele></trkpt>
   <trkpt lat="42.983039" lon="23.362054"><ele>463.75</ele></trkpt>
   <trkpt lat="42.983426" lon="23.361846"><ele>463.75</ele></trkpt>
   <trkpt lat="42.983729" lon="23.361627"><ele>462.5</ele></trkpt>
   <trkpt lat="42.984071" lon="23.361307"><ele>461.75</ele></trkpt>
   <trkpt lat="42.984306" lon="23.361024"><ele>460.5</ele></trkpt>
   <trkpt lat="42.984526" lon="23.360716"><ele>460.25</ele></trkpt>
   <trkpt lat="42.985091" lon="23.359824"><ele>461</ele></trkpt>
   <trkpt lat="42.986775" lon="23.357115"><ele>459</ele></trkpt>
   <trkpt lat="42.987249" lon="23.356563"><ele>459</ele></trkpt>
   <trkpt lat="42.987538" lon="23.356306"><ele>458</ele></trkpt>
   <trkpt lat="42.98875" lon="23.355371"><ele>459.25</ele></trkpt>
   <trkpt lat="42.989181" lon="23.355097"><ele>457.25</ele></trkpt>
   <trkpt lat="42.989485" lon="23.35495"><ele>457.25</ele></trkpt>
   <trkpt lat="42.98983" lon="23.354849"><ele>454.75</ele></trkpt>
   <trkpt lat="42.99003" lon="23.354814"><ele>453</ele></trkpt>
   <trkpt lat="42.990296" lon="23.354803"><ele>453.25</ele></trkpt>
   <trkpt lat="42.990507" lon="23.354813"><ele>453</ele></trkpt>
   <trkpt lat="42.990895" lon="23.354873"><ele>452.25</ele></trkpt>
   <trkpt lat="42.99114" lon="23.354965"><ele>452.75</ele></trkpt>
   <trkpt lat="42.991443" lon="23.355092"><ele>453</ele></trkpt>
   <trkpt lat="42.991927" lon="23.355361"><ele>452.75</ele></trkpt>
   <trkpt lat="42.99251" lon="23.355602"><ele>452.5</ele></trkpt>
   <trkpt lat="42.992738" lon="23.355682"><ele>450</ele></trkpt>
   <trkpt lat="42.992967" lon="23.355747"><ele>448</ele></trkpt>
   <trkpt lat="42.993183" lon="23.355768"><ele>447.25</ele></trkpt>
   <trkpt lat="42.993554" lon="23.355778"><ele>448.25</ele></trkpt>
   <trkpt lat="42.994753" lon="23.355768"><ele>452.25</ele></trkpt>
   <trkpt lat="42.99523" lon="23.355722"><ele>453.25</ele></trkpt>
   <trkpt lat="42.995509" lon="23.355652"><ele>454</ele></trkpt>
   <trkpt lat="42.995751" lon="23.355573"><ele>454.75</ele></trkpt>
   <trkpt lat="42.996013" lon="23.35545"><ele>454</ele></trkpt>
   <trkpt lat="42.996252" lon="23.355288"><ele>452.75</ele></trkpt>
   <trkpt lat="42.996586" lon="23.35502"><ele>451.5</ele></trkpt>
   <trkpt lat="42.996842" lon="23.354756"><ele>452.25</ele></trkpt>
   <trkpt lat="42.997495" lon="23.353946"><ele>454.5</ele></trkpt>
   <trkpt lat="42.998893" lon="23.352119"><ele>457.5</ele></trkpt>
   <trkpt lat="42.99959" lon="23.351225"><ele>461</ele></trkpt>
   <trkpt lat="42.999794" lon="23.350978"><ele>462</ele></trkpt>
   <trkpt lat="42.999998" lon="23.350763"><ele>462.5</ele></trkpt>
   <trkpt lat="43.000214" lon="23.35058"><ele>466.25</ele></trkpt>
   <trkpt lat="43.000536" lon="23.350362"><ele>468</ele></trkpt>
   <trkpt lat="43.000894" lon="23.350146"><ele>467.5</ele></trkpt>
   <trkpt lat="43.001161" lon="23.350035"><ele>463.25</ele></trkpt>
   <trkpt lat="43.001777" lon="23.349877"><ele>447.75</ele></trkpt>
   <trkpt lat="43.002282" lon="23.349735"><ele>443.5</ele></trkpt>
   <trkpt lat="43.002766" lon="23.349632"><ele>443</ele></trkpt>
   <trkpt lat="43.003485" lon="23.349484"><ele>446.5</ele></trkpt>
   <trkpt lat="43.00382" lon="23.349406"><ele>447.75</ele></trkpt>
   <trkpt lat="43.00405" lon="23.349361"><ele>448.75</ele></trkpt>
   <trkpt lat="43.004214" lon="23.349328"><ele>449</ele></trkpt>
   <trkpt lat="43.005025" lon="23.349142"><ele>449</ele></trkpt>
   <trkpt lat="43.005296" lon="23.349094"><ele>448.25</ele></trkpt>
   <trkpt lat="43.005556" lon="23.349037"><ele>447.5</ele></trkpt>
   <trkpt lat="43.005887" lon="23.348986"><ele>446</ele></trkpt>
   <trkpt lat="43.006187" lon="23.348971"><ele>444.75</ele></trkpt>
   <trkpt lat="43.006412" lon="23.348986"><ele>443.75</ele></trkpt>
   <trkpt lat="43.006691" lon="23.34902"><ele>442.5</ele></trkpt>
   <trkpt lat="43.00692" lon="23.349086"><ele>442.25</ele></trkpt>
   <trkpt lat="43.007255" lon="23.349214"><ele>441.75</ele></trkpt>
   <trkpt lat="43.007596" lon="23.349406"><ele>441.25</ele></trkpt>
   <trkpt lat="43.007864" lon="23.349608"><ele>441.5</ele></trkpt>
   <trkpt lat="43.008212" lon="23.349897"><ele>441.75</ele></trkpt>
   <trkpt lat="43.008301" lon="23.349983"><ele>441.75</ele></trkpt>
   <trkpt lat="43.008367" lon="23.350047"><ele>442.25</ele></trkpt>
   <trkpt lat="43.008695" lon="23.350364"><ele>445</ele></trkpt>
   <trkpt lat="43.008951" lon="23.350639"><ele>446.5</ele></trkpt>
   <trkpt lat="43.009163" lon="23.350906"><ele>447</ele></trkpt>
   <trkpt lat="43.009314" lon="23.351148"><ele>449.25</ele></trkpt>
   <trkpt lat="43.009501" lon="23.351476"><ele>451.25</ele></trkpt>
   <trkpt lat="43.009654" lon="23.351807"><ele>451.25</ele></trkpt>
   <trkpt lat="43.009786" lon="23.352153"><ele>450.25</ele></trkpt>
   <trkpt lat="43.00993" lon="23.352696"><ele>445.75</ele></trkpt>
   <trkpt lat="43.010004" lon="23.353085"><ele>442.25</ele></trkpt>
   <trkpt lat="43.010143" lon="23.353984"><ele>442.75</ele></trkpt>
   <trkpt lat="43.010299" lon="23.354742"><ele>444</ele></trkpt>
   <trkpt lat="43.010388" lon="23.355085"><ele>443.75</ele></trkpt>
   <trkpt lat="43.010488" lon="23.355384"><ele>443.5</ele></trkpt>
   <trkpt lat="43.010893" lon="23.3562"><ele>439.5</ele></trkpt>
   <trkpt lat="43.011475" lon="23.357266"><ele>439.75</ele></trkpt>
   <trkpt lat="43.011845" lon="23.357873"><ele>437.25</ele></trkpt>
   <trkpt lat="43.012297" lon="23.358311"><ele>436.5</ele></trkpt>
   <trkpt lat="43.012689" lon="23.358591"><ele>437.5</ele></trkpt>
   <trkpt lat="43.013031" lon="23.358755"><ele>437.75</ele></trkpt>
   <trkpt lat="43.013382" lon="23.358863"><ele>437.75</ele></trkpt>
   <trkpt lat="43.013761" lon="23.358914"><ele>434.5</ele></trkpt>
   <trkpt lat="43.014219" lon="23.358886"><ele>433</ele></trkpt>
   <trkpt lat="43.014528" lon="23.358813"><ele>433.25</ele></trkpt>
   <trkpt lat="43.014766" lon="23.358731"><ele>433.25</ele></trkpt>
   <trkpt lat="43.015148" lon="23.358498"><ele>432.5</ele></trkpt>
   <trkpt lat="43.015359" lon="23.358336"><ele>430.75</ele></trkpt>
   <trkpt lat="43.015647" lon="23.358059"><ele>431.5</ele></trkpt>
   <trkpt lat="43.015948" lon="23.357665"><ele>432.25</ele></trkpt>
   <trkpt lat="43.01617" lon="23.357317"><ele>434.25</ele></trkpt>
   <trkpt lat="43.016329" lon="23.357011"><ele>435</ele></trkpt>
   <trkpt lat="43.016512" lon="23.356605"><ele>434.25</ele></trkpt>
   <trkpt lat="43.016621" lon="23.356219"><ele>435</ele></trkpt>
   <trkpt lat="43.016715" lon="23.355801"><ele>437.5</ele></trkpt>
   <trkpt lat="43.016803" lon="23.355287"><ele>441</ele></trkpt>
   <trkpt lat="43.017002" lon="23.353914"><ele>442.5</ele></trkpt>
   <trkpt lat="43.017108" lon="23.353524"><ele>439.5</ele></trkpt>
   <trkpt lat="43.017225" lon="23.353178"><ele>436.25</ele></trkpt>
   <trkpt lat="43.01742" lon="23.352789"><ele>430.75</ele></trkpt>
   <trkpt lat="43.017631" lon="23.352466"><ele>431.5</ele></trkpt>
   <trkpt lat="43.017932" lon="23.352108"><ele>432.5</ele></trkpt>
   <trkpt lat="43.018103" lon="23.351948"><ele>433.25</ele></trkpt>
   <trkpt lat="43.018419" lon="23.351665"><ele>433.25</ele></trkpt>
   <trkpt lat="43.018862" lon="23.351384"><ele>437.75</ele></trkpt>
   <trkpt lat="43.019615" lon="23.351059"><ele>434.75</ele></trkpt>
   <trkpt lat="43.019845" lon="23.350995"><ele>432.75</ele></trkpt>
   <trkpt lat="43.020126" lon="23.350958"><ele>430.25</ele></trkpt>
   <trkpt lat="43.020454" lon="23.350991"><ele>428.25</ele></trkpt>
   <trkpt lat="43.020787" lon="23.351082"><ele>426.5</ele></trkpt>
   <trkpt lat="43.0215" lon="23.351372"><ele>424.75</ele></trkpt>
   <trkpt lat="43.021807" lon="23.35149"><ele>424.75</ele></trkpt>
   <trkpt lat="43.02219" lon="23.351656"><ele>428.5</ele></trkpt>
   <trkpt lat="43.022463" lon="23.351748"><ele>432</ele></trkpt>
   <trkpt lat="43.022868" lon="23.351838"><ele>433.5</ele></trkpt>
   <trkpt lat="43.023126" lon="23.351868"><ele>434.25</ele></trkpt>
   <trkpt lat="43.023803" lon="23.351859"><ele>438.75</ele></trkpt>
   <trkpt lat="43.024065" lon="23.351887"><ele>442.75</ele></trkpt>
   <trkpt lat="43.02439" lon="23.351884"><ele>445.5</ele></trkpt>
   <trkpt lat="43.024668" lon="23.351871"><ele>447</ele></trkpt>
   <trkpt lat="43.024894" lon="23.351806"><ele>445.75</ele></trkpt>
   <trkpt lat="43.025068" lon="23.35174"><ele>443.5</ele></trkpt>
   <trkpt lat="43.025541" lon="23.351461"><ele>437.5</ele></trkpt>
   <trkpt lat="43.026357" lon="23.351101"><ele>429.5</ele></trkpt>
   <trkpt lat="43.026647" lon="23.351019"><ele>427</ele></trkpt>
   <trkpt lat="43.026899" lon="23.350984"><ele>425</ele></trkpt>
   <trkpt lat="43.02711" lon="23.350991"><ele>424.5</ele></trkpt>
   <trkpt lat="43.027421" lon="23.351022"><ele>424.25</ele></trkpt>
   <trkpt lat="43.027724" lon="23.351141"><ele>424.75</ele></trkpt>
   <trkpt lat="43.028726" lon="23.351623"><ele>420.5</ele></trkpt>
   <trkpt lat="43.029152" lon="23.351845"><ele>424</ele></trkpt>
   <trkpt lat="43.029399" lon="23.351958"><ele>426.25</ele></trkpt>
   <trkpt lat="43.029814" lon="23.352056"><ele>429.75</ele></trkpt>
   <trkpt lat="43.030001" lon="23.35209"><ele>428.25</ele></trkpt>
   <trkpt lat="43.030536" lon="23.352029"><ele>424.75</ele></trkpt>
   <trkpt lat="43.031483" lon="23.351747"><ele>418.25</ele></trkpt>
   <trkpt lat="43.031716" lon="23.351664"><ele>418.25</ele></trkpt>
   <trkpt lat="43.032351" lon="23.351483"><ele>409</ele></trkpt>
   <trkpt lat="43.03269" lon="23.351384"><ele>408.25</ele></trkpt>
   <trkpt lat="43.033001" lon="23.351382"><ele>411.25</ele></trkpt>
   <trkpt lat="43.033387" lon="23.351438"><ele>414.5</ele></trkpt>
   <trkpt lat="43.033674" lon="23.351511"><ele>413.5</ele></trkpt>
   <trkpt lat="43.033987" lon="23.35164"><ele>413.5</ele></trkpt>
   <trkpt lat="43.034273" lon="23.351819"><ele>414</ele></trkpt>
   <trkpt lat="43.034632" lon="23.352108"><ele>414.75</ele></trkpt>
   <trkpt lat="43.035383" lon="23.352852"><ele>424</ele></trkpt>
   <trkpt lat="43.037284" lon="23.354668"><ele>426.25</ele></trkpt>
   <trkpt lat="43.037624" lon="23.354941"><ele>424.5</ele></trkpt>
   <trkpt lat="43.037801" lon="23.35505"><ele>425.25</ele></trkpt>
   <trkpt lat="43.038009" lon="23.355144"><ele>426.75</ele></trkpt>
   <trkpt lat="43.038228" lon="23.355224"><ele>427.25</ele></trkpt>
   <trkpt lat="43.038456" lon="23.355289"><ele>429</ele></trkpt>
   <trkpt lat="43.038703" lon="23.355327"><ele>431.25</ele></trkpt>
   <trkpt lat="43.038932" lon="23.355336"><ele>431.75</ele></trkpt>
   <trkpt lat="43.039178" lon="23.355299"><ele>429.75</ele></trkpt>
   <trkpt lat="43.039421" lon="23.355235"><ele>427.5</ele></trkpt>
   <trkpt lat="43.039626" lon="23.355149"><ele>423.75</ele></trkpt>
   <trkpt lat="43.040191" lon="23.354879"><ele>418.75</ele></trkpt>
   <trkpt lat="43.040697" lon="23.354676"><ele>420.75</ele></trkpt>
   <trkpt lat="43.040937" lon="23.354602"><ele>421</ele></trkpt>
   <trkpt lat="43.041161" lon="23.354573"><ele>422.25</ele></trkpt>
   <trkpt lat="43.041616" lon="23.35461"><ele>428</ele></trkpt>
   <trkpt lat="43.042003" lon="23.354743"><ele>424.75</ele></trkpt>
   <trkpt lat="43.042372" lon="23.354938"><ele>420.25</ele></trkpt>
   <trkpt lat="43.042751" lon="23.355233"><ele>421</ele></trkpt>
   <trkpt lat="43.043037" lon="23.355598"><ele>420.75</ele></trkpt>
   <trkpt lat="43.043314" lon="23.356045"><ele>415.25</ele></trkpt>
   <trkpt lat="43.043511" lon="23.356523"><ele>418.75</ele></trkpt>
   <trkpt lat="43.043621" lon="23.356875"><ele>421.5</ele></trkpt>
   <trkpt lat="43.043705" lon="23.357255"><ele>424.5</ele></trkpt>
   <trkpt lat="43.043885" lon="23.35836"><ele>429.25</ele></trkpt>
   <trkpt lat="43.044008" lon="23.358872"><ele>431.25</ele></trkpt>
   <trkpt lat="43.044146" lon="23.359256"><ele>430</ele></trkpt>
   <trkpt lat="43.044333" lon="23.359676"><ele>434.5</ele></trkpt>
   <trkpt lat="43.044502" lon="23.35997"><ele>432.5</ele></trkpt>
   <trkpt lat="43.044697" lon="23.360252"><ele>431.25</ele></trkpt>
   <trkpt lat="43.04491" lon="23.360509"><ele>428</ele></trkpt>
   <trkpt lat="43.04519" lon="23.360792"><ele>426</ele></trkpt>
   <trkpt lat="43.04585" lon="23.3614"><ele>419</ele></trkpt>
   <trkpt lat="43.046216" lon="23.3617"><ele>420</ele></trkpt>
   <trkpt lat="43.046496" lon="23.361878"><ele>421.5</ele></trkpt>
   <trkpt lat="43.046783" lon="23.362025"><ele>421.75</ele></trkpt>
   <trkpt lat="43.047058" lon="23.362127"><ele>421.25</ele></trkpt>
   <trkpt lat="43.047329" lon="23.362177"><ele>417.75</ele></trkpt>
   <trkpt lat="43.047658" lon="23.362209"><ele>415</ele></trkpt>
   <trkpt lat="43.047922" lon="23.362192"><ele>414</ele></trkpt>
   <trkpt lat="43.048541" lon="23.36206"><ele>413.75</ele></trkpt>
   <trkpt lat="43.050128" lon="23.361536"><ele>409</ele></trkpt>
   <trkpt lat="43.050427" lon="23.361463"><ele>410</ele></trkpt>
   <trkpt lat="43.05069" lon="23.361419"><ele>411</ele></trkpt>
   <trkpt lat="43.050925" lon="23.361411"><ele>411.5</ele></trkpt>
   <trkpt lat="43.051167" lon="23.361453"><ele>411.75</ele></trkpt>
   <trkpt lat="43.051436" lon="23.361521"><ele>412.25</ele></trkpt>
   <trkpt lat="43.051691" lon="23.361603"><ele>412.75</ele></trkpt>
   <trkpt lat="43.052625" lon="23.36194"><ele>409.75</ele></trkpt>
   <trkpt lat="43.053168" lon="23.362185"><ele>407.25</ele></trkpt>
   <trkpt lat="43.05341" lon="23.362334"><ele>406</ele></trkpt>
   <trkpt lat="43.053665" lon="23.36253"><ele>405.5</ele></trkpt>
   <trkpt lat="43.053921" lon="23.362779"><ele>408.25</ele></trkpt>
   <trkpt lat="43.054429" lon="23.363363"><ele>411.75</ele></trkpt>
   <trkpt lat="43.055811" lon="23.364876"><ele>420.25</ele></trkpt>
   <trkpt lat="43.056059" lon="23.365102"><ele>421.5</ele></trkpt>
   <trkpt lat="43.056319" lon="23.365287"><ele>421.75</ele></trkpt>
   <trkpt lat="43.056528" lon="23.365413"><ele>420.25</ele></trkpt>
   <trkpt lat="43.0568" lon="23.365543"><ele>419.5</ele></trkpt>
   <trkpt lat="43.057149" lon="23.365669"><ele>420</ele></trkpt>
   <trkpt lat="43.057414" lon="23.365732"><ele>418.5</ele></trkpt>
   <trkpt lat="43.057619" lon="23.365766"><ele>417.25</ele></trkpt>
   <trkpt lat="43.057968" lon="23.365789"><ele>414.75</ele></trkpt>
   <trkpt lat="43.058319" lon="23.365792"><ele>411.5</ele></trkpt>
   <trkpt lat="43.05856" lon="23.36577"><ele>411.25</ele></trkpt>
   <trkpt lat="43.058902" lon="23.365719"><ele>410</ele></trkpt>
   <trkpt lat="43.059689" lon="23.365565"><ele>408.25</ele></trkpt>
   <trkpt lat="43.060293" lon="23.365485"><ele>407</ele></trkpt>
   <trkpt lat="43.060731" lon="23.3655"><ele>406</ele></trkpt>
   <trkpt lat="43.061183" lon="23.365633"><ele>405.25</ele></trkpt>
   <trkpt lat="43.061529" lon="23.365817"><ele>404.25</ele></trkpt>
   <trkpt lat="43.061701" lon="23.365959"><ele>404.5</ele></trkpt>
   <trkpt lat="43.062062" lon="23.36639"><ele>406.75</ele></trkpt>
   <trkpt lat="43.062241" lon="23.366618"><ele>405</ele></trkpt>
   <trkpt lat="43.062394" lon="23.366873"><ele>404.75</ele></trkpt>
   <trkpt lat="43.062611" lon="23.367288"><ele>406.25</ele></trkpt>
   <trkpt lat="43.063015" lon="23.368154"><ele>409.25</ele></trkpt>
   <trkpt lat="43.063126" lon="23.368379"><ele>409</ele></trkpt>
   <trkpt lat="43.063257" lon="23.368595"><ele>409.5</ele></trkpt>
   <trkpt lat="43.063386" lon="23.36879"><ele>410</ele></trkpt>
   <trkpt lat="43.06353" lon="23.368969"><ele>410.5</ele></trkpt>
   <trkpt lat="43.063722" lon="23.369177"><ele>408.5</ele></trkpt>
   <trkpt lat="43.06488" lon="23.370294"><ele>417.75</ele></trkpt>
   <trkpt lat="43.06515" lon="23.370497"><ele>418.75</ele></trkpt>
   <trkpt lat="43.065406" lon="23.37065"><ele>418.75</ele></trkpt>
   <trkpt lat="43.065681" lon="23.370757"><ele>415.25</ele></trkpt>
   <trkpt lat="43.065988" lon="23.37084"><ele>411.75</ele></trkpt>
   <trkpt lat="43.066273" lon="23.370831"><ele>407</ele></trkpt>
   <trkpt lat="43.066556" lon="23.370778"><ele>401.25</ele></trkpt>
   <trkpt lat="43.066813" lon="23.370674"><ele>398.5</ele></trkpt>
   <trkpt lat="43.067301" lon="23.370423"><ele>397.25</ele></trkpt>
   <trkpt lat="43.067823" lon="23.37011"><ele>401.25</ele></trkpt>
   <trkpt lat="43.068352" lon="23.369819"><ele>405.25</ele></trkpt>
   <trkpt lat="43.068641" lon="23.369645"><ele>405.25</ele></trkpt>
   <trkpt lat="43.068865" lon="23.369566"><ele>406</ele></trkpt>
   <trkpt lat="43.06912" lon="23.369501"><ele>406.75</ele></trkpt>
   <trkpt lat="43.06943" lon="23.369452"><ele>404.25</ele></trkpt>
   <trkpt lat="43.069617" lon="23.369447"><ele>403.5</ele></trkpt>
   <trkpt lat="43.070129" lon="23.369507"><ele>403.5</ele></trkpt>
   <trkpt lat="43.070417" lon="23.369609"><ele>403.5</ele></trkpt>
   <trkpt lat="43.070677" lon="23.369711"><ele>403</ele></trkpt>
   <trkpt lat="43.070955" lon="23.369869"><ele>402.75</ele></trkpt>
   <trkpt lat="43.071855" lon="23.370419"><ele>403.25</ele></trkpt>
   <trkpt lat="43.073022" lon="23.370953"><ele>398.75</ele></trkpt>
   <trkpt lat="43.073417" lon="23.371151"><ele>397.75</ele></trkpt>
   <trkpt lat="43.073701" lon="23.37132"><ele>398.75</ele></trkpt>
   <trkpt lat="43.074017" lon="23.37156"><ele>399.25</ele></trkpt>
   <trkpt lat="43.074341" lon="23.371847"><ele>400.5</ele></trkpt>
   <trkpt lat="43.074829" lon="23.372376"><ele>399.5</ele></trkpt>
   <trkpt lat="43.075274" lon="23.372928"><ele>404.5</ele></trkpt>
   <trkpt lat="43.075531" lon="23.373225"><ele>404.25</ele></trkpt>
   <trkpt lat="43.075842" lon="23.373506"><ele>403.25</ele></trkpt>
   <trkpt lat="43.07662" lon="23.374001"><ele>403</ele></trkpt>
   <trkpt lat="43.077025" lon="23.374194"><ele>399.25</ele></trkpt>
   <trkpt lat="43.077088" lon="23.374233"><ele>399.25</ele></trkpt>
   <trkpt lat="43.077925" lon="23.374752"><ele>396.75</ele></trkpt>
   <trkpt lat="43.078199" lon="23.374928"><ele>394.75</ele></trkpt>
   <trkpt lat="43.078431" lon="23.375075"><ele>393.25</ele></trkpt>
   <trkpt lat="43.078724" lon="23.375298"><ele>393.75</ele></trkpt>
   <trkpt lat="43.078923" lon="23.375473"><ele>394</ele></trkpt>
   <trkpt lat="43.079128" lon="23.375683"><ele>394.5</ele></trkpt>
   <trkpt lat="43.079337" lon="23.375942"><ele>395.5</ele></trkpt>
   <trkpt lat="43.079525" lon="23.376212"><ele>396.5</ele></trkpt>
   <trkpt lat="43.079868" lon="23.376679"><ele>396</ele></trkpt>
   <trkpt lat="43.080276" lon="23.377176"><ele>396.25</ele></trkpt>
   <trkpt lat="43.080466" lon="23.377391"><ele>396.25</ele></trkpt>
   <trkpt lat="43.08067" lon="23.377596"><ele>396.5</ele></trkpt>
   <trkpt lat="43.081001" lon="23.377871"><ele>398.25</ele></trkpt>
   <trkpt lat="43.081278" lon="23.378079"><ele>398</ele></trkpt>
   <trkpt lat="43.08202" lon="23.378503"><ele>395.5</ele></trkpt>
   <trkpt lat="43.083824" lon="23.379435"><ele>391.25</ele></trkpt>
   <trkpt lat="43.084535" lon="23.379773"><ele>394</ele></trkpt>
   <trkpt lat="43.084907" lon="23.379968"><ele>393.75</ele></trkpt>
   <trkpt lat="43.085245" lon="23.380189"><ele>393.25</ele></trkpt>
   <trkpt lat="43.085428" lon="23.380356"><ele>393.75</ele></trkpt>
   <trkpt lat="43.085611" lon="23.380537"><ele>393.5</ele></trkpt>
   <trkpt lat="43.085736" lon="23.380672"><ele>393.25</ele></trkpt>
   <trkpt lat="43.085895" lon="23.380884"><ele>393.75</ele></trkpt>
   <trkpt lat="43.086107" lon="23.381213"><ele>395.75</ele></trkpt>
   <trkpt lat="43.086296" lon="23.38159"><ele>396.25</ele></trkpt>
   <trkpt lat="43.086451" lon="23.381979"><ele>396.25</ele></trkpt>
   <trkpt lat="43.086567" lon="23.382319"><ele>397</ele></trkpt>
   <trkpt lat="43.086679" lon="23.382721"><ele>397.25</ele></trkpt>
   <trkpt lat="43.086746" lon="23.383049"><ele>397.75</ele></trkpt>
   <trkpt lat="43.086833" lon="23.383582"><ele>397.25</ele></trkpt>
   <trkpt lat="43.086871" lon="23.383991"><ele>396</ele></trkpt>
   <trkpt lat="43.086889" lon="23.384409"><ele>395.5</ele></trkpt>
   <trkpt lat="43.086867" lon="23.3849"><ele>396.5</ele></trkpt>
   <trkpt lat="43.086833" lon="23.385302"><ele>395.75</ele></trkpt>
   <trkpt lat="43.086754" lon="23.385749"><ele>395.5</ele></trkpt>
   <trkpt lat="43.086648" lon="23.386199"><ele>394.25</ele></trkpt>
   <trkpt lat="43.086467" lon="23.386713"><ele>394.25</ele></trkpt>
   <trkpt lat="43.086233" lon="23.387318"><ele>393.5</ele></trkpt>
   <trkpt lat="43.086047" lon="23.387941"><ele>392.75</ele></trkpt>
   <trkpt lat="43.085923" lon="23.388481"><ele>393</ele></trkpt>
   <trkpt lat="43.085859" lon="23.389121"><ele>397</ele></trkpt>
   <trkpt lat="43.08584" lon="23.389636"><ele>400.5</ele></trkpt>
   <trkpt lat="43.085855" lon="23.390134"><ele>401.75</ele></trkpt>
   <trkpt lat="43.085885" lon="23.39063"><ele>398.5</ele></trkpt>
   <trkpt lat="43.085944" lon="23.391091"><ele>393.25</ele></trkpt>
   <trkpt lat="43.086029" lon="23.391518"><ele>392.5</ele></trkpt>
   <trkpt lat="43.086092" lon="23.391755"><ele>392</ele></trkpt>
   <trkpt lat="43.086261" lon="23.392265"><ele>391.25</ele></trkpt>
   <trkpt lat="43.086495" lon="23.392959"><ele>391.25</ele></trkpt>
   <trkpt lat="43.086602" lon="23.393302"><ele>393.5</ele></trkpt>
   <trkpt lat="43.086681" lon="23.393622"><ele>393.5</ele></trkpt>
   <trkpt lat="43.086729" lon="23.393876"><ele>393.75</ele></trkpt>
   <trkpt lat="43.086767" lon="23.394165"><ele>394.25</ele></trkpt>
   <trkpt lat="43.087086" lon="23.397564"><ele>395.25</ele></trkpt>
   <trkpt lat="43.087124" lon="23.398087"><ele>393.5</ele></trkpt>
   <trkpt lat="43.08712" lon="23.398504"><ele>393.5</ele></trkpt>
   <trkpt lat="43.087087" lon="23.398884"><ele>394.75</ele></trkpt>
   <trkpt lat="43.087027" lon="23.399221"><ele>396.75</ele></trkpt>
   <trkpt lat="43.086954" lon="23.399552"><ele>396.75</ele></trkpt>
   <trkpt lat="43.086827" lon="23.399926"><ele>398.75</ele></trkpt>
   <trkpt lat="43.086652" lon="23.400298"><ele>399.25</ele></trkpt>
   <trkpt lat="43.085962" lon="23.401574"><ele>400.5</ele></trkpt>
   <trkpt lat="43.085792" lon="23.401914"><ele>399.25</ele></trkpt>
   <trkpt lat="43.08564" lon="23.402242"><ele>400.25</ele></trkpt>
   <trkpt lat="43.085517" lon="23.402601"><ele>400.75</ele></trkpt>
   <trkpt lat="43.08543" lon="23.40297"><ele>404.25</ele></trkpt>
   <trkpt lat="43.085379" lon="23.403254"><ele>406</ele></trkpt>
   <trkpt lat="43.085362" lon="23.403622"><ele>406</ele></trkpt>
   <trkpt lat="43.085364" lon="23.403954"><ele>405</ele></trkpt>
   <trkpt lat="43.085396" lon="23.404314"><ele>404.25</ele></trkpt>
   <trkpt lat="43.085496" lon="23.404704"><ele>402</ele></trkpt>
   <trkpt lat="43.085623" lon="23.405079"><ele>399</ele></trkpt>
   <trkpt lat="43.085737" lon="23.405302"><ele>397</ele></trkpt>
   <trkpt lat="43.085867" lon="23.405496"><ele>394.75</ele></trkpt>
   <trkpt lat="43.086029" lon="23.405699"><ele>394.75</ele></trkpt>
   <trkpt lat="43.086254" lon="23.405908"><ele>393.5</ele></trkpt>
   <trkpt lat="43.086565" lon="23.40611"><ele>391.5</ele></trkpt>
   <trkpt lat="43.086802" lon="23.406181"><ele>390.75</ele></trkpt>
   <trkpt lat="43.089284" lon="23.406664"><ele>388.75</ele></trkpt>
   <trkpt lat="43.089673" lon="23.406769"><ele>389.5</ele></trkpt>
   <trkpt lat="43.089937" lon="23.406867"><ele>390.75</ele></trkpt>
   <trkpt lat="43.090216" lon="23.407005"><ele>390.5</ele></trkpt>
   <trkpt lat="43.090515" lon="23.407204"><ele>391</ele></trkpt>
   <trkpt lat="43.09072" lon="23.407368"><ele>392</ele></trkpt>
   <trkpt lat="43.090929" lon="23.407547"><ele>392.5</ele></trkpt>
   <trkpt lat="43.091205" lon="23.407803"><ele>392.75</ele></trkpt>
   <trkpt lat="43.09149" lon="23.4081"><ele>392</ele></trkpt>
   <trkpt lat="43.0917" lon="23.408345"><ele>391</ele></trkpt>
   <trkpt lat="43.091924" lon="23.408661"><ele>389.75</ele></trkpt>
   <trkpt lat="43.092132" lon="23.409017"><ele>389.25</ele></trkpt>
   <trkpt lat="43.09229" lon="23.409354"><ele>387.5</ele></trkpt>
   <trkpt lat="43.09242" lon="23.409711"><ele>385.5</ele></trkpt>
   <trkpt lat="43.092537" lon="23.410128"><ele>385.5</ele></trkpt>
   <trkpt lat="43.092639" lon="23.41059"><ele>388.25</ele></trkpt>
   <trkpt lat="43.0927" lon="23.411015"><ele>391.25</ele></trkpt>
   <trkpt lat="43.092731" lon="23.41143"><ele>394.75</ele></trkpt>
   <trkpt lat="43.092725" lon="23.411861"><ele>397.5</ele></trkpt>
   <trkpt lat="43.092687" lon="23.412369"><ele>398.5</ele></trkpt>
   <trkpt lat="43.092575" lon="23.413313"><ele>389.25</ele></trkpt>
   <trkpt lat="43.092313" lon="23.415894"><ele>387</ele></trkpt>
   <trkpt lat="43.092143" lon="23.416716"><ele>387.25</ele></trkpt>
   <trkpt lat="43.091998" lon="23.417213"><ele>388</ele></trkpt>
   <trkpt lat="43.091798" lon="23.417614"><ele>390.75</ele></trkpt>
   <trkpt lat="43.091592" lon="23.417962"><ele>393</ele></trkpt>
   <trkpt lat="43.091114" lon="23.418688"><ele>398.25</ele></trkpt>
   <trkpt lat="43.09094" lon="23.419003"><ele>397.75</ele></trkpt>
   <trkpt lat="43.090838" lon="23.419244"><ele>396.75</ele></trkpt>
   <trkpt lat="43.090723" lon="23.41956"><ele>398.75</ele></trkpt>
   <trkpt lat="43.090632" lon="23.419943"><ele>398.75</ele></trkpt>
   <trkpt lat="43.090564" lon="23.420306"><ele>399.5</ele></trkpt>
   <trkpt lat="43.090541" lon="23.420683"><ele>398.25</ele></trkpt>
   <trkpt lat="43.090534" lon="23.421067"><ele>396</ele></trkpt>
   <trkpt lat="43.090561" lon="23.42144"><ele>392</ele></trkpt>
   <trkpt lat="43.090634" lon="23.42186"><ele>388.5</ele></trkpt>
   <trkpt lat="43.090776" lon="23.42238"><ele>384</ele></trkpt>
   <trkpt lat="43.090994" lon="23.422842"><ele>379.5</ele></trkpt>
   <trkpt lat="43.09108" lon="23.423004"><ele>381.25</ele></trkpt>
   <trkpt lat="43.091227" lon="23.423233"><ele>384</ele></trkpt>
   <trkpt lat="43.091526" lon="23.423571"><ele>388.75</ele></trkpt>
   <trkpt lat="43.091827" lon="23.423831"><ele>393</ele></trkpt>
   <trkpt lat="43.092242" lon="23.424068"><ele>393.25</ele></trkpt>
   <trkpt lat="43.092707" lon="23.424209"><ele>391</ele></trkpt>
   <trkpt lat="43.093008" lon="23.424236"><ele>387.5</ele></trkpt>
   <trkpt lat="43.093279" lon="23.424198"><ele>380.75</ele></trkpt>
   <trkpt lat="43.094758" lon="23.42404"><ele>374.25</ele></trkpt>
   <trkpt lat="43.095248" lon="23.424026"><ele>375</ele></trkpt>
   <trkpt lat="43.095526" lon="23.424046"><ele>375.25</ele></trkpt>
   <trkpt lat="43.09586" lon="23.424115"><ele>376</ele></trkpt>
   <trkpt lat="43.096192" lon="23.424229"><ele>376</ele></trkpt>
   <trkpt lat="43.096547" lon="23.424393"><ele>378.75</ele></trkpt>
   <trkpt lat="43.096838" lon="23.424586"><ele>379</ele></trkpt>
   <trkpt lat="43.097043" lon="23.424761"><ele>378.75</ele></trkpt>
   <trkpt lat="43.09735" lon="23.425089"><ele>379.5</ele></trkpt>
   <trkpt lat="43.097627" lon="23.425455"><ele>378</ele></trkpt>
   <trkpt lat="43.097813" lon="23.425821"><ele>376</ele></trkpt>
   <trkpt lat="43.09805" lon="23.426429"><ele>373.75</ele></trkpt>
   <trkpt lat="43.098165" lon="23.426869"><ele>374.5</ele></trkpt>
   <trkpt lat="43.098254" lon="23.427345"><ele>377</ele></trkpt>
   <trkpt lat="43.098309" lon="23.427821"><ele>378.5</ele></trkpt>
   <trkpt lat="43.098325" lon="23.428327"><ele>380.25</ele></trkpt>
   <trkpt lat="43.098304" lon="23.428756"><ele>378.75</ele></trkpt>
   <trkpt lat="43.098253" lon="23.429172"><ele>378.5</ele></trkpt>
   <trkpt lat="43.098166" lon="23.429545"><ele>376.75</ele></trkpt>
   <trkpt lat="43.098031" lon="23.429979"><ele>376.75</ele></trkpt>
   <trkpt lat="43.097847" lon="23.430424"><ele>377.75</ele></trkpt>
   <trkpt lat="43.097359" lon="23.431524"><ele>380.25</ele></trkpt>
   <trkpt lat="43.097056" lon="23.43228"><ele>383.75</ele></trkpt>
   <trkpt lat="43.096925" lon="23.432695"><ele>383</ele></trkpt>
   <trkpt lat="43.096835" lon="23.433078"><ele>380.75</ele></trkpt>
   <trkpt lat="43.096771" lon="23.433492"><ele>378.25</ele></trkpt>
   <trkpt lat="43.096722" lon="23.434469"><ele>375.75</ele></trkpt>
   <trkpt lat="43.096715" lon="23.435068"><ele>373.5</ele></trkpt>
   <trkpt lat="43.096727" lon="23.4355"><ele>376.25</ele></trkpt>
   <trkpt lat="43.096752" lon="23.436006"><ele>378.5</ele></trkpt>
   <trkpt lat="43.097019" lon="23.43819"><ele>377.75</ele></trkpt>
   <trkpt lat="43.0971" lon="23.438955"><ele>375.75</ele></trkpt>
   <trkpt lat="43.09722" lon="23.440811"><ele>373</ele></trkpt>
   <trkpt lat="43.097347" lon="23.442567"><ele>358.75</ele></trkpt>
   <trkpt lat="43.097402" lon="23.443574"><ele>364</ele></trkpt>
   <trkpt lat="43.097425" lon="23.444299"><ele>367.5</ele></trkpt>
   <trkpt lat="43.097434" lon="23.44516"><ele>362.5</ele></trkpt>
   <trkpt lat="43.097454" lon="23.445837"><ele>360</ele></trkpt>
   <trkpt lat="43.097511" lon="23.446399"><ele>361.25</ele></trkpt>
   <trkpt lat="43.097542" lon="23.446829"><ele>362.5</ele></trkpt>
   <trkpt lat="43.097538" lon="23.447199"><ele>362.75</ele></trkpt>
   <trkpt lat="43.097503" lon="23.447668"><ele>362.5</ele></trkpt>
   <trkpt lat="43.097441" lon="23.448084"><ele>360.75</ele></trkpt>
   <trkpt lat="43.097358" lon="23.448436"><ele>359.25</ele></trkpt>
   <trkpt lat="43.09726" lon="23.448763"><ele>357.5</ele></trkpt>
   <trkpt lat="43.097137" lon="23.449098"><ele>356</ele></trkpt>
   <trkpt lat="43.097043" lon="23.449313"><ele>355</ele></trkpt>
   <trkpt lat="43.096878" lon="23.449634"><ele>354</ele></trkpt>
   <trkpt lat="43.096625" lon="23.450032"><ele>354.5</ele></trkpt>
   <trkpt lat="43.096455" lon="23.450273"><ele>357.5</ele></trkpt>
   <trkpt lat="43.096256" lon="23.450502"><ele>360.25</ele></trkpt>
   <trkpt lat="43.096076" lon="23.450677"><ele>362</ele></trkpt>
   <trkpt lat="43.094512" lon="23.452006"><ele>363.5</ele></trkpt>
   <trkpt lat="43.094197" lon="23.452288"><ele>360.75</ele></trkpt>
   <trkpt lat="43.093973" lon="23.452537"><ele>357.75</ele></trkpt>
   <trkpt lat="43.093837" lon="23.452738"><ele>358.25</ele></trkpt>
   <trkpt lat="43.09363" lon="23.453088"><ele>358.5</ele></trkpt>
   <trkpt lat="43.093441" lon="23.453547"><ele>357.5</ele></trkpt>
   <trkpt lat="43.09304" lon="23.45461"><ele>355.5</ele></trkpt>
   <trkpt lat="43.092672" lon="23.45561"><ele>352</ele></trkpt>
   <trkpt lat="43.092542" lon="23.456031"><ele>349.75</ele></trkpt>
   <trkpt lat="43.092479" lon="23.456353"><ele>349.75</ele></trkpt>
   <trkpt lat="43.092443" lon="23.456673"><ele>350</ele></trkpt>
   <trkpt lat="43.092427" lon="23.457238"><ele>353</ele></trkpt>
   <trkpt lat="43.092447" lon="23.457907"><ele>358.5</ele></trkpt>
   <trkpt lat="43.09245" lon="23.458388"><ele>359.25</ele></trkpt>
   <trkpt lat="43.092393" lon="23.458892"><ele>360</ele></trkpt>
   <trkpt lat="43.092299" lon="23.459288"><ele>360.75</ele></trkpt>
   <trkpt lat="43.092156" lon="23.45968"><ele>361.25</ele></trkpt>
   <trkpt lat="43.091954" lon="23.4601"><ele>361.5</ele></trkpt>
   <trkpt lat="43.091688" lon="23.460497"><ele>356.75</ele></trkpt>
   <trkpt lat="43.091411" lon="23.460894"><ele>356.75</ele></trkpt>
   <trkpt lat="43.091247" lon="23.46116"><ele>359.25</ele></trkpt>
   <trkpt lat="43.090976" lon="23.461713"><ele>354.75</ele></trkpt>
   <trkpt lat="43.090837" lon="23.462068"><ele>352.5</ele></trkpt>
   <trkpt lat="43.090416" lon="23.46324"><ele>348.5</ele></trkpt>
   <trkpt lat="43.090236" lon="23.463658"><ele>346.5</ele></trkpt>
   <trkpt lat="43.090137" lon="23.463858"><ele>345.25</ele></trkpt>
   <trkpt lat="43.089968" lon="23.464164"><ele>342.5</ele></trkpt>
   <trkpt lat="43.089805" lon="23.464412"><ele>342.25</ele></trkpt>
   <trkpt lat="43.089589" lon="23.464702"><ele>342.25</ele></trkpt>
   <trkpt lat="43.089328" lon="23.464999"><ele>342.75</ele></trkpt>
   <trkpt lat="43.089117" lon="23.465214"><ele>342.5</ele></trkpt>
   <trkpt lat="43.088836" lon="23.465467"><ele>342.75</ele></trkpt>
   <trkpt lat="43.088622" lon="23.465645"><ele>343</ele></trkpt>
   <trkpt lat="43.087875" lon="23.466304"><ele>344.25</ele></trkpt>
   <trkpt lat="43.087249" lon="23.466796"><ele>344</ele></trkpt>
   <trkpt lat="43.087008" lon="23.46697"><ele>345</ele></trkpt>
   <trkpt lat="43.086414" lon="23.467433"><ele>343.75</ele></trkpt>
   <trkpt lat="43.086187" lon="23.467627"><ele>343.5</ele></trkpt>
   <trkpt lat="43.08586" lon="23.467954"><ele>342.25</ele></trkpt>
   <trkpt lat="43.085579" lon="23.468281"><ele>341.5</ele></trkpt>
   <trkpt lat="43.085177" lon="23.46879"><ele>341.75</ele></trkpt>
   <trkpt lat="43.084919" lon="23.469161"><ele>342.5</ele></trkpt>
   <trkpt lat="43.084653" lon="23.469492"><ele>351.5</ele></trkpt>
   <trkpt lat="43.084425" lon="23.469758"><ele>351.75</ele></trkpt>
   <trkpt lat="43.084076" lon="23.470129"><ele>352.25</ele></trkpt>
   <trkpt lat="43.083652" lon="23.470367"><ele>352.75</ele></trkpt>
   <trkpt lat="43.083371" lon="23.470439"><ele>352.75</ele></trkpt>
   <trkpt lat="43.082962" lon="23.470476"><ele>347.75</ele></trkpt>
   <trkpt lat="43.082695" lon="23.470459"><ele>345.25</ele></trkpt>
   <trkpt lat="43.082479" lon="23.470419"><ele>344.25</ele></trkpt>
   <trkpt lat="43.08152" lon="23.470183"><ele>343.75</ele></trkpt>
   <trkpt lat="43.081177" lon="23.470158"><ele>342.5</ele></trkpt>
   <trkpt lat="43.080896" lon="23.470167"><ele>340.75</ele></trkpt>
   <trkpt lat="43.080676" lon="23.470209"><ele>341.25</ele></trkpt>
   <trkpt lat="43.080185" lon="23.470412"><ele>343</ele></trkpt>
   <trkpt lat="43.080007" lon="23.470525"><ele>343.5</ele></trkpt>
   <trkpt lat="43.079907" lon="23.47061"><ele>343.75</ele></trkpt>
   <trkpt lat="43.078922" lon="23.471616"><ele>344</ele></trkpt>
   <trkpt lat="43.078647" lon="23.471884"><ele>343</ele></trkpt>
   <trkpt lat="43.078407" lon="23.472095"><ele>341</ele></trkpt>
   <trkpt lat="43.078102" lon="23.472334"><ele>338.25</ele></trkpt>
   <trkpt lat="43.077814" lon="23.472523"><ele>336.5</ele></trkpt>
   <trkpt lat="43.077583" lon="23.472656"><ele>338.75</ele></trkpt>
   <trkpt lat="43.07737" lon="23.472749"><ele>338.5</ele></trkpt>
   <trkpt lat="43.07712" lon="23.472808"><ele>337</ele></trkpt>
   <trkpt lat="43.076854" lon="23.472839"><ele>336.25</ele></trkpt>
   <trkpt lat="43.076567" lon="23.472825"><ele>335</ele></trkpt>
   <trkpt lat="43.07631" lon="23.472767"><ele>333</ele></trkpt>
   <trkpt lat="43.076053" lon="23.472681"><ele>330.5</ele></trkpt>
   <trkpt lat="43.075826" lon="23.472568"><ele>328.25</ele></trkpt>
   <trkpt lat="43.075559" lon="23.472416"><ele>329.5</ele></trkpt>
   <trkpt lat="43.074836" lon="23.47191"><ele>331.25</ele></trkpt>
   <trkpt lat="43.074557" lon="23.471727"><ele>331</ele></trkpt>
   <trkpt lat="43.074343" lon="23.471605"><ele>331</ele></trkpt>
   <trkpt lat="43.07405" lon="23.471485"><ele>332.75</ele></trkpt>
   <trkpt lat="43.073796" lon="23.471435"><ele>334.25</ele></trkpt>
   <trkpt lat="43.073554" lon="23.4714"><ele>335.5</ele></trkpt>
   <trkpt lat="43.073264" lon="23.4714"><ele>336</ele></trkpt>
   <trkpt lat="43.072859" lon="23.471498"><ele>334.25</ele></trkpt>
   <trkpt lat="43.072611" lon="23.471605"><ele>330.5</ele></trkpt>
   <trkpt lat="43.072427" lon="23.471719"><ele>328</ele></trkpt>
   <trkpt lat="43.072035" lon="23.47205"><ele>328</ele></trkpt>
   <trkpt lat="43.071895" lon="23.472212"><ele>327.25</ele></trkpt>
   <trkpt lat="43.071596" lon="23.472634"><ele>325.5</ele></trkpt>
   <trkpt lat="43.07139" lon="23.473056"><ele>326.75</ele></trkpt>
   <trkpt lat="43.071286" lon="23.473334"><ele>327.25</ele></trkpt>
   <trkpt lat="43.071208" lon="23.473594"><ele>327.25</ele></trkpt>
   <trkpt lat="43.071158" lon="23.473816"><ele>327</ele></trkpt>
   <trkpt lat="43.071107" lon="23.474123"><ele>326.5</ele></trkpt>
   <trkpt lat="43.071072" lon="23.474456"><ele>325.25</ele></trkpt>
   <trkpt lat="43.071065" lon="23.474791"><ele>323.25</ele></trkpt>
   <trkpt lat="43.071076" lon="23.475113"><ele>321.75</ele></trkpt>
   <trkpt lat="43.071104" lon="23.475359"><ele>320.75</ele></trkpt>
   <trkpt lat="43.071143" lon="23.475589"><ele>320</ele></trkpt>
   <trkpt lat="43.071215" lon="23.475882"><ele>319.25</ele></trkpt>
   <trkpt lat="43.07132" lon="23.476186"><ele>321.5</ele></trkpt>
   <trkpt lat="43.071405" lon="23.476397"><ele>323.5</ele></trkpt>
   <trkpt lat="43.071509" lon="23.476632"><ele>325.5</ele></trkpt>
   <trkpt lat="43.071725" lon="23.476991"><ele>325.5</ele></trkpt>
   <trkpt lat="43.071939" lon="23.477299"><ele>328.5</ele></trkpt>
   <trkpt lat="43.072266" lon="23.477728"><ele>328.75</ele></trkpt>
   <trkpt lat="43.072423" lon="23.477973"><ele>328</ele></trkpt>
   <trkpt lat="43.072571" lon="23.478241"><ele>328</ele></trkpt>
   <trkpt lat="43.072788" lon="23.47874"><ele>325.5</ele></trkpt>
   <trkpt lat="43.072942" lon="23.479335"><ele>322.75</ele></trkpt>
   <trkpt lat="43.073167" lon="23.480415"><ele>318.5</ele></trkpt>
   <trkpt lat="43.073364" lon="23.481392"><ele>319</ele></trkpt>
   <trkpt lat="43.073499" lon="23.481862"><ele>322.5</ele></trkpt>
   <trkpt lat="43.073628" lon="23.482215"><ele>323.5</ele></trkpt>
   <trkpt lat="43.073791" lon="23.482549"><ele>325.5</ele></trkpt>
   <trkpt lat="43.073959" lon="23.482831"><ele>326.25</ele></trkpt>
   <trkpt lat="43.074958" lon="23.484097"><ele>322.75</ele></trkpt>
   <trkpt lat="43.075653" lon="23.484832"><ele>324.75</ele></trkpt>
   <trkpt lat="43.076139" lon="23.485321"><ele>327.5</ele></trkpt>
   <trkpt lat="43.0767" lon="23.485838"><ele>325.75</ele></trkpt>
   <trkpt lat="43.076943" lon="23.48611"><ele>327.25</ele></trkpt>
   <trkpt lat="43.07714" lon="23.486374"><ele>327.25</ele></trkpt>
   <trkpt lat="43.077338" lon="23.486682"><ele>326.25</ele></trkpt>
   <trkpt lat="43.077503" lon="23.487043"><ele>325.5</ele></trkpt>
   <trkpt lat="43.07763" lon="23.487408"><ele>323.75</ele></trkpt>
   <trkpt lat="43.077725" lon="23.487758"><ele>323.25</ele></trkpt>
   <trkpt lat="43.077794" lon="23.48815"><ele>323</ele></trkpt>
   <trkpt lat="43.077842" lon="23.488618"><ele>323.5</ele></trkpt>
   <trkpt lat="43.077845" lon="23.488975"><ele>323.75</ele></trkpt>
   <trkpt lat="43.077825" lon="23.489396"><ele>323.75</ele></trkpt>
   <trkpt lat="43.07778" lon="23.489707"><ele>323.25</ele></trkpt>
   <trkpt lat="43.077679" lon="23.49014"><ele>320.75</ele></trkpt>
   <trkpt lat="43.077563" lon="23.490471"><ele>318</ele></trkpt>
   <trkpt lat="43.077432" lon="23.490781"><ele>316.25</ele></trkpt>
   <trkpt lat="43.077294" lon="23.491032"><ele>315.25</ele></trkpt>
   <trkpt lat="43.077111" lon="23.491321"><ele>314.5</ele></trkpt>
   <trkpt lat="43.076824" lon="23.491745"><ele>315.5</ele></trkpt>
   <trkpt lat="43.076679" lon="23.491969"><ele>318.25</ele></trkpt>
   <trkpt lat="43.076385" lon="23.492432"><ele>320.25</ele></trkpt>
   <trkpt lat="43.076252" lon="23.49268"><ele>321.5</ele></trkpt>
   <trkpt lat="43.07614" lon="23.492946"><ele>323</ele></trkpt>
   <trkpt lat="43.076" lon="23.493336"><ele>324.5</ele></trkpt>
   <trkpt lat="43.075889" lon="23.493745"><ele>321.75</ele></trkpt>
   <trkpt lat="43.075819" lon="23.494172"><ele>319.5</ele></trkpt>
   <trkpt lat="43.075798" lon="23.494621"><ele>317</ele></trkpt>
   <trkpt lat="43.075815" lon="23.49504"><ele>315.25</ele></trkpt>
   <trkpt lat="43.07586" lon="23.495386"><ele>313.5</ele></trkpt>
   <trkpt lat="43.075924" lon="23.495719"><ele>312.5</ele></trkpt>
   <trkpt lat="43.07603" lon="23.496064"><ele>312.5</ele></trkpt>
   <trkpt lat="43.076174" lon="23.496411"><ele>312.5</ele></trkpt>
   <trkpt lat="43.076314" lon="23.496688"><ele>312.5</ele></trkpt>
   <trkpt lat="43.076487" lon="23.496962"><ele>313.5</ele></trkpt>
   <trkpt lat="43.076669" lon="23.497194"><ele>312.25</ele></trkpt>
   <trkpt lat="43.076871" lon="23.497401"><ele>313.25</ele></trkpt>
   <trkpt lat="43.0771" lon="23.497592"><ele>314.75</ele></trkpt>
   <trkpt lat="43.07738" lon="23.49778"><ele>315.25</ele></trkpt>
   <trkpt lat="43.078367" lon="23.498306"><ele>314.75</ele></trkpt>
   <trkpt lat="43.078726" lon="23.498537"><ele>319</ele></trkpt>
   <trkpt lat="43.079054" lon="23.498803"><ele>319</ele></trkpt>
   <trkpt lat="43.079371" lon="23.499157"><ele>316.25</ele></trkpt>
   <trkpt lat="43.079594" lon="23.499491"><ele>318.25</ele></trkpt>
   <trkpt lat="43.079899" lon="23.500084"><ele>313.25</ele></trkpt>
   <trkpt lat="43.079991" lon="23.500285"><ele>312</ele></trkpt>
   <trkpt lat="43.080197" lon="23.500824"><ele>313.75</ele></trkpt>
   <trkpt lat="43.08045" lon="23.501508"><ele>315.75</ele></trkpt>
   <trkpt lat="43.080974" lon="23.502841"><ele>310.75</ele></trkpt>
   <trkpt lat="43.081933" lon="23.505382"><ele>311.75</ele></trkpt>
   <trkpt lat="43.082267" lon="23.506285"><ele>310</ele></trkpt>
   <trkpt lat="43.082367" lon="23.506603"><ele>308.25</ele></trkpt>
   <trkpt lat="43.082447" lon="23.506902"><ele>307.75</ele></trkpt>
   <trkpt lat="43.08254" lon="23.507325"><ele>308.25</ele></trkpt>
   <trkpt lat="43.082618" lon="23.507772"><ele>309</ele></trkpt>
   <trkpt lat="43.082669" lon="23.508277"><ele>308.5</ele></trkpt>
   <trkpt lat="43.082736" lon="23.509195"><ele>311.25</ele></trkpt>
   <trkpt lat="43.082778" lon="23.509551"><ele>312.5</ele></trkpt>
   <trkpt lat="43.082836" lon="23.509933"><ele>314.25</ele></trkpt>
   <trkpt lat="43.082884" lon="23.510704"><ele>316.5</ele></trkpt>
   <trkpt lat="43.082892" lon="23.511211"><ele>316.25</ele></trkpt>
   <trkpt lat="43.082866" lon="23.511606"><ele>314.5</ele></trkpt>
   <trkpt lat="43.082791" lon="23.512059"><ele>312</ele></trkpt>
   <trkpt lat="43.082671" lon="23.512495"><ele>309</ele></trkpt>
   <trkpt lat="43.082492" lon="23.512973"><ele>310.5</ele></trkpt>
   <trkpt lat="43.08226" lon="23.513459"><ele>313.5</ele></trkpt>
   <trkpt lat="43.081996" lon="23.513805"><ele>313.25</ele></trkpt>
   <trkpt lat="43.081716" lon="23.514142"><ele>310.75</ele></trkpt>
   <trkpt lat="43.081226" lon="23.514705"><ele>310</ele></trkpt>
   <trkpt lat="43.080964" lon="23.515059"><ele>309</ele></trkpt>
   <trkpt lat="43.080761" lon="23.515401"><ele>307.5</ele></trkpt>
   <trkpt lat="43.080518" lon="23.515969"><ele>305.75</ele></trkpt>
   <trkpt lat="43.080401" lon="23.516376"><ele>304</ele></trkpt>
   <trkpt lat="43.080327" lon="23.516737"><ele>303.25</ele></trkpt>
   <trkpt lat="43.080277" lon="23.517155"><ele>303.5</ele></trkpt>
   <trkpt lat="43.080198" lon="23.518276"><ele>309.25</ele></trkpt>
   <trkpt lat="43.080144" lon="23.518749"><ele>310.75</ele></trkpt>
   <trkpt lat="43.080079" lon="23.519094"><ele>310</ele></trkpt>
   <trkpt lat="43.079975" lon="23.519493"><ele>308.75</ele></trkpt>
   <trkpt lat="43.079882" lon="23.519772"><ele>309.25</ele></trkpt>
   <trkpt lat="43.07977" lon="23.520035"><ele>308.5</ele></trkpt>
   <trkpt lat="43.079422" lon="23.520634"><ele>306</ele></trkpt>
   <trkpt lat="43.07881" lon="23.521549"><ele>307</ele></trkpt>
   <trkpt lat="43.078547" lon="23.521998"><ele>305.5</ele></trkpt>
   <trkpt lat="43.078349" lon="23.522389"><ele>303.25</ele></trkpt>
   <trkpt lat="43.078153" lon="23.522886"><ele>302</ele></trkpt>
   <trkpt lat="43.078004" lon="23.523342"><ele>300.75</ele></trkpt>
   <trkpt lat="43.077075" lon="23.526834"><ele>294.5</ele></trkpt>
   <trkpt lat="43.076977" lon="23.527271"><ele>295.25</ele></trkpt>
   <trkpt lat="43.076915" lon="23.527654"><ele>296.5</ele></trkpt>
   <trkpt lat="43.076887" lon="23.527923"><ele>298</ele></trkpt>
   <trkpt lat="43.076861" lon="23.528412"><ele>300.5</ele></trkpt>
   <trkpt lat="43.076865" lon="23.528864"><ele>300.5</ele></trkpt>
   <trkpt lat="43.076899" lon="23.529332"><ele>300.25</ele></trkpt>
   <trkpt lat="43.076967" lon="23.529777"><ele>299.25</ele></trkpt>
   <trkpt lat="43.077491" lon="23.532466"><ele>292</ele></trkpt>
   <trkpt lat="43.077544" lon="23.532824"><ele>292.75</ele></trkpt>
   <trkpt lat="43.077579" lon="23.533272"><ele>293.75</ele></trkpt>
   <trkpt lat="43.077582" lon="23.533638"><ele>295.25</ele></trkpt>
   <trkpt lat="43.077561" lon="23.534004"><ele>296.25</ele></trkpt>
   <trkpt lat="43.077521" lon="23.534363"><ele>296.75</ele></trkpt>
   <trkpt lat="43.077452" lon="23.534737"><ele>298</ele></trkpt>
   <trkpt lat="43.077315" lon="23.535338"><ele>302.25</ele></trkpt>
   <trkpt lat="43.077024" lon="23.53643"><ele>305</ele></trkpt>
   <trkpt lat="43.076906" lon="23.536904"><ele>303.25</ele></trkpt>
   <trkpt lat="43.076633" lon="23.538417"><ele>297.5</ele></trkpt>
   <trkpt lat="43.076578" lon="23.538805"><ele>296.75</ele></trkpt>
   <trkpt lat="43.076559" lon="23.539021"><ele>296.25</ele></trkpt>
   <trkpt lat="43.076557" lon="23.539233"><ele>296</ele></trkpt>
   <trkpt lat="43.076558" lon="23.539489"><ele>295.25</ele></trkpt>
   <trkpt lat="43.076576" lon="23.539748"><ele>294.5</ele></trkpt>
   <trkpt lat="43.076621" lon="23.540137"><ele>293.75</ele></trkpt>
   <trkpt lat="43.076673" lon="23.540387"><ele>293.5</ele></trkpt>
   <trkpt lat="43.0767" lon="23.540483"><ele>293.75</ele></trkpt>
   <trkpt lat="43.076855" lon="23.540951"><ele>294.75</ele></trkpt>
   <trkpt lat="43.077056" lon="23.541396"><ele>295.75</ele></trkpt>
   <trkpt lat="43.077277" lon="23.541772"><ele>297</ele></trkpt>
   <trkpt lat="43.077521" lon="23.542083"><ele>297</ele></trkpt>
   <trkpt lat="43.07777" lon="23.542332"><ele>298.5</ele></trkpt>
   <trkpt lat="43.078104" lon="23.542615"><ele>299</ele></trkpt>
   <trkpt lat="43.079183" lon="23.54334"><ele>300</ele></trkpt>
   <trkpt lat="43.079442" lon="23.543566"><ele>299.25</ele></trkpt>
   <trkpt lat="43.079683" lon="23.543816"><ele>297</ele></trkpt>
   <trkpt lat="43.0799" lon="23.544119"><ele>293.25</ele></trkpt>
   <trkpt lat="43.080114" lon="23.544481"><ele>293.5</ele></trkpt>
   <trkpt lat="43.080256" lon="23.544825"><ele>293.25</ele></trkpt>
   <trkpt lat="43.080383" lon="23.545178"><ele>292.5</ele></trkpt>
   <trkpt lat="43.080461" lon="23.545506"><ele>291.5</ele></trkpt>
   <trkpt lat="43.080519" lon="23.545865"><ele>289.75</ele></trkpt>
   <trkpt lat="43.080545" lon="23.546243"><ele>288.75</ele></trkpt>
   <trkpt lat="43.080542" lon="23.546726"><ele>287.25</ele></trkpt>
   <trkpt lat="43.080506" lon="23.547399"><ele>288.25</ele></trkpt>
   <trkpt lat="43.080367" lon="23.548921"><ele>292.75</ele></trkpt>
   <trkpt lat="43.080317" lon="23.549622"><ele>291.75</ele></trkpt>
   <trkpt lat="43.08032" lon="23.550061"><ele>290.75</ele></trkpt>
   <trkpt lat="43.080344" lon="23.550446"><ele>290</ele></trkpt>
   <trkpt lat="43.080387" lon="23.550807"><ele>289.75</ele></trkpt>
   <trkpt lat="43.080452" lon="23.551159"><ele>289.25</ele></trkpt>
   <trkpt lat="43.080603" lon="23.551771"><ele>287.75</ele></trkpt>
   <trkpt lat="43.081012" lon="23.553216"><ele>285.5</ele></trkpt>
   <trkpt lat="43.081308" lon="23.554468"><ele>288.25</ele></trkpt>
   <trkpt lat="43.08207" lon="23.557861"><ele>286.5</ele></trkpt>
   <trkpt lat="43.082209" lon="23.558501"><ele>286.5</ele></trkpt>
   <trkpt lat="43.082287" lon="23.559024"><ele>285.5</ele></trkpt>
   <trkpt lat="43.082308" lon="23.559413"><ele>285</ele></trkpt>
   <trkpt lat="43.082305" lon="23.55977"><ele>284.75</ele></trkpt>
   <trkpt lat="43.082284" lon="23.560074"><ele>284.25</ele></trkpt>
   <trkpt lat="43.08227" lon="23.56019"><ele>284</ele></trkpt>
   <trkpt lat="43.082183" lon="23.560622"><ele>282.75</ele></trkpt>
   <trkpt lat="43.082035" lon="23.561143"><ele>282.5</ele></trkpt>
   <trkpt lat="43.081848" lon="23.56157"><ele>281.75</ele></trkpt>
   <trkpt lat="43.081673" lon="23.561879"><ele>282</ele></trkpt>
   <trkpt lat="43.081466" lon="23.562196"><ele>282.75</ele></trkpt>
   <trkpt lat="43.081135" lon="23.562556"><ele>282</ele></trkpt>
   <trkpt lat="43.080287" lon="23.56338"><ele>285.5</ele></trkpt>
   <trkpt lat="43.079975" lon="23.563739"><ele>285</ele></trkpt>
   <trkpt lat="43.079745" lon="23.564075"><ele>284.5</ele></trkpt>
   <trkpt lat="43.079546" lon="23.564452"><ele>283</ele></trkpt>
   <trkpt lat="43.079376" lon="23.56486"><ele>281.25</ele></trkpt>
   <trkpt lat="43.07926" lon="23.565269"><ele>279</ele></trkpt>
   <trkpt lat="43.079176" lon="23.56569"><ele>277.75</ele></trkpt>
   <trkpt lat="43.07913" lon="23.566171"><ele>277.25</ele></trkpt>
   <trkpt lat="43.079126" lon="23.566613"><ele>276.75</ele></trkpt>
   <trkpt lat="43.079163" lon="23.56706"><ele>276.75</ele></trkpt>
   <trkpt lat="43.079215" lon="23.567423"><ele>277</ele></trkpt>
   <trkpt lat="43.07931" lon="23.567824"><ele>276.5</ele></trkpt>
   <trkpt lat="43.079444" lon="23.568233"><ele>276.25</ele></trkpt>
   <trkpt lat="43.079545" lon="23.568489"><ele>276.5</ele></trkpt>
   <trkpt lat="43.079685" lon="23.568815"><ele>277</ele></trkpt>
   <trkpt lat="43.080113" lon="23.569623"><ele>278.25</ele></trkpt>
   <trkpt lat="43.080301" lon="23.569913"><ele>278.75</ele></trkpt>
   <trkpt lat="43.080715" lon="23.570646"><ele>279.75</ele></trkpt>
   <trkpt lat="43.081363" lon="23.572042"><ele>280.5</ele></trkpt>
   <trkpt lat="43.082004" lon="23.573455"><ele>280</ele></trkpt>
   <trkpt lat="43.08245" lon="23.574407"><ele>278.75</ele></trkpt>
   <trkpt lat="43.082696" lon="23.574858"><ele>279.25</ele></trkpt>
   <trkpt lat="43.082909" lon="23.57516"><ele>279.5</ele></trkpt>
   <trkpt lat="43.083157" lon="23.575437"><ele>280</ele></trkpt>
   <trkpt lat="43.083293" lon="23.575565"><ele>280.25</ele></trkpt>
   <trkpt lat="43.083613" lon="23.575875"><ele>283.5</ele></trkpt>
   <trkpt lat="43.084312" lon="23.576435"><ele>286.25</ele></trkpt>
   <trkpt lat="43.084589" lon="23.57662"><ele>286.5</ele></trkpt>
   <trkpt lat="43.084874" lon="23.576775"><ele>287</ele></trkpt>
   <trkpt lat="43.085565" lon="23.577092"><ele>287.5</ele></trkpt>
   <trkpt lat="43.085655" lon="23.577119"><ele>287.5</ele></trkpt>
   <trkpt lat="43.086303" lon="23.577399"><ele>285</ele></trkpt>
   <trkpt lat="43.08659" lon="23.577491"><ele>284.5</ele></trkpt>
   <trkpt lat="43.08695" lon="23.577595"><ele>282.25</ele></trkpt>
   <trkpt lat="43.087264" lon="23.577648"><ele>280.75</ele></trkpt>
   <trkpt lat="43.087677" lon="23.577701"><ele>279.25</ele></trkpt>
   <trkpt lat="43.088283" lon="23.577716"><ele>283</ele></trkpt>
   <trkpt lat="43.088785" lon="23.5777"><ele>286</ele></trkpt>
   <trkpt lat="43.089437" lon="23.577713"><ele>290.25</ele></trkpt>
   <trkpt lat="43.089913" lon="23.577735"><ele>293.25</ele></trkpt>
   <trkpt lat="43.090177" lon="23.577746"><ele>290.5</ele></trkpt>
   <trkpt lat="43.090679" lon="23.577823"><ele>285.25</ele></trkpt>
   <trkpt lat="43.091093" lon="23.57796"><ele>280.75</ele></trkpt>
   <trkpt lat="43.091555" lon="23.578189"><ele>275.75</ele></trkpt>
   <trkpt lat="43.092044" lon="23.578473"><ele>270.25</ele></trkpt>
   <trkpt lat="43.09261" lon="23.578883"><ele>266.75</ele></trkpt>
   <trkpt lat="43.092989" lon="23.579172"><ele>264.5</ele></trkpt>
   <trkpt lat="43.093267" lon="23.579412"><ele>262.75</ele></trkpt>
   <trkpt lat="43.093489" lon="23.57964"><ele>261.5</ele></trkpt>
   <trkpt lat="43.093825" lon="23.580074"><ele>261.5</ele></trkpt>
   <trkpt lat="43.094094" lon="23.580546"><ele>262.5</ele></trkpt>
   <trkpt lat="43.094308" lon="23.581045"><ele>262.75</ele></trkpt>
   <trkpt lat="43.094424" lon="23.581448"><ele>262.75</ele></trkpt>
   <trkpt lat="43.094554" lon="23.581979"><ele>264.5</ele></trkpt>
   <trkpt lat="43.094635" lon="23.582594"><ele>267.5</ele></trkpt>
   <trkpt lat="43.094649" lon="23.583035"><ele>268.25</ele></trkpt>
   <trkpt lat="43.094631" lon="23.583513"><ele>269.75</ele></trkpt>
   <trkpt lat="43.094565" lon="23.584022"><ele>271.25</ele></trkpt>
   <trkpt lat="43.094381" lon="23.584909"><ele>269.75</ele></trkpt>
   <trkpt lat="43.093936" lon="23.586907"><ele>268.25</ele></trkpt>
   <trkpt lat="43.093828" lon="23.587423"><ele>268.25</ele></trkpt>
   <trkpt lat="43.09372" lon="23.588248"><ele>270.5</ele></trkpt>
   <trkpt lat="43.093641" lon="23.589082"><ele>273.75</ele></trkpt>
   <trkpt lat="43.093545" lon="23.589822"><ele>274</ele></trkpt>
   <trkpt lat="43.093396" lon="23.590518"><ele>273.75</ele></trkpt>
   <trkpt lat="43.093186" lon="23.591243"><ele>274</ele></trkpt>
   <trkpt lat="43.092909" lon="23.591964"><ele>271</ele></trkpt>
   <trkpt lat="43.092366" lon="23.592963"><ele>270</ele></trkpt>
   <trkpt lat="43.091986" lon="23.593562"><ele>274</ele></trkpt>
   <trkpt lat="43.091645" lon="23.59397"><ele>269.75</ele></trkpt>
   <trkpt lat="43.089979" lon="23.595784"><ele>254.75</ele></trkpt>
   <trkpt lat="43.089507" lon="23.596283"><ele>264.25</ele></trkpt>
   <trkpt lat="43.089149" lon="23.596618"><ele>261.25</ele></trkpt>
   <trkpt lat="43.088913" lon="23.596927"><ele>265.25</ele></trkpt>
   <trkpt lat="43.088697" lon="23.597262"><ele>266.5</ele></trkpt>
   <trkpt lat="43.088512" lon="23.59759"><ele>265</ele></trkpt>
   <trkpt lat="43.088332" lon="23.59798"><ele>261.25</ele></trkpt>
   <trkpt lat="43.088186" lon="23.598405"><ele>262</ele></trkpt>
   <trkpt lat="43.088091" lon="23.598784"><ele>263</ele></trkpt>
   <trkpt lat="43.088005" lon="23.599404"><ele>265</ele></trkpt>
   <trkpt lat="43.08798" lon="23.599856"><ele>266.5</ele></trkpt>
   <trkpt lat="43.08799" lon="23.600328"><ele>266.75</ele></trkpt>
   <trkpt lat="43.088031" lon="23.600799"><ele>266.5</ele></trkpt>
   <trkpt lat="43.088098" lon="23.601186"><ele>266.5</ele></trkpt>
   <trkpt lat="43.088197" lon="23.601574"><ele>266.5</ele></trkpt>
   <trkpt lat="43.088324" lon="23.601963"><ele>265.25</ele></trkpt>
   <trkpt lat="43.088457" lon="23.602279"><ele>265.75</ele></trkpt>
   <trkpt lat="43.088623" lon="23.602608"><ele>266.25</ele></trkpt>
   <trkpt lat="43.08887" lon="23.602999"><ele>266.5</ele></trkpt>
   <trkpt lat="43.089685" lon="23.60414"><ele>262.75</ele></trkpt>
   <trkpt lat="43.08983" lon="23.60433"><ele>262.75</ele></trkpt>
   <trkpt lat="43.089982" lon="23.604519"><ele>263.25</ele></trkpt>
   <trkpt lat="43.090275" lon="23.604826"><ele>264.5</ele></trkpt>
   <trkpt lat="43.090611" lon="23.605099"><ele>263.75</ele></trkpt>
   <trkpt lat="43.090942" lon="23.605324"><ele>263.25</ele></trkpt>
   <trkpt lat="43.091209" lon="23.605457"><ele>263</ele></trkpt>
   <trkpt lat="43.091566" lon="23.60558"><ele>263</ele></trkpt>
   <trkpt lat="43.091944" lon="23.605654"><ele>263</ele></trkpt>
   <trkpt lat="43.092336" lon="23.605671"><ele>263</ele></trkpt>
   <trkpt lat="43.09268" lon="23.60565"><ele>263.25</ele></trkpt>
   <trkpt lat="43.093026" lon="23.605581"><ele>263.5</ele></trkpt>
   <trkpt lat="43.09402" lon="23.605335"><ele>262.75</ele></trkpt>
   <trkpt lat="43.094385" lon="23.605273"><ele>261</ele></trkpt>
   <trkpt lat="43.094704" lon="23.605259"><ele>259.25</ele></trkpt>
   <trkpt lat="43.095022" lon="23.605327"><ele>259.25</ele></trkpt>
   <trkpt lat="43.095313" lon="23.605427"><ele>259</ele></trkpt>
   <trkpt lat="43.09559" lon="23.605565"><ele>258.25</ele></trkpt>
   <trkpt lat="43.095943" lon="23.605778"><ele>256.5</ele></trkpt>
   <trkpt lat="43.096289" lon="23.60604"><ele>258.5</ele></trkpt>
   <trkpt lat="43.096598" lon="23.606299"><ele>258.75</ele></trkpt>
   <trkpt lat="43.096826" lon="23.606529"><ele>260</ele></trkpt>
   <trkpt lat="43.097049" lon="23.606803"><ele>260.75</ele></trkpt>
   <trkpt lat="43.097252" lon="23.607122"><ele>261.5</ele></trkpt>
   <trkpt lat="43.097434" lon="23.607476"><ele>261</ele></trkpt>
   <trkpt lat="43.097578" lon="23.607863"><ele>261.75</ele></trkpt>
   <trkpt lat="43.097698" lon="23.608259"><ele>263</ele></trkpt>
   <trkpt lat="43.097773" lon="23.608651"><ele>262.75</ele></trkpt>
   <trkpt lat="43.097811" lon="23.609158"><ele>262.5</ele></trkpt>
   <trkpt lat="43.097752" lon="23.610654"><ele>256</ele></trkpt>
   <trkpt lat="43.097717" lon="23.611772"><ele>256.5</ele></trkpt>
   <trkpt lat="43.09776" lon="23.612423"><ele>257</ele></trkpt>
   <trkpt lat="43.097897" lon="23.613095"><ele>257.5</ele></trkpt>
   <trkpt lat="43.097971" lon="23.61362"><ele>257.75</ele></trkpt>
   <trkpt lat="43.098147" lon="23.614267"><ele>258</ele></trkpt>
   <trkpt lat="43.098426" lon="23.614992"><ele>258.5</ele></trkpt>
   <trkpt lat="43.098682" lon="23.6155"><ele>258.75</ele></trkpt>
   <trkpt lat="43.09897" lon="23.615977"><ele>249</ele></trkpt>
   <trkpt lat="43.099217" lon="23.61629"><ele>246.75</ele></trkpt>
   <trkpt lat="43.099883" lon="23.617065"><ele>246.75</ele></trkpt>
   <trkpt lat="43.100423" lon="23.617692"><ele>254.5</ele></trkpt>
   <trkpt lat="43.101154" lon="23.618522"><ele>249.25</ele></trkpt>
   <trkpt lat="43.101933" lon="23.619386"><ele>250.5</ele></trkpt>
   <trkpt lat="43.102167" lon="23.619609"><ele>251.25</ele></trkpt>
   <trkpt lat="43.102521" lon="23.619859"><ele>252</ele></trkpt>
   <trkpt lat="43.102876" lon="23.620051"><ele>251.5</ele></trkpt>
   <trkpt lat="43.103232" lon="23.620185"><ele>252</ele></trkpt>
   <trkpt lat="43.103739" lon="23.620313"><ele>251.25</ele></trkpt>
   <trkpt lat="43.104672" lon="23.620384"><ele>253.25</ele></trkpt>
   <trkpt lat="43.105152" lon="23.620459"><ele>255</ele></trkpt>
   <trkpt lat="43.105462" lon="23.620554"><ele>256</ele></trkpt>
   <trkpt lat="43.105638" lon="23.620632"><ele>255.75</ele></trkpt>
   <trkpt lat="43.105957" lon="23.620804"><ele>256.25</ele></trkpt>
   <trkpt lat="43.106242" lon="23.621041"><ele>258.25</ele></trkpt>
   <trkpt lat="43.10659" lon="23.621368"><ele>257</ele></trkpt>
   <trkpt lat="43.106935" lon="23.621754"><ele>256.25</ele></trkpt>
   <trkpt lat="43.1074" lon="23.622328"><ele>256.75</ele></trkpt>
   <trkpt lat="43.107705" lon="23.622769"><ele>258.25</ele></trkpt>
   <trkpt lat="43.107848" lon="23.622997"><ele>258.25</ele></trkpt>
   <trkpt lat="43.108013" lon="23.623277"><ele>256</ele></trkpt>
   <trkpt lat="43.108412" lon="23.623905"><ele>250</ele></trkpt>
   <trkpt lat="43.110021" lon="23.62566"><ele>245.5</ele></trkpt>
   <trkpt lat="43.110487" lon="23.626308"><ele>247</ele></trkpt>
   <trkpt lat="43.110901" lon="23.627059"><ele>246.5</ele></trkpt>
   <trkpt lat="43.11107" lon="23.627487"><ele>245.5</ele></trkpt>
   <trkpt lat="43.111757" lon="23.629504"><ele>243</ele></trkpt>
   <trkpt lat="43.111813" lon="23.629668"><ele>242.75</ele></trkpt>
   <trkpt lat="43.111859" lon="23.629791"><ele>242.75</ele></trkpt>
   <trkpt lat="43.113223" lon="23.633941"><ele>242.75</ele></trkpt>
   <trkpt lat="43.113448" lon="23.635128"><ele>245.75</ele></trkpt>
   <trkpt lat="43.113546" lon="23.636243"><ele>247.25</ele></trkpt>
   <trkpt lat="43.113396" lon="23.637627"><ele>246.75</ele></trkpt>
   <trkpt lat="43.113084" lon="23.63894"><ele>248.5</ele></trkpt>
   <trkpt lat="43.112784" lon="23.640664"><ele>246</ele></trkpt>
   <trkpt lat="43.112703" lon="23.641606"><ele>246</ele></trkpt>
   <trkpt lat="43.112561" lon="23.645406"><ele>238</ele></trkpt>
   <trkpt lat="43.112478" lon="23.646508"><ele>242</ele></trkpt>
   <trkpt lat="43.112234" lon="23.648476"><ele>251.25</ele></trkpt>
   <trkpt lat="43.112142" lon="23.649603"><ele>248</ele></trkpt>
   <trkpt lat="43.112122" lon="23.650902"><ele>248</ele></trkpt>
   <trkpt lat="43.112361" lon="23.654657"><ele>244</ele></trkpt>
   <trkpt lat="43.112309" lon="23.655638"><ele>241.25</ele></trkpt>
   <trkpt lat="43.112142" lon="23.656521"><ele>239</ele></trkpt>
   <trkpt lat="43.111275" lon="23.659534"><ele>235.5</ele></trkpt>
   <trkpt lat="43.11059" lon="23.661986"><ele>233.5</ele></trkpt>
   <trkpt lat="43.110483" lon="23.662406"><ele>233</ele></trkpt>
   <trkpt lat="43.11043" lon="23.662723"><ele>232.5</ele></trkpt>
   <trkpt lat="43.110366" lon="23.663183"><ele>231.75</ele></trkpt>
   <trkpt lat="43.110338" lon="23.663665"><ele>231</ele></trkpt>
   <trkpt lat="43.110346" lon="23.664071"><ele>230.25</ele></trkpt>
   <trkpt lat="43.110369" lon="23.664449"><ele>230</ele></trkpt>
   <trkpt lat="43.110461" lon="23.665027"><ele>230.25</ele></trkpt>
   <trkpt lat="43.110621" lon="23.665666"><ele>229.75</ele></trkpt>
   <trkpt lat="43.111907" lon="23.66951"><ele>230</ele></trkpt>
   <trkpt lat="43.113615" lon="23.674444"><ele>230.75</ele></trkpt>
   <trkpt lat="43.114085" lon="23.675863"><ele>230</ele></trkpt>
   <trkpt lat="43.115236" lon="23.680044"><ele>225.75</ele></trkpt>
   <trkpt lat="43.115297" lon="23.680318"><ele>225.75</ele></trkpt>
   <trkpt lat="43.11542" lon="23.680958"><ele>226</ele></trkpt>
   <trkpt lat="43.115477" lon="23.681379"><ele>226.75</ele></trkpt>
   <trkpt lat="43.115521" lon="23.681783"><ele>227.5</ele></trkpt>
   <trkpt lat="43.115738" lon="23.684761"><ele>224.25</ele></trkpt>
   <trkpt lat="43.11582" lon="23.687489"><ele>225.75</ele></trkpt>
   <trkpt lat="43.116283" lon="23.690523"><ele>231</ele></trkpt>
   <trkpt lat="43.116458" lon="23.691417"><ele>228.75</ele></trkpt>
   <trkpt lat="43.116758" lon="23.692127"><ele>226.25</ele></trkpt>
   <trkpt lat="43.117261" lon="23.692897"><ele>225.5</ele></trkpt>
   <trkpt lat="43.12186" lon="23.69827"><ele>220.75</ele></trkpt>
   <trkpt lat="43.122479" lon="23.69898"><ele>221</ele></trkpt>
   <trkpt lat="43.124326" lon="23.701156"><ele>217.25</ele></trkpt>
   <trkpt lat="43.125192" lon="23.702172"><ele>217</ele></trkpt>
   <trkpt lat="43.125581" lon="23.702594"><ele>216.5</ele></trkpt>
   <trkpt lat="43.125885" lon="23.702893"><ele>216.25</ele></trkpt>
   <trkpt lat="43.126192" lon="23.703164"><ele>217</ele></trkpt>
   <trkpt lat="43.126669" lon="23.703545"><ele>216.75</ele></trkpt>
   <trkpt lat="43.127069" lon="23.70382"><ele>220.75</ele></trkpt>
   <trkpt lat="43.127379" lon="23.704039"><ele>220.5</ele></trkpt>
   <trkpt lat="43.128219" lon="23.70461"><ele>226.25</ele></trkpt>
   <trkpt lat="43.128444" lon="23.70475"><ele>225.5</ele></trkpt>
   <trkpt lat="43.128673" lon="23.704874"><ele>224.25</ele></trkpt>
   <trkpt lat="43.128906" lon="23.704982"><ele>222.5</ele></trkpt>
   <trkpt lat="43.129184" lon="23.705065"><ele>222.75</ele></trkpt>
   <trkpt lat="43.129485" lon="23.705122"><ele>220.75</ele></trkpt>
   <trkpt lat="43.129789" lon="23.705144"><ele>219.25</ele></trkpt>
   <trkpt lat="43.13006" lon="23.705118"><ele>218.5</ele></trkpt>
   <trkpt lat="43.130309" lon="23.705073"><ele>217.75</ele></trkpt>
   <trkpt lat="43.130629" lon="23.70497"><ele>217.25</ele></trkpt>
   <trkpt lat="43.130882" lon="23.704848"><ele>217.25</ele></trkpt>
   <trkpt lat="43.131136" lon="23.704694"><ele>217</ele></trkpt>
   <trkpt lat="43.131358" lon="23.704529"><ele>216.75</ele></trkpt>
   <trkpt lat="43.131633" lon="23.704291"><ele>215.5</ele></trkpt>
   <trkpt lat="43.132488" lon="23.703502"><ele>218</ele></trkpt>
   <trkpt lat="43.133321" lon="23.702733"><ele>215.5</ele></trkpt>
   <trkpt lat="43.133858" lon="23.702275"><ele>215.5</ele></trkpt>
   <trkpt lat="43.134102" lon="23.702071"><ele>215.75</ele></trkpt>
   <trkpt lat="43.135553" lon="23.700919"><ele>218.75</ele></trkpt>
   <trkpt lat="43.135934" lon="23.70072"><ele>221</ele></trkpt>
   <trkpt lat="43.136836" lon="23.700526"><ele>223.5</ele></trkpt>
   <trkpt lat="43.137382" lon="23.700554"><ele>221.75</ele></trkpt>
   <trkpt lat="43.137814" lon="23.700668"><ele>220.75</ele></trkpt>
   <trkpt lat="43.138208" lon="23.700843"><ele>219</ele></trkpt>
   <trkpt lat="43.138659" lon="23.701134"><ele>218.5</ele></trkpt>
   <trkpt lat="43.139179" lon="23.701682"><ele>215.75</ele></trkpt>
   <trkpt lat="43.139411" lon="23.702002"><ele>214.75</ele></trkpt>
   <trkpt lat="43.139673" lon="23.70248"><ele>213.75</ele></trkpt>
   <trkpt lat="43.140398" lon="23.70411"><ele>213</ele></trkpt>
   <trkpt lat="43.14062" lon="23.704693"><ele>212.5</ele></trkpt>
   <trkpt lat="43.140855" lon="23.705503"><ele>211.75</ele></trkpt>
   <trkpt lat="43.14111" lon="23.707038"><ele>210.75</ele></trkpt>
   <trkpt lat="43.141128" lon="23.707146"><ele>211</ele></trkpt>
   <trkpt lat="43.141153" lon="23.707295"><ele>211</ele></trkpt>
   <trkpt lat="43.141257" lon="23.708296"><ele>212</ele></trkpt>
   <trkpt lat="43.141568" lon="23.710773"><ele>212.75</ele></trkpt>
   <trkpt lat="43.142083" lon="23.715458"><ele>210.5</ele></trkpt>
   <trkpt lat="43.142883" lon="23.722729"><ele>210</ele></trkpt>
   <trkpt lat="43.142857" lon="23.724091"><ele>208.75</ele></trkpt>
   <trkpt lat="43.142853" lon="23.724282"><ele>208.75</ele></trkpt>
   <trkpt lat="43.142565" lon="23.726057"><ele>208.25</ele></trkpt>
   <trkpt lat="43.141687" lon="23.729895"><ele>210</ele></trkpt>
   <trkpt lat="43.141242" lon="23.732024"><ele>210.25</ele></trkpt>
   <trkpt lat="43.139684" lon="23.738292"><ele>210.5</ele></trkpt>
   <trkpt lat="43.138988" lon="23.741659"><ele>207.75</ele></trkpt>
   <trkpt lat="43.138807" lon="23.742931"><ele>208.5</ele></trkpt>
   <trkpt lat="43.138766" lon="23.74434"><ele>213.25</ele></trkpt>
   <trkpt lat="43.139021" lon="23.74644"><ele>216.25</ele></trkpt>
   <trkpt lat="43.139196" lon="23.747192"><ele>213.5</ele></trkpt>
   <trkpt lat="43.139312" lon="23.747747"><ele>211</ele></trkpt>
   <trkpt lat="43.139714" lon="23.749509"><ele>206.75</ele></trkpt>
   <trkpt lat="43.140068" lon="23.751023"><ele>205.5</ele></trkpt>
   <trkpt lat="43.140275" lon="23.752307"><ele>202.75</ele></trkpt>
   <trkpt lat="43.140352" lon="23.753323"><ele>202.25</ele></trkpt>
   <trkpt lat="43.140326" lon="23.754569"><ele>201.25</ele></trkpt>
   <trkpt lat="43.140236" lon="23.755515"><ele>200.5</ele></trkpt>
   <trkpt lat="43.140077" lon="23.756392"><ele>200.5</ele></trkpt>
   <trkpt lat="43.139165" lon="23.761092"><ele>198.75</ele></trkpt>
   <trkpt lat="43.138424" lon="23.764908"><ele>195.75</ele></trkpt>
   <trkpt lat="43.138057" lon="23.76656"><ele>196.75</ele></trkpt>
   <trkpt lat="43.13787" lon="23.767276"><ele>196.5</ele></trkpt>
   <trkpt lat="43.137579" lon="23.768133"><ele>194.75</ele></trkpt>
   <trkpt lat="43.13716" lon="23.769087"><ele>195.5</ele></trkpt>
   <trkpt lat="43.136657" lon="23.769944"><ele>196.75</ele></trkpt>
   <trkpt lat="43.135967" lon="23.770987"><ele>195.5</ele></trkpt>
   <trkpt lat="43.135095" lon="23.772293"><ele>191.75</ele></trkpt>
   <trkpt lat="43.133915" lon="23.774017"><ele>193.25</ele></trkpt>
   <trkpt lat="43.133463" lon="23.774856"><ele>191.5</ele></trkpt>
   <trkpt lat="43.133031" lon="23.775819"><ele>192</ele></trkpt>
   <trkpt lat="43.132664" lon="23.776968"><ele>191</ele></trkpt>
   <trkpt lat="43.132303" lon="23.77877"><ele>190.75</ele></trkpt>
   <trkpt lat="43.130078" lon="23.791318"><ele>188.25</ele></trkpt>
   <trkpt lat="43.129594" lon="23.79388"><ele>187.75</ele></trkpt>
   <trkpt lat="43.128969" lon="23.797344"><ele>192.75</ele></trkpt>
   <trkpt lat="43.128833" lon="23.798979"><ele>193.5</ele></trkpt>
   <trkpt lat="43.128827" lon="23.799977"><ele>189</ele></trkpt>
   <trkpt lat="43.128859" lon="23.800675"><ele>188.75</ele></trkpt>
   <trkpt lat="43.128904" lon="23.801205"><ele>190</ele></trkpt>
   <trkpt lat="43.129142" lon="23.80249"><ele>195</ele></trkpt>
   <trkpt lat="43.130902" lon="23.808985"><ele>186.5</ele></trkpt>
   <trkpt lat="43.13245" lon="23.81464"><ele>188.5</ele></trkpt>
   <trkpt lat="43.133785" lon="23.821046"><ele>185.5</ele></trkpt>
   <trkpt lat="43.134565" lon="23.825906"><ele>180</ele></trkpt>
   <trkpt lat="43.134746" lon="23.827435"><ele>180.75</ele></trkpt>
   <trkpt lat="43.134855" lon="23.829184"><ele>182.75</ele></trkpt>
   <trkpt lat="43.134913" lon="23.83802"><ele>190</ele></trkpt>
   <trkpt lat="43.134862" lon="23.839478"><ele>193.25</ele></trkpt>
   <trkpt lat="43.134726" lon="23.841033"><ele>184.5</ele></trkpt>
   <trkpt lat="43.134425" lon="23.842246"><ele>178.5</ele></trkpt>
   <trkpt lat="43.134256" lon="23.842881"><ele>176.5</ele></trkpt>
   <trkpt lat="43.134012" lon="23.843631"><ele>174</ele></trkpt>
   <trkpt lat="43.133752" lon="23.844368"><ele>173.25</ele></trkpt>
   <trkpt lat="43.133266" lon="23.845638"><ele>173.75</ele></trkpt>
   <trkpt lat="43.132894" lon="23.846668"><ele>173</ele></trkpt>
   <trkpt lat="43.132649" lon="23.847473"><ele>172.5</ele></trkpt>
   <trkpt lat="43.132444" lon="23.848324"><ele>172.25</ele></trkpt>
   <trkpt lat="43.132303" lon="23.849113"><ele>173.25</ele></trkpt>
   <trkpt lat="43.132219" lon="23.849913"><ele>172.25</ele></trkpt>
   <trkpt lat="43.132191" lon="23.850678"><ele>171.5</ele></trkpt>
   <trkpt lat="43.13219" lon="23.851528"><ele>172.5</ele></trkpt>
   <trkpt lat="43.132243" lon="23.852246"><ele>172.75</ele></trkpt>
   <trkpt lat="43.132333" lon="23.852954"><ele>172.25</ele></trkpt>
   <trkpt lat="43.132452" lon="23.853675"><ele>172.25</ele></trkpt>
   <trkpt lat="43.132602" lon="23.854288"><ele>172.5</ele></trkpt>
   <trkpt lat="43.132773" lon="23.854875"><ele>172.25</ele></trkpt>
   <trkpt lat="43.132961" lon="23.855438"><ele>172</ele></trkpt>
   <trkpt lat="43.133666" lon="23.857471"><ele>174.25</ele></trkpt>
   <trkpt lat="43.13393" lon="23.858288"><ele>173.5</ele></trkpt>
   <trkpt lat="43.13422" lon="23.85924"><ele>172</ele></trkpt>
   <trkpt lat="43.134689" lon="23.860851"><ele>172.5</ele></trkpt>
   <trkpt lat="43.135601" lon="23.863983"><ele>172.5</ele></trkpt>
   <trkpt lat="43.136103" lon="23.865633"><ele>169.5</ele></trkpt>
   <trkpt lat="43.137318" lon="23.869824"><ele>167.75</ele></trkpt>
   <trkpt lat="43.138015" lon="23.872197"><ele>166.5</ele></trkpt>
   <trkpt lat="43.139599" lon="23.877577"><ele>166.25</ele></trkpt>
   <trkpt lat="43.140044" lon="23.879138"><ele>167.5</ele></trkpt>
   <trkpt lat="43.140229" lon="23.879868"><ele>169.75</ele></trkpt>
   <trkpt lat="43.140327" lon="23.880417"><ele>172.5</ele></trkpt>
   <trkpt lat="43.140501" lon="23.881657"><ele>177.5</ele></trkpt>
   <trkpt lat="43.140773" lon="23.883996"><ele>172.25</ele></trkpt>
   <trkpt lat="43.140864" lon="23.884719"><ele>172</ele></trkpt>
   <trkpt lat="43.140994" lon="23.885478"><ele>171.25</ele></trkpt>
   <trkpt lat="43.141165" lon="23.886266"><ele>171.25</ele></trkpt>
   <trkpt lat="43.141365" lon="23.88708"><ele>171.75</ele></trkpt>
   <trkpt lat="43.14157" lon="23.887839"><ele>170.75</ele></trkpt>
   <trkpt lat="43.14191" lon="23.889157"><ele>167.75</ele></trkpt>
   <trkpt lat="43.14208" lon="23.889741"><ele>167</ele></trkpt>
   <trkpt lat="43.142205" lon="23.890117"><ele>166.5</ele></trkpt>
   <trkpt lat="43.142419" lon="23.890724"><ele>166.75</ele></trkpt>
   <trkpt lat="43.142637" lon="23.891246"><ele>166.5</ele></trkpt>
   <trkpt lat="43.142893" lon="23.891771"><ele>166</ele></trkpt>
   <trkpt lat="43.143134" lon="23.892213"><ele>165.75</ele></trkpt>
   <trkpt lat="43.143432" lon="23.892698"><ele>165.25</ele></trkpt>
   <trkpt lat="43.143679" lon="23.89305"><ele>164.75</ele></trkpt>
   <trkpt lat="43.143917" lon="23.89335"><ele>164.5</ele></trkpt>
   <trkpt lat="43.144238" lon="23.893732"><ele>164</ele></trkpt>
   <trkpt lat="43.144569" lon="23.894086"><ele>163.5</ele></trkpt>
   <trkpt lat="43.145057" lon="23.894533"><ele>163</ele></trkpt>
   <trkpt lat="43.145674" lon="23.894996"><ele>163</ele></trkpt>
   <trkpt lat="43.146226" lon="23.895308"><ele>162.25</ele></trkpt>
   <trkpt lat="43.146704" lon="23.895534"><ele>162.5</ele></trkpt>
   <trkpt lat="43.147332" lon="23.895754"><ele>163.5</ele></trkpt>
   <trkpt lat="43.147798" lon="23.895864"><ele>163.75</ele></trkpt>
   <trkpt lat="43.148248" lon="23.895932"><ele>163.75</ele></trkpt>
   <trkpt lat="43.148707" lon="23.895961"><ele>164.75</ele></trkpt>
   <trkpt lat="43.149166" lon="23.895947"><ele>166</ele></trkpt>
   <trkpt lat="43.149668" lon="23.895883"><ele>166.5</ele></trkpt>
   <trkpt lat="43.150414" lon="23.895721"><ele>167.25</ele></trkpt>
   <trkpt lat="43.15133" lon="23.895382"><ele>166.25</ele></trkpt>
   <trkpt lat="43.152913" lon="23.894754"><ele>161</ele></trkpt>
   <trkpt lat="43.153272" lon="23.894622"><ele>159.75</ele></trkpt>
   <trkpt lat="43.153701" lon="23.89449"><ele>159</ele></trkpt>
   <trkpt lat="43.154114" lon="23.894381"><ele>158.75</ele></trkpt>
   <trkpt lat="43.154455" lon="23.89432"><ele>159</ele></trkpt>
   <trkpt lat="43.154766" lon="23.894289"><ele>159.5</ele></trkpt>
   <trkpt lat="43.155209" lon="23.894262"><ele>160</ele></trkpt>
   <trkpt lat="43.155656" lon="23.894284"><ele>160.5</ele></trkpt>
   <trkpt lat="43.15612" lon="23.894342"><ele>159.5</ele></trkpt>
   <trkpt lat="43.156675" lon="23.894471"><ele>158</ele></trkpt>
   <trkpt lat="43.157287" lon="23.894685"><ele>160</ele></trkpt>
   <trkpt lat="43.157602" lon="23.894815"><ele>161</ele></trkpt>
   <trkpt lat="43.158193" lon="23.895142"><ele>163.25</ele></trkpt>
   <trkpt lat="43.158587" lon="23.895418"><ele>163.25</ele></trkpt>
   <trkpt lat="43.158959" lon="23.895708"><ele>167</ele></trkpt>
   <trkpt lat="43.159354" lon="23.896072"><ele>171.25</ele></trkpt>
   <trkpt lat="43.159724" lon="23.896454"><ele>171.25</ele></trkpt>
   <trkpt lat="43.160066" lon="23.896848"><ele>170</ele></trkpt>
   <trkpt lat="43.160421" lon="23.89734"><ele>170.25</ele></trkpt>
   <trkpt lat="43.160754" lon="23.897849"><ele>167.25</ele></trkpt>
   <trkpt lat="43.161016" lon="23.898304"><ele>165</ele></trkpt>
   <trkpt lat="43.161289" lon="23.89885"><ele>162.75</ele></trkpt>
   <trkpt lat="43.161566" lon="23.899491"><ele>160</ele></trkpt>
   <trkpt lat="43.161809" lon="23.90018"><ele>159</ele></trkpt>
   <trkpt lat="43.161998" lon="23.900811"><ele>158</ele></trkpt>
   <trkpt lat="43.162219" lon="23.90179"><ele>155.25</ele></trkpt>
   <trkpt lat="43.162338" lon="23.902679"><ele>154.5</ele></trkpt>
   <trkpt lat="43.16239" lon="23.903379"><ele>154</ele></trkpt>
   <trkpt lat="43.162408" lon="23.904305"><ele>152.75</ele></trkpt>
   <trkpt lat="43.16239" lon="23.904814"><ele>153</ele></trkpt>
   <trkpt lat="43.16232" lon="23.905721"><ele>153</ele></trkpt>
   <trkpt lat="43.162262" lon="23.906154"><ele>152.75</ele></trkpt>
   <trkpt lat="43.162198" lon="23.906517"><ele>152.5</ele></trkpt>
   <trkpt lat="43.162032" lon="23.907313"><ele>153.25</ele></trkpt>
   <trkpt lat="43.161841" lon="23.907974"><ele>153.25</ele></trkpt>
   <trkpt lat="43.161721" lon="23.908352"><ele>152.75</ele></trkpt>
   <trkpt lat="43.16158" lon="23.908729"><ele>152.75</ele></trkpt>
   <trkpt lat="43.161347" lon="23.909276"><ele>152</ele></trkpt>
   <trkpt lat="43.161071" lon="23.909867"><ele>151.25</ele></trkpt>
   <trkpt lat="43.160703" lon="23.910569"><ele>152.75</ele></trkpt>
   <trkpt lat="43.158632" lon="23.914345"><ele>151</ele></trkpt>
   <trkpt lat="43.157936" lon="23.915598"><ele>151.25</ele></trkpt>
   <trkpt lat="43.15787" lon="23.915716"><ele>151.25</ele></trkpt>
   <trkpt lat="43.157623" lon="23.91617"><ele>151.25</ele></trkpt>
   <trkpt lat="43.157367" lon="23.916569"><ele>151</ele></trkpt>
   <trkpt lat="43.15691" lon="23.91725"><ele>150.5</ele></trkpt>
   <trkpt lat="43.156081" lon="23.918757"><ele>150</ele></trkpt>
   <trkpt lat="43.15586" lon="23.919146"><ele>149.75</ele></trkpt>
   <trkpt lat="43.155502" lon="23.9197"><ele>150</ele></trkpt>
   <trkpt lat="43.155203" lon="23.920127"><ele>150</ele></trkpt>
   <trkpt lat="43.154914" lon="23.920484"><ele>150.25</ele></trkpt>
   <trkpt lat="43.154451" lon="23.920951"><ele>150.5</ele></trkpt>
   <trkpt lat="43.153008" lon="23.922386"><ele>150.25</ele></trkpt>
   <trkpt lat="43.152462" lon="23.923003"><ele>149.5</ele></trkpt>
   <trkpt lat="43.152369" lon="23.923095"><ele>149.75</ele></trkpt>
   <trkpt lat="43.15184" lon="23.923691"><ele>150</ele></trkpt>
   <trkpt lat="43.151751" lon="23.923783"><ele>150.25</ele></trkpt>
   <trkpt lat="43.151485" lon="23.924082"><ele>150</ele></trkpt>
   <trkpt lat="43.151226" lon="23.92438"><ele>149.5</ele></trkpt>
   <trkpt lat="43.150688" lon="23.92492"><ele>149.25</ele></trkpt>
   <trkpt lat="43.150192" lon="23.925485"><ele>149.75</ele></trkpt>
   <trkpt lat="43.149987" lon="23.925765"><ele>150</ele></trkpt>
   <trkpt lat="43.14985" lon="23.92597"><ele>149.5</ele></trkpt>
   <trkpt lat="43.149672" lon="23.926259"><ele>149</ele></trkpt>
   <trkpt lat="43.149427" lon="23.926743"><ele>148.5</ele></trkpt>
   <trkpt lat="43.149213" lon="23.927266"><ele>148.75</ele></trkpt>
   <trkpt lat="43.14907" lon="23.927725"><ele>148.25</ele></trkpt>
   <trkpt lat="43.148972" lon="23.928069"><ele>147.75</ele></trkpt>
   <trkpt lat="43.148906" lon="23.92837"><ele>147.25</ele></trkpt>
   <trkpt lat="43.148868" lon="23.928581"><ele>147</ele></trkpt>
   <trkpt lat="43.148782" lon="23.929158"><ele>146.75</ele></trkpt>
   <trkpt lat="43.148757" lon="23.929581"><ele>146.75</ele></trkpt>
   <trkpt lat="43.148753" lon="23.930048"><ele>146.5</ele></trkpt>
   <trkpt lat="43.148777" lon="23.930585"><ele>146.25</ele></trkpt>
   <trkpt lat="43.14881" lon="23.931007"><ele>146.25</ele></trkpt>
   <trkpt lat="43.149249" lon="23.934432"><ele>146.25</ele></trkpt>
   <trkpt lat="43.149362" lon="23.935259"><ele>151.25</ele></trkpt>
   <trkpt lat="43.149491" lon="23.936042"><ele>156</ele></trkpt>
   <trkpt lat="43.14963" lon="23.936762"><ele>157.25</ele></trkpt>
   <trkpt lat="43.149859" lon="23.93789"><ele>157.25</ele></trkpt>
   <trkpt lat="43.150033" lon="23.938698"><ele>154.25</ele></trkpt>
   <trkpt lat="43.150196" lon="23.939367"><ele>154.25</ele></trkpt>
   <trkpt lat="43.150332" lon="23.939873"><ele>153.75</ele></trkpt>
   <trkpt lat="43.15049" lon="23.940353"><ele>153.25</ele></trkpt>
   <trkpt lat="43.150687" lon="23.940884"><ele>151.75</ele></trkpt>
   <trkpt lat="43.150909" lon="23.941398"><ele>151.5</ele></trkpt>
   <trkpt lat="43.151107" lon="23.941798"><ele>151.25</ele></trkpt>
   <trkpt lat="43.151327" lon="23.942201"><ele>151.5</ele></trkpt>
   <trkpt lat="43.151683" lon="23.942792"><ele>152.25</ele></trkpt>
   <trkpt lat="43.151847" lon="23.943033"><ele>153.25</ele></trkpt>
   <trkpt lat="43.152055" lon="23.943309"><ele>153</ele></trkpt>
   <trkpt lat="43.152326" lon="23.943646"><ele>153</ele></trkpt>
   <trkpt lat="43.152619" lon="23.943968"><ele>153.25</ele></trkpt>
   <trkpt lat="43.152909" lon="23.944254"><ele>153</ele></trkpt>
   <trkpt lat="43.153182" lon="23.944498"><ele>152.5</ele></trkpt>
   <trkpt lat="43.153474" lon="23.944736"><ele>151.5</ele></trkpt>
   <trkpt lat="43.153788" lon="23.944961"><ele>150.25</ele></trkpt>
   <trkpt lat="43.154128" lon="23.945182"><ele>149.75</ele></trkpt>
   <trkpt lat="43.154515" lon="23.945398"><ele>149.75</ele></trkpt>
   <trkpt lat="43.154793" lon="23.94553"><ele>149.25</ele></trkpt>
   <trkpt lat="43.155101" lon="23.945652"><ele>148.75</ele></trkpt>
   <trkpt lat="43.155523" lon="23.945792"><ele>148.25</ele></trkpt>
   <trkpt lat="43.155812" lon="23.945866"><ele>147.75</ele></trkpt>
   <trkpt lat="43.1561" lon="23.945929"><ele>148.25</ele></trkpt>
   <trkpt lat="43.156778" lon="23.946035"><ele>149.75</ele></trkpt>
   <trkpt lat="43.160161" lon="23.946486"><ele>148.25</ele></trkpt>
   <trkpt lat="43.160508" lon="23.946548"><ele>148.25</ele></trkpt>
   <trkpt lat="43.160858" lon="23.946626"><ele>148.25</ele></trkpt>
   <trkpt lat="43.161222" lon="23.94673"><ele>148.75</ele></trkpt>
   <trkpt lat="43.161452" lon="23.946806"><ele>149</ele></trkpt>
   <trkpt lat="43.161806" lon="23.946946"><ele>148.75</ele></trkpt>
   <trkpt lat="43.16218" lon="23.947128"><ele>148</ele></trkpt>
   <trkpt lat="43.162524" lon="23.947322"><ele>146.75</ele></trkpt>
   <trkpt lat="43.162849" lon="23.947529"><ele>146.5</ele></trkpt>
   <trkpt lat="43.163136" lon="23.947737"><ele>146.75</ele></trkpt>
   <trkpt lat="43.16349" lon="23.948028"><ele>148.75</ele></trkpt>
   <trkpt lat="43.163906" lon="23.948416"><ele>150.5</ele></trkpt>
   <trkpt lat="43.164241" lon="23.948776"><ele>152</ele></trkpt>
   <trkpt lat="43.164629" lon="23.949249"><ele>156.5</ele></trkpt>
   <trkpt lat="43.164883" lon="23.949624"><ele>155.5</ele></trkpt>
   <trkpt lat="43.165176" lon="23.950085"><ele>155</ele></trkpt>
   <trkpt lat="43.165599" lon="23.95081"><ele>154.5</ele></trkpt>
   <trkpt lat="43.166447" lon="23.952371"><ele>146.5</ele></trkpt>
   <trkpt lat="43.166731" lon="23.952908"><ele>145.75</ele></trkpt>
   <trkpt lat="43.166987" lon="23.953429"><ele>146.5</ele></trkpt>
   <trkpt lat="43.167208" lon="23.953914"><ele>146</ele></trkpt>
   <trkpt lat="43.167397" lon="23.954373"><ele>145.25</ele></trkpt>
   <trkpt lat="43.167565" lon="23.954831"><ele>143.25</ele></trkpt>
   <trkpt lat="43.167814" lon="23.955647"><ele>141</ele></trkpt>
   <trkpt lat="43.167955" lon="23.956203"><ele>140.5</ele></trkpt>
   <trkpt lat="43.168488" lon="23.958507"><ele>141.5</ele></trkpt>
   <trkpt lat="43.168702" lon="23.959347"><ele>144.25</ele></trkpt>
   <trkpt lat="43.168801" lon="23.959689"><ele>145</ele></trkpt>
   <trkpt lat="43.168942" lon="23.960142"><ele>146.25</ele></trkpt>
   <trkpt lat="43.16912" lon="23.960623"><ele>147</ele></trkpt>
   <trkpt lat="43.169351" lon="23.961167"><ele>147.5</ele></trkpt>
   <trkpt lat="43.169557" lon="23.96159"><ele>147</ele></trkpt>
   <trkpt lat="43.16979" lon="23.962015"><ele>146</ele></trkpt>
   <trkpt lat="43.170071" lon="23.962471"><ele>145</ele></trkpt>
   <trkpt lat="43.170365" lon="23.962894"><ele>143.75</ele></trkpt>
   <trkpt lat="43.170628" lon="23.96323"><ele>142.25</ele></trkpt>
   <trkpt lat="43.170844" lon="23.963485"><ele>142</ele></trkpt>
   <trkpt lat="43.17105" lon="23.963712"><ele>142.75</ele></trkpt>
   <trkpt lat="43.17134" lon="23.964014"><ele>143.5</ele></trkpt>
   <trkpt lat="43.171656" lon="23.964294"><ele>143.75</ele></trkpt>
   <trkpt lat="43.172074" lon="23.964626"><ele>144</ele></trkpt>
   <trkpt lat="43.172439" lon="23.964872"><ele>144.75</ele></trkpt>
   <trkpt lat="43.172806" lon="23.965086"><ele>144.75</ele></trkpt>
   <trkpt lat="43.173297" lon="23.965322"><ele>144.5</ele></trkpt>
   <trkpt lat="43.173765" lon="23.965508"><ele>144.5</ele></trkpt>
   <trkpt lat="43.174114" lon="23.965615"><ele>144.5</ele></trkpt>
   <trkpt lat="43.174481" lon="23.96571"><ele>144.5</ele></trkpt>
   <trkpt lat="43.183094" lon="23.967677"><ele>144</ele></trkpt>
   <trkpt lat="43.183594" lon="23.967814"><ele>144</ele></trkpt>
   <trkpt lat="43.184139" lon="23.967994"><ele>144</ele></trkpt>
   <trkpt lat="43.184635" lon="23.968198"><ele>144.5</ele></trkpt>
   <trkpt lat="43.185098" lon="23.96844"><ele>145</ele></trkpt>
   <trkpt lat="43.185499" lon="23.968686"><ele>145.75</ele></trkpt>
   <trkpt lat="43.185868" lon="23.968954"><ele>146</ele></trkpt>
   <trkpt lat="43.186585" lon="23.969573"><ele>141.75</ele></trkpt>
   <trkpt lat="43.186989" lon="23.970008"><ele>140.5</ele></trkpt>
   <trkpt lat="43.187361" lon="23.970478"><ele>139.25</ele></trkpt>
   <trkpt lat="43.187643" lon="23.970876"><ele>137.75</ele></trkpt>
   <trkpt lat="43.187897" lon="23.971266"><ele>136.75</ele></trkpt>
   <trkpt lat="43.188165" lon="23.971736"><ele>136.25</ele></trkpt>
   <trkpt lat="43.188465" lon="23.97234"><ele>136</ele></trkpt>
   <trkpt lat="43.188673" lon="23.972817"><ele>135.25</ele></trkpt>
   <trkpt lat="43.188878" lon="23.973368"><ele>135.25</ele></trkpt>
   <trkpt lat="43.189053" lon="23.97393"><ele>135.5</ele></trkpt>
   <trkpt lat="43.18919" lon="23.974444"><ele>136</ele></trkpt>
   <trkpt lat="43.189317" lon="23.975016"><ele>137.25</ele></trkpt>
   <trkpt lat="43.189408" lon="23.975531"><ele>138</ele></trkpt>
   <trkpt lat="43.189485" lon="23.976169"><ele>138.75</ele></trkpt>
   <trkpt lat="43.189532" lon="23.976775"><ele>140</ele></trkpt>
   <trkpt lat="43.189544" lon="23.977237"><ele>141.75</ele></trkpt>
   <trkpt lat="43.189543" lon="23.977927"><ele>143.5</ele></trkpt>
   <trkpt lat="43.189513" lon="23.978876"><ele>144.25</ele></trkpt>
   <trkpt lat="43.189242" lon="23.984134"><ele>141.5</ele></trkpt>
   <trkpt lat="43.189174" lon="23.985315"><ele>138.75</ele></trkpt>
   <trkpt lat="43.189087" lon="23.986148"><ele>137.25</ele></trkpt>
   <trkpt lat="43.189017" lon="23.98663"><ele>136.5</ele></trkpt>
   <trkpt lat="43.188914" lon="23.987134"><ele>135.5</ele></trkpt>
   <trkpt lat="43.188684" lon="23.988111"><ele>133.5</ele></trkpt>
   <trkpt lat="43.188424" lon="23.988956"><ele>132.25</ele></trkpt>
   <trkpt lat="43.187158" lon="23.992425"><ele>134</ele></trkpt>
   <trkpt lat="43.187034" lon="23.992814"><ele>133.75</ele></trkpt>
   <trkpt lat="43.18679" lon="23.993715"><ele>133.25</ele></trkpt>
   <trkpt lat="43.186626" lon="23.994528"><ele>132.75</ele></trkpt>
   <trkpt lat="43.186554" lon="23.995039"><ele>132.5</ele></trkpt>
   <trkpt lat="43.186487" lon="23.995788"><ele>132.5</ele></trkpt>
   <trkpt lat="43.186463" lon="23.996261"><ele>132</ele></trkpt>
   <trkpt lat="43.186463" lon="23.996999"><ele>131.5</ele></trkpt>
   <trkpt lat="43.186489" lon="23.997585"><ele>130.75</ele></trkpt>
   <trkpt lat="43.186561" lon="23.998423"><ele>132.75</ele></trkpt>
   <trkpt lat="43.186665" lon="23.999281"><ele>133.75</ele></trkpt>
   <trkpt lat="43.186797" lon="24.000337"><ele>133.5</ele></trkpt>
   <trkpt lat="43.186915" lon="24.00128"><ele>132</ele></trkpt>
   <trkpt lat="43.186934" lon="24.001449"><ele>131.75</ele></trkpt>
   <trkpt lat="43.18709" lon="24.0027"><ele>132</ele></trkpt>
   <trkpt lat="43.187129" lon="24.003042"><ele>132</ele></trkpt>
   <trkpt lat="43.187159" lon="24.003404"><ele>132.25</ele></trkpt>
   <trkpt lat="43.187191" lon="24.003823"><ele>131.75</ele></trkpt>
   <trkpt lat="43.187206" lon="24.004218"><ele>131.5</ele></trkpt>
   <trkpt lat="43.187215" lon="24.004521"><ele>132</ele></trkpt>
   <trkpt lat="43.187212" lon="24.004948"><ele>132.5</ele></trkpt>
   <trkpt lat="43.187183" lon="24.005651"><ele>132.75</ele></trkpt>
   <trkpt lat="43.187142" lon="24.006207"><ele>133.25</ele></trkpt>
   <trkpt lat="43.186969" lon="24.008126"><ele>140.25</ele></trkpt>
   <trkpt lat="43.186615" lon="24.011913"><ele>131.75</ele></trkpt>
   <trkpt lat="43.186598" lon="24.012082"><ele>131.5</ele></trkpt>
   <trkpt lat="43.18653" lon="24.012533"><ele>131.25</ele></trkpt>
   <trkpt lat="43.186512" lon="24.012999"><ele>131.75</ele></trkpt>
   <trkpt lat="43.186385" lon="24.014235"><ele>133</ele></trkpt>
   <trkpt lat="43.186246" lon="24.015174"><ele>133</ele></trkpt>
   <trkpt lat="43.186135" lon="24.015825"><ele>133</ele></trkpt>
   <trkpt lat="43.185886" lon="24.01687"><ele>133.25</ele></trkpt>
   <trkpt lat="43.183239" lon="24.026678"><ele>133.25</ele></trkpt>
   <trkpt lat="43.18273" lon="24.028311"><ele>132.75</ele></trkpt>
   <trkpt lat="43.182592" lon="24.02869"><ele>131.75</ele></trkpt>
   <trkpt lat="43.182424" lon="24.029073"><ele>130.5</ele></trkpt>
   <trkpt lat="43.182247" lon="24.029451"><ele>130.75</ele></trkpt>
   <trkpt lat="43.182044" lon="24.029839"><ele>130.5</ele></trkpt>
   <trkpt lat="43.181777" lon="24.030297"><ele>130.25</ele></trkpt>
   <trkpt lat="43.181485" lon="24.030755"><ele>131</ele></trkpt>
   <trkpt lat="43.181157" lon="24.031214"><ele>132.25</ele></trkpt>
   <trkpt lat="43.179465" lon="24.033642"><ele>134.25</ele></trkpt>
   <trkpt lat="43.179113" lon="24.034221"><ele>132.75</ele></trkpt>
   <trkpt lat="43.178742" lon="24.034875"><ele>135.5</ele></trkpt>
   <trkpt lat="43.178266" lon="24.035943"><ele>132.25</ele></trkpt>
   <trkpt lat="43.178014" lon="24.036648"><ele>134.5</ele></trkpt>
   <trkpt lat="43.177767" lon="24.037415"><ele>131.5</ele></trkpt>
   <trkpt lat="43.177587" lon="24.038059"><ele>130.25</ele></trkpt>
   <trkpt lat="43.176753" lon="24.041878"><ele>132</ele></trkpt>
   <trkpt lat="43.1766" lon="24.042978"><ele>132.75</ele></trkpt>
   <trkpt lat="43.176523" lon="24.043879"><ele>131</ele></trkpt>
   <trkpt lat="43.1765" lon="24.044797"><ele>129</ele></trkpt>
   <trkpt lat="43.176523" lon="24.045693"><ele>129.5</ele></trkpt>
   <trkpt lat="43.176578" lon="24.046395"><ele>128.5</ele></trkpt>
   <trkpt lat="43.177377" lon="24.052541"><ele>125</ele></trkpt>
   <trkpt lat="43.177487" lon="24.053514"><ele>124.5</ele></trkpt>
   <trkpt lat="43.177553" lon="24.054512"><ele>126.25</ele></trkpt>
   <trkpt lat="43.177564" lon="24.055268"><ele>130.25</ele></trkpt>
   <trkpt lat="43.177538" lon="24.056137"><ele>136.25</ele></trkpt>
   <trkpt lat="43.177405" lon="24.057654"><ele>142</ele></trkpt>
   <trkpt lat="43.177274" lon="24.05964"><ele>133</ele></trkpt>
   <trkpt lat="43.177249" lon="24.060336"><ele>131.25</ele></trkpt>
   <trkpt lat="43.177271" lon="24.061384"><ele>130</ele></trkpt>
   <trkpt lat="43.177312" lon="24.061984"><ele>129.25</ele></trkpt>
   <trkpt lat="43.177376" lon="24.062595"><ele>128.5</ele></trkpt>
   <trkpt lat="43.177473" lon="24.063182"><ele>128</ele></trkpt>
   <trkpt lat="43.177579" lon="24.063697"><ele>127.25</ele></trkpt>
   <trkpt lat="43.177795" lon="24.064509"><ele>126.5</ele></trkpt>
   <trkpt lat="43.177998" lon="24.065145"><ele>126.5</ele></trkpt>
   <trkpt lat="43.178209" lon="24.065681"><ele>126</ele></trkpt>
   <trkpt lat="43.17856" lon="24.066428"><ele>125.25</ele></trkpt>
   <trkpt lat="43.178852" lon="24.066966"><ele>125</ele></trkpt>
   <trkpt lat="43.179239" lon="24.067566"><ele>126</ele></trkpt>
   <trkpt lat="43.179592" lon="24.068037"><ele>126.25</ele></trkpt>
   <trkpt lat="43.179934" lon="24.068435"><ele>126.5</ele></trkpt>
   <trkpt lat="43.180241" lon="24.068753"><ele>126.25</ele></trkpt>
   <trkpt lat="43.180679" lon="24.069141"><ele>125.75</ele></trkpt>
   <trkpt lat="43.180916" lon="24.069317"><ele>127</ele></trkpt>
   <trkpt lat="43.18137" lon="24.069592"><ele>129.75</ele></trkpt>
   <trkpt lat="43.181767" lon="24.069818"><ele>132.25</ele></trkpt>
   <trkpt lat="43.182152" lon="24.070018"><ele>134.5</ele></trkpt>
   <trkpt lat="43.182596" lon="24.070223"><ele>134.5</ele></trkpt>
   <trkpt lat="43.183129" lon="24.070408"><ele>131</ele></trkpt>
   <trkpt lat="43.183615" lon="24.070545"><ele>129.5</ele></trkpt>
   <trkpt lat="43.184419" lon="24.070726"><ele>128.25</ele></trkpt>
   <trkpt lat="43.1858" lon="24.070993"><ele>129</ele></trkpt>
   <trkpt lat="43.187513" lon="24.071324"><ele>126</ele></trkpt>
   <trkpt lat="43.188753" lon="24.071595"><ele>126.75</ele></trkpt>
   <trkpt lat="43.191948" lon="24.072256"><ele>123.75</ele></trkpt>
   <trkpt lat="43.192122" lon="24.072286"><ele>124</ele></trkpt>
   <trkpt lat="43.194148" lon="24.072665"><ele>132.75</ele></trkpt>
   <trkpt lat="43.195017" lon="24.07276"><ele>133.75</ele></trkpt>
   <trkpt lat="43.196356" lon="24.073009"><ele>135.5</ele></trkpt>
   <trkpt lat="43.198006" lon="24.073444"><ele>138</ele></trkpt>
   <trkpt lat="43.199022" lon="24.073665"><ele>138</ele></trkpt>
   <trkpt lat="43.199773" lon="24.073798"><ele>135</ele></trkpt>
   <trkpt lat="43.200364" lon="24.073885"><ele>130.25</ele></trkpt>
   <trkpt lat="43.201081" lon="24.07392"><ele>125.5</ele></trkpt>
   <trkpt lat="43.201441" lon="24.073915"><ele>123.25</ele></trkpt>
   <trkpt lat="43.201823" lon="24.073899"><ele>121</ele></trkpt>
   <trkpt lat="43.202214" lon="24.073834"><ele>118.5</ele></trkpt>
   <trkpt lat="43.202647" lon="24.073751"><ele>118.5</ele></trkpt>
   <trkpt lat="43.203136" lon="24.073622"><ele>118.5</ele></trkpt>
   <trkpt lat="43.203644" lon="24.073458"><ele>119</ele></trkpt>
   <trkpt lat="43.204081" lon="24.073282"><ele>119.5</ele></trkpt>
   <trkpt lat="43.204532" lon="24.073085"><ele>118.5</ele></trkpt>
   <trkpt lat="43.204955" lon="24.072868"><ele>118</ele></trkpt>
   <trkpt lat="43.205389" lon="24.072609"><ele>117.75</ele></trkpt>
   <trkpt lat="43.205781" lon="24.072341"><ele>118</ele></trkpt>
   <trkpt lat="43.206207" lon="24.072021"><ele>118.75</ele></trkpt>
   <trkpt lat="43.206603" lon="24.071693"><ele>119.75</ele></trkpt>
   <trkpt lat="43.206919" lon="24.071414"><ele>120.25</ele></trkpt>
   <trkpt lat="43.207228" lon="24.071114"><ele>121.75</ele></trkpt>
   <trkpt lat="43.207642" lon="24.070649"><ele>125.25</ele></trkpt>
   <trkpt lat="43.208034" lon="24.070185"><ele>126.5</ele></trkpt>
   <trkpt lat="43.208412" lon="24.069714"><ele>126</ele></trkpt>
   <trkpt lat="43.211546" lon="24.065556"><ele>118.25</ele></trkpt>
   <trkpt lat="43.211892" lon="24.065156"><ele>117</ele></trkpt>
   <trkpt lat="43.212258" lon="24.064775"><ele>116</ele></trkpt>
   <trkpt lat="43.212662" lon="24.06438"><ele>116.25</ele></trkpt>
   <trkpt lat="43.213062" lon="24.064058"><ele>116</ele></trkpt>
   <trkpt lat="43.213612" lon="24.063673"><ele>114.5</ele></trkpt>
   <trkpt lat="43.214163" lon="24.063367"><ele>114.75</ele></trkpt>
   <trkpt lat="43.21471" lon="24.063138"><ele>114.75</ele></trkpt>
   <trkpt lat="43.215347" lon="24.062933"><ele>114.75</ele></trkpt>
   <trkpt lat="43.216407" lon="24.062724"><ele>124</ele></trkpt>
   <trkpt lat="43.216731" lon="24.062704"><ele>128</ele></trkpt>
   <trkpt lat="43.217144" lon="24.06271"><ele>129.5</ele></trkpt>
   <trkpt lat="43.217518" lon="24.062758"><ele>131</ele></trkpt>
   <trkpt lat="43.218069" lon="24.062897"><ele>129.75</ele></trkpt>
   <trkpt lat="43.218516" lon="24.06307"><ele>128</ele></trkpt>
   <trkpt lat="43.218987" lon="24.06328"><ele>125</ele></trkpt>
   <trkpt lat="43.219532" lon="24.06355"><ele>124</ele></trkpt>
   <trkpt lat="43.22178" lon="24.064841"><ele>115</ele></trkpt>
   <trkpt lat="43.222614" lon="24.065287"><ele>112</ele></trkpt>
   <trkpt lat="43.223407" lon="24.065614"><ele>113</ele></trkpt>
   <trkpt lat="43.223807" lon="24.065731"><ele>113.5</ele></trkpt>
   <trkpt lat="43.22422" lon="24.065828"><ele>114.25</ele></trkpt>
   <trkpt lat="43.224509" lon="24.065846"><ele>114.75</ele></trkpt>
   <trkpt lat="43.224878" lon="24.065852"><ele>114.75</ele></trkpt>
   <trkpt lat="43.225246" lon="24.06584"><ele>116.5</ele></trkpt>
   <trkpt lat="43.225967" lon="24.065748"><ele>118.75</ele></trkpt>
   <trkpt lat="43.226588" lon="24.065579"><ele>118.25</ele></trkpt>
   <trkpt lat="43.227148" lon="24.065376"><ele>117.5</ele></trkpt>
   <trkpt lat="43.227679" lon="24.065149"><ele>115.75</ele></trkpt>
   <trkpt lat="43.228201" lon="24.064844"><ele>113.5</ele></trkpt>
   <trkpt lat="43.228692" lon="24.064493"><ele>111</ele></trkpt>
   <trkpt lat="43.229327" lon="24.06393"><ele>111.25</ele></trkpt>
   <trkpt lat="43.229711" lon="24.063515"><ele>111.75</ele></trkpt>
   <trkpt lat="43.230056" lon="24.063073"><ele>112</ele></trkpt>
   <trkpt lat="43.230421" lon="24.062543"><ele>112.25</ele></trkpt>
   <trkpt lat="43.230754" lon="24.062028"><ele>112.75</ele></trkpt>
   <trkpt lat="43.231172" lon="24.061323"><ele>112.75</ele></trkpt>
   <trkpt lat="43.23397" lon="24.056845"><ele>108.75</ele></trkpt>
   <trkpt lat="43.234448" lon="24.056155"><ele>108.75</ele></trkpt>
   <trkpt lat="43.23498" lon="24.055458"><ele>107.5</ele></trkpt>
   <trkpt lat="43.23535" lon="24.055051"><ele>107.5</ele></trkpt>
   <trkpt lat="43.235707" lon="24.054696"><ele>107</ele></trkpt>
   <trkpt lat="43.236134" lon="24.054356"><ele>107</ele></trkpt>
   <trkpt lat="43.236667" lon="24.053986"><ele>106.5</ele></trkpt>
   <trkpt lat="43.237107" lon="24.05373"><ele>107.75</ele></trkpt>
   <trkpt lat="43.237561" lon="24.053488"><ele>107.5</ele></trkpt>
   <trkpt lat="43.238046" lon="24.053273"><ele>107</ele></trkpt>
   <trkpt lat="43.238903" lon="24.052836"><ele>109.5</ele></trkpt>
   <trkpt lat="43.239284" lon="24.05266"><ele>109.5</ele></trkpt>
   <trkpt lat="43.239645" lon="24.052512"><ele>109</ele></trkpt>
   <trkpt lat="43.240202" lon="24.052302"><ele>110</ele></trkpt>
   <trkpt lat="43.24072" lon="24.052149"><ele>110.25</ele></trkpt>
   <trkpt lat="43.241238" lon="24.052043"><ele>110.25</ele></trkpt>
   <trkpt lat="43.241722" lon="24.051962"><ele>109.75</ele></trkpt>
   <trkpt lat="43.242198" lon="24.051947"><ele>109</ele></trkpt>
   <trkpt lat="43.242859" lon="24.051962"><ele>108.5</ele></trkpt>
   <trkpt lat="43.243424" lon="24.052024"><ele>108.75</ele></trkpt>
   <trkpt lat="43.243913" lon="24.052107"><ele>109</ele></trkpt>
   <trkpt lat="43.244369" lon="24.052218"><ele>108.5</ele></trkpt>
   <trkpt lat="43.245059" lon="24.052453"><ele>106.5</ele></trkpt>
   <trkpt lat="43.245557" lon="24.052669"><ele>107.75</ele></trkpt>
   <trkpt lat="43.245896" lon="24.052836"><ele>108</ele></trkpt>
   <trkpt lat="43.246718" lon="24.053321"><ele>108.5</ele></trkpt>
   <trkpt lat="43.247176" lon="24.053656"><ele>110.25</ele></trkpt>
   <trkpt lat="43.247617" lon="24.054024"><ele>109.25</ele></trkpt>
   <trkpt lat="43.248007" lon="24.05439"><ele>111</ele></trkpt>
   <trkpt lat="43.248375" lon="24.054771"><ele>109.75</ele></trkpt>
   <trkpt lat="43.248779" lon="24.055237"><ele>112.75</ele></trkpt>
   <trkpt lat="43.249135" lon="24.05566"><ele>111</ele></trkpt>
   <trkpt lat="43.249581" lon="24.056243"><ele>113.25</ele></trkpt>
   <trkpt lat="43.250614" lon="24.057604"><ele>108.25</ele></trkpt>
   <trkpt lat="43.25113" lon="24.058225"><ele>106</ele></trkpt>
   <trkpt lat="43.251632" lon="24.058789"><ele>105.5</ele></trkpt>
   <trkpt lat="43.252138" lon="24.059259"><ele>106</ele></trkpt>
   <trkpt lat="43.252946" lon="24.059926"><ele>106.5</ele></trkpt>
   <trkpt lat="43.254113" lon="24.060787"><ele>106</ele></trkpt>
   <trkpt lat="43.254869" lon="24.061388"><ele>106.5</ele></trkpt>
   <trkpt lat="43.255509" lon="24.061928"><ele>105.25</ele></trkpt>
   <trkpt lat="43.256114" lon="24.062511"><ele>104.25</ele></trkpt>
   <trkpt lat="43.25663" lon="24.063056"><ele>103.75</ele></trkpt>
   <trkpt lat="43.257108" lon="24.063584"><ele>103.75</ele></trkpt>
   <trkpt lat="43.258377" lon="24.065013"><ele>102.75</ele></trkpt>
   <trkpt lat="43.259151" lon="24.065826"><ele>102</ele></trkpt>
   <trkpt lat="43.259648" lon="24.066288"><ele>101.25</ele></trkpt>
   <trkpt lat="43.2606" lon="24.067108"><ele>101.25</ele></trkpt>
   <trkpt lat="43.264503" lon="24.070311"><ele>105</ele></trkpt>
   <trkpt lat="43.265095" lon="24.070772"><ele>105.25</ele></trkpt>
   <trkpt lat="43.265919" lon="24.071187"><ele>103.75</ele></trkpt>
   <trkpt lat="43.266528" lon="24.071477"><ele>104.75</ele></trkpt>
   <trkpt lat="43.267056" lon="24.071603"><ele>104.75</ele></trkpt>
   <trkpt lat="43.267637" lon="24.071717"><ele>105.25</ele></trkpt>
   <trkpt lat="43.268255" lon="24.071741"><ele>105.5</ele></trkpt>
   <trkpt lat="43.270588" lon="24.071795"><ele>105.75</ele></trkpt>
   <trkpt lat="43.271004" lon="24.071823"><ele>105.25</ele></trkpt>
   <trkpt lat="43.271415" lon="24.071893"><ele>104.5</ele></trkpt>
   <trkpt lat="43.272" lon="24.07205"><ele>104.25</ele></trkpt>
   <trkpt lat="43.272715" lon="24.07232"><ele>104.5</ele></trkpt>
   <trkpt lat="43.274512" lon="24.072957"><ele>104</ele></trkpt>
   <trkpt lat="43.274949" lon="24.073087"><ele>104</ele></trkpt>
   <trkpt lat="43.276634" lon="24.07343"><ele>105</ele></trkpt>
   <trkpt lat="43.276848" lon="24.073511"><ele>105.25</ele></trkpt>
   <trkpt lat="43.277108" lon="24.073654"><ele>105.25</ele></trkpt>
   <trkpt lat="43.277328" lon="24.073809"><ele>105</ele></trkpt>
   <trkpt lat="43.27783" lon="24.074259"><ele>104.5</ele></trkpt>
   <trkpt lat="43.277976" lon="24.074432"><ele>104.5</ele></trkpt>
   <trkpt lat="43.278206" lon="24.074605"><ele>104.25</ele></trkpt>
   <trkpt lat="43.278859" lon="24.075231"><ele>102.75</ele></trkpt>
   <trkpt lat="43.279139" lon="24.075505"><ele>102.5</ele></trkpt>
   <trkpt lat="43.279714" lon="24.076039"><ele>103</ele></trkpt>
   <trkpt lat="43.28224" lon="24.078439"><ele>103.75</ele></trkpt>
   <trkpt lat="43.283213" lon="24.079349"><ele>104</ele></trkpt>
   <trkpt lat="43.284175" lon="24.080269"><ele>102.75</ele></trkpt>
   <trkpt lat="43.284447" lon="24.080597"><ele>103</ele></trkpt>
   <trkpt lat="43.284637" lon="24.080768"><ele>103</ele></trkpt>
   <trkpt lat="43.285083" lon="24.081176"><ele>103.75</ele></trkpt>
   <trkpt lat="43.285378" lon="24.081372"><ele>104.25</ele></trkpt>
   <trkpt lat="43.285614" lon="24.081488"><ele>104.25</ele></trkpt>
   <trkpt lat="43.286185" lon="24.081698"><ele>103</ele></trkpt>
   <trkpt lat="43.286463" lon="24.081847"><ele>102</ele></trkpt>
   <trkpt lat="43.28679" lon="24.082074"><ele>101.25</ele></trkpt>
   <trkpt lat="43.287226" lon="24.082439"><ele>100.25</ele></trkpt>
   <trkpt lat="43.287942" lon="24.083108"><ele>97.75</ele></trkpt>
   <trkpt lat="43.288207" lon="24.083381"><ele>98</ele></trkpt>
   <trkpt lat="43.288554" lon="24.083779"><ele>98.25</ele></trkpt>
   <trkpt lat="43.288941" lon="24.084241"><ele>99.5</ele></trkpt>
   <trkpt lat="43.289321" lon="24.084744"><ele>99.25</ele></trkpt>
   <trkpt lat="43.289692" lon="24.085302"><ele>98.25</ele></trkpt>
   <trkpt lat="43.29012" lon="24.086007"><ele>100.25</ele></trkpt>
   <trkpt lat="43.29051" lon="24.086734"><ele>100</ele></trkpt>
   <trkpt lat="43.290745" lon="24.087236"><ele>102.75</ele></trkpt>
   <trkpt lat="43.291001" lon="24.087816"><ele>104.25</ele></trkpt>
   <trkpt lat="43.291254" lon="24.088469"><ele>105.75</ele></trkpt>
   <trkpt lat="43.291512" lon="24.089243"><ele>109</ele></trkpt>
   <trkpt lat="43.291724" lon="24.089978"><ele>112</ele></trkpt>
   <trkpt lat="43.291934" lon="24.09085"><ele>113.75</ele></trkpt>
   <trkpt lat="43.292098" lon="24.091712"><ele>116.5</ele></trkpt>
   <trkpt lat="43.292192" lon="24.09234"><ele>118.25</ele></trkpt>
   <trkpt lat="43.292285" lon="24.093203"><ele>120.25</ele></trkpt>
   <trkpt lat="43.292327" lon="24.093762"><ele>121.75</ele></trkpt>
   <trkpt lat="43.292358" lon="24.094456"><ele>123.5</ele></trkpt>
   <trkpt lat="43.292368" lon="24.095111"><ele>125.25</ele></trkpt>
   <trkpt lat="43.292351" lon="24.095703"><ele>126.75</ele></trkpt>
   <trkpt lat="43.292308" lon="24.096622"><ele>127.5</ele></trkpt>
   <trkpt lat="43.292214" lon="24.097527"><ele>128.5</ele></trkpt>
   <trkpt lat="43.291848" lon="24.099996"><ele>132.25</ele></trkpt>
   <trkpt lat="43.291302" lon="24.103487"><ele>140</ele></trkpt>
   <trkpt lat="43.291178" lon="24.104536"><ele>137.5</ele></trkpt>
   <trkpt lat="43.29115" lon="24.104763"><ele>137.25</ele></trkpt>
   <trkpt lat="43.291042" lon="24.105709"><ele>137.25</ele></trkpt>
   <trkpt lat="43.290878" lon="24.10773"><ele>140</ele></trkpt>
   <trkpt lat="43.29017" lon="24.117176"><ele>152.25</ele></trkpt>
   <trkpt lat="43.290093" lon="24.117948"><ele>152.5</ele></trkpt>
   <trkpt lat="43.289991" lon="24.118703"><ele>153.25</ele></trkpt>
   <trkpt lat="43.289871" lon="24.119388"><ele>154.5</ele></trkpt>
   <trkpt lat="43.289649" lon="24.120419"><ele>156.5</ele></trkpt>
   <trkpt lat="43.289371" lon="24.121585"><ele>158.5</ele></trkpt>
   <trkpt lat="43.288955" lon="24.123372"><ele>160.75</ele></trkpt>
   <trkpt lat="43.288835" lon="24.12396"><ele>161.75</ele></trkpt>
   <trkpt lat="43.288696" lon="24.124842"><ele>164.25</ele></trkpt>
   <trkpt lat="43.288584" lon="24.125757"><ele>165.75</ele></trkpt>
   <trkpt lat="43.288524" lon="24.126553"><ele>167.25</ele></trkpt>
   <trkpt lat="43.288486" lon="24.127769"><ele>170</ele></trkpt>
   <trkpt lat="43.288471" lon="24.128992"><ele>173.75</ele></trkpt>
   <trkpt lat="43.28848" lon="24.130338"><ele>173.75</ele></trkpt>
   <trkpt lat="43.288474" lon="24.131021"><ele>172</ele></trkpt>
   <trkpt lat="43.288447" lon="24.131825"><ele>172.5</ele></trkpt>
   <trkpt lat="43.288406" lon="24.132603"><ele>174.75</ele></trkpt>
   <trkpt lat="43.288333" lon="24.133317"><ele>176.75</ele></trkpt>
   <trkpt lat="43.288231" lon="24.134223"><ele>178</ele></trkpt>
   <trkpt lat="43.287862" lon="24.136958"><ele>180.25</ele></trkpt>
   <trkpt lat="43.287803" lon="24.137553"><ele>180.75</ele></trkpt>
   <trkpt lat="43.287761" lon="24.138199"><ele>180.25</ele></trkpt>
   <trkpt lat="43.287587" lon="24.142375"><ele>180.25</ele></trkpt>
   <trkpt lat="43.287462" lon="24.146494"><ele>191.75</ele></trkpt>
   <trkpt lat="43.287416" lon="24.147358"><ele>193.5</ele></trkpt>
   <trkpt lat="43.287367" lon="24.147969"><ele>194.25</ele></trkpt>
   <trkpt lat="43.287332" lon="24.148336"><ele>194.5</ele></trkpt>
   <trkpt lat="43.287203" lon="24.149225"><ele>197</ele></trkpt>
   <trkpt lat="43.286993" lon="24.150315"><ele>197.75</ele></trkpt>
   <trkpt lat="43.286431" lon="24.152945"><ele>200.25</ele></trkpt>
   <trkpt lat="43.28628" lon="24.15363"><ele>201.75</ele></trkpt>
   <trkpt lat="43.283878" lon="24.164851"><ele>214</ele></trkpt>
   <trkpt lat="43.283516" lon="24.166637"><ele>217.5</ele></trkpt>
   <trkpt lat="43.283332" lon="24.167734"><ele>220.75</ele></trkpt>
   <trkpt lat="43.283194" lon="24.168906"><ele>220</ele></trkpt>
   <trkpt lat="43.283137" lon="24.169756"><ele>221.5</ele></trkpt>
   <trkpt lat="43.28311" lon="24.170788"><ele>225.25</ele></trkpt>
   <trkpt lat="43.282976" lon="24.179774"><ele>227</ele></trkpt>
   <trkpt lat="43.282985" lon="24.18043"><ele>227.75</ele></trkpt>
   <trkpt lat="43.283014" lon="24.181216"><ele>230</ele></trkpt>
   <trkpt lat="43.283072" lon="24.182207"><ele>232.25</ele></trkpt>
   <trkpt lat="43.28314" lon="24.18287"><ele>233.75</ele></trkpt>
   <trkpt lat="43.283464" lon="24.185123"><ele>228</ele></trkpt>
   <trkpt lat="43.284079" lon="24.188653"><ele>239</ele></trkpt>
   <trkpt lat="43.284211" lon="24.189508"><ele>242</ele></trkpt>
   <trkpt lat="43.284286" lon="24.190164"><ele>242.75</ele></trkpt>
   <trkpt lat="43.284372" lon="24.191048"><ele>245.5</ele></trkpt>
   <trkpt lat="43.284422" lon="24.192023"><ele>247.25</ele></trkpt>
   <trkpt lat="43.284426" lon="24.193235"><ele>248.25</ele></trkpt>
   <trkpt lat="43.284391" lon="24.19399"><ele>246.75</ele></trkpt>
   <trkpt lat="43.284328" lon="24.195096"><ele>248.5</ele></trkpt>
   <trkpt lat="43.283943" lon="24.200251"><ele>253.75</ele></trkpt>
   <trkpt lat="43.283913" lon="24.200756"><ele>253.25</ele></trkpt>
   <trkpt lat="43.283916" lon="24.201175"><ele>254.25</ele></trkpt>
   <trkpt lat="43.283933" lon="24.201513"><ele>255.5</ele></trkpt>
   <trkpt lat="43.283979" lon="24.202018"><ele>257</ele></trkpt>
   <trkpt lat="43.284058" lon="24.20252"><ele>258.25</ele></trkpt>
   <trkpt lat="43.284178" lon="24.203061"><ele>259.75</ele></trkpt>
   <trkpt lat="43.284349" lon="24.203617"><ele>262.5</ele></trkpt>
   <trkpt lat="43.28467" lon="24.20439"><ele>265.5</ele></trkpt>
   <trkpt lat="43.286922" lon="24.209212"><ele>260.25</ele></trkpt>
   <trkpt lat="43.290171" lon="24.216153"><ele>258</ele></trkpt>
   <trkpt lat="43.290544" lon="24.216857"><ele>257.75</ele></trkpt>
   <trkpt lat="43.290891" lon="24.217396"><ele>257.25</ele></trkpt>
   <trkpt lat="43.29134" lon="24.217945"><ele>255.25</ele></trkpt>
   <trkpt lat="43.291668" lon="24.218244"><ele>254.25</ele></trkpt>
   <trkpt lat="43.292006" lon="24.218518"><ele>253</ele></trkpt>
   <trkpt lat="43.29243" lon="24.218783"><ele>251.5</ele></trkpt>
   <trkpt lat="43.292803" lon="24.218952"><ele>250.25</ele></trkpt>
   <trkpt lat="43.293116" lon="24.219058"><ele>250</ele></trkpt>
   <trkpt lat="43.293436" lon="24.219136"><ele>249.5</ele></trkpt>
   <trkpt lat="43.293755" lon="24.219179"><ele>248.25</ele></trkpt>
   <trkpt lat="43.294186" lon="24.219191"><ele>246.5</ele></trkpt>
   <trkpt lat="43.294511" lon="24.219164"><ele>244.75</ele></trkpt>
   <trkpt lat="43.294924" lon="24.219096"><ele>242.25</ele></trkpt>
   <trkpt lat="43.295679" lon="24.218931"><ele>240.75</ele></trkpt>
   <trkpt lat="43.302952" lon="24.21727"><ele>242</ele></trkpt>
   <trkpt lat="43.303514" lon="24.217151"><ele>241.25</ele></trkpt>
   <trkpt lat="43.304059" lon="24.21707"><ele>239.75</ele></trkpt>
   <trkpt lat="43.304577" lon="24.217025"><ele>238.5</ele></trkpt>
   <trkpt lat="43.304968" lon="24.21702"><ele>237.5</ele></trkpt>
   <trkpt lat="43.305497" lon="24.217041"><ele>234.75</ele></trkpt>
   <trkpt lat="43.306043" lon="24.217094"><ele>231.75</ele></trkpt>
   <trkpt lat="43.3066" lon="24.217197"><ele>229.25</ele></trkpt>
   <trkpt lat="43.307533" lon="24.21741"><ele>226</ele></trkpt>
   <trkpt lat="43.308667" lon="24.217897"><ele>225.5</ele></trkpt>
   <trkpt lat="43.312419" lon="24.220047"><ele>234.75</ele></trkpt>
   <trkpt lat="43.313005" lon="24.220422"><ele>234.25</ele></trkpt>
   <trkpt lat="43.313727" lon="24.220976"><ele>231.75</ele></trkpt>
   <trkpt lat="43.31416" lon="24.22136"><ele>230.25</ele></trkpt>
   <trkpt lat="43.314511" lon="24.221695"><ele>229.5</ele></trkpt>
   <trkpt lat="43.314938" lon="24.222135"><ele>228.5</ele></trkpt>
   <trkpt lat="43.315241" lon="24.222494"><ele>227.5</ele></trkpt>
   <trkpt lat="43.315883" lon="24.223325"><ele>226</ele></trkpt>
   <trkpt lat="43.316236" lon="24.223836"><ele>226.75</ele></trkpt>
   <trkpt lat="43.316569" lon="24.224359"><ele>227</ele></trkpt>
   <trkpt lat="43.316865" lon="24.224876"><ele>226.75</ele></trkpt>
   <trkpt lat="43.317158" lon="24.22546"><ele>226</ele></trkpt>
   <trkpt lat="43.317437" lon="24.226075"><ele>224.5</ele></trkpt>
   <trkpt lat="43.317661" lon="24.22661"><ele>224.25</ele></trkpt>
   <trkpt lat="43.317937" lon="24.227314"><ele>224</ele></trkpt>
   <trkpt lat="43.318304" lon="24.22828"><ele>225.5</ele></trkpt>
   <trkpt lat="43.32157" lon="24.236945"><ele>219</ele></trkpt>
   <trkpt lat="43.322" lon="24.238035"><ele>217</ele></trkpt>
   <trkpt lat="43.322283" lon="24.23866"><ele>215.75</ele></trkpt>
   <trkpt lat="43.322647" lon="24.239399"><ele>216.25</ele></trkpt>
   <trkpt lat="43.322911" lon="24.239893"><ele>216.5</ele></trkpt>
   <trkpt lat="43.323384" lon="24.240717"><ele>214.75</ele></trkpt>
   <trkpt lat="43.326916" lon="24.246288"><ele>206.5</ele></trkpt>
   <trkpt lat="43.326956" lon="24.246352"><ele>206.5</ele></trkpt>
   <trkpt lat="43.327545" lon="24.247296"><ele>206.25</ele></trkpt>
   <trkpt lat="43.330196" lon="24.251516"><ele>206</ele></trkpt>
   <trkpt lat="43.332921" lon="24.255873"><ele>203.75</ele></trkpt>
   <trkpt lat="43.333004" lon="24.256006"><ele>203.5</ele></trkpt>
   <trkpt lat="43.333864" lon="24.257382"><ele>201.5</ele></trkpt>
   <trkpt lat="43.334624" lon="24.258583"><ele>199.75</ele></trkpt>
   <trkpt lat="43.335199" lon="24.259345"><ele>198.75</ele></trkpt>
   <trkpt lat="43.335571" lon="24.259781"><ele>197.25</ele></trkpt>
   <trkpt lat="43.335959" lon="24.260182"><ele>196.75</ele></trkpt>
   <trkpt lat="43.336329" lon="24.260512"><ele>197</ele></trkpt>
   <trkpt lat="43.33675" lon="24.260854"><ele>197.75</ele></trkpt>
   <trkpt lat="43.337183" lon="24.261165"><ele>196.75</ele></trkpt>
   <trkpt lat="43.3376" lon="24.261431"><ele>197</ele></trkpt>
   <trkpt lat="43.337967" lon="24.261632"><ele>197</ele></trkpt>
   <trkpt lat="43.338513" lon="24.261899"><ele>196.5</ele></trkpt>
   <trkpt lat="43.342853" lon="24.263657"><ele>193</ele></trkpt>
   <trkpt lat="43.36649" lon="24.273371"><ele>179.75</ele></trkpt>
   <trkpt lat="43.366933" lon="24.273558"><ele>180</ele></trkpt>
   <trkpt lat="43.36738" lon="24.273765"><ele>180.75</ele></trkpt>
   <trkpt lat="43.367743" lon="24.273945"><ele>181.75</ele></trkpt>
   <trkpt lat="43.368147" lon="24.274181"><ele>183.25</ele></trkpt>
   <trkpt lat="43.368478" lon="24.274392"><ele>184.25</ele></trkpt>
   <trkpt lat="43.368849" lon="24.274668"><ele>184.75</ele></trkpt>
   <trkpt lat="43.369216" lon="24.274962"><ele>185</ele></trkpt>
   <trkpt lat="43.369606" lon="24.27532"><ele>185</ele></trkpt>
   <trkpt lat="43.369953" lon="24.275671"><ele>185.75</ele></trkpt>
   <trkpt lat="43.370236" lon="24.27598"><ele>185.75</ele></trkpt>
   <trkpt lat="43.370446" lon="24.276235"><ele>185.5</ele></trkpt>
   <trkpt lat="43.370747" lon="24.276629"><ele>185</ele></trkpt>
   <trkpt lat="43.371024" lon="24.277026"><ele>184.75</ele></trkpt>
   <trkpt lat="43.371243" lon="24.277362"><ele>185</ele></trkpt>
   <trkpt lat="43.371508" lon="24.277798"><ele>184.75</ele></trkpt>
   <trkpt lat="43.37175" lon="24.278251"><ele>184</ele></trkpt>
   <trkpt lat="43.371974" lon="24.278712"><ele>183.5</ele></trkpt>
   <trkpt lat="43.372212" lon="24.279264"><ele>183.5</ele></trkpt>
   <trkpt lat="43.372469" lon="24.279899"><ele>183.75</ele></trkpt>
   <trkpt lat="43.372662" lon="24.280442"><ele>184.75</ele></trkpt>
   <trkpt lat="43.372796" lon="24.280881"><ele>184.75</ele></trkpt>
   <trkpt lat="43.372925" lon="24.28137"><ele>184.25</ele></trkpt>
   <trkpt lat="43.373071" lon="24.281994"><ele>183.75</ele></trkpt>
   <trkpt lat="43.373185" lon="24.282588"><ele>183.5</ele></trkpt>
   <trkpt lat="43.373271" lon="24.283169"><ele>183</ele></trkpt>
   <trkpt lat="43.373337" lon="24.283763"><ele>182.25</ele></trkpt>
   <trkpt lat="43.373381" lon="24.284258"><ele>181.75</ele></trkpt>
   <trkpt lat="43.373427" lon="24.284869"><ele>181</ele></trkpt>
   <trkpt lat="43.373451" lon="24.285481"><ele>180.5</ele></trkpt>
   <trkpt lat="43.373485" lon="24.286092"><ele>180.5</ele></trkpt>
   <trkpt lat="43.3736" lon="24.287758"><ele>184.25</ele></trkpt>
   <trkpt lat="43.373662" lon="24.288522"><ele>185.25</ele></trkpt>
   <trkpt lat="43.373741" lon="24.289214"><ele>185.25</ele></trkpt>
   <trkpt lat="43.373847" lon="24.289909"><ele>184.25</ele></trkpt>
   <trkpt lat="43.373987" lon="24.290605"><ele>184.25</ele></trkpt>
   <trkpt lat="43.374129" lon="24.291204"><ele>184.25</ele></trkpt>
   <trkpt lat="43.374305" lon="24.291803"><ele>184.25</ele></trkpt>
   <trkpt lat="43.374481" lon="24.292324"><ele>184.75</ele></trkpt>
   <trkpt lat="43.374685" lon="24.292856"><ele>185.5</ele></trkpt>
   <trkpt lat="43.374895" lon="24.293353"><ele>186.5</ele></trkpt>
   <trkpt lat="43.376417" lon="24.29695"><ele>183.5</ele></trkpt>
   <trkpt lat="43.376753" lon="24.297763"><ele>182.25</ele></trkpt>
   <trkpt lat="43.377003" lon="24.298393"><ele>183</ele></trkpt>
   <trkpt lat="43.377239" lon="24.299034"><ele>183.75</ele></trkpt>
   <trkpt lat="43.377397" lon="24.299511"><ele>182.75</ele></trkpt>
   <trkpt lat="43.377755" lon="24.300699"><ele>180</ele></trkpt>
   <trkpt lat="43.378007" lon="24.301651"><ele>179</ele></trkpt>
   <trkpt lat="43.378291" lon="24.302877"><ele>177.75</ele></trkpt>
   <trkpt lat="43.378466" lon="24.30376"><ele>179.25</ele></trkpt>
   <trkpt lat="43.37862" lon="24.304617"><ele>180.5</ele></trkpt>
   <trkpt lat="43.37872" lon="24.30535"><ele>180.25</ele></trkpt>
   <trkpt lat="43.378831" lon="24.30625"><ele>179.75</ele></trkpt>
   <trkpt lat="43.378909" lon="24.307023"><ele>179.75</ele></trkpt>
   <trkpt lat="43.378969" lon="24.307953"><ele>179.75</ele></trkpt>
   <trkpt lat="43.378991" lon="24.308423"><ele>179.5</ele></trkpt>
   <trkpt lat="43.379007" lon="24.309214"><ele>179</ele></trkpt>
   <trkpt lat="43.37901" lon="24.309866"><ele>179</ele></trkpt>
   <trkpt lat="43.379005" lon="24.310512"><ele>179</ele></trkpt>
   <trkpt lat="43.378962" lon="24.311579"><ele>177.5</ele></trkpt>
   <trkpt lat="43.378909" lon="24.312272"><ele>177</ele></trkpt>
   <trkpt lat="43.378855" lon="24.312887"><ele>176.75</ele></trkpt>
   <trkpt lat="43.378788" lon="24.313556"><ele>176.5</ele></trkpt>
   <trkpt lat="43.378662" lon="24.314498"><ele>175.75</ele></trkpt>
   <trkpt lat="43.378565" lon="24.315156"><ele>176</ele></trkpt>
   <trkpt lat="43.378392" lon="24.316099"><ele>174.5</ele></trkpt>
   <trkpt lat="43.378284" lon="24.316621"><ele>174</ele></trkpt>
   <trkpt lat="43.378014" lon="24.317779"><ele>172.75</ele></trkpt>
   <trkpt lat="43.377733" lon="24.318812"><ele>171.5</ele></trkpt>
   <trkpt lat="43.37753" lon="24.319514"><ele>171.25</ele></trkpt>
   <trkpt lat="43.377322" lon="24.320134"><ele>170.75</ele></trkpt>
   <trkpt lat="43.377119" lon="24.320769"><ele>170</ele></trkpt>
   <trkpt lat="43.375332" lon="24.326226"><ele>162</ele></trkpt>
   <trkpt lat="43.375154" lon="24.326797"><ele>162.5</ele></trkpt>
   <trkpt lat="43.374929" lon="24.327537"><ele>162</ele></trkpt>
   <trkpt lat="43.3748" lon="24.32805"><ele>161.25</ele></trkpt>
   <trkpt lat="43.374669" lon="24.328607"><ele>160</ele></trkpt>
   <trkpt lat="43.374562" lon="24.329244"><ele>157.75</ele></trkpt>
   <trkpt lat="43.374484" lon="24.329799"><ele>155.75</ele></trkpt>
   <trkpt lat="43.374446" lon="24.330282"><ele>154.5</ele></trkpt>
   <trkpt lat="43.374422" lon="24.330879"><ele>153.25</ele></trkpt>
   <trkpt lat="43.374414" lon="24.331335"><ele>152.75</ele></trkpt>
   <trkpt lat="43.374424" lon="24.331755"><ele>152.5</ele></trkpt>
   <trkpt lat="43.374444" lon="24.332163"><ele>152.25</ele></trkpt>
   <trkpt lat="43.374521" lon="24.332902"><ele>151.5</ele></trkpt>
   <trkpt lat="43.374599" lon="24.333431"><ele>151</ele></trkpt>
   <trkpt lat="43.374697" lon="24.333891"><ele>152.25</ele></trkpt>
   <trkpt lat="43.374836" lon="24.334438"><ele>153.5</ele></trkpt>
   <trkpt lat="43.37497" lon="24.334927"><ele>154.5</ele></trkpt>
   <trkpt lat="43.375171" lon="24.335507"><ele>153.5</ele></trkpt>
   <trkpt lat="43.375338" lon="24.335946"><ele>152.5</ele></trkpt>
   <trkpt lat="43.37559" lon="24.336558"><ele>151</ele></trkpt>
   <trkpt lat="43.37663" lon="24.338606"><ele>146.5</ele></trkpt>
   <trkpt lat="43.376705" lon="24.338738"><ele>146</ele></trkpt>
   <trkpt lat="43.377048" lon="24.339305"><ele>145.75</ele></trkpt>
   <trkpt lat="43.377345" lon="24.339835"><ele>148.75</ele></trkpt>
   <trkpt lat="43.377737" lon="24.340563"><ele>150.25</ele></trkpt>
   <trkpt lat="43.378057" lon="24.34108"><ele>151</ele></trkpt>
   <trkpt lat="43.378576" lon="24.341872"><ele>152</ele></trkpt>
   <trkpt lat="43.379124" lon="24.342609"><ele>151</ele></trkpt>
   <trkpt lat="43.37969" lon="24.343317"><ele>151.25</ele></trkpt>
   <trkpt lat="43.381712" lon="24.345792"><ele>152</ele></trkpt>
   <trkpt lat="43.382064" lon="24.346316"><ele>152</ele></trkpt>
   <trkpt lat="43.382444" lon="24.346772"><ele>151.75</ele></trkpt>
   <trkpt lat="43.38298" lon="24.347528"><ele>150.25</ele></trkpt>
   <trkpt lat="43.383692" lon="24.348405"><ele>149</ele></trkpt>
   <trkpt lat="43.384694" lon="24.349513"><ele>144</ele></trkpt>
   <trkpt lat="43.384951" lon="24.349789"><ele>143.5</ele></trkpt>
   <trkpt lat="43.388655" lon="24.353819"><ele>143.75</ele></trkpt>
   <trkpt lat="43.389061" lon="24.35424"><ele>143</ele></trkpt>
   <trkpt lat="43.3898" lon="24.354887"><ele>143</ele></trkpt>
   <trkpt lat="43.390509" lon="24.355408"><ele>141.75</ele></trkpt>
   <trkpt lat="43.391076" lon="24.355759"><ele>141</ele></trkpt>
   <trkpt lat="43.391615" lon="24.356046"><ele>140.5</ele></trkpt>
   <trkpt lat="43.393307" lon="24.356855"><ele>133.75</ele></trkpt>
   <trkpt lat="43.393999" lon="24.357178"><ele>132.5</ele></trkpt>
   <trkpt lat="43.394967" lon="24.357607"><ele>134.75</ele></trkpt>
   <trkpt lat="43.401046" lon="24.360444"><ele>129</ele></trkpt>
   <trkpt lat="43.401512" lon="24.360686"><ele>128</ele></trkpt>
   <trkpt lat="43.40194" lon="24.36095"><ele>126.5</ele></trkpt>
   <trkpt lat="43.4023" lon="24.361189"><ele>125.25</ele></trkpt>
   <trkpt lat="43.402667" lon="24.361459"><ele>125.5</ele></trkpt>
   <trkpt lat="43.403012" lon="24.361745"><ele>125.75</ele></trkpt>
   <trkpt lat="43.403487" lon="24.362157"><ele>125.5</ele></trkpt>
   <trkpt lat="43.404592" lon="24.363166"><ele>123.5</ele></trkpt>
   <trkpt lat="43.404983" lon="24.363535"><ele>122.75</ele></trkpt>
   <trkpt lat="43.405318" lon="24.363875"><ele>121.5</ele></trkpt>
   <trkpt lat="43.405615" lon="24.364213"><ele>120.5</ele></trkpt>
   <trkpt lat="43.405994" lon="24.364665"><ele>120.25</ele></trkpt>
   <trkpt lat="43.406308" lon="24.365081"><ele>121</ele></trkpt>
   <trkpt lat="43.406545" lon="24.365429"><ele>121.5</ele></trkpt>
   <trkpt lat="43.406894" lon="24.365994"><ele>122</ele></trkpt>
   <trkpt lat="43.407311" lon="24.36672"><ele>123</ele></trkpt>
   <trkpt lat="43.408476" lon="24.368883"><ele>121.5</ele></trkpt>
   <trkpt lat="43.409033" lon="24.370051"><ele>119.75</ele></trkpt>
   <trkpt lat="43.409252" lon="24.370589"><ele>120</ele></trkpt>
   <trkpt lat="43.409551" lon="24.371385"><ele>120.5</ele></trkpt>
   <trkpt lat="43.409726" lon="24.371921"><ele>121.5</ele></trkpt>
   <trkpt lat="43.4099" lon="24.372507"><ele>123.5</ele></trkpt>
   <trkpt lat="43.410101" lon="24.37331"><ele>124.25</ele></trkpt>
   <trkpt lat="43.410278" lon="24.374208"><ele>125.5</ele></trkpt>
   <trkpt lat="43.410353" lon="24.374663"><ele>125.25</ele></trkpt>
   <trkpt lat="43.410452" lon="24.375404"><ele>124.5</ele></trkpt>
   <trkpt lat="43.410513" lon="24.376005"><ele>124</ele></trkpt>
   <trkpt lat="43.41055" lon="24.376632"><ele>123.75</ele></trkpt>
   <trkpt lat="43.410571" lon="24.377265"><ele>123.5</ele></trkpt>
   <trkpt lat="43.410577" lon="24.378002"><ele>123.25</ele></trkpt>
   <trkpt lat="43.410549" lon="24.378805"><ele>122.75</ele></trkpt>
   <trkpt lat="43.410498" lon="24.379566"><ele>121.5</ele></trkpt>
   <trkpt lat="43.410285" lon="24.382129"><ele>119.25</ele></trkpt>
   <trkpt lat="43.410226" lon="24.382944"><ele>118.25</ele></trkpt>
   <trkpt lat="43.410187" lon="24.383947"><ele>117.75</ele></trkpt>
   <trkpt lat="43.410189" lon="24.384767"><ele>117.5</ele></trkpt>
   <trkpt lat="43.410219" lon="24.385521"><ele>117.75</ele></trkpt>
   <trkpt lat="43.410306" lon="24.386526"><ele>117.5</ele></trkpt>
   <trkpt lat="43.410407" lon="24.387297"><ele>117.75</ele></trkpt>
   <trkpt lat="43.410525" lon="24.38809"><ele>118</ele></trkpt>
   <trkpt lat="43.412039" lon="24.397275"><ele>114</ele></trkpt>
   <trkpt lat="43.412171" lon="24.39819"><ele>114</ele></trkpt>
   <trkpt lat="43.412259" lon="24.398918"><ele>114.25</ele></trkpt>
   <trkpt lat="43.412308" lon="24.399662"><ele>113.75</ele></trkpt>
   <trkpt lat="43.412326" lon="24.400378"><ele>114</ele></trkpt>
   <trkpt lat="43.412313" lon="24.401214"><ele>115</ele></trkpt>
   <trkpt lat="43.412013" lon="24.409789"><ele>114.25</ele></trkpt>
   <trkpt lat="43.411984" lon="24.410599"><ele>113.75</ele></trkpt>
   <trkpt lat="43.411984" lon="24.411384"><ele>112.5</ele></trkpt>
   <trkpt lat="43.411987" lon="24.411631"><ele>112</ele></trkpt>
   <trkpt lat="43.412017" lon="24.412207"><ele>111.75</ele></trkpt>
   <trkpt lat="43.412076" lon="24.412819"><ele>111.75</ele></trkpt>
   <trkpt lat="43.412158" lon="24.413547"><ele>112</ele></trkpt>
   <trkpt lat="43.412316" lon="24.414386"><ele>113</ele></trkpt>
   <trkpt lat="43.412546" lon="24.41544"><ele>113</ele></trkpt>
   <trkpt lat="43.412919" lon="24.417071"><ele>113.5</ele></trkpt>
   <trkpt lat="43.413169" lon="24.417934"><ele>113.25</ele></trkpt>
   <trkpt lat="43.413193" lon="24.418039"><ele>113.25</ele></trkpt>
   <trkpt lat="43.413356" lon="24.418989"><ele>112.25</ele></trkpt>
   <trkpt lat="43.413396" lon="24.419148"><ele>112.25</ele></trkpt>
   <trkpt lat="43.41365" lon="24.420261"><ele>112.25</ele></trkpt>
   <trkpt lat="43.41384" lon="24.421168"><ele>112.5</ele></trkpt>
   <trkpt lat="43.413929" lon="24.421689"><ele>113</ele></trkpt>
   <trkpt lat="43.414024" lon="24.422313"><ele>112.5</ele></trkpt>
   <trkpt lat="43.414101" lon="24.423057"><ele>112.5</ele></trkpt>
   <trkpt lat="43.41415" lon="24.423649"><ele>112.75</ele></trkpt>
   <trkpt lat="43.414205" lon="24.425021"><ele>113</ele></trkpt>
   <trkpt lat="43.414239" lon="24.428402"><ele>112</ele></trkpt>
   <trkpt lat="43.414266" lon="24.430582"><ele>112</ele></trkpt>
   <trkpt lat="43.414268" lon="24.430736"><ele>112</ele></trkpt>
   <trkpt lat="43.414276" lon="24.431668"><ele>112</ele></trkpt>
   <trkpt lat="43.414284" lon="24.432461"><ele>111.25</ele></trkpt>
   <trkpt lat="43.414316" lon="24.433577"><ele>110.5</ele></trkpt>
   <trkpt lat="43.414351" lon="24.434086"><ele>111.25</ele></trkpt>
   <trkpt lat="43.414525" lon="24.435456"><ele>111</ele></trkpt>
   <trkpt lat="43.414684" lon="24.436282"><ele>111.25</ele></trkpt>
   <trkpt lat="43.414886" lon="24.437168"><ele>111.25</ele></trkpt>
   <trkpt lat="43.415444" lon="24.439417"><ele>108.5</ele></trkpt>
   <trkpt lat="43.415705" lon="24.440378"><ele>108</ele></trkpt>
   <trkpt lat="43.415965" lon="24.441269"><ele>106.25</ele></trkpt>
   <trkpt lat="43.416312" lon="24.442292"><ele>104.5</ele></trkpt>
   <trkpt lat="43.416558" lon="24.442975"><ele>103.25</ele></trkpt>
   <trkpt lat="43.417613" lon="24.445968"><ele>101.5</ele></trkpt>
   <trkpt lat="43.417806" lon="24.446532"><ele>102.5</ele></trkpt>
   <trkpt lat="43.418013" lon="24.447181"><ele>102.5</ele></trkpt>
   <trkpt lat="43.418324" lon="24.448384"><ele>100</ele></trkpt>
   <trkpt lat="43.418441" lon="24.448962"><ele>100</ele></trkpt>
   <trkpt lat="43.418582" lon="24.449731"><ele>99.5</ele></trkpt>
   <trkpt lat="43.419056" lon="24.45331"><ele>96.5</ele></trkpt>
   <trkpt lat="43.419164" lon="24.45409"><ele>97.75</ele></trkpt>
   <trkpt lat="43.419295" lon="24.454882"><ele>95.75</ele></trkpt>
   <trkpt lat="43.419439" lon="24.455573"><ele>95.25</ele></trkpt>
   <trkpt lat="43.419596" lon="24.456249"><ele>93.25</ele></trkpt>
   <trkpt lat="43.419719" lon="24.456687"><ele>91.5</ele></trkpt>
   <trkpt lat="43.41985" lon="24.457114"><ele>91.25</ele></trkpt>
   <trkpt lat="43.420146" lon="24.457961"><ele>91.25</ele></trkpt>
   <trkpt lat="43.420403" lon="24.458604"><ele>90.75</ele></trkpt>
   <trkpt lat="43.420718" lon="24.459336"><ele>89.25</ele></trkpt>
   <trkpt lat="43.421467" lon="24.460971"><ele>88.5</ele></trkpt>
   <trkpt lat="43.422501" lon="24.463204"><ele>86.75</ele></trkpt>
   <trkpt lat="43.422807" lon="24.463933"><ele>86</ele></trkpt>
   <trkpt lat="43.423065" lon="24.464588"><ele>86</ele></trkpt>
   <trkpt lat="43.423284" lon="24.465241"><ele>86</ele></trkpt>
   <trkpt lat="43.423518" lon="24.466048"><ele>85.5</ele></trkpt>
   <trkpt lat="43.423738" lon="24.466916"><ele>86.5</ele></trkpt>
   <trkpt lat="43.423916" lon="24.467809"><ele>85.5</ele></trkpt>
   <trkpt lat="43.424035" lon="24.468732"><ele>83.75</ele></trkpt>
   <trkpt lat="43.424105" lon="24.469422"><ele>82.5</ele></trkpt>
   <trkpt lat="43.424153" lon="24.470051"><ele>80.75</ele></trkpt>
   <trkpt lat="43.42417" lon="24.470588"><ele>80.25</ele></trkpt>
   <trkpt lat="43.424169" lon="24.471903"><ele>79.5</ele></trkpt>
   <trkpt lat="43.424086" lon="24.473204"><ele>77.25</ele></trkpt>
   <trkpt lat="43.423846" lon="24.47637"><ele>81</ele></trkpt>
   <trkpt lat="43.423745" lon="24.478086"><ele>80.75</ele></trkpt>
   <trkpt lat="43.423699" lon="24.479391"><ele>81</ele></trkpt>
   <trkpt lat="43.423707" lon="24.482321"><ele>80.75</ele></trkpt>
   <trkpt lat="43.423645" lon="24.484652"><ele>81.25</ele></trkpt>
   <trkpt lat="43.423627" lon="24.486581"><ele>79.75</ele></trkpt>
   <trkpt lat="43.423638" lon="24.488438"><ele>79.5</ele></trkpt>
   <trkpt lat="43.423672" lon="24.489"><ele>79.25</ele></trkpt>
   <trkpt lat="43.423769" lon="24.489925"><ele>79</ele></trkpt>
   <trkpt lat="43.423875" lon="24.490576"><ele>77.75</ele></trkpt>
   <trkpt lat="43.424012" lon="24.491297"><ele>77</ele></trkpt>
   <trkpt lat="43.424203" lon="24.492094"><ele>76.5</ele></trkpt>
   <trkpt lat="43.424472" lon="24.493028"><ele>76.75</ele></trkpt>
   <trkpt lat="43.426672" lon="24.501139"><ele>74.25</ele></trkpt>
   <trkpt lat="43.431177" lon="24.517748"><ele>62.25</ele></trkpt>
   <trkpt lat="43.431717" lon="24.519968"><ele>61.75</ele></trkpt>
   <trkpt lat="43.431783" lon="24.520242"><ele>61.75</ele></trkpt>
   <trkpt lat="43.432036" lon="24.521116"><ele>61.5</ele></trkpt>
   <trkpt lat="43.432117" lon="24.521463"><ele>61</ele></trkpt>
   <trkpt lat="43.432328" lon="24.522336"><ele>60.75</ele></trkpt>
   <trkpt lat="43.432366" lon="24.522494"><ele>60.75</ele></trkpt>
   <trkpt lat="43.432482" lon="24.522992"><ele>60.75</ele></trkpt>
   <trkpt lat="43.432647" lon="24.523897"><ele>60.25</ele></trkpt>
   <trkpt lat="43.432687" lon="24.524056"><ele>60.25</ele></trkpt>
   <trkpt lat="43.433229" lon="24.526314"><ele>60.75</ele></trkpt>
   <trkpt lat="43.434297" lon="24.530841"><ele>59.75</ele></trkpt>
   <trkpt lat="43.434334" lon="24.530999"><ele>59.5</ele></trkpt>
   <trkpt lat="43.434538" lon="24.53186"><ele>59</ele></trkpt>
   <trkpt lat="43.435231" lon="24.534799"><ele>59.25</ele></trkpt>
   <trkpt lat="43.435356" lon="24.535305"><ele>59.5</ele></trkpt>
   <trkpt lat="43.435525" lon="24.536045"><ele>59.25</ele></trkpt>
   <trkpt lat="43.435988" lon="24.538058"><ele>56.75</ele></trkpt>
   <trkpt lat="43.436167" lon="24.538957"><ele>57</ele></trkpt>
   <trkpt lat="43.436247" lon="24.539718"><ele>56.5</ele></trkpt>
   <trkpt lat="43.436309" lon="24.540712"><ele>57</ele></trkpt>
   <trkpt lat="43.436274" lon="24.541835"><ele>57.25</ele></trkpt>
   <trkpt lat="43.436178" lon="24.542897"><ele>57.25</ele></trkpt>
   <trkpt lat="43.436012" lon="24.543833"><ele>57.75</ele></trkpt>
   <trkpt lat="43.435139" lon="24.547734"><ele>57</ele></trkpt>
   <trkpt lat="43.43501" lon="24.548376"><ele>55.75</ele></trkpt>
   <trkpt lat="43.434854" lon="24.549396"><ele>55.25</ele></trkpt>
   <trkpt lat="43.434754" lon="24.550269"><ele>53.5</ele></trkpt>
   <trkpt lat="43.434607" lon="24.551605"><ele>56.25</ele></trkpt>
   <trkpt lat="43.434407" lon="24.553337"><ele>59.25</ele></trkpt>
   <trkpt lat="43.43437" lon="24.553975"><ele>59.75</ele></trkpt>
   <trkpt lat="43.434374" lon="24.554602"><ele>61.25</ele></trkpt>
   <trkpt lat="43.434433" lon="24.555322"><ele>63.25</ele></trkpt>
   <trkpt lat="43.434521" lon="24.555814"><ele>63.75</ele></trkpt>
   <trkpt lat="43.43465" lon="24.556362"><ele>63.75</ele></trkpt>
   <trkpt lat="43.434821" lon="24.556938"><ele>63.5</ele></trkpt>
   <trkpt lat="43.43499" lon="24.557353"><ele>63.5</ele></trkpt>
   <trkpt lat="43.435196" lon="24.557774"><ele>64.25</ele></trkpt>
   <trkpt lat="43.435592" lon="24.558472"><ele>62</ele></trkpt>
   <trkpt lat="43.436573" lon="24.559968"><ele>62.5</ele></trkpt>
   <trkpt lat="43.436773" lon="24.560304"><ele>62.75</ele></trkpt>
   <trkpt lat="43.43698" lon="24.560683"><ele>63</ele></trkpt>
   <trkpt lat="43.437198" lon="24.561171"><ele>62.75</ele></trkpt>
   <trkpt lat="43.437371" lon="24.561651"><ele>62.75</ele></trkpt>
   <trkpt lat="43.437521" lon="24.56215"><ele>63</ele></trkpt>
   <trkpt lat="43.437632" lon="24.562653"><ele>63.5</ele></trkpt>
   <trkpt lat="43.437692" lon="24.563023"><ele>63.75</ele></trkpt>
   <trkpt lat="43.43774" lon="24.563473"><ele>64</ele></trkpt>
   <trkpt lat="43.437765" lon="24.564026"><ele>64</ele></trkpt>
   <trkpt lat="43.437763" lon="24.564502"><ele>64</ele></trkpt>
   <trkpt lat="43.437737" lon="24.564924"><ele>64.25</ele></trkpt>
   <trkpt lat="43.437673" lon="24.565517"><ele>65.25</ele></trkpt>
   <trkpt lat="43.437552" lon="24.566497"><ele>65.25</ele></trkpt>
   <trkpt lat="43.436527" lon="24.574583"><ele>69.5</ele></trkpt>
   <trkpt lat="43.436434" lon="24.575207"><ele>69.75</ele></trkpt>
   <trkpt lat="43.436318" lon="24.575754"><ele>69.75</ele></trkpt>
   <trkpt lat="43.436162" lon="24.57629"><ele>69.75</ele></trkpt>
   <trkpt lat="43.435975" lon="24.576784"><ele>70.5</ele></trkpt>
   <trkpt lat="43.435768" lon="24.577213"><ele>71</ele></trkpt>
   <trkpt lat="43.435494" lon="24.577737"><ele>71.5</ele></trkpt>
   <trkpt lat="43.434255" lon="24.579853"><ele>72.25</ele></trkpt>
   <trkpt lat="43.433923" lon="24.58052"><ele>72.75</ele></trkpt>
   <trkpt lat="43.433697" lon="24.581074"><ele>73.5</ele></trkpt>
   <trkpt lat="43.433469" lon="24.581709"><ele>74.5</ele></trkpt>
   <trkpt lat="43.432523" lon="24.585064"><ele>76.5</ele></trkpt>
   <trkpt lat="43.43223" lon="24.586102"><ele>76.75</ele></trkpt>
   <trkpt lat="43.432186" lon="24.586255"><ele>77</ele></trkpt>
   <trkpt lat="43.432028" lon="24.58699"><ele>77.5</ele></trkpt>
   <trkpt lat="43.431986" lon="24.587159"><ele>77.75</ele></trkpt>
   <trkpt lat="43.430723" lon="24.591585"><ele>78.75</ele></trkpt>
   <trkpt lat="43.430463" lon="24.592357"><ele>78.5</ele></trkpt>
   <trkpt lat="43.429017" lon="24.596068"><ele>78.5</ele></trkpt>
   <trkpt lat="43.428839" lon="24.596576"><ele>78.5</ele></trkpt>
   <trkpt lat="43.428655" lon="24.597059"><ele>77.75</ele></trkpt>
   <trkpt lat="43.428273" lon="24.597874"><ele>77</ele></trkpt>
   <trkpt lat="43.427942" lon="24.598549"><ele>78.75</ele></trkpt>
   <trkpt lat="43.427463" lon="24.599486"><ele>78.75</ele></trkpt>
   <trkpt lat="43.427261" lon="24.599842"><ele>79.75</ele></trkpt>
   <trkpt lat="43.427007" lon="24.600215"><ele>80.25</ele></trkpt>
   <trkpt lat="43.426751" lon="24.600547"><ele>80.5</ele></trkpt>
   <trkpt lat="43.42651" lon="24.600824"><ele>81</ele></trkpt>
   <trkpt lat="43.425965" lon="24.601399"><ele>82.75</ele></trkpt>
   <trkpt lat="43.424573" lon="24.602854"><ele>87.75</ele></trkpt>
   <trkpt lat="43.424106" lon="24.603297"><ele>87.5</ele></trkpt>
   <trkpt lat="43.423627" lon="24.60367"><ele>89.25</ele></trkpt>
   <trkpt lat="43.422528" lon="24.60444"><ele>87.25</ele></trkpt>
   <trkpt lat="43.421808" lon="24.604934"><ele>88</ele></trkpt>
   <trkpt lat="43.421745" lon="24.604991"><ele>87.5</ele></trkpt>
   <trkpt lat="43.421541" lon="24.605178"><ele>88.25</ele></trkpt>
   <trkpt lat="43.421322" lon="24.60541"><ele>88.75</ele></trkpt>
   <trkpt lat="43.421117" lon="24.605685"><ele>88.25</ele></trkpt>
   <trkpt lat="43.420884" lon="24.606089"><ele>88</ele></trkpt>
   <trkpt lat="43.42076" lon="24.606362"><ele>88.25</ele></trkpt>
   <trkpt lat="43.42065" lon="24.60668"><ele>87.5</ele></trkpt>
   <trkpt lat="43.420555" lon="24.607023"><ele>87.75</ele></trkpt>
   <trkpt lat="43.420497" lon="24.607314"><ele>87.75</ele></trkpt>
   <trkpt lat="43.420444" lon="24.60771"><ele>87.75</ele></trkpt>
   <trkpt lat="43.42042" lon="24.60809"><ele>87.75</ele></trkpt>
   <trkpt lat="43.420435" lon="24.608499"><ele>87.75</ele></trkpt>
   <trkpt lat="43.420459" lon="24.608756"><ele>87.25</ele></trkpt>
   <trkpt lat="43.420491" lon="24.609116"><ele>87</ele></trkpt>
   <trkpt lat="43.420532" lon="24.609592"><ele>87</ele></trkpt>
   <trkpt lat="43.420651" lon="24.610347"><ele>86.5</ele></trkpt>
   <trkpt lat="43.420707" lon="24.61065"><ele>86.25</ele></trkpt>
   <trkpt lat="43.420755" lon="24.610964"><ele>86.25</ele></trkpt>
   <trkpt lat="43.420838" lon="24.611419"><ele>87.25</ele></trkpt>
   <trkpt lat="43.420896" lon="24.611898"><ele>88</ele></trkpt>
   <trkpt lat="43.420945" lon="24.612427"><ele>88</ele></trkpt>
   <trkpt lat="43.421366" lon="24.61694"><ele>91.5</ele></trkpt>
   <trkpt lat="43.421405" lon="24.617282"><ele>92.25</ele></trkpt>
   <trkpt lat="43.421455" lon="24.617605"><ele>93</ele></trkpt>
   <trkpt lat="43.421544" lon="24.618037"><ele>93.75</ele></trkpt>
   <trkpt lat="43.421752" lon="24.619099"><ele>94.5</ele></trkpt>
   <trkpt lat="43.421855" lon="24.619607"><ele>95</ele></trkpt>
   <trkpt lat="43.421937" lon="24.619979"><ele>95.5</ele></trkpt>
   <trkpt lat="43.422164" lon="24.620633"><ele>95.5</ele></trkpt>
   <trkpt lat="43.422227" lon="24.620781"><ele>95.25</ele></trkpt>
   <trkpt lat="43.422378" lon="24.621206"><ele>94.75</ele></trkpt>
   <trkpt lat="43.422533" lon="24.621635"><ele>94.75</ele></trkpt>
   <trkpt lat="43.422672" lon="24.621967"><ele>95</ele></trkpt>
   <trkpt lat="43.422763" lon="24.622199"><ele>95</ele></trkpt>
   <trkpt lat="43.422863" lon="24.622485"><ele>95</ele></trkpt>
   <trkpt lat="43.422947" lon="24.622781"><ele>95</ele></trkpt>
   <trkpt lat="43.423022" lon="24.623094"><ele>95.25</ele></trkpt>
   <trkpt lat="43.423073" lon="24.623507"><ele>96.25</ele></trkpt>
   <trkpt lat="43.423086" lon="24.624036"><ele>98</ele></trkpt>
   <trkpt lat="43.423059" lon="24.624518"><ele>98.75</ele></trkpt>
   <trkpt lat="43.42292" lon="24.625165"><ele>99</ele></trkpt>
   <trkpt lat="43.422719" lon="24.625731"><ele>99.25</ele></trkpt>
   <trkpt lat="43.422071" lon="24.627425"><ele>100.25</ele></trkpt>
   <trkpt lat="43.421524" lon="24.629052"><ele>102</ele></trkpt>
   <trkpt lat="43.421107" lon="24.630585"><ele>106</ele></trkpt>
   <trkpt lat="43.420857" lon="24.631821"><ele>106.25</ele></trkpt>
   <trkpt lat="43.420575" lon="24.633561"><ele>107.75</ele></trkpt>
   <trkpt lat="43.420327" lon="24.636482"><ele>112.5</ele></trkpt>
   <trkpt lat="43.419772" lon="24.642282"><ele>118.75</ele></trkpt>
   <trkpt lat="43.419541" lon="24.644752"><ele>120.75</ele></trkpt>
   <trkpt lat="43.419365" lon="24.646121"><ele>121.75</ele></trkpt>
   <trkpt lat="43.418941" lon="24.648233"><ele>124.5</ele></trkpt>
   <trkpt lat="43.417784" lon="24.653768"><ele>129.75</ele></trkpt>
   <trkpt lat="43.417073" lon="24.657253"><ele>134.5</ele></trkpt>
   <trkpt lat="43.416163" lon="24.661115"><ele>137</ele></trkpt>
   <trkpt lat="43.415278" lon="24.664583"><ele>145.25</ele></trkpt>
   <trkpt lat="43.414517" lon="24.667038"><ele>146.5</ele></trkpt>
   <trkpt lat="43.413591" lon="24.669559"><ele>151</ele></trkpt>
   <trkpt lat="43.413334" lon="24.670331"><ele>152.5</ele></trkpt>
   <trkpt lat="43.412967" lon="24.671787"><ele>153.75</ele></trkpt>
   <trkpt lat="43.412563" lon="24.674163"><ele>155.5</ele></trkpt>
   <trkpt lat="43.411645" lon="24.680103"><ele>165</ele></trkpt>
   <trkpt lat="43.411383" lon="24.681735"><ele>169.25</ele></trkpt>
   <trkpt lat="43.41116" lon="24.683415"><ele>170.75</ele></trkpt>
   <trkpt lat="43.410791" lon="24.686739"><ele>175.5</ele></trkpt>
   <trkpt lat="43.410071" lon="24.69301"><ele>184</ele></trkpt>
   <trkpt lat="43.409911" lon="24.694501"><ele>184.5</ele></trkpt>
   <trkpt lat="43.409792" lon="24.69575"><ele>186.75</ele></trkpt>
   <trkpt lat="43.409649" lon="24.697703"><ele>189.25</ele></trkpt>
   <trkpt lat="43.40957" lon="24.699031"><ele>189.5</ele></trkpt>
   <trkpt lat="43.409509" lon="24.69996"><ele>188.25</ele></trkpt>
   <trkpt lat="43.409479" lon="24.700318"><ele>188.25</ele></trkpt>
   <trkpt lat="43.409436" lon="24.700708"><ele>188.5</ele></trkpt>
   <trkpt lat="43.409273" lon="24.701922"><ele>191.25</ele></trkpt>
   <trkpt lat="43.408659" lon="24.705172"><ele>196.25</ele></trkpt>
   <trkpt lat="43.408078" lon="24.708289"><ele>201</ele></trkpt>
   <trkpt lat="43.407907" lon="24.709132"><ele>202.5</ele></trkpt>
   <trkpt lat="43.407716" lon="24.709908"><ele>202.25</ele></trkpt>
   <trkpt lat="43.407348" lon="24.711035"><ele>201.75</ele></trkpt>
   <trkpt lat="43.406925" lon="24.712055"><ele>206.5</ele></trkpt>
   <trkpt lat="43.406446" lon="24.713092"><ele>210.25</ele></trkpt>
   <trkpt lat="43.405449" lon="24.715209"><ele>211.75</ele></trkpt>
   <trkpt lat="43.405083" lon="24.716065"><ele>211.5</ele></trkpt>
   <trkpt lat="43.404812" lon="24.716788"><ele>212.25</ele></trkpt>
   <trkpt lat="43.404553" lon="24.717558"><ele>215.5</ele></trkpt>
   <trkpt lat="43.402681" lon="24.724045"><ele>225.5</ele></trkpt>
   <trkpt lat="43.402489" lon="24.724767"><ele>226.25</ele></trkpt>
   <trkpt lat="43.402364" lon="24.725288"><ele>225.75</ele></trkpt>
   <trkpt lat="43.402181" lon="24.726196"><ele>225.25</ele></trkpt>
   <trkpt lat="43.402016" lon="24.727146"><ele>225</ele></trkpt>
   <trkpt lat="43.401185" lon="24.732222"><ele>236.5</ele></trkpt>
   <trkpt lat="43.401074" lon="24.733136"><ele>238.25</ele></trkpt>
   <trkpt lat="43.401013" lon="24.733881"><ele>240</ele></trkpt>
   <trkpt lat="43.400963" lon="24.73487"><ele>240.25</ele></trkpt>
   <trkpt lat="43.400893" lon="24.737758"><ele>245.25</ele></trkpt>
   <trkpt lat="43.400846" lon="24.738765"><ele>247</ele></trkpt>
   <trkpt lat="43.400779" lon="24.739565"><ele>247.75</ele></trkpt>
   <trkpt lat="43.400652" lon="24.740716"><ele>248</ele></trkpt>
   <trkpt lat="43.399883" lon="24.747027"><ele>259</ele></trkpt>
   <trkpt lat="43.399738" lon="24.747962"><ele>260.75</ele></trkpt>
   <trkpt lat="43.399519" lon="24.749126"><ele>262.25</ele></trkpt>
   <trkpt lat="43.399249" lon="24.750349"><ele>264</ele></trkpt>
   <trkpt lat="43.398698" lon="24.75244"><ele>267.25</ele></trkpt>
   <trkpt lat="43.398148" lon="24.754481"><ele>271.5</ele></trkpt>
   <trkpt lat="43.397824" lon="24.755918"><ele>274</ele></trkpt>
   <trkpt lat="43.397671" lon="24.756774"><ele>274.25</ele></trkpt>
   <trkpt lat="43.397553" lon="24.75751"><ele>274</ele></trkpt>
   <trkpt lat="43.397476" lon="24.758045"><ele>274.75</ele></trkpt>
   <trkpt lat="43.397359" lon="24.75899"><ele>276.5</ele></trkpt>
   <trkpt lat="43.397242" lon="24.760244"><ele>278.25</ele></trkpt>
   <trkpt lat="43.397196" lon="24.761081"><ele>278.25</ele></trkpt>
   <trkpt lat="43.397171" lon="24.761975"><ele>277.75</ele></trkpt>
   <trkpt lat="43.397171" lon="24.762804"><ele>276.75</ele></trkpt>
   <trkpt lat="43.397203" lon="24.764063"><ele>274.75</ele></trkpt>
   <trkpt lat="43.397262" lon="24.765035"><ele>274</ele></trkpt>
   <trkpt lat="43.397323" lon="24.765715"><ele>271.25</ele></trkpt>
   <trkpt lat="43.397391" lon="24.766371"><ele>270</ele></trkpt>
   <trkpt lat="43.39755" lon="24.767577"><ele>267.75</ele></trkpt>
   <trkpt lat="43.397691" lon="24.768453"><ele>265.5</ele></trkpt>
   <trkpt lat="43.397851" lon="24.769281"><ele>264.25</ele></trkpt>
   <trkpt lat="43.398036" lon="24.770119"><ele>261.25</ele></trkpt>
   <trkpt lat="43.400089" lon="24.778958"><ele>244.75</ele></trkpt>
   <trkpt lat="43.400244" lon="24.779712"><ele>243.75</ele></trkpt>
   <trkpt lat="43.400349" lon="24.780294"><ele>243.25</ele></trkpt>
   <trkpt lat="43.40044" lon="24.780938"><ele>242.5</ele></trkpt>
   <trkpt lat="43.400509" lon="24.781597"><ele>240</ele></trkpt>
   <trkpt lat="43.400543" lon="24.782375"><ele>239</ele></trkpt>
   <trkpt lat="43.400526" lon="24.783262"><ele>237.5</ele></trkpt>
   <trkpt lat="43.400477" lon="24.784185"><ele>235</ele></trkpt>
   <trkpt lat="43.4002" lon="24.78796"><ele>232.5</ele></trkpt>
   <trkpt lat="43.400071" lon="24.789415"><ele>230</ele></trkpt>
   <trkpt lat="43.399983" lon="24.790124"><ele>228.5</ele></trkpt>
   <trkpt lat="43.399861" lon="24.790855"><ele>226.75</ele></trkpt>
   <trkpt lat="43.399713" lon="24.791613"><ele>225.75</ele></trkpt>
   <trkpt lat="43.399144" lon="24.794395"><ele>222.25</ele></trkpt>
   <trkpt lat="43.398987" lon="24.795107"><ele>220.75</ele></trkpt>
   <trkpt lat="43.398893" lon="24.795502"><ele>220.25</ele></trkpt>
   <trkpt lat="43.398797" lon="24.795845"><ele>220</ele></trkpt>
   <trkpt lat="43.398623" lon="24.796421"><ele>219.25</ele></trkpt>
   <trkpt lat="43.398482" lon="24.796827"><ele>218.75</ele></trkpt>
   <trkpt lat="43.398298" lon="24.797305"><ele>218.5</ele></trkpt>
   <trkpt lat="43.398004" lon="24.797969"><ele>216.25</ele></trkpt>
   <trkpt lat="43.397862" lon="24.798274"><ele>215.25</ele></trkpt>
   <trkpt lat="43.397459" lon="24.799027"><ele>215</ele></trkpt>
   <trkpt lat="43.394432" lon="24.804562"><ele>206</ele></trkpt>
   <trkpt lat="43.394145" lon="24.805127"><ele>204.75</ele></trkpt>
   <trkpt lat="43.393955" lon="24.805519"><ele>204.25</ele></trkpt>
   <trkpt lat="43.393669" lon="24.806206"><ele>203.25</ele></trkpt>
   <trkpt lat="43.39357" lon="24.80649"><ele>202.75</ele></trkpt>
   <trkpt lat="43.393369" lon="24.807119"><ele>200.25</ele></trkpt>
   <trkpt lat="43.393195" lon="24.807782"><ele>198.5</ele></trkpt>
   <trkpt lat="43.393008" lon="24.808578"><ele>197.5</ele></trkpt>
   <trkpt lat="43.390412" lon="24.821412"><ele>174.25</ele></trkpt>
   <trkpt lat="43.390071" lon="24.82321"><ele>175.75</ele></trkpt>
   <trkpt lat="43.389957" lon="24.824051"><ele>176.25</ele></trkpt>
   <trkpt lat="43.38986" lon="24.825034"><ele>175.75</ele></trkpt>
   <trkpt lat="43.389815" lon="24.825848"><ele>176.75</ele></trkpt>
   <trkpt lat="43.38973" lon="24.827778"><ele>175</ele></trkpt>
   <trkpt lat="43.389664" lon="24.829026"><ele>174.5</ele></trkpt>
   <trkpt lat="43.389617" lon="24.829634"><ele>175</ele></trkpt>
   <trkpt lat="43.389511" lon="24.830379"><ele>175.25</ele></trkpt>
   <trkpt lat="43.389373" lon="24.83112"><ele>175.25</ele></trkpt>
   <trkpt lat="43.38906" lon="24.832426"><ele>174.75</ele></trkpt>
   <trkpt lat="43.388526" lon="24.834394"><ele>177.5</ele></trkpt>
   <trkpt lat="43.388293" lon="24.835359"><ele>178.5</ele></trkpt>
   <trkpt lat="43.388152" lon="24.836083"><ele>178.5</ele></trkpt>
   <trkpt lat="43.38787" lon="24.837939"><ele>177.75</ele></trkpt>
   <trkpt lat="43.387796" lon="24.838424"><ele>177.75</ele></trkpt>
   <trkpt lat="43.387779" lon="24.838558"><ele>177.5</ele></trkpt>
   <trkpt lat="43.387618" lon="24.839629"><ele>176.75</ele></trkpt>
   <trkpt lat="43.386536" lon="24.84691"><ele>179.75</ele></trkpt>
   <trkpt lat="43.386457" lon="24.847438"><ele>180</ele></trkpt>
   <trkpt lat="43.386428" lon="24.847633"><ele>180.25</ele></trkpt>
   <trkpt lat="43.385823" lon="24.851682"><ele>180</ele></trkpt>
   <trkpt lat="43.385744" lon="24.852187"><ele>180.25</ele></trkpt>
   <trkpt lat="43.385719" lon="24.852349"><ele>180.25</ele></trkpt>
   <trkpt lat="43.385701" lon="24.852474"><ele>180.25</ele></trkpt>
   <trkpt lat="43.385104" lon="24.856375"><ele>178</ele></trkpt>
   <trkpt lat="43.384286" lon="24.861568"><ele>172.75</ele></trkpt>
   <trkpt lat="43.373864" lon="24.931423"><ele>139.5</ele></trkpt>
   <trkpt lat="43.373168" lon="24.936149"><ele>137.5</ele></trkpt>
   <trkpt lat="43.372435" lon="24.941046"><ele>136</ele></trkpt>
   <trkpt lat="43.371821" lon="24.945258"><ele>135.5</ele></trkpt>
   <trkpt lat="43.368222" lon="24.969299"><ele>129</ele></trkpt>
   <trkpt lat="43.365218" lon="24.989151"><ele>119.25</ele></trkpt>
   <trkpt lat="43.364686" lon="24.992561"><ele>117.25</ele></trkpt>
   <trkpt lat="43.36417" lon="24.995621"><ele>116</ele></trkpt>
   <trkpt lat="43.363869" lon="24.997861"><ele>115.75</ele></trkpt>
   <trkpt lat="43.363604" lon="25.000292"><ele>115</ele></trkpt>
   <trkpt lat="43.363461" lon="25.001764"><ele>114.75</ele></trkpt>
   <trkpt lat="43.363055" lon="25.00569"><ele>115.5</ele></trkpt>
   <trkpt lat="43.362944" lon="25.006716"><ele>115.25</ele></trkpt>
   <trkpt lat="43.36186" lon="25.01652"><ele>114</ele></trkpt>
   <trkpt lat="43.357467" lon="25.066201"><ele>95.75</ele></trkpt>
   <trkpt lat="43.353974" lon="25.106058"><ele>83.75</ele></trkpt>
   <trkpt lat="43.353253" lon="25.119953"><ele>79</ele></trkpt>
   <trkpt lat="43.353067" lon="25.12741"><ele>73.25</ele></trkpt>
   <trkpt lat="43.352996" lon="25.128644"><ele>73.5</ele></trkpt>
   <trkpt lat="43.352882" lon="25.129884"><ele>74.25</ele></trkpt>
   <trkpt lat="43.35247" lon="25.132784"><ele>74.5</ele></trkpt>
   <trkpt lat="43.352439" lon="25.133005"><ele>74.25</ele></trkpt>
   <trkpt lat="43.352341" lon="25.133503"><ele>74</ele></trkpt>
   <trkpt lat="43.352244" lon="25.133994"><ele>75</ele></trkpt>
   <trkpt lat="43.352184" lon="25.134422"><ele>75</ele></trkpt>
   <trkpt lat="43.352029" lon="25.135504"><ele>73.5</ele></trkpt>
   <trkpt lat="43.351932" lon="25.136175"><ele>72.75</ele></trkpt>
   <trkpt lat="43.351732" lon="25.137192"><ele>72</ele></trkpt>
   <trkpt lat="43.350629" lon="25.144999"><ele>71.75</ele></trkpt>
   <trkpt lat="43.350575" lon="25.145499"><ele>72.25</ele></trkpt>
   <trkpt lat="43.35055" lon="25.145987"><ele>72.5</ele></trkpt>
   <trkpt lat="43.350541" lon="25.146136"><ele>72.5</ele></trkpt>
   <trkpt lat="43.350512" lon="25.146658"><ele>72</ele></trkpt>
   <trkpt lat="43.350366" lon="25.147658"><ele>71.75</ele></trkpt>
   <trkpt lat="43.350312" lon="25.148064"><ele>71.25</ele></trkpt>
   <trkpt lat="43.349974" lon="25.15046"><ele>70</ele></trkpt>
   <trkpt lat="43.349586" lon="25.153181"><ele>66.25</ele></trkpt>
   <trkpt lat="43.348689" lon="25.159357"><ele>62.25</ele></trkpt>
   <trkpt lat="43.346321" lon="25.176167"><ele>60.75</ele></trkpt>
   <trkpt lat="43.346291" lon="25.176433"><ele>60.25</ele></trkpt>
   <trkpt lat="43.345818" lon="25.17981"><ele>61.75</ele></trkpt>
   <trkpt lat="43.345503" lon="25.184135"><ele>61.25</ele></trkpt>
   <trkpt lat="43.345283" lon="25.186272"><ele>60.5</ele></trkpt>
   <trkpt lat="43.345258" lon="25.186476"><ele>61</ele></trkpt>
   <trkpt lat="43.345198" lon="25.186896"><ele>61.75</ele></trkpt>
   <trkpt lat="43.344993" lon="25.187982"><ele>62</ele></trkpt>
   <trkpt lat="43.344622" lon="25.189588"><ele>61.5</ele></trkpt>
   <trkpt lat="43.34423" lon="25.190844"><ele>64.5</ele></trkpt>
   <trkpt lat="43.342826" lon="25.194793"><ele>69.75</ele></trkpt>
   <trkpt lat="43.342049" lon="25.196864"><ele>70.5</ele></trkpt>
   <trkpt lat="43.34139" lon="25.198341"><ele>70.75</ele></trkpt>
   <trkpt lat="43.340731" lon="25.199521"><ele>70.75</ele></trkpt>
   <trkpt lat="43.340295" lon="25.200177"><ele>70</ele></trkpt>
   <trkpt lat="43.34024" lon="25.20026"><ele>70</ele></trkpt>
   <trkpt lat="43.340045" lon="25.200553"><ele>70.5</ele></trkpt>
   <trkpt lat="43.33934" lon="25.201524"><ele>71</ele></trkpt>
   <trkpt lat="43.338378" lon="25.202574"><ele>73.25</ele></trkpt>
   <trkpt lat="43.337603" lon="25.203293"><ele>75.75</ele></trkpt>
   <trkpt lat="43.336811" lon="25.203966"><ele>78</ele></trkpt>
   <trkpt lat="43.336009" lon="25.204525"><ele>78.5</ele></trkpt>
   <trkpt lat="43.335233" lon="25.204977"><ele>79.75</ele></trkpt>
   <trkpt lat="43.334144" lon="25.205497"><ele>81.75</ele></trkpt>
   <trkpt lat="43.32306" lon="25.209974"><ele>90</ele></trkpt>
   <trkpt lat="43.311554" lon="25.214593"><ele>96</ele></trkpt>
   <trkpt lat="43.310424" lon="25.215012"><ele>96.75</ele></trkpt>
   <trkpt lat="43.310042" lon="25.21513"><ele>96.75</ele></trkpt>
   <trkpt lat="43.308598" lon="25.2155"><ele>98.25</ele></trkpt>
   <trkpt lat="43.307946" lon="25.215652"><ele>99</ele></trkpt>
   <trkpt lat="43.307834" lon="25.215684"><ele>99</ele></trkpt>
   <trkpt lat="43.307183" lon="25.215902"><ele>99.25</ele></trkpt>
   <trkpt lat="43.307075" lon="25.215928"><ele>99.25</ele></trkpt>
   <trkpt lat="43.306698" lon="25.216053"><ele>99.5</ele></trkpt>
   <trkpt lat="43.30631" lon="25.216134"><ele>100.25</ele></trkpt>
   <trkpt lat="43.305544" lon="25.21631"><ele>101.5</ele></trkpt>
   <trkpt lat="43.304341" lon="25.216548"><ele>102</ele></trkpt>
   <trkpt lat="43.302461" lon="25.216864"><ele>103.75</ele></trkpt>
   <trkpt lat="43.300727" lon="25.217144"><ele>102.75</ele></trkpt>
   <trkpt lat="43.299522" lon="25.217322"><ele>102.25</ele></trkpt>
   <trkpt lat="43.299037" lon="25.21734"><ele>102.5</ele></trkpt>
   <trkpt lat="43.298913" lon="25.217359"><ele>102.25</ele></trkpt>
   <trkpt lat="43.298573" lon="25.217411"><ele>102</ele></trkpt>
   <trkpt lat="43.298484" lon="25.217424"><ele>102</ele></trkpt>
   <trkpt lat="43.298278" lon="25.217451"><ele>102</ele></trkpt>
   <trkpt lat="43.297934" lon="25.217513"><ele>103</ele></trkpt>
   <trkpt lat="43.297289" lon="25.217628"><ele>104.5</ele></trkpt>
   <trkpt lat="43.296888" lon="25.217729"><ele>105</ele></trkpt>
   <trkpt lat="43.296469" lon="25.217858"><ele>105</ele></trkpt>
   <trkpt lat="43.296104" lon="25.218004"><ele>105.25</ele></trkpt>
   <trkpt lat="43.295761" lon="25.218171"><ele>105.75</ele></trkpt>
   <trkpt lat="43.295454" lon="25.218345"><ele>106</ele></trkpt>
   <trkpt lat="43.295005" lon="25.218655"><ele>106</ele></trkpt>
   <trkpt lat="43.294722" lon="25.218893"><ele>106.5</ele></trkpt>
   <trkpt lat="43.294358" lon="25.219223"><ele>107.5</ele></trkpt>
   <trkpt lat="43.294033" lon="25.219572"><ele>107.75</ele></trkpt>
   <trkpt lat="43.293733" lon="25.219934"><ele>107.75</ele></trkpt>
   <trkpt lat="43.293436" lon="25.220346"><ele>108</ele></trkpt>
   <trkpt lat="43.293207" lon="25.220703"><ele>108.25</ele></trkpt>
   <trkpt lat="43.292807" lon="25.221415"><ele>109.5</ele></trkpt>
   <trkpt lat="43.292447" lon="25.222203"><ele>110.75</ele></trkpt>
   <trkpt lat="43.291449" lon="25.224525"><ele>112.5</ele></trkpt>
   <trkpt lat="43.291172" lon="25.225102"><ele>113.75</ele></trkpt>
   <trkpt lat="43.290821" lon="25.225756"><ele>115</ele></trkpt>
   <trkpt lat="43.290439" lon="25.226393"><ele>114.75</ele></trkpt>
   <trkpt lat="43.289848" lon="25.227237"><ele>115.75</ele></trkpt>
   <trkpt lat="43.289447" lon="25.227771"><ele>116.5</ele></trkpt>
   <trkpt lat="43.285226" lon="25.233212"><ele>125.5</ele></trkpt>
   <trkpt lat="43.284954" lon="25.233582"><ele>125.75</ele></trkpt>
   <trkpt lat="43.284478" lon="25.234285"><ele>125.25</ele></trkpt>
   <trkpt lat="43.284057" lon="25.234963"><ele>125.75</ele></trkpt>
   <trkpt lat="43.283703" lon="25.235586"><ele>126.75</ele></trkpt>
   <trkpt lat="43.283349" lon="25.236235"><ele>127.25</ele></trkpt>
   <trkpt lat="43.279747" lon="25.24273"><ele>139.25</ele></trkpt>
   <trkpt lat="43.27971" lon="25.242796"><ele>139.75</ele></trkpt>
   <trkpt lat="43.278687" lon="25.244619"><ele>144</ele></trkpt>
   <trkpt lat="43.278292" lon="25.245253"><ele>144.25</ele></trkpt>
   <trkpt lat="43.277911" lon="25.245801"><ele>144.25</ele></trkpt>
   <trkpt lat="43.277515" lon="25.246302"><ele>143.5</ele></trkpt>
   <trkpt lat="43.27719" lon="25.246673"><ele>142.75</ele></trkpt>
   <trkpt lat="43.276902" lon="25.246975"><ele>142.75</ele></trkpt>
   <trkpt lat="43.276481" lon="25.247368"><ele>143</ele></trkpt>
   <trkpt lat="43.276098" lon="25.247689"><ele>143</ele></trkpt>
   <trkpt lat="43.275573" lon="25.248082"><ele>143.5</ele></trkpt>
   <trkpt lat="43.275038" lon="25.248412"><ele>145</ele></trkpt>
   <trkpt lat="43.274607" lon="25.248639"><ele>146.25</ele></trkpt>
   <trkpt lat="43.274203" lon="25.248819"><ele>147.25</ele></trkpt>
   <trkpt lat="43.273753" lon="25.248999"><ele>149.25</ele></trkpt>
   <trkpt lat="43.270748" lon="25.250058"><ele>155.75</ele></trkpt>
   <trkpt lat="43.270197" lon="25.250293"><ele>154</ele></trkpt>
   <trkpt lat="43.269874" lon="25.250442"><ele>153.25</ele></trkpt>
   <trkpt lat="43.269569" lon="25.250598"><ele>153</ele></trkpt>
   <trkpt lat="43.26927" lon="25.250775"><ele>153</ele></trkpt>
   <trkpt lat="43.268747" lon="25.25112"><ele>152.75</ele></trkpt>
   <trkpt lat="43.268281" lon="25.251483"><ele>152.5</ele></trkpt>
   <trkpt lat="43.267886" lon="25.251831"><ele>151.75</ele></trkpt>
   <trkpt lat="43.26743" lon="25.252279"><ele>152</ele></trkpt>
   <trkpt lat="43.267013" lon="25.25275"><ele>151.75</ele></trkpt>
   <trkpt lat="43.266604" lon="25.253272"><ele>150.75</ele></trkpt>
   <trkpt lat="43.266096" lon="25.253981"><ele>150.25</ele></trkpt>
   <trkpt lat="43.264237" lon="25.256721"><ele>142.25</ele></trkpt>
   <trkpt lat="43.263683" lon="25.257487"><ele>142</ele></trkpt>
   <trkpt lat="43.26332" lon="25.257936"><ele>142</ele></trkpt>
   <trkpt lat="43.262798" lon="25.258545"><ele>143.25</ele></trkpt>
   <trkpt lat="43.26222" lon="25.259149"><ele>143</ele></trkpt>
   <trkpt lat="43.258965" lon="25.262274"><ele>140.5</ele></trkpt>
   <trkpt lat="43.258631" lon="25.262603"><ele>139.75</ele></trkpt>
   <trkpt lat="43.258219" lon="25.263042"><ele>138.5</ele></trkpt>
   <trkpt lat="43.257844" lon="25.263477"><ele>137.5</ele></trkpt>
   <trkpt lat="43.25757" lon="25.263827"><ele>137</ele></trkpt>
   <trkpt lat="43.257001" lon="25.264624"><ele>136.25</ele></trkpt>
   <trkpt lat="43.256422" lon="25.265604"><ele>135.75</ele></trkpt>
   <trkpt lat="43.255029" lon="25.268122"><ele>136</ele></trkpt>
   <trkpt lat="43.254522" lon="25.268983"><ele>134.5</ele></trkpt>
   <trkpt lat="43.254137" lon="25.269536"><ele>133.5</ele></trkpt>
   <trkpt lat="43.253585" lon="25.270221"><ele>132.75</ele></trkpt>
   <trkpt lat="43.252405" lon="25.271569"><ele>130.25</ele></trkpt>
   <trkpt lat="43.252324" lon="25.27166"><ele>130.5</ele></trkpt>
   <trkpt lat="43.249313" lon="25.275078"><ele>131.5</ele></trkpt>
   <trkpt lat="43.248889" lon="25.275562"><ele>130.75</ele></trkpt>
   <trkpt lat="43.248291" lon="25.276289"><ele>130.25</ele></trkpt>
   <trkpt lat="43.247832" lon="25.276908"><ele>130</ele></trkpt>
   <trkpt lat="43.24727" lon="25.277763"><ele>129</ele></trkpt>
   <trkpt lat="43.242056" lon="25.286545"><ele>129</ele></trkpt>
   <trkpt lat="43.238058" lon="25.293292"><ele>122</ele></trkpt>
   <trkpt lat="43.23756" lon="25.294131"><ele>119.25</ele></trkpt>
   <trkpt lat="43.237238" lon="25.294577"><ele>119.5</ele></trkpt>
   <trkpt lat="43.237053" lon="25.294887"><ele>119.75</ele></trkpt>
   <trkpt lat="43.236781" lon="25.29544"><ele>118.25</ele></trkpt>
   <trkpt lat="43.235161" lon="25.298148"><ele>117.75</ele></trkpt>
   <trkpt lat="43.233114" lon="25.30158"><ele>118.5</ele></trkpt>
   <trkpt lat="43.231395" lon="25.304403"><ele>118</ele></trkpt>
   <trkpt lat="43.230905" lon="25.305229"><ele>117</ele></trkpt>
   <trkpt lat="43.230478" lon="25.305955"><ele>117</ele></trkpt>
   <trkpt lat="43.230259" lon="25.306315"><ele>117</ele></trkpt>
   <trkpt lat="43.230109" lon="25.306568"><ele>117</ele></trkpt>
   <trkpt lat="43.229745" lon="25.307178"><ele>117</ele></trkpt>
   <trkpt lat="43.229475" lon="25.307666"><ele>117</ele></trkpt>
   <trkpt lat="43.229114" lon="25.308357"><ele>116</ele></trkpt>
   <trkpt lat="43.228836" lon="25.309014"><ele>117.75</ele></trkpt>
   <trkpt lat="43.228526" lon="25.309909"><ele>118</ele></trkpt>
   <trkpt lat="43.228253" lon="25.310926"><ele>117.75</ele></trkpt>
   <trkpt lat="43.221246" lon="25.341598"><ele>104.5</ele></trkpt>
   <trkpt lat="43.220946" lon="25.342944"><ele>104</ele></trkpt>
   <trkpt lat="43.220564" lon="25.344343"><ele>103</ele></trkpt>
   <trkpt lat="43.220111" lon="25.345845"><ele>103.75</ele></trkpt>
   <trkpt lat="43.219634" lon="25.347381"><ele>102</ele></trkpt>
   <trkpt lat="43.21922" lon="25.348587"><ele>100.5</ele></trkpt>
   <trkpt lat="43.218656" lon="25.34993"><ele>99</ele></trkpt>
   <trkpt lat="43.217769" lon="25.351887"><ele>97.25</ele></trkpt>
   <trkpt lat="43.217439" lon="25.352663"><ele>96.75</ele></trkpt>
   <trkpt lat="43.217128" lon="25.353518"><ele>96.25</ele></trkpt>
   <trkpt lat="43.21697" lon="25.354053"><ele>96.25</ele></trkpt>
   <trkpt lat="43.216842" lon="25.354595"><ele>97</ele></trkpt>
   <trkpt lat="43.216736" lon="25.355163"><ele>97.5</ele></trkpt>
   <trkpt lat="43.216646" lon="25.355751"><ele>97</ele></trkpt>
   <trkpt lat="43.216542" lon="25.356659"><ele>95</ele></trkpt>
   <trkpt lat="43.216184" lon="25.36051"><ele>99.5</ele></trkpt>
   <trkpt lat="43.216137" lon="25.360988"><ele>99.25</ele></trkpt>
   <trkpt lat="43.216023" lon="25.362191"><ele>97</ele></trkpt>
   <trkpt lat="43.215943" lon="25.363149"><ele>98.25</ele></trkpt>
   <trkpt lat="43.215466" lon="25.368141"><ele>95</ele></trkpt>
   <trkpt lat="43.215286" lon="25.370048"><ele>93.5</ele></trkpt>
   <trkpt lat="43.21518" lon="25.370885"><ele>93.5</ele></trkpt>
   <trkpt lat="43.215063" lon="25.371558"><ele>92.75</ele></trkpt>
   <trkpt lat="43.21492" lon="25.372176"><ele>92.25</ele></trkpt>
   <trkpt lat="43.21477" lon="25.372706"><ele>92</ele></trkpt>
   <trkpt lat="43.214581" lon="25.37329"><ele>92.25</ele></trkpt>
   <trkpt lat="43.214377" lon="25.373871"><ele>92.25</ele></trkpt>
   <trkpt lat="43.207277" lon="25.393898"><ele>89.25</ele></trkpt>
   <trkpt lat="43.206924" lon="25.39493"><ele>89.5</ele></trkpt>
   <trkpt lat="43.20658" lon="25.396025"><ele>89</ele></trkpt>
   <trkpt lat="43.204612" lon="25.402761"><ele>88.75</ele></trkpt>
   <trkpt lat="43.203032" lon="25.408098"><ele>85.75</ele></trkpt>
   <trkpt lat="43.202212" lon="25.410875"><ele>85.25</ele></trkpt>
   <trkpt lat="43.199579" lon="25.419848"><ele>86</ele></trkpt>
   <trkpt lat="43.199255" lon="25.421016"><ele>87</ele></trkpt>
   <trkpt lat="43.198915" lon="25.422384"><ele>86.25</ele></trkpt>
   <trkpt lat="43.198607" lon="25.424018"><ele>85.25</ele></trkpt>
   <trkpt lat="43.198458" lon="25.425024"><ele>85</ele></trkpt>
   <trkpt lat="43.19353" lon="25.466967"><ele>78.25</ele></trkpt>
   <trkpt lat="43.193127" lon="25.470447"><ele>78</ele></trkpt>
   <trkpt lat="43.193052" lon="25.471087"><ele>78</ele></trkpt>
   <trkpt lat="43.189058" lon="25.50491"><ele>72.75</ele></trkpt>
   <trkpt lat="43.186685" lon="25.525003"><ele>72.75</ele></trkpt>
   <trkpt lat="43.186101" lon="25.529936"><ele>73.5</ele></trkpt>
   <trkpt lat="43.184389" lon="25.544097"><ele>71.75</ele></trkpt>
   <trkpt lat="43.183514" lon="25.551801"><ele>73.75</ele></trkpt>
   <trkpt lat="43.183323" lon="25.553362"><ele>73.75</ele></trkpt>
   <trkpt lat="43.183195" lon="25.554232"><ele>72</ele></trkpt>
   <trkpt lat="43.183019" lon="25.555228"><ele>71.75</ele></trkpt>
   <trkpt lat="43.182863" lon="25.55606"><ele>71.5</ele></trkpt>
   <trkpt lat="43.182738" lon="25.556526"><ele>71.75</ele></trkpt>
   <trkpt lat="43.182665" lon="25.557049"><ele>72.25</ele></trkpt>
   <trkpt lat="43.182633" lon="25.557209"><ele>72.25</ele></trkpt>
   <trkpt lat="43.18244" lon="25.558195"><ele>73.75</ele></trkpt>
   <trkpt lat="43.181692" lon="25.562034"><ele>74.5</ele></trkpt>
   <trkpt lat="43.181279" lon="25.564122"><ele>74.25</ele></trkpt>
   <trkpt lat="43.180416" lon="25.568536"><ele>72.75</ele></trkpt>
   <trkpt lat="43.180373" lon="25.568741"><ele>72.75</ele></trkpt>
   <trkpt lat="43.18016" lon="25.569838"><ele>72.75</ele></trkpt>
   <trkpt lat="43.18004" lon="25.570467"><ele>72.25</ele></trkpt>
   <trkpt lat="43.179927" lon="25.57104"><ele>72</ele></trkpt>
   <trkpt lat="43.179317" lon="25.5741"><ele>75</ele></trkpt>
   <trkpt lat="43.179165" lon="25.575021"><ele>72.75</ele></trkpt>
   <trkpt lat="43.179134" lon="25.57536"><ele>72</ele></trkpt>
   <trkpt lat="43.179115" lon="25.575856"><ele>71</ele></trkpt>
   <trkpt lat="43.179147" lon="25.57636"><ele>71.5</ele></trkpt>
   <trkpt lat="43.179216" lon="25.576786"><ele>72</ele></trkpt>
   <trkpt lat="43.179315" lon="25.577189"><ele>72.75</ele></trkpt>
   <trkpt lat="43.179462" lon="25.577603"><ele>73.25</ele></trkpt>
   <trkpt lat="43.179636" lon="25.57799"><ele>74.25</ele></trkpt>
   <trkpt lat="43.179857" lon="25.578374"><ele>74.75</ele></trkpt>
   <trkpt lat="43.180191" lon="25.578882"><ele>75.5</ele></trkpt>
   <trkpt lat="43.18073" lon="25.579824"><ele>79.5</ele></trkpt>
   <trkpt lat="43.180909" lon="25.58026"><ele>81.5</ele></trkpt>
   <trkpt lat="43.181028" lon="25.580712"><ele>82.75</ele></trkpt>
   <trkpt lat="43.181105" lon="25.581266"><ele>82.5</ele></trkpt>
   <trkpt lat="43.181142" lon="25.581921"><ele>82.25</ele></trkpt>
   <trkpt lat="43.181182" lon="25.582821"><ele>82.75</ele></trkpt>
   <trkpt lat="43.181186" lon="25.583061"><ele>83</ele></trkpt>
   <trkpt lat="43.18125" lon="25.583687"><ele>83.5</ele></trkpt>
   <trkpt lat="43.181399" lon="25.584335"><ele>85</ele></trkpt>
   <trkpt lat="43.181638" lon="25.585016"><ele>89</ele></trkpt>
   <trkpt lat="43.18217" lon="25.586003"><ele>88.5</ele></trkpt>
   <trkpt lat="43.182483" lon="25.586819"><ele>88.25</ele></trkpt>
   <trkpt lat="43.182671" lon="25.587677"><ele>88.75</ele></trkpt>
   <trkpt lat="43.182671" lon="25.588578"><ele>89.5</ele></trkpt>
   <trkpt lat="43.182529" lon="25.589356"><ele>92.25</ele></trkpt>
   <trkpt lat="43.182227" lon="25.590215"><ele>94</ele></trkpt>
   <trkpt lat="43.1817" lon="25.591024"><ele>94.5</ele></trkpt>
   <trkpt lat="43.181168" lon="25.591497"><ele>94.25</ele></trkpt>
   <trkpt lat="43.18048" lon="25.591754"><ele>95</ele></trkpt>
   <trkpt lat="43.179917" lon="25.591926"><ele>95.25</ele></trkpt>
   <trkpt lat="43.179228" lon="25.592097"><ele>96.75</ele></trkpt>
   <trkpt lat="43.178454" lon="25.592267"><ele>100.5</ele></trkpt>
   <trkpt lat="43.17782" lon="25.592484"><ele>103.25</ele></trkpt>
   <trkpt lat="43.177288" lon="25.592827"><ele>104</ele></trkpt>
   <trkpt lat="43.176818" lon="25.593256"><ele>103.75</ele></trkpt>
   <trkpt lat="43.176193" lon="25.594071"><ele>104</ele></trkpt>
   <trkpt lat="43.17579" lon="25.594858"><ele>105</ele></trkpt>
   <trkpt lat="43.174017" lon="25.599319"><ele>112</ele></trkpt>
   <trkpt lat="43.173689" lon="25.600423"><ele>111.25</ele></trkpt>
   <trkpt lat="43.173566" lon="25.601429"><ele>112.75</ele></trkpt>
   <trkpt lat="43.173566" lon="25.60255"><ele>116</ele></trkpt>
   <trkpt lat="43.173683" lon="25.603729"><ele>117.5</ele></trkpt>
   <trkpt lat="43.173768" lon="25.605133"><ele>117.75</ele></trkpt>
   <trkpt lat="43.173783" lon="25.606474"><ele>119.75</ele></trkpt>
   <trkpt lat="43.173711" lon="25.607496"><ele>123</ele></trkpt>
   <trkpt lat="43.17358" lon="25.608623"><ele>123.5</ele></trkpt>
   <trkpt lat="43.173344" lon="25.609864"><ele>123.75</ele></trkpt>
   <trkpt lat="43.173125" lon="25.610723"><ele>124.25</ele></trkpt>
   <trkpt lat="43.172687" lon="25.611838"><ele>124.5</ele></trkpt>
   <trkpt lat="43.172218" lon="25.612868"><ele>126</ele></trkpt>
   <trkpt lat="43.171686" lon="25.613812"><ele>128.5</ele></trkpt>
   <trkpt lat="43.171154" lon="25.614628"><ele>130.75</ele></trkpt>
   <trkpt lat="43.170594" lon="25.615427"><ele>131.75</ele></trkpt>
   <trkpt lat="43.170331" lon="25.615797"><ele>132.25</ele></trkpt>
   <trkpt lat="43.168232" lon="25.618764"><ele>130.75</ele></trkpt>
   <trkpt lat="43.168168" lon="25.618846"><ele>131</ele></trkpt>
   <trkpt lat="43.167872" lon="25.619255"><ele>132.25</ele></trkpt>
   <trkpt lat="43.167446" lon="25.619863"><ele>133</ele></trkpt>
   <trkpt lat="43.167081" lon="25.620473"><ele>132.75</ele></trkpt>
   <trkpt lat="43.166636" lon="25.621464"><ele>133</ele></trkpt>
   <trkpt lat="43.166297" lon="25.622527"><ele>134</ele></trkpt>
   <trkpt lat="43.165712" lon="25.624592"><ele>131.25</ele></trkpt>
   <trkpt lat="43.165535" lon="25.625239"><ele>130.75</ele></trkpt>
   <trkpt lat="43.165364" lon="25.625831"><ele>130.25</ele></trkpt>
   <trkpt lat="43.164877" lon="25.627529"><ele>129.25</ele></trkpt>
   <trkpt lat="43.164741" lon="25.628085"><ele>128.25</ele></trkpt>
   <trkpt lat="43.164589" lon="25.628873"><ele>127.5</ele></trkpt>
   <trkpt lat="43.164495" lon="25.629549"><ele>127.5</ele></trkpt>
   <trkpt lat="43.164424" lon="25.630335"><ele>128</ele></trkpt>
   <trkpt lat="43.164416" lon="25.631098"><ele>128.25</ele></trkpt>
   <trkpt lat="43.164441" lon="25.631627"><ele>128.5</ele></trkpt>
   <trkpt lat="43.164549" lon="25.632953"><ele>126.25</ele></trkpt>
   <trkpt lat="43.164684" lon="25.634231"><ele>126.25</ele></trkpt>
   <trkpt lat="43.164862" lon="25.635785"><ele>127.25</ele></trkpt>
   <trkpt lat="43.164977" lon="25.63705"><ele>127.25</ele></trkpt>
   <trkpt lat="43.165035" lon="25.637796"><ele>126.5</ele></trkpt>
   <trkpt lat="43.165173" lon="25.639201"><ele>125</ele></trkpt>
   <trkpt lat="43.16524" lon="25.639874"><ele>124</ele></trkpt>
   <trkpt lat="43.165272" lon="25.64045"><ele>124</ele></trkpt>
   <trkpt lat="43.165276" lon="25.640906"><ele>124.25</ele></trkpt>
   <trkpt lat="43.165258" lon="25.641243"><ele>124.25</ele></trkpt>
   <trkpt lat="43.165234" lon="25.641615"><ele>124.25</ele></trkpt>
   <trkpt lat="43.165185" lon="25.641992"><ele>123.5</ele></trkpt>
   <trkpt lat="43.165076" lon="25.642626"><ele>122.25</ele></trkpt>
   <trkpt lat="43.164938" lon="25.643202"><ele>122.5</ele></trkpt>
   <trkpt lat="43.164598" lon="25.644214"><ele>121</ele></trkpt>
   <trkpt lat="43.164218" lon="25.644983"><ele>120.75</ele></trkpt>
   <trkpt lat="43.16338" lon="25.646529"><ele>119</ele></trkpt>
   <trkpt lat="43.16272" lon="25.647752"><ele>119</ele></trkpt>
   <trkpt lat="43.152546" lon="25.665763"><ele>94</ele></trkpt>
   <trkpt lat="43.151638" lon="25.667345"><ele>94</ele></trkpt>
   <trkpt lat="43.150764" lon="25.668552"><ele>93</ele></trkpt>
   <trkpt lat="43.1503" lon="25.669064"><ele>91.75</ele></trkpt>
   <trkpt lat="43.149925" lon="25.669441"><ele>92</ele></trkpt>
   <trkpt lat="43.149513" lon="25.669808"><ele>92</ele></trkpt>
   <trkpt lat="43.148959" lon="25.670246"><ele>91.75</ele></trkpt>
   <trkpt lat="43.148312" lon="25.670649"><ele>92.5</ele></trkpt>
   <trkpt lat="43.148011" lon="25.67081"><ele>92.5</ele></trkpt>
   <trkpt lat="43.147604" lon="25.671007"><ele>91.75</ele></trkpt>
   <trkpt lat="43.146704" lon="25.671362"><ele>91.5</ele></trkpt>
   <trkpt lat="43.146057" lon="25.671502"><ele>92.5</ele></trkpt>
   <trkpt lat="43.145297" lon="25.671593"><ele>92.75</ele></trkpt>
   <trkpt lat="43.143958" lon="25.671663"><ele>90</ele></trkpt>
   <trkpt lat="43.143092" lon="25.6717"><ele>92.25</ele></trkpt>
   <trkpt lat="43.142483" lon="25.671759"><ele>96</ele></trkpt>
   <trkpt lat="43.142097" lon="25.671855"><ele>97.25</ele></trkpt>
   <trkpt lat="43.141911" lon="25.671948"><ele>97.75</ele></trkpt>
   <trkpt lat="43.141538" lon="25.672213"><ele>98.25</ele></trkpt>
   <trkpt lat="43.141203" lon="25.672564"><ele>98.5</ele></trkpt>
   <trkpt lat="43.140989" lon="25.672887"><ele>98.25</ele></trkpt>
   <trkpt lat="43.140807" lon="25.673236"><ele>98</ele></trkpt>
   <trkpt lat="43.140681" lon="25.673606"><ele>98.75</ele></trkpt>
   <trkpt lat="43.140612" lon="25.673873"><ele>99.25</ele></trkpt>
   <trkpt lat="43.140559" lon="25.674215"><ele>99.5</ele></trkpt>
   <trkpt lat="43.14049" lon="25.675075"><ele>99.5</ele></trkpt>
   <trkpt lat="43.140469" lon="25.675544"><ele>99.75</ele></trkpt>
   <trkpt lat="43.140412" lon="25.676829"><ele>99</ele></trkpt>
   <trkpt lat="43.140399" lon="25.677127"><ele>99.25</ele></trkpt>
   <trkpt lat="43.140213" lon="25.680454"><ele>100.75</ele></trkpt>
   <trkpt lat="43.140125" lon="25.682145"><ele>99</ele></trkpt>
   <trkpt lat="43.140017" lon="25.684243"><ele>99</ele></trkpt>
   <trkpt lat="43.13999" lon="25.684848"><ele>99.75</ele></trkpt>
   <trkpt lat="43.139982" lon="25.685027"><ele>99.75</ele></trkpt>
   <trkpt lat="43.139924" lon="25.68546"><ele>100</ele></trkpt>
   <trkpt lat="43.139891" lon="25.685913"><ele>100</ele></trkpt>
   <trkpt lat="43.139859" lon="25.686448"><ele>100.25</ele></trkpt>
   <trkpt lat="43.139833" lon="25.686885"><ele>100.25</ele></trkpt>
   <trkpt lat="43.139809" lon="25.687279"><ele>100.5</ele></trkpt>
   <trkpt lat="43.139826" lon="25.687963"><ele>100</ele></trkpt>
   <trkpt lat="43.139941" lon="25.688616"><ele>99.5</ele></trkpt>
   <trkpt lat="43.140053" lon="25.688973"><ele>99.75</ele></trkpt>
   <trkpt lat="43.140231" lon="25.68934"><ele>100.25</ele></trkpt>
   <trkpt lat="43.14044" lon="25.689657"><ele>100.5</ele></trkpt>
   <trkpt lat="43.140599" lon="25.689863"><ele>100.25</ele></trkpt>
   <trkpt lat="43.140771" lon="25.690037"><ele>100.25</ele></trkpt>
   <trkpt lat="43.140971" lon="25.690193"><ele>100.5</ele></trkpt>
   <trkpt lat="43.141176" lon="25.690306"><ele>100.5</ele></trkpt>
   <trkpt lat="43.141411" lon="25.690403"><ele>100.25</ele></trkpt>
   <trkpt lat="43.141719" lon="25.690477"><ele>99.75</ele></trkpt>
   <trkpt lat="43.142062" lon="25.690487"><ele>99</ele></trkpt>
   <trkpt lat="43.14237" lon="25.690442"><ele>98.25</ele></trkpt>
   <trkpt lat="43.142842" lon="25.690218"><ele>97.5</ele></trkpt>
   <trkpt lat="43.143178" lon="25.689988"><ele>97</ele></trkpt>
   <trkpt lat="43.143582" lon="25.689623"><ele>96.75</ele></trkpt>
   <trkpt lat="43.144303" lon="25.688922"><ele>95.5</ele></trkpt>
   <trkpt lat="43.145232" lon="25.688127"><ele>92</ele></trkpt>
   <trkpt lat="43.145767" lon="25.687875"><ele>90</ele></trkpt>
   <trkpt lat="43.146222" lon="25.687771"><ele>88.5</ele></trkpt>
   <trkpt lat="43.14715" lon="25.687625"><ele>87.25</ele></trkpt>
   <trkpt lat="43.14751" lon="25.687561"><ele>87.75</ele></trkpt>
   <trkpt lat="43.147817" lon="25.687465"><ele>88.75</ele></trkpt>
   <trkpt lat="43.14821" lon="25.687285"><ele>90.25</ele></trkpt>
   <trkpt lat="43.148625" lon="25.686992"><ele>91</ele></trkpt>
   <trkpt lat="43.149007" lon="25.686601"><ele>91</ele></trkpt>
   <trkpt lat="43.149309" lon="25.686271"><ele>89.25</ele></trkpt>
   <trkpt lat="43.152834" lon="25.682209"><ele>88</ele></trkpt>
   <trkpt lat="43.153231" lon="25.681692"><ele>88.75</ele></trkpt>
   <trkpt lat="43.153477" lon="25.681266"><ele>88.75</ele></trkpt>
   <trkpt lat="43.153687" lon="25.680804"><ele>89.25</ele></trkpt>
   <trkpt lat="43.153782" lon="25.680572"><ele>89.5</ele></trkpt>
   <trkpt lat="43.153971" lon="25.679961"><ele>89.75</ele></trkpt>
   <trkpt lat="43.154115" lon="25.679561"><ele>89.5</ele></trkpt>
   <trkpt lat="43.154299" lon="25.679028"><ele>89.25</ele></trkpt>
   <trkpt lat="43.154461" lon="25.678657"><ele>90</ele></trkpt>
   <trkpt lat="43.154684" lon="25.678271"><ele>91.25</ele></trkpt>
   <trkpt lat="43.154841" lon="25.678036"><ele>91.75</ele></trkpt>
   <trkpt lat="43.15508" lon="25.677771"><ele>92.75</ele></trkpt>
   <trkpt lat="43.15536" lon="25.677519"><ele>93.25</ele></trkpt>
   <trkpt lat="43.155767" lon="25.67725"><ele>93.5</ele></trkpt>
   <trkpt lat="43.157506" lon="25.676312"><ele>98.5</ele></trkpt>
   <trkpt lat="43.158774" lon="25.67579"><ele>99.75</ele></trkpt>
   <trkpt lat="43.159336" lon="25.67551"><ele>100</ele></trkpt>
   <trkpt lat="43.159814" lon="25.675168"><ele>102</ele></trkpt>
   <trkpt lat="43.160148" lon="25.674869"><ele>103.25</ele></trkpt>
   <trkpt lat="43.16047" lon="25.674429"><ele>103.5</ele></trkpt>
   <trkpt lat="43.160923" lon="25.673469"><ele>103.5</ele></trkpt>
   <trkpt lat="43.16122" lon="25.672565"><ele>106.25</ele></trkpt>
   <trkpt lat="43.161546" lon="25.671868"><ele>108</ele></trkpt>
   <trkpt lat="43.161833" lon="25.671481"><ele>108.75</ele></trkpt>
   <trkpt lat="43.162037" lon="25.671253"><ele>108.5</ele></trkpt>
   <trkpt lat="43.162413" lon="25.670952"><ele>108.75</ele></trkpt>
   <trkpt lat="43.162906" lon="25.670652"><ele>109.75</ele></trkpt>
   <trkpt lat="43.165077" lon="25.669697"><ele>113.5</ele></trkpt>
   <trkpt lat="43.165743" lon="25.669316"><ele>116.25</ele></trkpt>
   <trkpt lat="43.166286" lon="25.668903"><ele>117.75</ele></trkpt>
   <trkpt lat="43.166885" lon="25.668291"><ele>118</ele></trkpt>
   <trkpt lat="43.169101" lon="25.665929"><ele>121.5</ele></trkpt>
   <trkpt lat="43.170633" lon="25.664295"><ele>125.75</ele></trkpt>
   <trkpt lat="43.171017" lon="25.663925"><ele>126.5</ele></trkpt>
   <trkpt lat="43.171416" lon="25.663624"><ele>128.25</ele></trkpt>
   <trkpt lat="43.171862" lon="25.66341"><ele>130.25</ele></trkpt>
   <trkpt lat="43.172265" lon="25.663297"><ele>131.25</ele></trkpt>
   <trkpt lat="43.172652" lon="25.663265"><ele>132</ele></trkpt>
   <trkpt lat="43.173117" lon="25.663303"><ele>132.5</ele></trkpt>
   <trkpt lat="43.17352" lon="25.663431"><ele>132</ele></trkpt>
   <trkpt lat="43.174029" lon="25.663689"><ele>129.75</ele></trkpt>
   <trkpt lat="43.174581" lon="25.664145"><ele>127.75</ele></trkpt>
   <trkpt lat="43.175077" lon="25.664772"><ele>127.5</ele></trkpt>
   <trkpt lat="43.175385" lon="25.665357"><ele>127</ele></trkpt>
   <trkpt lat="43.175598" lon="25.665932"><ele>127.75</ele></trkpt>
   <trkpt lat="43.175911" lon="25.666968"><ele>125.75</ele></trkpt>
   <trkpt lat="43.176537" lon="25.668963"><ele>122.75</ele></trkpt>
   <trkpt lat="43.176936" lon="25.669977"><ele>121.25</ele></trkpt>
   <trkpt lat="43.177445" lon="25.670943"><ele>121</ele></trkpt>
   <trkpt lat="43.177981" lon="25.671683"><ele>121.5</ele></trkpt>
   <trkpt lat="43.178509" lon="25.672289"><ele>122</ele></trkpt>
   <trkpt lat="43.178974" lon="25.67275"><ele>119.75</ele></trkpt>
   <trkpt lat="43.179416" lon="25.673115"><ele>117.5</ele></trkpt>
   <trkpt lat="43.18016" lon="25.673566"><ele>114.5</ele></trkpt>
   <trkpt lat="43.180836" lon="25.673866"><ele>112.75</ele></trkpt>
   <trkpt lat="43.18138" lon="25.674043"><ele>110.75</ele></trkpt>
   <trkpt lat="43.182358" lon="25.674279"><ele>108.75</ele></trkpt>
   <trkpt lat="43.182921" lon="25.674462"><ele>108</ele></trkpt>
   <trkpt lat="43.183461" lon="25.674778"><ele>107.75</ele></trkpt>
   <trkpt lat="43.183872" lon="25.675256"><ele>107.5</ele></trkpt>
   <trkpt lat="43.184275" lon="25.675878"><ele>106.25</ele></trkpt>
   <trkpt lat="43.184552" lon="25.676607"><ele>103.75</ele></trkpt>
   <trkpt lat="43.18472" lon="25.67746"><ele>98.75</ele></trkpt>
   <trkpt lat="43.185069" lon="25.679966"><ele>100.5</ele></trkpt>
   <trkpt lat="43.185264" lon="25.680845"><ele>102.25</ele></trkpt>
   <trkpt lat="43.185569" lon="25.681543"><ele>100.25</ele></trkpt>
   <trkpt lat="43.185933" lon="25.682101"><ele>97.75</ele></trkpt>
   <trkpt lat="43.186371" lon="25.682573"><ele>97.25</ele></trkpt>
   <trkpt lat="43.186977" lon="25.682916"><ele>96.5</ele></trkpt>
   <trkpt lat="43.187525" lon="25.683072"><ele>95.25</ele></trkpt>
   <trkpt lat="43.188225" lon="25.683019"><ele>93</ele></trkpt>
   <trkpt lat="43.188869" lon="25.682745"><ele>92.25</ele></trkpt>
   <trkpt lat="43.189378" lon="25.682303"><ele>92</ele></trkpt>
   <trkpt lat="43.189752" lon="25.681826"><ele>91.75</ele></trkpt>
   <trkpt lat="43.190143" lon="25.681019"><ele>90.25</ele></trkpt>
   <trkpt lat="43.191746" lon="25.676583"><ele>83.75</ele></trkpt>
   <trkpt lat="43.191992" lon="25.675977"><ele>82.75</ele></trkpt>
   <trkpt lat="43.19227" lon="25.675467"><ele>81.5</ele></trkpt>
   <trkpt lat="43.192634" lon="25.675027"><ele>81</ele></trkpt>
   <trkpt lat="43.192985" lon="25.674696"><ele>79.5</ele></trkpt>
   <trkpt lat="43.193539" lon="25.674387"><ele>78</ele></trkpt>
   <trkpt lat="43.195289" lon="25.673625"><ele>76.25</ele></trkpt>
   <trkpt lat="43.195875" lon="25.673362"><ele>75.75</ele></trkpt>
   <trkpt lat="43.196372" lon="25.673008"><ele>73.75</ele></trkpt>
   <trkpt lat="43.196704" lon="25.672638"><ele>73</ele></trkpt>
   <trkpt lat="43.197005" lon="25.672203"><ele>71.5</ele></trkpt>
   <trkpt lat="43.197245" lon="25.671721"><ele>70</ele></trkpt>
   <trkpt lat="43.197416" lon="25.671195"><ele>69.25</ele></trkpt>
   <trkpt lat="43.197537" lon="25.670605"><ele>68.75</ele></trkpt>
   <trkpt lat="43.19758" lon="25.669908"><ele>68.25</ele></trkpt>
   <trkpt lat="43.197569" lon="25.669473"><ele>66.75</ele></trkpt>
   <trkpt lat="43.19751" lon="25.668878"><ele>65.5</ele></trkpt>
   <trkpt lat="43.197287" lon="25.666894"><ele>63</ele></trkpt>
   <trkpt lat="43.197228" lon="25.666085"><ele>63</ele></trkpt>
   <trkpt lat="43.197235" lon="25.665287"><ele>62.75</ele></trkpt>
   <trkpt lat="43.197326" lon="25.664676"><ele>62.5</ele></trkpt>
   <trkpt lat="43.197497" lon="25.664119"><ele>63</ele></trkpt>
   <trkpt lat="43.197715" lon="25.663651"><ele>63.25</ele></trkpt>
   <trkpt lat="43.198034" lon="25.663148"><ele>62.25</ele></trkpt>
   <trkpt lat="43.198409" lon="25.662749"><ele>60.5</ele></trkpt>
   <trkpt lat="43.19886" lon="25.662398"><ele>59.75</ele></trkpt>
   <trkpt lat="43.199336" lon="25.662189"><ele>58.75</ele></trkpt>
   <trkpt lat="43.199869" lon="25.662124"><ele>57.75</ele></trkpt>
   <trkpt lat="43.200358" lon="25.662163"><ele>56.5</ele></trkpt>
   <trkpt lat="43.200716" lon="25.662301"><ele>56</ele></trkpt>
   <trkpt lat="43.202037" lon="25.662923"><ele>53.75</ele></trkpt>
   <trkpt lat="43.203183" lon="25.66352"><ele>53.25</ele></trkpt>
   <trkpt lat="43.205238" lon="25.664525"><ele>53.75</ele></trkpt>
   <trkpt lat="43.206856" lon="25.665342"><ele>55</ele></trkpt>
   <trkpt lat="43.209718" lon="25.666732"><ele>52.5</ele></trkpt>
   <trkpt lat="43.210034" lon="25.66688"><ele>52.75</ele></trkpt>
   <trkpt lat="43.210289" lon="25.667007"><ele>52.75</ele></trkpt>
   <trkpt lat="43.211212" lon="25.66744"><ele>53</ele></trkpt>
   <trkpt lat="43.211913" lon="25.667629"><ele>52</ele></trkpt>
   <trkpt lat="43.212597" lon="25.66776"><ele>52.25</ele></trkpt>
   <trkpt lat="43.21344" lon="25.667767"><ele>53</ele></trkpt>
   <trkpt lat="43.21414" lon="25.667651"><ele>53</ele></trkpt>
   <trkpt lat="43.215026" lon="25.667432"><ele>51.75</ele></trkpt>
   <trkpt lat="43.221927" lon="25.665352"><ele>50.75</ele></trkpt>
   <trkpt lat="43.222783" lon="25.665097"><ele>50</ele></trkpt>
   <trkpt lat="43.223491" lon="25.664891"><ele>54</ele></trkpt>
   <trkpt lat="43.223845" lon="25.664864"><ele>54</ele></trkpt>
   <trkpt lat="43.224203" lon="25.664866"><ele>54.25</ele></trkpt>
   <trkpt lat="43.224506" lon="25.664917"><ele>55.75</ele></trkpt>
   <trkpt lat="43.224848" lon="25.66507"><ele>56.75</ele></trkpt>
   <trkpt lat="43.225137" lon="25.665231"><ele>56.75</ele></trkpt>
   <trkpt lat="43.225407" lon="25.665451"><ele>55.75</ele></trkpt>
   <trkpt lat="43.225624" lon="25.665663"><ele>55.25</ele></trkpt>
   <trkpt lat="43.226044" lon="25.66614"><ele>55.25</ele></trkpt>
   <trkpt lat="43.22745" lon="25.667814"><ele>56.75</ele></trkpt>
   <trkpt lat="43.229549" lon="25.670236"><ele>55.75</ele></trkpt>
   <trkpt lat="43.2299" lon="25.670585"><ele>56.5</ele></trkpt>
   <trkpt lat="43.230274" lon="25.670855"><ele>57.25</ele></trkpt>
   <trkpt lat="43.230715" lon="25.671036"><ele>57.25</ele></trkpt>
   <trkpt lat="43.231127" lon="25.671111"><ele>57</ele></trkpt>
   <trkpt lat="43.231552" lon="25.671098"><ele>57</ele></trkpt>
   <trkpt lat="43.233196" lon="25.670717"><ele>54.5</ele></trkpt>
   <trkpt lat="43.236859" lon="25.669911"><ele>56.5</ele></trkpt>
   <trkpt lat="43.23957" lon="25.669349"><ele>54.75</ele></trkpt>
   <trkpt lat="43.240002" lon="25.669275"><ele>54.75</ele></trkpt>
   <trkpt lat="43.241794" lon="25.668921"><ele>54.75</ele></trkpt>
   <trkpt lat="43.242168" lon="25.668847"><ele>55.75</ele></trkpt>
   <trkpt lat="43.24344" lon="25.668666"><ele>57</ele></trkpt>
   <trkpt lat="43.245183" lon="25.668366"><ele>58.25</ele></trkpt>
   <trkpt lat="43.246097" lon="25.668191"><ele>58.25</ele></trkpt>
   <trkpt lat="43.246782" lon="25.667974"><ele>57</ele></trkpt>
   <trkpt lat="43.247299" lon="25.667712"><ele>56.75</ele></trkpt>
   <trkpt lat="43.247995" lon="25.66721"><ele>55</ele></trkpt>
   <trkpt lat="43.248515" lon="25.666719"><ele>53.5</ele></trkpt>
   <trkpt lat="43.249104" lon="25.665979"><ele>53</ele></trkpt>
   <trkpt lat="43.249421" lon="25.665434"><ele>52.5</ele></trkpt>
   <trkpt lat="43.249698" lon="25.664932"><ele>51.75</ele></trkpt>
   <trkpt lat="43.251747" lon="25.660773"><ele>49.5</ele></trkpt>
   <trkpt lat="43.252211" lon="25.659929"><ele>48</ele></trkpt>
   <trkpt lat="43.252687" lon="25.659213"><ele>48.25</ele></trkpt>
   <trkpt lat="43.253074" lon="25.658667"><ele>47.75</ele></trkpt>
   <trkpt lat="43.253639" lon="25.658012"><ele>47.75</ele></trkpt>
   <trkpt lat="43.254083" lon="25.657559"><ele>47.75</ele></trkpt>
   <trkpt lat="43.255165" lon="25.656658"><ele>49.25</ele></trkpt>
   <trkpt lat="43.258059" lon="25.654328"><ele>49.25</ele></trkpt>
   <trkpt lat="43.260825" lon="25.652077"><ele>50</ele></trkpt>
   <trkpt lat="43.262259" lon="25.650931"><ele>48.5</ele></trkpt>
   <trkpt lat="43.262851" lon="25.650537"><ele>48.5</ele></trkpt>
   <trkpt lat="43.263287" lon="25.650335"><ele>49</ele></trkpt>
   <trkpt lat="43.263599" lon="25.650226"><ele>49.75</ele></trkpt>
   <trkpt lat="43.264259" lon="25.650087"><ele>50.75</ele></trkpt>
   <trkpt lat="43.264726" lon="25.650005"><ele>50.75</ele></trkpt>
   <trkpt lat="43.265571" lon="25.649842"><ele>50.75</ele></trkpt>
   <trkpt lat="43.265942" lon="25.649746"><ele>50.5</ele></trkpt>
   <trkpt lat="43.266337" lon="25.64961"><ele>50.5</ele></trkpt>
   <trkpt lat="43.266682" lon="25.649441"><ele>50.5</ele></trkpt>
   <trkpt lat="43.267079" lon="25.649186"><ele>50.25</ele></trkpt>
   <trkpt lat="43.267451" lon="25.648892"><ele>50.25</ele></trkpt>
   <trkpt lat="43.267775" lon="25.648589"><ele>49.75</ele></trkpt>
   <trkpt lat="43.26798" lon="25.648367"><ele>49.75</ele></trkpt>
   <trkpt lat="43.268211" lon="25.648088"><ele>49.5</ele></trkpt>
   <trkpt lat="43.268384" lon="25.647842"><ele>49.25</ele></trkpt>
   <trkpt lat="43.268555" lon="25.647561"><ele>49</ele></trkpt>
   <trkpt lat="43.268835" lon="25.647005"><ele>49.5</ele></trkpt>
   <trkpt lat="43.270161" lon="25.64426"><ele>49.5</ele></trkpt>
   <trkpt lat="43.270649" lon="25.643304"><ele>49.25</ele></trkpt>
   <trkpt lat="43.271015" lon="25.64277"><ele>49.5</ele></trkpt>
   <trkpt lat="43.271547" lon="25.642256"><ele>48.5</ele></trkpt>
   <trkpt lat="43.272207" lon="25.641839"><ele>47</ele></trkpt>
   <trkpt lat="43.272867" lon="25.641629"><ele>46.5</ele></trkpt>
   <trkpt lat="43.273349" lon="25.641563"><ele>46</ele></trkpt>
   <trkpt lat="43.274011" lon="25.641554"><ele>46.75</ele></trkpt>
   <trkpt lat="43.275658" lon="25.641496"><ele>49</ele></trkpt>
   <trkpt lat="43.276729" lon="25.641377"><ele>50</ele></trkpt>
   <trkpt lat="43.277112" lon="25.641285"><ele>49.5</ele></trkpt>
   <trkpt lat="43.277621" lon="25.641143"><ele>49</ele></trkpt>
   <trkpt lat="43.279429" lon="25.640547"><ele>48.5</ele></trkpt>
   <trkpt lat="43.280283" lon="25.640336"><ele>48.25</ele></trkpt>
   <trkpt lat="43.280895" lon="25.64026"><ele>49</ele></trkpt>
   <trkpt lat="43.281867" lon="25.640191"><ele>48.5</ele></trkpt>
   <trkpt lat="43.285188" lon="25.64009"><ele>47.5</ele></trkpt>
   <trkpt lat="43.287073" lon="25.639967"><ele>47.5</ele></trkpt>
   <trkpt lat="43.294193" lon="25.639684"><ele>48.75</ele></trkpt>
   <trkpt lat="43.294464" lon="25.639626"><ele>48.75</ele></trkpt>
   <trkpt lat="43.294972" lon="25.639531"><ele>48.25</ele></trkpt>
   <trkpt lat="43.295452" lon="25.639503"><ele>48.5</ele></trkpt>
   <trkpt lat="43.29637" lon="25.639474"><ele>48.75</ele></trkpt>
   <trkpt lat="43.297182" lon="25.639436"><ele>49.25</ele></trkpt>
   <trkpt lat="43.298493" lon="25.63939"><ele>50</ele></trkpt>
   <trkpt lat="43.299414" lon="25.639339"><ele>50</ele></trkpt>
   <trkpt lat="43.300263" lon="25.639302"><ele>50.25</ele></trkpt>
   <trkpt lat="43.300792" lon="25.639297"><ele>49</ele></trkpt>
   <trkpt lat="43.301182" lon="25.639311"><ele>49.5</ele></trkpt>
   <trkpt lat="43.301401" lon="25.639333"><ele>50</ele></trkpt>
   <trkpt lat="43.301846" lon="25.63938"><ele>50.25</ele></trkpt>
   <trkpt lat="43.313502" lon="25.638948"><ele>49</ele></trkpt>
   <trkpt lat="43.316285" lon="25.638837"><ele>50.25</ele></trkpt>
   <trkpt lat="43.316386" lon="25.638832"><ele>50.5</ele></trkpt>
   <trkpt lat="43.319228" lon="25.638701"><ele>49.5</ele></trkpt>
   <trkpt lat="43.323935" lon="25.638515"><ele>47.75</ele></trkpt>
   <trkpt lat="43.324749" lon="25.638503"><ele>48.25</ele></trkpt>
   <trkpt lat="43.32518" lon="25.638596"><ele>48.25</ele></trkpt>
   <trkpt lat="43.325594" lon="25.638781"><ele>48</ele></trkpt>
   <trkpt lat="43.325919" lon="25.638995"><ele>47.5</ele></trkpt>
   <trkpt lat="43.326134" lon="25.63917"><ele>47.25</ele></trkpt>
   <trkpt lat="43.327138" lon="25.64008"><ele>45.25</ele></trkpt>
   <trkpt lat="43.327545" lon="25.640436"><ele>45.5</ele></trkpt>
   <trkpt lat="43.327932" lon="25.640735"><ele>45.75</ele></trkpt>
   <trkpt lat="43.328172" lon="25.640855"><ele>46.25</ele></trkpt>
   <trkpt lat="43.328476" lon="25.64097"><ele>46.5</ele></trkpt>
   <trkpt lat="43.328747" lon="25.641032"><ele>46.75</ele></trkpt>
   <trkpt lat="43.328976" lon="25.64105"><ele>46.75</ele></trkpt>
   <trkpt lat="43.329217" lon="25.641045"><ele>46.75</ele></trkpt>
   <trkpt lat="43.329536" lon="25.64098"><ele>46.75</ele></trkpt>
   <trkpt lat="43.329798" lon="25.640908"><ele>46.75</ele></trkpt>
   <trkpt lat="43.330099" lon="25.640772"><ele>46.75</ele></trkpt>
   <trkpt lat="43.331389" lon="25.640007"><ele>45.25</ele></trkpt>
   <trkpt lat="43.331881" lon="25.639765"><ele>46.25</ele></trkpt>
   <trkpt lat="43.332787" lon="25.639411"><ele>49.25</ele></trkpt>
   <trkpt lat="43.333137" lon="25.639291"><ele>50.5</ele></trkpt>
   <trkpt lat="43.333559" lon="25.639222"><ele>51</ele></trkpt>
   <trkpt lat="43.333855" lon="25.639209"><ele>50.75</ele></trkpt>
   <trkpt lat="43.334353" lon="25.639289"><ele>49.75</ele></trkpt>
   <trkpt lat="43.334712" lon="25.639392"><ele>49.25</ele></trkpt>
   <trkpt lat="43.335133" lon="25.639573"><ele>48.5</ele></trkpt>
   <trkpt lat="43.33646" lon="25.640289"><ele>48.75</ele></trkpt>
   <trkpt lat="43.336864" lon="25.640425"><ele>49.25</ele></trkpt>
   <trkpt lat="43.337166" lon="25.640499"><ele>49.5</ele></trkpt>
   <trkpt lat="43.337565" lon="25.640518"><ele>50.5</ele></trkpt>
   <trkpt lat="43.337992" lon="25.640462"><ele>50.75</ele></trkpt>
   <trkpt lat="43.338278" lon="25.640369"><ele>51</ele></trkpt>
   <trkpt lat="43.338351" lon="25.640346"><ele>51</ele></trkpt>
   <trkpt lat="43.341823" lon="25.638797"><ele>50</ele></trkpt>
   <trkpt lat="43.34248" lon="25.638496"><ele>51.5</ele></trkpt>
   <trkpt lat="43.343589" lon="25.637989"><ele>52.25</ele></trkpt>
   <trkpt lat="43.344764" lon="25.637479"><ele>50.75</ele></trkpt>
   <trkpt lat="43.347212" lon="25.636376"><ele>46.25</ele></trkpt>
   <trkpt lat="43.349181" lon="25.635528"><ele>45.25</ele></trkpt>
   <trkpt lat="43.350315" lon="25.635301"><ele>46.75</ele></trkpt>
   <trkpt lat="43.351264" lon="25.635247"><ele>47</ele></trkpt>
   <trkpt lat="43.352206" lon="25.635264"><ele>46.25</ele></trkpt>
   <trkpt lat="43.355145" lon="25.635358"><ele>45.25</ele></trkpt>
   <trkpt lat="43.356289" lon="25.635407"><ele>46.25</ele></trkpt>
   <trkpt lat="43.356922" lon="25.635376"><ele>47.25</ele></trkpt>
   <trkpt lat="43.357458" lon="25.635282"><ele>48.25</ele></trkpt>
   <trkpt lat="43.358006" lon="25.635133"><ele>48.25</ele></trkpt>
   <trkpt lat="43.358702" lon="25.634849"><ele>46.25</ele></trkpt>
   <trkpt lat="43.359231" lon="25.634575"><ele>44.25</ele></trkpt>
   <trkpt lat="43.361985" lon="25.632971"><ele>44.25</ele></trkpt>
   <trkpt lat="43.36259" lon="25.632653"><ele>44.25</ele></trkpt>
   <trkpt lat="43.363001" lon="25.632525"><ele>43.75</ele></trkpt>
   <trkpt lat="43.363559" lon="25.63245"><ele>43</ele></trkpt>
   <trkpt lat="43.363881" lon="25.632428"><ele>43</ele></trkpt>
   <trkpt lat="43.364008" lon="25.632419"><ele>43</ele></trkpt>
   <trkpt lat="43.365261" lon="25.632329"><ele>42.75</ele></trkpt>
   <trkpt lat="43.365717" lon="25.632301"><ele>42.75</ele></trkpt>
   <trkpt lat="43.366227" lon="25.632334"><ele>43.5</ele></trkpt>
   <trkpt lat="43.367178" lon="25.63239"><ele>43.5</ele></trkpt>
   <trkpt lat="43.367915" lon="25.632478"><ele>43.5</ele></trkpt>
   <trkpt lat="43.3684" lon="25.632613"><ele>44</ele></trkpt>
   <trkpt lat="43.368857" lon="25.632849"><ele>44.75</ele></trkpt>
   <trkpt lat="43.369508" lon="25.63337"><ele>44.5</ele></trkpt>
   <trkpt lat="43.373687" lon="25.636833"><ele>47.75</ele></trkpt>
   <trkpt lat="43.374298" lon="25.637317"><ele>48</ele></trkpt>
   <trkpt lat="43.374745" lon="25.637513"><ele>49</ele></trkpt>
   <trkpt lat="43.375134" lon="25.63761"><ele>49.25</ele></trkpt>
   <trkpt lat="43.375407" lon="25.637646"><ele>48.75</ele></trkpt>
   <trkpt lat="43.375692" lon="25.637633"><ele>48.5</ele></trkpt>
   <trkpt lat="43.376009" lon="25.637577"><ele>48.75</ele></trkpt>
   <trkpt lat="43.378649" lon="25.636925"><ele>51.5</ele></trkpt>
   <trkpt lat="43.379121" lon="25.63686"><ele>51</ele></trkpt>
   <trkpt lat="43.379483" lon="25.636852"><ele>51.25</ele></trkpt>
   <trkpt lat="43.379844" lon="25.636901"><ele>51.25</ele></trkpt>
   <trkpt lat="43.380213" lon="25.636995"><ele>50.75</ele></trkpt>
   <trkpt lat="43.380462" lon="25.637075"><ele>50.5</ele></trkpt>
   <trkpt lat="43.380807" lon="25.637223"><ele>49.75</ele></trkpt>
   <trkpt lat="43.381098" lon="25.637373"><ele>50.25</ele></trkpt>
   <trkpt lat="43.381466" lon="25.637619"><ele>50</ele></trkpt>
   <trkpt lat="43.382035" lon="25.638073"><ele>48</ele></trkpt>
   <trkpt lat="43.38331" lon="25.639063"><ele>51.25</ele></trkpt>
   <trkpt lat="43.384295" lon="25.639843"><ele>51.75</ele></trkpt>
   <trkpt lat="43.384677" lon="25.640109"><ele>51.75</ele></trkpt>
   <trkpt lat="43.386402" lon="25.641187"><ele>49.75</ele></trkpt>
   <trkpt lat="43.386769" lon="25.641472"><ele>49.25</ele></trkpt>
   <trkpt lat="43.387015" lon="25.64169"><ele>49.75</ele></trkpt>
   <trkpt lat="43.387535" lon="25.642319"><ele>51</ele></trkpt>
   <trkpt lat="43.38897" lon="25.644022"><ele>48</ele></trkpt>
   <trkpt lat="43.389641" lon="25.644731"><ele>46</ele></trkpt>
   <trkpt lat="43.391799" lon="25.64668"><ele>45.75</ele></trkpt>
   <trkpt lat="43.392348" lon="25.647095"><ele>46.75</ele></trkpt>
   <trkpt lat="43.392855" lon="25.647387"><ele>47</ele></trkpt>
   <trkpt lat="43.393266" lon="25.64755"><ele>47.25</ele></trkpt>
   <trkpt lat="43.396188" lon="25.648567"><ele>47.75</ele></trkpt>
   <trkpt lat="43.396708" lon="25.648827"><ele>47.25</ele></trkpt>
   <trkpt lat="43.397093" lon="25.649128"><ele>46.25</ele></trkpt>
   <trkpt lat="43.39743" lon="25.649472"><ele>46.75</ele></trkpt>
   <trkpt lat="43.398401" lon="25.650584"><ele>46</ele></trkpt>
   <trkpt lat="43.398862" lon="25.651169"><ele>46.75</ele></trkpt>
   <trkpt lat="43.399141" lon="25.651703"><ele>47.75</ele></trkpt>
   <trkpt lat="43.399359" lon="25.652309"><ele>47.75</ele></trkpt>
   <trkpt lat="43.39977" lon="25.653612"><ele>46.5</ele></trkpt>
   <trkpt lat="43.400037" lon="25.65454"><ele>45.5</ele></trkpt>
   <trkpt lat="43.400522" lon="25.656541"><ele>45.75</ele></trkpt>
   <trkpt lat="43.400765" lon="25.657328"><ele>46.5</ele></trkpt>
   <trkpt lat="43.401006" lon="25.657845"><ele>46.5</ele></trkpt>
   <trkpt lat="43.402268" lon="25.660138"><ele>46.5</ele></trkpt>
   <trkpt lat="43.402724" lon="25.660734"><ele>45.5</ele></trkpt>
   <trkpt lat="43.403324" lon="25.661233"><ele>44.5</ele></trkpt>
   <trkpt lat="43.404563" lon="25.662161"><ele>44.75</ele></trkpt>
   <trkpt lat="43.405047" lon="25.662475"><ele>45</ele></trkpt>
   <trkpt lat="43.405503" lon="25.662647"><ele>45.75</ele></trkpt>
   <trkpt lat="43.405982" lon="25.662727"><ele>46.5</ele></trkpt>
   <trkpt lat="43.408238" lon="25.663005"><ele>45.25</ele></trkpt>
   <trkpt lat="43.408966" lon="25.663058"><ele>45.75</ele></trkpt>
   <trkpt lat="43.409583" lon="25.66297"><ele>45.5</ele></trkpt>
   <trkpt lat="43.410616" lon="25.6627"><ele>44.75</ele></trkpt>
   <trkpt lat="43.411396" lon="25.662453"><ele>45.25</ele></trkpt>
   <trkpt lat="43.412061" lon="25.662192"><ele>45.5</ele></trkpt>
   <trkpt lat="43.412812" lon="25.661861"><ele>45.5</ele></trkpt>
   <trkpt lat="43.41346" lon="25.661652"><ele>45.75</ele></trkpt>
   <trkpt lat="43.414601" lon="25.661343"><ele>45.25</ele></trkpt>
   <trkpt lat="43.416723" lon="25.660747"><ele>45.75</ele></trkpt>
   <trkpt lat="43.417318" lon="25.660648"><ele>46.25</ele></trkpt>
   <trkpt lat="43.417743" lon="25.660688"><ele>46.25</ele></trkpt>
   <trkpt lat="43.418079" lon="25.660768"><ele>46.25</ele></trkpt>
   <trkpt lat="43.418443" lon="25.660912"><ele>46.25</ele></trkpt>
   <trkpt lat="43.419306" lon="25.66133"><ele>48.5</ele></trkpt>
   <trkpt lat="43.420581" lon="25.661978"><ele>53</ele></trkpt>
   <trkpt lat="43.420944" lon="25.662249"><ele>53</ele></trkpt>
   <trkpt lat="43.421205" lon="25.662503"><ele>53.5</ele></trkpt>
   <trkpt lat="43.422258" lon="25.663718"><ele>54.5</ele></trkpt>
   <trkpt lat="43.42273" lon="25.664294"><ele>55</ele></trkpt>
   <trkpt lat="43.423249" lon="25.665055"><ele>56.25</ele></trkpt>
   <trkpt lat="43.425669" lon="25.669199"><ele>53.75</ele></trkpt>
   <trkpt lat="43.425955" lon="25.669564"><ele>53.5</ele></trkpt>
   <trkpt lat="43.426277" lon="25.6699"><ele>52.75</ele></trkpt>
   <trkpt lat="43.426654" lon="25.67013"><ele>55.5</ele></trkpt>
   <trkpt lat="43.426964" lon="25.670252"><ele>54.25</ele></trkpt>
   <trkpt lat="43.427138" lon="25.670298"><ele>53.25</ele></trkpt>
   <trkpt lat="43.427362" lon="25.670333"><ele>51.75</ele></trkpt>
   <trkpt lat="43.427773" lon="25.670317"><ele>48.75</ele></trkpt>
   <trkpt lat="43.428146" lon="25.67021"><ele>47</ele></trkpt>
   <trkpt lat="43.428488" lon="25.670028"><ele>46.25</ele></trkpt>
   <trkpt lat="43.428818" lon="25.669751"><ele>46.75</ele></trkpt>
   <trkpt lat="43.429146" lon="25.669348"><ele>49.5</ele></trkpt>
   <trkpt lat="43.429386" lon="25.668967"><ele>50</ele></trkpt>
   <trkpt lat="43.429582" lon="25.668526"><ele>50.25</ele></trkpt>
   <trkpt lat="43.42972" lon="25.668114"><ele>49</ele></trkpt>
   <trkpt lat="43.429783" lon="25.66781"><ele>47.75</ele></trkpt>
   <trkpt lat="43.429844" lon="25.66732"><ele>47</ele></trkpt>
   <trkpt lat="43.429865" lon="25.666888"><ele>47.75</ele></trkpt>
   <trkpt lat="43.429892" lon="25.665638"><ele>49.25</ele></trkpt>
   <trkpt lat="43.42994" lon="25.664819"><ele>48</ele></trkpt>
   <trkpt lat="43.43003" lon="25.66416"><ele>48.5</ele></trkpt>
   <trkpt lat="43.430445" lon="25.662183"><ele>51.75</ele></trkpt>
   <trkpt lat="43.430625" lon="25.661505"><ele>48.75</ele></trkpt>
   <trkpt lat="43.430867" lon="25.660866"><ele>48</ele></trkpt>
   <trkpt lat="43.431246" lon="25.660227"><ele>48.5</ele></trkpt>
   <trkpt lat="43.432213" lon="25.658809"><ele>49.25</ele></trkpt>
   <trkpt lat="43.433636" lon="25.656765"><ele>42.75</ele></trkpt>
   <trkpt lat="43.434258" lon="25.656024"><ele>43.25</ele></trkpt>
   <trkpt lat="43.434686" lon="25.65568"><ele>44.75</ele></trkpt>
   <trkpt lat="43.43581" lon="25.655028"><ele>45</ele></trkpt>
   <trkpt lat="43.436761" lon="25.654592"><ele>47.75</ele></trkpt>
   <trkpt lat="43.43751" lon="25.65442"><ele>45.5</ele></trkpt>
   <trkpt lat="43.438801" lon="25.654391"><ele>45.25</ele></trkpt>
   <trkpt lat="43.439417" lon="25.654449"><ele>45.25</ele></trkpt>
   <trkpt lat="43.439976" lon="25.654621"><ele>43</ele></trkpt>
   <trkpt lat="43.440487" lon="25.654834"><ele>43</ele></trkpt>
   <trkpt lat="43.444184" lon="25.656439"><ele>45.75</ele></trkpt>
   <trkpt lat="43.444906" lon="25.656766"><ele>44.75</ele></trkpt>
   <trkpt lat="43.445419" lon="25.657056"><ele>44.25</ele></trkpt>
   <trkpt lat="43.446069" lon="25.657476"><ele>41</ele></trkpt>
   <trkpt lat="43.446517" lon="25.657747"><ele>41</ele></trkpt>
   <trkpt lat="43.446962" lon="25.657939"><ele>40.25</ele></trkpt>
   <trkpt lat="43.447387" lon="25.658042"><ele>40.25</ele></trkpt>
   <trkpt lat="43.447853" lon="25.658052"><ele>39.75</ele></trkpt>
   <trkpt lat="43.448243" lon="25.658002"><ele>39.25</ele></trkpt>
   <trkpt lat="43.448707" lon="25.657869"><ele>38.25</ele></trkpt>
   <trkpt lat="43.449698" lon="25.657533"><ele>36.75</ele></trkpt>
   <trkpt lat="43.449776" lon="25.657506"><ele>36.75</ele></trkpt>
   <trkpt lat="43.449948" lon="25.657445"><ele>37</ele></trkpt>
   <trkpt lat="43.450504" lon="25.657409"><ele>38.5</ele></trkpt>
   <trkpt lat="43.451371" lon="25.65757"><ele>41.5</ele></trkpt>
   <trkpt lat="43.452844" lon="25.657928"><ele>44.25</ele></trkpt>
   <trkpt lat="43.453834" lon="25.658143"><ele>41.75</ele></trkpt>
   <trkpt lat="43.454886" lon="25.658443"><ele>42.25</ele></trkpt>
   <trkpt lat="43.458551" lon="25.659616"><ele>47.5</ele></trkpt>
   <trkpt lat="43.459378" lon="25.659958"><ele>48</ele></trkpt>
   <trkpt lat="43.460226" lon="25.660471"><ele>45.75</ele></trkpt>
   <trkpt lat="43.462311" lon="25.661898"><ele>48.25</ele></trkpt>
   <trkpt lat="43.462848" lon="25.662346"><ele>47.75</ele></trkpt>
   <trkpt lat="43.463091" lon="25.662601"><ele>47.75</ele></trkpt>
   <trkpt lat="43.46329" lon="25.662835"><ele>47.5</ele></trkpt>
   <trkpt lat="43.463594" lon="25.663311"><ele>47.75</ele></trkpt>
   <trkpt lat="43.463928" lon="25.66394"><ele>48.75</ele></trkpt>
   <trkpt lat="43.4645" lon="25.664951"><ele>50</ele></trkpt>
   <trkpt lat="43.464606" lon="25.665151"><ele>50</ele></trkpt>
   <trkpt lat="43.464807" lon="25.665528"><ele>50.5</ele></trkpt>
   <trkpt lat="43.465404" lon="25.666609"><ele>51.5</ele></trkpt>
   <trkpt lat="43.465961" lon="25.667155"><ele>52</ele></trkpt>
   <trkpt lat="43.467328" lon="25.667948"><ele>53</ele></trkpt>
   <trkpt lat="43.469074" lon="25.669101"><ele>52</ele></trkpt>
   <trkpt lat="43.469504" lon="25.669385"><ele>52.75</ele></trkpt>
   <trkpt lat="43.471078" lon="25.670447"><ele>54</ele></trkpt>
   <trkpt lat="43.471517" lon="25.670743"><ele>54.5</ele></trkpt>
   <trkpt lat="43.471897" lon="25.670899"><ele>55.5</ele></trkpt>
   <trkpt lat="43.472401" lon="25.671015"><ele>56.5</ele></trkpt>
   <trkpt lat="43.47293" lon="25.670993"><ele>55.5</ele></trkpt>
   <trkpt lat="43.473375" lon="25.670871"><ele>54</ele></trkpt>
   <trkpt lat="43.473643" lon="25.670739"><ele>54</ele></trkpt>
   <trkpt lat="43.473833" lon="25.670601"><ele>54</ele></trkpt>
   <trkpt lat="43.47409" lon="25.670402"><ele>54</ele></trkpt>
   <trkpt lat="43.474348" lon="25.670136"><ele>54</ele></trkpt>
   <trkpt lat="43.474555" lon="25.669873"><ele>54.5</ele></trkpt>
   <trkpt lat="43.474747" lon="25.669567"><ele>55</ele></trkpt>
   <trkpt lat="43.475011" lon="25.669006"><ele>56.25</ele></trkpt>
   <trkpt lat="43.475484" lon="25.667962"><ele>59.25</ele></trkpt>
   <trkpt lat="43.475669" lon="25.66759"><ele>60.5</ele></trkpt>
   <trkpt lat="43.475899" lon="25.667247"><ele>61</ele></trkpt>
   <trkpt lat="43.476148" lon="25.66695"><ele>60.5</ele></trkpt>
   <trkpt lat="43.476417" lon="25.666717"><ele>58.5</ele></trkpt>
   <trkpt lat="43.47673" lon="25.66652"><ele>55.25</ele></trkpt>
   <trkpt lat="43.477108" lon="25.666354"><ele>52.5</ele></trkpt>
   <trkpt lat="43.477634" lon="25.666265"><ele>50.25</ele></trkpt>
   <trkpt lat="43.478064" lon="25.666288"><ele>49.25</ele></trkpt>
   <trkpt lat="43.478538" lon="25.666398"><ele>49.5</ele></trkpt>
   <trkpt lat="43.478907" lon="25.666601"><ele>50.75</ele></trkpt>
   <trkpt lat="43.47934" lon="25.666955"><ele>51</ele></trkpt>
   <trkpt lat="43.479726" lon="25.66743"><ele>50.25</ele></trkpt>
   <trkpt lat="43.48" lon="25.667896"><ele>49</ele></trkpt>
   <trkpt lat="43.480187" lon="25.668366"><ele>46.5</ele></trkpt>
   <trkpt lat="43.480491" lon="25.66928"><ele>43.25</ele></trkpt>
   <trkpt lat="43.481182" lon="25.671519"><ele>42</ele></trkpt>
   <trkpt lat="43.48139" lon="25.672204"><ele>37.75</ele></trkpt>
   <trkpt lat="43.482012" lon="25.674157"><ele>31.5</ele></trkpt>
   <trkpt lat="43.482506" lon="25.675481"><ele>32</ele></trkpt>
   <trkpt lat="43.482788" lon="25.675982"><ele>33</ele></trkpt>
   <trkpt lat="43.483067" lon="25.676375"><ele>33.5</ele></trkpt>
   <trkpt lat="43.483522" lon="25.676923"><ele>33.5</ele></trkpt>
   <trkpt lat="43.484609" lon="25.678008"><ele>34.75</ele></trkpt>
   <trkpt lat="43.487225" lon="25.680567"><ele>34.25</ele></trkpt>
   <trkpt lat="43.49719" lon="25.690343"><ele>46</ele></trkpt>
   <trkpt lat="43.497529" lon="25.690682"><ele>45.75</ele></trkpt>
   <trkpt lat="43.497834" lon="25.691037"><ele>46</ele></trkpt>
   <trkpt lat="43.498143" lon="25.69156"><ele>47.5</ele></trkpt>
   <trkpt lat="43.498395" lon="25.69225"><ele>47.75</ele></trkpt>
   <trkpt lat="43.498501" lon="25.692817"><ele>47.75</ele></trkpt>
   <trkpt lat="43.498505" lon="25.693449"><ele>48.75</ele></trkpt>
   <trkpt lat="43.498464" lon="25.69396"><ele>48.75</ele></trkpt>
   <trkpt lat="43.49843" lon="25.694177"><ele>48.75</ele></trkpt>
   <trkpt lat="43.498377" lon="25.694401"><ele>49.5</ele></trkpt>
   <trkpt lat="43.498251" lon="25.694832"><ele>50.75</ele></trkpt>
   <trkpt lat="43.498052" lon="25.695234"><ele>52</ele></trkpt>
   <trkpt lat="43.497709" lon="25.695778"><ele>54</ele></trkpt>
   <trkpt lat="43.497373" lon="25.696096"><ele>55.25</ele></trkpt>
   <trkpt lat="43.496995" lon="25.696352"><ele>56.25</ele></trkpt>
   <trkpt lat="43.496555" lon="25.696502"><ele>57.25</ele></trkpt>
   <trkpt lat="43.496187" lon="25.696524"><ele>57.5</ele></trkpt>
   <trkpt lat="43.495777" lon="25.696484"><ele>57.75</ele></trkpt>
   <trkpt lat="43.495094" lon="25.696347"><ele>60</ele></trkpt>
   <trkpt lat="43.494752" lon="25.696301"><ele>61.25</ele></trkpt>
   <trkpt lat="43.494395" lon="25.696299"><ele>62.75</ele></trkpt>
   <trkpt lat="43.493958" lon="25.696449"><ele>65</ele></trkpt>
   <trkpt lat="43.493626" lon="25.696626"><ele>66</ele></trkpt>
   <trkpt lat="43.493363" lon="25.696873"><ele>67</ele></trkpt>
   <trkpt lat="43.493075" lon="25.697191"><ele>67.25</ele></trkpt>
   <trkpt lat="43.49285" lon="25.697554"><ele>67.75</ele></trkpt>
   <trkpt lat="43.492674" lon="25.69792"><ele>68.5</ele></trkpt>
   <trkpt lat="43.492232" lon="25.699395"><ele>72.75</ele></trkpt>
   <trkpt lat="43.492043" lon="25.69997"><ele>74.5</ele></trkpt>
   <trkpt lat="43.491751" lon="25.700505"><ele>75.75</ele></trkpt>
   <trkpt lat="43.491488" lon="25.700854"><ele>75.75</ele></trkpt>
   <trkpt lat="43.49118" lon="25.701141"><ele>74.5</ele></trkpt>
   <trkpt lat="43.490812" lon="25.701362"><ele>72.75</ele></trkpt>
   <trkpt lat="43.490418" lon="25.701495"><ele>73.75</ele></trkpt>
   <trkpt lat="43.490039" lon="25.701486"><ele>74.5</ele></trkpt>
   <trkpt lat="43.489684" lon="25.701433"><ele>77.5</ele></trkpt>
   <trkpt lat="43.489386" lon="25.701318"><ele>80.25</ele></trkpt>
   <trkpt lat="43.488587" lon="25.700898"><ele>86.25</ele></trkpt>
   <trkpt lat="43.488046" lon="25.700682"><ele>88.5</ele></trkpt>
   <trkpt lat="43.48752" lon="25.700624"><ele>89.75</ele></trkpt>
   <trkpt lat="43.48716" lon="25.700689"><ele>90</ele></trkpt>
   <trkpt lat="43.486818" lon="25.700788"><ele>90.5</ele></trkpt>
   <trkpt lat="43.486419" lon="25.70106"><ele>91.25</ele></trkpt>
   <trkpt lat="43.486056" lon="25.701441"><ele>92.25</ele></trkpt>
   <trkpt lat="43.485756" lon="25.701908"><ele>93</ele></trkpt>
   <trkpt lat="43.485552" lon="25.702458"><ele>92.75</ele></trkpt>
   <trkpt lat="43.485397" lon="25.703154"><ele>94</ele></trkpt>
   <trkpt lat="43.48538" lon="25.703857"><ele>94.5</ele></trkpt>
   <trkpt lat="43.485432" lon="25.704444"><ele>94.5</ele></trkpt>
   <trkpt lat="43.485589" lon="25.705045"><ele>95.5</ele></trkpt>
   <trkpt lat="43.486139" lon="25.706713"><ele>97.5</ele></trkpt>
   <trkpt lat="43.486426" lon="25.707759"><ele>100.25</ele></trkpt>
   <trkpt lat="43.486588" lon="25.708617"><ele>104</ele></trkpt>
   <trkpt lat="43.486624" lon="25.709397"><ele>105</ele></trkpt>
   <trkpt lat="43.486688" lon="25.713497"><ele>112.75</ele></trkpt>
   <trkpt lat="43.486663" lon="25.716908"><ele>117.75</ele></trkpt>
   <trkpt lat="43.486592" lon="25.718497"><ele>121.25</ele></trkpt>
   <trkpt lat="43.486547" lon="25.719011"><ele>121.75</ele></trkpt>
   <trkpt lat="43.486365" lon="25.720389"><ele>124.75</ele></trkpt>
   <trkpt lat="43.48632" lon="25.720992"><ele>126.25</ele></trkpt>
   <trkpt lat="43.486357" lon="25.721425"><ele>128</ele></trkpt>
   <trkpt lat="43.486437" lon="25.72184"><ele>131.25</ele></trkpt>
   <trkpt lat="43.486616" lon="25.722402"><ele>137.5</ele></trkpt>
   <trkpt lat="43.486793" lon="25.722748"><ele>139.75</ele></trkpt>
   <trkpt lat="43.487056" lon="25.723129"><ele>140.5</ele></trkpt>
   <trkpt lat="43.487566" lon="25.723645"><ele>140.5</ele></trkpt>
   <trkpt lat="43.488268" lon="25.724234"><ele>140.5</ele></trkpt>
   <trkpt lat="43.488596" lon="25.724462"><ele>141.75</ele></trkpt>
   <trkpt lat="43.488974" lon="25.72463"><ele>143.5</ele></trkpt>
   <trkpt lat="43.489435" lon="25.724741"><ele>145.5</ele></trkpt>
   <trkpt lat="43.490035" lon="25.724834"><ele>148</ele></trkpt>
   <trkpt lat="43.490371" lon="25.724923"><ele>148</ele></trkpt>
   <trkpt lat="43.490801" lon="25.725137"><ele>148.5</ele></trkpt>
   <trkpt lat="43.49111" lon="25.725387"><ele>148.75</ele></trkpt>
   <trkpt lat="43.491328" lon="25.725609"><ele>149.25</ele></trkpt>
   <trkpt lat="43.491595" lon="25.725982"><ele>150.75</ele></trkpt>
   <trkpt lat="43.491815" lon="25.726435"><ele>150.75</ele></trkpt>
   <trkpt lat="43.491971" lon="25.726891"><ele>150.75</ele></trkpt>
   <trkpt lat="43.492115" lon="25.727448"><ele>151.75</ele></trkpt>
   <trkpt lat="43.492938" lon="25.730876"><ele>160.25</ele></trkpt>
   <trkpt lat="43.493055" lon="25.731669"><ele>162</ele></trkpt>
   <trkpt lat="43.493094" lon="25.732331"><ele>163</ele></trkpt>
   <trkpt lat="43.493078" lon="25.732859"><ele>163.75</ele></trkpt>
   <trkpt lat="43.493041" lon="25.733427"><ele>165</ele></trkpt>
   <trkpt lat="43.492756" lon="25.735028"><ele>171</ele></trkpt>
   <trkpt lat="43.492659" lon="25.735653"><ele>171.25</ele></trkpt>
   <trkpt lat="43.492632" lon="25.736207"><ele>171.75</ele></trkpt>
   <trkpt lat="43.492656" lon="25.736731"><ele>172.5</ele></trkpt>
   <trkpt lat="43.492754" lon="25.737298"><ele>173</ele></trkpt>
   <trkpt lat="43.492883" lon="25.737782"><ele>174</ele></trkpt>
   <trkpt lat="43.493613" lon="25.739784"><ele>179.75</ele></trkpt>
   <trkpt lat="43.493719" lon="25.740135"><ele>180.5</ele></trkpt>
   <trkpt lat="43.493788" lon="25.740479"><ele>182</ele></trkpt>
   <trkpt lat="43.493846" lon="25.741007"><ele>183.75</ele></trkpt>
   <trkpt lat="43.493859" lon="25.741437"><ele>184.25</ele></trkpt>
   <trkpt lat="43.493822" lon="25.741976"><ele>184.5</ele></trkpt>
   <trkpt lat="43.493574" lon="25.743723"><ele>190.75</ele></trkpt>
   <trkpt lat="43.493442" lon="25.744371"><ele>194</ele></trkpt>
   <trkpt lat="43.493157" lon="25.745186"><ele>196.5</ele></trkpt>
   <trkpt lat="43.492835" lon="25.745746"><ele>197</ele></trkpt>
   <trkpt lat="43.492327" lon="25.746338"><ele>196</ele></trkpt>
   <trkpt lat="43.491446" lon="25.747274"><ele>197</ele></trkpt>
   <trkpt lat="43.49102" lon="25.747882"><ele>199.25</ele></trkpt>
   <trkpt lat="43.490823" lon="25.748402"><ele>199.75</ele></trkpt>
   <trkpt lat="43.490665" lon="25.749021"><ele>197.75</ele></trkpt>
   <trkpt lat="43.490559" lon="25.749938"><ele>197.5</ele></trkpt>
   <trkpt lat="43.490285" lon="25.753606"><ele>204.75</ele></trkpt>
   <trkpt lat="43.490157" lon="25.755105"><ele>205.75</ele></trkpt>
   <trkpt lat="43.489366" lon="25.759078"><ele>210.75</ele></trkpt>
   <trkpt lat="43.489224" lon="25.759544"><ele>211.25</ele></trkpt>
   <trkpt lat="43.489007" lon="25.76017"><ele>209.75</ele></trkpt>
   <trkpt lat="43.488315" lon="25.761494"><ele>215.25</ele></trkpt>
   <trkpt lat="43.488141" lon="25.762018"><ele>215</ele></trkpt>
   <trkpt lat="43.488007" lon="25.762709"><ele>214.25</ele></trkpt>
   <trkpt lat="43.487793" lon="25.763728"><ele>213.75</ele></trkpt>
   <trkpt lat="43.487676" lon="25.764187"><ele>215</ele></trkpt>
   <trkpt lat="43.48746" lon="25.764674"><ele>217.5</ele></trkpt>
   <trkpt lat="43.487106" lon="25.765242"><ele>219.75</ele></trkpt>
   <trkpt lat="43.486695" lon="25.765613"><ele>223.5</ele></trkpt>
   <trkpt lat="43.486203" lon="25.765875"><ele>224.5</ele></trkpt>
   <trkpt lat="43.485623" lon="25.766006"><ele>225.5</ele></trkpt>
   <trkpt lat="43.484678" lon="25.766035"><ele>226</ele></trkpt>
   <trkpt lat="43.484007" lon="25.766232"><ele>224.25</ele></trkpt>
   <trkpt lat="43.483462" lon="25.766674"><ele>223.25</ele></trkpt>
   <trkpt lat="43.482993" lon="25.76728"><ele>223.25</ele></trkpt>
   <trkpt lat="43.482734" lon="25.767942"><ele>226.5</ele></trkpt>
   <trkpt lat="43.48256" lon="25.768801"><ele>232.5</ele></trkpt>
   <trkpt lat="43.482449" lon="25.770671"><ele>237.25</ele></trkpt>
   <trkpt lat="43.482333" lon="25.771384"><ele>239.25</ele></trkpt>
   <trkpt lat="43.482095" lon="25.771981"><ele>241.75</ele></trkpt>
   <trkpt lat="43.481288" lon="25.773291"><ele>248.75</ele></trkpt>
   <trkpt lat="43.480992" lon="25.773902"><ele>247</ele></trkpt>
   <trkpt lat="43.480802" lon="25.774601"><ele>244.25</ele></trkpt>
   <trkpt lat="43.480723" lon="25.775591"><ele>243.5</ele></trkpt>
   <trkpt lat="43.48087" lon="25.776551"><ele>246.75</ele></trkpt>
   <trkpt lat="43.481192" lon="25.777388"><ele>253</ele></trkpt>
   <trkpt lat="43.48199" lon="25.779186"><ele>254.25</ele></trkpt>
   <trkpt lat="43.482227" lon="25.779891"><ele>255</ele></trkpt>
   <trkpt lat="43.482409" lon="25.780787"><ele>256.25</ele></trkpt>
   <trkpt lat="43.482625" lon="25.781771"><ele>258.5</ele></trkpt>
   <trkpt lat="43.482877" lon="25.782387"><ele>263.5</ele></trkpt>
   <trkpt lat="43.483244" lon="25.782968"><ele>266.5</ele></trkpt>
   <trkpt lat="43.483879" lon="25.783509"><ele>267</ele></trkpt>
   <trkpt lat="43.48484" lon="25.783874"><ele>268.75</ele></trkpt>
   <trkpt lat="43.485359" lon="25.784058"><ele>271.75</ele></trkpt>
   <trkpt lat="43.4858" lon="25.784366"><ele>275</ele></trkpt>
   <trkpt lat="43.486137" lon="25.784724"><ele>279.25</ele></trkpt>
   <trkpt lat="43.486476" lon="25.785265"><ele>284</ele></trkpt>
   <trkpt lat="43.486697" lon="25.785825"><ele>287</ele></trkpt>
   <trkpt lat="43.486841" lon="25.786515"><ele>285</ele></trkpt>
   <trkpt lat="43.486851" lon="25.787429"><ele>282.25</ele></trkpt>
   <trkpt lat="43.486751" lon="25.788098"><ele>281</ele></trkpt>
   <trkpt lat="43.48654" lon="25.788682"><ele>279.75</ele></trkpt>
   <trkpt lat="43.485998" lon="25.789783"><ele>279</ele></trkpt>
   <trkpt lat="43.485716" lon="25.790445"><ele>278.5</ele></trkpt>
   <trkpt lat="43.485545" lon="25.791088"><ele>277.25</ele></trkpt>
   <trkpt lat="43.485457" lon="25.791704"><ele>277</ele></trkpt>
   <trkpt lat="43.48546" lon="25.79234"><ele>276.75</ele></trkpt>
   <trkpt lat="43.485577" lon="25.793155"><ele>278.5</ele></trkpt>
   <trkpt lat="43.485909" lon="25.79445"><ele>279.5</ele></trkpt>
   <trkpt lat="43.485979" lon="25.794774"><ele>280.25</ele></trkpt>
   <trkpt lat="43.486029" lon="25.795071"><ele>280.75</ele></trkpt>
   <trkpt lat="43.486052" lon="25.795453"><ele>281.25</ele></trkpt>
   <trkpt lat="43.486059" lon="25.795809"><ele>282</ele></trkpt>
   <trkpt lat="43.486028" lon="25.796193"><ele>282</ele></trkpt>
   <trkpt lat="43.48598" lon="25.796574"><ele>282</ele></trkpt>
   <trkpt lat="43.485918" lon="25.796846"><ele>282</ele></trkpt>
   <trkpt lat="43.485837" lon="25.797157"><ele>282.25</ele></trkpt>
   <trkpt lat="43.485772" lon="25.797349"><ele>282.25</ele></trkpt>
   <trkpt lat="43.485665" lon="25.797608"><ele>282</ele></trkpt>
   <trkpt lat="43.485561" lon="25.797822"><ele>281.5</ele></trkpt>
   <trkpt lat="43.485445" lon="25.798019"><ele>281.25</ele></trkpt>
   <trkpt lat="43.48533" lon="25.798192"><ele>281.25</ele></trkpt>
   <trkpt lat="43.48519" lon="25.798381"><ele>281.5</ele></trkpt>
   <trkpt lat="43.485011" lon="25.798587"><ele>281.5</ele></trkpt>
   <trkpt lat="43.484264" lon="25.799349"><ele>281.25</ele></trkpt>
   <trkpt lat="43.483882" lon="25.799767"><ele>281.75</ele></trkpt>
   <trkpt lat="43.483661" lon="25.800061"><ele>282</ele></trkpt>
   <trkpt lat="43.483545" lon="25.800262"><ele>281.75</ele></trkpt>
   <trkpt lat="43.483404" lon="25.800516"><ele>282</ele></trkpt>
   <trkpt lat="43.483285" lon="25.80081"><ele>282</ele></trkpt>
   <trkpt lat="43.483166" lon="25.801162"><ele>282.5</ele></trkpt>
   <trkpt lat="43.483109" lon="25.801398"><ele>282.75</ele></trkpt>
   <trkpt lat="43.483055" lon="25.80166"><ele>283.25</ele></trkpt>
   <trkpt lat="43.483005" lon="25.802047"><ele>284</ele></trkpt>
   <trkpt lat="43.482987" lon="25.802319"><ele>284.5</ele></trkpt>
   <trkpt lat="43.482973" lon="25.802758"><ele>285.25</ele></trkpt>
   <trkpt lat="43.482974" lon="25.80427"><ele>287.5</ele></trkpt>
   <trkpt lat="43.482989" lon="25.804627"><ele>287.5</ele></trkpt>
   <trkpt lat="43.48302" lon="25.804927"><ele>287.75</ele></trkpt>
   <trkpt lat="43.483073" lon="25.805263"><ele>288</ele></trkpt>
   <trkpt lat="43.48313" lon="25.805524"><ele>288.25</ele></trkpt>
   <trkpt lat="43.483203" lon="25.805775"><ele>288.25</ele></trkpt>
   <trkpt lat="43.483282" lon="25.806"><ele>288.75</ele></trkpt>
   <trkpt lat="43.483371" lon="25.806212"><ele>289</ele></trkpt>
   <trkpt lat="43.483492" lon="25.806466"><ele>289.75</ele></trkpt>
   <trkpt lat="43.48361" lon="25.806672"><ele>290.25</ele></trkpt>
   <trkpt lat="43.483736" lon="25.806859"><ele>290</ele></trkpt>
   <trkpt lat="43.483964" lon="25.807135"><ele>289.75</ele></trkpt>
   <trkpt lat="43.484102" lon="25.807289"><ele>289.75</ele></trkpt>
   <trkpt lat="43.484242" lon="25.807417"><ele>290</ele></trkpt>
   <trkpt lat="43.484519" lon="25.807616"><ele>290.5</ele></trkpt>
   <trkpt lat="43.484829" lon="25.807813"><ele>291</ele></trkpt>
   <trkpt lat="43.485087" lon="25.807956"><ele>291.25</ele></trkpt>
   <trkpt lat="43.485599" lon="25.808199"><ele>291</ele></trkpt>
   <trkpt lat="43.485967" lon="25.808473"><ele>291.5</ele></trkpt>
   <trkpt lat="43.486315" lon="25.808691"><ele>292.5</ele></trkpt>
   <trkpt lat="43.487646" lon="25.8094"><ele>292.25</ele></trkpt>
   <trkpt lat="43.487966" lon="25.809585"><ele>292</ele></trkpt>
   <trkpt lat="43.488213" lon="25.809699"><ele>291.5</ele></trkpt>
   <trkpt lat="43.488392" lon="25.809781"><ele>291.25</ele></trkpt>
   <trkpt lat="43.489001" lon="25.810119"><ele>291.25</ele></trkpt>
   <trkpt lat="43.489849" lon="25.81061"><ele>289.25</ele></trkpt>
   <trkpt lat="43.49048" lon="25.810945"><ele>288.75</ele></trkpt>
   <trkpt lat="43.490861" lon="25.811173"><ele>289.75</ele></trkpt>
   <trkpt lat="43.491046" lon="25.811294"><ele>289.75</ele></trkpt>
   <trkpt lat="43.491361" lon="25.811524"><ele>290</ele></trkpt>
   <trkpt lat="43.491597" lon="25.811686"><ele>290</ele></trkpt>
   <trkpt lat="43.491923" lon="25.811972"><ele>289.25</ele></trkpt>
   <trkpt lat="43.492127" lon="25.81217"><ele>289.25</ele></trkpt>
   <trkpt lat="43.492556" lon="25.812575"><ele>290.25</ele></trkpt>
   <trkpt lat="43.49303" lon="25.81314"><ele>293.25</ele></trkpt>
   <trkpt lat="43.493569" lon="25.813958"><ele>292.75</ele></trkpt>
   <trkpt lat="43.494645" lon="25.815799"><ele>290.25</ele></trkpt>
   <trkpt lat="43.495527" lon="25.817254"><ele>290.25</ele></trkpt>
   <trkpt lat="43.496287" lon="25.818469"><ele>289.25</ele></trkpt>
   <trkpt lat="43.496783" lon="25.819114"><ele>290.25</ele></trkpt>
   <trkpt lat="43.499068" lon="25.821918"><ele>296</ele></trkpt>
   <trkpt lat="43.503162" lon="25.826886"><ele>296</ele></trkpt>
   <trkpt lat="43.503902" lon="25.827929"><ele>293.75</ele></trkpt>
   <trkpt lat="43.505521" lon="25.830478"><ele>287.5</ele></trkpt>
   <trkpt lat="43.50603" lon="25.831247"><ele>287.5</ele></trkpt>
   <trkpt lat="43.506527" lon="25.831879"><ele>287.25</ele></trkpt>
   <trkpt lat="43.507024" lon="25.832397"><ele>287.25</ele></trkpt>
   <trkpt lat="43.507571" lon="25.832851"><ele>289</ele></trkpt>
   <trkpt lat="43.508062" lon="25.833191"><ele>291.75</ele></trkpt>
   <trkpt lat="43.508568" lon="25.833478"><ele>293</ele></trkpt>
   <trkpt lat="43.509981" lon="25.834132"><ele>289</ele></trkpt>
   <trkpt lat="43.510451" lon="25.83438"><ele>290</ele></trkpt>
   <trkpt lat="43.510853" lon="25.834755"><ele>289.75</ele></trkpt>
   <trkpt lat="43.511164" lon="25.835152"><ele>289.75</ele></trkpt>
   <trkpt lat="43.51149" lon="25.835744"><ele>288.75</ele></trkpt>
   <trkpt lat="43.512275" lon="25.837644"><ele>290.25</ele></trkpt>
   <trkpt lat="43.512682" lon="25.838311"><ele>291.5</ele></trkpt>
   <trkpt lat="43.513128" lon="25.838758"><ele>291</ele></trkpt>
   <trkpt lat="43.513547" lon="25.83904"><ele>291.75</ele></trkpt>
   <trkpt lat="43.514155" lon="25.839572"><ele>291.5</ele></trkpt>
   <trkpt lat="43.516431" lon="25.840233"><ele>287.25</ele></trkpt>
   <trkpt lat="43.526151" lon="25.844227"><ele>277.5</ele></trkpt>
   <trkpt lat="43.526985" lon="25.844537"><ele>277</ele></trkpt>
   <trkpt lat="43.52766" lon="25.844722"><ele>277.5</ele></trkpt>
   <trkpt lat="43.528255" lon="25.844859"><ele>277.5</ele></trkpt>
   <trkpt lat="43.529319" lon="25.844908"><ele>278.75</ele></trkpt>
   <trkpt lat="43.530471" lon="25.844878"><ele>279</ele></trkpt>
   <trkpt lat="43.536769" lon="25.844824"><ele>282</ele></trkpt>
   <trkpt lat="43.539737" lon="25.844782"><ele>276.75</ele></trkpt>
   <trkpt lat="43.540074" lon="25.844811"><ele>275.25</ele></trkpt>
   <trkpt lat="43.540418" lon="25.84489"><ele>275.25</ele></trkpt>
   <trkpt lat="43.540773" lon="25.844988"><ele>275</ele></trkpt>
   <trkpt lat="43.541074" lon="25.845143"><ele>274.25</ele></trkpt>
   <trkpt lat="43.541491" lon="25.845401"><ele>272.75</ele></trkpt>
   <trkpt lat="43.54188" lon="25.845761"><ele>271.75</ele></trkpt>
   <trkpt lat="43.542325" lon="25.846268"><ele>271.5</ele></trkpt>
   <trkpt lat="43.542727" lon="25.846898"><ele>270.5</ele></trkpt>
   <trkpt lat="43.543252" lon="25.847764"><ele>269.5</ele></trkpt>
   <trkpt lat="43.543768" lon="25.848478"><ele>269.25</ele></trkpt>
   <trkpt lat="43.544246" lon="25.849049"><ele>269.75</ele></trkpt>
   <trkpt lat="43.544549" lon="25.849347"><ele>269.25</ele></trkpt>
   <trkpt lat="43.544907" lon="25.849663"><ele>269.5</ele></trkpt>
   <trkpt lat="43.545097" lon="25.849829"><ele>269.75</ele></trkpt>
   <trkpt lat="43.545274" lon="25.849953"><ele>269.75</ele></trkpt>
   <trkpt lat="43.545558" lon="25.850154"><ele>269.5</ele></trkpt>
   <trkpt lat="43.545933" lon="25.850379"><ele>269</ele></trkpt>
   <trkpt lat="43.5462" lon="25.850514"><ele>269</ele></trkpt>
   <trkpt lat="43.548066" lon="25.851259"><ele>267.75</ele></trkpt>
   <trkpt lat="43.54878" lon="25.851639"><ele>265.75</ele></trkpt>
   <trkpt lat="43.550128" lon="25.852584"><ele>263</ele></trkpt>
   <trkpt lat="43.557779" lon="25.859091"><ele>253.75</ele></trkpt>
   <trkpt lat="43.565921" lon="25.866118"><ele>243.5</ele></trkpt>
   <trkpt lat="43.566624" lon="25.867078"><ele>242.5</ele></trkpt>
   <trkpt lat="43.56746" lon="25.868562"><ele>242.5</ele></trkpt>
   <trkpt lat="43.568276" lon="25.869469"><ele>244</ele></trkpt>
   <trkpt lat="43.569135" lon="25.869905"><ele>244</ele></trkpt>
   <trkpt lat="43.570012" lon="25.870025"><ele>246</ele></trkpt>
   <trkpt lat="43.571063" lon="25.869834"><ele>248</ele></trkpt>
   <trkpt lat="43.572748" lon="25.869246"><ele>249</ele></trkpt>
   <trkpt lat="43.573277" lon="25.868994"><ele>250</ele></trkpt>
   <trkpt lat="43.573979" lon="25.868523"><ele>252</ele></trkpt>
   <trkpt lat="43.574428" lon="25.86815"><ele>253</ele></trkpt>
   <trkpt lat="43.576239" lon="25.866694"><ele>253.75</ele></trkpt>
   <trkpt lat="43.577211" lon="25.866165"><ele>251.5</ele></trkpt>
   <trkpt lat="43.57788" lon="25.865902"><ele>250.75</ele></trkpt>
   <trkpt lat="43.578644" lon="25.865662"><ele>250</ele></trkpt>
   <trkpt lat="43.579243" lon="25.86553"><ele>249.5</ele></trkpt>
   <trkpt lat="43.58032" lon="25.865554"><ele>248.5</ele></trkpt>
   <trkpt lat="43.581056" lon="25.865705"><ele>246.75</ele></trkpt>
   <trkpt lat="43.583151" lon="25.86607"><ele>244.75</ele></trkpt>
   <trkpt lat="43.583565" lon="25.866184"><ele>244.75</ele></trkpt>
   <trkpt lat="43.583958" lon="25.866369"><ele>244.5</ele></trkpt>
   <trkpt lat="43.584377" lon="25.866651"><ele>243.5</ele></trkpt>
   <trkpt lat="43.58461" lon="25.866861"><ele>242.75</ele></trkpt>
   <trkpt lat="43.584779" lon="25.867036"><ele>242.5</ele></trkpt>
   <trkpt lat="43.585203" lon="25.867575"><ele>241.75</ele></trkpt>
   <trkpt lat="43.585306" lon="25.867713"><ele>241.75</ele></trkpt>
   <trkpt lat="43.585561" lon="25.868055"><ele>241.5</ele></trkpt>
   <trkpt lat="43.58569" lon="25.86827"><ele>241</ele></trkpt>
   <trkpt lat="43.586081" lon="25.868819"><ele>240.75</ele></trkpt>
   <trkpt lat="43.586326" lon="25.869189"><ele>240</ele></trkpt>
   <trkpt lat="43.586573" lon="25.869627"><ele>239</ele></trkpt>
   <trkpt lat="43.588076" lon="25.872612"><ele>241.25</ele></trkpt>
   <trkpt lat="43.588845" lon="25.874113"><ele>240.25</ele></trkpt>
   <trkpt lat="43.589354" lon="25.875055"><ele>239.25</ele></trkpt>
   <trkpt lat="43.589532" lon="25.8753"><ele>238.75</ele></trkpt>
   <trkpt lat="43.589623" lon="25.875455"><ele>238.5</ele></trkpt>
   <trkpt lat="43.58979" lon="25.87574"><ele>238.25</ele></trkpt>
   <trkpt lat="43.5899" lon="25.875927"><ele>238</ele></trkpt>
   <trkpt lat="43.590322" lon="25.87663"><ele>237</ele></trkpt>
   <trkpt lat="43.590768" lon="25.877217"><ele>235.25</ele></trkpt>
   <trkpt lat="43.591805" lon="25.878055"><ele>234</ele></trkpt>
   <trkpt lat="43.592399" lon="25.878338"><ele>234.5</ele></trkpt>
   <trkpt lat="43.592936" lon="25.878489"><ele>233.75</ele></trkpt>
   <trkpt lat="43.595493" lon="25.878631"><ele>231.5</ele></trkpt>
   <trkpt lat="43.595913" lon="25.878728"><ele>232.25</ele></trkpt>
   <trkpt lat="43.596687" lon="25.879121"><ele>235</ele></trkpt>
   <trkpt lat="43.597263" lon="25.879606"><ele>235</ele></trkpt>
   <trkpt lat="43.597774" lon="25.880229"><ele>235.5</ele></trkpt>
   <trkpt lat="43.598288" lon="25.881067"><ele>235</ele></trkpt>
   <trkpt lat="43.598878" lon="25.882357"><ele>238.75</ele></trkpt>
   <trkpt lat="43.599065" lon="25.883049"><ele>239.25</ele></trkpt>
   <trkpt lat="43.599182" lon="25.883605"><ele>239.25</ele></trkpt>
   <trkpt lat="43.599259" lon="25.884367"><ele>239.25</ele></trkpt>
   <trkpt lat="43.599377" lon="25.885954"><ele>242.5</ele></trkpt>
   <trkpt lat="43.599481" lon="25.88653"><ele>243</ele></trkpt>
   <trkpt lat="43.599644" lon="25.887134"><ele>243.25</ele></trkpt>
   <trkpt lat="43.599924" lon="25.887694"><ele>242.75</ele></trkpt>
   <trkpt lat="43.600259" lon="25.888155"><ele>242.75</ele></trkpt>
   <trkpt lat="43.600646" lon="25.88856"><ele>242.75</ele></trkpt>
   <trkpt lat="43.601146" lon="25.888902"><ele>242.25</ele></trkpt>
   <trkpt lat="43.601884" lon="25.889142"><ele>242.25</ele></trkpt>
   <trkpt lat="43.602627" lon="25.88931"><ele>242.25</ele></trkpt>
   <trkpt lat="43.603349" lon="25.889521"><ele>242.5</ele></trkpt>
   <trkpt lat="43.604008" lon="25.889935"><ele>242.5</ele></trkpt>
   <trkpt lat="43.604484" lon="25.890427"><ele>242.25</ele></trkpt>
   <trkpt lat="43.604894" lon="25.890987"><ele>243.25</ele></trkpt>
   <trkpt lat="43.605223" lon="25.891663"><ele>243</ele></trkpt>
   <trkpt lat="43.605524" lon="25.892616"><ele>244</ele></trkpt>
   <trkpt lat="43.60658" lon="25.897806"><ele>246.75</ele></trkpt>
   <trkpt lat="43.60682" lon="25.899036"><ele>246.25</ele></trkpt>
   <trkpt lat="43.607104" lon="25.90043"><ele>243.5</ele></trkpt>
   <trkpt lat="43.607379" lon="25.901455"><ele>244.25</ele></trkpt>
   <trkpt lat="43.607801" lon="25.902387"><ele>244.75</ele></trkpt>
   <trkpt lat="43.608121" lon="25.902974"><ele>244.25</ele></trkpt>
   <trkpt lat="43.608421" lon="25.903443"><ele>244.75</ele></trkpt>
   <trkpt lat="43.608957" lon="25.904132"><ele>245.5</ele></trkpt>
   <trkpt lat="43.610259" lon="25.905528"><ele>246.25</ele></trkpt>
   <trkpt lat="43.610776" lon="25.906175"><ele>247.25</ele></trkpt>
   <trkpt lat="43.611205" lon="25.906893"><ele>247.25</ele></trkpt>
   <trkpt lat="43.611679" lon="25.907887"><ele>245.75</ele></trkpt>
   <trkpt lat="43.611972" lon="25.908835"><ele>247.5</ele></trkpt>
   <trkpt lat="43.612161" lon="25.90964"><ele>248</ele></trkpt>
   <trkpt lat="43.612294" lon="25.910636"><ele>247.25</ele></trkpt>
   <trkpt lat="43.612842" lon="25.915422"><ele>241.25</ele></trkpt>
   <trkpt lat="43.612986" lon="25.916478"><ele>240.25</ele></trkpt>
   <trkpt lat="43.6132" lon="25.917494"><ele>239.25</ele></trkpt>
   <trkpt lat="43.613456" lon="25.918316"><ele>237</ele></trkpt>
   <trkpt lat="43.613757" lon="25.91908"><ele>235.5</ele></trkpt>
   <trkpt lat="43.615236" lon="25.922369"><ele>233</ele></trkpt>
   <trkpt lat="43.616168" lon="25.92454"><ele>232.75</ele></trkpt>
   <trkpt lat="43.616418" lon="25.925264"><ele>233</ele></trkpt>
   <trkpt lat="43.616566" lon="25.925995"><ele>233.5</ele></trkpt>
   <trkpt lat="43.616698" lon="25.927274"><ele>232.75</ele></trkpt>
   <trkpt lat="43.616804" lon="25.928951"><ele>232.5</ele></trkpt>
   <trkpt lat="43.616889" lon="25.929638"><ele>232.75</ele></trkpt>
   <trkpt lat="43.617017" lon="25.930184"><ele>233.5</ele></trkpt>
   <trkpt lat="43.617237" lon="25.930814"><ele>234.5</ele></trkpt>
   <trkpt lat="43.617555" lon="25.931472"><ele>235.5</ele></trkpt>
   <trkpt lat="43.617915" lon="25.932077"><ele>236</ele></trkpt>
   <trkpt lat="43.618326" lon="25.932718"><ele>237.75</ele></trkpt>
   <trkpt lat="43.618843" lon="25.933548"><ele>237.5</ele></trkpt>
   <trkpt lat="43.619236" lon="25.934074"><ele>238.5</ele></trkpt>
   <trkpt lat="43.619908" lon="25.935135"><ele>239.25</ele></trkpt>
   <trkpt lat="43.621139" lon="25.937101"><ele>239.5</ele></trkpt>
   <trkpt lat="43.623345" lon="25.940638"><ele>236.75</ele></trkpt>
   <trkpt lat="43.623671" lon="25.941273"><ele>237</ele></trkpt>
   <trkpt lat="43.624041" lon="25.941862"><ele>236.25</ele></trkpt>
   <trkpt lat="43.624357" lon="25.942397"><ele>237</ele></trkpt>
   <trkpt lat="43.624638" lon="25.942979"><ele>236.5</ele></trkpt>
   <trkpt lat="43.624826" lon="25.94368"><ele>236.5</ele></trkpt>
   <trkpt lat="43.62493" lon="25.944391"><ele>236.25</ele></trkpt>
   <trkpt lat="43.624926" lon="25.945021"><ele>237</ele></trkpt>
   <trkpt lat="43.624856" lon="25.94563"><ele>236.25</ele></trkpt>
   <trkpt lat="43.62469" lon="25.946785"><ele>233</ele></trkpt>
   <trkpt lat="43.624595" lon="25.947509"><ele>231.75</ele></trkpt>
   <trkpt lat="43.624587" lon="25.948098"><ele>231.75</ele></trkpt>
   <trkpt lat="43.62465" lon="25.948703"><ele>232</ele></trkpt>
   <trkpt lat="43.624748" lon="25.949197"><ele>232.5</ele></trkpt>
   <trkpt lat="43.624961" lon="25.949792"><ele>232.5</ele></trkpt>
   <trkpt lat="43.625129" lon="25.950123"><ele>231.75</ele></trkpt>
   <trkpt lat="43.625371" lon="25.950493"><ele>229.5</ele></trkpt>
   <trkpt lat="43.625647" lon="25.950835"><ele>227.75</ele></trkpt>
   <trkpt lat="43.626163" lon="25.951262"><ele>228</ele></trkpt>
   <trkpt lat="43.62667" lon="25.951506"><ele>229.5</ele></trkpt>
   <trkpt lat="43.627495" lon="25.951684"><ele>228.75</ele></trkpt>
   <trkpt lat="43.629084" lon="25.951962"><ele>227.25</ele></trkpt>
   <trkpt lat="43.629943" lon="25.952186"><ele>225.25</ele></trkpt>
   <trkpt lat="43.630929" lon="25.952659"><ele>222.75</ele></trkpt>
   <trkpt lat="43.631835" lon="25.953197"><ele>221.5</ele></trkpt>
   <trkpt lat="43.635022" lon="25.955139"><ele>215.75</ele></trkpt>
   <trkpt lat="43.635731" lon="25.955516"><ele>213.25</ele></trkpt>
   <trkpt lat="43.636652" lon="25.956094"><ele>212.25</ele></trkpt>
   <trkpt lat="43.637193" lon="25.956499"><ele>211</ele></trkpt>
   <trkpt lat="43.64086" lon="25.959925"><ele>203.75</ele></trkpt>
   <trkpt lat="43.653625" lon="25.967661"><ele>188.5</ele></trkpt>
   <trkpt lat="43.653769" lon="25.967748"><ele>188.5</ele></trkpt>
   <trkpt lat="43.654546" lon="25.96821"><ele>185.5</ele></trkpt>
   <trkpt lat="43.654888" lon="25.968459"><ele>184</ele></trkpt>
   <trkpt lat="43.655255" lon="25.968871"><ele>184.75</ele></trkpt>
   <trkpt lat="43.657614" lon="25.971095"><ele>183.25</ele></trkpt>
   <trkpt lat="43.658398" lon="25.971849"><ele>184</ele></trkpt>
   <trkpt lat="43.658935" lon="25.972224"><ele>182.25</ele></trkpt>
   <trkpt lat="43.65975" lon="25.97245"><ele>181</ele></trkpt>
   <trkpt lat="43.660324" lon="25.972398"><ele>179.75</ele></trkpt>
   <trkpt lat="43.660642" lon="25.972293"><ele>179</ele></trkpt>
   <trkpt lat="43.660864" lon="25.972184"><ele>178.5</ele></trkpt>
   <trkpt lat="43.661125" lon="25.972022"><ele>179.5</ele></trkpt>
   <trkpt lat="43.661333" lon="25.971846"><ele>180.25</ele></trkpt>
   <trkpt lat="43.661781" lon="25.971437"><ele>181.25</ele></trkpt>
   <trkpt lat="43.662228" lon="25.970625"><ele>180.75</ele></trkpt>
   <trkpt lat="43.663069" lon="25.968606"><ele>181</ele></trkpt>
   <trkpt lat="43.66346" lon="25.967841"><ele>181.75</ele></trkpt>
   <trkpt lat="43.663885" lon="25.967272"><ele>180</ele></trkpt>
   <trkpt lat="43.664357" lon="25.966842"><ele>179.25</ele></trkpt>
   <trkpt lat="43.664863" lon="25.966502"><ele>179.5</ele></trkpt>
   <trkpt lat="43.665743" lon="25.966199"><ele>180.5</ele></trkpt>
   <trkpt lat="43.666373" lon="25.966187"><ele>179.5</ele></trkpt>
   <trkpt lat="43.667525" lon="25.966225"><ele>178.75</ele></trkpt>
   <trkpt lat="43.668766" lon="25.966304"><ele>178.25</ele></trkpt>
   <trkpt lat="43.671371" lon="25.966429"><ele>175.75</ele></trkpt>
   <trkpt lat="43.672401" lon="25.966416"><ele>174.25</ele></trkpt>
   <trkpt lat="43.673097" lon="25.966179"><ele>173.75</ele></trkpt>
   <trkpt lat="43.673568" lon="25.965795"><ele>174</ele></trkpt>
   <trkpt lat="43.673937" lon="25.965365"><ele>174</ele></trkpt>
   <trkpt lat="43.674229" lon="25.964882"><ele>174.5</ele></trkpt>
   <trkpt lat="43.675272" lon="25.962423"><ele>173</ele></trkpt>
   <trkpt lat="43.6757" lon="25.961606"><ele>172.5</ele></trkpt>
   <trkpt lat="43.676314" lon="25.960885"><ele>174</ele></trkpt>
   <trkpt lat="43.676906" lon="25.960344"><ele>177</ele></trkpt>
   <trkpt lat="43.678354" lon="25.959005"><ele>179</ele></trkpt>
   <trkpt lat="43.678818" lon="25.958599"><ele>179.25</ele></trkpt>
   <trkpt lat="43.68062" lon="25.957432"><ele>178.75</ele></trkpt>
   <trkpt lat="43.683316" lon="25.955872"><ele>180</ele></trkpt>
   <trkpt lat="43.685691" lon="25.954513"><ele>180.25</ele></trkpt>
   <trkpt lat="43.689406" lon="25.952336"><ele>175</ele></trkpt>
   <trkpt lat="43.690993" lon="25.951386"><ele>171.75</ele></trkpt>
   <trkpt lat="43.691356" lon="25.951147"><ele>171.25</ele></trkpt>
   <trkpt lat="43.691701" lon="25.95092"><ele>171</ele></trkpt>
   <trkpt lat="43.692499" lon="25.950111"><ele>168.25</ele></trkpt>
   <trkpt lat="43.693155" lon="25.94915"><ele>167.5</ele></trkpt>
   <trkpt lat="43.694161" lon="25.947109"><ele>165.5</ele></trkpt>
   <trkpt lat="43.694976" lon="25.945871"><ele>162</ele></trkpt>
   <trkpt lat="43.695631" lon="25.94489"><ele>158.25</ele></trkpt>
   <trkpt lat="43.696196" lon="25.944257"><ele>158</ele></trkpt>
   <trkpt lat="43.696816" lon="25.943931"><ele>159</ele></trkpt>
   <trkpt lat="43.697426" lon="25.943777"><ele>159</ele></trkpt>
   <trkpt lat="43.698091" lon="25.943844"><ele>160</ele></trkpt>
   <trkpt lat="43.698706" lon="25.9441"><ele>158</ele></trkpt>
   <trkpt lat="43.699604" lon="25.944608"><ele>153.75</ele></trkpt>
   <trkpt lat="43.700135" lon="25.944758"><ele>154</ele></trkpt>
   <trkpt lat="43.700803" lon="25.944774"><ele>156.5</ele></trkpt>
   <trkpt lat="43.70149" lon="25.944512"><ele>153.5</ele></trkpt>
   <trkpt lat="43.702064" lon="25.944002"><ele>151.25</ele></trkpt>
   <trkpt lat="43.702546" lon="25.943444"><ele>151.75</ele></trkpt>
   <trkpt lat="43.703146" lon="25.94257"><ele>147</ele></trkpt>
   <trkpt lat="43.703589" lon="25.942143"><ele>142.5</ele></trkpt>
   <trkpt lat="43.704093" lon="25.941852"><ele>140.75</ele></trkpt>
   <trkpt lat="43.704664" lon="25.941706"><ele>143</ele></trkpt>
   <trkpt lat="43.705502" lon="25.94176"><ele>145</ele></trkpt>
   <trkpt lat="43.706436" lon="25.941953"><ele>139</ele></trkpt>
   <trkpt lat="43.706823" lon="25.94199"><ele>135.75</ele></trkpt>
   <trkpt lat="43.707197" lon="25.941944"><ele>133.75</ele></trkpt>
   <trkpt lat="43.707755" lon="25.941792"><ele>132.75</ele></trkpt>
   <trkpt lat="43.708853" lon="25.94129"><ele>137.5</ele></trkpt>
   <trkpt lat="43.709689" lon="25.940935"><ele>138</ele></trkpt>
   <trkpt lat="43.711436" lon="25.940123"><ele>129.75</ele></trkpt>
   <trkpt lat="43.711826" lon="25.939886"><ele>128.5</ele></trkpt>
   <trkpt lat="43.712143" lon="25.93965"><ele>128.25</ele></trkpt>
   <trkpt lat="43.712448" lon="25.939387"><ele>128.75</ele></trkpt>
   <trkpt lat="43.712841" lon="25.938955"><ele>128.5</ele></trkpt>
   <trkpt lat="43.713797" lon="25.937666"><ele>124.75</ele></trkpt>
   <trkpt lat="43.713966" lon="25.937471"><ele>125</ele></trkpt>
   <trkpt lat="43.714128" lon="25.937307"><ele>125</ele></trkpt>
   <trkpt lat="43.714371" lon="25.937111"><ele>124.25</ele></trkpt>
   <trkpt lat="43.714635" lon="25.936946"><ele>124</ele></trkpt>
   <trkpt lat="43.714864" lon="25.936846"><ele>124.25</ele></trkpt>
   <trkpt lat="43.715136" lon="25.936753"><ele>123.25</ele></trkpt>
   <trkpt lat="43.715353" lon="25.936722"><ele>121.5</ele></trkpt>
   <trkpt lat="43.716037" lon="25.936664"><ele>117.5</ele></trkpt>
   <trkpt lat="43.719028" lon="25.937131"><ele>115.75</ele></trkpt>
   <trkpt lat="43.720091" lon="25.937285"><ele>114.75</ele></trkpt>
   <trkpt lat="43.720509" lon="25.937407"><ele>115.25</ele></trkpt>
   <trkpt lat="43.720819" lon="25.937544"><ele>115.75</ele></trkpt>
   <trkpt lat="43.721091" lon="25.937719"><ele>114.75</ele></trkpt>
   <trkpt lat="43.721462" lon="25.938002"><ele>114</ele></trkpt>
   <trkpt lat="43.721722" lon="25.93823"><ele>113.75</ele></trkpt>
   <trkpt lat="43.722469" lon="25.93895"><ele>113.25</ele></trkpt>
   <trkpt lat="43.722789" lon="25.939207"><ele>114.5</ele></trkpt>
   <trkpt lat="43.72312" lon="25.939415"><ele>114.75</ele></trkpt>
   <trkpt lat="43.723563" lon="25.939612"><ele>115.75</ele></trkpt>
   <trkpt lat="43.723874" lon="25.939703"><ele>117</ele></trkpt>
   <trkpt lat="43.724217" lon="25.939762"><ele>118.25</ele></trkpt>
   <trkpt lat="43.724634" lon="25.939765"><ele>118</ele></trkpt>
   <trkpt lat="43.72517" lon="25.939717"><ele>118</ele></trkpt>
   <trkpt lat="43.726144" lon="25.939603"><ele>120</ele></trkpt>
   <trkpt lat="43.726361" lon="25.939548"><ele>120.25</ele></trkpt>
   <trkpt lat="43.726629" lon="25.939467"><ele>120.25</ele></trkpt>
   <trkpt lat="43.726758" lon="25.93942"><ele>120.25</ele></trkpt>
   <trkpt lat="43.726972" lon="25.939323"><ele>121</ele></trkpt>
   <trkpt lat="43.727151" lon="25.939223"><ele>121.75</ele></trkpt>
   <trkpt lat="43.727322" lon="25.939115"><ele>122.5</ele></trkpt>
   <trkpt lat="43.727512" lon="25.938975"><ele>123.25</ele></trkpt>
   <trkpt lat="43.727802" lon="25.938718"><ele>122.75</ele></trkpt>
   <trkpt lat="43.728788" lon="25.937632"><ele>126.5</ele></trkpt>
   <trkpt lat="43.728959" lon="25.937448"><ele>127.5</ele></trkpt>
   <trkpt lat="43.729157" lon="25.937291"><ele>128.25</ele></trkpt>
   <trkpt lat="43.729378" lon="25.937134"><ele>129</ele></trkpt>
   <trkpt lat="43.729602" lon="25.936998"><ele>130</ele></trkpt>
   <trkpt lat="43.729828" lon="25.936901"><ele>131.25</ele></trkpt>
   <trkpt lat="43.73047" lon="25.936742"><ele>131</ele></trkpt>
   <trkpt lat="43.73086" lon="25.936762"><ele>130.5</ele></trkpt>
   <trkpt lat="43.731424" lon="25.936817"><ele>130.5</ele></trkpt>
   <trkpt lat="43.731972" lon="25.936844"><ele>131</ele></trkpt>
   <trkpt lat="43.732339" lon="25.936789"><ele>131</ele></trkpt>
   <trkpt lat="43.732675" lon="25.936698"><ele>131.5</ele></trkpt>
   <trkpt lat="43.733061" lon="25.936487"><ele>132</ele></trkpt>
   <trkpt lat="43.733468" lon="25.936167"><ele>134</ele></trkpt>
   <trkpt lat="43.733815" lon="25.935728"><ele>137.25</ele></trkpt>
   <trkpt lat="43.734256" lon="25.935023"><ele>142.5</ele></trkpt>
   <trkpt lat="43.734925" lon="25.93369"><ele>140</ele></trkpt>
   <trkpt lat="43.73533" lon="25.932948"><ele>139</ele></trkpt>
   <trkpt lat="43.735782" lon="25.93235"><ele>142.25</ele></trkpt>
   <trkpt lat="43.736364" lon="25.931881"><ele>144</ele></trkpt>
   <trkpt lat="43.736835" lon="25.931557"><ele>144.25</ele></trkpt>
   <trkpt lat="43.737374" lon="25.931202"><ele>142.25</ele></trkpt>
   <trkpt lat="43.73783" lon="25.930839"><ele>142.25</ele></trkpt>
   <trkpt lat="43.738104" lon="25.930506"><ele>143.5</ele></trkpt>
   <trkpt lat="43.738354" lon="25.930125"><ele>146</ele></trkpt>
   <trkpt lat="43.738817" lon="25.929185"><ele>148.5</ele></trkpt>
   <trkpt lat="43.739257" lon="25.928261"><ele>150.5</ele></trkpt>
   <trkpt lat="43.739559" lon="25.92777"><ele>149.5</ele></trkpt>
   <trkpt lat="43.739888" lon="25.927357"><ele>150</ele></trkpt>
   <trkpt lat="43.740579" lon="25.926731"><ele>148.25</ele></trkpt>
   <trkpt lat="43.74139" lon="25.926395"><ele>146.5</ele></trkpt>
   <trkpt lat="43.742147" lon="25.926178"><ele>147.5</ele></trkpt>
   <trkpt lat="43.743698" lon="25.92576"><ele>147.5</ele></trkpt>
   <trkpt lat="43.744533" lon="25.92547"><ele>146.25</ele></trkpt>
   <trkpt lat="43.745226" lon="25.925041"><ele>145.5</ele></trkpt>
   <trkpt lat="43.74592" lon="25.924431"><ele>141.5</ele></trkpt>
   <trkpt lat="43.746582" lon="25.923555"><ele>143.75</ele></trkpt>
   <trkpt lat="43.746868" lon="25.923053"><ele>143.75</ele></trkpt>
   <trkpt lat="43.747129" lon="25.922457"><ele>142.25</ele></trkpt>
   <trkpt lat="43.7473" lon="25.921941"><ele>142.25</ele></trkpt>
   <trkpt lat="43.747438" lon="25.921361"><ele>142.25</ele></trkpt>
   <trkpt lat="43.747652" lon="25.920281"><ele>141.25</ele></trkpt>
   <trkpt lat="43.747874" lon="25.919093"><ele>140.25</ele></trkpt>
   <trkpt lat="43.748137" lon="25.917741"><ele>140.5</ele></trkpt>
   <trkpt lat="43.748328" lon="25.916833"><ele>139.5</ele></trkpt>
   <trkpt lat="43.748555" lon="25.916099"><ele>137.5</ele></trkpt>
   <trkpt lat="43.748727" lon="25.915692"><ele>137.25</ele></trkpt>
   <trkpt lat="43.74914" lon="25.914822"><ele>138.5</ele></trkpt>
   <trkpt lat="43.749445" lon="25.91432"><ele>139.25</ele></trkpt>
   <trkpt lat="43.749713" lon="25.91396"><ele>139</ele></trkpt>
   <trkpt lat="43.750039" lon="25.913574"><ele>138.5</ele></trkpt>
   <trkpt lat="43.750684" lon="25.912884"><ele>137.25</ele></trkpt>
   <trkpt lat="43.752806" lon="25.910658"><ele>136.5</ele></trkpt>
   <trkpt lat="43.753223" lon="25.910252"><ele>137</ele></trkpt>
   <trkpt lat="43.753752" lon="25.909821"><ele>138.75</ele></trkpt>
   <trkpt lat="43.754309" lon="25.90939"><ele>139.75</ele></trkpt>
   <trkpt lat="43.757342" lon="25.906915"><ele>138</ele></trkpt>
   <trkpt lat="43.757762" lon="25.906522"><ele>138</ele></trkpt>
   <trkpt lat="43.757938" lon="25.906343"><ele>138</ele></trkpt>
   <trkpt lat="43.75861" lon="25.905482"><ele>136</ele></trkpt>
   <trkpt lat="43.759236" lon="25.904549"><ele>136.75</ele></trkpt>
   <trkpt lat="43.75968" lon="25.903921"><ele>138.5</ele></trkpt>
   <trkpt lat="43.75985" lon="25.903725"><ele>139.25</ele></trkpt>
   <trkpt lat="43.760028" lon="25.903542"><ele>140</ele></trkpt>
   <trkpt lat="43.760418" lon="25.903254"><ele>138.75</ele></trkpt>
   <trkpt lat="43.760832" lon="25.903075"><ele>137.25</ele></trkpt>
   <trkpt lat="43.761282" lon="25.902949"><ele>137.25</ele></trkpt>
   <trkpt lat="43.761754" lon="25.902927"><ele>137.5</ele></trkpt>
   <trkpt lat="43.762537" lon="25.902928"><ele>139.5</ele></trkpt>
   <trkpt lat="43.763731" lon="25.902822"><ele>140.75</ele></trkpt>
   <trkpt lat="43.764118" lon="25.902749"><ele>141.5</ele></trkpt>
   <trkpt lat="43.764397" lon="25.902637"><ele>142.5</ele></trkpt>
   <trkpt lat="43.764812" lon="25.902455"><ele>144.25</ele></trkpt>
   <trkpt lat="43.765779" lon="25.901999"><ele>146.25</ele></trkpt>
   <trkpt lat="43.767976" lon="25.900923"><ele>150.25</ele></trkpt>
   <trkpt lat="43.768449" lon="25.900589"><ele>150.5</ele></trkpt>
   <trkpt lat="43.768923" lon="25.900103"><ele>150</ele></trkpt>
   <trkpt lat="43.769284" lon="25.899661"><ele>148.75</ele></trkpt>
   <trkpt lat="43.769875" lon="25.898908"><ele>146.5</ele></trkpt>
   <trkpt lat="43.770477" lon="25.898224"><ele>147.5</ele></trkpt>
   <trkpt lat="43.771089" lon="25.89777"><ele>148.25</ele></trkpt>
   <trkpt lat="43.771752" lon="25.897508"><ele>148.75</ele></trkpt>
   <trkpt lat="43.77208" lon="25.897436"><ele>149</ele></trkpt>
   <trkpt lat="43.772441" lon="25.897417"><ele>149</ele></trkpt>
   <trkpt lat="43.773123" lon="25.897484"><ele>148.25</ele></trkpt>
   <trkpt lat="43.775622" lon="25.897822"><ele>143</ele></trkpt>
   <trkpt lat="43.775992" lon="25.897902"><ele>141.5</ele></trkpt>
   <trkpt lat="43.776318" lon="25.898046"><ele>140.75</ele></trkpt>
   <trkpt lat="43.776584" lon="25.898215"><ele>140.25</ele></trkpt>
   <trkpt lat="43.777049" lon="25.898669"><ele>139.75</ele></trkpt>
   <trkpt lat="43.777323" lon="25.899046"><ele>140</ele></trkpt>
   <trkpt lat="43.777568" lon="25.899538"><ele>139</ele></trkpt>
   <trkpt lat="43.7779" lon="25.900397"><ele>137.5</ele></trkpt>
   <trkpt lat="43.779614" lon="25.905356"><ele>129.75</ele></trkpt>
   <trkpt lat="43.779784" lon="25.905765"><ele>129.5</ele></trkpt>
   <trkpt lat="43.779975" lon="25.906192"><ele>129.75</ele></trkpt>
   <trkpt lat="43.780171" lon="25.906562"><ele>128.75</ele></trkpt>
   <trkpt lat="43.780405" lon="25.90692"><ele>128.25</ele></trkpt>
   <trkpt lat="43.780985" lon="25.907643"><ele>129</ele></trkpt>
   <trkpt lat="43.784459" lon="25.911093"><ele>125.5</ele></trkpt>
   <trkpt lat="43.784666" lon="25.911343"><ele>125.25</ele></trkpt>
   <trkpt lat="43.784869" lon="25.911632"><ele>124.75</ele></trkpt>
   <trkpt lat="43.785025" lon="25.911888"><ele>124.25</ele></trkpt>
   <trkpt lat="43.785323" lon="25.912362"><ele>124</ele></trkpt>
   <trkpt lat="43.7857" lon="25.913094"><ele>120.75</ele></trkpt>
   <trkpt lat="43.78601" lon="25.913947"><ele>116.5</ele></trkpt>
   <trkpt lat="43.786575" lon="25.915605"><ele>117</ele></trkpt>
   <trkpt lat="43.786827" lon="25.916232"><ele>116.25</ele></trkpt>
   <trkpt lat="43.7871" lon="25.916707"><ele>114.25</ele></trkpt>
   <trkpt lat="43.787555" lon="25.917241"><ele>112.5</ele></trkpt>
   <trkpt lat="43.788345" lon="25.917992"><ele>111</ele></trkpt>
   <trkpt lat="43.788872" lon="25.918324"><ele>110</ele></trkpt>
   <trkpt lat="43.789344" lon="25.91848"><ele>109.25</ele></trkpt>
   <trkpt lat="43.789863" lon="25.918539"><ele>109.25</ele></trkpt>
   <trkpt lat="43.790228" lon="25.918531"><ele>108.75</ele></trkpt>
   <trkpt lat="43.790339" lon="25.918537"><ele>108.5</ele></trkpt>
   <trkpt lat="43.790603" lon="25.918535"><ele>107.5</ele></trkpt>
   <trkpt lat="43.792843" lon="25.918549"><ele>102.25</ele></trkpt>
   <trkpt lat="43.793207" lon="25.918562"><ele>102</ele></trkpt>
   <trkpt lat="43.793609" lon="25.918634"><ele>101</ele></trkpt>
   <trkpt lat="43.793975" lon="25.918727"><ele>99.25</ele></trkpt>
   <trkpt lat="43.794312" lon="25.918912"><ele>97.25</ele></trkpt>
   <trkpt lat="43.794515" lon="25.919076"><ele>96</ele></trkpt>
   <trkpt lat="43.794678" lon="25.919227"><ele>95</ele></trkpt>
   <trkpt lat="43.794965" lon="25.919571"><ele>92.5</ele></trkpt>
   <trkpt lat="43.795098" lon="25.919758"><ele>92.5</ele></trkpt>
   <trkpt lat="43.795248" lon="25.92"><ele>93.25</ele></trkpt>
   <trkpt lat="43.795488" lon="25.920468"><ele>95.5</ele></trkpt>
   <trkpt lat="43.795772" lon="25.921168"><ele>99.5</ele></trkpt>
   <trkpt lat="43.795953" lon="25.921573"><ele>101.5</ele></trkpt>
   <trkpt lat="43.796243" lon="25.922123"><ele>100.75</ele></trkpt>
   <trkpt lat="43.796574" lon="25.922541"><ele>98</ele></trkpt>
   <trkpt lat="43.796957" lon="25.922946"><ele>96.75</ele></trkpt>
   <trkpt lat="43.797343" lon="25.923164"><ele>95.75</ele></trkpt>
   <trkpt lat="43.797918" lon="25.923362"><ele>91.75</ele></trkpt>
   <trkpt lat="43.798828" lon="25.923555"><ele>85.75</ele></trkpt>
   <trkpt lat="43.799415" lon="25.923665"><ele>80.75</ele></trkpt>
   <trkpt lat="43.799862" lon="25.923724"><ele>76.75</ele></trkpt>
   <trkpt lat="43.800259" lon="25.923731"><ele>77.25</ele></trkpt>
   <trkpt lat="43.800812" lon="25.923659"><ele>81.75</ele></trkpt>
   <trkpt lat="43.80408" lon="25.923085"><ele>76.5</ele></trkpt>
   <trkpt lat="43.804368" lon="25.923046"><ele>75</ele></trkpt>
   <trkpt lat="43.804641" lon="25.923036"><ele>73.5</ele></trkpt>
   <trkpt lat="43.804946" lon="25.923072"><ele>71.5</ele></trkpt>
   <trkpt lat="43.805177" lon="25.923117"><ele>70.5</ele></trkpt>
   <trkpt lat="43.805411" lon="25.92319"><ele>69.5</ele></trkpt>
   <trkpt lat="43.805607" lon="25.923281"><ele>68.25</ele></trkpt>
   <trkpt lat="43.805829" lon="25.923427"><ele>66.25</ele></trkpt>
   <trkpt lat="43.806005" lon="25.923556"><ele>66.5</ele></trkpt>
   <trkpt lat="43.806212" lon="25.923741"><ele>66.75</ele></trkpt>
   <trkpt lat="43.806558" lon="25.924144"><ele>67</ele></trkpt>
   <trkpt lat="43.806713" lon="25.924389"><ele>66.75</ele></trkpt>
   <trkpt lat="43.807019" lon="25.924944"><ele>67</ele></trkpt>
   <trkpt lat="43.807642" lon="25.92616"><ele>65</ele></trkpt>
   <trkpt lat="43.808635" lon="25.928238"><ele>58.75</ele></trkpt>
   <trkpt lat="43.808812" lon="25.928651"><ele>58.25</ele></trkpt>
   <trkpt lat="43.808935" lon="25.929045"><ele>57.75</ele></trkpt>
   <trkpt lat="43.809947" lon="25.932737"><ele>53</ele></trkpt>
   <trkpt lat="43.810175" lon="25.933634"><ele>49</ele></trkpt>
   <trkpt lat="43.81046" lon="25.934442"><ele>47.25</ele></trkpt>
   <trkpt lat="43.810871" lon="25.935306"><ele>49.25</ele></trkpt>
   <trkpt lat="43.811429" lon="25.936073"><ele>49</ele></trkpt>
   <trkpt lat="43.812131" lon="25.936656"><ele>47.25</ele></trkpt>
   <trkpt lat="43.812742" lon="25.937043"><ele>46.25</ele></trkpt>
   <trkpt lat="43.813742" lon="25.937532"><ele>45.75</ele></trkpt>
   <trkpt lat="43.814401" lon="25.937751"><ele>43.25</ele></trkpt>
   <trkpt lat="43.814958" lon="25.93777"><ele>42.5</ele></trkpt>
   <trkpt lat="43.815689" lon="25.937582"><ele>40.75</ele></trkpt>
   <trkpt lat="43.816118" lon="25.937355"><ele>39.75</ele></trkpt>
   <trkpt lat="43.816309" lon="25.937224"><ele>39.25</ele></trkpt>
   <trkpt lat="43.816405" lon="25.937138"><ele>39.25</ele></trkpt>
   <trkpt lat="43.817292" lon="25.936474"><ele>33.25</ele></trkpt>
   <trkpt lat="43.817768" lon="25.936253"><ele>29.25</ele></trkpt>
   <trkpt lat="43.817991" lon="25.936172"><ele>28</ele></trkpt>
   <trkpt lat="43.818248" lon="25.936119"><ele>26</ele></trkpt>
   <trkpt lat="43.818657" lon="25.936117"><ele>24.25</ele></trkpt>
   <trkpt lat="43.819016" lon="25.936177"><ele>26.75</ele></trkpt>
   <trkpt lat="43.819196" lon="25.936245"><ele>28.25</ele></trkpt>
   <trkpt lat="43.819535" lon="25.93642"><ele>31</ele></trkpt>
   <trkpt lat="43.81991" lon="25.936676"><ele>34.25</ele></trkpt>
   <trkpt lat="43.82009" lon="25.936798"><ele>34.25</ele></trkpt>
   <trkpt lat="43.820408" lon="25.937056"><ele>37.5</ele></trkpt>
   <trkpt lat="43.820729" lon="25.937285"><ele>40.75</ele></trkpt>
   <trkpt lat="43.820972" lon="25.937448"><ele>42</ele></trkpt>
   <trkpt lat="43.821219" lon="25.937589"><ele>42.25</ele></trkpt>
   <trkpt lat="43.821917" lon="25.938053"><ele>40.5</ele></trkpt>
   <trkpt lat="43.822303" lon="25.938347"><ele>37.25</ele></trkpt>
   <trkpt lat="43.822475" lon="25.938504"><ele>37</ele></trkpt>
   <trkpt lat="43.823087" lon="25.939223"><ele>37.75</ele></trkpt>
   <trkpt lat="43.824431" lon="25.941328"><ele>42</ele></trkpt>
   <trkpt lat="43.825699" lon="25.942992"><ele>42.75</ele></trkpt>
   <trkpt lat="43.826619" lon="25.944273"><ele>45.5</ele></trkpt>
   <trkpt lat="43.827108" lon="25.945064"><ele>51.25</ele></trkpt>
   <trkpt lat="43.827521" lon="25.945827"><ele>52.5</ele></trkpt>
   <trkpt lat="43.828123" lon="25.946979"><ele>54.25</ele></trkpt>
   <trkpt lat="43.828772" lon="25.948179"><ele>53.25</ele></trkpt>
   <trkpt lat="43.830253" lon="25.950875"><ele>61.75</ele></trkpt>
   <trkpt lat="43.83043" lon="25.951204"><ele>62.75</ele></trkpt>
   <trkpt lat="43.830769" lon="25.951823"><ele>63.25</ele></trkpt>
   <trkpt lat="43.831372" lon="25.952932"><ele>65</ele></trkpt>
   <trkpt lat="43.831615" lon="25.953283"><ele>63.25</ele></trkpt>
   <trkpt lat="43.831845" lon="25.953731"><ele>61.5</ele></trkpt>
   <trkpt lat="43.833404" lon="25.956595"><ele>61.25</ele></trkpt>
   <trkpt lat="43.834412" lon="25.958481"><ele>58.5</ele></trkpt>
   <trkpt lat="43.834596" lon="25.958791"><ele>59</ele></trkpt>
   <trkpt lat="43.8348" lon="25.959089"><ele>58</ele></trkpt>
   <trkpt lat="43.835003" lon="25.959375"><ele>57</ele></trkpt>
   <trkpt lat="43.835302" lon="25.959773"><ele>58</ele></trkpt>
   <trkpt lat="43.835539" lon="25.960043"><ele>57</ele></trkpt>
   <trkpt lat="43.836139" lon="25.960728"><ele>56</ele></trkpt>
   <trkpt lat="43.836572" lon="25.961152"><ele>55.75</ele></trkpt>
   <trkpt lat="43.83696" lon="25.961477"><ele>55</ele></trkpt>
   <trkpt lat="43.837756" lon="25.962086"><ele>50</ele></trkpt>
   <trkpt lat="43.838071" lon="25.962312"><ele>49.25</ele></trkpt>
   <trkpt lat="43.838148" lon="25.962374"><ele>49</ele></trkpt>
   <trkpt lat="43.839871" lon="25.96364"><ele>48.5</ele></trkpt>
   <trkpt lat="43.840276" lon="25.963928"><ele>48</ele></trkpt>
   <trkpt lat="43.841195" lon="25.964617"><ele>46</ele></trkpt>
   <trkpt lat="43.843159" lon="25.966056"><ele>43.5</ele></trkpt>
   <trkpt lat="43.843881" lon="25.966496"><ele>42.5</ele></trkpt>
   <trkpt lat="43.84565" lon="25.967512"><ele>42.25</ele></trkpt>
   <trkpt lat="43.846578" lon="25.968031"><ele>44</ele></trkpt>
   <trkpt lat="43.84706" lon="25.968338"><ele>43.5</ele></trkpt>
   <trkpt lat="43.847279" lon="25.968486"><ele>42.75</ele></trkpt>
   <trkpt lat="43.847423" lon="25.968608"><ele>42.5</ele></trkpt>
   <trkpt lat="43.847618" lon="25.968766"><ele>42.5</ele></trkpt>
   <trkpt lat="43.847923" lon="25.969067"><ele>43.25</ele></trkpt>
   <trkpt lat="43.848053" lon="25.969206"><ele>43.75</ele></trkpt>
   <trkpt lat="43.848234" lon="25.969425"><ele>44.5</ele></trkpt>
   <trkpt lat="43.848536" lon="25.969829"><ele>45.25</ele></trkpt>
   <trkpt lat="43.849175" lon="25.970714"><ele>48.25</ele></trkpt>
   <trkpt lat="43.850852" lon="25.973202"><ele>43</ele></trkpt>
   <trkpt lat="43.851515" lon="25.974122"><ele>44</ele></trkpt>
   <trkpt lat="43.852516" lon="25.975591"><ele>43.5</ele></trkpt>
   <trkpt lat="43.852976" lon="25.976157"><ele>44</ele></trkpt>
   <trkpt lat="43.853517" lon="25.976736"><ele>43.75</ele></trkpt>
   <trkpt lat="43.853674" lon="25.976902"><ele>44.25</ele></trkpt>
   <trkpt lat="43.854276" lon="25.977573"><ele>45</ele></trkpt>
   <trkpt lat="43.854426" lon="25.977734"><ele>45.25</ele></trkpt>
   <trkpt lat="43.854697" lon="25.978022"><ele>45</ele></trkpt>
   <trkpt lat="43.85507" lon="25.978417"><ele>44.75</ele></trkpt>
   <trkpt lat="43.85547" lon="25.978862"><ele>44</ele></trkpt>
   <trkpt lat="43.85582" lon="25.979313"><ele>44</ele></trkpt>
   <trkpt lat="43.856178" lon="25.979817"><ele>43.75</ele></trkpt>
   <trkpt lat="43.856516" lon="25.980364"><ele>45.5</ele></trkpt>
   <trkpt lat="43.85817" lon="25.983778"><ele>48</ele></trkpt>
   <trkpt lat="43.85882" lon="25.985118"><ele>44.5</ele></trkpt>
   <trkpt lat="43.858964" lon="25.98542"><ele>43.75</ele></trkpt>
   <trkpt lat="43.859656" lon="25.986879"><ele>44</ele></trkpt>
   <trkpt lat="43.859826" lon="25.987297"><ele>44.25</ele></trkpt>
   <trkpt lat="43.859917" lon="25.987578"><ele>45</ele></trkpt>
   <trkpt lat="43.860097" lon="25.988195"><ele>45.5</ele></trkpt>
   <trkpt lat="43.860184" lon="25.988956"><ele>45</ele></trkpt>
   <trkpt lat="43.860193" lon="25.989465"><ele>44.75</ele></trkpt>
   <trkpt lat="43.860158" lon="25.990012"><ele>44.75</ele></trkpt>
   <trkpt lat="43.860078" lon="25.990521"><ele>45.5</ele></trkpt>
   <trkpt lat="43.859962" lon="25.991036"><ele>45.75</ele></trkpt>
   <trkpt lat="43.859453" lon="25.992748"><ele>46</ele></trkpt>
   <trkpt lat="43.859336" lon="25.993141"><ele>46.25</ele></trkpt>
   <trkpt lat="43.858952" lon="25.994545"><ele>46.5</ele></trkpt>
   <trkpt lat="43.858032" lon="25.997671"><ele>47.25</ele></trkpt>
   <trkpt lat="43.858031" lon="25.997672"><ele>48.5</ele></trkpt>
   <trkpt lat="43.857519" lon="25.999439"><ele>48.5</ele></trkpt>
   <trkpt lat="43.857035" lon="26.001033"><ele>47.75</ele></trkpt>
   <trkpt lat="43.856753" lon="26.0019"><ele>48.75</ele></trkpt>
   <trkpt lat="43.85661" lon="26.002543"><ele>48.75</ele></trkpt>
   <trkpt lat="43.856532" lon="26.00283"><ele>48.5</ele></trkpt>
   <trkpt lat="43.856011" lon="26.004599"><ele>50.25</ele></trkpt>
   <trkpt lat="43.855887" lon="26.005025"><ele>49.75</ele></trkpt>
   <trkpt lat="43.855743" lon="26.005514"><ele>50</ele></trkpt>
   <trkpt lat="43.855613" lon="26.005952"><ele>50.5</ele></trkpt>
   <trkpt lat="43.855407" lon="26.006648"><ele>50</ele></trkpt>
   <trkpt lat="43.855311" lon="26.007012"><ele>49.75</ele></trkpt>
   <trkpt lat="43.855224" lon="26.007388"><ele>49.25</ele></trkpt>
   <trkpt lat="43.855089" lon="26.008091"><ele>48.75</ele></trkpt>
   <trkpt lat="43.855006" lon="26.008778"><ele>47.75</ele></trkpt>
   <trkpt lat="43.854826" lon="26.010408"><ele>49.5</ele></trkpt>
   <trkpt lat="43.854615" lon="26.013511"><ele>44.5</ele></trkpt>
   <trkpt lat="43.854584" lon="26.014029"><ele>46.5</ele></trkpt>
   <trkpt lat="43.854567" lon="26.014528"><ele>47.5</ele></trkpt>
   <trkpt lat="43.854576" lon="26.014865"><ele>48</ele></trkpt>
   <trkpt lat="43.854602" lon="26.015183"><ele>48.75</ele></trkpt>
   <trkpt lat="43.854635" lon="26.015486"><ele>49.75</ele></trkpt>
   <trkpt lat="43.854688" lon="26.015799"><ele>50.5</ele></trkpt>
   <trkpt lat="43.854772" lon="26.016174"><ele>50.75</ele></trkpt>
   <trkpt lat="43.854865" lon="26.016508"><ele>50.5</ele></trkpt>
   <trkpt lat="43.854972" lon="26.016815"><ele>50.5</ele></trkpt>
   <trkpt lat="43.855091" lon="26.017093"><ele>51.25</ele></trkpt>
   <trkpt lat="43.855199" lon="26.017326"><ele>52</ele></trkpt>
   <trkpt lat="43.85531" lon="26.017539"><ele>52</ele></trkpt>
   <trkpt lat="43.855491" lon="26.017845"><ele>51.5</ele></trkpt>
   <trkpt lat="43.855593" lon="26.017996"><ele>51.25</ele></trkpt>
   <trkpt lat="43.855776" lon="26.018234"><ele>51</ele></trkpt>
   <trkpt lat="43.855968" lon="26.018452"><ele>50.75</ele></trkpt>
   <trkpt lat="43.856195" lon="26.018669"><ele>50.5</ele></trkpt>
   <trkpt lat="43.856506" lon="26.018927"><ele>50.75</ele></trkpt>
   <trkpt lat="43.856701" lon="26.019054"><ele>50.75</ele></trkpt>
   <trkpt lat="43.856909" lon="26.019172"><ele>50.5</ele></trkpt>
   <trkpt lat="43.857137" lon="26.019275"><ele>50.5</ele></trkpt>
   <trkpt lat="43.85729" lon="26.01933"><ele>50.25</ele></trkpt>
   <trkpt lat="43.857597" lon="26.019427"><ele>50</ele></trkpt>
   <trkpt lat="43.858122" lon="26.019494"><ele>48.75</ele></trkpt>
   <trkpt lat="43.86096" lon="26.019623"><ele>45.75</ele></trkpt>
   <trkpt lat="43.865096" lon="26.019837"><ele>44.75</ele></trkpt>
   <trkpt lat="43.867559" lon="26.019937"><ele>40</ele></trkpt>
   <trkpt lat="43.871679" lon="26.020154"><ele>37.5</ele></trkpt>
   <trkpt lat="43.872745" lon="26.020192"><ele>31.5</ele></trkpt>
   <trkpt lat="43.873119" lon="26.020164"><ele>31</ele></trkpt>
   <trkpt lat="43.873493" lon="26.020119"><ele>32</ele></trkpt>
   <trkpt lat="43.87381" lon="26.020058"><ele>34</ele></trkpt>
   <trkpt lat="43.874107" lon="26.019977"><ele>35.5</ele></trkpt>
   <trkpt lat="43.874729" lon="26.019704"><ele>38</ele></trkpt>
   <trkpt lat="43.874957" lon="26.019577"><ele>38.25</ele></trkpt>
   <trkpt lat="43.875173" lon="26.019432"><ele>38</ele></trkpt>
   <trkpt lat="43.875385" lon="26.019292"><ele>37</ele></trkpt>
   <trkpt lat="43.875809" lon="26.018921"><ele>33.25</ele></trkpt>
   <trkpt lat="43.876714" lon="26.018017"><ele>24</ele></trkpt>
   <trkpt lat="43.877295" lon="26.017461"><ele>23.75</ele></trkpt>
   <trkpt lat="43.880233" lon="26.014443"><ele>23.5</ele></trkpt>
   <trkpt lat="43.881512" lon="26.013165"><ele>23.5</ele></trkpt>
   <trkpt lat="43.882804" lon="26.011778"><ele>23.25</ele></trkpt>
   <trkpt lat="43.886762" lon="26.007834"><ele>23.25</ele></trkpt>
   <trkpt lat="43.887972" lon="26.006627"><ele>23</ele></trkpt>
   <trkpt lat="43.890076" lon="26.004559"><ele>23</ele></trkpt>
   <trkpt lat="43.890968" lon="26.003682"><ele>23</ele></trkpt>
   <trkpt lat="43.89189" lon="26.002776"><ele>22.75</ele></trkpt>
   <trkpt lat="43.893276" lon="26.001413"><ele>22.75</ele></trkpt>
   <trkpt lat="43.893992" lon="26.000631"><ele>22.75</ele></trkpt>
   <trkpt lat="43.895335" lon="25.999308"><ele>22.75</ele></trkpt>
   <trkpt lat="43.896308" lon="25.998346"><ele>22.5</ele></trkpt>
   <trkpt lat="43.896384" lon="25.99827"><ele>22.75</ele></trkpt>
   <trkpt lat="43.897875" lon="25.99678"><ele>21.75</ele></trkpt>
   <trkpt lat="43.90613" lon="25.983582"><ele>21</ele></trkpt>
   <trkpt lat="43.906275" lon="25.983358"><ele>22</ele></trkpt>
   <trkpt lat="43.907652" lon="25.9812"><ele>23</ele></trkpt>
   <trkpt lat="43.909958" lon="25.977591"><ele>22.75</ele></trkpt>
   <trkpt lat="43.91082" lon="25.976089"><ele>22</ele></trkpt>
   <trkpt lat="43.911112" lon="25.975476"><ele>22.5</ele></trkpt>
   <trkpt lat="43.911337" lon="25.974852"><ele>23.75</ele></trkpt>
   <trkpt lat="43.911576" lon="25.973907"><ele>24.25</ele></trkpt>
   <trkpt lat="43.911957" lon="25.971996"><ele>23.75</ele></trkpt>
   <trkpt lat="43.912018" lon="25.97167"><ele>24</ele></trkpt>
   <trkpt lat="43.912603" lon="25.968464"><ele>19.75</ele></trkpt>
   <trkpt lat="43.912817" lon="25.967518"><ele>19</ele></trkpt>
   <trkpt lat="43.913063" lon="25.966831"><ele>18.25</ele></trkpt>
   <trkpt lat="43.913293" lon="25.966367"><ele>18.25</ele></trkpt>
   <trkpt lat="43.9137" lon="25.965755"><ele>19.25</ele></trkpt>
   <trkpt lat="43.914165" lon="25.965276"><ele>19.25</ele></trkpt>
   <trkpt lat="43.914984" lon="25.964651"><ele>18</ele></trkpt>
   <trkpt lat="43.915337" lon="25.964484"><ele>18.75</ele></trkpt>
   <trkpt lat="43.915699" lon="25.964363"><ele>19.5</ele></trkpt>
   <trkpt lat="43.915971" lon="25.964316"><ele>20</ele></trkpt>
   <trkpt lat="43.91624" lon="25.96429"><ele>20.25</ele></trkpt>
   <trkpt lat="43.91649" lon="25.964297"><ele>20.75</ele></trkpt>
   <trkpt lat="43.917014" lon="25.964336"><ele>21.25</ele></trkpt>
   <trkpt lat="43.918182" lon="25.964489"><ele>23</ele></trkpt>
   <trkpt lat="43.918802" lon="25.964594"><ele>22.5</ele></trkpt>
   <trkpt lat="43.919166" lon="25.964641"><ele>22</ele></trkpt>
   <trkpt lat="43.919569" lon="25.964637"><ele>22.25</ele></trkpt>
   <trkpt lat="43.920155" lon="25.964724"><ele>22.25</ele></trkpt>
   <trkpt lat="43.923873" lon="25.965256"><ele>22.75</ele></trkpt>
   <trkpt lat="43.925166" lon="25.965438"><ele>22.75</ele></trkpt>
   <trkpt lat="43.926571" lon="25.965651"><ele>22.75</ele></trkpt>
   <trkpt lat="43.927788" lon="25.965856"><ele>21</ele></trkpt>
   <trkpt lat="43.927869" lon="25.965867"><ele>21</ele></trkpt>
   <trkpt lat="43.928099" lon="25.965899"><ele>21</ele></trkpt>
   <trkpt lat="43.928339" lon="25.965937"><ele>21</ele></trkpt>
   <trkpt lat="43.928879" lon="25.96602"><ele>21.25</ele></trkpt>
   <trkpt lat="43.92931" lon="25.966076"><ele>21.25</ele></trkpt>
   <trkpt lat="43.929488" lon="25.966106"><ele>21.25</ele></trkpt>
   <trkpt lat="43.929714" lon="25.966073"><ele>21</ele></trkpt>
   <trkpt lat="43.930068" lon="25.96613"><ele>20.75</ele></trkpt>
   <trkpt lat="43.930959" lon="25.966247"><ele>19.5</ele></trkpt>
   <trkpt lat="43.93172" lon="25.966247"><ele>20.25</ele></trkpt>
   <trkpt lat="43.932367" lon="25.966134"><ele>20.5</ele></trkpt>
   <trkpt lat="43.932818" lon="25.965983"><ele>21</ele></trkpt>
   <trkpt lat="43.933164" lon="25.965837"><ele>21.75</ele></trkpt>
   <trkpt lat="43.933522" lon="25.965655"><ele>22.25</ele></trkpt>
   <trkpt lat="43.933926" lon="25.965368"><ele>23</ele></trkpt>
   <trkpt lat="43.934281" lon="25.965096"><ele>23.25</ele></trkpt>
   <trkpt lat="43.934665" lon="25.964725"><ele>22</ele></trkpt>
   <trkpt lat="43.934884" lon="25.964491"><ele>21.25</ele></trkpt>
   <trkpt lat="43.935049" lon="25.964298"><ele>21</ele></trkpt>
   <trkpt lat="43.935304" lon="25.963953"><ele>21.25</ele></trkpt>
   <trkpt lat="43.935643" lon="25.96341"><ele>21.75</ele></trkpt>
   <trkpt lat="43.935897" lon="25.962928"><ele>21</ele></trkpt>
   <trkpt lat="43.93613" lon="25.962368"><ele>20.5</ele></trkpt>
   <trkpt lat="43.936516" lon="25.961233"><ele>20</ele></trkpt>
   <trkpt lat="43.938808" lon="25.954676"><ele>22</ele></trkpt>
   <trkpt lat="43.94151" lon="25.946848"><ele>22.25</ele></trkpt>
   <trkpt lat="43.944217" lon="25.938965"><ele>22</ele></trkpt>
   <trkpt lat="43.945368" lon="25.935643"><ele>24.75</ele></trkpt>
   <trkpt lat="43.945652" lon="25.934992"><ele>23.75</ele></trkpt>
   <trkpt lat="43.94663" lon="25.93268"><ele>26.5</ele></trkpt>
   <trkpt lat="43.947978" lon="25.929725"><ele>26</ele></trkpt>
   <trkpt lat="43.95009" lon="25.925066"><ele>25.75</ele></trkpt>
   <trkpt lat="43.950595" lon="25.923931"><ele>25.75</ele></trkpt>
   <trkpt lat="43.950868" lon="25.923003"><ele>26.5</ele></trkpt>
   <trkpt lat="43.951039" lon="25.922016"><ele>28.5</ele></trkpt>
   <trkpt lat="43.951096" lon="25.920664"><ele>30.75</ele></trkpt>
   <trkpt lat="43.951035" lon="25.91979"><ele>32</ele></trkpt>
   <trkpt lat="43.950899" lon="25.918899"><ele>33</ele></trkpt>
   <trkpt lat="43.950685" lon="25.918043"><ele>35.75</ele></trkpt>
   <trkpt lat="43.947312" lon="25.905592"><ele>45.75</ele></trkpt>
   <trkpt lat="43.946779" lon="25.903793"><ele>43.25</ele></trkpt>
   <trkpt lat="43.945661" lon="25.900919"><ele>47.75</ele></trkpt>
   <trkpt lat="43.943187" lon="25.894674"><ele>50.75</ele></trkpt>
   <trkpt lat="43.943097" lon="25.894442"><ele>50</ele></trkpt>
   <trkpt lat="43.937883" lon="25.881285"><ele>69.5</ele></trkpt>
   <trkpt lat="43.936852" lon="25.878708"><ele>73</ele></trkpt>
   <trkpt lat="43.936517" lon="25.877519"><ele>73</ele></trkpt>
   <trkpt lat="43.936359" lon="25.87648"><ele>72.25</ele></trkpt>
   <trkpt lat="43.936299" lon="25.875154"><ele>73.25</ele></trkpt>
   <trkpt lat="43.936392" lon="25.87411"><ele>76.5</ele></trkpt>
   <trkpt lat="43.936595" lon="25.872684"><ele>78.75</ele></trkpt>
   <trkpt lat="43.937236" lon="25.868931"><ele>79.5</ele></trkpt>
   <trkpt lat="43.937613" lon="25.867854"><ele>85.25</ele></trkpt>
   <trkpt lat="43.938068" lon="25.867029"><ele>85.75</ele></trkpt>
   <trkpt lat="43.938651" lon="25.866355"><ele>85.75</ele></trkpt>
   <trkpt lat="43.940814" lon="25.864133"><ele>83.75</ele></trkpt>
   <trkpt lat="43.941264" lon="25.863483"><ele>85.5</ele></trkpt>
   <trkpt lat="43.941635" lon="25.862775"><ele>85.75</ele></trkpt>
   <trkpt lat="43.945232" lon="25.852473"><ele>90.25</ele></trkpt>
   <trkpt lat="43.946024" lon="25.850123"><ele>93.75</ele></trkpt>
   <trkpt lat="43.946871" lon="25.847723"><ele>92</ele></trkpt>
   <trkpt lat="43.94735" lon="25.846498"><ele>92</ele></trkpt>
   <trkpt lat="43.947478" lon="25.846199"><ele>92.5</ele></trkpt>
   <trkpt lat="43.947522" lon="25.846076"><ele>92.5</ele></trkpt>
   <trkpt lat="43.948849" lon="25.842852"><ele>92.5</ele></trkpt>
   <trkpt lat="43.949796" lon="25.840555"><ele>92</ele></trkpt>
   <trkpt lat="43.951084" lon="25.837391"><ele>91.25</ele></trkpt>
   <trkpt lat="43.951664" lon="25.835999"><ele>90.25</ele></trkpt>
   <trkpt lat="43.951755" lon="25.835782"><ele>90</ele></trkpt>
   <trkpt lat="43.952529" lon="25.833876"><ele>90.75</ele></trkpt>
   <trkpt lat="43.953335" lon="25.831924"><ele>90.25</ele></trkpt>
   <trkpt lat="43.979737" lon="25.767389"><ele>87.5</ele></trkpt>
   <trkpt lat="43.982048" lon="25.76175"><ele>87</ele></trkpt>
   <trkpt lat="43.982996" lon="25.759407"><ele>86.75</ele></trkpt>
   <trkpt lat="43.98381" lon="25.757425"><ele>88</ele></trkpt>
   <trkpt lat="43.983962" lon="25.756975"><ele>88</ele></trkpt>
   <trkpt lat="43.992344" lon="25.736493"><ele>80.5</ele></trkpt>
   <trkpt lat="43.996734" lon="25.725726"><ele>86.75</ele></trkpt>
   <trkpt lat="44.002342" lon="25.712015"><ele>87</ele></trkpt>
   <trkpt lat="44.011594" lon="25.689313"><ele>83.75</ele></trkpt>
   <trkpt lat="44.017189" lon="25.67556"><ele>85.75</ele></trkpt>
   <trkpt lat="44.018621" lon="25.672074"><ele>79.75</ele></trkpt>
   <trkpt lat="44.01957" lon="25.669797"><ele>72</ele></trkpt>
   <trkpt lat="44.019997" lon="25.668851"><ele>74.5</ele></trkpt>
   <trkpt lat="44.020109" lon="25.668615"><ele>75.25</ele></trkpt>
   <trkpt lat="44.020418" lon="25.668056"><ele>75.5</ele></trkpt>
   <trkpt lat="44.020864" lon="25.667348"><ele>74.75</ele></trkpt>
   <trkpt lat="44.021246" lon="25.666862"><ele>75.5</ele></trkpt>
   <trkpt lat="44.021651" lon="25.666362"><ele>76.5</ele></trkpt>
   <trkpt lat="44.022155" lon="25.665808"><ele>79.25</ele></trkpt>
   <trkpt lat="44.023051" lon="25.664954"><ele>83.5</ele></trkpt>
   <trkpt lat="44.024835" lon="25.663333"><ele>85.75</ele></trkpt>
   <trkpt lat="44.027133" lon="25.66132"><ele>86</ele></trkpt>
   <trkpt lat="44.027989" lon="25.660538"><ele>87.5</ele></trkpt>
   <trkpt lat="44.029324" lon="25.659378"><ele>89.75</ele></trkpt>
   <trkpt lat="44.030238" lon="25.658548"><ele>90</ele></trkpt>
   <trkpt lat="44.031142" lon="25.657795"><ele>87.5</ele></trkpt>
   <trkpt lat="44.031443" lon="25.65747"><ele>87</ele></trkpt>
   <trkpt lat="44.031842" lon="25.657098"><ele>87.75</ele></trkpt>
   <trkpt lat="44.032822" lon="25.656224"><ele>87.5</ele></trkpt>
   <trkpt lat="44.033703" lon="25.65544"><ele>87.5</ele></trkpt>
   <trkpt lat="44.034322" lon="25.654889"><ele>87.75</ele></trkpt>
   <trkpt lat="44.034896" lon="25.654365"><ele>87</ele></trkpt>
   <trkpt lat="44.035809" lon="25.653564"><ele>88</ele></trkpt>
   <trkpt lat="44.036434" lon="25.652964"><ele>89</ele></trkpt>
   <trkpt lat="44.037281" lon="25.652243"><ele>88.25</ele></trkpt>
   <trkpt lat="44.037908" lon="25.651781"><ele>88.25</ele></trkpt>
   <trkpt lat="44.056648" lon="25.635076"><ele>81.75</ele></trkpt>
   <trkpt lat="44.062957" lon="25.629475"><ele>86.75</ele></trkpt>
   <trkpt lat="44.067151" lon="25.625769"><ele>88.75</ele></trkpt>
   <trkpt lat="44.067954" lon="25.624947"><ele>87</ele></trkpt>
   <trkpt lat="44.068447" lon="25.624221"><ele>87.25</ele></trkpt>
   <trkpt lat="44.068727" lon="25.623766"><ele>87.5</ele></trkpt>
   <trkpt lat="44.079003" lon="25.603255"><ele>79.75</ele></trkpt>
   <trkpt lat="44.080635" lon="25.600042"><ele>70.75</ele></trkpt>
   <trkpt lat="44.080857" lon="25.599618"><ele>70.75</ele></trkpt>
   <trkpt lat="44.082277" lon="25.596758"><ele>81.75</ele></trkpt>
   <trkpt lat="44.082811" lon="25.595886"><ele>83.5</ele></trkpt>
   <trkpt lat="44.083369" lon="25.595208"><ele>84.5</ele></trkpt>
   <trkpt lat="44.084149" lon="25.594527"><ele>86</ele></trkpt>
   <trkpt lat="44.085701" lon="25.593365"><ele>85</ele></trkpt>
   <trkpt lat="44.087246" lon="25.592187"><ele>89</ele></trkpt>
   <trkpt lat="44.093713" lon="25.587336"><ele>87.5</ele></trkpt>
   <trkpt lat="44.093893" lon="25.5872"><ele>87.5</ele></trkpt>
   <trkpt lat="44.10005" lon="25.582554"><ele>83</ele></trkpt>
   <trkpt lat="44.10107" lon="25.581708"><ele>79.75</ele></trkpt>
   <trkpt lat="44.101624" lon="25.581113"><ele>80.25</ele></trkpt>
   <trkpt lat="44.102258" lon="25.580216"><ele>82</ele></trkpt>
   <trkpt lat="44.104332" lon="25.577143"><ele>81.25</ele></trkpt>
   <trkpt lat="44.107502" lon="25.572562"><ele>88.75</ele></trkpt>
   <trkpt lat="44.113076" lon="25.564387"><ele>84.25</ele></trkpt>
   <trkpt lat="44.113557" lon="25.563743"><ele>82.5</ele></trkpt>
   <trkpt lat="44.113834" lon="25.563423"><ele>80.75</ele></trkpt>
   <trkpt lat="44.114071" lon="25.5632"><ele>79.5</ele></trkpt>
   <trkpt lat="44.114382" lon="25.562956"><ele>80.25</ele></trkpt>
   <trkpt lat="44.114701" lon="25.562723"><ele>82</ele></trkpt>
   <trkpt lat="44.115217" lon="25.562482"><ele>84.75</ele></trkpt>
   <trkpt lat="44.117494" lon="25.561672"><ele>87</ele></trkpt>
   <trkpt lat="44.122073" lon="25.560077"><ele>88</ele></trkpt>
   <trkpt lat="44.126262" lon="25.558586"><ele>89</ele></trkpt>
   <trkpt lat="44.129087" lon="25.557635"><ele>90.25</ele></trkpt>
   <trkpt lat="44.147697" lon="25.551106"><ele>83.25</ele></trkpt>
   <trkpt lat="44.156272" lon="25.548084"><ele>93</ele></trkpt>
   <trkpt lat="44.162185" lon="25.546021"><ele>93</ele></trkpt>
   <trkpt lat="44.163097" lon="25.545869"><ele>93.75</ele></trkpt>
   <trkpt lat="44.163713" lon="25.545884"><ele>93.25</ele></trkpt>
   <trkpt lat="44.202253" lon="25.55048"><ele>96.75</ele></trkpt>
   <trkpt lat="44.206596" lon="25.550995"><ele>97.25</ele></trkpt>
   <trkpt lat="44.207312" lon="25.550954"><ele>98</ele></trkpt>
   <trkpt lat="44.207956" lon="25.550845"><ele>98</ele></trkpt>
   <trkpt lat="44.208519" lon="25.5506"><ele>98.25</ele></trkpt>
   <trkpt lat="44.209178" lon="25.550247"><ele>98.75</ele></trkpt>
   <trkpt lat="44.221323" lon="25.543996"><ele>101.25</ele></trkpt>
   <trkpt lat="44.222147" lon="25.543562"><ele>101</ele></trkpt>
   <trkpt lat="44.222457" lon="25.543408"><ele>101</ele></trkpt>
   <trkpt lat="44.223381" lon="25.542795"><ele>100.5</ele></trkpt>
   <trkpt lat="44.223894" lon="25.542548"><ele>100.25</ele></trkpt>
   <trkpt lat="44.227189" lon="25.54078"><ele>101.25</ele></trkpt>
   <trkpt lat="44.227716" lon="25.540615"><ele>101.5</ele></trkpt>
   <trkpt lat="44.228115" lon="25.54049"><ele>102.25</ele></trkpt>
   <trkpt lat="44.228349" lon="25.540391"><ele>102.25</ele></trkpt>
   <trkpt lat="44.229465" lon="25.539798"><ele>101.25</ele></trkpt>
   <trkpt lat="44.244538" lon="25.531974"><ele>103.5</ele></trkpt>
   <trkpt lat="44.245361" lon="25.531488"><ele>102.5</ele></trkpt>
   <trkpt lat="44.246225" lon="25.53073"><ele>102</ele></trkpt>
   <trkpt lat="44.247084" lon="25.52986"><ele>101.75</ele></trkpt>
   <trkpt lat="44.254074" lon="25.521923"><ele>102.5</ele></trkpt>
   <trkpt lat="44.256134" lon="25.519563"><ele>103</ele></trkpt>
   <trkpt lat="44.259916" lon="25.515375"><ele>103.75</ele></trkpt>
   <trkpt lat="44.261638" lon="25.513452"><ele>104.75</ele></trkpt>
   <trkpt lat="44.263091" lon="25.511839"><ele>103.75</ele></trkpt>
   <trkpt lat="44.263625" lon="25.511372"><ele>104.5</ele></trkpt>
   <trkpt lat="44.264258" lon="25.510985"><ele>104.75</ele></trkpt>
   <trkpt lat="44.26486" lon="25.51071"><ele>104.75</ele></trkpt>
   <trkpt lat="44.265727" lon="25.510526"><ele>104.25</ele></trkpt>
   <trkpt lat="44.266392" lon="25.510498"><ele>103.5</ele></trkpt>
   <trkpt lat="44.266943" lon="25.510562"><ele>102.25</ele></trkpt>
   <trkpt lat="44.267839" lon="25.510843"><ele>98.75</ele></trkpt>
   <trkpt lat="44.268116" lon="25.51093"><ele>97.25</ele></trkpt>
   <trkpt lat="44.268403" lon="25.511016"><ele>96</ele></trkpt>
   <trkpt lat="44.27046" lon="25.511751"><ele>96.75</ele></trkpt>
   <trkpt lat="44.271371" lon="25.512003"><ele>99</ele></trkpt>
   <trkpt lat="44.271785" lon="25.512118"><ele>100</ele></trkpt>
   <trkpt lat="44.272981" lon="25.512687"><ele>101.5</ele></trkpt>
   <trkpt lat="44.273711" lon="25.513314"><ele>101.25</ele></trkpt>
   <trkpt lat="44.274373" lon="25.514075"><ele>99.75</ele></trkpt>
   <trkpt lat="44.27493" lon="25.514936"><ele>100.5</ele></trkpt>
   <trkpt lat="44.275213" lon="25.515489"><ele>100</ele></trkpt>
   <trkpt lat="44.275472" lon="25.5161"><ele>99</ele></trkpt>
   <trkpt lat="44.276715" lon="25.519172"><ele>92</ele></trkpt>
   <trkpt lat="44.276888" lon="25.519615"><ele>92.75</ele></trkpt>
   <trkpt lat="44.279056" lon="25.524903"><ele>103</ele></trkpt>
   <trkpt lat="44.281287" lon="25.530398"><ele>105.5</ele></trkpt>
   <trkpt lat="44.281671" lon="25.531292"><ele>105</ele></trkpt>
   <trkpt lat="44.282079" lon="25.532334"><ele>104.5</ele></trkpt>
   <trkpt lat="44.282268" lon="25.53292"><ele>104.5</ele></trkpt>
   <trkpt lat="44.282624" lon="25.533816"><ele>104.5</ele></trkpt>
   <trkpt lat="44.283581" lon="25.536158"><ele>104.75</ele></trkpt>
   <trkpt lat="44.283778" lon="25.536643"><ele>105</ele></trkpt>
   <trkpt lat="44.284188" lon="25.537655"><ele>105.25</ele></trkpt>
   <trkpt lat="44.284642" lon="25.538777"><ele>106.25</ele></trkpt>
   <trkpt lat="44.28468" lon="25.538869"><ele>106.25</ele></trkpt>
   <trkpt lat="44.284799" lon="25.539164"><ele>106</ele></trkpt>
   <trkpt lat="44.284947" lon="25.539508"><ele>106</ele></trkpt>
   <trkpt lat="44.285435" lon="25.540736"><ele>106.25</ele></trkpt>
   <trkpt lat="44.285601" lon="25.541125"><ele>106</ele></trkpt>
   <trkpt lat="44.285888" lon="25.541673"><ele>105.75</ele></trkpt>
   <trkpt lat="44.286129" lon="25.54216"><ele>105.5</ele></trkpt>
   <trkpt lat="44.289933" lon="25.551603"><ele>105.75</ele></trkpt>
   <trkpt lat="44.290262" lon="25.552479"><ele>105.25</ele></trkpt>
   <trkpt lat="44.290443" lon="25.553066"><ele>106</ele></trkpt>
   <trkpt lat="44.290644" lon="25.553764"><ele>106.25</ele></trkpt>
   <trkpt lat="44.294741" lon="25.570448"><ele>105.75</ele></trkpt>
   <trkpt lat="44.295273" lon="25.572771"><ele>104.5</ele></trkpt>
   <trkpt lat="44.29558" lon="25.573767"><ele>104.75</ele></trkpt>
   <trkpt lat="44.295775" lon="25.574311"><ele>104.75</ele></trkpt>
   <trkpt lat="44.299735" lon="25.584717"><ele>101.75</ele></trkpt>
   <trkpt lat="44.300186" lon="25.585916"><ele>102</ele></trkpt>
   <trkpt lat="44.303388" lon="25.594381"><ele>105.75</ele></trkpt>
   <trkpt lat="44.307635" lon="25.605445"><ele>107.25</ele></trkpt>
   <trkpt lat="44.308489" lon="25.607911"><ele>108.75</ele></trkpt>
   <trkpt lat="44.309809" lon="25.611369"><ele>107.25</ele></trkpt>
   <trkpt lat="44.311488" lon="25.615842"><ele>108</ele></trkpt>
   <trkpt lat="44.313544" lon="25.621161"><ele>105</ele></trkpt>
   <trkpt lat="44.315169" lon="25.625438"><ele>102.75</ele></trkpt>
   <trkpt lat="44.325351" lon="25.65283"><ele>104.75</ele></trkpt>
   <trkpt lat="44.325827" lon="25.654085"><ele>104</ele></trkpt>
   <trkpt lat="44.331991" lon="25.670337"><ele>99</ele></trkpt>
   <trkpt lat="44.335389" lon="25.679527"><ele>82.25</ele></trkpt>
   <trkpt lat="44.335639" lon="25.680207"><ele>82</ele></trkpt>
   <trkpt lat="44.338254" lon="25.68724"><ele>87</ele></trkpt>
   <trkpt lat="44.338725" lon="25.688578"><ele>87.75</ele></trkpt>
   <trkpt lat="44.338811" lon="25.68887"><ele>88.5</ele></trkpt>
   <trkpt lat="44.340288" lon="25.693914"><ele>93</ele></trkpt>
   <trkpt lat="44.341956" lon="25.699481"><ele>101.5</ele></trkpt>
   <trkpt lat="44.342026" lon="25.699823"><ele>101.75</ele></trkpt>
   <trkpt lat="44.342309" lon="25.700777"><ele>100.25</ele></trkpt>
   <trkpt lat="44.344999" lon="25.709876"><ele>100</ele></trkpt>
   <trkpt lat="44.345135" lon="25.710163"><ele>99.25</ele></trkpt>
   <trkpt lat="44.345694" lon="25.712361"><ele>97.25</ele></trkpt>
   <trkpt lat="44.345722" lon="25.71247"><ele>97.25</ele></trkpt>
   <trkpt lat="44.355445" lon="25.745332"><ele>100.75</ele></trkpt>
   <trkpt lat="44.363936" lon="25.774077"><ele>98.25</ele></trkpt>
   <trkpt lat="44.366961" lon="25.783017"><ele>93.25</ele></trkpt>
   <trkpt lat="44.370049" lon="25.7922"><ele>97</ele></trkpt>
   <trkpt lat="44.373783" lon="25.80309"><ele>99.25</ele></trkpt>
   <trkpt lat="44.375609" lon="25.808451"><ele>96.5</ele></trkpt>
   <trkpt lat="44.37663" lon="25.811335"><ele>94.5</ele></trkpt>
   <trkpt lat="44.379387" lon="25.818459"><ele>92.75</ele></trkpt>
   <trkpt lat="44.379946" lon="25.81992"><ele>94.5</ele></trkpt>
   <trkpt lat="44.381847" lon="25.824949"><ele>94.5</ele></trkpt>
   <trkpt lat="44.384254" lon="25.831101"><ele>93.5</ele></trkpt>
   <trkpt lat="44.384414" lon="25.83151"><ele>93.25</ele></trkpt>
   <trkpt lat="44.385137" lon="25.833522"><ele>92.75</ele></trkpt>
   <trkpt lat="44.385185" lon="25.833645"><ele>92.75</ele></trkpt>
   <trkpt lat="44.388262" lon="25.841594"><ele>92.75</ele></trkpt>
   <trkpt lat="44.389127" lon="25.843851"><ele>92.5</ele></trkpt>
   <trkpt lat="44.38952" lon="25.844868"><ele>94</ele></trkpt>
   <trkpt lat="44.392702" lon="25.853087"><ele>95.5</ele></trkpt>
   <trkpt lat="44.394257" lon="25.857039"><ele>90.25</ele></trkpt>
   <trkpt lat="44.394329" lon="25.857216"><ele>90.25</ele></trkpt>
   <trkpt lat="44.395714" lon="25.86081"><ele>89.75</ele></trkpt>
   <trkpt lat="44.395796" lon="25.861013"><ele>89.75</ele></trkpt>
   <trkpt lat="44.397223" lon="25.864719"><ele>88.75</ele></trkpt>
   <trkpt lat="44.397309" lon="25.864943"><ele>88.75</ele></trkpt>
   <trkpt lat="44.397994" lon="25.866728"><ele>89.75</ele></trkpt>
   <trkpt lat="44.398304" lon="25.867649"><ele>89</ele></trkpt>
   <trkpt lat="44.398983" lon="25.869807"><ele>90</ele></trkpt>
   <trkpt lat="44.399059" lon="25.870058"><ele>89.75</ele></trkpt>
   <trkpt lat="44.399656" lon="25.872026"><ele>89.5</ele></trkpt>
   <trkpt lat="44.400323" lon="25.874191"><ele>87</ele></trkpt>
   <trkpt lat="44.400394" lon="25.874424"><ele>87.25</ele></trkpt>
   <trkpt lat="44.400953" lon="25.876261"><ele>89</ele></trkpt>
   <trkpt lat="44.40239" lon="25.880914"><ele>88</ele></trkpt>
   <trkpt lat="44.402476" lon="25.881196"><ele>88.25</ele></trkpt>
   <trkpt lat="44.403761" lon="25.885433"><ele>87.5</ele></trkpt>
   <trkpt lat="44.404749" lon="25.888576"><ele>87.25</ele></trkpt>
   <trkpt lat="44.404921" lon="25.889148"><ele>86.75</ele></trkpt>
   <trkpt lat="44.405693" lon="25.891519"><ele>91.5</ele></trkpt>
   <trkpt lat="44.405929" lon="25.892133"><ele>91.75</ele></trkpt>
   <trkpt lat="44.406124" lon="25.892549"><ele>91.5</ele></trkpt>
   <trkpt lat="44.406838" lon="25.894142"><ele>92.75</ele></trkpt>
   <trkpt lat="44.408619" lon="25.898109"><ele>91.25</ele></trkpt>
   <trkpt lat="44.409772" lon="25.900644"><ele>93.5</ele></trkpt>
   <trkpt lat="44.411593" lon="25.904708"><ele>92</ele></trkpt>
   <trkpt lat="44.412478" lon="25.90666"><ele>91</ele></trkpt>
   <trkpt lat="44.412562" lon="25.906846"><ele>90.5</ele></trkpt>
   <trkpt lat="44.412784" lon="25.907334"><ele>89.5</ele></trkpt>
   <trkpt lat="44.413527" lon="25.908983"><ele>89</ele></trkpt>
   <trkpt lat="44.414647" lon="25.911432"><ele>89.5</ele></trkpt>
   <trkpt lat="44.41659" lon="25.915711"><ele>90</ele></trkpt>
   <trkpt lat="44.416661" lon="25.915874"><ele>90</ele></trkpt>
   <trkpt lat="44.420326" lon="25.923987"><ele>92.25</ele></trkpt>
   <trkpt lat="44.423701" lon="25.93143"><ele>91</ele></trkpt>
   <trkpt lat="44.424467" lon="25.933147"><ele>90.75</ele></trkpt>
   <trkpt lat="44.425195" lon="25.934732"><ele>90.75</ele></trkpt>
   <trkpt lat="44.425534" lon="25.935373"><ele>90.5</ele></trkpt>
   <trkpt lat="44.425865" lon="25.93593"><ele>90.75</ele></trkpt>
   <trkpt lat="44.426325" lon="25.936604"><ele>91.5</ele></trkpt>
   <trkpt lat="44.426783" lon="25.937187"><ele>92</ele></trkpt>
   <trkpt lat="44.427199" lon="25.937672"><ele>92</ele></trkpt>
   <trkpt lat="44.427683" lon="25.938153"><ele>92.75</ele></trkpt>
   <trkpt lat="44.428281" lon="25.938643"><ele>93.5</ele></trkpt>
   <trkpt lat="44.428899" lon="25.9391"><ele>94.75</ele></trkpt>
   <trkpt lat="44.435921" lon="25.943854"><ele>92.75</ele></trkpt>
   <trkpt lat="44.437726" lon="25.945067"><ele>93.5</ele></trkpt>
   <trkpt lat="44.438173" lon="25.945368"><ele>95</ele></trkpt>
   <trkpt lat="44.43925" lon="25.946091"><ele>93.75</ele></trkpt>
   <trkpt lat="44.440864" lon="25.94719"><ele>94.75</ele></trkpt>
   <trkpt lat="44.446549" lon="25.951051"><ele>95.5</ele></trkpt>
   <trkpt lat="44.45058" lon="25.953782"><ele>93.75</ele></trkpt>
   <trkpt lat="44.451067" lon="25.954111"><ele>94.25</ele></trkpt>
   <trkpt lat="44.45147" lon="25.954369"><ele>95.5</ele></trkpt>
   <trkpt lat="44.452829" lon="25.955307"><ele>96.25</ele></trkpt>
   <trkpt lat="44.453548" lon="25.955814"><ele>94.75</ele></trkpt>
   <trkpt lat="44.453866" lon="25.956093"><ele>94.75</ele></trkpt>
   <trkpt lat="44.454135" lon="25.956363"><ele>95.25</ele></trkpt>
   <trkpt lat="44.454652" lon="25.957001"><ele>96</ele></trkpt>
   <trkpt lat="44.454865" lon="25.957327"><ele>96.5</ele></trkpt>
   <trkpt lat="44.455187" lon="25.957846"><ele>96.75</ele></trkpt>
   <trkpt lat="44.455298" lon="25.958072"><ele>96.5</ele></trkpt>
   <trkpt lat="44.455447" lon="25.958407"><ele>96.25</ele></trkpt>
   <trkpt lat="44.455743" lon="25.959187"><ele>94</ele></trkpt>
   <trkpt lat="44.455993" lon="25.960074"><ele>92.25</ele></trkpt>
   <trkpt lat="44.456092" lon="25.960565"><ele>91.75</ele></trkpt>
   <trkpt lat="44.456425" lon="25.962591"><ele>91.5</ele></trkpt>
   <trkpt lat="44.456568" lon="25.963312"><ele>90.5</ele></trkpt>
   <trkpt lat="44.456759" lon="25.964005"><ele>89.5</ele></trkpt>
   <trkpt lat="44.45696" lon="25.964544"><ele>89.25</ele></trkpt>
   <trkpt lat="44.457323" lon="25.965329"><ele>88.5</ele></trkpt>
   <trkpt lat="44.457656" lon="25.965894"><ele>88.25</ele></trkpt>
   <trkpt lat="44.458173" lon="25.966605"><ele>89.25</ele></trkpt>
   <trkpt lat="44.458826" lon="25.96727"><ele>89</ele></trkpt>
   <trkpt lat="44.459532" lon="25.967794"><ele>89.5</ele></trkpt>
   <trkpt lat="44.460782" lon="25.968703"><ele>89.25</ele></trkpt>
   <trkpt lat="44.462004" lon="25.969902"><ele>88.5</ele></trkpt>
   <trkpt lat="44.462475" lon="25.970457"><ele>87.25</ele></trkpt>
   <trkpt lat="44.462708" lon="25.970736"><ele>86.75</ele></trkpt>
   <trkpt lat="44.46487" lon="25.973344"><ele>85</ele></trkpt>
   <trkpt lat="44.466223" lon="25.974946"><ele>84.75</ele></trkpt>
   <trkpt lat="44.466479" lon="25.975252"><ele>85</ele></trkpt>
   <trkpt lat="44.466588" lon="25.975387"><ele>85</ele></trkpt>
   <trkpt lat="44.466905" lon="25.975762"><ele>84.5</ele></trkpt>
   <trkpt lat="44.467398" lon="25.976431"><ele>85.25</ele></trkpt>
   <trkpt lat="44.467525" lon="25.976581"><ele>85.5</ele></trkpt>
   <trkpt lat="44.468027" lon="25.977258"><ele>84.75</ele></trkpt>
   <trkpt lat="44.470565" lon="25.980275"><ele>85</ele></trkpt>
   <trkpt lat="44.472928" lon="25.983094"><ele>84.25</ele></trkpt>
   <trkpt lat="44.473086" lon="25.983263"><ele>84</ele></trkpt>
   <trkpt lat="44.473487" lon="25.983644"><ele>84.5</ele></trkpt>
   <trkpt lat="44.473819" lon="25.983983"><ele>84.75</ele></trkpt>
   <trkpt lat="44.473995" lon="25.984192"><ele>85</ele></trkpt>
   <trkpt lat="44.474439" lon="25.984722"><ele>85</ele></trkpt>
   <trkpt lat="44.475998" lon="25.986575"><ele>84.25</ele></trkpt>
   <trkpt lat="44.477123" lon="25.98779"><ele>85.75</ele></trkpt>
   <trkpt lat="44.477565" lon="25.988367"><ele>86</ele></trkpt>
   <trkpt lat="44.477934" lon="25.98894"><ele>86</ele></trkpt>
   <trkpt lat="44.478201" lon="25.989424"><ele>86</ele></trkpt>
   <trkpt lat="44.478521" lon="25.990119"><ele>87</ele></trkpt>
   <trkpt lat="44.47877" lon="25.990818"><ele>86</ele></trkpt>
   <trkpt lat="44.478957" lon="25.991441"><ele>84.75</ele></trkpt>
   <trkpt lat="44.479088" lon="25.992019"><ele>84.25</ele></trkpt>
   <trkpt lat="44.479224" lon="25.992833"><ele>84</ele></trkpt>
   <trkpt lat="44.479305" lon="25.993555"><ele>85</ele></trkpt>
   <trkpt lat="44.479411" lon="25.994904"><ele>87.5</ele></trkpt>
   <trkpt lat="44.479686" lon="25.998253"><ele>90.25</ele></trkpt>
   <trkpt lat="44.479732" lon="25.999177"><ele>90.25</ele></trkpt>
   <trkpt lat="44.479728" lon="26.000065"><ele>91</ele></trkpt>
   <trkpt lat="44.479709" lon="26.000744"><ele>91</ele></trkpt>
   <trkpt lat="44.479606" lon="26.00179"><ele>92</ele></trkpt>
   <trkpt lat="44.479546" lon="26.002217"><ele>93</ele></trkpt>
   <trkpt lat="44.479411" lon="26.002985"><ele>93</ele></trkpt>
   <trkpt lat="44.479227" lon="26.003729"><ele>92.75</ele></trkpt>
   <trkpt lat="44.478751" lon="26.005329"><ele>91</ele></trkpt>
   <trkpt lat="44.478449" lon="26.006238"><ele>87.75</ele></trkpt>
   <trkpt lat="44.478402" lon="26.006554"><ele>87.25</ele></trkpt>
   <trkpt lat="44.478358" lon="26.006851"><ele>87.5</ele></trkpt>
   <trkpt lat="44.478253" lon="26.007177"><ele>88.25</ele></trkpt>
   <trkpt lat="44.477518" lon="26.009226"><ele>87.75</ele></trkpt>
   <trkpt lat="44.474663" lon="26.017852"><ele>85.25</ele></trkpt>
   <trkpt lat="44.47368" lon="26.02082"><ele>85.25</ele></trkpt>
   <trkpt lat="44.473463" lon="26.021465"><ele>85</ele></trkpt>
   <trkpt lat="44.473362" lon="26.021766"><ele>85</ele></trkpt>
   <trkpt lat="44.471784" lon="26.026534"><ele>83.75</ele></trkpt>
   <trkpt lat="44.471287" lon="26.028419"><ele>86.5</ele></trkpt>
   <trkpt lat="44.471182" lon="26.028848"><ele>86.75</ele></trkpt>
   <trkpt lat="44.470587" lon="26.031126"><ele>86.5</ele></trkpt>
   <trkpt lat="44.470342" lon="26.032159"><ele>86.25</ele></trkpt>
   <trkpt lat="44.470241" lon="26.032664"><ele>86</ele></trkpt>
   <trkpt lat="44.470187" lon="26.033176"><ele>85</ele></trkpt>
   <trkpt lat="44.470177" lon="26.03362"><ele>84.75</ele></trkpt>
   <trkpt lat="44.470204" lon="26.034155"><ele>84.75</ele></trkpt>
   <trkpt lat="44.470313" lon="26.035536"><ele>86.5</ele></trkpt>
   <trkpt lat="44.470332" lon="26.035893"><ele>86.75</ele></trkpt>
   <trkpt lat="44.470329" lon="26.036235"><ele>86.5</ele></trkpt>
   <trkpt lat="44.470319" lon="26.036497"><ele>86.25</ele></trkpt>
   <trkpt lat="44.470297" lon="26.03676"><ele>86.25</ele></trkpt>
   <trkpt lat="44.470245" lon="26.037089"><ele>86</ele></trkpt>
   <trkpt lat="44.470125" lon="26.037604"><ele>85.75</ele></trkpt>
   <trkpt lat="44.470069" lon="26.037796"><ele>85.5</ele></trkpt>
   <trkpt lat="44.469879" lon="26.038272"><ele>85.25</ele></trkpt>
   <trkpt lat="44.469738" lon="26.038587"><ele>85.5</ele></trkpt>
   <trkpt lat="44.469553" lon="26.038913"><ele>86</ele></trkpt>
   <trkpt lat="44.469331" lon="26.039261"><ele>86</ele></trkpt>
   <trkpt lat="44.465522" lon="26.044944"><ele>83.5</ele></trkpt>
   <trkpt lat="44.464995" lon="26.0458"><ele>84.75</ele></trkpt>
   <trkpt lat="44.464513" lon="26.046635"><ele>84.75</ele></trkpt>
   <trkpt lat="44.463763" lon="26.047881"><ele>85</ele></trkpt>
   <trkpt lat="44.460671" lon="26.052554"><ele>85</ele></trkpt>
   <trkpt lat="44.459523" lon="26.054289"><ele>85.25</ele></trkpt>
   <trkpt lat="44.456279" lon="26.059163"><ele>83.75</ele></trkpt>
   <trkpt lat="44.455811" lon="26.059849"><ele>84</ele></trkpt>
   <trkpt lat="44.454484" lon="26.061753"><ele>82.75</ele></trkpt>
   <trkpt lat="44.454164" lon="26.062196"><ele>82.75</ele></trkpt>
   <trkpt lat="44.453946" lon="26.06251"><ele>82.5</ele></trkpt>
   <trkpt lat="44.452269" lon="26.064978"><ele>82.25</ele></trkpt>
   <trkpt lat="44.45202" lon="26.065443"><ele>82.25</ele></trkpt>
   <trkpt lat="44.451775" lon="26.065879"><ele>82.25</ele></trkpt>
   <trkpt lat="44.451537" lon="26.066325"><ele>82.25</ele></trkpt>
   <trkpt lat="44.451336" lon="26.066724"><ele>82</ele></trkpt>
   <trkpt lat="44.451081" lon="26.067101"><ele>81.5</ele></trkpt>
   <trkpt lat="44.450795" lon="26.067526"><ele>81</ele></trkpt>
   <trkpt lat="44.450577" lon="26.067867"><ele>81.5</ele></trkpt>
   <trkpt lat="44.450382" lon="26.068235"><ele>81.75</ele></trkpt>
   <trkpt lat="44.450152" lon="26.068664"><ele>82</ele></trkpt>
   <trkpt lat="44.450072" lon="26.06879"><ele>82</ele></trkpt>
   <trkpt lat="44.449873" lon="26.069065"><ele>82</ele></trkpt>
   <trkpt lat="44.449579" lon="26.069525"><ele>81.5</ele></trkpt>
   <trkpt lat="44.449382" lon="26.069876"><ele>80.5</ele></trkpt>
   <trkpt lat="44.449341" lon="26.069943"><ele>80.5</ele></trkpt>
   <trkpt lat="44.449166" lon="26.070228"><ele>80.25</ele></trkpt>
   <trkpt lat="44.446973" lon="26.073521"><ele>82</ele></trkpt>
   <trkpt lat="44.446842" lon="26.073716"><ele>82.75</ele></trkpt>
  </trkseg>
 </trk>
</gpx>