<?xml version="1.0" encoding="UTF-8"?>
<!-- track-length = 460510 filtered ascend = 374 plain-ascend = -207 cost=460510 energy=5.6kwh time=10h 14m 4s -->
<gpx 
 xmlns="http://www.topografix.com/GPX/1/1" 
 xmlns:xsi="http://www.w3.org/2001/XMLSchema-instance" 
 xsi:schemaLocation="http://www.topografix.com/GPX/1/1 http://www.topografix.com/GPX/1/1/gpx.xsd" 
 version="1.1" 
 creator="BRouter-Web 0.18.1">
 <trk>
  <name>Szczakowa i Pieczyska - Bocianowo-Śródmieście-Stare Miasto (460,5 km)</name>
  <trkseg>
   <trkpt lat="50.246554" lon="19.296286"><ele>267.5</ele></trkpt>
   <trkpt lat="50.246628" lon="19.295913"><ele>267.75</ele></trkpt>
   <trkpt lat="50.247001" lon="19.293986"><ele>268</ele></trkpt>
   <trkpt lat="50.247309" lon="19.292152"><ele>268</ele></trkpt>
   <trkpt lat="50.247443" lon="19.291389"><ele>268</ele></trkpt>
   <trkpt lat="50.247841" lon="19.289371"><ele>267</ele></trkpt>
   <trkpt lat="50.247886" lon="19.289136"><ele>267</ele></trkpt>
   <trkpt lat="50.247947" lon="19.288858"><ele>267</ele></trkpt>
   <trkpt lat="50.248094" lon="19.28831"><ele>266.75</ele></trkpt>
   <trkpt lat="50.248153" lon="19.28805"><ele>266.5</ele></trkpt>
   <trkpt lat="50.248201" lon="19.287798"><ele>266.25</ele></trkpt>
   <trkpt lat="50.24916" lon="19.282895"><ele>264.5</ele></trkpt>
   <trkpt lat="50.249451" lon="19.281405"><ele>264</ele></trkpt>
   <trkpt lat="50.249746" lon="19.279857"><ele>263</ele></trkpt>
   <trkpt lat="50.249834" lon="19.279506"><ele>263.25</ele></trkpt>
   <trkpt lat="50.249961" lon="19.279104"><ele>263.75</ele></trkpt>
   <trkpt lat="50.250089" lon="19.278793"><ele>264</ele></trkpt>
   <trkpt lat="50.250288" lon="19.278395"><ele>264.25</ele></trkpt>
   <trkpt lat="50.250466" lon="19.278114"><ele>264.5</ele></trkpt>
   <trkpt lat="50.250681" lon="19.277827"><ele>264.25</ele></trkpt>
   <trkpt lat="50.25086" lon="19.277635"><ele>264</ele></trkpt>
   <trkpt lat="50.251058" lon="19.277447"><ele>263.75</ele></trkpt>
   <trkpt lat="50.251315" lon="19.277267"><ele>263.75</ele></trkpt>
   <trkpt lat="50.251561" lon="19.277137"><ele>263.5</ele></trkpt>
   <trkpt lat="50.251835" lon="19.277023"><ele>263.5</ele></trkpt>
   <trkpt lat="50.252978" lon="19.276591"><ele>264</ele></trkpt>
   <trkpt lat="50.254221" lon="19.276115"><ele>266.5</ele></trkpt>
   <trkpt lat="50.254341" lon="19.276071"><ele>266.5</ele></trkpt>
   <trkpt lat="50.254578" lon="19.275983"><ele>266.5</ele></trkpt>
   <trkpt lat="50.256096" lon="19.275402"><ele>265</ele></trkpt>
   <trkpt lat="50.256329" lon="19.275298"><ele>264.25</ele></trkpt>
   <trkpt lat="50.256567" lon="19.275151"><ele>264</ele></trkpt>
   <trkpt lat="50.256693" lon="19.275057"><ele>263.75</ele></trkpt>
   <trkpt lat="50.256944" lon="19.27483"><ele>262.25</ele></trkpt>
   <trkpt lat="50.257179" lon="19.274559"><ele>260.75</ele></trkpt>
   <trkpt lat="50.25732" lon="19.274367"><ele>259.75</ele></trkpt>
   <trkpt lat="50.257396" lon="19.274263"><ele>259.5</ele></trkpt>
   <trkpt lat="50.257729" lon="19.273808"><ele>259</ele></trkpt>
   <trkpt lat="50.258158" lon="19.273221"><ele>260.5</ele></trkpt>
   <trkpt lat="50.258223" lon="19.273134"><ele>260.75</ele></trkpt>
   <trkpt lat="50.258566" lon="19.272666"><ele>262</ele></trkpt>
   <trkpt lat="50.258788" lon="19.272365"><ele>262.5</ele></trkpt>
   <trkpt lat="50.258926" lon="19.272191"><ele>262.5</ele></trkpt>
   <trkpt lat="50.259419" lon="19.271657"><ele>263</ele></trkpt>
   <trkpt lat="50.259787" lon="19.271302"><ele>263.25</ele></trkpt>
   <trkpt lat="50.260048" lon="19.271097"><ele>263.75</ele></trkpt>
   <trkpt lat="50.261743" lon="19.269917"><ele>265.75</ele></trkpt>
   <trkpt lat="50.262243" lon="19.26957"><ele>264.25</ele></trkpt>
   <trkpt lat="50.263159" lon="19.268937"><ele>264.25</ele></trkpt>
   <trkpt lat="50.263406" lon="19.268782"><ele>264.25</ele></trkpt>
   <trkpt lat="50.263757" lon="19.268605"><ele>264.25</ele></trkpt>
   <trkpt lat="50.264154" lon="19.268471"><ele>264</ele></trkpt>
   <trkpt lat="50.264408" lon="19.268416"><ele>263.5</ele></trkpt>
   <trkpt lat="50.264672" lon="19.268388"><ele>263.25</ele></trkpt>
   <trkpt lat="50.264916" lon="19.268385"><ele>263</ele></trkpt>
   <trkpt lat="50.265202" lon="19.268406"><ele>263.75</ele></trkpt>
   <trkpt lat="50.265383" lon="19.268438"><ele>264.5</ele></trkpt>
   <trkpt lat="50.265574" lon="19.26848"><ele>265</ele></trkpt>
   <trkpt lat="50.266572" lon="19.268748"><ele>266.75</ele></trkpt>
   <trkpt lat="50.267114" lon="19.268902"><ele>266.5</ele></trkpt>
   <trkpt lat="50.267263" lon="19.26895"><ele>266.25</ele></trkpt>
   <trkpt lat="50.267667" lon="19.269103"><ele>266.25</ele></trkpt>
   <trkpt lat="50.268018" lon="19.269271"><ele>267</ele></trkpt>
   <trkpt lat="50.268197" lon="19.269368"><ele>267</ele></trkpt>
   <trkpt lat="50.268376" lon="19.269477"><ele>267.25</ele></trkpt>
   <trkpt lat="50.268733" lon="19.269712"><ele>267</ele></trkpt>
   <trkpt lat="50.269223" lon="19.270061"><ele>267</ele></trkpt>
   <trkpt lat="50.271396" lon="19.271661"><ele>265.25</ele></trkpt>
   <trkpt lat="50.272333" lon="19.272377"><ele>266.5</ele></trkpt>
   <trkpt lat="50.274295" lon="19.273936"><ele>268</ele></trkpt>
   <trkpt lat="50.274934" lon="19.274408"><ele>269</ele></trkpt>
   <trkpt lat="50.275735" lon="19.274952"><ele>269</ele></trkpt>
   <trkpt lat="50.276469" lon="19.275479"><ele>269.75</ele></trkpt>
   <trkpt lat="50.280432" lon="19.278435"><ele>271.75</ele></trkpt>
   <trkpt lat="50.28278" lon="19.280188"><ele>272.75</ele></trkpt>
   <trkpt lat="50.282925" lon="19.280295"><ele>273</ele></trkpt>
   <trkpt lat="50.283133" lon="19.280437"><ele>273</ele></trkpt>
   <trkpt lat="50.283286" lon="19.280518"><ele>273</ele></trkpt>
   <trkpt lat="50.283439" lon="19.280597"><ele>273</ele></trkpt>
   <trkpt lat="50.283628" lon="19.280724"><ele>273.25</ele></trkpt>
   <trkpt lat="50.283768" lon="19.280829"><ele>273.5</ele></trkpt>
   <trkpt lat="50.285859" lon="19.282389"><ele>277.75</ele></trkpt>
   <trkpt lat="50.286293" lon="19.282703"><ele>276.75</ele></trkpt>
   <trkpt lat="50.286738" lon="19.283003"><ele>274.25</ele></trkpt>
   <trkpt lat="50.286946" lon="19.283127"><ele>273.25</ele></trkpt>
   <trkpt lat="50.28731" lon="19.283339"><ele>272</ele></trkpt>
   <trkpt lat="50.287792" lon="19.28358"><ele>272</ele></trkpt>
   <trkpt lat="50.288495" lon="19.283885"><ele>272.25</ele></trkpt>
   <trkpt lat="50.289053" lon="19.284082"><ele>272.75</ele></trkpt>
   <trkpt lat="50.289631" lon="19.284261"><ele>271.5</ele></trkpt>
   <trkpt lat="50.293116" lon="19.285103"><ele>267.75</ele></trkpt>
   <trkpt lat="50.299882" lon="19.286744"><ele>274</ele></trkpt>
   <trkpt lat="50.300502" lon="19.286876"><ele>274</ele></trkpt>
   <trkpt lat="50.300773" lon="19.286927"><ele>274</ele></trkpt>
   <trkpt lat="50.300979" lon="19.286954"><ele>274</ele></trkpt>
   <trkpt lat="50.301071" lon="19.286966"><ele>274</ele></trkpt>
   <trkpt lat="50.301467" lon="19.286994"><ele>274</ele></trkpt>
   <trkpt lat="50.302094" lon="19.28701"><ele>274.75</ele></trkpt>
   <trkpt lat="50.304353" lon="19.287055"><ele>277.75</ele></trkpt>
   <trkpt lat="50.311449" lon="19.287197"><ele>281.25</ele></trkpt>
   <trkpt lat="50.311713" lon="19.287203"><ele>281.25</ele></trkpt>
   <trkpt lat="50.312638" lon="19.287225"><ele>281.5</ele></trkpt>
   <trkpt lat="50.313585" lon="19.287246"><ele>280.25</ele></trkpt>
   <trkpt lat="50.314796" lon="19.287312"><ele>280</ele></trkpt>
   <trkpt lat="50.315215" lon="19.287337"><ele>280.5</ele></trkpt>
   <trkpt lat="50.315256" lon="19.287339"><ele>280.5</ele></trkpt>
   <trkpt lat="50.315322" lon="19.287343"><ele>280.75</ele></trkpt>
   <trkpt lat="50.316134" lon="19.287378"><ele>282.25</ele></trkpt>
   <trkpt lat="50.320124" lon="19.287464"><ele>287</ele></trkpt>
   <trkpt lat="50.320519" lon="19.287447"><ele>287</ele></trkpt>
   <trkpt lat="50.3209" lon="19.287399"><ele>287</ele></trkpt>
   <trkpt lat="50.321073" lon="19.287357"><ele>287</ele></trkpt>
   <trkpt lat="50.321138" lon="19.28734"><ele>287</ele></trkpt>
   <trkpt lat="50.321278" lon="19.287306"><ele>287</ele></trkpt>
   <trkpt lat="50.321659" lon="19.287177"><ele>287</ele></trkpt>
   <trkpt lat="50.322021" lon="19.287"><ele>287.25</ele></trkpt>
   <trkpt lat="50.322379" lon="19.286803"><ele>287.5</ele></trkpt>
   <trkpt lat="50.322735" lon="19.286531"><ele>288.25</ele></trkpt>
   <trkpt lat="50.323046" lon="19.286271"><ele>288.75</ele></trkpt>
   <trkpt lat="50.323223" lon="19.286095"><ele>289.25</ele></trkpt>
   <trkpt lat="50.323356" lon="19.285964"><ele>289.5</ele></trkpt>
   <trkpt lat="50.323661" lon="19.285624"><ele>289.75</ele></trkpt>
   <trkpt lat="50.323965" lon="19.285224"><ele>289.25</ele></trkpt>
   <trkpt lat="50.324211" lon="19.284857"><ele>289.5</ele></trkpt>
   <trkpt lat="50.324478" lon="19.284407"><ele>291</ele></trkpt>
   <trkpt lat="50.324731" lon="19.28391"><ele>291.75</ele></trkpt>
   <trkpt lat="50.324971" lon="19.283374"><ele>291.75</ele></trkpt>
   <trkpt lat="50.325157" lon="19.282877"><ele>292.5</ele></trkpt>
   <trkpt lat="50.325327" lon="19.282332"><ele>293</ele></trkpt>
   <trkpt lat="50.325482" lon="19.281739"><ele>293</ele></trkpt>
   <trkpt lat="50.325522" lon="19.281558"><ele>293</ele></trkpt>
   <trkpt lat="50.325677" lon="19.280823"><ele>294</ele></trkpt>
   <trkpt lat="50.325757" lon="19.280409"><ele>294.25</ele></trkpt>
   <trkpt lat="50.325936" lon="19.279476"><ele>296.25</ele></trkpt>
   <trkpt lat="50.326067" lon="19.278801"><ele>297.5</ele></trkpt>
   <trkpt lat="50.326196" lon="19.278127"><ele>298.5</ele></trkpt>
   <trkpt lat="50.326309" lon="19.277543"><ele>298.5</ele></trkpt>
   <trkpt lat="50.326446" lon="19.276832"><ele>297.5</ele></trkpt>
   <trkpt lat="50.326572" lon="19.276171"><ele>296.5</ele></trkpt>
   <trkpt lat="50.32683" lon="19.274834"><ele>296</ele></trkpt>
   <trkpt lat="50.327828" lon="19.269653"><ele>296</ele></trkpt>
   <trkpt lat="50.327978" lon="19.268924"><ele>296.5</ele></trkpt>
   <trkpt lat="50.328058" lon="19.268568"><ele>296.75</ele></trkpt>
   <trkpt lat="50.328207" lon="19.267994"><ele>296.25</ele></trkpt>
   <trkpt lat="50.328363" lon="19.267463"><ele>296</ele></trkpt>
   <trkpt lat="50.328524" lon="19.266973"><ele>296</ele></trkpt>
   <trkpt lat="50.328622" lon="19.266699"><ele>296</ele></trkpt>
   <trkpt lat="50.328818" lon="19.266194"><ele>295.5</ele></trkpt>
   <trkpt lat="50.328977" lon="19.265817"><ele>294.5</ele></trkpt>
   <trkpt lat="50.329158" lon="19.265421"><ele>294</ele></trkpt>
   <trkpt lat="50.329339" lon="19.265055"><ele>293.25</ele></trkpt>
   <trkpt lat="50.329606" lon="19.264565"><ele>294</ele></trkpt>
   <trkpt lat="50.329749" lon="19.264319"><ele>294.5</ele></trkpt>
   <trkpt lat="50.329881" lon="19.264108"><ele>294.75</ele></trkpt>
   <trkpt lat="50.330186" lon="19.263644"><ele>294.75</ele></trkpt>
   <trkpt lat="50.330312" lon="19.263461"><ele>294.5</ele></trkpt>
   <trkpt lat="50.330664" lon="19.262988"><ele>294</ele></trkpt>
   <trkpt lat="50.330788" lon="19.262833"><ele>294</ele></trkpt>
   <trkpt lat="50.331045" lon="19.262534"><ele>294.25</ele></trkpt>
   <trkpt lat="50.33125" lon="19.262316"><ele>294.25</ele></trkpt>
   <trkpt lat="50.331612" lon="19.261975"><ele>294.75</ele></trkpt>
   <trkpt lat="50.33196" lon="19.261695"><ele>295.25</ele></trkpt>
   <trkpt lat="50.332352" lon="19.261421"><ele>295.75</ele></trkpt>
   <trkpt lat="50.332791" lon="19.261155"><ele>295.75</ele></trkpt>
   <trkpt lat="50.333023" lon="19.261028"><ele>295.5</ele></trkpt>
   <trkpt lat="50.334531" lon="19.260262"><ele>295.5</ele></trkpt>
   <trkpt lat="50.336157" lon="19.259441"><ele>297</ele></trkpt>
   <trkpt lat="50.33632" lon="19.259358"><ele>297</ele></trkpt>
   <trkpt lat="50.336425" lon="19.259309"><ele>297</ele></trkpt>
   <trkpt lat="50.336713" lon="19.259207"><ele>297</ele></trkpt>
   <trkpt lat="50.336901" lon="19.259126"><ele>296.5</ele></trkpt>
   <trkpt lat="50.336929" lon="19.259111"><ele>296.5</ele></trkpt>
   <trkpt lat="50.337763" lon="19.258695"><ele>295.25</ele></trkpt>
   <trkpt lat="50.338158" lon="19.258511"><ele>295</ele></trkpt>
   <trkpt lat="50.338195" lon="19.258495"><ele>295</ele></trkpt>
   <trkpt lat="50.338623" lon="19.258324"><ele>295.25</ele></trkpt>
   <trkpt lat="50.339484" lon="19.258013"><ele>295.75</ele></trkpt>
   <trkpt lat="50.339535" lon="19.257995"><ele>296</ele></trkpt>
   <trkpt lat="50.340168" lon="19.257773"><ele>297</ele></trkpt>
   <trkpt lat="50.341061" lon="19.257478"><ele>299.25</ele></trkpt>
   <trkpt lat="50.34222" lon="19.257101"><ele>298</ele></trkpt>
   <trkpt lat="50.343336" lon="19.256756"><ele>298</ele></trkpt>
   <trkpt lat="50.344231" lon="19.256507"><ele>297.5</ele></trkpt>
   <trkpt lat="50.345119" lon="19.25629"><ele>295.5</ele></trkpt>
   <trkpt lat="50.346014" lon="19.256121"><ele>292.75</ele></trkpt>
   <trkpt lat="50.346459" lon="19.256057"><ele>291.75</ele></trkpt>
   <trkpt lat="50.347327" lon="19.255954"><ele>292.75</ele></trkpt>
   <trkpt lat="50.348012" lon="19.255884"><ele>292.5</ele></trkpt>
   <trkpt lat="50.348538" lon="19.255833"><ele>291.75</ele></trkpt>
   <trkpt lat="50.348825" lon="19.255814"><ele>291.75</ele></trkpt>
   <trkpt lat="50.349244" lon="19.255805"><ele>291.75</ele></trkpt>
   <trkpt lat="50.349534" lon="19.255817"><ele>291.75</ele></trkpt>
   <trkpt lat="50.349646" lon="19.255825"><ele>291.75</ele></trkpt>
   <trkpt lat="50.349945" lon="19.255856"><ele>292</ele></trkpt>
   <trkpt lat="50.350275" lon="19.255907"><ele>291.75</ele></trkpt>
   <trkpt lat="50.350497" lon="19.255952"><ele>291.5</ele></trkpt>
   <trkpt lat="50.350532" lon="19.25596"><ele>291.5</ele></trkpt>
   <trkpt lat="50.35088" lon="19.256049"><ele>291</ele></trkpt>
   <trkpt lat="50.351353" lon="19.256193"><ele>290.75</ele></trkpt>
   <trkpt lat="50.35143" lon="19.256218"><ele>290.5</ele></trkpt>
   <trkpt lat="50.352131" lon="19.256449"><ele>290.5</ele></trkpt>
   <trkpt lat="50.352306" lon="19.256506"><ele>290.75</ele></trkpt>
   <trkpt lat="50.352395" lon="19.256536"><ele>290.75</ele></trkpt>
   <trkpt lat="50.353202" lon="19.256806"><ele>291</ele></trkpt>
   <trkpt lat="50.35389" lon="19.257036"><ele>293</ele></trkpt>
   <trkpt lat="50.35531" lon="19.257513"><ele>293</ele></trkpt>
   <trkpt lat="50.355683" lon="19.257653"><ele>293</ele></trkpt>
   <trkpt lat="50.355977" lon="19.257763"><ele>293</ele></trkpt>
   <trkpt lat="50.356587" lon="19.258016"><ele>292.5</ele></trkpt>
   <trkpt lat="50.357509" lon="19.258453"><ele>294</ele></trkpt>
   <trkpt lat="50.35869" lon="19.259036"><ele>293.5</ele></trkpt>
   <trkpt lat="50.359074" lon="19.25924"><ele>293</ele></trkpt>
   <trkpt lat="50.35952" lon="19.259493"><ele>292.75</ele></trkpt>
   <trkpt lat="50.360155" lon="19.259892"><ele>292.75</ele></trkpt>
   <trkpt lat="50.360574" lon="19.260177"><ele>293</ele></trkpt>
   <trkpt lat="50.360952" lon="19.260455"><ele>293</ele></trkpt>
   <trkpt lat="50.361725" lon="19.261061"><ele>294</ele></trkpt>
   <trkpt lat="50.361933" lon="19.261227"><ele>294</ele></trkpt>
   <trkpt lat="50.362529" lon="19.261701"><ele>293</ele></trkpt>
   <trkpt lat="50.362923" lon="19.262015"><ele>294</ele></trkpt>
   <trkpt lat="50.362995" lon="19.262073"><ele>294.25</ele></trkpt>
   <trkpt lat="50.363463" lon="19.262444"><ele>295.75</ele></trkpt>
   <trkpt lat="50.363765" lon="19.262688"><ele>296.25</ele></trkpt>
   <trkpt lat="50.364068" lon="19.262939"><ele>297</ele></trkpt>
   <trkpt lat="50.364296" lon="19.263141"><ele>297.25</ele></trkpt>
   <trkpt lat="50.364581" lon="19.263402"><ele>297</ele></trkpt>
   <trkpt lat="50.365079" lon="19.263861"><ele>296.5</ele></trkpt>
   <trkpt lat="50.3654" lon="19.26415"><ele>296.75</ele></trkpt>
   <trkpt lat="50.365718" lon="19.264421"><ele>296.75</ele></trkpt>
   <trkpt lat="50.366483" lon="19.265037"><ele>296.75</ele></trkpt>
   <trkpt lat="50.366762" lon="19.265258"><ele>297.25</ele></trkpt>
   <trkpt lat="50.367245" lon="19.265637"><ele>298.5</ele></trkpt>
   <trkpt lat="50.367307" lon="19.265685"><ele>298.5</ele></trkpt>
   <trkpt lat="50.367422" lon="19.265769"><ele>298.75</ele></trkpt>
   <trkpt lat="50.367724" lon="19.265979"><ele>299.25</ele></trkpt>
   <trkpt lat="50.368227" lon="19.266311"><ele>300</ele></trkpt>
   <trkpt lat="50.368462" lon="19.266469"><ele>300.25</ele></trkpt>
   <trkpt lat="50.368805" lon="19.266709"><ele>299.75</ele></trkpt>
   <trkpt lat="50.368991" lon="19.266849"><ele>299.75</ele></trkpt>
   <trkpt lat="50.374147" lon="19.270908"><ele>296.75</ele></trkpt>
   <trkpt lat="50.374573" lon="19.271218"><ele>296.5</ele></trkpt>
   <trkpt lat="50.375129" lon="19.271613"><ele>296</ele></trkpt>
   <trkpt lat="50.375623" lon="19.271964"><ele>296.25</ele></trkpt>
   <trkpt lat="50.375954" lon="19.272215"><ele>296.25</ele></trkpt>
   <trkpt lat="50.37627" lon="19.272467"><ele>296.5</ele></trkpt>
   <trkpt lat="50.376469" lon="19.272611"><ele>296.5</ele></trkpt>
   <trkpt lat="50.376695" lon="19.272742"><ele>296.25</ele></trkpt>
   <trkpt lat="50.376885" lon="19.272854"><ele>296.5</ele></trkpt>
   <trkpt lat="50.377081" lon="19.27297"><ele>296.5</ele></trkpt>
   <trkpt lat="50.377551" lon="19.273344"><ele>297</ele></trkpt>
   <trkpt lat="50.37983" lon="19.275157"><ele>298</ele></trkpt>
   <trkpt lat="50.380451" lon="19.275667"><ele>298</ele></trkpt>
   <trkpt lat="50.380857" lon="19.276026"><ele>298</ele></trkpt>
   <trkpt lat="50.381391" lon="19.276532"><ele>300.75</ele></trkpt>
   <trkpt lat="50.381786" lon="19.276934"><ele>302.5</ele></trkpt>
   <trkpt lat="50.38214" lon="19.277317"><ele>303.75</ele></trkpt>
   <trkpt lat="50.382429" lon="19.277645"><ele>304.25</ele></trkpt>
   <trkpt lat="50.382671" lon="19.277933"><ele>303.75</ele></trkpt>
   <trkpt lat="50.383177" lon="19.278565"><ele>303.75</ele></trkpt>
   <trkpt lat="50.383618" lon="19.279172"><ele>303.25</ele></trkpt>
   <trkpt lat="50.384029" lon="19.279789"><ele>302</ele></trkpt>
   <trkpt lat="50.384258" lon="19.280155"><ele>302</ele></trkpt>
   <trkpt lat="50.384654" lon="19.28084"><ele>303</ele></trkpt>
   <trkpt lat="50.385039" lon="19.281577"><ele>303</ele></trkpt>
   <trkpt lat="50.385397" lon="19.282328"><ele>304.25</ele></trkpt>
   <trkpt lat="50.385576" lon="19.28273"><ele>305</ele></trkpt>
   <trkpt lat="50.385839" lon="19.283354"><ele>306</ele></trkpt>
   <trkpt lat="50.386085" lon="19.283982"><ele>306.5</ele></trkpt>
   <trkpt lat="50.386259" lon="19.284456"><ele>307</ele></trkpt>
   <trkpt lat="50.386528" lon="19.285233"><ele>307.5</ele></trkpt>
   <trkpt lat="50.386679" lon="19.285704"><ele>308</ele></trkpt>
   <trkpt lat="50.386822" lon="19.286178"><ele>307.75</ele></trkpt>
   <trkpt lat="50.387013" lon="19.286855"><ele>308.25</ele></trkpt>
   <trkpt lat="50.387181" lon="19.287497"><ele>309</ele></trkpt>
   <trkpt lat="50.387268" lon="19.287855"><ele>309.75</ele></trkpt>
   <trkpt lat="50.387427" lon="19.288558"><ele>310.75</ele></trkpt>
   <trkpt lat="50.387524" lon="19.289025"><ele>311</ele></trkpt>
   <trkpt lat="50.38759" lon="19.289354"><ele>310.75</ele></trkpt>
   <trkpt lat="50.387756" lon="19.290299"><ele>310.5</ele></trkpt>
   <trkpt lat="50.387833" lon="19.290797"><ele>310.75</ele></trkpt>
   <trkpt lat="50.387978" lon="19.29183"><ele>311.5</ele></trkpt>
   <trkpt lat="50.388689" lon="19.297465"><ele>311.75</ele></trkpt>
   <trkpt lat="50.38872" lon="19.297715"><ele>311.75</ele></trkpt>
   <trkpt lat="50.388897" lon="19.299117"><ele>312.5</ele></trkpt>
   <trkpt lat="50.38907" lon="19.300491"><ele>313.25</ele></trkpt>
   <trkpt lat="50.389216" lon="19.301641"><ele>314</ele></trkpt>
   <trkpt lat="50.389944" lon="19.307428"><ele>312.75</ele></trkpt>
   <trkpt lat="50.390012" lon="19.307964"><ele>313</ele></trkpt>
   <trkpt lat="50.390013" lon="19.307973"><ele>313</ele></trkpt>
   <trkpt lat="50.390686" lon="19.313309"><ele>314.75</ele></trkpt>
   <trkpt lat="50.390735" lon="19.313706"><ele>315</ele></trkpt>
   <trkpt lat="50.390848" lon="19.314497"><ele>315</ele></trkpt>
   <trkpt lat="50.390975" lon="19.315253"><ele>315</ele></trkpt>
   <trkpt lat="50.391095" lon="19.315844"><ele>315.5</ele></trkpt>
   <trkpt lat="50.391221" lon="19.316393"><ele>316.5</ele></trkpt>
   <trkpt lat="50.391314" lon="19.316767"><ele>317</ele></trkpt>
   <trkpt lat="50.391528" lon="19.317517"><ele>317.5</ele></trkpt>
   <trkpt lat="50.391634" lon="19.31785"><ele>318.25</ele></trkpt>
   <trkpt lat="50.391762" lon="19.318233"><ele>319</ele></trkpt>
   <trkpt lat="50.39188" lon="19.31856"><ele>319.5</ele></trkpt>
   <trkpt lat="50.392142" lon="19.319227"><ele>320</ele></trkpt>
   <trkpt lat="50.39228" lon="19.319548"><ele>320.25</ele></trkpt>
   <trkpt lat="50.392429" lon="19.31988"><ele>320.75</ele></trkpt>
   <trkpt lat="50.392746" lon="19.320523"><ele>321.5</ele></trkpt>
   <trkpt lat="50.393074" lon="19.321114"><ele>321.75</ele></trkpt>
   <trkpt lat="50.393358" lon="19.321575"><ele>321.25</ele></trkpt>
   <trkpt lat="50.393607" lon="19.32195"><ele>321.25</ele></trkpt>
   <trkpt lat="50.3938" lon="19.322218"><ele>321.5</ele></trkpt>
   <trkpt lat="50.393998" lon="19.322478"><ele>321.75</ele></trkpt>
   <trkpt lat="50.394366" lon="19.322924"><ele>322.5</ele></trkpt>
   <trkpt lat="50.394583" lon="19.323166"><ele>323</ele></trkpt>
   <trkpt lat="50.395005" lon="19.323615"><ele>324</ele></trkpt>
   <trkpt lat="50.396992" lon="19.325663"><ele>324.5</ele></trkpt>
   <trkpt lat="50.398221" lon="19.32693"><ele>324</ele></trkpt>
   <trkpt lat="50.398524" lon="19.32724"><ele>324</ele></trkpt>
   <trkpt lat="50.399298" lon="19.328039"><ele>324.75</ele></trkpt>
   <trkpt lat="50.399604" lon="19.328349"><ele>325.5</ele></trkpt>
   <trkpt lat="50.400324" lon="19.329096"><ele>326.75</ele></trkpt>
   <trkpt lat="50.400607" lon="19.329386"><ele>328.75</ele></trkpt>
   <trkpt lat="50.40112" lon="19.329914"><ele>328.75</ele></trkpt>
   <trkpt lat="50.408307" lon="19.337321"><ele>327.5</ele></trkpt>
   <trkpt lat="50.408378" lon="19.337395"><ele>327.5</ele></trkpt>
   <trkpt lat="50.408603" lon="19.337626"><ele>327.25</ele></trkpt>
   <trkpt lat="50.409815" lon="19.338873"><ele>326</ele></trkpt>
   <trkpt lat="50.410763" lon="19.33986"><ele>325.75</ele></trkpt>
   <trkpt lat="50.410944" lon="19.340059"><ele>326.25</ele></trkpt>
   <trkpt lat="50.411353" lon="19.340538"><ele>326.75</ele></trkpt>
   <trkpt lat="50.411742" lon="19.341049"><ele>326.75</ele></trkpt>
   <trkpt lat="50.411926" lon="19.341309"><ele>327</ele></trkpt>
   <trkpt lat="50.412288" lon="19.341862"><ele>328</ele></trkpt>
   <trkpt lat="50.412612" lon="19.342411"><ele>328</ele></trkpt>
   <trkpt lat="50.412919" lon="19.342984"><ele>326.5</ele></trkpt>
   <trkpt lat="50.413204" lon="19.34358"><ele>325</ele></trkpt>
   <trkpt lat="50.413346" lon="19.343899"><ele>324.75</ele></trkpt>
   <trkpt lat="50.413604" lon="19.344538"><ele>324.25</ele></trkpt>
   <trkpt lat="50.413728" lon="19.344871"><ele>324</ele></trkpt>
   <trkpt lat="50.413842" lon="19.345204"><ele>323.75</ele></trkpt>
   <trkpt lat="50.414043" lon="19.345833"><ele>323.25</ele></trkpt>
   <trkpt lat="50.414186" lon="19.346333"><ele>322.25</ele></trkpt>
   <trkpt lat="50.414312" lon="19.346828"><ele>321.75</ele></trkpt>
   <trkpt lat="50.41439" lon="19.347158"><ele>321.75</ele></trkpt>
   <trkpt lat="50.414528" lon="19.347809"><ele>321.75</ele></trkpt>
   <trkpt lat="50.414628" lon="19.348364"><ele>322</ele></trkpt>
   <trkpt lat="50.414705" lon="19.348852"><ele>322.5</ele></trkpt>
   <trkpt lat="50.414746" lon="19.349152"><ele>322.5</ele></trkpt>
   <trkpt lat="50.414795" lon="19.34955"><ele>322.75</ele></trkpt>
   <trkpt lat="50.414814" lon="19.349716"><ele>323</ele></trkpt>
   <trkpt lat="50.414893" lon="19.350495"><ele>323</ele></trkpt>
   <trkpt lat="50.415028" lon="19.351889"><ele>323.75</ele></trkpt>
   <trkpt lat="50.415163" lon="19.353286"><ele>323</ele></trkpt>
   <trkpt lat="50.41564" lon="19.358291"><ele>321.5</ele></trkpt>
   <trkpt lat="50.415673" lon="19.358646"><ele>321.5</ele></trkpt>
   <trkpt lat="50.415705" lon="19.358887"><ele>321.25</ele></trkpt>
   <trkpt lat="50.41575" lon="19.359142"><ele>321.25</ele></trkpt>
   <trkpt lat="50.415783" lon="19.359381"><ele>321</ele></trkpt>
   <trkpt lat="50.415853" lon="19.360132"><ele>321</ele></trkpt>
   <trkpt lat="50.415887" lon="19.360475"><ele>321.5</ele></trkpt>
   <trkpt lat="50.416192" lon="19.363667"><ele>323</ele></trkpt>
   <trkpt lat="50.416229" lon="19.364052"><ele>322.75</ele></trkpt>
   <trkpt lat="50.416273" lon="19.36444"><ele>322.75</ele></trkpt>
   <trkpt lat="50.4164" lon="19.365293"><ele>322.5</ele></trkpt>
   <trkpt lat="50.416444" lon="19.365679"><ele>322.75</ele></trkpt>
   <trkpt lat="50.416515" lon="19.366432"><ele>323.75</ele></trkpt>
   <trkpt lat="50.416646" lon="19.36782"><ele>324.75</ele></trkpt>
   <trkpt lat="50.416651" lon="19.367874"><ele>324.75</ele></trkpt>
   <trkpt lat="50.416743" lon="19.368848"><ele>325</ele></trkpt>
   <trkpt lat="50.416777" lon="19.369213"><ele>325</ele></trkpt>
   <trkpt lat="50.416854" lon="19.370032"><ele>325</ele></trkpt>
   <trkpt lat="50.416933" lon="19.370603"><ele>325.25</ele></trkpt>
   <trkpt lat="50.41706" lon="19.371417"><ele>326</ele></trkpt>
   <trkpt lat="50.417164" lon="19.372486"><ele>326.5</ele></trkpt>
   <trkpt lat="50.417217" lon="19.372893"><ele>326.75</ele></trkpt>
   <trkpt lat="50.417276" lon="19.373258"><ele>327.25</ele></trkpt>
   <trkpt lat="50.417421" lon="19.373977"><ele>327.75</ele></trkpt>
   <trkpt lat="50.417596" lon="19.374705"><ele>328.75</ele></trkpt>
   <trkpt lat="50.417677" lon="19.374998"><ele>329</ele></trkpt>
   <trkpt lat="50.417902" lon="19.37571"><ele>329.25</ele></trkpt>
   <trkpt lat="50.418724" lon="19.377969"><ele>330.75</ele></trkpt>
   <trkpt lat="50.418906" lon="19.378429"><ele>331</ele></trkpt>
   <trkpt lat="50.419025" lon="19.378687"><ele>331.25</ele></trkpt>
   <trkpt lat="50.419237" lon="19.379092"><ele>331.5</ele></trkpt>
   <trkpt lat="50.41935" lon="19.379288"><ele>331.75</ele></trkpt>
   <trkpt lat="50.419469" lon="19.379472"><ele>331.75</ele></trkpt>
   <trkpt lat="50.419663" lon="19.379748"><ele>331.75</ele></trkpt>
   <trkpt lat="50.420114" lon="19.380347"><ele>331.25</ele></trkpt>
   <trkpt lat="50.420578" lon="19.380962"><ele>331.25</ele></trkpt>
   <trkpt lat="50.4212" lon="19.381786"><ele>332.5</ele></trkpt>
   <trkpt lat="50.421503" lon="19.382162"><ele>333</ele></trkpt>
   <trkpt lat="50.421773" lon="19.382474"><ele>333.25</ele></trkpt>
   <trkpt lat="50.421929" lon="19.38264"><ele>333.5</ele></trkpt>
   <trkpt lat="50.422283" lon="19.383003"><ele>334</ele></trkpt>
   <trkpt lat="50.422712" lon="19.383429"><ele>334.25</ele></trkpt>
   <trkpt lat="50.422924" lon="19.38366"><ele>334.5</ele></trkpt>
   <trkpt lat="50.423072" lon="19.383833"><ele>334.75</ele></trkpt>
   <trkpt lat="50.425165" lon="19.386271"><ele>335.5</ele></trkpt>
   <trkpt lat="50.427287" lon="19.388636"><ele>336.5</ele></trkpt>
   <trkpt lat="50.428087" lon="19.389526"><ele>336.5</ele></trkpt>
   <trkpt lat="50.428156" lon="19.389603"><ele>336.5</ele></trkpt>
   <trkpt lat="50.428431" lon="19.389908"><ele>336.75</ele></trkpt>
   <trkpt lat="50.428574" lon="19.39005"><ele>337</ele></trkpt>
   <trkpt lat="50.428779" lon="19.39023"><ele>337</ele></trkpt>
   <trkpt lat="50.428982" lon="19.390431"><ele>337</ele></trkpt>
   <trkpt lat="50.429307" lon="19.390796"><ele>337</ele></trkpt>
   <trkpt lat="50.429576" lon="19.391097"><ele>337</ele></trkpt>
   <trkpt lat="50.430173" lon="19.39176"><ele>336.75</ele></trkpt>
   <trkpt lat="50.430606" lon="19.392242"><ele>336.25</ele></trkpt>
   <trkpt lat="50.430981" lon="19.392659"><ele>335.75</ele></trkpt>
   <trkpt lat="50.431137" lon="19.39286"><ele>335.5</ele></trkpt>
   <trkpt lat="50.431289" lon="19.393071"><ele>335</ele></trkpt>
   <trkpt lat="50.431459" lon="19.393285"><ele>334.5</ele></trkpt>
   <trkpt lat="50.431821" lon="19.393688"><ele>333.5</ele></trkpt>
   <trkpt lat="50.43199" lon="19.393877"><ele>333.25</ele></trkpt>
   <trkpt lat="50.432475" lon="19.394417"><ele>333.25</ele></trkpt>
   <trkpt lat="50.432529" lon="19.394478"><ele>333.25</ele></trkpt>
   <trkpt lat="50.432983" lon="19.394983"><ele>333.75</ele></trkpt>
   <trkpt lat="50.433373" lon="19.395419"><ele>334.25</ele></trkpt>
   <trkpt lat="50.434209" lon="19.396349"><ele>333.5</ele></trkpt>
   <trkpt lat="50.434581" lon="19.396764"><ele>333.5</ele></trkpt>
   <trkpt lat="50.436146" lon="19.39852"><ele>332.5</ele></trkpt>
   <trkpt lat="50.437401" lon="19.399929"><ele>332</ele></trkpt>
   <trkpt lat="50.438577" lon="19.401201"><ele>332.25</ele></trkpt>
   <trkpt lat="50.438875" lon="19.401513"><ele>332.25</ele></trkpt>
   <trkpt lat="50.440326" lon="19.403084"><ele>330.5</ele></trkpt>
   <trkpt lat="50.440755" lon="19.403562"><ele>330</ele></trkpt>
   <trkpt lat="50.441439" lon="19.404346"><ele>331.5</ele></trkpt>
   <trkpt lat="50.441833" lon="19.404801"><ele>331</ele></trkpt>
   <trkpt lat="50.442154" lon="19.405171"><ele>331</ele></trkpt>
   <trkpt lat="50.442881" lon="19.40601"><ele>331</ele></trkpt>
   <trkpt lat="50.443449" lon="19.406651"><ele>329.25</ele></trkpt>
   <trkpt lat="50.443606" lon="19.406825"><ele>329.5</ele></trkpt>
   <trkpt lat="50.443614" lon="19.406835"><ele>329.5</ele></trkpt>
   <trkpt lat="50.444291" lon="19.407578"><ele>329.75</ele></trkpt>
   <trkpt lat="50.445337" lon="19.408745"><ele>328</ele></trkpt>
   <trkpt lat="50.445566" lon="19.408999"><ele>328.25</ele></trkpt>
   <trkpt lat="50.449154" lon="19.413"><ele>326.5</ele></trkpt>
   <trkpt lat="50.451753" lon="19.415895"><ele>324</ele></trkpt>
   <trkpt lat="50.452113" lon="19.416295"><ele>324.75</ele></trkpt>
   <trkpt lat="50.45241" lon="19.41671"><ele>325</ele></trkpt>
   <trkpt lat="50.452575" lon="19.416911"><ele>325</ele></trkpt>
   <trkpt lat="50.4532" lon="19.417607"><ele>325.5</ele></trkpt>
   <trkpt lat="50.453327" lon="19.417747"><ele>325.5</ele></trkpt>
   <trkpt lat="50.455954" lon="19.420675"><ele>330.5</ele></trkpt>
   <trkpt lat="50.45605" lon="19.420784"><ele>330.5</ele></trkpt>
   <trkpt lat="50.456161" lon="19.420895"><ele>330.5</ele></trkpt>
   <trkpt lat="50.456458" lon="19.421156"><ele>330.5</ele></trkpt>
   <trkpt lat="50.456634" lon="19.421333"><ele>330</ele></trkpt>
   <trkpt lat="50.457061" lon="19.421811"><ele>330</ele></trkpt>
   <trkpt lat="50.457585" lon="19.422376"><ele>331</ele></trkpt>
   <trkpt lat="50.457898" lon="19.422683"><ele>331.5</ele></trkpt>
   <trkpt lat="50.458118" lon="19.422884"><ele>331.25</ele></trkpt>
   <trkpt lat="50.458334" lon="19.423073"><ele>330.75</ele></trkpt>
   <trkpt lat="50.458579" lon="19.42327"><ele>331</ele></trkpt>
   <trkpt lat="50.459019" lon="19.423591"><ele>332.5</ele></trkpt>
   <trkpt lat="50.45947" lon="19.423873"><ele>333.75</ele></trkpt>
   <trkpt lat="50.459583" lon="19.423935"><ele>334.25</ele></trkpt>
   <trkpt lat="50.45997" lon="19.424141"><ele>334.75</ele></trkpt>
   <trkpt lat="50.460137" lon="19.424223"><ele>334.5</ele></trkpt>
   <trkpt lat="50.460528" lon="19.424385"><ele>333.25</ele></trkpt>
   <trkpt lat="50.460856" lon="19.424502"><ele>332.25</ele></trkpt>
   <trkpt lat="50.461345" lon="19.424638"><ele>329.25</ele></trkpt>
   <trkpt lat="50.461498" lon="19.424671"><ele>328.5</ele></trkpt>
   <trkpt lat="50.461834" lon="19.424732"><ele>328.25</ele></trkpt>
   <trkpt lat="50.462219" lon="19.424778"><ele>328.75</ele></trkpt>
   <trkpt lat="50.462559" lon="19.424799"><ele>329.5</ele></trkpt>
   <trkpt lat="50.462797" lon="19.424802"><ele>330</ele></trkpt>
   <trkpt lat="50.463112" lon="19.424791"><ele>330.75</ele></trkpt>
   <trkpt lat="50.463605" lon="19.424757"><ele>331.25</ele></trkpt>
   <trkpt lat="50.465035" lon="19.42462"><ele>330.75</ele></trkpt>
   <trkpt lat="50.465411" lon="19.424584"><ele>330.75</ele></trkpt>
   <trkpt lat="50.465571" lon="19.424569"><ele>330.5</ele></trkpt>
   <trkpt lat="50.465978" lon="19.424533"><ele>330.25</ele></trkpt>
   <trkpt lat="50.466447" lon="19.424489"><ele>330</ele></trkpt>
   <trkpt lat="50.467408" lon="19.424398"><ele>330</ele></trkpt>
   <trkpt lat="50.467467" lon="19.424392"><ele>330.25</ele></trkpt>
   <trkpt lat="50.468569" lon="19.424287"><ele>331</ele></trkpt>
   <trkpt lat="50.469152" lon="19.424232"><ele>331</ele></trkpt>
   <trkpt lat="50.473576" lon="19.423808"><ele>332.25</ele></trkpt>
   <trkpt lat="50.473946" lon="19.423775"><ele>332.5</ele></trkpt>
   <trkpt lat="50.475047" lon="19.423476"><ele>334.75</ele></trkpt>
   <trkpt lat="50.47531" lon="19.423426"><ele>334.5</ele></trkpt>
   <trkpt lat="50.476399" lon="19.423326"><ele>334</ele></trkpt>
   <trkpt lat="50.476915" lon="19.423278"><ele>334.5</ele></trkpt>
   <trkpt lat="50.478037" lon="19.42317"><ele>336</ele></trkpt>
   <trkpt lat="50.484804" lon="19.42252"><ele>335</ele></trkpt>
   <trkpt lat="50.485362" lon="19.422466"><ele>334.5</ele></trkpt>
   <trkpt lat="50.485553" lon="19.422469"><ele>334.25</ele></trkpt>
   <trkpt lat="50.485671" lon="19.422481"><ele>334</ele></trkpt>
   <trkpt lat="50.485885" lon="19.42251"><ele>333.75</ele></trkpt>
   <trkpt lat="50.486079" lon="19.422513"><ele>334</ele></trkpt>
   <trkpt lat="50.487079" lon="19.422456"><ele>334</ele></trkpt>
   <trkpt lat="50.487248" lon="19.422452"><ele>334</ele></trkpt>
   <trkpt lat="50.48754" lon="19.422479"><ele>333.75</ele></trkpt>
   <trkpt lat="50.487732" lon="19.422474"><ele>333.5</ele></trkpt>
   <trkpt lat="50.488527" lon="19.422413"><ele>332.5</ele></trkpt>
   <trkpt lat="50.48856" lon="19.42241"><ele>332.5</ele></trkpt>
   <trkpt lat="50.489354" lon="19.422351"><ele>331.75</ele></trkpt>
   <trkpt lat="50.489964" lon="19.422303"><ele>331.75</ele></trkpt>
   <trkpt lat="50.490221" lon="19.422283"><ele>331.25</ele></trkpt>
   <trkpt lat="50.490964" lon="19.422215"><ele>330.5</ele></trkpt>
   <trkpt lat="50.491367" lon="19.422159"><ele>330</ele></trkpt>
   <trkpt lat="50.491599" lon="19.422107"><ele>330</ele></trkpt>
   <trkpt lat="50.491901" lon="19.422018"><ele>330.25</ele></trkpt>
   <trkpt lat="50.492183" lon="19.421913"><ele>330.5</ele></trkpt>
   <trkpt lat="50.492456" lon="19.421785"><ele>330.75</ele></trkpt>
   <trkpt lat="50.492752" lon="19.421618"><ele>330.75</ele></trkpt>
   <trkpt lat="50.493042" lon="19.421423"><ele>330.75</ele></trkpt>
   <trkpt lat="50.493197" lon="19.421307"><ele>330.5</ele></trkpt>
   <trkpt lat="50.493479" lon="19.421069"><ele>330</ele></trkpt>
   <trkpt lat="50.493748" lon="19.420811"><ele>329.5</ele></trkpt>
   <trkpt lat="50.493902" lon="19.420649"><ele>329.25</ele></trkpt>
   <trkpt lat="50.494209" lon="19.420285"><ele>328.75</ele></trkpt>
   <trkpt lat="50.494395" lon="19.420037"><ele>328.25</ele></trkpt>
   <trkpt lat="50.494776" lon="19.419506"><ele>326.75</ele></trkpt>
   <trkpt lat="50.495033" lon="19.419146"><ele>326</ele></trkpt>
   <trkpt lat="50.495706" lon="19.418207"><ele>326</ele></trkpt>
   <trkpt lat="50.49592" lon="19.417916"><ele>326.25</ele></trkpt>
   <trkpt lat="50.496392" lon="19.4173"><ele>325.5</ele></trkpt>
   <trkpt lat="50.497942" lon="19.415326"><ele>324.25</ele></trkpt>
   <trkpt lat="50.500987" lon="19.411451"><ele>321.25</ele></trkpt>
   <trkpt lat="50.501119" lon="19.411284"><ele>321.5</ele></trkpt>
   <trkpt lat="50.506056" lon="19.405002"><ele>321</ele></trkpt>
   <trkpt lat="50.506381" lon="19.404591"><ele>320.5</ele></trkpt>
   <trkpt lat="50.508015" lon="19.40251"><ele>319.75</ele></trkpt>
   <trkpt lat="50.508147" lon="19.402343"><ele>320</ele></trkpt>
   <trkpt lat="50.510386" lon="19.399474"><ele>321.75</ele></trkpt>
   <trkpt lat="50.51078" lon="19.398973"><ele>321.75</ele></trkpt>
   <trkpt lat="50.511787" lon="19.397688"><ele>320.5</ele></trkpt>
   <trkpt lat="50.515779" lon="19.392636"><ele>317</ele></trkpt>
   <trkpt lat="50.516216" lon="19.392099"><ele>317</ele></trkpt>
   <trkpt lat="50.51665" lon="19.391581"><ele>316.75</ele></trkpt>
   <trkpt lat="50.516885" lon="19.39131"><ele>316.5</ele></trkpt>
   <trkpt lat="50.517251" lon="19.390911"><ele>316</ele></trkpt>
   <trkpt lat="50.517582" lon="19.390561"><ele>315.75</ele></trkpt>
   <trkpt lat="50.51781" lon="19.390332"><ele>315.75</ele></trkpt>
   <trkpt lat="50.518288" lon="19.389874"><ele>316.5</ele></trkpt>
   <trkpt lat="50.518782" lon="19.389435"><ele>316.75</ele></trkpt>
   <trkpt lat="50.519286" lon="19.389018"><ele>316.75</ele></trkpt>
   <trkpt lat="50.519805" lon="19.388622"><ele>316.75</ele></trkpt>
   <trkpt lat="50.520317" lon="19.388262"><ele>316.75</ele></trkpt>
   <trkpt lat="50.520834" lon="19.387929"><ele>316.5</ele></trkpt>
   <trkpt lat="50.521337" lon="19.387632"><ele>317.5</ele></trkpt>
   <trkpt lat="50.521829" lon="19.387365"><ele>317.75</ele></trkpt>
   <trkpt lat="50.522623" lon="19.386972"><ele>317</ele></trkpt>
   <trkpt lat="50.530365" lon="19.38338"><ele>311</ele></trkpt>
   <trkpt lat="50.53531" lon="19.381085"><ele>310.75</ele></trkpt>
   <trkpt lat="50.541208" lon="19.378339"><ele>310.5</ele></trkpt>
   <trkpt lat="50.544005" lon="19.37703"><ele>308.75</ele></trkpt>
   <trkpt lat="50.555387" lon="19.371721"><ele>304</ele></trkpt>
   <trkpt lat="50.555488" lon="19.371673"><ele>303.75</ele></trkpt>
   <trkpt lat="50.558849" lon="19.370111"><ele>305.25</ele></trkpt>
   <trkpt lat="50.559085" lon="19.369994"><ele>305</ele></trkpt>
   <trkpt lat="50.559524" lon="19.369759"><ele>304.25</ele></trkpt>
   <trkpt lat="50.559963" lon="19.369492"><ele>303</ele></trkpt>
   <trkpt lat="50.560378" lon="19.3692"><ele>303.25</ele></trkpt>
   <trkpt lat="50.560778" lon="19.368881"><ele>303.5</ele></trkpt>
   <trkpt lat="50.561162" lon="19.368543"><ele>304</ele></trkpt>
   <trkpt lat="50.561546" lon="19.368161"><ele>304.75</ele></trkpt>
   <trkpt lat="50.561722" lon="19.367974"><ele>305.25</ele></trkpt>
   <trkpt lat="50.562085" lon="19.367554"><ele>305.75</ele></trkpt>
   <trkpt lat="50.56226" lon="19.367339"><ele>306</ele></trkpt>
   <trkpt lat="50.562431" lon="19.367114"><ele>306</ele></trkpt>
   <trkpt lat="50.562594" lon="19.366892"><ele>305.25</ele></trkpt>
   <trkpt lat="50.562931" lon="19.366395"><ele>303.5</ele></trkpt>
   <trkpt lat="50.563252" lon="19.365875"><ele>302.25</ele></trkpt>
   <trkpt lat="50.563541" lon="19.365362"><ele>302.25</ele></trkpt>
   <trkpt lat="50.563691" lon="19.365077"><ele>302.25</ele></trkpt>
   <trkpt lat="50.563959" lon="19.364529"><ele>302.25</ele></trkpt>
   <trkpt lat="50.564204" lon="19.363972"><ele>302</ele></trkpt>
   <trkpt lat="50.564327" lon="19.363669"><ele>302</ele></trkpt>
   <trkpt lat="50.564566" lon="19.363031"><ele>302</ele></trkpt>
   <trkpt lat="50.564802" lon="19.362321"><ele>301.5</ele></trkpt>
   <trkpt lat="50.565111" lon="19.361301"><ele>300.75</ele></trkpt>
   <trkpt lat="50.565131" lon="19.361231"><ele>300.75</ele></trkpt>
   <trkpt lat="50.565563" lon="19.359709"><ele>300.25</ele></trkpt>
   <trkpt lat="50.569031" lon="19.347498"><ele>297</ele></trkpt>
   <trkpt lat="50.569221" lon="19.346826"><ele>296.75</ele></trkpt>
   <trkpt lat="50.569274" lon="19.346649"><ele>296.75</ele></trkpt>
   <trkpt lat="50.569445" lon="19.346177"><ele>296</ele></trkpt>
   <trkpt lat="50.56953" lon="19.345909"><ele>295.5</ele></trkpt>
   <trkpt lat="50.569672" lon="19.345408"><ele>295.25</ele></trkpt>
   <trkpt lat="50.569705" lon="19.345294"><ele>295.25</ele></trkpt>
   <trkpt lat="50.569773" lon="19.345029"><ele>295.25</ele></trkpt>
   <trkpt lat="50.569866" lon="19.34458"><ele>294.5</ele></trkpt>
   <trkpt lat="50.569932" lon="19.344318"><ele>294.25</ele></trkpt>
   <trkpt lat="50.569966" lon="19.344205"><ele>294</ele></trkpt>
   <trkpt lat="50.570033" lon="19.343945"><ele>293.75</ele></trkpt>
   <trkpt lat="50.570103" lon="19.343603"><ele>293.75</ele></trkpt>
   <trkpt lat="50.570202" lon="19.343196"><ele>293.5</ele></trkpt>
   <trkpt lat="50.570249" lon="19.343034"><ele>293.25</ele></trkpt>
   <trkpt lat="50.570348" lon="19.342686"><ele>293</ele></trkpt>
   <trkpt lat="50.57042" lon="19.342427"><ele>293</ele></trkpt>
   <trkpt lat="50.570456" lon="19.342292"><ele>293</ele></trkpt>
   <trkpt lat="50.570545" lon="19.341857"><ele>293</ele></trkpt>
   <trkpt lat="50.570668" lon="19.341255"><ele>293.25</ele></trkpt>
   <trkpt lat="50.570751" lon="19.340943"><ele>293.75</ele></trkpt>
   <trkpt lat="50.570937" lon="19.340333"><ele>294.25</ele></trkpt>
   <trkpt lat="50.57214" lon="19.336119"><ele>294.75</ele></trkpt>
   <trkpt lat="50.572269" lon="19.335662"><ele>294.75</ele></trkpt>
   <trkpt lat="50.57231" lon="19.33551"><ele>294.75</ele></trkpt>
   <trkpt lat="50.572437" lon="19.334944"><ele>294.75</ele></trkpt>
   <trkpt lat="50.572478" lon="19.334788"><ele>294.5</ele></trkpt>
   <trkpt lat="50.572979" lon="19.333047"><ele>294.5</ele></trkpt>
   <trkpt lat="50.573246" lon="19.332088"><ele>294.25</ele></trkpt>
   <trkpt lat="50.573565" lon="19.330977"><ele>294.75</ele></trkpt>
   <trkpt lat="50.573948" lon="19.329609"><ele>295</ele></trkpt>
   <trkpt lat="50.574156" lon="19.328874"><ele>294.75</ele></trkpt>
   <trkpt lat="50.574224" lon="19.328653"><ele>295</ele></trkpt>
   <trkpt lat="50.574312" lon="19.328419"><ele>295</ele></trkpt>
   <trkpt lat="50.574381" lon="19.328201"><ele>295</ele></trkpt>
   <trkpt lat="50.574417" lon="19.328074"><ele>295</ele></trkpt>
   <trkpt lat="50.574527" lon="19.327748"><ele>295</ele></trkpt>
   <trkpt lat="50.57473" lon="19.327208"><ele>294.75</ele></trkpt>
   <trkpt lat="50.575015" lon="19.326443"><ele>294</ele></trkpt>
   <trkpt lat="50.575095" lon="19.326183"><ele>294</ele></trkpt>
   <trkpt lat="50.575225" lon="19.325728"><ele>294</ele></trkpt>
   <trkpt lat="50.575263" lon="19.32559"><ele>294</ele></trkpt>
   <trkpt lat="50.575376" lon="19.325252"><ele>294</ele></trkpt>
   <trkpt lat="50.575479" lon="19.324984"><ele>294</ele></trkpt>
   <trkpt lat="50.575553" lon="19.32475"><ele>294</ele></trkpt>
   <trkpt lat="50.575905" lon="19.323528"><ele>294.75</ele></trkpt>
   <trkpt lat="50.576271" lon="19.322363"><ele>293.25</ele></trkpt>
   <trkpt lat="50.576667" lon="19.321211"><ele>293.25</ele></trkpt>
   <trkpt lat="50.576961" lon="19.320411"><ele>293.5</ele></trkpt>
   <trkpt lat="50.577416" lon="19.319254"><ele>294.75</ele></trkpt>
   <trkpt lat="50.577587" lon="19.318839"><ele>294.75</ele></trkpt>
   <trkpt lat="50.577896" lon="19.318126"><ele>295</ele></trkpt>
   <trkpt lat="50.578228" lon="19.31739"><ele>295</ele></trkpt>
   <trkpt lat="50.578385" lon="19.31706"><ele>295</ele></trkpt>
   <trkpt lat="50.578746" lon="19.316317"><ele>295.5</ele></trkpt>
   <trkpt lat="50.578972" lon="19.315877"><ele>295.5</ele></trkpt>
   <trkpt lat="50.579484" lon="19.314921"><ele>296.25</ele></trkpt>
   <trkpt lat="50.579868" lon="19.314239"><ele>295.75</ele></trkpt>
   <trkpt lat="50.580259" lon="19.313578"><ele>295.75</ele></trkpt>
   <trkpt lat="50.582612" lon="19.309656"><ele>292.25</ele></trkpt>
   <trkpt lat="50.582643" lon="19.309604"><ele>292.25</ele></trkpt>
   <trkpt lat="50.585089" lon="19.305527"><ele>296</ele></trkpt>
   <trkpt lat="50.589591" lon="19.298022"><ele>289.75</ele></trkpt>
   <trkpt lat="50.589977" lon="19.297391"><ele>289</ele></trkpt>
   <trkpt lat="50.590341" lon="19.296812"><ele>289.25</ele></trkpt>
   <trkpt lat="50.590761" lon="19.296178"><ele>289.75</ele></trkpt>
   <trkpt lat="50.591333" lon="19.295369"><ele>290</ele></trkpt>
   <trkpt lat="50.591836" lon="19.294698"><ele>289.5</ele></trkpt>
   <trkpt lat="50.592265" lon="19.294155"><ele>288.75</ele></trkpt>
   <trkpt lat="50.592475" lon="19.2939"><ele>288.75</ele></trkpt>
   <trkpt lat="50.592918" lon="19.29338"><ele>289.5</ele></trkpt>
   <trkpt lat="50.593139" lon="19.29314"><ele>289.5</ele></trkpt>
   <trkpt lat="50.593578" lon="19.292684"><ele>289.25</ele></trkpt>
   <trkpt lat="50.593754" lon="19.292513"><ele>289.5</ele></trkpt>
   <trkpt lat="50.593788" lon="19.292481"><ele>289.5</ele></trkpt>
   <trkpt lat="50.594353" lon="19.291972"><ele>289.75</ele></trkpt>
   <trkpt lat="50.594849" lon="19.291561"><ele>289</ele></trkpt>
   <trkpt lat="50.596025" lon="19.29062"><ele>286</ele></trkpt>
   <trkpt lat="50.59614" lon="19.290529"><ele>286</ele></trkpt>
   <trkpt lat="50.598135" lon="19.28893"><ele>287.25</ele></trkpt>
   <trkpt lat="50.598617" lon="19.288563"><ele>287.25</ele></trkpt>
   <trkpt lat="50.599045" lon="19.288258"><ele>286.75</ele></trkpt>
   <trkpt lat="50.599895" lon="19.287701"><ele>287.75</ele></trkpt>
   <trkpt lat="50.607152" lon="19.283105"><ele>290.75</ele></trkpt>
   <trkpt lat="50.607245" lon="19.283046"><ele>291</ele></trkpt>
   <trkpt lat="50.607382" lon="19.282959"><ele>291.25</ele></trkpt>
   <trkpt lat="50.610335" lon="19.281092"><ele>291</ele></trkpt>
   <trkpt lat="50.610369" lon="19.281072"><ele>291.25</ele></trkpt>
   <trkpt lat="50.615217" lon="19.278012"><ele>293.5</ele></trkpt>
   <trkpt lat="50.615358" lon="19.277925"><ele>293.5</ele></trkpt>
   <trkpt lat="50.615741" lon="19.277684"><ele>293.75</ele></trkpt>
   <trkpt lat="50.621333" lon="19.274158"><ele>292.5</ele></trkpt>
   <trkpt lat="50.62143" lon="19.274098"><ele>291.75</ele></trkpt>
   <trkpt lat="50.62233" lon="19.273542"><ele>289.75</ele></trkpt>
   <trkpt lat="50.622365" lon="19.27352"><ele>289.75</ele></trkpt>
   <trkpt lat="50.623106" lon="19.273055"><ele>290.5</ele></trkpt>
   <trkpt lat="50.624099" lon="19.272427"><ele>292</ele></trkpt>
   <trkpt lat="50.624568" lon="19.272135"><ele>292</ele></trkpt>
   <trkpt lat="50.630122" lon="19.268613"><ele>291.25</ele></trkpt>
   <trkpt lat="50.632397" lon="19.267186"><ele>285.5</ele></trkpt>
   <trkpt lat="50.640755" lon="19.26192"><ele>281.5</ele></trkpt>
   <trkpt lat="50.642363" lon="19.260907"><ele>282</ele></trkpt>
   <trkpt lat="50.643565" lon="19.260146"><ele>279.75</ele></trkpt>
   <trkpt lat="50.644349" lon="19.259628"><ele>278.75</ele></trkpt>
   <trkpt lat="50.64513" lon="19.259071"><ele>279</ele></trkpt>
   <trkpt lat="50.645635" lon="19.258689"><ele>279.75</ele></trkpt>
   <trkpt lat="50.646153" lon="19.25828"><ele>279.75</ele></trkpt>
   <trkpt lat="50.646629" lon="19.25789"><ele>279.25</ele></trkpt>
   <trkpt lat="50.64731" lon="19.257293"><ele>280.5</ele></trkpt>
   <trkpt lat="50.648063" lon="19.256585"><ele>283.5</ele></trkpt>
   <trkpt lat="50.648535" lon="19.256116"><ele>283.75</ele></trkpt>
   <trkpt lat="50.648846" lon="19.255792"><ele>282.5</ele></trkpt>
   <trkpt lat="50.649183" lon="19.255438"><ele>281</ele></trkpt>
   <trkpt lat="50.649229" lon="19.25539"><ele>281</ele></trkpt>
   <trkpt lat="50.650078" lon="19.254474"><ele>282.5</ele></trkpt>
   <trkpt lat="50.650108" lon="19.254439"><ele>282.75</ele></trkpt>
   <trkpt lat="50.650619" lon="19.253846"><ele>283.5</ele></trkpt>
   <trkpt lat="50.650977" lon="19.25341"><ele>283</ele></trkpt>
   <trkpt lat="50.651498" lon="19.252747"><ele>283.25</ele></trkpt>
   <trkpt lat="50.65216" lon="19.251875"><ele>282.75</ele></trkpt>
   <trkpt lat="50.655865" lon="19.24698"><ele>281.5</ele></trkpt>
   <trkpt lat="50.662744" lon="19.237891"><ele>281.75</ele></trkpt>
   <trkpt lat="50.668612" lon="19.230146"><ele>281</ele></trkpt>
   <trkpt lat="50.669626" lon="19.228805"><ele>280.75</ele></trkpt>
   <trkpt lat="50.672864" lon="19.224523"><ele>276.75</ele></trkpt>
   <trkpt lat="50.674348" lon="19.222582"><ele>276.75</ele></trkpt>
   <trkpt lat="50.675796" lon="19.22079"><ele>275</ele></trkpt>
   <trkpt lat="50.676559" lon="19.219794"><ele>275</ele></trkpt>
   <trkpt lat="50.676979" lon="19.219234"><ele>275</ele></trkpt>
   <trkpt lat="50.67731" lon="19.218794"><ele>274.25</ele></trkpt>
   <trkpt lat="50.678074" lon="19.217712"><ele>274</ele></trkpt>
   <trkpt lat="50.678572" lon="19.217018"><ele>273.5</ele></trkpt>
   <trkpt lat="50.678603" lon="19.216973"><ele>273.5</ele></trkpt>
   <trkpt lat="50.678638" lon="19.216924"><ele>273.5</ele></trkpt>
   <trkpt lat="50.679656" lon="19.215556"><ele>274</ele></trkpt>
   <trkpt lat="50.679796" lon="19.215359"><ele>274</ele></trkpt>
   <trkpt lat="50.680025" lon="19.214984"><ele>273.75</ele></trkpt>
   <trkpt lat="50.680158" lon="19.214796"><ele>274</ele></trkpt>
   <trkpt lat="50.680245" lon="19.21468"><ele>274</ele></trkpt>
   <trkpt lat="50.68058" lon="19.214237"><ele>274</ele></trkpt>
   <trkpt lat="50.687935" lon="19.204508"><ele>270</ele></trkpt>
   <trkpt lat="50.68802" lon="19.204393"><ele>270</ele></trkpt>
   <trkpt lat="50.68819" lon="19.20418"><ele>269.75</ele></trkpt>
   <trkpt lat="50.688555" lon="19.203766"><ele>269.75</ele></trkpt>
   <trkpt lat="50.688745" lon="19.203529"><ele>269.75</ele></trkpt>
   <trkpt lat="50.688829" lon="19.203419"><ele>269.75</ele></trkpt>
   <trkpt lat="50.689226" lon="19.202894"><ele>269.5</ele></trkpt>
   <trkpt lat="50.690318" lon="19.201451"><ele>270</ele></trkpt>
   <trkpt lat="50.692732" lon="19.198261"><ele>268.25</ele></trkpt>
   <trkpt lat="50.696131" lon="19.193733"><ele>268</ele></trkpt>
   <trkpt lat="50.697168" lon="19.192367"><ele>268</ele></trkpt>
   <trkpt lat="50.697627" lon="19.191763"><ele>268.5</ele></trkpt>
   <trkpt lat="50.698959" lon="19.190222"><ele>264.75</ele></trkpt>
   <trkpt lat="50.699651" lon="19.189503"><ele>266.25</ele></trkpt>
   <trkpt lat="50.700345" lon="19.188801"><ele>267</ele></trkpt>
   <trkpt lat="50.701943" lon="19.187481"><ele>267.5</ele></trkpt>
   <trkpt lat="50.70261" lon="19.186975"><ele>268.5</ele></trkpt>
   <trkpt lat="50.703291" lon="19.186518"><ele>271</ele></trkpt>
   <trkpt lat="50.703757" lon="19.186217"><ele>270</ele></trkpt>
   <trkpt lat="50.704226" lon="19.185944"><ele>268.5</ele></trkpt>
   <trkpt lat="50.704974" lon="19.185552"><ele>266</ele></trkpt>
   <trkpt lat="50.705711" lon="19.185166"><ele>264.25</ele></trkpt>
   <trkpt lat="50.706364" lon="19.184879"><ele>265</ele></trkpt>
   <trkpt lat="50.707039" lon="19.18463"><ele>264.25</ele></trkpt>
   <trkpt lat="50.707975" lon="19.184336"><ele>262.25</ele></trkpt>
   <trkpt lat="50.708923" lon="19.184073"><ele>261</ele></trkpt>
   <trkpt lat="50.713776" lon="19.182857"><ele>259.5</ele></trkpt>
   <trkpt lat="50.71703" lon="19.182042"><ele>257</ele></trkpt>
   <trkpt lat="50.722646" lon="19.180643"><ele>257.5</ele></trkpt>
   <trkpt lat="50.727132" lon="19.179519"><ele>257.5</ele></trkpt>
   <trkpt lat="50.73152" lon="19.178411"><ele>254.5</ele></trkpt>
   <trkpt lat="50.732771" lon="19.178096"><ele>255.5</ele></trkpt>
   <trkpt lat="50.733138" lon="19.178006"><ele>255</ele></trkpt>
   <trkpt lat="50.73859" lon="19.17663"><ele>256.25</ele></trkpt>
   <trkpt lat="50.739336" lon="19.176443"><ele>255.25</ele></trkpt>
   <trkpt lat="50.739373" lon="19.176434"><ele>255</ele></trkpt>
   <trkpt lat="50.740398" lon="19.176175"><ele>254.5</ele></trkpt>
   <trkpt lat="50.749245" lon="19.17394"><ele>253</ele></trkpt>
   <trkpt lat="50.74987" lon="19.173782"><ele>251.25</ele></trkpt>
   <trkpt lat="50.75813" lon="19.171696"><ele>249</ele></trkpt>
   <trkpt lat="50.767017" lon="19.169443"><ele>251.75</ele></trkpt>
   <trkpt lat="50.767346" lon="19.169355"><ele>252.25</ele></trkpt>
   <trkpt lat="50.767389" lon="19.169343"><ele>252.25</ele></trkpt>
   <trkpt lat="50.767822" lon="19.169212"><ele>252.5</ele></trkpt>
   <trkpt lat="50.768202" lon="19.169083"><ele>252.25</ele></trkpt>
   <trkpt lat="50.768688" lon="19.168897"><ele>252</ele></trkpt>
   <trkpt lat="50.769196" lon="19.168687"><ele>252</ele></trkpt>
   <trkpt lat="50.769893" lon="19.16838"><ele>252</ele></trkpt>
   <trkpt lat="50.770306" lon="19.168174"><ele>252.75</ele></trkpt>
   <trkpt lat="50.77087" lon="19.167855"><ele>254</ele></trkpt>
   <trkpt lat="50.771497" lon="19.167459"><ele>253.25</ele></trkpt>
   <trkpt lat="50.771649" lon="19.167361"><ele>253</ele></trkpt>
   <trkpt lat="50.772048" lon="19.167097"><ele>252</ele></trkpt>
   <trkpt lat="50.77257" lon="19.166735"><ele>250.75</ele></trkpt>
   <trkpt lat="50.773086" lon="19.166361"><ele>250.75</ele></trkpt>
   <trkpt lat="50.775586" lon="19.164592"><ele>250.5</ele></trkpt>
   <trkpt lat="50.779409" lon="19.161918"><ele>250.75</ele></trkpt>
   <trkpt lat="50.781858" lon="19.160209"><ele>249.75</ele></trkpt>
   <trkpt lat="50.782451" lon="19.159795"><ele>249.5</ele></trkpt>
   <trkpt lat="50.782863" lon="19.159507"><ele>250</ele></trkpt>
   <trkpt lat="50.783045" lon="19.159378"><ele>250.25</ele></trkpt>
   <trkpt lat="50.783711" lon="19.158911"><ele>249.75</ele></trkpt>
   <trkpt lat="50.783805" lon="19.158845"><ele>249.25</ele></trkpt>
   <trkpt lat="50.783996" lon="19.158724"><ele>248.5</ele></trkpt>
   <trkpt lat="50.784276" lon="19.158584"><ele>247.75</ele></trkpt>
   <trkpt lat="50.784445" lon="19.158474"><ele>247.5</ele></trkpt>
   <trkpt lat="50.785131" lon="19.157984"><ele>247.75</ele></trkpt>
   <trkpt lat="50.785532" lon="19.157678"><ele>248</ele></trkpt>
   <trkpt lat="50.786435" lon="19.156928"><ele>247.75</ele></trkpt>
   <trkpt lat="50.786986" lon="19.15644"><ele>248.75</ele></trkpt>
   <trkpt lat="50.787181" lon="19.156246"><ele>249.25</ele></trkpt>
   <trkpt lat="50.787374" lon="19.156037"><ele>249.25</ele></trkpt>
   <trkpt lat="50.787508" lon="19.155877"><ele>249</ele></trkpt>
   <trkpt lat="50.787675" lon="19.155665"><ele>249</ele></trkpt>
   <trkpt lat="50.787995" lon="19.155204"><ele>249.5</ele></trkpt>
   <trkpt lat="50.788521" lon="19.154355"><ele>250.25</ele></trkpt>
   <trkpt lat="50.788745" lon="19.153986"><ele>249.75</ele></trkpt>
   <trkpt lat="50.790444" lon="19.151222"><ele>246.25</ele></trkpt>
   <trkpt lat="50.791026" lon="19.150256"><ele>245.75</ele></trkpt>
   <trkpt lat="50.79124" lon="19.149851"><ele>245.5</ele></trkpt>
   <trkpt lat="50.791386" lon="19.149534"><ele>245.5</ele></trkpt>
   <trkpt lat="50.791523" lon="19.14922"><ele>245.75</ele></trkpt>
   <trkpt lat="50.791677" lon="19.148818"><ele>245.75</ele></trkpt>
   <trkpt lat="50.791822" lon="19.148387"><ele>245.75</ele></trkpt>
   <trkpt lat="50.791988" lon="19.147839"><ele>245.5</ele></trkpt>
   <trkpt lat="50.792969" lon="19.144458"><ele>245</ele></trkpt>
   <trkpt lat="50.79326" lon="19.143342"><ele>245</ele></trkpt>
   <trkpt lat="50.793473" lon="19.142492"><ele>245.5</ele></trkpt>
   <trkpt lat="50.793507" lon="19.142327"><ele>245.75</ele></trkpt>
   <trkpt lat="50.793558" lon="19.142091"><ele>245.75</ele></trkpt>
   <trkpt lat="50.79368" lon="19.141444"><ele>246.25</ele></trkpt>
   <trkpt lat="50.793777" lon="19.140977"><ele>245.75</ele></trkpt>
   <trkpt lat="50.793968" lon="19.140183"><ele>245.5</ele></trkpt>
   <trkpt lat="50.794235" lon="19.139015"><ele>246</ele></trkpt>
   <trkpt lat="50.795014" lon="19.135489"><ele>249.25</ele></trkpt>
   <trkpt lat="50.79574" lon="19.132374"><ele>247.75</ele></trkpt>
   <trkpt lat="50.796093" lon="19.130842"><ele>246.25</ele></trkpt>
   <trkpt lat="50.796314" lon="19.129824"><ele>246.25</ele></trkpt>
   <trkpt lat="50.796602" lon="19.128527"><ele>245.75</ele></trkpt>
   <trkpt lat="50.796736" lon="19.128024"><ele>245.75</ele></trkpt>
   <trkpt lat="50.797027" lon="19.127101"><ele>246.25</ele></trkpt>
   <trkpt lat="50.797168" lon="19.126669"><ele>246.75</ele></trkpt>
   <trkpt lat="50.797268" lon="19.126366"><ele>247.25</ele></trkpt>
   <trkpt lat="50.797399" lon="19.125998"><ele>247.25</ele></trkpt>
   <trkpt lat="50.797491" lon="19.125759"><ele>247</ele></trkpt>
   <trkpt lat="50.797678" lon="19.125335"><ele>246.25</ele></trkpt>
   <trkpt lat="50.797788" lon="19.12512"><ele>246</ele></trkpt>
   <trkpt lat="50.797989" lon="19.124756"><ele>245.5</ele></trkpt>
   <trkpt lat="50.798216" lon="19.124398"><ele>245</ele></trkpt>
   <trkpt lat="50.798446" lon="19.12408"><ele>245</ele></trkpt>
   <trkpt lat="50.798715" lon="19.123746"><ele>245.5</ele></trkpt>
   <trkpt lat="50.798902" lon="19.12353"><ele>245.75</ele></trkpt>
   <trkpt lat="50.799288" lon="19.123133"><ele>246</ele></trkpt>
   <trkpt lat="50.799819" lon="19.12266"><ele>246.75</ele></trkpt>
   <trkpt lat="50.800191" lon="19.122342"><ele>246.75</ele></trkpt>
   <trkpt lat="50.800818" lon="19.12187"><ele>246</ele></trkpt>
   <trkpt lat="50.801079" lon="19.121706"><ele>246</ele></trkpt>
   <trkpt lat="50.801427" lon="19.121516"><ele>246.25</ele></trkpt>
   <trkpt lat="50.801707" lon="19.121401"><ele>246.5</ele></trkpt>
   <trkpt lat="50.80186" lon="19.121348"><ele>247</ele></trkpt>
   <trkpt lat="50.80205" lon="19.121297"><ele>247.25</ele></trkpt>
   <trkpt lat="50.802209" lon="19.121265"><ele>247.5</ele></trkpt>
   <trkpt lat="50.802518" lon="19.121227"><ele>247.75</ele></trkpt>
   <trkpt lat="50.80265" lon="19.121225"><ele>247.5</ele></trkpt>
   <trkpt lat="50.804032" lon="19.121267"><ele>246.75</ele></trkpt>
   <trkpt lat="50.804432" lon="19.121281"><ele>247</ele></trkpt>
   <trkpt lat="50.806374" lon="19.121356"><ele>248.5</ele></trkpt>
   <trkpt lat="50.807446" lon="19.121394"><ele>249</ele></trkpt>
   <trkpt lat="50.807868" lon="19.121354"><ele>248.5</ele></trkpt>
   <trkpt lat="50.807982" lon="19.121355"><ele>248.25</ele></trkpt>
   <trkpt lat="50.808417" lon="19.12137"><ele>248</ele></trkpt>
   <trkpt lat="50.811617" lon="19.121488"><ele>252</ele></trkpt>
   <trkpt lat="50.811675" lon="19.121491"><ele>252</ele></trkpt>
   <trkpt lat="50.812084" lon="19.121509"><ele>252.5</ele></trkpt>
   <trkpt lat="50.812851" lon="19.121538"><ele>252.75</ele></trkpt>
   <trkpt lat="50.813016" lon="19.121544"><ele>252.75</ele></trkpt>
   <trkpt lat="50.813907" lon="19.121579"><ele>253.5</ele></trkpt>
   <trkpt lat="50.81427" lon="19.121606"><ele>253.75</ele></trkpt>
   <trkpt lat="50.814642" lon="19.121653"><ele>252.75</ele></trkpt>
   <trkpt lat="50.814832" lon="19.121687"><ele>252.25</ele></trkpt>
   <trkpt lat="50.815375" lon="19.121804"><ele>250.5</ele></trkpt>
   <trkpt lat="50.815723" lon="19.121901"><ele>249.25</ele></trkpt>
   <trkpt lat="50.816164" lon="19.122052"><ele>248.75</ele></trkpt>
   <trkpt lat="50.816646" lon="19.122245"><ele>248.25</ele></trkpt>
   <trkpt lat="50.817226" lon="19.122502"><ele>246.5</ele></trkpt>
   <trkpt lat="50.817687" lon="19.122709"><ele>246</ele></trkpt>
   <trkpt lat="50.818252" lon="19.12296"><ele>246.75</ele></trkpt>
   <trkpt lat="50.818724" lon="19.123186"><ele>247.5</ele></trkpt>
   <trkpt lat="50.819143" lon="19.123418"><ele>248.75</ele></trkpt>
   <trkpt lat="50.819345" lon="19.123539"><ele>248.75</ele></trkpt>
   <trkpt lat="50.819716" lon="19.123779"><ele>248.25</ele></trkpt>
   <trkpt lat="50.820083" lon="19.124044"><ele>248</ele></trkpt>
   <trkpt lat="50.820471" lon="19.124349"><ele>247.5</ele></trkpt>
   <trkpt lat="50.82086" lon="19.124685"><ele>247.25</ele></trkpt>
   <trkpt lat="50.821269" lon="19.125069"><ele>247.5</ele></trkpt>
   <trkpt lat="50.821698" lon="19.125508"><ele>248</ele></trkpt>
   <trkpt lat="50.822219" lon="19.126087"><ele>249</ele></trkpt>
   <trkpt lat="50.822577" lon="19.126513"><ele>249.25</ele></trkpt>
   <trkpt lat="50.82276" lon="19.126745"><ele>249.25</ele></trkpt>
   <trkpt lat="50.822963" lon="19.12701"><ele>249.5</ele></trkpt>
   <trkpt lat="50.823321" lon="19.127502"><ele>249.75</ele></trkpt>
   <trkpt lat="50.823577" lon="19.127868"><ele>249.5</ele></trkpt>
   <trkpt lat="50.823964" lon="19.128459"><ele>249</ele></trkpt>
   <trkpt lat="50.824173" lon="19.128797"><ele>249</ele></trkpt>
   <trkpt lat="50.824526" lon="19.129403"><ele>249.25</ele></trkpt>
   <trkpt lat="50.824695" lon="19.129708"><ele>249.5</ele></trkpt>
   <trkpt lat="50.825043" lon="19.130372"><ele>249.5</ele></trkpt>
   <trkpt lat="50.825374" lon="19.131038"><ele>249</ele></trkpt>
   <trkpt lat="50.825853" lon="19.132031"><ele>249</ele></trkpt>
   <trkpt lat="50.825878" lon="19.132085"><ele>249.25</ele></trkpt>
   <trkpt lat="50.825902" lon="19.132136"><ele>249.25</ele></trkpt>
   <trkpt lat="50.82898" lon="19.138546"><ele>249.5</ele></trkpt>
   <trkpt lat="50.829021" lon="19.13863"><ele>249.75</ele></trkpt>
   <trkpt lat="50.832142" lon="19.145126"><ele>248.5</ele></trkpt>
   <trkpt lat="50.832721" lon="19.146332"><ele>249</ele></trkpt>
   <trkpt lat="50.833959" lon="19.148907"><ele>252</ele></trkpt>
   <trkpt lat="50.834391" lon="19.14982"><ele>251</ele></trkpt>
   <trkpt lat="50.834591" lon="19.150245"><ele>250.75</ele></trkpt>
   <trkpt lat="50.835261" lon="19.15164"><ele>252.5</ele></trkpt>
   <trkpt lat="50.835577" lon="19.152266"><ele>252.5</ele></trkpt>
   <trkpt lat="50.835727" lon="19.152546"><ele>252.5</ele></trkpt>
   <trkpt lat="50.835863" lon="19.152791"><ele>252.5</ele></trkpt>
   <trkpt lat="50.83617" lon="19.153306"><ele>253</ele></trkpt>
   <trkpt lat="50.836494" lon="19.153794"><ele>254.25</ele></trkpt>
   <trkpt lat="50.836664" lon="19.154031"><ele>254.75</ele></trkpt>
   <trkpt lat="50.837015" lon="19.154491"><ele>254.25</ele></trkpt>
   <trkpt lat="50.83738" lon="19.154927"><ele>253.25</ele></trkpt>
   <trkpt lat="50.837738" lon="19.155313"><ele>253</ele></trkpt>
   <trkpt lat="50.837937" lon="19.155513"><ele>253</ele></trkpt>
   <trkpt lat="50.838128" lon="19.155697"><ele>253</ele></trkpt>
   <trkpt lat="50.838524" lon="19.156048"><ele>252.25</ele></trkpt>
   <trkpt lat="50.838926" lon="19.156366"><ele>251.25</ele></trkpt>
   <trkpt lat="50.839141" lon="19.156524"><ele>251</ele></trkpt>
   <trkpt lat="50.839544" lon="19.156795"><ele>250.25</ele></trkpt>
   <trkpt lat="50.841499" lon="19.15805"><ele>252.25</ele></trkpt>
   <trkpt lat="50.843728" lon="19.159482"><ele>256.25</ele></trkpt>
   <trkpt lat="50.849468" lon="19.16317"><ele>254.75</ele></trkpt>
   <trkpt lat="50.849842" lon="19.163411"><ele>255</ele></trkpt>
   <trkpt lat="50.857238" lon="19.168163"><ele>251.25</ele></trkpt>
   <trkpt lat="50.857305" lon="19.168208"><ele>251.25</ele></trkpt>
   <trkpt lat="50.858172" lon="19.168764"><ele>252</ele></trkpt>
   <trkpt lat="50.858893" lon="19.169228"><ele>253.5</ele></trkpt>
   <trkpt lat="50.859762" lon="19.169787"><ele>255.25</ele></trkpt>
   <trkpt lat="50.863709" lon="19.172317"><ele>254</ele></trkpt>
   <trkpt lat="50.864319" lon="19.172723"><ele>254.5</ele></trkpt>
   <trkpt lat="50.864649" lon="19.172969"><ele>255.25</ele></trkpt>
   <trkpt lat="50.864969" lon="19.17324"><ele>255.75</ele></trkpt>
   <trkpt lat="50.865118" lon="19.17338"><ele>256</ele></trkpt>
   <trkpt lat="50.865281" lon="19.173542"><ele>256</ele></trkpt>
   <trkpt lat="50.865421" lon="19.173698"><ele>256</ele></trkpt>
   <trkpt lat="50.865587" lon="19.173884"><ele>256</ele></trkpt>
   <trkpt lat="50.86586" lon="19.174225"><ele>255.75</ele></trkpt>
   <trkpt lat="50.866262" lon="19.174768"><ele>255</ele></trkpt>
   <trkpt lat="50.866414" lon="19.174978"><ele>254.5</ele></trkpt>
   <trkpt lat="50.866564" lon="19.175189"><ele>254.25</ele></trkpt>
   <trkpt lat="50.867279" lon="19.17622"><ele>254.5</ele></trkpt>
   <trkpt lat="50.867545" lon="19.176646"><ele>254.75</ele></trkpt>
   <trkpt lat="50.867791" lon="19.177087"><ele>255</ele></trkpt>
   <trkpt lat="50.868023" lon="19.177555"><ele>255</ele></trkpt>
   <trkpt lat="50.868256" lon="19.17808"><ele>255</ele></trkpt>
   <trkpt lat="50.868385" lon="19.178391"><ele>255</ele></trkpt>
   <trkpt lat="50.868612" lon="19.178987"><ele>255</ele></trkpt>
   <trkpt lat="50.868837" lon="19.179638"><ele>255.25</ele></trkpt>
   <trkpt lat="50.869037" lon="19.180297"><ele>255.75</ele></trkpt>
   <trkpt lat="50.869209" lon="19.180929"><ele>256</ele></trkpt>
   <trkpt lat="50.869369" lon="19.181604"><ele>256.25</ele></trkpt>
   <trkpt lat="50.869434" lon="19.181917"><ele>256.75</ele></trkpt>
   <trkpt lat="50.869504" lon="19.182269"><ele>257</ele></trkpt>
   <trkpt lat="50.869644" lon="19.18304"><ele>257.75</ele></trkpt>
   <trkpt lat="50.870334" lon="19.187057"><ele>259</ele></trkpt>
   <trkpt lat="50.871749" lon="19.195317"><ele>258.75</ele></trkpt>
   <trkpt lat="50.872685" lon="19.200764"><ele>256.75</ele></trkpt>
   <trkpt lat="50.875042" lon="19.214469"><ele>251</ele></trkpt>
   <trkpt lat="50.875049" lon="19.214514"><ele>251</ele></trkpt>
   <trkpt lat="50.87601" lon="19.22009"><ele>250</ele></trkpt>
   <trkpt lat="50.876613" lon="19.223549"><ele>249</ele></trkpt>
   <trkpt lat="50.877011" lon="19.225668"><ele>250</ele></trkpt>
   <trkpt lat="50.877435" lon="19.22809"><ele>248.75</ele></trkpt>
   <trkpt lat="50.877449" lon="19.228168"><ele>249</ele></trkpt>
   <trkpt lat="50.877485" lon="19.228371"><ele>249</ele></trkpt>
   <trkpt lat="50.878209" lon="19.232558"><ele>247.5</ele></trkpt>
   <trkpt lat="50.879817" lon="19.241939"><ele>250.5</ele></trkpt>
   <trkpt lat="50.880318" lon="19.244865"><ele>251.25</ele></trkpt>
   <trkpt lat="50.880353" lon="19.245074"><ele>251</ele></trkpt>
   <trkpt lat="50.880413" lon="19.245382"><ele>251</ele></trkpt>
   <trkpt lat="50.880508" lon="19.245761"><ele>250.75</ele></trkpt>
   <trkpt lat="50.880565" lon="19.246059"><ele>250.25</ele></trkpt>
   <trkpt lat="50.880764" lon="19.247259"><ele>249</ele></trkpt>
   <trkpt lat="50.881014" lon="19.248949"><ele>250</ele></trkpt>
   <trkpt lat="50.881145" lon="19.249784"><ele>249.5</ele></trkpt>
   <trkpt lat="50.88257" lon="19.258079"><ele>249</ele></trkpt>
   <trkpt lat="50.882797" lon="19.259303"><ele>248.75</ele></trkpt>
   <trkpt lat="50.883052" lon="19.260563"><ele>248</ele></trkpt>
   <trkpt lat="50.885555" lon="19.272413"><ele>247.25</ele></trkpt>
   <trkpt lat="50.891985" lon="19.302838"><ele>236.5</ele></trkpt>
   <trkpt lat="50.892225" lon="19.304007"><ele>235</ele></trkpt>
   <trkpt lat="50.896971" lon="19.326551"><ele>242.75</ele></trkpt>
   <trkpt lat="50.897262" lon="19.327922"><ele>243</ele></trkpt>
   <trkpt lat="50.897462" lon="19.328804"><ele>242.75</ele></trkpt>
   <trkpt lat="50.897658" lon="19.329579"><ele>242.75</ele></trkpt>
   <trkpt lat="50.897806" lon="19.330099"><ele>242.5</ele></trkpt>
   <trkpt lat="50.898047" lon="19.330831"><ele>242.5</ele></trkpt>
   <trkpt lat="50.898271" lon="19.331441"><ele>242.25</ele></trkpt>
   <trkpt lat="50.898388" lon="19.331738"><ele>242</ele></trkpt>
   <trkpt lat="50.898628" lon="19.332293"><ele>242</ele></trkpt>
   <trkpt lat="50.898764" lon="19.332592"><ele>241.75</ele></trkpt>
   <trkpt lat="50.89904" lon="19.33315"><ele>241.25</ele></trkpt>
   <trkpt lat="50.899326" lon="19.333673"><ele>240.75</ele></trkpt>
   <trkpt lat="50.899618" lon="19.334167"><ele>240.25</ele></trkpt>
   <trkpt lat="50.899956" lon="19.334688"><ele>240.5</ele></trkpt>
   <trkpt lat="50.900282" lon="19.335148"><ele>240.5</ele></trkpt>
   <trkpt lat="50.900784" lon="19.335779"><ele>240</ele></trkpt>
   <trkpt lat="50.901137" lon="19.336173"><ele>238.75</ele></trkpt>
   <trkpt lat="50.901498" lon="19.336536"><ele>237</ele></trkpt>
   <trkpt lat="50.90188" lon="19.336892"><ele>236.25</ele></trkpt>
   <trkpt lat="50.902075" lon="19.337055"><ele>236.5</ele></trkpt>
   <trkpt lat="50.902115" lon="19.337088"><ele>236.75</ele></trkpt>
   <trkpt lat="50.902279" lon="19.337221"><ele>236.75</ele></trkpt>
   <trkpt lat="50.90267" lon="19.33751"><ele>237.25</ele></trkpt>
   <trkpt lat="50.903092" lon="19.337781"><ele>238.25</ele></trkpt>
   <trkpt lat="50.903484" lon="19.338001"><ele>238.75</ele></trkpt>
   <trkpt lat="50.903897" lon="19.3382"><ele>240</ele></trkpt>
   <trkpt lat="50.904268" lon="19.338351"><ele>241</ele></trkpt>
   <trkpt lat="50.904636" lon="19.33848"><ele>241.5</ele></trkpt>
   <trkpt lat="50.905063" lon="19.338609"><ele>242.25</ele></trkpt>
   <trkpt lat="50.905896" lon="19.33883"><ele>243.25</ele></trkpt>
   <trkpt lat="50.906096" lon="19.338902"><ele>243.75</ele></trkpt>
   <trkpt lat="50.906179" lon="19.338945"><ele>244</ele></trkpt>
   <trkpt lat="50.906321" lon="19.339006"><ele>244.25</ele></trkpt>
   <trkpt lat="50.906411" lon="19.339032"><ele>244.5</ele></trkpt>
   <trkpt lat="50.906644" lon="19.339098"><ele>244.75</ele></trkpt>
   <trkpt lat="50.907018" lon="19.339195"><ele>245</ele></trkpt>
   <trkpt lat="50.907145" lon="19.339225"><ele>244.75</ele></trkpt>
   <trkpt lat="50.907451" lon="19.339257"><ele>244.75</ele></trkpt>
   <trkpt lat="50.907598" lon="19.339286"><ele>244.5</ele></trkpt>
   <trkpt lat="50.907758" lon="19.339328"><ele>243.75</ele></trkpt>
   <trkpt lat="50.915298" lon="19.341333"><ele>236.75</ele></trkpt>
   <trkpt lat="50.916655" lon="19.341698"><ele>235</ele></trkpt>
   <trkpt lat="50.917647" lon="19.341962"><ele>235</ele></trkpt>
   <trkpt lat="50.9178" lon="19.342003"><ele>235.25</ele></trkpt>
   <trkpt lat="50.917998" lon="19.342067"><ele>235.5</ele></trkpt>
   <trkpt lat="50.918236" lon="19.34217"><ele>235.75</ele></trkpt>
   <trkpt lat="50.918412" lon="19.342229"><ele>236</ele></trkpt>
   <trkpt lat="50.919221" lon="19.342447"><ele>237</ele></trkpt>
   <trkpt lat="50.926617" lon="19.344422"><ele>229.75</ele></trkpt>
   <trkpt lat="50.927247" lon="19.344589"><ele>228.75</ele></trkpt>
   <trkpt lat="50.930967" lon="19.345584"><ele>226</ele></trkpt>
   <trkpt lat="50.931008" lon="19.345595"><ele>226</ele></trkpt>
   <trkpt lat="50.935476" lon="19.346792"><ele>226.5</ele></trkpt>
   <trkpt lat="50.939536" lon="19.34788"><ele>224</ele></trkpt>
   <trkpt lat="50.944336" lon="19.349158"><ele>219</ele></trkpt>
   <trkpt lat="50.946405" lon="19.34971"><ele>220</ele></trkpt>
   <trkpt lat="50.946547" lon="19.349748"><ele>220.25</ele></trkpt>
   <trkpt lat="50.948482" lon="19.350267"><ele>223</ele></trkpt>
   <trkpt lat="50.953197" lon="19.351525"><ele>226</ele></trkpt>
   <trkpt lat="50.956591" lon="19.352431"><ele>217</ele></trkpt>
   <trkpt lat="50.959643" lon="19.353245"><ele>214</ele></trkpt>
   <trkpt lat="50.959749" lon="19.353273"><ele>214</ele></trkpt>
   <trkpt lat="50.962057" lon="19.353889"><ele>215</ele></trkpt>
   <trkpt lat="50.962615" lon="19.354048"><ele>215</ele></trkpt>
   <trkpt lat="50.963162" lon="19.354226"><ele>214.75</ele></trkpt>
   <trkpt lat="50.96388" lon="19.354498"><ele>215</ele></trkpt>
   <trkpt lat="50.96437" lon="19.354708"><ele>215.25</ele></trkpt>
   <trkpt lat="50.964865" lon="19.354943"><ele>215.75</ele></trkpt>
   <trkpt lat="50.965261" lon="19.355147"><ele>216.25</ele></trkpt>
   <trkpt lat="50.965874" lon="19.355489"><ele>217.5</ele></trkpt>
   <trkpt lat="50.966157" lon="19.355661"><ele>218</ele></trkpt>
   <trkpt lat="50.966674" lon="19.355995"><ele>219</ele></trkpt>
   <trkpt lat="50.967175" lon="19.356344"><ele>218.5</ele></trkpt>
   <trkpt lat="50.967933" lon="19.356919"><ele>217.5</ele></trkpt>
   <trkpt lat="50.970442" lon="19.358896"><ele>216</ele></trkpt>
   <trkpt lat="50.973108" lon="19.360998"><ele>214</ele></trkpt>
   <trkpt lat="50.973625" lon="19.361405"><ele>214.5</ele></trkpt>
   <trkpt lat="50.973671" lon="19.361442"><ele>214.5</ele></trkpt>
   <trkpt lat="50.978487" lon="19.365246"><ele>218</ele></trkpt>
   <trkpt lat="50.978637" lon="19.365365"><ele>218</ele></trkpt>
   <trkpt lat="50.981028" lon="19.367249"><ele>217.75</ele></trkpt>
   <trkpt lat="50.981773" lon="19.367834"><ele>216.75</ele></trkpt>
   <trkpt lat="50.981884" lon="19.367923"><ele>216.75</ele></trkpt>
   <trkpt lat="50.982045" lon="19.368039"><ele>216.75</ele></trkpt>
   <trkpt lat="50.982291" lon="19.368183"><ele>216.75</ele></trkpt>
   <trkpt lat="50.982482" lon="19.368319"><ele>216.75</ele></trkpt>
   <trkpt lat="50.982625" lon="19.368434"><ele>216.25</ele></trkpt>
   <trkpt lat="50.991483" lon="19.375407"><ele>218.75</ele></trkpt>
   <trkpt lat="50.99153" lon="19.375445"><ele>218.75</ele></trkpt>
   <trkpt lat="50.991624" lon="19.375518"><ele>219</ele></trkpt>
   <trkpt lat="50.992929" lon="19.37655"><ele>220.75</ele></trkpt>
   <trkpt lat="50.994078" lon="19.377453"><ele>222.75</ele></trkpt>
   <trkpt lat="51.01043" lon="19.390348"><ele>209.75</ele></trkpt>
   <trkpt lat="51.014265" lon="19.393372"><ele>208.5</ele></trkpt>
   <trkpt lat="51.014431" lon="19.393504"><ele>207.5</ele></trkpt>
   <trkpt lat="51.018329" lon="19.396582"><ele>204.75</ele></trkpt>
   <trkpt lat="51.018397" lon="19.396635"><ele>204.75</ele></trkpt>
   <trkpt lat="51.023243" lon="19.400452"><ele>205.25</ele></trkpt>
   <trkpt lat="51.023297" lon="19.400496"><ele>205.5</ele></trkpt>
   <trkpt lat="51.025627" lon="19.402327"><ele>204</ele></trkpt>
   <trkpt lat="51.026521" lon="19.403039"><ele>204.75</ele></trkpt>
   <trkpt lat="51.027848" lon="19.404094"><ele>206.75</ele></trkpt>
   <trkpt lat="51.028769" lon="19.404816"><ele>210.75</ele></trkpt>
   <trkpt lat="51.042764" lon="19.415845"><ele>210.25</ele></trkpt>
   <trkpt lat="51.042824" lon="19.415894"><ele>210.25</ele></trkpt>
   <trkpt lat="51.055712" lon="19.426053"><ele>220</ele></trkpt>
   <trkpt lat="51.062285" lon="19.43123"><ele>220</ele></trkpt>
   <trkpt lat="51.062326" lon="19.431263"><ele>220</ele></trkpt>
   <trkpt lat="51.067946" lon="19.435689"><ele>220.75</ele></trkpt>
   <trkpt lat="51.068637" lon="19.436194"><ele>221.75</ele></trkpt>
   <trkpt lat="51.069111" lon="19.436494"><ele>220.25</ele></trkpt>
   <trkpt lat="51.069157" lon="19.436522"><ele>220</ele></trkpt>
   <trkpt lat="51.069199" lon="19.436547"><ele>220</ele></trkpt>
   <trkpt lat="51.069581" lon="19.436754"><ele>219.5</ele></trkpt>
   <trkpt lat="51.06982" lon="19.436872"><ele>219</ele></trkpt>
   <trkpt lat="51.070037" lon="19.436974"><ele>219</ele></trkpt>
   <trkpt lat="51.070355" lon="19.437108"><ele>219</ele></trkpt>
   <trkpt lat="51.070455" lon="19.437148"><ele>219.25</ele></trkpt>
   <trkpt lat="51.07075" lon="19.437256"><ele>219.5</ele></trkpt>
   <trkpt lat="51.070994" lon="19.437333"><ele>220</ele></trkpt>
   <trkpt lat="51.071455" lon="19.437458"><ele>221.25</ele></trkpt>
   <trkpt lat="51.071691" lon="19.437511"><ele>221.75</ele></trkpt>
   <trkpt lat="51.072117" lon="19.437581"><ele>221.75</ele></trkpt>
   <trkpt lat="51.072348" lon="19.437609"><ele>221.75</ele></trkpt>
   <trkpt lat="51.07239" lon="19.437613"><ele>221.75</ele></trkpt>
   <trkpt lat="51.072433" lon="19.437616"><ele>221.75</ele></trkpt>
   <trkpt lat="51.072922" lon="19.437639"><ele>221.25</ele></trkpt>
   <trkpt lat="51.073314" lon="19.43763"><ele>221</ele></trkpt>
   <trkpt lat="51.073685" lon="19.437607"><ele>221.25</ele></trkpt>
   <trkpt lat="51.074533" lon="19.437524"><ele>222.25</ele></trkpt>
   <trkpt lat="51.075838" lon="19.437399"><ele>222</ele></trkpt>
   <trkpt lat="51.078096" lon="19.437182"><ele>223.25</ele></trkpt>
   <trkpt lat="51.07918" lon="19.437078"><ele>223.75</ele></trkpt>
   <trkpt lat="51.081232" lon="19.436867"><ele>221</ele></trkpt>
   <trkpt lat="51.081935" lon="19.436789"><ele>220.25</ele></trkpt>
   <trkpt lat="51.087367" lon="19.436268"><ele>221.5</ele></trkpt>
   <trkpt lat="51.087491" lon="19.436256"><ele>221.5</ele></trkpt>
   <trkpt lat="51.089121" lon="19.436099"><ele>222.25</ele></trkpt>
   <trkpt lat="51.089891" lon="19.436032"><ele>221.75</ele></trkpt>
   <trkpt lat="51.091834" lon="19.435921"><ele>222</ele></trkpt>
   <trkpt lat="51.093714" lon="19.435737"><ele>222.5</ele></trkpt>
   <trkpt lat="51.09384" lon="19.435725"><ele>222.25</ele></trkpt>
   <trkpt lat="51.098848" lon="19.435264"><ele>221.5</ele></trkpt>
   <trkpt lat="51.102716" lon="19.434871"><ele>221</ele></trkpt>
   <trkpt lat="51.105036" lon="19.434647"><ele>221.5</ele></trkpt>
   <trkpt lat="51.10562" lon="19.434609"><ele>223.25</ele></trkpt>
   <trkpt lat="51.105918" lon="19.434598"><ele>224</ele></trkpt>
   <trkpt lat="51.106441" lon="19.434605"><ele>224.75</ele></trkpt>
   <trkpt lat="51.107176" lon="19.434652"><ele>226</ele></trkpt>
   <trkpt lat="51.107625" lon="19.434714"><ele>226.75</ele></trkpt>
   <trkpt lat="51.107877" lon="19.434762"><ele>226.5</ele></trkpt>
   <trkpt lat="51.108098" lon="19.43481"><ele>226.5</ele></trkpt>
   <trkpt lat="51.108579" lon="19.434945"><ele>226</ele></trkpt>
   <trkpt lat="51.10907" lon="19.435115"><ele>224.5</ele></trkpt>
   <trkpt lat="51.109295" lon="19.435206"><ele>224.75</ele></trkpt>
   <trkpt lat="51.109575" lon="19.435324"><ele>225.5</ele></trkpt>
   <trkpt lat="51.110142" lon="19.435602"><ele>226.75</ele></trkpt>
   <trkpt lat="51.110377" lon="19.435722"><ele>226.75</ele></trkpt>
   <trkpt lat="51.110662" lon="19.435882"><ele>226.75</ele></trkpt>
   <trkpt lat="51.111459" lon="19.436365"><ele>225.5</ele></trkpt>
   <trkpt lat="51.123343" lon="19.443703"><ele>232.25</ele></trkpt>
   <trkpt lat="51.124395" lon="19.44435"><ele>231</ele></trkpt>
   <trkpt lat="51.129784" lon="19.447675"><ele>231.25</ele></trkpt>
   <trkpt lat="51.13033" lon="19.44804"><ele>230.25</ele></trkpt>
   <trkpt lat="51.130568" lon="19.448212"><ele>229.5</ele></trkpt>
   <trkpt lat="51.131049" lon="19.448594"><ele>228.5</ele></trkpt>
   <trkpt lat="51.131502" lon="19.448996"><ele>226.75</ele></trkpt>
   <trkpt lat="51.13197" lon="19.449458"><ele>225.75</ele></trkpt>
   <trkpt lat="51.132401" lon="19.44993"><ele>225</ele></trkpt>
   <trkpt lat="51.132631" lon="19.450202"><ele>224.75</ele></trkpt>
   <trkpt lat="51.133052" lon="19.450731"><ele>224</ele></trkpt>
   <trkpt lat="51.133247" lon="19.450998"><ele>223.5</ele></trkpt>
   <trkpt lat="51.133647" lon="19.45158"><ele>223.5</ele></trkpt>
   <trkpt lat="51.134031" lon="19.452194"><ele>224</ele></trkpt>
   <trkpt lat="51.134234" lon="19.45254"><ele>224</ele></trkpt>
   <trkpt lat="51.134589" lon="19.453199"><ele>222.75</ele></trkpt>
   <trkpt lat="51.134927" lon="19.453886"><ele>222.25</ele></trkpt>
   <trkpt lat="51.135088" lon="19.454239"><ele>222</ele></trkpt>
   <trkpt lat="51.135309" lon="19.454751"><ele>221</ele></trkpt>
   <trkpt lat="51.13554" lon="19.455332"><ele>220.5</ele></trkpt>
   <trkpt lat="51.135675" lon="19.455696"><ele>220.75</ele></trkpt>
   <trkpt lat="51.135911" lon="19.45638"><ele>221.5</ele></trkpt>
   <trkpt lat="51.136134" lon="19.457098"><ele>221.25</ele></trkpt>
   <trkpt lat="51.136351" lon="19.457881"><ele>220.5</ele></trkpt>
   <trkpt lat="51.136563" lon="19.458727"><ele>220.25</ele></trkpt>
   <trkpt lat="51.13763" lon="19.463103"><ele>219.25</ele></trkpt>
   <trkpt lat="51.138739" lon="19.467577"><ele>220.75</ele></trkpt>
   <trkpt lat="51.13896" lon="19.4684"><ele>221.5</ele></trkpt>
   <trkpt lat="51.139323" lon="19.469632"><ele>221.75</ele></trkpt>
   <trkpt lat="51.139596" lon="19.470474"><ele>221</ele></trkpt>
   <trkpt lat="51.139873" lon="19.47127"><ele>220.5</ele></trkpt>
   <trkpt lat="51.140019" lon="19.471665"><ele>220</ele></trkpt>
   <trkpt lat="51.14017" lon="19.472067"><ele>219.75</ele></trkpt>
   <trkpt lat="51.140517" lon="19.472953"><ele>218</ele></trkpt>
   <trkpt lat="51.140966" lon="19.474017"><ele>216.5</ele></trkpt>
   <trkpt lat="51.141304" lon="19.474765"><ele>216.75</ele></trkpt>
   <trkpt lat="51.141646" lon="19.475468"><ele>217.25</ele></trkpt>
   <trkpt lat="51.141829" lon="19.475811"><ele>217</ele></trkpt>
   <trkpt lat="51.142001" lon="19.476124"><ele>216</ele></trkpt>
   <trkpt lat="51.142385" lon="19.476768"><ele>214</ele></trkpt>
   <trkpt lat="51.142791" lon="19.47738"><ele>214.5</ele></trkpt>
   <trkpt lat="51.143229" lon="19.477993"><ele>215</ele></trkpt>
   <trkpt lat="51.143674" lon="19.478572"><ele>216.75</ele></trkpt>
   <trkpt lat="51.144119" lon="19.479113"><ele>217.75</ele></trkpt>
   <trkpt lat="51.144369" lon="19.479393"><ele>217</ele></trkpt>
   <trkpt lat="51.144822" lon="19.479868"><ele>216</ele></trkpt>
   <trkpt lat="51.145063" lon="19.480104"><ele>215.75</ele></trkpt>
   <trkpt lat="51.145565" lon="19.480557"><ele>215.5</ele></trkpt>
   <trkpt lat="51.146074" lon="19.480963"><ele>215.25</ele></trkpt>
   <trkpt lat="51.14676" lon="19.481472"><ele>212</ele></trkpt>
   <trkpt lat="51.146933" lon="19.481598"><ele>212</ele></trkpt>
   <trkpt lat="51.147407" lon="19.481932"><ele>211.5</ele></trkpt>
   <trkpt lat="51.147929" lon="19.482269"><ele>212</ele></trkpt>
   <trkpt lat="51.148399" lon="19.48254"><ele>213</ele></trkpt>
   <trkpt lat="51.148628" lon="19.482656"><ele>213.5</ele></trkpt>
   <trkpt lat="51.149096" lon="19.482873"><ele>214.75</ele></trkpt>
   <trkpt lat="51.14933" lon="19.482969"><ele>214.5</ele></trkpt>
   <trkpt lat="51.149792" lon="19.483136"><ele>214</ele></trkpt>
   <trkpt lat="51.150358" lon="19.483306"><ele>212.25</ele></trkpt>
   <trkpt lat="51.161069" lon="19.486103"><ele>222.75</ele></trkpt>
   <trkpt lat="51.161267" lon="19.486166"><ele>222</ele></trkpt>
   <trkpt lat="51.161537" lon="19.486285"><ele>221</ele></trkpt>
   <trkpt lat="51.161725" lon="19.486346"><ele>220.75</ele></trkpt>
   <trkpt lat="51.161779" lon="19.486361"><ele>220.5</ele></trkpt>
   <trkpt lat="51.163287" lon="19.486759"><ele>221</ele></trkpt>
   <trkpt lat="51.164471" lon="19.487067"><ele>219.75</ele></trkpt>
   <trkpt lat="51.164505" lon="19.487076"><ele>219.75</ele></trkpt>
   <trkpt lat="51.164632" lon="19.48711"><ele>219.5</ele></trkpt>
   <trkpt lat="51.16512" lon="19.487238"><ele>219</ele></trkpt>
   <trkpt lat="51.169031" lon="19.488241"><ele>217.75</ele></trkpt>
   <trkpt lat="51.170391" lon="19.488606"><ele>218.5</ele></trkpt>
   <trkpt lat="51.173126" lon="19.489337"><ele>218.25</ele></trkpt>
   <trkpt lat="51.174238" lon="19.489627"><ele>219.5</ele></trkpt>
   <trkpt lat="51.176066" lon="19.490104"><ele>220.75</ele></trkpt>
   <trkpt lat="51.178865" lon="19.490835"><ele>218.5</ele></trkpt>
   <trkpt lat="51.179246" lon="19.490945"><ele>218.25</ele></trkpt>
   <trkpt lat="51.179549" lon="19.491039"><ele>219</ele></trkpt>
   <trkpt lat="51.179981" lon="19.491207"><ele>219.75</ele></trkpt>
   <trkpt lat="51.180622" lon="19.491509"><ele>220.25</ele></trkpt>
   <trkpt lat="51.180838" lon="19.491623"><ele>220</ele></trkpt>
   <trkpt lat="51.181048" lon="19.491747"><ele>220.25</ele></trkpt>
   <trkpt lat="51.181525" lon="19.492055"><ele>220.75</ele></trkpt>
   <trkpt lat="51.181747" lon="19.492207"><ele>221</ele></trkpt>
   <trkpt lat="51.181955" lon="19.492368"><ele>221.5</ele></trkpt>
   <trkpt lat="51.182385" lon="19.492739"><ele>222.5</ele></trkpt>
   <trkpt lat="51.182798" lon="19.493131"><ele>221.25</ele></trkpt>
   <trkpt lat="51.183186" lon="19.493537"><ele>220.5</ele></trkpt>
   <trkpt lat="51.183549" lon="19.493958"><ele>220.25</ele></trkpt>
   <trkpt lat="51.183736" lon="19.494193"><ele>220</ele></trkpt>
   <trkpt lat="51.183894" lon="19.494401"><ele>220</ele></trkpt>
   <trkpt lat="51.184053" lon="19.494627"><ele>219.75</ele></trkpt>
   <trkpt lat="51.184416" lon="19.495172"><ele>220</ele></trkpt>
   <trkpt lat="51.184598" lon="19.495449"><ele>220.25</ele></trkpt>
   <trkpt lat="51.18493" lon="19.496031"><ele>220.25</ele></trkpt>
   <trkpt lat="51.185237" lon="19.496614"><ele>219.75</ele></trkpt>
   <trkpt lat="51.185594" lon="19.497376"><ele>218.25</ele></trkpt>
   <trkpt lat="51.185693" lon="19.497604"><ele>217.75</ele></trkpt>
   <trkpt lat="51.185927" lon="19.498184"><ele>217.25</ele></trkpt>
   <trkpt lat="51.186041" lon="19.498483"><ele>217</ele></trkpt>
   <trkpt lat="51.186246" lon="19.499071"><ele>216.25</ele></trkpt>
   <trkpt lat="51.186275" lon="19.499161"><ele>216.25</ele></trkpt>
   <trkpt lat="51.186446" lon="19.499705"><ele>215.75</ele></trkpt>
   <trkpt lat="51.186542" lon="19.500034"><ele>215.5</ele></trkpt>
   <trkpt lat="51.186719" lon="19.500673"><ele>214.75</ele></trkpt>
   <trkpt lat="51.187021" lon="19.501879"><ele>214.5</ele></trkpt>
   <trkpt lat="51.189517" lon="19.512383"><ele>211</ele></trkpt>
   <trkpt lat="51.190305" lon="19.5157"><ele>211.5</ele></trkpt>
   <trkpt lat="51.192695" lon="19.525764"><ele>215.25</ele></trkpt>
   <trkpt lat="51.19515" lon="19.536106"><ele>219.25</ele></trkpt>
   <trkpt lat="51.195873" lon="19.539151"><ele>220.75</ele></trkpt>
   <trkpt lat="51.197031" lon="19.544031"><ele>218.25</ele></trkpt>
   <trkpt lat="51.197342" lon="19.545344"><ele>218</ele></trkpt>
   <trkpt lat="51.199049" lon="19.552537"><ele>214.75</ele></trkpt>
   <trkpt lat="51.202225" lon="19.565917"><ele>211.5</ele></trkpt>
   <trkpt lat="51.202467" lon="19.566935"><ele>211.5</ele></trkpt>
   <trkpt lat="51.205404" lon="19.579311"><ele>207.25</ele></trkpt>
   <trkpt lat="51.207116" lon="19.586524"><ele>205.5</ele></trkpt>
   <trkpt lat="51.207319" lon="19.587353"><ele>205.75</ele></trkpt>
   <trkpt lat="51.207551" lon="19.588234"><ele>206</ele></trkpt>
   <trkpt lat="51.207735" lon="19.588849"><ele>206.25</ele></trkpt>
   <trkpt lat="51.207951" lon="19.589498"><ele>206.75</ele></trkpt>
   <trkpt lat="51.208075" lon="19.589848"><ele>207.5</ele></trkpt>
   <trkpt lat="51.208326" lon="19.590494"><ele>208.25</ele></trkpt>
   <trkpt lat="51.20846" lon="19.590817"><ele>208.75</ele></trkpt>
   <trkpt lat="51.208719" lon="19.59137"><ele>209</ele></trkpt>
   <trkpt lat="51.208868" lon="19.59167"><ele>209</ele></trkpt>
   <trkpt lat="51.20917" lon="19.592216"><ele>210.25</ele></trkpt>
   <trkpt lat="51.209473" lon="19.59272"><ele>210</ele></trkpt>
   <trkpt lat="51.209796" lon="19.593225"><ele>208.25</ele></trkpt>
   <trkpt lat="51.209953" lon="19.593454"><ele>207.5</ele></trkpt>
   <trkpt lat="51.210297" lon="19.593926"><ele>206</ele></trkpt>
   <trkpt lat="51.210649" lon="19.594356"><ele>204.75</ele></trkpt>
   <trkpt lat="51.21084" lon="19.594569"><ele>204</ele></trkpt>
   <trkpt lat="51.211212" lon="19.594945"><ele>202.5</ele></trkpt>
   <trkpt lat="51.211411" lon="19.595124"><ele>202.25</ele></trkpt>
   <trkpt lat="51.211819" lon="19.595462"><ele>202</ele></trkpt>
   <trkpt lat="51.212257" lon="19.595796"><ele>202</ele></trkpt>
   <trkpt lat="51.213023" lon="19.596358"><ele>202.25</ele></trkpt>
   <trkpt lat="51.2135" lon="19.596727"><ele>202.75</ele></trkpt>
   <trkpt lat="51.213702" lon="19.596894"><ele>202.5</ele></trkpt>
   <trkpt lat="51.213924" lon="19.597091"><ele>202.25</ele></trkpt>
   <trkpt lat="51.214347" lon="19.597499"><ele>202.25</ele></trkpt>
   <trkpt lat="51.214687" lon="19.597875"><ele>202.75</ele></trkpt>
   <trkpt lat="51.214724" lon="19.597918"><ele>202.75</ele></trkpt>
   <trkpt lat="51.214945" lon="19.598179"><ele>203</ele></trkpt>
   <trkpt lat="51.215143" lon="19.598428"><ele>203.25</ele></trkpt>
   <trkpt lat="51.215517" lon="19.598946"><ele>203.5</ele></trkpt>
   <trkpt lat="51.215886" lon="19.599508"><ele>203.25</ele></trkpt>
   <trkpt lat="51.216141" lon="19.599914"><ele>203.25</ele></trkpt>
   <trkpt lat="51.216351" lon="19.600217"><ele>203.5</ele></trkpt>
   <trkpt lat="51.216622" lon="19.60055"><ele>204</ele></trkpt>
   <trkpt lat="51.21682" lon="19.600804"><ele>204.75</ele></trkpt>
   <trkpt lat="51.216958" lon="19.60101"><ele>205</ele></trkpt>
   <trkpt lat="51.217011" lon="19.601093"><ele>205</ele></trkpt>
   <trkpt lat="51.21746" lon="19.601704"><ele>205.75</ele></trkpt>
   <trkpt lat="51.217529" lon="19.601815"><ele>205.75</ele></trkpt>
   <trkpt lat="51.220223" lon="19.606075"><ele>202.25</ele></trkpt>
   <trkpt lat="51.220562" lon="19.606593"><ele>202.25</ele></trkpt>
   <trkpt lat="51.220975" lon="19.607176"><ele>201.75</ele></trkpt>
   <trkpt lat="51.221176" lon="19.607445"><ele>201.75</ele></trkpt>
   <trkpt lat="51.221631" lon="19.608005"><ele>202.5</ele></trkpt>
   <trkpt lat="51.222325" lon="19.608818"><ele>203</ele></trkpt>
   <trkpt lat="51.223023" lon="19.609569"><ele>203.75</ele></trkpt>
   <trkpt lat="51.223283" lon="19.609838"><ele>204</ele></trkpt>
   <trkpt lat="51.223749" lon="19.61029"><ele>204.5</ele></trkpt>
   <trkpt lat="51.22427" lon="19.610766"><ele>206</ele></trkpt>
   <trkpt lat="51.224511" lon="19.610962"><ele>206.25</ele></trkpt>
   <trkpt lat="51.224985" lon="19.611325"><ele>206.25</ele></trkpt>
   <trkpt lat="51.225546" lon="19.611729"><ele>206.5</ele></trkpt>
   <trkpt lat="51.225612" lon="19.611775"><ele>206.5</ele></trkpt>
   <trkpt lat="51.225728" lon="19.611868"><ele>206.5</ele></trkpt>
   <trkpt lat="51.225988" lon="19.612106"><ele>206.75</ele></trkpt>
   <trkpt lat="51.226165" lon="19.612243"><ele>207</ele></trkpt>
   <trkpt lat="51.226559" lon="19.612526"><ele>207.5</ele></trkpt>
   <trkpt lat="51.226762" lon="19.612668"><ele>207.75</ele></trkpt>
   <trkpt lat="51.227562" lon="19.613237"><ele>209</ele></trkpt>
   <trkpt lat="51.228713" lon="19.614067"><ele>207.5</ele></trkpt>
   <trkpt lat="51.230158" lon="19.615144"><ele>207.25</ele></trkpt>
   <trkpt lat="51.232347" lon="19.616708"><ele>202</ele></trkpt>
   <trkpt lat="51.238306" lon="19.62095"><ele>197</ele></trkpt>
   <trkpt lat="51.246695" lon="19.626928"><ele>197.25</ele></trkpt>
   <trkpt lat="51.251597" lon="19.630398"><ele>196.25</ele></trkpt>
   <trkpt lat="51.252584" lon="19.631108"><ele>196</ele></trkpt>
   <trkpt lat="51.26848" lon="19.642447"><ele>189</ele></trkpt>
   <trkpt lat="51.270739" lon="19.644056"><ele>188.75</ele></trkpt>
   <trkpt lat="51.27082" lon="19.644114"><ele>189</ele></trkpt>
   <trkpt lat="51.273699" lon="19.646165"><ele>187.25</ele></trkpt>
   <trkpt lat="51.274562" lon="19.64675"><ele>188</ele></trkpt>
   <trkpt lat="51.275148" lon="19.647109"><ele>187.75</ele></trkpt>
   <trkpt lat="51.275778" lon="19.647464"><ele>187</ele></trkpt>
   <trkpt lat="51.276191" lon="19.647677"><ele>186.5</ele></trkpt>
   <trkpt lat="51.276646" lon="19.647896"><ele>186</ele></trkpt>
   <trkpt lat="51.277232" lon="19.648148"><ele>185.75</ele></trkpt>
   <trkpt lat="51.277688" lon="19.648328"><ele>186</ele></trkpt>
   <trkpt lat="51.278156" lon="19.648496"><ele>186.5</ele></trkpt>
   <trkpt lat="51.278872" lon="19.648719"><ele>186</ele></trkpt>
   <trkpt lat="51.279819" lon="19.648973"><ele>185.25</ele></trkpt>
   <trkpt lat="51.285606" lon="19.650491"><ele>188.25</ele></trkpt>
   <trkpt lat="51.288261" lon="19.65119"><ele>188.5</ele></trkpt>
   <trkpt lat="51.288815" lon="19.651365"><ele>188.5</ele></trkpt>
   <trkpt lat="51.289132" lon="19.651476"><ele>188.75</ele></trkpt>
   <trkpt lat="51.289774" lon="19.651726"><ele>189</ele></trkpt>
   <trkpt lat="51.290329" lon="19.651974"><ele>188.75</ele></trkpt>
   <trkpt lat="51.290589" lon="19.652102"><ele>188.25</ele></trkpt>
   <trkpt lat="51.290917" lon="19.652269"><ele>188</ele></trkpt>
   <trkpt lat="51.291565" lon="19.652633"><ele>187.75</ele></trkpt>
   <trkpt lat="51.291812" lon="19.652782"><ele>187.25</ele></trkpt>
   <trkpt lat="51.292401" lon="19.653166"><ele>185.25</ele></trkpt>
   <trkpt lat="51.292968" lon="19.653568"><ele>185</ele></trkpt>
   <trkpt lat="51.2934" lon="19.65389"><ele>184.75</ele></trkpt>
   <trkpt lat="51.296167" lon="19.656002"><ele>182.75</ele></trkpt>
   <trkpt lat="51.296434" lon="19.656208"><ele>182.5</ele></trkpt>
   <trkpt lat="51.297606" lon="19.657084"><ele>183.5</ele></trkpt>
   <trkpt lat="51.298425" lon="19.657681"><ele>184</ele></trkpt>
   <trkpt lat="51.298509" lon="19.657741"><ele>184</ele></trkpt>
   <trkpt lat="51.298688" lon="19.657881"><ele>184.25</ele></trkpt>
   <trkpt lat="51.29915" lon="19.658335"><ele>184.75</ele></trkpt>
   <trkpt lat="51.299327" lon="19.658484"><ele>185</ele></trkpt>
   <trkpt lat="51.299406" lon="19.658546"><ele>185</ele></trkpt>
   <trkpt lat="51.299569" lon="19.658669"><ele>185.25</ele></trkpt>
   <trkpt lat="51.299714" lon="19.658791"><ele>185.25</ele></trkpt>
   <trkpt lat="51.299918" lon="19.658988"><ele>185</ele></trkpt>
   <trkpt lat="51.300233" lon="19.659307"><ele>185</ele></trkpt>
   <trkpt lat="51.300464" lon="19.659511"><ele>185</ele></trkpt>
   <trkpt lat="51.305234" lon="19.663184"><ele>185</ele></trkpt>
   <trkpt lat="51.307272" lon="19.664745"><ele>185</ele></trkpt>
   <trkpt lat="51.307482" lon="19.664891"><ele>185</ele></trkpt>
   <trkpt lat="51.307787" lon="19.66506"><ele>185</ele></trkpt>
   <trkpt lat="51.308106" lon="19.665241"><ele>185.25</ele></trkpt>
   <trkpt lat="51.308291" lon="19.66537"><ele>185.25</ele></trkpt>
   <trkpt lat="51.308433" lon="19.665476"><ele>185.5</ele></trkpt>
   <trkpt lat="51.308642" lon="19.665624"><ele>185.25</ele></trkpt>
   <trkpt lat="51.308839" lon="19.665733"><ele>185.25</ele></trkpt>
   <trkpt lat="51.309019" lon="19.665856"><ele>185</ele></trkpt>
   <trkpt lat="51.310122" lon="19.666693"><ele>186</ele></trkpt>
   <trkpt lat="51.310372" lon="19.666877"><ele>186.25</ele></trkpt>
   <trkpt lat="51.310849" lon="19.667207"><ele>187</ele></trkpt>
   <trkpt lat="51.311346" lon="19.667521"><ele>187.5</ele></trkpt>
   <trkpt lat="51.311906" lon="19.667843"><ele>188</ele></trkpt>
   <trkpt lat="51.312475" lon="19.668131"><ele>188</ele></trkpt>
   <trkpt lat="51.313061" lon="19.668398"><ele>187.75</ele></trkpt>
   <trkpt lat="51.313354" lon="19.668516"><ele>187.5</ele></trkpt>
   <trkpt lat="51.313952" lon="19.668731"><ele>186.25</ele></trkpt>
   <trkpt lat="51.314529" lon="19.668907"><ele>186.25</ele></trkpt>
   <trkpt lat="51.315195" lon="19.669066"><ele>186.5</ele></trkpt>
   <trkpt lat="51.316229" lon="19.66925"><ele>184.75</ele></trkpt>
   <trkpt lat="51.322595" lon="19.670292"><ele>192</ele></trkpt>
   <trkpt lat="51.345711" lon="19.674099"><ele>194.75</ele></trkpt>
   <trkpt lat="51.354529" lon="19.67555"><ele>198</ele></trkpt>
   <trkpt lat="51.355551" lon="19.675717"><ele>198.5</ele></trkpt>
   <trkpt lat="51.362792" lon="19.676907"><ele>199.5</ele></trkpt>
   <trkpt lat="51.3735" lon="19.678671"><ele>200</ele></trkpt>
   <trkpt lat="51.390644" lon="19.681494"><ele>201.75</ele></trkpt>
   <trkpt lat="51.391078" lon="19.681564"><ele>202.25</ele></trkpt>
   <trkpt lat="51.391244" lon="19.68159"><ele>202.5</ele></trkpt>
   <trkpt lat="51.391359" lon="19.681613"><ele>202.5</ele></trkpt>
   <trkpt lat="51.391702" lon="19.681721"><ele>203</ele></trkpt>
   <trkpt lat="51.391902" lon="19.681768"><ele>203</ele></trkpt>
   <trkpt lat="51.392057" lon="19.681793"><ele>203</ele></trkpt>
   <trkpt lat="51.392754" lon="19.681907"><ele>203</ele></trkpt>
   <trkpt lat="51.39284" lon="19.681924"><ele>203</ele></trkpt>
   <trkpt lat="51.394901" lon="19.682264"><ele>203.5</ele></trkpt>
   <trkpt lat="51.403444" lon="19.683669"><ele>203.75</ele></trkpt>
   <trkpt lat="51.403785" lon="19.683725"><ele>203.25</ele></trkpt>
   <trkpt lat="51.404398" lon="19.683825"><ele>202.5</ele></trkpt>
   <trkpt lat="51.406057" lon="19.684086"><ele>199.75</ele></trkpt>
   <trkpt lat="51.406355" lon="19.684139"><ele>198.25</ele></trkpt>
   <trkpt lat="51.406752" lon="19.6842"><ele>197</ele></trkpt>
   <trkpt lat="51.407176" lon="19.684274"><ele>196.75</ele></trkpt>
   <trkpt lat="51.407454" lon="19.684317"><ele>196.75</ele></trkpt>
   <trkpt lat="51.409178" lon="19.684603"><ele>204.5</ele></trkpt>
   <trkpt lat="51.409236" lon="19.684613"><ele>204.25</ele></trkpt>
   <trkpt lat="51.409295" lon="19.684622"><ele>204.25</ele></trkpt>
   <trkpt lat="51.410372" lon="19.684803"><ele>203</ele></trkpt>
   <trkpt lat="51.412583" lon="19.685168"><ele>199.5</ele></trkpt>
   <trkpt lat="51.412735" lon="19.685192"><ele>198.75</ele></trkpt>
   <trkpt lat="51.412892" lon="19.685218"><ele>198</ele></trkpt>
   <trkpt lat="51.414859" lon="19.685548"><ele>199.5</ele></trkpt>
   <trkpt lat="51.415047" lon="19.685579"><ele>200</ele></trkpt>
   <trkpt lat="51.421605" lon="19.686658"><ele>207</ele></trkpt>
   <trkpt lat="51.423321" lon="19.686942"><ele>206</ele></trkpt>
   <trkpt lat="51.423356" lon="19.686948"><ele>206</ele></trkpt>
   <trkpt lat="51.423395" lon="19.686954"><ele>206</ele></trkpt>
   <trkpt lat="51.428244" lon="19.68775"><ele>206</ele></trkpt>
   <trkpt lat="51.430615" lon="19.688143"><ele>204.25</ele></trkpt>
   <trkpt lat="51.437757" lon="19.689325"><ele>199.5</ele></trkpt>
   <trkpt lat="51.439557" lon="19.689622"><ele>197</ele></trkpt>
   <trkpt lat="51.448498" lon="19.691102"><ele>200.25</ele></trkpt>
   <trkpt lat="51.45528" lon="19.692215"><ele>193.5</ele></trkpt>
   <trkpt lat="51.457442" lon="19.692552"><ele>193</ele></trkpt>
   <trkpt lat="51.46071" lon="19.69306"><ele>196.5</ele></trkpt>
   <trkpt lat="51.461519" lon="19.693185"><ele>195.75</ele></trkpt>
   <trkpt lat="51.463774" lon="19.69353"><ele>193.5</ele></trkpt>
   <trkpt lat="51.463852" lon="19.693543"><ele>193.5</ele></trkpt>
   <trkpt lat="51.466386" lon="19.693934"><ele>194</ele></trkpt>
   <trkpt lat="51.475329" lon="19.695317"><ele>205.25</ele></trkpt>
   <trkpt lat="51.484275" lon="19.696701"><ele>194</ele></trkpt>
   <trkpt lat="51.490946" lon="19.697736"><ele>191.75</ele></trkpt>
   <trkpt lat="51.493227" lon="19.698088"><ele>188.75</ele></trkpt>
   <trkpt lat="51.499495" lon="19.699055"><ele>184.5</ele></trkpt>
   <trkpt lat="51.50016" lon="19.69918"><ele>184</ele></trkpt>
   <trkpt lat="51.50025" lon="19.699198"><ele>184.25</ele></trkpt>
   <trkpt lat="51.500462" lon="19.699247"><ele>184.5</ele></trkpt>
   <trkpt lat="51.501064" lon="19.699416"><ele>185.25</ele></trkpt>
   <trkpt lat="51.501394" lon="19.699525"><ele>185.5</ele></trkpt>
   <trkpt lat="51.501957" lon="19.699742"><ele>186.75</ele></trkpt>
   <trkpt lat="51.502155" lon="19.699827"><ele>187.25</ele></trkpt>
   <trkpt lat="51.502546" lon="19.700006"><ele>188</ele></trkpt>
   <trkpt lat="51.50347" lon="19.700455"><ele>190</ele></trkpt>
   <trkpt lat="51.507503" lon="19.702431"><ele>184</ele></trkpt>
   <trkpt lat="51.507685" lon="19.702519"><ele>184.5</ele></trkpt>
   <trkpt lat="51.510741" lon="19.704017"><ele>186</ele></trkpt>
   <trkpt lat="51.516924" lon="19.707041"><ele>193.25</ele></trkpt>
   <trkpt lat="51.519332" lon="19.708218"><ele>196</ele></trkpt>
   <trkpt lat="51.527931" lon="19.712421"><ele>194.5</ele></trkpt>
   <trkpt lat="51.530628" lon="19.713738"><ele>199</ele></trkpt>
   <trkpt lat="51.532833" lon="19.714815"><ele>197.75</ele></trkpt>
   <trkpt lat="51.534338" lon="19.715546"><ele>196.25</ele></trkpt>
   <trkpt lat="51.536178" lon="19.716424"><ele>200.75</ele></trkpt>
   <trkpt lat="51.536512" lon="19.716588"><ele>201.5</ele></trkpt>
   <trkpt lat="51.537226" lon="19.716941"><ele>201.25</ele></trkpt>
   <trkpt lat="51.537925" lon="19.717283"><ele>201</ele></trkpt>
   <trkpt lat="51.538059" lon="19.71735"><ele>201</ele></trkpt>
   <trkpt lat="51.538163" lon="19.717399"><ele>201</ele></trkpt>
   <trkpt lat="51.542558" lon="19.719555"><ele>201</ele></trkpt>
   <trkpt lat="51.5451" lon="19.720804"><ele>204</ele></trkpt>
   <trkpt lat="51.546925" lon="19.721705"><ele>204.25</ele></trkpt>
   <trkpt lat="51.547079" lon="19.72178"><ele>204.25</ele></trkpt>
   <trkpt lat="51.548446" lon="19.722453"><ele>206</ele></trkpt>
   <trkpt lat="51.553688" lon="19.725026"><ele>205</ele></trkpt>
   <trkpt lat="51.558522" lon="19.727399"><ele>201.5</ele></trkpt>
   <trkpt lat="51.560733" lon="19.728481"><ele>197.25</ele></trkpt>
   <trkpt lat="51.561218" lon="19.728698"><ele>197</ele></trkpt>
   <trkpt lat="51.561458" lon="19.728796"><ele>197</ele></trkpt>
   <trkpt lat="51.561708" lon="19.728884"><ele>196.75</ele></trkpt>
   <trkpt lat="51.561943" lon="19.72896"><ele>196.5</ele></trkpt>
   <trkpt lat="51.562345" lon="19.729063"><ele>196</ele></trkpt>
   <trkpt lat="51.562609" lon="19.729119"><ele>195.75</ele></trkpt>
   <trkpt lat="51.563177" lon="19.729193"><ele>195</ele></trkpt>
   <trkpt lat="51.56341" lon="19.729208"><ele>194.75</ele></trkpt>
   <trkpt lat="51.563665" lon="19.729212"><ele>194.5</ele></trkpt>
   <trkpt lat="51.56392" lon="19.729211"><ele>194.25</ele></trkpt>
   <trkpt lat="51.564196" lon="19.729191"><ele>194</ele></trkpt>
   <trkpt lat="51.564715" lon="19.729123"><ele>194</ele></trkpt>
   <trkpt lat="51.564818" lon="19.729106"><ele>193.75</ele></trkpt>
   <trkpt lat="51.565414" lon="19.728953"><ele>194</ele></trkpt>
   <trkpt lat="51.565917" lon="19.72878"><ele>194</ele></trkpt>
   <trkpt lat="51.566615" lon="19.728467"><ele>194.75</ele></trkpt>
   <trkpt lat="51.571061" lon="19.72616"><ele>191.5</ele></trkpt>
   <trkpt lat="51.572555" lon="19.725383"><ele>191.75</ele></trkpt>
   <trkpt lat="51.579607" lon="19.721716"><ele>189.75</ele></trkpt>
   <trkpt lat="51.581676" lon="19.720642"><ele>186</ele></trkpt>
   <trkpt lat="51.582163" lon="19.720417"><ele>186.5</ele></trkpt>
   <trkpt lat="51.582692" lon="19.72021"><ele>187</ele></trkpt>
   <trkpt lat="51.583139" lon="19.720076"><ele>188.25</ele></trkpt>
   <trkpt lat="51.583503" lon="19.719994"><ele>189</ele></trkpt>
   <trkpt lat="51.58381" lon="19.719946"><ele>189</ele></trkpt>
   <trkpt lat="51.584073" lon="19.719916"><ele>189</ele></trkpt>
   <trkpt lat="51.584557" lon="19.719892"><ele>188</ele></trkpt>
   <trkpt lat="51.585047" lon="19.71991"><ele>186.75</ele></trkpt>
   <trkpt lat="51.58555" lon="19.719978"><ele>185.5</ele></trkpt>
   <trkpt lat="51.585782" lon="19.720023"><ele>185</ele></trkpt>
   <trkpt lat="51.586262" lon="19.720143"><ele>185.5</ele></trkpt>
   <trkpt lat="51.586498" lon="19.72022"><ele>185.75</ele></trkpt>
   <trkpt lat="51.58689" lon="19.720368"><ele>186.5</ele></trkpt>
   <trkpt lat="51.587672" lon="19.720724"><ele>187.5</ele></trkpt>
   <trkpt lat="51.588353" lon="19.721058"><ele>186.5</ele></trkpt>
   <trkpt lat="51.590417" lon="19.722061"><ele>183</ele></trkpt>
   <trkpt lat="51.590503" lon="19.722106"><ele>182.75</ele></trkpt>
   <trkpt lat="51.59088" lon="19.722296"><ele>182</ele></trkpt>
   <trkpt lat="51.5923" lon="19.723053"><ele>187.5</ele></trkpt>
   <trkpt lat="51.593298" lon="19.723539"><ele>188</ele></trkpt>
   <trkpt lat="51.594145" lon="19.723946"><ele>188.75</ele></trkpt>
   <trkpt lat="51.595434" lon="19.724564"><ele>187</ele></trkpt>
   <trkpt lat="51.596367" lon="19.724979"><ele>185.25</ele></trkpt>
   <trkpt lat="51.596958" lon="19.725258"><ele>184</ele></trkpt>
   <trkpt lat="51.598367" lon="19.725939"><ele>180.5</ele></trkpt>
   <trkpt lat="51.598674" lon="19.726089"><ele>179.75</ele></trkpt>
   <trkpt lat="51.604953" lon="19.729131"><ele>181.75</ele></trkpt>
   <trkpt lat="51.605552" lon="19.729421"><ele>182.75</ele></trkpt>
   <trkpt lat="51.606205" lon="19.729737"><ele>183.75</ele></trkpt>
   <trkpt lat="51.606441" lon="19.72986"><ele>184.25</ele></trkpt>
   <trkpt lat="51.606885" lon="19.730108"><ele>185.25</ele></trkpt>
   <trkpt lat="51.607367" lon="19.730406"><ele>185.75</ele></trkpt>
   <trkpt lat="51.607955" lon="19.730805"><ele>186</ele></trkpt>
   <trkpt lat="51.608203" lon="19.730988"><ele>186</ele></trkpt>
   <trkpt lat="51.608509" lon="19.731218"><ele>185.75</ele></trkpt>
   <trkpt lat="51.609078" lon="19.731675"><ele>186</ele></trkpt>
   <trkpt lat="51.609603" lon="19.73213"><ele>186.5</ele></trkpt>
   <trkpt lat="51.609836" lon="19.732346"><ele>186.75</ele></trkpt>
   <trkpt lat="51.610314" lon="19.73282"><ele>186.75</ele></trkpt>
   <trkpt lat="51.613452" lon="19.736127"><ele>182.25</ele></trkpt>
   <trkpt lat="51.615119" lon="19.737888"><ele>185.5</ele></trkpt>
   <trkpt lat="51.62096" lon="19.744064"><ele>190</ele></trkpt>
   <trkpt lat="51.623962" lon="19.747237"><ele>194.75</ele></trkpt>
   <trkpt lat="51.628469" lon="19.752005"><ele>198.25</ele></trkpt>
   <trkpt lat="51.631578" lon="19.755299"><ele>198.5</ele></trkpt>
   <trkpt lat="51.632035" lon="19.755784"><ele>198.5</ele></trkpt>
   <trkpt lat="51.635963" lon="19.759944"><ele>195</ele></trkpt>
   <trkpt lat="51.643386" lon="19.767807"><ele>203.5</ele></trkpt>
   <trkpt lat="51.643452" lon="19.767875"><ele>203.25</ele></trkpt>
   <trkpt lat="51.644039" lon="19.768461"><ele>202</ele></trkpt>
   <trkpt lat="51.644301" lon="19.768707"><ele>202</ele></trkpt>
   <trkpt lat="51.644584" lon="19.768961"><ele>202</ele></trkpt>
   <trkpt lat="51.64487" lon="19.769203"><ele>201.75</ele></trkpt>
   <trkpt lat="51.645427" lon="19.769638"><ele>202.5</ele></trkpt>
   <trkpt lat="51.645711" lon="19.769844"><ele>203</ele></trkpt>
   <trkpt lat="51.646021" lon="19.770056"><ele>204</ele></trkpt>
   <trkpt lat="51.646514" lon="19.770368"><ele>207.5</ele></trkpt>
   <trkpt lat="51.646752" lon="19.770507"><ele>208.5</ele></trkpt>
   <trkpt lat="51.647865" lon="19.771075"><ele>205.25</ele></trkpt>
   <trkpt lat="51.649741" lon="19.772003"><ele>204.5</ele></trkpt>
   <trkpt lat="51.651826" lon="19.773016"><ele>205.75</ele></trkpt>
   <trkpt lat="51.660435" lon="19.777233"><ele>206.75</ele></trkpt>
   <trkpt lat="51.666324" lon="19.780127"><ele>206</ele></trkpt>
   <trkpt lat="51.666364" lon="19.780147"><ele>206.25</ele></trkpt>
   <trkpt lat="51.667503" lon="19.780702"><ele>206.75</ele></trkpt>
   <trkpt lat="51.668865" lon="19.781384"><ele>205.75</ele></trkpt>
   <trkpt lat="51.669071" lon="19.781473"><ele>206</ele></trkpt>
   <trkpt lat="51.669422" lon="19.78158"><ele>206.25</ele></trkpt>
   <trkpt lat="51.66961" lon="19.781661"><ele>206.5</ele></trkpt>
   <trkpt lat="51.669763" lon="19.78174"><ele>206.5</ele></trkpt>
   <trkpt lat="51.669949" lon="19.781819"><ele>206.75</ele></trkpt>
   <trkpt lat="51.670231" lon="19.781906"><ele>206.5</ele></trkpt>
   <trkpt lat="51.670417" lon="19.781987"><ele>206.5</ele></trkpt>
   <trkpt lat="51.67194" lon="19.782771"><ele>205.5</ele></trkpt>
   <trkpt lat="51.677753" lon="19.785663"><ele>211.25</ele></trkpt>
   <trkpt lat="51.678118" lon="19.785918"><ele>211.75</ele></trkpt>
   <trkpt lat="51.678307" lon="19.786025"><ele>212.25</ele></trkpt>
   <trkpt lat="51.678845" lon="19.786296"><ele>211</ele></trkpt>
   <trkpt lat="51.687082" lon="19.790401"><ele>209.5</ele></trkpt>
   <trkpt lat="51.695314" lon="19.794509"><ele>206.25</ele></trkpt>
   <trkpt lat="51.695736" lon="19.79472"><ele>206.5</ele></trkpt>
   <trkpt lat="51.695773" lon="19.794738"><ele>206.5</ele></trkpt>
   <trkpt lat="51.709154" lon="19.801415"><ele>210</ele></trkpt>
   <trkpt lat="51.712487" lon="19.803079"><ele>209.75</ele></trkpt>
   <trkpt lat="51.712881" lon="19.803275"><ele>210</ele></trkpt>
   <trkpt lat="51.715178" lon="19.804422"><ele>210</ele></trkpt>
   <trkpt lat="51.715429" lon="19.804547"><ele>209.75</ele></trkpt>
   <trkpt lat="51.722435" lon="19.808051"><ele>216.5</ele></trkpt>
   <trkpt lat="51.722523" lon="19.808095"><ele>216.25</ele></trkpt>
   <trkpt lat="51.72461" lon="19.809137"><ele>217.75</ele></trkpt>
   <trkpt lat="51.725015" lon="19.80934"><ele>218.25</ele></trkpt>
   <trkpt lat="51.72587" lon="19.809768"><ele>217</ele></trkpt>
   <trkpt lat="51.726048" lon="19.809845"><ele>216.75</ele></trkpt>
   <trkpt lat="51.726497" lon="19.809987"><ele>216</ele></trkpt>
   <trkpt lat="51.726741" lon="19.810079"><ele>216.25</ele></trkpt>
   <trkpt lat="51.726757" lon="19.810085"><ele>216.25</ele></trkpt>
   <trkpt lat="51.726982" lon="19.810189"><ele>216.25</ele></trkpt>
   <trkpt lat="51.7272" lon="19.810304"><ele>216.25</ele></trkpt>
   <trkpt lat="51.728324" lon="19.810932"><ele>213.75</ele></trkpt>
   <trkpt lat="51.729811" lon="19.811671"><ele>209.25</ele></trkpt>
   <trkpt lat="51.730346" lon="19.811922"><ele>209.25</ele></trkpt>
   <trkpt lat="51.730547" lon="19.811995"><ele>209.5</ele></trkpt>
   <trkpt lat="51.730853" lon="19.812072"><ele>210</ele></trkpt>
   <trkpt lat="51.731111" lon="19.812098"><ele>210</ele></trkpt>
   <trkpt lat="51.731304" lon="19.812095"><ele>210</ele></trkpt>
   <trkpt lat="51.731502" lon="19.812072"><ele>210</ele></trkpt>
   <trkpt lat="51.731818" lon="19.811994"><ele>210</ele></trkpt>
   <trkpt lat="51.732078" lon="19.811892"><ele>210.25</ele></trkpt>
   <trkpt lat="51.732264" lon="19.811798"><ele>210.5</ele></trkpt>
   <trkpt lat="51.732448" lon="19.811686"><ele>210.75</ele></trkpt>
   <trkpt lat="51.73268" lon="19.811514"><ele>212.25</ele></trkpt>
   <trkpt lat="51.732964" lon="19.811252"><ele>214.25</ele></trkpt>
   <trkpt lat="51.7332" lon="19.810987"><ele>216</ele></trkpt>
   <trkpt lat="51.733274" lon="19.810893"><ele>216.5</ele></trkpt>
   <trkpt lat="51.733493" lon="19.810582"><ele>216</ele></trkpt>
   <trkpt lat="51.733696" lon="19.810237"><ele>215</ele></trkpt>
   <trkpt lat="51.733878" lon="19.80986"><ele>213.75</ele></trkpt>
   <trkpt lat="51.73404" lon="19.80946"><ele>212.25</ele></trkpt>
   <trkpt lat="51.734177" lon="19.809038"><ele>210.75</ele></trkpt>
   <trkpt lat="51.734287" lon="19.808611"><ele>210.75</ele></trkpt>
   <trkpt lat="51.734353" lon="19.80829"><ele>210.5</ele></trkpt>
   <trkpt lat="51.734401" lon="19.807987"><ele>210.25</ele></trkpt>
   <trkpt lat="51.734438" lon="19.807677"><ele>209.75</ele></trkpt>
   <trkpt lat="51.734463" lon="19.807391"><ele>209.5</ele></trkpt>
   <trkpt lat="51.73448" lon="19.807048"><ele>209.5</ele></trkpt>
   <trkpt lat="51.734483" lon="19.806729"><ele>209.5</ele></trkpt>
   <trkpt lat="51.734468" lon="19.80625"><ele>209</ele></trkpt>
   <trkpt lat="51.734451" lon="19.806015"><ele>208.75</ele></trkpt>
   <trkpt lat="51.734434" lon="19.805817"><ele>208.5</ele></trkpt>
   <trkpt lat="51.734366" lon="19.805241"><ele>208.75</ele></trkpt>
   <trkpt lat="51.734104" lon="19.803457"><ele>210.5</ele></trkpt>
   <trkpt lat="51.73397" lon="19.802234"><ele>212.75</ele></trkpt>
   <trkpt lat="51.733922" lon="19.801856"><ele>213.25</ele></trkpt>
   <trkpt lat="51.733892" lon="19.801664"><ele>213.5</ele></trkpt>
   <trkpt lat="51.733813" lon="19.801176"><ele>213.5</ele></trkpt>
   <trkpt lat="51.733652" lon="19.800181"><ele>213.5</ele></trkpt>
   <trkpt lat="51.733314" lon="19.798088"><ele>210.5</ele></trkpt>
   <trkpt lat="51.73269" lon="19.794241"><ele>214</ele></trkpt>
   <trkpt lat="51.732655" lon="19.794024"><ele>214</ele></trkpt>
   <trkpt lat="51.732201" lon="19.791226"><ele>212</ele></trkpt>
   <trkpt lat="51.732169" lon="19.79103"><ele>211.75</ele></trkpt>
   <trkpt lat="51.732165" lon="19.791006"><ele>211.5</ele></trkpt>
   <trkpt lat="51.732158" lon="19.790961"><ele>211.5</ele></trkpt>
   <trkpt lat="51.732148" lon="19.790897"><ele>211.25</ele></trkpt>
   <trkpt lat="51.732142" lon="19.790861"><ele>211.25</ele></trkpt>
   <trkpt lat="51.731876" lon="19.789221"><ele>208.25</ele></trkpt>
   <trkpt lat="51.731609" lon="19.787567"><ele>208.75</ele></trkpt>
   <trkpt lat="51.731011" lon="19.783873"><ele>207.25</ele></trkpt>
   <trkpt lat="51.730615" lon="19.78141"><ele>209</ele></trkpt>
   <trkpt lat="51.73014" lon="19.778442"><ele>209.25</ele></trkpt>
   <trkpt lat="51.729685" lon="19.775644"><ele>210.25</ele></trkpt>
   <trkpt lat="51.729659" lon="19.775482"><ele>210.25</ele></trkpt>
   <trkpt lat="51.728828" lon="19.770363"><ele>213.5</ele></trkpt>
   <trkpt lat="51.72876" lon="19.769944"><ele>214</ele></trkpt>
   <trkpt lat="51.728747" lon="19.769869"><ele>214</ele></trkpt>
   <trkpt lat="51.728732" lon="19.769775"><ele>214</ele></trkpt>
   <trkpt lat="51.727752" lon="19.763762"><ele>221.75</ele></trkpt>
   <trkpt lat="51.72769" lon="19.763346"><ele>221.25</ele></trkpt>
   <trkpt lat="51.727568" lon="19.762481"><ele>218</ele></trkpt>
   <trkpt lat="51.727486" lon="19.761742"><ele>216</ele></trkpt>
   <trkpt lat="51.727423" lon="19.760989"><ele>215.25</ele></trkpt>
   <trkpt lat="51.727383" lon="19.760209"><ele>214.25</ele></trkpt>
   <trkpt lat="51.727365" lon="19.759462"><ele>215.25</ele></trkpt>
   <trkpt lat="51.727364" lon="19.759081"><ele>216.25</ele></trkpt>
   <trkpt lat="51.727371" lon="19.758698"><ele>216.75</ele></trkpt>
   <trkpt lat="51.727396" lon="19.757955"><ele>216.5</ele></trkpt>
   <trkpt lat="51.727444" lon="19.757224"><ele>216</ele></trkpt>
   <trkpt lat="51.727475" lon="19.756857"><ele>216</ele></trkpt>
   <trkpt lat="51.727553" lon="19.756151"><ele>215.25</ele></trkpt>
   <trkpt lat="51.727612" lon="19.755697"><ele>214.75</ele></trkpt>
   <trkpt lat="51.72771" lon="19.755062"><ele>214.5</ele></trkpt>
   <trkpt lat="51.727777" lon="19.75469"><ele>214.5</ele></trkpt>
   <trkpt lat="51.727952" lon="19.753832"><ele>215</ele></trkpt>
   <trkpt lat="51.728059" lon="19.753365"><ele>215.25</ele></trkpt>
   <trkpt lat="51.728073" lon="19.753312"><ele>215.25</ele></trkpt>
   <trkpt lat="51.728383" lon="19.752088"><ele>216</ele></trkpt>
   <trkpt lat="51.729468" lon="19.747919"><ele>217.5</ele></trkpt>
   <trkpt lat="51.729618" lon="19.747314"><ele>217.5</ele></trkpt>
   <trkpt lat="51.729791" lon="19.746562"><ele>217.5</ele></trkpt>
   <trkpt lat="51.729943" lon="19.745798"><ele>216.75</ele></trkpt>
   <trkpt lat="51.730119" lon="19.744655"><ele>216</ele></trkpt>
   <trkpt lat="51.730165" lon="19.744314"><ele>216</ele></trkpt>
   <trkpt lat="51.730214" lon="19.743882"><ele>216.25</ele></trkpt>
   <trkpt lat="51.730285" lon="19.743051"><ele>216</ele></trkpt>
   <trkpt lat="51.730332" lon="19.74222"><ele>215.75</ele></trkpt>
   <trkpt lat="51.730347" lon="19.741634"><ele>215.75</ele></trkpt>
   <trkpt lat="51.730351" lon="19.740968"><ele>215</ele></trkpt>
   <trkpt lat="51.730331" lon="19.740091"><ele>214.75</ele></trkpt>
   <trkpt lat="51.730257" lon="19.738759"><ele>215.25</ele></trkpt>
   <trkpt lat="51.73013" lon="19.736794"><ele>216.75</ele></trkpt>
   <trkpt lat="51.730077" lon="19.735979"><ele>216.25</ele></trkpt>
   <trkpt lat="51.730061" lon="19.735728"><ele>216</ele></trkpt>
   <trkpt lat="51.729969" lon="19.734344"><ele>216.5</ele></trkpt>
   <trkpt lat="51.729804" lon="19.731822"><ele>215.75</ele></trkpt>
   <trkpt lat="51.729719" lon="19.730515"><ele>214.5</ele></trkpt>
   <trkpt lat="51.729672" lon="19.729692"><ele>214.75</ele></trkpt>
   <trkpt lat="51.729644" lon="19.728815"><ele>215</ele></trkpt>
   <trkpt lat="51.72963" lon="19.727609"><ele>215.25</ele></trkpt>
   <trkpt lat="51.729576" lon="19.722756"><ele>214</ele></trkpt>
   <trkpt lat="51.729564" lon="19.722348"><ele>214</ele></trkpt>
   <trkpt lat="51.729522" lon="19.721681"><ele>214</ele></trkpt>
   <trkpt lat="51.729507" lon="19.721182"><ele>214.5</ele></trkpt>
   <trkpt lat="51.729504" lon="19.720931"><ele>214.75</ele></trkpt>
   <trkpt lat="51.729492" lon="19.72056"><ele>215.25</ele></trkpt>
   <trkpt lat="51.729457" lon="19.720015"><ele>215.75</ele></trkpt>
   <trkpt lat="51.729444" lon="19.719539"><ele>216</ele></trkpt>
   <trkpt lat="51.729442" lon="19.719286"><ele>216.25</ele></trkpt>
   <trkpt lat="51.729446" lon="19.718876"><ele>216.25</ele></trkpt>
   <trkpt lat="51.72947" lon="19.718158"><ele>216.5</ele></trkpt>
   <trkpt lat="51.72947" lon="19.717896"><ele>216.75</ele></trkpt>
   <trkpt lat="51.729391" lon="19.712101"><ele>229.75</ele></trkpt>
   <trkpt lat="51.729192" lon="19.694709"><ele>227.25</ele></trkpt>
   <trkpt lat="51.729181" lon="19.693331"><ele>228.75</ele></trkpt>
   <trkpt lat="51.729184" lon="19.692967"><ele>228.75</ele></trkpt>
   <trkpt lat="51.729201" lon="19.692204"><ele>229</ele></trkpt>
   <trkpt lat="51.729236" lon="19.691556"><ele>228.25</ele></trkpt>
   <trkpt lat="51.729295" lon="19.690775"><ele>224.5</ele></trkpt>
   <trkpt lat="51.729388" lon="19.689962"><ele>221</ele></trkpt>
   <trkpt lat="51.729513" lon="19.689106"><ele>221.5</ele></trkpt>
   <trkpt lat="51.729586" lon="19.688695"><ele>221.25</ele></trkpt>
   <trkpt lat="51.729677" lon="19.68823"><ele>221.5</ele></trkpt>
   <trkpt lat="51.729844" lon="19.687463"><ele>222</ele></trkpt>
   <trkpt lat="51.730401" lon="19.685149"><ele>223.5</ele></trkpt>
   <trkpt lat="51.730414" lon="19.685098"><ele>223.5</ele></trkpt>
   <trkpt lat="51.730426" lon="19.685042"><ele>223.25</ele></trkpt>
   <trkpt lat="51.73115" lon="19.6821"><ele>223</ele></trkpt>
   <trkpt lat="51.731351" lon="19.681254"><ele>223.25</ele></trkpt>
   <trkpt lat="51.731447" lon="19.680818"><ele>223</ele></trkpt>
   <trkpt lat="51.731595" lon="19.680051"><ele>223</ele></trkpt>
   <trkpt lat="51.731724" lon="19.679241"><ele>222</ele></trkpt>
   <trkpt lat="51.731775" lon="19.678867"><ele>222</ele></trkpt>
   <trkpt lat="51.731827" lon="19.678401"><ele>222</ele></trkpt>
   <trkpt lat="51.731867" lon="19.678025"><ele>222</ele></trkpt>
   <trkpt lat="51.731905" lon="19.677561"><ele>222</ele></trkpt>
   <trkpt lat="51.73193" lon="19.677184"><ele>222</ele></trkpt>
   <trkpt lat="51.731951" lon="19.676739"><ele>222</ele></trkpt>
   <trkpt lat="51.731964" lon="19.676333"><ele>221.5</ele></trkpt>
   <trkpt lat="51.731969" lon="19.675181"><ele>221</ele></trkpt>
   <trkpt lat="51.731896" lon="19.66848"><ele>218.75</ele></trkpt>
   <trkpt lat="51.731869" lon="19.666603"><ele>216</ele></trkpt>
   <trkpt lat="51.731871" lon="19.665747"><ele>217.25</ele></trkpt>
   <trkpt lat="51.73175" lon="19.65615"><ele>213.75</ele></trkpt>
   <trkpt lat="51.731738" lon="19.65512"><ele>211.25</ele></trkpt>
   <trkpt lat="51.731735" lon="19.654076"><ele>212.75</ele></trkpt>
   <trkpt lat="51.731665" lon="19.648534"><ele>206</ele></trkpt>
   <trkpt lat="51.731661" lon="19.64814"><ele>206.25</ele></trkpt>
   <trkpt lat="51.731627" lon="19.645134"><ele>209.75</ele></trkpt>
   <trkpt lat="51.731626" lon="19.64454"><ele>210.5</ele></trkpt>
   <trkpt lat="51.731634" lon="19.64394"><ele>211</ele></trkpt>
   <trkpt lat="51.731654" lon="19.643355"><ele>211</ele></trkpt>
   <trkpt lat="51.731689" lon="19.642795"><ele>212.25</ele></trkpt>
   <trkpt lat="51.731736" lon="19.642225"><ele>213.75</ele></trkpt>
   <trkpt lat="51.731812" lon="19.641402"><ele>215.25</ele></trkpt>
   <trkpt lat="51.73188" lon="19.640744"><ele>216</ele></trkpt>
   <trkpt lat="51.732988" lon="19.629776"><ele>219.75</ele></trkpt>
   <trkpt lat="51.733437" lon="19.625341"><ele>221</ele></trkpt>
   <trkpt lat="51.73352" lon="19.624527"><ele>221</ele></trkpt>
   <trkpt lat="51.733525" lon="19.624473"><ele>221</ele></trkpt>
   <trkpt lat="51.733537" lon="19.624349"><ele>221</ele></trkpt>
   <trkpt lat="51.733549" lon="19.624227"><ele>221</ele></trkpt>
   <trkpt lat="51.733573" lon="19.62398"><ele>221</ele></trkpt>
   <trkpt lat="51.733656" lon="19.623038"><ele>221</ele></trkpt>
   <trkpt lat="51.733663" lon="19.622964"><ele>221</ele></trkpt>
   <trkpt lat="51.733699" lon="19.622326"><ele>221</ele></trkpt>
   <trkpt lat="51.733711" lon="19.622014"><ele>221</ele></trkpt>
   <trkpt lat="51.733724" lon="19.621279"><ele>220.75</ele></trkpt>
   <trkpt lat="51.733727" lon="19.620673"><ele>220.25</ele></trkpt>
   <trkpt lat="51.733731" lon="19.619626"><ele>219.5</ele></trkpt>
   <trkpt lat="51.73373" lon="19.619361"><ele>219.5</ele></trkpt>
   <trkpt lat="51.733735" lon="19.618551"><ele>219.25</ele></trkpt>
   <trkpt lat="51.733738" lon="19.616825"><ele>219.5</ele></trkpt>
   <trkpt lat="51.733739" lon="19.615944"><ele>218.5</ele></trkpt>
   <trkpt lat="51.73372" lon="19.61502"><ele>218</ele></trkpt>
   <trkpt lat="51.733676" lon="19.614088"><ele>217.25</ele></trkpt>
   <trkpt lat="51.733646" lon="19.613615"><ele>217.25</ele></trkpt>
   <trkpt lat="51.733571" lon="19.612702"><ele>217.75</ele></trkpt>
   <trkpt lat="51.733476" lon="19.611691"><ele>217.75</ele></trkpt>
   <trkpt lat="51.733378" lon="19.610811"><ele>217</ele></trkpt>
   <trkpt lat="51.733267" lon="19.609914"><ele>217</ele></trkpt>
   <trkpt lat="51.733185" lon="19.60935"><ele>216.5</ele></trkpt>
   <trkpt lat="51.733168" lon="19.609233"><ele>216.5</ele></trkpt>
   <trkpt lat="51.733043" lon="19.608545"><ele>216</ele></trkpt>
   <trkpt lat="51.732889" lon="19.607874"><ele>215.25</ele></trkpt>
   <trkpt lat="51.732707" lon="19.607226"><ele>214.75</ele></trkpt>
   <trkpt lat="51.732489" lon="19.606568"><ele>214</ele></trkpt>
   <trkpt lat="51.7315" lon="19.603746"><ele>217.5</ele></trkpt>
   <trkpt lat="51.731351" lon="19.603293"><ele>218</ele></trkpt>
   <trkpt lat="51.731185" lon="19.602742"><ele>217.5</ele></trkpt>
   <trkpt lat="51.73103" lon="19.602165"><ele>216.75</ele></trkpt>
   <trkpt lat="51.730871" lon="19.601487"><ele>215.75</ele></trkpt>
   <trkpt lat="51.730717" lon="19.600778"><ele>215.75</ele></trkpt>
   <trkpt lat="51.730561" lon="19.600025"><ele>215</ele></trkpt>
   <trkpt lat="51.73052" lon="19.599794"><ele>214.75</ele></trkpt>
   <trkpt lat="51.730448" lon="19.599274"><ele>214.5</ele></trkpt>
   <trkpt lat="51.73039" lon="19.598934"><ele>214.25</ele></trkpt>
   <trkpt lat="51.730351" lon="19.598757"><ele>214.25</ele></trkpt>
   <trkpt lat="51.730321" lon="19.598389"><ele>214.25</ele></trkpt>
   <trkpt lat="51.730299" lon="19.598219"><ele>214.25</ele></trkpt>
   <trkpt lat="51.730262" lon="19.597948"><ele>214.25</ele></trkpt>
   <trkpt lat="51.730021" lon="19.596249"><ele>214.75</ele></trkpt>
   <trkpt lat="51.729814" lon="19.594761"><ele>214.25</ele></trkpt>
   <trkpt lat="51.729656" lon="19.593629"><ele>213</ele></trkpt>
   <trkpt lat="51.727262" lon="19.576539"><ele>216.25</ele></trkpt>
   <trkpt lat="51.726927" lon="19.574153"><ele>216.25</ele></trkpt>
   <trkpt lat="51.726891" lon="19.573894"><ele>216.5</ele></trkpt>
   <trkpt lat="51.726585" lon="19.571712"><ele>217.75</ele></trkpt>
   <trkpt lat="51.725889" lon="19.566749"><ele>215.75</ele></trkpt>
   <trkpt lat="51.725752" lon="19.565726"><ele>216</ele></trkpt>
   <trkpt lat="51.725588" lon="19.564429"><ele>216.75</ele></trkpt>
   <trkpt lat="51.72511" lon="19.560507"><ele>219</ele></trkpt>
   <trkpt lat="51.724947" lon="19.559184"><ele>219.75</ele></trkpt>
   <trkpt lat="51.724319" lon="19.554029"><ele>219</ele></trkpt>
   <trkpt lat="51.724236" lon="19.553278"><ele>219</ele></trkpt>
   <trkpt lat="51.724122" lon="19.552082"><ele>219</ele></trkpt>
   <trkpt lat="51.724023" lon="19.55079"><ele>218</ele></trkpt>
   <trkpt lat="51.723976" lon="19.550007"><ele>218</ele></trkpt>
   <trkpt lat="51.723934" lon="19.549224"><ele>217</ele></trkpt>
   <trkpt lat="51.723838" lon="19.546848"><ele>216.25</ele></trkpt>
   <trkpt lat="51.723768" lon="19.545113"><ele>217</ele></trkpt>
   <trkpt lat="51.723708" lon="19.543658"><ele>215.5</ele></trkpt>
   <trkpt lat="51.723678" lon="19.543173"><ele>215</ele></trkpt>
   <trkpt lat="51.723648" lon="19.542809"><ele>214.5</ele></trkpt>
   <trkpt lat="51.723586" lon="19.542181"><ele>214</ele></trkpt>
   <trkpt lat="51.723384" lon="19.540499"><ele>212</ele></trkpt>
   <trkpt lat="51.723166" lon="19.538734"><ele>209</ele></trkpt>
   <trkpt lat="51.722971" lon="19.537325"><ele>207.75</ele></trkpt>
   <trkpt lat="51.72279" lon="19.536108"><ele>207.5</ele></trkpt>
   <trkpt lat="51.722751" lon="19.535849"><ele>207.75</ele></trkpt>
   <trkpt lat="51.722595" lon="19.534791"><ele>208</ele></trkpt>
   <trkpt lat="51.722556" lon="19.534537"><ele>208</ele></trkpt>
   <trkpt lat="51.72248" lon="19.534128"><ele>207.75</ele></trkpt>
   <trkpt lat="51.722413" lon="19.533829"><ele>207.75</ele></trkpt>
   <trkpt lat="51.722361" lon="19.533528"><ele>207.75</ele></trkpt>
   <trkpt lat="51.722274" lon="19.532943"><ele>207.25</ele></trkpt>
   <trkpt lat="51.721892" lon="19.530372"><ele>205.75</ele></trkpt>
   <trkpt lat="51.721779" lon="19.529606"><ele>205.75</ele></trkpt>
   <trkpt lat="51.721636" lon="19.52856"><ele>205.75</ele></trkpt>
   <trkpt lat="51.721603" lon="19.528234"><ele>205.5</ele></trkpt>
   <trkpt lat="51.721563" lon="19.527842"><ele>205</ele></trkpt>
   <trkpt lat="51.721498" lon="19.527047"><ele>204.75</ele></trkpt>
   <trkpt lat="51.721465" lon="19.526367"><ele>204.25</ele></trkpt>
   <trkpt lat="51.721443" lon="19.525524"><ele>203.25</ele></trkpt>
   <trkpt lat="51.721454" lon="19.524595"><ele>202</ele></trkpt>
   <trkpt lat="51.72147" lon="19.524085"><ele>201</ele></trkpt>
   <trkpt lat="51.721499" lon="19.523571"><ele>200.25</ele></trkpt>
   <trkpt lat="51.721537" lon="19.523042"><ele>199.75</ele></trkpt>
   <trkpt lat="51.721897" lon="19.519292"><ele>196.75</ele></trkpt>
   <trkpt lat="51.722" lon="19.518482"><ele>196</ele></trkpt>
   <trkpt lat="51.72206" lon="19.518083"><ele>195.5</ele></trkpt>
   <trkpt lat="51.722389" lon="19.516095"><ele>195.5</ele></trkpt>
   <trkpt lat="51.722747" lon="19.513973"><ele>196</ele></trkpt>
   <trkpt lat="51.723424" lon="19.509876"><ele>200</ele></trkpt>
   <trkpt lat="51.723652" lon="19.508381"><ele>200.75</ele></trkpt>
   <trkpt lat="51.723862" lon="19.506832"><ele>202.5</ele></trkpt>
   <trkpt lat="51.724057" lon="19.505253"><ele>203.25</ele></trkpt>
   <trkpt lat="51.724358" lon="19.502438"><ele>202.75</ele></trkpt>
   <trkpt lat="51.724555" lon="19.500597"><ele>202.25</ele></trkpt>
   <trkpt lat="51.724638" lon="19.499805"><ele>202</ele></trkpt>
   <trkpt lat="51.724753" lon="19.498698"><ele>201.5</ele></trkpt>
   <trkpt lat="51.724837" lon="19.498009"><ele>200.75</ele></trkpt>
   <trkpt lat="51.724958" lon="19.497237"><ele>200</ele></trkpt>
   <trkpt lat="51.725152" lon="19.496153"><ele>199.5</ele></trkpt>
   <trkpt lat="51.725235" lon="19.495694"><ele>199</ele></trkpt>
   <trkpt lat="51.725276" lon="19.495373"><ele>198.75</ele></trkpt>
   <trkpt lat="51.725299" lon="19.495149"><ele>198.5</ele></trkpt>
   <trkpt lat="51.725305" lon="19.495096"><ele>198.25</ele></trkpt>
   <trkpt lat="51.725311" lon="19.495041"><ele>198.25</ele></trkpt>
   <trkpt lat="51.725371" lon="19.494476"><ele>197.75</ele></trkpt>
   <trkpt lat="51.725467" lon="19.493575"><ele>197.5</ele></trkpt>
   <trkpt lat="51.725565" lon="19.492749"><ele>198</ele></trkpt>
   <trkpt lat="51.725875" lon="19.490496"><ele>198</ele></trkpt>
   <trkpt lat="51.725958" lon="19.489791"><ele>198.25</ele></trkpt>
   <trkpt lat="51.72654" lon="19.48424"><ele>197.75</ele></trkpt>
   <trkpt lat="51.726737" lon="19.482358"><ele>196.5</ele></trkpt>
   <trkpt lat="51.726745" lon="19.482286"><ele>196.5</ele></trkpt>
   <trkpt lat="51.726908" lon="19.480729"><ele>195</ele></trkpt>
   <trkpt lat="51.726914" lon="19.480677"><ele>195</ele></trkpt>
   <trkpt lat="51.726963" lon="19.480105"><ele>195</ele></trkpt>
   <trkpt lat="51.727019" lon="19.479176"><ele>195.5</ele></trkpt>
   <trkpt lat="51.727081" lon="19.47799"><ele>195.5</ele></trkpt>
   <trkpt lat="51.727092" lon="19.477468"><ele>196</ele></trkpt>
   <trkpt lat="51.727092" lon="19.477171"><ele>196</ele></trkpt>
   <trkpt lat="51.727087" lon="19.476783"><ele>196.25</ele></trkpt>
   <trkpt lat="51.727068" lon="19.476293"><ele>196.25</ele></trkpt>
   <trkpt lat="51.727052" lon="19.476047"><ele>196.25</ele></trkpt>
   <trkpt lat="51.72701" lon="19.475569"><ele>196</ele></trkpt>
   <trkpt lat="51.72697" lon="19.475214"><ele>196</ele></trkpt>
   <trkpt lat="51.726934" lon="19.474958"><ele>195.75</ele></trkpt>
   <trkpt lat="51.726861" lon="19.47452"><ele>195.5</ele></trkpt>
   <trkpt lat="51.726784" lon="19.474123"><ele>195.25</ele></trkpt>
   <trkpt lat="51.726696" lon="19.473744"><ele>195</ele></trkpt>
   <trkpt lat="51.726634" lon="19.473503"><ele>194.75</ele></trkpt>
   <trkpt lat="51.726496" lon="19.473021"><ele>194.5</ele></trkpt>
   <trkpt lat="51.726385" lon="19.472681"><ele>194.25</ele></trkpt>
   <trkpt lat="51.726268" lon="19.47236"><ele>194</ele></trkpt>
   <trkpt lat="51.726249" lon="19.472311"><ele>193.75</ele></trkpt>
   <trkpt lat="51.726142" lon="19.472034"><ele>193.5</ele></trkpt>
   <trkpt lat="51.725995" lon="19.471698"><ele>193.25</ele></trkpt>
   <trkpt lat="51.72586" lon="19.471413"><ele>192.75</ele></trkpt>
   <trkpt lat="51.725598" lon="19.470907"><ele>192</ele></trkpt>
   <trkpt lat="51.724058" lon="19.468194"><ele>189.75</ele></trkpt>
   <trkpt lat="51.723352" lon="19.466957"><ele>189</ele></trkpt>
   <trkpt lat="51.722847" lon="19.466056"><ele>188.5</ele></trkpt>
   <trkpt lat="51.722493" lon="19.465383"><ele>188.75</ele></trkpt>
   <trkpt lat="51.722216" lon="19.464759"><ele>188.25</ele></trkpt>
   <trkpt lat="51.722082" lon="19.464411"><ele>187.75</ele></trkpt>
   <trkpt lat="51.721934" lon="19.463986"><ele>187</ele></trkpt>
   <trkpt lat="51.721825" lon="19.463635"><ele>186.5</ele></trkpt>
   <trkpt lat="51.721692" lon="19.463134"><ele>185.75</ele></trkpt>
   <trkpt lat="51.721574" lon="19.462632"><ele>185</ele></trkpt>
   <trkpt lat="51.721446" lon="19.46192"><ele>185</ele></trkpt>
   <trkpt lat="51.72138" lon="19.461404"><ele>184.5</ele></trkpt>
   <trkpt lat="51.721331" lon="19.460909"><ele>184</ele></trkpt>
   <trkpt lat="51.7213" lon="19.460427"><ele>183.75</ele></trkpt>
   <trkpt lat="51.721284" lon="19.459873"><ele>183.5</ele></trkpt>
   <trkpt lat="51.721292" lon="19.459267"><ele>184.25</ele></trkpt>
   <trkpt lat="51.721304" lon="19.458975"><ele>184.5</ele></trkpt>
   <trkpt lat="51.721329" lon="19.458592"><ele>184.5</ele></trkpt>
   <trkpt lat="51.721348" lon="19.45837"><ele>184.5</ele></trkpt>
   <trkpt lat="51.721415" lon="19.457808"><ele>184</ele></trkpt>
   <trkpt lat="51.721505" lon="19.457226"><ele>183.25</ele></trkpt>
   <trkpt lat="51.721597" lon="19.456758"><ele>183</ele></trkpt>
   <trkpt lat="51.721718" lon="19.456223"><ele>182.25</ele></trkpt>
   <trkpt lat="51.722245" lon="19.454222"><ele>182.5</ele></trkpt>
   <trkpt lat="51.722754" lon="19.452319"><ele>183.25</ele></trkpt>
   <trkpt lat="51.723213" lon="19.450612"><ele>184.75</ele></trkpt>
   <trkpt lat="51.723385" lon="19.450026"><ele>185</ele></trkpt>
   <trkpt lat="51.723459" lon="19.449792"><ele>184.5</ele></trkpt>
   <trkpt lat="51.723605" lon="19.44938"><ele>184.25</ele></trkpt>
   <trkpt lat="51.723677" lon="19.449189"><ele>184</ele></trkpt>
   <trkpt lat="51.723844" lon="19.448785"><ele>183.75</ele></trkpt>
   <trkpt lat="51.724083" lon="19.448287"><ele>183.75</ele></trkpt>
   <trkpt lat="51.724229" lon="19.44801"><ele>183.5</ele></trkpt>
   <trkpt lat="51.724518" lon="19.447527"><ele>183.75</ele></trkpt>
   <trkpt lat="51.724647" lon="19.447332"><ele>184</ele></trkpt>
   <trkpt lat="51.724963" lon="19.446898"><ele>184.75</ele></trkpt>
   <trkpt lat="51.725453" lon="19.44629"><ele>185</ele></trkpt>
   <trkpt lat="51.72571" lon="19.445978"><ele>185</ele></trkpt>
   <trkpt lat="51.726238" lon="19.445335"><ele>185.75</ele></trkpt>
   <trkpt lat="51.728185" lon="19.442955"><ele>185.25</ele></trkpt>
   <trkpt lat="51.728637" lon="19.442433"><ele>185.25</ele></trkpt>
   <trkpt lat="51.729081" lon="19.44197"><ele>185.75</ele></trkpt>
   <trkpt lat="51.729305" lon="19.441764"><ele>186</ele></trkpt>
   <trkpt lat="51.72965" lon="19.441479"><ele>186.25</ele></trkpt>
   <trkpt lat="51.729879" lon="19.441315"><ele>186.25</ele></trkpt>
   <trkpt lat="51.730132" lon="19.441148"><ele>186.25</ele></trkpt>
   <trkpt lat="51.73057" lon="19.44089"><ele>186</ele></trkpt>
   <trkpt lat="51.732195" lon="19.440009"><ele>184.5</ele></trkpt>
   <trkpt lat="51.732661" lon="19.43979"><ele>184</ele></trkpt>
   <trkpt lat="51.733893" lon="19.439263"><ele>180.5</ele></trkpt>
   <trkpt lat="51.734241" lon="19.439091"><ele>180</ele></trkpt>
   <trkpt lat="51.734661" lon="19.438866"><ele>180.5</ele></trkpt>
   <trkpt lat="51.734677" lon="19.438857"><ele>180.5</ele></trkpt>
   <trkpt lat="51.734882" lon="19.438745"><ele>180.75</ele></trkpt>
   <trkpt lat="51.735217" lon="19.438559"><ele>181.25</ele></trkpt>
   <trkpt lat="51.735748" lon="19.438272"><ele>181.75</ele></trkpt>
   <trkpt lat="51.736223" lon="19.438047"><ele>183.25</ele></trkpt>
   <trkpt lat="51.736543" lon="19.437919"><ele>184.25</ele></trkpt>
   <trkpt lat="51.736737" lon="19.437851"><ele>185</ele></trkpt>
   <trkpt lat="51.737318" lon="19.437689"><ele>185</ele></trkpt>
   <trkpt lat="51.739308" lon="19.437213"><ele>187.25</ele></trkpt>
   <trkpt lat="51.739817" lon="19.437105"><ele>187.75</ele></trkpt>
   <trkpt lat="51.740111" lon="19.43706"><ele>188</ele></trkpt>
   <trkpt lat="51.740457" lon="19.437023"><ele>188.75</ele></trkpt>
   <trkpt lat="51.74144" lon="19.436948"><ele>190.75</ele></trkpt>
   <trkpt lat="51.742006" lon="19.436894"><ele>191.5</ele></trkpt>
   <trkpt lat="51.742341" lon="19.436847"><ele>191.75</ele></trkpt>
   <trkpt lat="51.742369" lon="19.436843"><ele>191.75</ele></trkpt>
   <trkpt lat="51.742857" lon="19.436753"><ele>192.25</ele></trkpt>
   <trkpt lat="51.743058" lon="19.436707"><ele>192.5</ele></trkpt>
   <trkpt lat="51.743102" lon="19.436696"><ele>192.5</ele></trkpt>
   <trkpt lat="51.743433" lon="19.436597"><ele>192.75</ele></trkpt>
   <trkpt lat="51.743582" lon="19.436536"><ele>192.75</ele></trkpt>
   <trkpt lat="51.743857" lon="19.436406"><ele>192.5</ele></trkpt>
   <trkpt lat="51.744378" lon="19.436248"><ele>192.75</ele></trkpt>
   <trkpt lat="51.744698" lon="19.436145"><ele>193</ele></trkpt>
   <trkpt lat="51.745164" lon="19.435995"><ele>193</ele></trkpt>
   <trkpt lat="51.745559" lon="19.435793"><ele>192.75</ele></trkpt>
   <trkpt lat="51.745854" lon="19.435698"><ele>193</ele></trkpt>
   <trkpt lat="51.745896" lon="19.435685"><ele>193</ele></trkpt>
   <trkpt lat="51.745938" lon="19.435671"><ele>193</ele></trkpt>
   <trkpt lat="51.74648" lon="19.435498"><ele>193.25</ele></trkpt>
   <trkpt lat="51.747972" lon="19.435022"><ele>195</ele></trkpt>
   <trkpt lat="51.748216" lon="19.434951"><ele>195</ele></trkpt>
   <trkpt lat="51.752928" lon="19.43371"><ele>192.25</ele></trkpt>
   <trkpt lat="51.753288" lon="19.433615"><ele>192</ele></trkpt>
   <trkpt lat="51.753562" lon="19.433524"><ele>192.25</ele></trkpt>
   <trkpt lat="51.753799" lon="19.433426"><ele>192.5</ele></trkpt>
   <trkpt lat="51.75406" lon="19.433296"><ele>192.75</ele></trkpt>
   <trkpt lat="51.754476" lon="19.433059"><ele>192.25</ele></trkpt>
   <trkpt lat="51.754653" lon="19.432956"><ele>192</ele></trkpt>
   <trkpt lat="51.754844" lon="19.43287"><ele>191.75</ele></trkpt>
   <trkpt lat="51.755171" lon="19.432748"><ele>191.25</ele></trkpt>
   <trkpt lat="51.755419" lon="19.43265"><ele>191</ele></trkpt>
   <trkpt lat="51.755592" lon="19.432585"><ele>191</ele></trkpt>
   <trkpt lat="51.756424" lon="19.432106"><ele>191</ele></trkpt>
   <trkpt lat="51.75676" lon="19.431906"><ele>191</ele></trkpt>
   <trkpt lat="51.756822" lon="19.431868"><ele>191</ele></trkpt>
   <trkpt lat="51.757065" lon="19.431704"><ele>191.25</ele></trkpt>
   <trkpt lat="51.757359" lon="19.431486"><ele>192.25</ele></trkpt>
   <trkpt lat="51.757794" lon="19.431121"><ele>193.75</ele></trkpt>
   <trkpt lat="51.757995" lon="19.43094"><ele>194.25</ele></trkpt>
   <trkpt lat="51.75818" lon="19.430773"><ele>194.75</ele></trkpt>
   <trkpt lat="51.758599" lon="19.430397"><ele>194.5</ele></trkpt>
   <trkpt lat="51.758989" lon="19.430046"><ele>194</ele></trkpt>
   <trkpt lat="51.759169" lon="19.429883"><ele>194</ele></trkpt>
   <trkpt lat="51.759366" lon="19.429707"><ele>194</ele></trkpt>
   <trkpt lat="51.759738" lon="19.429361"><ele>194</ele></trkpt>
   <trkpt lat="51.759766" lon="19.429336"><ele>194</ele></trkpt>
   <trkpt lat="51.75991" lon="19.429195"><ele>194</ele></trkpt>
   <trkpt lat="51.760118" lon="19.429015"><ele>194</ele></trkpt>
   <trkpt lat="51.760686" lon="19.428587"><ele>194.5</ele></trkpt>
   <trkpt lat="51.761008" lon="19.428343"><ele>194.75</ele></trkpt>
   <trkpt lat="51.761933" lon="19.427641"><ele>194.75</ele></trkpt>
   <trkpt lat="51.765614" lon="19.425047"><ele>197</ele></trkpt>
   <trkpt lat="51.765912" lon="19.424846"><ele>197</ele></trkpt>
   <trkpt lat="51.766178" lon="19.424704"><ele>196.5</ele></trkpt>
   <trkpt lat="51.767057" lon="19.424266"><ele>195.75</ele></trkpt>
   <trkpt lat="51.767114" lon="19.424237"><ele>195.75</ele></trkpt>
   <trkpt lat="51.767337" lon="19.424112"><ele>195.25</ele></trkpt>
   <trkpt lat="51.767702" lon="19.42387"><ele>194.75</ele></trkpt>
   <trkpt lat="51.767893" lon="19.423731"><ele>194.5</ele></trkpt>
   <trkpt lat="51.767957" lon="19.423684"><ele>194.25</ele></trkpt>
   <trkpt lat="51.768117" lon="19.423571"><ele>194.25</ele></trkpt>
   <trkpt lat="51.768299" lon="19.423443"><ele>194</ele></trkpt>
   <trkpt lat="51.768475" lon="19.423319"><ele>194</ele></trkpt>
   <trkpt lat="51.768517" lon="19.423289"><ele>194.25</ele></trkpt>
   <trkpt lat="51.768745" lon="19.423115"><ele>194.5</ele></trkpt>
   <trkpt lat="51.769121" lon="19.422798"><ele>194.75</ele></trkpt>
   <trkpt lat="51.769305" lon="19.422662"><ele>195</ele></trkpt>
   <trkpt lat="51.7694" lon="19.422596"><ele>195</ele></trkpt>
   <trkpt lat="51.769424" lon="19.42258"><ele>195</ele></trkpt>
   <trkpt lat="51.770103" lon="19.422108"><ele>194.75</ele></trkpt>
   <trkpt lat="51.771218" lon="19.421339"><ele>194.75</ele></trkpt>
   <trkpt lat="51.771913" lon="19.420887"><ele>196</ele></trkpt>
   <trkpt lat="51.772135" lon="19.420743"><ele>196.5</ele></trkpt>
   <trkpt lat="51.77298" lon="19.42019"><ele>196</ele></trkpt>
   <trkpt lat="51.773519" lon="19.419817"><ele>194.5</ele></trkpt>
   <trkpt lat="51.774287" lon="19.419276"><ele>193</ele></trkpt>
   <trkpt lat="51.77486" lon="19.418884"><ele>192.25</ele></trkpt>
   <trkpt lat="51.774979" lon="19.418805"><ele>192</ele></trkpt>
   <trkpt lat="51.775415" lon="19.41852"><ele>193</ele></trkpt>
   <trkpt lat="51.77581" lon="19.418261"><ele>194.5</ele></trkpt>
   <trkpt lat="51.776909" lon="19.417502"><ele>192.25</ele></trkpt>
   <trkpt lat="51.777503" lon="19.417087"><ele>192</ele></trkpt>
   <trkpt lat="51.777788" lon="19.416886"><ele>191.5</ele></trkpt>
   <trkpt lat="51.778341" lon="19.416499"><ele>191.75</ele></trkpt>
   <trkpt lat="51.778459" lon="19.416417"><ele>191.5</ele></trkpt>
   <trkpt lat="51.778612" lon="19.41631"><ele>191</ele></trkpt>
   <trkpt lat="51.779437" lon="19.415731"><ele>190</ele></trkpt>
   <trkpt lat="51.780568" lon="19.414939"><ele>191</ele></trkpt>
   <trkpt lat="51.781779" lon="19.41409"><ele>191.25</ele></trkpt>
   <trkpt lat="51.784097" lon="19.412467"><ele>191.75</ele></trkpt>
   <trkpt lat="51.784921" lon="19.411889"><ele>193</ele></trkpt>
   <trkpt lat="51.785743" lon="19.411314"><ele>193.5</ele></trkpt>
   <trkpt lat="51.785788" lon="19.411282"><ele>193.5</ele></trkpt>
   <trkpt lat="51.786563" lon="19.410739"><ele>192.5</ele></trkpt>
   <trkpt lat="51.787253" lon="19.410256"><ele>192</ele></trkpt>
   <trkpt lat="51.787451" lon="19.410117"><ele>192</ele></trkpt>
   <trkpt lat="51.787827" lon="19.409853"><ele>191.75</ele></trkpt>
   <trkpt lat="51.788066" lon="19.409685"><ele>191.75</ele></trkpt>
   <trkpt lat="51.788357" lon="19.409483"><ele>192</ele></trkpt>
   <trkpt lat="51.788653" lon="19.409289"><ele>192.75</ele></trkpt>
   <trkpt lat="51.788978" lon="19.409097"><ele>193.5</ele></trkpt>
   <trkpt lat="51.789301" lon="19.408929"><ele>194</ele></trkpt>
   <trkpt lat="51.790549" lon="19.408374"><ele>195.25</ele></trkpt>
   <trkpt lat="51.790676" lon="19.408317"><ele>195.5</ele></trkpt>
   <trkpt lat="51.792093" lon="19.407696"><ele>198</ele></trkpt>
   <trkpt lat="51.793557" lon="19.407052"><ele>200.25</ele></trkpt>
   <trkpt lat="51.794229" lon="19.406757"><ele>201</ele></trkpt>
   <trkpt lat="51.795389" lon="19.406247"><ele>203</ele></trkpt>
   <trkpt lat="51.795745" lon="19.406089"><ele>202.75</ele></trkpt>
   <trkpt lat="51.79595" lon="19.406017"><ele>202.5</ele></trkpt>
   <trkpt lat="51.796355" lon="19.405915"><ele>201.5</ele></trkpt>
   <trkpt lat="51.796495" lon="19.405879"><ele>201.25</ele></trkpt>
   <trkpt lat="51.796948" lon="19.405765"><ele>201.25</ele></trkpt>
   <trkpt lat="51.797143" lon="19.405697"><ele>201.5</ele></trkpt>
   <trkpt lat="51.799378" lon="19.404712"><ele>201.25</ele></trkpt>
   <trkpt lat="51.799625" lon="19.404619"><ele>201.5</ele></trkpt>
   <trkpt lat="51.800123" lon="19.404461"><ele>201.5</ele></trkpt>
   <trkpt lat="51.800375" lon="19.4044"><ele>201.75</ele></trkpt>
   <trkpt lat="51.800868" lon="19.404315"><ele>202.75</ele></trkpt>
   <trkpt lat="51.801379" lon="19.404262"><ele>202</ele></trkpt>
   <trkpt lat="51.801891" lon="19.404253"><ele>201.75</ele></trkpt>
   <trkpt lat="51.802412" lon="19.404291"><ele>201.75</ele></trkpt>
   <trkpt lat="51.80278" lon="19.404345"><ele>202.75</ele></trkpt>
   <trkpt lat="51.80323" lon="19.404447"><ele>204.25</ele></trkpt>
   <trkpt lat="51.803648" lon="19.404569"><ele>204.5</ele></trkpt>
   <trkpt lat="51.804105" lon="19.404743"><ele>204.5</ele></trkpt>
   <trkpt lat="51.804432" lon="19.404893"><ele>204</ele></trkpt>
   <trkpt lat="51.804704" lon="19.405044"><ele>203.75</ele></trkpt>
   <trkpt lat="51.804997" lon="19.405193"><ele>203.75</ele></trkpt>
   <trkpt lat="51.805295" lon="19.40532"><ele>204</ele></trkpt>
   <trkpt lat="51.805908" lon="19.405578"><ele>204.5</ele></trkpt>
   <trkpt lat="51.806021" lon="19.405631"><ele>204.25</ele></trkpt>
   <trkpt lat="51.806164" lon="19.405715"><ele>204</ele></trkpt>
   <trkpt lat="51.806529" lon="19.405941"><ele>203.75</ele></trkpt>
   <trkpt lat="51.806777" lon="19.406094"><ele>203.75</ele></trkpt>
   <trkpt lat="51.807309" lon="19.406423"><ele>204.75</ele></trkpt>
   <trkpt lat="51.807519" lon="19.406536"><ele>205</ele></trkpt>
   <trkpt lat="51.807805" lon="19.406665"><ele>204.5</ele></trkpt>
   <trkpt lat="51.807933" lon="19.406738"><ele>204.25</ele></trkpt>
   <trkpt lat="51.811392" lon="19.408885"><ele>200.25</ele></trkpt>
   <trkpt lat="51.81427" lon="19.410669"><ele>194.25</ele></trkpt>
   <trkpt lat="51.815483" lon="19.411434"><ele>198.5</ele></trkpt>
   <trkpt lat="51.817218" lon="19.412506"><ele>204</ele></trkpt>
   <trkpt lat="51.817761" lon="19.41285"><ele>205</ele></trkpt>
   <trkpt lat="51.818583" lon="19.413402"><ele>206.5</ele></trkpt>
   <trkpt lat="51.821354" lon="19.415312"><ele>208.75</ele></trkpt>
   <trkpt lat="51.821975" lon="19.41572"><ele>209.75</ele></trkpt>
   <trkpt lat="51.822424" lon="19.415984"><ele>210</ele></trkpt>
   <trkpt lat="51.822726" lon="19.416141"><ele>209.75</ele></trkpt>
   <trkpt lat="51.823051" lon="19.416293"><ele>209.5</ele></trkpt>
   <trkpt lat="51.823498" lon="19.416474"><ele>208.25</ele></trkpt>
   <trkpt lat="51.82393" lon="19.416619"><ele>207.25</ele></trkpt>
   <trkpt lat="51.824435" lon="19.416753"><ele>207</ele></trkpt>
   <trkpt lat="51.824925" lon="19.416848"><ele>207</ele></trkpt>
   <trkpt lat="51.826676" lon="19.417074"><ele>201</ele></trkpt>
   <trkpt lat="51.826716" lon="19.417079"><ele>201</ele></trkpt>
   <trkpt lat="51.827542" lon="19.417164"><ele>200.75</ele></trkpt>
   <trkpt lat="51.827998" lon="19.417189"><ele>200.25</ele></trkpt>
   <trkpt lat="51.828666" lon="19.417192"><ele>199.5</ele></trkpt>
   <trkpt lat="51.829078" lon="19.417172"><ele>199.25</ele></trkpt>
   <trkpt lat="51.829611" lon="19.417123"><ele>198.75</ele></trkpt>
   <trkpt lat="51.830316" lon="19.417023"><ele>198</ele></trkpt>
   <trkpt lat="51.833631" lon="19.416417"><ele>200.5</ele></trkpt>
   <trkpt lat="51.833667" lon="19.416411"><ele>200.5</ele></trkpt>
   <trkpt lat="51.836035" lon="19.415981"><ele>198.25</ele></trkpt>
   <trkpt lat="51.836287" lon="19.41594"><ele>198.5</ele></trkpt>
   <trkpt lat="51.836625" lon="19.415905"><ele>199</ele></trkpt>
   <trkpt lat="51.836867" lon="19.415894"><ele>199</ele></trkpt>
   <trkpt lat="51.837303" lon="19.415906"><ele>199</ele></trkpt>
   <trkpt lat="51.837637" lon="19.415941"><ele>199.25</ele></trkpt>
   <trkpt lat="51.837987" lon="19.416006"><ele>199.5</ele></trkpt>
   <trkpt lat="51.838452" lon="19.416133"><ele>199.75</ele></trkpt>
   <trkpt lat="51.838654" lon="19.416202"><ele>199.25</ele></trkpt>
   <trkpt lat="51.838897" lon="19.416301"><ele>199</ele></trkpt>
   <trkpt lat="51.839313" lon="19.416497"><ele>198.25</ele></trkpt>
   <trkpt lat="51.839716" lon="19.416729"><ele>197.5</ele></trkpt>
   <trkpt lat="51.840099" lon="19.416989"><ele>196.75</ele></trkpt>
   <trkpt lat="51.840344" lon="19.417175"><ele>196.25</ele></trkpt>
   <trkpt lat="51.840551" lon="19.417349"><ele>196</ele></trkpt>
   <trkpt lat="51.84081" lon="19.417583"><ele>196</ele></trkpt>
   <trkpt lat="51.840946" lon="19.417705"><ele>196</ele></trkpt>
   <trkpt lat="51.841285" lon="19.418029"><ele>196.25</ele></trkpt>
   <trkpt lat="51.841622" lon="19.418345"><ele>196</ele></trkpt>
   <trkpt lat="51.841869" lon="19.41859"><ele>196.75</ele></trkpt>
   <trkpt lat="51.842221" lon="19.418969"><ele>198</ele></trkpt>
   <trkpt lat="51.842496" lon="19.419244"><ele>199</ele></trkpt>
   <trkpt lat="51.842636" lon="19.419376"><ele>199.25</ele></trkpt>
   <trkpt lat="51.842802" lon="19.419535"><ele>199.75</ele></trkpt>
   <trkpt lat="51.843349" lon="19.420117"><ele>201</ele></trkpt>
   <trkpt lat="51.843773" lon="19.420525"><ele>201</ele></trkpt>
   <trkpt lat="51.843869" lon="19.420615"><ele>201</ele></trkpt>
   <trkpt lat="51.844073" lon="19.420807"><ele>201</ele></trkpt>
   <trkpt lat="51.844712" lon="19.42141"><ele>200.75</ele></trkpt>
   <trkpt lat="51.845417" lon="19.422061"><ele>200.75</ele></trkpt>
   <trkpt lat="51.84619" lon="19.422774"><ele>200</ele></trkpt>
   <trkpt lat="51.849455" lon="19.425822"><ele>200.25</ele></trkpt>
   <trkpt lat="51.850494" lon="19.426752"><ele>200.25</ele></trkpt>
   <trkpt lat="51.851115" lon="19.427321"><ele>199.5</ele></trkpt>
   <trkpt lat="51.852166" lon="19.428303"><ele>198.25</ele></trkpt>
   <trkpt lat="51.852456" lon="19.428513"><ele>198</ele></trkpt>
   <trkpt lat="51.852605" lon="19.428639"><ele>198</ele></trkpt>
   <trkpt lat="51.852781" lon="19.428803"><ele>198.25</ele></trkpt>
   <trkpt lat="51.852909" lon="19.428926"><ele>198.25</ele></trkpt>
   <trkpt lat="51.853063" lon="19.429071"><ele>198.5</ele></trkpt>
   <trkpt lat="51.853548" lon="19.429519"><ele>198.5</ele></trkpt>
   <trkpt lat="51.853698" lon="19.429645"><ele>198.5</ele></trkpt>
   <trkpt lat="51.853866" lon="19.429766"><ele>198.25</ele></trkpt>
   <trkpt lat="51.854038" lon="19.429875"><ele>198.25</ele></trkpt>
   <trkpt lat="51.854215" lon="19.429969"><ele>198</ele></trkpt>
   <trkpt lat="51.854575" lon="19.430123"><ele>198.25</ele></trkpt>
   <trkpt lat="51.854768" lon="19.43019"><ele>198.25</ele></trkpt>
   <trkpt lat="51.855102" lon="19.430279"><ele>198.25</ele></trkpt>
   <trkpt lat="51.855271" lon="19.430309"><ele>198</ele></trkpt>
   <trkpt lat="51.855644" lon="19.43035"><ele>197.25</ele></trkpt>
   <trkpt lat="51.855843" lon="19.430356"><ele>196.75</ele></trkpt>
   <trkpt lat="51.856068" lon="19.430347"><ele>196.5</ele></trkpt>
   <trkpt lat="51.85629" lon="19.430324"><ele>196</ele></trkpt>
   <trkpt lat="51.856534" lon="19.430281"><ele>195.75</ele></trkpt>
   <trkpt lat="51.856781" lon="19.430224"><ele>195</ele></trkpt>
   <trkpt lat="51.857173" lon="19.430087"><ele>193.25</ele></trkpt>
   <trkpt lat="51.857368" lon="19.430002"><ele>192.5</ele></trkpt>
   <trkpt lat="51.857687" lon="19.429839"><ele>190.75</ele></trkpt>
   <trkpt lat="51.858085" lon="19.42958"><ele>188.25</ele></trkpt>
   <trkpt lat="51.858577" lon="19.429195"><ele>186.5</ele></trkpt>
   <trkpt lat="51.859944" lon="19.428081"><ele>185.25</ele></trkpt>
   <trkpt lat="51.860348" lon="19.42773"><ele>184.5</ele></trkpt>
   <trkpt lat="51.860794" lon="19.427296"><ele>184.75</ele></trkpt>
   <trkpt lat="51.861181" lon="19.426872"><ele>185.5</ele></trkpt>
   <trkpt lat="51.861372" lon="19.42664"><ele>186.25</ele></trkpt>
   <trkpt lat="51.861741" lon="19.426154"><ele>186.5</ele></trkpt>
   <trkpt lat="51.862005" lon="19.425775"><ele>186.5</ele></trkpt>
   <trkpt lat="51.862175" lon="19.425513"><ele>186.75</ele></trkpt>
   <trkpt lat="51.862419" lon="19.425104"><ele>186.75</ele></trkpt>
   <trkpt lat="51.862555" lon="19.424862"><ele>187.25</ele></trkpt>
   <trkpt lat="51.86293" lon="19.424159"><ele>189</ele></trkpt>
   <trkpt lat="51.863022" lon="19.423988"><ele>189.25</ele></trkpt>
   <trkpt lat="51.863813" lon="19.422465"><ele>191</ele></trkpt>
   <trkpt lat="51.864488" lon="19.421179"><ele>194.75</ele></trkpt>
   <trkpt lat="51.866003" lon="19.418278"><ele>199.25</ele></trkpt>
   <trkpt lat="51.866219" lon="19.417841"><ele>199.75</ele></trkpt>
   <trkpt lat="51.866505" lon="19.417221"><ele>199.75</ele></trkpt>
   <trkpt lat="51.866724" lon="19.416696"><ele>199</ele></trkpt>
   <trkpt lat="51.866926" lon="19.416157"><ele>199.25</ele></trkpt>
   <trkpt lat="51.867115" lon="19.415598"><ele>199.25</ele></trkpt>
   <trkpt lat="51.867282" lon="19.415049"><ele>199</ele></trkpt>
   <trkpt lat="51.867445" lon="19.414449"><ele>199.5</ele></trkpt>
   <trkpt lat="51.867507" lon="19.414196"><ele>199.75</ele></trkpt>
   <trkpt lat="51.867664" lon="19.413481"><ele>200.75</ele></trkpt>
   <trkpt lat="51.867733" lon="19.413139"><ele>200.75</ele></trkpt>
   <trkpt lat="51.867792" lon="19.412803"><ele>200.75</ele></trkpt>
   <trkpt lat="51.867845" lon="19.412475"><ele>201</ele></trkpt>
   <trkpt lat="51.867936" lon="19.411814"><ele>201.5</ele></trkpt>
   <trkpt lat="51.868007" lon="19.411137"><ele>202</ele></trkpt>
   <trkpt lat="51.868064" lon="19.410474"><ele>202.25</ele></trkpt>
   <trkpt lat="51.868516" lon="19.404063"><ele>203</ele></trkpt>
   <trkpt lat="51.86857" lon="19.403301"><ele>203.25</ele></trkpt>
   <trkpt lat="51.868597" lon="19.402765"><ele>202.75</ele></trkpt>
   <trkpt lat="51.868615" lon="19.402212"><ele>202.5</ele></trkpt>
   <trkpt lat="51.868618" lon="19.401347"><ele>201.5</ele></trkpt>
   <trkpt lat="51.868598" lon="19.400693"><ele>200</ele></trkpt>
   <trkpt lat="51.868564" lon="19.400125"><ele>198.75</ele></trkpt>
   <trkpt lat="51.868504" lon="19.399326"><ele>197.75</ele></trkpt>
   <trkpt lat="51.868319" lon="19.397151"><ele>196</ele></trkpt>
   <trkpt lat="51.868297" lon="19.396903"><ele>196</ele></trkpt>
   <trkpt lat="51.868189" lon="19.395642"><ele>195.75</ele></trkpt>
   <trkpt lat="51.868099" lon="19.394433"><ele>196.25</ele></trkpt>
   <trkpt lat="51.868082" lon="19.394088"><ele>196.75</ele></trkpt>
   <trkpt lat="51.868063" lon="19.393362"><ele>197.25</ele></trkpt>
   <trkpt lat="51.868061" lon="19.393044"><ele>197.75</ele></trkpt>
   <trkpt lat="51.868067" lon="19.392568"><ele>198.5</ele></trkpt>
   <trkpt lat="51.868105" lon="19.391697"><ele>199.75</ele></trkpt>
   <trkpt lat="51.868153" lon="19.391046"><ele>200</ele></trkpt>
   <trkpt lat="51.86822" lon="19.390404"><ele>200</ele></trkpt>
   <trkpt lat="51.868319" lon="19.389597"><ele>199.5</ele></trkpt>
   <trkpt lat="51.868533" lon="19.38806"><ele>198.5</ele></trkpt>
   <trkpt lat="51.868581" lon="19.387726"><ele>198.5</ele></trkpt>
   <trkpt lat="51.868643" lon="19.387332"><ele>198.5</ele></trkpt>
   <trkpt lat="51.868764" lon="19.38669"><ele>198.25</ele></trkpt>
   <trkpt lat="51.868811" lon="19.386392"><ele>198.5</ele></trkpt>
   <trkpt lat="51.869285" lon="19.382979"><ele>198.5</ele></trkpt>
   <trkpt lat="51.869593" lon="19.380776"><ele>199.25</ele></trkpt>
   <trkpt lat="51.870221" lon="19.376259"><ele>199.5</ele></trkpt>
   <trkpt lat="51.870454" lon="19.374568"><ele>200</ele></trkpt>
   <trkpt lat="51.870488" lon="19.37429"><ele>199.75</ele></trkpt>
   <trkpt lat="51.870554" lon="19.373573"><ele>199.25</ele></trkpt>
   <trkpt lat="51.870598" lon="19.37321"><ele>199</ele></trkpt>
   <trkpt lat="51.870632" lon="19.372983"><ele>198.5</ele></trkpt>
   <trkpt lat="51.87074" lon="19.372206"><ele>197.75</ele></trkpt>
   <trkpt lat="51.871187" lon="19.368972"><ele>199.5</ele></trkpt>
   <trkpt lat="51.871474" lon="19.366882"><ele>199.5</ele></trkpt>
   <trkpt lat="51.871541" lon="19.366317"><ele>199</ele></trkpt>
   <trkpt lat="51.871589" lon="19.365837"><ele>198.25</ele></trkpt>
   <trkpt lat="51.871622" lon="19.365435"><ele>197.75</ele></trkpt>
   <trkpt lat="51.87164" lon="19.365117"><ele>197.25</ele></trkpt>
   <trkpt lat="51.871647" lon="19.364841"><ele>197.25</ele></trkpt>
   <trkpt lat="51.871652" lon="19.364497"><ele>197.5</ele></trkpt>
   <trkpt lat="51.871647" lon="19.364134"><ele>198</ele></trkpt>
   <trkpt lat="51.871624" lon="19.363631"><ele>198.25</ele></trkpt>
   <trkpt lat="51.871605" lon="19.363377"><ele>198.25</ele></trkpt>
   <trkpt lat="51.871569" lon="19.363021"><ele>198.25</ele></trkpt>
   <trkpt lat="51.87149" lon="19.362428"><ele>198.25</ele></trkpt>
   <trkpt lat="51.871453" lon="19.362209"><ele>198</ele></trkpt>
   <trkpt lat="51.871359" lon="19.361734"><ele>197.5</ele></trkpt>
   <trkpt lat="51.871255" lon="19.361281"><ele>197.5</ele></trkpt>
   <trkpt lat="51.871074" lon="19.360579"><ele>197.25</ele></trkpt>
   <trkpt lat="51.870445" lon="19.358344"><ele>195.75</ele></trkpt>
   <trkpt lat="51.870257" lon="19.357716"><ele>196</ele></trkpt>
   <trkpt lat="51.870137" lon="19.357344"><ele>195.75</ele></trkpt>
   <trkpt lat="51.87005" lon="19.357084"><ele>195.5</ele></trkpt>
   <trkpt lat="51.869811" lon="19.356433"><ele>195.25</ele></trkpt>
   <trkpt lat="51.869419" lon="19.355511"><ele>193.25</ele></trkpt>
   <trkpt lat="51.866511" lon="19.348852"><ele>184.25</ele></trkpt>
   <trkpt lat="51.866154" lon="19.347993"><ele>184.75</ele></trkpt>
   <trkpt lat="51.865946" lon="19.347441"><ele>184.5</ele></trkpt>
   <trkpt lat="51.865846" lon="19.347151"><ele>184.75</ele></trkpt>
   <trkpt lat="51.865675" lon="19.346611"><ele>184.75</ele></trkpt>
   <trkpt lat="51.865595" lon="19.346335"><ele>184.75</ele></trkpt>
   <trkpt lat="51.865522" lon="19.346075"><ele>184.75</ele></trkpt>
   <trkpt lat="51.865392" lon="19.345569"><ele>185</ele></trkpt>
   <trkpt lat="51.865264" lon="19.344968"><ele>185</ele></trkpt>
   <trkpt lat="51.865222" lon="19.344734"><ele>185.25</ele></trkpt>
   <trkpt lat="51.865031" lon="19.343409"><ele>186</ele></trkpt>
   <trkpt lat="51.864953" lon="19.342745"><ele>187.25</ele></trkpt>
   <trkpt lat="51.864911" lon="19.342319"><ele>188</ele></trkpt>
   <trkpt lat="51.864866" lon="19.341663"><ele>188.5</ele></trkpt>
   <trkpt lat="51.864839" lon="19.341072"><ele>188.75</ele></trkpt>
   <trkpt lat="51.864823" lon="19.340321"><ele>188.75</ele></trkpt>
   <trkpt lat="51.864816" lon="19.339204"><ele>187.75</ele></trkpt>
   <trkpt lat="51.864802" lon="19.337312"><ele>185.75</ele></trkpt>
   <trkpt lat="51.864806" lon="19.336974"><ele>185.75</ele></trkpt>
   <trkpt lat="51.864815" lon="19.336647"><ele>185.75</ele></trkpt>
   <trkpt lat="51.864844" lon="19.335998"><ele>185.75</ele></trkpt>
   <trkpt lat="51.864865" lon="19.335684"><ele>185.75</ele></trkpt>
   <trkpt lat="51.864926" lon="19.335"><ele>185.75</ele></trkpt>
   <trkpt lat="51.865159" lon="19.33302"><ele>184.5</ele></trkpt>
   <trkpt lat="51.86521" lon="19.332649"><ele>183.75</ele></trkpt>
   <trkpt lat="51.86531" lon="19.332016"><ele>183.25</ele></trkpt>
   <trkpt lat="51.865433" lon="19.331365"><ele>183.25</ele></trkpt>
   <trkpt lat="51.865504" lon="19.331034"><ele>183.5</ele></trkpt>
   <trkpt lat="51.865634" lon="19.330487"><ele>183.25</ele></trkpt>
   <trkpt lat="51.865764" lon="19.329974"><ele>183</ele></trkpt>
   <trkpt lat="51.86585" lon="19.329614"><ele>182.75</ele></trkpt>
   <trkpt lat="51.865972" lon="19.32899"><ele>182.75</ele></trkpt>
   <trkpt lat="51.866061" lon="19.328604"><ele>182.5</ele></trkpt>
   <trkpt lat="51.866245" lon="19.327872"><ele>182</ele></trkpt>
   <trkpt lat="51.866371" lon="19.327405"><ele>182</ele></trkpt>
   <trkpt lat="51.866573" lon="19.326747"><ele>182</ele></trkpt>
   <trkpt lat="51.866733" lon="19.326266"><ele>181.25</ele></trkpt>
   <trkpt lat="51.866821" lon="19.326024"><ele>181</ele></trkpt>
   <trkpt lat="51.86702" lon="19.325518"><ele>180.25</ele></trkpt>
   <trkpt lat="51.867226" lon="19.325024"><ele>180</ele></trkpt>
   <trkpt lat="51.867847" lon="19.323603"><ele>179.75</ele></trkpt>
   <trkpt lat="51.86821" lon="19.322793"><ele>180</ele></trkpt>
   <trkpt lat="51.868557" lon="19.322077"><ele>180</ele></trkpt>
   <trkpt lat="51.868584" lon="19.322022"><ele>180</ele></trkpt>
   <trkpt lat="51.868758" lon="19.321696"><ele>180</ele></trkpt>
   <trkpt lat="51.869049" lon="19.321195"><ele>179.25</ele></trkpt>
   <trkpt lat="51.869364" lon="19.320698"><ele>179</ele></trkpt>
   <trkpt lat="51.869687" lon="19.320236"><ele>179.5</ele></trkpt>
   <trkpt lat="51.869854" lon="19.320016"><ele>179.75</ele></trkpt>
   <trkpt lat="51.870282" lon="19.319491"><ele>179</ele></trkpt>
   <trkpt lat="51.870524" lon="19.319226"><ele>178.25</ele></trkpt>
   <trkpt lat="51.870956" lon="19.318799"><ele>178</ele></trkpt>
   <trkpt lat="51.871167" lon="19.318608"><ele>178</ele></trkpt>
   <trkpt lat="51.871601" lon="19.318252"><ele>178</ele></trkpt>
   <trkpt lat="51.872056" lon="19.317932"><ele>177.25</ele></trkpt>
   <trkpt lat="51.872291" lon="19.317783"><ele>176.75</ele></trkpt>
   <trkpt lat="51.876369" lon="19.315377"><ele>176</ele></trkpt>
   <trkpt lat="51.877793" lon="19.31454"><ele>178.25</ele></trkpt>
   <trkpt lat="51.880678" lon="19.312838"><ele>175.25</ele></trkpt>
   <trkpt lat="51.881061" lon="19.31263"><ele>174.25</ele></trkpt>
   <trkpt lat="51.88133" lon="19.3125"><ele>173.5</ele></trkpt>
   <trkpt lat="51.881443" lon="19.312452"><ele>173</ele></trkpt>
   <trkpt lat="51.88179" lon="19.312316"><ele>172.5</ele></trkpt>
   <trkpt lat="51.882125" lon="19.312207"><ele>173.25</ele></trkpt>
   <trkpt lat="51.882457" lon="19.312121"><ele>174.25</ele></trkpt>
   <trkpt lat="51.885007" lon="19.311565"><ele>176.5</ele></trkpt>
   <trkpt lat="51.886396" lon="19.311266"><ele>176.75</ele></trkpt>
   <trkpt lat="51.887101" lon="19.311114"><ele>175</ele></trkpt>
   <trkpt lat="51.888456" lon="19.310819"><ele>172.75</ele></trkpt>
   <trkpt lat="51.888491" lon="19.31081"><ele>173</ele></trkpt>
   <trkpt lat="51.888577" lon="19.310791"><ele>173</ele></trkpt>
   <trkpt lat="51.890804" lon="19.310309"><ele>175</ele></trkpt>
   <trkpt lat="51.891275" lon="19.31017"><ele>175</ele></trkpt>
   <trkpt lat="51.891696" lon="19.310019"><ele>175</ele></trkpt>
   <trkpt lat="51.892148" lon="19.309817"><ele>176.25</ele></trkpt>
   <trkpt lat="51.89239" lon="19.309691"><ele>177.25</ele></trkpt>
   <trkpt lat="51.892632" lon="19.309552"><ele>177.25</ele></trkpt>
   <trkpt lat="51.893067" lon="19.30927"><ele>175.5</ele></trkpt>
   <trkpt lat="51.89329" lon="19.309113"><ele>174.25</ele></trkpt>
   <trkpt lat="51.893501" lon="19.308948"><ele>173.25</ele></trkpt>
   <trkpt lat="51.893775" lon="19.308717"><ele>171.75</ele></trkpt>
   <trkpt lat="51.89402" lon="19.308503"><ele>170</ele></trkpt>
   <trkpt lat="51.894302" lon="19.308225"><ele>169.5</ele></trkpt>
   <trkpt lat="51.8948" lon="19.307674"><ele>171</ele></trkpt>
   <trkpt lat="51.89515" lon="19.307239"><ele>171.75</ele></trkpt>
   <trkpt lat="51.895334" lon="19.30699"><ele>172</ele></trkpt>
   <trkpt lat="51.895682" lon="19.306487"><ele>172.25</ele></trkpt>
   <trkpt lat="51.895851" lon="19.30622"><ele>172.5</ele></trkpt>
   <trkpt lat="51.896085" lon="19.305826"><ele>172.75</ele></trkpt>
   <trkpt lat="51.896209" lon="19.305604"><ele>172.5</ele></trkpt>
   <trkpt lat="51.896329" lon="19.305378"><ele>172</ele></trkpt>
   <trkpt lat="51.896679" lon="19.304681"><ele>169.5</ele></trkpt>
   <trkpt lat="51.897697" lon="19.302472"><ele>166.75</ele></trkpt>
   <trkpt lat="51.898179" lon="19.301407"><ele>165.5</ele></trkpt>
   <trkpt lat="51.898419" lon="19.300857"><ele>163.75</ele></trkpt>
   <trkpt lat="51.898648" lon="19.300288"><ele>163.25</ele></trkpt>
   <trkpt lat="51.898827" lon="19.299793"><ele>163.5</ele></trkpt>
   <trkpt lat="51.898996" lon="19.299283"><ele>163.25</ele></trkpt>
   <trkpt lat="51.89915" lon="19.298752"><ele>163</ele></trkpt>
   <trkpt lat="51.899294" lon="19.298225"><ele>163.5</ele></trkpt>
   <trkpt lat="51.899411" lon="19.297737"><ele>165</ele></trkpt>
   <trkpt lat="51.89956" lon="19.297013"><ele>166.5</ele></trkpt>
   <trkpt lat="51.899686" lon="19.296265"><ele>167.25</ele></trkpt>
   <trkpt lat="51.901575" lon="19.283646"><ele>163.5</ele></trkpt>
   <trkpt lat="51.901658" lon="19.283093"><ele>163.5</ele></trkpt>
   <trkpt lat="51.901813" lon="19.282168"><ele>165.25</ele></trkpt>
   <trkpt lat="51.901894" lon="19.281765"><ele>165.5</ele></trkpt>
   <trkpt lat="51.902002" lon="19.28127"><ele>165</ele></trkpt>
   <trkpt lat="51.902122" lon="19.280782"><ele>163.5</ele></trkpt>
   <trkpt lat="51.902228" lon="19.280377"><ele>161.5</ele></trkpt>
   <trkpt lat="51.902343" lon="19.279978"><ele>159</ele></trkpt>
   <trkpt lat="51.902497" lon="19.279492"><ele>158.25</ele></trkpt>
   <trkpt lat="51.902744" lon="19.278798"><ele>158.5</ele></trkpt>
   <trkpt lat="51.903012" lon="19.278125"><ele>158.5</ele></trkpt>
   <trkpt lat="51.903216" lon="19.277674"><ele>159</ele></trkpt>
   <trkpt lat="51.903582" lon="19.276933"><ele>160.25</ele></trkpt>
   <trkpt lat="51.903736" lon="19.276644"><ele>160.5</ele></trkpt>
   <trkpt lat="51.904068" lon="19.276075"><ele>159.5</ele></trkpt>
   <trkpt lat="51.904289" lon="19.275734"><ele>159</ele></trkpt>
   <trkpt lat="51.904514" lon="19.275407"><ele>158.75</ele></trkpt>
   <trkpt lat="51.904749" lon="19.275087"><ele>158.25</ele></trkpt>
   <trkpt lat="51.904992" lon="19.274778"><ele>158.25</ele></trkpt>
   <trkpt lat="51.905237" lon="19.274486"><ele>157.75</ele></trkpt>
   <trkpt lat="51.905738" lon="19.273956"><ele>156</ele></trkpt>
   <trkpt lat="51.906247" lon="19.273491"><ele>154.75</ele></trkpt>
   <trkpt lat="51.90651" lon="19.273274"><ele>154.25</ele></trkpt>
   <trkpt lat="51.907052" lon="19.272887"><ele>155</ele></trkpt>
   <trkpt lat="51.907492" lon="19.272628"><ele>153.25</ele></trkpt>
   <trkpt lat="51.907829" lon="19.272449"><ele>152.25</ele></trkpt>
   <trkpt lat="51.908262" lon="19.272254"><ele>151</ele></trkpt>
   <trkpt lat="51.908702" lon="19.272095"><ele>150</ele></trkpt>
   <trkpt lat="51.915824" lon="19.269822"><ele>137</ele></trkpt>
   <trkpt lat="51.919799" lon="19.268554"><ele>135.25</ele></trkpt>
   <trkpt lat="51.920031" lon="19.268482"><ele>135</ele></trkpt>
   <trkpt lat="51.920624" lon="19.268358"><ele>135</ele></trkpt>
   <trkpt lat="51.92382" lon="19.267349"><ele>137</ele></trkpt>
   <trkpt lat="51.924436" lon="19.267146"><ele>136.25</ele></trkpt>
   <trkpt lat="51.92537" lon="19.266881"><ele>136.25</ele></trkpt>
   <trkpt lat="51.925882" lon="19.266782"><ele>135.75</ele></trkpt>
   <trkpt lat="51.926325" lon="19.266731"><ele>135.75</ele></trkpt>
   <trkpt lat="51.926834" lon="19.266713"><ele>135.75</ele></trkpt>
   <trkpt lat="51.927059" lon="19.266718"><ele>135.75</ele></trkpt>
   <trkpt lat="51.927959" lon="19.266792"><ele>135.5</ele></trkpt>
   <trkpt lat="51.92836" lon="19.266788"><ele>135.25</ele></trkpt>
   <trkpt lat="51.928632" lon="19.26682"><ele>135</ele></trkpt>
   <trkpt lat="51.928962" lon="19.26686"><ele>134.5</ele></trkpt>
   <trkpt lat="51.929753" lon="19.266987"><ele>135</ele></trkpt>
   <trkpt lat="51.933579" lon="19.267667"><ele>136.5</ele></trkpt>
   <trkpt lat="51.934615" lon="19.267852"><ele>135</ele></trkpt>
   <trkpt lat="51.935124" lon="19.267945"><ele>134.75</ele></trkpt>
   <trkpt lat="51.936731" lon="19.268242"><ele>129</ele></trkpt>
   <trkpt lat="51.937025" lon="19.268294"><ele>128.5</ele></trkpt>
   <trkpt lat="51.942095" lon="19.269212"><ele>134.5</ele></trkpt>
   <trkpt lat="51.942516" lon="19.269288"><ele>135</ele></trkpt>
   <trkpt lat="51.946812" lon="19.270062"><ele>138.25</ele></trkpt>
   <trkpt lat="51.951446" lon="19.270893"><ele>144</ele></trkpt>
   <trkpt lat="51.951792" lon="19.270959"><ele>144.25</ele></trkpt>
   <trkpt lat="51.952124" lon="19.271009"><ele>144.75</ele></trkpt>
   <trkpt lat="51.95266" lon="19.27107"><ele>145</ele></trkpt>
   <trkpt lat="51.952972" lon="19.27108"><ele>145</ele></trkpt>
   <trkpt lat="51.953307" lon="19.271077"><ele>145</ele></trkpt>
   <trkpt lat="51.953745" lon="19.271042"><ele>145.25</ele></trkpt>
   <trkpt lat="51.954088" lon="19.270992"><ele>145.5</ele></trkpt>
   <trkpt lat="51.954375" lon="19.270935"><ele>145.75</ele></trkpt>
   <trkpt lat="51.954824" lon="19.270824"><ele>146</ele></trkpt>
   <trkpt lat="51.957998" lon="19.269936"><ele>136.75</ele></trkpt>
   <trkpt lat="51.958909" lon="19.269678"><ele>135</ele></trkpt>
   <trkpt lat="51.960334" lon="19.269274"><ele>133</ele></trkpt>
   <trkpt lat="51.962417" lon="19.268688"><ele>130.5</ele></trkpt>
   <trkpt lat="51.964348" lon="19.268145"><ele>127.75</ele></trkpt>
   <trkpt lat="51.964442" lon="19.26812"><ele>127.75</ele></trkpt>
   <trkpt lat="51.96599" lon="19.267681"><ele>127.5</ele></trkpt>
   <trkpt lat="51.968255" lon="19.267068"><ele>126.25</ele></trkpt>
   <trkpt lat="51.968872" lon="19.266907"><ele>126.75</ele></trkpt>
   <trkpt lat="51.969185" lon="19.266825"><ele>127</ele></trkpt>
   <trkpt lat="51.969409" lon="19.266767"><ele>127</ele></trkpt>
   <trkpt lat="51.972494" lon="19.265895"><ele>129</ele></trkpt>
   <trkpt lat="51.972962" lon="19.265768"><ele>128.25</ele></trkpt>
   <trkpt lat="51.978017" lon="19.26434"><ele>126.25</ele></trkpt>
   <trkpt lat="51.978286" lon="19.264264"><ele>126</ele></trkpt>
   <trkpt lat="51.978785" lon="19.264124"><ele>125.25</ele></trkpt>
   <trkpt lat="51.97939" lon="19.263949"><ele>125.25</ele></trkpt>
   <trkpt lat="51.98011" lon="19.263724"><ele>126</ele></trkpt>
   <trkpt lat="51.981248" lon="19.263345"><ele>126</ele></trkpt>
   <trkpt lat="51.981719" lon="19.263148"><ele>125.75</ele></trkpt>
   <trkpt lat="51.982202" lon="19.262905"><ele>125.25</ele></trkpt>
   <trkpt lat="51.982652" lon="19.262631"><ele>125</ele></trkpt>
   <trkpt lat="51.983161" lon="19.262238"><ele>125</ele></trkpt>
   <trkpt lat="51.984944" lon="19.26077"><ele>125</ele></trkpt>
   <trkpt lat="51.986439" lon="19.259543"><ele>123</ele></trkpt>
   <trkpt lat="51.99445" lon="19.252966"><ele>120.5</ele></trkpt>
   <trkpt lat="51.997887" lon="19.250143"><ele>119</ele></trkpt>
   <trkpt lat="51.998813" lon="19.24938"><ele>118.75</ele></trkpt>
   <trkpt lat="51.999261" lon="19.248982"><ele>119</ele></trkpt>
   <trkpt lat="51.999698" lon="19.248567"><ele>119.25</ele></trkpt>
   <trkpt lat="52.000268" lon="19.247985"><ele>118.25</ele></trkpt>
   <trkpt lat="52.000822" lon="19.247371"><ele>117.75</ele></trkpt>
   <trkpt lat="52.001448" lon="19.246592"><ele>118</ele></trkpt>
   <trkpt lat="52.002175" lon="19.245617"><ele>119.5</ele></trkpt>
   <trkpt lat="52.002403" lon="19.245313"><ele>119.75</ele></trkpt>
   <trkpt lat="52.003412" lon="19.243849"><ele>116.5</ele></trkpt>
   <trkpt lat="52.006945" lon="19.238718"><ele>115.5</ele></trkpt>
   <trkpt lat="52.008864" lon="19.23593"><ele>113</ele></trkpt>
   <trkpt lat="52.011808" lon="19.231648"><ele>110.25</ele></trkpt>
   <trkpt lat="52.011896" lon="19.23152"><ele>110.75</ele></trkpt>
   <trkpt lat="52.01405" lon="19.228397"><ele>117.25</ele></trkpt>
   <trkpt lat="52.015288" lon="19.226589"><ele>112.5</ele></trkpt>
   <trkpt lat="52.015557" lon="19.226201"><ele>112.5</ele></trkpt>
   <trkpt lat="52.016663" lon="19.224591"><ele>113.25</ele></trkpt>
   <trkpt lat="52.016999" lon="19.224116"><ele>113</ele></trkpt>
   <trkpt lat="52.017208" lon="19.223839"><ele>112.5</ele></trkpt>
   <trkpt lat="52.017422" lon="19.223571"><ele>112</ele></trkpt>
   <trkpt lat="52.017804" lon="19.22313"><ele>111.25</ele></trkpt>
   <trkpt lat="52.017975" lon="19.22295"><ele>111</ele></trkpt>
   <trkpt lat="52.018343" lon="19.222589"><ele>111</ele></trkpt>
   <trkpt lat="52.018575" lon="19.222386"><ele>111.5</ele></trkpt>
   <trkpt lat="52.018916" lon="19.222114"><ele>112</ele></trkpt>
   <trkpt lat="52.019254" lon="19.221858"><ele>112</ele></trkpt>
   <trkpt lat="52.020569" lon="19.220913"><ele>110</ele></trkpt>
   <trkpt lat="52.023276" lon="19.218948"><ele>108</ele></trkpt>
   <trkpt lat="52.024078" lon="19.218365"><ele>108.75</ele></trkpt>
   <trkpt lat="52.031467" lon="19.213002"><ele>107.25</ele></trkpt>
   <trkpt lat="52.033659" lon="19.211409"><ele>107</ele></trkpt>
   <trkpt lat="52.033977" lon="19.211151"><ele>106.25</ele></trkpt>
   <trkpt lat="52.034296" lon="19.210874"><ele>105.75</ele></trkpt>
   <trkpt lat="52.034877" lon="19.210289"><ele>105.5</ele></trkpt>
   <trkpt lat="52.035337" lon="19.209761"><ele>106</ele></trkpt>
   <trkpt lat="52.035779" lon="19.209208"><ele>106</ele></trkpt>
   <trkpt lat="52.036027" lon="19.208937"><ele>106</ele></trkpt>
   <trkpt lat="52.039072" lon="19.205319"><ele>102</ele></trkpt>
   <trkpt lat="52.04007" lon="19.204133"><ele>102.75</ele></trkpt>
   <trkpt lat="52.041131" lon="19.20287"><ele>102</ele></trkpt>
   <trkpt lat="52.043425" lon="19.200138"><ele>102</ele></trkpt>
   <trkpt lat="52.044005" lon="19.199451"><ele>102.25</ele></trkpt>
   <trkpt lat="52.046362" lon="19.196642"><ele>100.5</ele></trkpt>
   <trkpt lat="52.04799" lon="19.194702"><ele>101.75</ele></trkpt>
   <trkpt lat="52.04884" lon="19.193685"><ele>104.5</ele></trkpt>
   <trkpt lat="52.051938" lon="19.19"><ele>106.25</ele></trkpt>
   <trkpt lat="52.052519" lon="19.189308"><ele>106</ele></trkpt>
   <trkpt lat="52.053469" lon="19.188177"><ele>104.25</ele></trkpt>
   <trkpt lat="52.053765" lon="19.187856"><ele>103</ele></trkpt>
   <trkpt lat="52.054109" lon="19.187517"><ele>102</ele></trkpt>
   <trkpt lat="52.054444" lon="19.18722"><ele>102.5</ele></trkpt>
   <trkpt lat="52.054789" lon="19.186945"><ele>102.75</ele></trkpt>
   <trkpt lat="52.055121" lon="19.186715"><ele>103.25</ele></trkpt>
   <trkpt lat="52.055494" lon="19.186482"><ele>104.75</ele></trkpt>
   <trkpt lat="52.055819" lon="19.186306"><ele>105.75</ele></trkpt>
   <trkpt lat="52.056145" lon="19.18615"><ele>106.25</ele></trkpt>
   <trkpt lat="52.056545" lon="19.185999"><ele>106.75</ele></trkpt>
   <trkpt lat="52.056915" lon="19.185877"><ele>107.25</ele></trkpt>
   <trkpt lat="52.057286" lon="19.185777"><ele>107.5</ele></trkpt>
   <trkpt lat="52.057859" lon="19.185663"><ele>107.75</ele></trkpt>
   <trkpt lat="52.05838" lon="19.185606"><ele>107.75</ele></trkpt>
   <trkpt lat="52.059075" lon="19.185574"><ele>106.75</ele></trkpt>
   <trkpt lat="52.061127" lon="19.185508"><ele>103.75</ele></trkpt>
   <trkpt lat="52.06214" lon="19.185477"><ele>100.75</ele></trkpt>
   <trkpt lat="52.062934" lon="19.185451"><ele>98.75</ele></trkpt>
   <trkpt lat="52.071149" lon="19.18518"><ele>97.25</ele></trkpt>
   <trkpt lat="52.074656" lon="19.185064"><ele>97.5</ele></trkpt>
   <trkpt lat="52.075732" lon="19.18504"><ele>98.75</ele></trkpt>
   <trkpt lat="52.07614" lon="19.185054"><ele>99.5</ele></trkpt>
   <trkpt lat="52.076555" lon="19.185095"><ele>100.5</ele></trkpt>
   <trkpt lat="52.076866" lon="19.185147"><ele>101.5</ele></trkpt>
   <trkpt lat="52.077192" lon="19.185222"><ele>102.75</ele></trkpt>
   <trkpt lat="52.077507" lon="19.185312"><ele>104</ele></trkpt>
   <trkpt lat="52.077675" lon="19.18537"><ele>104.25</ele></trkpt>
   <trkpt lat="52.078416" lon="19.185671"><ele>106</ele></trkpt>
   <trkpt lat="52.078903" lon="19.18594"><ele>106</ele></trkpt>
   <trkpt lat="52.079256" lon="19.18617"><ele>106</ele></trkpt>
   <trkpt lat="52.079438" lon="19.186296"><ele>106.5</ele></trkpt>
   <trkpt lat="52.079613" lon="19.18643"><ele>107</ele></trkpt>
   <trkpt lat="52.079987" lon="19.186742"><ele>107.75</ele></trkpt>
   <trkpt lat="52.080338" lon="19.18707"><ele>108.25</ele></trkpt>
   <trkpt lat="52.080744" lon="19.18748"><ele>108.75</ele></trkpt>
   <trkpt lat="52.081374" lon="19.188158"><ele>108.75</ele></trkpt>
   <trkpt lat="52.084541" lon="19.191552"><ele>109.5</ele></trkpt>
   <trkpt lat="52.085592" lon="19.192664"><ele>110.5</ele></trkpt>
   <trkpt lat="52.087527" lon="19.194747"><ele>109.25</ele></trkpt>
   <trkpt lat="52.091748" lon="19.199293"><ele>105.5</ele></trkpt>
   <trkpt lat="52.091885" lon="19.199439"><ele>104.75</ele></trkpt>
   <trkpt lat="52.092542" lon="19.200125"><ele>103</ele></trkpt>
   <trkpt lat="52.092766" lon="19.200342"><ele>103.5</ele></trkpt>
   <trkpt lat="52.092947" lon="19.200511"><ele>103.75</ele></trkpt>
   <trkpt lat="52.093514" lon="19.201012"><ele>104.25</ele></trkpt>
   <trkpt lat="52.094171" lon="19.201577"><ele>106</ele></trkpt>
   <trkpt lat="52.095171" lon="19.202446"><ele>106</ele></trkpt>
   <trkpt lat="52.099498" lon="19.206207"><ele>108</ele></trkpt>
   <trkpt lat="52.099541" lon="19.206245"><ele>108</ele></trkpt>
   <trkpt lat="52.102728" lon="19.209009"><ele>110.75</ele></trkpt>
   <trkpt lat="52.103082" lon="19.209331"><ele>111</ele></trkpt>
   <trkpt lat="52.103466" lon="19.209707"><ele>112.25</ele></trkpt>
   <trkpt lat="52.103898" lon="19.210158"><ele>115</ele></trkpt>
   <trkpt lat="52.107907" lon="19.214647"><ele>115.5</ele></trkpt>
   <trkpt lat="52.11049" lon="19.217544"><ele>115.75</ele></trkpt>
   <trkpt lat="52.112545" lon="19.219848"><ele>118.5</ele></trkpt>
   <trkpt lat="52.112555" lon="19.21986"><ele>118.5</ele></trkpt>
   <trkpt lat="52.115595" lon="19.223265"><ele>118</ele></trkpt>
   <trkpt lat="52.117882" lon="19.225828"><ele>119</ele></trkpt>
   <trkpt lat="52.125191" lon="19.234024"><ele>121.5</ele></trkpt>
   <trkpt lat="52.125287" lon="19.234132"><ele>121.5</ele></trkpt>
   <trkpt lat="52.12939" lon="19.238744"><ele>119.5</ele></trkpt>
   <trkpt lat="52.129839" lon="19.239291"><ele>119.25</ele></trkpt>
   <trkpt lat="52.130281" lon="19.239861"><ele>119.5</ele></trkpt>
   <trkpt lat="52.131222" lon="19.241186"><ele>118.25</ele></trkpt>
   <trkpt lat="52.132416" lon="19.242899"><ele>116.5</ele></trkpt>
   <trkpt lat="52.132434" lon="19.242925"><ele>116.5</ele></trkpt>
   <trkpt lat="52.139177" lon="19.252584"><ele>108</ele></trkpt>
   <trkpt lat="52.140463" lon="19.254426"><ele>107.25</ele></trkpt>
   <trkpt lat="52.141637" lon="19.2561"><ele>104.75</ele></trkpt>
   <trkpt lat="52.141741" lon="19.256244"><ele>104.5</ele></trkpt>
   <trkpt lat="52.142952" lon="19.257991"><ele>106</ele></trkpt>
   <trkpt lat="52.145933" lon="19.262262"><ele>106</ele></trkpt>
   <trkpt lat="52.146631" lon="19.263261"><ele>106.75</ele></trkpt>
   <trkpt lat="52.149514" lon="19.267376"><ele>105.5</ele></trkpt>
   <trkpt lat="52.149817" lon="19.267775"><ele>104.75</ele></trkpt>
   <trkpt lat="52.150131" lon="19.268172"><ele>104.25</ele></trkpt>
   <trkpt lat="52.151566" lon="19.269934"><ele>105</ele></trkpt>
   <trkpt lat="52.151673" lon="19.270077"><ele>104.75</ele></trkpt>
   <trkpt lat="52.15242" lon="19.270983"><ele>104.5</ele></trkpt>
   <trkpt lat="52.152842" lon="19.27151"><ele>104</ele></trkpt>
   <trkpt lat="52.153095" lon="19.271826"><ele>104</ele></trkpt>
   <trkpt lat="52.15319" lon="19.271949"><ele>104</ele></trkpt>
   <trkpt lat="52.153399" lon="19.272265"><ele>104</ele></trkpt>
   <trkpt lat="52.153487" lon="19.272398"><ele>104.25</ele></trkpt>
   <trkpt lat="52.153892" lon="19.273021"><ele>105.5</ele></trkpt>
   <trkpt lat="52.154074" lon="19.273268"><ele>105.75</ele></trkpt>
   <trkpt lat="52.156083" lon="19.275735"><ele>107.25</ele></trkpt>
   <trkpt lat="52.156825" lon="19.276654"><ele>107.75</ele></trkpt>
   <trkpt lat="52.156851" lon="19.276681"><ele>107.75</ele></trkpt>
   <trkpt lat="52.157613" lon="19.277622"><ele>106.75</ele></trkpt>
   <trkpt lat="52.159494" lon="19.279936"><ele>106.75</ele></trkpt>
   <trkpt lat="52.159745" lon="19.280219"><ele>107</ele></trkpt>
   <trkpt lat="52.160178" lon="19.280652"><ele>106.75</ele></trkpt>
   <trkpt lat="52.160446" lon="19.280906"><ele>106.25</ele></trkpt>
   <trkpt lat="52.160617" lon="19.281103"><ele>106</ele></trkpt>
   <trkpt lat="52.161324" lon="19.281972"><ele>105.5</ele></trkpt>
   <trkpt lat="52.162084" lon="19.282913"><ele>106.5</ele></trkpt>
   <trkpt lat="52.162215" lon="19.283077"><ele>107</ele></trkpt>
   <trkpt lat="52.16402" lon="19.285304"><ele>106</ele></trkpt>
   <trkpt lat="52.167161" lon="19.289176"><ele>108</ele></trkpt>
   <trkpt lat="52.168861" lon="19.291274"><ele>110.5</ele></trkpt>
   <trkpt lat="52.171914" lon="19.295041"><ele>109.25</ele></trkpt>
   <trkpt lat="52.172018" lon="19.295169"><ele>109.5</ele></trkpt>
   <trkpt lat="52.174322" lon="19.298006"><ele>111.75</ele></trkpt>
   <trkpt lat="52.180668" lon="19.305829"><ele>115</ele></trkpt>
   <trkpt lat="52.181483" lon="19.306835"><ele>115.25</ele></trkpt>
   <trkpt lat="52.182259" lon="19.307811"><ele>117</ele></trkpt>
   <trkpt lat="52.182782" lon="19.308523"><ele>117</ele></trkpt>
   <trkpt lat="52.183295" lon="19.309282"><ele>115.75</ele></trkpt>
   <trkpt lat="52.184323" lon="19.310878"><ele>115</ele></trkpt>
   <trkpt lat="52.185696" lon="19.313013"><ele>115</ele></trkpt>
   <trkpt lat="52.187499" lon="19.31582"><ele>114.75</ele></trkpt>
   <trkpt lat="52.188094" lon="19.316745"><ele>114</ele></trkpt>
   <trkpt lat="52.192916" lon="19.324245"><ele>111.25</ele></trkpt>
   <trkpt lat="52.194585" lon="19.326837"><ele>109</ele></trkpt>
   <trkpt lat="52.195101" lon="19.327618"><ele>109</ele></trkpt>
   <trkpt lat="52.195395" lon="19.328021"><ele>109.25</ele></trkpt>
   <trkpt lat="52.1957" lon="19.328404"><ele>109.25</ele></trkpt>
   <trkpt lat="52.197057" lon="19.329983"><ele>108.5</ele></trkpt>
   <trkpt lat="52.197412" lon="19.330393"><ele>108</ele></trkpt>
   <trkpt lat="52.197482" lon="19.330478"><ele>108</ele></trkpt>
   <trkpt lat="52.198787" lon="19.331995"><ele>108.25</ele></trkpt>
   <trkpt lat="52.201085" lon="19.334653"><ele>107.75</ele></trkpt>
   <trkpt lat="52.201432" lon="19.335066"><ele>107.75</ele></trkpt>
   <trkpt lat="52.20179" lon="19.335519"><ele>107.25</ele></trkpt>
   <trkpt lat="52.202143" lon="19.336021"><ele>107.25</ele></trkpt>
   <trkpt lat="52.20233" lon="19.336307"><ele>107</ele></trkpt>
   <trkpt lat="52.20251" lon="19.3366"><ele>107</ele></trkpt>
   <trkpt lat="52.202826" lon="19.33715"><ele>107.25</ele></trkpt>
   <trkpt lat="52.203133" lon="19.337711"><ele>108</ele></trkpt>
   <trkpt lat="52.205209" lon="19.341511"><ele>104.25</ele></trkpt>
   <trkpt lat="52.205287" lon="19.34165"><ele>104.25</ele></trkpt>
   <trkpt lat="52.207538" lon="19.34578"><ele>108</ele></trkpt>
   <trkpt lat="52.207834" lon="19.346321"><ele>108</ele></trkpt>
   <trkpt lat="52.210401" lon="19.351028"><ele>106.5</ele></trkpt>
   <trkpt lat="52.211535" lon="19.353098"><ele>105.25</ele></trkpt>
   <trkpt lat="52.211918" lon="19.353767"><ele>105.25</ele></trkpt>
   <trkpt lat="52.211985" lon="19.353878"><ele>105.25</ele></trkpt>
   <trkpt lat="52.212589" lon="19.354841"><ele>105.25</ele></trkpt>
   <trkpt lat="52.214071" lon="19.357145"><ele>106.5</ele></trkpt>
   <trkpt lat="52.214741" lon="19.358185"><ele>107</ele></trkpt>
   <trkpt lat="52.215089" lon="19.358682"><ele>108</ele></trkpt>
   <trkpt lat="52.215418" lon="19.359091"><ele>108</ele></trkpt>
   <trkpt lat="52.215791" lon="19.359477"><ele>107.5</ele></trkpt>
   <trkpt lat="52.215966" lon="19.359634"><ele>107</ele></trkpt>
   <trkpt lat="52.216149" lon="19.359789"><ele>106.25</ele></trkpt>
   <trkpt lat="52.216357" lon="19.359941"><ele>105.25</ele></trkpt>
   <trkpt lat="52.216579" lon="19.360087"><ele>104.25</ele></trkpt>
   <trkpt lat="52.216889" lon="19.360262"><ele>104.5</ele></trkpt>
   <trkpt lat="52.217228" lon="19.360415"><ele>105.25</ele></trkpt>
   <trkpt lat="52.217437" lon="19.36049"><ele>105.75</ele></trkpt>
   <trkpt lat="52.217653" lon="19.360554"><ele>106.5</ele></trkpt>
   <trkpt lat="52.21792" lon="19.360612"><ele>107.5</ele></trkpt>
   <trkpt lat="52.218315" lon="19.360655"><ele>109</ele></trkpt>
   <trkpt lat="52.218452" lon="19.36066"><ele>109</ele></trkpt>
   <trkpt lat="52.218727" lon="19.360647"><ele>109.25</ele></trkpt>
   <trkpt lat="52.21908" lon="19.360599"><ele>109.5</ele></trkpt>
   <trkpt lat="52.219449" lon="19.360513"><ele>109</ele></trkpt>
   <trkpt lat="52.219762" lon="19.360401"><ele>108.5</ele></trkpt>
   <trkpt lat="52.220079" lon="19.360261"><ele>108</ele></trkpt>
   <trkpt lat="52.220345" lon="19.360123"><ele>107.5</ele></trkpt>
   <trkpt lat="52.220374" lon="19.360107"><ele>107.25</ele></trkpt>
   <trkpt lat="52.220693" lon="19.359892"><ele>106.5</ele></trkpt>
   <trkpt lat="52.220959" lon="19.359684"><ele>105.75</ele></trkpt>
   <trkpt lat="52.221114" lon="19.359547"><ele>105.5</ele></trkpt>
   <trkpt lat="52.221764" lon="19.358878"><ele>104</ele></trkpt>
   <trkpt lat="52.222116" lon="19.358484"><ele>104.25</ele></trkpt>
   <trkpt lat="52.223229" lon="19.357231"><ele>103.25</ele></trkpt>
   <trkpt lat="52.223723" lon="19.356579"><ele>103.5</ele></trkpt>
   <trkpt lat="52.223894" lon="19.356322"><ele>103.75</ele></trkpt>
   <trkpt lat="52.224438" lon="19.355514"><ele>103.25</ele></trkpt>
   <trkpt lat="52.224537" lon="19.355358"><ele>103</ele></trkpt>
   <trkpt lat="52.22473" lon="19.355008"><ele>102.5</ele></trkpt>
   <trkpt lat="52.22482" lon="19.354816"><ele>102.5</ele></trkpt>
   <trkpt lat="52.225015" lon="19.354332"><ele>102.75</ele></trkpt>
   <trkpt lat="52.225217" lon="19.353721"><ele>103.25</ele></trkpt>
   <trkpt lat="52.225249" lon="19.353609"><ele>103.25</ele></trkpt>
   <trkpt lat="52.225448" lon="19.352952"><ele>104</ele></trkpt>
   <trkpt lat="52.225562" lon="19.352608"><ele>104.75</ele></trkpt>
   <trkpt lat="52.225744" lon="19.352128"><ele>105</ele></trkpt>
   <trkpt lat="52.225858" lon="19.3518"><ele>104.75</ele></trkpt>
   <trkpt lat="52.225883" lon="19.351723"><ele>104.75</ele></trkpt>
   <trkpt lat="52.22702" lon="19.34842"><ele>104.5</ele></trkpt>
   <trkpt lat="52.227435" lon="19.347235"><ele>104</ele></trkpt>
   <trkpt lat="52.228222" lon="19.344987"><ele>104.75</ele></trkpt>
   <trkpt lat="52.228586" lon="19.34395"><ele>104.75</ele></trkpt>
   <trkpt lat="52.228765" lon="19.343457"><ele>104.75</ele></trkpt>
   <trkpt lat="52.229106" lon="19.342584"><ele>105.75</ele></trkpt>
   <trkpt lat="52.229289" lon="19.342087"><ele>106</ele></trkpt>
   <trkpt lat="52.22933" lon="19.341966"><ele>106</ele></trkpt>
   <trkpt lat="52.229647" lon="19.341061"><ele>105.5</ele></trkpt>
   <trkpt lat="52.230463" lon="19.338728"><ele>104</ele></trkpt>
   <trkpt lat="52.230679" lon="19.338104"><ele>104</ele></trkpt>
   <trkpt lat="52.230962" lon="19.337253"><ele>104</ele></trkpt>
   <trkpt lat="52.231071" lon="19.336898"><ele>104</ele></trkpt>
   <trkpt lat="52.2312" lon="19.336459"><ele>104</ele></trkpt>
   <trkpt lat="52.231503" lon="19.335318"><ele>104.25</ele></trkpt>
   <trkpt lat="52.231648" lon="19.334789"><ele>104.25</ele></trkpt>
   <trkpt lat="52.2319" lon="19.33394"><ele>104.75</ele></trkpt>
   <trkpt lat="52.232069" lon="19.333318"><ele>104.25</ele></trkpt>
   <trkpt lat="52.232495" lon="19.331685"><ele>102</ele></trkpt>
   <trkpt lat="52.232524" lon="19.331576"><ele>102</ele></trkpt>
   <trkpt lat="52.232594" lon="19.331271"><ele>102.75</ele></trkpt>
   <trkpt lat="52.232675" lon="19.330845"><ele>103.25</ele></trkpt>
   <trkpt lat="52.232744" lon="19.330555"><ele>103.75</ele></trkpt>
   <trkpt lat="52.232773" lon="19.330444"><ele>103.75</ele></trkpt>
   <trkpt lat="52.232965" lon="19.329706"><ele>104.5</ele></trkpt>
   <trkpt lat="52.23356" lon="19.327409"><ele>104</ele></trkpt>
   <trkpt lat="52.234463" lon="19.323959"><ele>103.75</ele></trkpt>
   <trkpt lat="52.238624" lon="19.307946"><ele>107.75</ele></trkpt>
   <trkpt lat="52.238798" lon="19.307276"><ele>107.75</ele></trkpt>
   <trkpt lat="52.239047" lon="19.306318"><ele>107.75</ele></trkpt>
   <trkpt lat="52.240242" lon="19.301735"><ele>106.5</ele></trkpt>
   <trkpt lat="52.243739" lon="19.288317"><ele>105.75</ele></trkpt>
   <trkpt lat="52.243782" lon="19.288157"><ele>106</ele></trkpt>
   <trkpt lat="52.244511" lon="19.285337"><ele>106</ele></trkpt>
   <trkpt lat="52.244766" lon="19.284395"><ele>106.5</ele></trkpt>
   <trkpt lat="52.244889" lon="19.283981"><ele>106.75</ele></trkpt>
   <trkpt lat="52.244986" lon="19.283675"><ele>106.75</ele></trkpt>
   <trkpt lat="52.245209" lon="19.283032"><ele>106.75</ele></trkpt>
   <trkpt lat="52.245455" lon="19.282414"><ele>107</ele></trkpt>
   <trkpt lat="52.245726" lon="19.281813"><ele>107.5</ele></trkpt>
   <trkpt lat="52.246021" lon="19.281245"><ele>108.5</ele></trkpt>
   <trkpt lat="52.246168" lon="19.280985"><ele>109</ele></trkpt>
   <trkpt lat="52.246481" lon="19.28048"><ele>109.75</ele></trkpt>
   <trkpt lat="52.246819" lon="19.279989"><ele>110</ele></trkpt>
   <trkpt lat="52.246991" lon="19.279754"><ele>109.75</ele></trkpt>
   <trkpt lat="52.247669" lon="19.278882"><ele>110</ele></trkpt>
   <trkpt lat="52.252493" lon="19.272808"><ele>106</ele></trkpt>
   <trkpt lat="52.252597" lon="19.272674"><ele>106</ele></trkpt>
   <trkpt lat="52.255125" lon="19.269496"><ele>110.75</ele></trkpt>
   <trkpt lat="52.260877" lon="19.262305"><ele>107</ele></trkpt>
   <trkpt lat="52.265563" lon="19.256354"><ele>110.5</ele></trkpt>
   <trkpt lat="52.270263" lon="19.250418"><ele>114.75</ele></trkpt>
   <trkpt lat="52.270732" lon="19.249808"><ele>115</ele></trkpt>
   <trkpt lat="52.271175" lon="19.24917"><ele>115.75</ele></trkpt>
   <trkpt lat="52.271611" lon="19.2485"><ele>115</ele></trkpt>
   <trkpt lat="52.272009" lon="19.247798"><ele>116.25</ele></trkpt>
   <trkpt lat="52.272385" lon="19.247083"><ele>116.75</ele></trkpt>
   <trkpt lat="52.272751" lon="19.246305"><ele>118</ele></trkpt>
   <trkpt lat="52.279134" lon="19.232237"><ele>125.5</ele></trkpt>
   <trkpt lat="52.285523" lon="19.218131"><ele>127.75</ele></trkpt>
   <trkpt lat="52.289808" lon="19.208649"><ele>122</ele></trkpt>
   <trkpt lat="52.290349" lon="19.207484"><ele>120.75</ele></trkpt>
   <trkpt lat="52.290524" lon="19.207127"><ele>120</ele></trkpt>
   <trkpt lat="52.290928" lon="19.206361"><ele>117.75</ele></trkpt>
   <trkpt lat="52.292826" lon="19.202954"><ele>117.25</ele></trkpt>
   <trkpt lat="52.292972" lon="19.202714"><ele>117.5</ele></trkpt>
   <trkpt lat="52.293159" lon="19.202443"><ele>118</ele></trkpt>
   <trkpt lat="52.293288" lon="19.202233"><ele>117.75</ele></trkpt>
   <trkpt lat="52.293624" lon="19.201635"><ele>118</ele></trkpt>
   <trkpt lat="52.29479" lon="19.199615"><ele>119.5</ele></trkpt>
   <trkpt lat="52.29507" lon="19.199117"><ele>118.75</ele></trkpt>
   <trkpt lat="52.295191" lon="19.198914"><ele>118.75</ele></trkpt>
   <trkpt lat="52.295408" lon="19.1986"><ele>118.5</ele></trkpt>
   <trkpt lat="52.295493" lon="19.198462"><ele>118.25</ele></trkpt>
   <trkpt lat="52.297591" lon="19.194695"><ele>121.25</ele></trkpt>
   <trkpt lat="52.298153" lon="19.193731"><ele>121.5</ele></trkpt>
   <trkpt lat="52.299663" lon="19.191045"><ele>121.5</ele></trkpt>
   <trkpt lat="52.300614" lon="19.189331"><ele>120.75</ele></trkpt>
   <trkpt lat="52.300816" lon="19.188912"><ele>121</ele></trkpt>
   <trkpt lat="52.301011" lon="19.188506"><ele>120.75</ele></trkpt>
   <trkpt lat="52.301119" lon="19.188307"><ele>120.75</ele></trkpt>
   <trkpt lat="52.301535" lon="19.187434"><ele>119</ele></trkpt>
   <trkpt lat="52.301676" lon="19.187172"><ele>118.5</ele></trkpt>
   <trkpt lat="52.301966" lon="19.18665"><ele>117.5</ele></trkpt>
   <trkpt lat="52.303221" lon="19.184338"><ele>117</ele></trkpt>
   <trkpt lat="52.30557" lon="19.18013"><ele>117</ele></trkpt>
   <trkpt lat="52.306641" lon="19.1782"><ele>116</ele></trkpt>
   <trkpt lat="52.30712" lon="19.17736"><ele>116</ele></trkpt>
   <trkpt lat="52.307443" lon="19.176823"><ele>116</ele></trkpt>
   <trkpt lat="52.307607" lon="19.176573"><ele>115.5</ele></trkpt>
   <trkpt lat="52.307922" lon="19.176119"><ele>114.75</ele></trkpt>
   <trkpt lat="52.308227" lon="19.175724"><ele>114.25</ele></trkpt>
   <trkpt lat="52.308588" lon="19.175327"><ele>113.5</ele></trkpt>
   <trkpt lat="52.308786" lon="19.175126"><ele>113.25</ele></trkpt>
   <trkpt lat="52.309053" lon="19.174869"><ele>113</ele></trkpt>
   <trkpt lat="52.309246" lon="19.174702"><ele>112.75</ele></trkpt>
   <trkpt lat="52.309421" lon="19.174564"><ele>112.75</ele></trkpt>
   <trkpt lat="52.30963" lon="19.174412"><ele>112.75</ele></trkpt>
   <trkpt lat="52.309887" lon="19.17424"><ele>112.75</ele></trkpt>
   <trkpt lat="52.3102" lon="19.174047"><ele>113</ele></trkpt>
   <trkpt lat="52.310443" lon="19.173917"><ele>113</ele></trkpt>
   <trkpt lat="52.310679" lon="19.173806"><ele>113</ele></trkpt>
   <trkpt lat="52.311248" lon="19.173606"><ele>113.25</ele></trkpt>
   <trkpt lat="52.311499" lon="19.173524"><ele>113.75</ele></trkpt>
   <trkpt lat="52.312693" lon="19.17318"><ele>114.25</ele></trkpt>
   <trkpt lat="52.316605" lon="19.172049"><ele>115</ele></trkpt>
   <trkpt lat="52.333118" lon="19.167255"><ele>112.5</ele></trkpt>
   <trkpt lat="52.34047" lon="19.165133"><ele>116.5</ele></trkpt>
   <trkpt lat="52.345983" lon="19.163536"><ele>120</ele></trkpt>
   <trkpt lat="52.349537" lon="19.162503"><ele>118</ele></trkpt>
   <trkpt lat="52.361759" lon="19.158974"><ele>123</ele></trkpt>
   <trkpt lat="52.362642" lon="19.15872"><ele>123</ele></trkpt>
   <trkpt lat="52.368987" lon="19.156871"><ele>121</ele></trkpt>
   <trkpt lat="52.37123" lon="19.156217"><ele>121.75</ele></trkpt>
   <trkpt lat="52.371561" lon="19.15612"><ele>122.25</ele></trkpt>
   <trkpt lat="52.371827" lon="19.156031"><ele>122.5</ele></trkpt>
   <trkpt lat="52.372141" lon="19.155899"><ele>122.25</ele></trkpt>
   <trkpt lat="52.372721" lon="19.155631"><ele>122</ele></trkpt>
   <trkpt lat="52.372985" lon="19.155497"><ele>122</ele></trkpt>
   <trkpt lat="52.373307" lon="19.155315"><ele>122</ele></trkpt>
   <trkpt lat="52.37386" lon="19.154965"><ele>122.5</ele></trkpt>
   <trkpt lat="52.374389" lon="19.154584"><ele>122.25</ele></trkpt>
   <trkpt lat="52.374657" lon="19.154382"><ele>122</ele></trkpt>
   <trkpt lat="52.375218" lon="19.153919"><ele>121.5</ele></trkpt>
   <trkpt lat="52.375704" lon="19.153532"><ele>121</ele></trkpt>
   <trkpt lat="52.383368" lon="19.147244"><ele>122</ele></trkpt>
   <trkpt lat="52.388233" lon="19.143258"><ele>122</ele></trkpt>
   <trkpt lat="52.391725" lon="19.140392"><ele>121.75</ele></trkpt>
   <trkpt lat="52.395496" lon="19.137315"><ele>121</ele></trkpt>
   <trkpt lat="52.397755" lon="19.135458"><ele>119.5</ele></trkpt>
   <trkpt lat="52.398872" lon="19.134554"><ele>120</ele></trkpt>
   <trkpt lat="52.402351" lon="19.131702"><ele>121</ele></trkpt>
   <trkpt lat="52.406167" lon="19.128576"><ele>123</ele></trkpt>
   <trkpt lat="52.406766" lon="19.128088"><ele>124.5</ele></trkpt>
   <trkpt lat="52.407021" lon="19.127876"><ele>124.5</ele></trkpt>
   <trkpt lat="52.40778" lon="19.127297"><ele>125</ele></trkpt>
   <trkpt lat="52.408692" lon="19.126561"><ele>125.75</ele></trkpt>
   <trkpt lat="52.408805" lon="19.126469"><ele>125.75</ele></trkpt>
   <trkpt lat="52.409389" lon="19.125991"><ele>125.5</ele></trkpt>
   <trkpt lat="52.409574" lon="19.125836"><ele>125.75</ele></trkpt>
   <trkpt lat="52.410961" lon="19.124692"><ele>127.25</ele></trkpt>
   <trkpt lat="52.411748" lon="19.124046"><ele>127.75</ele></trkpt>
   <trkpt lat="52.412693" lon="19.123275"><ele>126.25</ele></trkpt>
   <trkpt lat="52.417525" lon="19.119321"><ele>125.75</ele></trkpt>
   <trkpt lat="52.418142" lon="19.118816"><ele>125</ele></trkpt>
   <trkpt lat="52.419022" lon="19.118084"><ele>125</ele></trkpt>
   <trkpt lat="52.420016" lon="19.117228"><ele>123.75</ele></trkpt>
   <trkpt lat="52.420476" lon="19.116855"><ele>122.75</ele></trkpt>
   <trkpt lat="52.424738" lon="19.113368"><ele>125.5</ele></trkpt>
   <trkpt lat="52.425234" lon="19.112995"><ele>126.25</ele></trkpt>
   <trkpt lat="52.42545" lon="19.112845"><ele>126.5</ele></trkpt>
   <trkpt lat="52.425921" lon="19.112548"><ele>126.75</ele></trkpt>
   <trkpt lat="52.426249" lon="19.112357"><ele>127</ele></trkpt>
   <trkpt lat="52.42657" lon="19.112187"><ele>127</ele></trkpt>
   <trkpt lat="52.426917" lon="19.112019"><ele>126.75</ele></trkpt>
   <trkpt lat="52.427201" lon="19.111894"><ele>126.75</ele></trkpt>
   <trkpt lat="52.427758" lon="19.111679"><ele>126.75</ele></trkpt>
   <trkpt lat="52.428388" lon="19.111489"><ele>126.75</ele></trkpt>
   <trkpt lat="52.428705" lon="19.11141"><ele>126.75</ele></trkpt>
   <trkpt lat="52.429376" lon="19.111285"><ele>126</ele></trkpt>
   <trkpt lat="52.430129" lon="19.111174"><ele>124.5</ele></trkpt>
   <trkpt lat="52.437927" lon="19.11005"><ele>120.25</ele></trkpt>
   <trkpt lat="52.442916" lon="19.109332"><ele>123.5</ele></trkpt>
   <trkpt lat="52.447141" lon="19.10873"><ele>119.75</ele></trkpt>
   <trkpt lat="52.464277" lon="19.106282"><ele>109</ele></trkpt>
   <trkpt lat="52.465375" lon="19.106126"><ele>109.25</ele></trkpt>
   <trkpt lat="52.476554" lon="19.104537"><ele>101.75</ele></trkpt>
   <trkpt lat="52.477075" lon="19.104447"><ele>102.25</ele></trkpt>
   <trkpt lat="52.477588" lon="19.104324"><ele>103.25</ele></trkpt>
   <trkpt lat="52.478097" lon="19.104166"><ele>104.25</ele></trkpt>
   <trkpt lat="52.478607" lon="19.103971"><ele>104.75</ele></trkpt>
   <trkpt lat="52.479102" lon="19.10375"><ele>104.25</ele></trkpt>
   <trkpt lat="52.479602" lon="19.103488"><ele>103.5</ele></trkpt>
   <trkpt lat="52.479891" lon="19.103326"><ele>103</ele></trkpt>
   <trkpt lat="52.480163" lon="19.103156"><ele>103</ele></trkpt>
   <trkpt lat="52.480439" lon="19.102969"><ele>103</ele></trkpt>
   <trkpt lat="52.480698" lon="19.102784"><ele>103</ele></trkpt>
   <trkpt lat="52.481242" lon="19.102363"><ele>103.25</ele></trkpt>
   <trkpt lat="52.481822" lon="19.101854"><ele>103</ele></trkpt>
   <trkpt lat="52.482112" lon="19.101579"><ele>102.25</ele></trkpt>
   <trkpt lat="52.491655" lon="19.09233"><ele>100.75</ele></trkpt>
   <trkpt lat="52.492864" lon="19.091158"><ele>101</ele></trkpt>
   <trkpt lat="52.493278" lon="19.090771"><ele>101</ele></trkpt>
   <trkpt lat="52.493522" lon="19.090554"><ele>100.75</ele></trkpt>
   <trkpt lat="52.493967" lon="19.09019"><ele>101</ele></trkpt>
   <trkpt lat="52.494388" lon="19.089879"><ele>101.25</ele></trkpt>
   <trkpt lat="52.494684" lon="19.089673"><ele>101.75</ele></trkpt>
   <trkpt lat="52.495153" lon="19.089402"><ele>102.25</ele></trkpt>
   <trkpt lat="52.495516" lon="19.089211"><ele>102</ele></trkpt>
   <trkpt lat="52.495985" lon="19.089"><ele>101.75</ele></trkpt>
   <trkpt lat="52.496458" lon="19.088821"><ele>101.5</ele></trkpt>
   <trkpt lat="52.496927" lon="19.088681"><ele>101</ele></trkpt>
   <trkpt lat="52.497179" lon="19.088617"><ele>100.5</ele></trkpt>
   <trkpt lat="52.497666" lon="19.08852"><ele>100</ele></trkpt>
   <trkpt lat="52.497902" lon="19.088489"><ele>100</ele></trkpt>
   <trkpt lat="52.498389" lon="19.088452"><ele>100</ele></trkpt>
   <trkpt lat="52.498597" lon="19.088446"><ele>99.75</ele></trkpt>
   <trkpt lat="52.499123" lon="19.088453"><ele>99.25</ele></trkpt>
   <trkpt lat="52.499358" lon="19.088466"><ele>99</ele></trkpt>
   <trkpt lat="52.500283" lon="19.088546"><ele>99</ele></trkpt>
   <trkpt lat="52.503605" lon="19.088846"><ele>98</ele></trkpt>
   <trkpt lat="52.505697" lon="19.08903"><ele>99.75</ele></trkpt>
   <trkpt lat="52.505858" lon="19.089046"><ele>100</ele></trkpt>
   <trkpt lat="52.506776" lon="19.089128"><ele>101.25</ele></trkpt>
   <trkpt lat="52.507745" lon="19.089199"><ele>103</ele></trkpt>
   <trkpt lat="52.508715" lon="19.089286"><ele>103</ele></trkpt>
   <trkpt lat="52.509696" lon="19.089378"><ele>102.5</ele></trkpt>
   <trkpt lat="52.510004" lon="19.089417"><ele>102.25</ele></trkpt>
   <trkpt lat="52.514816" lon="19.089859"><ele>101.75</ele></trkpt>
   <trkpt lat="52.514972" lon="19.089874"><ele>101.75</ele></trkpt>
   <trkpt lat="52.515178" lon="19.089909"><ele>101.75</ele></trkpt>
   <trkpt lat="52.515461" lon="19.089982"><ele>102</ele></trkpt>
   <trkpt lat="52.51564" lon="19.090008"><ele>102</ele></trkpt>
   <trkpt lat="52.519272" lon="19.090331"><ele>100.75</ele></trkpt>
   <trkpt lat="52.521944" lon="19.090567"><ele>98</ele></trkpt>
   <trkpt lat="52.528986" lon="19.091188"><ele>93.5</ele></trkpt>
   <trkpt lat="52.530914" lon="19.09136"><ele>93.5</ele></trkpt>
   <trkpt lat="52.53858" lon="19.092044"><ele>94.5</ele></trkpt>
   <trkpt lat="52.539886" lon="19.092162"><ele>92.25</ele></trkpt>
   <trkpt lat="52.540775" lon="19.092232"><ele>91</ele></trkpt>
   <trkpt lat="52.541676" lon="19.092242"><ele>90</ele></trkpt>
   <trkpt lat="52.542038" lon="19.092236"><ele>90</ele></trkpt>
   <trkpt lat="52.542837" lon="19.092174"><ele>89.25</ele></trkpt>
   <trkpt lat="52.543312" lon="19.092103"><ele>88</ele></trkpt>
   <trkpt lat="52.543664" lon="19.092041"><ele>88</ele></trkpt>
   <trkpt lat="52.543971" lon="19.091975"><ele>88</ele></trkpt>
   <trkpt lat="52.544303" lon="19.091888"><ele>88</ele></trkpt>
   <trkpt lat="52.545687" lon="19.091494"><ele>88</ele></trkpt>
   <trkpt lat="52.545729" lon="19.091481"><ele>88</ele></trkpt>
   <trkpt lat="52.546833" lon="19.091155"><ele>86.25</ele></trkpt>
   <trkpt lat="52.548794" lon="19.090576"><ele>86.25</ele></trkpt>
   <trkpt lat="52.554671" lon="19.088862"><ele>77.5</ele></trkpt>
   <trkpt lat="52.557634" lon="19.087993"><ele>69.5</ele></trkpt>
   <trkpt lat="52.560095" lon="19.087284"><ele>70</ele></trkpt>
   <trkpt lat="52.562573" lon="19.086557"><ele>69.75</ele></trkpt>
   <trkpt lat="52.563196" lon="19.086385"><ele>67.75</ele></trkpt>
   <trkpt lat="52.566476" lon="19.08543"><ele>65.5</ele></trkpt>
   <trkpt lat="52.567567" lon="19.085137"><ele>64</ele></trkpt>
   <trkpt lat="52.57356" lon="19.083624"><ele>63.25</ele></trkpt>
   <trkpt lat="52.573654" lon="19.0836"><ele>63.25</ele></trkpt>
   <trkpt lat="52.575348" lon="19.083164"><ele>62.75</ele></trkpt>
   <trkpt lat="52.578896" lon="19.082265"><ele>63</ele></trkpt>
   <trkpt lat="52.578994" lon="19.082239"><ele>63</ele></trkpt>
   <trkpt lat="52.58381" lon="19.081016"><ele>64.25</ele></trkpt>
   <trkpt lat="52.584221" lon="19.080912"><ele>63.75</ele></trkpt>
   <trkpt lat="52.584762" lon="19.080774"><ele>63.25</ele></trkpt>
   <trkpt lat="52.586744" lon="19.080274"><ele>65</ele></trkpt>
   <trkpt lat="52.593187" lon="19.07863"><ele>68.25</ele></trkpt>
   <trkpt lat="52.595712" lon="19.077985"><ele>66.75</ele></trkpt>
   <trkpt lat="52.602027" lon="19.076382"><ele>67.25</ele></trkpt>
   <trkpt lat="52.60499" lon="19.075629"><ele>65.25</ele></trkpt>
   <trkpt lat="52.610876" lon="19.074138"><ele>71.75</ele></trkpt>
   <trkpt lat="52.619763" lon="19.071888"><ele>71.25</ele></trkpt>
   <trkpt lat="52.628651" lon="19.06966"><ele>65.5</ele></trkpt>
   <trkpt lat="52.631048" lon="19.069059"><ele>68.25</ele></trkpt>
   <trkpt lat="52.637758" lon="19.067379"><ele>64.75</ele></trkpt>
   <trkpt lat="52.638473" lon="19.067204"><ele>59.75</ele></trkpt>
   <trkpt lat="52.638808" lon="19.067118"><ele>59.5</ele></trkpt>
   <trkpt lat="52.640293" lon="19.066735"><ele>60.25</ele></trkpt>
   <trkpt lat="52.64076" lon="19.066592"><ele>60.5</ele></trkpt>
   <trkpt lat="52.641042" lon="19.066492"><ele>60.25</ele></trkpt>
   <trkpt lat="52.641345" lon="19.06637"><ele>60</ele></trkpt>
   <trkpt lat="52.641872" lon="19.066124"><ele>59.75</ele></trkpt>
   <trkpt lat="52.642392" lon="19.065835"><ele>59</ele></trkpt>
   <trkpt lat="52.642865" lon="19.065545"><ele>59</ele></trkpt>
   <trkpt lat="52.646638" lon="19.063118"><ele>58.75</ele></trkpt>
   <trkpt lat="52.64758" lon="19.062512"><ele>57.75</ele></trkpt>
   <trkpt lat="52.647859" lon="19.062332"><ele>58</ele></trkpt>
   <trkpt lat="52.648007" lon="19.062234"><ele>58</ele></trkpt>
   <trkpt lat="52.64998" lon="19.06097"><ele>57</ele></trkpt>
   <trkpt lat="52.651395" lon="19.060058"><ele>57.5</ele></trkpt>
   <trkpt lat="52.651729" lon="19.059842"><ele>57.75</ele></trkpt>
   <trkpt lat="52.65285" lon="19.059119"><ele>57</ele></trkpt>
   <trkpt lat="52.653359" lon="19.058792"><ele>57</ele></trkpt>
   <trkpt lat="52.654529" lon="19.05804"><ele>57</ele></trkpt>
   <trkpt lat="52.656336" lon="19.056887"><ele>57.25</ele></trkpt>
   <trkpt lat="52.658334" lon="19.055623"><ele>53.5</ele></trkpt>
   <trkpt lat="52.658489" lon="19.055524"><ele>53</ele></trkpt>
   <trkpt lat="52.658676" lon="19.055391"><ele>52.25</ele></trkpt>
   <trkpt lat="52.658885" lon="19.055216"><ele>51.75</ele></trkpt>
   <trkpt lat="52.65907" lon="19.055084"><ele>51</ele></trkpt>
   <trkpt lat="52.659098" lon="19.055066"><ele>51</ele></trkpt>
   <trkpt lat="52.659172" lon="19.055017"><ele>51</ele></trkpt>
   <trkpt lat="52.659357" lon="19.054901"><ele>51</ele></trkpt>
   <trkpt lat="52.660149" lon="19.054401"><ele>52.5</ele></trkpt>
   <trkpt lat="52.660623" lon="19.054068"><ele>54.75</ele></trkpt>
   <trkpt lat="52.66105" lon="19.053722"><ele>56</ele></trkpt>
   <trkpt lat="52.661214" lon="19.053576"><ele>56</ele></trkpt>
   <trkpt lat="52.661479" lon="19.053318"><ele>56</ele></trkpt>
   <trkpt lat="52.661637" lon="19.053153"><ele>56</ele></trkpt>
   <trkpt lat="52.661914" lon="19.052841"><ele>56.25</ele></trkpt>
   <trkpt lat="52.662078" lon="19.052646"><ele>56.5</ele></trkpt>
   <trkpt lat="52.662392" lon="19.052234"><ele>57.25</ele></trkpt>
   <trkpt lat="52.662642" lon="19.05187"><ele>57.5</ele></trkpt>
   <trkpt lat="52.662897" lon="19.05147"><ele>57.5</ele></trkpt>
   <trkpt lat="52.66293" lon="19.05141"><ele>57.5</ele></trkpt>
   <trkpt lat="52.662965" lon="19.051355"><ele>57.5</ele></trkpt>
   <trkpt lat="52.663231" lon="19.050881"><ele>57.75</ele></trkpt>
   <trkpt lat="52.663439" lon="19.050471"><ele>57.75</ele></trkpt>
   <trkpt lat="52.663644" lon="19.05003"><ele>57.5</ele></trkpt>
   <trkpt lat="52.66382" lon="19.049618"><ele>57.5</ele></trkpt>
   <trkpt lat="52.664206" lon="19.048636"><ele>56.75</ele></trkpt>
   <trkpt lat="52.665703" lon="19.044716"><ele>56.25</ele></trkpt>
   <trkpt lat="52.665726" lon="19.044656"><ele>56.25</ele></trkpt>
   <trkpt lat="52.665744" lon="19.044602"><ele>56</ele></trkpt>
   <trkpt lat="52.667586" lon="19.039789"><ele>55.5</ele></trkpt>
   <trkpt lat="52.668537" lon="19.0373"><ele>55</ele></trkpt>
   <trkpt lat="52.671604" lon="19.029305"><ele>58.5</ele></trkpt>
   <trkpt lat="52.677136" lon="19.014845"><ele>61.75</ele></trkpt>
   <trkpt lat="52.67994" lon="19.007511"><ele>61</ele></trkpt>
   <trkpt lat="52.680197" lon="19.006943"><ele>60.75</ele></trkpt>
   <trkpt lat="52.680317" lon="19.006653"><ele>60.25</ele></trkpt>
   <trkpt lat="52.6804" lon="19.006435"><ele>60.25</ele></trkpt>
   <trkpt lat="52.682023" lon="19.002192"><ele>56.25</ele></trkpt>
   <trkpt lat="52.685067" lon="18.994233"><ele>56.5</ele></trkpt>
   <trkpt lat="52.6867" lon="18.989955"><ele>56</ele></trkpt>
   <trkpt lat="52.688407" lon="18.985486"><ele>56</ele></trkpt>
   <trkpt lat="52.688495" lon="18.985255"><ele>56</ele></trkpt>
   <trkpt lat="52.691509" lon="18.97736"><ele>55.75</ele></trkpt>
   <trkpt lat="52.692393" lon="18.975043"><ele>54.25</ele></trkpt>
   <trkpt lat="52.693741" lon="18.971596"><ele>55.5</ele></trkpt>
   <trkpt lat="52.694152" lon="18.970515"><ele>56.25</ele></trkpt>
   <trkpt lat="52.694648" lon="18.969235"><ele>57</ele></trkpt>
   <trkpt lat="52.694893" lon="18.968631"><ele>57</ele></trkpt>
   <trkpt lat="52.695433" lon="18.967349"><ele>58</ele></trkpt>
   <trkpt lat="52.69582" lon="18.966379"><ele>57.25</ele></trkpt>
   <trkpt lat="52.696004" lon="18.965894"><ele>57.25</ele></trkpt>
   <trkpt lat="52.696436" lon="18.96476"><ele>56.25</ele></trkpt>
   <trkpt lat="52.696545" lon="18.964476"><ele>56</ele></trkpt>
   <trkpt lat="52.697011" lon="18.963232"><ele>55.5</ele></trkpt>
   <trkpt lat="52.697649" lon="18.961406"><ele>56</ele></trkpt>
   <trkpt lat="52.698014" lon="18.960402"><ele>55.25</ele></trkpt>
   <trkpt lat="52.698385" lon="18.959415"><ele>55</ele></trkpt>
   <trkpt lat="52.699513" lon="18.95636"><ele>55.5</ele></trkpt>
   <trkpt lat="52.69957" lon="18.956212"><ele>55.5</ele></trkpt>
   <trkpt lat="52.701121" lon="18.952127"><ele>55.75</ele></trkpt>
   <trkpt lat="52.705903" lon="18.93959"><ele>65.5</ele></trkpt>
   <trkpt lat="52.706127" lon="18.939017"><ele>67</ele></trkpt>
   <trkpt lat="52.706396" lon="18.938361"><ele>66.75</ele></trkpt>
   <trkpt lat="52.706608" lon="18.937894"><ele>67.25</ele></trkpt>
   <trkpt lat="52.706975" lon="18.937158"><ele>67.75</ele></trkpt>
   <trkpt lat="52.707249" lon="18.936665"><ele>66.5</ele></trkpt>
   <trkpt lat="52.707407" lon="18.936395"><ele>65.75</ele></trkpt>
   <trkpt lat="52.707572" lon="18.936131"><ele>65.75</ele></trkpt>
   <trkpt lat="52.707957" lon="18.935557"><ele>66.75</ele></trkpt>
   <trkpt lat="52.70821" lon="18.935218"><ele>66.5</ele></trkpt>
   <trkpt lat="52.708418" lon="18.934953"><ele>66.75</ele></trkpt>
   <trkpt lat="52.708844" lon="18.93446"><ele>69.75</ele></trkpt>
   <trkpt lat="52.709344" lon="18.933946"><ele>70.25</ele></trkpt>
   <trkpt lat="52.709814" lon="18.933522"><ele>69.25</ele></trkpt>
   <trkpt lat="52.710265" lon="18.933171"><ele>69</ele></trkpt>
   <trkpt lat="52.710526" lon="18.932986"><ele>69.25</ele></trkpt>
   <trkpt lat="52.710745" lon="18.932842"><ele>69.75</ele></trkpt>
   <trkpt lat="52.710986" lon="18.932698"><ele>70.25</ele></trkpt>
   <trkpt lat="52.711334" lon="18.932505"><ele>71</ele></trkpt>
   <trkpt lat="52.711777" lon="18.932301"><ele>71.5</ele></trkpt>
   <trkpt lat="52.712255" lon="18.932119"><ele>70.5</ele></trkpt>
   <trkpt lat="52.712499" lon="18.932042"><ele>70</ele></trkpt>
   <trkpt lat="52.713194" lon="18.931855"><ele>70</ele></trkpt>
   <trkpt lat="52.721102" lon="18.929816"><ele>67.75</ele></trkpt>
   <trkpt lat="52.722078" lon="18.929565"><ele>68.75</ele></trkpt>
   <trkpt lat="52.7301" lon="18.927501"><ele>66.75</ele></trkpt>
   <trkpt lat="52.730963" lon="18.92728"><ele>64.75</ele></trkpt>
   <trkpt lat="52.736048" lon="18.925968"><ele>67.25</ele></trkpt>
   <trkpt lat="52.739843" lon="18.92499"><ele>69.75</ele></trkpt>
   <trkpt lat="52.741737" lon="18.924507"><ele>68.5</ele></trkpt>
   <trkpt lat="52.742983" lon="18.924185"><ele>69</ele></trkpt>
   <trkpt lat="52.743801" lon="18.923974"><ele>68.75</ele></trkpt>
   <trkpt lat="52.748524" lon="18.922753"><ele>69.75</ele></trkpt>
   <trkpt lat="52.74871" lon="18.922706"><ele>69.75</ele></trkpt>
   <trkpt lat="52.754668" lon="18.921173"><ele>74</ele></trkpt>
   <trkpt lat="52.757599" lon="18.920424"><ele>75.25</ele></trkpt>
   <trkpt lat="52.762297" lon="18.919224"><ele>74.75</ele></trkpt>
   <trkpt lat="52.763141" lon="18.918995"><ele>74</ele></trkpt>
   <trkpt lat="52.763628" lon="18.918833"><ele>73.5</ele></trkpt>
   <trkpt lat="52.764073" lon="18.918652"><ele>73</ele></trkpt>
   <trkpt lat="52.764429" lon="18.918485"><ele>73.25</ele></trkpt>
   <trkpt lat="52.764827" lon="18.918275"><ele>73.75</ele></trkpt>
   <trkpt lat="52.765358" lon="18.917951"><ele>74.25</ele></trkpt>
   <trkpt lat="52.765737" lon="18.917689"><ele>74.75</ele></trkpt>
   <trkpt lat="52.766066" lon="18.917439"><ele>75</ele></trkpt>
   <trkpt lat="52.766334" lon="18.917218"><ele>75</ele></trkpt>
   <trkpt lat="52.766585" lon="18.917002"><ele>75</ele></trkpt>
   <trkpt lat="52.76693" lon="18.91668"><ele>75</ele></trkpt>
   <trkpt lat="52.767265" lon="18.916341"><ele>75.5</ele></trkpt>
   <trkpt lat="52.767743" lon="18.915811"><ele>76.25</ele></trkpt>
   <trkpt lat="52.768043" lon="18.91545"><ele>76.25</ele></trkpt>
   <trkpt lat="52.768364" lon="18.915048"><ele>75.75</ele></trkpt>
   <trkpt lat="52.77034" lon="18.912495"><ele>76.5</ele></trkpt>
   <trkpt lat="52.773533" lon="18.908369"><ele>77.25</ele></trkpt>
   <trkpt lat="52.7806" lon="18.899238"><ele>77.75</ele></trkpt>
   <trkpt lat="52.787666" lon="18.890106"><ele>85.75</ele></trkpt>
   <trkpt lat="52.789763" lon="18.887395"><ele>86</ele></trkpt>
   <trkpt lat="52.794749" lon="18.880954"><ele>85.5</ele></trkpt>
   <trkpt lat="52.796352" lon="18.878882"><ele>85</ele></trkpt>
   <trkpt lat="52.79808" lon="18.876651"><ele>84.75</ele></trkpt>
   <trkpt lat="52.798205" lon="18.87649"><ele>84.75</ele></trkpt>
   <trkpt lat="52.798373" lon="18.876253"><ele>84.75</ele></trkpt>
   <trkpt lat="52.798542" lon="18.875985"><ele>84.75</ele></trkpt>
   <trkpt lat="52.798681" lon="18.875791"><ele>85</ele></trkpt>
   <trkpt lat="52.798832" lon="18.875601"><ele>85</ele></trkpt>
   <trkpt lat="52.799008" lon="18.875362"><ele>85</ele></trkpt>
   <trkpt lat="52.799285" lon="18.874926"><ele>85</ele></trkpt>
   <trkpt lat="52.799534" lon="18.8746"><ele>85</ele></trkpt>
   <trkpt lat="52.803633" lon="18.86928"><ele>85</ele></trkpt>
   <trkpt lat="52.804513" lon="18.868159"><ele>84.5</ele></trkpt>
   <trkpt lat="52.805606" lon="18.866746"><ele>84.75</ele></trkpt>
   <trkpt lat="52.805816" lon="18.866531"><ele>85</ele></trkpt>
   <trkpt lat="52.806109" lon="18.866184"><ele>85</ele></trkpt>
   <trkpt lat="52.806626" lon="18.865499"><ele>85</ele></trkpt>
   <trkpt lat="52.806823" lon="18.865238"><ele>84.75</ele></trkpt>
   <trkpt lat="52.807108" lon="18.864885"><ele>84.25</ele></trkpt>
   <trkpt lat="52.807302" lon="18.864605"><ele>84</ele></trkpt>
   <trkpt lat="52.807417" lon="18.864426"><ele>84</ele></trkpt>
   <trkpt lat="52.807881" lon="18.863641"><ele>84.25</ele></trkpt>
   <trkpt lat="52.808043" lon="18.863348"><ele>84.5</ele></trkpt>
   <trkpt lat="52.808463" lon="18.862528"><ele>85.5</ele></trkpt>
   <trkpt lat="52.808732" lon="18.861963"><ele>85.5</ele></trkpt>
   <trkpt lat="52.808959" lon="18.861445"><ele>85.25</ele></trkpt>
   <trkpt lat="52.809227" lon="18.860797"><ele>85</ele></trkpt>
   <trkpt lat="52.809466" lon="18.860168"><ele>85.25</ele></trkpt>
   <trkpt lat="52.809597" lon="18.859798"><ele>85.5</ele></trkpt>
   <trkpt lat="52.809859" lon="18.859006"><ele>85.75</ele></trkpt>
   <trkpt lat="52.809997" lon="18.858565"><ele>85.75</ele></trkpt>
   <trkpt lat="52.811931" lon="18.852047"><ele>84.5</ele></trkpt>
   <trkpt lat="52.811966" lon="18.851933"><ele>84.5</ele></trkpt>
   <trkpt lat="52.812823" lon="18.849042"><ele>84.5</ele></trkpt>
   <trkpt lat="52.81403" lon="18.844966"><ele>85</ele></trkpt>
   <trkpt lat="52.814406" lon="18.843702"><ele>84.5</ele></trkpt>
   <trkpt lat="52.814425" lon="18.843637"><ele>84.5</ele></trkpt>
   <trkpt lat="52.816761" lon="18.835763"><ele>85</ele></trkpt>
   <trkpt lat="52.81801" lon="18.831547"><ele>87</ele></trkpt>
   <trkpt lat="52.82072" lon="18.822408"><ele>87.75</ele></trkpt>
   <trkpt lat="52.824662" lon="18.809096"><ele>88.25</ele></trkpt>
   <trkpt lat="52.825127" lon="18.807528"><ele>88.75</ele></trkpt>
   <trkpt lat="52.8255" lon="18.806289"><ele>88.5</ele></trkpt>
   <trkpt lat="52.825886" lon="18.805052"><ele>88.75</ele></trkpt>
   <trkpt lat="52.827755" lon="18.79914"><ele>88</ele></trkpt>
   <trkpt lat="52.827783" lon="18.799052"><ele>88</ele></trkpt>
   <trkpt lat="52.828771" lon="18.795927"><ele>88.25</ele></trkpt>
   <trkpt lat="52.830321" lon="18.791024"><ele>90</ele></trkpt>
   <trkpt lat="52.832921" lon="18.782793"><ele>92.25</ele></trkpt>
   <trkpt lat="52.833414" lon="18.781232"><ele>91.75</ele></trkpt>
   <trkpt lat="52.833809" lon="18.779984"><ele>91.25</ele></trkpt>
   <trkpt lat="52.835784" lon="18.773729"><ele>90.25</ele></trkpt>
   <trkpt lat="52.837085" lon="18.769602"><ele>89.75</ele></trkpt>
   <trkpt lat="52.839072" lon="18.763299"><ele>90</ele></trkpt>
   <trkpt lat="52.841239" lon="18.756433"><ele>87.75</ele></trkpt>
   <trkpt lat="52.842103" lon="18.753694"><ele>88.5</ele></trkpt>
   <trkpt lat="52.845385" lon="18.743291"><ele>82.75</ele></trkpt>
   <trkpt lat="52.845421" lon="18.743175"><ele>83</ele></trkpt>
   <trkpt lat="52.848473" lon="18.733508"><ele>84.75</ele></trkpt>
   <trkpt lat="52.848732" lon="18.732754"><ele>85</ele></trkpt>
   <trkpt lat="52.848829" lon="18.732488"><ele>85.25</ele></trkpt>
   <trkpt lat="52.849144" lon="18.731672"><ele>85.75</ele></trkpt>
   <trkpt lat="52.849333" lon="18.731223"><ele>86</ele></trkpt>
   <trkpt lat="52.849509" lon="18.730826"><ele>86</ele></trkpt>
   <trkpt lat="52.84976" lon="18.730294"><ele>85.5</ele></trkpt>
   <trkpt lat="52.849954" lon="18.729901"><ele>85</ele></trkpt>
   <trkpt lat="52.850139" lon="18.729545"><ele>84.75</ele></trkpt>
   <trkpt lat="52.850564" lon="18.728783"><ele>85</ele></trkpt>
   <trkpt lat="52.850727" lon="18.728512"><ele>85</ele></trkpt>
   <trkpt lat="52.851051" lon="18.728001"><ele>84.25</ele></trkpt>
   <trkpt lat="52.851245" lon="18.727707"><ele>84</ele></trkpt>
   <trkpt lat="52.851494" lon="18.727349"><ele>84</ele></trkpt>
   <trkpt lat="52.851942" lon="18.726746"><ele>84</ele></trkpt>
   <trkpt lat="52.85607" lon="18.721503"><ele>81.75</ele></trkpt>
   <trkpt lat="52.856628" lon="18.720797"><ele>80</ele></trkpt>
   <trkpt lat="52.863297" lon="18.712325"><ele>72</ele></trkpt>
   <trkpt lat="52.863748" lon="18.711753"><ele>72.25</ele></trkpt>
   <trkpt lat="52.866421" lon="18.708357"><ele>71.25</ele></trkpt>
   <trkpt lat="52.866492" lon="18.708268"><ele>71</ele></trkpt>
   <trkpt lat="52.866639" lon="18.708067"><ele>71</ele></trkpt>
   <trkpt lat="52.866898" lon="18.707666"><ele>70.75</ele></trkpt>
   <trkpt lat="52.866977" lon="18.707562"><ele>70.75</ele></trkpt>
   <trkpt lat="52.867071" lon="18.707441"><ele>71</ele></trkpt>
   <trkpt lat="52.867152" lon="18.707339"><ele>71</ele></trkpt>
   <trkpt lat="52.873497" lon="18.699274"><ele>70.75</ele></trkpt>
   <trkpt lat="52.873699" lon="18.699014"><ele>71</ele></trkpt>
   <trkpt lat="52.873828" lon="18.698851"><ele>71</ele></trkpt>
   <trkpt lat="52.873973" lon="18.698689"><ele>71</ele></trkpt>
   <trkpt lat="52.874334" lon="18.698329"><ele>71</ele></trkpt>
   <trkpt lat="52.874507" lon="18.698136"><ele>71</ele></trkpt>
   <trkpt lat="52.87476" lon="18.697836"><ele>71</ele></trkpt>
   <trkpt lat="52.875604" lon="18.696799"><ele>71.5</ele></trkpt>
   <trkpt lat="52.875926" lon="18.696398"><ele>71.75</ele></trkpt>
   <trkpt lat="52.877005" lon="18.69506"><ele>71.75</ele></trkpt>
   <trkpt lat="52.877406" lon="18.694557"><ele>72.75</ele></trkpt>
   <trkpt lat="52.877462" lon="18.694486"><ele>72.75</ele></trkpt>
   <trkpt lat="52.877501" lon="18.694438"><ele>72.75</ele></trkpt>
   <trkpt lat="52.878074" lon="18.693737"><ele>71.75</ele></trkpt>
   <trkpt lat="52.87853" lon="18.69321"><ele>71</ele></trkpt>
   <trkpt lat="52.878714" lon="18.69301"><ele>71</ele></trkpt>
   <trkpt lat="52.87909" lon="18.692631"><ele>71</ele></trkpt>
   <trkpt lat="52.879512" lon="18.692255"><ele>71</ele></trkpt>
   <trkpt lat="52.879977" lon="18.691888"><ele>71</ele></trkpt>
   <trkpt lat="52.880467" lon="18.691545"><ele>71.25</ele></trkpt>
   <trkpt lat="52.880716" lon="18.691382"><ele>71.5</ele></trkpt>
   <trkpt lat="52.881088" lon="18.691158"><ele>72</ele></trkpt>
   <trkpt lat="52.88159" lon="18.690894"><ele>72.75</ele></trkpt>
   <trkpt lat="52.882068" lon="18.690673"><ele>72.75</ele></trkpt>
   <trkpt lat="52.882481" lon="18.690503"><ele>72.25</ele></trkpt>
   <trkpt lat="52.883253" lon="18.69026"><ele>70.25</ele></trkpt>
   <trkpt lat="52.883744" lon="18.690142"><ele>69.5</ele></trkpt>
   <trkpt lat="52.884244" lon="18.690054"><ele>69</ele></trkpt>
   <trkpt lat="52.884493" lon="18.690022"><ele>69.25</ele></trkpt>
   <trkpt lat="52.884794" lon="18.689998"><ele>69.75</ele></trkpt>
   <trkpt lat="52.885214" lon="18.689977"><ele>69.5</ele></trkpt>
   <trkpt lat="52.886563" lon="18.689971"><ele>68</ele></trkpt>
   <trkpt lat="52.895526" lon="18.689982"><ele>53.25</ele></trkpt>
   <trkpt lat="52.897364" lon="18.689982"><ele>53.75</ele></trkpt>
   <trkpt lat="52.897484" lon="18.689982"><ele>54</ele></trkpt>
   <trkpt lat="52.900903" lon="18.689984"><ele>62.25</ele></trkpt>
   <trkpt lat="52.901469" lon="18.689997"><ele>64.25</ele></trkpt>
   <trkpt lat="52.902032" lon="18.690022"><ele>63</ele></trkpt>
   <trkpt lat="52.902976" lon="18.690098"><ele>61.5</ele></trkpt>
   <trkpt lat="52.903587" lon="18.690172"><ele>63.5</ele></trkpt>
   <trkpt lat="52.90449" lon="18.690317"><ele>67.75</ele></trkpt>
   <trkpt lat="52.90484" lon="18.690383"><ele>68.5</ele></trkpt>
   <trkpt lat="52.905568" lon="18.690544"><ele>69</ele></trkpt>
   <trkpt lat="52.906412" lon="18.690763"><ele>66.25</ele></trkpt>
   <trkpt lat="52.907107" lon="18.690966"><ele>64</ele></trkpt>
   <trkpt lat="52.908791" lon="18.691482"><ele>60.5</ele></trkpt>
   <trkpt lat="52.909031" lon="18.691539"><ele>59.75</ele></trkpt>
   <trkpt lat="52.909248" lon="18.691561"><ele>58.75</ele></trkpt>
   <trkpt lat="52.909439" lon="18.691607"><ele>57.5</ele></trkpt>
   <trkpt lat="52.909593" lon="18.691654"><ele>56.5</ele></trkpt>
   <trkpt lat="52.910108" lon="18.691813"><ele>53.25</ele></trkpt>
   <trkpt lat="52.912563" lon="18.692564"><ele>53.75</ele></trkpt>
   <trkpt lat="52.912927" lon="18.692675"><ele>53</ele></trkpt>
   <trkpt lat="52.918736" lon="18.694449"><ele>57.5</ele></trkpt>
   <trkpt lat="52.918887" lon="18.694495"><ele>57.25</ele></trkpt>
   <trkpt lat="52.919086" lon="18.694569"><ele>57</ele></trkpt>
   <trkpt lat="52.919366" lon="18.694703"><ele>57.25</ele></trkpt>
   <trkpt lat="52.919512" lon="18.694753"><ele>57.5</ele></trkpt>
   <trkpt lat="52.920056" lon="18.694923"><ele>59.25</ele></trkpt>
   <trkpt lat="52.920477" lon="18.695042"><ele>62.5</ele></trkpt>
   <trkpt lat="52.920669" lon="18.695085"><ele>63.75</ele></trkpt>
   <trkpt lat="52.921362" lon="18.695212"><ele>65.5</ele></trkpt>
   <trkpt lat="52.922214" lon="18.695322"><ele>65</ele></trkpt>
   <trkpt lat="52.931172" lon="18.696449"><ele>58</ele></trkpt>
   <trkpt lat="52.932448" lon="18.696589"><ele>56.25</ele></trkpt>
   <trkpt lat="52.933338" lon="18.696651"><ele>49</ele></trkpt>
   <trkpt lat="52.934294" lon="18.696688"><ele>48.25</ele></trkpt>
   <trkpt lat="52.935225" lon="18.696694"><ele>52</ele></trkpt>
   <trkpt lat="52.935884" lon="18.696681"><ele>55.25</ele></trkpt>
   <trkpt lat="52.936915" lon="18.69663"><ele>61.25</ele></trkpt>
   <trkpt lat="52.937624" lon="18.696572"><ele>61.25</ele></trkpt>
   <trkpt lat="52.938682" lon="18.696459"><ele>56.25</ele></trkpt>
   <trkpt lat="52.939436" lon="18.696353"><ele>59</ele></trkpt>
   <trkpt lat="52.940143" lon="18.696229"><ele>61.75</ele></trkpt>
   <trkpt lat="52.94072" lon="18.696121"><ele>64.25</ele></trkpt>
   <trkpt lat="52.941226" lon="18.696016"><ele>64.25</ele></trkpt>
   <trkpt lat="52.941765" lon="18.695891"><ele>65.75</ele></trkpt>
   <trkpt lat="52.942879" lon="18.695605"><ele>62.5</ele></trkpt>
   <trkpt lat="52.943771" lon="18.695341"><ele>62.75</ele></trkpt>
   <trkpt lat="52.94433" lon="18.69516"><ele>63</ele></trkpt>
   <trkpt lat="52.944977" lon="18.694937"><ele>63.5</ele></trkpt>
   <trkpt lat="52.94615" lon="18.694492"><ele>62.5</ele></trkpt>
   <trkpt lat="52.94707" lon="18.694106"><ele>61.25</ele></trkpt>
   <trkpt lat="52.947674" lon="18.693834"><ele>59.25</ele></trkpt>
   <trkpt lat="52.948537" lon="18.693421"><ele>55.5</ele></trkpt>
   <trkpt lat="52.948927" lon="18.693221"><ele>55</ele></trkpt>
   <trkpt lat="52.949629" lon="18.692852"><ele>57.25</ele></trkpt>
   <trkpt lat="52.950323" lon="18.692469"><ele>59</ele></trkpt>
   <trkpt lat="52.951368" lon="18.691856"><ele>57.5</ele></trkpt>
   <trkpt lat="52.955648" lon="18.689154"><ele>60.25</ele></trkpt>
   <trkpt lat="52.957358" lon="18.688069"><ele>59.25</ele></trkpt>
   <trkpt lat="52.958331" lon="18.687453"><ele>63</ele></trkpt>
   <trkpt lat="52.959888" lon="18.686466"><ele>61.75</ele></trkpt>
   <trkpt lat="52.960281" lon="18.686197"><ele>62.25</ele></trkpt>
   <trkpt lat="52.960856" lon="18.685768"><ele>63.25</ele></trkpt>
   <trkpt lat="52.961416" lon="18.685319"><ele>63.5</ele></trkpt>
   <trkpt lat="52.96309" lon="18.683977"><ele>64.5</ele></trkpt>
   <trkpt lat="52.965581" lon="18.681985"><ele>58.25</ele></trkpt>
   <trkpt lat="52.96787" lon="18.68015"><ele>54</ele></trkpt>
   <trkpt lat="52.968538" lon="18.67962"><ele>54.75</ele></trkpt>
   <trkpt lat="52.968934" lon="18.679302"><ele>55.25</ele></trkpt>
   <trkpt lat="52.969657" lon="18.678715"><ele>56.25</ele></trkpt>
   <trkpt lat="52.970149" lon="18.678281"><ele>57</ele></trkpt>
   <trkpt lat="52.973599" lon="18.675161"><ele>58</ele></trkpt>
   <trkpt lat="52.974706" lon="18.674158"><ele>58.5</ele></trkpt>
   <trkpt lat="52.975691" lon="18.673273"><ele>55.25</ele></trkpt>
   <trkpt lat="52.981659" lon="18.667867"><ele>56</ele></trkpt>
   <trkpt lat="52.989775" lon="18.660526"><ele>50.25</ele></trkpt>
   <trkpt lat="52.990139" lon="18.660197"><ele>49</ele></trkpt>
   <trkpt lat="52.994169" lon="18.656545"><ele>47.75</ele></trkpt>
   <trkpt lat="52.995644" lon="18.65521"><ele>47</ele></trkpt>
   <trkpt lat="52.997393" lon="18.653626"><ele>47.5</ele></trkpt>
   <trkpt lat="52.997797" lon="18.653262"><ele>47.25</ele></trkpt>
   <trkpt lat="52.997889" lon="18.653179"><ele>47</ele></trkpt>
   <trkpt lat="52.999615" lon="18.651613"><ele>45.5</ele></trkpt>
   <trkpt lat="52.999875" lon="18.651373"><ele>46</ele></trkpt>
   <trkpt lat="53.000116" lon="18.651134"><ele>46.75</ele></trkpt>
   <trkpt lat="53.000519" lon="18.650708"><ele>47.5</ele></trkpt>
   <trkpt lat="53.000838" lon="18.650333"><ele>47.5</ele></trkpt>
   <trkpt lat="53.001144" lon="18.649934"><ele>47.25</ele></trkpt>
   <trkpt lat="53.001416" lon="18.649549"><ele>47.25</ele></trkpt>
   <trkpt lat="53.00182" lon="18.648907"><ele>47</ele></trkpt>
   <trkpt lat="53.002007" lon="18.64858"><ele>47</ele></trkpt>
   <trkpt lat="53.002222" lon="18.648181"><ele>46.5</ele></trkpt>
   <trkpt lat="53.002339" lon="18.647951"><ele>46.5</ele></trkpt>
   <trkpt lat="53.002599" lon="18.647398"><ele>47.25</ele></trkpt>
   <trkpt lat="53.002729" lon="18.647096"><ele>48</ele></trkpt>
   <trkpt lat="53.002975" lon="18.646469"><ele>49.25</ele></trkpt>
   <trkpt lat="53.003225" lon="18.645757"><ele>47.75</ele></trkpt>
   <trkpt lat="53.00343" lon="18.645089"><ele>46.5</ele></trkpt>
   <trkpt lat="53.00362" lon="18.644377"><ele>46</ele></trkpt>
   <trkpt lat="53.003697" lon="18.644054"><ele>46</ele></trkpt>
   <trkpt lat="53.003868" lon="18.643234"><ele>46.5</ele></trkpt>
   <trkpt lat="53.004001" lon="18.642456"><ele>46</ele></trkpt>
   <trkpt lat="53.004053" lon="18.642087"><ele>46</ele></trkpt>
   <trkpt lat="53.004103" lon="18.64169"><ele>45.75</ele></trkpt>
   <trkpt lat="53.004181" lon="18.640892"><ele>46</ele></trkpt>
   <trkpt lat="53.00423" lon="18.640125"><ele>46.25</ele></trkpt>
   <trkpt lat="53.00425" lon="18.639352"><ele>45.75</ele></trkpt>
   <trkpt lat="53.004245" lon="18.638582"><ele>45.5</ele></trkpt>
   <trkpt lat="53.004213" lon="18.637818"><ele>45.75</ele></trkpt>
   <trkpt lat="53.004185" lon="18.637398"><ele>46</ele></trkpt>
   <trkpt lat="53.004155" lon="18.637053"><ele>45.75</ele></trkpt>
   <trkpt lat="53.004078" lon="18.636325"><ele>45.75</ele></trkpt>
   <trkpt lat="53.003993" lon="18.63562"><ele>46</ele></trkpt>
   <trkpt lat="53.003752" lon="18.633722"><ele>45</ele></trkpt>
   <trkpt lat="53.003713" lon="18.63342"><ele>44.75</ele></trkpt>
   <trkpt lat="53.003565" lon="18.632247"><ele>42.5</ele></trkpt>
   <trkpt lat="53.00319" lon="18.629294"><ele>43</ele></trkpt>
   <trkpt lat="53.002784" lon="18.626092"><ele>41.75</ele></trkpt>
   <trkpt lat="53.002713" lon="18.625569"><ele>41.25</ele></trkpt>
   <trkpt lat="53.002602" lon="18.624875"><ele>40.25</ele></trkpt>
   <trkpt lat="53.002538" lon="18.624521"><ele>40.5</ele></trkpt>
   <trkpt lat="53.002372" lon="18.623741"><ele>41</ele></trkpt>
   <trkpt lat="53.001973" lon="18.62213"><ele>41.5</ele></trkpt>
   <trkpt lat="53.001888" lon="18.621796"><ele>41.25</ele></trkpt>
   <trkpt lat="53.001805" lon="18.621457"><ele>41.5</ele></trkpt>
   <trkpt lat="53.001563" lon="18.620491"><ele>41.75</ele></trkpt>
   <trkpt lat="53.001384" lon="18.619775"><ele>41.75</ele></trkpt>
   <trkpt lat="53.001288" lon="18.619462"><ele>41.5</ele></trkpt>
   <trkpt lat="53.001273" lon="18.619414"><ele>41.5</ele></trkpt>
   <trkpt lat="53.000909" lon="18.618348"><ele>40</ele></trkpt>
   <trkpt lat="53.000752" lon="18.617863"><ele>40.25</ele></trkpt>
   <trkpt lat="53.00066" lon="18.617541"><ele>40.5</ele></trkpt>
   <trkpt lat="53.000143" lon="18.615534"><ele>41.75</ele></trkpt>
   <trkpt lat="53.000046" lon="18.615159"><ele>41.75</ele></trkpt>
   <trkpt lat="52.999425" lon="18.612747"><ele>40.75</ele></trkpt>
   <trkpt lat="52.999063" lon="18.61134"><ele>40.75</ele></trkpt>
   <trkpt lat="52.99855" lon="18.609136"><ele>41</ele></trkpt>
   <trkpt lat="52.99847" lon="18.608608"><ele>40.25</ele></trkpt>
   <trkpt lat="52.998032" lon="18.606707"><ele>40.25</ele></trkpt>
   <trkpt lat="52.99797" lon="18.60647"><ele>40.25</ele></trkpt>
   <trkpt lat="52.99779" lon="18.60587"><ele>40</ele></trkpt>
   <trkpt lat="52.997167" lon="18.603889"><ele>39.75</ele></trkpt>
   <trkpt lat="52.996997" lon="18.60335"><ele>40</ele></trkpt>
   <trkpt lat="52.996869" lon="18.602797"><ele>40</ele></trkpt>
   <trkpt lat="52.996735" lon="18.602374"><ele>39.75</ele></trkpt>
   <trkpt lat="52.99667" lon="18.60214"><ele>39.75</ele></trkpt>
   <trkpt lat="52.996593" lon="18.601806"><ele>40.25</ele></trkpt>
   <trkpt lat="52.996481" lon="18.601362"><ele>40.75</ele></trkpt>
   <trkpt lat="52.99604" lon="18.599726"><ele>42.5</ele></trkpt>
   <trkpt lat="52.995518" lon="18.597467"><ele>41.5</ele></trkpt>
   <trkpt lat="52.995328" lon="18.596566"><ele>41.75</ele></trkpt>
   <trkpt lat="52.995216" lon="18.595981"><ele>42</ele></trkpt>
   <trkpt lat="52.99478" lon="18.59354"><ele>43</ele></trkpt>
   <trkpt lat="52.994262" lon="18.590632"><ele>41.5</ele></trkpt>
   <trkpt lat="52.994214" lon="18.590415"><ele>41.25</ele></trkpt>
   <trkpt lat="52.994097" lon="18.589946"><ele>41.5</ele></trkpt>
   <trkpt lat="52.994029" lon="18.589679"><ele>41.75</ele></trkpt>
   <trkpt lat="52.993923" lon="18.589259"><ele>42</ele></trkpt>
   <trkpt lat="52.993889" lon="18.589129"><ele>42.25</ele></trkpt>
   <trkpt lat="52.993701" lon="18.588406"><ele>43.25</ele></trkpt>
   <trkpt lat="52.993629" lon="18.588159"><ele>43.25</ele></trkpt>
   <trkpt lat="52.99348" lon="18.587737"><ele>43</ele></trkpt>
   <trkpt lat="52.993397" lon="18.587471"><ele>42.5</ele></trkpt>
   <trkpt lat="52.993144" lon="18.5866"><ele>42.25</ele></trkpt>
   <trkpt lat="52.993047" lon="18.586285"><ele>42.5</ele></trkpt>
   <trkpt lat="52.992763" lon="18.585472"><ele>42.25</ele></trkpt>
   <trkpt lat="52.992461" lon="18.584662"><ele>41.75</ele></trkpt>
   <trkpt lat="52.990575" lon="18.579643"><ele>43.25</ele></trkpt>
   <trkpt lat="52.990082" lon="18.578332"><ele>42.5</ele></trkpt>
   <trkpt lat="52.989264" lon="18.576152"><ele>44.5</ele></trkpt>
   <trkpt lat="52.98894" lon="18.575207"><ele>44</ele></trkpt>
   <trkpt lat="52.988789" lon="18.574721"><ele>44.25</ele></trkpt>
   <trkpt lat="52.98856" lon="18.573912"><ele>43.75</ele></trkpt>
   <trkpt lat="52.985319" lon="18.561923"><ele>43</ele></trkpt>
   <trkpt lat="52.985115" lon="18.561167"><ele>42.75</ele></trkpt>
   <trkpt lat="52.984765" lon="18.559924"><ele>43.75</ele></trkpt>
   <trkpt lat="52.984694" lon="18.55967"><ele>43.5</ele></trkpt>
   <trkpt lat="52.984552" lon="18.559108"><ele>43</ele></trkpt>
   <trkpt lat="52.984018" lon="18.557122"><ele>43.5</ele></trkpt>
   <trkpt lat="52.983859" lon="18.556494"><ele>44.25</ele></trkpt>
   <trkpt lat="52.983782" lon="18.556178"><ele>44.75</ele></trkpt>
   <trkpt lat="52.983633" lon="18.555502"><ele>46.5</ele></trkpt>
   <trkpt lat="52.983454" lon="18.554598"><ele>47.5</ele></trkpt>
   <trkpt lat="52.983373" lon="18.55414"><ele>46.5</ele></trkpt>
   <trkpt lat="52.983366" lon="18.554098"><ele>45.5</ele></trkpt>
   <trkpt lat="52.983288" lon="18.553609"><ele>45.5</ele></trkpt>
   <trkpt lat="52.983151" lon="18.552619"><ele>44.75</ele></trkpt>
   <trkpt lat="52.983043" lon="18.551625"><ele>43.25</ele></trkpt>
   <trkpt lat="52.982992" lon="18.551043"><ele>42.25</ele></trkpt>
   <trkpt lat="52.982953" lon="18.550488"><ele>41.75</ele></trkpt>
   <trkpt lat="52.982767" lon="18.547324"><ele>41</ele></trkpt>
   <trkpt lat="52.982662" lon="18.545529"><ele>42</ele></trkpt>
   <trkpt lat="52.982641" lon="18.545081"><ele>42.25</ele></trkpt>
   <trkpt lat="52.982627" lon="18.544684"><ele>43</ele></trkpt>
   <trkpt lat="52.982615" lon="18.5438"><ele>44.5</ele></trkpt>
   <trkpt lat="52.98262" lon="18.543358"><ele>45</ele></trkpt>
   <trkpt lat="52.982649" lon="18.542489"><ele>46.5</ele></trkpt>
   <trkpt lat="52.982674" lon="18.542075"><ele>47</ele></trkpt>
   <trkpt lat="52.982743" lon="18.541224"><ele>48</ele></trkpt>
   <trkpt lat="52.982852" lon="18.540309"><ele>48</ele></trkpt>
   <trkpt lat="52.982911" lon="18.539883"><ele>47.5</ele></trkpt>
   <trkpt lat="52.982987" lon="18.539414"><ele>47</ele></trkpt>
   <trkpt lat="52.98313" lon="18.538607"><ele>46.5</ele></trkpt>
   <trkpt lat="52.983577" lon="18.536254"><ele>48</ele></trkpt>
   <trkpt lat="52.983767" lon="18.535207"><ele>47.5</ele></trkpt>
   <trkpt lat="52.983943" lon="18.534135"><ele>45.25</ele></trkpt>
   <trkpt lat="52.984097" lon="18.533145"><ele>43.75</ele></trkpt>
   <trkpt lat="52.98415" lon="18.532778"><ele>43</ele></trkpt>
   <trkpt lat="52.984282" lon="18.531816"><ele>42.25</ele></trkpt>
   <trkpt lat="52.984423" lon="18.530706"><ele>42</ele></trkpt>
   <trkpt lat="52.984537" lon="18.529703"><ele>41.25</ele></trkpt>
   <trkpt lat="52.984699" lon="18.528024"><ele>41.25</ele></trkpt>
   <trkpt lat="52.984741" lon="18.527493"><ele>41.75</ele></trkpt>
   <trkpt lat="52.984776" lon="18.527074"><ele>42</ele></trkpt>
   <trkpt lat="52.984856" lon="18.525953"><ele>42</ele></trkpt>
   <trkpt lat="52.985177" lon="18.520764"><ele>37.5</ele></trkpt>
   <trkpt lat="52.985181" lon="18.520665"><ele>37.25</ele></trkpt>
   <trkpt lat="52.985275" lon="18.519185"><ele>38.25</ele></trkpt>
   <trkpt lat="52.98534" lon="18.518054"><ele>39.5</ele></trkpt>
   <trkpt lat="52.985937" lon="18.508286"><ele>37.75</ele></trkpt>
   <trkpt lat="52.985993" lon="18.507263"><ele>39.75</ele></trkpt>
   <trkpt lat="52.986013" lon="18.506752"><ele>40.75</ele></trkpt>
   <trkpt lat="52.986024" lon="18.506125"><ele>42.5</ele></trkpt>
   <trkpt lat="52.986022" lon="18.505529"><ele>44.25</ele></trkpt>
   <trkpt lat="52.986004" lon="18.504871"><ele>45.5</ele></trkpt>
   <trkpt lat="52.98598" lon="18.50437"><ele>46.5</ele></trkpt>
   <trkpt lat="52.985928" lon="18.503655"><ele>47.75</ele></trkpt>
   <trkpt lat="52.985889" lon="18.503243"><ele>48.5</ele></trkpt>
   <trkpt lat="52.985807" lon="18.502509"><ele>50</ele></trkpt>
   <trkpt lat="52.985749" lon="18.502087"><ele>50.5</ele></trkpt>
   <trkpt lat="52.985675" lon="18.501599"><ele>51</ele></trkpt>
   <trkpt lat="52.985434" lon="18.500184"><ele>51</ele></trkpt>
   <trkpt lat="52.985297" lon="18.499321"><ele>49.5</ele></trkpt>
   <trkpt lat="52.985183" lon="18.498411"><ele>47.75</ele></trkpt>
   <trkpt lat="52.985102" lon="18.497535"><ele>45.75</ele></trkpt>
   <trkpt lat="52.985068" lon="18.497023"><ele>45.25</ele></trkpt>
   <trkpt lat="52.985044" lon="18.496545"><ele>45</ele></trkpt>
   <trkpt lat="52.985027" lon="18.49598"><ele>45</ele></trkpt>
   <trkpt lat="52.985024" lon="18.495549"><ele>45</ele></trkpt>
   <trkpt lat="52.985025" lon="18.495047"><ele>45</ele></trkpt>
   <trkpt lat="52.985039" lon="18.49447"><ele>45.5</ele></trkpt>
   <trkpt lat="52.985085" lon="18.493592"><ele>45.75</ele></trkpt>
   <trkpt lat="52.985147" lon="18.492824"><ele>46.25</ele></trkpt>
   <trkpt lat="52.985201" lon="18.492299"><ele>46.75</ele></trkpt>
   <trkpt lat="52.985242" lon="18.491976"><ele>46.5</ele></trkpt>
   <trkpt lat="52.985346" lon="18.491232"><ele>47.25</ele></trkpt>
   <trkpt lat="52.985455" lon="18.490578"><ele>48</ele></trkpt>
   <trkpt lat="52.985634" lon="18.489684"><ele>48.5</ele></trkpt>
   <trkpt lat="52.985701" lon="18.489386"><ele>48.5</ele></trkpt>
   <trkpt lat="52.985861" lon="18.488712"><ele>48.25</ele></trkpt>
   <trkpt lat="52.986468" lon="18.486185"><ele>52.5</ele></trkpt>
   <trkpt lat="52.986988" lon="18.484025"><ele>55.75</ele></trkpt>
   <trkpt lat="52.987221" lon="18.483004"><ele>55.5</ele></trkpt>
   <trkpt lat="52.987322" lon="18.482505"><ele>55.5</ele></trkpt>
   <trkpt lat="52.987399" lon="18.482084"><ele>55.75</ele></trkpt>
   <trkpt lat="52.98747" lon="18.481651"><ele>56</ele></trkpt>
   <trkpt lat="52.987603" lon="18.480665"><ele>56</ele></trkpt>
   <trkpt lat="52.98826" lon="18.474728"><ele>56.25</ele></trkpt>
   <trkpt lat="52.988305" lon="18.474334"><ele>56</ele></trkpt>
   <trkpt lat="52.988791" lon="18.469938"><ele>54.5</ele></trkpt>
   <trkpt lat="52.988939" lon="18.468616"><ele>56.25</ele></trkpt>
   <trkpt lat="52.989913" lon="18.45984"><ele>57.75</ele></trkpt>
   <trkpt lat="52.990002" lon="18.459032"><ele>55.75</ele></trkpt>
   <trkpt lat="52.990027" lon="18.458734"><ele>55.25</ele></trkpt>
   <trkpt lat="52.990047" lon="18.458317"><ele>54.75</ele></trkpt>
   <trkpt lat="52.990076" lon="18.457995"><ele>55.25</ele></trkpt>
   <trkpt lat="52.990154" lon="18.45728"><ele>56</ele></trkpt>
   <trkpt lat="52.990202" lon="18.456842"><ele>56.5</ele></trkpt>
   <trkpt lat="52.990536" lon="18.453855"><ele>56</ele></trkpt>
   <trkpt lat="52.990598" lon="18.453354"><ele>56</ele></trkpt>
   <trkpt lat="52.990718" lon="18.452444"><ele>55.25</ele></trkpt>
   <trkpt lat="52.990928" lon="18.451079"><ele>55.25</ele></trkpt>
   <trkpt lat="52.991097" lon="18.450115"><ele>54.75</ele></trkpt>
   <trkpt lat="52.991222" lon="18.44945"><ele>54</ele></trkpt>
   <trkpt lat="52.991338" lon="18.448875"><ele>53.5</ele></trkpt>
   <trkpt lat="52.991589" lon="18.447735"><ele>53.75</ele></trkpt>
   <trkpt lat="52.991696" lon="18.447281"><ele>54.25</ele></trkpt>
   <trkpt lat="52.99188" lon="18.446544"><ele>55</ele></trkpt>
   <trkpt lat="52.992196" lon="18.445364"><ele>54.5</ele></trkpt>
   <trkpt lat="52.992244" lon="18.445188"><ele>54.5</ele></trkpt>
   <trkpt lat="52.992515" lon="18.444277"><ele>52.25</ele></trkpt>
   <trkpt lat="52.992656" lon="18.443826"><ele>51.5</ele></trkpt>
   <trkpt lat="52.992845" lon="18.443237"><ele>51.5</ele></trkpt>
   <trkpt lat="52.993035" lon="18.442672"><ele>53</ele></trkpt>
   <trkpt lat="52.993294" lon="18.441945"><ele>56</ele></trkpt>
   <trkpt lat="52.993662" lon="18.44097"><ele>58</ele></trkpt>
   <trkpt lat="52.993874" lon="18.440441"><ele>59.25</ele></trkpt>
   <trkpt lat="52.994161" lon="18.439741"><ele>60</ele></trkpt>
   <trkpt lat="52.994409" lon="18.439167"><ele>60</ele></trkpt>
   <trkpt lat="52.99486" lon="18.438183"><ele>61</ele></trkpt>
   <trkpt lat="52.995215" lon="18.437454"><ele>60.25</ele></trkpt>
   <trkpt lat="52.995702" lon="18.436514"><ele>59.5</ele></trkpt>
   <trkpt lat="52.996119" lon="18.435753"><ele>59</ele></trkpt>
   <trkpt lat="53.004335" lon="18.421385"><ele>61.75</ele></trkpt>
   <trkpt lat="53.007418" lon="18.415983"><ele>63.5</ele></trkpt>
   <trkpt lat="53.007582" lon="18.415682"><ele>64.25</ele></trkpt>
   <trkpt lat="53.007893" lon="18.415068"><ele>64</ele></trkpt>
   <trkpt lat="53.008063" lon="18.41471"><ele>63</ele></trkpt>
   <trkpt lat="53.021269" lon="18.386086"><ele>63</ele></trkpt>
   <trkpt lat="53.036186" lon="18.353705"><ele>59.5</ele></trkpt>
   <trkpt lat="53.036197" lon="18.35368"><ele>59.5</ele></trkpt>
   <trkpt lat="53.04373" lon="18.337304"><ele>62</ele></trkpt>
   <trkpt lat="53.04973" lon="18.324248"><ele>62.5</ele></trkpt>
   <trkpt lat="53.049817" lon="18.324058"><ele>61.75</ele></trkpt>
   <trkpt lat="53.050249" lon="18.323121"><ele>58</ele></trkpt>
   <trkpt lat="53.051657" lon="18.320066"><ele>54</ele></trkpt>
   <trkpt lat="53.052732" lon="18.317693"><ele>60</ele></trkpt>
   <trkpt lat="53.053554" lon="18.315945"><ele>60</ele></trkpt>
   <trkpt lat="53.053841" lon="18.315309"><ele>58.5</ele></trkpt>
   <trkpt lat="53.054059" lon="18.314809"><ele>56</ele></trkpt>
   <trkpt lat="53.054463" lon="18.313836"><ele>54.25</ele></trkpt>
   <trkpt lat="53.05482" lon="18.312905"><ele>52.25</ele></trkpt>
   <trkpt lat="53.054978" lon="18.312468"><ele>51.25</ele></trkpt>
   <trkpt lat="53.055159" lon="18.311953"><ele>50.25</ele></trkpt>
   <trkpt lat="53.055476" lon="18.310985"><ele>50.25</ele></trkpt>
   <trkpt lat="53.055776" lon="18.30999"><ele>50.25</ele></trkpt>
   <trkpt lat="53.055926" lon="18.309463"><ele>49.25</ele></trkpt>
   <trkpt lat="53.058955" lon="18.298503"><ele>50.5</ele></trkpt>
   <trkpt lat="53.070295" lon="18.257395"><ele>44.5</ele></trkpt>
   <trkpt lat="53.073943" lon="18.244157"><ele>43</ele></trkpt>
   <trkpt lat="53.075098" lon="18.239963"><ele>39</ele></trkpt>
   <trkpt lat="53.076684" lon="18.234214"><ele>36</ele></trkpt>
   <trkpt lat="53.076821" lon="18.233701"><ele>36.5</ele></trkpt>
   <trkpt lat="53.076933" lon="18.23325"><ele>36.75</ele></trkpt>
   <trkpt lat="53.077035" lon="18.232793"><ele>37.25</ele></trkpt>
   <trkpt lat="53.077121" lon="18.232367"><ele>37.5</ele></trkpt>
   <trkpt lat="53.07729" lon="18.231375"><ele>37.25</ele></trkpt>
   <trkpt lat="53.077502" lon="18.230123"><ele>37</ele></trkpt>
   <trkpt lat="53.07767" lon="18.228398"><ele>36.25</ele></trkpt>
   <trkpt lat="53.077716" lon="18.228078"><ele>36.25</ele></trkpt>
   <trkpt lat="53.078254" lon="18.224887"><ele>35.75</ele></trkpt>
   <trkpt lat="53.078586" lon="18.223164"><ele>34.75</ele></trkpt>
   <trkpt lat="53.078835" lon="18.221659"><ele>34.5</ele></trkpt>
   <trkpt lat="53.078913" lon="18.221146"><ele>34.5</ele></trkpt>
   <trkpt lat="53.079006" lon="18.220452"><ele>34.75</ele></trkpt>
   <trkpt lat="53.079051" lon="18.220049"><ele>34.75</ele></trkpt>
   <trkpt lat="53.079091" lon="18.219659"><ele>35</ele></trkpt>
   <trkpt lat="53.079172" lon="18.218677"><ele>35.75</ele></trkpt>
   <trkpt lat="53.079305" lon="18.217095"><ele>34.5</ele></trkpt>
   <trkpt lat="53.079417" lon="18.215907"><ele>33.75</ele></trkpt>
   <trkpt lat="53.079463" lon="18.215422"><ele>34</ele></trkpt>
   <trkpt lat="53.079481" lon="18.215084"><ele>34</ele></trkpt>
   <trkpt lat="53.079504" lon="18.21407"><ele>35.5</ele></trkpt>
   <trkpt lat="53.079504" lon="18.213564"><ele>35.75</ele></trkpt>
   <trkpt lat="53.079497" lon="18.213276"><ele>35.75</ele></trkpt>
   <trkpt lat="53.079466" lon="18.212389"><ele>35</ele></trkpt>
   <trkpt lat="53.07923" lon="18.206801"><ele>36.25</ele></trkpt>
   <trkpt lat="53.079205" lon="18.20621"><ele>35.5</ele></trkpt>
   <trkpt lat="53.078937" lon="18.19987"><ele>33</ele></trkpt>
   <trkpt lat="53.078935" lon="18.199828"><ele>33</ele></trkpt>
   <trkpt lat="53.078601" lon="18.191922"><ele>32.5</ele></trkpt>
   <trkpt lat="53.078381" lon="18.186708"><ele>33.75</ele></trkpt>
   <trkpt lat="53.078179" lon="18.181933"><ele>33.75</ele></trkpt>
   <trkpt lat="53.077972" lon="18.177042"><ele>37.25</ele></trkpt>
   <trkpt lat="53.077835" lon="18.173805"><ele>34.5</ele></trkpt>
   <trkpt lat="53.077775" lon="18.172236"><ele>34</ele></trkpt>
   <trkpt lat="53.077539" lon="18.162108"><ele>33.75</ele></trkpt>
   <trkpt lat="53.077285" lon="18.15106"><ele>38</ele></trkpt>
   <trkpt lat="53.077196" lon="18.147207"><ele>39.25</ele></trkpt>
   <trkpt lat="53.077156" lon="18.145351"><ele>40.25</ele></trkpt>
   <trkpt lat="53.077147" lon="18.14469"><ele>40</ele></trkpt>
   <trkpt lat="53.077149" lon="18.144177"><ele>39.25</ele></trkpt>
   <trkpt lat="53.077171" lon="18.143173"><ele>38</ele></trkpt>
   <trkpt lat="53.077192" lon="18.142656"><ele>37.5</ele></trkpt>
   <trkpt lat="53.077259" lon="18.141632"><ele>37.25</ele></trkpt>
   <trkpt lat="53.0773" lon="18.141114"><ele>38.5</ele></trkpt>
   <trkpt lat="53.077406" lon="18.140099"><ele>40</ele></trkpt>
   <trkpt lat="53.077537" lon="18.139108"><ele>44.25</ele></trkpt>
   <trkpt lat="53.077609" lon="18.13865"><ele>45.75</ele></trkpt>
   <trkpt lat="53.077698" lon="18.138121"><ele>47.5</ele></trkpt>
   <trkpt lat="53.077787" lon="18.137636"><ele>48.25</ele></trkpt>
   <trkpt lat="53.077887" lon="18.137135"><ele>48.25</ele></trkpt>
   <trkpt lat="53.078112" lon="18.136135"><ele>46.5</ele></trkpt>
   <trkpt lat="53.078225" lon="18.135675"><ele>45</ele></trkpt>
   <trkpt lat="53.078493" lon="18.134696"><ele>43.75</ele></trkpt>
   <trkpt lat="53.07862" lon="18.134281"><ele>43.5</ele></trkpt>
   <trkpt lat="53.078864" lon="18.133518"><ele>42.25</ele></trkpt>
   <trkpt lat="53.079099" lon="18.132854"><ele>42.25</ele></trkpt>
   <trkpt lat="53.079245" lon="18.132458"><ele>43</ele></trkpt>
   <trkpt lat="53.079515" lon="18.131778"><ele>43.75</ele></trkpt>
   <trkpt lat="53.079799" lon="18.131114"><ele>44.75</ele></trkpt>
   <trkpt lat="53.080054" lon="18.130563"><ele>44.75</ele></trkpt>
   <trkpt lat="53.080387" lon="18.12989"><ele>44.5</ele></trkpt>
   <trkpt lat="53.080586" lon="18.129512"><ele>44</ele></trkpt>
   <trkpt lat="53.080741" lon="18.129226"><ele>43.25</ele></trkpt>
   <trkpt lat="53.081128" lon="18.128564"><ele>42.5</ele></trkpt>
   <trkpt lat="53.081342" lon="18.128211"><ele>42</ele></trkpt>
   <trkpt lat="53.081817" lon="18.127494"><ele>41.25</ele></trkpt>
   <trkpt lat="53.082279" lon="18.126859"><ele>43.5</ele></trkpt>
   <trkpt lat="53.082783" lon="18.126222"><ele>45.5</ele></trkpt>
   <trkpt lat="53.083036" lon="18.12593"><ele>45</ele></trkpt>
   <trkpt lat="53.083281" lon="18.125657"><ele>44.25</ele></trkpt>
   <trkpt lat="53.083766" lon="18.12515"><ele>41.25</ele></trkpt>
   <trkpt lat="53.084269" lon="18.124682"><ele>40.75</ele></trkpt>
   <trkpt lat="53.084503" lon="18.124481"><ele>41.75</ele></trkpt>
   <trkpt lat="53.084977" lon="18.124097"><ele>43.25</ele></trkpt>
   <trkpt lat="53.085473" lon="18.123733"><ele>42.25</ele></trkpt>
   <trkpt lat="53.085846" lon="18.123477"><ele>40.75</ele></trkpt>
   <trkpt lat="53.086619" lon="18.122961"><ele>38.5</ele></trkpt>
   <trkpt lat="53.087333" lon="18.122447"><ele>38.5</ele></trkpt>
   <trkpt lat="53.087719" lon="18.122128"><ele>38</ele></trkpt>
   <trkpt lat="53.088145" lon="18.121733"><ele>36.75</ele></trkpt>
   <trkpt lat="53.088581" lon="18.121292"><ele>37</ele></trkpt>
   <trkpt lat="53.093024" lon="18.116573"><ele>34.25</ele></trkpt>
   <trkpt lat="53.093248" lon="18.116352"><ele>34</ele></trkpt>
   <trkpt lat="53.093605" lon="18.116029"><ele>33.75</ele></trkpt>
   <trkpt lat="53.09374" lon="18.115912"><ele>33.75</ele></trkpt>
   <trkpt lat="53.093979" lon="18.115713"><ele>33.5</ele></trkpt>
   <trkpt lat="53.094193" lon="18.11555"><ele>33.25</ele></trkpt>
   <trkpt lat="53.094687" lon="18.115211"><ele>32.5</ele></trkpt>
   <trkpt lat="53.095285" lon="18.114855"><ele>33.5</ele></trkpt>
   <trkpt lat="53.097439" lon="18.113641"><ele>34.5</ele></trkpt>
   <trkpt lat="53.097822" lon="18.113433"><ele>34.25</ele></trkpt>
   <trkpt lat="53.099469" lon="18.112613"><ele>34.75</ele></trkpt>
   <trkpt lat="53.10058" lon="18.112073"><ele>34.5</ele></trkpt>
   <trkpt lat="53.100925" lon="18.111917"><ele>33.25</ele></trkpt>
   <trkpt lat="53.101169" lon="18.111819"><ele>33</ele></trkpt>
   <trkpt lat="53.101452" lon="18.11172"><ele>32.25</ele></trkpt>
   <trkpt lat="53.101791" lon="18.111618"><ele>32.25</ele></trkpt>
   <trkpt lat="53.102159" lon="18.111532"><ele>32.5</ele></trkpt>
   <trkpt lat="53.102536" lon="18.111467"><ele>32.75</ele></trkpt>
   <trkpt lat="53.102836" lon="18.111433"><ele>33.75</ele></trkpt>
   <trkpt lat="53.103444" lon="18.111411"><ele>35</ele></trkpt>
   <trkpt lat="53.10395" lon="18.111441"><ele>35.25</ele></trkpt>
   <trkpt lat="53.104476" lon="18.111521"><ele>34.75</ele></trkpt>
   <trkpt lat="53.104784" lon="18.11159"><ele>34.5</ele></trkpt>
   <trkpt lat="53.105002" lon="18.111651"><ele>34</ele></trkpt>
   <trkpt lat="53.105294" lon="18.111739"><ele>34</ele></trkpt>
   <trkpt lat="53.105553" lon="18.111832"><ele>34.25</ele></trkpt>
   <trkpt lat="53.10587" lon="18.111967"><ele>34.75</ele></trkpt>
   <trkpt lat="53.106172" lon="18.112112"><ele>35.25</ele></trkpt>
   <trkpt lat="53.106537" lon="18.112305"><ele>35.5</ele></trkpt>
   <trkpt lat="53.107056" lon="18.112616"><ele>35.75</ele></trkpt>
   <trkpt lat="53.107188" lon="18.112697"><ele>35.75</ele></trkpt>
   <trkpt lat="53.108054" lon="18.113236"><ele>34.25</ele></trkpt>
   <trkpt lat="53.109089" lon="18.113883"><ele>37.25</ele></trkpt>
   <trkpt lat="53.109499" lon="18.114137"><ele>37.25</ele></trkpt>
   <trkpt lat="53.110128" lon="18.11449"><ele>36.75</ele></trkpt>
   <trkpt lat="53.110443" lon="18.11465"><ele>36</ele></trkpt>
   <trkpt lat="53.110843" lon="18.114838"><ele>34.75</ele></trkpt>
   <trkpt lat="53.111182" lon="18.114997"><ele>33</ele></trkpt>
   <trkpt lat="53.111823" lon="18.115301"><ele>31.25</ele></trkpt>
   <trkpt lat="53.11229" lon="18.115524"><ele>30.25</ele></trkpt>
   <trkpt lat="53.113214" lon="18.115963"><ele>30</ele></trkpt>
   <trkpt lat="53.113487" lon="18.116082"><ele>30.25</ele></trkpt>
   <trkpt lat="53.113818" lon="18.116206"><ele>30.5</ele></trkpt>
   <trkpt lat="53.114139" lon="18.116311"><ele>30.75</ele></trkpt>
   <trkpt lat="53.114478" lon="18.116402"><ele>31.25</ele></trkpt>
   <trkpt lat="53.11478" lon="18.116463"><ele>31.75</ele></trkpt>
   <trkpt lat="53.115081" lon="18.116511"><ele>32</ele></trkpt>
   <trkpt lat="53.115447" lon="18.116548"><ele>32</ele></trkpt>
   <trkpt lat="53.115803" lon="18.116565"><ele>32</ele></trkpt>
   <trkpt lat="53.116195" lon="18.116559"><ele>32.5</ele></trkpt>
   <trkpt lat="53.116554" lon="18.116532"><ele>33</ele></trkpt>
   <trkpt lat="53.11688" lon="18.116488"><ele>32.75</ele></trkpt>
   <trkpt lat="53.117211" lon="18.116427"><ele>32.5</ele></trkpt>
   <trkpt lat="53.11761" lon="18.116326"><ele>32.5</ele></trkpt>
   <trkpt lat="53.118109" lon="18.116164"><ele>33</ele></trkpt>
   <trkpt lat="53.118452" lon="18.116026"><ele>33.25</ele></trkpt>
   <trkpt lat="53.118775" lon="18.115874"><ele>33.5</ele></trkpt>
   <trkpt lat="53.119338" lon="18.115569"><ele>34</ele></trkpt>
   <trkpt lat="53.11951" lon="18.115457"><ele>34.25</ele></trkpt>
   <trkpt lat="53.119891" lon="18.115204"><ele>34.75</ele></trkpt>
   <trkpt lat="53.120191" lon="18.114983"><ele>35</ele></trkpt>
   <trkpt lat="53.120444" lon="18.114777"><ele>35</ele></trkpt>
   <trkpt lat="53.120737" lon="18.114522"><ele>34.75</ele></trkpt>
   <trkpt lat="53.120974" lon="18.114302"><ele>34.25</ele></trkpt>
   <trkpt lat="53.121167" lon="18.11411"><ele>33.75</ele></trkpt>
   <trkpt lat="53.121416" lon="18.113851"><ele>33.75</ele></trkpt>
   <trkpt lat="53.121686" lon="18.11355"><ele>34</ele></trkpt>
   <trkpt lat="53.12191" lon="18.113283"><ele>34.25</ele></trkpt>
   <trkpt lat="53.122229" lon="18.112877"><ele>34.25</ele></trkpt>
   <trkpt lat="53.122509" lon="18.112491"><ele>33.75</ele></trkpt>
   <trkpt lat="53.122768" lon="18.112112"><ele>34</ele></trkpt>
   <trkpt lat="53.123021" lon="18.111707"><ele>34.25</ele></trkpt>
   <trkpt lat="53.123242" lon="18.111336"><ele>35</ele></trkpt>
   <trkpt lat="53.123486" lon="18.110897"><ele>35.75</ele></trkpt>
   <trkpt lat="53.123778" lon="18.110323"><ele>35.25</ele></trkpt>
   <trkpt lat="53.124132" lon="18.109556"><ele>35.5</ele></trkpt>
   <trkpt lat="53.124457" lon="18.108764"><ele>36</ele></trkpt>
   <trkpt lat="53.12464" lon="18.108264"><ele>36</ele></trkpt>
   <trkpt lat="53.124771" lon="18.107884"><ele>36.5</ele></trkpt>
   <trkpt lat="53.124894" lon="18.107498"><ele>37</ele></trkpt>
   <trkpt lat="53.125049" lon="18.106993"><ele>37.5</ele></trkpt>
   <trkpt lat="53.125177" lon="18.106535"><ele>38</ele></trkpt>
   <trkpt lat="53.125293" lon="18.106086"><ele>37.75</ele></trkpt>
   <trkpt lat="53.125388" lon="18.105685"><ele>37.75</ele></trkpt>
   <trkpt lat="53.125553" lon="18.104901"><ele>38</ele></trkpt>
   <trkpt lat="53.125658" lon="18.104331"><ele>37.75</ele></trkpt>
   <trkpt lat="53.125813" lon="18.103401"><ele>37.75</ele></trkpt>
   <trkpt lat="53.127292" lon="18.093941"><ele>41.25</ele></trkpt>
   <trkpt lat="53.127514" lon="18.092555"><ele>42</ele></trkpt>
   <trkpt lat="53.127593" lon="18.092036"><ele>41.75</ele></trkpt>
   <trkpt lat="53.12767" lon="18.091473"><ele>41.75</ele></trkpt>
   <trkpt lat="53.127753" lon="18.090757"><ele>42.75</ele></trkpt>
   <trkpt lat="53.127801" lon="18.090205"><ele>43</ele></trkpt>
   <trkpt lat="53.127812" lon="18.090076"><ele>43</ele></trkpt>
   <trkpt lat="53.127861" lon="18.089211"><ele>43.25</ele></trkpt>
   <trkpt lat="53.127878" lon="18.088646"><ele>43.25</ele></trkpt>
   <trkpt lat="53.127895" lon="18.087145"><ele>42.25</ele></trkpt>
   <trkpt lat="53.127895" lon="18.086883"><ele>42.25</ele></trkpt>
   <trkpt lat="53.12792" lon="18.083835"><ele>42.5</ele></trkpt>
   <trkpt lat="53.127923" lon="18.083112"><ele>42.5</ele></trkpt>
   <trkpt lat="53.127944" lon="18.081981"><ele>42.5</ele></trkpt>
   <trkpt lat="53.127983" lon="18.081198"><ele>42</ele></trkpt>
   <trkpt lat="53.128027" lon="18.080635"><ele>41.5</ele></trkpt>
   <trkpt lat="53.12804" lon="18.080484"><ele>41.5</ele></trkpt>
   <trkpt lat="53.12808" lon="18.08008"><ele>41.25</ele></trkpt>
   <trkpt lat="53.128139" lon="18.0796"><ele>41.5</ele></trkpt>
   <trkpt lat="53.1283" lon="18.078412"><ele>41.75</ele></trkpt>
   <trkpt lat="53.128551" lon="18.076647"><ele>42.25</ele></trkpt>
   <trkpt lat="53.128674" lon="18.07574"><ele>43.5</ele></trkpt>
   <trkpt lat="53.129097" lon="18.072576"><ele>43.75</ele></trkpt>
   <trkpt lat="53.129992" lon="18.066287"><ele>45.75</ele></trkpt>
   <trkpt lat="53.13072" lon="18.061175"><ele>45.75</ele></trkpt>
   <trkpt lat="53.13086" lon="18.060189"><ele>46</ele></trkpt>
   <trkpt lat="53.13088" lon="18.060052"><ele>46</ele></trkpt>
   <trkpt lat="53.131408" lon="18.056334"><ele>47.75</ele></trkpt>
   <trkpt lat="53.131522" lon="18.055533"><ele>48.5</ele></trkpt>
   <trkpt lat="53.131558" lon="18.055283"><ele>48.5</ele></trkpt>
   <trkpt lat="53.131566" lon="18.055229"><ele>48.75</ele></trkpt>
   <trkpt lat="53.131818" lon="18.053433"><ele>49</ele></trkpt>
   <trkpt lat="53.131898" lon="18.052936"><ele>49</ele></trkpt>
   <trkpt lat="53.131977" lon="18.052487"><ele>49</ele></trkpt>
   <trkpt lat="53.13204" lon="18.052171"><ele>49</ele></trkpt>
   <trkpt lat="53.132107" lon="18.051863"><ele>49</ele></trkpt>
   <trkpt lat="53.132127" lon="18.051782"><ele>49</ele></trkpt>
   <trkpt lat="53.132218" lon="18.051418"><ele>49</ele></trkpt>
   <trkpt lat="53.132375" lon="18.050849"><ele>49</ele></trkpt>
   <trkpt lat="53.132588" lon="18.050158"><ele>48.75</ele></trkpt>
   <trkpt lat="53.132715" lon="18.049777"><ele>48.75</ele></trkpt>
   <trkpt lat="53.133079" lon="18.048781"><ele>48.5</ele></trkpt>
   <trkpt lat="53.133266" lon="18.04832"><ele>48</ele></trkpt>
   <trkpt lat="53.133415" lon="18.047972"><ele>47.5</ele></trkpt>
   <trkpt lat="53.133556" lon="18.047665"><ele>47.25</ele></trkpt>
   <trkpt lat="53.133714" lon="18.047331"><ele>47.25</ele></trkpt>
   <trkpt lat="53.133866" lon="18.047029"><ele>47.5</ele></trkpt>
   <trkpt lat="53.134038" lon="18.046714"><ele>47.75</ele></trkpt>
   <trkpt lat="53.134367" lon="18.046153"><ele>48.5</ele></trkpt>
   <trkpt lat="53.134603" lon="18.045783"><ele>49</ele></trkpt>
   <trkpt lat="53.137561" lon="18.041299"><ele>48.5</ele></trkpt>
   <trkpt lat="53.139029" lon="18.039116"><ele>52.25</ele></trkpt>
   <trkpt lat="53.139831" lon="18.037866"><ele>52</ele></trkpt>
   <trkpt lat="53.140308" lon="18.037143"><ele>51.25</ele></trkpt>
   <trkpt lat="53.142039" lon="18.034516"><ele>51.75</ele></trkpt>
   <trkpt lat="53.142294" lon="18.034131"><ele>52.25</ele></trkpt>
   <trkpt lat="53.143394" lon="18.032471"><ele>52.75</ele></trkpt>
   <trkpt lat="53.144608" lon="18.030631"><ele>52</ele></trkpt>
   <trkpt lat="53.144955" lon="18.030105"><ele>51.75</ele></trkpt>
   <trkpt lat="53.145733" lon="18.028928"><ele>51.75</ele></trkpt>
   <trkpt lat="53.146078" lon="18.028378"><ele>51.5</ele></trkpt>
   <trkpt lat="53.146255" lon="18.028078"><ele>51</ele></trkpt>
   <trkpt lat="53.14654" lon="18.027556"><ele>50</ele></trkpt>
   <trkpt lat="53.146671" lon="18.027288"><ele>50</ele></trkpt>
   <trkpt lat="53.146848" lon="18.026899"><ele>50.25</ele></trkpt>
   <trkpt lat="53.147082" lon="18.026325"><ele>51</ele></trkpt>
   <trkpt lat="53.147215" lon="18.025965"><ele>51.75</ele></trkpt>
   <trkpt lat="53.147525" lon="18.025066"><ele>52.75</ele></trkpt>
   <trkpt lat="53.147769" lon="18.024276"><ele>53.25</ele></trkpt>
   <trkpt lat="53.147879" lon="18.023887"><ele>53.25</ele></trkpt>
   <trkpt lat="53.148017" lon="18.023366"><ele>53.5</ele></trkpt>
   <trkpt lat="53.148115" lon="18.022948"><ele>52.75</ele></trkpt>
   <trkpt lat="53.148203" lon="18.02253"><ele>51.75</ele></trkpt>
   <trkpt lat="53.148335" lon="18.021797"><ele>50.25</ele></trkpt>
   <trkpt lat="53.148431" lon="18.021114"><ele>50.75</ele></trkpt>
   <trkpt lat="53.148478" lon="18.020686"><ele>51.25</ele></trkpt>
   <trkpt lat="53.148515" lon="18.020281"><ele>51.5</ele></trkpt>
   <trkpt lat="53.148543" lon="18.019883"><ele>52</ele></trkpt>
   <trkpt lat="53.148562" lon="18.019507"><ele>52.5</ele></trkpt>
   <trkpt lat="53.148577" lon="18.019118"><ele>53</ele></trkpt>
   <trkpt lat="53.148583" lon="18.018737"><ele>53</ele></trkpt>
   <trkpt lat="53.148577" lon="18.017914"><ele>53</ele></trkpt>
   <trkpt lat="53.148545" lon="18.016742"><ele>53.25</ele></trkpt>
   <trkpt lat="53.14852" lon="18.016271"><ele>54.25</ele></trkpt>
   <trkpt lat="53.148488" lon="18.015811"><ele>55.5</ele></trkpt>
   <trkpt lat="53.148447" lon="18.015354"><ele>56</ele></trkpt>
   <trkpt lat="53.148396" lon="18.014888"><ele>56.5</ele></trkpt>
   <trkpt lat="53.14835" lon="18.014541"><ele>57</ele></trkpt>
   <trkpt lat="53.148221" lon="18.013738"><ele>57.75</ele></trkpt>
   <trkpt lat="53.148139" lon="18.013303"><ele>58</ele></trkpt>
   <trkpt lat="53.148004" lon="18.012685"><ele>57</ele></trkpt>
   <trkpt lat="53.147958" lon="18.012488"><ele>56.5</ele></trkpt>
   <trkpt lat="53.14786" lon="18.012117"><ele>55.75</ele></trkpt>
   <trkpt lat="53.147767" lon="18.011778"><ele>55</ele></trkpt>
   <trkpt lat="53.147663" lon="18.01143"><ele>54.25</ele></trkpt>
   <trkpt lat="53.147422" lon="18.010692"><ele>53.5</ele></trkpt>
   <trkpt lat="53.147279" lon="18.010281"><ele>53</ele></trkpt>
   <trkpt lat="53.146922" lon="18.009332"><ele>51.5</ele></trkpt>
   <trkpt lat="53.146679" lon="18.008751"><ele>50</ele></trkpt>
   <trkpt lat="53.146503" lon="18.008374"><ele>49.75</ele></trkpt>
   <trkpt lat="53.146368" lon="18.008097"><ele>49.75</ele></trkpt>
   <trkpt lat="53.146205" lon="18.007787"><ele>50</ele></trkpt>
   <trkpt lat="53.146021" lon="18.007462"><ele>50.25</ele></trkpt>
   <trkpt lat="53.145811" lon="18.007111"><ele>50.25</ele></trkpt>
   <trkpt lat="53.145644" lon="18.006852"><ele>50.5</ele></trkpt>
   <trkpt lat="53.145309" lon="18.00638"><ele>50.25</ele></trkpt>
   <trkpt lat="53.145113" lon="18.006129"><ele>50</ele></trkpt>
   <trkpt lat="53.144908" lon="18.005881"><ele>49.75</ele></trkpt>
   <trkpt lat="53.144679" lon="18.005634"><ele>49.5</ele></trkpt>
   <trkpt lat="53.144517" lon="18.00546"><ele>49</ele></trkpt>
   <trkpt lat="53.144052" lon="18.005025"><ele>48.25</ele></trkpt>
   <trkpt lat="53.14379" lon="18.004805"><ele>48.75</ele></trkpt>
   <trkpt lat="53.142346" lon="18.003647"><ele>50</ele></trkpt>
   <trkpt lat="53.141954" lon="18.00331"><ele>49.25</ele></trkpt>
   <trkpt lat="53.141545" lon="18.002936"><ele>48.5</ele></trkpt>
   <trkpt lat="53.141389" lon="18.002789"><ele>48.5</ele></trkpt>
   <trkpt lat="53.140879" lon="18.002261"><ele>48.5</ele></trkpt>
   <trkpt lat="53.140431" lon="18.001751"><ele>49</ele></trkpt>
   <trkpt lat="53.139929" lon="18.001132"><ele>49.75</ele></trkpt>
   <trkpt lat="53.139696" lon="18.00081"><ele>49.5</ele></trkpt>
   <trkpt lat="53.139313" lon="18.000254"><ele>49</ele></trkpt>
   <trkpt lat="53.139084" lon="17.999909"><ele>48.75</ele></trkpt>
   <trkpt lat="53.138593" lon="17.99912"><ele>48.5</ele></trkpt>
   <trkpt lat="53.138242" lon="17.998553"><ele>47.75</ele></trkpt>
   <trkpt lat="53.137962" lon="17.998105"><ele>47.75</ele></trkpt>
   <trkpt lat="53.13795" lon="17.998084"><ele>48</ele></trkpt>
   <trkpt lat="53.137546" lon="17.997428"><ele>48</ele></trkpt>
   <trkpt lat="53.137276" lon="17.996992"><ele>48</ele></trkpt>
   <trkpt lat="53.137039" lon="17.996517"><ele>47.25</ele></trkpt>
   <trkpt lat="53.136597" lon="17.995628"><ele>46.75</ele></trkpt>
   <trkpt lat="53.136461" lon="17.995333"><ele>46.75</ele></trkpt>
   <trkpt lat="53.136204" lon="17.994723"><ele>46.25</ele></trkpt>
   <trkpt lat="53.136099" lon="17.994447"><ele>46.25</ele></trkpt>
   <trkpt lat="53.135349" lon="17.992294"><ele>47.5</ele></trkpt>
   <trkpt lat="53.135172" lon="17.991788"><ele>47.75</ele></trkpt>
   <trkpt lat="53.134462" lon="17.989744"><ele>46.75</ele></trkpt>
   <trkpt lat="53.134194" lon="17.989078"><ele>46</ele></trkpt>
  </trkseg>
 </trk>
</gpx>