<?xml version="1.0" encoding="UTF-8"?>
<!-- track-length = 102314 filtered ascend = 192 plain-ascend = 81 cost=102314 energy=1.3kwh time=2h 16m 25s -->
<gpx 
 xmlns="http://www.topografix.com/GPX/1/1" 
 xmlns:xsi="http://www.w3.org/2001/XMLSchema-instance" 
 xsi:schemaLocation="http://www.topografix.com/GPX/1/1 http://www.topografix.com/GPX/1/1/gpx.xsd" 
 version="1.1" 
 creator="BRouter-Web 0.18.1">
 <trk>
  <name>Usti - Celakovice</name>
  <trkseg>
   <trkpt lat="50.650132" lon="14.048561"><ele>147</ele></trkpt>
   <trkpt lat="50.650016" lon="14.048533"><ele>147.25</ele></trkpt>
   <trkpt lat="50.64988" lon="14.048501"><ele>147.25</ele></trkpt>
   <trkpt lat="50.649732" lon="14.048466"><ele>147.5</ele></trkpt>
   <trkpt lat="50.647523" lon="14.047942"><ele>147</ele></trkpt>
   <trkpt lat="50.646799" lon="14.047772"><ele>147</ele></trkpt>
   <trkpt lat="50.64642" lon="14.04768"><ele>147</ele></trkpt>
   <trkpt lat="50.645997" lon="14.047591"><ele>146</ele></trkpt>
   <trkpt lat="50.645596" lon="14.047558"><ele>145.75</ele></trkpt>
   <trkpt lat="50.645289" lon="14.047574"><ele>146.25</ele></trkpt>
   <trkpt lat="50.645138" lon="14.047593"><ele>145.5</ele></trkpt>
   <trkpt lat="50.644787" lon="14.047672"><ele>145.5</ele></trkpt>
   <trkpt lat="50.644399" lon="14.047782"><ele>146.75</ele></trkpt>
   <trkpt lat="50.644095" lon="14.047878"><ele>146</ele></trkpt>
   <trkpt lat="50.643652" lon="14.048051"><ele>145.75</ele></trkpt>
   <trkpt lat="50.64332" lon="14.048159"><ele>145.75</ele></trkpt>
   <trkpt lat="50.64327" lon="14.048175"><ele>145.5</ele></trkpt>
   <trkpt lat="50.641399" lon="14.048719"><ele>142.5</ele></trkpt>
   <trkpt lat="50.640852" lon="14.048886"><ele>143</ele></trkpt>
   <trkpt lat="50.640716" lon="14.048935"><ele>142.75</ele></trkpt>
   <trkpt lat="50.638685" lon="14.049666"><ele>143.5</ele></trkpt>
   <trkpt lat="50.63811" lon="14.049842"><ele>142.75</ele></trkpt>
   <trkpt lat="50.637033" lon="14.050097"><ele>142.25</ele></trkpt>
   <trkpt lat="50.636452" lon="14.050223"><ele>142.75</ele></trkpt>
   <trkpt lat="50.635899" lon="14.050361"><ele>142.25</ele></trkpt>
   <trkpt lat="50.635643" lon="14.050436"><ele>142.75</ele></trkpt>
   <trkpt lat="50.635089" lon="14.05064"><ele>142.75</ele></trkpt>
   <trkpt lat="50.632392" lon="14.051806"><ele>143.5</ele></trkpt>
   <trkpt lat="50.632273" lon="14.051856"><ele>144</ele></trkpt>
   <trkpt lat="50.631281" lon="14.052286"><ele>143.75</ele></trkpt>
   <trkpt lat="50.630855" lon="14.052474"><ele>144.75</ele></trkpt>
   <trkpt lat="50.630666" lon="14.052573"><ele>144.75</ele></trkpt>
   <trkpt lat="50.630464" lon="14.05269"><ele>145.25</ele></trkpt>
   <trkpt lat="50.630135" lon="14.05293"><ele>146.5</ele></trkpt>
   <trkpt lat="50.629964" lon="14.053082"><ele>147</ele></trkpt>
   <trkpt lat="50.62964" lon="14.053427"><ele>147.75</ele></trkpt>
   <trkpt lat="50.629489" lon="14.053616"><ele>147</ele></trkpt>
   <trkpt lat="50.629346" lon="14.053819"><ele>147.75</ele></trkpt>
   <trkpt lat="50.629212" lon="14.054028"><ele>148</ele></trkpt>
   <trkpt lat="50.628995" lon="14.054416"><ele>148.5</ele></trkpt>
   <trkpt lat="50.628882" lon="14.054657"><ele>147.5</ele></trkpt>
   <trkpt lat="50.628781" lon="14.054896"><ele>148.75</ele></trkpt>
   <trkpt lat="50.628668" lon="14.055187"><ele>148.75</ele></trkpt>
   <trkpt lat="50.628493" lon="14.055752"><ele>146</ele></trkpt>
   <trkpt lat="50.628425" lon="14.056026"><ele>146.75</ele></trkpt>
   <trkpt lat="50.628367" lon="14.056296"><ele>147.25</ele></trkpt>
   <trkpt lat="50.628321" lon="14.056559"><ele>147.25</ele></trkpt>
   <trkpt lat="50.628279" lon="14.056866"><ele>146.75</ele></trkpt>
   <trkpt lat="50.628244" lon="14.057179"><ele>146</ele></trkpt>
   <trkpt lat="50.628221" lon="14.057508"><ele>145.5</ele></trkpt>
   <trkpt lat="50.628179" lon="14.058609"><ele>147</ele></trkpt>
   <trkpt lat="50.628161" lon="14.059359"><ele>146.25</ele></trkpt>
   <trkpt lat="50.628151" lon="14.059592"><ele>146</ele></trkpt>
   <trkpt lat="50.628133" lon="14.059953"><ele>146.5</ele></trkpt>
   <trkpt lat="50.628096" lon="14.060466"><ele>147</ele></trkpt>
   <trkpt lat="50.628041" lon="14.06096"><ele>148.5</ele></trkpt>
   <trkpt lat="50.627996" lon="14.0613"><ele>148.25</ele></trkpt>
   <trkpt lat="50.62794" lon="14.061655"><ele>147.5</ele></trkpt>
   <trkpt lat="50.627871" lon="14.062041"><ele>147.5</ele></trkpt>
   <trkpt lat="50.627799" lon="14.062404"><ele>148.5</ele></trkpt>
   <trkpt lat="50.627716" lon="14.062766"><ele>148.75</ele></trkpt>
   <trkpt lat="50.627629" lon="14.063115"><ele>147.75</ele></trkpt>
   <trkpt lat="50.627523" lon="14.063499"><ele>149.25</ele></trkpt>
   <trkpt lat="50.627416" lon="14.063854"><ele>149</ele></trkpt>
   <trkpt lat="50.62718" lon="14.064545"><ele>149.25</ele></trkpt>
   <trkpt lat="50.626746" lon="14.065753"><ele>148.25</ele></trkpt>
   <trkpt lat="50.626697" lon="14.06589"><ele>148.75</ele></trkpt>
   <trkpt lat="50.626064" lon="14.067653"><ele>149.75</ele></trkpt>
   <trkpt lat="50.625805" lon="14.068434"><ele>149.5</ele></trkpt>
   <trkpt lat="50.625568" lon="14.069264"><ele>150</ele></trkpt>
   <trkpt lat="50.625226" lon="14.070505"><ele>150</ele></trkpt>
   <trkpt lat="50.62502" lon="14.071177"><ele>151.25</ele></trkpt>
   <trkpt lat="50.624916" lon="14.071479"><ele>150.25</ele></trkpt>
   <trkpt lat="50.624798" lon="14.071784"><ele>151.25</ele></trkpt>
   <trkpt lat="50.624679" lon="14.072067"><ele>150.75</ele></trkpt>
   <trkpt lat="50.624402" lon="14.072648"><ele>150</ele></trkpt>
   <trkpt lat="50.624081" lon="14.073202"><ele>149.75</ele></trkpt>
   <trkpt lat="50.623912" lon="14.073455"><ele>149.75</ele></trkpt>
   <trkpt lat="50.623554" lon="14.073959"><ele>150.25</ele></trkpt>
   <trkpt lat="50.623366" lon="14.074212"><ele>150.25</ele></trkpt>
   <trkpt lat="50.622979" lon="14.074702"><ele>150.25</ele></trkpt>
   <trkpt lat="50.622791" lon="14.074921"><ele>150.5</ele></trkpt>
   <trkpt lat="50.622614" lon="14.075108"><ele>150.5</ele></trkpt>
   <trkpt lat="50.622406" lon="14.075313"><ele>150.75</ele></trkpt>
   <trkpt lat="50.62208" lon="14.075591"><ele>150.5</ele></trkpt>
   <trkpt lat="50.62195" lon="14.075686"><ele>150.25</ele></trkpt>
   <trkpt lat="50.621764" lon="14.075816"><ele>150.25</ele></trkpt>
   <trkpt lat="50.621545" lon="14.075953"><ele>149.75</ele></trkpt>
   <trkpt lat="50.621313" lon="14.076085"><ele>150.5</ele></trkpt>
   <trkpt lat="50.619182" lon="14.077215"><ele>150</ele></trkpt>
   <trkpt lat="50.619068" lon="14.077275"><ele>150</ele></trkpt>
   <trkpt lat="50.617983" lon="14.077851"><ele>150.75</ele></trkpt>
   <trkpt lat="50.6176" lon="14.078042"><ele>152</ele></trkpt>
   <trkpt lat="50.617424" lon="14.078115"><ele>152.25</ele></trkpt>
   <trkpt lat="50.617231" lon="14.078181"><ele>151.75</ele></trkpt>
   <trkpt lat="50.617041" lon="14.078232"><ele>151</ele></trkpt>
   <trkpt lat="50.616862" lon="14.078265"><ele>150.75</ele></trkpt>
   <trkpt lat="50.616557" lon="14.078289"><ele>151</ele></trkpt>
   <trkpt lat="50.616326" lon="14.078271"><ele>150.75</ele></trkpt>
   <trkpt lat="50.616135" lon="14.078245"><ele>150</ele></trkpt>
   <trkpt lat="50.615935" lon="14.078214"><ele>150</ele></trkpt>
   <trkpt lat="50.613047" lon="14.077519"><ele>151.75</ele></trkpt>
   <trkpt lat="50.612577" lon="14.077413"><ele>149.25</ele></trkpt>
   <trkpt lat="50.612262" lon="14.077359"><ele>149.5</ele></trkpt>
   <trkpt lat="50.611958" lon="14.07733"><ele>151</ele></trkpt>
   <trkpt lat="50.60999" lon="14.077262"><ele>150.5</ele></trkpt>
   <trkpt lat="50.609875" lon="14.077258"><ele>152.25</ele></trkpt>
   <trkpt lat="50.609587" lon="14.077226"><ele>154</ele></trkpt>
   <trkpt lat="50.609382" lon="14.077192"><ele>153.75</ele></trkpt>
   <trkpt lat="50.609188" lon="14.077141"><ele>154</ele></trkpt>
   <trkpt lat="50.608797" lon="14.077007"><ele>154.75</ele></trkpt>
   <trkpt lat="50.608598" lon="14.076913"><ele>153.75</ele></trkpt>
   <trkpt lat="50.608039" lon="14.076571"><ele>153.5</ele></trkpt>
   <trkpt lat="50.607015" lon="14.075868"><ele>154.5</ele></trkpt>
   <trkpt lat="50.60663" lon="14.075613"><ele>154.75</ele></trkpt>
   <trkpt lat="50.606239" lon="14.075397"><ele>154.75</ele></trkpt>
   <trkpt lat="50.606037" lon="14.075312"><ele>155.5</ele></trkpt>
   <trkpt lat="50.605636" lon="14.075184"><ele>154.25</ele></trkpt>
   <trkpt lat="50.605394" lon="14.075138"><ele>154</ele></trkpt>
   <trkpt lat="50.604832" lon="14.075057"><ele>156.75</ele></trkpt>
   <trkpt lat="50.604504" lon="14.075034"><ele>155.75</ele></trkpt>
   <trkpt lat="50.604366" lon="14.075025"><ele>155.75</ele></trkpt>
   <trkpt lat="50.601511" lon="14.074829"><ele>157.5</ele></trkpt>
   <trkpt lat="50.601037" lon="14.07478"><ele>157.75</ele></trkpt>
   <trkpt lat="50.600759" lon="14.074736"><ele>157.5</ele></trkpt>
   <trkpt lat="50.60027" lon="14.074608"><ele>157.75</ele></trkpt>
   <trkpt lat="50.600017" lon="14.074518"><ele>158</ele></trkpt>
   <trkpt lat="50.599774" lon="14.074419"><ele>158.5</ele></trkpt>
   <trkpt lat="50.59954" lon="14.074312"><ele>158.5</ele></trkpt>
   <trkpt lat="50.599064" lon="14.074056"><ele>159.5</ele></trkpt>
   <trkpt lat="50.598524" lon="14.07373"><ele>159.5</ele></trkpt>
   <trkpt lat="50.598391" lon="14.073656"><ele>159.25</ele></trkpt>
   <trkpt lat="50.597642" lon="14.07321"><ele>156.75</ele></trkpt>
   <trkpt lat="50.597547" lon="14.073149"><ele>156.75</ele></trkpt>
   <trkpt lat="50.597212" lon="14.072926"><ele>157.25</ele></trkpt>
   <trkpt lat="50.59704" lon="14.072795"><ele>158</ele></trkpt>
   <trkpt lat="50.596712" lon="14.072481"><ele>158.25</ele></trkpt>
   <trkpt lat="50.59642" lon="14.072134"><ele>158.5</ele></trkpt>
   <trkpt lat="50.596282" lon="14.071941"><ele>159.25</ele></trkpt>
   <trkpt lat="50.596142" lon="14.071729"><ele>159.25</ele></trkpt>
   <trkpt lat="50.596013" lon="14.07151"><ele>158.75</ele></trkpt>
   <trkpt lat="50.595765" lon="14.071023"><ele>159</ele></trkpt>
   <trkpt lat="50.594124" lon="14.067472"><ele>162</ele></trkpt>
   <trkpt lat="50.59407" lon="14.067353"><ele>161.25</ele></trkpt>
   <trkpt lat="50.593929" lon="14.067038"><ele>160</ele></trkpt>
   <trkpt lat="50.593846" lon="14.066859"><ele>158.75</ele></trkpt>
   <trkpt lat="50.593628" lon="14.066341"><ele>159.5</ele></trkpt>
   <trkpt lat="50.593463" lon="14.065874"><ele>162.25</ele></trkpt>
   <trkpt lat="50.593374" lon="14.065572"><ele>162.5</ele></trkpt>
   <trkpt lat="50.593291" lon="14.065257"><ele>162.25</ele></trkpt>
   <trkpt lat="50.593222" lon="14.064963"><ele>164.5</ele></trkpt>
   <trkpt lat="50.593161" lon="14.064663"><ele>163</ele></trkpt>
   <trkpt lat="50.593073" lon="14.064043"><ele>161</ele></trkpt>
   <trkpt lat="50.593041" lon="14.063708"><ele>161</ele></trkpt>
   <trkpt lat="50.592993" lon="14.062894"><ele>159.5</ele></trkpt>
   <trkpt lat="50.592989" lon="14.062822"><ele>159.25</ele></trkpt>
   <trkpt lat="50.592944" lon="14.06192"><ele>157.25</ele></trkpt>
   <trkpt lat="50.592884" lon="14.060649"><ele>157.25</ele></trkpt>
   <trkpt lat="50.592877" lon="14.060504"><ele>157.75</ele></trkpt>
   <trkpt lat="50.592863" lon="14.059431"><ele>157.75</ele></trkpt>
   <trkpt lat="50.59282" lon="14.058539"><ele>158.75</ele></trkpt>
   <trkpt lat="50.592805" lon="14.058265"><ele>159</ele></trkpt>
   <trkpt lat="50.592794" lon="14.057915"><ele>158.5</ele></trkpt>
   <trkpt lat="50.59279" lon="14.057504"><ele>158.75</ele></trkpt>
   <trkpt lat="50.592794" lon="14.056763"><ele>158.75</ele></trkpt>
   <trkpt lat="50.592809" lon="14.056358"><ele>159</ele></trkpt>
   <trkpt lat="50.592949" lon="14.053896"><ele>159.75</ele></trkpt>
   <trkpt lat="50.592979" lon="14.053359"><ele>159.5</ele></trkpt>
   <trkpt lat="50.592996" lon="14.05306"><ele>159.25</ele></trkpt>
   <trkpt lat="50.593084" lon="14.051551"><ele>158.75</ele></trkpt>
   <trkpt lat="50.593124" lon="14.050804"><ele>158.75</ele></trkpt>
   <trkpt lat="50.59313" lon="14.050381"><ele>158.5</ele></trkpt>
   <trkpt lat="50.593128" lon="14.050106"><ele>158.5</ele></trkpt>
   <trkpt lat="50.593136" lon="14.049831"><ele>158.25</ele></trkpt>
   <trkpt lat="50.593145" lon="14.049684"><ele>158.25</ele></trkpt>
   <trkpt lat="50.593153" lon="14.049157"><ele>158.25</ele></trkpt>
   <trkpt lat="50.593162" lon="14.048627"><ele>159</ele></trkpt>
   <trkpt lat="50.593166" lon="14.04856"><ele>159</ele></trkpt>
   <trkpt lat="50.593202" lon="14.047748"><ele>159.75</ele></trkpt>
   <trkpt lat="50.593204" lon="14.047134"><ele>159</ele></trkpt>
   <trkpt lat="50.593196" lon="14.046869"><ele>158.25</ele></trkpt>
   <trkpt lat="50.593174" lon="14.046543"><ele>156.75</ele></trkpt>
   <trkpt lat="50.593099" lon="14.04594"><ele>156.75</ele></trkpt>
   <trkpt lat="50.593045" lon="14.045635"><ele>157.25</ele></trkpt>
   <trkpt lat="50.592976" lon="14.045306"><ele>156.5</ele></trkpt>
   <trkpt lat="50.592896" lon="14.044965"><ele>155.5</ele></trkpt>
   <trkpt lat="50.592811" lon="14.044643"><ele>156.25</ele></trkpt>
   <trkpt lat="50.592719" lon="14.044338"><ele>157</ele></trkpt>
   <trkpt lat="50.592602" lon="14.043997"><ele>157</ele></trkpt>
   <trkpt lat="50.592456" lon="14.043615"><ele>157.5</ele></trkpt>
   <trkpt lat="50.592293" lon="14.043247"><ele>158.5</ele></trkpt>
   <trkpt lat="50.592069" lon="14.042794"><ele>158.5</ele></trkpt>
   <trkpt lat="50.588982" lon="14.036852"><ele>156.75</ele></trkpt>
   <trkpt lat="50.588852" lon="14.036615"><ele>155.5</ele></trkpt>
   <trkpt lat="50.588709" lon="14.036373"><ele>156.75</ele></trkpt>
   <trkpt lat="50.58841" lon="14.035941"><ele>155.25</ele></trkpt>
   <trkpt lat="50.588113" lon="14.035572"><ele>154.5</ele></trkpt>
   <trkpt lat="50.587957" lon="14.035405"><ele>154.25</ele></trkpt>
   <trkpt lat="50.587781" lon="14.035234"><ele>154.5</ele></trkpt>
   <trkpt lat="50.587637" lon="14.035106"><ele>154.25</ele></trkpt>
   <trkpt lat="50.587463" lon="14.034966"><ele>154.5</ele></trkpt>
   <trkpt lat="50.587305" lon="14.034848"><ele>154</ele></trkpt>
   <trkpt lat="50.587123" lon="14.03473"><ele>154</ele></trkpt>
   <trkpt lat="50.586939" lon="14.034623"><ele>153.25</ele></trkpt>
   <trkpt lat="50.586766" lon="14.034537"><ele>153.5</ele></trkpt>
   <trkpt lat="50.586415" lon="14.0344"><ele>153.5</ele></trkpt>
   <trkpt lat="50.586036" lon="14.034303"><ele>153.5</ele></trkpt>
   <trkpt lat="50.585651" lon="14.034261"><ele>154.5</ele></trkpt>
   <trkpt lat="50.585269" lon="14.034267"><ele>155</ele></trkpt>
   <trkpt lat="50.584886" lon="14.034331"><ele>153.75</ele></trkpt>
   <trkpt lat="50.584696" lon="14.034386"><ele>153.5</ele></trkpt>
   <trkpt lat="50.584504" lon="14.034453"><ele>154.25</ele></trkpt>
   <trkpt lat="50.584133" lon="14.034641"><ele>152.75</ele></trkpt>
   <trkpt lat="50.583779" lon="14.034885"><ele>153.5</ele></trkpt>
   <trkpt lat="50.583303" lon="14.035293"><ele>152.5</ele></trkpt>
   <trkpt lat="50.582483" lon="14.036036"><ele>151.25</ele></trkpt>
   <trkpt lat="50.582181" lon="14.036347"><ele>152</ele></trkpt>
   <trkpt lat="50.581841" lon="14.036746"><ele>151.75</ele></trkpt>
   <trkpt lat="50.580991" lon="14.037811"><ele>151</ele></trkpt>
   <trkpt lat="50.580849" lon="14.037982"><ele>151</ele></trkpt>
   <trkpt lat="50.580635" lon="14.038231"><ele>151.25</ele></trkpt>
   <trkpt lat="50.580469" lon="14.038405"><ele>151.75</ele></trkpt>
   <trkpt lat="50.580287" lon="14.038584"><ele>152.5</ele></trkpt>
   <trkpt lat="50.580004" lon="14.038822"><ele>152</ele></trkpt>
   <trkpt lat="50.579491" lon="14.039199"><ele>152.25</ele></trkpt>
   <trkpt lat="50.576783" lon="14.041118"><ele>152.25</ele></trkpt>
   <trkpt lat="50.575113" lon="14.042316"><ele>151.75</ele></trkpt>
   <trkpt lat="50.57457" lon="14.042691"><ele>152.25</ele></trkpt>
   <trkpt lat="50.574045" lon="14.043077"><ele>152</ele></trkpt>
   <trkpt lat="50.573694" lon="14.043303"><ele>152</ele></trkpt>
   <trkpt lat="50.573524" lon="14.043403"><ele>152</ele></trkpt>
   <trkpt lat="50.573329" lon="14.043501"><ele>152</ele></trkpt>
   <trkpt lat="50.573135" lon="14.043576"><ele>152.5</ele></trkpt>
   <trkpt lat="50.572945" lon="14.043635"><ele>152.5</ele></trkpt>
   <trkpt lat="50.57274" lon="14.04368"><ele>152</ele></trkpt>
   <trkpt lat="50.572547" lon="14.043715"><ele>152.25</ele></trkpt>
   <trkpt lat="50.572126" lon="14.043761"><ele>152.5</ele></trkpt>
   <trkpt lat="50.571707" lon="14.043768"><ele>152.5</ele></trkpt>
   <trkpt lat="50.571285" lon="14.043747"><ele>152.5</ele></trkpt>
   <trkpt lat="50.571066" lon="14.043715"><ele>151.75</ele></trkpt>
   <trkpt lat="50.570955" lon="14.043701"><ele>152</ele></trkpt>
   <trkpt lat="50.570665" lon="14.043653"><ele>152.5</ele></trkpt>
   <trkpt lat="50.570449" lon="14.043604"><ele>152.75</ele></trkpt>
   <trkpt lat="50.570269" lon="14.043546"><ele>153</ele></trkpt>
   <trkpt lat="50.569927" lon="14.043409"><ele>153.75</ele></trkpt>
   <trkpt lat="50.569758" lon="14.043323"><ele>153</ele></trkpt>
   <trkpt lat="50.569284" lon="14.043059"><ele>153.5</ele></trkpt>
   <trkpt lat="50.568178" lon="14.042399"><ele>154.25</ele></trkpt>
   <trkpt lat="50.567628" lon="14.04208"><ele>152.75</ele></trkpt>
   <trkpt lat="50.567511" lon="14.04202"><ele>152.5</ele></trkpt>
   <trkpt lat="50.567434" lon="14.041981"><ele>152</ele></trkpt>
   <trkpt lat="50.567096" lon="14.041824"><ele>151.5</ele></trkpt>
   <trkpt lat="50.566566" lon="14.041631"><ele>151.5</ele></trkpt>
   <trkpt lat="50.565069" lon="14.041161"><ele>148</ele></trkpt>
   <trkpt lat="50.564889" lon="14.041104"><ele>149</ele></trkpt>
   <trkpt lat="50.564084" lon="14.040853"><ele>151.5</ele></trkpt>
   <trkpt lat="50.562623" lon="14.040398"><ele>150.75</ele></trkpt>
   <trkpt lat="50.558138" lon="14.038989"><ele>149.25</ele></trkpt>
   <trkpt lat="50.557566" lon="14.038818"><ele>149.5</ele></trkpt>
   <trkpt lat="50.557373" lon="14.038764"><ele>149.25</ele></trkpt>
   <trkpt lat="50.557176" lon="14.038725"><ele>149.5</ele></trkpt>
   <trkpt lat="50.556815" lon="14.038693"><ele>151</ele></trkpt>
   <trkpt lat="50.556459" lon="14.038723"><ele>153.75</ele></trkpt>
   <trkpt lat="50.556277" lon="14.038756"><ele>153.25</ele></trkpt>
   <trkpt lat="50.556088" lon="14.038811"><ele>151.5</ele></trkpt>
   <trkpt lat="50.555872" lon="14.03889"><ele>150.5</ele></trkpt>
   <trkpt lat="50.555682" lon="14.038981"><ele>151.25</ele></trkpt>
   <trkpt lat="50.55533" lon="14.039185"><ele>149</ele></trkpt>
   <trkpt lat="50.55488" lon="14.0395"><ele>149.25</ele></trkpt>
   <trkpt lat="50.553822" lon="14.040275"><ele>149.25</ele></trkpt>
   <trkpt lat="50.553579" lon="14.040447"><ele>148.25</ele></trkpt>
   <trkpt lat="50.553292" lon="14.040636"><ele>149.75</ele></trkpt>
   <trkpt lat="50.5532" lon="14.040693"><ele>149.5</ele></trkpt>
   <trkpt lat="50.552787" lon="14.040928"><ele>151.25</ele></trkpt>
   <trkpt lat="50.552523" lon="14.041056"><ele>149.25</ele></trkpt>
   <trkpt lat="50.55225" lon="14.041168"><ele>150.75</ele></trkpt>
   <trkpt lat="50.551998" lon="14.041252"><ele>151.25</ele></trkpt>
   <trkpt lat="50.550595" lon="14.04159"><ele>149.75</ele></trkpt>
   <trkpt lat="50.549823" lon="14.041785"><ele>150</ele></trkpt>
   <trkpt lat="50.549624" lon="14.041847"><ele>149.75</ele></trkpt>
   <trkpt lat="50.549428" lon="14.041925"><ele>150.5</ele></trkpt>
   <trkpt lat="50.549234" lon="14.042016"><ele>151</ele></trkpt>
   <trkpt lat="50.549076" lon="14.042102"><ele>151</ele></trkpt>
   <trkpt lat="50.548911" lon="14.042209"><ele>150</ele></trkpt>
   <trkpt lat="50.548568" lon="14.042483"><ele>149.75</ele></trkpt>
   <trkpt lat="50.548403" lon="14.042635"><ele>150.5</ele></trkpt>
   <trkpt lat="50.548252" lon="14.0428"><ele>149.5</ele></trkpt>
   <trkpt lat="50.54798" lon="14.043147"><ele>149</ele></trkpt>
   <trkpt lat="50.547808" lon="14.043401"><ele>150.5</ele></trkpt>
   <trkpt lat="50.547677" lon="14.043629"><ele>148.5</ele></trkpt>
   <trkpt lat="50.547516" lon="14.043936"><ele>150</ele></trkpt>
   <trkpt lat="50.547393" lon="14.044203"><ele>148.5</ele></trkpt>
   <trkpt lat="50.547258" lon="14.044545"><ele>149.25</ele></trkpt>
   <trkpt lat="50.547132" lon="14.044914"><ele>148.75</ele></trkpt>
   <trkpt lat="50.547022" lon="14.045292"><ele>149.25</ele></trkpt>
   <trkpt lat="50.54668" lon="14.046561"><ele>150</ele></trkpt>
   <trkpt lat="50.546269" lon="14.048098"><ele>150.75</ele></trkpt>
   <trkpt lat="50.546173" lon="14.048491"><ele>152.5</ele></trkpt>
   <trkpt lat="50.546082" lon="14.048901"><ele>150.75</ele></trkpt>
   <trkpt lat="50.546012" lon="14.0493"><ele>150.75</ele></trkpt>
   <trkpt lat="50.54596" lon="14.04964"><ele>155.25</ele></trkpt>
   <trkpt lat="50.545927" lon="14.049948"><ele>155.5</ele></trkpt>
   <trkpt lat="50.545905" lon="14.050264"><ele>158</ele></trkpt>
   <trkpt lat="50.545896" lon="14.050562"><ele>155.25</ele></trkpt>
   <trkpt lat="50.545889" lon="14.051161"><ele>151.75</ele></trkpt>
   <trkpt lat="50.545892" lon="14.051921"><ele>148.25</ele></trkpt>
   <trkpt lat="50.545892" lon="14.052036"><ele>148.5</ele></trkpt>
   <trkpt lat="50.545873" lon="14.052723"><ele>150</ele></trkpt>
   <trkpt lat="50.545846" lon="14.053029"><ele>150.25</ele></trkpt>
   <trkpt lat="50.545809" lon="14.053353"><ele>150.5</ele></trkpt>
   <trkpt lat="50.545765" lon="14.053663"><ele>152.75</ele></trkpt>
   <trkpt lat="50.545627" lon="14.054486"><ele>151.5</ele></trkpt>
   <trkpt lat="50.545308" lon="14.056336"><ele>151</ele></trkpt>
   <trkpt lat="50.54518" lon="14.057015"><ele>149.75</ele></trkpt>
   <trkpt lat="50.545046" lon="14.057564"><ele>153</ele></trkpt>
   <trkpt lat="50.544958" lon="14.057856"><ele>150.25</ele></trkpt>
   <trkpt lat="50.544869" lon="14.058116"><ele>149.25</ele></trkpt>
   <trkpt lat="50.544807" lon="14.058279"><ele>149</ele></trkpt>
   <trkpt lat="50.54467" lon="14.058607"><ele>150.25</ele></trkpt>
   <trkpt lat="50.544558" lon="14.058839"><ele>152.75</ele></trkpt>
   <trkpt lat="50.544442" lon="14.059058"><ele>151.25</ele></trkpt>
   <trkpt lat="50.544172" lon="14.059492"><ele>151.25</ele></trkpt>
   <trkpt lat="50.543885" lon="14.059867"><ele>152</ele></trkpt>
   <trkpt lat="50.543694" lon="14.060077"><ele>152</ele></trkpt>
   <trkpt lat="50.543506" lon="14.060268"><ele>150.75</ele></trkpt>
   <trkpt lat="50.543276" lon="14.060486"><ele>151.25</ele></trkpt>
   <trkpt lat="50.543022" lon="14.060712"><ele>150.5</ele></trkpt>
   <trkpt lat="50.542531" lon="14.061092"><ele>151</ele></trkpt>
   <trkpt lat="50.541992" lon="14.061475"><ele>149.75</ele></trkpt>
   <trkpt lat="50.541446" lon="14.06182"><ele>149.5</ele></trkpt>
   <trkpt lat="50.540897" lon="14.062145"><ele>150.25</ele></trkpt>
   <trkpt lat="50.540347" lon="14.062434"><ele>150</ele></trkpt>
   <trkpt lat="50.539542" lon="14.062802"><ele>147.5</ele></trkpt>
   <trkpt lat="50.539338" lon="14.0629"><ele>146.75</ele></trkpt>
   <trkpt lat="50.539033" lon="14.063054"><ele>148.25</ele></trkpt>
   <trkpt lat="50.538743" lon="14.063223"><ele>147.25</ele></trkpt>
   <trkpt lat="50.538279" lon="14.063496"><ele>146.5</ele></trkpt>
   <trkpt lat="50.537779" lon="14.063816"><ele>148</ele></trkpt>
   <trkpt lat="50.537538" lon="14.064008"><ele>147.25</ele></trkpt>
   <trkpt lat="50.537322" lon="14.064196"><ele>148.5</ele></trkpt>
   <trkpt lat="50.537068" lon="14.064442"><ele>148.75</ele></trkpt>
   <trkpt lat="50.536224" lon="14.065358"><ele>148.5</ele></trkpt>
   <trkpt lat="50.535937" lon="14.065653"><ele>148.25</ele></trkpt>
   <trkpt lat="50.535543" lon="14.066027"><ele>148.5</ele></trkpt>
   <trkpt lat="50.535139" lon="14.066394"><ele>148.5</ele></trkpt>
   <trkpt lat="50.535031" lon="14.066497"><ele>148.75</ele></trkpt>
   <trkpt lat="50.531471" lon="14.069715"><ele>150.75</ele></trkpt>
   <trkpt lat="50.531309" lon="14.069871"><ele>151</ele></trkpt>
   <trkpt lat="50.531162" lon="14.07002"><ele>151</ele></trkpt>
   <trkpt lat="50.530965" lon="14.070252"><ele>150.75</ele></trkpt>
   <trkpt lat="50.530782" lon="14.070492"><ele>151</ele></trkpt>
   <trkpt lat="50.530591" lon="14.070779"><ele>151</ele></trkpt>
   <trkpt lat="50.530469" lon="14.070986"><ele>151.25</ele></trkpt>
   <trkpt lat="50.530336" lon="14.071236"><ele>151.5</ele></trkpt>
   <trkpt lat="50.530223" lon="14.07148"><ele>151</ele></trkpt>
   <trkpt lat="50.53012" lon="14.071728"><ele>151.5</ele></trkpt>
   <trkpt lat="50.530027" lon="14.071977"><ele>151</ele></trkpt>
   <trkpt lat="50.529935" lon="14.072248"><ele>151.25</ele></trkpt>
   <trkpt lat="50.52978" lon="14.07277"><ele>152.75</ele></trkpt>
   <trkpt lat="50.529478" lon="14.07385"><ele>151</ele></trkpt>
   <trkpt lat="50.529351" lon="14.074239"><ele>152.25</ele></trkpt>
   <trkpt lat="50.529225" lon="14.074595"><ele>153.25</ele></trkpt>
   <trkpt lat="50.529113" lon="14.074849"><ele>152.5</ele></trkpt>
   <trkpt lat="50.528829" lon="14.075452"><ele>152</ele></trkpt>
   <trkpt lat="50.52871" lon="14.075686"><ele>151.75</ele></trkpt>
   <trkpt lat="50.528552" lon="14.075958"><ele>151</ele></trkpt>
   <trkpt lat="50.528388" lon="14.076241"><ele>151.25</ele></trkpt>
   <trkpt lat="50.528275" lon="14.076472"><ele>151</ele></trkpt>
   <trkpt lat="50.528158" lon="14.076693"><ele>151</ele></trkpt>
   <trkpt lat="50.528056" lon="14.076864"><ele>151</ele></trkpt>
   <trkpt lat="50.527849" lon="14.077232"><ele>151</ele></trkpt>
   <trkpt lat="50.527621" lon="14.077696"><ele>151</ele></trkpt>
   <trkpt lat="50.527424" lon="14.078094"><ele>151</ele></trkpt>
   <trkpt lat="50.527176" lon="14.078548"><ele>151</ele></trkpt>
   <trkpt lat="50.524983" lon="14.082476"><ele>151</ele></trkpt>
   <trkpt lat="50.524552" lon="14.083261"><ele>151</ele></trkpt>
   <trkpt lat="50.524212" lon="14.083881"><ele>151</ele></trkpt>
   <trkpt lat="50.524101" lon="14.084083"><ele>151</ele></trkpt>
   <trkpt lat="50.524005" lon="14.084278"><ele>151</ele></trkpt>
   <trkpt lat="50.52392" lon="14.084477"><ele>151</ele></trkpt>
   <trkpt lat="50.523745" lon="14.084842"><ele>151.5</ele></trkpt>
   <trkpt lat="50.523536" lon="14.085229"><ele>151</ele></trkpt>
   <trkpt lat="50.523404" lon="14.08552"><ele>151.75</ele></trkpt>
   <trkpt lat="50.523226" lon="14.085801"><ele>151.5</ele></trkpt>
   <trkpt lat="50.522851" lon="14.086508"><ele>151.25</ele></trkpt>
   <trkpt lat="50.522684" lon="14.086859"><ele>153</ele></trkpt>
   <trkpt lat="50.52256" lon="14.087156"><ele>152</ele></trkpt>
   <trkpt lat="50.522361" lon="14.087732"><ele>150.25</ele></trkpt>
   <trkpt lat="50.522265" lon="14.088081"><ele>150.25</ele></trkpt>
   <trkpt lat="50.522205" lon="14.08834"><ele>150.75</ele></trkpt>
   <trkpt lat="50.522154" lon="14.088606"><ele>150.5</ele></trkpt>
   <trkpt lat="50.522087" lon="14.089065"><ele>150</ele></trkpt>
   <trkpt lat="50.522031" lon="14.089652"><ele>149.25</ele></trkpt>
   <trkpt lat="50.52202" lon="14.090234"><ele>149.25</ele></trkpt>
   <trkpt lat="50.522029" lon="14.090527"><ele>149.25</ele></trkpt>
   <trkpt lat="50.522045" lon="14.090824"><ele>148.5</ele></trkpt>
   <trkpt lat="50.522085" lon="14.091207"><ele>148.25</ele></trkpt>
   <trkpt lat="50.52211" lon="14.091383"><ele>148</ele></trkpt>
   <trkpt lat="50.522152" lon="14.091646"><ele>149</ele></trkpt>
   <trkpt lat="50.522253" lon="14.092142"><ele>149.5</ele></trkpt>
   <trkpt lat="50.522365" lon="14.092558"><ele>146</ele></trkpt>
   <trkpt lat="50.522403" lon="14.092689"><ele>147.25</ele></trkpt>
   <trkpt lat="50.522501" lon="14.092978"><ele>149.25</ele></trkpt>
   <trkpt lat="50.522692" lon="14.093489"><ele>148.75</ele></trkpt>
   <trkpt lat="50.523101" lon="14.094522"><ele>150.25</ele></trkpt>
   <trkpt lat="50.523257" lon="14.094946"><ele>150.5</ele></trkpt>
   <trkpt lat="50.523385" lon="14.095321"><ele>151.75</ele></trkpt>
   <trkpt lat="50.523615" lon="14.096082"><ele>151</ele></trkpt>
   <trkpt lat="50.524405" lon="14.099101"><ele>151.75</ele></trkpt>
   <trkpt lat="50.524505" lon="14.099454"><ele>152.25</ele></trkpt>
   <trkpt lat="50.524612" lon="14.099798"><ele>152.75</ele></trkpt>
   <trkpt lat="50.524704" lon="14.100062"><ele>151.5</ele></trkpt>
   <trkpt lat="50.524799" lon="14.100317"><ele>153.75</ele></trkpt>
   <trkpt lat="50.524903" lon="14.100562"><ele>153.75</ele></trkpt>
   <trkpt lat="50.525014" lon="14.100793"><ele>153.5</ele></trkpt>
   <trkpt lat="50.525134" lon="14.101021"><ele>153</ele></trkpt>
   <trkpt lat="50.525258" lon="14.101234"><ele>153</ele></trkpt>
   <trkpt lat="50.525537" lon="14.101673"><ele>152.5</ele></trkpt>
   <trkpt lat="50.525899" lon="14.102202"><ele>154.25</ele></trkpt>
   <trkpt lat="50.527224" lon="14.104124"><ele>153.75</ele></trkpt>
   <trkpt lat="50.527663" lon="14.104779"><ele>153</ele></trkpt>
   <trkpt lat="50.527873" lon="14.105103"><ele>154</ele></trkpt>
   <trkpt lat="50.528348" lon="14.105916"><ele>153.25</ele></trkpt>
   <trkpt lat="50.528771" lon="14.106728"><ele>152</ele></trkpt>
   <trkpt lat="50.529019" lon="14.107251"><ele>154.25</ele></trkpt>
   <trkpt lat="50.529207" lon="14.107699"><ele>153</ele></trkpt>
   <trkpt lat="50.529375" lon="14.108125"><ele>152</ele></trkpt>
   <trkpt lat="50.529676" lon="14.108922"><ele>152.75</ele></trkpt>
   <trkpt lat="50.529743" lon="14.109101"><ele>153</ele></trkpt>
   <trkpt lat="50.530444" lon="14.110965"><ele>152.5</ele></trkpt>
   <trkpt lat="50.530592" lon="14.111433"><ele>152.75</ele></trkpt>
   <trkpt lat="50.530798" lon="14.112168"><ele>152.25</ele></trkpt>
   <trkpt lat="50.531193" lon="14.113709"><ele>152.75</ele></trkpt>
   <trkpt lat="50.531326" lon="14.114269"><ele>152.5</ele></trkpt>
   <trkpt lat="50.531462" lon="14.114949"><ele>152.25</ele></trkpt>
   <trkpt lat="50.531517" lon="14.115332"><ele>152.5</ele></trkpt>
   <trkpt lat="50.531557" lon="14.115672"><ele>152.25</ele></trkpt>
   <trkpt lat="50.531595" lon="14.116169"><ele>151.75</ele></trkpt>
   <trkpt lat="50.5316" lon="14.116306"><ele>151.5</ele></trkpt>
   <trkpt lat="50.531607" lon="14.116555"><ele>151.75</ele></trkpt>
   <trkpt lat="50.531605" lon="14.117255"><ele>152</ele></trkpt>
   <trkpt lat="50.531586" lon="14.117827"><ele>151.75</ele></trkpt>
   <trkpt lat="50.531555" lon="14.118501"><ele>151.75</ele></trkpt>
   <trkpt lat="50.531505" lon="14.119341"><ele>151.75</ele></trkpt>
   <trkpt lat="50.531236" lon="14.122811"><ele>151.25</ele></trkpt>
   <trkpt lat="50.531164" lon="14.123749"><ele>149.5</ele></trkpt>
   <trkpt lat="50.531153" lon="14.123899"><ele>149</ele></trkpt>
   <trkpt lat="50.531032" lon="14.125435"><ele>149.25</ele></trkpt>
   <trkpt lat="50.531018" lon="14.125622"><ele>148.75</ele></trkpt>
   <trkpt lat="50.530948" lon="14.126593"><ele>148.25</ele></trkpt>
   <trkpt lat="50.530931" lon="14.126978"><ele>148.75</ele></trkpt>
   <trkpt lat="50.530923" lon="14.127316"><ele>148.5</ele></trkpt>
   <trkpt lat="50.530924" lon="14.127686"><ele>148.75</ele></trkpt>
   <trkpt lat="50.530933" lon="14.128009"><ele>148.25</ele></trkpt>
   <trkpt lat="50.530955" lon="14.128384"><ele>148.5</ele></trkpt>
   <trkpt lat="50.530972" lon="14.128613"><ele>149</ele></trkpt>
   <trkpt lat="50.530999" lon="14.128902"><ele>149.75</ele></trkpt>
   <trkpt lat="50.531047" lon="14.129304"><ele>150.5</ele></trkpt>
   <trkpt lat="50.531104" lon="14.129701"><ele>150.75</ele></trkpt>
   <trkpt lat="50.531434" lon="14.131805"><ele>148.75</ele></trkpt>
   <trkpt lat="50.531481" lon="14.132117"><ele>148.5</ele></trkpt>
   <trkpt lat="50.532587" lon="14.139136"><ele>150.5</ele></trkpt>
   <trkpt lat="50.532596" lon="14.139192"><ele>150.5</ele></trkpt>
   <trkpt lat="50.533047" lon="14.142041"><ele>151.25</ele></trkpt>
   <trkpt lat="50.533142" lon="14.142712"><ele>147.75</ele></trkpt>
   <trkpt lat="50.533193" lon="14.143121"><ele>148.25</ele></trkpt>
   <trkpt lat="50.533234" lon="14.143541"><ele>149.25</ele></trkpt>
   <trkpt lat="50.533258" lon="14.144"><ele>149.5</ele></trkpt>
   <trkpt lat="50.533265" lon="14.144285"><ele>149.75</ele></trkpt>
   <trkpt lat="50.533264" lon="14.144813"><ele>151</ele></trkpt>
   <trkpt lat="50.533233" lon="14.145491"><ele>150.75</ele></trkpt>
   <trkpt lat="50.533223" lon="14.145684"><ele>150.75</ele></trkpt>
   <trkpt lat="50.533156" lon="14.146739"><ele>151.25</ele></trkpt>
   <trkpt lat="50.533147" lon="14.146881"><ele>151.25</ele></trkpt>
   <trkpt lat="50.53308" lon="14.14795"><ele>151.25</ele></trkpt>
   <trkpt lat="50.53301" lon="14.149065"><ele>152</ele></trkpt>
   <trkpt lat="50.532959" lon="14.149749"><ele>151.5</ele></trkpt>
   <trkpt lat="50.532884" lon="14.150496"><ele>151.5</ele></trkpt>
   <trkpt lat="50.53281" lon="14.150976"><ele>152</ele></trkpt>
   <trkpt lat="50.53272" lon="14.151491"><ele>152</ele></trkpt>
   <trkpt lat="50.532444" lon="14.152934"><ele>152</ele></trkpt>
   <trkpt lat="50.531759" lon="14.156453"><ele>151.25</ele></trkpt>
   <trkpt lat="50.531685" lon="14.156852"><ele>151.75</ele></trkpt>
   <trkpt lat="50.531606" lon="14.157459"><ele>152</ele></trkpt>
   <trkpt lat="50.531567" lon="14.157861"><ele>152</ele></trkpt>
   <trkpt lat="50.531506" lon="14.158647"><ele>152</ele></trkpt>
   <trkpt lat="50.531493" lon="14.1588"><ele>152</ele></trkpt>
   <trkpt lat="50.531411" lon="14.159849"><ele>152</ele></trkpt>
   <trkpt lat="50.531397" lon="14.16001"><ele>152</ele></trkpt>
   <trkpt lat="50.531385" lon="14.160165"><ele>151.75</ele></trkpt>
   <trkpt lat="50.531367" lon="14.160468"><ele>151.75</ele></trkpt>
   <trkpt lat="50.531351" lon="14.161018"><ele>151.5</ele></trkpt>
   <trkpt lat="50.531376" lon="14.161708"><ele>150.75</ele></trkpt>
   <trkpt lat="50.531415" lon="14.162123"><ele>150.75</ele></trkpt>
   <trkpt lat="50.531468" lon="14.162494"><ele>149.25</ele></trkpt>
   <trkpt lat="50.531551" lon="14.162939"><ele>148.75</ele></trkpt>
   <trkpt lat="50.531566" lon="14.163017"><ele>148.75</ele></trkpt>
   <trkpt lat="50.531598" lon="14.16317"><ele>149.75</ele></trkpt>
   <trkpt lat="50.531945" lon="14.164859"><ele>151.5</ele></trkpt>
   <trkpt lat="50.532086" lon="14.16558"><ele>150.75</ele></trkpt>
   <trkpt lat="50.532202" lon="14.166326"><ele>151.75</ele></trkpt>
   <trkpt lat="50.532255" lon="14.16673"><ele>151.25</ele></trkpt>
   <trkpt lat="50.532328" lon="14.167482"><ele>151</ele></trkpt>
   <trkpt lat="50.532371" lon="14.168243"><ele>151.5</ele></trkpt>
   <trkpt lat="50.532382" lon="14.168607"><ele>151.5</ele></trkpt>
   <trkpt lat="50.532388" lon="14.169016"><ele>151.75</ele></trkpt>
   <trkpt lat="50.532373" lon="14.169795"><ele>151.25</ele></trkpt>
   <trkpt lat="50.532328" lon="14.170556"><ele>151</ele></trkpt>
   <trkpt lat="50.532296" lon="14.170914"><ele>151.5</ele></trkpt>
   <trkpt lat="50.532256" lon="14.171305"><ele>151.75</ele></trkpt>
   <trkpt lat="50.53216" lon="14.172018"><ele>151.5</ele></trkpt>
   <trkpt lat="50.532022" lon="14.172789"><ele>151.5</ele></trkpt>
   <trkpt lat="50.53194" lon="14.173178"><ele>151.25</ele></trkpt>
   <trkpt lat="50.531771" lon="14.17387"><ele>151.5</ele></trkpt>
   <trkpt lat="50.531673" lon="14.174225"><ele>151.25</ele></trkpt>
   <trkpt lat="50.531571" lon="14.174566"><ele>151.5</ele></trkpt>
   <trkpt lat="50.53145" lon="14.174943"><ele>151.25</ele></trkpt>
   <trkpt lat="50.531326" lon="14.175298"><ele>151.5</ele></trkpt>
   <trkpt lat="50.531046" lon="14.176056"><ele>151.5</ele></trkpt>
   <trkpt lat="50.530523" lon="14.177437"><ele>151.5</ele></trkpt>
   <trkpt lat="50.530242" lon="14.178199"><ele>151</ele></trkpt>
   <trkpt lat="50.530017" lon="14.178875"><ele>151</ele></trkpt>
   <trkpt lat="50.529915" lon="14.179205"><ele>151.25</ele></trkpt>
   <trkpt lat="50.529821" lon="14.179544"><ele>151.75</ele></trkpt>
   <trkpt lat="50.529724" lon="14.179921"><ele>152</ele></trkpt>
   <trkpt lat="50.529552" lon="14.180678"><ele>151.25</ele></trkpt>
   <trkpt lat="50.528784" lon="14.1844"><ele>151.75</ele></trkpt>
   <trkpt lat="50.528606" lon="14.185169"><ele>151.5</ele></trkpt>
   <trkpt lat="50.528419" lon="14.185886"><ele>151</ele></trkpt>
   <trkpt lat="50.528187" lon="14.186636"><ele>150.75</ele></trkpt>
   <trkpt lat="50.527689" lon="14.188177"><ele>151</ele></trkpt>
   <trkpt lat="50.527585" lon="14.188524"><ele>150.5</ele></trkpt>
   <trkpt lat="50.527382" lon="14.189321"><ele>150.75</ele></trkpt>
   <trkpt lat="50.527296" lon="14.189681"><ele>150.75</ele></trkpt>
   <trkpt lat="50.526278" lon="14.194304"><ele>150.25</ele></trkpt>
   <trkpt lat="50.526256" lon="14.194405"><ele>150</ele></trkpt>
   <trkpt lat="50.525906" lon="14.196036"><ele>149.75</ele></trkpt>
   <trkpt lat="50.52571" lon="14.19708"><ele>149.25</ele></trkpt>
   <trkpt lat="50.525668" lon="14.197306"><ele>148.75</ele></trkpt>
   <trkpt lat="50.525546" lon="14.19808"><ele>150.75</ele></trkpt>
   <trkpt lat="50.525427" lon="14.198924"><ele>149.5</ele></trkpt>
   <trkpt lat="50.525325" lon="14.199802"><ele>149.75</ele></trkpt>
   <trkpt lat="50.52524" lon="14.200631"><ele>151.25</ele></trkpt>
   <trkpt lat="50.525091" lon="14.202225"><ele>148</ele></trkpt>
   <trkpt lat="50.525053" lon="14.202613"><ele>148.5</ele></trkpt>
   <trkpt lat="50.524872" lon="14.204578"><ele>151.5</ele></trkpt>
   <trkpt lat="50.524768" lon="14.205665"><ele>152</ele></trkpt>
   <trkpt lat="50.524714" lon="14.206371"><ele>151.75</ele></trkpt>
   <trkpt lat="50.524677" lon="14.207077"><ele>151.5</ele></trkpt>
   <trkpt lat="50.524677" lon="14.207776"><ele>151.5</ele></trkpt>
   <trkpt lat="50.524695" lon="14.208131"><ele>151.5</ele></trkpt>
   <trkpt lat="50.524721" lon="14.208461"><ele>151.75</ele></trkpt>
   <trkpt lat="50.524797" lon="14.209155"><ele>151</ele></trkpt>
   <trkpt lat="50.524849" lon="14.209482"><ele>151.75</ele></trkpt>
   <trkpt lat="50.524906" lon="14.209785"><ele>151.25</ele></trkpt>
   <trkpt lat="50.524975" lon="14.210127"><ele>151.75</ele></trkpt>
   <trkpt lat="50.52505" lon="14.21045"><ele>151.75</ele></trkpt>
   <trkpt lat="50.525381" lon="14.211758"><ele>151.25</ele></trkpt>
   <trkpt lat="50.525798" lon="14.21336"><ele>151.5</ele></trkpt>
   <trkpt lat="50.525887" lon="14.213722"><ele>151.75</ele></trkpt>
   <trkpt lat="50.525966" lon="14.214076"><ele>151.25</ele></trkpt>
   <trkpt lat="50.526077" lon="14.214687"><ele>151.5</ele></trkpt>
   <trkpt lat="50.526123" lon="14.215015"><ele>152.75</ele></trkpt>
   <trkpt lat="50.526159" lon="14.215327"><ele>152</ele></trkpt>
   <trkpt lat="50.52621" lon="14.215938"><ele>152.25</ele></trkpt>
   <trkpt lat="50.526239" lon="14.216338"><ele>152.25</ele></trkpt>
   <trkpt lat="50.526366" lon="14.218331"><ele>151.75</ele></trkpt>
   <trkpt lat="50.526381" lon="14.218694"><ele>151.75</ele></trkpt>
   <trkpt lat="50.526385" lon="14.219022"><ele>151.75</ele></trkpt>
   <trkpt lat="50.526383" lon="14.219359"><ele>151.75</ele></trkpt>
   <trkpt lat="50.52637" lon="14.21971"><ele>151.75</ele></trkpt>
   <trkpt lat="50.526345" lon="14.220077"><ele>151.5</ele></trkpt>
   <trkpt lat="50.526316" lon="14.220399"><ele>151.25</ele></trkpt>
   <trkpt lat="50.526271" lon="14.220779"><ele>151.25</ele></trkpt>
   <trkpt lat="50.52622" lon="14.221129"><ele>151</ele></trkpt>
   <trkpt lat="50.526086" lon="14.221884"><ele>151.5</ele></trkpt>
   <trkpt lat="50.525748" lon="14.22363"><ele>151.5</ele></trkpt>
   <trkpt lat="50.525668" lon="14.224001"><ele>151.75</ele></trkpt>
   <trkpt lat="50.525496" lon="14.224706"><ele>151.75</ele></trkpt>
   <trkpt lat="50.525405" lon="14.225036"><ele>152</ele></trkpt>
   <trkpt lat="50.525224" lon="14.225639"><ele>152</ele></trkpt>
   <trkpt lat="50.523771" lon="14.230372"><ele>151.75</ele></trkpt>
   <trkpt lat="50.523564" lon="14.231112"><ele>151.75</ele></trkpt>
   <trkpt lat="50.523272" lon="14.232235"><ele>151.5</ele></trkpt>
   <trkpt lat="50.522137" lon="14.236763"><ele>151.25</ele></trkpt>
   <trkpt lat="50.521917" lon="14.237615"><ele>151.75</ele></trkpt>
   <trkpt lat="50.520198" lon="14.244436"><ele>153.25</ele></trkpt>
   <trkpt lat="50.519977" lon="14.245294"><ele>152.75</ele></trkpt>
   <trkpt lat="50.519864" lon="14.245684"><ele>152.5</ele></trkpt>
   <trkpt lat="50.519641" lon="14.246387"><ele>153.25</ele></trkpt>
   <trkpt lat="50.519524" lon="14.246726"><ele>152.5</ele></trkpt>
   <trkpt lat="50.519402" lon="14.247047"><ele>153.5</ele></trkpt>
   <trkpt lat="50.519136" lon="14.247688"><ele>154</ele></trkpt>
   <trkpt lat="50.518822" lon="14.248383"><ele>154.25</ele></trkpt>
   <trkpt lat="50.517842" lon="14.250477"><ele>155.75</ele></trkpt>
   <trkpt lat="50.516214" lon="14.253964"><ele>157.5</ele></trkpt>
   <trkpt lat="50.515239" lon="14.256036"><ele>157.25</ele></trkpt>
   <trkpt lat="50.514629" lon="14.257353"><ele>157.5</ele></trkpt>
   <trkpt lat="50.514277" lon="14.258105"><ele>157</ele></trkpt>
   <trkpt lat="50.51395" lon="14.258799"><ele>158.25</ele></trkpt>
   <trkpt lat="50.513646" lon="14.259478"><ele>158.5</ele></trkpt>
   <trkpt lat="50.513498" lon="14.259845"><ele>159.5</ele></trkpt>
   <trkpt lat="50.513273" lon="14.26046"><ele>160.25</ele></trkpt>
   <trkpt lat="50.513069" lon="14.26108"><ele>160.5</ele></trkpt>
   <trkpt lat="50.513024" lon="14.26122"><ele>160.5</ele></trkpt>
   <trkpt lat="50.513007" lon="14.261274"><ele>160.5</ele></trkpt>
   <trkpt lat="50.512925" lon="14.261559"><ele>160.5</ele></trkpt>
   <trkpt lat="50.512896" lon="14.261676"><ele>160.5</ele></trkpt>
   <trkpt lat="50.512772" lon="14.262141"><ele>161.25</ele></trkpt>
   <trkpt lat="50.512729" lon="14.26227"><ele>161</ele></trkpt>
   <trkpt lat="50.512592" lon="14.262764"><ele>161.5</ele></trkpt>
   <trkpt lat="50.512491" lon="14.263165"><ele>161.5</ele></trkpt>
   <trkpt lat="50.510667" lon="14.26881"><ele>162.5</ele></trkpt>
   <trkpt lat="50.510532" lon="14.269303"><ele>163</ele></trkpt>
   <trkpt lat="50.510401" lon="14.269837"><ele>162.5</ele></trkpt>
   <trkpt lat="50.510244" lon="14.27056"><ele>163</ele></trkpt>
   <trkpt lat="50.510215" lon="14.270694"><ele>163</ele></trkpt>
   <trkpt lat="50.510048" lon="14.271326"><ele>163</ele></trkpt>
   <trkpt lat="50.509997" lon="14.271606"><ele>163</ele></trkpt>
   <trkpt lat="50.509962" lon="14.271787"><ele>163</ele></trkpt>
   <trkpt lat="50.50983" lon="14.272348"><ele>163</ele></trkpt>
   <trkpt lat="50.509769" lon="14.272796"><ele>163.75</ele></trkpt>
   <trkpt lat="50.509748" lon="14.272897"><ele>163.75</ele></trkpt>
   <trkpt lat="50.509628" lon="14.273536"><ele>164</ele></trkpt>
   <trkpt lat="50.509568" lon="14.27393"><ele>164</ele></trkpt>
   <trkpt lat="50.509523" lon="14.274331"><ele>164.25</ele></trkpt>
   <trkpt lat="50.509504" lon="14.274617"><ele>164</ele></trkpt>
   <trkpt lat="50.509494" lon="14.274925"><ele>164.75</ele></trkpt>
   <trkpt lat="50.509495" lon="14.275211"><ele>165</ele></trkpt>
   <trkpt lat="50.509522" lon="14.275799"><ele>165</ele></trkpt>
   <trkpt lat="50.509551" lon="14.276085"><ele>165</ele></trkpt>
   <trkpt lat="50.509633" lon="14.27664"><ele>164.5</ele></trkpt>
   <trkpt lat="50.509676" lon="14.27688"><ele>164.75</ele></trkpt>
   <trkpt lat="50.510203" lon="14.279725"><ele>166.5</ele></trkpt>
   <trkpt lat="50.510255" lon="14.280055"><ele>166</ele></trkpt>
   <trkpt lat="50.510292" lon="14.280348"><ele>166.75</ele></trkpt>
   <trkpt lat="50.510325" lon="14.280664"><ele>166.25</ele></trkpt>
   <trkpt lat="50.510346" lon="14.280961"><ele>167</ele></trkpt>
   <trkpt lat="50.510354" lon="14.281252"><ele>167</ele></trkpt>
   <trkpt lat="50.510354" lon="14.281506"><ele>167</ele></trkpt>
   <trkpt lat="50.510343" lon="14.281798"><ele>167</ele></trkpt>
   <trkpt lat="50.510325" lon="14.282099"><ele>167</ele></trkpt>
   <trkpt lat="50.510294" lon="14.282403"><ele>167</ele></trkpt>
   <trkpt lat="50.510247" lon="14.28274"><ele>167.5</ele></trkpt>
   <trkpt lat="50.5102" lon="14.283012"><ele>166.75</ele></trkpt>
   <trkpt lat="50.510087" lon="14.283515"><ele>167.5</ele></trkpt>
   <trkpt lat="50.510004" lon="14.28381"><ele>168</ele></trkpt>
   <trkpt lat="50.509917" lon="14.284072"><ele>167</ele></trkpt>
   <trkpt lat="50.509832" lon="14.284301"><ele>167.5</ele></trkpt>
   <trkpt lat="50.509721" lon="14.284565"><ele>167.75</ele></trkpt>
   <trkpt lat="50.509608" lon="14.284813"><ele>168</ele></trkpt>
   <trkpt lat="50.509496" lon="14.285028"><ele>168</ele></trkpt>
   <trkpt lat="50.509372" lon="14.285244"><ele>168</ele></trkpt>
   <trkpt lat="50.509239" lon="14.285457"><ele>168.5</ele></trkpt>
   <trkpt lat="50.509081" lon="14.285679"><ele>168.75</ele></trkpt>
   <trkpt lat="50.508792" lon="14.286023"><ele>168.75</ele></trkpt>
   <trkpt lat="50.50864" lon="14.286181"><ele>169</ele></trkpt>
   <trkpt lat="50.50827" lon="14.286512"><ele>169.25</ele></trkpt>
   <trkpt lat="50.508057" lon="14.286687"><ele>170</ele></trkpt>
   <trkpt lat="50.506556" lon="14.287919"><ele>170.25</ele></trkpt>
   <trkpt lat="50.506374" lon="14.288076"><ele>170</ele></trkpt>
   <trkpt lat="50.506215" lon="14.288228"><ele>170.5</ele></trkpt>
   <trkpt lat="50.506036" lon="14.288418"><ele>170.5</ele></trkpt>
   <trkpt lat="50.505891" lon="14.288591"><ele>170.75</ele></trkpt>
   <trkpt lat="50.505744" lon="14.288782"><ele>170</ele></trkpt>
   <trkpt lat="50.505602" lon="14.288984"><ele>170.25</ele></trkpt>
   <trkpt lat="50.505349" lon="14.289394"><ele>170.5</ele></trkpt>
   <trkpt lat="50.504736" lon="14.290514"><ele>171.5</ele></trkpt>
   <trkpt lat="50.504462" lon="14.291024"><ele>171.25</ele></trkpt>
   <trkpt lat="50.50423" lon="14.291516"><ele>171.5</ele></trkpt>
   <trkpt lat="50.504123" lon="14.291776"><ele>171.5</ele></trkpt>
   <trkpt lat="50.504033" lon="14.292028"><ele>171</ele></trkpt>
   <trkpt lat="50.503886" lon="14.292527"><ele>172</ele></trkpt>
   <trkpt lat="50.503816" lon="14.292826"><ele>172.25</ele></trkpt>
   <trkpt lat="50.503763" lon="14.293089"><ele>172.25</ele></trkpt>
   <trkpt lat="50.503707" lon="14.293418"><ele>173.25</ele></trkpt>
   <trkpt lat="50.503673" lon="14.293686"><ele>173.5</ele></trkpt>
   <trkpt lat="50.503646" lon="14.293971"><ele>173.25</ele></trkpt>
   <trkpt lat="50.503619" lon="14.29454"><ele>174</ele></trkpt>
   <trkpt lat="50.503616" lon="14.294828"><ele>174</ele></trkpt>
   <trkpt lat="50.503636" lon="14.296559"><ele>174.75</ele></trkpt>
   <trkpt lat="50.503633" lon="14.296827"><ele>174.75</ele></trkpt>
   <trkpt lat="50.503625" lon="14.297125"><ele>174.5</ele></trkpt>
   <trkpt lat="50.503608" lon="14.297396"><ele>174.5</ele></trkpt>
   <trkpt lat="50.503579" lon="14.297727"><ele>174.5</ele></trkpt>
   <trkpt lat="50.503541" lon="14.298003"><ele>174.75</ele></trkpt>
   <trkpt lat="50.50349" lon="14.29831"><ele>175</ele></trkpt>
   <trkpt lat="50.503435" lon="14.298579"><ele>174.75</ele></trkpt>
   <trkpt lat="50.50337" lon="14.298858"><ele>174.25</ele></trkpt>
   <trkpt lat="50.503299" lon="14.299113"><ele>174</ele></trkpt>
   <trkpt lat="50.503211" lon="14.299391"><ele>172.5</ele></trkpt>
   <trkpt lat="50.503116" lon="14.29965"><ele>173.25</ele></trkpt>
   <trkpt lat="50.503038" lon="14.299839"><ele>172.25</ele></trkpt>
   <trkpt lat="50.50295" lon="14.300032"><ele>169.75</ele></trkpt>
   <trkpt lat="50.502816" lon="14.300299"><ele>172.25</ele></trkpt>
   <trkpt lat="50.502659" lon="14.300585"><ele>170.75</ele></trkpt>
   <trkpt lat="50.50252" lon="14.300806"><ele>173.75</ele></trkpt>
   <trkpt lat="50.502393" lon="14.300985"><ele>172.5</ele></trkpt>
   <trkpt lat="50.502238" lon="14.301185"><ele>174</ele></trkpt>
   <trkpt lat="50.50209" lon="14.301357"><ele>173.5</ele></trkpt>
   <trkpt lat="50.501931" lon="14.30152"><ele>172.75</ele></trkpt>
   <trkpt lat="50.501767" lon="14.301671"><ele>172.75</ele></trkpt>
   <trkpt lat="50.501596" lon="14.301811"><ele>172</ele></trkpt>
   <trkpt lat="50.50143" lon="14.301929"><ele>174</ele></trkpt>
   <trkpt lat="50.501244" lon="14.302043"><ele>172.75</ele></trkpt>
   <trkpt lat="50.50107" lon="14.302133"><ele>173.5</ele></trkpt>
   <trkpt lat="50.500846" lon="14.302225"><ele>175.75</ele></trkpt>
   <trkpt lat="50.500648" lon="14.302287"><ele>171.5</ele></trkpt>
   <trkpt lat="50.500519" lon="14.30232"><ele>170.25</ele></trkpt>
   <trkpt lat="50.500324" lon="14.302352"><ele>172.75</ele></trkpt>
   <trkpt lat="50.500126" lon="14.302369"><ele>173.75</ele></trkpt>
   <trkpt lat="50.499934" lon="14.302366"><ele>174.25</ele></trkpt>
   <trkpt lat="50.499752" lon="14.302351"><ele>175.25</ele></trkpt>
   <trkpt lat="50.499567" lon="14.30232"><ele>176.25</ele></trkpt>
   <trkpt lat="50.499349" lon="14.302264"><ele>177.25</ele></trkpt>
   <trkpt lat="50.499126" lon="14.302182"><ele>178.25</ele></trkpt>
   <trkpt lat="50.498961" lon="14.302109"><ele>179</ele></trkpt>
   <trkpt lat="50.498594" lon="14.301906"><ele>178.5</ele></trkpt>
   <trkpt lat="50.498064" lon="14.30153"><ele>179.5</ele></trkpt>
   <trkpt lat="50.497504" lon="14.301118"><ele>178</ele></trkpt>
   <trkpt lat="50.497117" lon="14.300863"><ele>179.5</ele></trkpt>
   <trkpt lat="50.496764" lon="14.300689"><ele>179.5</ele></trkpt>
   <trkpt lat="50.496572" lon="14.300611"><ele>179.25</ele></trkpt>
   <trkpt lat="50.496388" lon="14.300556"><ele>179</ele></trkpt>
   <trkpt lat="50.496217" lon="14.300521"><ele>178.75</ele></trkpt>
   <trkpt lat="50.496042" lon="14.300498"><ele>178.75</ele></trkpt>
   <trkpt lat="50.495849" lon="14.300487"><ele>178.75</ele></trkpt>
   <trkpt lat="50.495657" lon="14.300487"><ele>178.75</ele></trkpt>
   <trkpt lat="50.495462" lon="14.300508"><ele>179</ele></trkpt>
   <trkpt lat="50.495114" lon="14.300591"><ele>179.5</ele></trkpt>
   <trkpt lat="50.494961" lon="14.300644"><ele>179.75</ele></trkpt>
   <trkpt lat="50.494773" lon="14.30073"><ele>179.5</ele></trkpt>
   <trkpt lat="50.494596" lon="14.300824"><ele>179.75</ele></trkpt>
   <trkpt lat="50.494413" lon="14.300936"><ele>179.75</ele></trkpt>
   <trkpt lat="50.494247" lon="14.301052"><ele>179.5</ele></trkpt>
   <trkpt lat="50.494063" lon="14.301195"><ele>179</ele></trkpt>
   <trkpt lat="50.493908" lon="14.301329"><ele>179.25</ele></trkpt>
   <trkpt lat="50.493756" lon="14.301468"><ele>179</ele></trkpt>
   <trkpt lat="50.493574" lon="14.301651"><ele>179.5</ele></trkpt>
   <trkpt lat="50.493388" lon="14.301857"><ele>179</ele></trkpt>
   <trkpt lat="50.493224" lon="14.302055"><ele>179</ele></trkpt>
   <trkpt lat="50.49304" lon="14.302294"><ele>179.5</ele></trkpt>
   <trkpt lat="50.49288" lon="14.302518"><ele>178.5</ele></trkpt>
   <trkpt lat="50.492708" lon="14.302782"><ele>179.75</ele></trkpt>
   <trkpt lat="50.492564" lon="14.30302"><ele>179.75</ele></trkpt>
   <trkpt lat="50.492403" lon="14.303307"><ele>179.75</ele></trkpt>
   <trkpt lat="50.492116" lon="14.303899"><ele>180.5</ele></trkpt>
   <trkpt lat="50.491972" lon="14.304244"><ele>181.75</ele></trkpt>
   <trkpt lat="50.491827" lon="14.304607"><ele>181.5</ele></trkpt>
   <trkpt lat="50.491691" lon="14.304978"><ele>182</ele></trkpt>
   <trkpt lat="50.491558" lon="14.305364"><ele>180.75</ele></trkpt>
   <trkpt lat="50.491324" lon="14.306125"><ele>181</ele></trkpt>
   <trkpt lat="50.491117" lon="14.30691"><ele>182.75</ele></trkpt>
   <trkpt lat="50.491025" lon="14.307307"><ele>182.25</ele></trkpt>
   <trkpt lat="50.490861" lon="14.308124"><ele>183</ele></trkpt>
   <trkpt lat="50.490794" lon="14.308528"><ele>182.25</ele></trkpt>
   <trkpt lat="50.49073" lon="14.308965"><ele>182</ele></trkpt>
   <trkpt lat="50.490673" lon="14.309426"><ele>183.75</ele></trkpt>
   <trkpt lat="50.490632" lon="14.309815"><ele>184.5</ele></trkpt>
   <trkpt lat="50.490595" lon="14.310242"><ele>184.5</ele></trkpt>
   <trkpt lat="50.490566" lon="14.310679"><ele>184</ele></trkpt>
   <trkpt lat="50.490548" lon="14.311084"><ele>183.75</ele></trkpt>
   <trkpt lat="50.49053" lon="14.311946"><ele>184.5</ele></trkpt>
   <trkpt lat="50.490531" lon="14.313744"><ele>184.5</ele></trkpt>
   <trkpt lat="50.490542" lon="14.314367"><ele>184.75</ele></trkpt>
   <trkpt lat="50.490551" lon="14.314686"><ele>184.75</ele></trkpt>
   <trkpt lat="50.49057" lon="14.314968"><ele>185</ele></trkpt>
   <trkpt lat="50.490601" lon="14.315268"><ele>185.5</ele></trkpt>
   <trkpt lat="50.490641" lon="14.315556"><ele>186</ele></trkpt>
   <trkpt lat="50.490691" lon="14.315849"><ele>186.25</ele></trkpt>
   <trkpt lat="50.490741" lon="14.316109"><ele>186</ele></trkpt>
   <trkpt lat="50.490807" lon="14.31639"><ele>185.75</ele></trkpt>
   <trkpt lat="50.490875" lon="14.316647"><ele>186.5</ele></trkpt>
   <trkpt lat="50.491046" lon="14.317218"><ele>186.75</ele></trkpt>
   <trkpt lat="50.491246" lon="14.317814"><ele>186.25</ele></trkpt>
   <trkpt lat="50.491563" lon="14.318759"><ele>185.75</ele></trkpt>
   <trkpt lat="50.49173" lon="14.319284"><ele>186.5</ele></trkpt>
   <trkpt lat="50.491807" lon="14.319552"><ele>186.25</ele></trkpt>
   <trkpt lat="50.491873" lon="14.319799"><ele>186.75</ele></trkpt>
   <trkpt lat="50.491942" lon="14.320104"><ele>187.75</ele></trkpt>
   <trkpt lat="50.492041" lon="14.320684"><ele>188</ele></trkpt>
   <trkpt lat="50.492072" lon="14.320954"><ele>188</ele></trkpt>
   <trkpt lat="50.492098" lon="14.321279"><ele>188</ele></trkpt>
   <trkpt lat="50.492111" lon="14.321538"><ele>187.75</ele></trkpt>
   <trkpt lat="50.492118" lon="14.321856"><ele>187.5</ele></trkpt>
   <trkpt lat="50.492112" lon="14.322134"><ele>187.25</ele></trkpt>
   <trkpt lat="50.492094" lon="14.322489"><ele>187</ele></trkpt>
   <trkpt lat="50.492049" lon="14.323059"><ele>186.75</ele></trkpt>
   <trkpt lat="50.492041" lon="14.323146"><ele>187</ele></trkpt>
   <trkpt lat="50.492006" lon="14.323425"><ele>187</ele></trkpt>
   <trkpt lat="50.491973" lon="14.32367"><ele>187.25</ele></trkpt>
   <trkpt lat="50.491957" lon="14.324111"><ele>189</ele></trkpt>
   <trkpt lat="50.491954" lon="14.324139"><ele>189</ele></trkpt>
   <trkpt lat="50.491918" lon="14.324532"><ele>188.25</ele></trkpt>
   <trkpt lat="50.491916" lon="14.324549"><ele>188.25</ele></trkpt>
   <trkpt lat="50.491778" lon="14.326038"><ele>189.5</ele></trkpt>
   <trkpt lat="50.491722" lon="14.326501"><ele>189.5</ele></trkpt>
   <trkpt lat="50.491659" lon="14.326937"><ele>189</ele></trkpt>
   <trkpt lat="50.491286" lon="14.329166"><ele>189.75</ele></trkpt>
   <trkpt lat="50.491013" lon="14.330843"><ele>190</ele></trkpt>
   <trkpt lat="50.490928" lon="14.331404"><ele>191</ele></trkpt>
   <trkpt lat="50.490809" lon="14.332386"><ele>190.5</ele></trkpt>
   <trkpt lat="50.490722" lon="14.333294"><ele>191.5</ele></trkpt>
   <trkpt lat="50.490707" lon="14.333438"><ele>191.5</ele></trkpt>
   <trkpt lat="50.490635" lon="14.333961"><ele>191.5</ele></trkpt>
   <trkpt lat="50.490563" lon="14.334482"><ele>191</ele></trkpt>
   <trkpt lat="50.490548" lon="14.334635"><ele>191</ele></trkpt>
   <trkpt lat="50.490509" lon="14.335022"><ele>191</ele></trkpt>
   <trkpt lat="50.490439" lon="14.335624"><ele>191.25</ele></trkpt>
   <trkpt lat="50.490417" lon="14.33577"><ele>191</ele></trkpt>
   <trkpt lat="50.490385" lon="14.335966"><ele>191.75</ele></trkpt>
   <trkpt lat="50.49034" lon="14.336198"><ele>192.5</ele></trkpt>
   <trkpt lat="50.490235" lon="14.336653"><ele>192.25</ele></trkpt>
   <trkpt lat="50.490066" lon="14.337272"><ele>194</ele></trkpt>
   <trkpt lat="50.489469" lon="14.339285"><ele>193.75</ele></trkpt>
   <trkpt lat="50.488845" lon="14.3414"><ele>193.25</ele></trkpt>
   <trkpt lat="50.488744" lon="14.341718"><ele>191.5</ele></trkpt>
   <trkpt lat="50.488585" lon="14.342187"><ele>191.5</ele></trkpt>
   <trkpt lat="50.488469" lon="14.342491"><ele>187.75</ele></trkpt>
   <trkpt lat="50.488284" lon="14.342885"><ele>190.25</ele></trkpt>
   <trkpt lat="50.488039" lon="14.343324"><ele>192.75</ele></trkpt>
   <trkpt lat="50.487911" lon="14.343518"><ele>189.5</ele></trkpt>
   <trkpt lat="50.487788" lon="14.343688"><ele>191</ele></trkpt>
   <trkpt lat="50.487648" lon="14.343863"><ele>190.5</ele></trkpt>
   <trkpt lat="50.487498" lon="14.34404"><ele>191</ele></trkpt>
   <trkpt lat="50.48734" lon="14.344199"><ele>190.5</ele></trkpt>
   <trkpt lat="50.487028" lon="14.344478"><ele>191</ele></trkpt>
   <trkpt lat="50.486855" lon="14.344615"><ele>191.5</ele></trkpt>
   <trkpt lat="50.485488" lon="14.34562"><ele>193.25</ele></trkpt>
   <trkpt lat="50.485026" lon="14.345974"><ele>193.75</ele></trkpt>
   <trkpt lat="50.484574" lon="14.346372"><ele>195.75</ele></trkpt>
   <trkpt lat="50.484149" lon="14.346806"><ele>196.25</ele></trkpt>
   <trkpt lat="50.483935" lon="14.34705"><ele>196</ele></trkpt>
   <trkpt lat="50.483734" lon="14.347297"><ele>196.75</ele></trkpt>
   <trkpt lat="50.483339" lon="14.347812"><ele>197</ele></trkpt>
   <trkpt lat="50.477311" lon="14.355977"><ele>204.75</ele></trkpt>
   <trkpt lat="50.476838" lon="14.356655"><ele>205</ele></trkpt>
   <trkpt lat="50.476676" lon="14.356921"><ele>203.5</ele></trkpt>
   <trkpt lat="50.476531" lon="14.357182"><ele>204.25</ele></trkpt>
   <trkpt lat="50.47641" lon="14.357426"><ele>202.5</ele></trkpt>
   <trkpt lat="50.476291" lon="14.357683"><ele>200.75</ele></trkpt>
   <trkpt lat="50.476173" lon="14.357965"><ele>201.75</ele></trkpt>
   <trkpt lat="50.476049" lon="14.358294"><ele>199.25</ele></trkpt>
   <trkpt lat="50.475958" lon="14.358561"><ele>199.5</ele></trkpt>
   <trkpt lat="50.475878" lon="14.358831"><ele>200.5</ele></trkpt>
   <trkpt lat="50.475794" lon="14.359144"><ele>198.25</ele></trkpt>
   <trkpt lat="50.475657" lon="14.359776"><ele>195.25</ele></trkpt>
   <trkpt lat="50.475595" lon="14.360119"><ele>197.75</ele></trkpt>
   <trkpt lat="50.475422" lon="14.36122"><ele>194</ele></trkpt>
   <trkpt lat="50.475263" lon="14.36214"><ele>197.75</ele></trkpt>
   <trkpt lat="50.475094" lon="14.362979"><ele>196.5</ele></trkpt>
   <trkpt lat="50.474991" lon="14.363438"><ele>197.25</ele></trkpt>
   <trkpt lat="50.47304" lon="14.371935"><ele>194.25</ele></trkpt>
   <trkpt lat="50.472718" lon="14.373312"><ele>193.75</ele></trkpt>
   <trkpt lat="50.472495" lon="14.37417"><ele>193.75</ele></trkpt>
   <trkpt lat="50.472264" lon="14.374963"><ele>193.5</ele></trkpt>
   <trkpt lat="50.472148" lon="14.375324"><ele>192.75</ele></trkpt>
   <trkpt lat="50.471442" lon="14.377476"><ele>191.75</ele></trkpt>
   <trkpt lat="50.471176" lon="14.378227"><ele>188.5</ele></trkpt>
   <trkpt lat="50.470882" lon="14.378996"><ele>192.25</ele></trkpt>
   <trkpt lat="50.470333" lon="14.380393"><ele>190.25</ele></trkpt>
   <trkpt lat="50.470105" lon="14.380951"><ele>190</ele></trkpt>
   <trkpt lat="50.469985" lon="14.381218"><ele>191</ele></trkpt>
   <trkpt lat="50.469864" lon="14.381464"><ele>189.25</ele></trkpt>
   <trkpt lat="50.469724" lon="14.381723"><ele>189.25</ele></trkpt>
   <trkpt lat="50.469576" lon="14.381963"><ele>188.75</ele></trkpt>
   <trkpt lat="50.469447" lon="14.382157"><ele>190</ele></trkpt>
   <trkpt lat="50.469264" lon="14.382394"><ele>190.5</ele></trkpt>
   <trkpt lat="50.468998" lon="14.382714"><ele>189.5</ele></trkpt>
   <trkpt lat="50.468704" lon="14.38305"><ele>191.5</ele></trkpt>
   <trkpt lat="50.467807" lon="14.384065"><ele>189.5</ele></trkpt>
   <trkpt lat="50.467427" lon="14.384474"><ele>188.5</ele></trkpt>
   <trkpt lat="50.467108" lon="14.38478"><ele>185.5</ele></trkpt>
   <trkpt lat="50.466939" lon="14.384925"><ele>186.5</ele></trkpt>
   <trkpt lat="50.466776" lon="14.385052"><ele>186.25</ele></trkpt>
   <trkpt lat="50.465957" lon="14.385643"><ele>190</ele></trkpt>
   <trkpt lat="50.465632" lon="14.385904"><ele>189.75</ele></trkpt>
   <trkpt lat="50.465464" lon="14.386056"><ele>189</ele></trkpt>
   <trkpt lat="50.465306" lon="14.386212"><ele>189</ele></trkpt>
   <trkpt lat="50.464564" lon="14.386981"><ele>186.5</ele></trkpt>
   <trkpt lat="50.464241" lon="14.387284"><ele>186.75</ele></trkpt>
   <trkpt lat="50.464058" lon="14.387432"><ele>186.75</ele></trkpt>
   <trkpt lat="50.463694" lon="14.387676"><ele>185</ele></trkpt>
   <trkpt lat="50.463477" lon="14.387801"><ele>184.25</ele></trkpt>
   <trkpt lat="50.462685" lon="14.388197"><ele>187.25</ele></trkpt>
   <trkpt lat="50.462517" lon="14.388293"><ele>187</ele></trkpt>
   <trkpt lat="50.462162" lon="14.388524"><ele>186.5</ele></trkpt>
   <trkpt lat="50.462055" lon="14.388604"><ele>186.25</ele></trkpt>
   <trkpt lat="50.46183" lon="14.388793"><ele>185.5</ele></trkpt>
   <trkpt lat="50.461612" lon="14.388998"><ele>184.25</ele></trkpt>
   <trkpt lat="50.461165" lon="14.389465"><ele>186.75</ele></trkpt>
   <trkpt lat="50.459881" lon="14.390845"><ele>185.5</ele></trkpt>
   <trkpt lat="50.459324" lon="14.391383"><ele>184.5</ele></trkpt>
   <trkpt lat="50.459139" lon="14.391551"><ele>184.5</ele></trkpt>
   <trkpt lat="50.45901" lon="14.391673"><ele>184.25</ele></trkpt>
   <trkpt lat="50.458981" lon="14.391699"><ele>184.25</ele></trkpt>
   <trkpt lat="50.458725" lon="14.391927"><ele>184.25</ele></trkpt>
   <trkpt lat="50.458156" lon="14.392443"><ele>184.25</ele></trkpt>
   <trkpt lat="50.45665" lon="14.393807"><ele>184</ele></trkpt>
   <trkpt lat="50.45662" lon="14.393835"><ele>184</ele></trkpt>
   <trkpt lat="50.45471" lon="14.395566"><ele>184</ele></trkpt>
   <trkpt lat="50.454366" lon="14.395859"><ele>183.75</ele></trkpt>
   <trkpt lat="50.454066" lon="14.396091"><ele>184</ele></trkpt>
   <trkpt lat="50.453751" lon="14.396283"><ele>184</ele></trkpt>
   <trkpt lat="50.453468" lon="14.396449"><ele>184</ele></trkpt>
   <trkpt lat="50.452793" lon="14.39679"><ele>184</ele></trkpt>
   <trkpt lat="50.452706" lon="14.396837"><ele>184</ele></trkpt>
   <trkpt lat="50.452396" lon="14.397029"><ele>183.75</ele></trkpt>
   <trkpt lat="50.452077" lon="14.397227"><ele>183</ele></trkpt>
   <trkpt lat="50.452013" lon="14.397261"><ele>183</ele></trkpt>
   <trkpt lat="50.451429" lon="14.397542"><ele>182.75</ele></trkpt>
   <trkpt lat="50.451074" lon="14.39765"><ele>182.75</ele></trkpt>
   <trkpt lat="50.450712" lon="14.397719"><ele>182.75</ele></trkpt>
   <trkpt lat="50.450178" lon="14.397732"><ele>182.25</ele></trkpt>
   <trkpt lat="50.448528" lon="14.397723"><ele>181.25</ele></trkpt>
   <trkpt lat="50.447204" lon="14.397723"><ele>181.75</ele></trkpt>
   <trkpt lat="50.446817" lon="14.397745"><ele>181.75</ele></trkpt>
   <trkpt lat="50.446608" lon="14.397769"><ele>181.75</ele></trkpt>
   <trkpt lat="50.446252" lon="14.397858"><ele>181.5</ele></trkpt>
   <trkpt lat="50.446063" lon="14.397928"><ele>181.5</ele></trkpt>
   <trkpt lat="50.445688" lon="14.398094"><ele>181.5</ele></trkpt>
   <trkpt lat="50.440026" lon="14.401092"><ele>179</ele></trkpt>
   <trkpt lat="50.439947" lon="14.401135"><ele>178.75</ele></trkpt>
   <trkpt lat="50.437539" lon="14.40241"><ele>177.75</ele></trkpt>
   <trkpt lat="50.436463" lon="14.402988"><ele>177.5</ele></trkpt>
   <trkpt lat="50.436205" lon="14.403139"><ele>177.25</ele></trkpt>
   <trkpt lat="50.435966" lon="14.403305"><ele>177.25</ele></trkpt>
   <trkpt lat="50.435481" lon="14.403664"><ele>177.25</ele></trkpt>
   <trkpt lat="50.43352" lon="14.405137"><ele>177.25</ele></trkpt>
   <trkpt lat="50.432786" lon="14.405695"><ele>177.5</ele></trkpt>
   <trkpt lat="50.432329" lon="14.406088"><ele>178</ele></trkpt>
   <trkpt lat="50.432102" lon="14.406299"><ele>178</ele></trkpt>
   <trkpt lat="50.431867" lon="14.406533"><ele>178</ele></trkpt>
   <trkpt lat="50.43157" lon="14.406851"><ele>177.5</ele></trkpt>
   <trkpt lat="50.431288" lon="14.407184"><ele>177.25</ele></trkpt>
   <trkpt lat="50.431004" lon="14.407547"><ele>177.25</ele></trkpt>
   <trkpt lat="50.430534" lon="14.408218"><ele>177</ele></trkpt>
   <trkpt lat="50.430342" lon="14.408518"><ele>177</ele></trkpt>
   <trkpt lat="50.429295" lon="14.410291"><ele>176</ele></trkpt>
   <trkpt lat="50.427528" lon="14.413315"><ele>174.75</ele></trkpt>
   <trkpt lat="50.42722" lon="14.413818"><ele>174.5</ele></trkpt>
   <trkpt lat="50.427069" lon="14.414049"><ele>174.25</ele></trkpt>
   <trkpt lat="50.426917" lon="14.414266"><ele>174.5</ele></trkpt>
   <trkpt lat="50.426754" lon="14.414477"><ele>174</ele></trkpt>
   <trkpt lat="50.426586" lon="14.414672"><ele>173.5</ele></trkpt>
   <trkpt lat="50.426416" lon="14.414851"><ele>173.25</ele></trkpt>
   <trkpt lat="50.426232" lon="14.415026"><ele>173.25</ele></trkpt>
   <trkpt lat="50.426056" lon="14.415175"><ele>172.75</ele></trkpt>
   <trkpt lat="50.425876" lon="14.415313"><ele>173.75</ele></trkpt>
   <trkpt lat="50.425501" lon="14.415581"><ele>174.25</ele></trkpt>
   <trkpt lat="50.423736" lon="14.416789"><ele>174</ele></trkpt>
   <trkpt lat="50.423369" lon="14.417055"><ele>173.75</ele></trkpt>
   <trkpt lat="50.423081" lon="14.417294"><ele>173.5</ele></trkpt>
   <trkpt lat="50.422835" lon="14.417528"><ele>173.25</ele></trkpt>
   <trkpt lat="50.422601" lon="14.417792"><ele>173</ele></trkpt>
   <trkpt lat="50.422371" lon="14.418101"><ele>174</ele></trkpt>
   <trkpt lat="50.422193" lon="14.41838"><ele>172.25</ele></trkpt>
   <trkpt lat="50.422007" lon="14.418719"><ele>173</ele></trkpt>
   <trkpt lat="50.421838" lon="14.419088"><ele>170.75</ele></trkpt>
   <trkpt lat="50.421698" lon="14.419431"><ele>171.25</ele></trkpt>
   <trkpt lat="50.421572" lon="14.419819"><ele>169</ele></trkpt>
   <trkpt lat="50.42148" lon="14.420143"><ele>170</ele></trkpt>
   <trkpt lat="50.421365" lon="14.420622"><ele>169.75</ele></trkpt>
   <trkpt lat="50.421096" lon="14.421872"><ele>170</ele></trkpt>
   <trkpt lat="50.420963" lon="14.422442"><ele>168</ele></trkpt>
   <trkpt lat="50.420803" lon="14.423008"><ele>168.75</ele></trkpt>
   <trkpt lat="50.420615" lon="14.423563"><ele>170</ele></trkpt>
   <trkpt lat="50.420401" lon="14.424168"><ele>168.5</ele></trkpt>
   <trkpt lat="50.420109" lon="14.424948"><ele>168</ele></trkpt>
   <trkpt lat="50.419829" lon="14.425668"><ele>167.5</ele></trkpt>
   <trkpt lat="50.418994" lon="14.427738"><ele>168.5</ele></trkpt>
   <trkpt lat="50.418728" lon="14.428325"><ele>168.75</ele></trkpt>
   <trkpt lat="50.418326" lon="14.429102"><ele>167.25</ele></trkpt>
   <trkpt lat="50.418288" lon="14.429172"><ele>167</ele></trkpt>
   <trkpt lat="50.418063" lon="14.429531"><ele>167.5</ele></trkpt>
   <trkpt lat="50.417815" lon="14.429935"><ele>166.75</ele></trkpt>
   <trkpt lat="50.417727" lon="14.430095"><ele>166.5</ele></trkpt>
   <trkpt lat="50.417564" lon="14.430361"><ele>166.5</ele></trkpt>
   <trkpt lat="50.417391" lon="14.430616"><ele>165.5</ele></trkpt>
   <trkpt lat="50.4173" lon="14.430775"><ele>166</ele></trkpt>
   <trkpt lat="50.416933" lon="14.431446"><ele>165.75</ele></trkpt>
   <trkpt lat="50.416576" lon="14.432052"><ele>164.75</ele></trkpt>
   <trkpt lat="50.414048" lon="14.4362"><ele>163</ele></trkpt>
   <trkpt lat="50.413662" lon="14.436931"><ele>163.75</ele></trkpt>
   <trkpt lat="50.413597" lon="14.437037"><ele>164</ele></trkpt>
   <trkpt lat="50.41313" lon="14.437805"><ele>162.75</ele></trkpt>
   <trkpt lat="50.413119" lon="14.437823"><ele>162.75</ele></trkpt>
   <trkpt lat="50.412883" lon="14.438216"><ele>162.5</ele></trkpt>
   <trkpt lat="50.412688" lon="14.438508"><ele>162.75</ele></trkpt>
   <trkpt lat="50.412562" lon="14.438684"><ele>162.5</ele></trkpt>
   <trkpt lat="50.412284" lon="14.439006"><ele>161.75</ele></trkpt>
   <trkpt lat="50.412129" lon="14.43916"><ele>162</ele></trkpt>
   <trkpt lat="50.4119" lon="14.439356"><ele>161.75</ele></trkpt>
   <trkpt lat="50.411745" lon="14.439472"><ele>162</ele></trkpt>
   <trkpt lat="50.411459" lon="14.439652"><ele>162</ele></trkpt>
   <trkpt lat="50.411314" lon="14.439719"><ele>162.25</ele></trkpt>
   <trkpt lat="50.411183" lon="14.439778"><ele>161.5</ele></trkpt>
   <trkpt lat="50.411016" lon="14.439838"><ele>161</ele></trkpt>
   <trkpt lat="50.410702" lon="14.439914"><ele>161</ele></trkpt>
   <trkpt lat="50.410503" lon="14.439949"><ele>161.5</ele></trkpt>
   <trkpt lat="50.410282" lon="14.439973"><ele>161.25</ele></trkpt>
   <trkpt lat="50.409479" lon="14.440014"><ele>160.75</ele></trkpt>
   <trkpt lat="50.409283" lon="14.440032"><ele>160.25</ele></trkpt>
   <trkpt lat="50.408893" lon="14.440093"><ele>159.25</ele></trkpt>
   <trkpt lat="50.408718" lon="14.44014"><ele>159</ele></trkpt>
   <trkpt lat="50.40853" lon="14.440207"><ele>159.5</ele></trkpt>
   <trkpt lat="50.40836" lon="14.440276"><ele>160</ele></trkpt>
   <trkpt lat="50.408169" lon="14.440379"><ele>158.25</ele></trkpt>
   <trkpt lat="50.407992" lon="14.440489"><ele>159.25</ele></trkpt>
   <trkpt lat="50.407816" lon="14.440619"><ele>158.5</ele></trkpt>
   <trkpt lat="50.40751" lon="14.440889"><ele>158.25</ele></trkpt>
   <trkpt lat="50.407244" lon="14.44118"><ele>158.5</ele></trkpt>
   <trkpt lat="50.40709" lon="14.441377"><ele>157</ele></trkpt>
   <trkpt lat="50.406947" lon="14.44159"><ele>159</ele></trkpt>
   <trkpt lat="50.406839" lon="14.441744"><ele>158.5</ele></trkpt>
   <trkpt lat="50.406704" lon="14.441978"><ele>158</ele></trkpt>
   <trkpt lat="50.406583" lon="14.442206"><ele>158.25</ele></trkpt>
   <trkpt lat="50.406315" lon="14.44276"><ele>158.75</ele></trkpt>
   <trkpt lat="50.40602" lon="14.443398"><ele>158</ele></trkpt>
   <trkpt lat="50.404696" lon="14.446232"><ele>158</ele></trkpt>
   <trkpt lat="50.404416" lon="14.446803"><ele>158.5</ele></trkpt>
   <trkpt lat="50.404225" lon="14.447169"><ele>157.5</ele></trkpt>
   <trkpt lat="50.403849" lon="14.44782"><ele>159.25</ele></trkpt>
   <trkpt lat="50.403662" lon="14.448121"><ele>157.75</ele></trkpt>
   <trkpt lat="50.403305" lon="14.448645"><ele>158.25</ele></trkpt>
   <trkpt lat="50.403219" lon="14.448763"><ele>157.5</ele></trkpt>
   <trkpt lat="50.401675" lon="14.450872"><ele>159</ele></trkpt>
   <trkpt lat="50.400798" lon="14.452079"><ele>157</ele></trkpt>
   <trkpt lat="50.400516" lon="14.452463"><ele>158</ele></trkpt>
   <trkpt lat="50.398893" lon="14.454703"><ele>158.75</ele></trkpt>
   <trkpt lat="50.398419" lon="14.45534"><ele>159.5</ele></trkpt>
   <trkpt lat="50.397925" lon="14.455976"><ele>160.25</ele></trkpt>
   <trkpt lat="50.397434" lon="14.456568"><ele>159.75</ele></trkpt>
   <trkpt lat="50.397173" lon="14.45687"><ele>158.75</ele></trkpt>
   <trkpt lat="50.396915" lon="14.457158"><ele>159</ele></trkpt>
   <trkpt lat="50.396404" lon="14.457704"><ele>158.5</ele></trkpt>
   <trkpt lat="50.395645" lon="14.458498"><ele>159</ele></trkpt>
   <trkpt lat="50.395389" lon="14.458746"><ele>159.25</ele></trkpt>
   <trkpt lat="50.395163" lon="14.45895"><ele>158.5</ele></trkpt>
   <trkpt lat="50.394676" lon="14.459369"><ele>158.75</ele></trkpt>
   <trkpt lat="50.394003" lon="14.459873"><ele>160</ele></trkpt>
   <trkpt lat="50.39386" lon="14.459973"><ele>160.25</ele></trkpt>
   <trkpt lat="50.393375" lon="14.460316"><ele>160.75</ele></trkpt>
   <trkpt lat="50.393152" lon="14.460459"><ele>160</ele></trkpt>
   <trkpt lat="50.392672" lon="14.460736"><ele>160.25</ele></trkpt>
   <trkpt lat="50.392413" lon="14.46087"><ele>160.75</ele></trkpt>
   <trkpt lat="50.391963" lon="14.461066"><ele>160.25</ele></trkpt>
   <trkpt lat="50.391353" lon="14.461304"><ele>161</ele></trkpt>
   <trkpt lat="50.387365" lon="14.462858"><ele>163</ele></trkpt>
   <trkpt lat="50.386645" lon="14.463138"><ele>162.5</ele></trkpt>
   <trkpt lat="50.385992" lon="14.463389"><ele>163</ele></trkpt>
   <trkpt lat="50.385553" lon="14.463525"><ele>163</ele></trkpt>
   <trkpt lat="50.38532" lon="14.463584"><ele>162.75</ele></trkpt>
   <trkpt lat="50.38475" lon="14.463688"><ele>162.5</ele></trkpt>
   <trkpt lat="50.383904" lon="14.463823"><ele>162.75</ele></trkpt>
   <trkpt lat="50.383539" lon="14.463917"><ele>162.75</ele></trkpt>
   <trkpt lat="50.38308" lon="14.464072"><ele>163</ele></trkpt>
   <trkpt lat="50.383" lon="14.464104"><ele>163</ele></trkpt>
   <trkpt lat="50.382666" lon="14.464231"><ele>162.75</ele></trkpt>
   <trkpt lat="50.382058" lon="14.464502"><ele>163.25</ele></trkpt>
   <trkpt lat="50.380222" lon="14.465287"><ele>164.75</ele></trkpt>
   <trkpt lat="50.378645" lon="14.465967"><ele>165.5</ele></trkpt>
   <trkpt lat="50.377885" lon="14.466282"><ele>165.25</ele></trkpt>
   <trkpt lat="50.377293" lon="14.466544"><ele>165.75</ele></trkpt>
   <trkpt lat="50.376668" lon="14.466841"><ele>165.75</ele></trkpt>
   <trkpt lat="50.376118" lon="14.467145"><ele>166</ele></trkpt>
   <trkpt lat="50.375818" lon="14.467328"><ele>166.25</ele></trkpt>
   <trkpt lat="50.375514" lon="14.467526"><ele>167</ele></trkpt>
   <trkpt lat="50.375094" lon="14.467817"><ele>167</ele></trkpt>
   <trkpt lat="50.374175" lon="14.468528"><ele>165.75</ele></trkpt>
   <trkpt lat="50.372948" lon="14.469474"><ele>166.5</ele></trkpt>
   <trkpt lat="50.372589" lon="14.469761"><ele>167</ele></trkpt>
   <trkpt lat="50.372071" lon="14.470197"><ele>167</ele></trkpt>
   <trkpt lat="50.370822" lon="14.471307"><ele>165.25</ele></trkpt>
   <trkpt lat="50.3704" lon="14.47166"><ele>165.25</ele></trkpt>
   <trkpt lat="50.370025" lon="14.471943"><ele>165</ele></trkpt>
   <trkpt lat="50.369017" lon="14.472635"><ele>165.75</ele></trkpt>
   <trkpt lat="50.368859" lon="14.472742"><ele>165.75</ele></trkpt>
   <trkpt lat="50.368834" lon="14.47276"><ele>165.75</ele></trkpt>
   <trkpt lat="50.366305" lon="14.474497"><ele>167</ele></trkpt>
   <trkpt lat="50.366005" lon="14.47469"><ele>166.75</ele></trkpt>
   <trkpt lat="50.365811" lon="14.474833"><ele>167</ele></trkpt>
   <trkpt lat="50.365242" lon="14.475217"><ele>166.75</ele></trkpt>
   <trkpt lat="50.364669" lon="14.475635"><ele>166.75</ele></trkpt>
   <trkpt lat="50.364382" lon="14.475868"><ele>166.75</ele></trkpt>
   <trkpt lat="50.364086" lon="14.47613"><ele>167</ele></trkpt>
   <trkpt lat="50.363843" lon="14.476355"><ele>167.75</ele></trkpt>
   <trkpt lat="50.363565" lon="14.476633"><ele>167.75</ele></trkpt>
   <trkpt lat="50.363117" lon="14.477125"><ele>167.5</ele></trkpt>
   <trkpt lat="50.362899" lon="14.477388"><ele>167.75</ele></trkpt>
   <trkpt lat="50.362607" lon="14.477768"><ele>168</ele></trkpt>
   <trkpt lat="50.362518" lon="14.477886"><ele>167.75</ele></trkpt>
   <trkpt lat="50.362283" lon="14.478227"><ele>167.75</ele></trkpt>
   <trkpt lat="50.361754" lon="14.479035"><ele>168</ele></trkpt>
   <trkpt lat="50.361144" lon="14.479976"><ele>167.75</ele></trkpt>
   <trkpt lat="50.358738" lon="14.483632"><ele>167.25</ele></trkpt>
   <trkpt lat="50.358408" lon="14.484138"><ele>167.75</ele></trkpt>
   <trkpt lat="50.358365" lon="14.484203"><ele>167.75</ele></trkpt>
   <trkpt lat="50.358022" lon="14.484725"><ele>167.75</ele></trkpt>
   <trkpt lat="50.357511" lon="14.485503"><ele>168</ele></trkpt>
   <trkpt lat="50.357414" lon="14.48565"><ele>168</ele></trkpt>
   <trkpt lat="50.355539" lon="14.488517"><ele>169</ele></trkpt>
   <trkpt lat="50.353309" lon="14.491898"><ele>170</ele></trkpt>
   <trkpt lat="50.35326" lon="14.491972"><ele>170.75</ele></trkpt>
   <trkpt lat="50.353055" lon="14.492289"><ele>170.75</ele></trkpt>
   <trkpt lat="50.352993" lon="14.492385"><ele>170.5</ele></trkpt>
   <trkpt lat="50.352846" lon="14.492611"><ele>170.75</ele></trkpt>
   <trkpt lat="50.351736" lon="14.494315"><ele>171</ele></trkpt>
   <trkpt lat="50.351241" lon="14.495066"><ele>171</ele></trkpt>
   <trkpt lat="50.351167" lon="14.495181"><ele>171</ele></trkpt>
   <trkpt lat="50.351133" lon="14.495232"><ele>171</ele></trkpt>
   <trkpt lat="50.350967" lon="14.495484"><ele>171</ele></trkpt>
   <trkpt lat="50.350812" lon="14.495732"><ele>171</ele></trkpt>
   <trkpt lat="50.350605" lon="14.496104"><ele>171</ele></trkpt>
   <trkpt lat="50.350395" lon="14.496451"><ele>171</ele></trkpt>
   <trkpt lat="50.35038" lon="14.496473"><ele>171</ele></trkpt>
   <trkpt lat="50.350281" lon="14.496619"><ele>171</ele></trkpt>
   <trkpt lat="50.350068" lon="14.496952"><ele>171.25</ele></trkpt>
   <trkpt lat="50.349294" lon="14.498127"><ele>172</ele></trkpt>
   <trkpt lat="50.349202" lon="14.498265"><ele>171.75</ele></trkpt>
   <trkpt lat="50.34919" lon="14.498284"><ele>172</ele></trkpt>
   <trkpt lat="50.349106" lon="14.49841"><ele>172</ele></trkpt>
   <trkpt lat="50.348874" lon="14.498766"><ele>171.75</ele></trkpt>
   <trkpt lat="50.347715" lon="14.500528"><ele>171.75</ele></trkpt>
   <trkpt lat="50.347341" lon="14.501117"><ele>171.75</ele></trkpt>
   <trkpt lat="50.346975" lon="14.501736"><ele>171.75</ele></trkpt>
   <trkpt lat="50.34668" lon="14.502253"><ele>172</ele></trkpt>
   <trkpt lat="50.346562" lon="14.502464"><ele>171.75</ele></trkpt>
   <trkpt lat="50.345478" lon="14.504379"><ele>172</ele></trkpt>
   <trkpt lat="50.343871" lon="14.507232"><ele>173</ele></trkpt>
   <trkpt lat="50.341245" lon="14.511871"><ele>175.5</ele></trkpt>
   <trkpt lat="50.341087" lon="14.51215"><ele>175</ele></trkpt>
   <trkpt lat="50.340972" lon="14.512359"><ele>174.75</ele></trkpt>
   <trkpt lat="50.340612" lon="14.513033"><ele>176.25</ele></trkpt>
   <trkpt lat="50.338868" lon="14.516079"><ele>177.5</ele></trkpt>
   <trkpt lat="50.337255" lon="14.518939"><ele>179.25</ele></trkpt>
   <trkpt lat="50.335273" lon="14.522475"><ele>181</ele></trkpt>
   <trkpt lat="50.334014" lon="14.524704"><ele>180.5</ele></trkpt>
   <trkpt lat="50.333324" lon="14.52591"><ele>182.5</ele></trkpt>
   <trkpt lat="50.333146" lon="14.526227"><ele>182</ele></trkpt>
   <trkpt lat="50.331218" lon="14.529638"><ele>184</ele></trkpt>
   <trkpt lat="50.325052" lon="14.540553"><ele>181.75</ele></trkpt>
   <trkpt lat="50.324708" lon="14.541127"><ele>181.75</ele></trkpt>
   <trkpt lat="50.324344" lon="14.541664"><ele>182</ele></trkpt>
   <trkpt lat="50.324145" lon="14.541939"><ele>181.75</ele></trkpt>
   <trkpt lat="50.323924" lon="14.542222"><ele>181.75</ele></trkpt>
   <trkpt lat="50.323744" lon="14.542439"><ele>181</ele></trkpt>
   <trkpt lat="50.323528" lon="14.542691"><ele>181</ele></trkpt>
   <trkpt lat="50.323319" lon="14.542918"><ele>181</ele></trkpt>
   <trkpt lat="50.323083" lon="14.543153"><ele>180.75</ele></trkpt>
   <trkpt lat="50.322613" lon="14.543597"><ele>181</ele></trkpt>
   <trkpt lat="50.319653" lon="14.546284"><ele>180</ele></trkpt>
   <trkpt lat="50.319592" lon="14.546338"><ele>180</ele></trkpt>
   <trkpt lat="50.318944" lon="14.546925"><ele>181</ele></trkpt>
   <trkpt lat="50.315949" lon="14.549644"><ele>180</ele></trkpt>
   <trkpt lat="50.315893" lon="14.549695"><ele>180</ele></trkpt>
   <trkpt lat="50.313367" lon="14.551989"><ele>179.75</ele></trkpt>
   <trkpt lat="50.308201" lon="14.556685"><ele>179.75</ele></trkpt>
   <trkpt lat="50.307766" lon="14.55711"><ele>180</ele></trkpt>
   <trkpt lat="50.307389" lon="14.557522"><ele>180</ele></trkpt>
   <trkpt lat="50.307205" lon="14.55774"><ele>180</ele></trkpt>
   <trkpt lat="50.30698" lon="14.558024"><ele>180</ele></trkpt>
   <trkpt lat="50.306796" lon="14.55827"><ele>180</ele></trkpt>
   <trkpt lat="50.30659" lon="14.558561"><ele>180</ele></trkpt>
   <trkpt lat="50.306408" lon="14.558837"><ele>180</ele></trkpt>
   <trkpt lat="50.305875" lon="14.559717"><ele>180</ele></trkpt>
   <trkpt lat="50.304413" lon="14.562246"><ele>179.75</ele></trkpt>
   <trkpt lat="50.299571" lon="14.570622"><ele>179.75</ele></trkpt>
   <trkpt lat="50.299534" lon="14.570687"><ele>179.5</ele></trkpt>
   <trkpt lat="50.299231" lon="14.571211"><ele>179</ele></trkpt>
   <trkpt lat="50.298899" lon="14.571804"><ele>179</ele></trkpt>
   <trkpt lat="50.298452" lon="14.572668"><ele>178.5</ele></trkpt>
   <trkpt lat="50.296101" lon="14.577489"><ele>177</ele></trkpt>
   <trkpt lat="50.295487" lon="14.578749"><ele>177</ele></trkpt>
   <trkpt lat="50.294562" lon="14.580654"><ele>176</ele></trkpt>
   <trkpt lat="50.293869" lon="14.582104"><ele>176.75</ele></trkpt>
   <trkpt lat="50.293547" lon="14.58273"><ele>176.5</ele></trkpt>
   <trkpt lat="50.293432" lon="14.582941"><ele>176</ele></trkpt>
   <trkpt lat="50.29321" lon="14.583316"><ele>176</ele></trkpt>
   <trkpt lat="50.292988" lon="14.583672"><ele>176.5</ele></trkpt>
   <trkpt lat="50.292852" lon="14.583872"><ele>176</ele></trkpt>
   <trkpt lat="50.292515" lon="14.584336"><ele>175.75</ele></trkpt>
   <trkpt lat="50.292347" lon="14.584557"><ele>175.25</ele></trkpt>
   <trkpt lat="50.29216" lon="14.584783"><ele>175.5</ele></trkpt>
   <trkpt lat="50.291751" lon="14.585242"><ele>175.5</ele></trkpt>
   <trkpt lat="50.29131" lon="14.585678"><ele>175</ele></trkpt>
   <trkpt lat="50.291081" lon="14.585884"><ele>175</ele></trkpt>
   <trkpt lat="50.290847" lon="14.586081"><ele>175</ele></trkpt>
   <trkpt lat="50.290368" lon="14.586448"><ele>175</ele></trkpt>
   <trkpt lat="50.289884" lon="14.58676"><ele>175</ele></trkpt>
   <trkpt lat="50.289514" lon="14.586968"><ele>175</ele></trkpt>
   <trkpt lat="50.289378" lon="14.587041"><ele>175</ele></trkpt>
   <trkpt lat="50.289096" lon="14.58717"><ele>175</ele></trkpt>
   <trkpt lat="50.289005" lon="14.587211"><ele>175</ele></trkpt>
   <trkpt lat="50.288649" lon="14.587354"><ele>175</ele></trkpt>
   <trkpt lat="50.288385" lon="14.587443"><ele>175</ele></trkpt>
   <trkpt lat="50.288111" lon="14.587523"><ele>175</ele></trkpt>
   <trkpt lat="50.287833" lon="14.587595"><ele>174</ele></trkpt>
   <trkpt lat="50.287336" lon="14.587689"><ele>174.5</ele></trkpt>
   <trkpt lat="50.286974" lon="14.58772"><ele>174.75</ele></trkpt>
   <trkpt lat="50.286554" lon="14.587727"><ele>174.75</ele></trkpt>
   <trkpt lat="50.2862" lon="14.587688"><ele>173.75</ele></trkpt>
   <trkpt lat="50.285977" lon="14.587652"><ele>173.75</ele></trkpt>
   <trkpt lat="50.285591" lon="14.58755"><ele>174</ele></trkpt>
   <trkpt lat="50.285278" lon="14.587435"><ele>173.75</ele></trkpt>
   <trkpt lat="50.285011" lon="14.587307"><ele>173.75</ele></trkpt>
   <trkpt lat="50.284988" lon="14.587296"><ele>173.75</ele></trkpt>
   <trkpt lat="50.284951" lon="14.587275"><ele>173.75</ele></trkpt>
   <trkpt lat="50.284606" lon="14.587054"><ele>173.5</ele></trkpt>
   <trkpt lat="50.284402" lon="14.586901"><ele>173.75</ele></trkpt>
   <trkpt lat="50.284179" lon="14.58671"><ele>173.75</ele></trkpt>
   <trkpt lat="50.283886" lon="14.586417"><ele>174</ele></trkpt>
   <trkpt lat="50.28376" lon="14.58627"><ele>174</ele></trkpt>
   <trkpt lat="50.283724" lon="14.58623"><ele>174</ele></trkpt>
   <trkpt lat="50.283665" lon="14.586156"><ele>174</ele></trkpt>
   <trkpt lat="50.282419" lon="14.584619"><ele>173.5</ele></trkpt>
   <trkpt lat="50.2824" lon="14.584595"><ele>173.5</ele></trkpt>
   <trkpt lat="50.282217" lon="14.584372"><ele>173.5</ele></trkpt>
   <trkpt lat="50.281927" lon="14.583987"><ele>173.75</ele></trkpt>
   <trkpt lat="50.281875" lon="14.583918"><ele>173.75</ele></trkpt>
   <trkpt lat="50.281578" lon="14.58348"><ele>173.5</ele></trkpt>
   <trkpt lat="50.281263" lon="14.582983"><ele>173</ele></trkpt>
   <trkpt lat="50.280953" lon="14.582437"><ele>173</ele></trkpt>
   <trkpt lat="50.280791" lon="14.582128"><ele>173</ele></trkpt>
   <trkpt lat="50.280074" lon="14.580709"><ele>173</ele></trkpt>
   <trkpt lat="50.279532" lon="14.579648"><ele>173</ele></trkpt>
   <trkpt lat="50.279513" lon="14.57961"><ele>173</ele></trkpt>
   <trkpt lat="50.279383" lon="14.57936"><ele>173</ele></trkpt>
   <trkpt lat="50.279111" lon="14.578887"><ele>173</ele></trkpt>
   <trkpt lat="50.278985" lon="14.578679"><ele>173</ele></trkpt>
   <trkpt lat="50.278672" lon="14.578207"><ele>173</ele></trkpt>
   <trkpt lat="50.278387" lon="14.577779"><ele>172.75</ele></trkpt>
   <trkpt lat="50.278175" lon="14.577451"><ele>172.75</ele></trkpt>
   <trkpt lat="50.27812" lon="14.577368"><ele>172.5</ele></trkpt>
   <trkpt lat="50.277937" lon="14.577042"><ele>172.25</ele></trkpt>
   <trkpt lat="50.277758" lon="14.576695"><ele>172</ele></trkpt>
   <trkpt lat="50.277638" lon="14.576471"><ele>172.25</ele></trkpt>
   <trkpt lat="50.277323" lon="14.576005"><ele>172.25</ele></trkpt>
   <trkpt lat="50.277123" lon="14.57566"><ele>172.25</ele></trkpt>
   <trkpt lat="50.276937" lon="14.575294"><ele>172</ele></trkpt>
   <trkpt lat="50.276906" lon="14.575231"><ele>172</ele></trkpt>
   <trkpt lat="50.276285" lon="14.574003"><ele>171.75</ele></trkpt>
   <trkpt lat="50.275449" lon="14.572364"><ele>172.25</ele></trkpt>
   <trkpt lat="50.275166" lon="14.571807"><ele>170.25</ele></trkpt>
   <trkpt lat="50.275149" lon="14.571774"><ele>170.25</ele></trkpt>
   <trkpt lat="50.273164" lon="14.567867"><ele>168.5</ele></trkpt>
   <trkpt lat="50.273106" lon="14.567749"><ele>168.5</ele></trkpt>
   <trkpt lat="50.272369" lon="14.566302"><ele>168</ele></trkpt>
   <trkpt lat="50.271252" lon="14.564109"><ele>168</ele></trkpt>
   <trkpt lat="50.271218" lon="14.564044"><ele>168</ele></trkpt>
   <trkpt lat="50.27096" lon="14.563536"><ele>168</ele></trkpt>
   <trkpt lat="50.270716" lon="14.563058"><ele>167.75</ele></trkpt>
   <trkpt lat="50.26819" lon="14.558088"><ele>167.5</ele></trkpt>
   <trkpt lat="50.267901" lon="14.557522"><ele>167</ele></trkpt>
   <trkpt lat="50.267464" lon="14.556659"><ele>167.75</ele></trkpt>
   <trkpt lat="50.267335" lon="14.556407"><ele>167.5</ele></trkpt>
   <trkpt lat="50.266782" lon="14.555318"><ele>167.5</ele></trkpt>
   <trkpt lat="50.266554" lon="14.554862"><ele>167.5</ele></trkpt>
   <trkpt lat="50.266302" lon="14.554336"><ele>167.5</ele></trkpt>
   <trkpt lat="50.265927" lon="14.553489"><ele>167.5</ele></trkpt>
   <trkpt lat="50.265708" lon="14.552963"><ele>167.5</ele></trkpt>
   <trkpt lat="50.26553" lon="14.55251"><ele>167</ele></trkpt>
   <trkpt lat="50.265332" lon="14.551989"><ele>167.25</ele></trkpt>
   <trkpt lat="50.265066" lon="14.551253"><ele>167</ele></trkpt>
   <trkpt lat="50.26486" lon="14.550612"><ele>168.25</ele></trkpt>
   <trkpt lat="50.264623" lon="14.549832"><ele>168</ele></trkpt>
   <trkpt lat="50.264413" lon="14.54909"><ele>166</ele></trkpt>
   <trkpt lat="50.264176" lon="14.548158"><ele>165.5</ele></trkpt>
   <trkpt lat="50.264073" lon="14.547734"><ele>166.25</ele></trkpt>
   <trkpt lat="50.263895" lon="14.54694"><ele>166</ele></trkpt>
   <trkpt lat="50.263723" lon="14.546002"><ele>163</ele></trkpt>
   <trkpt lat="50.26362" lon="14.545426"><ele>164.75</ele></trkpt>
   <trkpt lat="50.263515" lon="14.544742"><ele>163.75</ele></trkpt>
   <trkpt lat="50.263417" lon="14.544031"><ele>163.5</ele></trkpt>
   <trkpt lat="50.263315" lon="14.543209"><ele>164.75</ele></trkpt>
   <trkpt lat="50.263234" lon="14.542376"><ele>162.75</ele></trkpt>
   <trkpt lat="50.263174" lon="14.541621"><ele>162</ele></trkpt>
   <trkpt lat="50.263031" lon="14.539434"><ele>164.5</ele></trkpt>
   <trkpt lat="50.262846" lon="14.536743"><ele>164.25</ele></trkpt>
   <trkpt lat="50.262612" lon="14.533124"><ele>165</ele></trkpt>
   <trkpt lat="50.262539" lon="14.531619"><ele>165</ele></trkpt>
   <trkpt lat="50.262538" lon="14.531591"><ele>165</ele></trkpt>
   <trkpt lat="50.262533" lon="14.531471"><ele>165.5</ele></trkpt>
   <trkpt lat="50.262501" lon="14.530784"><ele>165.75</ele></trkpt>
   <trkpt lat="50.262431" lon="14.529522"><ele>164.75</ele></trkpt>
   <trkpt lat="50.262339" lon="14.528191"><ele>162</ele></trkpt>
   <trkpt lat="50.262184" lon="14.525869"><ele>164.25</ele></trkpt>
   <trkpt lat="50.262138" lon="14.525336"><ele>165.25</ele></trkpt>
   <trkpt lat="50.262104" lon="14.52497"><ele>165.5</ele></trkpt>
   <trkpt lat="50.262029" lon="14.524131"><ele>165.5</ele></trkpt>
   <trkpt lat="50.262019" lon="14.523884"><ele>165.5</ele></trkpt>
   <trkpt lat="50.262016" lon="14.523676"><ele>165.5</ele></trkpt>
   <trkpt lat="50.262027" lon="14.52328"><ele>164.5</ele></trkpt>
   <trkpt lat="50.262066" lon="14.522823"><ele>164.25</ele></trkpt>
   <trkpt lat="50.262075" lon="14.522738"><ele>164.5</ele></trkpt>
   <trkpt lat="50.262079" lon="14.522701"><ele>164.5</ele></trkpt>
   <trkpt lat="50.262197" lon="14.521674"><ele>165.75</ele></trkpt>
   <trkpt lat="50.262325" lon="14.52056"><ele>166</ele></trkpt>
   <trkpt lat="50.262668" lon="14.517506"><ele>166.25</ele></trkpt>
   <trkpt lat="50.26267" lon="14.517497"><ele>166.25</ele></trkpt>
   <trkpt lat="50.262711" lon="14.517133"><ele>166.5</ele></trkpt>
   <trkpt lat="50.26267" lon="14.517497"><ele>166.25</ele></trkpt>
   <trkpt lat="50.262668" lon="14.517506"><ele>166.25</ele></trkpt>
   <trkpt lat="50.262325" lon="14.52056"><ele>166</ele></trkpt>
   <trkpt lat="50.262197" lon="14.521674"><ele>165.75</ele></trkpt>
   <trkpt lat="50.262079" lon="14.522701"><ele>164.5</ele></trkpt>
   <trkpt lat="50.262075" lon="14.522738"><ele>164.5</ele></trkpt>
   <trkpt lat="50.262066" lon="14.522823"><ele>164.25</ele></trkpt>
   <trkpt lat="50.262027" lon="14.52328"><ele>164.5</ele></trkpt>
   <trkpt lat="50.262016" lon="14.523676"><ele>165.5</ele></trkpt>
   <trkpt lat="50.262019" lon="14.523884"><ele>165.5</ele></trkpt>
   <trkpt lat="50.262029" lon="14.524131"><ele>165.5</ele></trkpt>
   <trkpt lat="50.262104" lon="14.52497"><ele>165.5</ele></trkpt>
   <trkpt lat="50.262138" lon="14.525336"><ele>165.25</ele></trkpt>
   <trkpt lat="50.262069" lon="14.524928"><ele>165.25</ele></trkpt>
   <trkpt lat="50.261995" lon="14.524369"><ele>165</ele></trkpt>
   <trkpt lat="50.261974" lon="14.5241"><ele>165.75</ele></trkpt>
   <trkpt lat="50.261964" lon="14.52387"><ele>165.75</ele></trkpt>
   <trkpt lat="50.261964" lon="14.523571"><ele>165.75</ele></trkpt>
   <trkpt lat="50.261976" lon="14.523333"><ele>164.75</ele></trkpt>
   <trkpt lat="50.262016" lon="14.522883"><ele>164.25</ele></trkpt>
   <trkpt lat="50.262024" lon="14.522812"><ele>164.25</ele></trkpt>
   <trkpt lat="50.262033" lon="14.522725"><ele>164.25</ele></trkpt>
   <trkpt lat="50.262044" lon="14.522624"><ele>164.5</ele></trkpt>
   <trkpt lat="50.26209" lon="14.522225"><ele>165</ele></trkpt>
   <trkpt lat="50.262125" lon="14.521765"><ele>165.25</ele></trkpt>
   <trkpt lat="50.262132" lon="14.521137"><ele>165.25</ele></trkpt>
   <trkpt lat="50.262127" lon="14.520885"><ele>165.5</ele></trkpt>
   <trkpt lat="50.262111" lon="14.520603"><ele>165.25</ele></trkpt>
   <trkpt lat="50.261997" lon="14.519305"><ele>166</ele></trkpt>
   <trkpt lat="50.261956" lon="14.519024"><ele>166</ele></trkpt>
   <trkpt lat="50.26191" lon="14.518793"><ele>166</ele></trkpt>
   <trkpt lat="50.261846" lon="14.51854"><ele>166.5</ele></trkpt>
   <trkpt lat="50.261776" lon="14.518309"><ele>167</ele></trkpt>
   <trkpt lat="50.261712" lon="14.51813"><ele>167</ele></trkpt>
   <trkpt lat="50.26166" lon="14.51799"><ele>166.5</ele></trkpt>
   <trkpt lat="50.261646" lon="14.517951"><ele>166.5</ele></trkpt>
   <trkpt lat="50.261536" lon="14.517697"><ele>166.25</ele></trkpt>
   <trkpt lat="50.261405" lon="14.517447"><ele>166.75</ele></trkpt>
   <trkpt lat="50.26128" lon="14.517233"><ele>166.25</ele></trkpt>
   <trkpt lat="50.261146" lon="14.517064"><ele>167</ele></trkpt>
   <trkpt lat="50.260973" lon="14.516877"><ele>167.25</ele></trkpt>
   <trkpt lat="50.260805" lon="14.516743"><ele>167.25</ele></trkpt>
   <trkpt lat="50.26066" lon="14.516653"><ele>167.5</ele></trkpt>
   <trkpt lat="50.260536" lon="14.516591"><ele>168</ele></trkpt>
   <trkpt lat="50.260408" lon="14.516545"><ele>168</ele></trkpt>
   <trkpt lat="50.260292" lon="14.516515"><ele>168</ele></trkpt>
   <trkpt lat="50.260108" lon="14.51649"><ele>168.25</ele></trkpt>
   <trkpt lat="50.259978" lon="14.51649"><ele>168.5</ele></trkpt>
   <trkpt lat="50.259724" lon="14.516516"><ele>168.5</ele></trkpt>
   <trkpt lat="50.259607" lon="14.516562"><ele>168.5</ele></trkpt>
   <trkpt lat="50.259371" lon="14.5167"><ele>169</ele></trkpt>
   <trkpt lat="50.259239" lon="14.516794"><ele>169</ele></trkpt>
   <trkpt lat="50.259065" lon="14.516954"><ele>168.75</ele></trkpt>
   <trkpt lat="50.259019" lon="14.51701"><ele>168.75</ele></trkpt>
   <trkpt lat="50.258967" lon="14.517065"><ele>168.5</ele></trkpt>
   <trkpt lat="50.257871" lon="14.518479"><ele>169</ele></trkpt>
   <trkpt lat="50.257759" lon="14.518615"><ele>169</ele></trkpt>
   <trkpt lat="50.257656" lon="14.518759"><ele>169</ele></trkpt>
   <trkpt lat="50.257519" lon="14.518972"><ele>168.75</ele></trkpt>
   <trkpt lat="50.257098" lon="14.519726"><ele>169.25</ele></trkpt>
   <trkpt lat="50.256932" lon="14.520025"><ele>169</ele></trkpt>
   <trkpt lat="50.256679" lon="14.52049"><ele>169</ele></trkpt>
   <trkpt lat="50.256169" lon="14.521425"><ele>168.5</ele></trkpt>
   <trkpt lat="50.256138" lon="14.521474"><ele>168.5</ele></trkpt>
   <trkpt lat="50.256099" lon="14.521551"><ele>168.25</ele></trkpt>
   <trkpt lat="50.255961" lon="14.521801"><ele>168.5</ele></trkpt>
   <trkpt lat="50.255135" lon="14.523311"><ele>167</ele></trkpt>
   <trkpt lat="50.255058" lon="14.523474"><ele>167.75</ele></trkpt>
   <trkpt lat="50.254922" lon="14.52378"><ele>168.75</ele></trkpt>
   <trkpt lat="50.254321" lon="14.525198"><ele>168</ele></trkpt>
   <trkpt lat="50.254032" lon="14.525857"><ele>167.75</ele></trkpt>
   <trkpt lat="50.253854" lon="14.52617"><ele>168</ele></trkpt>
   <trkpt lat="50.253652" lon="14.526421"><ele>168.75</ele></trkpt>
   <trkpt lat="50.253514" lon="14.526562"><ele>168.5</ele></trkpt>
   <trkpt lat="50.253372" lon="14.526682"><ele>168.75</ele></trkpt>
   <trkpt lat="50.252917" lon="14.527037"><ele>169</ele></trkpt>
   <trkpt lat="50.252697" lon="14.527237"><ele>169</ele></trkpt>
   <trkpt lat="50.252589" lon="14.527368"><ele>169</ele></trkpt>
   <trkpt lat="50.252498" lon="14.527483"><ele>169</ele></trkpt>
   <trkpt lat="50.252377" lon="14.527676"><ele>169</ele></trkpt>
   <trkpt lat="50.252292" lon="14.527851"><ele>169</ele></trkpt>
   <trkpt lat="50.252215" lon="14.528019"><ele>169</ele></trkpt>
   <trkpt lat="50.251652" lon="14.529361"><ele>169</ele></trkpt>
   <trkpt lat="50.251443" lon="14.529789"><ele>169.5</ele></trkpt>
   <trkpt lat="50.250882" lon="14.530759"><ele>170</ele></trkpt>
   <trkpt lat="50.250708" lon="14.53103"><ele>170</ele></trkpt>
   <trkpt lat="50.250547" lon="14.531264"><ele>169.25</ele></trkpt>
   <trkpt lat="50.25038" lon="14.531482"><ele>169.5</ele></trkpt>
   <trkpt lat="50.25007" lon="14.531862"><ele>170.5</ele></trkpt>
   <trkpt lat="50.249199" lon="14.532944"><ele>171</ele></trkpt>
   <trkpt lat="50.247992" lon="14.534556"><ele>170.75</ele></trkpt>
   <trkpt lat="50.247844" lon="14.534755"><ele>170.25</ele></trkpt>
   <trkpt lat="50.246663" lon="14.536345"><ele>169.75</ele></trkpt>
   <trkpt lat="50.246454" lon="14.536668"><ele>169</ele></trkpt>
   <trkpt lat="50.246197" lon="14.537133"><ele>169.25</ele></trkpt>
   <trkpt lat="50.245432" lon="14.538595"><ele>169</ele></trkpt>
   <trkpt lat="50.245271" lon="14.538871"><ele>169</ele></trkpt>
   <trkpt lat="50.244816" lon="14.539576"><ele>169</ele></trkpt>
   <trkpt lat="50.244365" lon="14.540254"><ele>169</ele></trkpt>
   <trkpt lat="50.243441" lon="14.541567"><ele>169</ele></trkpt>
   <trkpt lat="50.243342" lon="14.541719"><ele>168.75</ele></trkpt>
   <trkpt lat="50.24312" lon="14.542007"><ele>169</ele></trkpt>
   <trkpt lat="50.241494" lon="14.543823"><ele>170</ele></trkpt>
   <trkpt lat="50.240185" lon="14.545292"><ele>169.75</ele></trkpt>
   <trkpt lat="50.240116" lon="14.54537"><ele>169.75</ele></trkpt>
   <trkpt lat="50.239157" lon="14.546467"><ele>171</ele></trkpt>
   <trkpt lat="50.238885" lon="14.54676"><ele>171</ele></trkpt>
   <trkpt lat="50.238632" lon="14.546977"><ele>171.75</ele></trkpt>
   <trkpt lat="50.238518" lon="14.547081"><ele>171.5</ele></trkpt>
   <trkpt lat="50.237749" lon="14.54778"><ele>171.75</ele></trkpt>
   <trkpt lat="50.237516" lon="14.547964"><ele>171.5</ele></trkpt>
   <trkpt lat="50.237378" lon="14.548053"><ele>171.75</ele></trkpt>
   <trkpt lat="50.237248" lon="14.54813"><ele>171.75</ele></trkpt>
   <trkpt lat="50.23712" lon="14.548193"><ele>172</ele></trkpt>
   <trkpt lat="50.236885" lon="14.548292"><ele>172.5</ele></trkpt>
   <trkpt lat="50.236727" lon="14.548343"><ele>172</ele></trkpt>
   <trkpt lat="50.236554" lon="14.548378"><ele>172.5</ele></trkpt>
   <trkpt lat="50.236315" lon="14.548405"><ele>173.25</ele></trkpt>
   <trkpt lat="50.236183" lon="14.548409"><ele>173.75</ele></trkpt>
   <trkpt lat="50.235929" lon="14.548392"><ele>173.5</ele></trkpt>
   <trkpt lat="50.235652" lon="14.548336"><ele>173.5</ele></trkpt>
   <trkpt lat="50.235504" lon="14.548291"><ele>174</ele></trkpt>
   <trkpt lat="50.235345" lon="14.54823"><ele>174</ele></trkpt>
   <trkpt lat="50.234481" lon="14.547801"><ele>172</ele></trkpt>
   <trkpt lat="50.234068" lon="14.547618"><ele>172</ele></trkpt>
   <trkpt lat="50.233826" lon="14.54753"><ele>172.75</ele></trkpt>
   <trkpt lat="50.233634" lon="14.547472"><ele>172.75</ele></trkpt>
   <trkpt lat="50.233318" lon="14.547408"><ele>172.5</ele></trkpt>
   <trkpt lat="50.233084" lon="14.547372"><ele>172.75</ele></trkpt>
   <trkpt lat="50.232556" lon="14.54737"><ele>172.75</ele></trkpt>
   <trkpt lat="50.232335" lon="14.547389"><ele>172.75</ele></trkpt>
   <trkpt lat="50.231888" lon="14.547472"><ele>172</ele></trkpt>
   <trkpt lat="50.231645" lon="14.547542"><ele>172.75</ele></trkpt>
   <trkpt lat="50.231453" lon="14.547611"><ele>172.75</ele></trkpt>
   <trkpt lat="50.231087" lon="14.547777"><ele>173.75</ele></trkpt>
   <trkpt lat="50.230888" lon="14.547882"><ele>174</ele></trkpt>
   <trkpt lat="50.230682" lon="14.548008"><ele>173.75</ele></trkpt>
   <trkpt lat="50.230495" lon="14.548138"><ele>174</ele></trkpt>
   <trkpt lat="50.230312" lon="14.548278"><ele>174</ele></trkpt>
   <trkpt lat="50.230168" lon="14.548393"><ele>173.5</ele></trkpt>
   <trkpt lat="50.230028" lon="14.548518"><ele>173.5</ele></trkpt>
   <trkpt lat="50.22983" lon="14.548704"><ele>173.5</ele></trkpt>
   <trkpt lat="50.229475" lon="14.549099"><ele>174</ele></trkpt>
   <trkpt lat="50.229171" lon="14.549486"><ele>174</ele></trkpt>
   <trkpt lat="50.229016" lon="14.549714"><ele>174.25</ele></trkpt>
   <trkpt lat="50.228744" lon="14.550155"><ele>174</ele></trkpt>
   <trkpt lat="50.227404" lon="14.552621"><ele>176</ele></trkpt>
   <trkpt lat="50.22555" lon="14.556035"><ele>177</ele></trkpt>
   <trkpt lat="50.222388" lon="14.561869"><ele>175.25</ele></trkpt>
   <trkpt lat="50.222329" lon="14.561978"><ele>175</ele></trkpt>
   <trkpt lat="50.221783" lon="14.562976"><ele>177.25</ele></trkpt>
   <trkpt lat="50.221602" lon="14.563316"><ele>177.5</ele></trkpt>
   <trkpt lat="50.221495" lon="14.563542"><ele>177.75</ele></trkpt>
   <trkpt lat="50.2214" lon="14.56377"><ele>178</ele></trkpt>
   <trkpt lat="50.221305" lon="14.56402"><ele>178</ele></trkpt>
   <trkpt lat="50.221213" lon="14.564288"><ele>178</ele></trkpt>
   <trkpt lat="50.221134" lon="14.564544"><ele>178.25</ele></trkpt>
   <trkpt lat="50.221058" lon="14.564822"><ele>178.75</ele></trkpt>
   <trkpt lat="50.220991" lon="14.565104"><ele>178.5</ele></trkpt>
   <trkpt lat="50.220932" lon="14.565389"><ele>178.25</ele></trkpt>
   <trkpt lat="50.220877" lon="14.565721"><ele>178</ele></trkpt>
   <trkpt lat="50.220839" lon="14.566013"><ele>178</ele></trkpt>
   <trkpt lat="50.220808" lon="14.56634"><ele>177.75</ele></trkpt>
   <trkpt lat="50.22078" lon="14.566846"><ele>177.5</ele></trkpt>
   <trkpt lat="50.220776" lon="14.567092"><ele>177.5</ele></trkpt>
   <trkpt lat="50.220776" lon="14.567354"><ele>177.5</ele></trkpt>
   <trkpt lat="50.220789" lon="14.567706"><ele>177.5</ele></trkpt>
   <trkpt lat="50.220836" lon="14.568229"><ele>178</ele></trkpt>
   <trkpt lat="50.220869" lon="14.568491"><ele>178</ele></trkpt>
   <trkpt lat="50.220943" lon="14.568936"><ele>178.25</ele></trkpt>
   <trkpt lat="50.221044" lon="14.569405"><ele>178.75</ele></trkpt>
   <trkpt lat="50.221181" lon="14.569892"><ele>178.25</ele></trkpt>
   <trkpt lat="50.221615" lon="14.571225"><ele>177.25</ele></trkpt>
   <trkpt lat="50.221728" lon="14.571616"><ele>177</ele></trkpt>
   <trkpt lat="50.221782" lon="14.571828"><ele>176.75</ele></trkpt>
   <trkpt lat="50.221832" lon="14.572059"><ele>176.5</ele></trkpt>
   <trkpt lat="50.221908" lon="14.572491"><ele>176</ele></trkpt>
   <trkpt lat="50.221934" lon="14.572696"><ele>175.75</ele></trkpt>
   <trkpt lat="50.221979" lon="14.573174"><ele>175</ele></trkpt>
   <trkpt lat="50.221992" lon="14.573439"><ele>175</ele></trkpt>
   <trkpt lat="50.221992" lon="14.57401"><ele>174</ele></trkpt>
   <trkpt lat="50.221982" lon="14.574268"><ele>174</ele></trkpt>
   <trkpt lat="50.221927" lon="14.574843"><ele>174.75</ele></trkpt>
   <trkpt lat="50.221843" lon="14.575414"><ele>172.25</ele></trkpt>
   <trkpt lat="50.221823" lon="14.575581"><ele>171.5</ele></trkpt>
   <trkpt lat="50.221639" lon="14.576849"><ele>175.75</ele></trkpt>
   <trkpt lat="50.221563" lon="14.577386"><ele>176.25</ele></trkpt>
   <trkpt lat="50.221527" lon="14.577697"><ele>176.5</ele></trkpt>
   <trkpt lat="50.221488" lon="14.578185"><ele>175.75</ele></trkpt>
   <trkpt lat="50.221458" lon="14.57841"><ele>175.75</ele></trkpt>
   <trkpt lat="50.221121" lon="14.58073"><ele>176</ele></trkpt>
   <trkpt lat="50.221021" lon="14.581202"><ele>175.75</ele></trkpt>
   <trkpt lat="50.220981" lon="14.581438"><ele>175.5</ele></trkpt>
   <trkpt lat="50.220969" lon="14.58152"><ele>175.5</ele></trkpt>
   <trkpt lat="50.220936" lon="14.581738"><ele>175.5</ele></trkpt>
   <trkpt lat="50.220884" lon="14.582115"><ele>175</ele></trkpt>
   <trkpt lat="50.220788" lon="14.582587"><ele>175</ele></trkpt>
   <trkpt lat="50.22074" lon="14.582791"><ele>175.25</ele></trkpt>
   <trkpt lat="50.220678" lon="14.583011"><ele>176</ele></trkpt>
   <trkpt lat="50.220528" lon="14.583436"><ele>176</ele></trkpt>
   <trkpt lat="50.220447" lon="14.583637"><ele>176.25</ele></trkpt>
   <trkpt lat="50.220354" lon="14.583832"><ele>176.5</ele></trkpt>
   <trkpt lat="50.220161" lon="14.584201"><ele>175.75</ele></trkpt>
   <trkpt lat="50.219931" lon="14.584556"><ele>175.5</ele></trkpt>
   <trkpt lat="50.219836" lon="14.584683"><ele>175</ele></trkpt>
   <trkpt lat="50.21971" lon="14.584833"><ele>175.25</ele></trkpt>
   <trkpt lat="50.219561" lon="14.585"><ele>175.25</ele></trkpt>
   <trkpt lat="50.21945" lon="14.585107"><ele>175.25</ele></trkpt>
   <trkpt lat="50.21933" lon="14.585248"><ele>175.75</ele></trkpt>
   <trkpt lat="50.218757" lon="14.585852"><ele>176</ele></trkpt>
   <trkpt lat="50.21763" lon="14.587055"><ele>175.25</ele></trkpt>
   <trkpt lat="50.217374" lon="14.587367"><ele>175.25</ele></trkpt>
   <trkpt lat="50.217241" lon="14.587546"><ele>175.75</ele></trkpt>
   <trkpt lat="50.217157" lon="14.587674"><ele>175.25</ele></trkpt>
   <trkpt lat="50.216966" lon="14.587971"><ele>175.5</ele></trkpt>
   <trkpt lat="50.21668" lon="14.588484"><ele>175.5</ele></trkpt>
   <trkpt lat="50.216537" lon="14.588769"><ele>175.5</ele></trkpt>
   <trkpt lat="50.216298" lon="14.589275"><ele>176.5</ele></trkpt>
   <trkpt lat="50.216171" lon="14.589557"><ele>176.75</ele></trkpt>
   <trkpt lat="50.216037" lon="14.589883"><ele>177</ele></trkpt>
   <trkpt lat="50.214345" lon="14.593689"><ele>178.25</ele></trkpt>
   <trkpt lat="50.214005" lon="14.594459"><ele>178.5</ele></trkpt>
   <trkpt lat="50.213044" lon="14.596591"><ele>179</ele></trkpt>
   <trkpt lat="50.212932" lon="14.596818"><ele>179.25</ele></trkpt>
   <trkpt lat="50.212716" lon="14.597221"><ele>180</ele></trkpt>
   <trkpt lat="50.212443" lon="14.597677"><ele>180</ele></trkpt>
   <trkpt lat="50.212204" lon="14.59804"><ele>179.75</ele></trkpt>
   <trkpt lat="50.211948" lon="14.5984"><ele>179.75</ele></trkpt>
   <trkpt lat="50.210941" lon="14.599643"><ele>179.5</ele></trkpt>
   <trkpt lat="50.208217" lon="14.603051"><ele>179.5</ele></trkpt>
   <trkpt lat="50.207911" lon="14.603433"><ele>179.75</ele></trkpt>
   <trkpt lat="50.207842" lon="14.603521"><ele>179.75</ele></trkpt>
   <trkpt lat="50.207367" lon="14.604103"><ele>180</ele></trkpt>
   <trkpt lat="50.207247" lon="14.60426"><ele>180.25</ele></trkpt>
   <trkpt lat="50.207033" lon="14.604571"><ele>181</ele></trkpt>
   <trkpt lat="50.206858" lon="14.604858"><ele>181</ele></trkpt>
   <trkpt lat="50.206684" lon="14.605164"><ele>181.25</ele></trkpt>
   <trkpt lat="50.206516" lon="14.605494"><ele>181</ele></trkpt>
   <trkpt lat="50.206239" lon="14.606135"><ele>181</ele></trkpt>
   <trkpt lat="50.205456" lon="14.608217"><ele>182</ele></trkpt>
   <trkpt lat="50.205239" lon="14.608807"><ele>182.25</ele></trkpt>
   <trkpt lat="50.204804" lon="14.609954"><ele>183.25</ele></trkpt>
   <trkpt lat="50.204109" lon="14.611825"><ele>184</ele></trkpt>
   <trkpt lat="50.203398" lon="14.613698"><ele>183.75</ele></trkpt>
   <trkpt lat="50.20253" lon="14.616021"><ele>184.5</ele></trkpt>
   <trkpt lat="50.202492" lon="14.616123"><ele>184.75</ele></trkpt>
   <trkpt lat="50.202378" lon="14.616433"><ele>184.25</ele></trkpt>
   <trkpt lat="50.201365" lon="14.619129"><ele>186</ele></trkpt>
   <trkpt lat="50.201159" lon="14.619616"><ele>186</ele></trkpt>
   <trkpt lat="50.200896" lon="14.620121"><ele>186.25</ele></trkpt>
   <trkpt lat="50.20063" lon="14.620552"><ele>186.5</ele></trkpt>
   <trkpt lat="50.200414" lon="14.62086"><ele>186</ele></trkpt>
   <trkpt lat="50.20019" lon="14.621141"><ele>186</ele></trkpt>
   <trkpt lat="50.200048" lon="14.6213"><ele>186</ele></trkpt>
   <trkpt lat="50.199924" lon="14.621424"><ele>186</ele></trkpt>
   <trkpt lat="50.19957" lon="14.621745"><ele>186</ele></trkpt>
   <trkpt lat="50.199177" lon="14.622078"><ele>186</ele></trkpt>
   <trkpt lat="50.197782" lon="14.623326"><ele>186.75</ele></trkpt>
   <trkpt lat="50.197355" lon="14.623692"><ele>187</ele></trkpt>
   <trkpt lat="50.196657" lon="14.62432"><ele>188.5</ele></trkpt>
   <trkpt lat="50.196358" lon="14.624575"><ele>188.25</ele></trkpt>
   <trkpt lat="50.196115" lon="14.624793"><ele>188.25</ele></trkpt>
   <trkpt lat="50.195659" lon="14.625186"><ele>187.5</ele></trkpt>
   <trkpt lat="50.194094" lon="14.626569"><ele>186.5</ele></trkpt>
   <trkpt lat="50.193653" lon="14.626967"><ele>186.75</ele></trkpt>
   <trkpt lat="50.193453" lon="14.627162"><ele>186.5</ele></trkpt>
   <trkpt lat="50.193235" lon="14.627416"><ele>186</ele></trkpt>
   <trkpt lat="50.193024" lon="14.627707"><ele>185.75</ele></trkpt>
   <trkpt lat="50.192825" lon="14.628037"><ele>185.75</ele></trkpt>
   <trkpt lat="50.192737" lon="14.628212"><ele>185.75</ele></trkpt>
   <trkpt lat="50.192555" lon="14.628612"><ele>185.75</ele></trkpt>
   <trkpt lat="50.192182" lon="14.629611"><ele>185</ele></trkpt>
   <trkpt lat="50.192142" lon="14.629722"><ele>184.5</ele></trkpt>
   <trkpt lat="50.19189" lon="14.630425"><ele>186</ele></trkpt>
   <trkpt lat="50.191197" lon="14.632295"><ele>188.5</ele></trkpt>
   <trkpt lat="50.188292" lon="14.640254"><ele>190</ele></trkpt>
   <trkpt lat="50.187832" lon="14.641503"><ele>189.75</ele></trkpt>
   <trkpt lat="50.187746" lon="14.641743"><ele>190</ele></trkpt>
   <trkpt lat="50.187235" lon="14.64315"><ele>189.75</ele></trkpt>
   <trkpt lat="50.186663" lon="14.644699"><ele>190</ele></trkpt>
   <trkpt lat="50.186072" lon="14.64635"><ele>191</ele></trkpt>
   <trkpt lat="50.185437" lon="14.648067"><ele>188.75</ele></trkpt>
   <trkpt lat="50.18504" lon="14.64918"><ele>187.75</ele></trkpt>
   <trkpt lat="50.184848" lon="14.649822"><ele>185</ele></trkpt>
   <trkpt lat="50.184745" lon="14.650205"><ele>189.25</ele></trkpt>
   <trkpt lat="50.184611" lon="14.650751"><ele>189.25</ele></trkpt>
   <trkpt lat="50.184155" lon="14.652538"><ele>193</ele></trkpt>
   <trkpt lat="50.18403" lon="14.652902"><ele>194</ele></trkpt>
   <trkpt lat="50.183863" lon="14.653407"><ele>193.25</ele></trkpt>
   <trkpt lat="50.183812" lon="14.653592"><ele>194</ele></trkpt>
   <trkpt lat="50.183787" lon="14.653683"><ele>194.25</ele></trkpt>
   <trkpt lat="50.18363" lon="14.65431"><ele>194</ele></trkpt>
   <trkpt lat="50.183413" lon="14.655171"><ele>194.25</ele></trkpt>
   <trkpt lat="50.183356" lon="14.655397"><ele>193.75</ele></trkpt>
   <trkpt lat="50.183341" lon="14.65546"><ele>194</ele></trkpt>
   <trkpt lat="50.183289" lon="14.6557"><ele>194</ele></trkpt>
   <trkpt lat="50.18321" lon="14.656252"><ele>194.25</ele></trkpt>
   <trkpt lat="50.183132" lon="14.656642"><ele>194</ele></trkpt>
   <trkpt lat="50.183065" lon="14.656914"><ele>193.75</ele></trkpt>
   <trkpt lat="50.183016" lon="14.657154"><ele>194.25</ele></trkpt>
   <trkpt lat="50.182976" lon="14.657391"><ele>194.5</ele></trkpt>
   <trkpt lat="50.182963" lon="14.657479"><ele>194.5</ele></trkpt>
   <trkpt lat="50.182948" lon="14.657577"><ele>194.75</ele></trkpt>
   <trkpt lat="50.182911" lon="14.658035"><ele>195.25</ele></trkpt>
   <trkpt lat="50.182907" lon="14.658422"><ele>196.75</ele></trkpt>
   <trkpt lat="50.182913" lon="14.658637"><ele>197.5</ele></trkpt>
   <trkpt lat="50.182952" lon="14.659145"><ele>198.25</ele></trkpt>
   <trkpt lat="50.182981" lon="14.659348"><ele>198.25</ele></trkpt>
   <trkpt lat="50.183047" lon="14.659694"><ele>198</ele></trkpt>
   <trkpt lat="50.183098" lon="14.659913"><ele>199.25</ele></trkpt>
   <trkpt lat="50.183297" lon="14.660668"><ele>200.25</ele></trkpt>
   <trkpt lat="50.18339" lon="14.661044"><ele>200.5</ele></trkpt>
   <trkpt lat="50.183435" lon="14.661262"><ele>201.25</ele></trkpt>
   <trkpt lat="50.183479" lon="14.661525"><ele>201.5</ele></trkpt>
   <trkpt lat="50.183508" lon="14.661734"><ele>201.5</ele></trkpt>
   <trkpt lat="50.183527" lon="14.661942"><ele>201.75</ele></trkpt>
   <trkpt lat="50.183534" lon="14.662114"><ele>201.75</ele></trkpt>
   <trkpt lat="50.183611" lon="14.664955"><ele>201</ele></trkpt>
   <trkpt lat="50.183623" lon="14.6655"><ele>200.75</ele></trkpt>
   <trkpt lat="50.183626" lon="14.665584"><ele>200.75</ele></trkpt>
   <trkpt lat="50.183638" lon="14.666029"><ele>200.75</ele></trkpt>
   <trkpt lat="50.183655" lon="14.666898"><ele>202</ele></trkpt>
   <trkpt lat="50.183645" lon="14.667236"><ele>201</ele></trkpt>
   <trkpt lat="50.183627" lon="14.667419"><ele>201</ele></trkpt>
   <trkpt lat="50.183573" lon="14.667769"><ele>201.75</ele></trkpt>
   <trkpt lat="50.183474" lon="14.66815"><ele>201.5</ele></trkpt>
   <trkpt lat="50.183436" lon="14.668258"><ele>201.25</ele></trkpt>
   <trkpt lat="50.183334" lon="14.668514"><ele>200.75</ele></trkpt>
   <trkpt lat="50.183253" lon="14.66869"><ele>200.75</ele></trkpt>
   <trkpt lat="50.183172" lon="14.668838"><ele>200.5</ele></trkpt>
   <trkpt lat="50.182992" lon="14.669095"><ele>200.25</ele></trkpt>
   <trkpt lat="50.182903" lon="14.669196"><ele>200</ele></trkpt>
   <trkpt lat="50.182764" lon="14.669342"><ele>200</ele></trkpt>
   <trkpt lat="50.182313" lon="14.669764"><ele>199.75</ele></trkpt>
   <trkpt lat="50.182083" lon="14.67"><ele>198.75</ele></trkpt>
   <trkpt lat="50.18196" lon="14.670153"><ele>197.5</ele></trkpt>
   <trkpt lat="50.181862" lon="14.670293"><ele>197.5</ele></trkpt>
   <trkpt lat="50.181755" lon="14.670486"><ele>199</ele></trkpt>
   <trkpt lat="50.181691" lon="14.670615"><ele>199.75</ele></trkpt>
   <trkpt lat="50.181616" lon="14.670798"><ele>200</ele></trkpt>
   <trkpt lat="50.181522" lon="14.671085"><ele>200.5</ele></trkpt>
   <trkpt lat="50.181471" lon="14.67128"><ele>200.25</ele></trkpt>
   <trkpt lat="50.181417" lon="14.671553"><ele>199.25</ele></trkpt>
   <trkpt lat="50.181095" lon="14.673766"><ele>198</ele></trkpt>
   <trkpt lat="50.180931" lon="14.674893"><ele>198</ele></trkpt>
   <trkpt lat="50.180696" lon="14.676493"><ele>196.75</ele></trkpt>
   <trkpt lat="50.180607" lon="14.676999"><ele>197.25</ele></trkpt>
   <trkpt lat="50.18047" lon="14.677581"><ele>197.75</ele></trkpt>
   <trkpt lat="50.180343" lon="14.678005"><ele>198.5</ele></trkpt>
   <trkpt lat="50.18033" lon="14.678047"><ele>198.5</ele></trkpt>
   <trkpt lat="50.180207" lon="14.678397"><ele>198.25</ele></trkpt>
   <trkpt lat="50.179425" lon="14.680488"><ele>196.25</ele></trkpt>
   <trkpt lat="50.178862" lon="14.681993"><ele>193.75</ele></trkpt>
   <trkpt lat="50.178726" lon="14.682389"><ele>193.5</ele></trkpt>
   <trkpt lat="50.178581" lon="14.682865"><ele>193.5</ele></trkpt>
   <trkpt lat="50.178424" lon="14.683429"><ele>193.25</ele></trkpt>
   <trkpt lat="50.178313" lon="14.683864"><ele>192</ele></trkpt>
   <trkpt lat="50.177513" lon="14.687167"><ele>186.5</ele></trkpt>
   <trkpt lat="50.177302" lon="14.688032"><ele>186.25</ele></trkpt>
   <trkpt lat="50.177128" lon="14.688757"><ele>187.25</ele></trkpt>
   <trkpt lat="50.176961" lon="14.689414"><ele>186.75</ele></trkpt>
   <trkpt lat="50.176826" lon="14.689905"><ele>185.75</ele></trkpt>
   <trkpt lat="50.176758" lon="14.690109"><ele>185.75</ele></trkpt>
   <trkpt lat="50.176608" lon="14.690507"><ele>185.25</ele></trkpt>
   <trkpt lat="50.176448" lon="14.690854"><ele>185</ele></trkpt>
   <trkpt lat="50.176311" lon="14.691115"><ele>184.75</ele></trkpt>
   <trkpt lat="50.175953" lon="14.691726"><ele>182.75</ele></trkpt>
   <trkpt lat="50.175867" lon="14.691894"><ele>182.75</ele></trkpt>
   <trkpt lat="50.175679" lon="14.692337"><ele>182.75</ele></trkpt>
   <trkpt lat="50.175508" lon="14.692823"><ele>182.25</ele></trkpt>
   <trkpt lat="50.174815" lon="14.694892"><ele>180.5</ele></trkpt>
   <trkpt lat="50.173877" lon="14.697673"><ele>177</ele></trkpt>
   <trkpt lat="50.173507" lon="14.698791"><ele>173.25</ele></trkpt>
   <trkpt lat="50.173439" lon="14.698988"><ele>174.5</ele></trkpt>
   <trkpt lat="50.173329" lon="14.69928"><ele>177.5</ele></trkpt>
   <trkpt lat="50.173262" lon="14.699439"><ele>178</ele></trkpt>
   <trkpt lat="50.173124" lon="14.699734"><ele>178.25</ele></trkpt>
   <trkpt lat="50.172939" lon="14.700071"><ele>179.25</ele></trkpt>
   <trkpt lat="50.172664" lon="14.700519"><ele>179.5</ele></trkpt>
   <trkpt lat="50.172548" lon="14.700722"><ele>179.75</ele></trkpt>
   <trkpt lat="50.172436" lon="14.700938"><ele>179.25</ele></trkpt>
   <trkpt lat="50.171618" lon="14.702625"><ele>180.25</ele></trkpt>
   <trkpt lat="50.171581" lon="14.702713"><ele>180</ele></trkpt>
   <trkpt lat="50.171526" lon="14.702839"><ele>180.25</ele></trkpt>
   <trkpt lat="50.17144" lon="14.703087"><ele>181</ele></trkpt>
   <trkpt lat="50.171358" lon="14.70335"><ele>181</ele></trkpt>
   <trkpt lat="50.170838" lon="14.705201"><ele>183</ele></trkpt>
   <trkpt lat="50.170682" lon="14.705738"><ele>183.75</ele></trkpt>
   <trkpt lat="50.170611" lon="14.705934"><ele>184.25</ele></trkpt>
   <trkpt lat="50.170531" lon="14.706115"><ele>184.25</ele></trkpt>
   <trkpt lat="50.170449" lon="14.706268"><ele>184.75</ele></trkpt>
   <trkpt lat="50.170357" lon="14.706423"><ele>185.25</ele></trkpt>
   <trkpt lat="50.170065" lon="14.706842"><ele>186</ele></trkpt>
   <trkpt lat="50.169862" lon="14.707113"><ele>186.5</ele></trkpt>
   <trkpt lat="50.169768" lon="14.707252"><ele>186.5</ele></trkpt>
   <trkpt lat="50.169628" lon="14.707513"><ele>187.25</ele></trkpt>
   <trkpt lat="50.169567" lon="14.707651"><ele>187.5</ele></trkpt>
   <trkpt lat="50.16948" lon="14.707895"><ele>187.25</ele></trkpt>
   <trkpt lat="50.169409" lon="14.708156"><ele>187.5</ele></trkpt>
   <trkpt lat="50.169351" lon="14.708433"><ele>188.75</ele></trkpt>
   <trkpt lat="50.169322" lon="14.708621"><ele>189.5</ele></trkpt>
   <trkpt lat="50.169299" lon="14.708824"><ele>189.5</ele></trkpt>
   <trkpt lat="50.169258" lon="14.70932"><ele>189.75</ele></trkpt>
   <trkpt lat="50.16924" lon="14.709479"><ele>189.5</ele></trkpt>
   <trkpt lat="50.169199" lon="14.70975"><ele>188.75</ele></trkpt>
   <trkpt lat="50.169176" lon="14.70987"><ele>188.75</ele></trkpt>
   <trkpt lat="50.169153" lon="14.70999"><ele>189</ele></trkpt>
   <trkpt lat="50.1691" lon="14.710179"><ele>189</ele></trkpt>
   <trkpt lat="50.168986" lon="14.710493"><ele>189</ele></trkpt>
   <trkpt lat="50.168746" lon="14.711033"><ele>189</ele></trkpt>
   <trkpt lat="50.168578" lon="14.711451"><ele>189</ele></trkpt>
   <trkpt lat="50.168262" lon="14.712237"><ele>187.75</ele></trkpt>
   <trkpt lat="50.168157" lon="14.712483"><ele>187.75</ele></trkpt>
   <trkpt lat="50.168055" lon="14.712684"><ele>187.5</ele></trkpt>
   <trkpt lat="50.167942" lon="14.712851"><ele>186.75</ele></trkpt>
   <trkpt lat="50.167762" lon="14.713074"><ele>188.5</ele></trkpt>
   <trkpt lat="50.167655" lon="14.713174"><ele>187.5</ele></trkpt>
   <trkpt lat="50.167017" lon="14.713657"><ele>188.25</ele></trkpt>
   <trkpt lat="50.166891" lon="14.713763"><ele>188</ele></trkpt>
   <trkpt lat="50.165599" lon="14.714754"><ele>188.5</ele></trkpt>
   <trkpt lat="50.165459" lon="14.714884"><ele>188.75</ele></trkpt>
   <trkpt lat="50.165322" lon="14.715048"><ele>189.25</ele></trkpt>
   <trkpt lat="50.1652" lon="14.715214"><ele>188.75</ele></trkpt>
   <trkpt lat="50.16508" lon="14.71541"><ele>188.75</ele></trkpt>
   <trkpt lat="50.164909" lon="14.715799"><ele>188.5</ele></trkpt>
   <trkpt lat="50.164836" lon="14.716014"><ele>188.5</ele></trkpt>
   <trkpt lat="50.164778" lon="14.71623"><ele>188.5</ele></trkpt>
   <trkpt lat="50.164735" lon="14.71644"><ele>188.75</ele></trkpt>
   <trkpt lat="50.164703" lon="14.716655"><ele>189</ele></trkpt>
   <trkpt lat="50.164649" lon="14.717198"><ele>187.75</ele></trkpt>
   <trkpt lat="50.16456" lon="14.718115"><ele>187.25</ele></trkpt>
   <trkpt lat="50.164398" lon="14.719753"><ele>189</ele></trkpt>
   <trkpt lat="50.164358" lon="14.720035"><ele>188.5</ele></trkpt>
   <trkpt lat="50.1643" lon="14.720379"><ele>189</ele></trkpt>
   <trkpt lat="50.164259" lon="14.720588"><ele>189</ele></trkpt>
   <trkpt lat="50.164162" lon="14.721003"><ele>189</ele></trkpt>
   <trkpt lat="50.163977" lon="14.721652"><ele>188.5</ele></trkpt>
   <trkpt lat="50.161945" lon="14.728518"><ele>189.75</ele></trkpt>
   <trkpt lat="50.160786" lon="14.732425"><ele>189.75</ele></trkpt>
   <trkpt lat="50.160163" lon="14.734547"><ele>193</ele></trkpt>
   <trkpt lat="50.160068" lon="14.734843"><ele>193.5</ele></trkpt>
   <trkpt lat="50.159969" lon="14.735107"><ele>193.5</ele></trkpt>
   <trkpt lat="50.159868" lon="14.735347"><ele>193.25</ele></trkpt>
   <trkpt lat="50.159645" lon="14.735811"><ele>193</ele></trkpt>
   <trkpt lat="50.159525" lon="14.736021"><ele>193</ele></trkpt>
   <trkpt lat="50.159357" lon="14.736291"><ele>193</ele></trkpt>
   <trkpt lat="50.159079" lon="14.736651"><ele>192</ele></trkpt>
   <trkpt lat="50.158457" lon="14.737331"><ele>191.75</ele></trkpt>
   <trkpt lat="50.156976" lon="14.738897"><ele>189.75</ele></trkpt>
   <trkpt lat="50.156459" lon="14.739462"><ele>190.5</ele></trkpt>
   <trkpt lat="50.155612" lon="14.740377"><ele>191.75</ele></trkpt>
   <trkpt lat="50.154862" lon="14.741186"><ele>192.25</ele></trkpt>
   <trkpt lat="50.154575" lon="14.741516"><ele>192.25</ele></trkpt>
   <trkpt lat="50.154463" lon="14.741669"><ele>191.75</ele></trkpt>
   <trkpt lat="50.154355" lon="14.741838"><ele>191.25</ele></trkpt>
   <trkpt lat="50.154246" lon="14.742025"><ele>191</ele></trkpt>
   <trkpt lat="50.154137" lon="14.742235"><ele>190.75</ele></trkpt>
   <trkpt lat="50.154049" lon="14.742431"><ele>190.75</ele></trkpt>
   <trkpt lat="50.153987" lon="14.742589"><ele>190.5</ele></trkpt>
   <trkpt lat="50.153956" lon="14.742675"><ele>190.25</ele></trkpt>
   <trkpt lat="50.153901" lon="14.742824"><ele>190</ele></trkpt>
   <trkpt lat="50.153847" lon="14.743008"><ele>190.75</ele></trkpt>
   <trkpt lat="50.153253" lon="14.745329"><ele>191.25</ele></trkpt>
   <trkpt lat="50.152717" lon="14.747463"><ele>191</ele></trkpt>
   <trkpt lat="50.152678" lon="14.747637"><ele>190.75</ele></trkpt>
   <trkpt lat="50.152619" lon="14.748024"><ele>190.5</ele></trkpt>
   <trkpt lat="50.152602" lon="14.748218"><ele>190.5</ele></trkpt>
   <trkpt lat="50.152595" lon="14.748436"><ele>190.5</ele></trkpt>
   <trkpt lat="50.152593" lon="14.748649"><ele>190</ele></trkpt>
   <trkpt lat="50.152607" lon="14.74889"><ele>189.5</ele></trkpt>
   <trkpt lat="50.152642" lon="14.74915"><ele>189.25</ele></trkpt>
   <trkpt lat="50.15268" lon="14.749363"><ele>189.5</ele></trkpt>
   <trkpt lat="50.152727" lon="14.74956"><ele>190</ele></trkpt>
   <trkpt lat="50.152773" lon="14.74972"><ele>190.75</ele></trkpt>
   <trkpt lat="50.152854" lon="14.749958"><ele>189.75</ele></trkpt>
   <trkpt lat="50.15293" lon="14.750131"><ele>189.75</ele></trkpt>
   <trkpt lat="50.153018" lon="14.750312"><ele>190.75</ele></trkpt>
   <trkpt lat="50.153098" lon="14.750458"><ele>191</ele></trkpt>
   <trkpt lat="50.153223" lon="14.75063"><ele>191.5</ele></trkpt>
   <trkpt lat="50.153269" lon="14.750704"><ele>191.75</ele></trkpt>
   <trkpt lat="50.15342" lon="14.750875"><ele>192</ele></trkpt>
   <trkpt lat="50.153571" lon="14.751046"><ele>192</ele></trkpt>
   <trkpt lat="50.153905" lon="14.751387"><ele>192</ele></trkpt>
   <trkpt lat="50.154148" lon="14.7516"><ele>192</ele></trkpt>
   <trkpt lat="50.154498" lon="14.75186"><ele>192</ele></trkpt>
   <trkpt lat="50.154616" lon="14.751938"><ele>192</ele></trkpt>
   <trkpt lat="50.154676" lon="14.751979"><ele>192</ele></trkpt>
   <trkpt lat="50.154897" lon="14.752145"><ele>192</ele></trkpt>
   <trkpt lat="50.155155" lon="14.752389"><ele>192</ele></trkpt>
   <trkpt lat="50.155282" lon="14.752492"><ele>192</ele></trkpt>
   <trkpt lat="50.155593" lon="14.752705"><ele>191.25</ele></trkpt>
   <trkpt lat="50.156093" lon="14.753017"><ele>191</ele></trkpt>
   <trkpt lat="50.156844" lon="14.753478"><ele>191</ele></trkpt>
   <trkpt lat="50.158028" lon="14.754248"><ele>191</ele></trkpt>
   <trkpt lat="50.158345" lon="14.754464"><ele>190.75</ele></trkpt>
   <trkpt lat="50.159151" lon="14.755013"><ele>190.5</ele></trkpt>
   <trkpt lat="50.158345" lon="14.754464"><ele>190.75</ele></trkpt>
   <trkpt lat="50.158028" lon="14.754248"><ele>191</ele></trkpt>
   <trkpt lat="50.156844" lon="14.753478"><ele>191</ele></trkpt>
   <trkpt lat="50.156093" lon="14.753017"><ele>191</ele></trkpt>
   <trkpt lat="50.155593" lon="14.752705"><ele>191.25</ele></trkpt>
   <trkpt lat="50.155081" lon="14.752387"><ele>192</ele></trkpt>
   <trkpt lat="50.154863" lon="14.752263"><ele>192</ele></trkpt>
   <trkpt lat="50.154771" lon="14.75222"><ele>192</ele></trkpt>
   <trkpt lat="50.154458" lon="14.752048"><ele>192.25</ele></trkpt>
   <trkpt lat="50.154417" lon="14.752022"><ele>192.25</ele></trkpt>
   <trkpt lat="50.154075" lon="14.7518"><ele>193</ele></trkpt>
   <trkpt lat="50.15371" lon="14.751538"><ele>193.5</ele></trkpt>
   <trkpt lat="50.153394" lon="14.751291"><ele>193</ele></trkpt>
   <trkpt lat="50.153122" lon="14.751059"><ele>192.25</ele></trkpt>
   <trkpt lat="50.1527" lon="14.750646"><ele>190.75</ele></trkpt>
   <trkpt lat="50.152497" lon="14.750432"><ele>190.5</ele></trkpt>
   <trkpt lat="50.15225" lon="14.750147"><ele>189.75</ele></trkpt>
   <trkpt lat="50.152104" lon="14.749965"><ele>189.75</ele></trkpt>
   <trkpt lat="50.151884" lon="14.749682"><ele>189.75</ele></trkpt>
   <trkpt lat="50.151584" lon="14.749257"><ele>190</ele></trkpt>
   <trkpt lat="50.151386" lon="14.748952"><ele>190.75</ele></trkpt>
   <trkpt lat="50.151137" lon="14.748537"><ele>192</ele></trkpt>
   <trkpt lat="50.151055" lon="14.748396"><ele>192.75</ele></trkpt>
   <trkpt lat="50.150707" lon="14.747736"><ele>194</ele></trkpt>
   <trkpt lat="50.150378" lon="14.747078"><ele>194.5</ele></trkpt>
   <trkpt lat="50.150019" lon="14.74631"><ele>195.25</ele></trkpt>
   <trkpt lat="50.1498" lon="14.745815"><ele>195.25</ele></trkpt>
   <trkpt lat="50.149588" lon="14.745313"><ele>197.25</ele></trkpt>
   <trkpt lat="50.149393" lon="14.744827"><ele>199</ele></trkpt>
   <trkpt lat="50.149021" lon="14.743839"><ele>198.5</ele></trkpt>
   <trkpt lat="50.148828" lon="14.743286"><ele>199</ele></trkpt>
   <trkpt lat="50.148643" lon="14.742727"><ele>200</ele></trkpt>
   <trkpt lat="50.148466" lon="14.742162"><ele>201.5</ele></trkpt>
   <trkpt lat="50.148301" lon="14.741596"><ele>202</ele></trkpt>
   <trkpt lat="50.148073" lon="14.740758"><ele>203</ele></trkpt>
   <trkpt lat="50.147966" lon="14.740336"><ele>203.25</ele></trkpt>
   <trkpt lat="50.147824" lon="14.739747"><ele>203.75</ele></trkpt>
   <trkpt lat="50.147691" lon="14.739154"><ele>204.25</ele></trkpt>
   <trkpt lat="50.147573" lon="14.738594"><ele>205.75</ele></trkpt>
   <trkpt lat="50.147454" lon="14.737977"><ele>206</ele></trkpt>
   <trkpt lat="50.147313" lon="14.737165"><ele>206</ele></trkpt>
   <trkpt lat="50.147184" lon="14.73635"><ele>206</ele></trkpt>
   <trkpt lat="50.147075" lon="14.735533"><ele>206</ele></trkpt>
   <trkpt lat="50.147016" lon="14.735035"><ele>207.5</ele></trkpt>
   <trkpt lat="50.146993" lon="14.734849"><ele>208.25</ele></trkpt>
   <trkpt lat="50.146801" lon="14.733232"><ele>213.25</ele></trkpt>
   <trkpt lat="50.146598" lon="14.731456"><ele>214</ele></trkpt>
   <trkpt lat="50.146296" lon="14.72892"><ele>216.25</ele></trkpt>
   <trkpt lat="50.145996" lon="14.726359"><ele>223.25</ele></trkpt>
  </trkseg>
 </trk>
</gpx>