<?xml version="1.0" encoding="UTF-8"?>
<!-- track-length = 357997 filtered ascend = 1436 plain-ascend = 295 cost=357997 energy=4.5kwh time=7h 57m 20s -->
<gpx 
 xmlns="http://www.topografix.com/GPX/1/1" 
 xmlns:xsi="http://www.w3.org/2001/XMLSchema-instance" 
 xsi:schemaLocation="http://www.topografix.com/GPX/1/1 http://www.topografix.com/GPX/1/1/gpx.xsd" 
 creator="BRouter-1.7.0" version="1.1">
 <trk>
  <name>Wien - Villach</name>
  <trkseg>
   <trkpt lon="16.378362" lat="48.184851"><ele>204.5</ele></trkpt>
   <trkpt lon="16.377918" lat="48.184916"><ele>202.75</ele></trkpt>
   <trkpt lon="16.377004" lat="48.185048"><ele>200.0</ele></trkpt>
   <trkpt lon="16.376419" lat="48.185118"><ele>199.25</ele></trkpt>
   <trkpt lon="16.375828" lat="48.185159"><ele>198.0</ele></trkpt>
   <trkpt lon="16.375430" lat="48.185169"><ele>199.25</ele></trkpt>
   <trkpt lon="16.375023" lat="48.185166"><ele>199.5</ele></trkpt>
   <trkpt lon="16.374772" lat="48.185155"><ele>199.75</ele></trkpt>
   <trkpt lon="16.374525" lat="48.185142"><ele>200.0</ele></trkpt>
   <trkpt lon="16.374030" lat="48.185106"><ele>200.5</ele></trkpt>
   <trkpt lon="16.373895" lat="48.185091"><ele>200.75</ele></trkpt>
   <trkpt lon="16.373536" lat="48.185037"><ele>201.0</ele></trkpt>
   <trkpt lon="16.373267" lat="48.184979"><ele>201.25</ele></trkpt>
   <trkpt lon="16.373167" lat="48.184956"><ele>201.5</ele></trkpt>
   <trkpt lon="16.372761" lat="48.184838"><ele>201.25</ele></trkpt>
   <trkpt lon="16.372328" lat="48.184700"><ele>201.0</ele></trkpt>
   <trkpt lon="16.370836" lat="48.184227"><ele>201.75</ele></trkpt>
   <trkpt lon="16.370751" lat="48.184200"><ele>202.0</ele></trkpt>
   <trkpt lon="16.370209" lat="48.184014"><ele>203.25</ele></trkpt>
   <trkpt lon="16.369979" lat="48.183928"><ele>203.5</ele></trkpt>
   <trkpt lon="16.369530" lat="48.183740"><ele>202.0</ele></trkpt>
   <trkpt lon="16.369151" lat="48.183602"><ele>200.5</ele></trkpt>
   <trkpt lon="16.368452" lat="48.183367"><ele>200.0</ele></trkpt>
   <trkpt lon="16.366641" lat="48.182770"><ele>200.75</ele></trkpt>
   <trkpt lon="16.365218" lat="48.182265"><ele>201.75</ele></trkpt>
   <trkpt lon="16.365001" lat="48.182192"><ele>202.0</ele></trkpt>
   <trkpt lon="16.364903" lat="48.182159"><ele>202.25</ele></trkpt>
   <trkpt lon="16.364474" lat="48.182024"><ele>202.25</ele></trkpt>
   <trkpt lon="16.364092" lat="48.181909"><ele>202.0</ele></trkpt>
   <trkpt lon="16.362662" lat="48.181513"><ele>204.25</ele></trkpt>
   <trkpt lon="16.362126" lat="48.181352"><ele>203.75</ele></trkpt>
   <trkpt lon="16.362090" lat="48.181340"><ele>203.5</ele></trkpt>
   <trkpt lon="16.361511" lat="48.181157"><ele>202.5</ele></trkpt>
   <trkpt lon="16.360077" lat="48.180704"><ele>203.25</ele></trkpt>
   <trkpt lon="16.359869" lat="48.180638"><ele>203.25</ele></trkpt>
   <trkpt lon="16.359599" lat="48.180547"><ele>203.25</ele></trkpt>
   <trkpt lon="16.359050" lat="48.180331"><ele>203.25</ele></trkpt>
   <trkpt lon="16.358928" lat="48.180293"><ele>203.25</ele></trkpt>
   <trkpt lon="16.358430" lat="48.180135"><ele>203.25</ele></trkpt>
   <trkpt lon="16.358182" lat="48.180058"><ele>203.25</ele></trkpt>
   <trkpt lon="16.358140" lat="48.180044"><ele>203.25</ele></trkpt>
   <trkpt lon="16.357456" lat="48.179829"><ele>204.0</ele></trkpt>
   <trkpt lon="16.357263" lat="48.179765"><ele>204.0</ele></trkpt>
   <trkpt lon="16.357007" lat="48.179677"><ele>204.25</ele></trkpt>
   <trkpt lon="16.356571" lat="48.179500"><ele>205.0</ele></trkpt>
   <trkpt lon="16.356251" lat="48.179398"><ele>206.75</ele></trkpt>
   <trkpt lon="16.356178" lat="48.179375"><ele>207.25</ele></trkpt>
   <trkpt lon="16.355326" lat="48.179105"><ele>207.5</ele></trkpt>
   <trkpt lon="16.354991" lat="48.179000"><ele>205.75</ele></trkpt>
   <trkpt lon="16.354454" lat="48.178833"><ele>204.25</ele></trkpt>
   <trkpt lon="16.354217" lat="48.178764"><ele>203.5</ele></trkpt>
   <trkpt lon="16.354207" lat="48.178761"><ele>203.5</ele></trkpt>
   <trkpt lon="16.354091" lat="48.178725"><ele>203.5</ele></trkpt>
   <trkpt lon="16.354017" lat="48.178700"><ele>203.5</ele></trkpt>
   <trkpt lon="16.352765" lat="48.178281"><ele>203.5</ele></trkpt>
   <trkpt lon="16.352321" lat="48.178145"><ele>203.5</ele></trkpt>
   <trkpt lon="16.351865" lat="48.178030"><ele>204.25</ele></trkpt>
   <trkpt lon="16.351397" lat="48.177927"><ele>204.75</ele></trkpt>
   <trkpt lon="16.351314" lat="48.177909"><ele>204.75</ele></trkpt>
   <trkpt lon="16.351214" lat="48.177886"><ele>204.75</ele></trkpt>
   <trkpt lon="16.350024" lat="48.177624"><ele>206.5</ele></trkpt>
   <trkpt lon="16.349940" lat="48.177606"><ele>206.5</ele></trkpt>
   <trkpt lon="16.349840" lat="48.177584"><ele>206.5</ele></trkpt>
   <trkpt lon="16.348673" lat="48.177327"><ele>206.25</ele></trkpt>
   <trkpt lon="16.348557" lat="48.177301"><ele>206.5</ele></trkpt>
   <trkpt lon="16.348461" lat="48.177280"><ele>206.5</ele></trkpt>
   <trkpt lon="16.345863" lat="48.176708"><ele>206.75</ele></trkpt>
   <trkpt lon="16.345756" lat="48.176684"><ele>206.75</ele></trkpt>
   <trkpt lon="16.345562" lat="48.176641"><ele>206.25</ele></trkpt>
   <trkpt lon="16.345543" lat="48.176637"><ele>206.25</ele></trkpt>
   <trkpt lon="16.345248" lat="48.176573"><ele>205.75</ele></trkpt>
   <trkpt lon="16.344959" lat="48.176491"><ele>205.25</ele></trkpt>
   <trkpt lon="16.344561" lat="48.176359"><ele>205.25</ele></trkpt>
   <trkpt lon="16.344416" lat="48.176314"><ele>205.5</ele></trkpt>
   <trkpt lon="16.344226" lat="48.176266"><ele>205.75</ele></trkpt>
   <trkpt lon="16.344187" lat="48.176257"><ele>205.75</ele></trkpt>
   <trkpt lon="16.343212" lat="48.176042"><ele>207.5</ele></trkpt>
   <trkpt lon="16.342863" lat="48.175976"><ele>208.0</ele></trkpt>
   <trkpt lon="16.342452" lat="48.175918"><ele>208.5</ele></trkpt>
   <trkpt lon="16.341943" lat="48.175882"><ele>209.25</ele></trkpt>
   <trkpt lon="16.341739" lat="48.175868"><ele>209.5</ele></trkpt>
   <trkpt lon="16.341591" lat="48.175858"><ele>209.75</ele></trkpt>
   <trkpt lon="16.341522" lat="48.175854"><ele>209.75</ele></trkpt>
   <trkpt lon="16.340723" lat="48.175806"><ele>210.0</ele></trkpt>
   <trkpt lon="16.340692" lat="48.175804"><ele>210.0</ele></trkpt>
   <trkpt lon="16.340671" lat="48.175802"><ele>210.0</ele></trkpt>
   <trkpt lon="16.340525" lat="48.175792"><ele>210.0</ele></trkpt>
   <trkpt lon="16.340051" lat="48.175760"><ele>210.5</ele></trkpt>
   <trkpt lon="16.339800" lat="48.175735"><ele>209.75</ele></trkpt>
   <trkpt lon="16.339538" lat="48.175697"><ele>208.5</ele></trkpt>
   <trkpt lon="16.339007" lat="48.175606"><ele>207.5</ele></trkpt>
   <trkpt lon="16.338077" lat="48.175371"><ele>207.5</ele></trkpt>
   <trkpt lon="16.337901" lat="48.175328"><ele>207.5</ele></trkpt>
   <trkpt lon="16.337504" lat="48.175236"><ele>207.75</ele></trkpt>
   <trkpt lon="16.334005" lat="48.174512"><ele>211.0</ele></trkpt>
   <trkpt lon="16.332278" lat="48.174170"><ele>210.75</ele></trkpt>
   <trkpt lon="16.331899" lat="48.174098"><ele>211.25</ele></trkpt>
   <trkpt lon="16.331310" lat="48.173959"><ele>212.25</ele></trkpt>
   <trkpt lon="16.330371" lat="48.173754"><ele>214.75</ele></trkpt>
   <trkpt lon="16.329989" lat="48.173675"><ele>215.25</ele></trkpt>
   <trkpt lon="16.329728" lat="48.173605"><ele>215.25</ele></trkpt>
   <trkpt lon="16.329251" lat="48.173463"><ele>215.0</ele></trkpt>
   <trkpt lon="16.329008" lat="48.173382"><ele>214.5</ele></trkpt>
   <trkpt lon="16.328662" lat="48.173266"><ele>214.25</ele></trkpt>
   <trkpt lon="16.328316" lat="48.173137"><ele>214.5</ele></trkpt>
   <trkpt lon="16.327430" lat="48.172815"><ele>215.25</ele></trkpt>
   <trkpt lon="16.327255" lat="48.172750"><ele>215.25</ele></trkpt>
   <trkpt lon="16.324948" lat="48.171912"><ele>212.25</ele></trkpt>
   <trkpt lon="16.324480" lat="48.171736"><ele>212.0</ele></trkpt>
   <trkpt lon="16.323899" lat="48.171503"><ele>214.0</ele></trkpt>
   <trkpt lon="16.323428" lat="48.171284"><ele>215.25</ele></trkpt>
   <trkpt lon="16.322833" lat="48.170980"><ele>214.0</ele></trkpt>
   <trkpt lon="16.322597" lat="48.170848"><ele>212.5</ele></trkpt>
   <trkpt lon="16.320275" lat="48.169525"><ele>214.0</ele></trkpt>
   <trkpt lon="16.320168" lat="48.169459"><ele>213.75</ele></trkpt>
   <trkpt lon="16.320153" lat="48.169451"><ele>213.75</ele></trkpt>
   <trkpt lon="16.319193" lat="48.168898"><ele>211.5</ele></trkpt>
   <trkpt lon="16.317174" lat="48.167748"><ele>209.75</ele></trkpt>
   <trkpt lon="16.316742" lat="48.167498"><ele>208.75</ele></trkpt>
   <trkpt lon="16.316479" lat="48.167347"><ele>208.5</ele></trkpt>
   <trkpt lon="16.316335" lat="48.167264"><ele>208.5</ele></trkpt>
   <trkpt lon="16.316307" lat="48.167247"><ele>208.25</ele></trkpt>
   <trkpt lon="16.315922" lat="48.167026"><ele>208.25</ele></trkpt>
   <trkpt lon="16.315554" lat="48.166814"><ele>208.25</ele></trkpt>
   <trkpt lon="16.315536" lat="48.166804"><ele>208.25</ele></trkpt>
   <trkpt lon="16.314307" lat="48.166094"><ele>206.25</ele></trkpt>
   <trkpt lon="16.313931" lat="48.165879"><ele>206.0</ele></trkpt>
   <trkpt lon="16.313602" lat="48.165687"><ele>206.0</ele></trkpt>
   <trkpt lon="16.312557" lat="48.165086"><ele>205.0</ele></trkpt>
   <trkpt lon="16.312355" lat="48.164969"><ele>204.0</ele></trkpt>
   <trkpt lon="16.311974" lat="48.164750"><ele>202.0</ele></trkpt>
   <trkpt lon="16.311011" lat="48.164195"><ele>204.25</ele></trkpt>
   <trkpt lon="16.310936" lat="48.164152"><ele>204.5</ele></trkpt>
   <trkpt lon="16.309665" lat="48.163418"><ele>206.5</ele></trkpt>
   <trkpt lon="16.308367" lat="48.162671"><ele>207.0</ele></trkpt>
   <trkpt lon="16.308127" lat="48.162532"><ele>207.5</ele></trkpt>
   <trkpt lon="16.307199" lat="48.161997"><ele>207.5</ele></trkpt>
   <trkpt lon="16.304445" lat="48.160410"><ele>210.25</ele></trkpt>
   <trkpt lon="16.304197" lat="48.160267"><ele>210.0</ele></trkpt>
   <trkpt lon="16.302777" lat="48.159448"><ele>210.0</ele></trkpt>
   <trkpt lon="16.302761" lat="48.159439"><ele>210.0</ele></trkpt>
   <trkpt lon="16.301208" lat="48.158537"><ele>210.5</ele></trkpt>
   <trkpt lon="16.300184" lat="48.157911"><ele>213.25</ele></trkpt>
   <trkpt lon="16.300154" lat="48.157892"><ele>213.5</ele></trkpt>
   <trkpt lon="16.299188" lat="48.157265"><ele>214.5</ele></trkpt>
   <trkpt lon="16.298382" lat="48.156716"><ele>214.0</ele></trkpt>
   <trkpt lon="16.297408" lat="48.156021"><ele>213.25</ele></trkpt>
   <trkpt lon="16.296564" lat="48.155384"><ele>213.0</ele></trkpt>
   <trkpt lon="16.296063" lat="48.154987"><ele>214.0</ele></trkpt>
   <trkpt lon="16.295796" lat="48.154774"><ele>214.5</ele></trkpt>
   <trkpt lon="16.295670" lat="48.154669"><ele>214.75</ele></trkpt>
   <trkpt lon="16.294999" lat="48.154111"><ele>213.75</ele></trkpt>
   <trkpt lon="16.294299" lat="48.153499"><ele>212.25</ele></trkpt>
   <trkpt lon="16.293979" lat="48.153209"><ele>212.5</ele></trkpt>
   <trkpt lon="16.293480" lat="48.152749"><ele>212.75</ele></trkpt>
   <trkpt lon="16.293006" lat="48.152286"><ele>212.25</ele></trkpt>
   <trkpt lon="16.292782" lat="48.152064"><ele>213.0</ele></trkpt>
   <trkpt lon="16.292704" lat="48.151984"><ele>213.5</ele></trkpt>
   <trkpt lon="16.291959" lat="48.151212"><ele>217.75</ele></trkpt>
   <trkpt lon="16.291924" lat="48.151175"><ele>218.0</ele></trkpt>
   <trkpt lon="16.291065" lat="48.150223"><ele>218.75</ele></trkpt>
   <trkpt lon="16.290465" lat="48.149506"><ele>218.75</ele></trkpt>
   <trkpt lon="16.290394" lat="48.149419"><ele>218.5</ele></trkpt>
   <trkpt lon="16.290216" lat="48.149184"><ele>218.0</ele></trkpt>
   <trkpt lon="16.289942" lat="48.148755"><ele>218.5</ele></trkpt>
   <trkpt lon="16.289834" lat="48.148607"><ele>218.75</ele></trkpt>
   <trkpt lon="16.289655" lat="48.148375"><ele>218.5</ele></trkpt>
   <trkpt lon="16.289522" lat="48.148193"><ele>218.25</ele></trkpt>
   <trkpt lon="16.289352" lat="48.147939"><ele>217.5</ele></trkpt>
   <trkpt lon="16.289198" lat="48.147699"><ele>217.25</ele></trkpt>
   <trkpt lon="16.288703" lat="48.146913"><ele>217.25</ele></trkpt>
   <trkpt lon="16.288584" lat="48.146728"><ele>217.5</ele></trkpt>
   <trkpt lon="16.288379" lat="48.146390"><ele>217.75</ele></trkpt>
   <trkpt lon="16.288194" lat="48.146129"><ele>217.75</ele></trkpt>
   <trkpt lon="16.287889" lat="48.145746"><ele>217.5</ele></trkpt>
   <trkpt lon="16.287755" lat="48.145557"><ele>217.75</ele></trkpt>
   <trkpt lon="16.287604" lat="48.145316"><ele>218.0</ele></trkpt>
   <trkpt lon="16.287528" lat="48.145163"><ele>218.5</ele></trkpt>
   <trkpt lon="16.287470" lat="48.145021"><ele>219.0</ele></trkpt>
   <trkpt lon="16.287302" lat="48.144680"><ele>218.75</ele></trkpt>
   <trkpt lon="16.287239" lat="48.144529"><ele>218.75</ele></trkpt>
   <trkpt lon="16.287208" lat="48.144443"><ele>218.5</ele></trkpt>
   <trkpt lon="16.287087" lat="48.144075"><ele>218.25</ele></trkpt>
   <trkpt lon="16.286957" lat="48.143722"><ele>218.25</ele></trkpt>
   <trkpt lon="16.286886" lat="48.143565"><ele>218.25</ele></trkpt>
   <trkpt lon="16.286727" lat="48.143238"><ele>218.0</ele></trkpt>
   <trkpt lon="16.286460" lat="48.142641"><ele>219.25</ele></trkpt>
   <trkpt lon="16.286239" lat="48.142104"><ele>220.5</ele></trkpt>
   <trkpt lon="16.285922" lat="48.141260"><ele>220.25</ele></trkpt>
   <trkpt lon="16.285668" lat="48.140476"><ele>220.25</ele></trkpt>
   <trkpt lon="16.285268" lat="48.139100"><ele>220.25</ele></trkpt>
   <trkpt lon="16.285043" lat="48.138556"><ele>220.75</ele></trkpt>
   <trkpt lon="16.284943" lat="48.138287"><ele>221.25</ele></trkpt>
   <trkpt lon="16.284885" lat="48.138129"><ele>221.75</ele></trkpt>
   <trkpt lon="16.284801" lat="48.137699"><ele>222.75</ele></trkpt>
   <trkpt lon="16.284796" lat="48.137671"><ele>222.75</ele></trkpt>
   <trkpt lon="16.284749" lat="48.137322"><ele>223.0</ele></trkpt>
   <trkpt lon="16.284724" lat="48.137097"><ele>222.75</ele></trkpt>
   <trkpt lon="16.284710" lat="48.136901"><ele>222.5</ele></trkpt>
   <trkpt lon="16.284689" lat="48.136746"><ele>222.25</ele></trkpt>
   <trkpt lon="16.284617" lat="48.136384"><ele>222.25</ele></trkpt>
   <trkpt lon="16.284605" lat="48.136241"><ele>222.25</ele></trkpt>
   <trkpt lon="16.284576" lat="48.135973"><ele>222.5</ele></trkpt>
   <trkpt lon="16.284519" lat="48.135316"><ele>222.25</ele></trkpt>
   <trkpt lon="16.284440" lat="48.134465"><ele>222.75</ele></trkpt>
   <trkpt lon="16.284422" lat="48.134266"><ele>222.75</ele></trkpt>
   <trkpt lon="16.284385" lat="48.133853"><ele>223.25</ele></trkpt>
   <trkpt lon="16.284375" lat="48.133764"><ele>223.25</ele></trkpt>
   <trkpt lon="16.284352" lat="48.133475"><ele>223.5</ele></trkpt>
   <trkpt lon="16.284306" lat="48.133136"><ele>223.75</ele></trkpt>
   <trkpt lon="16.284291" lat="48.132848"><ele>223.75</ele></trkpt>
   <trkpt lon="16.284291" lat="48.132807"><ele>223.75</ele></trkpt>
   <trkpt lon="16.284331" lat="48.131866"><ele>222.75</ele></trkpt>
   <trkpt lon="16.284334" lat="48.131611"><ele>222.25</ele></trkpt>
   <trkpt lon="16.284320" lat="48.131096"><ele>221.5</ele></trkpt>
   <trkpt lon="16.284353" lat="48.130746"><ele>221.0</ele></trkpt>
   <trkpt lon="16.284358" lat="48.130708"><ele>221.0</ele></trkpt>
   <trkpt lon="16.284380" lat="48.130592"><ele>221.0</ele></trkpt>
   <trkpt lon="16.284419" lat="48.130398"><ele>221.25</ele></trkpt>
   <trkpt lon="16.284507" lat="48.130078"><ele>221.5</ele></trkpt>
   <trkpt lon="16.284543" lat="48.129865"><ele>221.5</ele></trkpt>
   <trkpt lon="16.284547" lat="48.129852"><ele>221.5</ele></trkpt>
   <trkpt lon="16.284556" lat="48.129795"><ele>221.75</ele></trkpt>
   <trkpt lon="16.284578" lat="48.129644"><ele>221.75</ele></trkpt>
   <trkpt lon="16.284778" lat="48.128258"><ele>225.0</ele></trkpt>
   <trkpt lon="16.284981" lat="48.126850"><ele>224.5</ele></trkpt>
   <trkpt lon="16.285280" lat="48.124779"><ele>224.75</ele></trkpt>
   <trkpt lon="16.285487" lat="48.123362"><ele>223.5</ele></trkpt>
   <trkpt lon="16.285534" lat="48.123032"><ele>223.75</ele></trkpt>
   <trkpt lon="16.285846" lat="48.120873"><ele>222.0</ele></trkpt>
   <trkpt lon="16.285865" lat="48.120743"><ele>221.75</ele></trkpt>
   <trkpt lon="16.286023" lat="48.119660"><ele>222.25</ele></trkpt>
   <trkpt lon="16.286056" lat="48.119432"><ele>222.25</ele></trkpt>
   <trkpt lon="16.286066" lat="48.119363"><ele>222.25</ele></trkpt>
   <trkpt lon="16.286089" lat="48.119167"><ele>222.25</ele></trkpt>
   <trkpt lon="16.286107" lat="48.118753"><ele>222.25</ele></trkpt>
   <trkpt lon="16.286130" lat="48.118552"><ele>222.25</ele></trkpt>
   <trkpt lon="16.286156" lat="48.118375"><ele>222.0</ele></trkpt>
   <trkpt lon="16.286225" lat="48.117903"><ele>222.0</ele></trkpt>
   <trkpt lon="16.286398" lat="48.116722"><ele>221.25</ele></trkpt>
   <trkpt lon="16.286563" lat="48.115591"><ele>220.5</ele></trkpt>
   <trkpt lon="16.287396" lat="48.109830"><ele>218.0</ele></trkpt>
   <trkpt lon="16.287557" lat="48.108708"><ele>216.75</ele></trkpt>
   <trkpt lon="16.287574" lat="48.108595"><ele>217.0</ele></trkpt>
   <trkpt lon="16.287835" lat="48.106797"><ele>214.75</ele></trkpt>
   <trkpt lon="16.287891" lat="48.106409"><ele>214.5</ele></trkpt>
   <trkpt lon="16.288060" lat="48.105239"><ele>214.5</ele></trkpt>
   <trkpt lon="16.288196" lat="48.104302"><ele>214.5</ele></trkpt>
   <trkpt lon="16.288339" lat="48.103317"><ele>213.75</ele></trkpt>
   <trkpt lon="16.288622" lat="48.101369"><ele>212.0</ele></trkpt>
   <trkpt lon="16.288650" lat="48.101125"><ele>211.5</ele></trkpt>
   <trkpt lon="16.289065" lat="48.098326"><ele>212.0</ele></trkpt>
   <trkpt lon="16.289258" lat="48.097406"><ele>211.75</ele></trkpt>
   <trkpt lon="16.289316" lat="48.097171"><ele>212.0</ele></trkpt>
   <trkpt lon="16.289335" lat="48.097092"><ele>212.0</ele></trkpt>
   <trkpt lon="16.289526" lat="48.096382"><ele>212.0</ele></trkpt>
   <trkpt lon="16.289871" lat="48.095324"><ele>211.0</ele></trkpt>
   <trkpt lon="16.290291" lat="48.094269"><ele>212.25</ele></trkpt>
   <trkpt lon="16.290365" lat="48.094102"><ele>212.5</ele></trkpt>
   <trkpt lon="16.290390" lat="48.094044"><ele>212.75</ele></trkpt>
   <trkpt lon="16.290469" lat="48.093872"><ele>212.75</ele></trkpt>
   <trkpt lon="16.290551" lat="48.093702"><ele>213.0</ele></trkpt>
   <trkpt lon="16.290981" lat="48.092826"><ele>213.5</ele></trkpt>
   <trkpt lon="16.291332" lat="48.092178"><ele>213.75</ele></trkpt>
   <trkpt lon="16.291572" lat="48.091753"><ele>213.75</ele></trkpt>
   <trkpt lon="16.291847" lat="48.091312"><ele>213.75</ele></trkpt>
   <trkpt lon="16.291871" lat="48.091275"><ele>213.75</ele></trkpt>
   <trkpt lon="16.292364" lat="48.090546"><ele>212.0</ele></trkpt>
   <trkpt lon="16.293007" lat="48.089631"><ele>212.25</ele></trkpt>
   <trkpt lon="16.293107" lat="48.089489"><ele>212.25</ele></trkpt>
   <trkpt lon="16.293793" lat="48.088512"><ele>211.5</ele></trkpt>
   <trkpt lon="16.295261" lat="48.086443"><ele>211.75</ele></trkpt>
   <trkpt lon="16.295720" lat="48.085797"><ele>211.25</ele></trkpt>
   <trkpt lon="16.296416" lat="48.084818"><ele>209.25</ele></trkpt>
   <trkpt lon="16.296522" lat="48.084668"><ele>209.0</ele></trkpt>
   <trkpt lon="16.296547" lat="48.084633"><ele>208.75</ele></trkpt>
   <trkpt lon="16.296867" lat="48.084184"><ele>208.0</ele></trkpt>
   <trkpt lon="16.296939" lat="48.084083"><ele>208.0</ele></trkpt>
   <trkpt lon="16.297250" lat="48.083648"><ele>208.75</ele></trkpt>
   <trkpt lon="16.298290" lat="48.082184"><ele>209.75</ele></trkpt>
   <trkpt lon="16.298466" lat="48.081940"><ele>209.0</ele></trkpt>
   <trkpt lon="16.299076" lat="48.081080"><ele>209.0</ele></trkpt>
   <trkpt lon="16.299152" lat="48.080975"><ele>209.0</ele></trkpt>
   <trkpt lon="16.300306" lat="48.079351"><ele>208.75</ele></trkpt>
   <trkpt lon="16.300330" lat="48.079318"><ele>208.75</ele></trkpt>
   <trkpt lon="16.300578" lat="48.078969"><ele>209.0</ele></trkpt>
   <trkpt lon="16.300993" lat="48.078387"><ele>208.75</ele></trkpt>
   <trkpt lon="16.301379" lat="48.077849"><ele>207.5</ele></trkpt>
   <trkpt lon="16.301825" lat="48.077221"><ele>206.25</ele></trkpt>
   <trkpt lon="16.304550" lat="48.073386"><ele>203.75</ele></trkpt>
   <trkpt lon="16.304825" lat="48.072979"><ele>204.0</ele></trkpt>
   <trkpt lon="16.305113" lat="48.072522"><ele>204.5</ele></trkpt>
   <trkpt lon="16.305354" lat="48.072102"><ele>203.25</ele></trkpt>
   <trkpt lon="16.305623" lat="48.071605"><ele>202.5</ele></trkpt>
   <trkpt lon="16.305890" lat="48.071055"><ele>202.0</ele></trkpt>
   <trkpt lon="16.306079" lat="48.070624"><ele>201.5</ele></trkpt>
   <trkpt lon="16.306298" lat="48.070063"><ele>200.75</ele></trkpt>
   <trkpt lon="16.306468" lat="48.069568"><ele>201.75</ele></trkpt>
   <trkpt lon="16.306738" lat="48.068595"><ele>205.25</ele></trkpt>
   <trkpt lon="16.306819" lat="48.068211"><ele>206.0</ele></trkpt>
   <trkpt lon="16.306905" lat="48.067736"><ele>205.75</ele></trkpt>
   <trkpt lon="16.307010" lat="48.066831"><ele>205.25</ele></trkpt>
   <trkpt lon="16.307024" lat="48.066611"><ele>205.25</ele></trkpt>
   <trkpt lon="16.307040" lat="48.065823"><ele>208.0</ele></trkpt>
   <trkpt lon="16.307035" lat="48.065562"><ele>209.0</ele></trkpt>
   <trkpt lon="16.307012" lat="48.065160"><ele>210.25</ele></trkpt>
   <trkpt lon="16.306982" lat="48.064825"><ele>212.0</ele></trkpt>
   <trkpt lon="16.306921" lat="48.064325"><ele>215.75</ele></trkpt>
   <trkpt lon="16.306834" lat="48.063815"><ele>216.5</ele></trkpt>
   <trkpt lon="16.306750" lat="48.063432"><ele>216.0</ele></trkpt>
   <trkpt lon="16.306622" lat="48.062912"><ele>216.0</ele></trkpt>
   <trkpt lon="16.306298" lat="48.061943"><ele>213.0</ele></trkpt>
   <trkpt lon="16.305898" lat="48.060994"><ele>209.25</ele></trkpt>
   <trkpt lon="16.305411" lat="48.060088"><ele>213.0</ele></trkpt>
   <trkpt lon="16.305252" lat="48.059834"><ele>213.75</ele></trkpt>
   <trkpt lon="16.305052" lat="48.059501"><ele>213.5</ele></trkpt>
   <trkpt lon="16.304872" lat="48.059225"><ele>213.0</ele></trkpt>
   <trkpt lon="16.304171" lat="48.058262"><ele>212.5</ele></trkpt>
   <trkpt lon="16.303997" lat="48.058033"><ele>212.75</ele></trkpt>
   <trkpt lon="16.303731" lat="48.057709"><ele>212.5</ele></trkpt>
   <trkpt lon="16.303490" lat="48.057431"><ele>212.25</ele></trkpt>
   <trkpt lon="16.303207" lat="48.057114"><ele>212.75</ele></trkpt>
   <trkpt lon="16.302841" lat="48.056729"><ele>213.75</ele></trkpt>
   <trkpt lon="16.302440" lat="48.056331"><ele>215.0</ele></trkpt>
   <trkpt lon="16.302017" lat="48.055942"><ele>217.25</ele></trkpt>
   <trkpt lon="16.295710" lat="48.050420"><ele>203.0</ele></trkpt>
   <trkpt lon="16.292898" lat="48.047967"><ele>209.5</ele></trkpt>
   <trkpt lon="16.292856" lat="48.047933"><ele>209.75</ele></trkpt>
   <trkpt lon="16.292821" lat="48.047900"><ele>209.75</ele></trkpt>
   <trkpt lon="16.290965" lat="48.046271"><ele>211.25</ele></trkpt>
   <trkpt lon="16.290846" lat="48.046164"><ele>211.25</ele></trkpt>
   <trkpt lon="16.289940" lat="48.045371"><ele>211.75</ele></trkpt>
   <trkpt lon="16.289493" lat="48.044984"><ele>211.5</ele></trkpt>
   <trkpt lon="16.287029" lat="48.042834"><ele>214.75</ele></trkpt>
   <trkpt lon="16.285583" lat="48.041574"><ele>216.25</ele></trkpt>
   <trkpt lon="16.285457" lat="48.041460"><ele>216.75</ele></trkpt>
   <trkpt lon="16.285335" lat="48.041350"><ele>217.0</ele></trkpt>
   <trkpt lon="16.285105" lat="48.041149"><ele>217.25</ele></trkpt>
   <trkpt lon="16.283309" lat="48.039578"><ele>214.0</ele></trkpt>
   <trkpt lon="16.282842" lat="48.039169"><ele>213.5</ele></trkpt>
   <trkpt lon="16.282682" lat="48.039024"><ele>213.5</ele></trkpt>
   <trkpt lon="16.280888" lat="48.037448"><ele>213.75</ele></trkpt>
   <trkpt lon="16.279596" lat="48.036319"><ele>214.25</ele></trkpt>
   <trkpt lon="16.279380" lat="48.036129"><ele>214.5</ele></trkpt>
   <trkpt lon="16.276998" lat="48.034046"><ele>216.0</ele></trkpt>
   <trkpt lon="16.274688" lat="48.032022"><ele>226.25</ele></trkpt>
   <trkpt lon="16.274603" lat="48.031948"><ele>227.5</ele></trkpt>
   <trkpt lon="16.273285" lat="48.030795"><ele>224.75</ele></trkpt>
   <trkpt lon="16.273160" lat="48.030687"><ele>224.0</ele></trkpt>
   <trkpt lon="16.272530" lat="48.030135"><ele>220.25</ele></trkpt>
   <trkpt lon="16.271915" lat="48.029597"><ele>219.5</ele></trkpt>
   <trkpt lon="16.270001" lat="48.027920"><ele>219.0</ele></trkpt>
   <trkpt lon="16.269947" lat="48.027872"><ele>219.0</ele></trkpt>
   <trkpt lon="16.268975" lat="48.027021"><ele>221.25</ele></trkpt>
   <trkpt lon="16.267656" lat="48.025866"><ele>221.0</ele></trkpt>
   <trkpt lon="16.262891" lat="48.021699"><ele>218.5</ele></trkpt>
   <trkpt lon="16.262184" lat="48.021081"><ele>218.25</ele></trkpt>
   <trkpt lon="16.261788" lat="48.020735"><ele>217.25</ele></trkpt>
   <trkpt lon="16.260745" lat="48.019820"><ele>218.25</ele></trkpt>
   <trkpt lon="16.260713" lat="48.019791"><ele>218.5</ele></trkpt>
   <trkpt lon="16.260670" lat="48.019754"><ele>218.5</ele></trkpt>
   <trkpt lon="16.260506" lat="48.019603"><ele>219.25</ele></trkpt>
   <trkpt lon="16.260139" lat="48.019231"><ele>220.5</ele></trkpt>
   <trkpt lon="16.259941" lat="48.019047"><ele>221.0</ele></trkpt>
   <trkpt lon="16.259676" lat="48.018817"><ele>221.5</ele></trkpt>
   <trkpt lon="16.259558" lat="48.018703"><ele>221.75</ele></trkpt>
   <trkpt lon="16.259428" lat="48.018580"><ele>222.0</ele></trkpt>
   <trkpt lon="16.259085" lat="48.018230"><ele>223.25</ele></trkpt>
   <trkpt lon="16.258703" lat="48.017889"><ele>224.25</ele></trkpt>
   <trkpt lon="16.254264" lat="48.014002"><ele>223.75</ele></trkpt>
   <trkpt lon="16.253963" lat="48.013755"><ele>223.0</ele></trkpt>
   <trkpt lon="16.253602" lat="48.013480"><ele>222.25</ele></trkpt>
   <trkpt lon="16.253285" lat="48.013219"><ele>221.5</ele></trkpt>
   <trkpt lon="16.252923" lat="48.012897"><ele>221.5</ele></trkpt>
   <trkpt lon="16.252707" lat="48.012707"><ele>221.5</ele></trkpt>
   <trkpt lon="16.251782" lat="48.011901"><ele>222.0</ele></trkpt>
   <trkpt lon="16.251730" lat="48.011856"><ele>222.0</ele></trkpt>
   <trkpt lon="16.251702" lat="48.011833"><ele>222.0</ele></trkpt>
   <trkpt lon="16.250866" lat="48.011096"><ele>222.25</ele></trkpt>
   <trkpt lon="16.250620" lat="48.010886"><ele>222.5</ele></trkpt>
   <trkpt lon="16.250570" lat="48.010842"><ele>222.5</ele></trkpt>
   <trkpt lon="16.250297" lat="48.010602"><ele>222.5</ele></trkpt>
   <trkpt lon="16.250211" lat="48.010527"><ele>222.5</ele></trkpt>
   <trkpt lon="16.249589" lat="48.009986"><ele>222.75</ele></trkpt>
   <trkpt lon="16.247459" lat="48.008114"><ele>223.5</ele></trkpt>
   <trkpt lon="16.247282" lat="48.007963"><ele>223.75</ele></trkpt>
   <trkpt lon="16.245952" lat="48.006787"><ele>224.25</ele></trkpt>
   <trkpt lon="16.245782" lat="48.006644"><ele>224.25</ele></trkpt>
   <trkpt lon="16.245260" lat="48.006189"><ele>224.5</ele></trkpt>
   <trkpt lon="16.245072" lat="48.006023"><ele>224.5</ele></trkpt>
   <trkpt lon="16.244654" lat="48.005659"><ele>224.75</ele></trkpt>
   <trkpt lon="16.244522" lat="48.005542"><ele>224.75</ele></trkpt>
   <trkpt lon="16.244317" lat="48.005361"><ele>224.75</ele></trkpt>
   <trkpt lon="16.244100" lat="48.005169"><ele>224.75</ele></trkpt>
   <trkpt lon="16.244042" lat="48.005118"><ele>224.75</ele></trkpt>
   <trkpt lon="16.242850" lat="48.004066"><ele>225.25</ele></trkpt>
   <trkpt lon="16.242814" lat="48.004033"><ele>225.25</ele></trkpt>
   <trkpt lon="16.242185" lat="48.003484"><ele>225.5</ele></trkpt>
   <trkpt lon="16.241967" lat="48.003294"><ele>225.75</ele></trkpt>
   <trkpt lon="16.241622" lat="48.002992"><ele>225.75</ele></trkpt>
   <trkpt lon="16.241427" lat="48.002822"><ele>225.75</ele></trkpt>
   <trkpt lon="16.241280" lat="48.002693"><ele>226.0</ele></trkpt>
   <trkpt lon="16.241243" lat="48.002661"><ele>226.0</ele></trkpt>
   <trkpt lon="16.240954" lat="48.002408"><ele>226.0</ele></trkpt>
   <trkpt lon="16.240849" lat="48.002317"><ele>226.0</ele></trkpt>
   <trkpt lon="16.240141" lat="48.001695"><ele>226.25</ele></trkpt>
   <trkpt lon="16.240055" lat="48.001621"><ele>226.25</ele></trkpt>
   <trkpt lon="16.239698" lat="48.001307"><ele>226.5</ele></trkpt>
   <trkpt lon="16.237388" lat="47.999282"><ele>227.25</ele></trkpt>
   <trkpt lon="16.236799" lat="47.998768"><ele>227.5</ele></trkpt>
   <trkpt lon="16.236216" lat="47.998252"><ele>227.75</ele></trkpt>
   <trkpt lon="16.236046" lat="47.998104"><ele>228.0</ele></trkpt>
   <trkpt lon="16.234582" lat="47.996822"><ele>228.0</ele></trkpt>
   <trkpt lon="16.234390" lat="47.996659"><ele>228.0</ele></trkpt>
   <trkpt lon="16.233747" lat="47.996094"><ele>230.75</ele></trkpt>
   <trkpt lon="16.233671" lat="47.996031"><ele>231.0</ele></trkpt>
   <trkpt lon="16.233351" lat="47.995747"><ele>232.5</ele></trkpt>
   <trkpt lon="16.231988" lat="47.994554"><ele>232.5</ele></trkpt>
   <trkpt lon="16.229792" lat="47.992621"><ele>232.5</ele></trkpt>
   <trkpt lon="16.229052" lat="47.991925"><ele>235.5</ele></trkpt>
   <trkpt lon="16.228947" lat="47.991825"><ele>236.25</ele></trkpt>
   <trkpt lon="16.228852" lat="47.991729"><ele>237.25</ele></trkpt>
   <trkpt lon="16.228102" lat="47.990961"><ele>238.5</ele></trkpt>
   <trkpt lon="16.227384" lat="47.990158"><ele>237.25</ele></trkpt>
   <trkpt lon="16.226717" lat="47.989355"><ele>235.0</ele></trkpt>
   <trkpt lon="16.226024" lat="47.988407"><ele>236.25</ele></trkpt>
   <trkpt lon="16.225673" lat="47.987882"><ele>236.0</ele></trkpt>
   <trkpt lon="16.225340" lat="47.987349"><ele>235.25</ele></trkpt>
   <trkpt lon="16.224969" lat="47.986717"><ele>235.0</ele></trkpt>
   <trkpt lon="16.224684" lat="47.986177"><ele>235.0</ele></trkpt>
   <trkpt lon="16.224131" lat="47.985031"><ele>237.0</ele></trkpt>
   <trkpt lon="16.223640" lat="47.983798"><ele>237.75</ele></trkpt>
   <trkpt lon="16.223307" lat="47.982769"><ele>237.5</ele></trkpt>
   <trkpt lon="16.223088" lat="47.981913"><ele>238.25</ele></trkpt>
   <trkpt lon="16.223074" lat="47.981842"><ele>238.25</ele></trkpt>
   <trkpt lon="16.222871" lat="47.980860"><ele>238.5</ele></trkpt>
   <trkpt lon="16.222735" lat="47.979679"><ele>238.5</ele></trkpt>
   <trkpt lon="16.222695" lat="47.978771"><ele>239.25</ele></trkpt>
   <trkpt lon="16.222698" lat="47.978611"><ele>239.5</ele></trkpt>
   <trkpt lon="16.222707" lat="47.978408"><ele>240.0</ele></trkpt>
   <trkpt lon="16.222728" lat="47.977811"><ele>242.75</ele></trkpt>
   <trkpt lon="16.222778" lat="47.977368"><ele>243.5</ele></trkpt>
   <trkpt lon="16.222779" lat="47.977366"><ele>243.5</ele></trkpt>
   <trkpt lon="16.222801" lat="47.977190"><ele>243.0</ele></trkpt>
   <trkpt lon="16.222806" lat="47.977156"><ele>243.0</ele></trkpt>
   <trkpt lon="16.223193" lat="47.974608"><ele>240.75</ele></trkpt>
   <trkpt lon="16.223234" lat="47.974339"><ele>241.0</ele></trkpt>
   <trkpt lon="16.223401" lat="47.973259"><ele>243.0</ele></trkpt>
   <trkpt lon="16.224175" lat="47.968213"><ele>245.25</ele></trkpt>
   <trkpt lon="16.224304" lat="47.967383"><ele>247.25</ele></trkpt>
   <trkpt lon="16.224307" lat="47.967357"><ele>247.25</ele></trkpt>
   <trkpt lon="16.224458" lat="47.966368"><ele>249.0</ele></trkpt>
   <trkpt lon="16.224470" lat="47.966289"><ele>249.0</ele></trkpt>
   <trkpt lon="16.224575" lat="47.965603"><ele>248.5</ele></trkpt>
   <trkpt lon="16.224650" lat="47.965111"><ele>248.75</ele></trkpt>
   <trkpt lon="16.224962" lat="47.963070"><ele>248.0</ele></trkpt>
   <trkpt lon="16.225612" lat="47.958811"><ele>250.5</ele></trkpt>
   <trkpt lon="16.226102" lat="47.955640"><ele>251.25</ele></trkpt>
   <trkpt lon="16.226411" lat="47.953593"><ele>253.25</ele></trkpt>
   <trkpt lon="16.226668" lat="47.951945"><ele>252.25</ele></trkpt>
   <trkpt lon="16.226842" lat="47.951052"><ele>251.75</ele></trkpt>
   <trkpt lon="16.226864" lat="47.950952"><ele>251.75</ele></trkpt>
   <trkpt lon="16.226905" lat="47.950767"><ele>252.0</ele></trkpt>
   <trkpt lon="16.226925" lat="47.950675"><ele>252.25</ele></trkpt>
   <trkpt lon="16.227056" lat="47.950096"><ele>253.25</ele></trkpt>
   <trkpt lon="16.227334" lat="47.948992"><ele>254.0</ele></trkpt>
   <trkpt lon="16.227653" lat="47.947995"><ele>255.5</ele></trkpt>
   <trkpt lon="16.227837" lat="47.947482"><ele>256.0</ele></trkpt>
   <trkpt lon="16.228035" lat="47.946929"><ele>255.75</ele></trkpt>
   <trkpt lon="16.228189" lat="47.946505"><ele>255.25</ele></trkpt>
   <trkpt lon="16.228446" lat="47.945803"><ele>255.25</ele></trkpt>
   <trkpt lon="16.228583" lat="47.945520"><ele>255.5</ele></trkpt>
   <trkpt lon="16.228736" lat="47.945159"><ele>255.25</ele></trkpt>
   <trkpt lon="16.228919" lat="47.944669"><ele>255.25</ele></trkpt>
   <trkpt lon="16.231150" lat="47.938448"><ele>258.5</ele></trkpt>
   <trkpt lon="16.231377" lat="47.937828"><ele>257.5</ele></trkpt>
   <trkpt lon="16.231547" lat="47.937348"><ele>256.75</ele></trkpt>
   <trkpt lon="16.231707" lat="47.936824"><ele>256.75</ele></trkpt>
   <trkpt lon="16.231794" lat="47.936520"><ele>257.0</ele></trkpt>
   <trkpt lon="16.231933" lat="47.936104"><ele>257.5</ele></trkpt>
   <trkpt lon="16.232056" lat="47.935761"><ele>258.0</ele></trkpt>
   <trkpt lon="16.232160" lat="47.935470"><ele>258.0</ele></trkpt>
   <trkpt lon="16.232249" lat="47.935225"><ele>258.0</ele></trkpt>
   <trkpt lon="16.233068" lat="47.932941"><ele>256.75</ele></trkpt>
   <trkpt lon="16.233078" lat="47.932913"><ele>256.75</ele></trkpt>
   <trkpt lon="16.233404" lat="47.932004"><ele>256.75</ele></trkpt>
   <trkpt lon="16.233725" lat="47.931112"><ele>257.5</ele></trkpt>
   <trkpt lon="16.234038" lat="47.930238"><ele>257.75</ele></trkpt>
   <trkpt lon="16.234458" lat="47.929062"><ele>258.0</ele></trkpt>
   <trkpt lon="16.234688" lat="47.928419"><ele>259.25</ele></trkpt>
   <trkpt lon="16.234806" lat="47.928097"><ele>260.25</ele></trkpt>
   <trkpt lon="16.235086" lat="47.927317"><ele>262.0</ele></trkpt>
   <trkpt lon="16.235176" lat="47.927065"><ele>260.75</ele></trkpt>
   <trkpt lon="16.236207" lat="47.924181"><ele>258.5</ele></trkpt>
   <trkpt lon="16.236246" lat="47.924068"><ele>258.5</ele></trkpt>
   <trkpt lon="16.237178" lat="47.921484"><ele>261.0</ele></trkpt>
   <trkpt lon="16.237496" lat="47.920602"><ele>262.0</ele></trkpt>
   <trkpt lon="16.237986" lat="47.919236"><ele>267.5</ele></trkpt>
   <trkpt lon="16.239073" lat="47.916207"><ele>268.5</ele></trkpt>
   <trkpt lon="16.239356" lat="47.915421"><ele>267.75</ele></trkpt>
   <trkpt lon="16.240951" lat="47.910969"><ele>264.0</ele></trkpt>
   <trkpt lon="16.241108" lat="47.910531"><ele>264.0</ele></trkpt>
   <trkpt lon="16.241127" lat="47.910480"><ele>264.0</ele></trkpt>
   <trkpt lon="16.241336" lat="47.909867"><ele>263.5</ele></trkpt>
   <trkpt lon="16.241359" lat="47.909804"><ele>263.5</ele></trkpt>
   <trkpt lon="16.241536" lat="47.909338"><ele>263.0</ele></trkpt>
   <trkpt lon="16.241908" lat="47.908301"><ele>264.25</ele></trkpt>
   <trkpt lon="16.242039" lat="47.907937"><ele>264.0</ele></trkpt>
   <trkpt lon="16.242053" lat="47.907896"><ele>264.0</ele></trkpt>
   <trkpt lon="16.242139" lat="47.907657"><ele>264.0</ele></trkpt>
   <trkpt lon="16.245277" lat="47.898905"><ele>269.0</ele></trkpt>
   <trkpt lon="16.245318" lat="47.898789"><ele>269.5</ele></trkpt>
   <trkpt lon="16.245438" lat="47.898454"><ele>270.5</ele></trkpt>
   <trkpt lon="16.245734" lat="47.897630"><ele>269.0</ele></trkpt>
   <trkpt lon="16.245801" lat="47.897440"><ele>269.0</ele></trkpt>
   <trkpt lon="16.246003" lat="47.896872"><ele>269.5</ele></trkpt>
   <trkpt lon="16.246214" lat="47.896279"><ele>269.0</ele></trkpt>
   <trkpt lon="16.246446" lat="47.895592"><ele>268.0</ele></trkpt>
   <trkpt lon="16.246654" lat="47.894980"><ele>267.0</ele></trkpt>
   <trkpt lon="16.246730" lat="47.894716"><ele>268.25</ele></trkpt>
   <trkpt lon="16.246829" lat="47.894332"><ele>269.75</ele></trkpt>
   <trkpt lon="16.246951" lat="47.893671"><ele>269.5</ele></trkpt>
   <trkpt lon="16.246979" lat="47.893561"><ele>269.25</ele></trkpt>
   <trkpt lon="16.247072" lat="47.893210"><ele>269.25</ele></trkpt>
   <trkpt lon="16.247169" lat="47.892851"><ele>270.5</ele></trkpt>
   <trkpt lon="16.247180" lat="47.892811"><ele>270.5</ele></trkpt>
   <trkpt lon="16.247248" lat="47.892526"><ele>271.5</ele></trkpt>
   <trkpt lon="16.247313" lat="47.892179"><ele>271.25</ele></trkpt>
   <trkpt lon="16.247338" lat="47.892014"><ele>271.25</ele></trkpt>
   <trkpt lon="16.247440" lat="47.891432"><ele>271.25</ele></trkpt>
   <trkpt lon="16.247449" lat="47.891386"><ele>271.25</ele></trkpt>
   <trkpt lon="16.247555" lat="47.890844"><ele>271.75</ele></trkpt>
   <trkpt lon="16.247637" lat="47.890387"><ele>272.75</ele></trkpt>
   <trkpt lon="16.247740" lat="47.889649"><ele>274.25</ele></trkpt>
   <trkpt lon="16.247999" lat="47.887186"><ele>275.5</ele></trkpt>
   <trkpt lon="16.248070" lat="47.886584"><ele>276.25</ele></trkpt>
   <trkpt lon="16.248184" lat="47.886069"><ele>276.75</ele></trkpt>
   <trkpt lon="16.248234" lat="47.885096"><ele>275.25</ele></trkpt>
   <trkpt lon="16.248244" lat="47.884579"><ele>275.0</ele></trkpt>
   <trkpt lon="16.248238" lat="47.884081"><ele>275.0</ele></trkpt>
   <trkpt lon="16.248235" lat="47.883700"><ele>275.5</ele></trkpt>
   <trkpt lon="16.248199" lat="47.882966"><ele>276.0</ele></trkpt>
   <trkpt lon="16.248173" lat="47.882506"><ele>276.5</ele></trkpt>
   <trkpt lon="16.248074" lat="47.881301"><ele>277.75</ele></trkpt>
   <trkpt lon="16.247911" lat="47.879931"><ele>277.5</ele></trkpt>
   <trkpt lon="16.247764" lat="47.879022"><ele>278.25</ele></trkpt>
   <trkpt lon="16.247141" lat="47.875930"><ele>277.25</ele></trkpt>
   <trkpt lon="16.247082" lat="47.875640"><ele>277.75</ele></trkpt>
   <trkpt lon="16.246277" lat="47.871691"><ele>280.25</ele></trkpt>
   <trkpt lon="16.246205" lat="47.871358"><ele>279.75</ele></trkpt>
   <trkpt lon="16.246138" lat="47.871017"><ele>279.25</ele></trkpt>
   <trkpt lon="16.245867" lat="47.869682"><ele>279.5</ele></trkpt>
   <trkpt lon="16.244775" lat="47.864372"><ele>280.5</ele></trkpt>
   <trkpt lon="16.244727" lat="47.864138"><ele>280.5</ele></trkpt>
   <trkpt lon="16.243862" lat="47.859923"><ele>282.75</ele></trkpt>
   <trkpt lon="16.243830" lat="47.859764"><ele>283.0</ele></trkpt>
   <trkpt lon="16.243241" lat="47.856864"><ele>280.5</ele></trkpt>
   <trkpt lon="16.243113" lat="47.856233"><ele>280.25</ele></trkpt>
   <trkpt lon="16.242845" lat="47.854930"><ele>280.5</ele></trkpt>
   <trkpt lon="16.242826" lat="47.854842"><ele>280.5</ele></trkpt>
   <trkpt lon="16.242261" lat="47.852030"><ele>280.0</ele></trkpt>
   <trkpt lon="16.241945" lat="47.850550"><ele>278.5</ele></trkpt>
   <trkpt lon="16.241801" lat="47.849790"><ele>278.25</ele></trkpt>
   <trkpt lon="16.241228" lat="47.847045"><ele>275.5</ele></trkpt>
   <trkpt lon="16.241182" lat="47.846820"><ele>275.75</ele></trkpt>
   <trkpt lon="16.241000" lat="47.845931"><ele>276.75</ele></trkpt>
   <trkpt lon="16.240226" lat="47.842061"><ele>275.0</ele></trkpt>
   <trkpt lon="16.239725" lat="47.839631"><ele>274.0</ele></trkpt>
   <trkpt lon="16.239583" lat="47.838908"><ele>273.25</ele></trkpt>
   <trkpt lon="16.238623" lat="47.834254"><ele>271.0</ele></trkpt>
   <trkpt lon="16.238589" lat="47.834083"><ele>270.75</ele></trkpt>
   <trkpt lon="16.238566" lat="47.833967"><ele>270.75</ele></trkpt>
   <trkpt lon="16.237732" lat="47.829857"><ele>268.75</ele></trkpt>
   <trkpt lon="16.237707" lat="47.829738"><ele>268.75</ele></trkpt>
   <trkpt lon="16.237586" lat="47.829124"><ele>268.75</ele></trkpt>
   <trkpt lon="16.237287" lat="47.827682"><ele>268.0</ele></trkpt>
   <trkpt lon="16.237246" lat="47.827485"><ele>268.25</ele></trkpt>
   <trkpt lon="16.236911" lat="47.825857"><ele>267.0</ele></trkpt>
   <trkpt lon="16.236373" lat="47.823319"><ele>263.25</ele></trkpt>
   <trkpt lon="16.236101" lat="47.821903"><ele>264.0</ele></trkpt>
   <trkpt lon="16.236083" lat="47.821811"><ele>262.75</ele></trkpt>
   <trkpt lon="16.236066" lat="47.821730"><ele>261.75</ele></trkpt>
   <trkpt lon="16.236059" lat="47.821696"><ele>261.5</ele></trkpt>
   <trkpt lon="16.235580" lat="47.819348"><ele>261.5</ele></trkpt>
   <trkpt lon="16.235535" lat="47.819128"><ele>261.25</ele></trkpt>
   <trkpt lon="16.235525" lat="47.819080"><ele>261.5</ele></trkpt>
   <trkpt lon="16.235519" lat="47.819052"><ele>261.5</ele></trkpt>
   <trkpt lon="16.235489" lat="47.818905"><ele>262.0</ele></trkpt>
   <trkpt lon="16.235193" lat="47.817509"><ele>263.0</ele></trkpt>
   <trkpt lon="16.235130" lat="47.817219"><ele>262.75</ele></trkpt>
   <trkpt lon="16.235034" lat="47.816756"><ele>262.0</ele></trkpt>
   <trkpt lon="16.235032" lat="47.816738"><ele>262.0</ele></trkpt>
   <trkpt lon="16.235029" lat="47.816723"><ele>262.0</ele></trkpt>
   <trkpt lon="16.235025" lat="47.816708"><ele>262.0</ele></trkpt>
   <trkpt lon="16.234771" lat="47.815499"><ele>262.25</ele></trkpt>
   <trkpt lon="16.234740" lat="47.815380"><ele>262.5</ele></trkpt>
   <trkpt lon="16.234581" lat="47.814933"><ele>263.0</ele></trkpt>
   <trkpt lon="16.234412" lat="47.814159"><ele>264.0</ele></trkpt>
   <trkpt lon="16.234323" lat="47.813806"><ele>264.5</ele></trkpt>
   <trkpt lon="16.234247" lat="47.813468"><ele>264.75</ele></trkpt>
   <trkpt lon="16.234169" lat="47.813229"><ele>265.0</ele></trkpt>
   <trkpt lon="16.234143" lat="47.813168"><ele>265.25</ele></trkpt>
   <trkpt lon="16.234131" lat="47.813135"><ele>265.25</ele></trkpt>
   <trkpt lon="16.233953" lat="47.812668"><ele>266.0</ele></trkpt>
   <trkpt lon="16.233904" lat="47.812527"><ele>266.25</ele></trkpt>
   <trkpt lon="16.233893" lat="47.812501"><ele>266.25</ele></trkpt>
   <trkpt lon="16.233763" lat="47.812197"><ele>266.0</ele></trkpt>
   <trkpt lon="16.233618" lat="47.811812"><ele>265.5</ele></trkpt>
   <trkpt lon="16.233392" lat="47.811092"><ele>265.75</ele></trkpt>
   <trkpt lon="16.233301" lat="47.810839"><ele>265.75</ele></trkpt>
   <trkpt lon="16.233284" lat="47.810780"><ele>266.0</ele></trkpt>
   <trkpt lon="16.233019" lat="47.809950"><ele>265.75</ele></trkpt>
   <trkpt lon="16.232812" lat="47.809303"><ele>265.5</ele></trkpt>
   <trkpt lon="16.232726" lat="47.808965"><ele>265.75</ele></trkpt>
   <trkpt lon="16.232695" lat="47.808788"><ele>265.75</ele></trkpt>
   <trkpt lon="16.232665" lat="47.808610"><ele>265.75</ele></trkpt>
   <trkpt lon="16.232627" lat="47.808448"><ele>265.75</ele></trkpt>
   <trkpt lon="16.232378" lat="47.807659"><ele>266.75</ele></trkpt>
   <trkpt lon="16.232360" lat="47.807598"><ele>266.75</ele></trkpt>
   <trkpt lon="16.232321" lat="47.807485"><ele>267.0</ele></trkpt>
   <trkpt lon="16.232149" lat="47.806930"><ele>267.5</ele></trkpt>
   <trkpt lon="16.232033" lat="47.806699"><ele>267.75</ele></trkpt>
   <trkpt lon="16.231905" lat="47.806491"><ele>268.0</ele></trkpt>
   <trkpt lon="16.231743" lat="47.806227"><ele>268.0</ele></trkpt>
   <trkpt lon="16.231562" lat="47.805946"><ele>268.0</ele></trkpt>
   <trkpt lon="16.231435" lat="47.805773"><ele>268.25</ele></trkpt>
   <trkpt lon="16.231234" lat="47.805523"><ele>268.75</ele></trkpt>
   <trkpt lon="16.230869" lat="47.805124"><ele>269.0</ele></trkpt>
   <trkpt lon="16.230585" lat="47.804849"><ele>268.5</ele></trkpt>
   <trkpt lon="16.230291" lat="47.804594"><ele>267.75</ele></trkpt>
   <trkpt lon="16.230095" lat="47.804437"><ele>267.25</ele></trkpt>
   <trkpt lon="16.229595" lat="47.804058"><ele>267.5</ele></trkpt>
   <trkpt lon="16.229577" lat="47.804045"><ele>267.5</ele></trkpt>
   <trkpt lon="16.229341" lat="47.803869"><ele>268.0</ele></trkpt>
   <trkpt lon="16.229187" lat="47.803755"><ele>268.25</ele></trkpt>
   <trkpt lon="16.229178" lat="47.803748"><ele>268.25</ele></trkpt>
   <trkpt lon="16.229167" lat="47.803739"><ele>268.5</ele></trkpt>
   <trkpt lon="16.228576" lat="47.803300"><ele>269.75</ele></trkpt>
   <trkpt lon="16.228428" lat="47.803190"><ele>270.0</ele></trkpt>
   <trkpt lon="16.228372" lat="47.803148"><ele>270.0</ele></trkpt>
   <trkpt lon="16.227879" lat="47.802782"><ele>270.5</ele></trkpt>
   <trkpt lon="16.227868" lat="47.802774"><ele>270.5</ele></trkpt>
   <trkpt lon="16.227099" lat="47.802207"><ele>271.0</ele></trkpt>
   <trkpt lon="16.227086" lat="47.802198"><ele>271.0</ele></trkpt>
   <trkpt lon="16.226612" lat="47.801855"><ele>270.75</ele></trkpt>
   <trkpt lon="16.225702" lat="47.801213"><ele>271.0</ele></trkpt>
   <trkpt lon="16.224990" lat="47.800752"><ele>272.0</ele></trkpt>
   <trkpt lon="16.224621" lat="47.800525"><ele>271.25</ele></trkpt>
   <trkpt lon="16.223837" lat="47.800077"><ele>271.25</ele></trkpt>
   <trkpt lon="16.222321" lat="47.799268"><ele>273.5</ele></trkpt>
   <trkpt lon="16.222060" lat="47.799132"><ele>273.5</ele></trkpt>
   <trkpt lon="16.221887" lat="47.799041"><ele>273.5</ele></trkpt>
   <trkpt lon="16.221708" lat="47.798946"><ele>273.75</ele></trkpt>
   <trkpt lon="16.221700" lat="47.798942"><ele>273.75</ele></trkpt>
   <trkpt lon="16.219212" lat="47.797633"><ele>274.0</ele></trkpt>
   <trkpt lon="16.212862" lat="47.794288"><ele>277.5</ele></trkpt>
   <trkpt lon="16.211814" lat="47.793732"><ele>278.0</ele></trkpt>
   <trkpt lon="16.208663" lat="47.792081"><ele>281.5</ele></trkpt>
   <trkpt lon="16.208476" lat="47.791984"><ele>282.0</ele></trkpt>
   <trkpt lon="16.208448" lat="47.791972"><ele>282.0</ele></trkpt>
   <trkpt lon="16.204013" lat="47.789634"><ele>286.25</ele></trkpt>
   <trkpt lon="16.203673" lat="47.789457"><ele>285.0</ele></trkpt>
   <trkpt lon="16.201617" lat="47.788368"><ele>284.25</ele></trkpt>
   <trkpt lon="16.197002" lat="47.786071"><ele>289.0</ele></trkpt>
   <trkpt lon="16.189183" lat="47.782181"><ele>298.0</ele></trkpt>
   <trkpt lon="16.188783" lat="47.781980"><ele>297.5</ele></trkpt>
   <trkpt lon="16.188204" lat="47.781694"><ele>296.5</ele></trkpt>
   <trkpt lon="16.185909" lat="47.780547"><ele>302.25</ele></trkpt>
   <trkpt lon="16.184852" lat="47.780024"><ele>302.0</ele></trkpt>
   <trkpt lon="16.174687" lat="47.774960"><ele>310.5</ele></trkpt>
   <trkpt lon="16.174211" lat="47.774723"><ele>311.5</ele></trkpt>
   <trkpt lon="16.162415" lat="47.768849"><ele>320.0</ele></trkpt>
   <trkpt lon="16.161811" lat="47.768548"><ele>320.0</ele></trkpt>
   <trkpt lon="16.160522" lat="47.767906"><ele>321.75</ele></trkpt>
   <trkpt lon="16.158503" lat="47.766901"><ele>322.0</ele></trkpt>
   <trkpt lon="16.157372" lat="47.766338"><ele>319.5</ele></trkpt>
   <trkpt lon="16.155030" lat="47.765171"><ele>320.75</ele></trkpt>
   <trkpt lon="16.154462" lat="47.764888"><ele>321.0</ele></trkpt>
   <trkpt lon="16.152985" lat="47.764152"><ele>326.25</ele></trkpt>
   <trkpt lon="16.149214" lat="47.762273"><ele>331.25</ele></trkpt>
   <trkpt lon="16.146751" lat="47.761046"><ele>328.0</ele></trkpt>
   <trkpt lon="16.146003" lat="47.760674"><ele>328.0</ele></trkpt>
   <trkpt lon="16.145784" lat="47.760565"><ele>328.25</ele></trkpt>
   <trkpt lon="16.141806" lat="47.758580"><ele>335.0</ele></trkpt>
   <trkpt lon="16.136752" lat="47.756063"><ele>339.75</ele></trkpt>
   <trkpt lon="16.136336" lat="47.755855"><ele>340.0</ele></trkpt>
   <trkpt lon="16.135157" lat="47.755268"><ele>341.0</ele></trkpt>
   <trkpt lon="16.126192" lat="47.750791"><ele>348.5</ele></trkpt>
   <trkpt lon="16.121098" lat="47.748248"><ele>353.5</ele></trkpt>
   <trkpt lon="16.116475" lat="47.745939"><ele>354.25</ele></trkpt>
   <trkpt lon="16.113781" lat="47.744598"><ele>356.25</ele></trkpt>
   <trkpt lon="16.110063" lat="47.742742"><ele>359.5</ele></trkpt>
   <trkpt lon="16.110009" lat="47.742715"><ele>359.5</ele></trkpt>
   <trkpt lon="16.108868" lat="47.742146"><ele>358.25</ele></trkpt>
   <trkpt lon="16.108821" lat="47.742122"><ele>358.5</ele></trkpt>
   <trkpt lon="16.106925" lat="47.741176"><ele>355.25</ele></trkpt>
   <trkpt lon="16.106118" lat="47.740774"><ele>355.5</ele></trkpt>
   <trkpt lon="16.101403" lat="47.738420"><ele>359.5</ele></trkpt>
   <trkpt lon="16.099916" lat="47.737679"><ele>360.5</ele></trkpt>
   <trkpt lon="16.098921" lat="47.737185"><ele>362.25</ele></trkpt>
   <trkpt lon="16.097620" lat="47.736535"><ele>360.0</ele></trkpt>
   <trkpt lon="16.097521" lat="47.736485"><ele>359.5</ele></trkpt>
   <trkpt lon="16.095520" lat="47.735485"><ele>360.5</ele></trkpt>
   <trkpt lon="16.094957" lat="47.735215"><ele>361.25</ele></trkpt>
   <trkpt lon="16.094606" lat="47.735061"><ele>361.5</ele></trkpt>
   <trkpt lon="16.093628" lat="47.734609"><ele>361.5</ele></trkpt>
   <trkpt lon="16.092425" lat="47.734058"><ele>362.0</ele></trkpt>
   <trkpt lon="16.091608" lat="47.733717"><ele>362.0</ele></trkpt>
   <trkpt lon="16.090769" lat="47.733387"><ele>362.0</ele></trkpt>
   <trkpt lon="16.089633" lat="47.732975"><ele>363.75</ele></trkpt>
   <trkpt lon="16.088850" lat="47.732715"><ele>365.0</ele></trkpt>
   <trkpt lon="16.088406" lat="47.732582"><ele>365.5</ele></trkpt>
   <trkpt lon="16.087752" lat="47.732402"><ele>365.0</ele></trkpt>
   <trkpt lon="16.085022" lat="47.731717"><ele>365.75</ele></trkpt>
   <trkpt lon="16.083878" lat="47.731425"><ele>366.75</ele></trkpt>
   <trkpt lon="16.083698" lat="47.731379"><ele>367.0</ele></trkpt>
   <trkpt lon="16.083499" lat="47.731328"><ele>367.0</ele></trkpt>
   <trkpt lon="16.082479" lat="47.731071"><ele>365.25</ele></trkpt>
   <trkpt lon="16.081963" lat="47.730963"><ele>365.5</ele></trkpt>
   <trkpt lon="16.081590" lat="47.730892"><ele>366.0</ele></trkpt>
   <trkpt lon="16.080471" lat="47.730707"><ele>367.0</ele></trkpt>
   <trkpt lon="16.080251" lat="47.730675"><ele>367.0</ele></trkpt>
   <trkpt lon="16.079930" lat="47.730621"><ele>367.25</ele></trkpt>
   <trkpt lon="16.079436" lat="47.730524"><ele>367.5</ele></trkpt>
   <trkpt lon="16.078999" lat="47.730457"><ele>367.5</ele></trkpt>
   <trkpt lon="16.078945" lat="47.730449"><ele>367.5</ele></trkpt>
   <trkpt lon="16.078219" lat="47.730363"><ele>367.5</ele></trkpt>
   <trkpt lon="16.077883" lat="47.730325"><ele>367.0</ele></trkpt>
   <trkpt lon="16.076789" lat="47.730215"><ele>367.5</ele></trkpt>
   <trkpt lon="16.075514" lat="47.730109"><ele>368.75</ele></trkpt>
   <trkpt lon="16.073962" lat="47.730015"><ele>367.75</ele></trkpt>
   <trkpt lon="16.070218" lat="47.729809"><ele>369.25</ele></trkpt>
   <trkpt lon="16.069419" lat="47.729764"><ele>370.5</ele></trkpt>
   <trkpt lon="16.068182" lat="47.729672"><ele>370.5</ele></trkpt>
   <trkpt lon="16.067189" lat="47.729574"><ele>372.25</ele></trkpt>
   <trkpt lon="16.066233" lat="47.729464"><ele>373.0</ele></trkpt>
   <trkpt lon="16.065134" lat="47.729311"><ele>371.75</ele></trkpt>
   <trkpt lon="16.064592" lat="47.729227"><ele>371.75</ele></trkpt>
   <trkpt lon="16.063093" lat="47.728969"><ele>372.75</ele></trkpt>
   <trkpt lon="16.062331" lat="47.728818"><ele>373.5</ele></trkpt>
   <trkpt lon="16.061554" lat="47.728651"><ele>374.0</ele></trkpt>
   <trkpt lon="16.060634" lat="47.728440"><ele>374.75</ele></trkpt>
   <trkpt lon="16.059578" lat="47.728174"><ele>375.0</ele></trkpt>
   <trkpt lon="16.059262" lat="47.728090"><ele>375.0</ele></trkpt>
   <trkpt lon="16.058071" lat="47.727753"><ele>373.25</ele></trkpt>
   <trkpt lon="16.056681" lat="47.727310"><ele>373.75</ele></trkpt>
   <trkpt lon="16.056144" lat="47.727130"><ele>374.25</ele></trkpt>
   <trkpt lon="16.055426" lat="47.726876"><ele>375.5</ele></trkpt>
   <trkpt lon="16.055166" lat="47.726776"><ele>376.25</ele></trkpt>
   <trkpt lon="16.054641" lat="47.726580"><ele>376.75</ele></trkpt>
   <trkpt lon="16.054121" lat="47.726376"><ele>376.5</ele></trkpt>
   <trkpt lon="16.053804" lat="47.726248"><ele>376.0</ele></trkpt>
   <trkpt lon="16.052909" lat="47.725868"><ele>376.75</ele></trkpt>
   <trkpt lon="16.052223" lat="47.725561"><ele>376.75</ele></trkpt>
   <trkpt lon="16.051571" lat="47.725255"><ele>375.25</ele></trkpt>
   <trkpt lon="16.051026" lat="47.724986"><ele>375.0</ele></trkpt>
   <trkpt lon="16.050941" lat="47.724943"><ele>375.0</ele></trkpt>
   <trkpt lon="16.050333" lat="47.724627"><ele>376.75</ele></trkpt>
   <trkpt lon="16.049741" lat="47.724302"><ele>378.75</ele></trkpt>
   <trkpt lon="16.049211" lat="47.723999"><ele>379.5</ele></trkpt>
   <trkpt lon="16.048696" lat="47.723689"><ele>379.0</ele></trkpt>
   <trkpt lon="16.048052" lat="47.723284"><ele>379.5</ele></trkpt>
   <trkpt lon="16.045657" lat="47.721723"><ele>382.75</ele></trkpt>
   <trkpt lon="16.040720" lat="47.718504"><ele>390.0</ele></trkpt>
   <trkpt lon="16.040320" lat="47.718243"><ele>391.25</ele></trkpt>
   <trkpt lon="16.038186" lat="47.716850"><ele>393.5</ele></trkpt>
   <trkpt lon="16.038100" lat="47.716794"><ele>393.5</ele></trkpt>
   <trkpt lon="16.036968" lat="47.716055"><ele>394.75</ele></trkpt>
   <trkpt lon="16.036926" lat="47.716027"><ele>394.75</ele></trkpt>
   <trkpt lon="16.036636" lat="47.715850"><ele>394.0</ele></trkpt>
   <trkpt lon="16.036157" lat="47.715579"><ele>394.5</ele></trkpt>
   <trkpt lon="16.035987" lat="47.715469"><ele>394.5</ele></trkpt>
   <trkpt lon="16.035967" lat="47.715457"><ele>394.5</ele></trkpt>
   <trkpt lon="16.035459" lat="47.715125"><ele>394.5</ele></trkpt>
   <trkpt lon="16.035002" lat="47.714840"><ele>395.75</ele></trkpt>
   <trkpt lon="16.034852" lat="47.714751"><ele>395.75</ele></trkpt>
   <trkpt lon="16.033967" lat="47.714253"><ele>392.25</ele></trkpt>
   <trkpt lon="16.033696" lat="47.714095"><ele>392.25</ele></trkpt>
   <trkpt lon="16.033180" lat="47.713772"><ele>392.25</ele></trkpt>
   <trkpt lon="16.032729" lat="47.713477"><ele>392.0</ele></trkpt>
   <trkpt lon="16.032243" lat="47.713157"><ele>392.5</ele></trkpt>
   <trkpt lon="16.030942" lat="47.712263"><ele>393.0</ele></trkpt>
   <trkpt lon="16.030344" lat="47.711862"><ele>392.0</ele></trkpt>
   <trkpt lon="16.026382" lat="47.709273"><ele>392.0</ele></trkpt>
   <trkpt lon="16.026070" lat="47.709058"><ele>392.0</ele></trkpt>
   <trkpt lon="16.025312" lat="47.708511"><ele>393.5</ele></trkpt>
   <trkpt lon="16.024930" lat="47.708254"><ele>393.75</ele></trkpt>
   <trkpt lon="16.024674" lat="47.708085"><ele>394.0</ele></trkpt>
   <trkpt lon="16.021618" lat="47.706089"><ele>391.5</ele></trkpt>
   <trkpt lon="16.021579" lat="47.706063"><ele>391.5</ele></trkpt>
   <trkpt lon="16.020867" lat="47.705596"><ele>395.25</ele></trkpt>
   <trkpt lon="16.020389" lat="47.705282"><ele>396.75</ele></trkpt>
   <trkpt lon="16.019988" lat="47.705020"><ele>397.0</ele></trkpt>
   <trkpt lon="16.018786" lat="47.704234"><ele>395.5</ele></trkpt>
   <trkpt lon="16.018088" lat="47.703778"><ele>395.5</ele></trkpt>
   <trkpt lon="16.017644" lat="47.703487"><ele>397.0</ele></trkpt>
   <trkpt lon="16.016977" lat="47.703051"><ele>397.25</ele></trkpt>
   <trkpt lon="16.015349" lat="47.701986"><ele>398.0</ele></trkpt>
   <trkpt lon="16.015295" lat="47.701954"><ele>398.0</ele></trkpt>
   <trkpt lon="16.015116" lat="47.701839"><ele>398.0</ele></trkpt>
   <trkpt lon="16.013736" lat="47.700936"><ele>397.25</ele></trkpt>
   <trkpt lon="16.013727" lat="47.700930"><ele>397.25</ele></trkpt>
   <trkpt lon="16.013451" lat="47.700750"><ele>397.0</ele></trkpt>
   <trkpt lon="16.013146" lat="47.700552"><ele>398.25</ele></trkpt>
   <trkpt lon="16.012307" lat="47.700016"><ele>400.25</ele></trkpt>
   <trkpt lon="16.011765" lat="47.699709"><ele>400.0</ele></trkpt>
   <trkpt lon="16.011228" lat="47.699420"><ele>398.75</ele></trkpt>
   <trkpt lon="16.010889" lat="47.699250"><ele>398.25</ele></trkpt>
   <trkpt lon="16.010305" lat="47.698977"><ele>398.0</ele></trkpt>
   <trkpt lon="16.010088" lat="47.698878"><ele>398.25</ele></trkpt>
   <trkpt lon="16.009026" lat="47.698395"><ele>401.25</ele></trkpt>
   <trkpt lon="16.008354" lat="47.698083"><ele>403.5</ele></trkpt>
   <trkpt lon="16.007964" lat="47.697909"><ele>403.0</ele></trkpt>
   <trkpt lon="16.007653" lat="47.697770"><ele>402.25</ele></trkpt>
   <trkpt lon="16.007590" lat="47.697742"><ele>402.25</ele></trkpt>
   <trkpt lon="16.005805" lat="47.696950"><ele>402.0</ele></trkpt>
   <trkpt lon="16.005230" lat="47.696690"><ele>403.25</ele></trkpt>
   <trkpt lon="16.003004" lat="47.695660"><ele>406.5</ele></trkpt>
   <trkpt lon="16.002142" lat="47.695250"><ele>407.0</ele></trkpt>
   <trkpt lon="16.001577" lat="47.694989"><ele>406.75</ele></trkpt>
   <trkpt lon="15.999901" lat="47.694220"><ele>408.25</ele></trkpt>
   <trkpt lon="15.999830" lat="47.694189"><ele>408.0</ele></trkpt>
   <trkpt lon="15.993598" lat="47.691340"><ele>409.75</ele></trkpt>
   <trkpt lon="15.988967" lat="47.689225"><ele>409.75</ele></trkpt>
   <trkpt lon="15.988769" lat="47.689134"><ele>410.25</ele></trkpt>
   <trkpt lon="15.986716" lat="47.688195"><ele>411.25</ele></trkpt>
   <trkpt lon="15.986478" lat="47.688086"><ele>412.0</ele></trkpt>
   <trkpt lon="15.986051" lat="47.687888"><ele>412.75</ele></trkpt>
   <trkpt lon="15.984793" lat="47.687312"><ele>414.75</ele></trkpt>
   <trkpt lon="15.983291" lat="47.686629"><ele>413.75</ele></trkpt>
   <trkpt lon="15.983136" lat="47.686556"><ele>413.75</ele></trkpt>
   <trkpt lon="15.977099" lat="47.683790"><ele>416.25</ele></trkpt>
   <trkpt lon="15.973988" lat="47.682367"><ele>419.25</ele></trkpt>
   <trkpt lon="15.973033" lat="47.681929"><ele>419.5</ele></trkpt>
   <trkpt lon="15.968923" lat="47.680048"><ele>425.5</ele></trkpt>
   <trkpt lon="15.968391" lat="47.679814"><ele>424.5</ele></trkpt>
   <trkpt lon="15.967798" lat="47.679568"><ele>424.75</ele></trkpt>
   <trkpt lon="15.967284" lat="47.679371"><ele>424.5</ele></trkpt>
   <trkpt lon="15.967202" lat="47.679339"><ele>424.5</ele></trkpt>
   <trkpt lon="15.966824" lat="47.679206"><ele>424.0</ele></trkpt>
   <trkpt lon="15.966428" lat="47.679075"><ele>424.0</ele></trkpt>
   <trkpt lon="15.966040" lat="47.678956"><ele>424.5</ele></trkpt>
   <trkpt lon="15.965414" lat="47.678772"><ele>425.25</ele></trkpt>
   <trkpt lon="15.964841" lat="47.678622"><ele>426.0</ele></trkpt>
   <trkpt lon="15.964609" lat="47.678565"><ele>427.0</ele></trkpt>
   <trkpt lon="15.964424" lat="47.678522"><ele>427.5</ele></trkpt>
   <trkpt lon="15.964191" lat="47.678467"><ele>428.0</ele></trkpt>
   <trkpt lon="15.963465" lat="47.678313"><ele>429.5</ele></trkpt>
   <trkpt lon="15.963059" lat="47.678237"><ele>429.75</ele></trkpt>
   <trkpt lon="15.962283" lat="47.678107"><ele>430.25</ele></trkpt>
   <trkpt lon="15.961751" lat="47.678030"><ele>430.25</ele></trkpt>
   <trkpt lon="15.961291" lat="47.677972"><ele>430.75</ele></trkpt>
   <trkpt lon="15.960531" lat="47.677892"><ele>431.5</ele></trkpt>
   <trkpt lon="15.959755" lat="47.677838"><ele>431.75</ele></trkpt>
   <trkpt lon="15.959470" lat="47.677825"><ele>432.0</ele></trkpt>
   <trkpt lon="15.958718" lat="47.677800"><ele>431.75</ele></trkpt>
   <trkpt lon="15.957619" lat="47.677790"><ele>431.25</ele></trkpt>
   <trkpt lon="15.956642" lat="47.677785"><ele>431.0</ele></trkpt>
   <trkpt lon="15.956556" lat="47.677784"><ele>431.5</ele></trkpt>
   <trkpt lon="15.952468" lat="47.677764"><ele>432.25</ele></trkpt>
   <trkpt lon="15.952418" lat="47.677764"><ele>432.25</ele></trkpt>
   <trkpt lon="15.951435" lat="47.677759"><ele>432.25</ele></trkpt>
   <trkpt lon="15.951368" lat="47.677758"><ele>432.25</ele></trkpt>
   <trkpt lon="15.950827" lat="47.677761"><ele>432.25</ele></trkpt>
   <trkpt lon="15.950177" lat="47.677776"><ele>432.5</ele></trkpt>
   <trkpt lon="15.949865" lat="47.677782"><ele>432.75</ele></trkpt>
   <trkpt lon="15.949549" lat="47.677785"><ele>433.5</ele></trkpt>
   <trkpt lon="15.948275" lat="47.677769"><ele>435.5</ele></trkpt>
   <trkpt lon="15.947149" lat="47.677750"><ele>435.5</ele></trkpt>
   <trkpt lon="15.946034" lat="47.677721"><ele>435.5</ele></trkpt>
   <trkpt lon="15.943157" lat="47.677634"><ele>435.25</ele></trkpt>
   <trkpt lon="15.943147" lat="47.677634"><ele>435.25</ele></trkpt>
   <trkpt lon="15.940631" lat="47.677570"><ele>440.5</ele></trkpt>
   <trkpt lon="15.938826" lat="47.677541"><ele>444.75</ele></trkpt>
   <trkpt lon="15.936678" lat="47.677526"><ele>445.0</ele></trkpt>
   <trkpt lon="15.936593" lat="47.677526"><ele>444.75</ele></trkpt>
   <trkpt lon="15.936270" lat="47.677524"><ele>443.0</ele></trkpt>
   <trkpt lon="15.934738" lat="47.677519"><ele>443.75</ele></trkpt>
   <trkpt lon="15.932077" lat="47.677516"><ele>445.25</ele></trkpt>
   <trkpt lon="15.932060" lat="47.677516"><ele>445.25</ele></trkpt>
   <trkpt lon="15.931530" lat="47.677518"><ele>445.5</ele></trkpt>
   <trkpt lon="15.930759" lat="47.677514"><ele>445.25</ele></trkpt>
   <trkpt lon="15.930291" lat="47.677528"><ele>445.0</ele></trkpt>
   <trkpt lon="15.930080" lat="47.677540"><ele>445.25</ele></trkpt>
   <trkpt lon="15.929783" lat="47.677568"><ele>445.25</ele></trkpt>
   <trkpt lon="15.929648" lat="47.677583"><ele>445.25</ele></trkpt>
   <trkpt lon="15.929336" lat="47.677630"><ele>445.75</ele></trkpt>
   <trkpt lon="15.929009" lat="47.677693"><ele>446.5</ele></trkpt>
   <trkpt lon="15.928832" lat="47.677733"><ele>447.25</ele></trkpt>
   <trkpt lon="15.928483" lat="47.677826"><ele>448.25</ele></trkpt>
   <trkpt lon="15.928273" lat="47.677892"><ele>448.5</ele></trkpt>
   <trkpt lon="15.928014" lat="47.677980"><ele>448.0</ele></trkpt>
   <trkpt lon="15.927843" lat="47.678047"><ele>447.25</ele></trkpt>
   <trkpt lon="15.927568" lat="47.678160"><ele>446.0</ele></trkpt>
   <trkpt lon="15.927452" lat="47.678214"><ele>445.75</ele></trkpt>
   <trkpt lon="15.927077" lat="47.678411"><ele>447.25</ele></trkpt>
   <trkpt lon="15.926915" lat="47.678511"><ele>448.0</ele></trkpt>
   <trkpt lon="15.926700" lat="47.678652"><ele>448.0</ele></trkpt>
   <trkpt lon="15.926545" lat="47.678764"><ele>448.0</ele></trkpt>
   <trkpt lon="15.926482" lat="47.678812"><ele>448.0</ele></trkpt>
   <trkpt lon="15.926315" lat="47.678950"><ele>447.75</ele></trkpt>
   <trkpt lon="15.926190" lat="47.679060"><ele>447.5</ele></trkpt>
   <trkpt lon="15.926016" lat="47.679232"><ele>447.75</ele></trkpt>
   <trkpt lon="15.925797" lat="47.679476"><ele>451.0</ele></trkpt>
   <trkpt lon="15.925606" lat="47.679732"><ele>454.0</ele></trkpt>
   <trkpt lon="15.925526" lat="47.679850"><ele>454.75</ele></trkpt>
   <trkpt lon="15.925440" lat="47.679999"><ele>455.0</ele></trkpt>
   <trkpt lon="15.925273" lat="47.680328"><ele>456.5</ele></trkpt>
   <trkpt lon="15.924807" lat="47.681307"><ele>461.5</ele></trkpt>
   <trkpt lon="15.924779" lat="47.681373"><ele>462.0</ele></trkpt>
   <trkpt lon="15.924711" lat="47.681513"><ele>462.75</ele></trkpt>
   <trkpt lon="15.924550" lat="47.681791"><ele>462.25</ele></trkpt>
   <trkpt lon="15.924436" lat="47.681945"><ele>461.0</ele></trkpt>
   <trkpt lon="15.924298" lat="47.682112"><ele>458.25</ele></trkpt>
   <trkpt lon="15.924053" lat="47.682334"><ele>454.5</ele></trkpt>
   <trkpt lon="15.923922" lat="47.682433"><ele>453.75</ele></trkpt>
   <trkpt lon="15.923713" lat="47.682577"><ele>453.0</ele></trkpt>
   <trkpt lon="15.923634" lat="47.682624"><ele>452.75</ele></trkpt>
   <trkpt lon="15.923487" lat="47.682704"><ele>452.5</ele></trkpt>
   <trkpt lon="15.923286" lat="47.682807"><ele>452.5</ele></trkpt>
   <trkpt lon="15.923112" lat="47.682879"><ele>453.25</ele></trkpt>
   <trkpt lon="15.922871" lat="47.682964"><ele>453.25</ele></trkpt>
   <trkpt lon="15.922622" lat="47.683035"><ele>452.75</ele></trkpt>
   <trkpt lon="15.922378" lat="47.683094"><ele>452.25</ele></trkpt>
   <trkpt lon="15.922114" lat="47.683142"><ele>452.5</ele></trkpt>
   <trkpt lon="15.921810" lat="47.683175"><ele>452.25</ele></trkpt>
   <trkpt lon="15.921514" lat="47.683194"><ele>452.25</ele></trkpt>
   <trkpt lon="15.921075" lat="47.683194"><ele>452.25</ele></trkpt>
   <trkpt lon="15.920905" lat="47.683183"><ele>452.25</ele></trkpt>
   <trkpt lon="15.920827" lat="47.683178"><ele>452.25</ele></trkpt>
   <trkpt lon="15.920427" lat="47.683125"><ele>452.5</ele></trkpt>
   <trkpt lon="15.920295" lat="47.683099"><ele>452.75</ele></trkpt>
   <trkpt lon="15.920194" lat="47.683079"><ele>452.75</ele></trkpt>
   <trkpt lon="15.920147" lat="47.683069"><ele>452.75</ele></trkpt>
   <trkpt lon="15.919686" lat="47.682936"><ele>452.25</ele></trkpt>
   <trkpt lon="15.919521" lat="47.682885"><ele>451.75</ele></trkpt>
   <trkpt lon="15.918718" lat="47.682606"><ele>449.75</ele></trkpt>
   <trkpt lon="15.918438" lat="47.682517"><ele>449.0</ele></trkpt>
   <trkpt lon="15.918134" lat="47.682439"><ele>449.75</ele></trkpt>
   <trkpt lon="15.917744" lat="47.682359"><ele>451.0</ele></trkpt>
   <trkpt lon="15.917573" lat="47.682333"><ele>451.25</ele></trkpt>
   <trkpt lon="15.917137" lat="47.682284"><ele>453.25</ele></trkpt>
   <trkpt lon="15.916838" lat="47.682271"><ele>454.75</ele></trkpt>
   <trkpt lon="15.916527" lat="47.682271"><ele>455.5</ele></trkpt>
   <trkpt lon="15.916382" lat="47.682277"><ele>455.5</ele></trkpt>
   <trkpt lon="15.916094" lat="47.682294"><ele>455.5</ele></trkpt>
   <trkpt lon="15.915796" lat="47.682323"><ele>455.75</ele></trkpt>
   <trkpt lon="15.915482" lat="47.682370"><ele>455.5</ele></trkpt>
   <trkpt lon="15.913754" lat="47.682622"><ele>461.0</ele></trkpt>
   <trkpt lon="15.913557" lat="47.682650"><ele>461.75</ele></trkpt>
   <trkpt lon="15.913091" lat="47.682715"><ele>462.0</ele></trkpt>
   <trkpt lon="15.913033" lat="47.682724"><ele>462.0</ele></trkpt>
   <trkpt lon="15.912601" lat="47.682786"><ele>461.25</ele></trkpt>
   <trkpt lon="15.912381" lat="47.682816"><ele>460.5</ele></trkpt>
   <trkpt lon="15.911963" lat="47.682874"><ele>458.75</ele></trkpt>
   <trkpt lon="15.910047" lat="47.683152"><ele>458.0</ele></trkpt>
   <trkpt lon="15.909391" lat="47.683231"><ele>465.0</ele></trkpt>
   <trkpt lon="15.909162" lat="47.683247"><ele>467.75</ele></trkpt>
   <trkpt lon="15.908559" lat="47.683271"><ele>469.0</ele></trkpt>
   <trkpt lon="15.907577" lat="47.683261"><ele>468.25</ele></trkpt>
   <trkpt lon="15.907377" lat="47.683264"><ele>467.75</ele></trkpt>
   <trkpt lon="15.907052" lat="47.683281"><ele>466.5</ele></trkpt>
   <trkpt lon="15.906866" lat="47.683297"><ele>466.0</ele></trkpt>
   <trkpt lon="15.906718" lat="47.683314"><ele>465.75</ele></trkpt>
   <trkpt lon="15.906352" lat="47.683369"><ele>466.0</ele></trkpt>
   <trkpt lon="15.906272" lat="47.683384"><ele>466.5</ele></trkpt>
   <trkpt lon="15.903748" lat="47.683869"><ele>475.75</ele></trkpt>
   <trkpt lon="15.903664" lat="47.683885"><ele>476.0</ele></trkpt>
   <trkpt lon="15.903605" lat="47.683897"><ele>476.0</ele></trkpt>
   <trkpt lon="15.902983" lat="47.684020"><ele>476.25</ele></trkpt>
   <trkpt lon="15.902494" lat="47.684131"><ele>475.75</ele></trkpt>
   <trkpt lon="15.902332" lat="47.684169"><ele>475.0</ele></trkpt>
   <trkpt lon="15.901873" lat="47.684300"><ele>476.5</ele></trkpt>
   <trkpt lon="15.901616" lat="47.684380"><ele>477.25</ele></trkpt>
   <trkpt lon="15.901027" lat="47.684592"><ele>478.75</ele></trkpt>
   <trkpt lon="15.900558" lat="47.684771"><ele>479.75</ele></trkpt>
   <trkpt lon="15.900244" lat="47.684878"><ele>479.75</ele></trkpt>
   <trkpt lon="15.900007" lat="47.684952"><ele>479.25</ele></trkpt>
   <trkpt lon="15.899615" lat="47.685048"><ele>479.0</ele></trkpt>
   <trkpt lon="15.899563" lat="47.685059"><ele>479.0</ele></trkpt>
   <trkpt lon="15.899258" lat="47.685109"><ele>478.5</ele></trkpt>
   <trkpt lon="15.898806" lat="47.685153"><ele>477.25</ele></trkpt>
   <trkpt lon="15.898718" lat="47.685158"><ele>477.0</ele></trkpt>
   <trkpt lon="15.897841" lat="47.685206"><ele>474.5</ele></trkpt>
   <trkpt lon="15.897341" lat="47.685248"><ele>474.25</ele></trkpt>
   <trkpt lon="15.897288" lat="47.685253"><ele>474.0</ele></trkpt>
   <trkpt lon="15.897073" lat="47.685282"><ele>473.75</ele></trkpt>
   <trkpt lon="15.896826" lat="47.685327"><ele>474.0</ele></trkpt>
   <trkpt lon="15.896632" lat="47.685374"><ele>474.5</ele></trkpt>
   <trkpt lon="15.896394" lat="47.685439"><ele>474.75</ele></trkpt>
   <trkpt lon="15.896166" lat="47.685519"><ele>475.25</ele></trkpt>
   <trkpt lon="15.895968" lat="47.685598"><ele>475.5</ele></trkpt>
   <trkpt lon="15.895620" lat="47.685753"><ele>474.75</ele></trkpt>
   <trkpt lon="15.895188" lat="47.685961"><ele>476.25</ele></trkpt>
   <trkpt lon="15.895144" lat="47.685983"><ele>476.75</ele></trkpt>
   <trkpt lon="15.894854" lat="47.686124"><ele>480.5</ele></trkpt>
   <trkpt lon="15.894706" lat="47.686195"><ele>481.5</ele></trkpt>
   <trkpt lon="15.894245" lat="47.686414"><ele>480.5</ele></trkpt>
   <trkpt lon="15.894078" lat="47.686485"><ele>479.0</ele></trkpt>
   <trkpt lon="15.893893" lat="47.686563"><ele>477.5</ele></trkpt>
   <trkpt lon="15.893270" lat="47.686805"><ele>476.5</ele></trkpt>
   <trkpt lon="15.892308" lat="47.687177"><ele>484.5</ele></trkpt>
   <trkpt lon="15.891921" lat="47.687310"><ele>484.5</ele></trkpt>
   <trkpt lon="15.891599" lat="47.687400"><ele>482.5</ele></trkpt>
   <trkpt lon="15.891419" lat="47.687441"><ele>481.75</ele></trkpt>
   <trkpt lon="15.891055" lat="47.687506"><ele>479.0</ele></trkpt>
   <trkpt lon="15.890907" lat="47.687528"><ele>477.75</ele></trkpt>
   <trkpt lon="15.890722" lat="47.687553"><ele>477.75</ele></trkpt>
   <trkpt lon="15.889204" lat="47.687706"><ele>486.75</ele></trkpt>
   <trkpt lon="15.888934" lat="47.687740"><ele>486.25</ele></trkpt>
   <trkpt lon="15.888682" lat="47.687777"><ele>485.75</ele></trkpt>
   <trkpt lon="15.888437" lat="47.687823"><ele>486.0</ele></trkpt>
   <trkpt lon="15.887955" lat="47.687939"><ele>487.0</ele></trkpt>
   <trkpt lon="15.887602" lat="47.688050"><ele>487.25</ele></trkpt>
   <trkpt lon="15.887253" lat="47.688184"><ele>484.75</ele></trkpt>
   <trkpt lon="15.887068" lat="47.688265"><ele>482.25</ele></trkpt>
   <trkpt lon="15.886894" lat="47.688349"><ele>479.5</ele></trkpt>
   <trkpt lon="15.886576" lat="47.688522"><ele>480.75</ele></trkpt>
   <trkpt lon="15.886269" lat="47.688724"><ele>484.5</ele></trkpt>
   <trkpt lon="15.886116" lat="47.688836"><ele>485.25</ele></trkpt>
   <trkpt lon="15.885949" lat="47.688976"><ele>485.25</ele></trkpt>
   <trkpt lon="15.885787" lat="47.689122"><ele>484.5</ele></trkpt>
   <trkpt lon="15.885286" lat="47.689608"><ele>487.25</ele></trkpt>
   <trkpt lon="15.885087" lat="47.689785"><ele>486.0</ele></trkpt>
   <trkpt lon="15.884918" lat="47.689919"><ele>485.25</ele></trkpt>
   <trkpt lon="15.884612" lat="47.690127"><ele>485.75</ele></trkpt>
   <trkpt lon="15.884402" lat="47.690247"><ele>485.5</ele></trkpt>
   <trkpt lon="15.884065" lat="47.690414"><ele>483.75</ele></trkpt>
   <trkpt lon="15.883894" lat="47.690492"><ele>484.0</ele></trkpt>
   <trkpt lon="15.882315" lat="47.691144"><ele>481.0</ele></trkpt>
   <trkpt lon="15.882023" lat="47.691264"><ele>480.25</ele></trkpt>
   <trkpt lon="15.880798" lat="47.691770"><ele>480.75</ele></trkpt>
   <trkpt lon="15.879263" lat="47.692406"><ele>476.5</ele></trkpt>
   <trkpt lon="15.878438" lat="47.692764"><ele>481.75</ele></trkpt>
   <trkpt lon="15.878137" lat="47.692900"><ele>484.25</ele></trkpt>
   <trkpt lon="15.875461" lat="47.694173"><ele>486.25</ele></trkpt>
   <trkpt lon="15.874810" lat="47.694483"><ele>486.75</ele></trkpt>
   <trkpt lon="15.873582" lat="47.695065"><ele>485.25</ele></trkpt>
   <trkpt lon="15.873401" lat="47.695144"><ele>485.75</ele></trkpt>
   <trkpt lon="15.873181" lat="47.695235"><ele>486.75</ele></trkpt>
   <trkpt lon="15.872748" lat="47.695384"><ele>489.0</ele></trkpt>
   <trkpt lon="15.872499" lat="47.695455"><ele>490.0</ele></trkpt>
   <trkpt lon="15.872256" lat="47.695513"><ele>490.5</ele></trkpt>
   <trkpt lon="15.872034" lat="47.695559"><ele>490.75</ele></trkpt>
   <trkpt lon="15.871771" lat="47.695603"><ele>490.5</ele></trkpt>
   <trkpt lon="15.871452" lat="47.695647"><ele>490.5</ele></trkpt>
   <trkpt lon="15.870822" lat="47.695701"><ele>490.25</ele></trkpt>
   <trkpt lon="15.870365" lat="47.695729"><ele>491.0</ele></trkpt>
   <trkpt lon="15.869688" lat="47.695759"><ele>492.25</ele></trkpt>
   <trkpt lon="15.869649" lat="47.695759"><ele>492.5</ele></trkpt>
   <trkpt lon="15.869307" lat="47.695767"><ele>493.0</ele></trkpt>
   <trkpt lon="15.868693" lat="47.695764"><ele>495.5</ele></trkpt>
   <trkpt lon="15.868417" lat="47.695768"><ele>496.75</ele></trkpt>
   <trkpt lon="15.868398" lat="47.695769"><ele>497.0</ele></trkpt>
   <trkpt lon="15.868382" lat="47.695769"><ele>497.0</ele></trkpt>
   <trkpt lon="15.867593" lat="47.695802"><ele>496.25</ele></trkpt>
   <trkpt lon="15.867289" lat="47.695806"><ele>495.5</ele></trkpt>
   <trkpt lon="15.866959" lat="47.695796"><ele>494.0</ele></trkpt>
   <trkpt lon="15.866618" lat="47.695801"><ele>493.25</ele></trkpt>
   <trkpt lon="15.866562" lat="47.695803"><ele>493.25</ele></trkpt>
   <trkpt lon="15.865723" lat="47.695842"><ele>492.75</ele></trkpt>
   <trkpt lon="15.864966" lat="47.695885"><ele>491.0</ele></trkpt>
   <trkpt lon="15.864174" lat="47.695929"><ele>491.75</ele></trkpt>
   <trkpt lon="15.864075" lat="47.695933"><ele>491.75</ele></trkpt>
   <trkpt lon="15.862978" lat="47.695996"><ele>492.0</ele></trkpt>
   <trkpt lon="15.861682" lat="47.696067"><ele>491.0</ele></trkpt>
   <trkpt lon="15.861642" lat="47.696070"><ele>491.0</ele></trkpt>
   <trkpt lon="15.861242" lat="47.696090"><ele>490.0</ele></trkpt>
   <trkpt lon="15.861220" lat="47.696090"><ele>489.75</ele></trkpt>
   <trkpt lon="15.860970" lat="47.696101"><ele>489.25</ele></trkpt>
   <trkpt lon="15.860666" lat="47.696101"><ele>489.5</ele></trkpt>
   <trkpt lon="15.860274" lat="47.696076"><ele>490.5</ele></trkpt>
   <trkpt lon="15.859888" lat="47.696024"><ele>491.0</ele></trkpt>
   <trkpt lon="15.859500" lat="47.695936"><ele>492.0</ele></trkpt>
   <trkpt lon="15.859187" lat="47.695839"><ele>491.75</ele></trkpt>
   <trkpt lon="15.858905" lat="47.695725"><ele>493.75</ele></trkpt>
   <trkpt lon="15.858579" lat="47.695558"><ele>495.0</ele></trkpt>
   <trkpt lon="15.858432" lat="47.695468"><ele>494.75</ele></trkpt>
   <trkpt lon="15.858210" lat="47.695315"><ele>494.5</ele></trkpt>
   <trkpt lon="15.857730" lat="47.694952"><ele>494.5</ele></trkpt>
   <trkpt lon="15.857445" lat="47.694701"><ele>495.5</ele></trkpt>
   <trkpt lon="15.857405" lat="47.694665"><ele>495.75</ele></trkpt>
   <trkpt lon="15.857162" lat="47.694431"><ele>496.25</ele></trkpt>
   <trkpt lon="15.856965" lat="47.694219"><ele>495.5</ele></trkpt>
   <trkpt lon="15.856799" lat="47.693994"><ele>494.25</ele></trkpt>
   <trkpt lon="15.856721" lat="47.693864"><ele>493.5</ele></trkpt>
   <trkpt lon="15.856653" lat="47.693729"><ele>492.25</ele></trkpt>
   <trkpt lon="15.856572" lat="47.693526"><ele>489.5</ele></trkpt>
   <trkpt lon="15.856523" lat="47.693236"><ele>485.5</ele></trkpt>
   <trkpt lon="15.856522" lat="47.693209"><ele>485.5</ele></trkpt>
   <trkpt lon="15.856517" lat="47.692967"><ele>487.0</ele></trkpt>
   <trkpt lon="15.856526" lat="47.692852"><ele>487.75</ele></trkpt>
   <trkpt lon="15.856570" lat="47.692626"><ele>489.25</ele></trkpt>
   <trkpt lon="15.856642" lat="47.692404"><ele>490.75</ele></trkpt>
   <trkpt lon="15.856742" lat="47.692190"><ele>492.0</ele></trkpt>
   <trkpt lon="15.856863" lat="47.691994"><ele>493.5</ele></trkpt>
   <trkpt lon="15.856932" lat="47.691900"><ele>494.25</ele></trkpt>
   <trkpt lon="15.857083" lat="47.691716"><ele>495.5</ele></trkpt>
   <trkpt lon="15.857174" lat="47.691621"><ele>496.25</ele></trkpt>
   <trkpt lon="15.857376" lat="47.691437"><ele>497.75</ele></trkpt>
   <trkpt lon="15.857486" lat="47.691348"><ele>498.5</ele></trkpt>
   <trkpt lon="15.857682" lat="47.691210"><ele>499.5</ele></trkpt>
   <trkpt lon="15.857858" lat="47.691105"><ele>500.5</ele></trkpt>
   <trkpt lon="15.858185" lat="47.690930"><ele>502.5</ele></trkpt>
   <trkpt lon="15.858283" lat="47.690885"><ele>502.5</ele></trkpt>
   <trkpt lon="15.858705" lat="47.690735"><ele>504.25</ele></trkpt>
   <trkpt lon="15.859383" lat="47.690542"><ele>504.75</ele></trkpt>
   <trkpt lon="15.859654" lat="47.690464"><ele>504.5</ele></trkpt>
   <trkpt lon="15.860079" lat="47.690326"><ele>503.75</ele></trkpt>
   <trkpt lon="15.860467" lat="47.690209"><ele>503.75</ele></trkpt>
   <trkpt lon="15.860590" lat="47.690176"><ele>503.5</ele></trkpt>
   <trkpt lon="15.861725" lat="47.689867"><ele>500.0</ele></trkpt>
   <trkpt lon="15.861774" lat="47.689853"><ele>500.25</ele></trkpt>
   <trkpt lon="15.862639" lat="47.689618"><ele>502.0</ele></trkpt>
   <trkpt lon="15.862744" lat="47.689588"><ele>502.75</ele></trkpt>
   <trkpt lon="15.863846" lat="47.689285"><ele>507.75</ele></trkpt>
   <trkpt lon="15.865204" lat="47.688910"><ele>509.75</ele></trkpt>
   <trkpt lon="15.866482" lat="47.688561"><ele>513.75</ele></trkpt>
   <trkpt lon="15.866874" lat="47.688466"><ele>516.0</ele></trkpt>
   <trkpt lon="15.867252" lat="47.688390"><ele>518.25</ele></trkpt>
   <trkpt lon="15.867411" lat="47.688367"><ele>518.75</ele></trkpt>
   <trkpt lon="15.867683" lat="47.688333"><ele>520.5</ele></trkpt>
   <trkpt lon="15.867875" lat="47.688316"><ele>522.0</ele></trkpt>
   <trkpt lon="15.869087" lat="47.688272"><ele>528.0</ele></trkpt>
   <trkpt lon="15.869699" lat="47.688237"><ele>529.25</ele></trkpt>
   <trkpt lon="15.870011" lat="47.688201"><ele>530.0</ele></trkpt>
   <trkpt lon="15.870417" lat="47.688129"><ele>529.5</ele></trkpt>
   <trkpt lon="15.870728" lat="47.688048"><ele>529.5</ele></trkpt>
   <trkpt lon="15.870950" lat="47.687980"><ele>529.0</ele></trkpt>
   <trkpt lon="15.871159" lat="47.687901"><ele>528.0</ele></trkpt>
   <trkpt lon="15.871536" lat="47.687728"><ele>526.75</ele></trkpt>
   <trkpt lon="15.871891" lat="47.687513"><ele>527.0</ele></trkpt>
   <trkpt lon="15.872147" lat="47.687330"><ele>529.5</ele></trkpt>
   <trkpt lon="15.872624" lat="47.686941"><ele>533.75</ele></trkpt>
   <trkpt lon="15.873306" lat="47.686371"><ele>538.5</ele></trkpt>
   <trkpt lon="15.873399" lat="47.686296"><ele>539.25</ele></trkpt>
   <trkpt lon="15.873878" lat="47.685895"><ele>541.0</ele></trkpt>
   <trkpt lon="15.874155" lat="47.685669"><ele>539.5</ele></trkpt>
   <trkpt lon="15.874412" lat="47.685438"><ele>540.5</ele></trkpt>
   <trkpt lon="15.874558" lat="47.685296"><ele>540.5</ele></trkpt>
   <trkpt lon="15.875870" lat="47.683796"><ele>538.25</ele></trkpt>
   <trkpt lon="15.876084" lat="47.683548"><ele>538.75</ele></trkpt>
   <trkpt lon="15.876337" lat="47.683181"><ele>538.75</ele></trkpt>
   <trkpt lon="15.876454" lat="47.682923"><ele>538.75</ele></trkpt>
   <trkpt lon="15.876510" lat="47.682731"><ele>539.5</ele></trkpt>
   <trkpt lon="15.876548" lat="47.682493"><ele>540.75</ele></trkpt>
   <trkpt lon="15.876563" lat="47.682298"><ele>542.0</ele></trkpt>
   <trkpt lon="15.876561" lat="47.682127"><ele>543.25</ele></trkpt>
   <trkpt lon="15.876507" lat="47.681673"><ele>547.5</ele></trkpt>
   <trkpt lon="15.876467" lat="47.681317"><ele>548.5</ele></trkpt>
   <trkpt lon="15.876399" lat="47.680688"><ele>549.5</ele></trkpt>
   <trkpt lon="15.876401" lat="47.680478"><ele>549.25</ele></trkpt>
   <trkpt lon="15.876417" lat="47.680343"><ele>549.0</ele></trkpt>
   <trkpt lon="15.876452" lat="47.680214"><ele>548.5</ele></trkpt>
   <trkpt lon="15.876517" lat="47.680048"><ele>547.5</ele></trkpt>
   <trkpt lon="15.876587" lat="47.679918"><ele>547.25</ele></trkpt>
   <trkpt lon="15.876654" lat="47.679816"><ele>547.0</ele></trkpt>
   <trkpt lon="15.876740" lat="47.679713"><ele>546.75</ele></trkpt>
   <trkpt lon="15.876883" lat="47.679564"><ele>546.25</ele></trkpt>
   <trkpt lon="15.877002" lat="47.679463"><ele>546.75</ele></trkpt>
   <trkpt lon="15.877212" lat="47.679314"><ele>548.0</ele></trkpt>
   <trkpt lon="15.877358" lat="47.679231"><ele>548.75</ele></trkpt>
   <trkpt lon="15.877534" lat="47.679143"><ele>549.75</ele></trkpt>
   <trkpt lon="15.877782" lat="47.679047"><ele>549.75</ele></trkpt>
   <trkpt lon="15.878033" lat="47.678971"><ele>553.0</ele></trkpt>
   <trkpt lon="15.878272" lat="47.678918"><ele>555.25</ele></trkpt>
   <trkpt lon="15.878474" lat="47.678887"><ele>557.25</ele></trkpt>
   <trkpt lon="15.878667" lat="47.678866"><ele>559.5</ele></trkpt>
   <trkpt lon="15.879097" lat="47.678850"><ele>563.0</ele></trkpt>
   <trkpt lon="15.879775" lat="47.678862"><ele>565.5</ele></trkpt>
   <trkpt lon="15.880314" lat="47.678849"><ele>566.0</ele></trkpt>
   <trkpt lon="15.880606" lat="47.678826"><ele>566.0</ele></trkpt>
   <trkpt lon="15.880812" lat="47.678799"><ele>566.5</ele></trkpt>
   <trkpt lon="15.881122" lat="47.678741"><ele>566.0</ele></trkpt>
   <trkpt lon="15.881426" lat="47.678666"><ele>566.0</ele></trkpt>
   <trkpt lon="15.881824" lat="47.678530"><ele>566.25</ele></trkpt>
   <trkpt lon="15.882033" lat="47.678445"><ele>566.0</ele></trkpt>
   <trkpt lon="15.882253" lat="47.678330"><ele>566.25</ele></trkpt>
   <trkpt lon="15.882504" lat="47.678182"><ele>565.5</ele></trkpt>
   <trkpt lon="15.882714" lat="47.678040"><ele>565.25</ele></trkpt>
   <trkpt lon="15.882832" lat="47.677955"><ele>565.25</ele></trkpt>
   <trkpt lon="15.883056" lat="47.677743"><ele>566.5</ele></trkpt>
   <trkpt lon="15.883174" lat="47.677609"><ele>567.75</ele></trkpt>
   <trkpt lon="15.883359" lat="47.677364"><ele>570.25</ele></trkpt>
   <trkpt lon="15.883482" lat="47.677170"><ele>572.25</ele></trkpt>
   <trkpt lon="15.883533" lat="47.677072"><ele>573.75</ele></trkpt>
   <trkpt lon="15.883579" lat="47.676983"><ele>575.0</ele></trkpt>
   <trkpt lon="15.883737" lat="47.676685"><ele>579.5</ele></trkpt>
   <trkpt lon="15.883978" lat="47.676219"><ele>591.25</ele></trkpt>
   <trkpt lon="15.884807" lat="47.674646"><ele>583.5</ele></trkpt>
   <trkpt lon="15.884913" lat="47.674477"><ele>576.0</ele></trkpt>
   <trkpt lon="15.885047" lat="47.674288"><ele>575.5</ele></trkpt>
   <trkpt lon="15.885171" lat="47.674142"><ele>575.0</ele></trkpt>
   <trkpt lon="15.885292" lat="47.674019"><ele>574.5</ele></trkpt>
   <trkpt lon="15.885592" lat="47.673774"><ele>573.75</ele></trkpt>
   <trkpt lon="15.885806" lat="47.673634"><ele>573.5</ele></trkpt>
   <trkpt lon="15.886091" lat="47.673475"><ele>573.5</ele></trkpt>
   <trkpt lon="15.886240" lat="47.673406"><ele>574.5</ele></trkpt>
   <trkpt lon="15.886476" lat="47.673306"><ele>576.0</ele></trkpt>
   <trkpt lon="15.886832" lat="47.673178"><ele>578.75</ele></trkpt>
   <trkpt lon="15.887534" lat="47.672944"><ele>583.25</ele></trkpt>
   <trkpt lon="15.889631" lat="47.672277"><ele>589.25</ele></trkpt>
   <trkpt lon="15.889935" lat="47.672202"><ele>588.25</ele></trkpt>
   <trkpt lon="15.890230" lat="47.672147"><ele>586.5</ele></trkpt>
   <trkpt lon="15.890420" lat="47.672121"><ele>585.0</ele></trkpt>
   <trkpt lon="15.890642" lat="47.672100"><ele>583.0</ele></trkpt>
   <trkpt lon="15.891007" lat="47.672089"><ele>581.0</ele></trkpt>
   <trkpt lon="15.891327" lat="47.672094"><ele>580.5</ele></trkpt>
   <trkpt lon="15.891778" lat="47.672133"><ele>581.0</ele></trkpt>
   <trkpt lon="15.892279" lat="47.672228"><ele>587.0</ele></trkpt>
   <trkpt lon="15.892786" lat="47.672354"><ele>586.5</ele></trkpt>
   <trkpt lon="15.893112" lat="47.672420"><ele>586.25</ele></trkpt>
   <trkpt lon="15.893521" lat="47.672465"><ele>586.0</ele></trkpt>
   <trkpt lon="15.893919" lat="47.672495"><ele>585.75</ele></trkpt>
   <trkpt lon="15.894395" lat="47.672473"><ele>585.75</ele></trkpt>
   <trkpt lon="15.894790" lat="47.672429"><ele>583.75</ele></trkpt>
   <trkpt lon="15.895675" lat="47.672299"><ele>584.5</ele></trkpt>
   <trkpt lon="15.895965" lat="47.672269"><ele>585.5</ele></trkpt>
   <trkpt lon="15.896148" lat="47.672255"><ele>586.5</ele></trkpt>
   <trkpt lon="15.896340" lat="47.672250"><ele>587.0</ele></trkpt>
   <trkpt lon="15.896709" lat="47.672257"><ele>587.75</ele></trkpt>
   <trkpt lon="15.897042" lat="47.672288"><ele>588.25</ele></trkpt>
   <trkpt lon="15.897284" lat="47.672330"><ele>588.25</ele></trkpt>
   <trkpt lon="15.897649" lat="47.672409"><ele>589.25</ele></trkpt>
   <trkpt lon="15.898374" lat="47.672603"><ele>595.0</ele></trkpt>
   <trkpt lon="15.898559" lat="47.672644"><ele>596.0</ele></trkpt>
   <trkpt lon="15.898903" lat="47.672698"><ele>597.5</ele></trkpt>
   <trkpt lon="15.899064" lat="47.672713"><ele>598.0</ele></trkpt>
   <trkpt lon="15.899292" lat="47.672721"><ele>597.75</ele></trkpt>
   <trkpt lon="15.899525" lat="47.672717"><ele>596.25</ele></trkpt>
   <trkpt lon="15.899761" lat="47.672698"><ele>595.0</ele></trkpt>
   <trkpt lon="15.900017" lat="47.672664"><ele>594.25</ele></trkpt>
   <trkpt lon="15.900263" lat="47.672607"><ele>592.5</ele></trkpt>
   <trkpt lon="15.900539" lat="47.672520"><ele>591.25</ele></trkpt>
   <trkpt lon="15.900853" lat="47.672383"><ele>590.25</ele></trkpt>
   <trkpt lon="15.900966" lat="47.672322"><ele>590.25</ele></trkpt>
   <trkpt lon="15.901105" lat="47.672238"><ele>590.5</ele></trkpt>
   <trkpt lon="15.901244" lat="47.672138"><ele>591.25</ele></trkpt>
   <trkpt lon="15.901372" lat="47.672030"><ele>592.25</ele></trkpt>
   <trkpt lon="15.901477" lat="47.671929"><ele>593.25</ele></trkpt>
   <trkpt lon="15.901825" lat="47.671543"><ele>597.25</ele></trkpt>
   <trkpt lon="15.901972" lat="47.671393"><ele>598.25</ele></trkpt>
   <trkpt lon="15.902081" lat="47.671297"><ele>598.75</ele></trkpt>
   <trkpt lon="15.902226" lat="47.671184"><ele>599.0</ele></trkpt>
   <trkpt lon="15.902356" lat="47.671100"><ele>598.75</ele></trkpt>
   <trkpt lon="15.902693" lat="47.670931"><ele>598.25</ele></trkpt>
   <trkpt lon="15.902916" lat="47.670845"><ele>599.5</ele></trkpt>
   <trkpt lon="15.903243" lat="47.670756"><ele>601.75</ele></trkpt>
   <trkpt lon="15.903409" lat="47.670722"><ele>602.75</ele></trkpt>
   <trkpt lon="15.903539" lat="47.670704"><ele>603.5</ele></trkpt>
   <trkpt lon="15.903902" lat="47.670673"><ele>605.5</ele></trkpt>
   <trkpt lon="15.904083" lat="47.670670"><ele>606.75</ele></trkpt>
   <trkpt lon="15.904320" lat="47.670681"><ele>608.25</ele></trkpt>
   <trkpt lon="15.904681" lat="47.670726"><ele>608.25</ele></trkpt>
   <trkpt lon="15.904910" lat="47.670778"><ele>610.75</ele></trkpt>
   <trkpt lon="15.905086" lat="47.670827"><ele>612.5</ele></trkpt>
   <trkpt lon="15.905269" lat="47.670888"><ele>614.5</ele></trkpt>
   <trkpt lon="15.905429" lat="47.670952"><ele>616.0</ele></trkpt>
   <trkpt lon="15.905607" lat="47.671037"><ele>617.25</ele></trkpt>
   <trkpt lon="15.905891" lat="47.671205"><ele>618.0</ele></trkpt>
   <trkpt lon="15.906136" lat="47.671379"><ele>616.5</ele></trkpt>
   <trkpt lon="15.906297" lat="47.671524"><ele>614.5</ele></trkpt>
   <trkpt lon="15.906760" lat="47.671941"><ele>610.25</ele></trkpt>
   <trkpt lon="15.906989" lat="47.672118"><ele>610.5</ele></trkpt>
   <trkpt lon="15.907135" lat="47.672213"><ele>610.75</ele></trkpt>
   <trkpt lon="15.907283" lat="47.672293"><ele>611.0</ele></trkpt>
   <trkpt lon="15.907435" lat="47.672362"><ele>611.5</ele></trkpt>
   <trkpt lon="15.907600" lat="47.672428"><ele>611.5</ele></trkpt>
   <trkpt lon="15.907798" lat="47.672490"><ele>611.25</ele></trkpt>
   <trkpt lon="15.907978" lat="47.672533"><ele>611.5</ele></trkpt>
   <trkpt lon="15.908166" lat="47.672571"><ele>611.75</ele></trkpt>
   <trkpt lon="15.908539" lat="47.672612"><ele>611.5</ele></trkpt>
   <trkpt lon="15.908933" lat="47.672611"><ele>611.0</ele></trkpt>
   <trkpt lon="15.909133" lat="47.672595"><ele>611.25</ele></trkpt>
   <trkpt lon="15.909345" lat="47.672568"><ele>611.0</ele></trkpt>
   <trkpt lon="15.909801" lat="47.672477"><ele>611.5</ele></trkpt>
   <trkpt lon="15.910834" lat="47.672203"><ele>610.75</ele></trkpt>
   <trkpt lon="15.912359" lat="47.671805"><ele>609.0</ele></trkpt>
   <trkpt lon="15.912908" lat="47.671654"><ele>610.75</ele></trkpt>
   <trkpt lon="15.913179" lat="47.671571"><ele>612.25</ele></trkpt>
   <trkpt lon="15.913418" lat="47.671485"><ele>613.5</ele></trkpt>
   <trkpt lon="15.913636" lat="47.671391"><ele>614.0</ele></trkpt>
   <trkpt lon="15.913855" lat="47.671283"><ele>614.75</ele></trkpt>
   <trkpt lon="15.914072" lat="47.671161"><ele>615.25</ele></trkpt>
   <trkpt lon="15.914248" lat="47.671049"><ele>615.0</ele></trkpt>
   <trkpt lon="15.914415" lat="47.670924"><ele>614.0</ele></trkpt>
   <trkpt lon="15.914668" lat="47.670715"><ele>612.25</ele></trkpt>
   <trkpt lon="15.914870" lat="47.670498"><ele>611.25</ele></trkpt>
   <trkpt lon="15.914973" lat="47.670371"><ele>611.0</ele></trkpt>
   <trkpt lon="15.915081" lat="47.670213"><ele>611.25</ele></trkpt>
   <trkpt lon="15.915211" lat="47.669979"><ele>611.75</ele></trkpt>
   <trkpt lon="15.915276" lat="47.669841"><ele>612.0</ele></trkpt>
   <trkpt lon="15.915334" lat="47.669668"><ele>612.75</ele></trkpt>
   <trkpt lon="15.915380" lat="47.669481"><ele>614.0</ele></trkpt>
   <trkpt lon="15.915406" lat="47.669241"><ele>615.75</ele></trkpt>
   <trkpt lon="15.915404" lat="47.669085"><ele>616.75</ele></trkpt>
   <trkpt lon="15.915393" lat="47.668930"><ele>617.25</ele></trkpt>
   <trkpt lon="15.915370" lat="47.668781"><ele>618.0</ele></trkpt>
   <trkpt lon="15.915332" lat="47.668630"><ele>619.5</ele></trkpt>
   <trkpt lon="15.915295" lat="47.668476"><ele>620.75</ele></trkpt>
   <trkpt lon="15.915244" lat="47.668326"><ele>622.75</ele></trkpt>
   <trkpt lon="15.915233" lat="47.668293"><ele>622.5</ele></trkpt>
   <trkpt lon="15.915132" lat="47.668062"><ele>621.5</ele></trkpt>
   <trkpt lon="15.915060" lat="47.667925"><ele>621.0</ele></trkpt>
   <trkpt lon="15.914934" lat="47.667750"><ele>621.5</ele></trkpt>
   <trkpt lon="15.914823" lat="47.667614"><ele>622.75</ele></trkpt>
   <trkpt lon="15.914676" lat="47.667459"><ele>624.5</ele></trkpt>
   <trkpt lon="15.914443" lat="47.667254"><ele>626.75</ele></trkpt>
   <trkpt lon="15.914210" lat="47.667089"><ele>628.5</ele></trkpt>
   <trkpt lon="15.913624" lat="47.666738"><ele>628.5</ele></trkpt>
   <trkpt lon="15.913338" lat="47.666547"><ele>629.25</ele></trkpt>
   <trkpt lon="15.913219" lat="47.666458"><ele>630.0</ele></trkpt>
   <trkpt lon="15.913003" lat="47.666263"><ele>630.25</ele></trkpt>
   <trkpt lon="15.912888" lat="47.666145"><ele>630.0</ele></trkpt>
   <trkpt lon="15.912690" lat="47.665895"><ele>628.75</ele></trkpt>
   <trkpt lon="15.912551" lat="47.665672"><ele>630.25</ele></trkpt>
   <trkpt lon="15.912073" lat="47.664921"><ele>637.25</ele></trkpt>
   <trkpt lon="15.911960" lat="47.664783"><ele>636.5</ele></trkpt>
   <trkpt lon="15.911832" lat="47.664652"><ele>636.0</ele></trkpt>
   <trkpt lon="15.911673" lat="47.664510"><ele>635.75</ele></trkpt>
   <trkpt lon="15.911324" lat="47.664254"><ele>638.25</ele></trkpt>
   <trkpt lon="15.911171" lat="47.664158"><ele>639.0</ele></trkpt>
   <trkpt lon="15.910994" lat="47.664063"><ele>639.25</ele></trkpt>
   <trkpt lon="15.910587" lat="47.663881"><ele>639.75</ele></trkpt>
   <trkpt lon="15.910309" lat="47.663783"><ele>640.25</ele></trkpt>
   <trkpt lon="15.910049" lat="47.663715"><ele>640.75</ele></trkpt>
   <trkpt lon="15.909807" lat="47.663663"><ele>640.75</ele></trkpt>
   <trkpt lon="15.909315" lat="47.663583"><ele>639.0</ele></trkpt>
   <trkpt lon="15.908828" lat="47.663515"><ele>640.25</ele></trkpt>
   <trkpt lon="15.908377" lat="47.663437"><ele>641.5</ele></trkpt>
   <trkpt lon="15.908220" lat="47.663403"><ele>642.0</ele></trkpt>
   <trkpt lon="15.908010" lat="47.663348"><ele>643.0</ele></trkpt>
   <trkpt lon="15.907769" lat="47.663275"><ele>644.0</ele></trkpt>
   <trkpt lon="15.907133" lat="47.663050"><ele>645.5</ele></trkpt>
   <trkpt lon="15.906720" lat="47.662919"><ele>647.0</ele></trkpt>
   <trkpt lon="15.906433" lat="47.662844"><ele>646.75</ele></trkpt>
   <trkpt lon="15.906076" lat="47.662778"><ele>646.75</ele></trkpt>
   <trkpt lon="15.905902" lat="47.662757"><ele>647.25</ele></trkpt>
   <trkpt lon="15.905611" lat="47.662732"><ele>646.75</ele></trkpt>
   <trkpt lon="15.905194" lat="47.662722"><ele>646.25</ele></trkpt>
   <trkpt lon="15.904984" lat="47.662729"><ele>646.5</ele></trkpt>
   <trkpt lon="15.904801" lat="47.662742"><ele>646.0</ele></trkpt>
   <trkpt lon="15.904631" lat="47.662760"><ele>646.0</ele></trkpt>
   <trkpt lon="15.904280" lat="47.662816"><ele>646.25</ele></trkpt>
   <trkpt lon="15.904190" lat="47.662835"><ele>646.5</ele></trkpt>
   <trkpt lon="15.903969" lat="47.662890"><ele>647.5</ele></trkpt>
   <trkpt lon="15.903126" lat="47.663104"><ele>652.75</ele></trkpt>
   <trkpt lon="15.902767" lat="47.663176"><ele>655.5</ele></trkpt>
   <trkpt lon="15.902467" lat="47.663216"><ele>657.25</ele></trkpt>
   <trkpt lon="15.902113" lat="47.663238"><ele>658.75</ele></trkpt>
   <trkpt lon="15.901804" lat="47.663237"><ele>659.5</ele></trkpt>
   <trkpt lon="15.901476" lat="47.663223"><ele>659.75</ele></trkpt>
   <trkpt lon="15.901162" lat="47.663188"><ele>659.0</ele></trkpt>
   <trkpt lon="15.900554" lat="47.663080"><ele>657.5</ele></trkpt>
   <trkpt lon="15.899432" lat="47.662853"><ele>656.25</ele></trkpt>
   <trkpt lon="15.898963" lat="47.662772"><ele>656.5</ele></trkpt>
   <trkpt lon="15.898452" lat="47.662724"><ele>658.25</ele></trkpt>
   <trkpt lon="15.898032" lat="47.662729"><ele>661.0</ele></trkpt>
   <trkpt lon="15.897801" lat="47.662740"><ele>662.75</ele></trkpt>
   <trkpt lon="15.897273" lat="47.662812"><ele>664.5</ele></trkpt>
   <trkpt lon="15.896818" lat="47.662915"><ele>662.5</ele></trkpt>
   <trkpt lon="15.896380" lat="47.663039"><ele>660.75</ele></trkpt>
   <trkpt lon="15.895864" lat="47.663165"><ele>658.75</ele></trkpt>
   <trkpt lon="15.895482" lat="47.663233"><ele>660.5</ele></trkpt>
   <trkpt lon="15.895222" lat="47.663264"><ele>661.25</ele></trkpt>
   <trkpt lon="15.894981" lat="47.663276"><ele>661.75</ele></trkpt>
   <trkpt lon="15.894762" lat="47.663280"><ele>664.0</ele></trkpt>
   <trkpt lon="15.894532" lat="47.663276"><ele>666.25</ele></trkpt>
   <trkpt lon="15.894338" lat="47.663266"><ele>667.75</ele></trkpt>
   <trkpt lon="15.893301" lat="47.663172"><ele>678.5</ele></trkpt>
   <trkpt lon="15.893057" lat="47.663156"><ele>677.5</ele></trkpt>
   <trkpt lon="15.892817" lat="47.663150"><ele>677.0</ele></trkpt>
   <trkpt lon="15.892516" lat="47.663157"><ele>676.75</ele></trkpt>
   <trkpt lon="15.891510" lat="47.663231"><ele>676.5</ele></trkpt>
   <trkpt lon="15.891315" lat="47.663235"><ele>678.25</ele></trkpt>
   <trkpt lon="15.890994" lat="47.663233"><ele>681.0</ele></trkpt>
   <trkpt lon="15.890294" lat="47.663238"><ele>687.25</ele></trkpt>
   <trkpt lon="15.890111" lat="47.663250"><ele>685.5</ele></trkpt>
   <trkpt lon="15.889756" lat="47.663296"><ele>682.5</ele></trkpt>
   <trkpt lon="15.889420" lat="47.663361"><ele>679.5</ele></trkpt>
   <trkpt lon="15.888497" lat="47.663576"><ele>679.5</ele></trkpt>
   <trkpt lon="15.888146" lat="47.663639"><ele>678.0</ele></trkpt>
   <trkpt lon="15.887978" lat="47.663658"><ele>678.0</ele></trkpt>
   <trkpt lon="15.887564" lat="47.663686"><ele>677.5</ele></trkpt>
   <trkpt lon="15.887139" lat="47.663686"><ele>680.75</ele></trkpt>
   <trkpt lon="15.886943" lat="47.663676"><ele>682.25</ele></trkpt>
   <trkpt lon="15.886615" lat="47.663644"><ele>684.5</ele></trkpt>
   <trkpt lon="15.886247" lat="47.663580"><ele>687.0</ele></trkpt>
   <trkpt lon="15.885749" lat="47.663471"><ele>690.25</ele></trkpt>
   <trkpt lon="15.885446" lat="47.663404"><ele>692.75</ele></trkpt>
   <trkpt lon="15.885102" lat="47.663338"><ele>695.5</ele></trkpt>
   <trkpt lon="15.884808" lat="47.663296"><ele>694.75</ele></trkpt>
   <trkpt lon="15.884564" lat="47.663277"><ele>693.5</ele></trkpt>
   <trkpt lon="15.884283" lat="47.663271"><ele>692.5</ele></trkpt>
   <trkpt lon="15.884026" lat="47.663275"><ele>691.25</ele></trkpt>
   <trkpt lon="15.883808" lat="47.663289"><ele>690.25</ele></trkpt>
   <trkpt lon="15.883642" lat="47.663307"><ele>690.0</ele></trkpt>
   <trkpt lon="15.883432" lat="47.663339"><ele>689.75</ele></trkpt>
   <trkpt lon="15.883109" lat="47.663395"><ele>690.0</ele></trkpt>
   <trkpt lon="15.882615" lat="47.663493"><ele>691.25</ele></trkpt>
   <trkpt lon="15.882483" lat="47.663519"><ele>691.75</ele></trkpt>
   <trkpt lon="15.882096" lat="47.663578"><ele>695.75</ele></trkpt>
   <trkpt lon="15.881841" lat="47.663604"><ele>697.75</ele></trkpt>
   <trkpt lon="15.881364" lat="47.663615"><ele>698.0</ele></trkpt>
   <trkpt lon="15.880083" lat="47.663600"><ele>694.75</ele></trkpt>
   <trkpt lon="15.879649" lat="47.663598"><ele>695.75</ele></trkpt>
   <trkpt lon="15.879505" lat="47.663597"><ele>696.25</ele></trkpt>
   <trkpt lon="15.879390" lat="47.663598"><ele>696.5</ele></trkpt>
   <trkpt lon="15.879324" lat="47.663601"><ele>697.0</ele></trkpt>
   <trkpt lon="15.879133" lat="47.663609"><ele>697.75</ele></trkpt>
   <trkpt lon="15.878952" lat="47.663624"><ele>698.25</ele></trkpt>
   <trkpt lon="15.878684" lat="47.663658"><ele>699.25</ele></trkpt>
   <trkpt lon="15.878510" lat="47.663687"><ele>700.25</ele></trkpt>
   <trkpt lon="15.878278" lat="47.663735"><ele>701.0</ele></trkpt>
   <trkpt lon="15.878057" lat="47.663793"><ele>700.75</ele></trkpt>
   <trkpt lon="15.877839" lat="47.663860"><ele>700.25</ele></trkpt>
   <trkpt lon="15.877659" lat="47.663927"><ele>700.25</ele></trkpt>
   <trkpt lon="15.877459" lat="47.664009"><ele>700.25</ele></trkpt>
   <trkpt lon="15.877326" lat="47.664072"><ele>701.0</ele></trkpt>
   <trkpt lon="15.877172" lat="47.664147"><ele>701.75</ele></trkpt>
   <trkpt lon="15.876203" lat="47.664679"><ele>700.5</ele></trkpt>
   <trkpt lon="15.875761" lat="47.664914"><ele>698.5</ele></trkpt>
   <trkpt lon="15.875624" lat="47.664975"><ele>698.25</ele></trkpt>
   <trkpt lon="15.875356" lat="47.665080"><ele>698.75</ele></trkpt>
   <trkpt lon="15.875026" lat="47.665177"><ele>698.5</ele></trkpt>
   <trkpt lon="15.874883" lat="47.665207"><ele>699.25</ele></trkpt>
   <trkpt lon="15.874510" lat="47.665266"><ele>701.5</ele></trkpt>
   <trkpt lon="15.874298" lat="47.665287"><ele>702.25</ele></trkpt>
   <trkpt lon="15.873925" lat="47.665313"><ele>703.0</ele></trkpt>
   <trkpt lon="15.873477" lat="47.665325"><ele>703.0</ele></trkpt>
   <trkpt lon="15.873258" lat="47.665321"><ele>702.75</ele></trkpt>
   <trkpt lon="15.873066" lat="47.665310"><ele>702.25</ele></trkpt>
   <trkpt lon="15.872861" lat="47.665285"><ele>701.25</ele></trkpt>
   <trkpt lon="15.872537" lat="47.665229"><ele>699.0</ele></trkpt>
   <trkpt lon="15.872279" lat="47.665164"><ele>698.5</ele></trkpt>
   <trkpt lon="15.872107" lat="47.665112"><ele>698.0</ele></trkpt>
   <trkpt lon="15.871976" lat="47.665062"><ele>697.25</ele></trkpt>
   <trkpt lon="15.871834" lat="47.665002"><ele>696.5</ele></trkpt>
   <trkpt lon="15.871700" lat="47.664934"><ele>696.5</ele></trkpt>
   <trkpt lon="15.871557" lat="47.664853"><ele>697.5</ele></trkpt>
   <trkpt lon="15.871415" lat="47.664758"><ele>698.75</ele></trkpt>
   <trkpt lon="15.871218" lat="47.664598"><ele>700.0</ele></trkpt>
   <trkpt lon="15.871080" lat="47.664460"><ele>700.5</ele></trkpt>
   <trkpt lon="15.870885" lat="47.664204"><ele>700.5</ele></trkpt>
   <trkpt lon="15.870857" lat="47.664152"><ele>700.25</ele></trkpt>
   <trkpt lon="15.870188" lat="47.663011"><ele>710.25</ele></trkpt>
   <trkpt lon="15.869907" lat="47.662625"><ele>711.25</ele></trkpt>
   <trkpt lon="15.869659" lat="47.662377"><ele>711.75</ele></trkpt>
   <trkpt lon="15.869438" lat="47.662227"><ele>712.25</ele></trkpt>
   <trkpt lon="15.869189" lat="47.662098"><ele>712.75</ele></trkpt>
   <trkpt lon="15.868845" lat="47.661993"><ele>713.5</ele></trkpt>
   <trkpt lon="15.868502" lat="47.661928"><ele>714.0</ele></trkpt>
   <trkpt lon="15.868105" lat="47.661896"><ele>714.75</ele></trkpt>
   <trkpt lon="15.867649" lat="47.661914"><ele>715.5</ele></trkpt>
   <trkpt lon="15.867380" lat="47.661938"><ele>715.5</ele></trkpt>
   <trkpt lon="15.867145" lat="47.661968"><ele>714.0</ele></trkpt>
   <trkpt lon="15.866687" lat="47.662070"><ele>711.75</ele></trkpt>
   <trkpt lon="15.866305" lat="47.662177"><ele>710.0</ele></trkpt>
   <trkpt lon="15.865895" lat="47.662326"><ele>710.0</ele></trkpt>
   <trkpt lon="15.865644" lat="47.662435"><ele>709.5</ele></trkpt>
   <trkpt lon="15.865277" lat="47.662621"><ele>710.0</ele></trkpt>
   <trkpt lon="15.865111" lat="47.662730"><ele>710.75</ele></trkpt>
   <trkpt lon="15.864997" lat="47.662816"><ele>711.5</ele></trkpt>
   <trkpt lon="15.864862" lat="47.662933"><ele>712.25</ele></trkpt>
   <trkpt lon="15.864681" lat="47.663121"><ele>713.75</ele></trkpt>
   <trkpt lon="15.864249" lat="47.663667"><ele>714.0</ele></trkpt>
   <trkpt lon="15.864016" lat="47.663899"><ele>712.0</ele></trkpt>
   <trkpt lon="15.863904" lat="47.663991"><ele>711.25</ele></trkpt>
   <trkpt lon="15.863817" lat="47.664055"><ele>710.5</ele></trkpt>
   <trkpt lon="15.863580" lat="47.664195"><ele>708.25</ele></trkpt>
   <trkpt lon="15.863328" lat="47.664311"><ele>707.0</ele></trkpt>
   <trkpt lon="15.863062" lat="47.664407"><ele>708.25</ele></trkpt>
   <trkpt lon="15.862893" lat="47.664454"><ele>709.25</ele></trkpt>
   <trkpt lon="15.862595" lat="47.664514"><ele>710.75</ele></trkpt>
   <trkpt lon="15.862456" lat="47.664535"><ele>711.5</ele></trkpt>
   <trkpt lon="15.862290" lat="47.664549"><ele>712.25</ele></trkpt>
   <trkpt lon="15.862148" lat="47.664554"><ele>713.0</ele></trkpt>
   <trkpt lon="15.861864" lat="47.664554"><ele>714.5</ele></trkpt>
   <trkpt lon="15.861571" lat="47.664532"><ele>715.75</ele></trkpt>
   <trkpt lon="15.861300" lat="47.664489"><ele>717.25</ele></trkpt>
   <trkpt lon="15.861177" lat="47.664461"><ele>717.75</ele></trkpt>
   <trkpt lon="15.860944" lat="47.664399"><ele>718.0</ele></trkpt>
   <trkpt lon="15.860772" lat="47.664337"><ele>721.0</ele></trkpt>
   <trkpt lon="15.860621" lat="47.664272"><ele>724.0</ele></trkpt>
   <trkpt lon="15.860389" lat="47.664155"><ele>728.25</ele></trkpt>
   <trkpt lon="15.860156" lat="47.664011"><ele>731.0</ele></trkpt>
   <trkpt lon="15.859727" lat="47.663714"><ele>732.25</ele></trkpt>
   <trkpt lon="15.859589" lat="47.663631"><ele>732.25</ele></trkpt>
   <trkpt lon="15.859419" lat="47.663539"><ele>732.0</ele></trkpt>
   <trkpt lon="15.859271" lat="47.663472"><ele>732.0</ele></trkpt>
   <trkpt lon="15.859104" lat="47.663407"><ele>732.0</ele></trkpt>
   <trkpt lon="15.858898" lat="47.663343"><ele>732.5</ele></trkpt>
   <trkpt lon="15.858604" lat="47.663274"><ele>733.5</ele></trkpt>
   <trkpt lon="15.858358" lat="47.663235"><ele>735.0</ele></trkpt>
   <trkpt lon="15.856959" lat="47.663065"><ele>733.75</ele></trkpt>
   <trkpt lon="15.856174" lat="47.662968"><ele>730.25</ele></trkpt>
   <trkpt lon="15.855994" lat="47.662951"><ele>729.75</ele></trkpt>
   <trkpt lon="15.855769" lat="47.662941"><ele>729.25</ele></trkpt>
   <trkpt lon="15.855443" lat="47.662946"><ele>728.25</ele></trkpt>
   <trkpt lon="15.855282" lat="47.662960"><ele>728.5</ele></trkpt>
   <trkpt lon="15.854950" lat="47.663010"><ele>730.0</ele></trkpt>
   <trkpt lon="15.854793" lat="47.663044"><ele>729.75</ele></trkpt>
   <trkpt lon="15.854645" lat="47.663082"><ele>730.0</ele></trkpt>
   <trkpt lon="15.854506" lat="47.663126"><ele>730.5</ele></trkpt>
   <trkpt lon="15.854358" lat="47.663183"><ele>732.0</ele></trkpt>
   <trkpt lon="15.854080" lat="47.663317"><ele>734.5</ele></trkpt>
   <trkpt lon="15.853846" lat="47.663468"><ele>735.0</ele></trkpt>
   <trkpt lon="15.853376" lat="47.663823"><ele>737.5</ele></trkpt>
   <trkpt lon="15.853065" lat="47.664029"><ele>740.5</ele></trkpt>
   <trkpt lon="15.852835" lat="47.664145"><ele>740.5</ele></trkpt>
   <trkpt lon="15.852614" lat="47.664241"><ele>742.25</ele></trkpt>
   <trkpt lon="15.852414" lat="47.664307"><ele>743.75</ele></trkpt>
   <trkpt lon="15.852146" lat="47.664376"><ele>745.75</ele></trkpt>
   <trkpt lon="15.851986" lat="47.664406"><ele>746.75</ele></trkpt>
   <trkpt lon="15.851803" lat="47.664430"><ele>748.0</ele></trkpt>
   <trkpt lon="15.851643" lat="47.664443"><ele>749.0</ele></trkpt>
   <trkpt lon="15.851362" lat="47.664450"><ele>751.0</ele></trkpt>
   <trkpt lon="15.851075" lat="47.664437"><ele>753.0</ele></trkpt>
   <trkpt lon="15.850923" lat="47.664423"><ele>754.0</ele></trkpt>
   <trkpt lon="15.850621" lat="47.664371"><ele>756.25</ele></trkpt>
   <trkpt lon="15.850298" lat="47.664283"><ele>752.75</ele></trkpt>
   <trkpt lon="15.849862" lat="47.664070"><ele>747.25</ele></trkpt>
   <trkpt lon="15.849456" lat="47.663846"><ele>742.0</ele></trkpt>
   <trkpt lon="15.847831" lat="47.662578"><ele>742.25</ele></trkpt>
   <trkpt lon="15.847394" lat="47.662246"><ele>743.25</ele></trkpt>
   <trkpt lon="15.847305" lat="47.662188"><ele>744.0</ele></trkpt>
   <trkpt lon="15.847045" lat="47.662042"><ele>746.75</ele></trkpt>
   <trkpt lon="15.846822" lat="47.661940"><ele>749.25</ele></trkpt>
   <trkpt lon="15.846591" lat="47.661854"><ele>752.25</ele></trkpt>
   <trkpt lon="15.846341" lat="47.661782"><ele>756.0</ele></trkpt>
   <trkpt lon="15.846126" lat="47.661732"><ele>759.0</ele></trkpt>
   <trkpt lon="15.845897" lat="47.661693"><ele>762.25</ele></trkpt>
   <trkpt lon="15.845689" lat="47.661668"><ele>763.75</ele></trkpt>
   <trkpt lon="15.845497" lat="47.661651"><ele>765.25</ele></trkpt>
   <trkpt lon="15.845325" lat="47.661646"><ele>766.25</ele></trkpt>
   <trkpt lon="15.844976" lat="47.661653"><ele>768.0</ele></trkpt>
   <trkpt lon="15.844703" lat="47.661679"><ele>766.75</ele></trkpt>
   <trkpt lon="15.844400" lat="47.661729"><ele>766.0</ele></trkpt>
   <trkpt lon="15.844100" lat="47.661801"><ele>765.5</ele></trkpt>
   <trkpt lon="15.843847" lat="47.661880"><ele>765.0</ele></trkpt>
   <trkpt lon="15.843733" lat="47.661923"><ele>765.0</ele></trkpt>
   <trkpt lon="15.843609" lat="47.661974"><ele>764.75</ele></trkpt>
   <trkpt lon="15.843329" lat="47.662119"><ele>764.75</ele></trkpt>
   <trkpt lon="15.843202" lat="47.662193"><ele>764.25</ele></trkpt>
   <trkpt lon="15.842655" lat="47.662545"><ele>763.75</ele></trkpt>
   <trkpt lon="15.842509" lat="47.662623"><ele>764.0</ele></trkpt>
   <trkpt lon="15.842300" lat="47.662723"><ele>763.0</ele></trkpt>
   <trkpt lon="15.841968" lat="47.662845"><ele>760.25</ele></trkpt>
   <trkpt lon="15.841656" lat="47.662922"><ele>756.25</ele></trkpt>
   <trkpt lon="15.841368" lat="47.662964"><ele>754.25</ele></trkpt>
   <trkpt lon="15.841193" lat="47.662978"><ele>754.0</ele></trkpt>
   <trkpt lon="15.840951" lat="47.662985"><ele>753.75</ele></trkpt>
   <trkpt lon="15.840757" lat="47.662980"><ele>753.75</ele></trkpt>
   <trkpt lon="15.840602" lat="47.662969"><ele>753.75</ele></trkpt>
   <trkpt lon="15.840428" lat="47.662949"><ele>753.75</ele></trkpt>
   <trkpt lon="15.840279" lat="47.662924"><ele>755.0</ele></trkpt>
   <trkpt lon="15.840075" lat="47.662880"><ele>757.25</ele></trkpt>
   <trkpt lon="15.839886" lat="47.662827"><ele>759.0</ele></trkpt>
   <trkpt lon="15.839723" lat="47.662772"><ele>760.25</ele></trkpt>
   <trkpt lon="15.839571" lat="47.662711"><ele>761.25</ele></trkpt>
   <trkpt lon="15.839247" lat="47.662544"><ele>762.5</ele></trkpt>
   <trkpt lon="15.839003" lat="47.662371"><ele>765.0</ele></trkpt>
   <trkpt lon="15.838876" lat="47.662265"><ele>766.5</ele></trkpt>
   <trkpt lon="15.838736" lat="47.662117"><ele>767.0</ele></trkpt>
   <trkpt lon="15.838665" lat="47.662029"><ele>767.0</ele></trkpt>
   <trkpt lon="15.838603" lat="47.661937"><ele>766.75</ele></trkpt>
   <trkpt lon="15.838511" lat="47.661770"><ele>765.5</ele></trkpt>
   <trkpt lon="15.838417" lat="47.661562"><ele>764.0</ele></trkpt>
   <trkpt lon="15.838370" lat="47.661429"><ele>763.25</ele></trkpt>
   <trkpt lon="15.838296" lat="47.661175"><ele>762.25</ele></trkpt>
   <trkpt lon="15.838274" lat="47.661020"><ele>761.5</ele></trkpt>
   <trkpt lon="15.838271" lat="47.660844"><ele>760.0</ele></trkpt>
   <trkpt lon="15.838280" lat="47.660752"><ele>761.0</ele></trkpt>
   <trkpt lon="15.838312" lat="47.660590"><ele>763.25</ele></trkpt>
   <trkpt lon="15.838371" lat="47.660408"><ele>764.5</ele></trkpt>
   <trkpt lon="15.838526" lat="47.660003"><ele>765.75</ele></trkpt>
   <trkpt lon="15.838563" lat="47.659852"><ele>768.0</ele></trkpt>
   <trkpt lon="15.838578" lat="47.659739"><ele>770.0</ele></trkpt>
   <trkpt lon="15.838588" lat="47.659623"><ele>772.25</ele></trkpt>
   <trkpt lon="15.838587" lat="47.659502"><ele>775.0</ele></trkpt>
   <trkpt lon="15.838576" lat="47.659390"><ele>778.0</ele></trkpt>
   <trkpt lon="15.838553" lat="47.659300"><ele>781.0</ele></trkpt>
   <trkpt lon="15.838472" lat="47.659101"><ele>780.75</ele></trkpt>
   <trkpt lon="15.838433" lat="47.659027"><ele>780.75</ele></trkpt>
   <trkpt lon="15.838296" lat="47.658833"><ele>780.75</ele></trkpt>
   <trkpt lon="15.838194" lat="47.658718"><ele>780.5</ele></trkpt>
   <trkpt lon="15.838004" lat="47.658548"><ele>780.5</ele></trkpt>
   <trkpt lon="15.837795" lat="47.658402"><ele>780.5</ele></trkpt>
   <trkpt lon="15.837696" lat="47.658344"><ele>780.5</ele></trkpt>
   <trkpt lon="15.837546" lat="47.658266"><ele>780.25</ele></trkpt>
   <trkpt lon="15.837335" lat="47.658175"><ele>780.25</ele></trkpt>
   <trkpt lon="15.837071" lat="47.658088"><ele>780.25</ele></trkpt>
   <trkpt lon="15.836803" lat="47.658027"><ele>780.0</ele></trkpt>
   <trkpt lon="15.836516" lat="47.657981"><ele>780.0</ele></trkpt>
   <trkpt lon="15.836351" lat="47.657964"><ele>780.0</ele></trkpt>
   <trkpt lon="15.835173" lat="47.657877"><ele>779.75</ele></trkpt>
   <trkpt lon="15.835031" lat="47.657866"><ele>780.5</ele></trkpt>
   <trkpt lon="15.832997" lat="47.657716"><ele>794.5</ele></trkpt>
   <trkpt lon="15.832772" lat="47.657705"><ele>796.25</ele></trkpt>
   <trkpt lon="15.832482" lat="47.657703"><ele>796.25</ele></trkpt>
   <trkpt lon="15.832232" lat="47.657715"><ele>795.25</ele></trkpt>
   <trkpt lon="15.831817" lat="47.657761"><ele>791.5</ele></trkpt>
   <trkpt lon="15.830432" lat="47.657984"><ele>779.25</ele></trkpt>
   <trkpt lon="15.830146" lat="47.658035"><ele>776.75</ele></trkpt>
   <trkpt lon="15.829995" lat="47.658076"><ele>776.75</ele></trkpt>
   <trkpt lon="15.829778" lat="47.658145"><ele>778.5</ele></trkpt>
   <trkpt lon="15.829540" lat="47.658225"><ele>780.5</ele></trkpt>
   <trkpt lon="15.829343" lat="47.658299"><ele>782.5</ele></trkpt>
   <trkpt lon="15.829157" lat="47.658385"><ele>782.5</ele></trkpt>
   <trkpt lon="15.828982" lat="47.658479"><ele>783.0</ele></trkpt>
   <trkpt lon="15.828563" lat="47.658735"><ele>785.0</ele></trkpt>
   <trkpt lon="15.828173" lat="47.659012"><ele>786.75</ele></trkpt>
   <trkpt lon="15.827510" lat="47.659583"><ele>790.25</ele></trkpt>
   <trkpt lon="15.826916" lat="47.660133"><ele>793.25</ele></trkpt>
   <trkpt lon="15.826905" lat="47.660141"><ele>793.5</ele></trkpt>
   <trkpt lon="15.826232" lat="47.660712"><ele>788.75</ele></trkpt>
   <trkpt lon="15.825820" lat="47.661058"><ele>790.75</ele></trkpt>
   <trkpt lon="15.825654" lat="47.661181"><ele>791.75</ele></trkpt>
   <trkpt lon="15.825421" lat="47.661322"><ele>791.75</ele></trkpt>
   <trkpt lon="15.825278" lat="47.661394"><ele>791.5</ele></trkpt>
   <trkpt lon="15.825137" lat="47.661455"><ele>790.75</ele></trkpt>
   <trkpt lon="15.824880" lat="47.661540"><ele>789.25</ele></trkpt>
   <trkpt lon="15.824733" lat="47.661581"><ele>788.75</ele></trkpt>
   <trkpt lon="15.824570" lat="47.661618"><ele>788.25</ele></trkpt>
   <trkpt lon="15.824286" lat="47.661664"><ele>786.75</ele></trkpt>
   <trkpt lon="15.824010" lat="47.661683"><ele>787.75</ele></trkpt>
   <trkpt lon="15.823818" lat="47.661688"><ele>789.25</ele></trkpt>
   <trkpt lon="15.823628" lat="47.661684"><ele>790.75</ele></trkpt>
   <trkpt lon="15.823386" lat="47.661659"><ele>792.25</ele></trkpt>
   <trkpt lon="15.823101" lat="47.661609"><ele>795.25</ele></trkpt>
   <trkpt lon="15.822851" lat="47.661546"><ele>797.75</ele></trkpt>
   <trkpt lon="15.822607" lat="47.661462"><ele>799.75</ele></trkpt>
   <trkpt lon="15.822334" lat="47.661339"><ele>801.0</ele></trkpt>
   <trkpt lon="15.822066" lat="47.661181"><ele>800.75</ele></trkpt>
   <trkpt lon="15.821494" lat="47.660781"><ele>797.75</ele></trkpt>
   <trkpt lon="15.819784" lat="47.659548"><ele>791.0</ele></trkpt>
   <trkpt lon="15.819613" lat="47.659436"><ele>791.25</ele></trkpt>
   <trkpt lon="15.819364" lat="47.659291"><ele>791.75</ele></trkpt>
   <trkpt lon="15.819065" lat="47.659142"><ele>793.25</ele></trkpt>
   <trkpt lon="15.818950" lat="47.659086"><ele>793.25</ele></trkpt>
   <trkpt lon="15.818579" lat="47.658932"><ele>794.0</ele></trkpt>
   <trkpt lon="15.818253" lat="47.658824"><ele>795.0</ele></trkpt>
   <trkpt lon="15.817941" lat="47.658749"><ele>796.25</ele></trkpt>
   <trkpt lon="15.817758" lat="47.658712"><ele>797.25</ele></trkpt>
   <trkpt lon="15.817285" lat="47.658658"><ele>801.75</ele></trkpt>
   <trkpt lon="15.817147" lat="47.658647"><ele>803.25</ele></trkpt>
   <trkpt lon="15.816637" lat="47.658587"><ele>807.0</ele></trkpt>
   <trkpt lon="15.816519" lat="47.658573"><ele>808.0</ele></trkpt>
   <trkpt lon="15.815371" lat="47.658359"><ele>807.25</ele></trkpt>
   <trkpt lon="15.814897" lat="47.658301"><ele>805.5</ele></trkpt>
   <trkpt lon="15.814671" lat="47.658287"><ele>804.0</ele></trkpt>
   <trkpt lon="15.814391" lat="47.658284"><ele>803.0</ele></trkpt>
   <trkpt lon="15.814146" lat="47.658294"><ele>803.25</ele></trkpt>
   <trkpt lon="15.813907" lat="47.658313"><ele>805.75</ele></trkpt>
   <trkpt lon="15.813645" lat="47.658347"><ele>809.25</ele></trkpt>
   <trkpt lon="15.813460" lat="47.658367"><ele>811.5</ele></trkpt>
   <trkpt lon="15.813237" lat="47.658394"><ele>813.0</ele></trkpt>
   <trkpt lon="15.813017" lat="47.658413"><ele>812.25</ele></trkpt>
   <trkpt lon="15.812813" lat="47.658421"><ele>811.0</ele></trkpt>
   <trkpt lon="15.812533" lat="47.658423"><ele>808.5</ele></trkpt>
   <trkpt lon="15.811122" lat="47.658411"><ele>813.0</ele></trkpt>
   <trkpt lon="15.811078" lat="47.658411"><ele>814.5</ele></trkpt>
   <trkpt lon="15.810894" lat="47.658410"><ele>814.75</ele></trkpt>
   <trkpt lon="15.809286" lat="47.658393"><ele>817.25</ele></trkpt>
   <trkpt lon="15.808073" lat="47.658379"><ele>819.0</ele></trkpt>
   <trkpt lon="15.807771" lat="47.658370"><ele>819.5</ele></trkpt>
   <trkpt lon="15.807615" lat="47.658356"><ele>819.75</ele></trkpt>
   <trkpt lon="15.807504" lat="47.658344"><ele>820.0</ele></trkpt>
   <trkpt lon="15.807240" lat="47.658300"><ele>820.5</ele></trkpt>
   <trkpt lon="15.807111" lat="47.658270"><ele>820.5</ele></trkpt>
   <trkpt lon="15.806873" lat="47.658203"><ele>821.0</ele></trkpt>
   <trkpt lon="15.806755" lat="47.658161"><ele>821.25</ele></trkpt>
   <trkpt lon="15.806530" lat="47.658062"><ele>821.75</ele></trkpt>
   <trkpt lon="15.806380" lat="47.657985"><ele>821.5</ele></trkpt>
   <trkpt lon="15.806315" lat="47.657947"><ele>821.5</ele></trkpt>
   <trkpt lon="15.806124" lat="47.657815"><ele>821.25</ele></trkpt>
   <trkpt lon="15.805920" lat="47.657637"><ele>821.0</ele></trkpt>
   <trkpt lon="15.805761" lat="47.657443"><ele>820.75</ele></trkpt>
   <trkpt lon="15.805664" lat="47.657283"><ele>820.75</ele></trkpt>
   <trkpt lon="15.805563" lat="47.657070"><ele>820.5</ele></trkpt>
   <trkpt lon="15.805510" lat="47.656878"><ele>820.25</ele></trkpt>
   <trkpt lon="15.805497" lat="47.656696"><ele>820.25</ele></trkpt>
   <trkpt lon="15.805507" lat="47.656521"><ele>820.0</ele></trkpt>
   <trkpt lon="15.805538" lat="47.656393"><ele>820.0</ele></trkpt>
   <trkpt lon="15.805604" lat="47.656229"><ele>820.0</ele></trkpt>
   <trkpt lon="15.805696" lat="47.656024"><ele>823.75</ele></trkpt>
   <trkpt lon="15.805755" lat="47.655938"><ele>824.75</ele></trkpt>
   <trkpt lon="15.805950" lat="47.655717"><ele>827.5</ele></trkpt>
   <trkpt lon="15.806171" lat="47.655538"><ele>828.5</ele></trkpt>
   <trkpt lon="15.806407" lat="47.655392"><ele>828.0</ele></trkpt>
   <trkpt lon="15.806600" lat="47.655296"><ele>826.5</ele></trkpt>
   <trkpt lon="15.806794" lat="47.655210"><ele>825.0</ele></trkpt>
   <trkpt lon="15.807071" lat="47.655124"><ele>822.5</ele></trkpt>
   <trkpt lon="15.807352" lat="47.655061"><ele>819.75</ele></trkpt>
   <trkpt lon="15.807724" lat="47.655014"><ele>820.0</ele></trkpt>
   <trkpt lon="15.807891" lat="47.655004"><ele>821.0</ele></trkpt>
   <trkpt lon="15.808234" lat="47.655014"><ele>822.75</ele></trkpt>
   <trkpt lon="15.808432" lat="47.655032"><ele>824.0</ele></trkpt>
   <trkpt lon="15.808633" lat="47.655055"><ele>825.25</ele></trkpt>
   <trkpt lon="15.808918" lat="47.655102"><ele>826.75</ele></trkpt>
   <trkpt lon="15.810459" lat="47.655376"><ele>831.0</ele></trkpt>
   <trkpt lon="15.811133" lat="47.655486"><ele>831.25</ele></trkpt>
   <trkpt lon="15.811316" lat="47.655502"><ele>832.0</ele></trkpt>
   <trkpt lon="15.811678" lat="47.655508"><ele>834.0</ele></trkpt>
   <trkpt lon="15.811887" lat="47.655496"><ele>833.75</ele></trkpt>
   <trkpt lon="15.812052" lat="47.655480"><ele>833.75</ele></trkpt>
   <trkpt lon="15.812239" lat="47.655453"><ele>833.75</ele></trkpt>
   <trkpt lon="15.812436" lat="47.655409"><ele>834.25</ele></trkpt>
   <trkpt lon="15.812630" lat="47.655354"><ele>834.0</ele></trkpt>
   <trkpt lon="15.812873" lat="47.655269"><ele>833.0</ele></trkpt>
   <trkpt lon="15.813053" lat="47.655193"><ele>832.75</ele></trkpt>
   <trkpt lon="15.813315" lat="47.655035"><ele>833.25</ele></trkpt>
   <trkpt lon="15.813498" lat="47.654905"><ele>832.75</ele></trkpt>
   <trkpt lon="15.813682" lat="47.654735"><ele>831.75</ele></trkpt>
   <trkpt lon="15.813842" lat="47.654529"><ele>830.75</ele></trkpt>
   <trkpt lon="15.813949" lat="47.654347"><ele>829.5</ele></trkpt>
   <trkpt lon="15.814020" lat="47.654162"><ele>831.0</ele></trkpt>
   <trkpt lon="15.814108" lat="47.653842"><ele>834.0</ele></trkpt>
   <trkpt lon="15.814129" lat="47.653668"><ele>835.5</ele></trkpt>
   <trkpt lon="15.814133" lat="47.653520"><ele>835.5</ele></trkpt>
   <trkpt lon="15.814123" lat="47.653238"><ele>839.25</ele></trkpt>
   <trkpt lon="15.814089" lat="47.652902"><ele>841.25</ele></trkpt>
   <trkpt lon="15.814046" lat="47.652412"><ele>843.5</ele></trkpt>
   <trkpt lon="15.814023" lat="47.652099"><ele>843.5</ele></trkpt>
   <trkpt lon="15.813985" lat="47.651874"><ele>843.75</ele></trkpt>
   <trkpt lon="15.813944" lat="47.651706"><ele>844.0</ele></trkpt>
   <trkpt lon="15.813911" lat="47.651609"><ele>844.0</ele></trkpt>
   <trkpt lon="15.813815" lat="47.651389"><ele>845.0</ele></trkpt>
   <trkpt lon="15.813752" lat="47.651271"><ele>845.5</ele></trkpt>
   <trkpt lon="15.813650" lat="47.651112"><ele>846.25</ele></trkpt>
   <trkpt lon="15.813502" lat="47.650925"><ele>847.25</ele></trkpt>
   <trkpt lon="15.813276" lat="47.650701"><ele>848.75</ele></trkpt>
   <trkpt lon="15.813163" lat="47.650604"><ele>848.75</ele></trkpt>
   <trkpt lon="15.812935" lat="47.650427"><ele>850.75</ele></trkpt>
   <trkpt lon="15.811725" lat="47.649621"><ele>857.5</ele></trkpt>
   <trkpt lon="15.811679" lat="47.649591"><ele>857.75</ele></trkpt>
   <trkpt lon="15.811663" lat="47.649581"><ele>858.0</ele></trkpt>
   <trkpt lon="15.811615" lat="47.649550"><ele>858.5</ele></trkpt>
   <trkpt lon="15.811242" lat="47.649309"><ele>861.25</ele></trkpt>
   <trkpt lon="15.810995" lat="47.649141"><ele>861.75</ele></trkpt>
   <trkpt lon="15.810785" lat="47.648974"><ele>863.25</ele></trkpt>
   <trkpt lon="15.810668" lat="47.648871"><ele>864.25</ele></trkpt>
   <trkpt lon="15.810581" lat="47.648776"><ele>863.75</ele></trkpt>
   <trkpt lon="15.810497" lat="47.648669"><ele>862.5</ele></trkpt>
   <trkpt lon="15.810424" lat="47.648560"><ele>860.25</ele></trkpt>
   <trkpt lon="15.810316" lat="47.648322"><ele>853.0</ele></trkpt>
   <trkpt lon="15.810277" lat="47.648200"><ele>851.5</ele></trkpt>
   <trkpt lon="15.810253" lat="47.648000"><ele>851.75</ele></trkpt>
   <trkpt lon="15.810264" lat="47.647765"><ele>852.0</ele></trkpt>
   <trkpt lon="15.810284" lat="47.647676"><ele>852.0</ele></trkpt>
   <trkpt lon="15.810312" lat="47.647577"><ele>852.25</ele></trkpt>
   <trkpt lon="15.810405" lat="47.647369"><ele>852.5</ele></trkpt>
   <trkpt lon="15.810483" lat="47.647239"><ele>852.5</ele></trkpt>
   <trkpt lon="15.810643" lat="47.647046"><ele>853.0</ele></trkpt>
   <trkpt lon="15.810853" lat="47.646855"><ele>853.25</ele></trkpt>
   <trkpt lon="15.810990" lat="47.646753"><ele>853.5</ele></trkpt>
   <trkpt lon="15.811117" lat="47.646671"><ele>853.5</ele></trkpt>
   <trkpt lon="15.811245" lat="47.646601"><ele>857.75</ele></trkpt>
   <trkpt lon="15.811518" lat="47.646484"><ele>865.75</ele></trkpt>
   <trkpt lon="15.811748" lat="47.646407"><ele>872.0</ele></trkpt>
   <trkpt lon="15.811892" lat="47.646372"><ele>875.0</ele></trkpt>
   <trkpt lon="15.812067" lat="47.646339"><ele>875.0</ele></trkpt>
   <trkpt lon="15.814155" lat="47.646034"><ele>877.0</ele></trkpt>
   <trkpt lon="15.815052" lat="47.645944"><ele>878.0</ele></trkpt>
   <trkpt lon="15.815734" lat="47.645926"><ele>878.5</ele></trkpt>
   <trkpt lon="15.816379" lat="47.645968"><ele>879.25</ele></trkpt>
   <trkpt lon="15.816899" lat="47.646046"><ele>879.75</ele></trkpt>
   <trkpt lon="15.817406" lat="47.646168"><ele>880.0</ele></trkpt>
   <trkpt lon="15.817554" lat="47.646219"><ele>880.25</ele></trkpt>
   <trkpt lon="15.817720" lat="47.646285"><ele>878.0</ele></trkpt>
   <trkpt lon="15.817845" lat="47.646343"><ele>876.25</ele></trkpt>
   <trkpt lon="15.817944" lat="47.646402"><ele>874.75</ele></trkpt>
   <trkpt lon="15.818163" lat="47.646549"><ele>870.75</ele></trkpt>
   <trkpt lon="15.818426" lat="47.646774"><ele>869.0</ele></trkpt>
   <trkpt lon="15.818506" lat="47.646877"><ele>869.75</ele></trkpt>
   <trkpt lon="15.818596" lat="47.646992"><ele>870.75</ele></trkpt>
   <trkpt lon="15.818701" lat="47.647188"><ele>871.75</ele></trkpt>
   <trkpt lon="15.818763" lat="47.647358"><ele>871.75</ele></trkpt>
   <trkpt lon="15.818808" lat="47.647536"><ele>871.75</ele></trkpt>
   <trkpt lon="15.818879" lat="47.648066"><ele>870.75</ele></trkpt>
   <trkpt lon="15.818906" lat="47.648190"><ele>870.75</ele></trkpt>
   <trkpt lon="15.819021" lat="47.648481"><ele>871.0</ele></trkpt>
   <trkpt lon="15.819093" lat="47.648601"><ele>871.0</ele></trkpt>
   <trkpt lon="15.819164" lat="47.648694"><ele>871.5</ele></trkpt>
   <trkpt lon="15.819240" lat="47.648785"><ele>872.0</ele></trkpt>
   <trkpt lon="15.819334" lat="47.648882"><ele>872.5</ele></trkpt>
   <trkpt lon="15.819400" lat="47.648942"><ele>873.0</ele></trkpt>
   <trkpt lon="15.819553" lat="47.649067"><ele>874.25</ele></trkpt>
   <trkpt lon="15.819615" lat="47.649104"><ele>875.0</ele></trkpt>
   <trkpt lon="15.819871" lat="47.649264"><ele>880.0</ele></trkpt>
   <trkpt lon="15.820026" lat="47.649332"><ele>883.75</ele></trkpt>
   <trkpt lon="15.820386" lat="47.649470"><ele>884.25</ele></trkpt>
   <trkpt lon="15.820541" lat="47.649513"><ele>884.5</ele></trkpt>
   <trkpt lon="15.820751" lat="47.649557"><ele>884.75</ele></trkpt>
   <trkpt lon="15.820967" lat="47.649590"><ele>885.0</ele></trkpt>
   <trkpt lon="15.825004" lat="47.650049"><ele>890.5</ele></trkpt>
   <trkpt lon="15.825223" lat="47.650069"><ele>890.75</ele></trkpt>
   <trkpt lon="15.825444" lat="47.650075"><ele>891.0</ele></trkpt>
   <trkpt lon="15.825665" lat="47.650069"><ele>891.5</ele></trkpt>
   <trkpt lon="15.825885" lat="47.650049"><ele>891.75</ele></trkpt>
   <trkpt lon="15.826101" lat="47.650017"><ele>892.0</ele></trkpt>
   <trkpt lon="15.826181" lat="47.650000"><ele>892.25</ele></trkpt>
   <trkpt lon="15.826421" lat="47.649933"><ele>892.25</ele></trkpt>
   <trkpt lon="15.826573" lat="47.649884"><ele>891.0</ele></trkpt>
   <trkpt lon="15.826749" lat="47.649821"><ele>890.5</ele></trkpt>
   <trkpt lon="15.826886" lat="47.649758"><ele>890.75</ele></trkpt>
   <trkpt lon="15.827117" lat="47.649636"><ele>890.75</ele></trkpt>
   <trkpt lon="15.827243" lat="47.649555"><ele>890.75</ele></trkpt>
   <trkpt lon="15.827467" lat="47.649377"><ele>890.75</ele></trkpt>
   <trkpt lon="15.827985" lat="47.648863"><ele>888.75</ele></trkpt>
   <trkpt lon="15.828117" lat="47.648739"><ele>887.75</ele></trkpt>
   <trkpt lon="15.828343" lat="47.648572"><ele>888.25</ele></trkpt>
   <trkpt lon="15.828584" lat="47.648439"><ele>888.5</ele></trkpt>
   <trkpt lon="15.828886" lat="47.648313"><ele>889.25</ele></trkpt>
   <trkpt lon="15.829127" lat="47.648244"><ele>889.25</ele></trkpt>
   <trkpt lon="15.829395" lat="47.648182"><ele>895.0</ele></trkpt>
   <trkpt lon="15.830070" lat="47.648047"><ele>896.75</ele></trkpt>
   <trkpt lon="15.830355" lat="47.647984"><ele>897.5</ele></trkpt>
   <trkpt lon="15.830577" lat="47.647898"><ele>898.0</ele></trkpt>
   <trkpt lon="15.830782" lat="47.647805"><ele>898.75</ele></trkpt>
   <trkpt lon="15.830932" lat="47.647722"><ele>899.25</ele></trkpt>
   <trkpt lon="15.831073" lat="47.647622"><ele>899.75</ele></trkpt>
   <trkpt lon="15.831207" lat="47.647513"><ele>900.25</ele></trkpt>
   <trkpt lon="15.831323" lat="47.647410"><ele>900.75</ele></trkpt>
   <trkpt lon="15.831414" lat="47.647313"><ele>901.25</ele></trkpt>
   <trkpt lon="15.831507" lat="47.647194"><ele>901.75</ele></trkpt>
   <trkpt lon="15.831582" lat="47.647078"><ele>902.25</ele></trkpt>
   <trkpt lon="15.831629" lat="47.646980"><ele>902.5</ele></trkpt>
   <trkpt lon="15.831692" lat="47.646808"><ele>903.25</ele></trkpt>
   <trkpt lon="15.831721" lat="47.646696"><ele>903.75</ele></trkpt>
   <trkpt lon="15.831729" lat="47.646661"><ele>903.75</ele></trkpt>
   <trkpt lon="15.831745" lat="47.646461"><ele>898.0</ele></trkpt>
   <trkpt lon="15.831735" lat="47.646268"><ele>893.25</ele></trkpt>
   <trkpt lon="15.831700" lat="47.646092"><ele>890.25</ele></trkpt>
   <trkpt lon="15.831593" lat="47.645846"><ele>889.25</ele></trkpt>
   <trkpt lon="15.831291" lat="47.645322"><ele>900.25</ele></trkpt>
   <trkpt lon="15.831255" lat="47.645242"><ele>901.0</ele></trkpt>
   <trkpt lon="15.831188" lat="47.645050"><ele>901.5</ele></trkpt>
   <trkpt lon="15.831152" lat="47.644840"><ele>902.75</ele></trkpt>
   <trkpt lon="15.831138" lat="47.644654"><ele>903.75</ele></trkpt>
   <trkpt lon="15.831139" lat="47.644620"><ele>903.75</ele></trkpt>
   <trkpt lon="15.831124" lat="47.644400"><ele>904.75</ele></trkpt>
   <trkpt lon="15.831089" lat="47.644169"><ele>906.75</ele></trkpt>
   <trkpt lon="15.831079" lat="47.643967"><ele>906.25</ele></trkpt>
   <trkpt lon="15.831075" lat="47.643750"><ele>905.5</ele></trkpt>
   <trkpt lon="15.831094" lat="47.643029"><ele>904.75</ele></trkpt>
   <trkpt lon="15.831142" lat="47.642651"><ele>905.75</ele></trkpt>
   <trkpt lon="15.831215" lat="47.641847"><ele>910.25</ele></trkpt>
   <trkpt lon="15.831256" lat="47.641285"><ele>907.75</ele></trkpt>
   <trkpt lon="15.831255" lat="47.641106"><ele>906.5</ele></trkpt>
   <trkpt lon="15.831238" lat="47.640955"><ele>906.0</ele></trkpt>
   <trkpt lon="15.831151" lat="47.640579"><ele>904.0</ele></trkpt>
   <trkpt lon="15.830901" lat="47.639747"><ele>898.0</ele></trkpt>
   <trkpt lon="15.830866" lat="47.639641"><ele>897.75</ele></trkpt>
   <trkpt lon="15.830806" lat="47.639491"><ele>897.75</ele></trkpt>
   <trkpt lon="15.830788" lat="47.639452"><ele>898.0</ele></trkpt>
   <trkpt lon="15.830751" lat="47.639366"><ele>898.0</ele></trkpt>
   <trkpt lon="15.830455" lat="47.638745"><ele>901.5</ele></trkpt>
   <trkpt lon="15.830388" lat="47.638608"><ele>902.75</ele></trkpt>
   <trkpt lon="15.830300" lat="47.638459"><ele>904.5</ele></trkpt>
   <trkpt lon="15.830109" lat="47.638200"><ele>912.25</ele></trkpt>
   <trkpt lon="15.830094" lat="47.638185"><ele>913.0</ele></trkpt>
   <trkpt lon="15.830047" lat="47.638134"><ele>913.0</ele></trkpt>
   <trkpt lon="15.829930" lat="47.638017"><ele>913.0</ele></trkpt>
   <trkpt lon="15.829839" lat="47.637940"><ele>913.0</ele></trkpt>
   <trkpt lon="15.829603" lat="47.637741"><ele>913.0</ele></trkpt>
   <trkpt lon="15.828057" lat="47.636472"><ele>913.0</ele></trkpt>
   <trkpt lon="15.817923" lat="47.628155"><ele>913.0</ele></trkpt>
   <trkpt lon="15.817751" lat="47.628030"><ele>913.0</ele></trkpt>
   <trkpt lon="15.817528" lat="47.627887"><ele>909.75</ele></trkpt>
   <trkpt lon="15.817366" lat="47.627792"><ele>907.75</ele></trkpt>
   <trkpt lon="15.817187" lat="47.627703"><ele>905.75</ele></trkpt>
   <trkpt lon="15.816944" lat="47.627606"><ele>902.5</ele></trkpt>
   <trkpt lon="15.816798" lat="47.627548"><ele>900.25</ele></trkpt>
   <trkpt lon="15.816284" lat="47.627384"><ele>898.75</ele></trkpt>
   <trkpt lon="15.815566" lat="47.627210"><ele>896.25</ele></trkpt>
   <trkpt lon="15.815368" lat="47.627166"><ele>895.25</ele></trkpt>
   <trkpt lon="15.815317" lat="47.627155"><ele>895.0</ele></trkpt>
   <trkpt lon="15.815108" lat="47.627109"><ele>894.0</ele></trkpt>
   <trkpt lon="15.814693" lat="47.627020"><ele>893.0</ele></trkpt>
   <trkpt lon="15.812700" lat="47.626590"><ele>890.75</ele></trkpt>
   <trkpt lon="15.812297" lat="47.626503"><ele>889.75</ele></trkpt>
   <trkpt lon="15.812263" lat="47.626496"><ele>889.5</ele></trkpt>
   <trkpt lon="15.812014" lat="47.626443"><ele>888.75</ele></trkpt>
   <trkpt lon="15.812001" lat="47.626441"><ele>888.75</ele></trkpt>
   <trkpt lon="15.811169" lat="47.626263"><ele>887.75</ele></trkpt>
   <trkpt lon="15.811053" lat="47.626238"><ele>887.75</ele></trkpt>
   <trkpt lon="15.808287" lat="47.625645"><ele>883.25</ele></trkpt>
   <trkpt lon="15.807883" lat="47.625559"><ele>881.25</ele></trkpt>
   <trkpt lon="15.807839" lat="47.625549"><ele>881.0</ele></trkpt>
   <trkpt lon="15.805107" lat="47.624965"><ele>878.0</ele></trkpt>
   <trkpt lon="15.804950" lat="47.624930"><ele>877.25</ele></trkpt>
   <trkpt lon="15.804122" lat="47.624751"><ele>873.5</ele></trkpt>
   <trkpt lon="15.803724" lat="47.624656"><ele>874.5</ele></trkpt>
   <trkpt lon="15.803328" lat="47.624541"><ele>874.25</ele></trkpt>
   <trkpt lon="15.802946" lat="47.624409"><ele>875.0</ele></trkpt>
   <trkpt lon="15.801904" lat="47.624013"><ele>876.5</ele></trkpt>
   <trkpt lon="15.801585" lat="47.623893"><ele>875.5</ele></trkpt>
   <trkpt lon="15.800992" lat="47.623691"><ele>873.25</ele></trkpt>
   <trkpt lon="15.799627" lat="47.623272"><ele>865.5</ele></trkpt>
   <trkpt lon="15.798210" lat="47.622832"><ele>860.0</ele></trkpt>
   <trkpt lon="15.798049" lat="47.622782"><ele>859.5</ele></trkpt>
   <trkpt lon="15.797087" lat="47.622487"><ele>857.5</ele></trkpt>
   <trkpt lon="15.795970" lat="47.622149"><ele>857.0</ele></trkpt>
   <trkpt lon="15.795680" lat="47.622075"><ele>856.25</ele></trkpt>
   <trkpt lon="15.795368" lat="47.622015"><ele>855.75</ele></trkpt>
   <trkpt lon="15.794956" lat="47.621954"><ele>855.0</ele></trkpt>
   <trkpt lon="15.794540" lat="47.621920"><ele>855.75</ele></trkpt>
   <trkpt lon="15.792373" lat="47.621798"><ele>854.0</ele></trkpt>
   <trkpt lon="15.791662" lat="47.621748"><ele>851.75</ele></trkpt>
   <trkpt lon="15.790990" lat="47.621686"><ele>843.75</ele></trkpt>
   <trkpt lon="15.789984" lat="47.621587"><ele>844.5</ele></trkpt>
   <trkpt lon="15.786869" lat="47.621276"><ele>842.5</ele></trkpt>
   <trkpt lon="15.786845" lat="47.621274"><ele>842.25</ele></trkpt>
   <trkpt lon="15.786381" lat="47.621230"><ele>841.0</ele></trkpt>
   <trkpt lon="15.784928" lat="47.621081"><ele>843.0</ele></trkpt>
   <trkpt lon="15.784732" lat="47.621057"><ele>842.5</ele></trkpt>
   <trkpt lon="15.784308" lat="47.620987"><ele>841.25</ele></trkpt>
   <trkpt lon="15.783721" lat="47.620854"><ele>840.0</ele></trkpt>
   <trkpt lon="15.782688" lat="47.620571"><ele>838.25</ele></trkpt>
   <trkpt lon="15.782143" lat="47.620442"><ele>837.25</ele></trkpt>
   <trkpt lon="15.781826" lat="47.620385"><ele>837.0</ele></trkpt>
   <trkpt lon="15.781638" lat="47.620360"><ele>837.0</ele></trkpt>
   <trkpt lon="15.781497" lat="47.620342"><ele>836.5</ele></trkpt>
   <trkpt lon="15.781140" lat="47.620312"><ele>835.25</ele></trkpt>
   <trkpt lon="15.780712" lat="47.620291"><ele>834.75</ele></trkpt>
   <trkpt lon="15.780538" lat="47.620280"><ele>834.75</ele></trkpt>
   <trkpt lon="15.780163" lat="47.620261"><ele>835.0</ele></trkpt>
   <trkpt lon="15.779963" lat="47.620249"><ele>835.0</ele></trkpt>
   <trkpt lon="15.779540" lat="47.620211"><ele>833.0</ele></trkpt>
   <trkpt lon="15.779158" lat="47.620162"><ele>833.0</ele></trkpt>
   <trkpt lon="15.778860" lat="47.620107"><ele>833.25</ele></trkpt>
   <trkpt lon="15.778563" lat="47.620034"><ele>833.25</ele></trkpt>
   <trkpt lon="15.778277" lat="47.619955"><ele>833.5</ele></trkpt>
   <trkpt lon="15.778012" lat="47.619865"><ele>833.75</ele></trkpt>
   <trkpt lon="15.777573" lat="47.619695"><ele>833.75</ele></trkpt>
   <trkpt lon="15.777340" lat="47.619585"><ele>834.25</ele></trkpt>
   <trkpt lon="15.775679" lat="47.618772"><ele>830.0</ele></trkpt>
   <trkpt lon="15.775384" lat="47.618648"><ele>828.5</ele></trkpt>
   <trkpt lon="15.775087" lat="47.618532"><ele>827.75</ele></trkpt>
   <trkpt lon="15.774519" lat="47.618342"><ele>827.25</ele></trkpt>
   <trkpt lon="15.773928" lat="47.618178"><ele>826.25</ele></trkpt>
   <trkpt lon="15.773038" lat="47.617960"><ele>825.25</ele></trkpt>
   <trkpt lon="15.772632" lat="47.617851"><ele>824.75</ele></trkpt>
   <trkpt lon="15.772202" lat="47.617700"><ele>824.5</ele></trkpt>
   <trkpt lon="15.772050" lat="47.617639"><ele>824.75</ele></trkpt>
   <trkpt lon="15.769847" lat="47.616746"><ele>813.25</ele></trkpt>
   <trkpt lon="15.769452" lat="47.616597"><ele>814.25</ele></trkpt>
   <trkpt lon="15.769391" lat="47.616578"><ele>814.5</ele></trkpt>
   <trkpt lon="15.769098" lat="47.616485"><ele>816.0</ele></trkpt>
   <trkpt lon="15.768742" lat="47.616399"><ele>816.75</ele></trkpt>
   <trkpt lon="15.768400" lat="47.616330"><ele>817.25</ele></trkpt>
   <trkpt lon="15.768037" lat="47.616276"><ele>817.25</ele></trkpt>
   <trkpt lon="15.767579" lat="47.616236"><ele>817.5</ele></trkpt>
   <trkpt lon="15.767266" lat="47.616220"><ele>816.75</ele></trkpt>
   <trkpt lon="15.766653" lat="47.616202"><ele>815.25</ele></trkpt>
   <trkpt lon="15.764186" lat="47.616096"><ele>811.0</ele></trkpt>
   <trkpt lon="15.763472" lat="47.616066"><ele>809.5</ele></trkpt>
   <trkpt lon="15.763383" lat="47.616060"><ele>809.25</ele></trkpt>
   <trkpt lon="15.762950" lat="47.616035"><ele>807.5</ele></trkpt>
   <trkpt lon="15.762694" lat="47.616009"><ele>806.0</ele></trkpt>
   <trkpt lon="15.762213" lat="47.615978"><ele>805.25</ele></trkpt>
   <trkpt lon="15.762073" lat="47.615971"><ele>805.5</ele></trkpt>
   <trkpt lon="15.760382" lat="47.615906"><ele>803.75</ele></trkpt>
   <trkpt lon="15.760138" lat="47.615897"><ele>803.75</ele></trkpt>
   <trkpt lon="15.759695" lat="47.615902"><ele>802.75</ele></trkpt>
   <trkpt lon="15.759350" lat="47.615924"><ele>802.25</ele></trkpt>
   <trkpt lon="15.758979" lat="47.615974"><ele>801.75</ele></trkpt>
   <trkpt lon="15.758650" lat="47.616032"><ele>801.0</ele></trkpt>
   <trkpt lon="15.758346" lat="47.616106"><ele>801.25</ele></trkpt>
   <trkpt lon="15.758011" lat="47.616208"><ele>801.0</ele></trkpt>
   <trkpt lon="15.757077" lat="47.616524"><ele>800.0</ele></trkpt>
   <trkpt lon="15.756630" lat="47.616657"><ele>798.25</ele></trkpt>
   <trkpt lon="15.756458" lat="47.616698"><ele>797.75</ele></trkpt>
   <trkpt lon="15.756260" lat="47.616743"><ele>797.25</ele></trkpt>
   <trkpt lon="15.755853" lat="47.616813"><ele>795.5</ele></trkpt>
   <trkpt lon="15.755657" lat="47.616840"><ele>795.25</ele></trkpt>
   <trkpt lon="15.754954" lat="47.616920"><ele>793.0</ele></trkpt>
   <trkpt lon="15.754811" lat="47.616935"><ele>792.75</ele></trkpt>
   <trkpt lon="15.754645" lat="47.616949"><ele>792.25</ele></trkpt>
   <trkpt lon="15.754324" lat="47.616976"><ele>792.25</ele></trkpt>
   <trkpt lon="15.754128" lat="47.616986"><ele>791.75</ele></trkpt>
   <trkpt lon="15.753651" lat="47.617022"><ele>790.25</ele></trkpt>
   <trkpt lon="15.752236" lat="47.617168"><ele>790.75</ele></trkpt>
   <trkpt lon="15.751742" lat="47.617197"><ele>789.75</ele></trkpt>
   <trkpt lon="15.751431" lat="47.617200"><ele>789.0</ele></trkpt>
   <trkpt lon="15.751120" lat="47.617189"><ele>788.0</ele></trkpt>
   <trkpt lon="15.750831" lat="47.617170"><ele>787.0</ele></trkpt>
   <trkpt lon="15.750272" lat="47.617105"><ele>786.5</ele></trkpt>
   <trkpt lon="15.749943" lat="47.617039"><ele>785.75</ele></trkpt>
   <trkpt lon="15.749490" lat="47.616920"><ele>785.0</ele></trkpt>
   <trkpt lon="15.749346" lat="47.616877"><ele>784.5</ele></trkpt>
   <trkpt lon="15.748892" lat="47.616720"><ele>784.0</ele></trkpt>
   <trkpt lon="15.748571" lat="47.616574"><ele>784.0</ele></trkpt>
   <trkpt lon="15.747940" lat="47.616263"><ele>785.0</ele></trkpt>
   <trkpt lon="15.745231" lat="47.614918"><ele>783.0</ele></trkpt>
   <trkpt lon="15.744620" lat="47.614646"><ele>780.5</ele></trkpt>
   <trkpt lon="15.744376" lat="47.614530"><ele>779.5</ele></trkpt>
   <trkpt lon="15.744360" lat="47.614522"><ele>779.5</ele></trkpt>
   <trkpt lon="15.744198" lat="47.614441"><ele>779.0</ele></trkpt>
   <trkpt lon="15.744135" lat="47.614407"><ele>779.0</ele></trkpt>
   <trkpt lon="15.743810" lat="47.614252"><ele>780.0</ele></trkpt>
   <trkpt lon="15.743449" lat="47.614101"><ele>781.25</ele></trkpt>
   <trkpt lon="15.743137" lat="47.613949"><ele>781.25</ele></trkpt>
   <trkpt lon="15.743019" lat="47.613888"><ele>780.75</ele></trkpt>
   <trkpt lon="15.742003" lat="47.613373"><ele>776.5</ele></trkpt>
   <trkpt lon="15.741472" lat="47.613091"><ele>777.0</ele></trkpt>
   <trkpt lon="15.741141" lat="47.612901"><ele>777.5</ele></trkpt>
   <trkpt lon="15.740985" lat="47.612799"><ele>777.25</ele></trkpt>
   <trkpt lon="15.740785" lat="47.612656"><ele>776.5</ele></trkpt>
   <trkpt lon="15.740646" lat="47.612546"><ele>776.25</ele></trkpt>
   <trkpt lon="15.740414" lat="47.612338"><ele>776.75</ele></trkpt>
   <trkpt lon="15.740358" lat="47.612278"><ele>777.0</ele></trkpt>
   <trkpt lon="15.740172" lat="47.612071"><ele>777.0</ele></trkpt>
   <trkpt lon="15.740025" lat="47.611885"><ele>776.25</ele></trkpt>
   <trkpt lon="15.739946" lat="47.611766"><ele>776.25</ele></trkpt>
   <trkpt lon="15.739715" lat="47.611373"><ele>776.75</ele></trkpt>
   <trkpt lon="15.739341" lat="47.610664"><ele>778.25</ele></trkpt>
   <trkpt lon="15.739127" lat="47.610332"><ele>778.0</ele></trkpt>
   <trkpt lon="15.739015" lat="47.610186"><ele>778.0</ele></trkpt>
   <trkpt lon="15.738899" lat="47.610051"><ele>778.25</ele></trkpt>
   <trkpt lon="15.738737" lat="47.609892"><ele>778.0</ele></trkpt>
   <trkpt lon="15.738596" lat="47.609771"><ele>777.25</ele></trkpt>
   <trkpt lon="15.738439" lat="47.609649"><ele>776.25</ele></trkpt>
   <trkpt lon="15.738221" lat="47.609499"><ele>774.75</ele></trkpt>
   <trkpt lon="15.737976" lat="47.609350"><ele>773.0</ele></trkpt>
   <trkpt lon="15.737671" lat="47.609180"><ele>771.0</ele></trkpt>
   <trkpt lon="15.737251" lat="47.608962"><ele>770.25</ele></trkpt>
   <trkpt lon="15.736408" lat="47.608496"><ele>766.5</ele></trkpt>
   <trkpt lon="15.736283" lat="47.608424"><ele>766.25</ele></trkpt>
   <trkpt lon="15.734160" lat="47.607140"><ele>768.0</ele></trkpt>
   <trkpt lon="15.732261" lat="47.605987"><ele>763.0</ele></trkpt>
   <trkpt lon="15.731568" lat="47.605557"><ele>761.75</ele></trkpt>
   <trkpt lon="15.730703" lat="47.604991"><ele>756.5</ele></trkpt>
   <trkpt lon="15.728127" lat="47.603216"><ele>745.75</ele></trkpt>
   <trkpt lon="15.727653" lat="47.602899"><ele>743.75</ele></trkpt>
   <trkpt lon="15.727371" lat="47.602729"><ele>743.5</ele></trkpt>
   <trkpt lon="15.727320" lat="47.602701"><ele>743.5</ele></trkpt>
   <trkpt lon="15.727024" lat="47.602552"><ele>743.5</ele></trkpt>
   <trkpt lon="15.726884" lat="47.602491"><ele>743.5</ele></trkpt>
   <trkpt lon="15.726528" lat="47.602360"><ele>743.5</ele></trkpt>
   <trkpt lon="15.726273" lat="47.602281"><ele>743.75</ele></trkpt>
   <trkpt lon="15.726020" lat="47.602219"><ele>744.0</ele></trkpt>
   <trkpt lon="15.725768" lat="47.602170"><ele>744.25</ele></trkpt>
   <trkpt lon="15.725511" lat="47.602129"><ele>744.0</ele></trkpt>
   <trkpt lon="15.725101" lat="47.602090"><ele>744.0</ele></trkpt>
   <trkpt lon="15.724861" lat="47.602080"><ele>744.0</ele></trkpt>
   <trkpt lon="15.724664" lat="47.602079"><ele>744.0</ele></trkpt>
   <trkpt lon="15.724441" lat="47.602087"><ele>744.25</ele></trkpt>
   <trkpt lon="15.724245" lat="47.602101"><ele>744.75</ele></trkpt>
   <trkpt lon="15.723825" lat="47.602152"><ele>743.75</ele></trkpt>
   <trkpt lon="15.723613" lat="47.602190"><ele>743.25</ele></trkpt>
   <trkpt lon="15.723406" lat="47.602236"><ele>742.75</ele></trkpt>
   <trkpt lon="15.723184" lat="47.602296"><ele>742.25</ele></trkpt>
   <trkpt lon="15.722959" lat="47.602366"><ele>742.0</ele></trkpt>
   <trkpt lon="15.722559" lat="47.602512"><ele>741.5</ele></trkpt>
   <trkpt lon="15.722332" lat="47.602602"><ele>740.75</ele></trkpt>
   <trkpt lon="15.719547" lat="47.603791"><ele>732.0</ele></trkpt>
   <trkpt lon="15.719176" lat="47.603946"><ele>730.5</ele></trkpt>
   <trkpt lon="15.718909" lat="47.604053"><ele>730.5</ele></trkpt>
   <trkpt lon="15.718605" lat="47.604166"><ele>730.5</ele></trkpt>
   <trkpt lon="15.718337" lat="47.604262"><ele>730.75</ele></trkpt>
   <trkpt lon="15.717407" lat="47.604563"><ele>728.25</ele></trkpt>
   <trkpt lon="15.717283" lat="47.604604"><ele>728.25</ele></trkpt>
   <trkpt lon="15.715931" lat="47.605041"><ele>728.25</ele></trkpt>
   <trkpt lon="15.715595" lat="47.605140"><ele>729.75</ele></trkpt>
   <trkpt lon="15.715356" lat="47.605203"><ele>731.25</ele></trkpt>
   <trkpt lon="15.714905" lat="47.605294"><ele>732.75</ele></trkpt>
   <trkpt lon="15.714713" lat="47.605324"><ele>733.5</ele></trkpt>
   <trkpt lon="15.714306" lat="47.605367"><ele>733.75</ele></trkpt>
   <trkpt lon="15.714090" lat="47.605385"><ele>733.5</ele></trkpt>
   <trkpt lon="15.713670" lat="47.605392"><ele>731.25</ele></trkpt>
   <trkpt lon="15.713456" lat="47.605389"><ele>730.0</ele></trkpt>
   <trkpt lon="15.713007" lat="47.605367"><ele>725.75</ele></trkpt>
   <trkpt lon="15.712493" lat="47.605330"><ele>720.5</ele></trkpt>
   <trkpt lon="15.712307" lat="47.605317"><ele>719.5</ele></trkpt>
   <trkpt lon="15.710030" lat="47.605142"><ele>711.5</ele></trkpt>
   <trkpt lon="15.709814" lat="47.605125"><ele>711.5</ele></trkpt>
   <trkpt lon="15.709053" lat="47.605063"><ele>712.0</ele></trkpt>
   <trkpt lon="15.708877" lat="47.605053"><ele>711.75</ele></trkpt>
   <trkpt lon="15.706332" lat="47.604860"><ele>708.0</ele></trkpt>
   <trkpt lon="15.706031" lat="47.604845"><ele>706.25</ele></trkpt>
   <trkpt lon="15.705744" lat="47.604842"><ele>704.75</ele></trkpt>
   <trkpt lon="15.705439" lat="47.604844"><ele>704.25</ele></trkpt>
   <trkpt lon="15.705183" lat="47.604853"><ele>703.75</ele></trkpt>
   <trkpt lon="15.704735" lat="47.604881"><ele>703.5</ele></trkpt>
   <trkpt lon="15.704267" lat="47.604930"><ele>703.75</ele></trkpt>
   <trkpt lon="15.703768" lat="47.605007"><ele>703.5</ele></trkpt>
   <trkpt lon="15.703367" lat="47.605086"><ele>704.25</ele></trkpt>
   <trkpt lon="15.701888" lat="47.605420"><ele>708.25</ele></trkpt>
   <trkpt lon="15.701701" lat="47.605463"><ele>708.0</ele></trkpt>
   <trkpt lon="15.698390" lat="47.606219"><ele>709.25</ele></trkpt>
   <trkpt lon="15.696639" lat="47.606619"><ele>705.75</ele></trkpt>
   <trkpt lon="15.695947" lat="47.606777"><ele>701.75</ele></trkpt>
   <trkpt lon="15.695847" lat="47.606800"><ele>701.25</ele></trkpt>
   <trkpt lon="15.694779" lat="47.607039"><ele>698.5</ele></trkpt>
   <trkpt lon="15.694054" lat="47.607209"><ele>695.25</ele></trkpt>
   <trkpt lon="15.692905" lat="47.607447"><ele>692.25</ele></trkpt>
   <trkpt lon="15.692579" lat="47.607514"><ele>691.75</ele></trkpt>
   <trkpt lon="15.692062" lat="47.607605"><ele>693.75</ele></trkpt>
   <trkpt lon="15.691743" lat="47.607650"><ele>694.5</ele></trkpt>
   <trkpt lon="15.691157" lat="47.607721"><ele>697.5</ele></trkpt>
   <trkpt lon="15.690639" lat="47.607776"><ele>698.5</ele></trkpt>
   <trkpt lon="15.690213" lat="47.607812"><ele>697.75</ele></trkpt>
   <trkpt lon="15.689584" lat="47.607853"><ele>694.25</ele></trkpt>
   <trkpt lon="15.688501" lat="47.607897"><ele>689.25</ele></trkpt>
   <trkpt lon="15.688124" lat="47.607908"><ele>688.25</ele></trkpt>
   <trkpt lon="15.687821" lat="47.607907"><ele>687.75</ele></trkpt>
   <trkpt lon="15.687521" lat="47.607898"><ele>687.25</ele></trkpt>
   <trkpt lon="15.687364" lat="47.607889"><ele>687.25</ele></trkpt>
   <trkpt lon="15.687348" lat="47.607889"><ele>687.25</ele></trkpt>
   <trkpt lon="15.687326" lat="47.607888"><ele>687.25</ele></trkpt>
   <trkpt lon="15.687307" lat="47.607886"><ele>687.25</ele></trkpt>
   <trkpt lon="15.686959" lat="47.607868"><ele>687.5</ele></trkpt>
   <trkpt lon="15.686585" lat="47.607875"><ele>687.75</ele></trkpt>
   <trkpt lon="15.685408" lat="47.607947"><ele>687.0</ele></trkpt>
   <trkpt lon="15.685360" lat="47.607950"><ele>687.0</ele></trkpt>
   <trkpt lon="15.684701" lat="47.607978"><ele>686.25</ele></trkpt>
   <trkpt lon="15.684379" lat="47.607970"><ele>685.25</ele></trkpt>
   <trkpt lon="15.684046" lat="47.607949"><ele>684.0</ele></trkpt>
   <trkpt lon="15.683847" lat="47.607944"><ele>683.0</ele></trkpt>
   <trkpt lon="15.683645" lat="47.607948"><ele>682.0</ele></trkpt>
   <trkpt lon="15.681611" lat="47.608057"><ele>677.25</ele></trkpt>
   <trkpt lon="15.680812" lat="47.608097"><ele>678.25</ele></trkpt>
   <trkpt lon="15.679738" lat="47.608150"><ele>679.5</ele></trkpt>
   <trkpt lon="15.679726" lat="47.608151"><ele>679.5</ele></trkpt>
   <trkpt lon="15.679698" lat="47.608152"><ele>679.5</ele></trkpt>
   <trkpt lon="15.678455" lat="47.608210"><ele>680.25</ele></trkpt>
   <trkpt lon="15.678083" lat="47.608205"><ele>680.75</ele></trkpt>
   <trkpt lon="15.677743" lat="47.608182"><ele>681.25</ele></trkpt>
   <trkpt lon="15.677381" lat="47.608158"><ele>681.0</ele></trkpt>
   <trkpt lon="15.676891" lat="47.608138"><ele>679.5</ele></trkpt>
   <trkpt lon="15.676227" lat="47.608112"><ele>677.75</ele></trkpt>
   <trkpt lon="15.676193" lat="47.608112"><ele>677.5</ele></trkpt>
   <trkpt lon="15.676123" lat="47.608109"><ele>677.25</ele></trkpt>
   <trkpt lon="15.675710" lat="47.608094"><ele>676.5</ele></trkpt>
   <trkpt lon="15.675049" lat="47.608089"><ele>675.25</ele></trkpt>
   <trkpt lon="15.673649" lat="47.608121"><ele>674.0</ele></trkpt>
   <trkpt lon="15.673544" lat="47.608123"><ele>673.75</ele></trkpt>
   <trkpt lon="15.673193" lat="47.608124"><ele>673.5</ele></trkpt>
   <trkpt lon="15.672829" lat="47.608107"><ele>673.5</ele></trkpt>
   <trkpt lon="15.672248" lat="47.608046"><ele>673.0</ele></trkpt>
   <trkpt lon="15.672093" lat="47.608021"><ele>672.75</ele></trkpt>
   <trkpt lon="15.671871" lat="47.607980"><ele>672.25</ele></trkpt>
   <trkpt lon="15.671351" lat="47.607864"><ele>671.25</ele></trkpt>
   <trkpt lon="15.670963" lat="47.607771"><ele>670.5</ele></trkpt>
   <trkpt lon="15.670935" lat="47.607764"><ele>670.5</ele></trkpt>
   <trkpt lon="15.670918" lat="47.607760"><ele>670.5</ele></trkpt>
   <trkpt lon="15.670639" lat="47.607686"><ele>670.25</ele></trkpt>
   <trkpt lon="15.670363" lat="47.607599"><ele>670.0</ele></trkpt>
   <trkpt lon="15.670312" lat="47.607583"><ele>670.0</ele></trkpt>
   <trkpt lon="15.670004" lat="47.607478"><ele>669.75</ele></trkpt>
   <trkpt lon="15.669809" lat="47.607405"><ele>669.5</ele></trkpt>
   <trkpt lon="15.669363" lat="47.607217"><ele>668.75</ele></trkpt>
   <trkpt lon="15.669217" lat="47.607151"><ele>668.25</ele></trkpt>
   <trkpt lon="15.668964" lat="47.607025"><ele>667.5</ele></trkpt>
   <trkpt lon="15.668723" lat="47.606896"><ele>666.5</ele></trkpt>
   <trkpt lon="15.668505" lat="47.606769"><ele>666.0</ele></trkpt>
   <trkpt lon="15.668419" lat="47.606712"><ele>666.0</ele></trkpt>
   <trkpt lon="15.668091" lat="47.606491"><ele>666.5</ele></trkpt>
   <trkpt lon="15.667898" lat="47.606347"><ele>666.75</ele></trkpt>
   <trkpt lon="15.667670" lat="47.606163"><ele>667.25</ele></trkpt>
   <trkpt lon="15.667480" lat="47.605995"><ele>667.75</ele></trkpt>
   <trkpt lon="15.667301" lat="47.605823"><ele>667.75</ele></trkpt>
   <trkpt lon="15.667138" lat="47.605648"><ele>667.25</ele></trkpt>
   <trkpt lon="15.666974" lat="47.605459"><ele>666.5</ele></trkpt>
   <trkpt lon="15.666822" lat="47.605265"><ele>665.75</ele></trkpt>
   <trkpt lon="15.666713" lat="47.605108"><ele>665.25</ele></trkpt>
   <trkpt lon="15.666564" lat="47.604873"><ele>664.25</ele></trkpt>
   <trkpt lon="15.666456" lat="47.604675"><ele>663.5</ele></trkpt>
   <trkpt lon="15.666344" lat="47.604447"><ele>662.75</ele></trkpt>
   <trkpt lon="15.666182" lat="47.604076"><ele>661.75</ele></trkpt>
   <trkpt lon="15.666082" lat="47.603827"><ele>662.25</ele></trkpt>
   <trkpt lon="15.666070" lat="47.603801"><ele>662.25</ele></trkpt>
   <trkpt lon="15.666064" lat="47.603787"><ele>662.25</ele></trkpt>
   <trkpt lon="15.666032" lat="47.603708"><ele>662.5</ele></trkpt>
   <trkpt lon="15.665982" lat="47.603585"><ele>662.75</ele></trkpt>
   <trkpt lon="15.665442" lat="47.602265"><ele>665.25</ele></trkpt>
   <trkpt lon="15.665348" lat="47.602035"><ele>665.5</ele></trkpt>
   <trkpt lon="15.665226" lat="47.601755"><ele>665.75</ele></trkpt>
   <trkpt lon="15.664929" lat="47.601126"><ele>665.25</ele></trkpt>
   <trkpt lon="15.664770" lat="47.600757"><ele>664.5</ele></trkpt>
   <trkpt lon="15.664764" lat="47.600744"><ele>664.5</ele></trkpt>
   <trkpt lon="15.663376" lat="47.597325"><ele>659.75</ele></trkpt>
   <trkpt lon="15.662928" lat="47.596222"><ele>658.75</ele></trkpt>
   <trkpt lon="15.662803" lat="47.595930"><ele>659.25</ele></trkpt>
   <trkpt lon="15.662664" lat="47.595652"><ele>659.75</ele></trkpt>
   <trkpt lon="15.662616" lat="47.595550"><ele>659.5</ele></trkpt>
   <trkpt lon="15.662433" lat="47.595225"><ele>659.25</ele></trkpt>
   <trkpt lon="15.662258" lat="47.594964"><ele>658.75</ele></trkpt>
   <trkpt lon="15.662138" lat="47.594809"><ele>658.75</ele></trkpt>
   <trkpt lon="15.661886" lat="47.594513"><ele>658.75</ele></trkpt>
   <trkpt lon="15.661665" lat="47.594286"><ele>658.25</ele></trkpt>
   <trkpt lon="15.661291" lat="47.593955"><ele>659.75</ele></trkpt>
   <trkpt lon="15.661027" lat="47.593750"><ele>660.0</ele></trkpt>
   <trkpt lon="15.660883" lat="47.593647"><ele>660.0</ele></trkpt>
   <trkpt lon="15.660652" lat="47.593494"><ele>660.75</ele></trkpt>
   <trkpt lon="15.660292" lat="47.593278"><ele>661.0</ele></trkpt>
   <trkpt lon="15.659742" lat="47.592990"><ele>665.25</ele></trkpt>
   <trkpt lon="15.659285" lat="47.592774"><ele>667.5</ele></trkpt>
   <trkpt lon="15.657365" lat="47.591914"><ele>663.25</ele></trkpt>
   <trkpt lon="15.657191" lat="47.591835"><ele>662.75</ele></trkpt>
   <trkpt lon="15.656540" lat="47.591556"><ele>662.0</ele></trkpt>
   <trkpt lon="15.655970" lat="47.591265"><ele>662.25</ele></trkpt>
   <trkpt lon="15.655566" lat="47.591041"><ele>662.0</ele></trkpt>
   <trkpt lon="15.655249" lat="47.590846"><ele>661.75</ele></trkpt>
   <trkpt lon="15.654849" lat="47.590571"><ele>664.0</ele></trkpt>
   <trkpt lon="15.654166" lat="47.589995"><ele>664.75</ele></trkpt>
   <trkpt lon="15.653585" lat="47.589380"><ele>666.0</ele></trkpt>
   <trkpt lon="15.653537" lat="47.589330"><ele>666.0</ele></trkpt>
   <trkpt lon="15.652649" lat="47.588397"><ele>668.75</ele></trkpt>
   <trkpt lon="15.651845" lat="47.587553"><ele>660.25</ele></trkpt>
   <trkpt lon="15.651728" lat="47.587433"><ele>659.0</ele></trkpt>
   <trkpt lon="15.651004" lat="47.586697"><ele>654.5</ele></trkpt>
   <trkpt lon="15.650789" lat="47.586490"><ele>653.5</ele></trkpt>
   <trkpt lon="15.650475" lat="47.586214"><ele>653.25</ele></trkpt>
   <trkpt lon="15.650333" lat="47.586099"><ele>652.75</ele></trkpt>
   <trkpt lon="15.650126" lat="47.585938"><ele>651.75</ele></trkpt>
   <trkpt lon="15.649628" lat="47.585586"><ele>649.25</ele></trkpt>
   <trkpt lon="15.649159" lat="47.585275"><ele>648.25</ele></trkpt>
   <trkpt lon="15.648875" lat="47.585102"><ele>648.0</ele></trkpt>
   <trkpt lon="15.648691" lat="47.584992"><ele>648.0</ele></trkpt>
   <trkpt lon="15.648662" lat="47.584974"><ele>648.0</ele></trkpt>
   <trkpt lon="15.648538" lat="47.584899"><ele>648.0</ele></trkpt>
   <trkpt lon="15.645580" lat="47.583106"><ele>647.5</ele></trkpt>
   <trkpt lon="15.645420" lat="47.583008"><ele>647.25</ele></trkpt>
   <trkpt lon="15.645222" lat="47.582887"><ele>647.0</ele></trkpt>
   <trkpt lon="15.644213" lat="47.582279"><ele>647.0</ele></trkpt>
   <trkpt lon="15.638910" lat="47.579052"><ele>647.75</ele></trkpt>
   <trkpt lon="15.636999" lat="47.577948"><ele>650.75</ele></trkpt>
   <trkpt lon="15.636738" lat="47.577807"><ele>651.5</ele></trkpt>
   <trkpt lon="15.636173" lat="47.577528"><ele>655.75</ele></trkpt>
   <trkpt lon="15.633972" lat="47.576476"><ele>660.5</ele></trkpt>
   <trkpt lon="15.629520" lat="47.574354"><ele>655.25</ele></trkpt>
   <trkpt lon="15.628618" lat="47.573953"><ele>647.25</ele></trkpt>
   <trkpt lon="15.628483" lat="47.573898"><ele>646.0</ele></trkpt>
   <trkpt lon="15.627979" lat="47.573714"><ele>643.75</ele></trkpt>
   <trkpt lon="15.627484" lat="47.573557"><ele>642.5</ele></trkpt>
   <trkpt lon="15.627102" lat="47.573455"><ele>643.75</ele></trkpt>
   <trkpt lon="15.626608" lat="47.573331"><ele>645.25</ele></trkpt>
   <trkpt lon="15.624795" lat="47.572948"><ele>647.5</ele></trkpt>
   <trkpt lon="15.624386" lat="47.572846"><ele>646.0</ele></trkpt>
   <trkpt lon="15.623586" lat="47.572617"><ele>648.5</ele></trkpt>
   <trkpt lon="15.622775" lat="47.572344"><ele>651.0</ele></trkpt>
   <trkpt lon="15.621856" lat="47.572000"><ele>649.75</ele></trkpt>
   <trkpt lon="15.619909" lat="47.571151"><ele>653.5</ele></trkpt>
   <trkpt lon="15.618230" lat="47.570469"><ele>643.0</ele></trkpt>
   <trkpt lon="15.617692" lat="47.570234"><ele>640.5</ele></trkpt>
   <trkpt lon="15.617554" lat="47.570169"><ele>639.5</ele></trkpt>
   <trkpt lon="15.617252" lat="47.570021"><ele>637.75</ele></trkpt>
   <trkpt lon="15.616736" lat="47.569743"><ele>637.75</ele></trkpt>
   <trkpt lon="15.616594" lat="47.569663"><ele>638.25</ele></trkpt>
   <trkpt lon="15.614669" lat="47.568566"><ele>643.5</ele></trkpt>
   <trkpt lon="15.614087" lat="47.568257"><ele>646.75</ele></trkpt>
   <trkpt lon="15.613615" lat="47.568033"><ele>648.0</ele></trkpt>
   <trkpt lon="15.613457" lat="47.567961"><ele>647.5</ele></trkpt>
   <trkpt lon="15.613026" lat="47.567780"><ele>646.25</ele></trkpt>
   <trkpt lon="15.612686" lat="47.567649"><ele>645.25</ele></trkpt>
   <trkpt lon="15.611457" lat="47.567208"><ele>645.5</ele></trkpt>
   <trkpt lon="15.610736" lat="47.566938"><ele>642.75</ele></trkpt>
   <trkpt lon="15.610651" lat="47.566906"><ele>642.5</ele></trkpt>
   <trkpt lon="15.610300" lat="47.566764"><ele>640.25</ele></trkpt>
   <trkpt lon="15.609985" lat="47.566628"><ele>638.5</ele></trkpt>
   <trkpt lon="15.609670" lat="47.566474"><ele>638.0</ele></trkpt>
   <trkpt lon="15.609411" lat="47.566333"><ele>637.25</ele></trkpt>
   <trkpt lon="15.609089" lat="47.566136"><ele>635.75</ele></trkpt>
   <trkpt lon="15.608486" lat="47.565729"><ele>632.75</ele></trkpt>
   <trkpt lon="15.608468" lat="47.565718"><ele>632.75</ele></trkpt>
   <trkpt lon="15.607617" lat="47.565096"><ele>633.5</ele></trkpt>
   <trkpt lon="15.607163" lat="47.564707"><ele>634.0</ele></trkpt>
   <trkpt lon="15.607141" lat="47.564689"><ele>634.0</ele></trkpt>
   <trkpt lon="15.607114" lat="47.564666"><ele>634.25</ele></trkpt>
   <trkpt lon="15.606743" lat="47.564326"><ele>634.5</ele></trkpt>
   <trkpt lon="15.606635" lat="47.564224"><ele>634.5</ele></trkpt>
   <trkpt lon="15.606256" lat="47.563889"><ele>634.75</ele></trkpt>
   <trkpt lon="15.605929" lat="47.563615"><ele>633.25</ele></trkpt>
   <trkpt lon="15.605747" lat="47.563471"><ele>631.5</ele></trkpt>
   <trkpt lon="15.605487" lat="47.563279"><ele>629.25</ele></trkpt>
   <trkpt lon="15.605387" lat="47.563208"><ele>629.0</ele></trkpt>
   <trkpt lon="15.604855" lat="47.562856"><ele>627.5</ele></trkpt>
   <trkpt lon="15.604481" lat="47.562652"><ele>626.5</ele></trkpt>
   <trkpt lon="15.604035" lat="47.562427"><ele>625.75</ele></trkpt>
   <trkpt lon="15.603908" lat="47.562371"><ele>625.5</ele></trkpt>
   <trkpt lon="15.603566" lat="47.562223"><ele>625.25</ele></trkpt>
   <trkpt lon="15.603138" lat="47.562059"><ele>625.25</ele></trkpt>
   <trkpt lon="15.602701" lat="47.561910"><ele>625.5</ele></trkpt>
   <trkpt lon="15.602426" lat="47.561825"><ele>626.0</ele></trkpt>
   <trkpt lon="15.602145" lat="47.561747"><ele>626.0</ele></trkpt>
   <trkpt lon="15.601579" lat="47.561608"><ele>625.5</ele></trkpt>
   <trkpt lon="15.601020" lat="47.561500"><ele>624.25</ele></trkpt>
   <trkpt lon="15.600456" lat="47.561415"><ele>623.25</ele></trkpt>
   <trkpt lon="15.600244" lat="47.561387"><ele>623.0</ele></trkpt>
   <trkpt lon="15.599820" lat="47.561342"><ele>622.75</ele></trkpt>
   <trkpt lon="15.599170" lat="47.561288"><ele>622.75</ele></trkpt>
   <trkpt lon="15.599069" lat="47.561281"><ele>622.75</ele></trkpt>
   <trkpt lon="15.598515" lat="47.561240"><ele>623.25</ele></trkpt>
   <trkpt lon="15.593820" lat="47.560939"><ele>624.0</ele></trkpt>
   <trkpt lon="15.591126" lat="47.560759"><ele>620.75</ele></trkpt>
   <trkpt lon="15.590167" lat="47.560697"><ele>620.75</ele></trkpt>
   <trkpt lon="15.588424" lat="47.560582"><ele>619.25</ele></trkpt>
   <trkpt lon="15.587874" lat="47.560533"><ele>618.75</ele></trkpt>
   <trkpt lon="15.587343" lat="47.560475"><ele>618.5</ele></trkpt>
   <trkpt lon="15.586682" lat="47.560382"><ele>620.25</ele></trkpt>
   <trkpt lon="15.586203" lat="47.560301"><ele>621.5</ele></trkpt>
   <trkpt lon="15.585729" lat="47.560210"><ele>622.25</ele></trkpt>
   <trkpt lon="15.585341" lat="47.560125"><ele>622.0</ele></trkpt>
   <trkpt lon="15.584983" lat="47.560042"><ele>622.0</ele></trkpt>
   <trkpt lon="15.584424" lat="47.559899"><ele>621.5</ele></trkpt>
   <trkpt lon="15.584287" lat="47.559861"><ele>621.25</ele></trkpt>
   <trkpt lon="15.583711" lat="47.559691"><ele>619.75</ele></trkpt>
   <trkpt lon="15.583243" lat="47.559537"><ele>619.25</ele></trkpt>
   <trkpt lon="15.582792" lat="47.559376"><ele>619.25</ele></trkpt>
   <trkpt lon="15.582434" lat="47.559239"><ele>619.0</ele></trkpt>
   <trkpt lon="15.582103" lat="47.559104"><ele>619.25</ele></trkpt>
   <trkpt lon="15.581775" lat="47.558963"><ele>619.5</ele></trkpt>
   <trkpt lon="15.581322" lat="47.558752"><ele>619.5</ele></trkpt>
   <trkpt lon="15.580615" lat="47.558392"><ele>619.75</ele></trkpt>
   <trkpt lon="15.576927" lat="47.556391"><ele>619.25</ele></trkpt>
   <trkpt lon="15.576804" lat="47.556324"><ele>618.75</ele></trkpt>
   <trkpt lon="15.571864" lat="47.553644"><ele>612.25</ele></trkpt>
   <trkpt lon="15.570565" lat="47.552940"><ele>611.5</ele></trkpt>
   <trkpt lon="15.569115" lat="47.552160"><ele>612.0</ele></trkpt>
   <trkpt lon="15.569037" lat="47.552120"><ele>612.0</ele></trkpt>
   <trkpt lon="15.566947" lat="47.550982"><ele>608.75</ele></trkpt>
   <trkpt lon="15.566757" lat="47.550882"><ele>608.75</ele></trkpt>
   <trkpt lon="15.566380" lat="47.550690"><ele>609.25</ele></trkpt>
   <trkpt lon="15.566120" lat="47.550573"><ele>609.75</ele></trkpt>
   <trkpt lon="15.565799" lat="47.550417"><ele>609.75</ele></trkpt>
   <trkpt lon="15.565465" lat="47.550238"><ele>609.25</ele></trkpt>
   <trkpt lon="15.560955" lat="47.547790"><ele>607.5</ele></trkpt>
   <trkpt lon="15.559049" lat="47.546753"><ele>607.25</ele></trkpt>
   <trkpt lon="15.559003" lat="47.546729"><ele>607.25</ele></trkpt>
   <trkpt lon="15.558706" lat="47.546556"><ele>606.75</ele></trkpt>
   <trkpt lon="15.558228" lat="47.546254"><ele>606.25</ele></trkpt>
   <trkpt lon="15.558058" lat="47.546157"><ele>606.0</ele></trkpt>
   <trkpt lon="15.557973" lat="47.546111"><ele>606.0</ele></trkpt>
   <trkpt lon="15.557954" lat="47.546102"><ele>606.0</ele></trkpt>
   <trkpt lon="15.557933" lat="47.546089"><ele>606.0</ele></trkpt>
   <trkpt lon="15.557913" lat="47.546079"><ele>606.0</ele></trkpt>
   <trkpt lon="15.557507" lat="47.545857"><ele>606.75</ele></trkpt>
   <trkpt lon="15.556682" lat="47.545417"><ele>605.0</ele></trkpt>
   <trkpt lon="15.556405" lat="47.545277"><ele>604.5</ele></trkpt>
   <trkpt lon="15.556133" lat="47.545152"><ele>604.25</ele></trkpt>
   <trkpt lon="15.555641" lat="47.544949"><ele>603.75</ele></trkpt>
   <trkpt lon="15.555209" lat="47.544798"><ele>603.25</ele></trkpt>
   <trkpt lon="15.554877" lat="47.544698"><ele>603.25</ele></trkpt>
   <trkpt lon="15.554796" lat="47.544675"><ele>603.0</ele></trkpt>
   <trkpt lon="15.554380" lat="47.544569"><ele>603.0</ele></trkpt>
   <trkpt lon="15.553946" lat="47.544480"><ele>603.5</ele></trkpt>
   <trkpt lon="15.553643" lat="47.544428"><ele>604.0</ele></trkpt>
   <trkpt lon="15.553212" lat="47.544370"><ele>604.5</ele></trkpt>
   <trkpt lon="15.552777" lat="47.544330"><ele>605.0</ele></trkpt>
   <trkpt lon="15.552417" lat="47.544309"><ele>605.0</ele></trkpt>
   <trkpt lon="15.551990" lat="47.544300"><ele>604.0</ele></trkpt>
   <trkpt lon="15.551619" lat="47.544305"><ele>603.25</ele></trkpt>
   <trkpt lon="15.551019" lat="47.544337"><ele>605.75</ele></trkpt>
   <trkpt lon="15.550811" lat="47.544359"><ele>606.25</ele></trkpt>
   <trkpt lon="15.550585" lat="47.544383"><ele>607.25</ele></trkpt>
   <trkpt lon="15.550369" lat="47.544414"><ele>608.0</ele></trkpt>
   <trkpt lon="15.550126" lat="47.544451"><ele>609.0</ele></trkpt>
   <trkpt lon="15.549580" lat="47.544557"><ele>610.25</ele></trkpt>
   <trkpt lon="15.549215" lat="47.544647"><ele>610.75</ele></trkpt>
   <trkpt lon="15.548756" lat="47.544776"><ele>610.0</ele></trkpt>
   <trkpt lon="15.548421" lat="47.544879"><ele>609.25</ele></trkpt>
   <trkpt lon="15.547886" lat="47.545057"><ele>608.5</ele></trkpt>
   <trkpt lon="15.547813" lat="47.545081"><ele>608.75</ele></trkpt>
   <trkpt lon="15.546322" lat="47.545575"><ele>608.5</ele></trkpt>
   <trkpt lon="15.544342" lat="47.546219"><ele>607.0</ele></trkpt>
   <trkpt lon="15.542011" lat="47.546982"><ele>605.0</ele></trkpt>
   <trkpt lon="15.541341" lat="47.547192"><ele>604.25</ele></trkpt>
   <trkpt lon="15.540896" lat="47.547321"><ele>603.5</ele></trkpt>
   <trkpt lon="15.540501" lat="47.547420"><ele>603.0</ele></trkpt>
   <trkpt lon="15.540125" lat="47.547502"><ele>603.0</ele></trkpt>
   <trkpt lon="15.539746" lat="47.547574"><ele>602.5</ele></trkpt>
   <trkpt lon="15.539321" lat="47.547639"><ele>601.75</ele></trkpt>
   <trkpt lon="15.538989" lat="47.547681"><ele>600.75</ele></trkpt>
   <trkpt lon="15.538603" lat="47.547716"><ele>599.75</ele></trkpt>
   <trkpt lon="15.538263" lat="47.547738"><ele>599.0</ele></trkpt>
   <trkpt lon="15.537934" lat="47.547750"><ele>599.0</ele></trkpt>
   <trkpt lon="15.537568" lat="47.547757"><ele>599.25</ele></trkpt>
   <trkpt lon="15.537193" lat="47.547753"><ele>598.5</ele></trkpt>
   <trkpt lon="15.536841" lat="47.547738"><ele>597.75</ele></trkpt>
   <trkpt lon="15.536507" lat="47.547715"><ele>597.25</ele></trkpt>
   <trkpt lon="15.536169" lat="47.547683"><ele>597.0</ele></trkpt>
   <trkpt lon="15.535936" lat="47.547654"><ele>596.75</ele></trkpt>
   <trkpt lon="15.535412" lat="47.547577"><ele>596.5</ele></trkpt>
   <trkpt lon="15.534850" lat="47.547468"><ele>596.25</ele></trkpt>
   <trkpt lon="15.534491" lat="47.547384"><ele>596.75</ele></trkpt>
   <trkpt lon="15.534270" lat="47.547325"><ele>596.75</ele></trkpt>
   <trkpt lon="15.533764" lat="47.547174"><ele>596.75</ele></trkpt>
   <trkpt lon="15.533179" lat="47.546965"><ele>596.0</ele></trkpt>
   <trkpt lon="15.532703" lat="47.546763"><ele>595.75</ele></trkpt>
   <trkpt lon="15.532321" lat="47.546582"><ele>596.0</ele></trkpt>
   <trkpt lon="15.532109" lat="47.546472"><ele>596.25</ele></trkpt>
   <trkpt lon="15.531641" lat="47.546201"><ele>596.5</ele></trkpt>
   <trkpt lon="15.531461" lat="47.546088"><ele>596.75</ele></trkpt>
   <trkpt lon="15.531438" lat="47.546073"><ele>596.75</ele></trkpt>
   <trkpt lon="15.531403" lat="47.546049"><ele>596.75</ele></trkpt>
   <trkpt lon="15.531336" lat="47.546005"><ele>596.75</ele></trkpt>
   <trkpt lon="15.531074" lat="47.545831"><ele>597.25</ele></trkpt>
   <trkpt lon="15.530967" lat="47.545758"><ele>597.25</ele></trkpt>
   <trkpt lon="15.527783" lat="47.543551"><ele>595.5</ele></trkpt>
   <trkpt lon="15.524703" lat="47.541416"><ele>591.25</ele></trkpt>
   <trkpt lon="15.524362" lat="47.541181"><ele>591.25</ele></trkpt>
   <trkpt lon="15.522921" lat="47.540181"><ele>589.75</ele></trkpt>
   <trkpt lon="15.522840" lat="47.540126"><ele>589.75</ele></trkpt>
   <trkpt lon="15.522752" lat="47.540069"><ele>589.75</ele></trkpt>
   <trkpt lon="15.522598" lat="47.539968"><ele>589.75</ele></trkpt>
   <trkpt lon="15.522036" lat="47.539609"><ele>588.75</ele></trkpt>
   <trkpt lon="15.521813" lat="47.539481"><ele>588.25</ele></trkpt>
   <trkpt lon="15.521480" lat="47.539306"><ele>588.0</ele></trkpt>
   <trkpt lon="15.521233" lat="47.539191"><ele>588.5</ele></trkpt>
   <trkpt lon="15.520730" lat="47.538991"><ele>588.75</ele></trkpt>
   <trkpt lon="15.520368" lat="47.538832"><ele>588.0</ele></trkpt>
   <trkpt lon="15.519680" lat="47.538522"><ele>587.5</ele></trkpt>
   <trkpt lon="15.519129" lat="47.538297"><ele>587.75</ele></trkpt>
   <trkpt lon="15.518354" lat="47.538009"><ele>587.25</ele></trkpt>
   <trkpt lon="15.517670" lat="47.537781"><ele>587.0</ele></trkpt>
   <trkpt lon="15.516778" lat="47.537529"><ele>587.75</ele></trkpt>
   <trkpt lon="15.516086" lat="47.537362"><ele>586.5</ele></trkpt>
   <trkpt lon="15.515349" lat="47.537210"><ele>586.5</ele></trkpt>
   <trkpt lon="15.514759" lat="47.537073"><ele>587.25</ele></trkpt>
   <trkpt lon="15.514593" lat="47.537041"><ele>587.25</ele></trkpt>
   <trkpt lon="15.512526" lat="47.536701"><ele>586.75</ele></trkpt>
   <trkpt lon="15.511452" lat="47.536499"><ele>585.0</ele></trkpt>
   <trkpt lon="15.510847" lat="47.536387"><ele>584.0</ele></trkpt>
   <trkpt lon="15.510546" lat="47.536329"><ele>584.0</ele></trkpt>
   <trkpt lon="15.510097" lat="47.536228"><ele>584.25</ele></trkpt>
   <trkpt lon="15.509716" lat="47.536156"><ele>584.0</ele></trkpt>
   <trkpt lon="15.509029" lat="47.536041"><ele>583.75</ele></trkpt>
   <trkpt lon="15.508594" lat="47.535962"><ele>584.25</ele></trkpt>
   <trkpt lon="15.508104" lat="47.535856"><ele>584.25</ele></trkpt>
   <trkpt lon="15.507705" lat="47.535749"><ele>583.25</ele></trkpt>
   <trkpt lon="15.506776" lat="47.535457"><ele>582.0</ele></trkpt>
   <trkpt lon="15.506524" lat="47.535371"><ele>581.5</ele></trkpt>
   <trkpt lon="15.506112" lat="47.535218"><ele>580.75</ele></trkpt>
   <trkpt lon="15.505763" lat="47.535077"><ele>580.75</ele></trkpt>
   <trkpt lon="15.505325" lat="47.534886"><ele>581.25</ele></trkpt>
   <trkpt lon="15.504805" lat="47.534647"><ele>581.5</ele></trkpt>
   <trkpt lon="15.503812" lat="47.534176"><ele>581.75</ele></trkpt>
   <trkpt lon="15.499255" lat="47.532024"><ele>579.75</ele></trkpt>
   <trkpt lon="15.497743" lat="47.531312"><ele>579.0</ele></trkpt>
   <trkpt lon="15.497637" lat="47.531262"><ele>579.25</ele></trkpt>
   <trkpt lon="15.496435" lat="47.530694"><ele>580.0</ele></trkpt>
   <trkpt lon="15.494096" lat="47.529588"><ele>576.5</ele></trkpt>
   <trkpt lon="15.493450" lat="47.529283"><ele>578.5</ele></trkpt>
   <trkpt lon="15.493393" lat="47.529256"><ele>578.5</ele></trkpt>
   <trkpt lon="15.492605" lat="47.528905"><ele>578.5</ele></trkpt>
   <trkpt lon="15.492330" lat="47.528796"><ele>578.5</ele></trkpt>
   <trkpt lon="15.492220" lat="47.528753"><ele>578.25</ele></trkpt>
   <trkpt lon="15.491978" lat="47.528667"><ele>578.0</ele></trkpt>
   <trkpt lon="15.491215" lat="47.528444"><ele>577.25</ele></trkpt>
   <trkpt lon="15.490777" lat="47.528309"><ele>576.75</ele></trkpt>
   <trkpt lon="15.490301" lat="47.528173"><ele>576.75</ele></trkpt>
   <trkpt lon="15.490247" lat="47.528159"><ele>576.75</ele></trkpt>
   <trkpt lon="15.489693" lat="47.528021"><ele>577.5</ele></trkpt>
   <trkpt lon="15.489382" lat="47.527951"><ele>578.0</ele></trkpt>
   <trkpt lon="15.489022" lat="47.527876"><ele>578.5</ele></trkpt>
   <trkpt lon="15.488652" lat="47.527806"><ele>578.5</ele></trkpt>
   <trkpt lon="15.488139" lat="47.527719"><ele>579.0</ele></trkpt>
   <trkpt lon="15.487509" lat="47.527631"><ele>579.75</ele></trkpt>
   <trkpt lon="15.487071" lat="47.527580"><ele>582.75</ele></trkpt>
   <trkpt lon="15.486376" lat="47.527518"><ele>584.75</ele></trkpt>
   <trkpt lon="15.485866" lat="47.527482"><ele>583.75</ele></trkpt>
   <trkpt lon="15.484515" lat="47.527394"><ele>581.75</ele></trkpt>
   <trkpt lon="15.478227" lat="47.526989"><ele>580.25</ele></trkpt>
   <trkpt lon="15.476477" lat="47.526877"><ele>590.5</ele></trkpt>
   <trkpt lon="15.476147" lat="47.526853"><ele>590.5</ele></trkpt>
   <trkpt lon="15.475892" lat="47.526832"><ele>590.25</ele></trkpt>
   <trkpt lon="15.475296" lat="47.526766"><ele>592.0</ele></trkpt>
   <trkpt lon="15.474984" lat="47.526739"><ele>593.25</ele></trkpt>
   <trkpt lon="15.474940" lat="47.526737"><ele>593.5</ele></trkpt>
   <trkpt lon="15.474448" lat="47.526694"><ele>594.25</ele></trkpt>
   <trkpt lon="15.473853" lat="47.526612"><ele>594.75</ele></trkpt>
   <trkpt lon="15.472592" lat="47.526378"><ele>595.5</ele></trkpt>
   <trkpt lon="15.471767" lat="47.526223"><ele>587.25</ele></trkpt>
   <trkpt lon="15.470823" lat="47.526047"><ele>580.75</ele></trkpt>
   <trkpt lon="15.469828" lat="47.525862"><ele>578.5</ele></trkpt>
   <trkpt lon="15.469218" lat="47.525720"><ele>578.25</ele></trkpt>
   <trkpt lon="15.468972" lat="47.525647"><ele>578.0</ele></trkpt>
   <trkpt lon="15.468732" lat="47.525564"><ele>577.75</ele></trkpt>
   <trkpt lon="15.468395" lat="47.525427"><ele>576.5</ele></trkpt>
   <trkpt lon="15.468239" lat="47.525354"><ele>576.25</ele></trkpt>
   <trkpt lon="15.468067" lat="47.525266"><ele>576.5</ele></trkpt>
   <trkpt lon="15.467747" lat="47.525073"><ele>577.25</ele></trkpt>
   <trkpt lon="15.467471" lat="47.524879"><ele>578.0</ele></trkpt>
   <trkpt lon="15.467351" lat="47.524780"><ele>578.5</ele></trkpt>
   <trkpt lon="15.467055" lat="47.524492"><ele>579.25</ele></trkpt>
   <trkpt lon="15.467001" lat="47.524429"><ele>579.5</ele></trkpt>
   <trkpt lon="15.466781" lat="47.524132"><ele>579.0</ele></trkpt>
   <trkpt lon="15.466715" lat="47.524029"><ele>578.0</ele></trkpt>
   <trkpt lon="15.466639" lat="47.523895"><ele>577.25</ele></trkpt>
   <trkpt lon="15.466570" lat="47.523752"><ele>577.0</ele></trkpt>
   <trkpt lon="15.466514" lat="47.523610"><ele>576.75</ele></trkpt>
   <trkpt lon="15.466468" lat="47.523469"><ele>576.75</ele></trkpt>
   <trkpt lon="15.466412" lat="47.523212"><ele>575.75</ele></trkpt>
   <trkpt lon="15.466391" lat="47.523025"><ele>574.5</ele></trkpt>
   <trkpt lon="15.466388" lat="47.522798"><ele>573.25</ele></trkpt>
   <trkpt lon="15.466412" lat="47.522588"><ele>572.25</ele></trkpt>
   <trkpt lon="15.466450" lat="47.522384"><ele>571.75</ele></trkpt>
   <trkpt lon="15.466506" lat="47.522195"><ele>572.0</ele></trkpt>
   <trkpt lon="15.466592" lat="47.521986"><ele>572.0</ele></trkpt>
   <trkpt lon="15.466702" lat="47.521770"><ele>572.0</ele></trkpt>
   <trkpt lon="15.466819" lat="47.521586"><ele>571.75</ele></trkpt>
   <trkpt lon="15.466972" lat="47.521378"><ele>571.0</ele></trkpt>
   <trkpt lon="15.467145" lat="47.521180"><ele>570.0</ele></trkpt>
   <trkpt lon="15.467254" lat="47.521073"><ele>569.5</ele></trkpt>
   <trkpt lon="15.467454" lat="47.520895"><ele>568.25</ele></trkpt>
   <trkpt lon="15.467689" lat="47.520723"><ele>568.5</ele></trkpt>
   <trkpt lon="15.467976" lat="47.520531"><ele>569.25</ele></trkpt>
   <trkpt lon="15.468410" lat="47.520280"><ele>570.0</ele></trkpt>
   <trkpt lon="15.468732" lat="47.520103"><ele>570.75</ele></trkpt>
   <trkpt lon="15.469360" lat="47.519765"><ele>571.0</ele></trkpt>
   <trkpt lon="15.470207" lat="47.519302"><ele>573.5</ele></trkpt>
   <trkpt lon="15.470339" lat="47.519223"><ele>574.0</ele></trkpt>
   <trkpt lon="15.470510" lat="47.519122"><ele>574.5</ele></trkpt>
   <trkpt lon="15.470835" lat="47.518903"><ele>575.5</ele></trkpt>
   <trkpt lon="15.471093" lat="47.518703"><ele>576.0</ele></trkpt>
   <trkpt lon="15.471367" lat="47.518454"><ele>572.75</ele></trkpt>
   <trkpt lon="15.471556" lat="47.518253"><ele>570.25</ele></trkpt>
   <trkpt lon="15.471704" lat="47.518052"><ele>569.75</ele></trkpt>
   <trkpt lon="15.471837" lat="47.517845"><ele>568.75</ele></trkpt>
   <trkpt lon="15.471944" lat="47.517656"><ele>567.75</ele></trkpt>
   <trkpt lon="15.472042" lat="47.517425"><ele>566.5</ele></trkpt>
   <trkpt lon="15.472114" lat="47.517182"><ele>566.5</ele></trkpt>
   <trkpt lon="15.472178" lat="47.516843"><ele>567.0</ele></trkpt>
   <trkpt lon="15.472191" lat="47.516665"><ele>567.25</ele></trkpt>
   <trkpt lon="15.472192" lat="47.516496"><ele>567.5</ele></trkpt>
   <trkpt lon="15.472179" lat="47.516336"><ele>568.0</ele></trkpt>
   <trkpt lon="15.472135" lat="47.516061"><ele>568.5</ele></trkpt>
   <trkpt lon="15.472110" lat="47.515953"><ele>568.75</ele></trkpt>
   <trkpt lon="15.472059" lat="47.515797"><ele>569.0</ele></trkpt>
   <trkpt lon="15.471975" lat="47.515585"><ele>569.25</ele></trkpt>
   <trkpt lon="15.471874" lat="47.515383"><ele>569.5</ele></trkpt>
   <trkpt lon="15.471769" lat="47.515207"><ele>569.75</ele></trkpt>
   <trkpt lon="15.471648" lat="47.515032"><ele>569.75</ele></trkpt>
   <trkpt lon="15.471441" lat="47.514783"><ele>572.0</ele></trkpt>
   <trkpt lon="15.471327" lat="47.514667"><ele>572.75</ele></trkpt>
   <trkpt lon="15.471012" lat="47.514387"><ele>573.5</ele></trkpt>
   <trkpt lon="15.470800" lat="47.514234"><ele>573.25</ele></trkpt>
   <trkpt lon="15.470635" lat="47.514125"><ele>573.25</ele></trkpt>
   <trkpt lon="15.470171" lat="47.513847"><ele>573.25</ele></trkpt>
   <trkpt lon="15.469743" lat="47.513621"><ele>572.25</ele></trkpt>
   <trkpt lon="15.469553" lat="47.513524"><ele>571.5</ele></trkpt>
   <trkpt lon="15.467992" lat="47.512722"><ele>580.75</ele></trkpt>
   <trkpt lon="15.467073" lat="47.512262"><ele>580.25</ele></trkpt>
   <trkpt lon="15.466716" lat="47.512117"><ele>581.0</ele></trkpt>
   <trkpt lon="15.466250" lat="47.511944"><ele>580.5</ele></trkpt>
   <trkpt lon="15.465758" lat="47.511792"><ele>578.0</ele></trkpt>
   <trkpt lon="15.465286" lat="47.511700"><ele>574.5</ele></trkpt>
   <trkpt lon="15.465014" lat="47.511662"><ele>572.0</ele></trkpt>
   <trkpt lon="15.464685" lat="47.511628"><ele>572.5</ele></trkpt>
   <trkpt lon="15.464315" lat="47.511606"><ele>572.75</ele></trkpt>
   <trkpt lon="15.464074" lat="47.511593"><ele>572.5</ele></trkpt>
   <trkpt lon="15.463179" lat="47.511585"><ele>570.5</ele></trkpt>
   <trkpt lon="15.462581" lat="47.511568"><ele>570.25</ele></trkpt>
   <trkpt lon="15.462313" lat="47.511553"><ele>569.75</ele></trkpt>
   <trkpt lon="15.462043" lat="47.511529"><ele>569.5</ele></trkpt>
   <trkpt lon="15.461814" lat="47.511501"><ele>569.5</ele></trkpt>
   <trkpt lon="15.461397" lat="47.511433"><ele>569.5</ele></trkpt>
   <trkpt lon="15.460984" lat="47.511337"><ele>570.0</ele></trkpt>
   <trkpt lon="15.460768" lat="47.511277"><ele>570.5</ele></trkpt>
   <trkpt lon="15.460536" lat="47.511202"><ele>571.25</ele></trkpt>
   <trkpt lon="15.460313" lat="47.511120"><ele>571.75</ele></trkpt>
   <trkpt lon="15.459926" lat="47.510956"><ele>572.0</ele></trkpt>
   <trkpt lon="15.459650" lat="47.510816"><ele>571.75</ele></trkpt>
   <trkpt lon="15.459419" lat="47.510682"><ele>571.25</ele></trkpt>
   <trkpt lon="15.459215" lat="47.510552"><ele>570.5</ele></trkpt>
   <trkpt lon="15.459041" lat="47.510425"><ele>570.0</ele></trkpt>
   <trkpt lon="15.458790" lat="47.510227"><ele>569.25</ele></trkpt>
   <trkpt lon="15.458744" lat="47.510187"><ele>569.25</ele></trkpt>
   <trkpt lon="15.458130" lat="47.509642"><ele>568.75</ele></trkpt>
   <trkpt lon="15.456623" lat="47.508279"><ele>565.25</ele></trkpt>
   <trkpt lon="15.456525" lat="47.508190"><ele>565.75</ele></trkpt>
   <trkpt lon="15.456494" lat="47.508162"><ele>565.75</ele></trkpt>
   <trkpt lon="15.455963" lat="47.507683"><ele>566.75</ele></trkpt>
   <trkpt lon="15.454889" lat="47.506712"><ele>566.5</ele></trkpt>
   <trkpt lon="15.454814" lat="47.506642"><ele>566.5</ele></trkpt>
   <trkpt lon="15.454409" lat="47.506287"><ele>567.75</ele></trkpt>
   <trkpt lon="15.454150" lat="47.506082"><ele>567.25</ele></trkpt>
   <trkpt lon="15.454013" lat="47.505975"><ele>567.0</ele></trkpt>
   <trkpt lon="15.453567" lat="47.505600"><ele>569.5</ele></trkpt>
   <trkpt lon="15.453447" lat="47.505495"><ele>570.75</ele></trkpt>
   <trkpt lon="15.453142" lat="47.505261"><ele>572.0</ele></trkpt>
   <trkpt lon="15.452891" lat="47.505084"><ele>571.25</ele></trkpt>
   <trkpt lon="15.452336" lat="47.504654"><ele>573.5</ele></trkpt>
   <trkpt lon="15.451367" lat="47.503903"><ele>571.25</ele></trkpt>
   <trkpt lon="15.451337" lat="47.503884"><ele>571.25</ele></trkpt>
   <trkpt lon="15.451019" lat="47.503626"><ele>570.75</ele></trkpt>
   <trkpt lon="15.450671" lat="47.503323"><ele>568.0</ele></trkpt>
   <trkpt lon="15.448611" lat="47.501523"><ele>563.0</ele></trkpt>
   <trkpt lon="15.447067" lat="47.500173"><ele>563.0</ele></trkpt>
   <trkpt lon="15.446957" lat="47.500078"><ele>562.75</ele></trkpt>
   <trkpt lon="15.446856" lat="47.499984"><ele>562.75</ele></trkpt>
   <trkpt lon="15.446804" lat="47.499938"><ele>562.75</ele></trkpt>
   <trkpt lon="15.446626" lat="47.499743"><ele>562.75</ele></trkpt>
   <trkpt lon="15.446398" lat="47.499533"><ele>562.0</ele></trkpt>
   <trkpt lon="15.446171" lat="47.499347"><ele>561.0</ele></trkpt>
   <trkpt lon="15.445629" lat="47.498942"><ele>559.0</ele></trkpt>
   <trkpt lon="15.445611" lat="47.498931"><ele>559.0</ele></trkpt>
   <trkpt lon="15.444693" lat="47.498331"><ele>559.75</ele></trkpt>
   <trkpt lon="15.444311" lat="47.498128"><ele>561.0</ele></trkpt>
   <trkpt lon="15.444293" lat="47.498121"><ele>561.0</ele></trkpt>
   <trkpt lon="15.444029" lat="47.498001"><ele>561.5</ele></trkpt>
   <trkpt lon="15.443445" lat="47.497768"><ele>560.75</ele></trkpt>
   <trkpt lon="15.443075" lat="47.497634"><ele>560.5</ele></trkpt>
   <trkpt lon="15.442401" lat="47.497437"><ele>561.0</ele></trkpt>
   <trkpt lon="15.442325" lat="47.497416"><ele>561.0</ele></trkpt>
   <trkpt lon="15.442250" lat="47.497395"><ele>561.25</ele></trkpt>
   <trkpt lon="15.441627" lat="47.497240"><ele>560.25</ele></trkpt>
   <trkpt lon="15.441398" lat="47.497187"><ele>560.25</ele></trkpt>
   <trkpt lon="15.435119" lat="47.495810"><ele>556.0</ele></trkpt>
   <trkpt lon="15.434894" lat="47.495761"><ele>556.0</ele></trkpt>
   <trkpt lon="15.430248" lat="47.494743"><ele>553.0</ele></trkpt>
   <trkpt lon="15.430002" lat="47.494689"><ele>553.25</ele></trkpt>
   <trkpt lon="15.428385" lat="47.494335"><ele>550.0</ele></trkpt>
   <trkpt lon="15.428343" lat="47.494326"><ele>550.0</ele></trkpt>
   <trkpt lon="15.427294" lat="47.494095"><ele>551.75</ele></trkpt>
   <trkpt lon="15.425431" lat="47.493685"><ele>549.25</ele></trkpt>
   <trkpt lon="15.424871" lat="47.493556"><ele>548.25</ele></trkpt>
   <trkpt lon="15.424318" lat="47.493419"><ele>548.0</ele></trkpt>
   <trkpt lon="15.424106" lat="47.493361"><ele>548.0</ele></trkpt>
   <trkpt lon="15.423257" lat="47.493105"><ele>548.0</ele></trkpt>
   <trkpt lon="15.422907" lat="47.492986"><ele>547.5</ele></trkpt>
   <trkpt lon="15.422403" lat="47.492802"><ele>547.25</ele></trkpt>
   <trkpt lon="15.421975" lat="47.492632"><ele>547.0</ele></trkpt>
   <trkpt lon="15.421701" lat="47.492514"><ele>547.0</ele></trkpt>
   <trkpt lon="15.421346" lat="47.492356"><ele>546.5</ele></trkpt>
   <trkpt lon="15.420800" lat="47.492089"><ele>546.25</ele></trkpt>
   <trkpt lon="15.420086" lat="47.491705"><ele>544.0</ele></trkpt>
   <trkpt lon="15.419344" lat="47.491287"><ele>543.5</ele></trkpt>
   <trkpt lon="15.419279" lat="47.491250"><ele>543.5</ele></trkpt>
   <trkpt lon="15.417996" lat="47.490521"><ele>543.5</ele></trkpt>
   <trkpt lon="15.417880" lat="47.490459"><ele>543.5</ele></trkpt>
   <trkpt lon="15.413145" lat="47.487773"><ele>540.25</ele></trkpt>
   <trkpt lon="15.412359" lat="47.487328"><ele>539.75</ele></trkpt>
   <trkpt lon="15.410818" lat="47.486455"><ele>540.25</ele></trkpt>
   <trkpt lon="15.410621" lat="47.486344"><ele>540.25</ele></trkpt>
   <trkpt lon="15.408936" lat="47.485389"><ele>539.75</ele></trkpt>
   <trkpt lon="15.408813" lat="47.485320"><ele>539.75</ele></trkpt>
   <trkpt lon="15.406017" lat="47.483734"><ele>536.5</ele></trkpt>
   <trkpt lon="15.404283" lat="47.482752"><ele>537.5</ele></trkpt>
   <trkpt lon="15.403068" lat="47.482064"><ele>538.0</ele></trkpt>
   <trkpt lon="15.402385" lat="47.481673"><ele>536.5</ele></trkpt>
   <trkpt lon="15.402233" lat="47.481588"><ele>536.25</ele></trkpt>
   <trkpt lon="15.401344" lat="47.481083"><ele>535.5</ele></trkpt>
   <trkpt lon="15.401102" lat="47.480945"><ele>535.25</ele></trkpt>
   <trkpt lon="15.399912" lat="47.480269"><ele>535.0</ele></trkpt>
   <trkpt lon="15.399846" lat="47.480232"><ele>535.0</ele></trkpt>
   <trkpt lon="15.399096" lat="47.479817"><ele>535.0</ele></trkpt>
   <trkpt lon="15.398645" lat="47.479581"><ele>534.75</ele></trkpt>
   <trkpt lon="15.398213" lat="47.479368"><ele>535.0</ele></trkpt>
   <trkpt lon="15.397739" lat="47.479158"><ele>535.25</ele></trkpt>
   <trkpt lon="15.396755" lat="47.478754"><ele>536.25</ele></trkpt>
   <trkpt lon="15.396444" lat="47.478654"><ele>536.5</ele></trkpt>
   <trkpt lon="15.395960" lat="47.478497"><ele>536.5</ele></trkpt>
   <trkpt lon="15.395402" lat="47.478330"><ele>535.75</ele></trkpt>
   <trkpt lon="15.394956" lat="47.478212"><ele>534.75</ele></trkpt>
   <trkpt lon="15.394327" lat="47.478063"><ele>533.75</ele></trkpt>
   <trkpt lon="15.393734" lat="47.477942"><ele>532.75</ele></trkpt>
   <trkpt lon="15.393388" lat="47.477881"><ele>532.25</ele></trkpt>
   <trkpt lon="15.393003" lat="47.477817"><ele>532.25</ele></trkpt>
   <trkpt lon="15.392005" lat="47.477686"><ele>531.25</ele></trkpt>
   <trkpt lon="15.390217" lat="47.477518"><ele>530.5</ele></trkpt>
   <trkpt lon="15.389494" lat="47.477452"><ele>530.25</ele></trkpt>
   <trkpt lon="15.388927" lat="47.477400"><ele>529.75</ele></trkpt>
   <trkpt lon="15.385964" lat="47.477127"><ele>529.25</ele></trkpt>
   <trkpt lon="15.384571" lat="47.476997"><ele>529.5</ele></trkpt>
   <trkpt lon="15.384107" lat="47.476944"><ele>528.75</ele></trkpt>
   <trkpt lon="15.383673" lat="47.476887"><ele>528.5</ele></trkpt>
   <trkpt lon="15.383258" lat="47.476825"><ele>528.25</ele></trkpt>
   <trkpt lon="15.382604" lat="47.476711"><ele>528.75</ele></trkpt>
   <trkpt lon="15.382291" lat="47.476648"><ele>529.25</ele></trkpt>
   <trkpt lon="15.381576" lat="47.476487"><ele>530.0</ele></trkpt>
   <trkpt lon="15.380859" lat="47.476297"><ele>530.0</ele></trkpt>
   <trkpt lon="15.380319" lat="47.476134"><ele>529.25</ele></trkpt>
   <trkpt lon="15.379906" lat="47.475999"><ele>529.0</ele></trkpt>
   <trkpt lon="15.379891" lat="47.475994"><ele>529.0</ele></trkpt>
   <trkpt lon="15.379172" lat="47.475732"><ele>528.75</ele></trkpt>
   <trkpt lon="15.377630" lat="47.475093"><ele>529.0</ele></trkpt>
   <trkpt lon="15.377515" lat="47.475045"><ele>529.0</ele></trkpt>
   <trkpt lon="15.377253" lat="47.474937"><ele>528.75</ele></trkpt>
   <trkpt lon="15.377014" lat="47.474835"><ele>528.5</ele></trkpt>
   <trkpt lon="15.376782" lat="47.474732"><ele>528.0</ele></trkpt>
   <trkpt lon="15.376372" lat="47.474530"><ele>527.5</ele></trkpt>
   <trkpt lon="15.375931" lat="47.474326"><ele>527.25</ele></trkpt>
   <trkpt lon="15.375628" lat="47.474194"><ele>527.5</ele></trkpt>
   <trkpt lon="15.374884" lat="47.473867"><ele>528.5</ele></trkpt>
   <trkpt lon="15.372913" lat="47.473014"><ele>528.5</ele></trkpt>
   <trkpt lon="15.371934" lat="47.472606"><ele>527.75</ele></trkpt>
   <trkpt lon="15.369386" lat="47.471567"><ele>528.0</ele></trkpt>
   <trkpt lon="15.367001" lat="47.470572"><ele>526.5</ele></trkpt>
   <trkpt lon="15.366429" lat="47.470339"><ele>526.25</ele></trkpt>
   <trkpt lon="15.365985" lat="47.470181"><ele>525.75</ele></trkpt>
   <trkpt lon="15.365567" lat="47.470018"><ele>525.25</ele></trkpt>
   <trkpt lon="15.365437" lat="47.469964"><ele>525.0</ele></trkpt>
   <trkpt lon="15.365309" lat="47.469910"><ele>524.75</ele></trkpt>
   <trkpt lon="15.364149" lat="47.469423"><ele>524.0</ele></trkpt>
   <trkpt lon="15.364051" lat="47.469381"><ele>524.0</ele></trkpt>
   <trkpt lon="15.363140" lat="47.468997"><ele>523.75</ele></trkpt>
   <trkpt lon="15.362362" lat="47.468670"><ele>522.75</ele></trkpt>
   <trkpt lon="15.360245" lat="47.467778"><ele>520.25</ele></trkpt>
   <trkpt lon="15.357159" lat="47.466479"><ele>519.25</ele></trkpt>
   <trkpt lon="15.357069" lat="47.466441"><ele>519.25</ele></trkpt>
   <trkpt lon="15.355697" lat="47.465863"><ele>517.75</ele></trkpt>
   <trkpt lon="15.355178" lat="47.465645"><ele>518.0</ele></trkpt>
   <trkpt lon="15.353281" lat="47.464845"><ele>524.25</ele></trkpt>
   <trkpt lon="15.353224" lat="47.464820"><ele>524.0</ele></trkpt>
   <trkpt lon="15.349644" lat="47.463310"><ele>520.25</ele></trkpt>
   <trkpt lon="15.347988" lat="47.462613"><ele>520.0</ele></trkpt>
   <trkpt lon="15.343544" lat="47.460740"><ele>515.0</ele></trkpt>
   <trkpt lon="15.342701" lat="47.460383"><ele>514.75</ele></trkpt>
   <trkpt lon="15.342492" lat="47.460297"><ele>514.75</ele></trkpt>
   <trkpt lon="15.342436" lat="47.460273"><ele>514.75</ele></trkpt>
   <trkpt lon="15.340853" lat="47.459605"><ele>511.5</ele></trkpt>
   <trkpt lon="15.338083" lat="47.458436"><ele>511.25</ele></trkpt>
   <trkpt lon="15.337818" lat="47.458322"><ele>511.25</ele></trkpt>
   <trkpt lon="15.334564" lat="47.456950"><ele>511.0</ele></trkpt>
   <trkpt lon="15.333917" lat="47.456678"><ele>510.75</ele></trkpt>
   <trkpt lon="15.329547" lat="47.454828"><ele>509.75</ele></trkpt>
   <trkpt lon="15.329486" lat="47.454802"><ele>509.75</ele></trkpt>
   <trkpt lon="15.329144" lat="47.454657"><ele>510.0</ele></trkpt>
   <trkpt lon="15.328630" lat="47.454440"><ele>510.0</ele></trkpt>
   <trkpt lon="15.328348" lat="47.454321"><ele>509.75</ele></trkpt>
   <trkpt lon="15.327257" lat="47.453861"><ele>507.0</ele></trkpt>
   <trkpt lon="15.326489" lat="47.453538"><ele>507.75</ele></trkpt>
   <trkpt lon="15.323782" lat="47.452407"><ele>508.5</ele></trkpt>
   <trkpt lon="15.323688" lat="47.452369"><ele>508.75</ele></trkpt>
   <trkpt lon="15.323108" lat="47.452132"><ele>508.25</ele></trkpt>
   <trkpt lon="15.322221" lat="47.451811"><ele>506.0</ele></trkpt>
   <trkpt lon="15.321861" lat="47.451693"><ele>505.75</ele></trkpt>
   <trkpt lon="15.321299" lat="47.451525"><ele>505.0</ele></trkpt>
   <trkpt lon="15.320885" lat="47.451413"><ele>504.0</ele></trkpt>
   <trkpt lon="15.320518" lat="47.451320"><ele>503.0</ele></trkpt>
   <trkpt lon="15.319836" lat="47.451170"><ele>501.75</ele></trkpt>
   <trkpt lon="15.319597" lat="47.451121"><ele>502.0</ele></trkpt>
   <trkpt lon="15.319315" lat="47.451069"><ele>502.0</ele></trkpt>
   <trkpt lon="15.319008" lat="47.451014"><ele>502.25</ele></trkpt>
   <trkpt lon="15.318471" lat="47.450934"><ele>502.25</ele></trkpt>
   <trkpt lon="15.318027" lat="47.450878"><ele>502.75</ele></trkpt>
   <trkpt lon="15.317448" lat="47.450822"><ele>503.75</ele></trkpt>
   <trkpt lon="15.316648" lat="47.450766"><ele>502.75</ele></trkpt>
   <trkpt lon="15.315979" lat="47.450749"><ele>502.75</ele></trkpt>
   <trkpt lon="15.315538" lat="47.450745"><ele>503.75</ele></trkpt>
   <trkpt lon="15.314916" lat="47.450753"><ele>505.75</ele></trkpt>
   <trkpt lon="15.314353" lat="47.450771"><ele>506.5</ele></trkpt>
   <trkpt lon="15.313404" lat="47.450811"><ele>509.5</ele></trkpt>
   <trkpt lon="15.312682" lat="47.450849"><ele>509.25</ele></trkpt>
   <trkpt lon="15.312015" lat="47.450873"><ele>509.25</ele></trkpt>
   <trkpt lon="15.311935" lat="47.450877"><ele>509.25</ele></trkpt>
   <trkpt lon="15.311676" lat="47.450891"><ele>509.25</ele></trkpt>
   <trkpt lon="15.311243" lat="47.450904"><ele>510.5</ele></trkpt>
   <trkpt lon="15.311181" lat="47.450905"><ele>510.75</ele></trkpt>
   <trkpt lon="15.310961" lat="47.450910"><ele>511.25</ele></trkpt>
   <trkpt lon="15.310259" lat="47.450903"><ele>511.0</ele></trkpt>
   <trkpt lon="15.309942" lat="47.450887"><ele>510.5</ele></trkpt>
   <trkpt lon="15.309595" lat="47.450864"><ele>510.25</ele></trkpt>
   <trkpt lon="15.309137" lat="47.450816"><ele>509.75</ele></trkpt>
   <trkpt lon="15.308757" lat="47.450767"><ele>509.5</ele></trkpt>
   <trkpt lon="15.308240" lat="47.450682"><ele>509.25</ele></trkpt>
   <trkpt lon="15.307816" lat="47.450594"><ele>509.0</ele></trkpt>
   <trkpt lon="15.307295" lat="47.450469"><ele>508.75</ele></trkpt>
   <trkpt lon="15.306749" lat="47.450312"><ele>509.0</ele></trkpt>
   <trkpt lon="15.305390" lat="47.449848"><ele>506.25</ele></trkpt>
   <trkpt lon="15.304789" lat="47.449636"><ele>505.25</ele></trkpt>
   <trkpt lon="15.304607" lat="47.449572"><ele>505.0</ele></trkpt>
   <trkpt lon="15.304092" lat="47.449384"><ele>504.0</ele></trkpt>
   <trkpt lon="15.304028" lat="47.449364"><ele>504.0</ele></trkpt>
   <trkpt lon="15.303718" lat="47.449256"><ele>504.0</ele></trkpt>
   <trkpt lon="15.303259" lat="47.449116"><ele>505.0</ele></trkpt>
   <trkpt lon="15.302912" lat="47.448997"><ele>505.25</ele></trkpt>
   <trkpt lon="15.302824" lat="47.448966"><ele>505.5</ele></trkpt>
   <trkpt lon="15.302774" lat="47.448947"><ele>505.5</ele></trkpt>
   <trkpt lon="15.302483" lat="47.448832"><ele>505.25</ele></trkpt>
   <trkpt lon="15.302054" lat="47.448640"><ele>504.25</ele></trkpt>
   <trkpt lon="15.301759" lat="47.448524"><ele>503.25</ele></trkpt>
   <trkpt lon="15.301552" lat="47.448448"><ele>503.0</ele></trkpt>
   <trkpt lon="15.301501" lat="47.448431"><ele>503.0</ele></trkpt>
   <trkpt lon="15.300345" lat="47.448025"><ele>504.25</ele></trkpt>
   <trkpt lon="15.292612" lat="47.445302"><ele>504.25</ele></trkpt>
   <trkpt lon="15.291667" lat="47.444970"><ele>505.75</ele></trkpt>
   <trkpt lon="15.291608" lat="47.444948"><ele>506.0</ele></trkpt>
   <trkpt lon="15.290961" lat="47.444711"><ele>506.0</ele></trkpt>
   <trkpt lon="15.290394" lat="47.444478"><ele>506.0</ele></trkpt>
   <trkpt lon="15.290053" lat="47.444314"><ele>505.5</ele></trkpt>
   <trkpt lon="15.289656" lat="47.444100"><ele>505.5</ele></trkpt>
   <trkpt lon="15.289154" lat="47.443772"><ele>504.5</ele></trkpt>
   <trkpt lon="15.288954" lat="47.443624"><ele>503.75</ele></trkpt>
   <trkpt lon="15.288787" lat="47.443495"><ele>502.75</ele></trkpt>
   <trkpt lon="15.288572" lat="47.443308"><ele>501.25</ele></trkpt>
   <trkpt lon="15.288340" lat="47.443092"><ele>501.25</ele></trkpt>
   <trkpt lon="15.288075" lat="47.442800"><ele>502.25</ele></trkpt>
   <trkpt lon="15.287924" lat="47.442605"><ele>502.75</ele></trkpt>
   <trkpt lon="15.287761" lat="47.442374"><ele>502.5</ele></trkpt>
   <trkpt lon="15.287503" lat="47.441944"><ele>501.25</ele></trkpt>
   <trkpt lon="15.287413" lat="47.441753"><ele>500.5</ele></trkpt>
   <trkpt lon="15.287234" lat="47.441331"><ele>499.0</ele></trkpt>
   <trkpt lon="15.287121" lat="47.441093"><ele>498.25</ele></trkpt>
   <trkpt lon="15.287058" lat="47.440946"><ele>497.75</ele></trkpt>
   <trkpt lon="15.286891" lat="47.440575"><ele>498.0</ele></trkpt>
   <trkpt lon="15.286871" lat="47.440523"><ele>498.0</ele></trkpt>
   <trkpt lon="15.286835" lat="47.440429"><ele>498.25</ele></trkpt>
   <trkpt lon="15.286570" lat="47.439742"><ele>500.0</ele></trkpt>
   <trkpt lon="15.286556" lat="47.439708"><ele>500.0</ele></trkpt>
   <trkpt lon="15.286529" lat="47.439647"><ele>500.25</ele></trkpt>
   <trkpt lon="15.286373" lat="47.439329"><ele>502.0</ele></trkpt>
   <trkpt lon="15.286246" lat="47.439129"><ele>503.25</ele></trkpt>
   <trkpt lon="15.286143" lat="47.438982"><ele>503.25</ele></trkpt>
   <trkpt lon="15.285924" lat="47.438731"><ele>502.75</ele></trkpt>
   <trkpt lon="15.285679" lat="47.438485"><ele>501.5</ele></trkpt>
   <trkpt lon="15.285170" lat="47.438029"><ele>499.25</ele></trkpt>
   <trkpt lon="15.284601" lat="47.437535"><ele>495.75</ele></trkpt>
   <trkpt lon="15.284369" lat="47.437342"><ele>494.5</ele></trkpt>
   <trkpt lon="15.284051" lat="47.437066"><ele>492.5</ele></trkpt>
   <trkpt lon="15.283359" lat="47.436465"><ele>490.0</ele></trkpt>
   <trkpt lon="15.283108" lat="47.436245"><ele>492.0</ele></trkpt>
   <trkpt lon="15.282761" lat="47.435979"><ele>494.0</ele></trkpt>
   <trkpt lon="15.282306" lat="47.435666"><ele>496.25</ele></trkpt>
   <trkpt lon="15.281802" lat="47.435368"><ele>497.5</ele></trkpt>
   <trkpt lon="15.281414" lat="47.435165"><ele>497.0</ele></trkpt>
   <trkpt lon="15.281084" lat="47.435009"><ele>495.75</ele></trkpt>
   <trkpt lon="15.280438" lat="47.434731"><ele>498.0</ele></trkpt>
   <trkpt lon="15.279868" lat="47.434525"><ele>497.5</ele></trkpt>
   <trkpt lon="15.279280" lat="47.434326"><ele>495.75</ele></trkpt>
   <trkpt lon="15.278423" lat="47.434035"><ele>496.25</ele></trkpt>
   <trkpt lon="15.277975" lat="47.433873"><ele>498.5</ele></trkpt>
   <trkpt lon="15.277619" lat="47.433730"><ele>499.5</ele></trkpt>
   <trkpt lon="15.277361" lat="47.433613"><ele>499.5</ele></trkpt>
   <trkpt lon="15.277031" lat="47.433445"><ele>497.75</ele></trkpt>
   <trkpt lon="15.276913" lat="47.433380"><ele>496.5</ele></trkpt>
   <trkpt lon="15.276749" lat="47.433284"><ele>495.75</ele></trkpt>
   <trkpt lon="15.276521" lat="47.433145"><ele>497.75</ele></trkpt>
   <trkpt lon="15.276307" lat="47.432998"><ele>499.5</ele></trkpt>
   <trkpt lon="15.276014" lat="47.432774"><ele>499.75</ele></trkpt>
   <trkpt lon="15.275825" lat="47.432609"><ele>498.5</ele></trkpt>
   <trkpt lon="15.275525" lat="47.432300"><ele>496.5</ele></trkpt>
   <trkpt lon="15.275378" lat="47.432129"><ele>495.25</ele></trkpt>
   <trkpt lon="15.275236" lat="47.431949"><ele>494.5</ele></trkpt>
   <trkpt lon="15.275200" lat="47.431896"><ele>494.25</ele></trkpt>
   <trkpt lon="15.275112" lat="47.431769"><ele>494.25</ele></trkpt>
   <trkpt lon="15.274941" lat="47.431489"><ele>493.75</ele></trkpt>
   <trkpt lon="15.274911" lat="47.431434"><ele>493.75</ele></trkpt>
   <trkpt lon="15.274874" lat="47.431365"><ele>493.5</ele></trkpt>
   <trkpt lon="15.274740" lat="47.431081"><ele>493.25</ele></trkpt>
   <trkpt lon="15.274736" lat="47.431066"><ele>493.25</ele></trkpt>
   <trkpt lon="15.274632" lat="47.430782"><ele>493.0</ele></trkpt>
   <trkpt lon="15.274553" lat="47.430422"><ele>492.5</ele></trkpt>
   <trkpt lon="15.274520" lat="47.430230"><ele>492.25</ele></trkpt>
   <trkpt lon="15.274517" lat="47.430191"><ele>492.25</ele></trkpt>
   <trkpt lon="15.274491" lat="47.429956"><ele>492.0</ele></trkpt>
   <trkpt lon="15.274468" lat="47.429593"><ele>492.0</ele></trkpt>
   <trkpt lon="15.274487" lat="47.429324"><ele>491.75</ele></trkpt>
   <trkpt lon="15.274488" lat="47.429305"><ele>491.75</ele></trkpt>
   <trkpt lon="15.274491" lat="47.429288"><ele>491.75</ele></trkpt>
   <trkpt lon="15.274532" lat="47.429100"><ele>491.75</ele></trkpt>
   <trkpt lon="15.274586" lat="47.428940"><ele>492.0</ele></trkpt>
   <trkpt lon="15.274680" lat="47.428705"><ele>492.0</ele></trkpt>
   <trkpt lon="15.274873" lat="47.428275"><ele>491.75</ele></trkpt>
   <trkpt lon="15.274931" lat="47.428158"><ele>491.75</ele></trkpt>
   <trkpt lon="15.274967" lat="47.428103"><ele>491.75</ele></trkpt>
   <trkpt lon="15.275076" lat="47.427953"><ele>492.0</ele></trkpt>
   <trkpt lon="15.275196" lat="47.427810"><ele>492.25</ele></trkpt>
   <trkpt lon="15.275334" lat="47.427674"><ele>492.25</ele></trkpt>
   <trkpt lon="15.275881" lat="47.427166"><ele>493.0</ele></trkpt>
   <trkpt lon="15.276144" lat="47.426873"><ele>493.25</ele></trkpt>
   <trkpt lon="15.279114" lat="47.423279"><ele>491.75</ele></trkpt>
   <trkpt lon="15.279215" lat="47.423146"><ele>491.75</ele></trkpt>
   <trkpt lon="15.279393" lat="47.422872"><ele>492.25</ele></trkpt>
   <trkpt lon="15.279493" lat="47.422675"><ele>492.25</ele></trkpt>
   <trkpt lon="15.279645" lat="47.422325"><ele>492.25</ele></trkpt>
   <trkpt lon="15.279768" lat="47.422059"><ele>492.25</ele></trkpt>
   <trkpt lon="15.279829" lat="47.421901"><ele>492.0</ele></trkpt>
   <trkpt lon="15.279922" lat="47.421536"><ele>492.0</ele></trkpt>
   <trkpt lon="15.280066" lat="47.420988"><ele>495.75</ele></trkpt>
   <trkpt lon="15.280107" lat="47.420844"><ele>497.75</ele></trkpt>
   <trkpt lon="15.280395" lat="47.419846"><ele>504.75</ele></trkpt>
   <trkpt lon="15.280402" lat="47.419814"><ele>504.5</ele></trkpt>
   <trkpt lon="15.280452" lat="47.419633"><ele>503.0</ele></trkpt>
   <trkpt lon="15.280480" lat="47.419539"><ele>502.25</ele></trkpt>
   <trkpt lon="15.280617" lat="47.419042"><ele>499.0</ele></trkpt>
   <trkpt lon="15.280638" lat="47.418874"><ele>498.25</ele></trkpt>
   <trkpt lon="15.280643" lat="47.418817"><ele>498.0</ele></trkpt>
   <trkpt lon="15.280647" lat="47.418495"><ele>495.5</ele></trkpt>
   <trkpt lon="15.280624" lat="47.418222"><ele>494.25</ele></trkpt>
   <trkpt lon="15.280568" lat="47.417989"><ele>494.5</ele></trkpt>
   <trkpt lon="15.280512" lat="47.417810"><ele>494.25</ele></trkpt>
   <trkpt lon="15.280438" lat="47.417626"><ele>493.75</ele></trkpt>
   <trkpt lon="15.280435" lat="47.417616"><ele>493.75</ele></trkpt>
   <trkpt lon="15.280320" lat="47.417382"><ele>493.25</ele></trkpt>
   <trkpt lon="15.280142" lat="47.417060"><ele>492.0</ele></trkpt>
   <trkpt lon="15.279752" lat="47.416352"><ele>493.75</ele></trkpt>
   <trkpt lon="15.279720" lat="47.416291"><ele>494.25</ele></trkpt>
   <trkpt lon="15.279409" lat="47.415732"><ele>494.25</ele></trkpt>
   <trkpt lon="15.279258" lat="47.415383"><ele>492.5</ele></trkpt>
   <trkpt lon="15.279192" lat="47.415098"><ele>492.25</ele></trkpt>
   <trkpt lon="15.279169" lat="47.414890"><ele>491.75</ele></trkpt>
   <trkpt lon="15.279167" lat="47.414685"><ele>491.0</ele></trkpt>
   <trkpt lon="15.279187" lat="47.414511"><ele>491.0</ele></trkpt>
   <trkpt lon="15.279202" lat="47.414384"><ele>491.0</ele></trkpt>
   <trkpt lon="15.279247" lat="47.414212"><ele>491.5</ele></trkpt>
   <trkpt lon="15.279390" lat="47.413859"><ele>491.75</ele></trkpt>
   <trkpt lon="15.279574" lat="47.413547"><ele>491.25</ele></trkpt>
   <trkpt lon="15.279765" lat="47.413309"><ele>490.25</ele></trkpt>
   <trkpt lon="15.279993" lat="47.413068"><ele>488.25</ele></trkpt>
   <trkpt lon="15.280214" lat="47.412892"><ele>488.5</ele></trkpt>
   <trkpt lon="15.280412" lat="47.412744"><ele>488.25</ele></trkpt>
   <trkpt lon="15.280720" lat="47.412540"><ele>487.0</ele></trkpt>
   <trkpt lon="15.281041" lat="47.412263"><ele>486.0</ele></trkpt>
   <trkpt lon="15.281266" lat="47.412036"><ele>485.0</ele></trkpt>
   <trkpt lon="15.281290" lat="47.412011"><ele>484.75</ele></trkpt>
   <trkpt lon="15.281331" lat="47.411957"><ele>484.5</ele></trkpt>
   <trkpt lon="15.281440" lat="47.411795"><ele>483.0</ele></trkpt>
   <trkpt lon="15.281499" lat="47.411687"><ele>482.0</ele></trkpt>
   <trkpt lon="15.281589" lat="47.411469"><ele>481.5</ele></trkpt>
   <trkpt lon="15.281623" lat="47.411341"><ele>481.25</ele></trkpt>
   <trkpt lon="15.281715" lat="47.410903"><ele>479.5</ele></trkpt>
   <trkpt lon="15.281725" lat="47.410867"><ele>479.25</ele></trkpt>
   <trkpt lon="15.281927" lat="47.410114"><ele>477.5</ele></trkpt>
   <trkpt lon="15.281931" lat="47.410102"><ele>477.5</ele></trkpt>
   <trkpt lon="15.281941" lat="47.410069"><ele>477.5</ele></trkpt>
   <trkpt lon="15.281982" lat="47.409901"><ele>477.25</ele></trkpt>
   <trkpt lon="15.282012" lat="47.409664"><ele>477.25</ele></trkpt>
   <trkpt lon="15.282029" lat="47.409225"><ele>477.75</ele></trkpt>
   <trkpt lon="15.282028" lat="47.409115"><ele>478.0</ele></trkpt>
   <trkpt lon="15.282006" lat="47.408954"><ele>478.5</ele></trkpt>
   <trkpt lon="15.281993" lat="47.408875"><ele>478.75</ele></trkpt>
   <trkpt lon="15.281917" lat="47.408607"><ele>479.0</ele></trkpt>
   <trkpt lon="15.281811" lat="47.408353"><ele>478.5</ele></trkpt>
   <trkpt lon="15.281736" lat="47.408229"><ele>478.5</ele></trkpt>
   <trkpt lon="15.281520" lat="47.407924"><ele>479.5</ele></trkpt>
   <trkpt lon="15.281294" lat="47.407679"><ele>479.5</ele></trkpt>
   <trkpt lon="15.281233" lat="47.407613"><ele>479.5</ele></trkpt>
   <trkpt lon="15.281122" lat="47.407514"><ele>479.25</ele></trkpt>
   <trkpt lon="15.280899" lat="47.407315"><ele>479.25</ele></trkpt>
   <trkpt lon="15.280511" lat="47.407015"><ele>481.25</ele></trkpt>
   <trkpt lon="15.280353" lat="47.406906"><ele>481.75</ele></trkpt>
   <trkpt lon="15.280328" lat="47.406889"><ele>481.75</ele></trkpt>
   <trkpt lon="15.279925" lat="47.406644"><ele>482.25</ele></trkpt>
   <trkpt lon="15.279687" lat="47.406513"><ele>482.5</ele></trkpt>
   <trkpt lon="15.279403" lat="47.406378"><ele>482.75</ele></trkpt>
   <trkpt lon="15.279085" lat="47.406241"><ele>483.0</ele></trkpt>
   <trkpt lon="15.278764" lat="47.406119"><ele>483.5</ele></trkpt>
   <trkpt lon="15.278536" lat="47.406045"><ele>483.5</ele></trkpt>
   <trkpt lon="15.278010" lat="47.405899"><ele>484.75</ele></trkpt>
   <trkpt lon="15.277781" lat="47.405848"><ele>485.5</ele></trkpt>
   <trkpt lon="15.277290" lat="47.405758"><ele>487.75</ele></trkpt>
   <trkpt lon="15.277026" lat="47.405721"><ele>489.0</ele></trkpt>
   <trkpt lon="15.276770" lat="47.405694"><ele>490.0</ele></trkpt>
   <trkpt lon="15.276515" lat="47.405673"><ele>490.0</ele></trkpt>
   <trkpt lon="15.276043" lat="47.405652"><ele>488.5</ele></trkpt>
   <trkpt lon="15.275891" lat="47.405650"><ele>488.0</ele></trkpt>
   <trkpt lon="15.275505" lat="47.405654"><ele>487.25</ele></trkpt>
   <trkpt lon="15.274511" lat="47.405689"><ele>486.25</ele></trkpt>
   <trkpt lon="15.274426" lat="47.405692"><ele>486.25</ele></trkpt>
   <trkpt lon="15.274221" lat="47.405701"><ele>486.25</ele></trkpt>
   <trkpt lon="15.273077" lat="47.405748"><ele>487.75</ele></trkpt>
   <trkpt lon="15.272459" lat="47.405774"><ele>488.5</ele></trkpt>
   <trkpt lon="15.269136" lat="47.405910"><ele>487.5</ele></trkpt>
   <trkpt lon="15.269078" lat="47.405912"><ele>487.5</ele></trkpt>
   <trkpt lon="15.267871" lat="47.405966"><ele>489.5</ele></trkpt>
   <trkpt lon="15.266815" lat="47.406006"><ele>489.75</ele></trkpt>
   <trkpt lon="15.265947" lat="47.406020"><ele>486.75</ele></trkpt>
   <trkpt lon="15.265692" lat="47.406021"><ele>486.0</ele></trkpt>
   <trkpt lon="15.265627" lat="47.406021"><ele>486.0</ele></trkpt>
   <trkpt lon="15.264733" lat="47.406002"><ele>484.75</ele></trkpt>
   <trkpt lon="15.264662" lat="47.405999"><ele>484.75</ele></trkpt>
   <trkpt lon="15.264364" lat="47.405989"><ele>484.5</ele></trkpt>
   <trkpt lon="15.263487" lat="47.405938"><ele>484.25</ele></trkpt>
   <trkpt lon="15.262634" lat="47.405871"><ele>481.5</ele></trkpt>
   <trkpt lon="15.261917" lat="47.405793"><ele>481.25</ele></trkpt>
   <trkpt lon="15.261224" lat="47.405703"><ele>483.5</ele></trkpt>
   <trkpt lon="15.260502" lat="47.405590"><ele>484.5</ele></trkpt>
   <trkpt lon="15.259504" lat="47.405404"><ele>484.25</ele></trkpt>
   <trkpt lon="15.258576" lat="47.405195"><ele>485.0</ele></trkpt>
   <trkpt lon="15.257733" lat="47.404981"><ele>485.0</ele></trkpt>
   <trkpt lon="15.256597" lat="47.404644"><ele>486.5</ele></trkpt>
   <trkpt lon="15.251880" lat="47.403158"><ele>484.0</ele></trkpt>
   <trkpt lon="15.251252" lat="47.402960"><ele>483.75</ele></trkpt>
   <trkpt lon="15.249692" lat="47.402469"><ele>480.75</ele></trkpt>
   <trkpt lon="15.243069" lat="47.400383"><ele>486.0</ele></trkpt>
   <trkpt lon="15.242824" lat="47.400304"><ele>486.75</ele></trkpt>
   <trkpt lon="15.241970" lat="47.400042"><ele>487.25</ele></trkpt>
   <trkpt lon="15.241481" lat="47.399900"><ele>488.75</ele></trkpt>
   <trkpt lon="15.241103" lat="47.399799"><ele>490.0</ele></trkpt>
   <trkpt lon="15.240467" lat="47.399649"><ele>490.25</ele></trkpt>
   <trkpt lon="15.239580" lat="47.399480"><ele>488.75</ele></trkpt>
   <trkpt lon="15.238619" lat="47.399355"><ele>489.5</ele></trkpt>
   <trkpt lon="15.237928" lat="47.399300"><ele>490.25</ele></trkpt>
   <trkpt lon="15.237190" lat="47.399267"><ele>490.0</ele></trkpt>
   <trkpt lon="15.236747" lat="47.399260"><ele>489.5</ele></trkpt>
   <trkpt lon="15.235913" lat="47.399278"><ele>489.75</ele></trkpt>
   <trkpt lon="15.235602" lat="47.399297"><ele>489.25</ele></trkpt>
   <trkpt lon="15.235386" lat="47.399310"><ele>489.0</ele></trkpt>
   <trkpt lon="15.234832" lat="47.399359"><ele>488.5</ele></trkpt>
   <trkpt lon="15.234171" lat="47.399443"><ele>488.25</ele></trkpt>
   <trkpt lon="15.233918" lat="47.399481"><ele>488.75</ele></trkpt>
   <trkpt lon="15.233246" lat="47.399598"><ele>489.25</ele></trkpt>
   <trkpt lon="15.232820" lat="47.399687"><ele>489.0</ele></trkpt>
   <trkpt lon="15.232561" lat="47.399747"><ele>489.0</ele></trkpt>
   <trkpt lon="15.232174" lat="47.399848"><ele>489.75</ele></trkpt>
   <trkpt lon="15.231489" lat="47.400045"><ele>491.25</ele></trkpt>
   <trkpt lon="15.231216" lat="47.400131"><ele>490.25</ele></trkpt>
   <trkpt lon="15.230029" lat="47.400535"><ele>488.5</ele></trkpt>
   <trkpt lon="15.229588" lat="47.400700"><ele>489.5</ele></trkpt>
   <trkpt lon="15.223222" lat="47.402962"><ele>491.0</ele></trkpt>
   <trkpt lon="15.222453" lat="47.403235"><ele>491.5</ele></trkpt>
   <trkpt lon="15.218873" lat="47.404509"><ele>494.75</ele></trkpt>
   <trkpt lon="15.217924" lat="47.404842"><ele>496.75</ele></trkpt>
   <trkpt lon="15.215482" lat="47.405710"><ele>497.25</ele></trkpt>
   <trkpt lon="15.215162" lat="47.405825"><ele>495.25</ele></trkpt>
   <trkpt lon="15.215001" lat="47.405882"><ele>494.75</ele></trkpt>
   <trkpt lon="15.213159" lat="47.406544"><ele>494.75</ele></trkpt>
   <trkpt lon="15.210078" lat="47.407717"><ele>496.25</ele></trkpt>
   <trkpt lon="15.209418" lat="47.407931"><ele>496.0</ele></trkpt>
   <trkpt lon="15.208881" lat="47.408083"><ele>495.75</ele></trkpt>
   <trkpt lon="15.208299" lat="47.408217"><ele>496.25</ele></trkpt>
   <trkpt lon="15.207730" lat="47.408334"><ele>496.25</ele></trkpt>
   <trkpt lon="15.207219" lat="47.408418"><ele>497.25</ele></trkpt>
   <trkpt lon="15.206657" lat="47.408492"><ele>498.0</ele></trkpt>
   <trkpt lon="15.206373" lat="47.408522"><ele>498.25</ele></trkpt>
   <trkpt lon="15.205995" lat="47.408554"><ele>498.5</ele></trkpt>
   <trkpt lon="15.205357" lat="47.408583"><ele>499.0</ele></trkpt>
   <trkpt lon="15.204876" lat="47.408594"><ele>499.75</ele></trkpt>
   <trkpt lon="15.204257" lat="47.408589"><ele>501.75</ele></trkpt>
   <trkpt lon="15.203752" lat="47.408559"><ele>502.0</ele></trkpt>
   <trkpt lon="15.203244" lat="47.408519"><ele>501.75</ele></trkpt>
   <trkpt lon="15.203060" lat="47.408502"><ele>501.25</ele></trkpt>
   <trkpt lon="15.202565" lat="47.408442"><ele>499.75</ele></trkpt>
   <trkpt lon="15.201944" lat="47.408343"><ele>499.25</ele></trkpt>
   <trkpt lon="15.201363" lat="47.408227"><ele>500.5</ele></trkpt>
   <trkpt lon="15.200365" lat="47.407976"><ele>502.0</ele></trkpt>
   <trkpt lon="15.199773" lat="47.407789"><ele>502.5</ele></trkpt>
   <trkpt lon="15.199312" lat="47.407624"><ele>502.5</ele></trkpt>
   <trkpt lon="15.198802" lat="47.407425"><ele>503.0</ele></trkpt>
   <trkpt lon="15.198090" lat="47.407094"><ele>503.5</ele></trkpt>
   <trkpt lon="15.197832" lat="47.406963"><ele>503.5</ele></trkpt>
   <trkpt lon="15.197384" lat="47.406710"><ele>502.25</ele></trkpt>
   <trkpt lon="15.196818" lat="47.406347"><ele>503.5</ele></trkpt>
   <trkpt lon="15.196039" lat="47.405759"><ele>505.5</ele></trkpt>
   <trkpt lon="15.195943" lat="47.405681"><ele>506.5</ele></trkpt>
   <trkpt lon="15.194676" lat="47.404549"><ele>513.25</ele></trkpt>
   <trkpt lon="15.194309" lat="47.404204"><ele>512.75</ele></trkpt>
   <trkpt lon="15.193512" lat="47.403491"><ele>515.5</ele></trkpt>
   <trkpt lon="15.192991" lat="47.403073"><ele>518.0</ele></trkpt>
   <trkpt lon="15.192656" lat="47.402829"><ele>518.0</ele></trkpt>
   <trkpt lon="15.192139" lat="47.402491"><ele>514.75</ele></trkpt>
   <trkpt lon="15.191596" lat="47.402173"><ele>518.0</ele></trkpt>
   <trkpt lon="15.191129" lat="47.401926"><ele>520.0</ele></trkpt>
   <trkpt lon="15.190679" lat="47.401720"><ele>518.0</ele></trkpt>
   <trkpt lon="15.190011" lat="47.401455"><ele>518.75</ele></trkpt>
   <trkpt lon="15.189285" lat="47.401207"><ele>520.5</ele></trkpt>
   <trkpt lon="15.188932" lat="47.401101"><ele>519.25</ele></trkpt>
   <trkpt lon="15.188549" lat="47.400998"><ele>516.5</ele></trkpt>
   <trkpt lon="15.188133" lat="47.400896"><ele>514.25</ele></trkpt>
   <trkpt lon="15.187884" lat="47.400844"><ele>513.75</ele></trkpt>
   <trkpt lon="15.187175" lat="47.400712"><ele>512.0</ele></trkpt>
   <trkpt lon="15.186175" lat="47.400567"><ele>511.0</ele></trkpt>
   <trkpt lon="15.182745" lat="47.400170"><ele>513.75</ele></trkpt>
   <trkpt lon="15.182642" lat="47.400159"><ele>514.0</ele></trkpt>
   <trkpt lon="15.182581" lat="47.400152"><ele>514.0</ele></trkpt>
   <trkpt lon="15.181191" lat="47.399994"><ele>516.25</ele></trkpt>
   <trkpt lon="15.180166" lat="47.399865"><ele>516.5</ele></trkpt>
   <trkpt lon="15.179530" lat="47.399776"><ele>517.75</ele></trkpt>
   <trkpt lon="15.178755" lat="47.399653"><ele>519.0</ele></trkpt>
   <trkpt lon="15.177781" lat="47.399472"><ele>519.5</ele></trkpt>
   <trkpt lon="15.176606" lat="47.399219"><ele>519.5</ele></trkpt>
   <trkpt lon="15.175960" lat="47.399065"><ele>520.25</ele></trkpt>
   <trkpt lon="15.171609" lat="47.397980"><ele>517.25</ele></trkpt>
   <trkpt lon="15.169953" lat="47.397566"><ele>517.0</ele></trkpt>
   <trkpt lon="15.166009" lat="47.396585"><ele>522.0</ele></trkpt>
   <trkpt lon="15.165060" lat="47.396349"><ele>524.0</ele></trkpt>
   <trkpt lon="15.162386" lat="47.395683"><ele>526.5</ele></trkpt>
   <trkpt lon="15.161620" lat="47.395492"><ele>526.0</ele></trkpt>
   <trkpt lon="15.161559" lat="47.395477"><ele>526.0</ele></trkpt>
   <trkpt lon="15.161511" lat="47.395464"><ele>526.0</ele></trkpt>
   <trkpt lon="15.160844" lat="47.395299"><ele>525.5</ele></trkpt>
   <trkpt lon="15.160225" lat="47.395109"><ele>525.25</ele></trkpt>
   <trkpt lon="15.159881" lat="47.395016"><ele>525.25</ele></trkpt>
   <trkpt lon="15.159824" lat="47.394999"><ele>525.25</ele></trkpt>
   <trkpt lon="15.159802" lat="47.394993"><ele>525.25</ele></trkpt>
   <trkpt lon="15.159607" lat="47.394945"><ele>525.25</ele></trkpt>
   <trkpt lon="15.159168" lat="47.394822"><ele>526.25</ele></trkpt>
   <trkpt lon="15.158637" lat="47.394654"><ele>526.25</ele></trkpt>
   <trkpt lon="15.158586" lat="47.394638"><ele>526.25</ele></trkpt>
   <trkpt lon="15.158222" lat="47.394526"><ele>525.75</ele></trkpt>
   <trkpt lon="15.157813" lat="47.394411"><ele>524.75</ele></trkpt>
   <trkpt lon="15.156866" lat="47.394171"><ele>524.0</ele></trkpt>
   <trkpt lon="15.147188" lat="47.391754"><ele>522.0</ele></trkpt>
   <trkpt lon="15.146504" lat="47.391580"><ele>522.25</ele></trkpt>
   <trkpt lon="15.145919" lat="47.391409"><ele>523.5</ele></trkpt>
   <trkpt lon="15.145192" lat="47.391169"><ele>524.5</ele></trkpt>
   <trkpt lon="15.144471" lat="47.390939"><ele>525.5</ele></trkpt>
   <trkpt lon="15.144234" lat="47.390870"><ele>525.75</ele></trkpt>
   <trkpt lon="15.143881" lat="47.390777"><ele>526.0</ele></trkpt>
   <trkpt lon="15.143419" lat="47.390639"><ele>526.25</ele></trkpt>
   <trkpt lon="15.143195" lat="47.390564"><ele>526.5</ele></trkpt>
   <trkpt lon="15.142974" lat="47.390495"><ele>526.5</ele></trkpt>
   <trkpt lon="15.142261" lat="47.390300"><ele>527.0</ele></trkpt>
   <trkpt lon="15.142029" lat="47.390226"><ele>527.75</ele></trkpt>
   <trkpt lon="15.141985" lat="47.390211"><ele>527.75</ele></trkpt>
   <trkpt lon="15.141657" lat="47.390101"><ele>528.5</ele></trkpt>
   <trkpt lon="15.140056" lat="47.389572"><ele>530.75</ele></trkpt>
   <trkpt lon="15.139273" lat="47.389314"><ele>527.5</ele></trkpt>
   <trkpt lon="15.139126" lat="47.389266"><ele>527.0</ele></trkpt>
   <trkpt lon="15.132949" lat="47.387222"><ele>527.5</ele></trkpt>
   <trkpt lon="15.131613" lat="47.386782"><ele>527.75</ele></trkpt>
   <trkpt lon="15.131309" lat="47.386687"><ele>527.5</ele></trkpt>
   <trkpt lon="15.131219" lat="47.386659"><ele>527.25</ele></trkpt>
   <trkpt lon="15.130478" lat="47.386427"><ele>526.5</ele></trkpt>
   <trkpt lon="15.129879" lat="47.386255"><ele>526.75</ele></trkpt>
   <trkpt lon="15.129223" lat="47.386097"><ele>527.0</ele></trkpt>
   <trkpt lon="15.128381" lat="47.385937"><ele>526.0</ele></trkpt>
   <trkpt lon="15.128342" lat="47.385931"><ele>526.0</ele></trkpt>
   <trkpt lon="15.127836" lat="47.385850"><ele>526.0</ele></trkpt>
   <trkpt lon="15.127498" lat="47.385806"><ele>526.0</ele></trkpt>
   <trkpt lon="15.127077" lat="47.385761"><ele>525.75</ele></trkpt>
   <trkpt lon="15.126656" lat="47.385724"><ele>525.5</ele></trkpt>
   <trkpt lon="15.125839" lat="47.385681"><ele>525.0</ele></trkpt>
   <trkpt lon="15.125059" lat="47.385671"><ele>525.5</ele></trkpt>
   <trkpt lon="15.124157" lat="47.385679"><ele>526.25</ele></trkpt>
   <trkpt lon="15.124100" lat="47.385680"><ele>526.25</ele></trkpt>
   <trkpt lon="15.124040" lat="47.385681"><ele>526.5</ele></trkpt>
   <trkpt lon="15.122521" lat="47.385712"><ele>528.25</ele></trkpt>
   <trkpt lon="15.122358" lat="47.385715"><ele>528.25</ele></trkpt>
   <trkpt lon="15.120770" lat="47.385748"><ele>526.5</ele></trkpt>
   <trkpt lon="15.119796" lat="47.385755"><ele>529.25</ele></trkpt>
   <trkpt lon="15.119359" lat="47.385750"><ele>529.75</ele></trkpt>
   <trkpt lon="15.118311" lat="47.385700"><ele>530.25</ele></trkpt>
   <trkpt lon="15.118039" lat="47.385678"><ele>530.5</ele></trkpt>
   <trkpt lon="15.117634" lat="47.385645"><ele>531.25</ele></trkpt>
   <trkpt lon="15.115926" lat="47.385508"><ele>532.25</ele></trkpt>
   <trkpt lon="15.115564" lat="47.385486"><ele>532.5</ele></trkpt>
   <trkpt lon="15.114843" lat="47.385444"><ele>533.75</ele></trkpt>
   <trkpt lon="15.114182" lat="47.385415"><ele>533.5</ele></trkpt>
   <trkpt lon="15.113754" lat="47.385398"><ele>534.0</ele></trkpt>
   <trkpt lon="15.113060" lat="47.385382"><ele>534.75</ele></trkpt>
   <trkpt lon="15.112339" lat="47.385384"><ele>534.75</ele></trkpt>
   <trkpt lon="15.111979" lat="47.385392"><ele>533.75</ele></trkpt>
   <trkpt lon="15.111355" lat="47.385430"><ele>532.5</ele></trkpt>
   <trkpt lon="15.110623" lat="47.385490"><ele>531.5</ele></trkpt>
   <trkpt lon="15.109872" lat="47.385583"><ele>530.75</ele></trkpt>
   <trkpt lon="15.109100" lat="47.385690"><ele>530.25</ele></trkpt>
   <trkpt lon="15.108287" lat="47.385815"><ele>529.0</ele></trkpt>
   <trkpt lon="15.107349" lat="47.385983"><ele>527.25</ele></trkpt>
   <trkpt lon="15.106650" lat="47.386112"><ele>526.0</ele></trkpt>
   <trkpt lon="15.105971" lat="47.386255"><ele>526.5</ele></trkpt>
   <trkpt lon="15.105444" lat="47.386371"><ele>526.5</ele></trkpt>
   <trkpt lon="15.104610" lat="47.386568"><ele>525.75</ele></trkpt>
   <trkpt lon="15.103264" lat="47.386897"><ele>532.0</ele></trkpt>
   <trkpt lon="15.102980" lat="47.386963"><ele>534.25</ele></trkpt>
   <trkpt lon="15.102852" lat="47.386993"><ele>535.0</ele></trkpt>
   <trkpt lon="15.101695" lat="47.387273"><ele>541.25</ele></trkpt>
   <trkpt lon="15.101349" lat="47.387370"><ele>541.5</ele></trkpt>
   <trkpt lon="15.100833" lat="47.387532"><ele>542.0</ele></trkpt>
   <trkpt lon="15.100538" lat="47.387632"><ele>541.0</ele></trkpt>
   <trkpt lon="15.100270" lat="47.387731"><ele>540.0</ele></trkpt>
   <trkpt lon="15.099847" lat="47.387901"><ele>539.25</ele></trkpt>
   <trkpt lon="15.099557" lat="47.388027"><ele>538.5</ele></trkpt>
   <trkpt lon="15.099074" lat="47.388254"><ele>536.5</ele></trkpt>
   <trkpt lon="15.098386" lat="47.388600"><ele>535.25</ele></trkpt>
   <trkpt lon="15.098368" lat="47.388609"><ele>535.25</ele></trkpt>
   <trkpt lon="15.097999" lat="47.388776"><ele>535.5</ele></trkpt>
   <trkpt lon="15.097377" lat="47.389003"><ele>535.25</ele></trkpt>
   <trkpt lon="15.097194" lat="47.389067"><ele>535.5</ele></trkpt>
   <trkpt lon="15.096886" lat="47.389149"><ele>535.25</ele></trkpt>
   <trkpt lon="15.096574" lat="47.389210"><ele>536.25</ele></trkpt>
   <trkpt lon="15.096264" lat="47.389255"><ele>537.75</ele></trkpt>
   <trkpt lon="15.095824" lat="47.389290"><ele>538.75</ele></trkpt>
   <trkpt lon="15.095795" lat="47.389292"><ele>538.75</ele></trkpt>
   <trkpt lon="15.095474" lat="47.389294"><ele>538.25</ele></trkpt>
   <trkpt lon="15.095257" lat="47.389287"><ele>537.75</ele></trkpt>
   <trkpt lon="15.094955" lat="47.389265"><ele>537.25</ele></trkpt>
   <trkpt lon="15.094640" lat="47.389225"><ele>537.25</ele></trkpt>
   <trkpt lon="15.094382" lat="47.389184"><ele>537.5</ele></trkpt>
   <trkpt lon="15.094135" lat="47.389129"><ele>537.75</ele></trkpt>
   <trkpt lon="15.094116" lat="47.389125"><ele>537.75</ele></trkpt>
   <trkpt lon="15.093620" lat="47.388990"><ele>538.5</ele></trkpt>
   <trkpt lon="15.093510" lat="47.388950"><ele>538.5</ele></trkpt>
   <trkpt lon="15.092741" lat="47.388679"><ele>538.0</ele></trkpt>
   <trkpt lon="15.092360" lat="47.388537"><ele>537.75</ele></trkpt>
   <trkpt lon="15.092025" lat="47.388387"><ele>537.5</ele></trkpt>
   <trkpt lon="15.091732" lat="47.388243"><ele>537.75</ele></trkpt>
   <trkpt lon="15.091411" lat="47.388063"><ele>538.5</ele></trkpt>
   <trkpt lon="15.091253" lat="47.387963"><ele>538.75</ele></trkpt>
   <trkpt lon="15.091156" lat="47.387903"><ele>538.75</ele></trkpt>
   <trkpt lon="15.090905" lat="47.387731"><ele>538.75</ele></trkpt>
   <trkpt lon="15.090695" lat="47.387572"><ele>539.0</ele></trkpt>
   <trkpt lon="15.090472" lat="47.387375"><ele>539.75</ele></trkpt>
   <trkpt lon="15.090323" lat="47.387232"><ele>540.0</ele></trkpt>
   <trkpt lon="15.090143" lat="47.387043"><ele>540.0</ele></trkpt>
   <trkpt lon="15.090010" lat="47.386883"><ele>540.0</ele></trkpt>
   <trkpt lon="15.089750" lat="47.386506"><ele>541.25</ele></trkpt>
   <trkpt lon="15.089130" lat="47.385612"><ele>539.25</ele></trkpt>
   <trkpt lon="15.088455" lat="47.384653"><ele>539.5</ele></trkpt>
   <trkpt lon="15.088370" lat="47.384544"><ele>539.5</ele></trkpt>
   <trkpt lon="15.088180" lat="47.384300"><ele>542.75</ele></trkpt>
   <trkpt lon="15.087929" lat="47.384002"><ele>547.0</ele></trkpt>
   <trkpt lon="15.087790" lat="47.383817"><ele>547.5</ele></trkpt>
   <trkpt lon="15.087782" lat="47.383804"><ele>547.5</ele></trkpt>
   <trkpt lon="15.087588" lat="47.383525"><ele>545.75</ele></trkpt>
   <trkpt lon="15.087406" lat="47.383297"><ele>544.75</ele></trkpt>
   <trkpt lon="15.087207" lat="47.383081"><ele>547.0</ele></trkpt>
   <trkpt lon="15.087058" lat="47.382872"><ele>547.25</ele></trkpt>
   <trkpt lon="15.086847" lat="47.382558"><ele>546.0</ele></trkpt>
   <trkpt lon="15.086674" lat="47.382267"><ele>545.25</ele></trkpt>
   <trkpt lon="15.086569" lat="47.382042"><ele>544.0</ele></trkpt>
   <trkpt lon="15.086510" lat="47.381855"><ele>542.0</ele></trkpt>
   <trkpt lon="15.086467" lat="47.381667"><ele>539.75</ele></trkpt>
   <trkpt lon="15.086442" lat="47.381376"><ele>539.75</ele></trkpt>
   <trkpt lon="15.086444" lat="47.381229"><ele>539.5</ele></trkpt>
   <trkpt lon="15.086466" lat="47.380980"><ele>539.25</ele></trkpt>
   <trkpt lon="15.086500" lat="47.380765"><ele>539.25</ele></trkpt>
   <trkpt lon="15.086543" lat="47.380515"><ele>540.5</ele></trkpt>
   <trkpt lon="15.086553" lat="47.380455"><ele>540.75</ele></trkpt>
   <trkpt lon="15.086647" lat="47.379932"><ele>542.75</ele></trkpt>
   <trkpt lon="15.086674" lat="47.379611"><ele>542.5</ele></trkpt>
   <trkpt lon="15.086672" lat="47.379439"><ele>542.25</ele></trkpt>
   <trkpt lon="15.086651" lat="47.379215"><ele>542.0</ele></trkpt>
   <trkpt lon="15.086620" lat="47.379048"><ele>541.75</ele></trkpt>
   <trkpt lon="15.086583" lat="47.378910"><ele>541.75</ele></trkpt>
   <trkpt lon="15.086581" lat="47.378903"><ele>541.75</ele></trkpt>
   <trkpt lon="15.086509" lat="47.378688"><ele>541.5</ele></trkpt>
   <trkpt lon="15.086435" lat="47.378515"><ele>541.5</ele></trkpt>
   <trkpt lon="15.086350" lat="47.378350"><ele>541.25</ele></trkpt>
   <trkpt lon="15.086203" lat="47.378121"><ele>541.0</ele></trkpt>
   <trkpt lon="15.086197" lat="47.378113"><ele>541.0</ele></trkpt>
   <trkpt lon="15.086071" lat="47.377940"><ele>540.75</ele></trkpt>
   <trkpt lon="15.085630" lat="47.377434"><ele>540.5</ele></trkpt>
   <trkpt lon="15.085584" lat="47.377386"><ele>540.75</ele></trkpt>
   <trkpt lon="15.085406" lat="47.377192"><ele>541.75</ele></trkpt>
   <trkpt lon="15.085042" lat="47.376848"><ele>542.75</ele></trkpt>
   <trkpt lon="15.084803" lat="47.376646"><ele>543.5</ele></trkpt>
   <trkpt lon="15.084570" lat="47.376467"><ele>544.0</ele></trkpt>
   <trkpt lon="15.084014" lat="47.376077"><ele>543.75</ele></trkpt>
   <trkpt lon="15.083333" lat="47.375679"><ele>543.0</ele></trkpt>
   <trkpt lon="15.083260" lat="47.375637"><ele>543.25</ele></trkpt>
   <trkpt lon="15.083021" lat="47.375505"><ele>543.5</ele></trkpt>
   <trkpt lon="15.082560" lat="47.375244"><ele>543.75</ele></trkpt>
   <trkpt lon="15.081077" lat="47.374408"><ele>545.0</ele></trkpt>
   <trkpt lon="15.079490" lat="47.373531"><ele>546.5</ele></trkpt>
   <trkpt lon="15.078414" lat="47.372963"><ele>547.5</ele></trkpt>
   <trkpt lon="15.077833" lat="47.372667"><ele>548.0</ele></trkpt>
   <trkpt lon="15.076742" lat="47.372122"><ele>549.0</ele></trkpt>
   <trkpt lon="15.069657" lat="47.368618"><ele>555.0</ele></trkpt>
   <trkpt lon="15.063882" lat="47.365762"><ele>559.75</ele></trkpt>
   <trkpt lon="15.062279" lat="47.364964"><ele>561.25</ele></trkpt>
   <trkpt lon="15.061804" lat="47.364723"><ele>561.5</ele></trkpt>
   <trkpt lon="15.060865" lat="47.364232"><ele>562.25</ele></trkpt>
   <trkpt lon="15.059938" lat="47.363729"><ele>563.25</ele></trkpt>
   <trkpt lon="15.059060" lat="47.363240"><ele>564.0</ele></trkpt>
   <trkpt lon="15.057682" lat="47.362439"><ele>565.25</ele></trkpt>
   <trkpt lon="15.057239" lat="47.362173"><ele>565.5</ele></trkpt>
   <trkpt lon="15.056116" lat="47.361476"><ele>566.75</ele></trkpt>
   <trkpt lon="15.056059" lat="47.361440"><ele>566.75</ele></trkpt>
   <trkpt lon="15.054723" lat="47.360512"><ele>568.0</ele></trkpt>
   <trkpt lon="15.053899" lat="47.359953"><ele>568.75</ele></trkpt>
   <trkpt lon="15.053435" lat="47.359629"><ele>569.25</ele></trkpt>
   <trkpt lon="15.052689" lat="47.359099"><ele>570.0</ele></trkpt>
   <trkpt lon="15.051581" lat="47.358278"><ele>571.25</ele></trkpt>
   <trkpt lon="15.050742" lat="47.357630"><ele>572.0</ele></trkpt>
   <trkpt lon="15.049983" lat="47.357026"><ele>572.75</ele></trkpt>
   <trkpt lon="15.043106" lat="47.351445"><ele>580.25</ele></trkpt>
   <trkpt lon="15.043088" lat="47.351431"><ele>580.25</ele></trkpt>
   <trkpt lon="15.034611" lat="47.344549"><ele>589.25</ele></trkpt>
   <trkpt lon="15.030744" lat="47.341410"><ele>593.5</ele></trkpt>
   <trkpt lon="15.030241" lat="47.341003"><ele>593.5</ele></trkpt>
   <trkpt lon="15.029977" lat="47.340789"><ele>587.5</ele></trkpt>
   <trkpt lon="15.029670" lat="47.340540"><ele>591.25</ele></trkpt>
   <trkpt lon="15.028467" lat="47.339567"><ele>600.0</ele></trkpt>
   <trkpt lon="15.027778" lat="47.339075"><ele>605.0</ele></trkpt>
   <trkpt lon="15.027402" lat="47.338872"><ele>607.25</ele></trkpt>
   <trkpt lon="15.026823" lat="47.338672"><ele>610.25</ele></trkpt>
   <trkpt lon="15.026724" lat="47.338639"><ele>610.5</ele></trkpt>
   <trkpt lon="15.026337" lat="47.338508"><ele>599.25</ele></trkpt>
   <trkpt lon="15.025979" lat="47.338408"><ele>590.5</ele></trkpt>
   <trkpt lon="15.025642" lat="47.338328"><ele>586.5</ele></trkpt>
   <trkpt lon="15.025344" lat="47.338268"><ele>585.5</ele></trkpt>
   <trkpt lon="15.024901" lat="47.338205"><ele>584.5</ele></trkpt>
   <trkpt lon="15.024568" lat="47.338165"><ele>584.25</ele></trkpt>
   <trkpt lon="15.024207" lat="47.338138"><ele>584.25</ele></trkpt>
   <trkpt lon="15.023895" lat="47.338128"><ele>584.25</ele></trkpt>
   <trkpt lon="15.023621" lat="47.338127"><ele>584.25</ele></trkpt>
   <trkpt lon="15.023139" lat="47.338149"><ele>584.25</ele></trkpt>
   <trkpt lon="15.022834" lat="47.338172"><ele>584.25</ele></trkpt>
   <trkpt lon="15.022642" lat="47.338194"><ele>584.25</ele></trkpt>
   <trkpt lon="15.022170" lat="47.338268"><ele>585.25</ele></trkpt>
   <trkpt lon="15.021869" lat="47.338321"><ele>586.25</ele></trkpt>
   <trkpt lon="15.021535" lat="47.338392"><ele>587.0</ele></trkpt>
   <trkpt lon="15.021315" lat="47.338438"><ele>587.0</ele></trkpt>
   <trkpt lon="15.021280" lat="47.338446"><ele>587.0</ele></trkpt>
   <trkpt lon="15.016295" lat="47.339590"><ele>585.5</ele></trkpt>
   <trkpt lon="15.015836" lat="47.339692"><ele>585.75</ele></trkpt>
   <trkpt lon="15.015089" lat="47.339833"><ele>585.75</ele></trkpt>
   <trkpt lon="15.014758" lat="47.339888"><ele>585.0</ele></trkpt>
   <trkpt lon="15.014126" lat="47.339978"><ele>583.0</ele></trkpt>
   <trkpt lon="15.013068" lat="47.340119"><ele>586.25</ele></trkpt>
   <trkpt lon="15.012750" lat="47.340162"><ele>587.75</ele></trkpt>
   <trkpt lon="15.012159" lat="47.340231"><ele>589.0</ele></trkpt>
   <trkpt lon="15.011849" lat="47.340256"><ele>589.0</ele></trkpt>
   <trkpt lon="15.011567" lat="47.340273"><ele>588.75</ele></trkpt>
   <trkpt lon="15.011238" lat="47.340280"><ele>588.75</ele></trkpt>
   <trkpt lon="15.010938" lat="47.340276"><ele>588.5</ele></trkpt>
   <trkpt lon="15.010639" lat="47.340262"><ele>588.75</ele></trkpt>
   <trkpt lon="15.010331" lat="47.340240"><ele>589.0</ele></trkpt>
   <trkpt lon="15.009973" lat="47.340211"><ele>589.25</ele></trkpt>
   <trkpt lon="15.009083" lat="47.340124"><ele>589.0</ele></trkpt>
   <trkpt lon="15.008722" lat="47.340094"><ele>590.25</ele></trkpt>
   <trkpt lon="15.008390" lat="47.340076"><ele>591.75</ele></trkpt>
   <trkpt lon="15.008057" lat="47.340069"><ele>593.25</ele></trkpt>
   <trkpt lon="15.007766" lat="47.340071"><ele>594.5</ele></trkpt>
   <trkpt lon="15.007503" lat="47.340083"><ele>595.75</ele></trkpt>
   <trkpt lon="15.007029" lat="47.340118"><ele>595.25</ele></trkpt>
   <trkpt lon="15.006780" lat="47.340151"><ele>595.25</ele></trkpt>
   <trkpt lon="15.006551" lat="47.340184"><ele>594.75</ele></trkpt>
   <trkpt lon="15.006001" lat="47.340281"><ele>593.25</ele></trkpt>
   <trkpt lon="15.004976" lat="47.340497"><ele>594.75</ele></trkpt>
   <trkpt lon="15.004379" lat="47.340608"><ele>594.5</ele></trkpt>
   <trkpt lon="15.004098" lat="47.340651"><ele>594.5</ele></trkpt>
   <trkpt lon="15.003735" lat="47.340695"><ele>594.25</ele></trkpt>
   <trkpt lon="15.003238" lat="47.340733"><ele>594.25</ele></trkpt>
   <trkpt lon="15.002587" lat="47.340735"><ele>595.5</ele></trkpt>
   <trkpt lon="15.002347" lat="47.340726"><ele>596.25</ele></trkpt>
   <trkpt lon="15.001947" lat="47.340693"><ele>597.5</ele></trkpt>
   <trkpt lon="15.001570" lat="47.340649"><ele>597.75</ele></trkpt>
   <trkpt lon="15.001318" lat="47.340611"><ele>597.25</ele></trkpt>
   <trkpt lon="15.000704" lat="47.340487"><ele>594.75</ele></trkpt>
   <trkpt lon="15.000427" lat="47.340424"><ele>593.75</ele></trkpt>
   <trkpt lon="15.000386" lat="47.340414"><ele>593.75</ele></trkpt>
   <trkpt lon="15.000034" lat="47.340328"><ele>592.25</ele></trkpt>
   <trkpt lon="14.998972" lat="47.340065"><ele>586.75</ele></trkpt>
   <trkpt lon="14.998841" lat="47.340029"><ele>586.5</ele></trkpt>
   <trkpt lon="14.998042" lat="47.339793"><ele>587.0</ele></trkpt>
   <trkpt lon="14.997880" lat="47.339739"><ele>586.75</ele></trkpt>
   <trkpt lon="14.997744" lat="47.339695"><ele>586.5</ele></trkpt>
   <trkpt lon="14.996163" lat="47.339174"><ele>590.5</ele></trkpt>
   <trkpt lon="14.995549" lat="47.338963"><ele>591.0</ele></trkpt>
   <trkpt lon="14.995085" lat="47.338786"><ele>589.75</ele></trkpt>
   <trkpt lon="14.994617" lat="47.338570"><ele>588.75</ele></trkpt>
   <trkpt lon="14.994235" lat="47.338355"><ele>587.0</ele></trkpt>
   <trkpt lon="14.993924" lat="47.338138"><ele>586.0</ele></trkpt>
   <trkpt lon="14.993577" lat="47.337867"><ele>584.5</ele></trkpt>
   <trkpt lon="14.993017" lat="47.337350"><ele>581.5</ele></trkpt>
   <trkpt lon="14.992873" lat="47.337214"><ele>581.25</ele></trkpt>
   <trkpt lon="14.992561" lat="47.336929"><ele>581.25</ele></trkpt>
   <trkpt lon="14.992212" lat="47.336648"><ele>583.5</ele></trkpt>
   <trkpt lon="14.991896" lat="47.336427"><ele>584.75</ele></trkpt>
   <trkpt lon="14.991506" lat="47.336206"><ele>586.0</ele></trkpt>
   <trkpt lon="14.991067" lat="47.336005"><ele>586.75</ele></trkpt>
   <trkpt lon="14.990555" lat="47.335822"><ele>587.75</ele></trkpt>
   <trkpt lon="14.990085" lat="47.335688"><ele>589.75</ele></trkpt>
   <trkpt lon="14.989492" lat="47.335562"><ele>593.25</ele></trkpt>
   <trkpt lon="14.988790" lat="47.335426"><ele>595.25</ele></trkpt>
   <trkpt lon="14.988773" lat="47.335422"><ele>595.25</ele></trkpt>
   <trkpt lon="14.988528" lat="47.335375"><ele>595.25</ele></trkpt>
   <trkpt lon="14.986214" lat="47.334895"><ele>604.0</ele></trkpt>
   <trkpt lon="14.985574" lat="47.334771"><ele>604.5</ele></trkpt>
   <trkpt lon="14.985035" lat="47.334686"><ele>604.25</ele></trkpt>
   <trkpt lon="14.983814" lat="47.334542"><ele>597.5</ele></trkpt>
   <trkpt lon="14.983664" lat="47.334521"><ele>596.0</ele></trkpt>
   <trkpt lon="14.982579" lat="47.334396"><ele>589.25</ele></trkpt>
   <trkpt lon="14.982003" lat="47.334315"><ele>592.0</ele></trkpt>
   <trkpt lon="14.981934" lat="47.334305"><ele>592.25</ele></trkpt>
   <trkpt lon="14.981584" lat="47.334248"><ele>593.75</ele></trkpt>
   <trkpt lon="14.981065" lat="47.334155"><ele>597.5</ele></trkpt>
   <trkpt lon="14.980505" lat="47.334024"><ele>600.5</ele></trkpt>
   <trkpt lon="14.979964" lat="47.333881"><ele>600.25</ele></trkpt>
   <trkpt lon="14.979448" lat="47.333723"><ele>592.75</ele></trkpt>
   <trkpt lon="14.979324" lat="47.333686"><ele>591.0</ele></trkpt>
   <trkpt lon="14.976553" lat="47.332829"><ele>582.5</ele></trkpt>
   <trkpt lon="14.976420" lat="47.332788"><ele>583.75</ele></trkpt>
   <trkpt lon="14.975787" lat="47.332578"><ele>583.75</ele></trkpt>
   <trkpt lon="14.975247" lat="47.332375"><ele>587.5</ele></trkpt>
   <trkpt lon="14.974765" lat="47.332159"><ele>590.0</ele></trkpt>
   <trkpt lon="14.974403" lat="47.331966"><ele>588.75</ele></trkpt>
   <trkpt lon="14.974101" lat="47.331778"><ele>585.0</ele></trkpt>
   <trkpt lon="14.973735" lat="47.331527"><ele>585.5</ele></trkpt>
   <trkpt lon="14.973482" lat="47.331321"><ele>587.0</ele></trkpt>
   <trkpt lon="14.973073" lat="47.330936"><ele>586.75</ele></trkpt>
   <trkpt lon="14.972869" lat="47.330695"><ele>585.5</ele></trkpt>
   <trkpt lon="14.972691" lat="47.330462"><ele>584.5</ele></trkpt>
   <trkpt lon="14.972584" lat="47.330299"><ele>583.0</ele></trkpt>
   <trkpt lon="14.972389" lat="47.329953"><ele>583.5</ele></trkpt>
   <trkpt lon="14.972294" lat="47.329738"><ele>584.75</ele></trkpt>
   <trkpt lon="14.972207" lat="47.329507"><ele>584.25</ele></trkpt>
   <trkpt lon="14.972153" lat="47.329314"><ele>582.75</ele></trkpt>
   <trkpt lon="14.972099" lat="47.329070"><ele>581.25</ele></trkpt>
   <trkpt lon="14.972068" lat="47.328876"><ele>581.25</ele></trkpt>
   <trkpt lon="14.972053" lat="47.328652"><ele>580.5</ele></trkpt>
   <trkpt lon="14.972057" lat="47.328400"><ele>579.5</ele></trkpt>
   <trkpt lon="14.972075" lat="47.328128"><ele>579.5</ele></trkpt>
   <trkpt lon="14.972140" lat="47.327742"><ele>579.75</ele></trkpt>
   <trkpt lon="14.972361" lat="47.326708"><ele>578.75</ele></trkpt>
   <trkpt lon="14.972393" lat="47.326508"><ele>578.75</ele></trkpt>
   <trkpt lon="14.972405" lat="47.326317"><ele>579.25</ele></trkpt>
   <trkpt lon="14.972409" lat="47.326193"><ele>579.5</ele></trkpt>
   <trkpt lon="14.972412" lat="47.326029"><ele>579.75</ele></trkpt>
   <trkpt lon="14.972401" lat="47.325851"><ele>580.25</ele></trkpt>
   <trkpt lon="14.972374" lat="47.325643"><ele>580.25</ele></trkpt>
   <trkpt lon="14.972321" lat="47.325357"><ele>580.25</ele></trkpt>
   <trkpt lon="14.972260" lat="47.325138"><ele>580.0</ele></trkpt>
   <trkpt lon="14.972178" lat="47.324917"><ele>580.0</ele></trkpt>
   <trkpt lon="14.972081" lat="47.324698"><ele>580.0</ele></trkpt>
   <trkpt lon="14.971976" lat="47.324498"><ele>580.0</ele></trkpt>
   <trkpt lon="14.971842" lat="47.324275"><ele>580.0</ele></trkpt>
   <trkpt lon="14.971686" lat="47.324054"><ele>580.0</ele></trkpt>
   <trkpt lon="14.971536" lat="47.323863"><ele>580.5</ele></trkpt>
   <trkpt lon="14.971391" lat="47.323700"><ele>581.0</ele></trkpt>
   <trkpt lon="14.971195" lat="47.323501"><ele>581.75</ele></trkpt>
   <trkpt lon="14.971016" lat="47.323338"><ele>582.25</ele></trkpt>
   <trkpt lon="14.970807" lat="47.323162"><ele>581.75</ele></trkpt>
   <trkpt lon="14.970582" lat="47.322992"><ele>580.75</ele></trkpt>
   <trkpt lon="14.970373" lat="47.322848"><ele>580.25</ele></trkpt>
   <trkpt lon="14.970130" lat="47.322700"><ele>579.75</ele></trkpt>
   <trkpt lon="14.969861" lat="47.322551"><ele>579.0</ele></trkpt>
   <trkpt lon="14.969804" lat="47.322521"><ele>578.75</ele></trkpt>
   <trkpt lon="14.969555" lat="47.322398"><ele>578.0</ele></trkpt>
   <trkpt lon="14.969024" lat="47.322161"><ele>576.5</ele></trkpt>
   <trkpt lon="14.968851" lat="47.322089"><ele>576.0</ele></trkpt>
   <trkpt lon="14.966326" lat="47.321075"><ele>574.25</ele></trkpt>
   <trkpt lon="14.964006" lat="47.320142"><ele>576.25</ele></trkpt>
   <trkpt lon="14.958156" lat="47.317787"><ele>577.0</ele></trkpt>
   <trkpt lon="14.956177" lat="47.316978"><ele>582.25</ele></trkpt>
   <trkpt lon="14.955641" lat="47.316718"><ele>582.5</ele></trkpt>
   <trkpt lon="14.955342" lat="47.316559"><ele>583.25</ele></trkpt>
   <trkpt lon="14.954873" lat="47.316291"><ele>584.0</ele></trkpt>
   <trkpt lon="14.954640" lat="47.316147"><ele>584.25</ele></trkpt>
   <trkpt lon="14.954195" lat="47.315847"><ele>583.0</ele></trkpt>
   <trkpt lon="14.953737" lat="47.315502"><ele>584.25</ele></trkpt>
   <trkpt lon="14.953320" lat="47.315152"><ele>583.5</ele></trkpt>
   <trkpt lon="14.953119" lat="47.314967"><ele>583.25</ele></trkpt>
   <trkpt lon="14.952761" lat="47.314609"><ele>583.5</ele></trkpt>
   <trkpt lon="14.952497" lat="47.314322"><ele>583.0</ele></trkpt>
   <trkpt lon="14.951335" lat="47.312964"><ele>582.25</ele></trkpt>
   <trkpt lon="14.951315" lat="47.312939"><ele>582.25</ele></trkpt>
   <trkpt lon="14.950849" lat="47.312390"><ele>581.5</ele></trkpt>
   <trkpt lon="14.950648" lat="47.312148"><ele>581.5</ele></trkpt>
   <trkpt lon="14.949642" lat="47.310987"><ele>579.0</ele></trkpt>
   <trkpt lon="14.949503" lat="47.310817"><ele>578.25</ele></trkpt>
   <trkpt lon="14.948720" lat="47.309908"><ele>579.25</ele></trkpt>
   <trkpt lon="14.945554" lat="47.306096"><ele>584.0</ele></trkpt>
   <trkpt lon="14.945457" lat="47.305979"><ele>584.25</ele></trkpt>
   <trkpt lon="14.945359" lat="47.305862"><ele>584.5</ele></trkpt>
   <trkpt lon="14.943988" lat="47.304225"><ele>585.25</ele></trkpt>
   <trkpt lon="14.943452" lat="47.303578"><ele>586.0</ele></trkpt>
   <trkpt lon="14.943310" lat="47.303410"><ele>586.0</ele></trkpt>
   <trkpt lon="14.943034" lat="47.303086"><ele>585.75</ele></trkpt>
   <trkpt lon="14.942585" lat="47.302615"><ele>584.5</ele></trkpt>
   <trkpt lon="14.942301" lat="47.302287"><ele>584.0</ele></trkpt>
   <trkpt lon="14.942228" lat="47.302194"><ele>584.25</ele></trkpt>
   <trkpt lon="14.941480" lat="47.301269"><ele>584.5</ele></trkpt>
   <trkpt lon="14.941332" lat="47.301058"><ele>584.0</ele></trkpt>
   <trkpt lon="14.941083" lat="47.300677"><ele>583.0</ele></trkpt>
   <trkpt lon="14.940937" lat="47.300409"><ele>583.0</ele></trkpt>
   <trkpt lon="14.940778" lat="47.300060"><ele>583.0</ele></trkpt>
   <trkpt lon="14.940596" lat="47.299546"><ele>584.0</ele></trkpt>
   <trkpt lon="14.940505" lat="47.299154"><ele>584.0</ele></trkpt>
   <trkpt lon="14.940469" lat="47.298910"><ele>584.5</ele></trkpt>
   <trkpt lon="14.940442" lat="47.298638"><ele>585.0</ele></trkpt>
   <trkpt lon="14.940441" lat="47.298197"><ele>585.75</ele></trkpt>
   <trkpt lon="14.940455" lat="47.297998"><ele>586.0</ele></trkpt>
   <trkpt lon="14.940680" lat="47.296710"><ele>587.75</ele></trkpt>
   <trkpt lon="14.940886" lat="47.295577"><ele>585.75</ele></trkpt>
   <trkpt lon="14.941498" lat="47.291996"><ele>583.5</ele></trkpt>
   <trkpt lon="14.941894" lat="47.289619"><ele>584.5</ele></trkpt>
   <trkpt lon="14.941931" lat="47.289328"><ele>584.5</ele></trkpt>
   <trkpt lon="14.941950" lat="47.289004"><ele>584.75</ele></trkpt>
   <trkpt lon="14.941948" lat="47.288575"><ele>585.0</ele></trkpt>
   <trkpt lon="14.941936" lat="47.288388"><ele>585.25</ele></trkpt>
   <trkpt lon="14.941892" lat="47.288099"><ele>585.25</ele></trkpt>
   <trkpt lon="14.941842" lat="47.287846"><ele>585.0</ele></trkpt>
   <trkpt lon="14.941795" lat="47.287654"><ele>585.0</ele></trkpt>
   <trkpt lon="14.941706" lat="47.287372"><ele>585.25</ele></trkpt>
   <trkpt lon="14.941609" lat="47.287105"><ele>586.5</ele></trkpt>
   <trkpt lon="14.941491" lat="47.286854"><ele>588.0</ele></trkpt>
   <trkpt lon="14.941233" lat="47.286381"><ele>588.75</ele></trkpt>
   <trkpt lon="14.941058" lat="47.286109"><ele>588.25</ele></trkpt>
   <trkpt lon="14.940821" lat="47.285798"><ele>587.0</ele></trkpt>
   <trkpt lon="14.940577" lat="47.285518"><ele>589.0</ele></trkpt>
   <trkpt lon="14.940386" lat="47.285313"><ele>589.5</ele></trkpt>
   <trkpt lon="14.939940" lat="47.284886"><ele>589.5</ele></trkpt>
   <trkpt lon="14.938381" lat="47.283512"><ele>592.0</ele></trkpt>
   <trkpt lon="14.937359" lat="47.282575"><ele>587.5</ele></trkpt>
   <trkpt lon="14.936480" lat="47.281733"><ele>589.25</ele></trkpt>
   <trkpt lon="14.935961" lat="47.281253"><ele>588.5</ele></trkpt>
   <trkpt lon="14.935492" lat="47.280853"><ele>588.0</ele></trkpt>
   <trkpt lon="14.935068" lat="47.280551"><ele>588.5</ele></trkpt>
   <trkpt lon="14.934512" lat="47.280211"><ele>589.5</ele></trkpt>
   <trkpt lon="14.934129" lat="47.279999"><ele>589.75</ele></trkpt>
   <trkpt lon="14.933914" lat="47.279894"><ele>590.0</ele></trkpt>
   <trkpt lon="14.933512" lat="47.279710"><ele>589.75</ele></trkpt>
   <trkpt lon="14.932993" lat="47.279505"><ele>589.5</ele></trkpt>
   <trkpt lon="14.932498" lat="47.279333"><ele>589.0</ele></trkpt>
   <trkpt lon="14.931914" lat="47.279158"><ele>590.0</ele></trkpt>
   <trkpt lon="14.931538" lat="47.279054"><ele>591.25</ele></trkpt>
   <trkpt lon="14.927884" lat="47.278120"><ele>592.5</ele></trkpt>
   <trkpt lon="14.927741" lat="47.278083"><ele>592.5</ele></trkpt>
   <trkpt lon="14.926807" lat="47.277828"><ele>593.0</ele></trkpt>
   <trkpt lon="14.926264" lat="47.277652"><ele>594.5</ele></trkpt>
   <trkpt lon="14.925780" lat="47.277468"><ele>595.5</ele></trkpt>
   <trkpt lon="14.925475" lat="47.277345"><ele>593.25</ele></trkpt>
   <trkpt lon="14.925125" lat="47.277187"><ele>591.5</ele></trkpt>
   <trkpt lon="14.924815" lat="47.277025"><ele>590.5</ele></trkpt>
   <trkpt lon="14.924241" lat="47.276702"><ele>590.0</ele></trkpt>
   <trkpt lon="14.923665" lat="47.276306"><ele>590.75</ele></trkpt>
   <trkpt lon="14.923279" lat="47.276001"><ele>591.0</ele></trkpt>
   <trkpt lon="14.923001" lat="47.275762"><ele>591.0</ele></trkpt>
   <trkpt lon="14.922749" lat="47.275506"><ele>591.5</ele></trkpt>
   <trkpt lon="14.922385" lat="47.275105"><ele>592.25</ele></trkpt>
   <trkpt lon="14.922182" lat="47.274842"><ele>592.0</ele></trkpt>
   <trkpt lon="14.921965" lat="47.274518"><ele>591.25</ele></trkpt>
   <trkpt lon="14.921768" lat="47.274176"><ele>591.0</ele></trkpt>
   <trkpt lon="14.921648" lat="47.273928"><ele>591.25</ele></trkpt>
   <trkpt lon="14.921508" lat="47.273597"><ele>591.5</ele></trkpt>
   <trkpt lon="14.921414" lat="47.273315"><ele>591.75</ele></trkpt>
   <trkpt lon="14.921297" lat="47.272825"><ele>593.25</ele></trkpt>
   <trkpt lon="14.921258" lat="47.272574"><ele>593.75</ele></trkpt>
   <trkpt lon="14.921056" lat="47.271215"><ele>598.75</ele></trkpt>
   <trkpt lon="14.920981" lat="47.270787"><ele>597.5</ele></trkpt>
   <trkpt lon="14.920822" lat="47.270070"><ele>590.25</ele></trkpt>
   <trkpt lon="14.920210" lat="47.268064"><ele>593.25</ele></trkpt>
   <trkpt lon="14.919790" lat="47.266685"><ele>592.75</ele></trkpt>
   <trkpt lon="14.917889" lat="47.260546"><ele>596.5</ele></trkpt>
   <trkpt lon="14.917760" lat="47.260200"><ele>597.25</ele></trkpt>
   <trkpt lon="14.917591" lat="47.259831"><ele>597.75</ele></trkpt>
   <trkpt lon="14.917235" lat="47.259190"><ele>597.75</ele></trkpt>
   <trkpt lon="14.917067" lat="47.258913"><ele>598.25</ele></trkpt>
   <trkpt lon="14.916113" lat="47.257464"><ele>599.25</ele></trkpt>
   <trkpt lon="14.916078" lat="47.257409"><ele>599.25</ele></trkpt>
   <trkpt lon="14.915844" lat="47.257028"><ele>599.5</ele></trkpt>
   <trkpt lon="14.915545" lat="47.256493"><ele>599.75</ele></trkpt>
   <trkpt lon="14.915322" lat="47.256068"><ele>600.5</ele></trkpt>
   <trkpt lon="14.914879" lat="47.255164"><ele>602.0</ele></trkpt>
   <trkpt lon="14.914436" lat="47.254432"><ele>600.5</ele></trkpt>
   <trkpt lon="14.914201" lat="47.254126"><ele>600.25</ele></trkpt>
   <trkpt lon="14.913955" lat="47.253845"><ele>600.75</ele></trkpt>
   <trkpt lon="14.913611" lat="47.253491"><ele>601.25</ele></trkpt>
   <trkpt lon="14.913403" lat="47.253299"><ele>601.25</ele></trkpt>
   <trkpt lon="14.913094" lat="47.253044"><ele>601.75</ele></trkpt>
   <trkpt lon="14.912609" lat="47.252691"><ele>601.5</ele></trkpt>
   <trkpt lon="14.912346" lat="47.252522"><ele>601.5</ele></trkpt>
   <trkpt lon="14.911877" lat="47.252246"><ele>600.75</ele></trkpt>
   <trkpt lon="14.911314" lat="47.251971"><ele>600.25</ele></trkpt>
   <trkpt lon="14.910826" lat="47.251756"><ele>599.75</ele></trkpt>
   <trkpt lon="14.910184" lat="47.251517"><ele>599.75</ele></trkpt>
   <trkpt lon="14.909639" lat="47.251353"><ele>600.25</ele></trkpt>
   <trkpt lon="14.909034" lat="47.251201"><ele>601.0</ele></trkpt>
   <trkpt lon="14.908552" lat="47.251100"><ele>600.75</ele></trkpt>
   <trkpt lon="14.907920" lat="47.251000"><ele>600.0</ele></trkpt>
   <trkpt lon="14.907398" lat="47.250938"><ele>599.5</ele></trkpt>
   <trkpt lon="14.906924" lat="47.250904"><ele>599.0</ele></trkpt>
   <trkpt lon="14.906401" lat="47.250884"><ele>598.75</ele></trkpt>
   <trkpt lon="14.905973" lat="47.250884"><ele>598.75</ele></trkpt>
   <trkpt lon="14.905645" lat="47.250892"><ele>598.75</ele></trkpt>
   <trkpt lon="14.905365" lat="47.250906"><ele>598.75</ele></trkpt>
   <trkpt lon="14.904734" lat="47.250956"><ele>598.75</ele></trkpt>
   <trkpt lon="14.904236" lat="47.251013"><ele>598.75</ele></trkpt>
   <trkpt lon="14.903790" lat="47.251071"><ele>598.25</ele></trkpt>
   <trkpt lon="14.903278" lat="47.251146"><ele>598.0</ele></trkpt>
   <trkpt lon="14.902556" lat="47.251245"><ele>598.25</ele></trkpt>
   <trkpt lon="14.902038" lat="47.251308"><ele>599.0</ele></trkpt>
   <trkpt lon="14.901799" lat="47.251335"><ele>599.5</ele></trkpt>
   <trkpt lon="14.901131" lat="47.251407"><ele>598.75</ele></trkpt>
   <trkpt lon="14.900310" lat="47.251475"><ele>598.75</ele></trkpt>
   <trkpt lon="14.899582" lat="47.251521"><ele>599.0</ele></trkpt>
   <trkpt lon="14.898573" lat="47.251567"><ele>599.25</ele></trkpt>
   <trkpt lon="14.898411" lat="47.251572"><ele>599.25</ele></trkpt>
   <trkpt lon="14.896890" lat="47.251630"><ele>599.75</ele></trkpt>
   <trkpt lon="14.895836" lat="47.251669"><ele>601.75</ele></trkpt>
   <trkpt lon="14.895672" lat="47.251675"><ele>602.0</ele></trkpt>
   <trkpt lon="14.894456" lat="47.251735"><ele>600.75</ele></trkpt>
   <trkpt lon="14.893609" lat="47.251788"><ele>600.5</ele></trkpt>
   <trkpt lon="14.892510" lat="47.251838"><ele>600.75</ele></trkpt>
   <trkpt lon="14.890970" lat="47.251899"><ele>601.25</ele></trkpt>
   <trkpt lon="14.890374" lat="47.251917"><ele>601.25</ele></trkpt>
   <trkpt lon="14.888203" lat="47.251953"><ele>601.25</ele></trkpt>
   <trkpt lon="14.887075" lat="47.251991"><ele>602.25</ele></trkpt>
   <trkpt lon="14.886301" lat="47.252018"><ele>602.75</ele></trkpt>
   <trkpt lon="14.885954" lat="47.252024"><ele>603.0</ele></trkpt>
   <trkpt lon="14.885604" lat="47.252028"><ele>603.0</ele></trkpt>
   <trkpt lon="14.885123" lat="47.252023"><ele>603.0</ele></trkpt>
   <trkpt lon="14.884619" lat="47.252002"><ele>602.5</ele></trkpt>
   <trkpt lon="14.884120" lat="47.251970"><ele>602.25</ele></trkpt>
   <trkpt lon="14.884045" lat="47.251963"><ele>602.25</ele></trkpt>
   <trkpt lon="14.883954" lat="47.251955"><ele>602.25</ele></trkpt>
   <trkpt lon="14.883545" lat="47.251909"><ele>602.75</ele></trkpt>
   <trkpt lon="14.883112" lat="47.251842"><ele>603.0</ele></trkpt>
   <trkpt lon="14.882590" lat="47.251742"><ele>602.75</ele></trkpt>
   <trkpt lon="14.882047" lat="47.251630"><ele>603.0</ele></trkpt>
   <trkpt lon="14.882024" lat="47.251626"><ele>603.0</ele></trkpt>
   <trkpt lon="14.881163" lat="47.251427"><ele>603.25</ele></trkpt>
   <trkpt lon="14.880690" lat="47.251295"><ele>603.25</ele></trkpt>
   <trkpt lon="14.879870" lat="47.251019"><ele>603.25</ele></trkpt>
   <trkpt lon="14.879669" lat="47.250940"><ele>603.25</ele></trkpt>
   <trkpt lon="14.879201" lat="47.250757"><ele>603.0</ele></trkpt>
   <trkpt lon="14.878495" lat="47.250420"><ele>603.75</ele></trkpt>
   <trkpt lon="14.878246" lat="47.250295"><ele>604.25</ele></trkpt>
   <trkpt lon="14.877536" lat="47.249894"><ele>605.0</ele></trkpt>
   <trkpt lon="14.877157" lat="47.249654"><ele>605.0</ele></trkpt>
   <trkpt lon="14.876141" lat="47.248980"><ele>606.0</ele></trkpt>
   <trkpt lon="14.875231" lat="47.248353"><ele>606.5</ele></trkpt>
   <trkpt lon="14.870554" lat="47.245187"><ele>608.5</ele></trkpt>
   <trkpt lon="14.869082" lat="47.244191"><ele>608.75</ele></trkpt>
   <trkpt lon="14.855433" lat="47.234935"><ele>614.5</ele></trkpt>
   <trkpt lon="14.854750" lat="47.234470"><ele>613.75</ele></trkpt>
   <trkpt lon="14.851657" lat="47.232368"><ele>616.0</ele></trkpt>
   <trkpt lon="14.851080" lat="47.231949"><ele>615.75</ele></trkpt>
   <trkpt lon="14.850759" lat="47.231691"><ele>615.75</ele></trkpt>
   <trkpt lon="14.850364" lat="47.231338"><ele>615.5</ele></trkpt>
   <trkpt lon="14.850051" lat="47.231021"><ele>616.25</ele></trkpt>
   <trkpt lon="14.849815" lat="47.230754"><ele>616.5</ele></trkpt>
   <trkpt lon="14.849628" lat="47.230528"><ele>616.25</ele></trkpt>
   <trkpt lon="14.849295" lat="47.230067"><ele>616.0</ele></trkpt>
   <trkpt lon="14.849114" lat="47.229794"><ele>616.25</ele></trkpt>
   <trkpt lon="14.848961" lat="47.229527"><ele>616.75</ele></trkpt>
   <trkpt lon="14.848898" lat="47.229402"><ele>617.0</ele></trkpt>
   <trkpt lon="14.848800" lat="47.229203"><ele>617.25</ele></trkpt>
   <trkpt lon="14.848657" lat="47.228861"><ele>617.5</ele></trkpt>
   <trkpt lon="14.848527" lat="47.228487"><ele>617.75</ele></trkpt>
   <trkpt lon="14.848424" lat="47.228133"><ele>618.25</ele></trkpt>
   <trkpt lon="14.848359" lat="47.227795"><ele>618.5</ele></trkpt>
   <trkpt lon="14.848309" lat="47.227456"><ele>618.75</ele></trkpt>
   <trkpt lon="14.848281" lat="47.227154"><ele>618.5</ele></trkpt>
   <trkpt lon="14.848278" lat="47.226674"><ele>618.0</ele></trkpt>
   <trkpt lon="14.848317" lat="47.226155"><ele>618.5</ele></trkpt>
   <trkpt lon="14.848340" lat="47.225959"><ele>618.75</ele></trkpt>
   <trkpt lon="14.848629" lat="47.223898"><ele>618.75</ele></trkpt>
   <trkpt lon="14.848633" lat="47.223867"><ele>618.75</ele></trkpt>
   <trkpt lon="14.848674" lat="47.223590"><ele>618.25</ele></trkpt>
   <trkpt lon="14.848715" lat="47.223086"><ele>618.5</ele></trkpt>
   <trkpt lon="14.848694" lat="47.222689"><ele>619.25</ele></trkpt>
   <trkpt lon="14.848624" lat="47.222334"><ele>619.5</ele></trkpt>
   <trkpt lon="14.848548" lat="47.222110"><ele>619.5</ele></trkpt>
   <trkpt lon="14.848455" lat="47.221895"><ele>619.5</ele></trkpt>
   <trkpt lon="14.848331" lat="47.221664"><ele>619.75</ele></trkpt>
   <trkpt lon="14.848194" lat="47.221446"><ele>619.0</ele></trkpt>
   <trkpt lon="14.848012" lat="47.221219"><ele>618.25</ele></trkpt>
   <trkpt lon="14.847856" lat="47.221040"><ele>618.0</ele></trkpt>
   <trkpt lon="14.847674" lat="47.220860"><ele>617.75</ele></trkpt>
   <trkpt lon="14.847443" lat="47.220664"><ele>617.75</ele></trkpt>
   <trkpt lon="14.847167" lat="47.220463"><ele>617.75</ele></trkpt>
   <trkpt lon="14.846800" lat="47.220228"><ele>618.25</ele></trkpt>
   <trkpt lon="14.846338" lat="47.219961"><ele>618.0</ele></trkpt>
   <trkpt lon="14.846285" lat="47.219930"><ele>618.0</ele></trkpt>
   <trkpt lon="14.846192" lat="47.219880"><ele>618.0</ele></trkpt>
   <trkpt lon="14.846080" lat="47.219812"><ele>618.0</ele></trkpt>
   <trkpt lon="14.845055" lat="47.219250"><ele>620.5</ele></trkpt>
   <trkpt lon="14.844277" lat="47.218841"><ele>620.75</ele></trkpt>
   <trkpt lon="14.843737" lat="47.218577"><ele>621.5</ele></trkpt>
   <trkpt lon="14.843302" lat="47.218362"><ele>622.75</ele></trkpt>
   <trkpt lon="14.843274" lat="47.218346"><ele>622.75</ele></trkpt>
   <trkpt lon="14.843236" lat="47.218326"><ele>622.75</ele></trkpt>
   <trkpt lon="14.843198" lat="47.218305"><ele>622.75</ele></trkpt>
   <trkpt lon="14.842754" lat="47.218079"><ele>622.5</ele></trkpt>
   <trkpt lon="14.842297" lat="47.217837"><ele>622.75</ele></trkpt>
   <trkpt lon="14.842082" lat="47.217719"><ele>622.5</ele></trkpt>
   <trkpt lon="14.841893" lat="47.217616"><ele>622.75</ele></trkpt>
   <trkpt lon="14.841491" lat="47.217394"><ele>623.0</ele></trkpt>
   <trkpt lon="14.840684" lat="47.216934"><ele>623.5</ele></trkpt>
   <trkpt lon="14.840395" lat="47.216755"><ele>623.75</ele></trkpt>
   <trkpt lon="14.839719" lat="47.216355"><ele>624.25</ele></trkpt>
   <trkpt lon="14.837705" lat="47.215241"><ele>626.0</ele></trkpt>
   <trkpt lon="14.835526" lat="47.214039"><ele>626.25</ele></trkpt>
   <trkpt lon="14.835088" lat="47.213804"><ele>626.5</ele></trkpt>
   <trkpt lon="14.834249" lat="47.213384"><ele>626.75</ele></trkpt>
   <trkpt lon="14.833149" lat="47.212780"><ele>626.5</ele></trkpt>
   <trkpt lon="14.832285" lat="47.212300"><ele>627.5</ele></trkpt>
   <trkpt lon="14.832268" lat="47.212290"><ele>627.5</ele></trkpt>
   <trkpt lon="14.832244" lat="47.212277"><ele>627.5</ele></trkpt>
   <trkpt lon="14.831901" lat="47.212080"><ele>628.0</ele></trkpt>
   <trkpt lon="14.831244" lat="47.211686"><ele>628.5</ele></trkpt>
   <trkpt lon="14.831042" lat="47.211551"><ele>628.75</ele></trkpt>
   <trkpt lon="14.830878" lat="47.211434"><ele>629.0</ele></trkpt>
   <trkpt lon="14.830744" lat="47.211327"><ele>629.25</ele></trkpt>
   <trkpt lon="14.830536" lat="47.211146"><ele>629.5</ele></trkpt>
   <trkpt lon="14.830502" lat="47.211113"><ele>629.5</ele></trkpt>
   <trkpt lon="14.830011" lat="47.210634"><ele>629.25</ele></trkpt>
   <trkpt lon="14.829556" lat="47.210163"><ele>630.5</ele></trkpt>
   <trkpt lon="14.829391" lat="47.209992"><ele>631.0</ele></trkpt>
   <trkpt lon="14.829313" lat="47.209912"><ele>631.0</ele></trkpt>
   <trkpt lon="14.827001" lat="47.207517"><ele>634.0</ele></trkpt>
   <trkpt lon="14.826553" lat="47.207091"><ele>635.0</ele></trkpt>
   <trkpt lon="14.826243" lat="47.206820"><ele>635.0</ele></trkpt>
   <trkpt lon="14.825962" lat="47.206586"><ele>634.75</ele></trkpt>
   <trkpt lon="14.825397" lat="47.206176"><ele>634.25</ele></trkpt>
   <trkpt lon="14.825141" lat="47.206005"><ele>634.0</ele></trkpt>
   <trkpt lon="14.824691" lat="47.205724"><ele>634.5</ele></trkpt>
   <trkpt lon="14.822633" lat="47.204514"><ele>636.0</ele></trkpt>
   <trkpt lon="14.822243" lat="47.204279"><ele>636.25</ele></trkpt>
   <trkpt lon="14.822064" lat="47.204174"><ele>636.5</ele></trkpt>
   <trkpt lon="14.821941" lat="47.204103"><ele>636.5</ele></trkpt>
   <trkpt lon="14.819760" lat="47.202839"><ele>636.5</ele></trkpt>
   <trkpt lon="14.819537" lat="47.202710"><ele>636.75</ele></trkpt>
   <trkpt lon="14.818871" lat="47.202324"><ele>635.75</ele></trkpt>
   <trkpt lon="14.818522" lat="47.202124"><ele>634.5</ele></trkpt>
   <trkpt lon="14.818105" lat="47.201881"><ele>634.25</ele></trkpt>
   <trkpt lon="14.817861" lat="47.201754"><ele>634.5</ele></trkpt>
   <trkpt lon="14.817687" lat="47.201665"><ele>634.75</ele></trkpt>
   <trkpt lon="14.817348" lat="47.201507"><ele>635.25</ele></trkpt>
   <trkpt lon="14.816959" lat="47.201346"><ele>636.75</ele></trkpt>
   <trkpt lon="14.816540" lat="47.201209"><ele>638.25</ele></trkpt>
   <trkpt lon="14.816262" lat="47.201124"><ele>638.75</ele></trkpt>
   <trkpt lon="14.815689" lat="47.200982"><ele>640.5</ele></trkpt>
   <trkpt lon="14.815296" lat="47.200908"><ele>641.25</ele></trkpt>
   <trkpt lon="14.815100" lat="47.200877"><ele>641.75</ele></trkpt>
   <trkpt lon="14.815064" lat="47.200872"><ele>641.75</ele></trkpt>
   <trkpt lon="14.814457" lat="47.200802"><ele>641.5</ele></trkpt>
   <trkpt lon="14.813755" lat="47.200743"><ele>641.25</ele></trkpt>
   <trkpt lon="14.810187" lat="47.200467"><ele>640.75</ele></trkpt>
   <trkpt lon="14.809713" lat="47.200430"><ele>640.75</ele></trkpt>
   <trkpt lon="14.809340" lat="47.200402"><ele>641.0</ele></trkpt>
   <trkpt lon="14.809156" lat="47.200387"><ele>641.25</ele></trkpt>
   <trkpt lon="14.808971" lat="47.200374"><ele>641.5</ele></trkpt>
   <trkpt lon="14.808867" lat="47.200366"><ele>641.75</ele></trkpt>
   <trkpt lon="14.801760" lat="47.199813"><ele>646.5</ele></trkpt>
   <trkpt lon="14.801601" lat="47.199802"><ele>646.5</ele></trkpt>
   <trkpt lon="14.800772" lat="47.199740"><ele>647.25</ele></trkpt>
   <trkpt lon="14.800111" lat="47.199707"><ele>647.5</ele></trkpt>
   <trkpt lon="14.799345" lat="47.199683"><ele>647.75</ele></trkpt>
   <trkpt lon="14.797165" lat="47.199639"><ele>648.75</ele></trkpt>
   <trkpt lon="14.797004" lat="47.199635"><ele>649.0</ele></trkpt>
   <trkpt lon="14.796465" lat="47.199624"><ele>649.75</ele></trkpt>
   <trkpt lon="14.793901" lat="47.199573"><ele>651.25</ele></trkpt>
   <trkpt lon="14.793748" lat="47.199570"><ele>651.5</ele></trkpt>
   <trkpt lon="14.793072" lat="47.199556"><ele>651.5</ele></trkpt>
   <trkpt lon="14.792226" lat="47.199528"><ele>651.0</ele></trkpt>
   <trkpt lon="14.791703" lat="47.199500"><ele>651.0</ele></trkpt>
   <trkpt lon="14.791174" lat="47.199455"><ele>651.5</ele></trkpt>
   <trkpt lon="14.790669" lat="47.199393"><ele>652.0</ele></trkpt>
   <trkpt lon="14.790179" lat="47.199314"><ele>653.25</ele></trkpt>
   <trkpt lon="14.789726" lat="47.199224"><ele>653.5</ele></trkpt>
   <trkpt lon="14.789251" lat="47.199117"><ele>653.0</ele></trkpt>
   <trkpt lon="14.788680" lat="47.198971"><ele>653.25</ele></trkpt>
   <trkpt lon="14.787356" lat="47.198567"><ele>654.75</ele></trkpt>
   <trkpt lon="14.782081" lat="47.196915"><ele>657.5</ele></trkpt>
   <trkpt lon="14.781536" lat="47.196745"><ele>657.75</ele></trkpt>
   <trkpt lon="14.781319" lat="47.196677"><ele>657.5</ele></trkpt>
   <trkpt lon="14.781201" lat="47.196639"><ele>657.25</ele></trkpt>
   <trkpt lon="14.780943" lat="47.196556"><ele>657.25</ele></trkpt>
   <trkpt lon="14.780879" lat="47.196536"><ele>657.0</ele></trkpt>
   <trkpt lon="14.780790" lat="47.196508"><ele>657.0</ele></trkpt>
   <trkpt lon="14.779334" lat="47.196051"><ele>656.0</ele></trkpt>
   <trkpt lon="14.777521" lat="47.195481"><ele>657.5</ele></trkpt>
   <trkpt lon="14.771214" lat="47.193506"><ele>658.75</ele></trkpt>
   <trkpt lon="14.769295" lat="47.192907"><ele>661.5</ele></trkpt>
   <trkpt lon="14.768149" lat="47.192543"><ele>662.25</ele></trkpt>
   <trkpt lon="14.767980" lat="47.192492"><ele>662.25</ele></trkpt>
   <trkpt lon="14.767315" lat="47.192300"><ele>662.25</ele></trkpt>
   <trkpt lon="14.766544" lat="47.192112"><ele>662.0</ele></trkpt>
   <trkpt lon="14.765945" lat="47.191993"><ele>661.0</ele></trkpt>
   <trkpt lon="14.765343" lat="47.191891"><ele>661.25</ele></trkpt>
   <trkpt lon="14.764964" lat="47.191842"><ele>661.75</ele></trkpt>
   <trkpt lon="14.764546" lat="47.191793"><ele>662.75</ele></trkpt>
   <trkpt lon="14.762452" lat="47.191595"><ele>667.0</ele></trkpt>
   <trkpt lon="14.761209" lat="47.191480"><ele>666.25</ele></trkpt>
   <trkpt lon="14.761151" lat="47.191475"><ele>666.25</ele></trkpt>
   <trkpt lon="14.760086" lat="47.191372"><ele>665.75</ele></trkpt>
   <trkpt lon="14.758397" lat="47.191215"><ele>665.75</ele></trkpt>
   <trkpt lon="14.758288" lat="47.191205"><ele>665.75</ele></trkpt>
   <trkpt lon="14.758158" lat="47.191193"><ele>665.75</ele></trkpt>
   <trkpt lon="14.757466" lat="47.191127"><ele>665.5</ele></trkpt>
   <trkpt lon="14.757314" lat="47.191112"><ele>665.5</ele></trkpt>
   <trkpt lon="14.756606" lat="47.191016"><ele>665.25</ele></trkpt>
   <trkpt lon="14.756220" lat="47.190971"><ele>665.5</ele></trkpt>
   <trkpt lon="14.755556" lat="47.190904"><ele>666.5</ele></trkpt>
   <trkpt lon="14.754565" lat="47.190790"><ele>668.0</ele></trkpt>
   <trkpt lon="14.754501" lat="47.190783"><ele>668.0</ele></trkpt>
   <trkpt lon="14.753688" lat="47.190686"><ele>668.0</ele></trkpt>
   <trkpt lon="14.753032" lat="47.190585"><ele>667.75</ele></trkpt>
   <trkpt lon="14.752996" lat="47.190578"><ele>667.75</ele></trkpt>
   <trkpt lon="14.752665" lat="47.190509"><ele>667.5</ele></trkpt>
   <trkpt lon="14.752315" lat="47.190420"><ele>667.0</ele></trkpt>
   <trkpt lon="14.751982" lat="47.190348"><ele>666.0</ele></trkpt>
   <trkpt lon="14.751867" lat="47.190324"><ele>665.5</ele></trkpt>
   <trkpt lon="14.751381" lat="47.190229"><ele>665.5</ele></trkpt>
   <trkpt lon="14.751238" lat="47.190202"><ele>665.75</ele></trkpt>
   <trkpt lon="14.750203" lat="47.189999"><ele>667.5</ele></trkpt>
   <trkpt lon="14.748545" lat="47.189695"><ele>669.0</ele></trkpt>
   <trkpt lon="14.747435" lat="47.189498"><ele>669.0</ele></trkpt>
   <trkpt lon="14.747111" lat="47.189435"><ele>669.0</ele></trkpt>
   <trkpt lon="14.746828" lat="47.189383"><ele>669.0</ele></trkpt>
   <trkpt lon="14.746267" lat="47.189313"><ele>669.25</ele></trkpt>
   <trkpt lon="14.745827" lat="47.189240"><ele>669.0</ele></trkpt>
   <trkpt lon="14.745678" lat="47.189213"><ele>668.75</ele></trkpt>
   <trkpt lon="14.744891" lat="47.189064"><ele>667.25</ele></trkpt>
   <trkpt lon="14.744615" lat="47.189012"><ele>668.0</ele></trkpt>
   <trkpt lon="14.742999" lat="47.188709"><ele>671.75</ele></trkpt>
   <trkpt lon="14.742407" lat="47.188576"><ele>670.75</ele></trkpt>
   <trkpt lon="14.742000" lat="47.188465"><ele>670.0</ele></trkpt>
   <trkpt lon="14.741474" lat="47.188294"><ele>669.5</ele></trkpt>
   <trkpt lon="14.741256" lat="47.188213"><ele>670.25</ele></trkpt>
   <trkpt lon="14.740887" lat="47.188060"><ele>671.0</ele></trkpt>
   <trkpt lon="14.740625" lat="47.187942"><ele>671.0</ele></trkpt>
   <trkpt lon="14.740039" lat="47.187654"><ele>669.75</ele></trkpt>
   <trkpt lon="14.740019" lat="47.187646"><ele>669.5</ele></trkpt>
   <trkpt lon="14.739964" lat="47.187617"><ele>669.25</ele></trkpt>
   <trkpt lon="14.739940" lat="47.187606"><ele>669.25</ele></trkpt>
   <trkpt lon="14.739285" lat="47.187277"><ele>664.75</ele></trkpt>
   <trkpt lon="14.739200" lat="47.187234"><ele>664.25</ele></trkpt>
   <trkpt lon="14.738609" lat="47.186940"><ele>664.5</ele></trkpt>
   <trkpt lon="14.738266" lat="47.186772"><ele>665.75</ele></trkpt>
   <trkpt lon="14.738023" lat="47.186653"><ele>666.0</ele></trkpt>
   <trkpt lon="14.737547" lat="47.186442"><ele>666.75</ele></trkpt>
   <trkpt lon="14.737031" lat="47.186249"><ele>667.75</ele></trkpt>
   <trkpt lon="14.736687" lat="47.186139"><ele>668.5</ele></trkpt>
   <trkpt lon="14.736357" lat="47.186049"><ele>669.5</ele></trkpt>
   <trkpt lon="14.736033" lat="47.185971"><ele>670.25</ele></trkpt>
   <trkpt lon="14.735533" lat="47.185869"><ele>670.75</ele></trkpt>
   <trkpt lon="14.735008" lat="47.185795"><ele>671.0</ele></trkpt>
   <trkpt lon="14.734405" lat="47.185737"><ele>671.75</ele></trkpt>
   <trkpt lon="14.734118" lat="47.185724"><ele>672.25</ele></trkpt>
   <trkpt lon="14.733786" lat="47.185717"><ele>672.5</ele></trkpt>
   <trkpt lon="14.729714" lat="47.185758"><ele>674.0</ele></trkpt>
   <trkpt lon="14.729596" lat="47.185758"><ele>674.5</ele></trkpt>
   <trkpt lon="14.725807" lat="47.185801"><ele>678.75</ele></trkpt>
   <trkpt lon="14.725730" lat="47.185802"><ele>678.75</ele></trkpt>
   <trkpt lon="14.725264" lat="47.185806"><ele>678.0</ele></trkpt>
   <trkpt lon="14.724685" lat="47.185836"><ele>677.5</ele></trkpt>
   <trkpt lon="14.724244" lat="47.185885"><ele>677.25</ele></trkpt>
   <trkpt lon="14.723921" lat="47.185935"><ele>677.5</ele></trkpt>
   <trkpt lon="14.723438" lat="47.186044"><ele>678.0</ele></trkpt>
   <trkpt lon="14.722690" lat="47.186250"><ele>682.25</ele></trkpt>
   <trkpt lon="14.722274" lat="47.186355"><ele>684.5</ele></trkpt>
   <trkpt lon="14.721965" lat="47.186417"><ele>686.25</ele></trkpt>
   <trkpt lon="14.721592" lat="47.186468"><ele>688.0</ele></trkpt>
   <trkpt lon="14.721282" lat="47.186491"><ele>688.5</ele></trkpt>
   <trkpt lon="14.720956" lat="47.186498"><ele>689.0</ele></trkpt>
   <trkpt lon="14.720580" lat="47.186489"><ele>689.0</ele></trkpt>
   <trkpt lon="14.717454" lat="47.186239"><ele>691.75</ele></trkpt>
   <trkpt lon="14.717083" lat="47.186227"><ele>690.75</ele></trkpt>
   <trkpt lon="14.716716" lat="47.186225"><ele>690.0</ele></trkpt>
   <trkpt lon="14.716395" lat="47.186246"><ele>689.0</ele></trkpt>
   <trkpt lon="14.716085" lat="47.186279"><ele>688.25</ele></trkpt>
   <trkpt lon="14.715813" lat="47.186324"><ele>687.75</ele></trkpt>
   <trkpt lon="14.715467" lat="47.186396"><ele>686.25</ele></trkpt>
   <trkpt lon="14.714313" lat="47.186693"><ele>681.5</ele></trkpt>
   <trkpt lon="14.713731" lat="47.186826"><ele>680.0</ele></trkpt>
   <trkpt lon="14.713342" lat="47.186895"><ele>679.75</ele></trkpt>
   <trkpt lon="14.712980" lat="47.186930"><ele>681.5</ele></trkpt>
   <trkpt lon="14.712629" lat="47.186940"><ele>682.75</ele></trkpt>
   <trkpt lon="14.712304" lat="47.186929"><ele>683.5</ele></trkpt>
   <trkpt lon="14.711968" lat="47.186893"><ele>684.0</ele></trkpt>
   <trkpt lon="14.711589" lat="47.186834"><ele>684.5</ele></trkpt>
   <trkpt lon="14.711091" lat="47.186711"><ele>685.0</ele></trkpt>
   <trkpt lon="14.710731" lat="47.186582"><ele>685.75</ele></trkpt>
   <trkpt lon="14.710357" lat="47.186414"><ele>687.0</ele></trkpt>
   <trkpt lon="14.710085" lat="47.186266"><ele>687.0</ele></trkpt>
   <trkpt lon="14.709577" lat="47.185891"><ele>686.75</ele></trkpt>
   <trkpt lon="14.709379" lat="47.185705"><ele>687.25</ele></trkpt>
   <trkpt lon="14.709227" lat="47.185534"><ele>687.5</ele></trkpt>
   <trkpt lon="14.709079" lat="47.185334"><ele>687.5</ele></trkpt>
   <trkpt lon="14.708897" lat="47.185016"><ele>687.75</ele></trkpt>
   <trkpt lon="14.708830" lat="47.184847"><ele>689.25</ele></trkpt>
   <trkpt lon="14.708775" lat="47.184672"><ele>690.75</ele></trkpt>
   <trkpt lon="14.708688" lat="47.184334"><ele>693.0</ele></trkpt>
   <trkpt lon="14.708561" lat="47.183664"><ele>695.5</ele></trkpt>
   <trkpt lon="14.708493" lat="47.183421"><ele>696.75</ele></trkpt>
   <trkpt lon="14.708377" lat="47.183160"><ele>697.75</ele></trkpt>
   <trkpt lon="14.708295" lat="47.183007"><ele>697.5</ele></trkpt>
   <trkpt lon="14.708165" lat="47.182820"><ele>697.25</ele></trkpt>
   <trkpt lon="14.708000" lat="47.182613"><ele>697.25</ele></trkpt>
   <trkpt lon="14.707838" lat="47.182448"><ele>697.75</ele></trkpt>
   <trkpt lon="14.707537" lat="47.182214"><ele>697.75</ele></trkpt>
   <trkpt lon="14.707274" lat="47.182042"><ele>698.0</ele></trkpt>
   <trkpt lon="14.707114" lat="47.181948"><ele>698.25</ele></trkpt>
   <trkpt lon="14.706808" lat="47.181788"><ele>698.5</ele></trkpt>
   <trkpt lon="14.706432" lat="47.181602"><ele>699.0</ele></trkpt>
   <trkpt lon="14.704898" lat="47.180886"><ele>699.75</ele></trkpt>
   <trkpt lon="14.704619" lat="47.180770"><ele>699.75</ele></trkpt>
   <trkpt lon="14.704355" lat="47.180671"><ele>700.25</ele></trkpt>
   <trkpt lon="14.703998" lat="47.180555"><ele>700.75</ele></trkpt>
   <trkpt lon="14.703636" lat="47.180467"><ele>700.75</ele></trkpt>
   <trkpt lon="14.701099" lat="47.179897"><ele>703.5</ele></trkpt>
   <trkpt lon="14.700492" lat="47.179769"><ele>704.75</ele></trkpt>
   <trkpt lon="14.699885" lat="47.179677"><ele>705.5</ele></trkpt>
   <trkpt lon="14.695412" lat="47.179092"><ele>704.5</ele></trkpt>
   <trkpt lon="14.694752" lat="47.179015"><ele>704.5</ele></trkpt>
   <trkpt lon="14.694366" lat="47.178985"><ele>704.75</ele></trkpt>
   <trkpt lon="14.694035" lat="47.178985"><ele>705.25</ele></trkpt>
   <trkpt lon="14.693644" lat="47.178998"><ele>706.0</ele></trkpt>
   <trkpt lon="14.693304" lat="47.179041"><ele>707.0</ele></trkpt>
   <trkpt lon="14.692994" lat="47.179093"><ele>706.25</ele></trkpt>
   <trkpt lon="14.692658" lat="47.179173"><ele>705.75</ele></trkpt>
   <trkpt lon="14.692376" lat="47.179265"><ele>705.75</ele></trkpt>
   <trkpt lon="14.691924" lat="47.179429"><ele>705.5</ele></trkpt>
   <trkpt lon="14.691348" lat="47.179667"><ele>704.75</ele></trkpt>
   <trkpt lon="14.690749" lat="47.179879"><ele>703.75</ele></trkpt>
   <trkpt lon="14.690381" lat="47.179971"><ele>703.0</ele></trkpt>
   <trkpt lon="14.690080" lat="47.180028"><ele>702.25</ele></trkpt>
   <trkpt lon="14.689832" lat="47.180064"><ele>701.75</ele></trkpt>
   <trkpt lon="14.689613" lat="47.180086"><ele>701.5</ele></trkpt>
   <trkpt lon="14.689299" lat="47.180101"><ele>700.75</ele></trkpt>
   <trkpt lon="14.687849" lat="47.180104"><ele>704.25</ele></trkpt>
   <trkpt lon="14.687445" lat="47.180127"><ele>707.0</ele></trkpt>
   <trkpt lon="14.685844" lat="47.180293"><ele>709.0</ele></trkpt>
   <trkpt lon="14.685764" lat="47.180302"><ele>709.0</ele></trkpt>
   <trkpt lon="14.677522" lat="47.181185"><ele>704.5</ele></trkpt>
   <trkpt lon="14.676363" lat="47.181308"><ele>707.5</ele></trkpt>
   <trkpt lon="14.673792" lat="47.181620"><ele>707.25</ele></trkpt>
   <trkpt lon="14.673415" lat="47.181659"><ele>708.5</ele></trkpt>
   <trkpt lon="14.673213" lat="47.181672"><ele>708.25</ele></trkpt>
   <trkpt lon="14.673025" lat="47.181678"><ele>707.25</ele></trkpt>
   <trkpt lon="14.672798" lat="47.181672"><ele>705.75</ele></trkpt>
   <trkpt lon="14.672538" lat="47.181663"><ele>704.0</ele></trkpt>
   <trkpt lon="14.672343" lat="47.181646"><ele>704.0</ele></trkpt>
   <trkpt lon="14.672105" lat="47.181614"><ele>704.5</ele></trkpt>
   <trkpt lon="14.671798" lat="47.181556"><ele>704.25</ele></trkpt>
   <trkpt lon="14.671497" lat="47.181477"><ele>704.75</ele></trkpt>
   <trkpt lon="14.671340" lat="47.181426"><ele>705.25</ele></trkpt>
   <trkpt lon="14.670981" lat="47.181303"><ele>705.5</ele></trkpt>
   <trkpt lon="14.670818" lat="47.181232"><ele>705.0</ele></trkpt>
   <trkpt lon="14.670599" lat="47.181114"><ele>705.25</ele></trkpt>
   <trkpt lon="14.670332" lat="47.180944"><ele>705.0</ele></trkpt>
   <trkpt lon="14.670050" lat="47.180731"><ele>705.25</ele></trkpt>
   <trkpt lon="14.669828" lat="47.180516"><ele>705.25</ele></trkpt>
   <trkpt lon="14.669757" lat="47.180436"><ele>705.25</ele></trkpt>
   <trkpt lon="14.669659" lat="47.180321"><ele>705.25</ele></trkpt>
   <trkpt lon="14.669540" lat="47.180157"><ele>705.0</ele></trkpt>
   <trkpt lon="14.669447" lat="47.180004"><ele>704.5</ele></trkpt>
   <trkpt lon="14.669376" lat="47.179865"><ele>705.0</ele></trkpt>
   <trkpt lon="14.669031" lat="47.179045"><ele>703.5</ele></trkpt>
   <trkpt lon="14.668968" lat="47.178938"><ele>703.75</ele></trkpt>
   <trkpt lon="14.668839" lat="47.178717"><ele>703.75</ele></trkpt>
   <trkpt lon="14.668464" lat="47.178172"><ele>703.75</ele></trkpt>
   <trkpt lon="14.667986" lat="47.177507"><ele>703.25</ele></trkpt>
   <trkpt lon="14.667774" lat="47.177232"><ele>704.0</ele></trkpt>
   <trkpt lon="14.667527" lat="47.176978"><ele>704.5</ele></trkpt>
   <trkpt lon="14.667303" lat="47.176772"><ele>704.0</ele></trkpt>
   <trkpt lon="14.667037" lat="47.176578"><ele>704.0</ele></trkpt>
   <trkpt lon="14.666999" lat="47.176550"><ele>704.0</ele></trkpt>
   <trkpt lon="14.666849" lat="47.176462"><ele>704.25</ele></trkpt>
   <trkpt lon="14.666647" lat="47.176357"><ele>705.0</ele></trkpt>
   <trkpt lon="14.666135" lat="47.176140"><ele>705.5</ele></trkpt>
   <trkpt lon="14.665961" lat="47.176071"><ele>705.75</ele></trkpt>
   <trkpt lon="14.665897" lat="47.176043"><ele>705.75</ele></trkpt>
   <trkpt lon="14.665864" lat="47.176029"><ele>705.75</ele></trkpt>
   <trkpt lon="14.665851" lat="47.176023"><ele>706.0</ele></trkpt>
   <trkpt lon="14.665502" lat="47.175891"><ele>706.0</ele></trkpt>
   <trkpt lon="14.665293" lat="47.175819"><ele>706.0</ele></trkpt>
   <trkpt lon="14.664810" lat="47.175651"><ele>706.5</ele></trkpt>
   <trkpt lon="14.664598" lat="47.175589"><ele>706.75</ele></trkpt>
   <trkpt lon="14.664426" lat="47.175547"><ele>706.75</ele></trkpt>
   <trkpt lon="14.663523" lat="47.175376"><ele>706.25</ele></trkpt>
   <trkpt lon="14.663476" lat="47.175367"><ele>706.25</ele></trkpt>
   <trkpt lon="14.662698" lat="47.175215"><ele>705.0</ele></trkpt>
   <trkpt lon="14.662248" lat="47.175152"><ele>705.25</ele></trkpt>
   <trkpt lon="14.661955" lat="47.175111"><ele>705.75</ele></trkpt>
   <trkpt lon="14.660984" lat="47.174984"><ele>706.75</ele></trkpt>
   <trkpt lon="14.660440" lat="47.174874"><ele>708.0</ele></trkpt>
   <trkpt lon="14.660282" lat="47.174848"><ele>708.5</ele></trkpt>
   <trkpt lon="14.659731" lat="47.174774"><ele>709.25</ele></trkpt>
   <trkpt lon="14.659616" lat="47.174756"><ele>709.25</ele></trkpt>
   <trkpt lon="14.659178" lat="47.174658"><ele>709.25</ele></trkpt>
   <trkpt lon="14.659060" lat="47.174639"><ele>709.5</ele></trkpt>
   <trkpt lon="14.657833" lat="47.174446"><ele>710.75</ele></trkpt>
   <trkpt lon="14.657480" lat="47.174402"><ele>710.75</ele></trkpt>
   <trkpt lon="14.657141" lat="47.174372"><ele>710.5</ele></trkpt>
   <trkpt lon="14.656844" lat="47.174358"><ele>710.25</ele></trkpt>
   <trkpt lon="14.656014" lat="47.174342"><ele>709.75</ele></trkpt>
   <trkpt lon="14.655547" lat="47.174329"><ele>709.75</ele></trkpt>
   <trkpt lon="14.654796" lat="47.174284"><ele>710.75</ele></trkpt>
   <trkpt lon="14.654741" lat="47.174283"><ele>711.0</ele></trkpt>
   <trkpt lon="14.654535" lat="47.174274"><ele>711.5</ele></trkpt>
   <trkpt lon="14.654046" lat="47.174281"><ele>713.0</ele></trkpt>
   <trkpt lon="14.653577" lat="47.174308"><ele>712.5</ele></trkpt>
   <trkpt lon="14.652928" lat="47.174360"><ele>712.25</ele></trkpt>
   <trkpt lon="14.652866" lat="47.174364"><ele>712.25</ele></trkpt>
   <trkpt lon="14.652762" lat="47.174374"><ele>712.5</ele></trkpt>
   <trkpt lon="14.651204" lat="47.174494"><ele>715.0</ele></trkpt>
   <trkpt lon="14.650087" lat="47.174584"><ele>711.0</ele></trkpt>
   <trkpt lon="14.649887" lat="47.174601"><ele>710.5</ele></trkpt>
   <trkpt lon="14.649765" lat="47.174614"><ele>710.5</ele></trkpt>
   <trkpt lon="14.649470" lat="47.174644"><ele>710.25</ele></trkpt>
   <trkpt lon="14.649029" lat="47.174702"><ele>710.25</ele></trkpt>
   <trkpt lon="14.648534" lat="47.174776"><ele>711.75</ele></trkpt>
   <trkpt lon="14.647945" lat="47.174887"><ele>713.0</ele></trkpt>
   <trkpt lon="14.647081" lat="47.175090"><ele>715.75</ele></trkpt>
   <trkpt lon="14.644758" lat="47.175688"><ele>719.25</ele></trkpt>
   <trkpt lon="14.644709" lat="47.175701"><ele>719.25</ele></trkpt>
   <trkpt lon="14.643482" lat="47.176018"><ele>719.25</ele></trkpt>
   <trkpt lon="14.643379" lat="47.176043"><ele>719.25</ele></trkpt>
   <trkpt lon="14.641395" lat="47.176562"><ele>716.5</ele></trkpt>
   <trkpt lon="14.639697" lat="47.177050"><ele>724.5</ele></trkpt>
   <trkpt lon="14.638779" lat="47.177289"><ele>722.0</ele></trkpt>
   <trkpt lon="14.637955" lat="47.177478"><ele>716.25</ele></trkpt>
   <trkpt lon="14.637558" lat="47.177557"><ele>713.75</ele></trkpt>
   <trkpt lon="14.636944" lat="47.177648"><ele>716.0</ele></trkpt>
   <trkpt lon="14.636654" lat="47.177683"><ele>716.75</ele></trkpt>
   <trkpt lon="14.636281" lat="47.177710"><ele>715.5</ele></trkpt>
   <trkpt lon="14.635751" lat="47.177723"><ele>712.75</ele></trkpt>
   <trkpt lon="14.635396" lat="47.177719"><ele>711.5</ele></trkpt>
   <trkpt lon="14.635022" lat="47.177704"><ele>709.5</ele></trkpt>
   <trkpt lon="14.634701" lat="47.177678"><ele>709.0</ele></trkpt>
   <trkpt lon="14.634290" lat="47.177632"><ele>708.25</ele></trkpt>
   <trkpt lon="14.633916" lat="47.177572"><ele>707.25</ele></trkpt>
   <trkpt lon="14.633146" lat="47.177432"><ele>707.25</ele></trkpt>
   <trkpt lon="14.633080" lat="47.177420"><ele>707.25</ele></trkpt>
   <trkpt lon="14.632475" lat="47.177319"><ele>708.25</ele></trkpt>
   <trkpt lon="14.632075" lat="47.177281"><ele>709.0</ele></trkpt>
   <trkpt lon="14.631684" lat="47.177259"><ele>710.0</ele></trkpt>
   <trkpt lon="14.631229" lat="47.177267"><ele>709.25</ele></trkpt>
   <trkpt lon="14.630897" lat="47.177294"><ele>709.0</ele></trkpt>
   <trkpt lon="14.630609" lat="47.177331"><ele>708.0</ele></trkpt>
   <trkpt lon="14.630383" lat="47.177368"><ele>706.75</ele></trkpt>
   <trkpt lon="14.630067" lat="47.177434"><ele>705.5</ele></trkpt>
   <trkpt lon="14.629677" lat="47.177527"><ele>704.25</ele></trkpt>
   <trkpt lon="14.628671" lat="47.177783"><ele>706.75</ele></trkpt>
   <trkpt lon="14.626350" lat="47.178401"><ele>707.5</ele></trkpt>
   <trkpt lon="14.625869" lat="47.178552"><ele>708.75</ele></trkpt>
   <trkpt lon="14.625422" lat="47.178724"><ele>708.5</ele></trkpt>
   <trkpt lon="14.624972" lat="47.178925"><ele>706.5</ele></trkpt>
   <trkpt lon="14.624594" lat="47.179127"><ele>705.0</ele></trkpt>
   <trkpt lon="14.624092" lat="47.179428"><ele>704.0</ele></trkpt>
   <trkpt lon="14.623820" lat="47.179626"><ele>704.0</ele></trkpt>
   <trkpt lon="14.623480" lat="47.179903"><ele>701.75</ele></trkpt>
   <trkpt lon="14.623202" lat="47.180168"><ele>702.5</ele></trkpt>
   <trkpt lon="14.622921" lat="47.180480"><ele>704.75</ele></trkpt>
   <trkpt lon="14.622647" lat="47.180828"><ele>704.75</ele></trkpt>
   <trkpt lon="14.622119" lat="47.181540"><ele>709.75</ele></trkpt>
   <trkpt lon="14.621906" lat="47.181798"><ele>710.0</ele></trkpt>
   <trkpt lon="14.621648" lat="47.182069"><ele>712.25</ele></trkpt>
   <trkpt lon="14.621354" lat="47.182333"><ele>713.25</ele></trkpt>
   <trkpt lon="14.621021" lat="47.182574"><ele>711.0</ele></trkpt>
   <trkpt lon="14.620673" lat="47.182787"><ele>710.75</ele></trkpt>
   <trkpt lon="14.620265" lat="47.182994"><ele>708.75</ele></trkpt>
   <trkpt lon="14.619705" lat="47.183245"><ele>704.75</ele></trkpt>
   <trkpt lon="14.618882" lat="47.183591"><ele>706.0</ele></trkpt>
   <trkpt lon="14.618462" lat="47.183789"><ele>707.25</ele></trkpt>
   <trkpt lon="14.618239" lat="47.183908"><ele>707.25</ele></trkpt>
   <trkpt lon="14.618159" lat="47.183953"><ele>707.0</ele></trkpt>
   <trkpt lon="14.617787" lat="47.184162"><ele>704.0</ele></trkpt>
   <trkpt lon="14.617230" lat="47.184454"><ele>706.75</ele></trkpt>
   <trkpt lon="14.617036" lat="47.184541"><ele>707.75</ele></trkpt>
   <trkpt lon="14.616690" lat="47.184665"><ele>707.75</ele></trkpt>
   <trkpt lon="14.616356" lat="47.184756"><ele>707.75</ele></trkpt>
   <trkpt lon="14.616115" lat="47.184809"><ele>707.0</ele></trkpt>
   <trkpt lon="14.615862" lat="47.184852"><ele>706.0</ele></trkpt>
   <trkpt lon="14.615468" lat="47.184894"><ele>707.0</ele></trkpt>
   <trkpt lon="14.615140" lat="47.184906"><ele>708.0</ele></trkpt>
   <trkpt lon="14.614941" lat="47.184904"><ele>708.0</ele></trkpt>
   <trkpt lon="14.614472" lat="47.184872"><ele>705.5</ele></trkpt>
   <trkpt lon="14.614173" lat="47.184836"><ele>704.0</ele></trkpt>
   <trkpt lon="14.612555" lat="47.184605"><ele>699.5</ele></trkpt>
   <trkpt lon="14.612149" lat="47.184563"><ele>698.75</ele></trkpt>
   <trkpt lon="14.611735" lat="47.184546"><ele>698.25</ele></trkpt>
   <trkpt lon="14.611483" lat="47.184542"><ele>698.25</ele></trkpt>
   <trkpt lon="14.611033" lat="47.184560"><ele>698.75</ele></trkpt>
   <trkpt lon="14.610611" lat="47.184604"><ele>698.75</ele></trkpt>
   <trkpt lon="14.610386" lat="47.184636"><ele>698.75</ele></trkpt>
   <trkpt lon="14.610160" lat="47.184677"><ele>698.75</ele></trkpt>
   <trkpt lon="14.609712" lat="47.184780"><ele>698.5</ele></trkpt>
   <trkpt lon="14.609299" lat="47.184906"><ele>697.75</ele></trkpt>
   <trkpt lon="14.609090" lat="47.184980"><ele>697.75</ele></trkpt>
   <trkpt lon="14.608891" lat="47.185061"><ele>698.75</ele></trkpt>
   <trkpt lon="14.608495" lat="47.185243"><ele>700.5</ele></trkpt>
   <trkpt lon="14.608132" lat="47.185453"><ele>701.0</ele></trkpt>
   <trkpt lon="14.607950" lat="47.185570"><ele>700.75</ele></trkpt>
   <trkpt lon="14.607753" lat="47.185714"><ele>699.5</ele></trkpt>
   <trkpt lon="14.607600" lat="47.185836"><ele>698.0</ele></trkpt>
   <trkpt lon="14.607425" lat="47.185988"><ele>699.25</ele></trkpt>
   <trkpt lon="14.607118" lat="47.186288"><ele>703.0</ele></trkpt>
   <trkpt lon="14.607071" lat="47.186334"><ele>703.25</ele></trkpt>
   <trkpt lon="14.606181" lat="47.187220"><ele>705.5</ele></trkpt>
   <trkpt lon="14.605945" lat="47.187446"><ele>704.0</ele></trkpt>
   <trkpt lon="14.605624" lat="47.187726"><ele>707.5</ele></trkpt>
   <trkpt lon="14.605295" lat="47.187991"><ele>709.5</ele></trkpt>
   <trkpt lon="14.604921" lat="47.188248"><ele>708.25</ele></trkpt>
   <trkpt lon="14.604600" lat="47.188452"><ele>710.0</ele></trkpt>
   <trkpt lon="14.603091" lat="47.189357"><ele>711.0</ele></trkpt>
   <trkpt lon="14.602731" lat="47.189559"><ele>711.5</ele></trkpt>
   <trkpt lon="14.602249" lat="47.189806"><ele>709.75</ele></trkpt>
   <trkpt lon="14.601841" lat="47.189984"><ele>706.25</ele></trkpt>
   <trkpt lon="14.600985" lat="47.190335"><ele>704.75</ele></trkpt>
   <trkpt lon="14.600510" lat="47.190512"><ele>703.25</ele></trkpt>
   <trkpt lon="14.600119" lat="47.190649"><ele>702.0</ele></trkpt>
   <trkpt lon="14.599502" lat="47.190840"><ele>700.25</ele></trkpt>
   <trkpt lon="14.596477" lat="47.191743"><ele>697.25</ele></trkpt>
   <trkpt lon="14.596320" lat="47.191789"><ele>697.75</ele></trkpt>
   <trkpt lon="14.595778" lat="47.191950"><ele>698.25</ele></trkpt>
   <trkpt lon="14.594993" lat="47.192181"><ele>697.5</ele></trkpt>
   <trkpt lon="14.594683" lat="47.192282"><ele>697.5</ele></trkpt>
   <trkpt lon="14.594071" lat="47.192505"><ele>698.0</ele></trkpt>
   <trkpt lon="14.593838" lat="47.192604"><ele>698.0</ele></trkpt>
   <trkpt lon="14.593559" lat="47.192732"><ele>698.25</ele></trkpt>
   <trkpt lon="14.593084" lat="47.192981"><ele>698.25</ele></trkpt>
   <trkpt lon="14.592639" lat="47.193252"><ele>697.25</ele></trkpt>
   <trkpt lon="14.592254" lat="47.193534"><ele>697.25</ele></trkpt>
   <trkpt lon="14.591840" lat="47.193876"><ele>697.75</ele></trkpt>
   <trkpt lon="14.591411" lat="47.194281"><ele>698.0</ele></trkpt>
   <trkpt lon="14.591311" lat="47.194385"><ele>698.25</ele></trkpt>
   <trkpt lon="14.590868" lat="47.194869"><ele>698.75</ele></trkpt>
   <trkpt lon="14.590388" lat="47.195454"><ele>698.75</ele></trkpt>
   <trkpt lon="14.588707" lat="47.197557"><ele>699.25</ele></trkpt>
   <trkpt lon="14.587280" lat="47.199367"><ele>702.0</ele></trkpt>
   <trkpt lon="14.587041" lat="47.199681"><ele>702.5</ele></trkpt>
   <trkpt lon="14.586834" lat="47.199914"><ele>702.0</ele></trkpt>
   <trkpt lon="14.586631" lat="47.200122"><ele>702.0</ele></trkpt>
   <trkpt lon="14.586533" lat="47.200240"><ele>702.75</ele></trkpt>
   <trkpt lon="14.585805" lat="47.201178"><ele>703.0</ele></trkpt>
   <trkpt lon="14.585776" lat="47.201214"><ele>703.25</ele></trkpt>
   <trkpt lon="14.585463" lat="47.201574"><ele>704.25</ele></trkpt>
   <trkpt lon="14.585335" lat="47.201706"><ele>704.0</ele></trkpt>
   <trkpt lon="14.585115" lat="47.201966"><ele>703.75</ele></trkpt>
   <trkpt lon="14.585111" lat="47.201970"><ele>703.75</ele></trkpt>
   <trkpt lon="14.585000" lat="47.202108"><ele>703.0</ele></trkpt>
   <trkpt lon="14.584973" lat="47.202143"><ele>703.25</ele></trkpt>
   <trkpt lon="14.584663" lat="47.202539"><ele>705.25</ele></trkpt>
   <trkpt lon="14.584364" lat="47.202906"><ele>705.5</ele></trkpt>
   <trkpt lon="14.584040" lat="47.203232"><ele>702.5</ele></trkpt>
   <trkpt lon="14.583824" lat="47.203421"><ele>703.0</ele></trkpt>
   <trkpt lon="14.583559" lat="47.203638"><ele>703.25</ele></trkpt>
   <trkpt lon="14.583356" lat="47.203783"><ele>701.75</ele></trkpt>
   <trkpt lon="14.583053" lat="47.203972"><ele>700.75</ele></trkpt>
   <trkpt lon="14.582837" lat="47.204090"><ele>700.0</ele></trkpt>
   <trkpt lon="14.582418" lat="47.204299"><ele>700.5</ele></trkpt>
   <trkpt lon="14.582003" lat="47.204479"><ele>701.75</ele></trkpt>
   <trkpt lon="14.581734" lat="47.204587"><ele>701.5</ele></trkpt>
   <trkpt lon="14.581374" lat="47.204693"><ele>700.75</ele></trkpt>
   <trkpt lon="14.580737" lat="47.204865"><ele>698.75</ele></trkpt>
   <trkpt lon="14.580257" lat="47.204979"><ele>698.25</ele></trkpt>
   <trkpt lon="14.580118" lat="47.205013"><ele>698.25</ele></trkpt>
   <trkpt lon="14.570042" lat="47.207313"><ele>698.75</ele></trkpt>
   <trkpt lon="14.568400" lat="47.207688"><ele>700.25</ele></trkpt>
   <trkpt lon="14.561911" lat="47.209168"><ele>699.75</ele></trkpt>
   <trkpt lon="14.560969" lat="47.209359"><ele>703.25</ele></trkpt>
   <trkpt lon="14.560137" lat="47.209503"><ele>707.0</ele></trkpt>
   <trkpt lon="14.559403" lat="47.209621"><ele>711.0</ele></trkpt>
   <trkpt lon="14.558132" lat="47.209775"><ele>706.25</ele></trkpt>
   <trkpt lon="14.557615" lat="47.209824"><ele>702.5</ele></trkpt>
   <trkpt lon="14.556802" lat="47.209891"><ele>702.25</ele></trkpt>
   <trkpt lon="14.555416" lat="47.209979"><ele>702.75</ele></trkpt>
   <trkpt lon="14.550482" lat="47.210311"><ele>706.25</ele></trkpt>
   <trkpt lon="14.549591" lat="47.210362"><ele>712.25</ele></trkpt>
   <trkpt lon="14.547855" lat="47.210434"><ele>718.25</ele></trkpt>
   <trkpt lon="14.546720" lat="47.210455"><ele>719.5</ele></trkpt>
   <trkpt lon="14.545565" lat="47.210465"><ele>715.25</ele></trkpt>
   <trkpt lon="14.544652" lat="47.210457"><ele>711.5</ele></trkpt>
   <trkpt lon="14.543762" lat="47.210441"><ele>709.5</ele></trkpt>
   <trkpt lon="14.538019" lat="47.210317"><ele>706.75</ele></trkpt>
   <trkpt lon="14.533150" lat="47.210201"><ele>705.75</ele></trkpt>
   <trkpt lon="14.530169" lat="47.210130"><ele>707.25</ele></trkpt>
   <trkpt lon="14.529169" lat="47.210108"><ele>707.5</ele></trkpt>
   <trkpt lon="14.528064" lat="47.210054"><ele>708.5</ele></trkpt>
   <trkpt lon="14.527415" lat="47.210009"><ele>709.0</ele></trkpt>
   <trkpt lon="14.526816" lat="47.209955"><ele>708.5</ele></trkpt>
   <trkpt lon="14.525908" lat="47.209862"><ele>709.5</ele></trkpt>
   <trkpt lon="14.523849" lat="47.209588"><ele>714.0</ele></trkpt>
   <trkpt lon="14.523803" lat="47.209582"><ele>714.0</ele></trkpt>
   <trkpt lon="14.523563" lat="47.209549"><ele>713.25</ele></trkpt>
   <trkpt lon="14.522466" lat="47.209400"><ele>709.75</ele></trkpt>
   <trkpt lon="14.522269" lat="47.209373"><ele>709.0</ele></trkpt>
   <trkpt lon="14.522218" lat="47.209366"><ele>709.0</ele></trkpt>
   <trkpt lon="14.520707" lat="47.209161"><ele>707.25</ele></trkpt>
   <trkpt lon="14.520601" lat="47.209146"><ele>707.75</ele></trkpt>
   <trkpt lon="14.519413" lat="47.208981"><ele>709.0</ele></trkpt>
   <trkpt lon="14.518954" lat="47.208932"><ele>709.25</ele></trkpt>
   <trkpt lon="14.518552" lat="47.208896"><ele>709.75</ele></trkpt>
   <trkpt lon="14.518139" lat="47.208879"><ele>710.0</ele></trkpt>
   <trkpt lon="14.517814" lat="47.208880"><ele>710.25</ele></trkpt>
   <trkpt lon="14.517481" lat="47.208896"><ele>710.5</ele></trkpt>
   <trkpt lon="14.517053" lat="47.208931"><ele>711.25</ele></trkpt>
   <trkpt lon="14.516602" lat="47.208996"><ele>711.75</ele></trkpt>
   <trkpt lon="14.516084" lat="47.209108"><ele>711.75</ele></trkpt>
   <trkpt lon="14.515830" lat="47.209172"><ele>712.0</ele></trkpt>
   <trkpt lon="14.515515" lat="47.209265"><ele>712.25</ele></trkpt>
   <trkpt lon="14.515149" lat="47.209399"><ele>712.75</ele></trkpt>
   <trkpt lon="14.515096" lat="47.209419"><ele>713.0</ele></trkpt>
   <trkpt lon="14.514498" lat="47.209655"><ele>712.75</ele></trkpt>
   <trkpt lon="14.514441" lat="47.209680"><ele>712.5</ele></trkpt>
   <trkpt lon="14.514205" lat="47.209781"><ele>711.5</ele></trkpt>
   <trkpt lon="14.513862" lat="47.209916"><ele>711.0</ele></trkpt>
   <trkpt lon="14.513808" lat="47.209938"><ele>711.0</ele></trkpt>
   <trkpt lon="14.513683" lat="47.209987"><ele>710.75</ele></trkpt>
   <trkpt lon="14.513397" lat="47.210092"><ele>711.0</ele></trkpt>
   <trkpt lon="14.513150" lat="47.210174"><ele>711.25</ele></trkpt>
   <trkpt lon="14.512881" lat="47.210254"><ele>711.25</ele></trkpt>
   <trkpt lon="14.512347" lat="47.210376"><ele>711.5</ele></trkpt>
   <trkpt lon="14.511947" lat="47.210451"><ele>712.5</ele></trkpt>
   <trkpt lon="14.511201" lat="47.210555"><ele>712.75</ele></trkpt>
   <trkpt lon="14.508775" lat="47.210850"><ele>713.25</ele></trkpt>
   <trkpt lon="14.507354" lat="47.211028"><ele>714.25</ele></trkpt>
   <trkpt lon="14.506967" lat="47.211077"><ele>714.75</ele></trkpt>
   <trkpt lon="14.506645" lat="47.211117"><ele>715.0</ele></trkpt>
   <trkpt lon="14.504320" lat="47.211401"><ele>711.25</ele></trkpt>
   <trkpt lon="14.502403" lat="47.211655"><ele>711.0</ele></trkpt>
   <trkpt lon="14.501010" lat="47.211860"><ele>714.25</ele></trkpt>
   <trkpt lon="14.500947" lat="47.211869"><ele>714.25</ele></trkpt>
   <trkpt lon="14.500809" lat="47.211889"><ele>714.25</ele></trkpt>
   <trkpt lon="14.500253" lat="47.211971"><ele>715.25</ele></trkpt>
   <trkpt lon="14.499020" lat="47.212154"><ele>718.0</ele></trkpt>
   <trkpt lon="14.498339" lat="47.212254"><ele>718.75</ele></trkpt>
   <trkpt lon="14.497917" lat="47.212303"><ele>718.5</ele></trkpt>
   <trkpt lon="14.497531" lat="47.212330"><ele>718.25</ele></trkpt>
   <trkpt lon="14.496946" lat="47.212341"><ele>718.5</ele></trkpt>
   <trkpt lon="14.496617" lat="47.212328"><ele>718.5</ele></trkpt>
   <trkpt lon="14.496260" lat="47.212305"><ele>719.25</ele></trkpt>
   <trkpt lon="14.495588" lat="47.212225"><ele>719.75</ele></trkpt>
   <trkpt lon="14.491503" lat="47.211660"><ele>714.0</ele></trkpt>
   <trkpt lon="14.491073" lat="47.211601"><ele>714.5</ele></trkpt>
   <trkpt lon="14.490663" lat="47.211559"><ele>715.0</ele></trkpt>
   <trkpt lon="14.490307" lat="47.211532"><ele>715.25</ele></trkpt>
   <trkpt lon="14.490067" lat="47.211525"><ele>715.5</ele></trkpt>
   <trkpt lon="14.489799" lat="47.211526"><ele>716.0</ele></trkpt>
   <trkpt lon="14.489346" lat="47.211538"><ele>717.0</ele></trkpt>
   <trkpt lon="14.488788" lat="47.211571"><ele>717.25</ele></trkpt>
   <trkpt lon="14.487652" lat="47.211682"><ele>717.0</ele></trkpt>
   <trkpt lon="14.486331" lat="47.211821"><ele>716.25</ele></trkpt>
   <trkpt lon="14.485980" lat="47.211860"><ele>716.25</ele></trkpt>
   <trkpt lon="14.485608" lat="47.211913"><ele>716.25</ele></trkpt>
   <trkpt lon="14.485322" lat="47.211961"><ele>716.25</ele></trkpt>
   <trkpt lon="14.485067" lat="47.212013"><ele>716.25</ele></trkpt>
   <trkpt lon="14.484598" lat="47.212129"><ele>716.75</ele></trkpt>
   <trkpt lon="14.484375" lat="47.212187"><ele>717.0</ele></trkpt>
   <trkpt lon="14.483796" lat="47.212374"><ele>716.25</ele></trkpt>
   <trkpt lon="14.482322" lat="47.212925"><ele>717.25</ele></trkpt>
   <trkpt lon="14.481443" lat="47.213253"><ele>718.0</ele></trkpt>
   <trkpt lon="14.480088" lat="47.213759"><ele>718.75</ele></trkpt>
   <trkpt lon="14.479781" lat="47.213871"><ele>718.75</ele></trkpt>
   <trkpt lon="14.479149" lat="47.214078"><ele>715.5</ele></trkpt>
   <trkpt lon="14.478717" lat="47.214181"><ele>715.0</ele></trkpt>
   <trkpt lon="14.478334" lat="47.214255"><ele>715.75</ele></trkpt>
   <trkpt lon="14.477862" lat="47.214318"><ele>717.75</ele></trkpt>
   <trkpt lon="14.477512" lat="47.214348"><ele>719.0</ele></trkpt>
   <trkpt lon="14.477146" lat="47.214364"><ele>719.25</ele></trkpt>
   <trkpt lon="14.476512" lat="47.214366"><ele>719.25</ele></trkpt>
   <trkpt lon="14.476429" lat="47.214366"><ele>719.0</ele></trkpt>
   <trkpt lon="14.476189" lat="47.214361"><ele>718.5</ele></trkpt>
   <trkpt lon="14.475643" lat="47.214347"><ele>718.0</ele></trkpt>
   <trkpt lon="14.475328" lat="47.214327"><ele>717.75</ele></trkpt>
   <trkpt lon="14.474903" lat="47.214289"><ele>717.5</ele></trkpt>
   <trkpt lon="14.474562" lat="47.214244"><ele>717.5</ele></trkpt>
   <trkpt lon="14.474202" lat="47.214182"><ele>717.0</ele></trkpt>
   <trkpt lon="14.473897" lat="47.214115"><ele>717.75</ele></trkpt>
   <trkpt lon="14.473255" lat="47.213933"><ele>718.5</ele></trkpt>
   <trkpt lon="14.471939" lat="47.213508"><ele>720.25</ele></trkpt>
   <trkpt lon="14.471513" lat="47.213401"><ele>720.5</ele></trkpt>
   <trkpt lon="14.471190" lat="47.213328"><ele>720.5</ele></trkpt>
   <trkpt lon="14.470869" lat="47.213266"><ele>720.5</ele></trkpt>
   <trkpt lon="14.470540" lat="47.213211"><ele>721.0</ele></trkpt>
   <trkpt lon="14.470088" lat="47.213153"><ele>721.5</ele></trkpt>
   <trkpt lon="14.469798" lat="47.213123"><ele>721.75</ele></trkpt>
   <trkpt lon="14.466397" lat="47.212773"><ele>719.75</ele></trkpt>
   <trkpt lon="14.462619" lat="47.212395"><ele>722.75</ele></trkpt>
   <trkpt lon="14.462515" lat="47.212384"><ele>723.0</ele></trkpt>
   <trkpt lon="14.460304" lat="47.212160"><ele>724.75</ele></trkpt>
   <trkpt lon="14.459675" lat="47.212085"><ele>724.5</ele></trkpt>
   <trkpt lon="14.459102" lat="47.211986"><ele>724.25</ele></trkpt>
   <trkpt lon="14.458658" lat="47.211883"><ele>725.25</ele></trkpt>
   <trkpt lon="14.458406" lat="47.211807"><ele>725.5</ele></trkpt>
   <trkpt lon="14.458104" lat="47.211707"><ele>725.75</ele></trkpt>
   <trkpt lon="14.457822" lat="47.211597"><ele>726.25</ele></trkpt>
   <trkpt lon="14.457526" lat="47.211464"><ele>726.25</ele></trkpt>
   <trkpt lon="14.457333" lat="47.211364"><ele>726.0</ele></trkpt>
   <trkpt lon="14.457085" lat="47.211221"><ele>725.75</ele></trkpt>
   <trkpt lon="14.456860" lat="47.211089"><ele>725.5</ele></trkpt>
   <trkpt lon="14.456573" lat="47.210890"><ele>725.0</ele></trkpt>
   <trkpt lon="14.456195" lat="47.210579"><ele>725.0</ele></trkpt>
   <trkpt lon="14.454926" lat="47.209353"><ele>724.5</ele></trkpt>
   <trkpt lon="14.454668" lat="47.209115"><ele>724.25</ele></trkpt>
   <trkpt lon="14.454324" lat="47.208813"><ele>724.5</ele></trkpt>
   <trkpt lon="14.453928" lat="47.208489"><ele>725.0</ele></trkpt>
   <trkpt lon="14.451517" lat="47.206717"><ele>728.0</ele></trkpt>
   <trkpt lon="14.449198" lat="47.205007"><ele>727.0</ele></trkpt>
   <trkpt lon="14.449127" lat="47.204952"><ele>726.75</ele></trkpt>
   <trkpt lon="14.449100" lat="47.204931"><ele>726.75</ele></trkpt>
   <trkpt lon="14.449049" lat="47.204892"><ele>726.75</ele></trkpt>
   <trkpt lon="14.448808" lat="47.204705"><ele>726.5</ele></trkpt>
   <trkpt lon="14.448736" lat="47.204649"><ele>726.75</ele></trkpt>
   <trkpt lon="14.448620" lat="47.204551"><ele>726.5</ele></trkpt>
   <trkpt lon="14.448588" lat="47.204523"><ele>726.5</ele></trkpt>
   <trkpt lon="14.448571" lat="47.204507"><ele>726.5</ele></trkpt>
   <trkpt lon="14.448434" lat="47.204389"><ele>726.75</ele></trkpt>
   <trkpt lon="14.447919" lat="47.203978"><ele>728.0</ele></trkpt>
   <trkpt lon="14.447768" lat="47.203844"><ele>728.5</ele></trkpt>
   <trkpt lon="14.447715" lat="47.203798"><ele>728.75</ele></trkpt>
   <trkpt lon="14.447680" lat="47.203768"><ele>728.75</ele></trkpt>
   <trkpt lon="14.447535" lat="47.203649"><ele>729.5</ele></trkpt>
   <trkpt lon="14.447352" lat="47.203514"><ele>730.0</ele></trkpt>
   <trkpt lon="14.446828" lat="47.203195"><ele>731.5</ele></trkpt>
   <trkpt lon="14.446798" lat="47.203178"><ele>731.5</ele></trkpt>
   <trkpt lon="14.446546" lat="47.203037"><ele>731.75</ele></trkpt>
   <trkpt lon="14.446027" lat="47.202780"><ele>731.5</ele></trkpt>
   <trkpt lon="14.445769" lat="47.202662"><ele>731.5</ele></trkpt>
   <trkpt lon="14.445327" lat="47.202486"><ele>732.25</ele></trkpt>
   <trkpt lon="14.444932" lat="47.202357"><ele>733.0</ele></trkpt>
   <trkpt lon="14.444331" lat="47.202107"><ele>732.5</ele></trkpt>
   <trkpt lon="14.443670" lat="47.201805"><ele>731.75</ele></trkpt>
   <trkpt lon="14.440642" lat="47.200421"><ele>732.0</ele></trkpt>
   <trkpt lon="14.440434" lat="47.200337"><ele>732.5</ele></trkpt>
   <trkpt lon="14.439662" lat="47.200064"><ele>734.5</ele></trkpt>
   <trkpt lon="14.439484" lat="47.199996"><ele>735.0</ele></trkpt>
   <trkpt lon="14.439233" lat="47.199889"><ele>735.25</ele></trkpt>
   <trkpt lon="14.438911" lat="47.199738"><ele>736.0</ele></trkpt>
   <trkpt lon="14.438675" lat="47.199618"><ele>736.0</ele></trkpt>
   <trkpt lon="14.438398" lat="47.199489"><ele>736.0</ele></trkpt>
   <trkpt lon="14.438052" lat="47.199337"><ele>735.25</ele></trkpt>
   <trkpt lon="14.437796" lat="47.199233"><ele>734.75</ele></trkpt>
   <trkpt lon="14.437773" lat="47.199225"><ele>734.75</ele></trkpt>
   <trkpt lon="14.437333" lat="47.199048"><ele>734.75</ele></trkpt>
   <trkpt lon="14.437095" lat="47.198950"><ele>735.25</ele></trkpt>
   <trkpt lon="14.437075" lat="47.198940"><ele>735.25</ele></trkpt>
   <trkpt lon="14.437051" lat="47.198928"><ele>735.25</ele></trkpt>
   <trkpt lon="14.436676" lat="47.198718"><ele>734.75</ele></trkpt>
   <trkpt lon="14.436530" lat="47.198613"><ele>734.75</ele></trkpt>
   <trkpt lon="14.436192" lat="47.198331"><ele>735.0</ele></trkpt>
   <trkpt lon="14.436151" lat="47.198294"><ele>735.25</ele></trkpt>
   <trkpt lon="14.435929" lat="47.198074"><ele>735.5</ele></trkpt>
   <trkpt lon="14.435783" lat="47.197900"><ele>736.25</ele></trkpt>
   <trkpt lon="14.435657" lat="47.197717"><ele>738.5</ele></trkpt>
   <trkpt lon="14.435524" lat="47.197481"><ele>739.0</ele></trkpt>
   <trkpt lon="14.435442" lat="47.197270"><ele>739.25</ele></trkpt>
   <trkpt lon="14.435388" lat="47.197042"><ele>737.5</ele></trkpt>
   <trkpt lon="14.435328" lat="47.196655"><ele>732.75</ele></trkpt>
   <trkpt lon="14.435320" lat="47.196578"><ele>732.5</ele></trkpt>
   <trkpt lon="14.435203" lat="47.195481"><ele>731.0</ele></trkpt>
   <trkpt lon="14.435187" lat="47.195153"><ele>731.0</ele></trkpt>
   <trkpt lon="14.435204" lat="47.194909"><ele>731.0</ele></trkpt>
   <trkpt lon="14.435250" lat="47.194652"><ele>730.5</ele></trkpt>
   <trkpt lon="14.435387" lat="47.194241"><ele>729.5</ele></trkpt>
   <trkpt lon="14.435467" lat="47.194080"><ele>729.0</ele></trkpt>
   <trkpt lon="14.435572" lat="47.193910"><ele>728.5</ele></trkpt>
   <trkpt lon="14.435763" lat="47.193645"><ele>727.25</ele></trkpt>
   <trkpt lon="14.436059" lat="47.193319"><ele>726.0</ele></trkpt>
   <trkpt lon="14.436901" lat="47.192454"><ele>727.5</ele></trkpt>
   <trkpt lon="14.437094" lat="47.192234"><ele>729.0</ele></trkpt>
   <trkpt lon="14.437224" lat="47.192072"><ele>730.25</ele></trkpt>
   <trkpt lon="14.437379" lat="47.191803"><ele>731.75</ele></trkpt>
   <trkpt lon="14.437503" lat="47.191465"><ele>733.0</ele></trkpt>
   <trkpt lon="14.437551" lat="47.191254"><ele>733.25</ele></trkpt>
   <trkpt lon="14.437571" lat="47.190897"><ele>733.5</ele></trkpt>
   <trkpt lon="14.437559" lat="47.190735"><ele>733.75</ele></trkpt>
   <trkpt lon="14.437506" lat="47.190510"><ele>734.5</ele></trkpt>
   <trkpt lon="14.437432" lat="47.190319"><ele>734.75</ele></trkpt>
   <trkpt lon="14.437356" lat="47.190141"><ele>734.75</ele></trkpt>
   <trkpt lon="14.437252" lat="47.189963"><ele>734.75</ele></trkpt>
   <trkpt lon="14.437123" lat="47.189779"><ele>736.25</ele></trkpt>
   <trkpt lon="14.436903" lat="47.189525"><ele>737.0</ele></trkpt>
   <trkpt lon="14.436581" lat="47.189201"><ele>736.5</ele></trkpt>
   <trkpt lon="14.436040" lat="47.188711"><ele>737.75</ele></trkpt>
   <trkpt lon="14.435684" lat="47.188378"><ele>737.25</ele></trkpt>
   <trkpt lon="14.435352" lat="47.188042"><ele>740.5</ele></trkpt>
   <trkpt lon="14.435037" lat="47.187621"><ele>741.0</ele></trkpt>
   <trkpt lon="14.434922" lat="47.187392"><ele>742.25</ele></trkpt>
   <trkpt lon="14.434821" lat="47.187156"><ele>743.25</ele></trkpt>
   <trkpt lon="14.434298" lat="47.185530"><ele>746.75</ele></trkpt>
   <trkpt lon="14.434211" lat="47.185310"><ele>745.75</ele></trkpt>
   <trkpt lon="14.434113" lat="47.185121"><ele>745.0</ele></trkpt>
   <trkpt lon="14.433722" lat="47.184483"><ele>739.75</ele></trkpt>
   <trkpt lon="14.433612" lat="47.184283"><ele>738.0</ele></trkpt>
   <trkpt lon="14.433519" lat="47.184084"><ele>736.5</ele></trkpt>
   <trkpt lon="14.433425" lat="47.183762"><ele>735.0</ele></trkpt>
   <trkpt lon="14.433386" lat="47.183436"><ele>735.0</ele></trkpt>
   <trkpt lon="14.433328" lat="47.182958"><ele>735.25</ele></trkpt>
   <trkpt lon="14.433286" lat="47.182699"><ele>735.5</ele></trkpt>
   <trkpt lon="14.433235" lat="47.182487"><ele>735.75</ele></trkpt>
   <trkpt lon="14.433146" lat="47.182256"><ele>737.5</ele></trkpt>
   <trkpt lon="14.433033" lat="47.182058"><ele>738.25</ele></trkpt>
   <trkpt lon="14.432869" lat="47.181817"><ele>738.0</ele></trkpt>
   <trkpt lon="14.432721" lat="47.181647"><ele>737.0</ele></trkpt>
   <trkpt lon="14.432515" lat="47.181442"><ele>735.75</ele></trkpt>
   <trkpt lon="14.432279" lat="47.181262"><ele>737.0</ele></trkpt>
   <trkpt lon="14.431988" lat="47.181071"><ele>738.25</ele></trkpt>
   <trkpt lon="14.431686" lat="47.180913"><ele>739.0</ele></trkpt>
   <trkpt lon="14.431040" lat="47.180625"><ele>739.75</ele></trkpt>
   <trkpt lon="14.430605" lat="47.180418"><ele>739.25</ele></trkpt>
   <trkpt lon="14.430331" lat="47.180272"><ele>738.25</ele></trkpt>
   <trkpt lon="14.430056" lat="47.180091"><ele>737.0</ele></trkpt>
   <trkpt lon="14.429871" lat="47.179932"><ele>736.25</ele></trkpt>
   <trkpt lon="14.429693" lat="47.179761"><ele>736.25</ele></trkpt>
   <trkpt lon="14.429505" lat="47.179549"><ele>736.25</ele></trkpt>
   <trkpt lon="14.429370" lat="47.179363"><ele>736.25</ele></trkpt>
   <trkpt lon="14.429264" lat="47.179163"><ele>736.75</ele></trkpt>
   <trkpt lon="14.429174" lat="47.178929"><ele>737.75</ele></trkpt>
   <trkpt lon="14.429121" lat="47.178724"><ele>738.5</ele></trkpt>
   <trkpt lon="14.429092" lat="47.178531"><ele>739.75</ele></trkpt>
   <trkpt lon="14.429080" lat="47.178352"><ele>741.0</ele></trkpt>
   <trkpt lon="14.429087" lat="47.178040"><ele>742.25</ele></trkpt>
   <trkpt lon="14.429091" lat="47.177955"><ele>742.5</ele></trkpt>
   <trkpt lon="14.429132" lat="47.177198"><ele>744.25</ele></trkpt>
   <trkpt lon="14.429169" lat="47.176920"><ele>744.25</ele></trkpt>
   <trkpt lon="14.429246" lat="47.176664"><ele>744.5</ele></trkpt>
   <trkpt lon="14.429355" lat="47.176427"><ele>744.75</ele></trkpt>
   <trkpt lon="14.429508" lat="47.176168"><ele>745.25</ele></trkpt>
   <trkpt lon="14.429884" lat="47.175691"><ele>746.0</ele></trkpt>
   <trkpt lon="14.430647" lat="47.174741"><ele>746.25</ele></trkpt>
   <trkpt lon="14.430810" lat="47.174460"><ele>747.25</ele></trkpt>
   <trkpt lon="14.430904" lat="47.174236"><ele>749.0</ele></trkpt>
   <trkpt lon="14.430975" lat="47.174022"><ele>751.0</ele></trkpt>
   <trkpt lon="14.431102" lat="47.173242"><ele>753.0</ele></trkpt>
   <trkpt lon="14.431147" lat="47.173031"><ele>752.75</ele></trkpt>
   <trkpt lon="14.431202" lat="47.172849"><ele>752.75</ele></trkpt>
   <trkpt lon="14.431276" lat="47.172664"><ele>753.25</ele></trkpt>
   <trkpt lon="14.431667" lat="47.171937"><ele>758.25</ele></trkpt>
   <trkpt lon="14.431750" lat="47.171741"><ele>759.75</ele></trkpt>
   <trkpt lon="14.431814" lat="47.171548"><ele>761.75</ele></trkpt>
   <trkpt lon="14.431864" lat="47.171325"><ele>763.5</ele></trkpt>
   <trkpt lon="14.431875" lat="47.171136"><ele>763.75</ele></trkpt>
   <trkpt lon="14.431874" lat="47.170948"><ele>763.5</ele></trkpt>
   <trkpt lon="14.431844" lat="47.170658"><ele>761.75</ele></trkpt>
   <trkpt lon="14.431599" lat="47.169105"><ele>757.75</ele></trkpt>
   <trkpt lon="14.431370" lat="47.167606"><ele>765.0</ele></trkpt>
   <trkpt lon="14.431362" lat="47.167553"><ele>765.0</ele></trkpt>
   <trkpt lon="14.431300" lat="47.167139"><ele>766.75</ele></trkpt>
   <trkpt lon="14.431208" lat="47.166798"><ele>767.5</ele></trkpt>
   <trkpt lon="14.430546" lat="47.165027"><ele>766.25</ele></trkpt>
   <trkpt lon="14.430388" lat="47.164647"><ele>771.25</ele></trkpt>
   <trkpt lon="14.430227" lat="47.164363"><ele>773.5</ele></trkpt>
   <trkpt lon="14.430128" lat="47.164216"><ele>774.0</ele></trkpt>
   <trkpt lon="14.429977" lat="47.164029"><ele>777.0</ele></trkpt>
   <trkpt lon="14.429796" lat="47.163829"><ele>781.25</ele></trkpt>
   <trkpt lon="14.429604" lat="47.163660"><ele>782.5</ele></trkpt>
   <trkpt lon="14.428517" lat="47.162794"><ele>780.75</ele></trkpt>
   <trkpt lon="14.428337" lat="47.162628"><ele>778.5</ele></trkpt>
   <trkpt lon="14.428161" lat="47.162453"><ele>779.75</ele></trkpt>
   <trkpt lon="14.428007" lat="47.162283"><ele>778.5</ele></trkpt>
   <trkpt lon="14.427948" lat="47.162219"><ele>777.75</ele></trkpt>
   <trkpt lon="14.427393" lat="47.161588"><ele>774.75</ele></trkpt>
   <trkpt lon="14.426491" lat="47.160591"><ele>781.0</ele></trkpt>
   <trkpt lon="14.426174" lat="47.160222"><ele>781.5</ele></trkpt>
   <trkpt lon="14.425943" lat="47.159971"><ele>781.0</ele></trkpt>
   <trkpt lon="14.425769" lat="47.159807"><ele>781.0</ele></trkpt>
   <trkpt lon="14.425519" lat="47.159600"><ele>781.25</ele></trkpt>
   <trkpt lon="14.425365" lat="47.159486"><ele>781.25</ele></trkpt>
   <trkpt lon="14.425006" lat="47.159252"><ele>780.75</ele></trkpt>
   <trkpt lon="14.424616" lat="47.159033"><ele>785.25</ele></trkpt>
   <trkpt lon="14.424575" lat="47.159010"><ele>785.75</ele></trkpt>
   <trkpt lon="14.424401" lat="47.158916"><ele>788.0</ele></trkpt>
   <trkpt lon="14.424107" lat="47.158759"><ele>791.0</ele></trkpt>
   <trkpt lon="14.424060" lat="47.158731"><ele>791.75</ele></trkpt>
   <trkpt lon="14.422934" lat="47.158117"><ele>796.5</ele></trkpt>
   <trkpt lon="14.422668" lat="47.157940"><ele>794.5</ele></trkpt>
   <trkpt lon="14.422262" lat="47.157625"><ele>788.5</ele></trkpt>
   <trkpt lon="14.422105" lat="47.157465"><ele>786.0</ele></trkpt>
   <trkpt lon="14.421987" lat="47.157331"><ele>784.75</ele></trkpt>
   <trkpt lon="14.421847" lat="47.157148"><ele>783.75</ele></trkpt>
   <trkpt lon="14.421370" lat="47.156418"><ele>781.0</ele></trkpt>
   <trkpt lon="14.421224" lat="47.156212"><ele>781.5</ele></trkpt>
   <trkpt lon="14.421048" lat="47.156020"><ele>781.75</ele></trkpt>
   <trkpt lon="14.420838" lat="47.155816"><ele>782.75</ele></trkpt>
   <trkpt lon="14.420626" lat="47.155632"><ele>788.0</ele></trkpt>
   <trkpt lon="14.420415" lat="47.155482"><ele>791.5</ele></trkpt>
   <trkpt lon="14.420171" lat="47.155330"><ele>794.5</ele></trkpt>
   <trkpt lon="14.419892" lat="47.155174"><ele>796.75</ele></trkpt>
   <trkpt lon="14.419405" lat="47.154937"><ele>797.75</ele></trkpt>
   <trkpt lon="14.418393" lat="47.154444"><ele>796.0</ele></trkpt>
   <trkpt lon="14.418363" lat="47.154430"><ele>795.75</ele></trkpt>
   <trkpt lon="14.418332" lat="47.154414"><ele>795.5</ele></trkpt>
   <trkpt lon="14.417595" lat="47.154052"><ele>790.25</ele></trkpt>
   <trkpt lon="14.417346" lat="47.153912"><ele>790.0</ele></trkpt>
   <trkpt lon="14.417229" lat="47.153832"><ele>790.25</ele></trkpt>
   <trkpt lon="14.416927" lat="47.153618"><ele>790.0</ele></trkpt>
   <trkpt lon="14.416794" lat="47.153514"><ele>790.0</ele></trkpt>
   <trkpt lon="14.416629" lat="47.153369"><ele>790.0</ele></trkpt>
   <trkpt lon="14.416424" lat="47.153161"><ele>790.75</ele></trkpt>
   <trkpt lon="14.416179" lat="47.152868"><ele>791.75</ele></trkpt>
   <trkpt lon="14.416090" lat="47.152726"><ele>792.75</ele></trkpt>
   <trkpt lon="14.416024" lat="47.152602"><ele>793.75</ele></trkpt>
   <trkpt lon="14.415975" lat="47.152483"><ele>795.0</ele></trkpt>
   <trkpt lon="14.415822" lat="47.152039"><ele>793.5</ele></trkpt>
   <trkpt lon="14.415790" lat="47.151896"><ele>793.5</ele></trkpt>
   <trkpt lon="14.415782" lat="47.151862"><ele>793.5</ele></trkpt>
   <trkpt lon="14.415747" lat="47.151703"><ele>794.0</ele></trkpt>
   <trkpt lon="14.415741" lat="47.151271"><ele>794.0</ele></trkpt>
   <trkpt lon="14.415771" lat="47.151083"><ele>794.25</ele></trkpt>
   <trkpt lon="14.415833" lat="47.150821"><ele>794.75</ele></trkpt>
   <trkpt lon="14.415920" lat="47.150589"><ele>795.75</ele></trkpt>
   <trkpt lon="14.416012" lat="47.150383"><ele>796.0</ele></trkpt>
   <trkpt lon="14.416129" lat="47.150188"><ele>796.25</ele></trkpt>
   <trkpt lon="14.416268" lat="47.149985"><ele>795.75</ele></trkpt>
   <trkpt lon="14.416468" lat="47.149762"><ele>795.0</ele></trkpt>
   <trkpt lon="14.416700" lat="47.149545"><ele>794.75</ele></trkpt>
   <trkpt lon="14.416944" lat="47.149351"><ele>794.75</ele></trkpt>
   <trkpt lon="14.417159" lat="47.149205"><ele>794.75</ele></trkpt>
   <trkpt lon="14.417459" lat="47.149021"><ele>795.25</ele></trkpt>
   <trkpt lon="14.418750" lat="47.148292"><ele>796.25</ele></trkpt>
   <trkpt lon="14.419101" lat="47.148081"><ele>798.5</ele></trkpt>
   <trkpt lon="14.419350" lat="47.147899"><ele>800.5</ele></trkpt>
   <trkpt lon="14.419531" lat="47.147739"><ele>801.5</ele></trkpt>
   <trkpt lon="14.419719" lat="47.147541"><ele>801.75</ele></trkpt>
   <trkpt lon="14.419902" lat="47.147320"><ele>802.25</ele></trkpt>
   <trkpt lon="14.420033" lat="47.147092"><ele>802.5</ele></trkpt>
   <trkpt lon="14.420058" lat="47.147049"><ele>802.75</ele></trkpt>
   <trkpt lon="14.420202" lat="47.146687"><ele>803.25</ele></trkpt>
   <trkpt lon="14.420312" lat="47.146287"><ele>803.5</ele></trkpt>
   <trkpt lon="14.420365" lat="47.146041"><ele>803.5</ele></trkpt>
   <trkpt lon="14.420379" lat="47.145917"><ele>803.25</ele></trkpt>
   <trkpt lon="14.420390" lat="47.145782"><ele>803.0</ele></trkpt>
   <trkpt lon="14.420384" lat="47.145574"><ele>802.25</ele></trkpt>
   <trkpt lon="14.420339" lat="47.145319"><ele>801.0</ele></trkpt>
   <trkpt lon="14.420245" lat="47.145031"><ele>799.5</ele></trkpt>
   <trkpt lon="14.420132" lat="47.144819"><ele>798.75</ele></trkpt>
   <trkpt lon="14.419922" lat="47.144535"><ele>798.25</ele></trkpt>
   <trkpt lon="14.419703" lat="47.144305"><ele>798.0</ele></trkpt>
   <trkpt lon="14.419462" lat="47.144109"><ele>797.75</ele></trkpt>
   <trkpt lon="14.419172" lat="47.143921"><ele>797.5</ele></trkpt>
   <trkpt lon="14.418858" lat="47.143766"><ele>796.25</ele></trkpt>
   <trkpt lon="14.418493" lat="47.143620"><ele>794.75</ele></trkpt>
   <trkpt lon="14.418078" lat="47.143498"><ele>796.5</ele></trkpt>
   <trkpt lon="14.417807" lat="47.143438"><ele>797.75</ele></trkpt>
   <trkpt lon="14.417569" lat="47.143399"><ele>798.75</ele></trkpt>
   <trkpt lon="14.417401" lat="47.143381"><ele>799.5</ele></trkpt>
   <trkpt lon="14.417359" lat="47.143375"><ele>799.75</ele></trkpt>
   <trkpt lon="14.416974" lat="47.143350"><ele>799.75</ele></trkpt>
   <trkpt lon="14.416638" lat="47.143356"><ele>802.75</ele></trkpt>
   <trkpt lon="14.416341" lat="47.143373"><ele>805.5</ele></trkpt>
   <trkpt lon="14.415960" lat="47.143430"><ele>807.75</ele></trkpt>
   <trkpt lon="14.415606" lat="47.143502"><ele>808.75</ele></trkpt>
   <trkpt lon="14.415340" lat="47.143580"><ele>808.5</ele></trkpt>
   <trkpt lon="14.414958" lat="47.143712"><ele>806.75</ele></trkpt>
   <trkpt lon="14.414620" lat="47.143872"><ele>804.75</ele></trkpt>
   <trkpt lon="14.414292" lat="47.144059"><ele>803.75</ele></trkpt>
   <trkpt lon="14.413559" lat="47.144499"><ele>801.75</ele></trkpt>
   <trkpt lon="14.413289" lat="47.144646"><ele>801.0</ele></trkpt>
   <trkpt lon="14.413015" lat="47.144757"><ele>800.25</ele></trkpt>
   <trkpt lon="14.412714" lat="47.144870"><ele>800.25</ele></trkpt>
   <trkpt lon="14.412413" lat="47.144953"><ele>800.75</ele></trkpt>
   <trkpt lon="14.412083" lat="47.145020"><ele>800.5</ele></trkpt>
   <trkpt lon="14.411733" lat="47.145071"><ele>800.5</ele></trkpt>
   <trkpt lon="14.411372" lat="47.145098"><ele>800.5</ele></trkpt>
   <trkpt lon="14.411256" lat="47.145099"><ele>800.5</ele></trkpt>
   <trkpt lon="14.411071" lat="47.145100"><ele>800.5</ele></trkpt>
   <trkpt lon="14.410730" lat="47.145084"><ele>801.25</ele></trkpt>
   <trkpt lon="14.410419" lat="47.145053"><ele>802.75</ele></trkpt>
   <trkpt lon="14.410093" lat="47.144999"><ele>804.5</ele></trkpt>
   <trkpt lon="14.409951" lat="47.144970"><ele>805.25</ele></trkpt>
   <trkpt lon="14.409858" lat="47.144951"><ele>805.25</ele></trkpt>
   <trkpt lon="14.408863" lat="47.144741"><ele>807.75</ele></trkpt>
   <trkpt lon="14.408592" lat="47.144695"><ele>808.25</ele></trkpt>
   <trkpt lon="14.408343" lat="47.144661"><ele>808.5</ele></trkpt>
   <trkpt lon="14.408099" lat="47.144641"><ele>809.0</ele></trkpt>
   <trkpt lon="14.407850" lat="47.144631"><ele>809.5</ele></trkpt>
   <trkpt lon="14.407397" lat="47.144638"><ele>809.25</ele></trkpt>
   <trkpt lon="14.406939" lat="47.144686"><ele>807.0</ele></trkpt>
   <trkpt lon="14.406671" lat="47.144736"><ele>805.5</ele></trkpt>
   <trkpt lon="14.406534" lat="47.144766"><ele>805.75</ele></trkpt>
   <trkpt lon="14.405972" lat="47.144911"><ele>807.25</ele></trkpt>
   <trkpt lon="14.404911" lat="47.145194"><ele>810.25</ele></trkpt>
   <trkpt lon="14.401486" lat="47.146128"><ele>808.75</ele></trkpt>
   <trkpt lon="14.401159" lat="47.146195"><ele>809.25</ele></trkpt>
   <trkpt lon="14.400900" lat="47.146236"><ele>810.25</ele></trkpt>
   <trkpt lon="14.400568" lat="47.146275"><ele>809.25</ele></trkpt>
   <trkpt lon="14.400087" lat="47.146285"><ele>807.0</ele></trkpt>
   <trkpt lon="14.399845" lat="47.146274"><ele>807.0</ele></trkpt>
   <trkpt lon="14.399592" lat="47.146253"><ele>807.25</ele></trkpt>
   <trkpt lon="14.399332" lat="47.146217"><ele>808.25</ele></trkpt>
   <trkpt lon="14.399043" lat="47.146162"><ele>809.75</ele></trkpt>
   <trkpt lon="14.398828" lat="47.146110"><ele>810.75</ele></trkpt>
   <trkpt lon="14.398587" lat="47.146038"><ele>812.5</ele></trkpt>
   <trkpt lon="14.398350" lat="47.145955"><ele>814.5</ele></trkpt>
   <trkpt lon="14.398125" lat="47.145859"><ele>815.5</ele></trkpt>
   <trkpt lon="14.397827" lat="47.145712"><ele>816.0</ele></trkpt>
   <trkpt lon="14.396556" lat="47.145000"><ele>820.0</ele></trkpt>
   <trkpt lon="14.396296" lat="47.144884"><ele>818.0</ele></trkpt>
   <trkpt lon="14.395917" lat="47.144738"><ele>815.5</ele></trkpt>
   <trkpt lon="14.395712" lat="47.144678"><ele>815.0</ele></trkpt>
   <trkpt lon="14.395377" lat="47.144597"><ele>815.0</ele></trkpt>
   <trkpt lon="14.395068" lat="47.144543"><ele>814.25</ele></trkpt>
   <trkpt lon="14.394728" lat="47.144507"><ele>815.75</ele></trkpt>
   <trkpt lon="14.394321" lat="47.144483"><ele>818.0</ele></trkpt>
   <trkpt lon="14.393540" lat="47.144474"><ele>822.25</ele></trkpt>
   <trkpt lon="14.393307" lat="47.144466"><ele>823.5</ele></trkpt>
   <trkpt lon="14.393017" lat="47.144447"><ele>824.75</ele></trkpt>
   <trkpt lon="14.392701" lat="47.144417"><ele>826.5</ele></trkpt>
   <trkpt lon="14.391896" lat="47.144280"><ele>829.25</ele></trkpt>
   <trkpt lon="14.389639" lat="47.143915"><ele>827.75</ele></trkpt>
   <trkpt lon="14.389279" lat="47.143845"><ele>827.5</ele></trkpt>
   <trkpt lon="14.388812" lat="47.143709"><ele>824.5</ele></trkpt>
   <trkpt lon="14.388575" lat="47.143621"><ele>823.25</ele></trkpt>
   <trkpt lon="14.388326" lat="47.143504"><ele>823.0</ele></trkpt>
   <trkpt lon="14.388064" lat="47.143363"><ele>824.5</ele></trkpt>
   <trkpt lon="14.387839" lat="47.143218"><ele>825.25</ele></trkpt>
   <trkpt lon="14.387626" lat="47.143055"><ele>825.75</ele></trkpt>
   <trkpt lon="14.387463" lat="47.142910"><ele>826.0</ele></trkpt>
   <trkpt lon="14.387312" lat="47.142752"><ele>826.25</ele></trkpt>
   <trkpt lon="14.387059" lat="47.142452"><ele>828.75</ele></trkpt>
   <trkpt lon="14.386552" lat="47.141813"><ele>832.0</ele></trkpt>
   <trkpt lon="14.386396" lat="47.141655"><ele>832.75</ele></trkpt>
   <trkpt lon="14.386228" lat="47.141504"><ele>834.25</ele></trkpt>
   <trkpt lon="14.386042" lat="47.141369"><ele>835.25</ele></trkpt>
   <trkpt lon="14.385850" lat="47.141244"><ele>836.25</ele></trkpt>
   <trkpt lon="14.385632" lat="47.141122"><ele>835.75</ele></trkpt>
   <trkpt lon="14.384751" lat="47.140717"><ele>835.25</ele></trkpt>
   <trkpt lon="14.384347" lat="47.140540"><ele>834.25</ele></trkpt>
   <trkpt lon="14.383691" lat="47.140252"><ele>834.0</ele></trkpt>
   <trkpt lon="14.383489" lat="47.140136"><ele>835.25</ele></trkpt>
   <trkpt lon="14.383318" lat="47.140028"><ele>836.5</ele></trkpt>
   <trkpt lon="14.383157" lat="47.139919"><ele>836.0</ele></trkpt>
   <trkpt lon="14.382972" lat="47.139767"><ele>835.75</ele></trkpt>
   <trkpt lon="14.382670" lat="47.139463"><ele>836.0</ele></trkpt>
   <trkpt lon="14.382544" lat="47.139303"><ele>836.75</ele></trkpt>
   <trkpt lon="14.381882" lat="47.138376"><ele>842.0</ele></trkpt>
   <trkpt lon="14.381818" lat="47.138289"><ele>842.25</ele></trkpt>
   <trkpt lon="14.381768" lat="47.138215"><ele>842.5</ele></trkpt>
   <trkpt lon="14.380996" lat="47.137128"><ele>841.5</ele></trkpt>
   <trkpt lon="14.380833" lat="47.136850"><ele>841.25</ele></trkpt>
   <trkpt lon="14.380651" lat="47.136497"><ele>842.25</ele></trkpt>
   <trkpt lon="14.380324" lat="47.135912"><ele>841.0</ele></trkpt>
   <trkpt lon="14.380208" lat="47.135746"><ele>843.25</ele></trkpt>
   <trkpt lon="14.380043" lat="47.135552"><ele>847.75</ele></trkpt>
   <trkpt lon="14.379800" lat="47.135321"><ele>851.5</ele></trkpt>
   <trkpt lon="14.379658" lat="47.135216"><ele>851.5</ele></trkpt>
   <trkpt lon="14.379593" lat="47.135170"><ele>851.5</ele></trkpt>
   <trkpt lon="14.379482" lat="47.135087"><ele>851.25</ele></trkpt>
   <trkpt lon="14.378415" lat="47.134453"><ele>851.5</ele></trkpt>
   <trkpt lon="14.377292" lat="47.133647"><ele>857.0</ele></trkpt>
   <trkpt lon="14.377051" lat="47.133505"><ele>858.25</ele></trkpt>
   <trkpt lon="14.376627" lat="47.133295"><ele>859.25</ele></trkpt>
   <trkpt lon="14.375814" lat="47.132964"><ele>870.0</ele></trkpt>
   <trkpt lon="14.374881" lat="47.132594"><ele>864.5</ele></trkpt>
   <trkpt lon="14.374648" lat="47.132520"><ele>862.0</ele></trkpt>
   <trkpt lon="14.374422" lat="47.132462"><ele>860.0</ele></trkpt>
   <trkpt lon="14.374153" lat="47.132403"><ele>857.75</ele></trkpt>
   <trkpt lon="14.373887" lat="47.132360"><ele>859.25</ele></trkpt>
   <trkpt lon="14.373570" lat="47.132328"><ele>859.5</ele></trkpt>
   <trkpt lon="14.372471" lat="47.132293"><ele>863.5</ele></trkpt>
   <trkpt lon="14.372010" lat="47.132264"><ele>864.25</ele></trkpt>
   <trkpt lon="14.371689" lat="47.132226"><ele>866.0</ele></trkpt>
   <trkpt lon="14.371413" lat="47.132178"><ele>864.25</ele></trkpt>
   <trkpt lon="14.371191" lat="47.132128"><ele>862.75</ele></trkpt>
   <trkpt lon="14.370995" lat="47.132073"><ele>861.75</ele></trkpt>
   <trkpt lon="14.369265" lat="47.131453"><ele>868.5</ele></trkpt>
   <trkpt lon="14.368739" lat="47.131270"><ele>867.0</ele></trkpt>
   <trkpt lon="14.368404" lat="47.131139"><ele>864.75</ele></trkpt>
   <trkpt lon="14.368159" lat="47.131014"><ele>862.75</ele></trkpt>
   <trkpt lon="14.368002" lat="47.130926"><ele>861.25</ele></trkpt>
   <trkpt lon="14.367852" lat="47.130830"><ele>860.0</ele></trkpt>
   <trkpt lon="14.367665" lat="47.130696"><ele>858.0</ele></trkpt>
   <trkpt lon="14.367488" lat="47.130555"><ele>857.25</ele></trkpt>
   <trkpt lon="14.367324" lat="47.130392"><ele>859.0</ele></trkpt>
   <trkpt lon="14.367200" lat="47.130249"><ele>860.5</ele></trkpt>
   <trkpt lon="14.367082" lat="47.130086"><ele>862.25</ele></trkpt>
   <trkpt lon="14.366948" lat="47.129880"><ele>861.0</ele></trkpt>
   <trkpt lon="14.366748" lat="47.129475"><ele>857.0</ele></trkpt>
   <trkpt lon="14.366664" lat="47.129277"><ele>856.25</ele></trkpt>
   <trkpt lon="14.366556" lat="47.128980"><ele>856.5</ele></trkpt>
   <trkpt lon="14.366517" lat="47.128790"><ele>856.5</ele></trkpt>
   <trkpt lon="14.366495" lat="47.128633"><ele>857.0</ele></trkpt>
   <trkpt lon="14.366500" lat="47.128393"><ele>858.25</ele></trkpt>
   <trkpt lon="14.366526" lat="47.128197"><ele>858.5</ele></trkpt>
   <trkpt lon="14.366562" lat="47.128036"><ele>858.5</ele></trkpt>
   <trkpt lon="14.366617" lat="47.127856"><ele>859.0</ele></trkpt>
   <trkpt lon="14.366744" lat="47.127530"><ele>860.25</ele></trkpt>
   <trkpt lon="14.366766" lat="47.127464"><ele>860.25</ele></trkpt>
   <trkpt lon="14.366819" lat="47.127329"><ele>860.5</ele></trkpt>
   <trkpt lon="14.366899" lat="47.127090"><ele>861.0</ele></trkpt>
   <trkpt lon="14.366967" lat="47.126830"><ele>860.75</ele></trkpt>
   <trkpt lon="14.366985" lat="47.126668"><ele>860.5</ele></trkpt>
   <trkpt lon="14.367025" lat="47.126029"><ele>866.0</ele></trkpt>
   <trkpt lon="14.367079" lat="47.125728"><ele>867.5</ele></trkpt>
   <trkpt lon="14.367129" lat="47.125564"><ele>866.75</ele></trkpt>
   <trkpt lon="14.367332" lat="47.125077"><ele>866.0</ele></trkpt>
   <trkpt lon="14.367490" lat="47.124661"><ele>867.5</ele></trkpt>
   <trkpt lon="14.367542" lat="47.124471"><ele>867.75</ele></trkpt>
   <trkpt lon="14.367574" lat="47.124318"><ele>868.0</ele></trkpt>
   <trkpt lon="14.367591" lat="47.124135"><ele>867.75</ele></trkpt>
   <trkpt lon="14.367578" lat="47.123814"><ele>868.5</ele></trkpt>
   <trkpt lon="14.367469" lat="47.123179"><ele>868.75</ele></trkpt>
   <trkpt lon="14.367453" lat="47.123030"><ele>868.75</ele></trkpt>
   <trkpt lon="14.367452" lat="47.122876"><ele>869.0</ele></trkpt>
   <trkpt lon="14.367465" lat="47.122731"><ele>869.25</ele></trkpt>
   <trkpt lon="14.367520" lat="47.122414"><ele>869.75</ele></trkpt>
   <trkpt lon="14.367619" lat="47.122017"><ele>869.25</ele></trkpt>
   <trkpt lon="14.367702" lat="47.121623"><ele>868.5</ele></trkpt>
   <trkpt lon="14.367717" lat="47.121481"><ele>869.5</ele></trkpt>
   <trkpt lon="14.367720" lat="47.121342"><ele>870.5</ele></trkpt>
   <trkpt lon="14.367709" lat="47.121108"><ele>871.75</ele></trkpt>
   <trkpt lon="14.367658" lat="47.120889"><ele>872.75</ele></trkpt>
   <trkpt lon="14.367593" lat="47.120663"><ele>874.0</ele></trkpt>
   <trkpt lon="14.367491" lat="47.120445"><ele>874.5</ele></trkpt>
   <trkpt lon="14.367148" lat="47.119776"><ele>876.0</ele></trkpt>
   <trkpt lon="14.367022" lat="47.119514"><ele>875.75</ele></trkpt>
   <trkpt lon="14.366933" lat="47.119244"><ele>875.5</ele></trkpt>
   <trkpt lon="14.366868" lat="47.118969"><ele>874.75</ele></trkpt>
   <trkpt lon="14.366847" lat="47.118625"><ele>874.25</ele></trkpt>
   <trkpt lon="14.366849" lat="47.118384"><ele>874.0</ele></trkpt>
   <trkpt lon="14.366897" lat="47.118017"><ele>874.25</ele></trkpt>
   <trkpt lon="14.366909" lat="47.117941"><ele>874.25</ele></trkpt>
   <trkpt lon="14.367425" lat="47.115274"><ele>885.75</ele></trkpt>
   <trkpt lon="14.367537" lat="47.114925"><ele>887.0</ele></trkpt>
   <trkpt lon="14.367672" lat="47.114565"><ele>887.0</ele></trkpt>
   <trkpt lon="14.368622" lat="47.112308"><ele>888.75</ele></trkpt>
   <trkpt lon="14.368808" lat="47.111988"><ele>889.5</ele></trkpt>
   <trkpt lon="14.369215" lat="47.111412"><ele>890.25</ele></trkpt>
   <trkpt lon="14.369240" lat="47.111375"><ele>890.25</ele></trkpt>
   <trkpt lon="14.369271" lat="47.111330"><ele>890.5</ele></trkpt>
   <trkpt lon="14.369305" lat="47.111283"><ele>890.75</ele></trkpt>
   <trkpt lon="14.369337" lat="47.111238"><ele>891.0</ele></trkpt>
   <trkpt lon="14.369364" lat="47.111201"><ele>891.0</ele></trkpt>
   <trkpt lon="14.370294" lat="47.109882"><ele>894.5</ele></trkpt>
   <trkpt lon="14.370310" lat="47.109860"><ele>894.5</ele></trkpt>
   <trkpt lon="14.370478" lat="47.109612"><ele>895.25</ele></trkpt>
   <trkpt lon="14.370645" lat="47.109309"><ele>894.75</ele></trkpt>
   <trkpt lon="14.370830" lat="47.109023"><ele>894.5</ele></trkpt>
   <trkpt lon="14.370906" lat="47.108928"><ele>895.5</ele></trkpt>
   <trkpt lon="14.371323" lat="47.108323"><ele>898.0</ele></trkpt>
   <trkpt lon="14.372656" lat="47.106436"><ele>893.5</ele></trkpt>
   <trkpt lon="14.372787" lat="47.106247"><ele>893.75</ele></trkpt>
   <trkpt lon="14.372844" lat="47.106166"><ele>893.75</ele></trkpt>
   <trkpt lon="14.374587" lat="47.103693"><ele>891.25</ele></trkpt>
   <trkpt lon="14.374952" lat="47.103181"><ele>891.0</ele></trkpt>
   <trkpt lon="14.375010" lat="47.103094"><ele>890.75</ele></trkpt>
   <trkpt lon="14.375105" lat="47.102959"><ele>890.25</ele></trkpt>
   <trkpt lon="14.375504" lat="47.102390"><ele>889.25</ele></trkpt>
   <trkpt lon="14.376105" lat="47.101583"><ele>891.25</ele></trkpt>
   <trkpt lon="14.376894" lat="47.100609"><ele>888.25</ele></trkpt>
   <trkpt lon="14.376952" lat="47.100538"><ele>888.25</ele></trkpt>
   <trkpt lon="14.377141" lat="47.100309"><ele>888.5</ele></trkpt>
   <trkpt lon="14.377208" lat="47.100228"><ele>888.75</ele></trkpt>
   <trkpt lon="14.377444" lat="47.099941"><ele>889.0</ele></trkpt>
   <trkpt lon="14.377601" lat="47.099751"><ele>888.75</ele></trkpt>
   <trkpt lon="14.377747" lat="47.099574"><ele>888.75</ele></trkpt>
   <trkpt lon="14.378455" lat="47.098714"><ele>888.5</ele></trkpt>
   <trkpt lon="14.378519" lat="47.098635"><ele>888.5</ele></trkpt>
   <trkpt lon="14.382317" lat="47.094002"><ele>882.0</ele></trkpt>
   <trkpt lon="14.383518" lat="47.092509"><ele>882.0</ele></trkpt>
   <trkpt lon="14.383811" lat="47.092177"><ele>883.5</ele></trkpt>
   <trkpt lon="14.383835" lat="47.092149"><ele>883.75</ele></trkpt>
   <trkpt lon="14.383871" lat="47.092106"><ele>883.75</ele></trkpt>
   <trkpt lon="14.384352" lat="47.091544"><ele>886.5</ele></trkpt>
   <trkpt lon="14.384818" lat="47.091087"><ele>890.0</ele></trkpt>
   <trkpt lon="14.385092" lat="47.090861"><ele>888.75</ele></trkpt>
   <trkpt lon="14.385397" lat="47.090624"><ele>890.0</ele></trkpt>
   <trkpt lon="14.385613" lat="47.090474"><ele>890.25</ele></trkpt>
   <trkpt lon="14.386238" lat="47.090060"><ele>889.5</ele></trkpt>
   <trkpt lon="14.386937" lat="47.089690"><ele>889.5</ele></trkpt>
   <trkpt lon="14.388267" lat="47.089091"><ele>886.0</ele></trkpt>
   <trkpt lon="14.390560" lat="47.088094"><ele>875.5</ele></trkpt>
   <trkpt lon="14.391397" lat="47.087722"><ele>875.0</ele></trkpt>
   <trkpt lon="14.391770" lat="47.087552"><ele>874.25</ele></trkpt>
   <trkpt lon="14.392225" lat="47.087320"><ele>874.5</ele></trkpt>
   <trkpt lon="14.392532" lat="47.087147"><ele>873.25</ele></trkpt>
   <trkpt lon="14.392803" lat="47.086995"><ele>873.0</ele></trkpt>
   <trkpt lon="14.392975" lat="47.086884"><ele>872.5</ele></trkpt>
   <trkpt lon="14.393363" lat="47.086633"><ele>871.25</ele></trkpt>
   <trkpt lon="14.395669" lat="47.085000"><ele>870.75</ele></trkpt>
   <trkpt lon="14.395747" lat="47.084946"><ele>870.75</ele></trkpt>
   <trkpt lon="14.395788" lat="47.084917"><ele>870.75</ele></trkpt>
   <trkpt lon="14.396052" lat="47.084716"><ele>871.75</ele></trkpt>
   <trkpt lon="14.396350" lat="47.084463"><ele>871.5</ele></trkpt>
   <trkpt lon="14.396534" lat="47.084274"><ele>870.25</ele></trkpt>
   <trkpt lon="14.396667" lat="47.084110"><ele>869.25</ele></trkpt>
   <trkpt lon="14.396871" lat="47.083836"><ele>870.0</ele></trkpt>
   <trkpt lon="14.397050" lat="47.083467"><ele>870.25</ele></trkpt>
   <trkpt lon="14.397426" lat="47.082423"><ele>863.5</ele></trkpt>
   <trkpt lon="14.397546" lat="47.082101"><ele>860.5</ele></trkpt>
   <trkpt lon="14.397620" lat="47.081934"><ele>859.5</ele></trkpt>
   <trkpt lon="14.397737" lat="47.081739"><ele>858.25</ele></trkpt>
   <trkpt lon="14.397864" lat="47.081551"><ele>857.75</ele></trkpt>
   <trkpt lon="14.398009" lat="47.081369"><ele>857.5</ele></trkpt>
   <trkpt lon="14.398181" lat="47.081177"><ele>857.5</ele></trkpt>
   <trkpt lon="14.398439" lat="47.080940"><ele>857.75</ele></trkpt>
   <trkpt lon="14.398589" lat="47.080816"><ele>857.25</ele></trkpt>
   <trkpt lon="14.398771" lat="47.080687"><ele>856.25</ele></trkpt>
   <trkpt lon="14.398955" lat="47.080566"><ele>855.5</ele></trkpt>
   <trkpt lon="14.399166" lat="47.080440"><ele>854.75</ele></trkpt>
   <trkpt lon="14.399532" lat="47.080252"><ele>854.25</ele></trkpt>
   <trkpt lon="14.399772" lat="47.080148"><ele>854.0</ele></trkpt>
   <trkpt lon="14.399949" lat="47.080081"><ele>853.75</ele></trkpt>
   <trkpt lon="14.400005" lat="47.080060"><ele>853.75</ele></trkpt>
   <trkpt lon="14.400205" lat="47.079985"><ele>853.25</ele></trkpt>
   <trkpt lon="14.400260" lat="47.079965"><ele>853.0</ele></trkpt>
   <trkpt lon="14.400624" lat="47.079829"><ele>852.25</ele></trkpt>
   <trkpt lon="14.400689" lat="47.079805"><ele>852.0</ele></trkpt>
   <trkpt lon="14.404985" lat="47.078238"><ele>848.0</ele></trkpt>
   <trkpt lon="14.405620" lat="47.077981"><ele>847.75</ele></trkpt>
   <trkpt lon="14.406485" lat="47.077592"><ele>847.25</ele></trkpt>
   <trkpt lon="14.406992" lat="47.077352"><ele>847.0</ele></trkpt>
   <trkpt lon="14.407044" lat="47.077327"><ele>847.0</ele></trkpt>
   <trkpt lon="14.407137" lat="47.077282"><ele>847.0</ele></trkpt>
   <trkpt lon="14.407207" lat="47.077248"><ele>847.0</ele></trkpt>
   <trkpt lon="14.407333" lat="47.077187"><ele>847.0</ele></trkpt>
   <trkpt lon="14.407381" lat="47.077164"><ele>847.0</ele></trkpt>
   <trkpt lon="14.409333" lat="47.076214"><ele>844.75</ele></trkpt>
   <trkpt lon="14.410251" lat="47.075767"><ele>843.75</ele></trkpt>
   <trkpt lon="14.410574" lat="47.075607"><ele>843.5</ele></trkpt>
   <trkpt lon="14.411055" lat="47.075362"><ele>843.0</ele></trkpt>
   <trkpt lon="14.412174" lat="47.074792"><ele>842.25</ele></trkpt>
   <trkpt lon="14.413418" lat="47.074175"><ele>840.75</ele></trkpt>
   <trkpt lon="14.414694" lat="47.073553"><ele>840.25</ele></trkpt>
   <trkpt lon="14.416262" lat="47.072793"><ele>838.5</ele></trkpt>
   <trkpt lon="14.416612" lat="47.072610"><ele>838.75</ele></trkpt>
   <trkpt lon="14.417051" lat="47.072361"><ele>839.0</ele></trkpt>
   <trkpt lon="14.417338" lat="47.072181"><ele>838.5</ele></trkpt>
   <trkpt lon="14.417674" lat="47.071953"><ele>837.75</ele></trkpt>
   <trkpt lon="14.417904" lat="47.071784"><ele>837.75</ele></trkpt>
   <trkpt lon="14.418154" lat="47.071587"><ele>837.75</ele></trkpt>
   <trkpt lon="14.418376" lat="47.071402"><ele>837.75</ele></trkpt>
   <trkpt lon="14.418615" lat="47.071183"><ele>837.25</ele></trkpt>
   <trkpt lon="14.418711" lat="47.071092"><ele>837.0</ele></trkpt>
   <trkpt lon="14.418957" lat="47.070845"><ele>836.5</ele></trkpt>
   <trkpt lon="14.419186" lat="47.070592"><ele>836.5</ele></trkpt>
   <trkpt lon="14.419282" lat="47.070484"><ele>836.25</ele></trkpt>
   <trkpt lon="14.419627" lat="47.070048"><ele>835.5</ele></trkpt>
   <trkpt lon="14.419657" lat="47.070008"><ele>835.5</ele></trkpt>
   <trkpt lon="14.420190" lat="47.069269"><ele>835.5</ele></trkpt>
   <trkpt lon="14.420491" lat="47.068873"><ele>835.25</ele></trkpt>
   <trkpt lon="14.420803" lat="47.068473"><ele>834.0</ele></trkpt>
   <trkpt lon="14.421143" lat="47.068098"><ele>833.0</ele></trkpt>
   <trkpt lon="14.421358" lat="47.067885"><ele>832.5</ele></trkpt>
   <trkpt lon="14.421643" lat="47.067621"><ele>830.75</ele></trkpt>
   <trkpt lon="14.421936" lat="47.067384"><ele>830.0</ele></trkpt>
   <trkpt lon="14.422219" lat="47.067172"><ele>829.5</ele></trkpt>
   <trkpt lon="14.422489" lat="47.066987"><ele>829.0</ele></trkpt>
   <trkpt lon="14.422549" lat="47.066947"><ele>829.25</ele></trkpt>
   <trkpt lon="14.422825" lat="47.066771"><ele>829.25</ele></trkpt>
   <trkpt lon="14.423474" lat="47.066396"><ele>828.25</ele></trkpt>
   <trkpt lon="14.426183" lat="47.064860"><ele>822.75</ele></trkpt>
   <trkpt lon="14.426332" lat="47.064777"><ele>822.75</ele></trkpt>
   <trkpt lon="14.426465" lat="47.064700"><ele>822.5</ele></trkpt>
   <trkpt lon="14.427666" lat="47.064030"><ele>820.75</ele></trkpt>
   <trkpt lon="14.428074" lat="47.063791"><ele>820.25</ele></trkpt>
   <trkpt lon="14.428354" lat="47.063616"><ele>820.0</ele></trkpt>
   <trkpt lon="14.428747" lat="47.063350"><ele>820.0</ele></trkpt>
   <trkpt lon="14.429003" lat="47.063154"><ele>819.25</ele></trkpt>
   <trkpt lon="14.429259" lat="47.062936"><ele>818.5</ele></trkpt>
   <trkpt lon="14.429592" lat="47.062610"><ele>817.25</ele></trkpt>
   <trkpt lon="14.429841" lat="47.062313"><ele>816.75</ele></trkpt>
   <trkpt lon="14.430165" lat="47.061873"><ele>816.0</ele></trkpt>
   <trkpt lon="14.430263" lat="47.061727"><ele>816.0</ele></trkpt>
   <trkpt lon="14.430637" lat="47.061178"><ele>816.25</ele></trkpt>
   <trkpt lon="14.430741" lat="47.061027"><ele>816.0</ele></trkpt>
   <trkpt lon="14.430868" lat="47.060844"><ele>816.0</ele></trkpt>
   <trkpt lon="14.430898" lat="47.060798"><ele>816.0</ele></trkpt>
   <trkpt lon="14.430934" lat="47.060742"><ele>816.0</ele></trkpt>
   <trkpt lon="14.431223" lat="47.060314"><ele>816.0</ele></trkpt>
   <trkpt lon="14.431447" lat="47.059924"><ele>815.5</ele></trkpt>
   <trkpt lon="14.431633" lat="47.059545"><ele>815.0</ele></trkpt>
   <trkpt lon="14.431786" lat="47.059179"><ele>815.0</ele></trkpt>
   <trkpt lon="14.431888" lat="47.058871"><ele>815.25</ele></trkpt>
   <trkpt lon="14.431971" lat="47.058525"><ele>815.25</ele></trkpt>
   <trkpt lon="14.432034" lat="47.058198"><ele>814.75</ele></trkpt>
   <trkpt lon="14.432072" lat="47.057898"><ele>814.0</ele></trkpt>
   <trkpt lon="14.432125" lat="47.057239"><ele>812.75</ele></trkpt>
   <trkpt lon="14.432121" lat="47.056715"><ele>811.25</ele></trkpt>
   <trkpt lon="14.432037" lat="47.056126"><ele>809.75</ele></trkpt>
   <trkpt lon="14.431971" lat="47.055879"><ele>809.25</ele></trkpt>
   <trkpt lon="14.431796" lat="47.055357"><ele>808.75</ele></trkpt>
   <trkpt lon="14.431625" lat="47.054987"><ele>808.0</ele></trkpt>
   <trkpt lon="14.430947" lat="47.053762"><ele>803.5</ele></trkpt>
   <trkpt lon="14.430725" lat="47.053369"><ele>802.0</ele></trkpt>
   <trkpt lon="14.430685" lat="47.053295"><ele>802.0</ele></trkpt>
   <trkpt lon="14.430680" lat="47.053286"><ele>802.0</ele></trkpt>
   <trkpt lon="14.430663" lat="47.053255"><ele>802.0</ele></trkpt>
   <trkpt lon="14.430643" lat="47.053218"><ele>802.0</ele></trkpt>
   <trkpt lon="14.430556" lat="47.053054"><ele>802.0</ele></trkpt>
   <trkpt lon="14.430519" lat="47.052976"><ele>802.0</ele></trkpt>
   <trkpt lon="14.430439" lat="47.052805"><ele>801.75</ele></trkpt>
   <trkpt lon="14.430355" lat="47.052584"><ele>801.0</ele></trkpt>
   <trkpt lon="14.430296" lat="47.052331"><ele>800.0</ele></trkpt>
   <trkpt lon="14.430273" lat="47.052146"><ele>799.0</ele></trkpt>
   <trkpt lon="14.430274" lat="47.051925"><ele>798.25</ele></trkpt>
   <trkpt lon="14.430295" lat="47.051737"><ele>797.5</ele></trkpt>
   <trkpt lon="14.430332" lat="47.051557"><ele>797.25</ele></trkpt>
   <trkpt lon="14.430392" lat="47.051380"><ele>797.5</ele></trkpt>
   <trkpt lon="14.430471" lat="47.051195"><ele>797.5</ele></trkpt>
   <trkpt lon="14.430551" lat="47.051053"><ele>797.75</ele></trkpt>
   <trkpt lon="14.430758" lat="47.050733"><ele>798.5</ele></trkpt>
   <trkpt lon="14.431473" lat="47.049735"><ele>795.75</ele></trkpt>
   <trkpt lon="14.431553" lat="47.049604"><ele>796.0</ele></trkpt>
   <trkpt lon="14.431633" lat="47.049459"><ele>795.75</ele></trkpt>
   <trkpt lon="14.431707" lat="47.049268"><ele>796.0</ele></trkpt>
   <trkpt lon="14.431767" lat="47.049077"><ele>797.0</ele></trkpt>
   <trkpt lon="14.431805" lat="47.048890"><ele>798.5</ele></trkpt>
   <trkpt lon="14.431828" lat="47.048528"><ele>802.0</ele></trkpt>
   <trkpt lon="14.431799" lat="47.048341"><ele>804.5</ele></trkpt>
   <trkpt lon="14.431755" lat="47.048173"><ele>805.0</ele></trkpt>
   <trkpt lon="14.431695" lat="47.047991"><ele>805.25</ele></trkpt>
   <trkpt lon="14.431610" lat="47.047803"><ele>805.75</ele></trkpt>
   <trkpt lon="14.431505" lat="47.047612"><ele>805.75</ele></trkpt>
   <trkpt lon="14.431373" lat="47.047436"><ele>806.0</ele></trkpt>
   <trkpt lon="14.431195" lat="47.047230"><ele>806.0</ele></trkpt>
   <trkpt lon="14.430988" lat="47.047045"><ele>805.25</ele></trkpt>
   <trkpt lon="14.430782" lat="47.046886"><ele>803.75</ele></trkpt>
   <trkpt lon="14.430554" lat="47.046738"><ele>803.0</ele></trkpt>
   <trkpt lon="14.430250" lat="47.046569"><ele>803.5</ele></trkpt>
   <trkpt lon="14.429870" lat="47.046386"><ele>803.0</ele></trkpt>
   <trkpt lon="14.429578" lat="47.046265"><ele>800.75</ele></trkpt>
   <trkpt lon="14.429286" lat="47.046157"><ele>797.75</ele></trkpt>
   <trkpt lon="14.428854" lat="47.046028"><ele>796.5</ele></trkpt>
   <trkpt lon="14.428271" lat="47.045901"><ele>796.25</ele></trkpt>
   <trkpt lon="14.428185" lat="47.045880"><ele>796.25</ele></trkpt>
   <trkpt lon="14.427849" lat="47.045801"><ele>797.0</ele></trkpt>
   <trkpt lon="14.427529" lat="47.045714"><ele>798.5</ele></trkpt>
   <trkpt lon="14.427237" lat="47.045615"><ele>800.5</ele></trkpt>
   <trkpt lon="14.426993" lat="47.045508"><ele>801.0</ele></trkpt>
   <trkpt lon="14.426734" lat="47.045374"><ele>799.25</ele></trkpt>
   <trkpt lon="14.426488" lat="47.045218"><ele>798.0</ele></trkpt>
   <trkpt lon="14.426272" lat="47.045059"><ele>797.0</ele></trkpt>
   <trkpt lon="14.426069" lat="47.044865"><ele>797.5</ele></trkpt>
   <trkpt lon="14.425909" lat="47.044691"><ele>797.75</ele></trkpt>
   <trkpt lon="14.425781" lat="47.044493"><ele>798.75</ele></trkpt>
   <trkpt lon="14.425539" lat="47.044028"><ele>804.75</ele></trkpt>
   <trkpt lon="14.425356" lat="47.043626"><ele>809.0</ele></trkpt>
   <trkpt lon="14.425273" lat="47.043405"><ele>810.0</ele></trkpt>
   <trkpt lon="14.425216" lat="47.043199"><ele>809.75</ele></trkpt>
   <trkpt lon="14.425186" lat="47.043013"><ele>808.5</ele></trkpt>
   <trkpt lon="14.425175" lat="47.042859"><ele>807.0</ele></trkpt>
   <trkpt lon="14.425177" lat="47.042707"><ele>805.25</ele></trkpt>
   <trkpt lon="14.425199" lat="47.042521"><ele>802.5</ele></trkpt>
   <trkpt lon="14.425237" lat="47.042356"><ele>803.25</ele></trkpt>
   <trkpt lon="14.425618" lat="47.041190"><ele>797.25</ele></trkpt>
   <trkpt lon="14.425730" lat="47.040679"><ele>793.0</ele></trkpt>
   <trkpt lon="14.425783" lat="47.040363"><ele>794.0</ele></trkpt>
   <trkpt lon="14.425761" lat="47.040017"><ele>799.0</ele></trkpt>
   <trkpt lon="14.425697" lat="47.038798"><ele>787.5</ele></trkpt>
   <trkpt lon="14.425668" lat="47.038637"><ele>782.75</ele></trkpt>
   <trkpt lon="14.425632" lat="47.038508"><ele>779.0</ele></trkpt>
   <trkpt lon="14.425561" lat="47.038340"><ele>774.0</ele></trkpt>
   <trkpt lon="14.425410" lat="47.038060"><ele>776.0</ele></trkpt>
   <trkpt lon="14.425311" lat="47.037911"><ele>777.0</ele></trkpt>
   <trkpt lon="14.425029" lat="47.037614"><ele>779.5</ele></trkpt>
   <trkpt lon="14.424822" lat="47.037450"><ele>781.0</ele></trkpt>
   <trkpt lon="14.424559" lat="47.037288"><ele>782.75</ele></trkpt>
   <trkpt lon="14.424341" lat="47.037189"><ele>782.75</ele></trkpt>
   <trkpt lon="14.423964" lat="47.037020"><ele>785.0</ele></trkpt>
   <trkpt lon="14.423390" lat="47.036778"><ele>782.75</ele></trkpt>
   <trkpt lon="14.422794" lat="47.036503"><ele>780.0</ele></trkpt>
   <trkpt lon="14.422456" lat="47.036303"><ele>778.25</ele></trkpt>
   <trkpt lon="14.422189" lat="47.036069"><ele>778.75</ele></trkpt>
   <trkpt lon="14.421943" lat="47.035834"><ele>776.5</ele></trkpt>
   <trkpt lon="14.421624" lat="47.035489"><ele>776.0</ele></trkpt>
   <trkpt lon="14.421411" lat="47.035215"><ele>776.25</ele></trkpt>
   <trkpt lon="14.421262" lat="47.034993"><ele>775.5</ele></trkpt>
   <trkpt lon="14.421170" lat="47.034794"><ele>777.5</ele></trkpt>
   <trkpt lon="14.421093" lat="47.034559"><ele>780.75</ele></trkpt>
   <trkpt lon="14.421031" lat="47.034266"><ele>785.25</ele></trkpt>
   <trkpt lon="14.421046" lat="47.033911"><ele>784.25</ele></trkpt>
   <trkpt lon="14.421098" lat="47.033654"><ele>782.0</ele></trkpt>
   <trkpt lon="14.421184" lat="47.033398"><ele>780.75</ele></trkpt>
   <trkpt lon="14.421471" lat="47.032775"><ele>776.75</ele></trkpt>
   <trkpt lon="14.421535" lat="47.032525"><ele>773.0</ele></trkpt>
   <trkpt lon="14.421573" lat="47.032314"><ele>773.25</ele></trkpt>
   <trkpt lon="14.421591" lat="47.032068"><ele>773.75</ele></trkpt>
   <trkpt lon="14.421553" lat="47.031764"><ele>772.75</ele></trkpt>
   <trkpt lon="14.421399" lat="47.031062"><ele>774.0</ele></trkpt>
   <trkpt lon="14.421374" lat="47.030845"><ele>775.25</ele></trkpt>
   <trkpt lon="14.421400" lat="47.030461"><ele>771.25</ele></trkpt>
   <trkpt lon="14.421478" lat="47.030156"><ele>769.25</ele></trkpt>
   <trkpt lon="14.421662" lat="47.029616"><ele>768.5</ele></trkpt>
   <trkpt lon="14.421717" lat="47.029371"><ele>768.75</ele></trkpt>
   <trkpt lon="14.421737" lat="47.029072"><ele>768.25</ele></trkpt>
   <trkpt lon="14.421710" lat="47.028571"><ele>768.75</ele></trkpt>
   <trkpt lon="14.421564" lat="47.027044"><ele>762.0</ele></trkpt>
   <trkpt lon="14.421522" lat="47.026709"><ele>762.5</ele></trkpt>
   <trkpt lon="14.421405" lat="47.026362"><ele>764.0</ele></trkpt>
   <trkpt lon="14.421287" lat="47.026122"><ele>763.5</ele></trkpt>
   <trkpt lon="14.421165" lat="47.025932"><ele>761.75</ele></trkpt>
   <trkpt lon="14.421006" lat="47.025746"><ele>760.25</ele></trkpt>
   <trkpt lon="14.420814" lat="47.025551"><ele>759.25</ele></trkpt>
   <trkpt lon="14.420507" lat="47.025313"><ele>762.25</ele></trkpt>
   <trkpt lon="14.420132" lat="47.025079"><ele>763.0</ele></trkpt>
   <trkpt lon="14.419642" lat="47.024871"><ele>764.25</ele></trkpt>
   <trkpt lon="14.418569" lat="47.024546"><ele>763.75</ele></trkpt>
   <trkpt lon="14.418201" lat="47.024414"><ele>762.5</ele></trkpt>
   <trkpt lon="14.417888" lat="47.024272"><ele>759.5</ele></trkpt>
   <trkpt lon="14.417623" lat="47.024133"><ele>756.75</ele></trkpt>
   <trkpt lon="14.417400" lat="47.023987"><ele>759.0</ele></trkpt>
   <trkpt lon="14.417141" lat="47.023787"><ele>761.25</ele></trkpt>
   <trkpt lon="14.416899" lat="47.023557"><ele>760.25</ele></trkpt>
   <trkpt lon="14.416685" lat="47.023310"><ele>756.5</ele></trkpt>
   <trkpt lon="14.416623" lat="47.023239"><ele>756.75</ele></trkpt>
   <trkpt lon="14.416593" lat="47.023204"><ele>757.0</ele></trkpt>
   <trkpt lon="14.416217" lat="47.022757"><ele>756.75</ele></trkpt>
   <trkpt lon="14.415981" lat="47.022454"><ele>752.25</ele></trkpt>
   <trkpt lon="14.415837" lat="47.022222"><ele>749.75</ele></trkpt>
   <trkpt lon="14.415718" lat="47.021989"><ele>750.5</ele></trkpt>
   <trkpt lon="14.415506" lat="47.021527"><ele>751.5</ele></trkpt>
   <trkpt lon="14.415040" lat="47.020456"><ele>747.75</ele></trkpt>
   <trkpt lon="14.414939" lat="47.020253"><ele>747.0</ele></trkpt>
   <trkpt lon="14.414802" lat="47.020030"><ele>746.5</ele></trkpt>
   <trkpt lon="14.414702" lat="47.019887"><ele>746.0</ele></trkpt>
   <trkpt lon="14.414511" lat="47.019643"><ele>744.0</ele></trkpt>
   <trkpt lon="14.414381" lat="47.019497"><ele>742.5</ele></trkpt>
   <trkpt lon="14.414193" lat="47.019309"><ele>739.75</ele></trkpt>
   <trkpt lon="14.413943" lat="47.019091"><ele>739.5</ele></trkpt>
   <trkpt lon="14.413385" lat="47.018660"><ele>739.0</ele></trkpt>
   <trkpt lon="14.413351" lat="47.018636"><ele>739.0</ele></trkpt>
   <trkpt lon="14.411620" lat="47.017333"><ele>740.25</ele></trkpt>
   <trkpt lon="14.410454" lat="47.016450"><ele>740.0</ele></trkpt>
   <trkpt lon="14.409547" lat="47.015748"><ele>742.0</ele></trkpt>
   <trkpt lon="14.409451" lat="47.015673"><ele>743.25</ele></trkpt>
   <trkpt lon="14.409128" lat="47.015397"><ele>745.5</ele></trkpt>
   <trkpt lon="14.408844" lat="47.015130"><ele>745.5</ele></trkpt>
   <trkpt lon="14.408701" lat="47.015007"><ele>744.25</ele></trkpt>
   <trkpt lon="14.408517" lat="47.014847"><ele>745.0</ele></trkpt>
   <trkpt lon="14.408311" lat="47.014627"><ele>745.5</ele></trkpt>
   <trkpt lon="14.408146" lat="47.014394"><ele>748.0</ele></trkpt>
   <trkpt lon="14.407994" lat="47.014150"><ele>747.75</ele></trkpt>
   <trkpt lon="14.407888" lat="47.013891"><ele>745.0</ele></trkpt>
   <trkpt lon="14.407829" lat="47.013684"><ele>743.25</ele></trkpt>
   <trkpt lon="14.407763" lat="47.013364"><ele>741.0</ele></trkpt>
   <trkpt lon="14.407699" lat="47.012959"><ele>737.0</ele></trkpt>
   <trkpt lon="14.407653" lat="47.012749"><ele>735.0</ele></trkpt>
   <trkpt lon="14.407603" lat="47.012595"><ele>733.0</ele></trkpt>
   <trkpt lon="14.407533" lat="47.012424"><ele>732.0</ele></trkpt>
   <trkpt lon="14.407443" lat="47.012253"><ele>733.0</ele></trkpt>
   <trkpt lon="14.407245" lat="47.011962"><ele>734.0</ele></trkpt>
   <trkpt lon="14.407042" lat="47.011732"><ele>733.25</ele></trkpt>
   <trkpt lon="14.406835" lat="47.011544"><ele>731.75</ele></trkpt>
   <trkpt lon="14.406615" lat="47.011383"><ele>730.0</ele></trkpt>
   <trkpt lon="14.406479" lat="47.011294"><ele>730.25</ele></trkpt>
   <trkpt lon="14.406400" lat="47.011247"><ele>730.25</ele></trkpt>
   <trkpt lon="14.406255" lat="47.011163"><ele>730.0</ele></trkpt>
   <trkpt lon="14.405987" lat="47.011032"><ele>729.5</ele></trkpt>
   <trkpt lon="14.405598" lat="47.010884"><ele>731.25</ele></trkpt>
   <trkpt lon="14.405300" lat="47.010796"><ele>732.75</ele></trkpt>
   <trkpt lon="14.405100" lat="47.010748"><ele>733.5</ele></trkpt>
   <trkpt lon="14.404893" lat="47.010703"><ele>733.75</ele></trkpt>
   <trkpt lon="14.404144" lat="47.010550"><ele>733.75</ele></trkpt>
   <trkpt lon="14.403702" lat="47.010449"><ele>735.5</ele></trkpt>
   <trkpt lon="14.403318" lat="47.010333"><ele>735.5</ele></trkpt>
   <trkpt lon="14.403007" lat="47.010222"><ele>738.75</ele></trkpt>
   <trkpt lon="14.402718" lat="47.010090"><ele>739.0</ele></trkpt>
   <trkpt lon="14.401598" lat="47.009499"><ele>736.75</ele></trkpt>
   <trkpt lon="14.400700" lat="47.009019"><ele>736.25</ele></trkpt>
   <trkpt lon="14.400452" lat="47.008858"><ele>736.5</ele></trkpt>
   <trkpt lon="14.400228" lat="47.008680"><ele>733.75</ele></trkpt>
   <trkpt lon="14.400046" lat="47.008514"><ele>729.25</ele></trkpt>
   <trkpt lon="14.399847" lat="47.008287"><ele>726.25</ele></trkpt>
   <trkpt lon="14.399686" lat="47.008061"><ele>728.25</ele></trkpt>
   <trkpt lon="14.399562" lat="47.007815"><ele>728.25</ele></trkpt>
   <trkpt lon="14.399315" lat="47.007084"><ele>723.0</ele></trkpt>
   <trkpt lon="14.399219" lat="47.006852"><ele>721.0</ele></trkpt>
   <trkpt lon="14.399084" lat="47.006593"><ele>719.75</ele></trkpt>
   <trkpt lon="14.398922" lat="47.006359"><ele>720.0</ele></trkpt>
   <trkpt lon="14.398140" lat="47.005451"><ele>716.5</ele></trkpt>
   <trkpt lon="14.398058" lat="47.005357"><ele>716.25</ele></trkpt>
   <trkpt lon="14.397967" lat="47.005256"><ele>715.5</ele></trkpt>
   <trkpt lon="14.397554" lat="47.004813"><ele>712.0</ele></trkpt>
   <trkpt lon="14.397153" lat="47.004424"><ele>715.25</ele></trkpt>
   <trkpt lon="14.396827" lat="47.004137"><ele>715.0</ele></trkpt>
   <trkpt lon="14.396199" lat="47.003631"><ele>716.25</ele></trkpt>
   <trkpt lon="14.395218" lat="47.002958"><ele>717.75</ele></trkpt>
   <trkpt lon="14.393995" lat="47.002103"><ele>718.5</ele></trkpt>
   <trkpt lon="14.392849" lat="47.001313"><ele>715.75</ele></trkpt>
   <trkpt lon="14.392456" lat="47.001007"><ele>710.75</ele></trkpt>
   <trkpt lon="14.392173" lat="47.000746"><ele>708.5</ele></trkpt>
   <trkpt lon="14.391749" lat="47.000319"><ele>704.25</ele></trkpt>
   <trkpt lon="14.391435" lat="47.000022"><ele>700.75</ele></trkpt>
   <trkpt lon="14.391136" lat="46.999787"><ele>702.0</ele></trkpt>
   <trkpt lon="14.390904" lat="46.999649"><ele>703.0</ele></trkpt>
   <trkpt lon="14.390690" lat="46.999531"><ele>703.75</ele></trkpt>
   <trkpt lon="14.390400" lat="46.999403"><ele>704.75</ele></trkpt>
   <trkpt lon="14.389748" lat="46.999174"><ele>707.0</ele></trkpt>
   <trkpt lon="14.388970" lat="46.998933"><ele>710.75</ele></trkpt>
   <trkpt lon="14.388727" lat="46.998848"><ele>710.75</ele></trkpt>
   <trkpt lon="14.388402" lat="46.998707"><ele>708.5</ele></trkpt>
   <trkpt lon="14.388167" lat="46.998585"><ele>708.0</ele></trkpt>
   <trkpt lon="14.387969" lat="46.998473"><ele>707.75</ele></trkpt>
   <trkpt lon="14.387795" lat="46.998358"><ele>706.75</ele></trkpt>
   <trkpt lon="14.387602" lat="46.998200"><ele>707.25</ele></trkpt>
   <trkpt lon="14.387500" lat="46.998101"><ele>707.0</ele></trkpt>
   <trkpt lon="14.387329" lat="46.997937"><ele>707.5</ele></trkpt>
   <trkpt lon="14.387188" lat="46.997757"><ele>706.75</ele></trkpt>
   <trkpt lon="14.387145" lat="46.997692"><ele>706.25</ele></trkpt>
   <trkpt lon="14.387009" lat="46.997484"><ele>705.0</ele></trkpt>
   <trkpt lon="14.386912" lat="46.997246"><ele>704.0</ele></trkpt>
   <trkpt lon="14.386875" lat="46.997121"><ele>702.75</ele></trkpt>
   <trkpt lon="14.386844" lat="46.996962"><ele>700.75</ele></trkpt>
   <trkpt lon="14.386815" lat="46.996695"><ele>696.75</ele></trkpt>
   <trkpt lon="14.386821" lat="46.996455"><ele>696.25</ele></trkpt>
   <trkpt lon="14.386987" lat="46.995348"><ele>696.25</ele></trkpt>
   <trkpt lon="14.387027" lat="46.995127"><ele>697.0</ele></trkpt>
   <trkpt lon="14.387050" lat="46.994800"><ele>696.5</ele></trkpt>
   <trkpt lon="14.387042" lat="46.994492"><ele>695.5</ele></trkpt>
   <trkpt lon="14.386988" lat="46.994216"><ele>695.75</ele></trkpt>
   <trkpt lon="14.386950" lat="46.994079"><ele>695.5</ele></trkpt>
   <trkpt lon="14.386843" lat="46.993810"><ele>695.5</ele></trkpt>
   <trkpt lon="14.386721" lat="46.993567"><ele>696.0</ele></trkpt>
   <trkpt lon="14.386321" lat="46.992924"><ele>702.5</ele></trkpt>
   <trkpt lon="14.386219" lat="46.992727"><ele>703.0</ele></trkpt>
   <trkpt lon="14.386128" lat="46.992454"><ele>702.0</ele></trkpt>
   <trkpt lon="14.386079" lat="46.992149"><ele>704.5</ele></trkpt>
   <trkpt lon="14.386092" lat="46.991851"><ele>705.0</ele></trkpt>
   <trkpt lon="14.386242" lat="46.990264"><ele>698.5</ele></trkpt>
   <trkpt lon="14.386300" lat="46.989757"><ele>695.75</ele></trkpt>
   <trkpt lon="14.386335" lat="46.989521"><ele>697.0</ele></trkpt>
   <trkpt lon="14.386402" lat="46.989312"><ele>696.0</ele></trkpt>
   <trkpt lon="14.386479" lat="46.989135"><ele>694.25</ele></trkpt>
   <trkpt lon="14.386602" lat="46.988907"><ele>691.5</ele></trkpt>
   <trkpt lon="14.386926" lat="46.988407"><ele>687.0</ele></trkpt>
   <trkpt lon="14.387060" lat="46.988158"><ele>686.0</ele></trkpt>
   <trkpt lon="14.387155" lat="46.987926"><ele>685.75</ele></trkpt>
   <trkpt lon="14.387205" lat="46.987733"><ele>686.75</ele></trkpt>
   <trkpt lon="14.387230" lat="46.987540"><ele>688.5</ele></trkpt>
   <trkpt lon="14.387235" lat="46.987281"><ele>686.75</ele></trkpt>
   <trkpt lon="14.387206" lat="46.987020"><ele>685.25</ele></trkpt>
   <trkpt lon="14.387125" lat="46.986773"><ele>686.0</ele></trkpt>
   <trkpt lon="14.386984" lat="46.986482"><ele>685.75</ele></trkpt>
   <trkpt lon="14.386783" lat="46.986190"><ele>683.75</ele></trkpt>
   <trkpt lon="14.386576" lat="46.985963"><ele>684.5</ele></trkpt>
   <trkpt lon="14.386307" lat="46.985705"><ele>691.5</ele></trkpt>
   <trkpt lon="14.385862" lat="46.985314"><ele>695.0</ele></trkpt>
   <trkpt lon="14.385570" lat="46.985024"><ele>691.5</ele></trkpt>
   <trkpt lon="14.385367" lat="46.984791"><ele>691.5</ele></trkpt>
   <trkpt lon="14.385147" lat="46.984423"><ele>686.0</ele></trkpt>
   <trkpt lon="14.385047" lat="46.984174"><ele>679.75</ele></trkpt>
   <trkpt lon="14.384975" lat="46.983894"><ele>680.25</ele></trkpt>
   <trkpt lon="14.384939" lat="46.983632"><ele>680.0</ele></trkpt>
   <trkpt lon="14.384833" lat="46.983082"><ele>679.25</ele></trkpt>
   <trkpt lon="14.384752" lat="46.982825"><ele>680.0</ele></trkpt>
   <trkpt lon="14.384585" lat="46.982410"><ele>682.25</ele></trkpt>
   <trkpt lon="14.384438" lat="46.982012"><ele>679.75</ele></trkpt>
   <trkpt lon="14.384310" lat="46.981732"><ele>677.5</ele></trkpt>
   <trkpt lon="14.384146" lat="46.981457"><ele>675.5</ele></trkpt>
   <trkpt lon="14.384004" lat="46.981285"><ele>675.25</ele></trkpt>
   <trkpt lon="14.383923" lat="46.981189"><ele>674.75</ele></trkpt>
   <trkpt lon="14.383804" lat="46.981067"><ele>674.0</ele></trkpt>
   <trkpt lon="14.383629" lat="46.980915"><ele>673.0</ele></trkpt>
   <trkpt lon="14.383357" lat="46.980718"><ele>672.75</ele></trkpt>
   <trkpt lon="14.383292" lat="46.980678"><ele>673.25</ele></trkpt>
   <trkpt lon="14.382443" lat="46.980136"><ele>673.0</ele></trkpt>
   <trkpt lon="14.382190" lat="46.979992"><ele>675.5</ele></trkpt>
   <trkpt lon="14.381769" lat="46.979702"><ele>679.0</ele></trkpt>
   <trkpt lon="14.381282" lat="46.979283"><ele>677.5</ele></trkpt>
   <trkpt lon="14.381210" lat="46.979194"><ele>676.0</ele></trkpt>
   <trkpt lon="14.381101" lat="46.979086"><ele>676.0</ele></trkpt>
   <trkpt lon="14.380880" lat="46.978790"><ele>673.25</ele></trkpt>
   <trkpt lon="14.380772" lat="46.978614"><ele>669.75</ele></trkpt>
   <trkpt lon="14.380667" lat="46.978417"><ele>665.0</ele></trkpt>
   <trkpt lon="14.380577" lat="46.978206"><ele>662.25</ele></trkpt>
   <trkpt lon="14.380506" lat="46.977976"><ele>661.0</ele></trkpt>
   <trkpt lon="14.380451" lat="46.977761"><ele>659.5</ele></trkpt>
   <trkpt lon="14.380400" lat="46.977408"><ele>657.25</ele></trkpt>
   <trkpt lon="14.380357" lat="46.977059"><ele>657.0</ele></trkpt>
   <trkpt lon="14.380346" lat="46.976799"><ele>656.5</ele></trkpt>
   <trkpt lon="14.380369" lat="46.976525"><ele>656.5</ele></trkpt>
   <trkpt lon="14.380411" lat="46.976276"><ele>656.5</ele></trkpt>
   <trkpt lon="14.380461" lat="46.976096"><ele>656.75</ele></trkpt>
   <trkpt lon="14.380527" lat="46.975901"><ele>656.5</ele></trkpt>
   <trkpt lon="14.380655" lat="46.975634"><ele>656.25</ele></trkpt>
   <trkpt lon="14.380820" lat="46.975350"><ele>656.0</ele></trkpt>
   <trkpt lon="14.381017" lat="46.975107"><ele>655.75</ele></trkpt>
   <trkpt lon="14.381287" lat="46.974809"><ele>655.75</ele></trkpt>
   <trkpt lon="14.381773" lat="46.974413"><ele>655.0</ele></trkpt>
   <trkpt lon="14.382441" lat="46.973915"><ele>654.25</ele></trkpt>
   <trkpt lon="14.382502" lat="46.973870"><ele>654.25</ele></trkpt>
   <trkpt lon="14.384564" lat="46.972332"><ele>653.0</ele></trkpt>
   <trkpt lon="14.387391" lat="46.970225"><ele>652.75</ele></trkpt>
   <trkpt lon="14.390186" lat="46.968124"><ele>651.0</ele></trkpt>
   <trkpt lon="14.391252" lat="46.967324"><ele>648.75</ele></trkpt>
   <trkpt lon="14.393689" lat="46.965506"><ele>645.0</ele></trkpt>
   <trkpt lon="14.393812" lat="46.965414"><ele>644.5</ele></trkpt>
   <trkpt lon="14.395842" lat="46.963895"><ele>644.25</ele></trkpt>
   <trkpt lon="14.397598" lat="46.962585"><ele>642.75</ele></trkpt>
   <trkpt lon="14.398614" lat="46.961841"><ele>640.75</ele></trkpt>
   <trkpt lon="14.400558" lat="46.960487"><ele>640.75</ele></trkpt>
   <trkpt lon="14.400955" lat="46.960211"><ele>640.0</ele></trkpt>
   <trkpt lon="14.401079" lat="46.960126"><ele>639.75</ele></trkpt>
   <trkpt lon="14.401133" lat="46.960090"><ele>639.5</ele></trkpt>
   <trkpt lon="14.403410" lat="46.958504"><ele>638.5</ele></trkpt>
   <trkpt lon="14.405198" lat="46.957265"><ele>638.5</ele></trkpt>
   <trkpt lon="14.405222" lat="46.957247"><ele>638.5</ele></trkpt>
   <trkpt lon="14.405239" lat="46.957234"><ele>638.5</ele></trkpt>
   <trkpt lon="14.405439" lat="46.957090"><ele>638.0</ele></trkpt>
   <trkpt lon="14.405823" lat="46.956777"><ele>637.25</ele></trkpt>
   <trkpt lon="14.406065" lat="46.956596"><ele>636.25</ele></trkpt>
   <trkpt lon="14.406340" lat="46.956408"><ele>635.75</ele></trkpt>
   <trkpt lon="14.406611" lat="46.956219"><ele>635.5</ele></trkpt>
   <trkpt lon="14.406666" lat="46.956180"><ele>635.5</ele></trkpt>
   <trkpt lon="14.407282" lat="46.955752"><ele>634.5</ele></trkpt>
   <trkpt lon="14.410420" lat="46.953563"><ele>634.0</ele></trkpt>
   <trkpt lon="14.410469" lat="46.953529"><ele>634.0</ele></trkpt>
   <trkpt lon="14.412738" lat="46.951950"><ele>633.5</ele></trkpt>
   <trkpt lon="14.413531" lat="46.951392"><ele>633.0</ele></trkpt>
   <trkpt lon="14.413541" lat="46.951384"><ele>633.0</ele></trkpt>
   <trkpt lon="14.413552" lat="46.951377"><ele>633.0</ele></trkpt>
   <trkpt lon="14.413712" lat="46.951264"><ele>633.0</ele></trkpt>
   <trkpt lon="14.413722" lat="46.951259"><ele>633.0</ele></trkpt>
   <trkpt lon="14.415635" lat="46.949927"><ele>630.75</ele></trkpt>
   <trkpt lon="14.415651" lat="46.949918"><ele>630.75</ele></trkpt>
   <trkpt lon="14.415671" lat="46.949904"><ele>630.75</ele></trkpt>
   <trkpt lon="14.415696" lat="46.949886"><ele>630.75</ele></trkpt>
   <trkpt lon="14.416654" lat="46.949221"><ele>629.0</ele></trkpt>
   <trkpt lon="14.417976" lat="46.948302"><ele>628.75</ele></trkpt>
   <trkpt lon="14.419735" lat="46.947076"><ele>625.75</ele></trkpt>
   <trkpt lon="14.419875" lat="46.946979"><ele>625.5</ele></trkpt>
   <trkpt lon="14.420422" lat="46.946587"><ele>624.75</ele></trkpt>
   <trkpt lon="14.420864" lat="46.946258"><ele>624.75</ele></trkpt>
   <trkpt lon="14.421313" lat="46.945880"><ele>624.75</ele></trkpt>
   <trkpt lon="14.421695" lat="46.945508"><ele>624.75</ele></trkpt>
   <trkpt lon="14.422074" lat="46.945080"><ele>624.5</ele></trkpt>
   <trkpt lon="14.422372" lat="46.944690"><ele>624.0</ele></trkpt>
   <trkpt lon="14.422752" lat="46.944043"><ele>623.75</ele></trkpt>
   <trkpt lon="14.422998" lat="46.943498"><ele>623.25</ele></trkpt>
   <trkpt lon="14.423137" lat="46.943093"><ele>623.25</ele></trkpt>
   <trkpt lon="14.423386" lat="46.942308"><ele>622.5</ele></trkpt>
   <trkpt lon="14.423415" lat="46.942217"><ele>622.5</ele></trkpt>
   <trkpt lon="14.423483" lat="46.941991"><ele>622.25</ele></trkpt>
   <trkpt lon="14.423509" lat="46.941909"><ele>622.0</ele></trkpt>
   <trkpt lon="14.423529" lat="46.941843"><ele>622.0</ele></trkpt>
   <trkpt lon="14.423542" lat="46.941802"><ele>622.0</ele></trkpt>
   <trkpt lon="14.424452" lat="46.938936"><ele>622.0</ele></trkpt>
   <trkpt lon="14.425609" lat="46.935218"><ele>619.0</ele></trkpt>
   <trkpt lon="14.425901" lat="46.934282"><ele>618.0</ele></trkpt>
   <trkpt lon="14.426791" lat="46.931430"><ele>616.75</ele></trkpt>
   <trkpt lon="14.427664" lat="46.928584"><ele>618.25</ele></trkpt>
   <trkpt lon="14.428007" lat="46.927345"><ele>620.0</ele></trkpt>
   <trkpt lon="14.429353" lat="46.922322"><ele>611.75</ele></trkpt>
   <trkpt lon="14.430295" lat="46.918827"><ele>611.75</ele></trkpt>
   <trkpt lon="14.431094" lat="46.915819"><ele>611.5</ele></trkpt>
   <trkpt lon="14.431154" lat="46.915595"><ele>612.0</ele></trkpt>
   <trkpt lon="14.431600" lat="46.913947"><ele>612.25</ele></trkpt>
   <trkpt lon="14.431628" lat="46.913840"><ele>612.25</ele></trkpt>
   <trkpt lon="14.431641" lat="46.913791"><ele>612.25</ele></trkpt>
   <trkpt lon="14.431665" lat="46.913697"><ele>612.5</ele></trkpt>
   <trkpt lon="14.431722" lat="46.913488"><ele>612.75</ele></trkpt>
   <trkpt lon="14.431753" lat="46.913367"><ele>612.75</ele></trkpt>
   <trkpt lon="14.431812" lat="46.913139"><ele>612.75</ele></trkpt>
   <trkpt lon="14.431838" lat="46.913040"><ele>612.75</ele></trkpt>
   <trkpt lon="14.431976" lat="46.912525"><ele>612.5</ele></trkpt>
   <trkpt lon="14.432218" lat="46.911621"><ele>612.5</ele></trkpt>
   <trkpt lon="14.432235" lat="46.911558"><ele>612.75</ele></trkpt>
   <trkpt lon="14.432876" lat="46.909191"><ele>611.75</ele></trkpt>
   <trkpt lon="14.433054" lat="46.908508"><ele>611.0</ele></trkpt>
   <trkpt lon="14.433370" lat="46.907353"><ele>611.5</ele></trkpt>
   <trkpt lon="14.433476" lat="46.906925"><ele>610.75</ele></trkpt>
   <trkpt lon="14.433863" lat="46.905492"><ele>611.5</ele></trkpt>
   <trkpt lon="14.434315" lat="46.903826"><ele>613.0</ele></trkpt>
   <trkpt lon="14.434328" lat="46.903775"><ele>613.0</ele></trkpt>
   <trkpt lon="14.434353" lat="46.903693"><ele>613.0</ele></trkpt>
   <trkpt lon="14.434437" lat="46.903416"><ele>613.0</ele></trkpt>
   <trkpt lon="14.434546" lat="46.903148"><ele>613.0</ele></trkpt>
   <trkpt lon="14.434649" lat="46.902937"><ele>613.0</ele></trkpt>
   <trkpt lon="14.434751" lat="46.902766"><ele>612.75</ele></trkpt>
   <trkpt lon="14.434915" lat="46.902530"><ele>612.0</ele></trkpt>
   <trkpt lon="14.435198" lat="46.902208"><ele>613.0</ele></trkpt>
   <trkpt lon="14.435422" lat="46.902000"><ele>613.75</ele></trkpt>
   <trkpt lon="14.435780" lat="46.901727"><ele>614.75</ele></trkpt>
   <trkpt lon="14.435955" lat="46.901601"><ele>615.0</ele></trkpt>
   <trkpt lon="14.436720" lat="46.901106"><ele>615.5</ele></trkpt>
   <trkpt lon="14.438689" lat="46.899832"><ele>611.75</ele></trkpt>
   <trkpt lon="14.440126" lat="46.898901"><ele>615.5</ele></trkpt>
   <trkpt lon="14.440720" lat="46.898492"><ele>617.75</ele></trkpt>
   <trkpt lon="14.441103" lat="46.898172"><ele>617.5</ele></trkpt>
   <trkpt lon="14.441411" lat="46.897859"><ele>616.5</ele></trkpt>
   <trkpt lon="14.441567" lat="46.897668"><ele>615.5</ele></trkpt>
   <trkpt lon="14.441763" lat="46.897399"><ele>615.0</ele></trkpt>
   <trkpt lon="14.441888" lat="46.897200"><ele>615.5</ele></trkpt>
   <trkpt lon="14.442092" lat="46.896791"><ele>616.5</ele></trkpt>
   <trkpt lon="14.442279" lat="46.896372"><ele>617.0</ele></trkpt>
   <trkpt lon="14.442538" lat="46.895840"><ele>618.25</ele></trkpt>
   <trkpt lon="14.442703" lat="46.895581"><ele>618.75</ele></trkpt>
   <trkpt lon="14.443098" lat="46.895045"><ele>617.75</ele></trkpt>
   <trkpt lon="14.443153" lat="46.894972"><ele>617.0</ele></trkpt>
   <trkpt lon="14.443268" lat="46.894804"><ele>614.75</ele></trkpt>
   <trkpt lon="14.443419" lat="46.894525"><ele>613.0</ele></trkpt>
   <trkpt lon="14.443468" lat="46.894404"><ele>612.75</ele></trkpt>
   <trkpt lon="14.443532" lat="46.894172"><ele>612.75</ele></trkpt>
   <trkpt lon="14.443561" lat="46.893932"><ele>610.25</ele></trkpt>
   <trkpt lon="14.443553" lat="46.893701"><ele>608.25</ele></trkpt>
   <trkpt lon="14.443531" lat="46.893543"><ele>606.5</ele></trkpt>
   <trkpt lon="14.443523" lat="46.893496"><ele>606.0</ele></trkpt>
   <trkpt lon="14.443496" lat="46.893335"><ele>608.0</ele></trkpt>
   <trkpt lon="14.443390" lat="46.892858"><ele>614.0</ele></trkpt>
   <trkpt lon="14.443310" lat="46.892548"><ele>617.75</ele></trkpt>
   <trkpt lon="14.443205" lat="46.892303"><ele>618.0</ele></trkpt>
   <trkpt lon="14.443171" lat="46.892241"><ele>618.25</ele></trkpt>
   <trkpt lon="14.443017" lat="46.891992"><ele>618.5</ele></trkpt>
   <trkpt lon="14.442692" lat="46.891517"><ele>617.5</ele></trkpt>
   <trkpt lon="14.442578" lat="46.891319"><ele>617.25</ele></trkpt>
   <trkpt lon="14.442493" lat="46.891132"><ele>617.75</ele></trkpt>
   <trkpt lon="14.442424" lat="46.890938"><ele>618.25</ele></trkpt>
   <trkpt lon="14.442377" lat="46.890619"><ele>617.5</ele></trkpt>
   <trkpt lon="14.442383" lat="46.890411"><ele>616.5</ele></trkpt>
   <trkpt lon="14.442413" lat="46.890179"><ele>615.75</ele></trkpt>
   <trkpt lon="14.442468" lat="46.890009"><ele>615.5</ele></trkpt>
   <trkpt lon="14.442539" lat="46.889827"><ele>613.75</ele></trkpt>
   <trkpt lon="14.442644" lat="46.889630"><ele>612.0</ele></trkpt>
   <trkpt lon="14.442754" lat="46.889474"><ele>611.0</ele></trkpt>
   <trkpt lon="14.442869" lat="46.889328"><ele>610.5</ele></trkpt>
   <trkpt lon="14.442976" lat="46.889225"><ele>610.25</ele></trkpt>
   <trkpt lon="14.443012" lat="46.889191"><ele>610.25</ele></trkpt>
   <trkpt lon="14.443053" lat="46.889152"><ele>610.25</ele></trkpt>
   <trkpt lon="14.443138" lat="46.889084"><ele>610.5</ele></trkpt>
   <trkpt lon="14.443234" lat="46.889011"><ele>610.5</ele></trkpt>
   <trkpt lon="14.443350" lat="46.888924"><ele>610.25</ele></trkpt>
   <trkpt lon="14.443685" lat="46.888718"><ele>609.75</ele></trkpt>
   <trkpt lon="14.443887" lat="46.888617"><ele>609.5</ele></trkpt>
   <trkpt lon="14.444268" lat="46.888463"><ele>609.25</ele></trkpt>
   <trkpt lon="14.444708" lat="46.888310"><ele>610.5</ele></trkpt>
   <trkpt lon="14.444761" lat="46.888292"><ele>610.75</ele></trkpt>
   <trkpt lon="14.446127" lat="46.887824"><ele>610.5</ele></trkpt>
   <trkpt lon="14.446612" lat="46.887628"><ele>611.5</ele></trkpt>
   <trkpt lon="14.447028" lat="46.887412"><ele>611.5</ele></trkpt>
   <trkpt lon="14.447076" lat="46.887385"><ele>611.5</ele></trkpt>
   <trkpt lon="14.447184" lat="46.887323"><ele>611.5</ele></trkpt>
   <trkpt lon="14.447300" lat="46.887248"><ele>611.25</ele></trkpt>
   <trkpt lon="14.447342" lat="46.887222"><ele>611.25</ele></trkpt>
   <trkpt lon="14.447494" lat="46.887123"><ele>611.0</ele></trkpt>
   <trkpt lon="14.449408" lat="46.885775"><ele>610.25</ele></trkpt>
   <trkpt lon="14.450726" lat="46.884837"><ele>608.0</ele></trkpt>
   <trkpt lon="14.451141" lat="46.884536"><ele>609.0</ele></trkpt>
   <trkpt lon="14.451432" lat="46.884302"><ele>610.0</ele></trkpt>
   <trkpt lon="14.451587" lat="46.884159"><ele>610.5</ele></trkpt>
   <trkpt lon="14.451825" lat="46.883913"><ele>609.75</ele></trkpt>
   <trkpt lon="14.452285" lat="46.883347"><ele>610.0</ele></trkpt>
   <trkpt lon="14.452497" lat="46.883093"><ele>609.75</ele></trkpt>
   <trkpt lon="14.452657" lat="46.882915"><ele>609.0</ele></trkpt>
   <trkpt lon="14.452873" lat="46.882704"><ele>609.0</ele></trkpt>
   <trkpt lon="14.453036" lat="46.882566"><ele>609.75</ele></trkpt>
   <trkpt lon="14.453445" lat="46.882269"><ele>612.0</ele></trkpt>
   <trkpt lon="14.453783" lat="46.882081"><ele>612.25</ele></trkpt>
   <trkpt lon="14.454850" lat="46.881559"><ele>613.0</ele></trkpt>
   <trkpt lon="14.455052" lat="46.881444"><ele>613.0</ele></trkpt>
   <trkpt lon="14.455279" lat="46.881303"><ele>613.5</ele></trkpt>
   <trkpt lon="14.455466" lat="46.881169"><ele>613.75</ele></trkpt>
   <trkpt lon="14.455626" lat="46.881033"><ele>613.75</ele></trkpt>
   <trkpt lon="14.455822" lat="46.880841"><ele>613.75</ele></trkpt>
   <trkpt lon="14.455952" lat="46.880685"><ele>613.0</ele></trkpt>
   <trkpt lon="14.456065" lat="46.880531"><ele>612.5</ele></trkpt>
   <trkpt lon="14.456199" lat="46.880317"><ele>611.75</ele></trkpt>
   <trkpt lon="14.456545" lat="46.879675"><ele>610.5</ele></trkpt>
   <trkpt lon="14.456617" lat="46.879539"><ele>610.0</ele></trkpt>
   <trkpt lon="14.456828" lat="46.879206"><ele>609.0</ele></trkpt>
   <trkpt lon="14.456923" lat="46.879098"><ele>609.0</ele></trkpt>
   <trkpt lon="14.457018" lat="46.878990"><ele>608.75</ele></trkpt>
   <trkpt lon="14.457185" lat="46.878822"><ele>608.25</ele></trkpt>
   <trkpt lon="14.457334" lat="46.878694"><ele>607.75</ele></trkpt>
   <trkpt lon="14.457619" lat="46.878482"><ele>607.25</ele></trkpt>
   <trkpt lon="14.458497" lat="46.877924"><ele>607.75</ele></trkpt>
   <trkpt lon="14.458533" lat="46.877902"><ele>607.75</ele></trkpt>
   <trkpt lon="14.460245" lat="46.876852"><ele>609.0</ele></trkpt>
   <trkpt lon="14.460681" lat="46.876551"><ele>608.25</ele></trkpt>
   <trkpt lon="14.460921" lat="46.876376"><ele>607.75</ele></trkpt>
   <trkpt lon="14.461946" lat="46.875588"><ele>609.25</ele></trkpt>
   <trkpt lon="14.462122" lat="46.875450"><ele>609.75</ele></trkpt>
   <trkpt lon="14.462270" lat="46.875337"><ele>610.0</ele></trkpt>
   <trkpt lon="14.462743" lat="46.874976"><ele>610.75</ele></trkpt>
   <trkpt lon="14.462836" lat="46.874898"><ele>610.5</ele></trkpt>
   <trkpt lon="14.462903" lat="46.874842"><ele>610.5</ele></trkpt>
   <trkpt lon="14.463163" lat="46.874627"><ele>610.5</ele></trkpt>
   <trkpt lon="14.463231" lat="46.874561"><ele>610.25</ele></trkpt>
   <trkpt lon="14.463630" lat="46.874169"><ele>609.5</ele></trkpt>
   <trkpt lon="14.463850" lat="46.873917"><ele>609.75</ele></trkpt>
   <trkpt lon="14.464017" lat="46.873709"><ele>610.0</ele></trkpt>
   <trkpt lon="14.464030" lat="46.873690"><ele>610.25</ele></trkpt>
   <trkpt lon="14.464386" lat="46.873163"><ele>610.0</ele></trkpt>
   <trkpt lon="14.464536" lat="46.872890"><ele>609.25</ele></trkpt>
   <trkpt lon="14.464766" lat="46.872381"><ele>609.0</ele></trkpt>
   <trkpt lon="14.464893" lat="46.872065"><ele>610.25</ele></trkpt>
   <trkpt lon="14.465016" lat="46.871721"><ele>611.0</ele></trkpt>
   <trkpt lon="14.465025" lat="46.871696"><ele>611.0</ele></trkpt>
   <trkpt lon="14.465030" lat="46.871683"><ele>611.0</ele></trkpt>
   <trkpt lon="14.465200" lat="46.871116"><ele>611.75</ele></trkpt>
   <trkpt lon="14.465258" lat="46.870853"><ele>611.75</ele></trkpt>
   <trkpt lon="14.465348" lat="46.870378"><ele>611.75</ele></trkpt>
   <trkpt lon="14.465383" lat="46.870121"><ele>611.75</ele></trkpt>
   <trkpt lon="14.465444" lat="46.869217"><ele>612.75</ele></trkpt>
   <trkpt lon="14.465448" lat="46.869154"><ele>612.75</ele></trkpt>
   <trkpt lon="14.465468" lat="46.868552"><ele>612.5</ele></trkpt>
   <trkpt lon="14.465650" lat="46.864782"><ele>610.75</ele></trkpt>
   <trkpt lon="14.465676" lat="46.864127"><ele>609.0</ele></trkpt>
   <trkpt lon="14.465674" lat="46.864089"><ele>609.0</ele></trkpt>
   <trkpt lon="14.465722" lat="46.863266"><ele>609.0</ele></trkpt>
   <trkpt lon="14.465763" lat="46.862250"><ele>608.75</ele></trkpt>
   <trkpt lon="14.465765" lat="46.862205"><ele>608.75</ele></trkpt>
   <trkpt lon="14.465771" lat="46.862074"><ele>608.5</ele></trkpt>
   <trkpt lon="14.465811" lat="46.861241"><ele>607.0</ele></trkpt>
   <trkpt lon="14.465823" lat="46.861016"><ele>606.25</ele></trkpt>
   <trkpt lon="14.465832" lat="46.860805"><ele>605.75</ele></trkpt>
   <trkpt lon="14.465848" lat="46.860424"><ele>605.25</ele></trkpt>
   <trkpt lon="14.465851" lat="46.860358"><ele>605.25</ele></trkpt>
   <trkpt lon="14.465855" lat="46.860250"><ele>605.25</ele></trkpt>
   <trkpt lon="14.465860" lat="46.860138"><ele>605.0</ele></trkpt>
   <trkpt lon="14.465863" lat="46.860063"><ele>605.0</ele></trkpt>
   <trkpt lon="14.465872" lat="46.859861"><ele>604.75</ele></trkpt>
   <trkpt lon="14.465931" lat="46.858878"><ele>604.0</ele></trkpt>
   <trkpt lon="14.466133" lat="46.854526"><ele>604.5</ele></trkpt>
   <trkpt lon="14.466203" lat="46.852702"><ele>599.25</ele></trkpt>
   <trkpt lon="14.466262" lat="46.851979"><ele>598.5</ele></trkpt>
   <trkpt lon="14.466361" lat="46.851375"><ele>598.75</ele></trkpt>
   <trkpt lon="14.466547" lat="46.850626"><ele>598.75</ele></trkpt>
   <trkpt lon="14.466560" lat="46.850572"><ele>598.5</ele></trkpt>
   <trkpt lon="14.466582" lat="46.850483"><ele>598.5</ele></trkpt>
   <trkpt lon="14.466628" lat="46.850354"><ele>598.25</ele></trkpt>
   <trkpt lon="14.466650" lat="46.850288"><ele>598.25</ele></trkpt>
   <trkpt lon="14.466672" lat="46.850218"><ele>598.25</ele></trkpt>
   <trkpt lon="14.466798" lat="46.849830"><ele>598.0</ele></trkpt>
   <trkpt lon="14.466912" lat="46.849525"><ele>598.25</ele></trkpt>
   <trkpt lon="14.467009" lat="46.849263"><ele>598.25</ele></trkpt>
   <trkpt lon="14.467113" lat="46.849019"><ele>598.25</ele></trkpt>
   <trkpt lon="14.467133" lat="46.848971"><ele>598.25</ele></trkpt>
   <trkpt lon="14.467161" lat="46.848906"><ele>598.25</ele></trkpt>
   <trkpt lon="14.467214" lat="46.848782"><ele>598.0</ele></trkpt>
   <trkpt lon="14.467262" lat="46.848677"><ele>598.0</ele></trkpt>
   <trkpt lon="14.467434" lat="46.848306"><ele>597.75</ele></trkpt>
   <trkpt lon="14.467699" lat="46.847800"><ele>596.75</ele></trkpt>
   <trkpt lon="14.467919" lat="46.847410"><ele>596.25</ele></trkpt>
   <trkpt lon="14.468247" lat="46.846879"><ele>596.0</ele></trkpt>
   <trkpt lon="14.468612" lat="46.846338"><ele>596.0</ele></trkpt>
   <trkpt lon="14.468885" lat="46.845955"><ele>596.0</ele></trkpt>
   <trkpt lon="14.469295" lat="46.845442"><ele>595.75</ele></trkpt>
   <trkpt lon="14.469933" lat="46.844642"><ele>594.5</ele></trkpt>
   <trkpt lon="14.469980" lat="46.844584"><ele>594.5</ele></trkpt>
   <trkpt lon="14.470067" lat="46.844474"><ele>594.25</ele></trkpt>
   <trkpt lon="14.470125" lat="46.844404"><ele>594.25</ele></trkpt>
   <trkpt lon="14.470166" lat="46.844355"><ele>594.25</ele></trkpt>
   <trkpt lon="14.473348" lat="46.840405"><ele>590.75</ele></trkpt>
   <trkpt lon="14.475048" lat="46.838295"><ele>589.0</ele></trkpt>
   <trkpt lon="14.475438" lat="46.837811"><ele>589.75</ele></trkpt>
   <trkpt lon="14.475586" lat="46.837629"><ele>590.25</ele></trkpt>
   <trkpt lon="14.475617" lat="46.837591"><ele>590.25</ele></trkpt>
   <trkpt lon="14.476301" lat="46.836742"><ele>588.25</ele></trkpt>
   <trkpt lon="14.476387" lat="46.836636"><ele>588.25</ele></trkpt>
   <trkpt lon="14.477683" lat="46.835026"><ele>588.0</ele></trkpt>
   <trkpt lon="14.480892" lat="46.831044"><ele>585.5</ele></trkpt>
   <trkpt lon="14.480923" lat="46.831006"><ele>585.5</ele></trkpt>
   <trkpt lon="14.480955" lat="46.830966"><ele>585.5</ele></trkpt>
   <trkpt lon="14.481283" lat="46.830559"><ele>584.75</ele></trkpt>
   <trkpt lon="14.481338" lat="46.830490"><ele>584.75</ele></trkpt>
   <trkpt lon="14.481389" lat="46.830427"><ele>584.5</ele></trkpt>
   <trkpt lon="14.482044" lat="46.829615"><ele>583.75</ele></trkpt>
   <trkpt lon="14.483810" lat="46.827422"><ele>582.5</ele></trkpt>
   <trkpt lon="14.483875" lat="46.827342"><ele>582.5</ele></trkpt>
   <trkpt lon="14.484276" lat="46.826840"><ele>582.0</ele></trkpt>
   <trkpt lon="14.484456" lat="46.826597"><ele>581.5</ele></trkpt>
   <trkpt lon="14.484574" lat="46.826415"><ele>581.25</ele></trkpt>
   <trkpt lon="14.484678" lat="46.826219"><ele>581.0</ele></trkpt>
   <trkpt lon="14.484772" lat="46.826012"><ele>581.0</ele></trkpt>
   <trkpt lon="14.484849" lat="46.825768"><ele>581.0</ele></trkpt>
   <trkpt lon="14.484914" lat="46.825468"><ele>581.0</ele></trkpt>
   <trkpt lon="14.484938" lat="46.825196"><ele>581.0</ele></trkpt>
   <trkpt lon="14.484934" lat="46.824978"><ele>580.75</ele></trkpt>
   <trkpt lon="14.484901" lat="46.824724"><ele>579.25</ele></trkpt>
   <trkpt lon="14.484872" lat="46.824595"><ele>578.5</ele></trkpt>
   <trkpt lon="14.484841" lat="46.824456"><ele>577.75</ele></trkpt>
   <trkpt lon="14.484711" lat="46.824112"><ele>576.25</ele></trkpt>
   <trkpt lon="14.484497" lat="46.823720"><ele>575.75</ele></trkpt>
   <trkpt lon="14.484226" lat="46.823322"><ele>577.0</ele></trkpt>
   <trkpt lon="14.484186" lat="46.823266"><ele>577.25</ele></trkpt>
   <trkpt lon="14.483699" lat="46.822542"><ele>576.0</ele></trkpt>
   <trkpt lon="14.483474" lat="46.822248"><ele>575.25</ele></trkpt>
   <trkpt lon="14.483092" lat="46.821802"><ele>573.75</ele></trkpt>
   <trkpt lon="14.482929" lat="46.821631"><ele>573.5</ele></trkpt>
   <trkpt lon="14.482689" lat="46.821396"><ele>572.5</ele></trkpt>
   <trkpt lon="14.482506" lat="46.821226"><ele>571.5</ele></trkpt>
   <trkpt lon="14.479730" lat="46.818955"><ele>569.75</ele></trkpt>
   <trkpt lon="14.479475" lat="46.818746"><ele>569.75</ele></trkpt>
   <trkpt lon="14.478807" lat="46.818200"><ele>570.0</ele></trkpt>
   <trkpt lon="14.478585" lat="46.818035"><ele>570.0</ele></trkpt>
   <trkpt lon="14.478357" lat="46.817874"><ele>569.5</ele></trkpt>
   <trkpt lon="14.478055" lat="46.817676"><ele>568.5</ele></trkpt>
   <trkpt lon="14.477710" lat="46.817470"><ele>567.75</ele></trkpt>
   <trkpt lon="14.477161" lat="46.817183"><ele>566.25</ele></trkpt>
   <trkpt lon="14.476887" lat="46.817052"><ele>565.5</ele></trkpt>
   <trkpt lon="14.476497" lat="46.816885"><ele>564.0</ele></trkpt>
   <trkpt lon="14.475958" lat="46.816680"><ele>562.0</ele></trkpt>
   <trkpt lon="14.475769" lat="46.816615"><ele>562.0</ele></trkpt>
   <trkpt lon="14.474761" lat="46.816286"><ele>563.25</ele></trkpt>
   <trkpt lon="14.474671" lat="46.816257"><ele>563.25</ele></trkpt>
   <trkpt lon="14.473439" lat="46.815871"><ele>565.5</ele></trkpt>
   <trkpt lon="14.473039" lat="46.815722"><ele>565.5</ele></trkpt>
   <trkpt lon="14.472737" lat="46.815600"><ele>565.25</ele></trkpt>
   <trkpt lon="14.472402" lat="46.815441"><ele>565.25</ele></trkpt>
   <trkpt lon="14.472165" lat="46.815306"><ele>565.0</ele></trkpt>
   <trkpt lon="14.471955" lat="46.815175"><ele>565.0</ele></trkpt>
   <trkpt lon="14.471635" lat="46.814930"><ele>564.5</ele></trkpt>
   <trkpt lon="14.471579" lat="46.814883"><ele>564.5</ele></trkpt>
   <trkpt lon="14.471264" lat="46.814566"><ele>564.75</ele></trkpt>
   <trkpt lon="14.471092" lat="46.814350"><ele>564.75</ele></trkpt>
   <trkpt lon="14.470896" lat="46.814003"><ele>564.0</ele></trkpt>
   <trkpt lon="14.470679" lat="46.813538"><ele>562.0</ele></trkpt>
   <trkpt lon="14.470527" lat="46.813176"><ele>561.25</ele></trkpt>
   <trkpt lon="14.470350" lat="46.812805"><ele>560.0</ele></trkpt>
   <trkpt lon="14.470245" lat="46.812637"><ele>559.5</ele></trkpt>
   <trkpt lon="14.470195" lat="46.812556"><ele>559.25</ele></trkpt>
   <trkpt lon="14.470029" lat="46.812341"><ele>561.25</ele></trkpt>
   <trkpt lon="14.469851" lat="46.812138"><ele>563.5</ele></trkpt>
   <trkpt lon="14.469667" lat="46.811951"><ele>565.0</ele></trkpt>
   <trkpt lon="14.468868" lat="46.811235"><ele>569.25</ele></trkpt>
   <trkpt lon="14.468624" lat="46.810992"><ele>568.25</ele></trkpt>
   <trkpt lon="14.468455" lat="46.810791"><ele>566.5</ele></trkpt>
   <trkpt lon="14.468281" lat="46.810544"><ele>565.5</ele></trkpt>
   <trkpt lon="14.468103" lat="46.810232"><ele>565.0</ele></trkpt>
   <trkpt lon="14.467999" lat="46.809974"><ele>563.5</ele></trkpt>
   <trkpt lon="14.467929" lat="46.809705"><ele>562.5</ele></trkpt>
   <trkpt lon="14.467890" lat="46.809481"><ele>561.75</ele></trkpt>
   <trkpt lon="14.467876" lat="46.809159"><ele>561.75</ele></trkpt>
   <trkpt lon="14.467893" lat="46.808927"><ele>560.5</ele></trkpt>
   <trkpt lon="14.467931" lat="46.808709"><ele>559.75</ele></trkpt>
   <trkpt lon="14.467996" lat="46.808478"><ele>559.25</ele></trkpt>
   <trkpt lon="14.468096" lat="46.808253"><ele>558.75</ele></trkpt>
   <trkpt lon="14.468183" lat="46.808091"><ele>558.0</ele></trkpt>
   <trkpt lon="14.468304" lat="46.807912"><ele>557.0</ele></trkpt>
   <trkpt lon="14.468486" lat="46.807690"><ele>555.5</ele></trkpt>
   <trkpt lon="14.468720" lat="46.807460"><ele>554.25</ele></trkpt>
   <trkpt lon="14.468971" lat="46.807259"><ele>555.25</ele></trkpt>
   <trkpt lon="14.469067" lat="46.807184"><ele>555.5</ele></trkpt>
   <trkpt lon="14.469309" lat="46.807023"><ele>555.5</ele></trkpt>
   <trkpt lon="14.469636" lat="46.806820"><ele>555.0</ele></trkpt>
   <trkpt lon="14.470331" lat="46.806397"><ele>553.75</ele></trkpt>
   <trkpt lon="14.470626" lat="46.806198"><ele>553.25</ele></trkpt>
   <trkpt lon="14.470904" lat="46.805982"><ele>552.75</ele></trkpt>
   <trkpt lon="14.471086" lat="46.805812"><ele>552.75</ele></trkpt>
   <trkpt lon="14.471304" lat="46.805575"><ele>553.0</ele></trkpt>
   <trkpt lon="14.471441" lat="46.805393"><ele>553.0</ele></trkpt>
   <trkpt lon="14.471594" lat="46.805146"><ele>552.5</ele></trkpt>
   <trkpt lon="14.471689" lat="46.804941"><ele>551.25</ele></trkpt>
   <trkpt lon="14.471760" lat="46.804754"><ele>549.75</ele></trkpt>
   <trkpt lon="14.471835" lat="46.804465"><ele>547.25</ele></trkpt>
   <trkpt lon="14.471864" lat="46.804193"><ele>544.75</ele></trkpt>
   <trkpt lon="14.471864" lat="46.803968"><ele>545.25</ele></trkpt>
   <trkpt lon="14.471849" lat="46.803770"><ele>546.0</ele></trkpt>
   <trkpt lon="14.471805" lat="46.803538"><ele>546.5</ele></trkpt>
   <trkpt lon="14.471767" lat="46.803396"><ele>547.0</ele></trkpt>
   <trkpt lon="14.471696" lat="46.803200"><ele>546.75</ele></trkpt>
   <trkpt lon="14.471587" lat="46.802967"><ele>546.0</ele></trkpt>
   <trkpt lon="14.471433" lat="46.802712"><ele>545.75</ele></trkpt>
   <trkpt lon="14.471276" lat="46.802489"><ele>546.0</ele></trkpt>
   <trkpt lon="14.469964" lat="46.800944"><ele>545.75</ele></trkpt>
   <trkpt lon="14.469904" lat="46.800874"><ele>545.25</ele></trkpt>
   <trkpt lon="14.469836" lat="46.800795"><ele>544.0</ele></trkpt>
   <trkpt lon="14.469777" lat="46.800725"><ele>542.75</ele></trkpt>
   <trkpt lon="14.469237" lat="46.800105"><ele>536.75</ele></trkpt>
   <trkpt lon="14.468915" lat="46.799727"><ele>537.5</ele></trkpt>
   <trkpt lon="14.468652" lat="46.799420"><ele>538.75</ele></trkpt>
   <trkpt lon="14.467991" lat="46.798649"><ele>542.5</ele></trkpt>
   <trkpt lon="14.467641" lat="46.798241"><ele>544.0</ele></trkpt>
   <trkpt lon="14.464891" lat="46.795032"><ele>543.0</ele></trkpt>
   <trkpt lon="14.464619" lat="46.794703"><ele>543.0</ele></trkpt>
   <trkpt lon="14.464404" lat="46.794394"><ele>543.5</ele></trkpt>
   <trkpt lon="14.464261" lat="46.794097"><ele>544.25</ele></trkpt>
   <trkpt lon="14.464169" lat="46.793857"><ele>544.0</ele></trkpt>
   <trkpt lon="14.464120" lat="46.793696"><ele>544.0</ele></trkpt>
   <trkpt lon="14.464064" lat="46.793354"><ele>543.5</ele></trkpt>
   <trkpt lon="14.464054" lat="46.793168"><ele>544.75</ele></trkpt>
   <trkpt lon="14.464064" lat="46.792911"><ele>546.75</ele></trkpt>
   <trkpt lon="14.464096" lat="46.792681"><ele>548.0</ele></trkpt>
   <trkpt lon="14.464176" lat="46.792402"><ele>549.75</ele></trkpt>
   <trkpt lon="14.464213" lat="46.792284"><ele>551.75</ele></trkpt>
   <trkpt lon="14.464303" lat="46.792080"><ele>554.0</ele></trkpt>
   <trkpt lon="14.464574" lat="46.791508"><ele>553.5</ele></trkpt>
   <trkpt lon="14.464712" lat="46.791249"><ele>549.75</ele></trkpt>
   <trkpt lon="14.464740" lat="46.791192"><ele>549.25</ele></trkpt>
   <trkpt lon="14.464891" lat="46.790911"><ele>546.0</ele></trkpt>
   <trkpt lon="14.464910" lat="46.790884"><ele>545.75</ele></trkpt>
   <trkpt lon="14.465042" lat="46.790704"><ele>544.25</ele></trkpt>
   <trkpt lon="14.465073" lat="46.790662"><ele>544.25</ele></trkpt>
   <trkpt lon="14.465171" lat="46.790533"><ele>544.0</ele></trkpt>
   <trkpt lon="14.465478" lat="46.790207"><ele>542.75</ele></trkpt>
   <trkpt lon="14.465819" lat="46.789864"><ele>541.25</ele></trkpt>
   <trkpt lon="14.466108" lat="46.789551"><ele>541.75</ele></trkpt>
   <trkpt lon="14.466338" lat="46.789237"><ele>542.75</ele></trkpt>
   <trkpt lon="14.466465" lat="46.789019"><ele>542.25</ele></trkpt>
   <trkpt lon="14.466561" lat="46.788821"><ele>541.5</ele></trkpt>
   <trkpt lon="14.466675" lat="46.788515"><ele>540.75</ele></trkpt>
   <trkpt lon="14.466755" lat="46.788189"><ele>540.5</ele></trkpt>
   <trkpt lon="14.466779" lat="46.787983"><ele>540.5</ele></trkpt>
   <trkpt lon="14.466788" lat="46.787725"><ele>540.0</ele></trkpt>
   <trkpt lon="14.466782" lat="46.787578"><ele>540.0</ele></trkpt>
   <trkpt lon="14.466668" lat="46.786703"><ele>540.75</ele></trkpt>
   <trkpt lon="14.466490" lat="46.785510"><ele>542.0</ele></trkpt>
   <trkpt lon="14.466480" lat="46.785440"><ele>541.75</ele></trkpt>
   <trkpt lon="14.466425" lat="46.784977"><ele>541.0</ele></trkpt>
   <trkpt lon="14.466421" lat="46.784735"><ele>540.0</ele></trkpt>
   <trkpt lon="14.466430" lat="46.784501"><ele>539.0</ele></trkpt>
   <trkpt lon="14.466487" lat="46.784227"><ele>537.75</ele></trkpt>
   <trkpt lon="14.466573" lat="46.783972"><ele>536.25</ele></trkpt>
   <trkpt lon="14.466734" lat="46.783650"><ele>534.25</ele></trkpt>
   <trkpt lon="14.466881" lat="46.783429"><ele>533.0</ele></trkpt>
   <trkpt lon="14.467107" lat="46.783173"><ele>534.0</ele></trkpt>
   <trkpt lon="14.467298" lat="46.782979"><ele>535.25</ele></trkpt>
   <trkpt lon="14.467564" lat="46.782758"><ele>535.75</ele></trkpt>
   <trkpt lon="14.467912" lat="46.782536"><ele>534.25</ele></trkpt>
   <trkpt lon="14.468214" lat="46.782368"><ele>534.75</ele></trkpt>
   <trkpt lon="14.468499" lat="46.782240"><ele>537.0</ele></trkpt>
   <trkpt lon="14.468775" lat="46.782130"><ele>539.75</ele></trkpt>
   <trkpt lon="14.469259" lat="46.781984"><ele>543.75</ele></trkpt>
   <trkpt lon="14.469543" lat="46.781920"><ele>545.5</ele></trkpt>
   <trkpt lon="14.469680" lat="46.781893"><ele>546.25</ele></trkpt>
   <trkpt lon="14.469730" lat="46.781883"><ele>546.5</ele></trkpt>
   <trkpt lon="14.470013" lat="46.781840"><ele>547.75</ele></trkpt>
   <trkpt lon="14.470275" lat="46.781812"><ele>547.25</ele></trkpt>
   <trkpt lon="14.470647" lat="46.781786"><ele>545.75</ele></trkpt>
   <trkpt lon="14.471093" lat="46.781763"><ele>543.0</ele></trkpt>
   <trkpt lon="14.471876" lat="46.781704"><ele>538.25</ele></trkpt>
   <trkpt lon="14.472177" lat="46.781667"><ele>537.5</ele></trkpt>
   <trkpt lon="14.472458" lat="46.781615"><ele>538.0</ele></trkpt>
   <trkpt lon="14.472758" lat="46.781544"><ele>538.25</ele></trkpt>
   <trkpt lon="14.473075" lat="46.781443"><ele>539.25</ele></trkpt>
   <trkpt lon="14.473381" lat="46.781315"><ele>540.25</ele></trkpt>
   <trkpt lon="14.473745" lat="46.781130"><ele>539.25</ele></trkpt>
   <trkpt lon="14.474171" lat="46.780836"><ele>534.75</ele></trkpt>
   <trkpt lon="14.474331" lat="46.780686"><ele>535.5</ele></trkpt>
   <trkpt lon="14.474506" lat="46.780508"><ele>535.75</ele></trkpt>
   <trkpt lon="14.474628" lat="46.780350"><ele>535.5</ele></trkpt>
   <trkpt lon="14.474697" lat="46.780248"><ele>535.25</ele></trkpt>
   <trkpt lon="14.474758" lat="46.780150"><ele>535.0</ele></trkpt>
   <trkpt lon="14.474806" lat="46.780058"><ele>534.75</ele></trkpt>
   <trkpt lon="14.474848" lat="46.779977"><ele>534.25</ele></trkpt>
   <trkpt lon="14.474912" lat="46.779818"><ele>533.0</ele></trkpt>
   <trkpt lon="14.474964" lat="46.779615"><ele>531.75</ele></trkpt>
   <trkpt lon="14.474999" lat="46.779432"><ele>530.5</ele></trkpt>
   <trkpt lon="14.475004" lat="46.779088"><ele>529.5</ele></trkpt>
   <trkpt lon="14.474968" lat="46.778860"><ele>529.5</ele></trkpt>
   <trkpt lon="14.474862" lat="46.778521"><ele>530.0</ele></trkpt>
   <trkpt lon="14.474789" lat="46.778376"><ele>530.5</ele></trkpt>
   <trkpt lon="14.474668" lat="46.778177"><ele>531.0</ele></trkpt>
   <trkpt lon="14.474561" lat="46.778032"><ele>531.5</ele></trkpt>
   <trkpt lon="14.474404" lat="46.777837"><ele>531.5</ele></trkpt>
   <trkpt lon="14.474253" lat="46.777676"><ele>531.25</ele></trkpt>
   <trkpt lon="14.474186" lat="46.777604"><ele>531.0</ele></trkpt>
   <trkpt lon="14.474118" lat="46.777532"><ele>531.25</ele></trkpt>
   <trkpt lon="14.473281" lat="46.776630"><ele>537.0</ele></trkpt>
   <trkpt lon="14.472957" lat="46.776292"><ele>535.5</ele></trkpt>
   <trkpt lon="14.472488" lat="46.775853"><ele>530.5</ele></trkpt>
   <trkpt lon="14.472029" lat="46.775483"><ele>530.25</ele></trkpt>
   <trkpt lon="14.471700" lat="46.775254"><ele>529.0</ele></trkpt>
   <trkpt lon="14.471300" lat="46.774997"><ele>526.5</ele></trkpt>
   <trkpt lon="14.470924" lat="46.774778"><ele>527.25</ele></trkpt>
   <trkpt lon="14.470465" lat="46.774539"><ele>528.5</ele></trkpt>
   <trkpt lon="14.469868" lat="46.774269"><ele>528.25</ele></trkpt>
   <trkpt lon="14.469358" lat="46.774068"><ele>527.25</ele></trkpt>
   <trkpt lon="14.468622" lat="46.773791"><ele>527.0</ele></trkpt>
   <trkpt lon="14.468069" lat="46.773586"><ele>526.0</ele></trkpt>
   <trkpt lon="14.467995" lat="46.773558"><ele>525.75</ele></trkpt>
   <trkpt lon="14.467876" lat="46.773514"><ele>525.5</ele></trkpt>
   <trkpt lon="14.467691" lat="46.773444"><ele>525.25</ele></trkpt>
   <trkpt lon="14.467227" lat="46.773271"><ele>524.5</ele></trkpt>
   <trkpt lon="14.467171" lat="46.773250"><ele>524.5</ele></trkpt>
   <trkpt lon="14.467121" lat="46.773232"><ele>524.25</ele></trkpt>
   <trkpt lon="14.466168" lat="46.772876"><ele>524.0</ele></trkpt>
   <trkpt lon="14.465832" lat="46.772752"><ele>524.5</ele></trkpt>
   <trkpt lon="14.465780" lat="46.772734"><ele>524.75</ele></trkpt>
   <trkpt lon="14.465325" lat="46.772556"><ele>526.0</ele></trkpt>
   <trkpt lon="14.464623" lat="46.772258"><ele>527.25</ele></trkpt>
   <trkpt lon="14.464135" lat="46.772066"><ele>527.25</ele></trkpt>
   <trkpt lon="14.463679" lat="46.771897"><ele>525.5</ele></trkpt>
   <trkpt lon="14.463641" lat="46.771882"><ele>525.25</ele></trkpt>
   <trkpt lon="14.463584" lat="46.771860"><ele>525.0</ele></trkpt>
   <trkpt lon="14.463532" lat="46.771841"><ele>524.75</ele></trkpt>
   <trkpt lon="14.463265" lat="46.771747"><ele>523.5</ele></trkpt>
   <trkpt lon="14.462831" lat="46.771613"><ele>522.0</ele></trkpt>
   <trkpt lon="14.462411" lat="46.771469"><ele>521.25</ele></trkpt>
   <trkpt lon="14.462194" lat="46.771385"><ele>522.0</ele></trkpt>
   <trkpt lon="14.462178" lat="46.771381"><ele>522.0</ele></trkpt>
   <trkpt lon="14.461230" lat="46.771023"><ele>524.0</ele></trkpt>
   <trkpt lon="14.458063" lat="46.769839"><ele>525.75</ele></trkpt>
   <trkpt lon="14.456811" lat="46.769402"><ele>527.0</ele></trkpt>
   <trkpt lon="14.455402" lat="46.768880"><ele>524.5</ele></trkpt>
   <trkpt lon="14.454284" lat="46.768449"><ele>524.75</ele></trkpt>
   <trkpt lon="14.453827" lat="46.768265"><ele>526.25</ele></trkpt>
   <trkpt lon="14.452778" lat="46.767851"><ele>531.5</ele></trkpt>
   <trkpt lon="14.452317" lat="46.767672"><ele>532.25</ele></trkpt>
   <trkpt lon="14.452298" lat="46.767666"><ele>532.25</ele></trkpt>
   <trkpt lon="14.452152" lat="46.767611"><ele>532.5</ele></trkpt>
   <trkpt lon="14.451532" lat="46.767375"><ele>533.0</ele></trkpt>
   <trkpt lon="14.450958" lat="46.767148"><ele>531.75</ele></trkpt>
   <trkpt lon="14.450047" lat="46.766767"><ele>528.5</ele></trkpt>
   <trkpt lon="14.450022" lat="46.766754"><ele>528.5</ele></trkpt>
   <trkpt lon="14.449819" lat="46.766669"><ele>528.0</ele></trkpt>
   <trkpt lon="14.448224" lat="46.765959"><ele>526.0</ele></trkpt>
   <trkpt lon="14.446531" lat="46.765201"><ele>526.5</ele></trkpt>
   <trkpt lon="14.445737" lat="46.764865"><ele>527.5</ele></trkpt>
   <trkpt lon="14.445591" lat="46.764803"><ele>527.5</ele></trkpt>
   <trkpt lon="14.443496" lat="46.763922"><ele>523.5</ele></trkpt>
   <trkpt lon="14.441069" lat="46.762901"><ele>520.75</ele></trkpt>
   <trkpt lon="14.441018" lat="46.762880"><ele>520.75</ele></trkpt>
   <trkpt lon="14.440657" lat="46.762730"><ele>521.0</ele></trkpt>
   <trkpt lon="14.440060" lat="46.762525"><ele>522.75</ele></trkpt>
   <trkpt lon="14.439478" lat="46.762386"><ele>523.25</ele></trkpt>
   <trkpt lon="14.439029" lat="46.762309"><ele>523.25</ele></trkpt>
   <trkpt lon="14.438452" lat="46.762254"><ele>522.75</ele></trkpt>
   <trkpt lon="14.438165" lat="46.762240"><ele>522.75</ele></trkpt>
   <trkpt lon="14.437544" lat="46.762243"><ele>523.0</ele></trkpt>
   <trkpt lon="14.437119" lat="46.762266"><ele>523.25</ele></trkpt>
   <trkpt lon="14.436542" lat="46.762297"><ele>523.5</ele></trkpt>
   <trkpt lon="14.436481" lat="46.762300"><ele>523.5</ele></trkpt>
   <trkpt lon="14.436248" lat="46.762313"><ele>523.25</ele></trkpt>
   <trkpt lon="14.435925" lat="46.762330"><ele>523.0</ele></trkpt>
   <trkpt lon="14.435807" lat="46.762337"><ele>523.0</ele></trkpt>
   <trkpt lon="14.434678" lat="46.762397"><ele>522.75</ele></trkpt>
   <trkpt lon="14.434621" lat="46.762401"><ele>522.5</ele></trkpt>
   <trkpt lon="14.434366" lat="46.762414"><ele>522.0</ele></trkpt>
   <trkpt lon="14.433836" lat="46.762443"><ele>521.75</ele></trkpt>
   <trkpt lon="14.433766" lat="46.762447"><ele>521.75</ele></trkpt>
   <trkpt lon="14.432047" lat="46.762533"><ele>521.75</ele></trkpt>
   <trkpt lon="14.431397" lat="46.762535"><ele>522.5</ele></trkpt>
   <trkpt lon="14.431016" lat="46.762523"><ele>523.75</ele></trkpt>
   <trkpt lon="14.430476" lat="46.762483"><ele>525.0</ele></trkpt>
   <trkpt lon="14.427305" lat="46.762215"><ele>529.75</ele></trkpt>
   <trkpt lon="14.427243" lat="46.762209"><ele>529.75</ele></trkpt>
   <trkpt lon="14.426986" lat="46.762187"><ele>530.0</ele></trkpt>
   <trkpt lon="14.426860" lat="46.762176"><ele>530.25</ele></trkpt>
   <trkpt lon="14.426758" lat="46.762168"><ele>530.25</ele></trkpt>
   <trkpt lon="14.424741" lat="46.761998"><ele>527.25</ele></trkpt>
   <trkpt lon="14.424662" lat="46.761991"><ele>527.25</ele></trkpt>
   <trkpt lon="14.424540" lat="46.761981"><ele>526.75</ele></trkpt>
   <trkpt lon="14.424175" lat="46.761949"><ele>526.0</ele></trkpt>
   <trkpt lon="14.423030" lat="46.761850"><ele>526.75</ele></trkpt>
   <trkpt lon="14.422267" lat="46.761778"><ele>527.25</ele></trkpt>
   <trkpt lon="14.421949" lat="46.761733"><ele>526.75</ele></trkpt>
   <trkpt lon="14.421744" lat="46.761700"><ele>526.25</ele></trkpt>
   <trkpt lon="14.421519" lat="46.761658"><ele>526.0</ele></trkpt>
   <trkpt lon="14.421168" lat="46.761574"><ele>526.25</ele></trkpt>
   <trkpt lon="14.420833" lat="46.761474"><ele>526.5</ele></trkpt>
   <trkpt lon="14.420537" lat="46.761369"><ele>525.5</ele></trkpt>
   <trkpt lon="14.420102" lat="46.761184"><ele>524.0</ele></trkpt>
   <trkpt lon="14.419696" lat="46.760970"><ele>521.75</ele></trkpt>
   <trkpt lon="14.419548" lat="46.760877"><ele>520.75</ele></trkpt>
   <trkpt lon="14.419161" lat="46.760606"><ele>517.75</ele></trkpt>
   <trkpt lon="14.418879" lat="46.760371"><ele>516.0</ele></trkpt>
   <trkpt lon="14.418578" lat="46.760070"><ele>515.0</ele></trkpt>
   <trkpt lon="14.418062" lat="46.759491"><ele>518.5</ele></trkpt>
   <trkpt lon="14.417772" lat="46.759183"><ele>523.5</ele></trkpt>
   <trkpt lon="14.417519" lat="46.758950"><ele>524.75</ele></trkpt>
   <trkpt lon="14.417215" lat="46.758719"><ele>525.25</ele></trkpt>
   <trkpt lon="14.416966" lat="46.758557"><ele>525.75</ele></trkpt>
   <trkpt lon="14.416629" lat="46.758376"><ele>525.75</ele></trkpt>
   <trkpt lon="14.416360" lat="46.758252"><ele>524.5</ele></trkpt>
   <trkpt lon="14.416045" lat="46.758127"><ele>523.25</ele></trkpt>
   <trkpt lon="14.415776" lat="46.758042"><ele>522.75</ele></trkpt>
   <trkpt lon="14.415365" lat="46.757929"><ele>521.5</ele></trkpt>
   <trkpt lon="14.414800" lat="46.757807"><ele>520.75</ele></trkpt>
   <trkpt lon="14.414111" lat="46.757672"><ele>521.0</ele></trkpt>
   <trkpt lon="14.413314" lat="46.757522"><ele>520.25</ele></trkpt>
   <trkpt lon="14.412967" lat="46.757469"><ele>519.75</ele></trkpt>
   <trkpt lon="14.412592" lat="46.757424"><ele>519.5</ele></trkpt>
   <trkpt lon="14.412181" lat="46.757399"><ele>519.0</ele></trkpt>
   <trkpt lon="14.411599" lat="46.757390"><ele>518.25</ele></trkpt>
   <trkpt lon="14.411327" lat="46.757388"><ele>517.5</ele></trkpt>
   <trkpt lon="14.409822" lat="46.757373"><ele>517.0</ele></trkpt>
   <trkpt lon="14.409433" lat="46.757364"><ele>518.5</ele></trkpt>
   <trkpt lon="14.408889" lat="46.757345"><ele>520.75</ele></trkpt>
   <trkpt lon="14.406456" lat="46.757227"><ele>522.0</ele></trkpt>
   <trkpt lon="14.406384" lat="46.757223"><ele>522.25</ele></trkpt>
   <trkpt lon="14.406093" lat="46.757216"><ele>523.25</ele></trkpt>
   <trkpt lon="14.405818" lat="46.757216"><ele>524.0</ele></trkpt>
   <trkpt lon="14.405533" lat="46.757227"><ele>524.5</ele></trkpt>
   <trkpt lon="14.405262" lat="46.757248"><ele>525.0</ele></trkpt>
   <trkpt lon="14.404855" lat="46.757304"><ele>525.75</ele></trkpt>
   <trkpt lon="14.404468" lat="46.757387"><ele>526.25</ele></trkpt>
   <trkpt lon="14.404090" lat="46.757504"><ele>527.0</ele></trkpt>
   <trkpt lon="14.403680" lat="46.757669"><ele>528.5</ele></trkpt>
   <trkpt lon="14.403271" lat="46.757884"><ele>529.5</ele></trkpt>
   <trkpt lon="14.402973" lat="46.758093"><ele>529.75</ele></trkpt>
   <trkpt lon="14.402684" lat="46.758326"><ele>529.0</ele></trkpt>
   <trkpt lon="14.402310" lat="46.758680"><ele>529.25</ele></trkpt>
   <trkpt lon="14.401704" lat="46.759289"><ele>530.25</ele></trkpt>
   <trkpt lon="14.401224" lat="46.759742"><ele>531.75</ele></trkpt>
   <trkpt lon="14.400871" lat="46.760047"><ele>530.0</ele></trkpt>
   <trkpt lon="14.400428" lat="46.760386"><ele>527.75</ele></trkpt>
   <trkpt lon="14.398502" lat="46.761799"><ele>513.25</ele></trkpt>
   <trkpt lon="14.398437" lat="46.761847"><ele>513.25</ele></trkpt>
   <trkpt lon="14.398206" lat="46.762023"><ele>513.5</ele></trkpt>
   <trkpt lon="14.398136" lat="46.762077"><ele>513.5</ele></trkpt>
   <trkpt lon="14.397977" lat="46.762201"><ele>513.5</ele></trkpt>
   <trkpt lon="14.397885" lat="46.762283"><ele>513.5</ele></trkpt>
   <trkpt lon="14.397755" lat="46.762416"><ele>514.0</ele></trkpt>
   <trkpt lon="14.397629" lat="46.762545"><ele>514.5</ele></trkpt>
   <trkpt lon="14.397386" lat="46.762843"><ele>515.25</ele></trkpt>
   <trkpt lon="14.397280" lat="46.762987"><ele>515.25</ele></trkpt>
   <trkpt lon="14.397244" lat="46.763036"><ele>515.25</ele></trkpt>
   <trkpt lon="14.396984" lat="46.763391"><ele>514.75</ele></trkpt>
   <trkpt lon="14.396733" lat="46.763681"><ele>513.25</ele></trkpt>
   <trkpt lon="14.396555" lat="46.763860"><ele>512.25</ele></trkpt>
   <trkpt lon="14.396413" lat="46.763983"><ele>511.25</ele></trkpt>
   <trkpt lon="14.396285" lat="46.764077"><ele>510.5</ele></trkpt>
   <trkpt lon="14.396057" lat="46.764232"><ele>509.0</ele></trkpt>
   <trkpt lon="14.395842" lat="46.764360"><ele>507.0</ele></trkpt>
   <trkpt lon="14.395612" lat="46.764474"><ele>507.25</ele></trkpt>
   <trkpt lon="14.395377" lat="46.764574"><ele>507.75</ele></trkpt>
   <trkpt lon="14.395083" lat="46.764685"><ele>508.25</ele></trkpt>
   <trkpt lon="14.394820" lat="46.764773"><ele>508.75</ele></trkpt>
   <trkpt lon="14.393888" lat="46.765070"><ele>510.25</ele></trkpt>
   <trkpt lon="14.393617" lat="46.765150"><ele>510.75</ele></trkpt>
   <trkpt lon="14.393341" lat="46.765218"><ele>511.25</ele></trkpt>
   <trkpt lon="14.393105" lat="46.765264"><ele>511.25</ele></trkpt>
   <trkpt lon="14.392898" lat="46.765298"><ele>513.25</ele></trkpt>
   <trkpt lon="14.392674" lat="46.765322"><ele>515.0</ele></trkpt>
   <trkpt lon="14.392102" lat="46.765367"><ele>516.0</ele></trkpt>
   <trkpt lon="14.386222" lat="46.765740"><ele>511.0</ele></trkpt>
   <trkpt lon="14.385743" lat="46.765776"><ele>509.0</ele></trkpt>
   <trkpt lon="14.385315" lat="46.765822"><ele>506.5</ele></trkpt>
   <trkpt lon="14.385043" lat="46.765867"><ele>505.25</ele></trkpt>
   <trkpt lon="14.384827" lat="46.765912"><ele>504.0</ele></trkpt>
   <trkpt lon="14.384608" lat="46.765964"><ele>502.5</ele></trkpt>
   <trkpt lon="14.384433" lat="46.766013"><ele>501.75</ele></trkpt>
   <trkpt lon="14.384236" lat="46.766078"><ele>501.0</ele></trkpt>
   <trkpt lon="14.383996" lat="46.766170"><ele>500.0</ele></trkpt>
   <trkpt lon="14.383737" lat="46.766286"><ele>499.0</ele></trkpt>
   <trkpt lon="14.383510" lat="46.766401"><ele>498.25</ele></trkpt>
   <trkpt lon="14.383135" lat="46.766647"><ele>498.0</ele></trkpt>
   <trkpt lon="14.382904" lat="46.766833"><ele>497.5</ele></trkpt>
   <trkpt lon="14.382625" lat="46.767121"><ele>497.25</ele></trkpt>
   <trkpt lon="14.382522" lat="46.767248"><ele>497.5</ele></trkpt>
   <trkpt lon="14.382356" lat="46.767509"><ele>497.0</ele></trkpt>
   <trkpt lon="14.382287" lat="46.767644"><ele>495.5</ele></trkpt>
   <trkpt lon="14.382203" lat="46.767836"><ele>493.75</ele></trkpt>
   <trkpt lon="14.382158" lat="46.767977"><ele>492.75</ele></trkpt>
   <trkpt lon="14.382100" lat="46.768225"><ele>491.75</ele></trkpt>
   <trkpt lon="14.382074" lat="46.768407"><ele>491.25</ele></trkpt>
   <trkpt lon="14.382017" lat="46.769219"><ele>491.75</ele></trkpt>
   <trkpt lon="14.381981" lat="46.769535"><ele>492.25</ele></trkpt>
   <trkpt lon="14.381960" lat="46.769666"><ele>492.5</ele></trkpt>
   <trkpt lon="14.381914" lat="46.769865"><ele>492.75</ele></trkpt>
   <trkpt lon="14.381839" lat="46.770103"><ele>492.75</ele></trkpt>
   <trkpt lon="14.381740" lat="46.770305"><ele>492.25</ele></trkpt>
   <trkpt lon="14.381641" lat="46.770479"><ele>491.75</ele></trkpt>
   <trkpt lon="14.381498" lat="46.770684"><ele>491.5</ele></trkpt>
   <trkpt lon="14.381366" lat="46.770853"><ele>491.25</ele></trkpt>
   <trkpt lon="14.381044" lat="46.771171"><ele>488.75</ele></trkpt>
   <trkpt lon="14.380701" lat="46.771446"><ele>487.0</ele></trkpt>
   <trkpt lon="14.380643" lat="46.771493"><ele>486.75</ele></trkpt>
   <trkpt lon="14.380310" lat="46.771740"><ele>487.0</ele></trkpt>
   <trkpt lon="14.380270" lat="46.771769"><ele>487.0</ele></trkpt>
   <trkpt lon="14.380134" lat="46.771869"><ele>487.25</ele></trkpt>
   <trkpt lon="14.376140" lat="46.774782"><ele>485.5</ele></trkpt>
   <trkpt lon="14.375751" lat="46.775022"><ele>485.25</ele></trkpt>
   <trkpt lon="14.375574" lat="46.775116"><ele>484.5</ele></trkpt>
   <trkpt lon="14.375231" lat="46.775274"><ele>483.25</ele></trkpt>
   <trkpt lon="14.375018" lat="46.775352"><ele>482.75</ele></trkpt>
   <trkpt lon="14.374807" lat="46.775418"><ele>482.75</ele></trkpt>
   <trkpt lon="14.374435" lat="46.775518"><ele>483.0</ele></trkpt>
   <trkpt lon="14.374125" lat="46.775573"><ele>482.5</ele></trkpt>
   <trkpt lon="14.373811" lat="46.775613"><ele>481.25</ele></trkpt>
   <trkpt lon="14.373620" lat="46.775630"><ele>480.25</ele></trkpt>
   <trkpt lon="14.373421" lat="46.775640"><ele>479.25</ele></trkpt>
   <trkpt lon="14.373079" lat="46.775640"><ele>478.25</ele></trkpt>
   <trkpt lon="14.372884" lat="46.775631"><ele>478.0</ele></trkpt>
   <trkpt lon="14.372626" lat="46.775608"><ele>477.75</ele></trkpt>
   <trkpt lon="14.372219" lat="46.775551"><ele>476.75</ele></trkpt>
   <trkpt lon="14.372039" lat="46.775516"><ele>476.0</ele></trkpt>
   <trkpt lon="14.371928" lat="46.775490"><ele>475.75</ele></trkpt>
   <trkpt lon="14.371853" lat="46.775472"><ele>475.25</ele></trkpt>
   <trkpt lon="14.371661" lat="46.775416"><ele>474.5</ele></trkpt>
   <trkpt lon="14.371451" lat="46.775344"><ele>474.5</ele></trkpt>
   <trkpt lon="14.371311" lat="46.775293"><ele>474.5</ele></trkpt>
   <trkpt lon="14.371119" lat="46.775219"><ele>474.75</ele></trkpt>
   <trkpt lon="14.371002" lat="46.775165"><ele>474.75</ele></trkpt>
   <trkpt lon="14.370789" lat="46.775053"><ele>475.5</ele></trkpt>
   <trkpt lon="14.370593" lat="46.774930"><ele>476.75</ele></trkpt>
   <trkpt lon="14.370340" lat="46.774729"><ele>478.0</ele></trkpt>
   <trkpt lon="14.370095" lat="46.774510"><ele>478.5</ele></trkpt>
   <trkpt lon="14.370079" lat="46.774496"><ele>478.5</ele></trkpt>
   <trkpt lon="14.369798" lat="46.774199"><ele>478.25</ele></trkpt>
   <trkpt lon="14.369427" lat="46.773744"><ele>479.5</ele></trkpt>
   <trkpt lon="14.369420" lat="46.773735"><ele>479.5</ele></trkpt>
   <trkpt lon="14.369296" lat="46.773573"><ele>479.75</ele></trkpt>
   <trkpt lon="14.369087" lat="46.773268"><ele>479.75</ele></trkpt>
   <trkpt lon="14.368833" lat="46.772874"><ele>480.0</ele></trkpt>
   <trkpt lon="14.368628" lat="46.772542"><ele>480.5</ele></trkpt>
   <trkpt lon="14.368526" lat="46.772344"><ele>480.0</ele></trkpt>
   <trkpt lon="14.367956" lat="46.771198"><ele>477.5</ele></trkpt>
   <trkpt lon="14.367481" lat="46.770161"><ele>477.0</ele></trkpt>
   <trkpt lon="14.367383" lat="46.769900"><ele>476.75</ele></trkpt>
   <trkpt lon="14.367104" lat="46.768993"><ele>475.5</ele></trkpt>
   <trkpt lon="14.367051" lat="46.768783"><ele>475.75</ele></trkpt>
   <trkpt lon="14.366977" lat="46.768350"><ele>476.0</ele></trkpt>
   <trkpt lon="14.366893" lat="46.767748"><ele>476.25</ele></trkpt>
   <trkpt lon="14.366872" lat="46.767337"><ele>476.75</ele></trkpt>
   <trkpt lon="14.366848" lat="46.767092"><ele>477.0</ele></trkpt>
   <trkpt lon="14.366820" lat="46.766793"><ele>477.5</ele></trkpt>
   <trkpt lon="14.366819" lat="46.766685"><ele>477.75</ele></trkpt>
   <trkpt lon="14.366819" lat="46.766668"><ele>477.75</ele></trkpt>
   <trkpt lon="14.366820" lat="46.766552"><ele>477.0</ele></trkpt>
   <trkpt lon="14.366810" lat="46.766312"><ele>475.25</ele></trkpt>
   <trkpt lon="14.366799" lat="46.766223"><ele>474.5</ele></trkpt>
   <trkpt lon="14.366779" lat="46.766042"><ele>473.25</ele></trkpt>
   <trkpt lon="14.366758" lat="46.765702"><ele>471.75</ele></trkpt>
   <trkpt lon="14.366757" lat="46.765656"><ele>471.5</ele></trkpt>
   <trkpt lon="14.366757" lat="46.765605"><ele>471.5</ele></trkpt>
   <trkpt lon="14.366735" lat="46.765339"><ele>471.25</ele></trkpt>
   <trkpt lon="14.366683" lat="46.765019"><ele>470.75</ele></trkpt>
   <trkpt lon="14.366601" lat="46.764749"><ele>470.75</ele></trkpt>
   <trkpt lon="14.366440" lat="46.764410"><ele>470.5</ele></trkpt>
   <trkpt lon="14.366382" lat="46.764321"><ele>470.5</ele></trkpt>
   <trkpt lon="14.366345" lat="46.764264"><ele>470.5</ele></trkpt>
   <trkpt lon="14.366180" lat="46.764061"><ele>470.5</ele></trkpt>
   <trkpt lon="14.366041" lat="46.763932"><ele>471.0</ele></trkpt>
   <trkpt lon="14.365725" lat="46.763697"><ele>471.5</ele></trkpt>
   <trkpt lon="14.365638" lat="46.763642"><ele>471.5</ele></trkpt>
   <trkpt lon="14.365606" lat="46.763618"><ele>471.75</ele></trkpt>
   <trkpt lon="14.365313" lat="46.763462"><ele>471.75</ele></trkpt>
   <trkpt lon="14.365003" lat="46.763320"><ele>471.75</ele></trkpt>
   <trkpt lon="14.364500" lat="46.763143"><ele>472.5</ele></trkpt>
   <trkpt lon="14.363842" lat="46.762951"><ele>473.0</ele></trkpt>
   <trkpt lon="14.363566" lat="46.762883"><ele>472.75</ele></trkpt>
   <trkpt lon="14.363124" lat="46.762788"><ele>472.75</ele></trkpt>
   <trkpt lon="14.362472" lat="46.762669"><ele>472.5</ele></trkpt>
   <trkpt lon="14.362042" lat="46.762602"><ele>472.0</ele></trkpt>
   <trkpt lon="14.354432" lat="46.761376"><ele>472.5</ele></trkpt>
   <trkpt lon="14.353717" lat="46.761261"><ele>473.5</ele></trkpt>
   <trkpt lon="14.353479" lat="46.761221"><ele>473.75</ele></trkpt>
   <trkpt lon="14.353369" lat="46.761203"><ele>473.75</ele></trkpt>
   <trkpt lon="14.353319" lat="46.761194"><ele>473.75</ele></trkpt>
   <trkpt lon="14.353267" lat="46.761186"><ele>473.75</ele></trkpt>
   <trkpt lon="14.352478" lat="46.761060"><ele>473.75</ele></trkpt>
   <trkpt lon="14.352116" lat="46.761000"><ele>473.0</ele></trkpt>
   <trkpt lon="14.351690" lat="46.760930"><ele>472.25</ele></trkpt>
   <trkpt lon="14.350731" lat="46.760756"><ele>472.25</ele></trkpt>
   <trkpt lon="14.349945" lat="46.760572"><ele>474.5</ele></trkpt>
   <trkpt lon="14.349522" lat="46.760450"><ele>474.5</ele></trkpt>
   <trkpt lon="14.349386" lat="46.760411"><ele>474.25</ele></trkpt>
   <trkpt lon="14.349160" lat="46.760346"><ele>474.25</ele></trkpt>
   <trkpt lon="14.348659" lat="46.760194"><ele>473.75</ele></trkpt>
   <trkpt lon="14.347882" lat="46.759914"><ele>473.75</ele></trkpt>
   <trkpt lon="14.347782" lat="46.759874"><ele>474.0</ele></trkpt>
   <trkpt lon="14.347317" lat="46.759691"><ele>474.75</ele></trkpt>
   <trkpt lon="14.346414" lat="46.759274"><ele>475.25</ele></trkpt>
   <trkpt lon="14.345747" lat="46.758926"><ele>475.0</ele></trkpt>
   <trkpt lon="14.345063" lat="46.758520"><ele>474.5</ele></trkpt>
   <trkpt lon="14.344373" lat="46.758063"><ele>474.75</ele></trkpt>
   <trkpt lon="14.343090" lat="46.757185"><ele>474.75</ele></trkpt>
   <trkpt lon="14.342485" lat="46.756809"><ele>473.5</ele></trkpt>
   <trkpt lon="14.342351" lat="46.756726"><ele>473.75</ele></trkpt>
   <trkpt lon="14.341870" lat="46.756450"><ele>474.25</ele></trkpt>
   <trkpt lon="14.341251" lat="46.756149"><ele>474.25</ele></trkpt>
   <trkpt lon="14.340722" lat="46.755912"><ele>472.75</ele></trkpt>
   <trkpt lon="14.340676" lat="46.755891"><ele>472.5</ele></trkpt>
   <trkpt lon="14.340603" lat="46.755865"><ele>472.5</ele></trkpt>
   <trkpt lon="14.340461" lat="46.755812"><ele>472.25</ele></trkpt>
   <trkpt lon="14.340321" lat="46.755760"><ele>472.25</ele></trkpt>
   <trkpt lon="14.340289" lat="46.755749"><ele>472.25</ele></trkpt>
   <trkpt lon="14.339961" lat="46.755628"><ele>472.5</ele></trkpt>
   <trkpt lon="14.339145" lat="46.755353"><ele>473.0</ele></trkpt>
   <trkpt lon="14.338772" lat="46.755235"><ele>473.0</ele></trkpt>
   <trkpt lon="14.338730" lat="46.755222"><ele>472.75</ele></trkpt>
   <trkpt lon="14.338629" lat="46.755190"><ele>472.75</ele></trkpt>
   <trkpt lon="14.338501" lat="46.755150"><ele>472.75</ele></trkpt>
   <trkpt lon="14.338456" lat="46.755136"><ele>472.75</ele></trkpt>
   <trkpt lon="14.338310" lat="46.755090"><ele>472.5</ele></trkpt>
   <trkpt lon="14.337732" lat="46.754877"><ele>473.5</ele></trkpt>
   <trkpt lon="14.337304" lat="46.754711"><ele>473.75</ele></trkpt>
   <trkpt lon="14.336904" lat="46.754530"><ele>473.5</ele></trkpt>
   <trkpt lon="14.336445" lat="46.754287"><ele>472.5</ele></trkpt>
   <trkpt lon="14.336054" lat="46.754044"><ele>472.0</ele></trkpt>
   <trkpt lon="14.335379" lat="46.753547"><ele>472.25</ele></trkpt>
   <trkpt lon="14.334893" lat="46.753154"><ele>472.75</ele></trkpt>
   <trkpt lon="14.334722" lat="46.753016"><ele>472.75</ele></trkpt>
   <trkpt lon="14.334385" lat="46.752764"><ele>472.5</ele></trkpt>
   <trkpt lon="14.334332" lat="46.752725"><ele>472.5</ele></trkpt>
   <trkpt lon="14.334233" lat="46.752663"><ele>472.25</ele></trkpt>
   <trkpt lon="14.333951" lat="46.752490"><ele>472.0</ele></trkpt>
   <trkpt lon="14.333304" lat="46.752121"><ele>471.0</ele></trkpt>
   <trkpt lon="14.332814" lat="46.751904"><ele>471.0</ele></trkpt>
   <trkpt lon="14.332337" lat="46.751719"><ele>471.75</ele></trkpt>
   <trkpt lon="14.331616" lat="46.751448"><ele>473.0</ele></trkpt>
   <trkpt lon="14.331032" lat="46.751213"><ele>474.0</ele></trkpt>
   <trkpt lon="14.330899" lat="46.751160"><ele>474.0</ele></trkpt>
   <trkpt lon="14.330586" lat="46.751044"><ele>474.75</ele></trkpt>
   <trkpt lon="14.329993" lat="46.750825"><ele>475.75</ele></trkpt>
   <trkpt lon="14.329333" lat="46.750571"><ele>478.0</ele></trkpt>
   <trkpt lon="14.329012" lat="46.750434"><ele>478.75</ele></trkpt>
   <trkpt lon="14.328625" lat="46.750268"><ele>479.5</ele></trkpt>
   <trkpt lon="14.328348" lat="46.750131"><ele>478.25</ele></trkpt>
   <trkpt lon="14.328294" lat="46.750105"><ele>478.0</ele></trkpt>
   <trkpt lon="14.328215" lat="46.750066"><ele>477.25</ele></trkpt>
   <trkpt lon="14.327888" lat="46.749904"><ele>477.0</ele></trkpt>
   <trkpt lon="14.327719" lat="46.749812"><ele>477.5</ele></trkpt>
   <trkpt lon="14.326754" lat="46.749277"><ele>475.25</ele></trkpt>
   <trkpt lon="14.326021" lat="46.748827"><ele>475.25</ele></trkpt>
   <trkpt lon="14.325364" lat="46.748481"><ele>474.5</ele></trkpt>
   <trkpt lon="14.325189" lat="46.748401"><ele>474.0</ele></trkpt>
   <trkpt lon="14.324925" lat="46.748276"><ele>474.0</ele></trkpt>
   <trkpt lon="14.324147" lat="46.747962"><ele>474.75</ele></trkpt>
   <trkpt lon="14.322635" lat="46.747470"><ele>473.5</ele></trkpt>
   <trkpt lon="14.321586" lat="46.747139"><ele>473.5</ele></trkpt>
   <trkpt lon="14.321551" lat="46.747128"><ele>473.5</ele></trkpt>
   <trkpt lon="14.320835" lat="46.746902"><ele>474.5</ele></trkpt>
   <trkpt lon="14.319699" lat="46.746547"><ele>474.5</ele></trkpt>
   <trkpt lon="14.319616" lat="46.746520"><ele>474.75</ele></trkpt>
   <trkpt lon="14.319367" lat="46.746441"><ele>475.25</ele></trkpt>
   <trkpt lon="14.319247" lat="46.746403"><ele>475.5</ele></trkpt>
   <trkpt lon="14.317194" lat="46.745760"><ele>473.75</ele></trkpt>
   <trkpt lon="14.315804" lat="46.745324"><ele>473.75</ele></trkpt>
   <trkpt lon="14.312404" lat="46.744258"><ele>476.0</ele></trkpt>
   <trkpt lon="14.312015" lat="46.744136"><ele>476.5</ele></trkpt>
   <trkpt lon="14.311766" lat="46.744058"><ele>476.5</ele></trkpt>
   <trkpt lon="14.311739" lat="46.744049"><ele>476.5</ele></trkpt>
   <trkpt lon="14.311682" lat="46.744031"><ele>476.5</ele></trkpt>
   <trkpt lon="14.311598" lat="46.744005"><ele>476.5</ele></trkpt>
   <trkpt lon="14.310419" lat="46.743634"><ele>476.5</ele></trkpt>
   <trkpt lon="14.310257" lat="46.743583"><ele>476.5</ele></trkpt>
   <trkpt lon="14.310125" lat="46.743541"><ele>476.25</ele></trkpt>
   <trkpt lon="14.307717" lat="46.742780"><ele>476.5</ele></trkpt>
   <trkpt lon="14.307614" lat="46.742748"><ele>476.75</ele></trkpt>
   <trkpt lon="14.307522" lat="46.742719"><ele>476.75</ele></trkpt>
   <trkpt lon="14.304272" lat="46.741702"><ele>476.75</ele></trkpt>
   <trkpt lon="14.303622" lat="46.741499"><ele>477.5</ele></trkpt>
   <trkpt lon="14.303523" lat="46.741468"><ele>477.5</ele></trkpt>
   <trkpt lon="14.303380" lat="46.741423"><ele>477.5</ele></trkpt>
   <trkpt lon="14.302219" lat="46.741060"><ele>479.0</ele></trkpt>
   <trkpt lon="14.300206" lat="46.740417"><ele>480.25</ele></trkpt>
   <trkpt lon="14.299513" lat="46.740164"><ele>481.0</ele></trkpt>
   <trkpt lon="14.299230" lat="46.740045"><ele>481.75</ele></trkpt>
   <trkpt lon="14.298939" lat="46.739924"><ele>481.5</ele></trkpt>
   <trkpt lon="14.298844" lat="46.739884"><ele>481.5</ele></trkpt>
   <trkpt lon="14.298765" lat="46.739848"><ele>481.5</ele></trkpt>
   <trkpt lon="14.298580" lat="46.739764"><ele>481.25</ele></trkpt>
   <trkpt lon="14.298459" lat="46.739709"><ele>481.0</ele></trkpt>
   <trkpt lon="14.298119" lat="46.739554"><ele>480.5</ele></trkpt>
   <trkpt lon="14.297417" lat="46.739185"><ele>479.75</ele></trkpt>
   <trkpt lon="14.297268" lat="46.739093"><ele>479.75</ele></trkpt>
   <trkpt lon="14.296421" lat="46.738568"><ele>479.75</ele></trkpt>
   <trkpt lon="14.295754" lat="46.738134"><ele>479.5</ele></trkpt>
   <trkpt lon="14.295581" lat="46.738021"><ele>479.5</ele></trkpt>
   <trkpt lon="14.295451" lat="46.737937"><ele>479.5</ele></trkpt>
   <trkpt lon="14.295209" lat="46.737778"><ele>479.5</ele></trkpt>
   <trkpt lon="14.292384" lat="46.735923"><ele>483.0</ele></trkpt>
   <trkpt lon="14.292340" lat="46.735894"><ele>483.0</ele></trkpt>
   <trkpt lon="14.292044" lat="46.735702"><ele>482.75</ele></trkpt>
   <trkpt lon="14.291784" lat="46.735533"><ele>482.5</ele></trkpt>
   <trkpt lon="14.291365" lat="46.735265"><ele>482.25</ele></trkpt>
   <trkpt lon="14.291296" lat="46.735224"><ele>482.25</ele></trkpt>
   <trkpt lon="14.291157" lat="46.735140"><ele>482.25</ele></trkpt>
   <trkpt lon="14.290828" lat="46.734963"><ele>481.75</ele></trkpt>
   <trkpt lon="14.290439" lat="46.734795"><ele>482.0</ele></trkpt>
   <trkpt lon="14.290274" lat="46.734738"><ele>482.25</ele></trkpt>
   <trkpt lon="14.290010" lat="46.734646"><ele>482.5</ele></trkpt>
   <trkpt lon="14.289525" lat="46.734525"><ele>483.0</ele></trkpt>
   <trkpt lon="14.289053" lat="46.734434"><ele>483.5</ele></trkpt>
   <trkpt lon="14.288919" lat="46.734419"><ele>483.5</ele></trkpt>
   <trkpt lon="14.288823" lat="46.734408"><ele>483.75</ele></trkpt>
   <trkpt lon="14.288563" lat="46.734384"><ele>483.75</ele></trkpt>
   <trkpt lon="14.288178" lat="46.734368"><ele>483.75</ele></trkpt>
   <trkpt lon="14.288035" lat="46.734366"><ele>483.5</ele></trkpt>
   <trkpt lon="14.287328" lat="46.734400"><ele>483.0</ele></trkpt>
   <trkpt lon="14.286827" lat="46.734443"><ele>483.25</ele></trkpt>
   <trkpt lon="14.286617" lat="46.734470"><ele>483.25</ele></trkpt>
   <trkpt lon="14.286424" lat="46.734505"><ele>483.25</ele></trkpt>
   <trkpt lon="14.286117" lat="46.734550"><ele>483.25</ele></trkpt>
   <trkpt lon="14.284968" lat="46.734649"><ele>482.5</ele></trkpt>
   <trkpt lon="14.281355" lat="46.734978"><ele>481.25</ele></trkpt>
   <trkpt lon="14.281142" lat="46.734985"><ele>481.5</ele></trkpt>
   <trkpt lon="14.280640" lat="46.735002"><ele>482.0</ele></trkpt>
   <trkpt lon="14.280412" lat="46.735018"><ele>482.5</ele></trkpt>
   <trkpt lon="14.279033" lat="46.735141"><ele>484.5</ele></trkpt>
   <trkpt lon="14.278285" lat="46.735183"><ele>483.5</ele></trkpt>
   <trkpt lon="14.277939" lat="46.735194"><ele>482.75</ele></trkpt>
   <trkpt lon="14.277552" lat="46.735196"><ele>482.0</ele></trkpt>
   <trkpt lon="14.277037" lat="46.735183"><ele>482.25</ele></trkpt>
   <trkpt lon="14.276684" lat="46.735164"><ele>482.5</ele></trkpt>
   <trkpt lon="14.275907" lat="46.735108"><ele>482.75</ele></trkpt>
   <trkpt lon="14.275445" lat="46.735051"><ele>481.75</ele></trkpt>
   <trkpt lon="14.275336" lat="46.735038"><ele>481.5</ele></trkpt>
   <trkpt lon="14.275300" lat="46.735033"><ele>481.5</ele></trkpt>
   <trkpt lon="14.275233" lat="46.735024"><ele>481.25</ele></trkpt>
   <trkpt lon="14.274646" lat="46.734936"><ele>480.75</ele></trkpt>
   <trkpt lon="14.273375" lat="46.734665"><ele>481.5</ele></trkpt>
   <trkpt lon="14.272105" lat="46.734371"><ele>480.0</ele></trkpt>
   <trkpt lon="14.269778" lat="46.733832"><ele>481.0</ele></trkpt>
   <trkpt lon="14.269761" lat="46.733828"><ele>481.0</ele></trkpt>
   <trkpt lon="14.269709" lat="46.733816"><ele>481.0</ele></trkpt>
   <trkpt lon="14.269600" lat="46.733791"><ele>481.25</ele></trkpt>
   <trkpt lon="14.269570" lat="46.733784"><ele>481.25</ele></trkpt>
   <trkpt lon="14.266927" lat="46.733174"><ele>481.0</ele></trkpt>
   <trkpt lon="14.265901" lat="46.732937"><ele>482.25</ele></trkpt>
   <trkpt lon="14.264975" lat="46.732724"><ele>480.5</ele></trkpt>
   <trkpt lon="14.264794" lat="46.732682"><ele>480.75</ele></trkpt>
   <trkpt lon="14.264508" lat="46.732616"><ele>481.25</ele></trkpt>
   <trkpt lon="14.264444" lat="46.732601"><ele>481.25</ele></trkpt>
   <trkpt lon="14.261960" lat="46.732030"><ele>481.25</ele></trkpt>
   <trkpt lon="14.260111" lat="46.731604"><ele>482.0</ele></trkpt>
   <trkpt lon="14.260047" lat="46.731589"><ele>482.0</ele></trkpt>
   <trkpt lon="14.259958" lat="46.731569"><ele>482.0</ele></trkpt>
   <trkpt lon="14.257075" lat="46.730906"><ele>482.0</ele></trkpt>
   <trkpt lon="14.256948" lat="46.730878"><ele>482.0</ele></trkpt>
   <trkpt lon="14.256816" lat="46.730845"><ele>481.75</ele></trkpt>
   <trkpt lon="14.256203" lat="46.730702"><ele>482.75</ele></trkpt>
   <trkpt lon="14.255210" lat="46.730486"><ele>484.75</ele></trkpt>
   <trkpt lon="14.254565" lat="46.730384"><ele>485.75</ele></trkpt>
   <trkpt lon="14.254102" lat="46.730334"><ele>486.5</ele></trkpt>
   <trkpt lon="14.253252" lat="46.730296"><ele>488.25</ele></trkpt>
   <trkpt lon="14.252757" lat="46.730301"><ele>489.0</ele></trkpt>
   <trkpt lon="14.252652" lat="46.730302"><ele>489.0</ele></trkpt>
   <trkpt lon="14.252604" lat="46.730304"><ele>489.25</ele></trkpt>
   <trkpt lon="14.251214" lat="46.730359"><ele>490.0</ele></trkpt>
   <trkpt lon="14.248838" lat="46.730450"><ele>488.0</ele></trkpt>
   <trkpt lon="14.246783" lat="46.730522"><ele>490.75</ele></trkpt>
   <trkpt lon="14.245951" lat="46.730563"><ele>491.25</ele></trkpt>
   <trkpt lon="14.245209" lat="46.730576"><ele>492.0</ele></trkpt>
   <trkpt lon="14.244606" lat="46.730559"><ele>492.0</ele></trkpt>
   <trkpt lon="14.243861" lat="46.730524"><ele>492.25</ele></trkpt>
   <trkpt lon="14.243377" lat="46.730471"><ele>492.0</ele></trkpt>
   <trkpt lon="14.242796" lat="46.730407"><ele>493.25</ele></trkpt>
   <trkpt lon="14.241884" lat="46.730253"><ele>493.5</ele></trkpt>
   <trkpt lon="14.241188" lat="46.730102"><ele>492.5</ele></trkpt>
   <trkpt lon="14.240438" lat="46.729898"><ele>492.75</ele></trkpt>
   <trkpt lon="14.239730" lat="46.729686"><ele>494.75</ele></trkpt>
   <trkpt lon="14.238763" lat="46.729304"><ele>493.75</ele></trkpt>
   <trkpt lon="14.238551" lat="46.729212"><ele>493.25</ele></trkpt>
   <trkpt lon="14.238056" lat="46.728980"><ele>494.25</ele></trkpt>
   <trkpt lon="14.238030" lat="46.728967"><ele>494.25</ele></trkpt>
   <trkpt lon="14.237958" lat="46.728932"><ele>494.5</ele></trkpt>
   <trkpt lon="14.237895" lat="46.728901"><ele>494.5</ele></trkpt>
   <trkpt lon="14.236883" lat="46.728403"><ele>493.5</ele></trkpt>
   <trkpt lon="14.236311" lat="46.728119"><ele>494.25</ele></trkpt>
   <trkpt lon="14.236279" lat="46.728103"><ele>494.25</ele></trkpt>
   <trkpt lon="14.235625" lat="46.727774"><ele>493.75</ele></trkpt>
   <trkpt lon="14.234868" lat="46.727435"><ele>490.75</ele></trkpt>
   <trkpt lon="14.233866" lat="46.727056"><ele>489.5</ele></trkpt>
   <trkpt lon="14.232929" lat="46.726772"><ele>488.5</ele></trkpt>
   <trkpt lon="14.231783" lat="46.726489"><ele>490.75</ele></trkpt>
   <trkpt lon="14.231697" lat="46.726469"><ele>491.0</ele></trkpt>
   <trkpt lon="14.230128" lat="46.726076"><ele>492.0</ele></trkpt>
   <trkpt lon="14.227964" lat="46.725537"><ele>496.5</ele></trkpt>
   <trkpt lon="14.227065" lat="46.725322"><ele>495.5</ele></trkpt>
   <trkpt lon="14.226459" lat="46.725186"><ele>494.0</ele></trkpt>
   <trkpt lon="14.226247" lat="46.725141"><ele>493.5</ele></trkpt>
   <trkpt lon="14.226200" lat="46.725132"><ele>493.25</ele></trkpt>
   <trkpt lon="14.226134" lat="46.725118"><ele>493.0</ele></trkpt>
   <trkpt lon="14.226046" lat="46.725099"><ele>492.75</ele></trkpt>
   <trkpt lon="14.226001" lat="46.725090"><ele>492.75</ele></trkpt>
   <trkpt lon="14.225257" lat="46.724933"><ele>492.5</ele></trkpt>
   <trkpt lon="14.222111" lat="46.724291"><ele>494.0</ele></trkpt>
   <trkpt lon="14.221178" lat="46.724094"><ele>494.5</ele></trkpt>
   <trkpt lon="14.220442" lat="46.723947"><ele>497.0</ele></trkpt>
   <trkpt lon="14.220350" lat="46.723928"><ele>497.25</ele></trkpt>
   <trkpt lon="14.219935" lat="46.723845"><ele>498.0</ele></trkpt>
   <trkpt lon="14.218427" lat="46.723531"><ele>496.5</ele></trkpt>
   <trkpt lon="14.217740" lat="46.723378"><ele>494.5</ele></trkpt>
   <trkpt lon="14.216983" lat="46.723157"><ele>496.25</ele></trkpt>
   <trkpt lon="14.216429" lat="46.722940"><ele>497.25</ele></trkpt>
   <trkpt lon="14.215860" lat="46.722686"><ele>496.0</ele></trkpt>
   <trkpt lon="14.215631" lat="46.722557"><ele>496.0</ele></trkpt>
   <trkpt lon="14.215587" lat="46.722532"><ele>496.0</ele></trkpt>
   <trkpt lon="14.215417" lat="46.722436"><ele>496.75</ele></trkpt>
   <trkpt lon="14.215121" lat="46.722254"><ele>497.75</ele></trkpt>
   <trkpt lon="14.215000" lat="46.722172"><ele>498.0</ele></trkpt>
   <trkpt lon="14.214585" lat="46.721868"><ele>498.75</ele></trkpt>
   <trkpt lon="14.214301" lat="46.721629"><ele>498.5</ele></trkpt>
   <trkpt lon="14.213879" lat="46.721177"><ele>501.5</ele></trkpt>
   <trkpt lon="14.213723" lat="46.721010"><ele>502.0</ele></trkpt>
   <trkpt lon="14.212828" lat="46.719803"><ele>501.0</ele></trkpt>
   <trkpt lon="14.212182" lat="46.718883"><ele>501.5</ele></trkpt>
   <trkpt lon="14.211809" lat="46.718337"><ele>500.75</ele></trkpt>
   <trkpt lon="14.211314" lat="46.717593"><ele>499.75</ele></trkpt>
   <trkpt lon="14.210567" lat="46.716434"><ele>498.75</ele></trkpt>
   <trkpt lon="14.210421" lat="46.716206"><ele>499.0</ele></trkpt>
   <trkpt lon="14.210170" lat="46.715838"><ele>498.25</ele></trkpt>
   <trkpt lon="14.209651" lat="46.715105"><ele>494.5</ele></trkpt>
   <trkpt lon="14.209524" lat="46.714943"><ele>493.75</ele></trkpt>
   <trkpt lon="14.209410" lat="46.714813"><ele>493.75</ele></trkpt>
   <trkpt lon="14.209126" lat="46.714513"><ele>493.5</ele></trkpt>
   <trkpt lon="14.208846" lat="46.714248"><ele>493.5</ele></trkpt>
   <trkpt lon="14.208417" lat="46.713901"><ele>493.75</ele></trkpt>
   <trkpt lon="14.208189" lat="46.713745"><ele>493.75</ele></trkpt>
   <trkpt lon="14.207882" lat="46.713555"><ele>493.25</ele></trkpt>
   <trkpt lon="14.207563" lat="46.713371"><ele>493.0</ele></trkpt>
   <trkpt lon="14.207309" lat="46.713254"><ele>492.25</ele></trkpt>
   <trkpt lon="14.206878" lat="46.713054"><ele>491.25</ele></trkpt>
   <trkpt lon="14.206460" lat="46.712892"><ele>491.0</ele></trkpt>
   <trkpt lon="14.206007" lat="46.712742"><ele>491.0</ele></trkpt>
   <trkpt lon="14.205924" lat="46.712717"><ele>491.0</ele></trkpt>
   <trkpt lon="14.205309" lat="46.712560"><ele>492.25</ele></trkpt>
   <trkpt lon="14.204755" lat="46.712454"><ele>493.5</ele></trkpt>
   <trkpt lon="14.204271" lat="46.712385"><ele>494.75</ele></trkpt>
   <trkpt lon="14.204124" lat="46.712371"><ele>495.0</ele></trkpt>
   <trkpt lon="14.203568" lat="46.712328"><ele>494.5</ele></trkpt>
   <trkpt lon="14.203405" lat="46.712317"><ele>494.5</ele></trkpt>
   <trkpt lon="14.203239" lat="46.712308"><ele>494.5</ele></trkpt>
   <trkpt lon="14.202948" lat="46.712292"><ele>495.0</ele></trkpt>
   <trkpt lon="14.202220" lat="46.712284"><ele>496.0</ele></trkpt>
   <trkpt lon="14.201630" lat="46.712307"><ele>496.25</ele></trkpt>
   <trkpt lon="14.200975" lat="46.712374"><ele>496.5</ele></trkpt>
   <trkpt lon="14.200349" lat="46.712483"><ele>496.75</ele></trkpt>
   <trkpt lon="14.199730" lat="46.712624"><ele>497.0</ele></trkpt>
   <trkpt lon="14.199575" lat="46.712671"><ele>497.25</ele></trkpt>
   <trkpt lon="14.199106" lat="46.712811"><ele>497.25</ele></trkpt>
   <trkpt lon="14.198687" lat="46.712969"><ele>496.25</ele></trkpt>
   <trkpt lon="14.198269" lat="46.713146"><ele>495.0</ele></trkpt>
   <trkpt lon="14.197773" lat="46.713385"><ele>494.0</ele></trkpt>
   <trkpt lon="14.197427" lat="46.713587"><ele>494.75</ele></trkpt>
   <trkpt lon="14.197405" lat="46.713600"><ele>495.0</ele></trkpt>
   <trkpt lon="14.197284" lat="46.713674"><ele>495.5</ele></trkpt>
   <trkpt lon="14.196788" lat="46.714028"><ele>497.5</ele></trkpt>
   <trkpt lon="14.196478" lat="46.714286"><ele>498.25</ele></trkpt>
   <trkpt lon="14.196449" lat="46.714310"><ele>498.25</ele></trkpt>
   <trkpt lon="14.196437" lat="46.714319"><ele>498.25</ele></trkpt>
   <trkpt lon="14.196113" lat="46.714645"><ele>498.5</ele></trkpt>
   <trkpt lon="14.195962" lat="46.714826"><ele>498.25</ele></trkpt>
   <trkpt lon="14.195500" lat="46.715424"><ele>497.75</ele></trkpt>
   <trkpt lon="14.194850" lat="46.716318"><ele>496.75</ele></trkpt>
   <trkpt lon="14.194653" lat="46.716585"><ele>497.25</ele></trkpt>
   <trkpt lon="14.194245" lat="46.717036"><ele>499.0</ele></trkpt>
   <trkpt lon="14.194121" lat="46.717173"><ele>500.0</ele></trkpt>
   <trkpt lon="14.193903" lat="46.717366"><ele>501.75</ele></trkpt>
   <trkpt lon="14.193485" lat="46.717698"><ele>502.5</ele></trkpt>
   <trkpt lon="14.193307" lat="46.717822"><ele>503.0</ele></trkpt>
   <trkpt lon="14.193245" lat="46.717865"><ele>503.25</ele></trkpt>
   <trkpt lon="14.193059" lat="46.717994"><ele>504.0</ele></trkpt>
   <trkpt lon="14.191690" lat="46.718882"><ele>503.5</ele></trkpt>
   <trkpt lon="14.191624" lat="46.718923"><ele>503.5</ele></trkpt>
   <trkpt lon="14.190965" lat="46.719346"><ele>502.5</ele></trkpt>
   <trkpt lon="14.190528" lat="46.719673"><ele>502.5</ele></trkpt>
   <trkpt lon="14.190009" lat="46.720165"><ele>500.0</ele></trkpt>
   <trkpt lon="14.189659" lat="46.720580"><ele>501.5</ele></trkpt>
   <trkpt lon="14.189417" lat="46.720936"><ele>502.5</ele></trkpt>
   <trkpt lon="14.189373" lat="46.721001"><ele>503.0</ele></trkpt>
   <trkpt lon="14.189341" lat="46.721049"><ele>503.0</ele></trkpt>
   <trkpt lon="14.189308" lat="46.721097"><ele>503.5</ele></trkpt>
   <trkpt lon="14.189253" lat="46.721188"><ele>503.75</ele></trkpt>
   <trkpt lon="14.189014" lat="46.721588"><ele>508.5</ele></trkpt>
   <trkpt lon="14.188706" lat="46.722110"><ele>512.25</ele></trkpt>
   <trkpt lon="14.188533" lat="46.722371"><ele>513.0</ele></trkpt>
   <trkpt lon="14.188230" lat="46.722736"><ele>515.0</ele></trkpt>
   <trkpt lon="14.187958" lat="46.722965"><ele>517.75</ele></trkpt>
   <trkpt lon="14.187788" lat="46.723094"><ele>518.0</ele></trkpt>
   <trkpt lon="14.187538" lat="46.723256"><ele>517.25</ele></trkpt>
   <trkpt lon="14.187345" lat="46.723364"><ele>518.0</ele></trkpt>
   <trkpt lon="14.186941" lat="46.723546"><ele>522.5</ele></trkpt>
   <trkpt lon="14.186659" lat="46.723647"><ele>524.0</ele></trkpt>
   <trkpt lon="14.186371" lat="46.723737"><ele>522.5</ele></trkpt>
   <trkpt lon="14.185935" lat="46.723833"><ele>520.5</ele></trkpt>
   <trkpt lon="14.185618" lat="46.723875"><ele>519.0</ele></trkpt>
   <trkpt lon="14.185102" lat="46.723945"><ele>515.75</ele></trkpt>
   <trkpt lon="14.184847" lat="46.723975"><ele>515.25</ele></trkpt>
   <trkpt lon="14.183578" lat="46.724123"><ele>515.0</ele></trkpt>
   <trkpt lon="14.182677" lat="46.724229"><ele>514.75</ele></trkpt>
   <trkpt lon="14.182632" lat="46.724235"><ele>514.75</ele></trkpt>
   <trkpt lon="14.181190" lat="46.724405"><ele>520.75</ele></trkpt>
   <trkpt lon="14.181139" lat="46.724411"><ele>520.5</ele></trkpt>
   <trkpt lon="14.181037" lat="46.724423"><ele>520.25</ele></trkpt>
   <trkpt lon="14.177323" lat="46.724873"><ele>520.5</ele></trkpt>
   <trkpt lon="14.175404" lat="46.725098"><ele>518.5</ele></trkpt>
   <trkpt lon="14.175267" lat="46.725118"><ele>518.75</ele></trkpt>
   <trkpt lon="14.175147" lat="46.725136"><ele>518.75</ele></trkpt>
   <trkpt lon="14.174624" lat="46.725229"><ele>518.0</ele></trkpt>
   <trkpt lon="14.174170" lat="46.725337"><ele>516.0</ele></trkpt>
   <trkpt lon="14.173601" lat="46.725510"><ele>515.5</ele></trkpt>
   <trkpt lon="14.173069" lat="46.725709"><ele>516.75</ele></trkpt>
   <trkpt lon="14.172525" lat="46.725946"><ele>520.5</ele></trkpt>
   <trkpt lon="14.172085" lat="46.726154"><ele>522.5</ele></trkpt>
   <trkpt lon="14.171675" lat="46.726348"><ele>521.25</ele></trkpt>
   <trkpt lon="14.171117" lat="46.726632"><ele>521.75</ele></trkpt>
   <trkpt lon="14.170454" lat="46.726998"><ele>525.75</ele></trkpt>
   <trkpt lon="14.169939" lat="46.727305"><ele>523.75</ele></trkpt>
   <trkpt lon="14.169585" lat="46.727528"><ele>523.25</ele></trkpt>
   <trkpt lon="14.168948" lat="46.727969"><ele>522.25</ele></trkpt>
   <trkpt lon="14.168521" lat="46.728279"><ele>520.25</ele></trkpt>
   <trkpt lon="14.168023" lat="46.728680"><ele>522.75</ele></trkpt>
   <trkpt lon="14.167741" lat="46.728916"><ele>522.0</ele></trkpt>
   <trkpt lon="14.167657" lat="46.728990"><ele>521.25</ele></trkpt>
   <trkpt lon="14.167540" lat="46.729100"><ele>519.75</ele></trkpt>
   <trkpt lon="14.167519" lat="46.729120"><ele>519.5</ele></trkpt>
   <trkpt lon="14.167331" lat="46.729292"><ele>520.0</ele></trkpt>
   <trkpt lon="14.167303" lat="46.729319"><ele>520.0</ele></trkpt>
   <trkpt lon="14.167279" lat="46.729342"><ele>520.25</ele></trkpt>
   <trkpt lon="14.167066" lat="46.729546"><ele>520.25</ele></trkpt>
   <trkpt lon="14.166265" lat="46.730313"><ele>519.75</ele></trkpt>
   <trkpt lon="14.165992" lat="46.730560"><ele>518.5</ele></trkpt>
   <trkpt lon="14.165724" lat="46.730769"><ele>516.25</ele></trkpt>
   <trkpt lon="14.165449" lat="46.730951"><ele>517.75</ele></trkpt>
   <trkpt lon="14.165111" lat="46.731144"><ele>519.0</ele></trkpt>
   <trkpt lon="14.164803" lat="46.731281"><ele>519.25</ele></trkpt>
   <trkpt lon="14.164580" lat="46.731361"><ele>519.0</ele></trkpt>
   <trkpt lon="14.164258" lat="46.731471"><ele>517.25</ele></trkpt>
   <trkpt lon="14.164160" lat="46.731502"><ele>516.75</ele></trkpt>
   <trkpt lon="14.163999" lat="46.731557"><ele>517.25</ele></trkpt>
   <trkpt lon="14.162974" lat="46.731840"><ele>521.75</ele></trkpt>
   <trkpt lon="14.162251" lat="46.732059"><ele>526.0</ele></trkpt>
   <trkpt lon="14.162005" lat="46.732124"><ele>526.25</ele></trkpt>
   <trkpt lon="14.161900" lat="46.732148"><ele>526.25</ele></trkpt>
   <trkpt lon="14.161767" lat="46.732178"><ele>526.0</ele></trkpt>
   <trkpt lon="14.161504" lat="46.732238"><ele>526.0</ele></trkpt>
   <trkpt lon="14.160556" lat="46.732411"><ele>525.0</ele></trkpt>
   <trkpt lon="14.160079" lat="46.732500"><ele>523.5</ele></trkpt>
   <trkpt lon="14.159921" lat="46.732528"><ele>524.5</ele></trkpt>
   <trkpt lon="14.158901" lat="46.732711"><ele>529.25</ele></trkpt>
   <trkpt lon="14.157590" lat="46.732950"><ele>533.75</ele></trkpt>
   <trkpt lon="14.156906" lat="46.733069"><ele>532.75</ele></trkpt>
   <trkpt lon="14.156328" lat="46.733125"><ele>530.5</ele></trkpt>
   <trkpt lon="14.156118" lat="46.733134"><ele>529.75</ele></trkpt>
   <trkpt lon="14.155807" lat="46.733134"><ele>529.0</ele></trkpt>
   <trkpt lon="14.155533" lat="46.733121"><ele>529.5</ele></trkpt>
   <trkpt lon="14.155196" lat="46.733088"><ele>530.25</ele></trkpt>
   <trkpt lon="14.154882" lat="46.733045"><ele>530.75</ele></trkpt>
   <trkpt lon="14.154606" lat="46.732987"><ele>531.0</ele></trkpt>
   <trkpt lon="14.154338" lat="46.732916"><ele>530.0</ele></trkpt>
   <trkpt lon="14.154033" lat="46.732814"><ele>528.5</ele></trkpt>
   <trkpt lon="14.153603" lat="46.732640"><ele>525.75</ele></trkpt>
   <trkpt lon="14.152602" lat="46.732184"><ele>525.75</ele></trkpt>
   <trkpt lon="14.151745" lat="46.731794"><ele>527.25</ele></trkpt>
   <trkpt lon="14.151393" lat="46.731620"><ele>527.75</ele></trkpt>
   <trkpt lon="14.150634" lat="46.731184"><ele>527.25</ele></trkpt>
   <trkpt lon="14.150098" lat="46.730871"><ele>526.0</ele></trkpt>
   <trkpt lon="14.150008" lat="46.730812"><ele>525.75</ele></trkpt>
   <trkpt lon="14.149767" lat="46.730655"><ele>526.5</ele></trkpt>
   <trkpt lon="14.149654" lat="46.730565"><ele>526.75</ele></trkpt>
   <trkpt lon="14.149478" lat="46.730425"><ele>526.75</ele></trkpt>
   <trkpt lon="14.149108" lat="46.730045"><ele>524.75</ele></trkpt>
   <trkpt lon="14.148678" lat="46.729506"><ele>526.25</ele></trkpt>
   <trkpt lon="14.148447" lat="46.729233"><ele>525.25</ele></trkpt>
   <trkpt lon="14.148201" lat="46.728969"><ele>526.25</ele></trkpt>
   <trkpt lon="14.147783" lat="46.728612"><ele>527.5</ele></trkpt>
   <trkpt lon="14.147675" lat="46.728530"><ele>527.5</ele></trkpt>
   <trkpt lon="14.147528" lat="46.728421"><ele>527.25</ele></trkpt>
   <trkpt lon="14.147143" lat="46.728179"><ele>529.5</ele></trkpt>
   <trkpt lon="14.146725" lat="46.727956"><ele>531.25</ele></trkpt>
   <trkpt lon="14.146309" lat="46.727765"><ele>531.25</ele></trkpt>
   <trkpt lon="14.146128" lat="46.727695"><ele>530.5</ele></trkpt>
   <trkpt lon="14.145980" lat="46.727640"><ele>529.5</ele></trkpt>
   <trkpt lon="14.145911" lat="46.727618"><ele>529.0</ele></trkpt>
   <trkpt lon="14.145694" lat="46.727548"><ele>528.0</ele></trkpt>
   <trkpt lon="14.145606" lat="46.727520"><ele>527.75</ele></trkpt>
   <trkpt lon="14.145118" lat="46.727389"><ele>529.75</ele></trkpt>
   <trkpt lon="14.144888" lat="46.727328"><ele>531.0</ele></trkpt>
   <trkpt lon="14.144809" lat="46.727307"><ele>531.5</ele></trkpt>
   <trkpt lon="14.144267" lat="46.727169"><ele>534.75</ele></trkpt>
   <trkpt lon="14.144086" lat="46.727122"><ele>535.75</ele></trkpt>
   <trkpt lon="14.140549" lat="46.726220"><ele>541.75</ele></trkpt>
   <trkpt lon="14.140461" lat="46.726194"><ele>541.5</ele></trkpt>
   <trkpt lon="14.140151" lat="46.726101"><ele>540.0</ele></trkpt>
   <trkpt lon="14.139726" lat="46.725948"><ele>538.0</ele></trkpt>
   <trkpt lon="14.139579" lat="46.725872"><ele>537.0</ele></trkpt>
   <trkpt lon="14.139207" lat="46.725663"><ele>534.75</ele></trkpt>
   <trkpt lon="14.138969" lat="46.725499"><ele>534.75</ele></trkpt>
   <trkpt lon="14.138752" lat="46.725317"><ele>534.0</ele></trkpt>
   <trkpt lon="14.138548" lat="46.725104"><ele>532.75</ele></trkpt>
   <trkpt lon="14.138432" lat="46.724946"><ele>532.0</ele></trkpt>
   <trkpt lon="14.138315" lat="46.724771"><ele>531.5</ele></trkpt>
   <trkpt lon="14.138269" lat="46.724703"><ele>531.75</ele></trkpt>
   <trkpt lon="14.138106" lat="46.724340"><ele>532.5</ele></trkpt>
   <trkpt lon="14.137798" lat="46.723327"><ele>536.25</ele></trkpt>
   <trkpt lon="14.137627" lat="46.722812"><ele>534.0</ele></trkpt>
   <trkpt lon="14.137458" lat="46.722335"><ele>533.75</ele></trkpt>
   <trkpt lon="14.137368" lat="46.722150"><ele>533.5</ele></trkpt>
   <trkpt lon="14.137253" lat="46.721971"><ele>533.5</ele></trkpt>
   <trkpt lon="14.137125" lat="46.721799"><ele>533.25</ele></trkpt>
   <trkpt lon="14.136974" lat="46.721637"><ele>533.5</ele></trkpt>
   <trkpt lon="14.136734" lat="46.721406"><ele>535.25</ele></trkpt>
   <trkpt lon="14.136481" lat="46.721229"><ele>536.25</ele></trkpt>
   <trkpt lon="14.136408" lat="46.721180"><ele>536.75</ele></trkpt>
   <trkpt lon="14.136180" lat="46.721053"><ele>537.5</ele></trkpt>
   <trkpt lon="14.136067" lat="46.720993"><ele>537.75</ele></trkpt>
   <trkpt lon="14.135923" lat="46.720929"><ele>538.25</ele></trkpt>
   <trkpt lon="14.135739" lat="46.720847"><ele>538.5</ele></trkpt>
   <trkpt lon="14.135402" lat="46.720727"><ele>541.75</ele></trkpt>
   <trkpt lon="14.135074" lat="46.720643"><ele>543.25</ele></trkpt>
   <trkpt lon="14.134777" lat="46.720585"><ele>544.75</ele></trkpt>
   <trkpt lon="14.134442" lat="46.720546"><ele>545.75</ele></trkpt>
   <trkpt lon="14.134137" lat="46.720522"><ele>546.25</ele></trkpt>
   <trkpt lon="14.133887" lat="46.720514"><ele>546.5</ele></trkpt>
   <trkpt lon="14.133564" lat="46.720530"><ele>546.0</ele></trkpt>
   <trkpt lon="14.133192" lat="46.720559"><ele>545.5</ele></trkpt>
   <trkpt lon="14.132653" lat="46.720656"><ele>544.5</ele></trkpt>
   <trkpt lon="14.131737" lat="46.720867"><ele>543.0</ele></trkpt>
   <trkpt lon="14.131652" lat="46.720886"><ele>543.25</ele></trkpt>
   <trkpt lon="14.131581" lat="46.720902"><ele>543.5</ele></trkpt>
   <trkpt lon="14.131268" lat="46.720974"><ele>544.75</ele></trkpt>
   <trkpt lon="14.130706" lat="46.721104"><ele>545.75</ele></trkpt>
   <trkpt lon="14.130057" lat="46.721253"><ele>546.5</ele></trkpt>
   <trkpt lon="14.129981" lat="46.721270"><ele>546.75</ele></trkpt>
   <trkpt lon="14.128823" lat="46.721542"><ele>551.25</ele></trkpt>
   <trkpt lon="14.128363" lat="46.721686"><ele>549.5</ele></trkpt>
   <trkpt lon="14.128008" lat="46.721836"><ele>548.75</ele></trkpt>
   <trkpt lon="14.127760" lat="46.721952"><ele>548.0</ele></trkpt>
   <trkpt lon="14.126571" lat="46.722602"><ele>547.0</ele></trkpt>
   <trkpt lon="14.126388" lat="46.722685"><ele>547.75</ele></trkpt>
   <trkpt lon="14.126191" lat="46.722775"><ele>548.25</ele></trkpt>
   <trkpt lon="14.126124" lat="46.722805"><ele>548.25</ele></trkpt>
   <trkpt lon="14.126004" lat="46.722854"><ele>548.5</ele></trkpt>
   <trkpt lon="14.125767" lat="46.722942"><ele>548.75</ele></trkpt>
   <trkpt lon="14.125597" lat="46.723005"><ele>548.0</ele></trkpt>
   <trkpt lon="14.125244" lat="46.723099"><ele>547.0</ele></trkpt>
   <trkpt lon="14.125045" lat="46.723144"><ele>546.25</ele></trkpt>
   <trkpt lon="14.124625" lat="46.723217"><ele>546.25</ele></trkpt>
   <trkpt lon="14.124265" lat="46.723264"><ele>546.75</ele></trkpt>
   <trkpt lon="14.123875" lat="46.723295"><ele>548.0</ele></trkpt>
   <trkpt lon="14.123484" lat="46.723304"><ele>549.75</ele></trkpt>
   <trkpt lon="14.123100" lat="46.723291"><ele>550.75</ele></trkpt>
   <trkpt lon="14.122608" lat="46.723243"><ele>551.75</ele></trkpt>
   <trkpt lon="14.122462" lat="46.723220"><ele>552.0</ele></trkpt>
   <trkpt lon="14.121858" lat="46.723087"><ele>551.75</ele></trkpt>
   <trkpt lon="14.120936" lat="46.722802"><ele>554.0</ele></trkpt>
   <trkpt lon="14.118646" lat="46.722069"><ele>551.25</ele></trkpt>
   <trkpt lon="14.118153" lat="46.721903"><ele>549.5</ele></trkpt>
   <trkpt lon="14.117931" lat="46.721838"><ele>549.25</ele></trkpt>
   <trkpt lon="14.117835" lat="46.721803"><ele>549.0</ele></trkpt>
   <trkpt lon="14.117446" lat="46.721672"><ele>547.75</ele></trkpt>
   <trkpt lon="14.116547" lat="46.721327"><ele>554.75</ele></trkpt>
   <trkpt lon="14.116347" lat="46.721238"><ele>555.75</ele></trkpt>
   <trkpt lon="14.116236" lat="46.721188"><ele>556.0</ele></trkpt>
   <trkpt lon="14.115717" lat="46.720957"><ele>553.25</ele></trkpt>
   <trkpt lon="14.114386" lat="46.720295"><ele>560.5</ele></trkpt>
   <trkpt lon="14.112646" lat="46.719442"><ele>563.25</ele></trkpt>
   <trkpt lon="14.111966" lat="46.719158"><ele>553.25</ele></trkpt>
   <trkpt lon="14.111687" lat="46.719075"><ele>548.25</ele></trkpt>
   <trkpt lon="14.111356" lat="46.718996"><ele>547.5</ele></trkpt>
   <trkpt lon="14.111127" lat="46.718960"><ele>546.75</ele></trkpt>
   <trkpt lon="14.110788" lat="46.718927"><ele>545.0</ele></trkpt>
   <trkpt lon="14.110411" lat="46.718918"><ele>545.5</ele></trkpt>
   <trkpt lon="14.110238" lat="46.718918"><ele>545.75</ele></trkpt>
   <trkpt lon="14.110025" lat="46.718929"><ele>546.0</ele></trkpt>
   <trkpt lon="14.109783" lat="46.718952"><ele>546.5</ele></trkpt>
   <trkpt lon="14.109603" lat="46.718976"><ele>547.0</ele></trkpt>
   <trkpt lon="14.109374" lat="46.719016"><ele>547.25</ele></trkpt>
   <trkpt lon="14.109119" lat="46.719075"><ele>547.5</ele></trkpt>
   <trkpt lon="14.108899" lat="46.719134"><ele>547.75</ele></trkpt>
   <trkpt lon="14.108655" lat="46.719220"><ele>548.5</ele></trkpt>
   <trkpt lon="14.108505" lat="46.719276"><ele>549.0</ele></trkpt>
   <trkpt lon="14.108364" lat="46.719336"><ele>549.5</ele></trkpt>
   <trkpt lon="14.108297" lat="46.719364"><ele>549.75</ele></trkpt>
   <trkpt lon="14.108055" lat="46.719499"><ele>550.75</ele></trkpt>
   <trkpt lon="14.107597" lat="46.719789"><ele>551.0</ele></trkpt>
   <trkpt lon="14.106901" lat="46.720304"><ele>552.25</ele></trkpt>
   <trkpt lon="14.106478" lat="46.720607"><ele>551.25</ele></trkpt>
   <trkpt lon="14.106221" lat="46.720781"><ele>549.75</ele></trkpt>
   <trkpt lon="14.105807" lat="46.721026"><ele>549.25</ele></trkpt>
   <trkpt lon="14.105528" lat="46.721164"><ele>549.75</ele></trkpt>
   <trkpt lon="14.105146" lat="46.721325"><ele>549.5</ele></trkpt>
   <trkpt lon="14.104653" lat="46.721482"><ele>548.75</ele></trkpt>
   <trkpt lon="14.104496" lat="46.721522"><ele>548.5</ele></trkpt>
   <trkpt lon="14.104333" lat="46.721559"><ele>548.25</ele></trkpt>
   <trkpt lon="14.104029" lat="46.721607"><ele>547.5</ele></trkpt>
   <trkpt lon="14.103781" lat="46.721637"><ele>547.0</ele></trkpt>
   <trkpt lon="14.103590" lat="46.721656"><ele>546.5</ele></trkpt>
   <trkpt lon="14.103085" lat="46.721687"><ele>546.25</ele></trkpt>
   <trkpt lon="14.102732" lat="46.721699"><ele>546.75</ele></trkpt>
   <trkpt lon="14.102390" lat="46.721699"><ele>546.75</ele></trkpt>
   <trkpt lon="14.101796" lat="46.721668"><ele>546.0</ele></trkpt>
   <trkpt lon="14.096408" lat="46.721106"><ele>544.0</ele></trkpt>
   <trkpt lon="14.096276" lat="46.721093"><ele>544.0</ele></trkpt>
   <trkpt lon="14.095848" lat="46.721049"><ele>544.0</ele></trkpt>
   <trkpt lon="14.095716" lat="46.721039"><ele>543.5</ele></trkpt>
   <trkpt lon="14.095010" lat="46.721023"><ele>541.5</ele></trkpt>
   <trkpt lon="14.094689" lat="46.721005"><ele>540.25</ele></trkpt>
   <trkpt lon="14.094487" lat="46.720990"><ele>539.5</ele></trkpt>
   <trkpt lon="14.094423" lat="46.720984"><ele>539.5</ele></trkpt>
   <trkpt lon="14.094385" lat="46.720980"><ele>539.5</ele></trkpt>
   <trkpt lon="14.093493" lat="46.720886"><ele>539.75</ele></trkpt>
   <trkpt lon="14.093451" lat="46.720881"><ele>540.0</ele></trkpt>
   <trkpt lon="14.093269" lat="46.720863"><ele>540.25</ele></trkpt>
   <trkpt lon="14.093214" lat="46.720858"><ele>540.5</ele></trkpt>
   <trkpt lon="14.092623" lat="46.720801"><ele>543.0</ele></trkpt>
   <trkpt lon="14.091847" lat="46.720738"><ele>544.25</ele></trkpt>
   <trkpt lon="14.091775" lat="46.720733"><ele>544.25</ele></trkpt>
   <trkpt lon="14.090856" lat="46.720672"><ele>544.75</ele></trkpt>
   <trkpt lon="14.090493" lat="46.720651"><ele>544.75</ele></trkpt>
   <trkpt lon="14.089262" lat="46.720577"><ele>542.25</ele></trkpt>
   <trkpt lon="14.088967" lat="46.720560"><ele>541.5</ele></trkpt>
   <trkpt lon="14.085416" lat="46.720355"><ele>539.5</ele></trkpt>
   <trkpt lon="14.084882" lat="46.720316"><ele>540.5</ele></trkpt>
   <trkpt lon="14.084498" lat="46.720287"><ele>540.25</ele></trkpt>
   <trkpt lon="14.084348" lat="46.720279"><ele>540.0</ele></trkpt>
   <trkpt lon="14.083749" lat="46.720243"><ele>539.75</ele></trkpt>
   <trkpt lon="14.083290" lat="46.720200"><ele>539.5</ele></trkpt>
   <trkpt lon="14.082950" lat="46.720155"><ele>539.5</ele></trkpt>
   <trkpt lon="14.082405" lat="46.720057"><ele>539.0</ele></trkpt>
   <trkpt lon="14.082213" lat="46.720007"><ele>538.5</ele></trkpt>
   <trkpt lon="14.081762" lat="46.719888"><ele>537.5</ele></trkpt>
   <trkpt lon="14.081377" lat="46.719751"><ele>537.25</ele></trkpt>
   <trkpt lon="14.081075" lat="46.719630"><ele>537.25</ele></trkpt>
   <trkpt lon="14.080820" lat="46.719520"><ele>537.25</ele></trkpt>
   <trkpt lon="14.080548" lat="46.719381"><ele>537.5</ele></trkpt>
   <trkpt lon="14.080181" lat="46.719180"><ele>537.5</ele></trkpt>
   <trkpt lon="14.079739" lat="46.718909"><ele>537.75</ele></trkpt>
   <trkpt lon="14.079665" lat="46.718866"><ele>537.75</ele></trkpt>
   <trkpt lon="14.079367" lat="46.718674"><ele>538.0</ele></trkpt>
   <trkpt lon="14.079292" lat="46.718629"><ele>538.0</ele></trkpt>
   <trkpt lon="14.079150" lat="46.718544"><ele>538.0</ele></trkpt>
   <trkpt lon="14.079095" lat="46.718509"><ele>538.0</ele></trkpt>
   <trkpt lon="14.079057" lat="46.718485"><ele>537.75</ele></trkpt>
   <trkpt lon="14.079031" lat="46.718468"><ele>537.75</ele></trkpt>
   <trkpt lon="14.078981" lat="46.718436"><ele>537.75</ele></trkpt>
   <trkpt lon="14.078303" lat="46.718001"><ele>537.0</ele></trkpt>
   <trkpt lon="14.078077" lat="46.717856"><ele>536.5</ele></trkpt>
   <trkpt lon="14.077802" lat="46.717654"><ele>535.75</ele></trkpt>
   <trkpt lon="14.077530" lat="46.717419"><ele>534.75</ele></trkpt>
   <trkpt lon="14.077287" lat="46.717164"><ele>534.75</ele></trkpt>
   <trkpt lon="14.077080" lat="46.716918"><ele>535.0</ele></trkpt>
   <trkpt lon="14.076882" lat="46.716654"><ele>535.0</ele></trkpt>
   <trkpt lon="14.076849" lat="46.716597"><ele>535.0</ele></trkpt>
   <trkpt lon="14.076737" lat="46.716409"><ele>534.5</ele></trkpt>
   <trkpt lon="14.076705" lat="46.716355"><ele>534.25</ele></trkpt>
   <trkpt lon="14.076636" lat="46.716217"><ele>533.75</ele></trkpt>
   <trkpt lon="14.076552" lat="46.716036"><ele>533.25</ele></trkpt>
   <trkpt lon="14.076423" lat="46.715653"><ele>532.0</ele></trkpt>
   <trkpt lon="14.076378" lat="46.715453"><ele>531.5</ele></trkpt>
   <trkpt lon="14.076293" lat="46.714816"><ele>530.25</ele></trkpt>
   <trkpt lon="14.076213" lat="46.713927"><ele>530.5</ele></trkpt>
   <trkpt lon="14.076186" lat="46.713741"><ele>530.75</ele></trkpt>
   <trkpt lon="14.076165" lat="46.713599"><ele>530.75</ele></trkpt>
   <trkpt lon="14.076151" lat="46.713540"><ele>531.0</ele></trkpt>
   <trkpt lon="14.076142" lat="46.713502"><ele>531.0</ele></trkpt>
   <trkpt lon="14.076103" lat="46.713335"><ele>531.25</ele></trkpt>
   <trkpt lon="14.076026" lat="46.713083"><ele>530.0</ele></trkpt>
   <trkpt lon="14.075936" lat="46.712859"><ele>528.5</ele></trkpt>
   <trkpt lon="14.075832" lat="46.712628"><ele>527.0</ele></trkpt>
   <trkpt lon="14.075717" lat="46.712405"><ele>526.25</ele></trkpt>
   <trkpt lon="14.075557" lat="46.712144"><ele>526.75</ele></trkpt>
   <trkpt lon="14.075360" lat="46.711856"><ele>527.25</ele></trkpt>
   <trkpt lon="14.074441" lat="46.710614"><ele>528.0</ele></trkpt>
   <trkpt lon="14.074407" lat="46.710566"><ele>527.75</ele></trkpt>
   <trkpt lon="14.074374" lat="46.710520"><ele>527.75</ele></trkpt>
   <trkpt lon="14.074330" lat="46.710459"><ele>527.5</ele></trkpt>
   <trkpt lon="14.074253" lat="46.710351"><ele>527.0</ele></trkpt>
   <trkpt lon="14.074208" lat="46.710290"><ele>526.75</ele></trkpt>
   <trkpt lon="14.073906" lat="46.709871"><ele>525.75</ele></trkpt>
   <trkpt lon="14.073498" lat="46.709318"><ele>527.75</ele></trkpt>
   <trkpt lon="14.073432" lat="46.709230"><ele>528.25</ele></trkpt>
   <trkpt lon="14.073281" lat="46.709026"><ele>528.75</ele></trkpt>
   <trkpt lon="14.072990" lat="46.708631"><ele>530.25</ele></trkpt>
   <trkpt lon="14.071728" lat="46.706911"><ele>529.75</ele></trkpt>
   <trkpt lon="14.071700" lat="46.706873"><ele>529.25</ele></trkpt>
   <trkpt lon="14.071646" lat="46.706799"><ele>528.75</ele></trkpt>
   <trkpt lon="14.071594" lat="46.706732"><ele>528.75</ele></trkpt>
   <trkpt lon="14.071357" lat="46.706429"><ele>527.0</ele></trkpt>
   <trkpt lon="14.071022" lat="46.706064"><ele>525.5</ele></trkpt>
   <trkpt lon="14.070622" lat="46.705687"><ele>524.0</ele></trkpt>
   <trkpt lon="14.070178" lat="46.705334"><ele>522.75</ele></trkpt>
   <trkpt lon="14.069857" lat="46.705096"><ele>522.75</ele></trkpt>
   <trkpt lon="14.069699" lat="46.704980"><ele>522.5</ele></trkpt>
   <trkpt lon="14.069232" lat="46.704695"><ele>521.25</ele></trkpt>
   <trkpt lon="14.069108" lat="46.704626"><ele>521.0</ele></trkpt>
   <trkpt lon="14.068673" lat="46.704391"><ele>520.75</ele></trkpt>
   <trkpt lon="14.068411" lat="46.704257"><ele>520.5</ele></trkpt>
   <trkpt lon="14.068143" lat="46.704131"><ele>520.25</ele></trkpt>
   <trkpt lon="14.067639" lat="46.703911"><ele>520.5</ele></trkpt>
   <trkpt lon="14.067364" lat="46.703798"><ele>520.25</ele></trkpt>
   <trkpt lon="14.067084" lat="46.703703"><ele>520.0</ele></trkpt>
   <trkpt lon="14.066665" lat="46.703591"><ele>520.0</ele></trkpt>
   <trkpt lon="14.066186" lat="46.703509"><ele>519.5</ele></trkpt>
   <trkpt lon="14.065805" lat="46.703481"><ele>519.25</ele></trkpt>
   <trkpt lon="14.065196" lat="46.703477"><ele>519.25</ele></trkpt>
   <trkpt lon="14.065056" lat="46.703479"><ele>519.25</ele></trkpt>
   <trkpt lon="14.064552" lat="46.703493"><ele>519.5</ele></trkpt>
   <trkpt lon="14.064083" lat="46.703480"><ele>519.5</ele></trkpt>
   <trkpt lon="14.063616" lat="46.703437"><ele>519.5</ele></trkpt>
   <trkpt lon="14.063167" lat="46.703348"><ele>519.5</ele></trkpt>
   <trkpt lon="14.062740" lat="46.703234"><ele>520.5</ele></trkpt>
   <trkpt lon="14.062515" lat="46.703155"><ele>521.0</ele></trkpt>
   <trkpt lon="14.062433" lat="46.703119"><ele>521.0</ele></trkpt>
   <trkpt lon="14.062060" lat="46.702952"><ele>520.5</ele></trkpt>
   <trkpt lon="14.061716" lat="46.702741"><ele>519.5</ele></trkpt>
   <trkpt lon="14.061407" lat="46.702509"><ele>517.5</ele></trkpt>
   <trkpt lon="14.061084" lat="46.702205"><ele>516.75</ele></trkpt>
   <trkpt lon="14.061059" lat="46.702182"><ele>516.75</ele></trkpt>
   <trkpt lon="14.060570" lat="46.701717"><ele>516.25</ele></trkpt>
   <trkpt lon="14.060225" lat="46.701471"><ele>516.5</ele></trkpt>
   <trkpt lon="14.060027" lat="46.701352"><ele>516.75</ele></trkpt>
   <trkpt lon="14.059845" lat="46.701261"><ele>517.25</ele></trkpt>
   <trkpt lon="14.059808" lat="46.701244"><ele>517.25</ele></trkpt>
   <trkpt lon="14.059775" lat="46.701229"><ele>517.5</ele></trkpt>
   <trkpt lon="14.059678" lat="46.701185"><ele>517.5</ele></trkpt>
   <trkpt lon="14.059644" lat="46.701172"><ele>517.75</ele></trkpt>
   <trkpt lon="14.059606" lat="46.701157"><ele>517.75</ele></trkpt>
   <trkpt lon="14.059251" lat="46.701021"><ele>518.25</ele></trkpt>
   <trkpt lon="14.058823" lat="46.700919"><ele>518.75</ele></trkpt>
   <trkpt lon="14.058399" lat="46.700843"><ele>518.75</ele></trkpt>
   <trkpt lon="14.057961" lat="46.700804"><ele>518.25</ele></trkpt>
   <trkpt lon="14.057560" lat="46.700800"><ele>517.75</ele></trkpt>
   <trkpt lon="14.056947" lat="46.700830"><ele>517.25</ele></trkpt>
   <trkpt lon="14.056736" lat="46.700841"><ele>517.0</ele></trkpt>
   <trkpt lon="14.056644" lat="46.700845"><ele>517.0</ele></trkpt>
   <trkpt lon="14.056508" lat="46.700851"><ele>517.0</ele></trkpt>
   <trkpt lon="14.056419" lat="46.700855"><ele>517.25</ele></trkpt>
   <trkpt lon="14.055767" lat="46.700888"><ele>517.5</ele></trkpt>
   <trkpt lon="14.055485" lat="46.700892"><ele>518.25</ele></trkpt>
   <trkpt lon="14.055044" lat="46.700871"><ele>519.0</ele></trkpt>
   <trkpt lon="14.054709" lat="46.700829"><ele>518.75</ele></trkpt>
   <trkpt lon="14.054214" lat="46.700741"><ele>518.0</ele></trkpt>
   <trkpt lon="14.053082" lat="46.700488"><ele>518.75</ele></trkpt>
   <trkpt lon="14.051905" lat="46.700225"><ele>518.75</ele></trkpt>
   <trkpt lon="14.051701" lat="46.700180"><ele>518.25</ele></trkpt>
   <trkpt lon="14.050610" lat="46.699936"><ele>515.75</ele></trkpt>
   <trkpt lon="14.050123" lat="46.699827"><ele>515.25</ele></trkpt>
   <trkpt lon="14.050065" lat="46.699815"><ele>515.0</ele></trkpt>
   <trkpt lon="14.049894" lat="46.699776"><ele>515.25</ele></trkpt>
   <trkpt lon="14.049847" lat="46.699765"><ele>515.5</ele></trkpt>
   <trkpt lon="14.046517" lat="46.699015"><ele>513.0</ele></trkpt>
   <trkpt lon="14.045542" lat="46.698833"><ele>514.0</ele></trkpt>
   <trkpt lon="14.045441" lat="46.698814"><ele>514.5</ele></trkpt>
   <trkpt lon="14.045344" lat="46.698802"><ele>514.75</ele></trkpt>
   <trkpt lon="14.044187" lat="46.698655"><ele>518.0</ele></trkpt>
   <trkpt lon="14.043418" lat="46.698567"><ele>517.25</ele></trkpt>
   <trkpt lon="14.042793" lat="46.698493"><ele>514.75</ele></trkpt>
   <trkpt lon="14.042110" lat="46.698438"><ele>512.75</ele></trkpt>
   <trkpt lon="14.041763" lat="46.698428"><ele>512.25</ele></trkpt>
   <trkpt lon="14.041235" lat="46.698445"><ele>511.75</ele></trkpt>
   <trkpt lon="14.040309" lat="46.698542"><ele>510.0</ele></trkpt>
   <trkpt lon="14.040089" lat="46.698569"><ele>509.25</ele></trkpt>
   <trkpt lon="14.039218" lat="46.698673"><ele>508.5</ele></trkpt>
   <trkpt lon="14.038771" lat="46.698761"><ele>509.25</ele></trkpt>
   <trkpt lon="14.038217" lat="46.698911"><ele>510.0</ele></trkpt>
   <trkpt lon="14.037754" lat="46.699122"><ele>509.0</ele></trkpt>
   <trkpt lon="14.037020" lat="46.699528"><ele>510.25</ele></trkpt>
   <trkpt lon="14.036962" lat="46.699560"><ele>510.25</ele></trkpt>
   <trkpt lon="14.036907" lat="46.699593"><ele>510.5</ele></trkpt>
   <trkpt lon="14.036194" lat="46.700018"><ele>511.25</ele></trkpt>
   <trkpt lon="14.035463" lat="46.700393"><ele>512.25</ele></trkpt>
   <trkpt lon="14.034542" lat="46.700788"><ele>511.5</ele></trkpt>
   <trkpt lon="14.032826" lat="46.701325"><ele>511.5</ele></trkpt>
   <trkpt lon="14.032430" lat="46.701419"><ele>511.5</ele></trkpt>
   <trkpt lon="14.032344" lat="46.701439"><ele>511.5</ele></trkpt>
   <trkpt lon="14.032129" lat="46.701490"><ele>511.5</ele></trkpt>
   <trkpt lon="14.031646" lat="46.701576"><ele>511.25</ele></trkpt>
   <trkpt lon="14.031074" lat="46.701679"><ele>510.75</ele></trkpt>
   <trkpt lon="14.029926" lat="46.701869"><ele>513.5</ele></trkpt>
   <trkpt lon="14.029121" lat="46.702002"><ele>517.0</ele></trkpt>
   <trkpt lon="14.028269" lat="46.702122"><ele>515.5</ele></trkpt>
   <trkpt lon="14.027836" lat="46.702192"><ele>514.75</ele></trkpt>
   <trkpt lon="14.027303" lat="46.702228"><ele>514.0</ele></trkpt>
   <trkpt lon="14.026780" lat="46.702242"><ele>515.5</ele></trkpt>
   <trkpt lon="14.026263" lat="46.702201"><ele>515.75</ele></trkpt>
   <trkpt lon="14.026095" lat="46.702176"><ele>515.75</ele></trkpt>
   <trkpt lon="14.026028" lat="46.702166"><ele>515.5</ele></trkpt>
   <trkpt lon="14.025709" lat="46.702118"><ele>514.75</ele></trkpt>
   <trkpt lon="14.025153" lat="46.702019"><ele>511.75</ele></trkpt>
   <trkpt lon="14.025022" lat="46.701996"><ele>511.0</ele></trkpt>
   <trkpt lon="14.024931" lat="46.701975"><ele>510.75</ele></trkpt>
   <trkpt lon="14.024864" lat="46.701959"><ele>510.5</ele></trkpt>
   <trkpt lon="14.024406" lat="46.701851"><ele>509.25</ele></trkpt>
   <trkpt lon="14.024210" lat="46.701805"><ele>508.75</ele></trkpt>
   <trkpt lon="14.023725" lat="46.701674"><ele>509.0</ele></trkpt>
   <trkpt lon="14.021567" lat="46.701037"><ele>510.75</ele></trkpt>
   <trkpt lon="14.020540" lat="46.700720"><ele>510.0</ele></trkpt>
   <trkpt lon="14.020058" lat="46.700558"><ele>511.0</ele></trkpt>
   <trkpt lon="14.019673" lat="46.700428"><ele>511.25</ele></trkpt>
   <trkpt lon="14.019326" lat="46.700302"><ele>511.25</ele></trkpt>
   <trkpt lon="14.018526" lat="46.700004"><ele>509.25</ele></trkpt>
   <trkpt lon="14.018420" lat="46.699964"><ele>509.25</ele></trkpt>
   <trkpt lon="14.018283" lat="46.699912"><ele>509.25</ele></trkpt>
   <trkpt lon="14.017515" lat="46.699621"><ele>509.75</ele></trkpt>
   <trkpt lon="14.017101" lat="46.699454"><ele>509.5</ele></trkpt>
   <trkpt lon="14.016908" lat="46.699380"><ele>509.25</ele></trkpt>
   <trkpt lon="14.016487" lat="46.699251"><ele>509.5</ele></trkpt>
   <trkpt lon="14.016257" lat="46.699170"><ele>509.75</ele></trkpt>
   <trkpt lon="14.015403" lat="46.698824"><ele>511.0</ele></trkpt>
   <trkpt lon="14.014342" lat="46.698365"><ele>510.0</ele></trkpt>
   <trkpt lon="14.013817" lat="46.698123"><ele>509.25</ele></trkpt>
   <trkpt lon="14.013760" lat="46.698096"><ele>509.25</ele></trkpt>
   <trkpt lon="14.011831" lat="46.697167"><ele>510.0</ele></trkpt>
   <trkpt lon="14.010557" lat="46.696574"><ele>510.25</ele></trkpt>
   <trkpt lon="14.010231" lat="46.696439"><ele>510.25</ele></trkpt>
   <trkpt lon="14.009932" lat="46.696335"><ele>509.75</ele></trkpt>
   <trkpt lon="14.009598" lat="46.696233"><ele>509.5</ele></trkpt>
   <trkpt lon="14.009279" lat="46.696148"><ele>509.5</ele></trkpt>
   <trkpt lon="14.009086" lat="46.696105"><ele>509.75</ele></trkpt>
   <trkpt lon="14.008453" lat="46.695986"><ele>509.75</ele></trkpt>
   <trkpt lon="14.008035" lat="46.695949"><ele>509.0</ele></trkpt>
   <trkpt lon="14.007980" lat="46.695947"><ele>509.0</ele></trkpt>
   <trkpt lon="14.007891" lat="46.695947"><ele>508.75</ele></trkpt>
   <trkpt lon="14.007290" lat="46.695958"><ele>507.25</ele></trkpt>
   <trkpt lon="14.006817" lat="46.696004"><ele>506.25</ele></trkpt>
   <trkpt lon="14.006735" lat="46.696012"><ele>506.0</ele></trkpt>
   <trkpt lon="14.005488" lat="46.696156"><ele>505.5</ele></trkpt>
   <trkpt lon="14.004878" lat="46.696207"><ele>507.25</ele></trkpt>
   <trkpt lon="14.004269" lat="46.696200"><ele>507.75</ele></trkpt>
   <trkpt lon="14.004086" lat="46.696199"><ele>507.75</ele></trkpt>
   <trkpt lon="14.003650" lat="46.696173"><ele>507.0</ele></trkpt>
   <trkpt lon="14.003009" lat="46.696098"><ele>507.0</ele></trkpt>
   <trkpt lon="14.002910" lat="46.696083"><ele>507.25</ele></trkpt>
   <trkpt lon="14.002840" lat="46.696072"><ele>507.25</ele></trkpt>
   <trkpt lon="14.002327" lat="46.695994"><ele>508.25</ele></trkpt>
   <trkpt lon="14.001237" lat="46.695793"><ele>509.25</ele></trkpt>
   <trkpt lon="13.998766" lat="46.695348"><ele>510.5</ele></trkpt>
   <trkpt lon="13.998357" lat="46.695276"><ele>510.5</ele></trkpt>
   <trkpt lon="13.998218" lat="46.695252"><ele>510.25</ele></trkpt>
   <trkpt lon="13.998179" lat="46.695245"><ele>510.25</ele></trkpt>
   <trkpt lon="13.998107" lat="46.695231"><ele>510.0</ele></trkpt>
   <trkpt lon="13.998045" lat="46.695220"><ele>510.0</ele></trkpt>
   <trkpt lon="13.996401" lat="46.694928"><ele>510.0</ele></trkpt>
   <trkpt lon="13.994600" lat="46.694597"><ele>509.75</ele></trkpt>
   <trkpt lon="13.992282" lat="46.694181"><ele>510.5</ele></trkpt>
   <trkpt lon="13.991729" lat="46.694062"><ele>508.5</ele></trkpt>
   <trkpt lon="13.991235" lat="46.693937"><ele>508.0</ele></trkpt>
   <trkpt lon="13.990767" lat="46.693771"><ele>507.25</ele></trkpt>
   <trkpt lon="13.990677" lat="46.693741"><ele>507.25</ele></trkpt>
   <trkpt lon="13.990482" lat="46.693657"><ele>506.5</ele></trkpt>
   <trkpt lon="13.990329" lat="46.693580"><ele>506.25</ele></trkpt>
   <trkpt lon="13.989871" lat="46.693335"><ele>505.75</ele></trkpt>
   <trkpt lon="13.988982" lat="46.692801"><ele>509.0</ele></trkpt>
   <trkpt lon="13.985191" lat="46.690522"><ele>507.5</ele></trkpt>
   <trkpt lon="13.985118" lat="46.690478"><ele>507.5</ele></trkpt>
   <trkpt lon="13.982984" lat="46.689197"><ele>509.0</ele></trkpt>
   <trkpt lon="13.982901" lat="46.689152"><ele>508.75</ele></trkpt>
   <trkpt lon="13.982829" lat="46.689109"><ele>508.5</ele></trkpt>
   <trkpt lon="13.982061" lat="46.688647"><ele>506.75</ele></trkpt>
   <trkpt lon="13.981088" lat="46.688061"><ele>505.5</ele></trkpt>
   <trkpt lon="13.979687" lat="46.687207"><ele>504.75</ele></trkpt>
   <trkpt lon="13.979604" lat="46.687162"><ele>505.0</ele></trkpt>
   <trkpt lon="13.979584" lat="46.687150"><ele>505.0</ele></trkpt>
   <trkpt lon="13.979247" lat="46.686944"><ele>505.75</ele></trkpt>
   <trkpt lon="13.979192" lat="46.686913"><ele>505.75</ele></trkpt>
   <trkpt lon="13.978795" lat="46.686678"><ele>505.5</ele></trkpt>
   <trkpt lon="13.978438" lat="46.686447"><ele>505.25</ele></trkpt>
   <trkpt lon="13.977950" lat="46.686103"><ele>506.5</ele></trkpt>
   <trkpt lon="13.977564" lat="46.685782"><ele>507.5</ele></trkpt>
   <trkpt lon="13.977213" lat="46.685449"><ele>506.75</ele></trkpt>
   <trkpt lon="13.976068" lat="46.684318"><ele>506.5</ele></trkpt>
   <trkpt lon="13.975110" lat="46.683407"><ele>507.5</ele></trkpt>
   <trkpt lon="13.974270" lat="46.682631"><ele>507.25</ele></trkpt>
   <trkpt lon="13.973221" lat="46.681677"><ele>507.25</ele></trkpt>
   <trkpt lon="13.972848" lat="46.681349"><ele>507.25</ele></trkpt>
   <trkpt lon="13.972650" lat="46.681175"><ele>507.0</ele></trkpt>
   <trkpt lon="13.972343" lat="46.680924"><ele>507.0</ele></trkpt>
   <trkpt lon="13.972024" lat="46.680643"><ele>507.0</ele></trkpt>
   <trkpt lon="13.972007" lat="46.680627"><ele>507.0</ele></trkpt>
   <trkpt lon="13.971270" lat="46.679999"><ele>506.75</ele></trkpt>
   <trkpt lon="13.971017" lat="46.679812"><ele>507.0</ele></trkpt>
   <trkpt lon="13.970910" lat="46.679731"><ele>507.0</ele></trkpt>
   <trkpt lon="13.970401" lat="46.679396"><ele>506.5</ele></trkpt>
   <trkpt lon="13.969877" lat="46.679120"><ele>506.25</ele></trkpt>
   <trkpt lon="13.969580" lat="46.678983"><ele>507.0</ele></trkpt>
   <trkpt lon="13.968855" lat="46.678694"><ele>508.0</ele></trkpt>
   <trkpt lon="13.968349" lat="46.678543"><ele>508.5</ele></trkpt>
   <trkpt lon="13.968190" lat="46.678504"><ele>508.75</ele></trkpt>
   <trkpt lon="13.968006" lat="46.678459"><ele>508.75</ele></trkpt>
   <trkpt lon="13.967713" lat="46.678388"><ele>508.75</ele></trkpt>
   <trkpt lon="13.966867" lat="46.678217"><ele>508.5</ele></trkpt>
   <trkpt lon="13.966390" lat="46.678120"><ele>508.25</ele></trkpt>
   <trkpt lon="13.965785" lat="46.677997"><ele>508.25</ele></trkpt>
   <trkpt lon="13.965360" lat="46.677884"><ele>509.0</ele></trkpt>
   <trkpt lon="13.965143" lat="46.677827"><ele>509.5</ele></trkpt>
   <trkpt lon="13.964534" lat="46.677608"><ele>511.0</ele></trkpt>
   <trkpt lon="13.963961" lat="46.677368"><ele>511.5</ele></trkpt>
   <trkpt lon="13.963898" lat="46.677333"><ele>511.25</ele></trkpt>
   <trkpt lon="13.963829" lat="46.677296"><ele>511.0</ele></trkpt>
   <trkpt lon="13.963205" lat="46.676954"><ele>509.25</ele></trkpt>
   <trkpt lon="13.963126" lat="46.676902"><ele>509.0</ele></trkpt>
   <trkpt lon="13.962445" lat="46.676437"><ele>507.0</ele></trkpt>
   <trkpt lon="13.962406" lat="46.676411"><ele>507.0</ele></trkpt>
   <trkpt lon="13.961662" lat="46.675919"><ele>505.25</ele></trkpt>
   <trkpt lon="13.961106" lat="46.675543"><ele>507.0</ele></trkpt>
   <trkpt lon="13.959896" lat="46.674731"><ele>507.5</ele></trkpt>
   <trkpt lon="13.959489" lat="46.674450"><ele>507.0</ele></trkpt>
   <trkpt lon="13.959443" lat="46.674418"><ele>507.0</ele></trkpt>
   <trkpt lon="13.959354" lat="46.674371"><ele>506.75</ele></trkpt>
   <trkpt lon="13.958943" lat="46.674084"><ele>507.5</ele></trkpt>
   <trkpt lon="13.958730" lat="46.673942"><ele>508.25</ele></trkpt>
   <trkpt lon="13.958319" lat="46.673674"><ele>508.25</ele></trkpt>
   <trkpt lon="13.958168" lat="46.673575"><ele>509.0</ele></trkpt>
   <trkpt lon="13.957608" lat="46.673262"><ele>506.75</ele></trkpt>
   <trkpt lon="13.957057" lat="46.672984"><ele>507.0</ele></trkpt>
   <trkpt lon="13.956395" lat="46.672692"><ele>504.75</ele></trkpt>
   <trkpt lon="13.954924" lat="46.672164"><ele>509.75</ele></trkpt>
   <trkpt lon="13.953671" lat="46.671734"><ele>510.5</ele></trkpt>
   <trkpt lon="13.953143" lat="46.671576"><ele>509.75</ele></trkpt>
   <trkpt lon="13.952666" lat="46.671451"><ele>509.0</ele></trkpt>
   <trkpt lon="13.951876" lat="46.671263"><ele>509.25</ele></trkpt>
   <trkpt lon="13.951559" lat="46.671189"><ele>509.5</ele></trkpt>
   <trkpt lon="13.950830" lat="46.671020"><ele>509.75</ele></trkpt>
   <trkpt lon="13.950750" lat="46.671001"><ele>509.5</ele></trkpt>
   <trkpt lon="13.950687" lat="46.670986"><ele>509.5</ele></trkpt>
   <trkpt lon="13.950632" lat="46.670972"><ele>509.25</ele></trkpt>
   <trkpt lon="13.950270" lat="46.670881"><ele>508.25</ele></trkpt>
   <trkpt lon="13.948884" lat="46.670445"><ele>505.75</ele></trkpt>
   <trkpt lon="13.947915" lat="46.670122"><ele>504.5</ele></trkpt>
   <trkpt lon="13.947607" lat="46.670017"><ele>505.25</ele></trkpt>
   <trkpt lon="13.947546" lat="46.669996"><ele>505.5</ele></trkpt>
   <trkpt lon="13.947505" lat="46.669982"><ele>505.75</ele></trkpt>
   <trkpt lon="13.947414" lat="46.669951"><ele>505.75</ele></trkpt>
   <trkpt lon="13.946537" lat="46.669655"><ele>505.5</ele></trkpt>
   <trkpt lon="13.945872" lat="46.669460"><ele>503.75</ele></trkpt>
   <trkpt lon="13.945096" lat="46.669299"><ele>506.0</ele></trkpt>
   <trkpt lon="13.942606" lat="46.668934"><ele>508.0</ele></trkpt>
   <trkpt lon="13.942521" lat="46.668922"><ele>508.0</ele></trkpt>
   <trkpt lon="13.941998" lat="46.668846"><ele>510.25</ele></trkpt>
   <trkpt lon="13.941470" lat="46.668750"><ele>511.25</ele></trkpt>
   <trkpt lon="13.941261" lat="46.668693"><ele>511.5</ele></trkpt>
   <trkpt lon="13.940944" lat="46.668606"><ele>512.25</ele></trkpt>
   <trkpt lon="13.940663" lat="46.668502"><ele>512.5</ele></trkpt>
   <trkpt lon="13.940297" lat="46.668368"><ele>512.0</ele></trkpt>
   <trkpt lon="13.939849" lat="46.668231"><ele>511.75</ele></trkpt>
   <trkpt lon="13.939563" lat="46.668164"><ele>511.75</ele></trkpt>
   <trkpt lon="13.939416" lat="46.668139"><ele>511.75</ele></trkpt>
   <trkpt lon="13.939052" lat="46.668087"><ele>512.0</ele></trkpt>
   <trkpt lon="13.938798" lat="46.668068"><ele>512.25</ele></trkpt>
   <trkpt lon="13.938500" lat="46.668056"><ele>513.0</ele></trkpt>
   <trkpt lon="13.937864" lat="46.668067"><ele>514.25</ele></trkpt>
   <trkpt lon="13.937542" lat="46.668072"><ele>514.75</ele></trkpt>
   <trkpt lon="13.937463" lat="46.668071"><ele>515.0</ele></trkpt>
   <trkpt lon="13.937080" lat="46.668060"><ele>517.0</ele></trkpt>
   <trkpt lon="13.936838" lat="46.668042"><ele>518.0</ele></trkpt>
   <trkpt lon="13.936565" lat="46.668006"><ele>518.5</ele></trkpt>
   <trkpt lon="13.936450" lat="46.667986"><ele>518.5</ele></trkpt>
   <trkpt lon="13.936308" lat="46.667956"><ele>518.25</ele></trkpt>
   <trkpt lon="13.935452" lat="46.667722"><ele>516.0</ele></trkpt>
   <trkpt lon="13.935110" lat="46.667622"><ele>514.75</ele></trkpt>
   <trkpt lon="13.934884" lat="46.667556"><ele>513.5</ele></trkpt>
   <trkpt lon="13.934347" lat="46.667419"><ele>514.5</ele></trkpt>
   <trkpt lon="13.933919" lat="46.667340"><ele>515.0</ele></trkpt>
   <trkpt lon="13.933619" lat="46.667299"><ele>515.0</ele></trkpt>
   <trkpt lon="13.931906" lat="46.667106"><ele>515.75</ele></trkpt>
   <trkpt lon="13.931686" lat="46.667077"><ele>515.25</ele></trkpt>
   <trkpt lon="13.931265" lat="46.667001"><ele>515.25</ele></trkpt>
   <trkpt lon="13.930901" lat="46.666912"><ele>514.25</ele></trkpt>
   <trkpt lon="13.930627" lat="46.666833"><ele>513.0</ele></trkpt>
   <trkpt lon="13.930029" lat="46.666644"><ele>509.5</ele></trkpt>
   <trkpt lon="13.929662" lat="46.666541"><ele>510.75</ele></trkpt>
   <trkpt lon="13.929105" lat="46.666420"><ele>513.0</ele></trkpt>
   <trkpt lon="13.928652" lat="46.666330"><ele>513.25</ele></trkpt>
   <trkpt lon="13.928598" lat="46.666320"><ele>513.25</ele></trkpt>
   <trkpt lon="13.928220" lat="46.666248"><ele>513.25</ele></trkpt>
   <trkpt lon="13.927777" lat="46.666136"><ele>512.5</ele></trkpt>
   <trkpt lon="13.927579" lat="46.666076"><ele>512.0</ele></trkpt>
   <trkpt lon="13.927324" lat="46.665983"><ele>511.0</ele></trkpt>
   <trkpt lon="13.927095" lat="46.665891"><ele>509.75</ele></trkpt>
   <trkpt lon="13.926822" lat="46.665746"><ele>509.0</ele></trkpt>
   <trkpt lon="13.926498" lat="46.665549"><ele>509.5</ele></trkpt>
   <trkpt lon="13.925949" lat="46.665151"><ele>510.75</ele></trkpt>
   <trkpt lon="13.925539" lat="46.664855"><ele>511.25</ele></trkpt>
   <trkpt lon="13.925366" lat="46.664729"><ele>511.0</ele></trkpt>
   <trkpt lon="13.925327" lat="46.664701"><ele>510.75</ele></trkpt>
   <trkpt lon="13.924854" lat="46.664359"><ele>509.0</ele></trkpt>
   <trkpt lon="13.924480" lat="46.664108"><ele>507.5</ele></trkpt>
   <trkpt lon="13.923822" lat="46.663604"><ele>505.25</ele></trkpt>
   <trkpt lon="13.923308" lat="46.663246"><ele>508.0</ele></trkpt>
   <trkpt lon="13.923073" lat="46.663110"><ele>507.0</ele></trkpt>
   <trkpt lon="13.922889" lat="46.663019"><ele>506.5</ele></trkpt>
   <trkpt lon="13.922675" lat="46.662924"><ele>505.5</ele></trkpt>
   <trkpt lon="13.922386" lat="46.662816"><ele>505.0</ele></trkpt>
   <trkpt lon="13.922191" lat="46.662753"><ele>505.25</ele></trkpt>
   <trkpt lon="13.921995" lat="46.662700"><ele>506.0</ele></trkpt>
   <trkpt lon="13.921553" lat="46.662615"><ele>507.75</ele></trkpt>
   <trkpt lon="13.921397" lat="46.662597"><ele>507.25</ele></trkpt>
   <trkpt lon="13.921349" lat="46.662593"><ele>507.0</ele></trkpt>
   <trkpt lon="13.920789" lat="46.662539"><ele>505.5</ele></trkpt>
   <trkpt lon="13.920594" lat="46.662534"><ele>505.25</ele></trkpt>
   <trkpt lon="13.920303" lat="46.662536"><ele>505.25</ele></trkpt>
   <trkpt lon="13.919970" lat="46.662560"><ele>505.5</ele></trkpt>
   <trkpt lon="13.919582" lat="46.662604"><ele>505.75</ele></trkpt>
   <trkpt lon="13.917609" lat="46.662802"><ele>505.75</ele></trkpt>
   <trkpt lon="13.917211" lat="46.662832"><ele>505.25</ele></trkpt>
   <trkpt lon="13.916909" lat="46.662846"><ele>504.75</ele></trkpt>
   <trkpt lon="13.916477" lat="46.662844"><ele>505.5</ele></trkpt>
   <trkpt lon="13.916130" lat="46.662834"><ele>507.5</ele></trkpt>
   <trkpt lon="13.915851" lat="46.662811"><ele>509.0</ele></trkpt>
   <trkpt lon="13.915557" lat="46.662782"><ele>509.75</ele></trkpt>
   <trkpt lon="13.915325" lat="46.662748"><ele>510.25</ele></trkpt>
   <trkpt lon="13.914753" lat="46.662638"><ele>510.5</ele></trkpt>
   <trkpt lon="13.914385" lat="46.662546"><ele>510.5</ele></trkpt>
   <trkpt lon="13.913759" lat="46.662340"><ele>509.75</ele></trkpt>
   <trkpt lon="13.913123" lat="46.662099"><ele>509.0</ele></trkpt>
   <trkpt lon="13.912972" lat="46.662042"><ele>509.0</ele></trkpt>
   <trkpt lon="13.912623" lat="46.661900"><ele>508.5</ele></trkpt>
   <trkpt lon="13.912306" lat="46.661795"><ele>509.0</ele></trkpt>
   <trkpt lon="13.912122" lat="46.661743"><ele>509.75</ele></trkpt>
   <trkpt lon="13.911807" lat="46.661635"><ele>511.0</ele></trkpt>
   <trkpt lon="13.910775" lat="46.661235"><ele>516.25</ele></trkpt>
   <trkpt lon="13.910372" lat="46.661092"><ele>514.5</ele></trkpt>
   <trkpt lon="13.910052" lat="46.660988"><ele>512.5</ele></trkpt>
   <trkpt lon="13.909785" lat="46.660902"><ele>511.75</ele></trkpt>
   <trkpt lon="13.909164" lat="46.660746"><ele>513.25</ele></trkpt>
   <trkpt lon="13.909079" lat="46.660725"><ele>513.0</ele></trkpt>
   <trkpt lon="13.909003" lat="46.660710"><ele>513.0</ele></trkpt>
   <trkpt lon="13.908915" lat="46.660693"><ele>513.0</ele></trkpt>
   <trkpt lon="13.908749" lat="46.660660"><ele>512.75</ele></trkpt>
   <trkpt lon="13.908354" lat="46.660586"><ele>512.25</ele></trkpt>
   <trkpt lon="13.907995" lat="46.660530"><ele>512.5</ele></trkpt>
   <trkpt lon="13.906742" lat="46.660344"><ele>510.75</ele></trkpt>
   <trkpt lon="13.906140" lat="46.660231"><ele>508.75</ele></trkpt>
   <trkpt lon="13.905760" lat="46.660147"><ele>507.25</ele></trkpt>
   <trkpt lon="13.905337" lat="46.660027"><ele>506.5</ele></trkpt>
   <trkpt lon="13.905043" lat="46.659930"><ele>507.0</ele></trkpt>
   <trkpt lon="13.904666" lat="46.659796"><ele>508.75</ele></trkpt>
   <trkpt lon="13.904255" lat="46.659628"><ele>511.25</ele></trkpt>
   <trkpt lon="13.903996" lat="46.659505"><ele>511.5</ele></trkpt>
   <trkpt lon="13.903499" lat="46.659284"><ele>510.0</ele></trkpt>
   <trkpt lon="13.903486" lat="46.659277"><ele>510.0</ele></trkpt>
   <trkpt lon="13.903476" lat="46.659273"><ele>510.0</ele></trkpt>
   <trkpt lon="13.903437" lat="46.659252"><ele>509.75</ele></trkpt>
   <trkpt lon="13.903417" lat="46.659242"><ele>509.75</ele></trkpt>
   <trkpt lon="13.903326" lat="46.659201"><ele>509.25</ele></trkpt>
   <trkpt lon="13.903054" lat="46.659066"><ele>509.0</ele></trkpt>
   <trkpt lon="13.902709" lat="46.658921"><ele>509.0</ele></trkpt>
   <trkpt lon="13.902324" lat="46.658776"><ele>508.75</ele></trkpt>
   <trkpt lon="13.902189" lat="46.658738"><ele>508.75</ele></trkpt>
   <trkpt lon="13.902033" lat="46.658694"><ele>508.75</ele></trkpt>
   <trkpt lon="13.901725" lat="46.658624"><ele>508.75</ele></trkpt>
   <trkpt lon="13.901501" lat="46.658587"><ele>508.75</ele></trkpt>
   <trkpt lon="13.901254" lat="46.658562"><ele>508.75</ele></trkpt>
   <trkpt lon="13.901005" lat="46.658546"><ele>509.0</ele></trkpt>
   <trkpt lon="13.900526" lat="46.658551"><ele>509.0</ele></trkpt>
   <trkpt lon="13.900293" lat="46.658565"><ele>509.25</ele></trkpt>
   <trkpt lon="13.899485" lat="46.658664"><ele>510.75</ele></trkpt>
   <trkpt lon="13.898515" lat="46.658804"><ele>513.5</ele></trkpt>
   <trkpt lon="13.898367" lat="46.658824"><ele>514.0</ele></trkpt>
   <trkpt lon="13.898343" lat="46.658827"><ele>514.0</ele></trkpt>
   <trkpt lon="13.898242" lat="46.658840"><ele>514.0</ele></trkpt>
   <trkpt lon="13.898174" lat="46.658850"><ele>514.0</ele></trkpt>
   <trkpt lon="13.897347" lat="46.658961"><ele>514.25</ele></trkpt>
   <trkpt lon="13.897013" lat="46.659007"><ele>514.5</ele></trkpt>
   <trkpt lon="13.896444" lat="46.659055"><ele>514.25</ele></trkpt>
   <trkpt lon="13.896088" lat="46.659056"><ele>513.5</ele></trkpt>
   <trkpt lon="13.895822" lat="46.659049"><ele>512.75</ele></trkpt>
   <trkpt lon="13.895450" lat="46.659006"><ele>512.75</ele></trkpt>
   <trkpt lon="13.895302" lat="46.658980"><ele>512.5</ele></trkpt>
   <trkpt lon="13.895181" lat="46.658957"><ele>512.25</ele></trkpt>
   <trkpt lon="13.895063" lat="46.658929"><ele>511.75</ele></trkpt>
   <trkpt lon="13.894736" lat="46.658839"><ele>512.25</ele></trkpt>
   <trkpt lon="13.894312" lat="46.658695"><ele>512.25</ele></trkpt>
   <trkpt lon="13.893302" lat="46.658366"><ele>511.75</ele></trkpt>
   <trkpt lon="13.892468" lat="46.658098"><ele>511.75</ele></trkpt>
   <trkpt lon="13.892365" lat="46.658065"><ele>512.25</ele></trkpt>
   <trkpt lon="13.892280" lat="46.658034"><ele>512.5</ele></trkpt>
   <trkpt lon="13.892227" lat="46.658017"><ele>512.75</ele></trkpt>
   <trkpt lon="13.891976" lat="46.657936"><ele>513.5</ele></trkpt>
   <trkpt lon="13.887896" lat="46.656611"><ele>504.75</ele></trkpt>
   <trkpt lon="13.887707" lat="46.656546"><ele>504.5</ele></trkpt>
   <trkpt lon="13.885641" lat="46.655879"><ele>503.75</ele></trkpt>
   <trkpt lon="13.884422" lat="46.655479"><ele>503.0</ele></trkpt>
   <trkpt lon="13.883837" lat="46.655281"><ele>503.25</ele></trkpt>
   <trkpt lon="13.883474" lat="46.655133"><ele>503.25</ele></trkpt>
   <trkpt lon="13.883144" lat="46.654980"><ele>503.25</ele></trkpt>
   <trkpt lon="13.882829" lat="46.654808"><ele>504.25</ele></trkpt>
   <trkpt lon="13.882487" lat="46.654598"><ele>505.75</ele></trkpt>
   <trkpt lon="13.882210" lat="46.654402"><ele>506.25</ele></trkpt>
   <trkpt lon="13.881423" lat="46.653795"><ele>505.75</ele></trkpt>
   <trkpt lon="13.881358" lat="46.653745"><ele>506.0</ele></trkpt>
   <trkpt lon="13.881294" lat="46.653692"><ele>506.0</ele></trkpt>
   <trkpt lon="13.881138" lat="46.653573"><ele>506.25</ele></trkpt>
   <trkpt lon="13.878611" lat="46.651607"><ele>505.75</ele></trkpt>
   <trkpt lon="13.877648" lat="46.650867"><ele>505.0</ele></trkpt>
   <trkpt lon="13.876367" lat="46.649866"><ele>510.5</ele></trkpt>
   <trkpt lon="13.876194" lat="46.649736"><ele>511.5</ele></trkpt>
   <trkpt lon="13.874579" lat="46.648481"><ele>506.75</ele></trkpt>
   <trkpt lon="13.874388" lat="46.648324"><ele>505.5</ele></trkpt>
   <trkpt lon="13.874144" lat="46.648102"><ele>505.0</ele></trkpt>
   <trkpt lon="13.873927" lat="46.647877"><ele>505.0</ele></trkpt>
   <trkpt lon="13.873732" lat="46.647622"><ele>505.0</ele></trkpt>
   <trkpt lon="13.873571" lat="46.647372"><ele>505.0</ele></trkpt>
   <trkpt lon="13.873481" lat="46.647197"><ele>505.5</ele></trkpt>
   <trkpt lon="13.873404" lat="46.647024"><ele>506.0</ele></trkpt>
   <trkpt lon="13.873377" lat="46.646949"><ele>506.25</ele></trkpt>
   <trkpt lon="13.873305" lat="46.646713"><ele>506.75</ele></trkpt>
   <trkpt lon="13.873252" lat="46.646437"><ele>506.25</ele></trkpt>
   <trkpt lon="13.873234" lat="46.646007"><ele>505.5</ele></trkpt>
   <trkpt lon="13.873265" lat="46.645725"><ele>505.5</ele></trkpt>
   <trkpt lon="13.873342" lat="46.645397"><ele>506.5</ele></trkpt>
   <trkpt lon="13.873425" lat="46.645183"><ele>507.0</ele></trkpt>
   <trkpt lon="13.873463" lat="46.645107"><ele>507.0</ele></trkpt>
   <trkpt lon="13.873467" lat="46.645098"><ele>507.0</ele></trkpt>
   <trkpt lon="13.873657" lat="46.644708"><ele>508.0</ele></trkpt>
   <trkpt lon="13.873816" lat="46.644441"><ele>508.0</ele></trkpt>
   <trkpt lon="13.874103" lat="46.644034"><ele>507.25</ele></trkpt>
   <trkpt lon="13.874140" lat="46.643982"><ele>507.25</ele></trkpt>
   <trkpt lon="13.874589" lat="46.643353"><ele>508.25</ele></trkpt>
   <trkpt lon="13.874668" lat="46.643223"><ele>508.25</ele></trkpt>
   <trkpt lon="13.874763" lat="46.643041"><ele>508.5</ele></trkpt>
   <trkpt lon="13.874845" lat="46.642903"><ele>508.75</ele></trkpt>
   <trkpt lon="13.875008" lat="46.642683"><ele>509.0</ele></trkpt>
   <trkpt lon="13.876183" lat="46.641038"><ele>504.75</ele></trkpt>
   <trkpt lon="13.876514" lat="46.640576"><ele>503.75</ele></trkpt>
   <trkpt lon="13.876787" lat="46.640102"><ele>504.0</ele></trkpt>
   <trkpt lon="13.876906" lat="46.639770"><ele>505.5</ele></trkpt>
   <trkpt lon="13.877024" lat="46.639344"><ele>506.5</ele></trkpt>
   <trkpt lon="13.877067" lat="46.639244"><ele>506.75</ele></trkpt>
   <trkpt lon="13.877183" lat="46.638972"><ele>506.5</ele></trkpt>
   <trkpt lon="13.877239" lat="46.638809"><ele>506.0</ele></trkpt>
   <trkpt lon="13.877270" lat="46.638680"><ele>505.75</ele></trkpt>
   <trkpt lon="13.877293" lat="46.638491"><ele>505.25</ele></trkpt>
   <trkpt lon="13.877295" lat="46.638468"><ele>505.25</ele></trkpt>
   <trkpt lon="13.877296" lat="46.638435"><ele>505.25</ele></trkpt>
   <trkpt lon="13.877300" lat="46.638339"><ele>505.0</ele></trkpt>
   <trkpt lon="13.877304" lat="46.638192"><ele>504.75</ele></trkpt>
   <trkpt lon="13.877290" lat="46.638031"><ele>504.25</ele></trkpt>
   <trkpt lon="13.877277" lat="46.637878"><ele>504.0</ele></trkpt>
   <trkpt lon="13.877243" lat="46.637651"><ele>503.75</ele></trkpt>
   <trkpt lon="13.877210" lat="46.637514"><ele>503.75</ele></trkpt>
   <trkpt lon="13.877157" lat="46.637345"><ele>503.0</ele></trkpt>
   <trkpt lon="13.877133" lat="46.637279"><ele>502.75</ele></trkpt>
   <trkpt lon="13.876537" lat="46.635703"><ele>496.5</ele></trkpt>
   <trkpt lon="13.876365" lat="46.635270"><ele>497.5</ele></trkpt>
   <trkpt lon="13.876179" lat="46.634915"><ele>498.0</ele></trkpt>
   <trkpt lon="13.876086" lat="46.634742"><ele>499.0</ele></trkpt>
   <trkpt lon="13.876018" lat="46.634614"><ele>500.0</ele></trkpt>
   <trkpt lon="13.875978" lat="46.634537"><ele>500.5</ele></trkpt>
   <trkpt lon="13.875863" lat="46.634281"><ele>502.25</ele></trkpt>
   <trkpt lon="13.875772" lat="46.633926"><ele>504.25</ele></trkpt>
   <trkpt lon="13.875741" lat="46.633697"><ele>505.25</ele></trkpt>
   <trkpt lon="13.875739" lat="46.633480"><ele>505.75</ele></trkpt>
   <trkpt lon="13.875776" lat="46.633067"><ele>505.5</ele></trkpt>
   <trkpt lon="13.875792" lat="46.632867"><ele>505.25</ele></trkpt>
   <trkpt lon="13.875764" lat="46.632465"><ele>506.0</ele></trkpt>
   <trkpt lon="13.875603" lat="46.631760"><ele>508.75</ele></trkpt>
   <trkpt lon="13.875524" lat="46.631261"><ele>510.0</ele></trkpt>
   <trkpt lon="13.875516" lat="46.630847"><ele>509.75</ele></trkpt>
   <trkpt lon="13.875687" lat="46.629884"><ele>507.5</ele></trkpt>
   <trkpt lon="13.875875" lat="46.628976"><ele>505.25</ele></trkpt>
   <trkpt lon="13.875905" lat="46.628504"><ele>508.75</ele></trkpt>
   <trkpt lon="13.875814" lat="46.627923"><ele>512.25</ele></trkpt>
   <trkpt lon="13.875672" lat="46.627492"><ele>515.0</ele></trkpt>
   <trkpt lon="13.875411" lat="46.627051"><ele>513.25</ele></trkpt>
   <trkpt lon="13.875061" lat="46.626637"><ele>510.5</ele></trkpt>
   <trkpt lon="13.874997" lat="46.626571"><ele>510.75</ele></trkpt>
   <trkpt lon="13.874696" lat="46.626263"><ele>511.25</ele></trkpt>
   <trkpt lon="13.873172" lat="46.624743"><ele>501.25</ele></trkpt>
   <trkpt lon="13.872942" lat="46.624509"><ele>498.75</ele></trkpt>
   <trkpt lon="13.871797" lat="46.623364"><ele>492.75</ele></trkpt>
   <trkpt lon="13.871504" lat="46.623086"><ele>493.0</ele></trkpt>
   <trkpt lon="13.871251" lat="46.622869"><ele>493.25</ele></trkpt>
   <trkpt lon="13.871018" lat="46.622690"><ele>493.5</ele></trkpt>
   <trkpt lon="13.870763" lat="46.622512"><ele>493.75</ele></trkpt>
   <trkpt lon="13.870394" lat="46.622289"><ele>494.25</ele></trkpt>
   <trkpt lon="13.870082" lat="46.622129"><ele>494.25</ele></trkpt>
   <trkpt lon="13.869327" lat="46.621784"><ele>494.25</ele></trkpt>
   <trkpt lon="13.868722" lat="46.621522"><ele>494.5</ele></trkpt>
   <trkpt lon="13.868369" lat="46.621384"><ele>494.75</ele></trkpt>
   <trkpt lon="13.868031" lat="46.621276"><ele>494.0</ele></trkpt>
   <trkpt lon="13.867522" lat="46.621159"><ele>493.0</ele></trkpt>
   <trkpt lon="13.865912" lat="46.620827"><ele>493.75</ele></trkpt>
   <trkpt lon="13.864748" lat="46.620588"><ele>495.75</ele></trkpt>
   <trkpt lon="13.863230" lat="46.620278"><ele>494.0</ele></trkpt>
   <trkpt lon="13.862885" lat="46.620214"><ele>494.0</ele></trkpt>
   <trkpt lon="13.862523" lat="46.620160"><ele>494.0</ele></trkpt>
   <trkpt lon="13.862076" lat="46.620108"><ele>493.75</ele></trkpt>
   <trkpt lon="13.861856" lat="46.620083"><ele>493.5</ele></trkpt>
   <trkpt lon="13.861533" lat="46.620058"><ele>493.5</ele></trkpt>
   <trkpt lon="13.860983" lat="46.620056"><ele>494.5</ele></trkpt>
   <trkpt lon="13.860864" lat="46.620048"><ele>494.75</ele></trkpt>
   <trkpt lon="13.860637" lat="46.620028"><ele>495.25</ele></trkpt>
   <trkpt lon="13.860623" lat="46.620027"><ele>495.25</ele></trkpt>
   <trkpt lon="13.860311" lat="46.619990"><ele>495.5</ele></trkpt>
   <trkpt lon="13.859903" lat="46.619929"><ele>496.0</ele></trkpt>
   <trkpt lon="13.856154" lat="46.619546"><ele>498.0</ele></trkpt>
   <trkpt lon="13.856076" lat="46.619539"><ele>498.0</ele></trkpt>
   <trkpt lon="13.855913" lat="46.619520"><ele>498.0</ele></trkpt>
   <trkpt lon="13.855459" lat="46.619439"><ele>497.0</ele></trkpt>
   <trkpt lon="13.855244" lat="46.619407"><ele>496.5</ele></trkpt>
   <trkpt lon="13.855071" lat="46.619390"><ele>496.0</ele></trkpt>
   <trkpt lon="13.854839" lat="46.619357"><ele>496.0</ele></trkpt>
   <trkpt lon="13.854491" lat="46.619295"><ele>496.5</ele></trkpt>
   <trkpt lon="13.854189" lat="46.619256"><ele>497.0</ele></trkpt>
   <trkpt lon="13.853892" lat="46.619226"><ele>497.0</ele></trkpt>
   <trkpt lon="13.853604" lat="46.619196"><ele>497.0</ele></trkpt>
   <trkpt lon="13.852725" lat="46.619107"><ele>496.5</ele></trkpt>
   <trkpt lon="13.852402" lat="46.619074"><ele>496.75</ele></trkpt>
   <trkpt lon="13.852293" lat="46.619063"><ele>497.5</ele></trkpt>
   <trkpt lon="13.848644" lat="46.618671"><ele>499.5</ele></trkpt>
   <trkpt lon="13.848636" lat="46.618670"><ele>499.5</ele></trkpt>
   <trkpt lon="13.848468" lat="46.618652"><ele>499.75</ele></trkpt>
   <trkpt lon="13.846961" lat="46.618489"><ele>499.0</ele></trkpt>
  </trkseg>
 </trk>
</gpx>
